seed,dimension,time,lowerBound,upperBound,termination,LMOcalls,localTighteings,globalTightenings,list_active_set_size_cb,list_discarded_set_size_cb
3,12,252.0,-1.9224027589057648,-5.477642961521325e-16,TIME_LIMIT,50,0,0,27,5
3,12,362.0,-1.9224027589057648,-5.477642961521325e-16,TIME_LIMIT,70,0,0,34,6
3,12,635.0,-1.8944980463054653,-7.274374348210283e-16,TIME_LIMIT,116,0,0,32,11
3,12,984.0,-1.8944980463054653,-0.01061340878744838,TIME_LIMIT,147,0,0,37,22
3,12,1279.0,-1.8920685599715379,-0.024836546211853574,TIME_LIMIT,201,0,0,37,6
3,12,1509.0,-1.8920685599715379,-0.024836546211853574,TIME_LIMIT,229,0,0,43,12
3,12,1971.0,-1.8628480728512116,-0.024836546211853574,TIME_LIMIT,288,0,0,21,6
3,12,2442.0,-1.8628480728512116,-0.024836546211853574,TIME_LIMIT,316,0,0,35,25
3,12,2818.0,-1.8628007635375985,-0.024836546211853574,TIME_LIMIT,367,0,0,11,10
3,12,3065.0,-1.8628007635375985,-0.024836546211853574,TIME_LIMIT,395,0,0,44,21
3,12,3604.0,-1.8598207745602324,-0.05801951630948477,TIME_LIMIT,452,0,0,34,8
3,12,3875.0,-1.8598207745602324,-0.05801951630948477,TIME_LIMIT,488,0,0,41,12
3,12,4130.0,-1.8597196100770559,-0.05801951630948477,TIME_LIMIT,521,0,0,35,7
3,12,4326.0,-1.8597196100770559,-0.05801951630948477,TIME_LIMIT,542,0,0,43,9
3,12,4921.0,-1.8376170498428757,-0.11411879948303101,TIME_LIMIT,603,0,0,23,7
3,12,5339.0,-1.8376170498428757,-0.11411879948303101,TIME_LIMIT,632,0,0,36,28
3,12,5798.0,-1.837008640337198,-0.11411879948303101,TIME_LIMIT,681,0,0,31,17
3,12,6112.0,-1.837008640337198,-0.11411879948303101,TIME_LIMIT,712,0,0,29,17
3,12,6689.0,-1.835781895866522,-0.11411879948303101,TIME_LIMIT,775,0,0,38,17
3,12,7015.0,-1.835781895866522,-0.11411879948303101,TIME_LIMIT,801,0,0,27,10
3,12,7593.0,-1.834352414308016,-0.14698590028709624,TIME_LIMIT,856,0,0,34,16
3,12,7907.0,-1.834352414308016,-0.14698590028709624,TIME_LIMIT,895,0,0,22,9
3,12,8154.0,-1.8321123011020277,-0.14698590028709624,TIME_LIMIT,927,0,0,24,6
3,12,8494.0,-1.8321123011020277,-0.14698590028709624,TIME_LIMIT,961,0,0,41,11
3,12,8830.0,-1.8310465181067506,-0.14698590028709624,TIME_LIMIT,1001,0,0,44,9
3,12,9250.0,-1.8310465181067506,-0.14698590028709624,TIME_LIMIT,1032,0,0,41,25
3,12,9690.0,-1.8273953597797532,-0.14698590028709624,TIME_LIMIT,1081,0,0,16,3
3,12,10234.0,-1.8273953597797532,-0.14698590028709624,TIME_LIMIT,1122,0,0,51,23
3,12,10614.0,-1.826248034194789,-0.14698590028709624,TIME_LIMIT,1183,0,0,42,8
3,12,10969.0,-1.826248034194789,-0.14698590028709624,TIME_LIMIT,1217,0,0,37,14
3,12,11493.0,-1.8144651220436498,-0.14698590028709624,TIME_LIMIT,1274,0,0,20,14
3,12,11856.0,-1.8144651220436498,-0.14698590028709624,TIME_LIMIT,1304,0,0,33,29
3,12,12401.0,-1.8126554962409414,-0.14698590028709624,TIME_LIMIT,1357,0,0,17,14
3,12,12765.0,-1.8126554962409414,-0.14698590028709624,TIME_LIMIT,1397,0,0,46,15
3,12,13152.0,-1.8115519232420136,-0.14698590028709624,TIME_LIMIT,1436,0,0,23,7
3,12,13385.0,-1.8115519232420136,-0.14698590028709624,TIME_LIMIT,1469,0,0,38,10
3,12,13761.0,-1.8111051802644722,-0.14698590028709624,TIME_LIMIT,1507,0,0,17,5
3,12,14196.0,-1.8111051802644722,-0.14698590028709624,TIME_LIMIT,1548,0,0,37,18
3,12,14600.0,-1.810045449491018,-0.14698590028709624,TIME_LIMIT,1593,0,0,42,5
3,12,14962.0,-1.810045449491018,-0.14698590028709624,TIME_LIMIT,1622,0,0,45,19
3,12,15493.0,-1.8098575563850305,-0.14698590028709624,TIME_LIMIT,1677,0,0,30,11
3,12,15694.0,-1.8098575563850305,-0.14698590028709624,TIME_LIMIT,1711,0,0,41,24
3,12,16239.0,-1.8092158328788646,-0.14698590028709624,TIME_LIMIT,1766,0,0,36,10
3,12,16684.0,-1.8092158328788646,-0.14698590028709624,TIME_LIMIT,1808,0,0,47,29
3,12,17213.0,-1.8070331048408972,-0.14698590028709624,TIME_LIMIT,1861,0,0,31,10
3,12,17594.0,-1.8070331048408972,-0.14698590028709624,TIME_LIMIT,1902,0,0,51,20
3,12,17917.0,-1.8058333754894447,-0.14698590028709624,TIME_LIMIT,1940,0,0,45,17
3,12,18304.0,-1.8058333754894447,-0.14698590028709624,TIME_LIMIT,1972,0,0,46,21
3,12,18775.0,-1.8054883973108773,-0.14698590028709624,TIME_LIMIT,2026,0,0,35,5
3,12,19129.0,-1.8054883973108773,-0.14698590028709624,TIME_LIMIT,2057,0,0,46,32
3,12,19556.0,-1.804418453620565,-0.14698590028709624,TIME_LIMIT,2111,0,0,34,15
3,12,20063.0,-1.804418453620565,-0.14698590028709624,TIME_LIMIT,2145,0,0,25,17
3,12,20445.0,-1.8024866771804364,-0.14746003909140162,TIME_LIMIT,2197,0,0,36,6
3,12,20765.0,-1.8024866771804364,-0.14746003909140162,TIME_LIMIT,2224,0,0,35,21
3,12,21294.0,-1.8019044551189969,-0.14746003909140162,TIME_LIMIT,2272,0,0,22,8
3,12,21619.0,-1.8019044551189969,-0.14746003909140162,TIME_LIMIT,2301,0,0,31,13
3,12,22149.0,-1.7994763974702532,-0.14746003909140162,TIME_LIMIT,2358,0,0,30,9
3,12,22495.0,-1.7994763974702532,-0.14746003909140162,TIME_LIMIT,2399,0,0,22,8
3,12,22785.0,-1.7976676954471622,-0.14746003909140162,TIME_LIMIT,2437,0,0,19,8
3,12,23236.0,-1.7976676954471622,-0.14746003909140162,TIME_LIMIT,2476,0,0,41,17
3,12,23766.0,-1.7958272519417253,-0.14746003909140162,TIME_LIMIT,2528,0,0,32,19
3,12,24174.0,-1.7958272519417253,-0.14746003909140162,TIME_LIMIT,2570,0,0,22,13
3,12,24436.0,-1.792636323001398,-0.14746003909140162,TIME_LIMIT,2605,0,0,37,6
3,12,24967.0,-1.792636323001398,-0.14746003909140162,TIME_LIMIT,2640,0,0,34,21
3,12,25426.0,-1.7914703743201852,-0.14746003909140162,TIME_LIMIT,2680,0,0,41,17
3,12,25852.0,-1.7914703743201852,-0.14746003909140162,TIME_LIMIT,2716,0,0,54,25
3,12,26383.0,-1.7910530845939256,-0.14746003909140162,TIME_LIMIT,2772,0,0,22,10
3,12,26737.0,-1.7910530845939256,-0.14746003909140162,TIME_LIMIT,2810,0,0,39,17
3,12,27268.0,-1.7908491410128542,-0.14746003909140162,TIME_LIMIT,2862,0,0,19,8
3,12,27723.0,-1.7908491410128542,-0.14746003909140162,TIME_LIMIT,2903,0,0,35,9
3,12,28182.0,-1.787565090225131,-0.14746003909140162,TIME_LIMIT,2948,0,0,21,5
3,12,28503.0,-1.787565090225131,-0.14746003909140162,TIME_LIMIT,2981,0,0,44,36
3,12,29034.0,-1.7869786341256193,-0.14746003909140162,TIME_LIMIT,3036,0,0,35,12
3,12,29582.0,-1.7869786341256193,-0.14746003909140162,TIME_LIMIT,3072,0,0,32,10
3,12,30000.0,-1.7862991909926165,-0.14746003909140162,TIME_LIMIT,3129,0,0,37,12
3,12,30231.0,-1.7862991909926165,-0.14746003909140162,TIME_LIMIT,3157,0,0,44,14
3,12,30762.0,-1.7856015780820753,-0.14746003909140162,TIME_LIMIT,3212,0,0,31,10
3,12,31090.0,-1.7856015780820753,-0.14746003909140162,TIME_LIMIT,3247,0,0,51,27
3,12,31619.0,-1.7855505023294989,-0.14746003909140162,TIME_LIMIT,3298,0,0,18,17
3,12,32151.0,-1.7855505023294989,-0.14746003909140162,TIME_LIMIT,3329,0,0,19,21
3,12,32679.0,-1.785319328471225,-0.14746003909140162,TIME_LIMIT,3392,0,0,27,10
3,12,33026.0,-1.785319328471225,-0.14746003909140162,TIME_LIMIT,3430,0,0,34,7
3,12,33197.0,-1.7852995989888754,-0.14746003909140162,TIME_LIMIT,3459,0,0,32,6
3,12,33743.0,-1.7852995989888754,-0.14746003909140162,TIME_LIMIT,3499,0,0,34,15
3,12,34074.0,-1.7847237004069167,-0.14746003909140162,TIME_LIMIT,3545,0,0,41,8
3,12,34610.0,-1.7847237004069167,-0.14746003909140162,TIME_LIMIT,3588,0,0,53,47
3,12,35141.0,-1.7843040937128862,-0.14746003909140162,TIME_LIMIT,3648,0,0,35,20
3,12,35675.0,-1.7843040937128862,-0.14746003909140162,TIME_LIMIT,3679,0,0,27,19
3,12,36209.0,-1.784204107330178,-0.14746003909140162,TIME_LIMIT,3741,0,0,15,8
3,12,36432.0,-1.784204107330178,-0.14746003909140162,TIME_LIMIT,3775,0,0,45,24
3,12,36965.0,-1.7840917120491393,-0.14746003909140162,TIME_LIMIT,3828,0,0,30,10
3,12,37263.0,-1.7840917120491393,-0.14746003909140162,TIME_LIMIT,3856,0,0,25,14
3,12,37812.0,-1.7828847448734098,-0.14746003909140162,TIME_LIMIT,3912,0,0,37,9
3,12,38218.0,-1.7828847448734098,-0.14746003909140162,TIME_LIMIT,3952,0,0,36,20
3,12,38752.0,-1.7827255869361924,-0.14746003909140162,TIME_LIMIT,4006,0,0,30,16
3,12,39017.0,-1.7827255869361924,-0.14746003909140162,TIME_LIMIT,4032,0,0,44,16
3,12,39430.0,-1.7812123073437653,-0.14746003909140162,TIME_LIMIT,4091,0,0,27,12
3,12,39779.0,-1.7812123073437653,-0.14746003909140162,TIME_LIMIT,4131,0,0,45,20
3,12,40018.0,-1.7810966213163595,-0.14746003909140162,TIME_LIMIT,4159,0,0,18,12
3,12,40339.0,-1.7810966213163595,-0.14746003909140162,TIME_LIMIT,4189,0,0,50,33
3,12,40875.0,-1.7781899690786442,-0.14746003909140162,TIME_LIMIT,4244,0,0,36,15
3,12,41356.0,-1.7781899690786442,-0.14746003909140162,TIME_LIMIT,4277,0,0,32,21
3,12,41889.0,-1.7781011422634414,-0.14746003909140162,TIME_LIMIT,4328,0,0,19,6
3,12,42232.0,-1.7781011422634414,-0.14746003909140162,TIME_LIMIT,4364,0,0,41,21
3,12,42765.0,-1.7776108019143682,-0.14746003909140162,TIME_LIMIT,4417,0,0,36,6
3,12,43068.0,-1.7776108019143682,-0.14746003909140162,TIME_LIMIT,4448,0,0,33,20
3,12,43601.0,-1.7773352432963816,-0.14746003909140162,TIME_LIMIT,4500,0,0,32,11
3,12,44113.0,-1.7773352432963816,-0.14746003909140162,TIME_LIMIT,4537,0,0,34,28
3,12,44580.0,-1.7770291813687038,-0.14746003909140162,TIME_LIMIT,4578,0,0,32,16
3,12,44880.0,-1.7770291813687038,-0.14746003909140162,TIME_LIMIT,4616,0,0,43,12
3,12,45429.0,-1.775547439564922,-0.14746003909140162,TIME_LIMIT,4664,0,0,33,7
3,12,45962.0,-1.775547439564922,-0.14746003909140162,TIME_LIMIT,4701,0,0,41,17
3,12,46497.0,-1.7739547949359964,-0.14746003909140162,TIME_LIMIT,4757,0,0,29,13
3,12,47030.0,-1.7739547949359964,-0.14746003909140162,TIME_LIMIT,4793,0,0,40,15
3,12,47495.0,-1.7693116317168014,-0.14746003909140162,TIME_LIMIT,4833,0,0,41,8
3,12,47862.0,-1.7693116317168014,-0.14831292485748027,TIME_LIMIT,4867,0,0,40,18
3,12,48396.0,-1.7693109360053862,-0.17171895784215477,TIME_LIMIT,4924,0,0,37,9
3,12,48931.0,-1.7693109360053862,-0.17171895784215477,TIME_LIMIT,4955,0,0,25,21
3,12,49464.0,-1.7689454846772796,-0.17171895784215477,TIME_LIMIT,5011,0,0,14,10
3,12,49990.0,-1.7689454846772796,-0.17171895784215477,TIME_LIMIT,5061,0,0,31,21
3,12,50525.0,-1.7678079161710882,-0.17171895784215477,TIME_LIMIT,5105,0,0,38,27
3,12,51062.0,-1.7678079161710882,-0.17171895784215477,TIME_LIMIT,5148,0,0,40,16
3,12,51597.0,-1.7668455005771726,-0.17171895784215477,TIME_LIMIT,5185,0,0,39,18
3,12,51928.0,-1.7668455005771726,-0.17171895784215477,TIME_LIMIT,5217,0,0,56,24
3,12,52372.0,-1.7664624082951725,-0.17171895784215477,TIME_LIMIT,5269,0,0,18,14
3,12,52906.0,-1.7664624082951725,-0.17171895784215477,TIME_LIMIT,5296,0,0,46,45
3,12,53439.0,-1.7663194204164296,-0.17171895784215477,TIME_LIMIT,5349,0,0,31,14
3,12,53974.0,-1.7663194204164296,-0.17171895784215477,TIME_LIMIT,5393,0,0,19,10
3,12,54525.0,-1.766050132574523,-0.17171895784215477,TIME_LIMIT,5435,0,0,42,20
3,12,55059.0,-1.766050132574523,-0.17171895784215477,TIME_LIMIT,5473,0,0,37,13
3,12,55499.0,-1.7660155199843592,-0.17171895784215477,TIME_LIMIT,5510,0,0,27,5
3,12,56036.0,-1.7660155199843592,-0.17171895784215477,TIME_LIMIT,5542,0,0,36,15
3,12,56573.0,-1.7656275986785768,-0.17171895784215477,TIME_LIMIT,5600,0,0,21,11
3,12,56989.0,-1.7656275986785768,-0.17171895784215477,TIME_LIMIT,5640,0,0,41,12
3,12,57370.0,-1.765231093727565,-0.17171895784215477,TIME_LIMIT,5682,0,0,36,9
3,12,57912.0,-1.765231093727565,-0.17171895784215477,TIME_LIMIT,5719,0,0,34,13
3,12,58462.0,-1.7651632291068216,-0.17171895784215477,TIME_LIMIT,5754,0,0,34,9
3,12,59003.0,-1.7651632291068216,-0.17171895784215477,TIME_LIMIT,5793,0,0,35,12
3,12,59537.0,-1.7643748108822088,-0.17171895784215477,TIME_LIMIT,5838,0,0,41,17
3,12,60064.0,-1.7643748108822088,-0.17171895784215477,TIME_LIMIT,5872,0,0,21,9
3,12,60403.0,-1.763157711933362,-0.6121219107693568,TIME_LIMIT,5905,0,0,33,8
3,12,60871.0,-1.763157711933362,-0.6121219107693568,TIME_LIMIT,5933,0,0,42,22
3,12,61493.0,-1.7630870936632164,-0.6121219107693568,TIME_LIMIT,5981,0,0,25,8
3,12,61941.0,-1.7630870936632164,-0.6121219107693568,TIME_LIMIT,6028,0,0,29,18
3,12,62493.0,-1.7630218029957165,-0.6121219107693568,TIME_LIMIT,6065,0,0,40,13
3,12,63055.0,-1.7630218029957165,-0.6121219107693568,TIME_LIMIT,6095,0,0,45,29
3,12,63624.0,-1.7626238421940092,-0.6121219107693568,TIME_LIMIT,6151,0,0,40,14
3,12,64185.0,-1.7626238421940092,-0.6121219107693568,TIME_LIMIT,6185,0,0,21,12
3,12,64783.0,-1.7623927853501051,-0.6121219107693568,TIME_LIMIT,6238,0,0,34,13
3,12,65382.0,-1.7623927853501051,-0.6121219107693568,TIME_LIMIT,6269,0,0,34,40
3,12,65987.0,-1.761515110407865,-0.6121219107693568,TIME_LIMIT,6328,0,0,38,13
3,12,66630.0,-1.761515110407865,-0.6121219107693568,TIME_LIMIT,6362,0,0,24,17
3,12,67262.0,-1.7610555588532477,-0.6121219107693568,TIME_LIMIT,6412,0,0,21,8
3,12,67876.0,-1.7610555588532477,-0.6121219107693568,TIME_LIMIT,6455,0,0,17,21
3,12,68468.0,-1.7603766055924481,-0.6121219107693568,TIME_LIMIT,6514,0,0,39,11
3,12,69038.0,-1.7603766055924481,-0.6121219107693568,TIME_LIMIT,6545,0,0,39,31
3,12,69645.0,-1.760057673787705,-0.6121219107693568,TIME_LIMIT,6597,0,0,31,9
3,12,70291.0,-1.760057673787705,-0.6121219107693568,TIME_LIMIT,6632,0,0,36,20
3,12,70996.0,-1.7599142876019083,-0.6121219107693568,TIME_LIMIT,6675,0,0,21,8
3,12,71600.0,-1.7599142876019083,-0.6121219107693568,TIME_LIMIT,6706,0,0,51,28
3,12,72355.0,-1.7597136561971272,-0.6121219107693568,TIME_LIMIT,6760,0,0,32,14
3,12,72894.0,-1.7597136561971272,-0.6121219107693568,TIME_LIMIT,6796,0,0,39,18
3,12,73737.0,-1.7594963187879529,-0.6121219107693568,TIME_LIMIT,6847,0,0,31,20
3,12,74543.0,-1.7594963187879529,-0.6121219107693568,TIME_LIMIT,6880,0,0,47,37
3,12,75180.0,-1.7590810206087346,-0.6121219107693568,TIME_LIMIT,6942,0,0,38,16
3,12,76016.0,-1.7590810206087346,-0.6121219107693568,TIME_LIMIT,6983,0,0,25,15
3,12,76755.0,-1.7586602639818931,-0.6121219107693568,TIME_LIMIT,7027,0,0,37,13
3,12,77603.0,-1.7586602639818931,-0.6121219107693568,TIME_LIMIT,7060,0,0,37,19
3,12,78412.0,-1.7585914544117303,-0.6121219107693568,TIME_LIMIT,7113,0,0,25,8
3,12,79197.0,-1.7585914544117303,-0.6121219107693568,TIME_LIMIT,7145,0,0,39,15
3,12,79786.0,-1.7584081979825181,-0.6121219107693568,TIME_LIMIT,7195,0,0,25,11
3,12,80330.0,-1.7584081979825181,-0.6121219107693568,TIME_LIMIT,7229,0,0,37,14
3,12,81183.0,-1.7583796518018089,-0.6121219107693568,TIME_LIMIT,7285,0,0,31,11
3,12,81834.0,-1.7583796518018089,-0.6121219107693568,TIME_LIMIT,7317,0,0,32,12
3,12,82608.0,-1.7582863771080504,-0.6121219107693568,TIME_LIMIT,7371,0,0,35,14
3,12,83379.0,-1.7582863771080504,-0.6121219107693568,TIME_LIMIT,7406,0,0,39,17
3,12,83890.0,-1.7581350044925759,-0.6121219107693568,TIME_LIMIT,7443,0,0,29,19
3,12,84650.0,-1.7581350044925759,-0.6121219107693568,TIME_LIMIT,7475,0,0,32,32
3,12,85400.0,-1.7579641948763867,-0.6121219107693568,TIME_LIMIT,7531,0,0,35,11
3,12,86064.0,-1.7579641948763867,-0.6121219107693568,TIME_LIMIT,7566,0,0,40,20
3,12,86622.0,-1.7562291531762177,-0.6121219107693568,TIME_LIMIT,7610,0,0,41,12
3,12,87273.0,-1.7562291531762177,-0.6121219107693568,TIME_LIMIT,7646,0,0,37,24
3,12,87884.0,-1.7560210595526808,-0.6121219107693568,TIME_LIMIT,7705,0,0,20,14
3,12,88457.0,-1.7560210595526808,-0.6121219107693568,TIME_LIMIT,7748,0,0,38,13
3,12,89060.0,-1.7560022207603103,-0.6121219107693568,TIME_LIMIT,7783,0,0,20,4
3,12,89384.0,-1.7560022207603103,-0.6121219107693568,TIME_LIMIT,7820,0,0,49,15
3,12,89943.0,-1.75599916032899,-0.6121219107693568,TIME_LIMIT,7878,0,0,33,14
3,12,90452.0,-1.75599916032899,-0.6121219107693568,TIME_LIMIT,7910,0,0,32,22
3,12,90994.0,-1.755122516574499,-0.6121219107693568,TIME_LIMIT,7956,0,0,28,14
3,12,91523.0,-1.755122516574499,-0.6121219107693568,TIME_LIMIT,7998,0,0,42,24
3,12,92038.0,-1.7550539893262076,-0.6121219107693568,TIME_LIMIT,8052,0,0,34,17
3,12,92463.0,-1.7550539893262076,-0.6121219107693568,TIME_LIMIT,8091,0,0,56,43
3,12,92976.0,-1.7542587671683674,-0.6121219107693568,TIME_LIMIT,8147,0,0,27,14
3,12,93388.0,-1.7542587671683674,-0.6121219107693568,TIME_LIMIT,8189,0,0,45,19
3,12,93895.0,-1.7541650386107286,-0.6121219107693568,TIME_LIMIT,8248,0,0,19,8
3,12,94165.0,-1.7541650386107286,-0.6121219107693568,TIME_LIMIT,8275,0,0,18,15
3,12,94696.0,-1.753646131128789,-0.6121219107693568,TIME_LIMIT,8321,0,0,20,2
3,12,95187.0,-1.753646131128789,-0.6121219107693568,TIME_LIMIT,8358,0,0,18,30
3,12,95679.0,-1.7532302201297372,-0.6121219107693568,TIME_LIMIT,8401,0,0,43,29
3,12,96213.0,-1.7532302201297372,-0.6121219107693568,TIME_LIMIT,8432,0,0,44,31
3,12,96906.0,-1.753193903665173,-0.6121219107693568,TIME_LIMIT,8476,0,0,27,8
3,12,97403.0,-1.753193903665173,-0.6121219107693568,TIME_LIMIT,8504,0,0,22,6
3,12,97753.0,-1.7529274332289715,-0.6121219107693568,TIME_LIMIT,8554,0,0,29,7
3,12,98311.0,-1.7529274332289715,-0.6121219107693568,TIME_LIMIT,8585,0,0,36,31
3,12,98958.0,-1.751583364686427,-0.6121219107693568,TIME_LIMIT,8624,0,0,36,8
3,12,99504.0,-1.751583364686427,-0.6121219107693568,TIME_LIMIT,8659,0,0,37,24
3,12,100102.0,-1.7514496728311106,-0.6121219107693568,TIME_LIMIT,8713,0,0,33,24
3,12,100749.0,-1.7514496728311106,-0.6121219107693568,TIME_LIMIT,8745,0,0,53,42
3,12,101307.0,-1.7513034056097163,-0.6121219107693568,TIME_LIMIT,8800,0,0,37,7
3,12,101971.0,-1.7513034056097163,-0.6121219107693568,TIME_LIMIT,8832,0,0,31,30
3,12,102528.0,-1.751079232026194,-0.6121219107693568,TIME_LIMIT,8885,0,0,32,9
3,12,103015.0,-1.751079232026194,-0.6121219107693568,TIME_LIMIT,8914,0,0,45,13
3,12,103589.0,-1.7509723279831768,-0.6121219107693568,TIME_LIMIT,8963,0,0,17,4
3,12,104282.0,-1.7509723279831768,-0.6121219107693568,TIME_LIMIT,8990,0,0,27,10
3,12,104835.0,-1.7507875944325746,-0.6121219107693568,TIME_LIMIT,9046,0,0,35,13
3,12,105447.0,-1.7507875944325746,-0.6121219107693568,TIME_LIMIT,9078,0,0,48,25
3,12,106051.0,-1.7503093426389789,-0.6121219107693568,TIME_LIMIT,9127,0,0,31,13
3,12,106708.0,-1.7503093426389789,-0.6121219107693568,TIME_LIMIT,9158,0,0,22,21
3,12,107311.0,-1.749811328096845,-0.6121219107693568,TIME_LIMIT,9212,0,0,34,12
3,12,107891.0,-1.749811328096845,-0.6121219107693568,TIME_LIMIT,9240,0,0,37,14
3,12,108468.0,-1.7497139180053014,-0.6121219107693568,TIME_LIMIT,9290,0,0,33,6
3,12,109096.0,-1.7497139180053014,-0.6121219107693568,TIME_LIMIT,9323,0,0,31,13
3,12,109875.0,-1.7490525697574064,-0.6121219107693568,TIME_LIMIT,9361,0,0,26,3
3,12,110647.0,-1.7490525697574064,-0.6121219107693568,TIME_LIMIT,9392,0,0,32,12
3,12,111354.0,-1.7478259410877035,-0.6121219107693568,TIME_LIMIT,9444,0,0,33,19
3,12,112023.0,-1.7478259410877035,-0.6121219107693568,TIME_LIMIT,9475,0,0,36,55
3,12,112643.0,-1.7477113090693253,-0.6121219107693568,TIME_LIMIT,9534,0,0,36,11
3,12,113045.0,-1.7477113090693253,-0.6121219107693568,TIME_LIMIT,9573,0,0,40,17
3,12,113580.0,-1.7476667624467612,-0.6121219107693568,TIME_LIMIT,9632,0,0,38,13
3,12,113982.0,-1.7476667624467612,-0.6121219107693568,TIME_LIMIT,9675,0,0,46,30
3,12,114711.0,-1.7474763946962766,-0.6121219107693568,TIME_LIMIT,9725,0,0,26,23
3,12,115314.0,-1.7474763946962766,-0.6121219107693568,TIME_LIMIT,9750,0,0,53,18
3,12,115910.0,-1.7468944729401918,-0.6121219107693568,TIME_LIMIT,9803,0,0,37,12
3,12,116527.0,-1.7468944729401918,-0.6121219107693568,TIME_LIMIT,9841,0,0,38,25
3,12,117172.0,-1.7458581395159023,-0.6121219107693568,TIME_LIMIT,9882,0,0,16,13
3,12,117845.0,-1.7458581395159023,-0.6121219107693568,TIME_LIMIT,9930,0,0,39,18
3,12,118427.0,-1.7456192644320465,-0.6121219107693568,TIME_LIMIT,9971,0,0,35,6
3,12,119071.0,-1.7456192644320465,-0.6121219107693568,TIME_LIMIT,10008,0,0,25,12
3,12,119770.0,-1.7454563734366602,-0.6121219107693568,TIME_LIMIT,10056,0,0,18,12
3,12,120364.0,-1.7454563734366602,-0.6121219107693568,TIME_LIMIT,10089,0,0,24,20
3,12,121132.0,-1.7443201266115476,-0.6121219107693568,TIME_LIMIT,10146,0,0,30,14
3,12,121698.0,-1.7443201266115476,-0.6121219107693568,TIME_LIMIT,10179,0,0,35,23
3,12,122334.0,-1.7440485230347498,-0.6121219107693568,TIME_LIMIT,10232,0,0,32,15
3,12,123089.0,-1.7440485230347498,-0.6121219107693568,TIME_LIMIT,10266,0,0,35,10
3,12,123645.0,-1.7439366691682636,-0.6121219107693568,TIME_LIMIT,10305,0,0,21,13
3,12,124202.0,-1.7439366691682636,-0.6121219107693568,TIME_LIMIT,10336,0,0,36,33
3,12,124942.0,-1.7429983810679812,-0.6121219107693568,TIME_LIMIT,10388,0,0,31,8
3,12,125564.0,-1.7429983810679812,-0.6121219107693568,TIME_LIMIT,10426,0,0,44,23
3,12,126050.0,-1.7428705871241397,-0.6121219107693568,TIME_LIMIT,10478,0,0,19,11
3,12,126531.0,-1.7428705871241397,-0.6121219107693568,TIME_LIMIT,10514,0,0,27,9
3,12,127080.0,-1.7426651157192217,-0.6121219107693568,TIME_LIMIT,10569,0,0,37,26
3,12,127863.0,-1.7426651157192217,-0.6121219107693568,TIME_LIMIT,10607,0,0,22,15
3,12,128455.0,-1.742433952072561,-0.6121219107693568,TIME_LIMIT,10650,0,0,36,11
3,12,129013.0,-1.742433952072561,-0.6121219107693568,TIME_LIMIT,10683,0,0,58,41
3,12,129738.0,-1.7424035348436735,-0.6121219107693568,TIME_LIMIT,10732,0,0,26,6
3,12,130445.0,-1.7424035348436735,-0.6121219107693568,TIME_LIMIT,10776,0,0,40,15
3,12,130997.0,-1.7421398434979767,-0.6121219107693568,TIME_LIMIT,10814,0,0,31,15
3,12,131624.0,-1.7421398434979767,-0.6121219107693568,TIME_LIMIT,10845,0,0,18,19
3,12,132282.0,-1.7415756852235877,-0.6121219107693568,TIME_LIMIT,10892,0,0,30,13
3,12,132773.0,-1.7415756852235877,-0.6121219107693568,TIME_LIMIT,10931,0,0,38,28
3,12,133495.0,-1.7414365824027587,-0.6121219107693568,TIME_LIMIT,10967,0,0,38,18
3,12,134157.0,-1.7414365824027587,-0.6121219107693568,TIME_LIMIT,11013,0,0,42,27
3,12,134769.0,-1.741390411436605,-0.6121219107693568,TIME_LIMIT,11055,0,0,41,16
3,12,135336.0,-1.741390411436605,-0.6121219107693568,TIME_LIMIT,11085,0,0,36,30
3,12,136067.0,-1.7412196532020678,-0.6121219107693568,TIME_LIMIT,11140,0,0,35,11
3,12,136766.0,-1.7412196532020678,-0.6121219107693568,TIME_LIMIT,11180,0,0,33,30
3,12,137339.0,-1.7410858690232405,-0.6121219107693568,TIME_LIMIT,11225,0,0,39,20
3,12,137740.0,-1.7410858690232405,-0.6121219107693568,TIME_LIMIT,11256,0,0,41,26
3,12,138478.0,-1.7403797684340911,-0.6121219107693568,TIME_LIMIT,11309,0,0,19,8
3,12,139001.0,-1.7403797684340911,-0.6121219107693568,TIME_LIMIT,11352,0,0,39,19
3,12,139689.0,-1.7402131201330648,-0.6121219107693568,TIME_LIMIT,11392,0,0,37,17
3,12,140421.0,-1.7402131201330648,-0.6121219107693568,TIME_LIMIT,11426,0,0,36,41
3,12,141035.0,-1.7402009700470056,-0.6121219107693568,TIME_LIMIT,11462,0,0,37,31
3,12,141564.0,-1.7402009700470056,-0.6121219107693568,TIME_LIMIT,11493,0,0,31,19
3,12,142227.0,-1.7401068356169425,-0.6121219107693568,TIME_LIMIT,11552,0,0,24,6
3,12,142958.0,-1.7401068356169425,-0.6121219107693568,TIME_LIMIT,11584,0,0,50,23
3,12,143537.0,-1.7396571074043496,-0.6121219107693568,TIME_LIMIT,11643,0,0,32,12
3,12,144024.0,-1.7396571074043496,-0.6121219107693568,TIME_LIMIT,11687,0,0,27,9
3,12,144670.0,-1.7393888334120546,-0.6121219107693568,TIME_LIMIT,11742,0,0,31,14
3,12,145329.0,-1.7393888334120546,-0.6121219107693568,TIME_LIMIT,11784,0,0,40,19
3,12,145876.0,-1.7390981475940144,-0.6121219107693568,TIME_LIMIT,11825,0,0,24,11
3,12,146549.0,-1.7390981475940144,-0.6121219107693568,TIME_LIMIT,11859,0,0,23,21
3,12,147345.0,-1.7389181428739435,-0.6121219107693568,TIME_LIMIT,11904,0,0,19,4
3,12,147983.0,-1.7389181428739435,-0.6121219107693568,TIME_LIMIT,11931,0,0,25,21
3,12,148495.0,-1.7386419496929981,-0.6121219107693568,TIME_LIMIT,11991,0,0,33,18
3,12,149194.0,-1.7386419496929981,-0.6121219107693568,TIME_LIMIT,12033,0,0,24,18
3,12,149960.0,-1.7382404368182824,-0.6121219107693568,TIME_LIMIT,12091,0,0,23,8
3,12,150595.0,-1.7382404368182824,-0.6121219107693568,TIME_LIMIT,12119,0,0,38,33
3,12,151133.0,-1.7381621433509622,-0.6121219107693568,TIME_LIMIT,12173,0,0,33,11
3,12,151784.0,-1.7381621433509622,-0.6121219107693568,TIME_LIMIT,12211,0,0,39,12
3,12,152471.0,-1.737941987019476,-0.6121219107693568,TIME_LIMIT,12248,0,0,36,16
3,12,153092.0,-1.737941987019476,-0.6121219107693568,TIME_LIMIT,12278,0,0,40,28
3,12,153649.0,-1.737776174158864,-0.6121219107693568,TIME_LIMIT,12327,0,0,19,14
3,12,154190.0,-1.737776174158864,-0.6121219107693568,TIME_LIMIT,12364,0,0,21,17
3,12,155001.0,-1.7375755059153395,-0.6121219107693568,TIME_LIMIT,12418,0,0,34,9
3,12,155693.0,-1.7375755059153395,-0.6121219107693568,TIME_LIMIT,12455,0,0,40,22
3,12,156280.0,-1.737247073183877,-0.6121219107693568,TIME_LIMIT,12510,0,0,24,4
3,12,156790.0,-1.737247073183877,-0.6121219107693568,TIME_LIMIT,12549,0,0,25,12
3,12,157282.0,-1.7372120647168328,-0.6121219107693568,TIME_LIMIT,12591,0,0,16,6
3,12,157770.0,-1.7372120647168328,-0.6121219107693568,TIME_LIMIT,12625,0,0,32,17
3,12,158259.0,-1.7368528149059954,-0.6121219107693568,TIME_LIMIT,12682,0,0,33,12
3,12,158734.0,-1.7368528149059954,-0.6121219107693568,TIME_LIMIT,12714,0,0,33,20
3,12,159237.0,-1.7368426535379917,-0.6121219107693568,TIME_LIMIT,12772,0,0,25,10
3,12,159622.0,-1.7368426535379917,-0.6121219107693568,TIME_LIMIT,12810,0,0,28,25
3,12,160103.0,-1.7364233747076623,-0.6121219107693568,TIME_LIMIT,12859,0,0,31,14
3,12,160585.0,-1.7364233747076623,-0.6121219107693568,TIME_LIMIT,12888,0,0,44,19
3,12,161083.0,-1.7360668916753823,-0.6121219107693568,TIME_LIMIT,12945,0,0,33,11
3,12,161557.0,-1.7360668916753823,-0.6121219107693568,TIME_LIMIT,12984,0,0,18,17
3,12,162028.0,-1.735650596306565,-0.6121219107693568,TIME_LIMIT,13025,0,0,26,13
3,12,162502.0,-1.735650596306565,-0.6121219107693568,TIME_LIMIT,13055,0,0,40,28
3,12,163003.0,-1.735636132928604,-0.6121219107693568,TIME_LIMIT,13111,0,0,38,8
3,12,163474.0,-1.735636132928604,-0.6121219107693568,TIME_LIMIT,13153,0,0,37,24
3,12,163956.0,-1.7354025546360576,-0.6121219107693568,TIME_LIMIT,13189,0,0,34,12
3,12,164433.0,-1.7354025546360576,-0.6121219107693568,TIME_LIMIT,13235,0,0,46,8
3,12,164941.0,-1.7352952586332666,-0.6121219107693568,TIME_LIMIT,13273,0,0,24,10
3,12,165456.0,-1.7352952586332666,-0.6121219107693568,TIME_LIMIT,13314,0,0,50,26
3,12,165952.0,-1.7344475292591401,-0.6121219107693568,TIME_LIMIT,13370,0,0,30,13
3,12,166410.0,-1.7344475292591401,-0.6121219107693568,TIME_LIMIT,13405,0,0,41,22
3,12,166907.0,-1.7337946496791319,-0.6121219107693568,TIME_LIMIT,13453,0,0,30,11
3,12,167175.0,-1.7337946496791319,-0.6121219107693568,TIME_LIMIT,13493,0,0,47,11
3,12,167690.0,-1.7337846212241943,-0.6121219107693568,TIME_LIMIT,13537,0,0,41,11
3,12,168182.0,-1.7337846212241943,-0.6121219107693568,TIME_LIMIT,13571,0,0,45,35
3,12,168652.0,-1.7337145142465933,-0.6121219107693568,TIME_LIMIT,13629,0,0,33,18
3,12,169169.0,-1.7337145142465933,-0.6121219107693568,TIME_LIMIT,13661,0,0,38,14
3,12,169703.0,-1.7329888018770514,-0.6121219107693568,TIME_LIMIT,13714,0,0,33,11
3,12,170174.0,-1.7329888018770514,-0.6121219107693568,TIME_LIMIT,13739,0,0,55,36
3,12,170654.0,-1.7327870103800502,-0.6121219107693568,TIME_LIMIT,13795,0,0,37,21
3,12,171132.0,-1.7327870103800502,-0.6121219107693568,TIME_LIMIT,13829,0,0,48,17
3,12,171630.0,-1.7324531907947252,-0.6121219107693568,TIME_LIMIT,13891,0,0,26,17
3,12,172098.0,-1.7324531907947252,-0.6121219107693568,TIME_LIMIT,13922,0,0,39,23
3,12,172584.0,-1.7322314040119782,-0.6121219107693568,TIME_LIMIT,13977,0,0,33,19
3,12,173062.0,-1.7322314040119782,-0.6121219107693568,TIME_LIMIT,14009,0,0,28,41
3,12,173550.0,-1.7320478889495563,-0.6121219107693568,TIME_LIMIT,14060,0,0,23,9
3,12,174023.0,-1.7320478889495563,-0.6121219107693568,TIME_LIMIT,14095,0,0,39,22
3,12,174531.0,-1.7319057904831312,-0.6121219107693568,TIME_LIMIT,14149,0,0,28,12
3,12,174907.0,-1.7319057904831312,-0.6121219107693568,TIME_LIMIT,14190,0,0,46,18
3,12,175391.0,-1.7318705795292946,-0.6121219107693568,TIME_LIMIT,14245,0,0,28,17
3,12,175975.0,-1.7318705795292946,-0.6121219107693568,TIME_LIMIT,14277,0,0,47,16
3,12,176763.0,-1.7311019681461284,-0.6121219107693568,TIME_LIMIT,14331,0,0,24,4
3,12,177485.0,-1.7311019681461284,-0.6121219107693568,TIME_LIMIT,14368,0,0,46,56
3,12,178220.0,-1.7307118799523384,-0.6121219107693568,TIME_LIMIT,14426,0,0,23,14
3,12,178904.0,-1.7307118799523384,-0.6121219107693568,TIME_LIMIT,14467,0,0,41,31
3,12,179613.0,-1.7306770163252285,-0.6121219107693568,TIME_LIMIT,14502,0,0,18,10
3,12,180310.0,-1.7306770163252285,-0.6121219107693568,TIME_LIMIT,14535,0,0,42,23
3,12,181001.0,-1.7305994061474606,-0.6121219107693568,TIME_LIMIT,14587,0,0,27,13
3,12,181642.0,-1.7305994061474606,-0.6121219107693568,TIME_LIMIT,14623,0,0,43,31
3,12,182246.0,-1.7304796900405492,-0.6121219107693568,TIME_LIMIT,14680,0,0,35,24
3,12,182895.0,-1.7304796900405492,-0.6121219107693568,TIME_LIMIT,14716,0,0,46,44
3,12,183537.0,-1.7304200346678655,-0.6121219107693568,TIME_LIMIT,14769,0,0,33,18
3,12,184089.0,-1.7304200346678655,-0.6121219107693568,TIME_LIMIT,14809,0,0,56,13
3,12,184692.0,-1.7290530506652477,-0.6121219107693568,TIME_LIMIT,14862,0,0,33,9
3,12,185268.0,-1.7290530506652477,-0.6121219107693568,TIME_LIMIT,14900,0,0,48,32
3,12,185818.0,-1.7288873745798825,-0.6121219107693568,TIME_LIMIT,14955,0,0,33,22
3,12,186299.0,-1.7288873745798825,-0.6121219107693568,TIME_LIMIT,14991,0,0,45,24
3,12,186833.0,-1.7288588955566975,-0.6121219107693568,TIME_LIMIT,15048,0,0,34,14
3,12,187538.0,-1.7288588955566975,-0.6121219107693568,TIME_LIMIT,15086,0,0,20,17
3,12,188130.0,-1.7287808671548366,-0.6121219107693568,TIME_LIMIT,15129,0,0,20,6
3,12,188653.0,-1.7287808671548366,-0.6121219107693568,TIME_LIMIT,15168,0,0,45,20
3,12,189212.0,-1.7287474279574546,-0.6121219107693568,TIME_LIMIT,15222,0,0,32,15
3,12,189822.0,-1.7287474279574546,-0.6121219107693568,TIME_LIMIT,15259,0,0,30,12
3,12,190331.0,-1.7284991655679653,-0.6121219107693568,TIME_LIMIT,15303,0,0,42,6
3,12,190987.0,-1.7284991655679653,-0.6121219107693568,TIME_LIMIT,15340,0,0,48,39
3,12,191611.0,-1.7283214799912319,-0.6121219107693568,TIME_LIMIT,15396,0,0,35,22
3,12,192171.0,-1.7283214799912319,-0.6121219107693568,TIME_LIMIT,15437,0,0,41,31
3,12,192802.0,-1.7280975091000736,-0.6121219107693568,TIME_LIMIT,15494,0,0,29,15
3,12,193387.0,-1.7280975091000736,-0.6121219107693568,TIME_LIMIT,15538,0,0,41,22
3,12,194134.0,-1.728072601206435,-0.6121219107693568,TIME_LIMIT,15574,0,0,35,26
3,12,194771.0,-1.728072601206435,-0.6121219107693568,TIME_LIMIT,15603,0,0,36,30
3,12,195290.0,-1.7279659240208622,-0.6121219107693568,TIME_LIMIT,15666,0,0,34,16
3,12,195856.0,-1.7279659240208622,-0.6121219107693568,TIME_LIMIT,15700,0,0,44,21
3,12,196488.0,-1.7278663849080576,-0.6121219107693568,TIME_LIMIT,15769,0,0,42,17
3,12,197096.0,-1.7278663849080576,-0.6121219107693568,TIME_LIMIT,15803,0,0,31,10
3,12,197420.0,-1.7278662281437882,-0.6121219107693568,TIME_LIMIT,15837,0,0,28,10
3,12,197975.0,-1.7278662281437882,-0.6121219107693568,TIME_LIMIT,15867,0,0,36,22
3,12,198700.0,-1.727647838098036,-0.6121219107693568,TIME_LIMIT,15925,0,0,20,9
3,12,199359.0,-1.727647838098036,-0.6121219107693568,TIME_LIMIT,15956,0,0,45,21
3,12,199889.0,-1.7274983995434434,-0.6121219107693568,TIME_LIMIT,16007,0,0,18,13
3,12,200624.0,-1.7274983995434434,-0.6121219107693568,TIME_LIMIT,16037,0,0,38,22
3,12,201431.0,-1.7273217745796183,-0.6121219107693568,TIME_LIMIT,16100,0,0,37,4
3,12,202183.0,-1.7273217745796183,-0.6121219107693568,TIME_LIMIT,16137,0,0,43,33
3,12,202869.0,-1.7272581906764122,-0.6121219107693568,TIME_LIMIT,16190,0,0,27,14
3,12,203443.0,-1.7272581906764122,-0.6121219107693568,TIME_LIMIT,16231,0,0,39,21
3,12,204104.0,-1.727217296906641,-0.6121219107693568,TIME_LIMIT,16271,0,0,23,18
3,12,204653.0,-1.727217296906641,-0.6121219107693568,TIME_LIMIT,16306,0,0,23,33
3,12,205185.0,-1.7267921568869873,-0.6121219107693568,TIME_LIMIT,16353,0,0,28,13
3,12,205731.0,-1.7267921568869873,-0.6121219107693568,TIME_LIMIT,16385,0,0,48,40
3,12,206450.0,-1.7266975790182721,-0.6121219107693568,TIME_LIMIT,16437,0,0,33,12
3,12,207186.0,-1.7266975790182721,-0.6121219107693568,TIME_LIMIT,16472,0,0,35,20
3,12,207857.0,-1.7265935441690787,-0.6121219107693568,TIME_LIMIT,16514,0,0,44,12
3,12,208558.0,-1.7265935441690787,-0.6121219107693568,TIME_LIMIT,16541,0,0,20,21
3,12,209218.0,-1.7265349439200264,-0.6121219107693568,TIME_LIMIT,16598,0,0,35,12
3,12,209753.0,-1.7265349439200264,-0.6121219107693568,TIME_LIMIT,16625,0,0,25,16
3,12,210352.0,-1.7264644201051333,-0.6121219107693568,TIME_LIMIT,16677,0,0,28,13
3,12,211108.0,-1.7264644201051333,-0.6121219107693568,TIME_LIMIT,16709,0,0,33,18
3,12,211820.0,-1.726453150732096,-0.6121219107693568,TIME_LIMIT,16763,0,0,29,11
3,12,212516.0,-1.726453150732096,-0.6121219107693568,TIME_LIMIT,16794,0,0,25,17
3,12,213139.0,-1.7261005456369547,-0.6121219107693568,TIME_LIMIT,16846,0,0,35,6
3,12,213676.0,-1.7261005456369547,-0.6121219107693568,TIME_LIMIT,16885,0,0,20,19
3,12,214261.0,-1.7260268233782767,-0.6121219107693568,TIME_LIMIT,16941,0,0,35,8
3,12,215057.0,-1.7260268233782767,-0.6121219107693568,TIME_LIMIT,16979,0,0,33,20
3,12,215837.0,-1.7257961820386103,-0.6121219107693568,TIME_LIMIT,17016,0,0,18,10
3,12,216268.0,-1.7257961820386103,-0.6121219107693568,TIME_LIMIT,17047,0,0,29,17
3,12,217031.0,-1.7256208902522177,-0.6121219107693568,TIME_LIMIT,17094,0,0,29,13
3,12,217727.0,-1.7256208902522177,-0.6121219107693568,TIME_LIMIT,17131,0,0,42,29
3,12,218382.0,-1.725449205352382,-0.6121219107693568,TIME_LIMIT,17189,0,0,39,19
3,12,219040.0,-1.725449205352382,-0.6121219107693568,TIME_LIMIT,17228,0,0,32,21
3,12,219442.0,-1.725141254934974,-0.6121219107693568,TIME_LIMIT,17263,0,0,43,25
3,12,219935.0,-1.725141254934974,-0.6121219107693568,TIME_LIMIT,17292,0,0,42,37
3,12,220578.0,-1.7249773848711587,-0.6121219107693568,TIME_LIMIT,17341,0,0,31,14
3,12,221302.0,-1.7249773848711587,-0.6121219107693568,TIME_LIMIT,17371,0,0,42,28
3,12,222121.0,-1.7245842935398228,-0.6121219107693568,TIME_LIMIT,17429,0,0,39,13
3,12,222873.0,-1.7245842935398228,-0.6121219107693568,TIME_LIMIT,17460,0,0,31,19
3,12,223639.0,-1.724498440218619,-0.6121219107693568,TIME_LIMIT,17513,0,0,18,10
3,12,224366.0,-1.724498440218619,-0.6121219107693568,TIME_LIMIT,17549,0,0,46,22
3,12,225023.0,-1.724395554520969,-0.6121219107693568,TIME_LIMIT,17604,0,0,15,5
3,12,225514.0,-1.724395554520969,-0.6121219107693568,TIME_LIMIT,17635,0,0,42,23
3,12,226022.0,-1.724294086626573,-0.6121219107693568,TIME_LIMIT,17697,0,0,35,18
3,12,226748.0,-1.724294086626573,-0.6121219107693568,TIME_LIMIT,17733,0,0,46,28
3,12,227537.0,-1.7241647442729342,-0.6121219107693568,TIME_LIMIT,17783,0,0,35,7
3,12,228137.0,-1.7241647442729342,-0.6121219107693568,TIME_LIMIT,17815,0,0,45,20
3,12,228943.0,-1.724048439707115,-0.6121219107693568,TIME_LIMIT,17863,0,0,17,6
3,12,229627.0,-1.724048439707115,-0.6121219107693568,TIME_LIMIT,17894,0,0,45,27
3,12,230313.0,-1.7240180052607246,-0.6121219107693568,TIME_LIMIT,17951,0,0,24,11
3,12,230813.0,-1.7240180052607246,-0.6121219107693568,TIME_LIMIT,17989,0,0,41,25
3,12,231393.0,-1.7240115348462333,-0.6121219107693568,TIME_LIMIT,18043,0,0,21,10
3,12,231911.0,-1.7240115348462333,-0.6121219107693568,TIME_LIMIT,18079,0,0,38,27
3,12,232462.0,-1.7238974616956146,-0.6121219107693568,TIME_LIMIT,18139,0,0,37,13
3,12,233246.0,-1.7238974616956146,-0.6121219107693568,TIME_LIMIT,18172,0,0,34,14
3,12,234052.0,-1.723838117831872,-0.6121219107693568,TIME_LIMIT,18219,0,0,30,14
3,12,234795.0,-1.723838117831872,-0.6121219107693568,TIME_LIMIT,18250,0,0,35,18
3,12,235549.0,-1.7237425392931114,-0.6121219107693568,TIME_LIMIT,18293,0,0,39,13
3,12,236237.0,-1.7237425392931114,-0.6121219107693568,TIME_LIMIT,18328,0,0,43,37
3,12,236894.0,-1.7235957276204317,-0.6121219107693568,TIME_LIMIT,18371,0,0,29,20
3,12,237460.0,-1.7235957276204317,-0.6121219107693568,TIME_LIMIT,18403,0,0,39,27
3,12,237996.0,-1.7235386093539016,-0.6121219107693568,TIME_LIMIT,18451,0,0,29,13
3,12,238440.0,-1.7235386093539016,-0.6121219107693568,TIME_LIMIT,18491,0,0,48,23
3,12,239000.0,-1.7230605367314014,-0.6121219107693568,TIME_LIMIT,18538,0,0,31,9
3,12,239740.0,-1.7230605367314014,-0.6121219107693568,TIME_LIMIT,18571,0,0,26,20
3,12,240478.0,-1.7229965897965314,-0.6121219107693568,TIME_LIMIT,18621,0,0,22,9
3,12,241232.0,-1.7229965897965314,-0.6121219107693568,TIME_LIMIT,18664,0,0,44,19
3,12,241925.0,-1.722875497932913,-0.6121219107693568,TIME_LIMIT,18706,0,0,39,18
3,12,242619.0,-1.722875497932913,-0.6121219107693568,TIME_LIMIT,18744,0,0,47,28
3,12,243231.0,-1.7228734699010284,-0.6121219107693568,TIME_LIMIT,18800,0,0,38,17
3,12,243781.0,-1.7228734699010284,-0.6121219107693568,TIME_LIMIT,18840,0,0,35,14
3,12,244033.0,-1.7227013334846506,-0.6121219107693568,TIME_LIMIT,18876,0,0,36,8
3,12,244510.0,-1.7227013334846506,-0.6121219107693568,TIME_LIMIT,18921,0,0,39,23
3,12,244999.0,-1.7223821959104462,-0.7399802608791516,TIME_LIMIT,18958,0,0,22,8
3,12,245477.0,-1.7223821959104462,-0.7399802608791516,TIME_LIMIT,18989,0,0,44,33
3,12,245953.0,-1.7223455319873067,-0.7399802608791516,TIME_LIMIT,19041,0,0,32,20
3,12,246445.0,-1.7223455319873067,-0.7399802608791516,TIME_LIMIT,19079,0,0,43,22
3,12,246924.0,-1.722220648288633,-0.7399802608791516,TIME_LIMIT,19126,0,0,28,9
3,12,247423.0,-1.722220648288633,-0.7399802608791516,TIME_LIMIT,19164,0,0,47,21
3,12,247924.0,-1.7219419830818095,-0.7399802608791516,TIME_LIMIT,19218,0,0,32,12
3,12,248412.0,-1.7219419830818095,-0.7399802608791516,TIME_LIMIT,19260,0,0,43,32
3,12,248891.0,-1.7217214099815636,-0.7399802608791516,TIME_LIMIT,19302,0,0,20,9
3,12,249323.0,-1.7217214099815636,-0.7399802608791516,TIME_LIMIT,19336,0,0,29,18
3,12,249816.0,-1.721701097327702,-0.7399802608791516,TIME_LIMIT,19392,0,0,28,5
3,12,250285.0,-1.721701097327702,-0.7399802608791516,TIME_LIMIT,19426,0,0,30,19
3,12,250782.0,-1.7214366513717156,-0.7399802608791516,TIME_LIMIT,19480,0,0,33,11
3,12,251252.0,-1.7214366513717156,-0.7399802608791516,TIME_LIMIT,19517,0,0,21,32
3,12,251734.0,-1.7211314412813923,-0.7399802608791516,TIME_LIMIT,19564,0,0,27,10
3,12,252212.0,-1.7211314412813923,-0.7399802608791516,TIME_LIMIT,19595,0,0,38,44
3,12,252695.0,-1.7208873422128048,-0.7399802608791516,TIME_LIMIT,19645,0,0,32,16
3,12,253162.0,-1.7208873422128048,-0.7399802608791516,TIME_LIMIT,19677,0,0,41,23
3,12,253650.0,-1.72074310869255,-0.7399802608791516,TIME_LIMIT,19727,0,0,30,21
3,12,254129.0,-1.72074310869255,-0.7399802608791516,TIME_LIMIT,19764,0,0,46,45
3,12,254607.0,-1.720666112401545,-0.7399802608791516,TIME_LIMIT,19815,0,0,28,8
3,12,255094.0,-1.720666112401545,-0.7399802608791516,TIME_LIMIT,19845,0,0,32,28
3,12,255473.0,-1.720514510190012,-0.7399802608791516,TIME_LIMIT,19897,0,0,24,8
3,12,255894.0,-1.720514510190012,-0.7399802608791516,TIME_LIMIT,19936,0,0,41,28
3,12,256364.0,-1.720382010762677,-0.7399802608791516,TIME_LIMIT,19989,0,0,30,24
3,12,256658.0,-1.720382010762677,-0.7399802608791516,TIME_LIMIT,20016,0,0,18,10
3,12,257174.0,-1.7201341152779916,-0.7399802608791516,TIME_LIMIT,20069,0,0,20,5
3,12,257650.0,-1.7201341152779916,-0.7399802608791516,TIME_LIMIT,20107,0,0,30,20
3,12,258134.0,-1.7200231012713763,-0.7399802608791516,TIME_LIMIT,20144,0,0,40,14
3,12,258603.0,-1.7200231012713763,-0.7399802608791516,TIME_LIMIT,20189,0,0,37,19
3,12,259088.0,-1.7197725976065186,-0.7399802608791516,TIME_LIMIT,20237,0,0,20,14
3,12,259560.0,-1.7197725976065186,-0.7399802608791516,TIME_LIMIT,20270,0,0,28,16
3,12,260057.0,-1.7192621685569252,-0.7399802608791516,TIME_LIMIT,20320,0,0,30,12
3,12,260359.0,-1.7192621685569252,-0.7399802608791516,TIME_LIMIT,20350,0,0,59,52
3,12,260829.0,-1.7191695215564078,-0.7399802608791516,TIME_LIMIT,20409,0,0,38,10
3,12,261311.0,-1.7191695215564078,-0.7399802608791516,TIME_LIMIT,20443,0,0,23,6
3,12,261777.0,-1.7191200581389812,-0.7399802608791516,TIME_LIMIT,20497,0,0,33,16
3,12,262253.0,-1.7191200581389812,-0.7399802608791516,TIME_LIMIT,20532,0,0,38,31
3,12,262743.0,-1.7188118326277957,-0.7399802608791516,TIME_LIMIT,20585,0,0,25,13
3,12,263216.0,-1.7188118326277957,-0.7399802608791516,TIME_LIMIT,20620,0,0,47,29
3,12,263711.0,-1.7187864945305789,-0.7399802608791516,TIME_LIMIT,20674,0,0,30,10
3,12,264184.0,-1.7187864945305789,-0.7399802608791516,TIME_LIMIT,20722,0,0,43,20
3,12,264682.0,-1.718703759536887,-0.7399802608791516,TIME_LIMIT,20754,0,0,28,18
3,12,265158.0,-1.718703759536887,-0.7399802608791516,TIME_LIMIT,20782,0,0,35,27
3,12,265585.0,-1.7186835461624992,-0.7399802608791516,TIME_LIMIT,20839,0,0,14,9
3,12,266075.0,-1.7186835461624992,-0.7399802608791516,TIME_LIMIT,20871,0,0,49,40
3,12,266549.0,-1.718539917045084,-0.7399802608791516,TIME_LIMIT,20923,0,0,34,18
3,12,267039.0,-1.718539917045084,-0.7399802608791516,TIME_LIMIT,20952,0,0,40,22
3,12,267513.0,-1.7185330836885095,-0.7399802608791516,TIME_LIMIT,21001,0,0,17,13
3,12,267986.0,-1.7185330836885095,-0.7399802608791516,TIME_LIMIT,21041,0,0,27,18
3,12,268474.0,-1.71823767503729,-0.7399802608791516,TIME_LIMIT,21095,0,0,36,14
3,12,268948.0,-1.71823767503729,-0.7399802608791516,TIME_LIMIT,21134,0,0,21,13
3,12,269433.0,-1.7180144755088655,-0.7399802608791516,TIME_LIMIT,21178,0,0,30,7
3,12,269908.0,-1.7180144755088655,-0.7399802608791516,TIME_LIMIT,21213,0,0,42,21
3,12,270403.0,-1.717965711223476,-0.7399802608791516,TIME_LIMIT,21262,0,0,32,23
3,12,270876.0,-1.717965711223476,-0.7399802608791516,TIME_LIMIT,21291,0,0,36,14
3,12,271364.0,-1.7176012539140533,-0.7399802608791516,TIME_LIMIT,21326,0,0,35,12
3,12,271824.0,-1.7176012539140533,-0.7399802608791516,TIME_LIMIT,21364,0,0,50,44
3,12,272205.0,-1.7175769396679494,-0.7399802608791516,TIME_LIMIT,21419,0,0,29,12
3,12,272684.0,-1.7175769396679494,-0.7399802608791516,TIME_LIMIT,21454,0,0,38,20
3,12,273182.0,-1.7174328766544937,-0.7399802608791516,TIME_LIMIT,21509,0,0,35,13
3,12,273652.0,-1.7174328766544937,-0.7399802608791516,TIME_LIMIT,21552,0,0,34,22
3,12,274048.0,-1.7173028278481675,-0.7399802608791516,TIME_LIMIT,21600,0,0,26,4
3,12,274520.0,-1.7173028278481675,-0.7399802608791516,TIME_LIMIT,21630,0,0,40,44
3,12,275017.0,-1.7167348259891715,-0.7399802608791516,TIME_LIMIT,21683,0,0,21,18
3,12,275490.0,-1.7167348259891715,-0.7399802608791516,TIME_LIMIT,21712,0,0,43,31
3,12,275975.0,-1.7166474153347513,-0.7399802608791516,TIME_LIMIT,21765,0,0,35,15
3,12,276453.0,-1.7166474153347513,-0.7399802608791516,TIME_LIMIT,21801,0,0,45,29
3,12,276937.0,-1.7165594746371953,-0.7399802608791516,TIME_LIMIT,21856,0,0,32,14
3,12,277407.0,-1.7165594746371953,-0.7399802608791516,TIME_LIMIT,21890,0,0,49,22
3,12,277875.0,-1.7164312955384653,-0.7399802608791516,TIME_LIMIT,21947,0,0,22,16
3,12,278364.0,-1.7164312955384653,-0.7399802608791516,TIME_LIMIT,21979,0,0,35,23
3,12,278835.0,-1.716084968257205,-0.7399802608791516,TIME_LIMIT,22029,0,0,26,11
3,12,279334.0,-1.716084968257205,-0.7399802608791516,TIME_LIMIT,22072,0,0,44,13
3,12,279684.0,-1.7159152481983317,-0.7399802608791516,TIME_LIMIT,22115,0,0,36,11
3,12,280168.0,-1.7159152481983317,-0.7399802608791516,TIME_LIMIT,22149,0,0,39,23
3,12,280638.0,-1.7157790300877596,-0.7399802608791516,TIME_LIMIT,22190,0,0,40,20
3,12,281129.0,-1.7157790300877596,-0.7399802608791516,TIME_LIMIT,22230,0,0,36,11
3,12,281598.0,-1.7157598372995444,-0.7399802608791516,TIME_LIMIT,22273,0,0,36,10
3,12,282069.0,-1.7157598372995444,-0.7399802608791516,TIME_LIMIT,22301,0,0,41,26
3,12,282551.0,-1.7157371873307519,-0.7399802608791516,TIME_LIMIT,22352,0,0,30,20
3,12,283021.0,-1.7157371873307519,-0.7399802608791516,TIME_LIMIT,22383,0,0,23,15
3,12,283510.0,-1.7157200594481623,-0.7399802608791516,TIME_LIMIT,22437,0,0,33,9
3,12,283988.0,-1.7157200594481623,-0.7399802608791516,TIME_LIMIT,22474,0,0,33,15
3,12,284504.0,-1.7155734927048412,-0.7399802608791516,TIME_LIMIT,22530,0,0,20,9
3,12,284942.0,-1.7155734927048412,-0.7399802608791516,TIME_LIMIT,22570,0,0,40,26
3,12,285425.0,-1.7155582158026026,-0.7399802608791516,TIME_LIMIT,22609,0,0,35,23
3,12,285832.0,-1.7155582158026026,-0.7399802608791516,TIME_LIMIT,22651,0,0,48,13
3,12,286318.0,-1.715389575366469,-0.7399802608791516,TIME_LIMIT,22691,0,0,26,13
3,12,286795.0,-1.715389575366469,-0.7399802608791516,TIME_LIMIT,22729,0,0,39,13
3,12,287102.0,-1.7152598474053917,-0.7399802608791516,TIME_LIMIT,22766,0,0,39,12
3,12,287595.0,-1.7152598474053917,-0.7399802608791516,TIME_LIMIT,22808,0,0,50,35
3,12,288064.0,-1.7151793678967766,-0.7399802608791516,TIME_LIMIT,22861,0,0,32,9
3,12,288550.0,-1.7151793678967766,-0.7399802608791516,TIME_LIMIT,22895,0,0,39,30
3,12,289026.0,-1.715007651226316,-0.7399802608791516,TIME_LIMIT,22936,0,0,42,26
3,12,289518.0,-1.715007651226316,-0.7399802608791516,TIME_LIMIT,22970,0,0,40,41
3,12,290006.0,-1.7149479074836884,-0.7399802608791516,TIME_LIMIT,23019,0,0,28,12
3,12,290477.0,-1.7149479074836884,-0.7399802608791516,TIME_LIMIT,23053,0,0,38,14
3,12,290960.0,-1.7148904333710755,-0.7399802608791516,TIME_LIMIT,23090,0,0,38,19
3,12,291426.0,-1.7148904333710755,-0.7399802608791516,TIME_LIMIT,23125,0,0,36,32
3,12,291916.0,-1.714852332847303,-0.7399802608791516,TIME_LIMIT,23180,0,0,30,13
3,12,292384.0,-1.714852332847303,-0.7399802608791516,TIME_LIMIT,23219,0,0,25,24
3,12,292852.0,-1.7147568934298258,-0.7399802608791516,TIME_LIMIT,23271,0,0,36,19
3,12,293339.0,-1.7147568934298258,-0.7399802608791516,TIME_LIMIT,23310,0,0,38,27
3,12,293811.0,-1.7143021429629914,-0.7399802608791516,TIME_LIMIT,23364,0,0,19,5
3,12,294294.0,-1.7143021429629914,-0.7399802608791516,TIME_LIMIT,23395,0,0,29,20
3,12,294763.0,-1.7141117526442453,-0.7399802608791516,TIME_LIMIT,23446,0,0,26,18
3,12,295247.0,-1.7141117526442453,-0.7399802608791516,TIME_LIMIT,23478,0,0,42,23
3,12,295721.0,-1.714063992125665,-0.7399802608791516,TIME_LIMIT,23538,0,0,25,9
3,12,295976.0,-1.714063992125665,-0.7399802608791516,TIME_LIMIT,23573,0,0,48,26
3,12,296446.0,-1.7140301731159513,-0.7399802608791516,TIME_LIMIT,23627,0,0,33,6
3,12,296932.0,-1.7140301731159513,-0.7399802608791516,TIME_LIMIT,23668,0,0,44,25
3,12,297400.0,-1.713979168480218,-0.7399802608791516,TIME_LIMIT,23706,0,0,19,18
3,12,297866.0,-1.713979168480218,-0.7399802608791516,TIME_LIMIT,23741,0,0,40,19
3,12,298364.0,-1.713828067688655,-0.7399802608791516,TIME_LIMIT,23782,0,0,37,16
3,12,298832.0,-1.713828067688655,-0.7399802608791516,TIME_LIMIT,23819,0,0,20,20
3,12,299314.0,-1.7134745805600649,-0.7399802608791516,TIME_LIMIT,23873,0,0,31,11
3,12,299782.0,-1.7134745805600649,-0.7399802608791516,TIME_LIMIT,23900,0,0,30,38
3,12,300266.0,-1.713425392175414,-0.7399802608791516,TIME_LIMIT,23956,0,0,33,20
3,12,300740.0,-1.713425392175414,-0.7399802608791516,TIME_LIMIT,23990,0,0,48,47
3,12,301208.0,-1.7128246119701682,-0.7399802608791516,TIME_LIMIT,24047,0,0,27,23
3,12,301692.0,-1.7128246119701682,-0.7399802608791516,TIME_LIMIT,24083,0,0,27,37
3,12,302167.0,-1.7127242120275132,-0.7399802608791516,TIME_LIMIT,24117,0,0,28,32
3,12,302657.0,-1.7127242120275132,-0.7399802608791516,TIME_LIMIT,24142,0,0,45,46
3,12,303126.0,-1.7126796790540009,-0.7399802608791516,TIME_LIMIT,24195,0,0,34,5
3,12,303613.0,-1.7126796790540009,-0.7399802608791516,TIME_LIMIT,24230,0,0,22,26
3,12,304091.0,-1.712651472298001,-0.7399802608791516,TIME_LIMIT,24282,0,0,33,14
3,12,304566.0,-1.712651472298001,-0.7399802608791516,TIME_LIMIT,24324,0,0,18,8
3,12,305063.0,-1.7121604252257756,-0.7399802608791516,TIME_LIMIT,24369,0,0,32,11
3,12,305540.0,-1.7121604252257756,-0.7399802608791516,TIME_LIMIT,24421,0,0,34,17
3,12,306022.0,-1.7119130828204256,-0.7399802608791516,TIME_LIMIT,24465,0,0,34,13
3,12,306490.0,-1.7119130828204256,-0.7399802608791516,TIME_LIMIT,24498,0,0,29,17
3,12,306957.0,-1.7116148085798177,-0.7399802608791516,TIME_LIMIT,24539,0,0,32,16
3,12,307304.0,-1.7116148085798177,-0.7399802608791516,TIME_LIMIT,24575,0,0,41,16
3,12,307791.0,-1.7115036357644597,-0.7399802608791516,TIME_LIMIT,24628,0,0,19,5
3,12,308278.0,-1.7115036357644597,-0.7399802608791516,TIME_LIMIT,24657,0,0,32,19
3,12,308747.0,-1.711426569587547,-0.7399802608791516,TIME_LIMIT,24710,0,0,29,17
3,12,309231.0,-1.711426569587547,-0.7399802608791516,TIME_LIMIT,24747,0,0,41,32
3,12,309703.0,-1.7112705808209214,-0.7399802608791516,TIME_LIMIT,24800,0,0,19,9
3,12,310176.0,-1.7112705808209214,-0.7399802608791516,TIME_LIMIT,24835,0,0,25,16
3,12,310661.0,-1.7112215657063965,-0.7399802608791516,TIME_LIMIT,24884,0,0,19,8
3,12,311132.0,-1.7112215657063965,-0.7399802608791516,TIME_LIMIT,24919,0,0,24,17
3,12,311619.0,-1.7112072555887305,-0.7399802608791516,TIME_LIMIT,24958,0,0,35,29
3,12,312091.0,-1.7112072555887305,-0.7399802608791516,TIME_LIMIT,24989,0,0,31,14
3,12,312584.0,-1.7104289542910085,-0.7399802608791516,TIME_LIMIT,25034,0,0,39,14
3,12,313056.0,-1.7104289542910085,-0.7399802608791516,TIME_LIMIT,25069,0,0,42,25
3,12,313528.0,-1.7104270249829805,-0.7399802608791516,TIME_LIMIT,25127,0,0,37,13
3,12,314016.0,-1.7104270249829805,-0.7399802608791516,TIME_LIMIT,25159,0,0,24,14
3,12,314490.0,-1.7103023092413325,-0.7399802608791516,TIME_LIMIT,25206,0,0,27,11
3,12,314976.0,-1.7103023092413325,-0.7399802608791516,TIME_LIMIT,25240,0,0,27,26
3,12,315441.0,-1.7102245481803038,-0.7399802608791516,TIME_LIMIT,25280,0,0,44,11
3,12,315909.0,-1.7102245481803038,-0.7399802608791516,TIME_LIMIT,25314,0,0,22,19
3,12,316392.0,-1.710074405623387,-0.7399802608791516,TIME_LIMIT,25372,0,0,33,12
3,12,316869.0,-1.710074405623387,-0.7399802608791516,TIME_LIMIT,25402,0,0,35,41
3,12,317355.0,-1.7100630042445557,-0.7399802608791516,TIME_LIMIT,25453,0,0,19,13
3,12,317833.0,-1.7100630042445557,-0.7399802608791516,TIME_LIMIT,25492,0,0,21,5
3,12,318317.0,-1.7098772738272916,-0.7399802608791516,TIME_LIMIT,25528,0,0,25,7
3,12,318679.0,-1.7098772738272916,-0.7399802608791516,TIME_LIMIT,25565,0,0,23,28
3,12,319102.0,-1.7098492983064864,-0.7399802608791516,TIME_LIMIT,25619,0,0,29,12
3,12,319589.0,-1.7098492983064864,-0.7399802608791516,TIME_LIMIT,25661,0,0,26,21
3,12,320058.0,-1.7095200905251517,-0.7399802608791516,TIME_LIMIT,25702,0,0,27,16
3,12,320529.0,-1.7095200905251517,-0.7399802608791516,TIME_LIMIT,25741,0,0,30,13
3,12,321017.0,-1.7092712655981162,-0.7399802608791516,TIME_LIMIT,25774,0,0,38,16
3,12,321494.0,-1.7092712655981162,-0.7399802608791516,TIME_LIMIT,25809,0,0,16,6
3,12,321992.0,-1.7092618632322998,-0.7399802608791516,TIME_LIMIT,25843,0,0,32,9
3,12,322472.0,-1.7092618632322998,-0.7399802608791516,TIME_LIMIT,25883,0,0,38,18
3,12,322943.0,-1.7091060601861567,-0.7399802608791516,TIME_LIMIT,25923,0,0,33,11
3,12,323430.0,-1.7091060601861567,-0.7399802608791516,TIME_LIMIT,25960,0,0,27,18
3,12,323898.0,-1.7090617699826067,-0.7399802608791516,TIME_LIMIT,26010,0,0,26,24
3,12,324387.0,-1.7090617699826067,-0.7399802608791516,TIME_LIMIT,26051,0,0,39,15
3,12,324867.0,-1.7088046952261675,-0.7399802608791516,TIME_LIMIT,26092,0,0,35,12
3,12,325352.0,-1.7088046952261675,-0.7399802608791516,TIME_LIMIT,26135,0,0,45,19
3,12,325818.0,-1.7085444715539329,-0.7399802608791516,TIME_LIMIT,26170,0,0,20,14
3,12,326306.0,-1.7085444715539329,-0.7399802608791516,TIME_LIMIT,26207,0,0,31,16
3,12,326794.0,-1.7083443174697386,-0.7399802608791516,TIME_LIMIT,26258,0,0,30,8
3,12,327268.0,-1.7083443174697386,-0.7399802608791516,TIME_LIMIT,26291,0,0,24,16
3,12,327753.0,-1.7082866492695121,-0.7399802608791516,TIME_LIMIT,26346,0,0,34,15
3,12,328221.0,-1.7082866492695121,-0.7399802608791516,TIME_LIMIT,26380,0,0,39,36
3,12,328698.0,-1.7080382955596989,-0.7399802608791516,TIME_LIMIT,26437,0,0,32,15
3,12,329188.0,-1.7080382955596989,-0.7399802608791516,TIME_LIMIT,26470,0,0,40,33
3,12,329658.0,-1.7079219676428041,-0.7399802608791516,TIME_LIMIT,26516,0,0,28,14
3,12,330152.0,-1.7079219676428041,-0.7399802608791516,TIME_LIMIT,26549,0,0,38,26
3,12,330642.0,-1.70788362053848,-0.7399802608791516,TIME_LIMIT,26599,0,0,13,11
3,12,331157.0,-1.70788362053848,-0.7399802608791516,TIME_LIMIT,26631,0,0,35,30
3,12,331629.0,-1.7076516846405627,-0.7399802608791516,TIME_LIMIT,26683,0,0,31,16
3,12,332100.0,-1.7076516846405627,-0.7399802608791516,TIME_LIMIT,26713,0,0,49,33
3,12,332583.0,-1.7075121738468408,-0.7399802608791516,TIME_LIMIT,26768,0,0,29,12
3,12,333052.0,-1.7075121738468408,-0.7399802608791516,TIME_LIMIT,26803,0,0,44,32
3,12,333542.0,-1.7074645493770322,-0.7399802608791516,TIME_LIMIT,26859,0,0,37,23
3,12,334014.0,-1.7074645493770322,-0.7399802608791516,TIME_LIMIT,26895,0,0,42,28
3,12,334482.0,-1.7073971247161053,-0.7399802608791516,TIME_LIMIT,26947,0,0,33,10
3,12,334964.0,-1.7073971247161053,-0.7399802608791516,TIME_LIMIT,26981,0,0,40,16
3,12,335436.0,-1.7072379345276023,-0.7399802608791516,TIME_LIMIT,27034,0,0,17,13
3,12,335927.0,-1.7072379345276023,-0.7399802608791516,TIME_LIMIT,27064,0,0,30,16
3,12,336168.0,-1.7072042287348925,-0.7399802608791516,TIME_LIMIT,27097,0,0,33,11
3,12,336652.0,-1.7072042287348925,-0.7399802608791516,TIME_LIMIT,27136,0,0,34,29
3,12,337139.0,-1.707090874237826,-0.7399802608791516,TIME_LIMIT,27163,0,0,27,18
3,12,337627.0,-1.707090874237826,-0.7399802608791516,TIME_LIMIT,27197,0,0,30,23
3,12,338096.0,-1.7070562701189607,-0.7399802608791516,TIME_LIMIT,27255,0,0,29,12
3,12,338427.0,-1.7070562701189607,-0.7399802608791516,TIME_LIMIT,27295,0,0,34,22
3,12,338928.0,-1.7070027812314745,-0.7399802608791516,TIME_LIMIT,27327,0,0,40,12
3,12,339401.0,-1.7070027812314745,-0.7399802608791516,TIME_LIMIT,27369,0,0,41,24
3,12,339887.0,-1.706956479128864,-0.7399802608791516,TIME_LIMIT,27421,0,0,22,8
3,12,340357.0,-1.706956479128864,-0.7399802608791516,TIME_LIMIT,27453,0,0,34,31
3,12,340843.0,-1.7068952060554667,-0.7399802608791516,TIME_LIMIT,27509,0,0,33,15
3,12,341317.0,-1.7068952060554667,-0.7399802608791516,TIME_LIMIT,27546,0,0,47,22
3,12,341794.0,-1.7067837608681633,-0.7399802608791516,TIME_LIMIT,27607,0,0,15,10
3,12,342281.0,-1.7067837608681633,-0.7399802608791516,TIME_LIMIT,27640,0,0,28,22
3,12,342751.0,-1.7067661526533937,-0.7399802608791516,TIME_LIMIT,27690,0,0,16,16
3,12,343269.0,-1.7067661526533937,-0.7399802608791516,TIME_LIMIT,27724,0,0,26,16
3,12,343780.0,-1.7067455450461846,-0.7399802608791516,TIME_LIMIT,27777,0,0,27,12
3,12,344268.0,-1.7067455450461846,-0.7399802608791516,TIME_LIMIT,27815,0,0,30,23
3,12,344744.0,-1.7067360904203464,-0.7399802608791516,TIME_LIMIT,27855,0,0,37,21
3,12,345229.0,-1.7067360904203464,-0.7399802608791516,TIME_LIMIT,27890,0,0,40,30
3,12,345697.0,-1.7064407405375988,-0.7399802608791516,TIME_LIMIT,27936,0,0,29,9
3,12,346172.0,-1.7064407405375988,-0.7399802608791516,TIME_LIMIT,27977,0,0,54,53
3,12,346661.0,-1.7062525877544497,-0.7399802608791516,TIME_LIMIT,28032,0,0,35,25
3,12,347130.0,-1.7062525877544497,-0.7399802608791516,TIME_LIMIT,28067,0,0,28,23
3,12,347612.0,-1.7060475185591617,-0.7399802608791516,TIME_LIMIT,28119,0,0,18,10
3,12,348079.0,-1.7060475185591617,-0.7399802608791516,TIME_LIMIT,28153,0,0,46,40
3,12,348549.0,-1.7059568620634398,-0.7399802608791516,TIME_LIMIT,28202,0,0,29,16
3,12,348976.0,-1.7059568620634398,-0.7399802608791516,TIME_LIMIT,28240,0,0,57,47
3,12,349460.0,-1.705496186611225,-0.7399802608791516,TIME_LIMIT,28295,0,0,23,5
3,12,349931.0,-1.705496186611225,-0.7399802608791516,TIME_LIMIT,28330,0,0,49,35
3,12,350415.0,-1.7053906275830482,-0.7399802608791516,TIME_LIMIT,28386,0,0,19,10
3,12,350886.0,-1.7053906275830482,-0.7399802608791516,TIME_LIMIT,28418,0,0,43,70
3,12,351359.0,-1.705316141164528,-0.7399802608791516,TIME_LIMIT,28468,0,0,30,19
3,12,351847.0,-1.705316141164528,-0.7399802608791516,TIME_LIMIT,28503,0,0,38,20
3,12,352318.0,-1.7051875610438558,-0.7399802608791516,TIME_LIMIT,28546,0,0,41,10
3,12,352825.0,-1.7051875610438558,-0.7399802608791516,TIME_LIMIT,28584,0,0,37,34
3,12,353303.0,-1.704829391163067,-0.7399802608791516,TIME_LIMIT,28634,0,0,22,11
3,12,353776.0,-1.704829391163067,-0.7399802608791516,TIME_LIMIT,28664,0,0,34,22
3,12,354271.0,-1.7047095247817603,-0.7399802608791516,TIME_LIMIT,28701,0,0,24,6
3,12,354740.0,-1.7047095247817603,-0.7399802608791516,TIME_LIMIT,28731,0,0,38,33
3,12,355225.0,-1.704703878371314,-0.7399802608791516,TIME_LIMIT,28786,0,0,34,14
3,12,355695.0,-1.704703878371314,-0.7399802608791516,TIME_LIMIT,28826,0,0,52,32
3,12,356173.0,-1.704675597663054,-0.7399802608791516,TIME_LIMIT,28884,0,0,21,9
3,12,356666.0,-1.704675597663054,-0.7399802608791516,TIME_LIMIT,28911,0,0,34,22
3,12,357135.0,-1.704473299394957,-0.7399802608791516,TIME_LIMIT,28965,0,0,21,3
3,12,357617.0,-1.704473299394957,-0.7399802608791516,TIME_LIMIT,28995,0,0,41,21
3,12,358103.0,-1.7044065000744781,-0.7399802608791516,TIME_LIMIT,29045,0,0,31,7
3,12,358586.0,-1.7044065000744781,-0.7399802608791516,TIME_LIMIT,29080,0,0,35,10
3,12,359089.0,-1.7043929876327442,-0.7399802608791516,TIME_LIMIT,29120,0,0,14,6
3,12,359509.0,-1.7043929876327442,-0.7399802608791516,TIME_LIMIT,29157,0,0,40,32
3,12,359979.0,-1.7043431585464088,-0.7399802608791516,TIME_LIMIT,29207,0,0,34,7
3,12,360467.0,-1.7043431585464088,-0.7399802608791516,TIME_LIMIT,29239,0,0,44,39
3,12,360936.0,-1.7041563898300147,-0.7399802608791516,TIME_LIMIT,29291,0,0,35,11
3,12,361403.0,-1.7041563898300147,-0.7399802608791516,TIME_LIMIT,29321,0,0,40,19
3,12,361890.0,-1.704148882881853,-0.7399802608791516,TIME_LIMIT,29382,0,0,39,9
3,12,362361.0,-1.704148882881853,-0.7399802608791516,TIME_LIMIT,29420,0,0,49,25
3,12,362847.0,-1.7040914920202925,-0.7399802608791516,TIME_LIMIT,29478,0,0,26,8
3,12,363326.0,-1.7040914920202925,-0.7399802608791516,TIME_LIMIT,29506,0,0,44,38
3,12,363802.0,-1.7040684309163734,-0.7399802608791516,TIME_LIMIT,29559,0,0,35,17
3,12,364299.0,-1.7040684309163734,-0.7399802608791516,TIME_LIMIT,29595,0,0,25,13
3,12,364769.0,-1.7040581940613608,-0.7399802608791516,TIME_LIMIT,29647,0,0,32,8
3,12,365257.0,-1.7040581940613608,-0.7399802608791516,TIME_LIMIT,29675,0,0,17,22
3,12,365741.0,-1.70393284239331,-0.7399802608791516,TIME_LIMIT,29732,0,0,33,14
3,12,366212.0,-1.70393284239331,-0.7399802608791516,TIME_LIMIT,29767,0,0,30,24
3,12,366713.0,-1.7039272983025773,-0.7399802608791516,TIME_LIMIT,29822,0,0,22,11
3,12,367189.0,-1.7039272983025773,-0.7399802608791516,TIME_LIMIT,29853,0,0,41,33
3,12,367674.0,-1.7038949064450524,-0.7399802608791516,TIME_LIMIT,29913,0,0,38,16
3,12,368149.0,-1.7038949064450524,-0.7399802608791516,TIME_LIMIT,29953,0,0,26,30
3,12,368616.0,-1.7037968180892975,-0.7399802608791516,TIME_LIMIT,30002,0,0,35,21
3,12,369102.0,-1.7037968180892975,-0.7399802608791516,TIME_LIMIT,30040,0,0,35,19
3,12,369572.0,-1.7036628765788855,-0.7399802608791516,TIME_LIMIT,30076,0,0,38,8
3,12,370059.0,-1.7036628765788855,-0.7399802608791516,TIME_LIMIT,30110,0,0,33,16
3,12,370528.0,-1.703635203162375,-0.7399802608791516,TIME_LIMIT,30159,0,0,26,10
3,12,370998.0,-1.703635203162375,-0.7399802608791516,TIME_LIMIT,30193,0,0,51,41
3,12,371482.0,-1.703507855158446,-0.7399802608791516,TIME_LIMIT,30256,0,0,36,15
3,12,371956.0,-1.703507855158446,-0.7399802608791516,TIME_LIMIT,30302,0,0,47,22
3,12,372477.0,-1.7030942835848577,-0.7399802608791516,TIME_LIMIT,30358,0,0,31,22
3,12,372952.0,-1.7030942835848577,-0.7399802608791516,TIME_LIMIT,30384,0,0,34,15
3,12,373420.0,-1.7029358294016577,-0.7399802608791516,TIME_LIMIT,30440,0,0,26,7
3,12,373907.0,-1.7029358294016577,-0.7399802608791516,TIME_LIMIT,30475,0,0,39,19
3,12,374379.0,-1.7028939144468493,-0.7399802608791516,TIME_LIMIT,30528,0,0,17,7
3,12,374867.0,-1.7028939144468493,-0.7399802608791516,TIME_LIMIT,30571,0,0,41,23
3,12,375341.0,-1.7026565862699201,-0.7399802608791516,TIME_LIMIT,30620,0,0,29,7
3,12,375812.0,-1.7026565862699201,-0.7399802608791516,TIME_LIMIT,30655,0,0,42,32
3,12,376303.0,-1.702574272289616,-0.7399802608791516,TIME_LIMIT,30703,0,0,30,11
3,12,376659.0,-1.702574272289616,-0.7399802608791516,TIME_LIMIT,30738,0,0,41,27
3,12,377191.0,-1.7025360396846159,-0.7399802608791516,TIME_LIMIT,30788,0,0,30,8
3,12,377680.0,-1.7025360396846159,-0.7399802608791516,TIME_LIMIT,30831,0,0,21,15
3,12,378188.0,-1.7024923181796787,-0.7399802608791516,TIME_LIMIT,30867,0,0,35,18
3,12,378659.0,-1.7024923181796787,-0.7399802608791516,TIME_LIMIT,30896,0,0,30,32
3,12,379129.0,-1.7022952819421437,-0.7399802608791516,TIME_LIMIT,30953,0,0,40,16
3,12,379612.0,-1.7022952819421437,-0.7399802608791516,TIME_LIMIT,30983,0,0,36,21
3,12,380079.0,-1.7022390973480446,-0.7399802608791516,TIME_LIMIT,31044,0,0,28,16
3,12,380570.0,-1.7022390973480446,-0.7399802608791516,TIME_LIMIT,31078,0,0,23,26
3,12,381038.0,-1.7020541714077484,-0.7399802608791516,TIME_LIMIT,31134,0,0,34,25
3,12,381509.0,-1.7020541714077484,-0.7399802608791516,TIME_LIMIT,31170,0,0,38,18
3,12,381994.0,-1.701951901530687,-0.7399802608791516,TIME_LIMIT,31215,0,0,28,7
3,12,382464.0,-1.701951901530687,-0.7399802608791516,TIME_LIMIT,31249,0,0,19,14
3,12,382937.0,-1.7018306928045313,-0.7399802608791516,TIME_LIMIT,31301,0,0,32,9
3,12,383424.0,-1.7018306928045313,-0.7399802608791516,TIME_LIMIT,31334,0,0,28,35
3,12,383895.0,-1.7015817279220316,-0.7399802608791516,TIME_LIMIT,31390,0,0,32,17
3,12,384388.0,-1.7015817279220316,-0.7399802608791516,TIME_LIMIT,31427,0,0,29,36
3,12,384859.0,-1.7015545873234723,-0.7399802608791516,TIME_LIMIT,31490,0,0,40,16
3,12,385331.0,-1.7015545873234723,-0.7399802608791516,TIME_LIMIT,31526,0,0,48,35
3,12,385821.0,-1.701288848036533,-0.7399802608791516,TIME_LIMIT,31574,0,0,21,8
3,12,386203.0,-1.701288848036533,-0.7399802608791516,TIME_LIMIT,31612,0,0,53,41
3,12,386698.0,-1.7012772745141767,-0.7399802608791516,TIME_LIMIT,31664,0,0,27,13
3,12,387174.0,-1.7012772745141767,-0.7399802608791516,TIME_LIMIT,31706,0,0,38,17
3,12,387582.0,-1.7009695439943084,-0.7399802608791516,TIME_LIMIT,31746,0,0,21,5
3,12,388054.0,-1.7009695439943084,-0.7399802608791516,TIME_LIMIT,31787,0,0,47,27
3,12,388545.0,-1.7008567601079168,-0.7399802608791516,TIME_LIMIT,31840,0,0,29,12
3,12,389016.0,-1.7008567601079168,-0.7399802608791516,TIME_LIMIT,31879,0,0,39,16
3,12,389511.0,-1.7007928857618866,-0.7399802608791516,TIME_LIMIT,31922,0,0,30,11
3,12,389982.0,-1.7007928857618866,-0.7399802608791516,TIME_LIMIT,31957,0,0,58,20
3,12,390452.0,-1.7006517938451338,-0.7399802608791516,TIME_LIMIT,32012,0,0,32,11
3,12,390942.0,-1.7006517938451338,-0.7399802608791516,TIME_LIMIT,32048,0,0,29,21
3,12,391412.0,-1.7005503707969492,-0.7399802608791516,TIME_LIMIT,32103,0,0,21,17
3,12,391886.0,-1.7005503707969492,-0.7399802608791516,TIME_LIMIT,32141,0,0,39,51
3,12,392380.0,-1.7005382097304411,-0.7399802608791516,TIME_LIMIT,32181,0,0,36,21
3,12,392850.0,-1.7005382097304411,-0.7399802608791516,TIME_LIMIT,32221,0,0,42,18
3,12,393335.0,-1.7004137084913407,-0.7399802608791516,TIME_LIMIT,32273,0,0,17,13
3,12,393783.0,-1.7004137084913407,-0.7399802608791516,TIME_LIMIT,32315,0,0,33,17
3,12,394267.0,-1.7002709048950266,-0.7399802608791516,TIME_LIMIT,32363,0,0,26,17
3,12,394756.0,-1.7002709048950266,-0.7399802608791516,TIME_LIMIT,32397,0,0,36,36
3,12,395224.0,-1.7002325014757187,-0.7399802608791516,TIME_LIMIT,32452,0,0,24,13
3,12,395693.0,-1.7002325014757187,-0.7399802608791516,TIME_LIMIT,32490,0,0,28,33
3,12,396185.0,-1.7001767694648275,-0.7399802608791516,TIME_LIMIT,32544,0,0,31,10
3,12,396664.0,-1.7001767694648275,-0.7399802608791516,TIME_LIMIT,32584,0,0,30,14
3,12,397145.0,-1.6999737865169338,-0.7399802608791516,TIME_LIMIT,32635,0,0,33,9
3,12,397633.0,-1.6999737865169338,-0.7399802608791516,TIME_LIMIT,32665,0,0,26,26
3,12,398103.0,-1.6999446491375587,-0.7399802608791516,TIME_LIMIT,32717,0,0,30,10
3,12,398592.0,-1.6999446491375587,-0.7399802608791516,TIME_LIMIT,32746,0,0,36,21
3,12,399065.0,-1.699829153836389,-0.7399802608791516,TIME_LIMIT,32805,0,0,22,8
3,12,399536.0,-1.699829153836389,-0.7399802608791516,TIME_LIMIT,32841,0,0,18,31
3,12,400032.0,-1.699816771838199,-0.7399802608791516,TIME_LIMIT,32882,0,0,21,11
3,12,400503.0,-1.699816771838199,-0.7399802608791516,TIME_LIMIT,32913,0,0,43,30
3,12,400975.0,-1.6997263700219942,-0.7399802608791516,TIME_LIMIT,32967,0,0,28,14
3,12,401466.0,-1.6997263700219942,-0.7399802608791516,TIME_LIMIT,33001,0,0,30,32
3,12,401938.0,-1.6996016225042887,-0.7399802608791516,TIME_LIMIT,33052,0,0,10,14
3,12,402398.0,-1.6996016225042887,-0.7399802608791516,TIME_LIMIT,33089,0,0,44,21
3,12,402891.0,-1.6995643889016219,-0.7399802608791516,TIME_LIMIT,33141,0,0,20,7
3,12,403366.0,-1.6995643889016219,-0.7399802608791516,TIME_LIMIT,33183,0,0,48,23
3,12,403861.0,-1.6995190042568713,-0.7399802608791516,TIME_LIMIT,33233,0,0,33,12
3,12,404336.0,-1.6995190042568713,-0.7399802608791516,TIME_LIMIT,33265,0,0,31,36
3,12,404810.0,-1.6994509781613103,-0.7399802608791516,TIME_LIMIT,33318,0,0,35,17
3,12,405307.0,-1.6994509781613103,-0.7399802608791516,TIME_LIMIT,33354,0,0,43,23
3,12,405797.0,-1.6994500471371345,-0.7399802608791516,TIME_LIMIT,33405,0,0,19,7
3,12,406286.0,-1.6994500471371345,-0.7399802608791516,TIME_LIMIT,33433,0,0,31,27
3,12,406758.0,-1.6994133994732197,-0.7399802608791516,TIME_LIMIT,33491,0,0,34,19
3,12,407227.0,-1.6994133994732197,-0.7399802608791516,TIME_LIMIT,33526,0,0,29,17
3,12,407710.0,-1.6994040054384496,-0.7399802608791516,TIME_LIMIT,33560,0,0,26,8
3,12,408179.0,-1.6994040054384496,-0.7399802608791516,TIME_LIMIT,33588,0,0,36,36
3,12,408665.0,-1.6993816925706484,-0.7399802608791516,TIME_LIMIT,33640,0,0,17,2
3,12,409159.0,-1.6993816925706484,-0.7399802608791516,TIME_LIMIT,33672,0,0,37,22
3,12,409634.0,-1.6991855431797824,-0.7399802608791516,TIME_LIMIT,33721,0,0,18,7
3,12,410124.0,-1.6991855431797824,-0.7399802608791516,TIME_LIMIT,33756,0,0,24,15
3,12,410593.0,-1.6991793439452503,-0.7399802608791516,TIME_LIMIT,33787,0,0,36,20
3,12,411058.0,-1.6991793439452503,-0.7399802608791516,TIME_LIMIT,33830,0,0,45,17
3,12,411553.0,-1.6991311536514089,-0.7399802608791516,TIME_LIMIT,33879,0,0,24,10
3,12,412022.0,-1.6991311536514089,-0.7399802608791516,TIME_LIMIT,33914,0,0,42,15
3,12,412489.0,-1.6990643741535605,-0.7399802608791516,TIME_LIMIT,33970,0,0,34,10
3,12,412882.0,-1.6990643741535605,-0.7399802608791516,TIME_LIMIT,34013,0,0,48,28
3,12,413352.0,-1.6989606329990754,-0.7399802608791516,TIME_LIMIT,34062,0,0,31,12
3,12,413671.0,-1.6989606329990754,-0.7399802608791516,TIME_LIMIT,34105,0,0,29,20
3,12,414160.0,-1.6988776807756119,-0.7399802608791516,TIME_LIMIT,34159,0,0,19,10
3,12,414633.0,-1.6988776807756119,-0.7399802608791516,TIME_LIMIT,34188,0,0,39,21
3,12,415117.0,-1.6988289733036548,-0.7399802608791516,TIME_LIMIT,34238,0,0,28,16
3,12,415586.0,-1.6988289733036548,-0.7399802608791516,TIME_LIMIT,34281,0,0,27,10
3,12,416063.0,-1.698802018860764,-0.7399802608791516,TIME_LIMIT,34322,0,0,21,7
3,12,416551.0,-1.698802018860764,-0.7399802608791516,TIME_LIMIT,34355,0,0,47,45
3,12,417021.0,-1.698634798900671,-0.7399802608791516,TIME_LIMIT,34405,0,0,31,18
3,12,417520.0,-1.698634798900671,-0.7399802608791516,TIME_LIMIT,34440,0,0,44,16
3,12,417992.0,-1.6984389098149182,-0.7399802608791516,TIME_LIMIT,34497,0,0,39,9
3,12,418476.0,-1.6984389098149182,-0.7399802608791516,TIME_LIMIT,34534,0,0,44,21
3,12,418960.0,-1.69834731404825,-0.7399802608791516,TIME_LIMIT,34589,0,0,31,13
3,12,419432.0,-1.69834731404825,-0.7399802608791516,TIME_LIMIT,34618,0,0,46,38
3,12,419911.0,-1.6982922130361546,-0.7399802608791516,TIME_LIMIT,34670,0,0,32,13
3,12,420404.0,-1.6982922130361546,-0.7399802608791516,TIME_LIMIT,34707,0,0,44,28
3,12,420872.0,-1.69802443976731,-0.7399802608791516,TIME_LIMIT,34758,0,0,18,9
3,12,421299.0,-1.69802443976731,-0.7399802608791516,TIME_LIMIT,34787,0,0,49,18
3,12,421794.0,-1.697952436768001,-0.7399802608791516,TIME_LIMIT,34835,0,0,31,11
3,12,422269.0,-1.697952436768001,-0.7399802608791516,TIME_LIMIT,34866,0,0,21,17
3,12,422747.0,-1.6977685917278176,-0.7399802608791516,TIME_LIMIT,34919,0,0,31,15
3,12,423267.0,-1.6977685917278176,-0.7399802608791516,TIME_LIMIT,34957,0,0,36,20
3,12,423738.0,-1.697671016103418,-0.7399802608791516,TIME_LIMIT,34997,0,0,31,11
3,12,424209.0,-1.697671016103418,-0.7399802608791516,TIME_LIMIT,35030,0,0,42,26
3,12,424697.0,-1.6976621172729587,-0.7399802608791516,TIME_LIMIT,35081,0,0,27,13
3,12,425158.0,-1.6976621172729587,-0.7399802608791516,TIME_LIMIT,35116,0,0,52,37
3,12,425631.0,-1.6974688093298116,-0.7399802608791516,TIME_LIMIT,35167,0,0,32,7
3,12,426117.0,-1.6974688093298116,-0.7399802608791516,TIME_LIMIT,35197,0,0,34,29
3,12,426585.0,-1.697447474617729,-0.7399802608791516,TIME_LIMIT,35250,0,0,14,12
3,12,427051.0,-1.697447474617729,-0.7399802608791516,TIME_LIMIT,35292,0,0,43,29
3,12,427541.0,-1.6973611083200155,-0.7399802608791516,TIME_LIMIT,35345,0,0,21,6
3,12,428016.0,-1.6973611083200155,-0.7399802608791516,TIME_LIMIT,35375,0,0,43,37
3,12,428488.0,-1.6973506732343866,-0.7399802608791516,TIME_LIMIT,35427,0,0,25,18
3,12,428976.0,-1.6973506732343866,-0.7399802608791516,TIME_LIMIT,35456,0,0,40,41
3,12,429446.0,-1.6972761078088436,-0.7399802608791516,TIME_LIMIT,35506,0,0,27,9
3,12,429933.0,-1.6972761078088436,-0.7399802608791516,TIME_LIMIT,35540,0,0,37,37
3,12,430402.0,-1.6972520274915395,-0.7399802608791516,TIME_LIMIT,35593,0,0,28,18
3,12,430878.0,-1.6972520274915395,-0.7399802608791516,TIME_LIMIT,35618,0,0,29,27
3,12,431366.0,-1.6971981378295484,-0.7399802608791516,TIME_LIMIT,35665,0,0,16,7
3,12,431838.0,-1.6971981378295484,-0.7399802608791516,TIME_LIMIT,35704,0,0,36,25
3,12,432309.0,-1.6967238571560908,-0.7399802608791516,TIME_LIMIT,35760,0,0,30,18
3,12,432795.0,-1.6967238571560908,-0.7399802608791516,TIME_LIMIT,35792,0,0,31,39
3,12,433266.0,-1.6967015919924873,-0.7399802608791516,TIME_LIMIT,35849,0,0,39,17
3,12,433679.0,-1.6967015919924873,-0.7399802608791516,TIME_LIMIT,35883,0,0,40,31
3,12,434157.0,-1.6966207082202582,-0.7399802608791516,TIME_LIMIT,35931,0,0,30,9
3,12,434654.0,-1.6966207082202582,-0.7399802608791516,TIME_LIMIT,35960,0,0,48,44
3,12,435140.0,-1.6966164477547494,-0.7399802608791516,TIME_LIMIT,36008,0,0,28,17
3,12,435613.0,-1.6966164477547494,-0.7399802608791516,TIME_LIMIT,36048,0,0,21,15
3,12,436099.0,-1.6965858167787904,-0.7399802608791516,TIME_LIMIT,36089,0,0,34,12
3,12,436570.0,-1.6965858167787904,-0.7399802608791516,TIME_LIMIT,36123,0,0,40,25
3,12,437039.0,-1.6964879255974812,-0.7399802608791516,TIME_LIMIT,36176,0,0,38,11
3,12,437525.0,-1.6964879255974812,-0.7399802608791516,TIME_LIMIT,36214,0,0,32,25
3,12,437996.0,-1.6964142896522436,-0.7399802608791516,TIME_LIMIT,36267,0,0,26,16
3,12,438483.0,-1.6964142896522436,-0.7399802608791516,TIME_LIMIT,36314,0,0,48,46
3,12,438954.0,-1.69622609303829,-0.7399802608791516,TIME_LIMIT,36363,0,0,25,17
3,12,439422.0,-1.69622609303829,-0.7399802608791516,TIME_LIMIT,36395,0,0,33,33
3,12,439904.0,-1.6961918023287677,-0.7399802608791516,TIME_LIMIT,36450,0,0,32,9
3,12,440352.0,-1.6961918023287677,-0.7399802608791516,TIME_LIMIT,36487,0,0,41,20
3,12,440849.0,-1.6961340514952985,-0.7399802608791516,TIME_LIMIT,36528,0,0,31,6
3,12,441327.0,-1.6961340514952985,-0.7399802608791516,TIME_LIMIT,36562,0,0,29,30
3,12,441815.0,-1.6960386469011701,-0.7399802608791516,TIME_LIMIT,36612,0,0,26,23
3,12,442284.0,-1.6960386469011701,-0.7399802608791516,TIME_LIMIT,36650,0,0,43,29
3,12,442768.0,-1.6959897337394252,-0.7399802608791516,TIME_LIMIT,36708,0,0,37,18
3,12,443238.0,-1.6959897337394252,-0.7399802608791516,TIME_LIMIT,36735,0,0,36,26
3,12,443714.0,-1.6959522292826161,-0.7399802608791516,TIME_LIMIT,36786,0,0,27,15
3,12,444204.0,-1.6959522292826161,-0.7399802608791516,TIME_LIMIT,36811,0,0,38,22
3,12,444674.0,-1.6959047457802723,-0.7399802608791516,TIME_LIMIT,36871,0,0,19,12
3,12,445022.0,-1.6959047457802723,-0.7399802608791516,TIME_LIMIT,36908,0,0,43,29
3,12,445514.0,-1.6958837603092314,-0.7399802608791516,TIME_LIMIT,36957,0,0,30,14
3,12,445985.0,-1.6958837603092314,-0.7399802608791516,TIME_LIMIT,36985,0,0,43,81
3,12,446475.0,-1.69583925489087,-0.7399802608791516,TIME_LIMIT,37038,0,0,34,18
3,12,446945.0,-1.69583925489087,-0.7399802608791516,TIME_LIMIT,37063,0,0,18,31
3,12,447414.0,-1.6958323380196494,-0.7399802608791516,TIME_LIMIT,37118,0,0,35,17
3,12,447901.0,-1.6958323380196494,-0.7399802608791516,TIME_LIMIT,37146,0,0,46,28
3,12,448379.0,-1.6958173089437156,-0.7399802608791516,TIME_LIMIT,37196,0,0,36,18
3,12,448859.0,-1.6958173089437156,-0.7399802608791516,TIME_LIMIT,37224,0,0,46,23
3,12,449346.0,-1.6957799654229555,-0.7399802608791516,TIME_LIMIT,37272,0,0,19,6
3,12,449813.0,-1.6957799654229555,-0.7399802608791516,TIME_LIMIT,37305,0,0,27,24
3,12,450283.0,-1.6957111712615165,-0.7399802608791516,TIME_LIMIT,37352,0,0,22,17
3,12,450793.0,-1.6957111712615165,-0.7399802608791516,TIME_LIMIT,37387,0,0,31,14
3,12,451291.0,-1.6956140634066703,-0.7399802608791516,TIME_LIMIT,37427,0,0,33,13
3,12,451788.0,-1.6956140634066703,-0.7399802608791516,TIME_LIMIT,37465,0,0,43,22
3,12,452270.0,-1.6956097948066418,-0.7399802608791516,TIME_LIMIT,37509,0,0,27,20
3,12,452775.0,-1.6956097948066418,-0.7399802608791516,TIME_LIMIT,37541,0,0,28,11
3,12,453286.0,-1.6954490598811156,-0.7399802608791516,TIME_LIMIT,37591,0,0,28,8
3,12,453769.0,-1.6954490598811156,-0.7399802608791516,TIME_LIMIT,37622,0,0,30,21
3,12,454261.0,-1.6954258391189703,-0.7399802608791516,TIME_LIMIT,37673,0,0,33,12
3,12,454739.0,-1.6954258391189703,-0.7399802608791516,TIME_LIMIT,37705,0,0,34,17
3,12,455217.0,-1.6954232171025667,-0.7399802608791516,TIME_LIMIT,37756,0,0,32,16
3,12,455706.0,-1.6954232171025667,-0.7399802608791516,TIME_LIMIT,37797,0,0,16,22
3,12,456178.0,-1.6953369991669358,-0.7399802608791516,TIME_LIMIT,37836,0,0,37,16
3,12,456658.0,-1.6953369991669358,-0.7399802608791516,TIME_LIMIT,37869,0,0,34,15
3,12,457092.0,-1.6952150061058702,-0.7399802608791516,TIME_LIMIT,37920,0,0,33,11
3,12,457534.0,-1.6952150061058702,-0.7399802608791516,TIME_LIMIT,37961,0,0,39,15
3,12,458029.0,-1.6951929233167518,-0.7399802608791516,TIME_LIMIT,37995,0,0,36,11
3,12,458502.0,-1.6951929233167518,-0.7399802608791516,TIME_LIMIT,38033,0,0,37,22
3,12,458993.0,-1.6951648180732566,-0.7399802608791516,TIME_LIMIT,38086,0,0,36,15
3,12,459464.0,-1.6951648180732566,-0.7399802608791516,TIME_LIMIT,38113,0,0,42,46
3,12,459938.0,-1.6951480376308254,-0.7399802608791516,TIME_LIMIT,38162,0,0,27,8
3,12,460425.0,-1.6951480376308254,-0.7399802608791516,TIME_LIMIT,38193,0,0,39,33
3,12,460895.0,-1.6950348970779645,-0.7399802608791516,TIME_LIMIT,38244,0,0,32,10
3,12,461382.0,-1.6950348970779645,-0.7399802608791516,TIME_LIMIT,38273,0,0,24,45
3,12,461886.0,-1.6950190185829834,-0.7399802608791516,TIME_LIMIT,38329,0,0,32,12
3,12,462296.0,-1.6950190185829834,-0.7399802608791516,TIME_LIMIT,38367,0,0,47,13
3,12,462783.0,-1.6949777383272733,-0.7399802608791516,TIME_LIMIT,38417,0,0,29,12
3,12,463258.0,-1.6949777383272733,-0.7399802608791516,TIME_LIMIT,38454,0,0,29,38
3,12,463748.0,-1.694842556590315,-0.7399802608791516,TIME_LIMIT,38509,0,0,18,14
3,12,464223.0,-1.694842556590315,-0.7399802608791516,TIME_LIMIT,38540,0,0,32,19
3,12,464709.0,-1.6948202643512131,-0.7399802608791516,TIME_LIMIT,38592,0,0,29,8
3,12,465199.0,-1.6948202643512131,-0.7399802608791516,TIME_LIMIT,38633,0,0,40,14
3,12,465685.0,-1.6948137779958345,-0.7399802608791516,TIME_LIMIT,38672,0,0,38,12
3,12,466159.0,-1.6948137779958345,-0.7399802608791516,TIME_LIMIT,38697,0,0,34,25
3,12,466655.0,-1.6947828263853852,-0.7399802608791516,TIME_LIMIT,38748,0,0,26,13
3,12,467124.0,-1.6947828263853852,-0.7399802608791516,TIME_LIMIT,38777,0,0,37,19
3,12,467604.0,-1.6947664962681663,-0.7399802608791516,TIME_LIMIT,38829,0,0,32,22
3,12,468093.0,-1.6947664962681663,-0.7399802608791516,TIME_LIMIT,38863,0,0,33,14
3,12,468566.0,-1.694698890147775,-0.7399802608791516,TIME_LIMIT,38902,0,0,28,13
3,12,469039.0,-1.694698890147775,-0.7399802608791516,TIME_LIMIT,38940,0,0,52,24
3,12,469561.0,-1.6946517245582327,-0.7399802608791516,TIME_LIMIT,38996,0,0,12,5
3,12,469875.0,-1.6946517245582327,-0.7399802608791516,TIME_LIMIT,39029,0,0,38,12
3,12,470367.0,-1.694567863522228,-0.7399802608791516,TIME_LIMIT,39079,0,0,29,8
3,12,470865.0,-1.694567863522228,-0.7399802608791516,TIME_LIMIT,39109,0,0,24,19
3,12,471337.0,-1.6943939133975026,-0.7399802608791516,TIME_LIMIT,39161,0,0,17,8
3,12,471813.0,-1.6943939133975026,-0.7399802608791516,TIME_LIMIT,39192,0,0,37,13
3,12,472304.0,-1.6943623195878863,-0.7399802608791516,TIME_LIMIT,39240,0,0,28,13
3,12,472779.0,-1.6943623195878863,-0.7399802608791516,TIME_LIMIT,39274,0,0,43,15
3,12,473250.0,-1.6943537360125953,-0.7399802608791516,TIME_LIMIT,39331,0,0,17,17
3,12,473740.0,-1.6943537360125953,-0.7399802608791516,TIME_LIMIT,39361,0,0,38,19
3,12,474213.0,-1.6942777654899817,-0.7399802608791516,TIME_LIMIT,39409,0,0,26,11
3,12,474708.0,-1.6942777654899817,-0.7399802608791516,TIME_LIMIT,39444,0,0,27,8
3,12,475195.0,-1.6942648675259657,-0.7399802608791516,TIME_LIMIT,39494,0,0,32,8
3,12,475669.0,-1.6942648675259657,-0.7399802608791516,TIME_LIMIT,39530,0,0,34,17
3,12,476155.0,-1.694234166442381,-0.7399802608791516,TIME_LIMIT,39568,0,0,36,11
3,12,476625.0,-1.694234166442381,-0.7399802608791516,TIME_LIMIT,39611,0,0,49,28
3,12,477100.0,-1.6939473616423908,-0.7399802608791516,TIME_LIMIT,39647,0,0,40,30
3,12,477407.0,-1.6939473616423908,-0.7399802608791516,TIME_LIMIT,39680,0,0,34,37
3,12,477910.0,-1.693817650859207,-0.7399802608791516,TIME_LIMIT,39733,0,0,15,6
3,12,478393.0,-1.693817650859207,-0.7399802608791516,TIME_LIMIT,39766,0,0,36,18
3,12,478868.0,-1.6937610238111842,-0.7399802608791516,TIME_LIMIT,39821,0,0,32,15
3,12,479352.0,-1.6937610238111842,-0.7399802608791516,TIME_LIMIT,39859,0,0,34,24
3,12,479820.0,-1.6937357940526623,-0.7399802608791516,TIME_LIMIT,39899,0,0,35,6
3,12,480287.0,-1.6937357940526623,-0.7399802608791516,TIME_LIMIT,39933,0,0,36,20
3,12,480769.0,-1.6937238321061097,-0.7399802608791516,TIME_LIMIT,39988,0,0,24,10
3,12,481244.0,-1.6937238321061097,-0.7399802608791516,TIME_LIMIT,40027,0,0,29,27
3,12,481715.0,-1.6937027497057442,-0.7399802608791516,TIME_LIMIT,40066,0,0,24,14
3,12,482206.0,-1.6937027497057442,-0.7399802608791516,TIME_LIMIT,40100,0,0,39,20
3,12,482696.0,-1.6936392443544286,-0.7399802608791516,TIME_LIMIT,40147,0,0,33,7
3,12,483184.0,-1.6936392443544286,-0.7399802608791516,TIME_LIMIT,40174,0,0,38,15
3,12,483664.0,-1.6935757759415642,-0.7399802608791516,TIME_LIMIT,40224,0,0,30,10
3,12,484077.0,-1.6935757759415642,-0.7399802608791516,TIME_LIMIT,40258,0,0,44,36
3,12,484553.0,-1.6935398726668267,-0.7399802608791516,TIME_LIMIT,40314,0,0,36,12
3,12,485020.0,-1.6935398726668267,-0.7399802608791516,TIME_LIMIT,40349,0,0,36,15
3,12,485507.0,-1.6935325615333514,-0.7399802608791516,TIME_LIMIT,40391,0,0,39,13
3,12,485977.0,-1.6935325615333514,-0.7399802608791516,TIME_LIMIT,40428,0,0,33,24
3,12,486453.0,-1.6934353763053462,-0.7399802608791516,TIME_LIMIT,40479,0,0,30,18
3,12,486944.0,-1.6934353763053462,-0.7399802608791516,TIME_LIMIT,40521,0,0,43,26
3,12,487425.0,-1.693429167138761,-0.7399802608791516,TIME_LIMIT,40556,0,0,35,20
3,12,487937.0,-1.693429167138761,-0.7399802608791516,TIME_LIMIT,40594,0,0,45,28
3,12,488409.0,-1.6933469205048663,-0.7399802608791516,TIME_LIMIT,40647,0,0,32,15
3,12,488734.0,-1.6933469205048663,-0.7399802608791516,TIME_LIMIT,40685,0,0,25,18
3,12,489229.0,-1.6933012945517236,-0.7399802608791516,TIME_LIMIT,40731,0,0,42,13
3,12,489698.0,-1.6933012945517236,-0.7399802608791516,TIME_LIMIT,40767,0,0,42,30
3,12,490165.0,-1.693234072208135,-0.7399802608791516,TIME_LIMIT,40828,0,0,33,18
3,12,490649.0,-1.693234072208135,-0.7399802608791516,TIME_LIMIT,40862,0,0,40,43
3,12,491118.0,-1.6930900216296862,-0.7399802608791516,TIME_LIMIT,40912,0,0,33,26
3,12,491588.0,-1.6930900216296862,-0.7399802608791516,TIME_LIMIT,40945,0,0,40,37
3,12,492083.0,-1.6930118816834936,-0.7399802608791516,TIME_LIMIT,41001,0,0,36,19
3,12,492555.0,-1.6930118816834936,-0.7399802608791516,TIME_LIMIT,41039,0,0,44,21
3,12,493025.0,-1.6929609350192465,-0.7399802608791516,TIME_LIMIT,41070,0,0,37,14
3,12,493516.0,-1.6929609350192465,-0.7399802608791516,TIME_LIMIT,41104,0,0,24,17
3,12,493994.0,-1.6928336569525468,-0.7399802608791516,TIME_LIMIT,41159,0,0,22,9
3,12,494468.0,-1.6928336569525468,-0.7399802608791516,TIME_LIMIT,41195,0,0,48,32
3,12,494954.0,-1.6927766970472173,-0.7399802608791516,TIME_LIMIT,41250,0,0,21,12
3,12,495443.0,-1.6927766970472173,-0.7399802608791516,TIME_LIMIT,41283,0,0,37,18
3,12,495938.0,-1.6926460403605945,-0.7399802608791516,TIME_LIMIT,41332,0,0,14,8
3,12,496425.0,-1.6926460403605945,-0.7399802608791516,TIME_LIMIT,41375,0,0,22,10
3,12,496894.0,-1.6926130704970395,-0.7399802608791516,TIME_LIMIT,41411,0,0,28,12
3,12,497367.0,-1.6926130704970395,-0.7399802608791516,TIME_LIMIT,41452,0,0,51,33
3,12,497851.0,-1.6924047995789797,-0.7399802608791516,TIME_LIMIT,41503,0,0,18,8
3,12,498323.0,-1.6924047995789797,-0.7399802608791516,TIME_LIMIT,41536,0,0,46,48
3,12,498790.0,-1.6922604845669547,-0.7399802608791516,TIME_LIMIT,41592,0,0,37,8
3,12,499285.0,-1.6922604845669547,-0.7399802608791516,TIME_LIMIT,41629,0,0,21,25
3,12,499754.0,-1.6922213278744969,-0.7399802608791516,TIME_LIMIT,41677,0,0,33,11
3,12,500223.0,-1.6922213278744969,-0.7399802608791516,TIME_LIMIT,41712,0,0,48,35
3,12,500709.0,-1.6921070506798088,-0.7399802608791516,TIME_LIMIT,41767,0,0,35,14
3,12,501183.0,-1.6921070506798088,-0.7399802608791516,TIME_LIMIT,41806,0,0,39,15
3,12,501659.0,-1.692104455102178,-0.7399802608791516,TIME_LIMIT,41841,0,0,29,14
3,12,502146.0,-1.692104455102178,-0.7399802608791516,TIME_LIMIT,41894,0,0,30,19
3,12,502616.0,-1.6919622629402848,-0.7399802608791516,TIME_LIMIT,41934,0,0,31,19
3,12,503087.0,-1.6919622629402848,-0.7399802608791516,TIME_LIMIT,41963,0,0,37,32
3,12,503571.0,-1.6917347484403276,-0.7399802608791516,TIME_LIMIT,42008,0,0,27,12
3,12,504043.0,-1.6917347484403276,-0.7399802608791516,TIME_LIMIT,42036,0,0,52,47
3,12,504513.0,-1.691732507423469,-0.7399802608791516,TIME_LIMIT,42088,0,0,37,15
3,12,504958.0,-1.691732507423469,-0.7399802608791516,TIME_LIMIT,42122,0,0,44,29
3,12,505443.0,-1.6916496672172203,-0.7399802608791516,TIME_LIMIT,42178,0,0,33,9
3,12,505915.0,-1.6916496672172203,-0.7399802608791516,TIME_LIMIT,42220,0,0,46,33
3,12,506383.0,-1.6916360990880601,-0.7399802608791516,TIME_LIMIT,42269,0,0,17,13
3,12,506872.0,-1.6916360990880601,-0.7399802608791516,TIME_LIMIT,42306,0,0,41,26
3,12,507351.0,-1.6914360940369277,-0.7399802608791516,TIME_LIMIT,42339,0,0,36,13
3,12,507825.0,-1.6914360940369277,-0.7399802608791516,TIME_LIMIT,42371,0,0,40,15
3,12,508315.0,-1.691365489130038,-0.7399802608791516,TIME_LIMIT,42427,0,0,30,18
3,12,508725.0,-1.691365489130038,-0.7399802608791516,TIME_LIMIT,42468,0,0,36,27
3,12,509193.0,-1.6912970203470734,-0.7399802608791516,TIME_LIMIT,42520,0,0,20,19
3,12,509664.0,-1.6912970203470734,-0.7399802608791516,TIME_LIMIT,42552,0,0,26,14
3,12,510133.0,-1.6912706845500283,-0.7399802608791516,TIME_LIMIT,42619,0,0,27,12
3,12,510622.0,-1.6912706845500283,-0.7399802608791516,TIME_LIMIT,42651,0,0,36,23
3,12,511114.0,-1.6912271464363273,-0.7399802608791516,TIME_LIMIT,42692,0,0,19,7
3,12,511586.0,-1.6912271464363273,-0.7399802608791516,TIME_LIMIT,42731,0,0,28,32
3,12,512070.0,-1.691182702367064,-0.7399802608791516,TIME_LIMIT,42788,0,0,23,10
3,12,512548.0,-1.691182702367064,-0.7399802608791516,TIME_LIMIT,42825,0,0,29,24
3,12,513024.0,-1.6911025226293326,-0.7399802608791516,TIME_LIMIT,42881,0,0,36,17
3,12,513512.0,-1.6911025226293326,-0.7399802608791516,TIME_LIMIT,42913,0,0,37,29
3,12,513996.0,-1.6910977821527577,-0.7399802608791516,TIME_LIMIT,42969,0,0,18,10
3,12,514439.0,-1.6910977821527577,-0.7399802608791516,TIME_LIMIT,43015,0,0,23,13
3,12,514924.0,-1.69109250737651,-0.7399802608791516,TIME_LIMIT,43044,0,0,28,13
3,12,515393.0,-1.69109250737651,-0.7399802608791516,TIME_LIMIT,43085,0,0,44,9
3,12,515895.0,-1.6909857879958243,-0.7399802608791516,TIME_LIMIT,43125,0,0,27,13
3,12,516390.0,-1.6909857879958243,-0.7399802608791516,TIME_LIMIT,43152,0,0,35,13
3,12,516876.0,-1.690980444278863,-0.7399802608791516,TIME_LIMIT,43206,0,0,37,14
3,12,517356.0,-1.690980444278863,-0.7399802608791516,TIME_LIMIT,43241,0,0,24,9
3,12,517845.0,-1.6909285640571956,-0.7399802608791516,TIME_LIMIT,43292,0,0,29,14
3,12,518316.0,-1.6909285640571956,-0.7399802608791516,TIME_LIMIT,43333,0,0,36,15
3,12,518786.0,-1.6908841585749554,-0.7399802608791516,TIME_LIMIT,43375,0,0,40,7
3,12,519282.0,-1.6908841585749554,-0.7399802608791516,TIME_LIMIT,43409,0,0,27,14
3,12,519579.0,-1.690821567981632,-0.7399802608791516,TIME_LIMIT,43449,0,0,42,15
3,12,520051.0,-1.690821567981632,-0.7399802608791516,TIME_LIMIT,43484,0,0,37,41
3,12,520525.0,-1.6907838079538866,-0.7399802608791516,TIME_LIMIT,43523,0,0,39,17
3,12,521020.0,-1.6907838079538866,-0.7399802608791516,TIME_LIMIT,43554,0,0,44,28
3,12,521499.0,-1.690773373255467,-0.7399802608791516,TIME_LIMIT,43609,0,0,31,11
3,12,521990.0,-1.690773373255467,-0.7399802608791516,TIME_LIMIT,43644,0,0,46,23
3,12,522490.0,-1.690640752844025,-0.7399802608791516,TIME_LIMIT,43690,0,0,27,7
3,12,522963.0,-1.690640752844025,-0.7399802608791516,TIME_LIMIT,43724,0,0,28,8
3,12,523441.0,-1.6905878676760269,-0.7399802608791516,TIME_LIMIT,43776,0,0,19,9
3,12,523929.0,-1.6905878676760269,-0.7399802608791516,TIME_LIMIT,43809,0,0,49,36
3,12,524399.0,-1.6905660684912645,-0.7399802608791516,TIME_LIMIT,43869,0,0,29,18
3,12,524869.0,-1.6905660684912645,-0.7399802608791516,TIME_LIMIT,43901,0,0,34,23
3,12,525356.0,-1.6905349124713154,-0.7399802608791516,TIME_LIMIT,43958,0,0,37,12
3,12,525824.0,-1.6905349124713154,-0.7399802608791516,TIME_LIMIT,43995,0,0,48,31
3,12,526294.0,-1.6904751843010195,-0.7399802608791516,TIME_LIMIT,44032,0,0,31,23
3,12,526780.0,-1.6904751843010195,-0.7399802608791516,TIME_LIMIT,44072,0,0,43,25
3,12,527257.0,-1.6903815933120883,-0.7399802608791516,TIME_LIMIT,44115,0,0,29,13
3,12,527726.0,-1.6903815933120883,-0.7399802608791516,TIME_LIMIT,44144,0,0,32,41
3,12,528193.0,-1.6900934618645094,-0.7399802608791516,TIME_LIMIT,44199,0,0,35,12
3,12,528685.0,-1.6900934618645094,-0.7399802608791516,TIME_LIMIT,44234,0,0,42,45
3,12,529155.0,-1.6899681498158323,-0.7399802608791516,TIME_LIMIT,44284,0,0,32,8
3,12,529623.0,-1.6899681498158323,-0.7399802608791516,TIME_LIMIT,44321,0,0,35,20
3,12,530108.0,-1.689949581354309,-0.7399802608791516,TIME_LIMIT,44359,0,0,31,27
3,12,530576.0,-1.689949581354309,-0.7399802608791516,TIME_LIMIT,44392,0,0,42,32
3,12,531047.0,-1.6899292317147996,-0.7399802608791516,TIME_LIMIT,44445,0,0,24,16
3,12,531533.0,-1.6899292317147996,-0.7399802608791516,TIME_LIMIT,44483,0,0,48,48
3,12,532003.0,-1.689845818774939,-0.7399802608791516,TIME_LIMIT,44539,0,0,38,18
3,12,532475.0,-1.689845818774939,-0.7399802608791516,TIME_LIMIT,44572,0,0,47,37
3,12,532972.0,-1.6897157939268008,-0.7399802608791516,TIME_LIMIT,44624,0,0,33,11
3,12,533442.0,-1.6897157939268008,-0.7399802608791516,TIME_LIMIT,44659,0,0,48,24
3,12,533910.0,-1.6896200965903332,-0.7399802608791516,TIME_LIMIT,44707,0,0,33,15
3,12,534393.0,-1.6896200965903332,-0.7399802608791516,TIME_LIMIT,44750,0,0,36,16
3,12,534861.0,-1.6895238446138523,-0.7399802608791516,TIME_LIMIT,44791,0,0,39,12
3,12,535329.0,-1.6895238446138523,-0.7399802608791516,TIME_LIMIT,44821,0,0,26,22
3,12,535813.0,-1.6895026275793288,-0.7399802608791516,TIME_LIMIT,44873,0,0,29,11
3,12,536282.0,-1.6895026275793288,-0.7399802608791516,TIME_LIMIT,44904,0,0,39,27
3,12,536753.0,-1.6894895737161468,-0.7399802608791516,TIME_LIMIT,44955,0,0,33,22
3,12,537221.0,-1.6894895737161468,-0.7399802608791516,TIME_LIMIT,44990,0,0,35,26
3,12,537708.0,-1.6893650574102732,-0.7399802608791516,TIME_LIMIT,45042,0,0,31,16
3,12,538179.0,-1.6893650574102732,-0.7399802608791516,TIME_LIMIT,45082,0,0,48,35
3,12,538649.0,-1.68934555894097,-0.7399802608791516,TIME_LIMIT,45136,0,0,33,19
3,12,539136.0,-1.68934555894097,-0.7399802608791516,TIME_LIMIT,45169,0,0,32,21
3,12,539605.0,-1.6892808060020308,-0.7399802608791516,TIME_LIMIT,45218,0,0,29,9
3,12,540076.0,-1.6892808060020308,-0.7399802608791516,TIME_LIMIT,45249,0,0,38,24
3,12,540563.0,-1.6891394880040909,-0.7399802608791516,TIME_LIMIT,45298,0,0,29,15
3,12,541035.0,-1.6891394880040909,-0.7399802608791516,TIME_LIMIT,45338,0,0,40,25
3,12,541506.0,-1.689115022323011,-0.7399802608791516,TIME_LIMIT,45385,0,0,32,12
3,12,541992.0,-1.689115022323011,-0.7399802608791516,TIME_LIMIT,45417,0,0,25,14
3,12,542461.0,-1.6890901702371515,-0.7399802608791516,TIME_LIMIT,45455,0,0,29,10
3,12,542931.0,-1.6890901702371515,-0.7399802608791516,TIME_LIMIT,45489,0,0,40,30
3,12,543401.0,-1.6890882362775346,-0.7399802608791516,TIME_LIMIT,45543,0,0,21,10
3,12,543885.0,-1.6890882362775346,-0.7399802608791516,TIME_LIMIT,45572,0,0,37,15
3,12,544352.0,-1.6890645382393032,-0.7399802608791516,TIME_LIMIT,45628,0,0,37,15
3,12,544818.0,-1.6890645382393032,-0.7399802608791516,TIME_LIMIT,45659,0,0,43,18
3,12,545303.0,-1.68905366834911,-0.7399802608791516,TIME_LIMIT,45706,0,0,28,9
3,12,545770.0,-1.68905366834911,-0.7399802608791516,TIME_LIMIT,45741,0,0,33,22
3,12,546237.0,-1.6890389362555442,-0.7399802608791516,TIME_LIMIT,45800,0,0,19,10
3,12,546720.0,-1.6890389362555442,-0.7399802608791516,TIME_LIMIT,45842,0,0,47,17
3,12,547187.0,-1.688985503605041,-0.7399802608791516,TIME_LIMIT,45888,0,0,30,18
3,12,547670.0,-1.688985503605041,-0.7399802608791516,TIME_LIMIT,45921,0,0,38,26
3,12,548204.0,-1.6888002236265145,-0.7399802608791516,TIME_LIMIT,45976,0,0,27,15
3,12,548678.0,-1.6888002236265145,-0.7399802608791516,TIME_LIMIT,46017,0,0,39,29
3,12,549156.0,-1.6885263869833,-0.7399802608791516,TIME_LIMIT,46055,0,0,35,22
3,12,549529.0,-1.6885263869833,-0.7399802608791516,TIME_LIMIT,46088,0,0,33,20
3,12,550022.0,-1.6883820421804057,-0.7399802608791516,TIME_LIMIT,46138,0,0,19,6
3,12,550512.0,-1.6883820421804057,-0.7399802608791516,TIME_LIMIT,46172,0,0,50,38
3,12,550983.0,-1.6882282329375726,-0.7399802608791516,TIME_LIMIT,46224,0,0,30,16
3,12,551309.0,-1.6882282329375726,-0.7399802608791516,TIME_LIMIT,46263,0,0,46,13
3,12,551810.0,-1.6882109533398002,-0.7399802608791516,TIME_LIMIT,46316,0,0,33,11
3,12,552282.0,-1.6882109533398002,-0.7399802608791516,TIME_LIMIT,46346,0,0,36,37
3,12,552758.0,-1.688152435378892,-0.7399802608791516,TIME_LIMIT,46400,0,0,37,10
3,12,553226.0,-1.688152435378892,-0.7399802608791516,TIME_LIMIT,46432,0,0,37,21
3,12,553710.0,-1.6881474141513593,-0.7399802608791516,TIME_LIMIT,46490,0,0,15,11
3,12,554180.0,-1.6881474141513593,-0.7399802608791516,TIME_LIMIT,46525,0,0,44,52
3,12,554650.0,-1.688076177421442,-0.7399802608791516,TIME_LIMIT,46575,0,0,32,16
3,12,555149.0,-1.688076177421442,-0.7399802608791516,TIME_LIMIT,46606,0,0,37,23
3,12,555641.0,-1.6879099678517786,-0.7399802608791516,TIME_LIMIT,46651,0,0,27,7
3,12,556112.0,-1.6879099678517786,-0.7399802608791516,TIME_LIMIT,46689,0,0,40,28
3,12,556596.0,-1.6878802543231308,-0.7399802608791516,TIME_LIMIT,46740,0,0,32,22
3,12,557064.0,-1.6878802543231308,-0.7399802608791516,TIME_LIMIT,46777,0,0,39,27
3,12,557534.0,-1.6878788471109043,-0.7399802608791516,TIME_LIMIT,46813,0,0,41,16
3,12,558021.0,-1.6878788471109043,-0.7399802608791516,TIME_LIMIT,46849,0,0,46,37
3,12,558495.0,-1.6878385888009324,-0.7399802608791516,TIME_LIMIT,46909,0,0,19,8
3,12,558963.0,-1.6878385888009324,-0.7399802608791516,TIME_LIMIT,46947,0,0,45,27
3,12,559449.0,-1.6877602113135932,-0.7399802608791516,TIME_LIMIT,46996,0,0,32,9
3,12,559933.0,-1.6877602113135932,-0.7399802608791516,TIME_LIMIT,47030,0,0,44,28
3,12,560430.0,-1.6877076397879849,-0.7399802608791516,TIME_LIMIT,47084,0,0,37,8
3,12,560919.0,-1.6877076397879849,-0.7399802608791516,TIME_LIMIT,47109,0,0,40,23
3,12,561388.0,-1.6876433386854601,-0.7399802608791516,TIME_LIMIT,47165,0,0,21,11
3,12,561875.0,-1.6876433386854601,-0.7399802608791516,TIME_LIMIT,47192,0,0,34,39
3,12,562360.0,-1.687630234222172,-0.7399802608791516,TIME_LIMIT,47249,0,0,28,22
3,12,562831.0,-1.687630234222172,-0.7399802608791516,TIME_LIMIT,47286,0,0,41,27
3,12,563300.0,-1.6876160963567652,-0.7399802608791516,TIME_LIMIT,47339,0,0,35,11
3,12,563771.0,-1.6876160963567652,-0.7399802608791516,TIME_LIMIT,47373,0,0,46,37
3,12,564255.0,-1.6875766505835728,-0.7399802608791516,TIME_LIMIT,47426,0,0,32,15
3,12,564696.0,-1.6875766505835728,-0.7399802608791516,TIME_LIMIT,47460,0,0,36,40
3,12,565166.0,-1.6875753330424559,-0.7399802608791516,TIME_LIMIT,47509,0,0,20,5
3,12,565633.0,-1.6875753330424559,-0.7399802608791516,TIME_LIMIT,47538,0,0,37,31
3,12,566114.0,-1.6875347964175675,-0.7399802608791516,TIME_LIMIT,47588,0,0,27,21
3,12,566622.0,-1.6875347964175675,-0.7399802608791516,TIME_LIMIT,47621,0,0,33,20
3,12,567094.0,-1.6874926118113807,-0.7399802608791516,TIME_LIMIT,47664,0,0,35,11
3,12,567581.0,-1.6874926118113807,-0.7399802608791516,TIME_LIMIT,47700,0,0,39,21
3,12,568048.0,-1.6874066532353311,-0.7399802608791516,TIME_LIMIT,47754,0,0,32,15
3,12,568515.0,-1.6874066532353311,-0.7399802608791516,TIME_LIMIT,47785,0,0,36,25
3,12,568981.0,-1.6872252900100089,-0.7399802608791516,TIME_LIMIT,47836,0,0,33,6
3,12,569467.0,-1.6872252900100089,-0.7399802608791516,TIME_LIMIT,47873,0,0,25,15
3,12,569945.0,-1.6871822061002162,-0.7399802608791516,TIME_LIMIT,47926,0,0,17,6
3,12,570416.0,-1.6871822061002162,-0.7399802608791516,TIME_LIMIT,47961,0,0,38,27
3,12,570902.0,-1.6870557556814367,-0.7399802608791516,TIME_LIMIT,48014,0,0,37,21
3,12,571374.0,-1.6870557556814367,-0.7399802608791516,TIME_LIMIT,48048,0,0,32,16
3,12,571852.0,-1.6870238458418334,-0.7399802608791516,TIME_LIMIT,48091,0,0,33,8
3,12,572342.0,-1.6870238458418334,-0.7399802608791516,TIME_LIMIT,48122,0,0,45,52
3,12,572811.0,-1.686993682316011,-0.7399802608791516,TIME_LIMIT,48174,0,0,33,11
3,12,573280.0,-1.686993682316011,-0.7399802608791516,TIME_LIMIT,48207,0,0,27,10
3,12,573765.0,-1.6868133518106594,-0.7399802608791516,TIME_LIMIT,48258,0,0,29,8
3,12,574233.0,-1.6868133518106594,-0.7399802608791516,TIME_LIMIT,48291,0,0,28,21
3,12,574703.0,-1.6867285093136037,-0.7399802608791516,TIME_LIMIT,48341,0,0,30,15
3,12,575172.0,-1.6867285093136037,-0.7399802608791516,TIME_LIMIT,48374,0,0,39,53
3,12,575658.0,-1.6866727646441564,-0.7399802608791516,TIME_LIMIT,48431,0,0,29,11
3,12,576136.0,-1.6866727646441564,-0.7399802608791516,TIME_LIMIT,48466,0,0,42,21
3,12,576617.0,-1.686666598662388,-0.7399802608791516,TIME_LIMIT,48517,0,0,28,22
3,12,577105.0,-1.686666598662388,-0.7399802608791516,TIME_LIMIT,48545,0,0,28,24
3,12,577583.0,-1.6866178422586788,-0.7399802608791516,TIME_LIMIT,48596,0,0,31,8
3,12,578052.0,-1.6866178422586788,-0.7399802608791516,TIME_LIMIT,48645,0,0,34,21
3,12,578537.0,-1.6865883208288637,-0.7399802608791516,TIME_LIMIT,48684,0,0,20,10
3,12,579007.0,-1.6865883208288637,-0.7399802608791516,TIME_LIMIT,48721,0,0,43,26
3,12,579476.0,-1.686578253289674,-0.7399802608791516,TIME_LIMIT,48770,0,0,31,6
3,12,579944.0,-1.686578253289674,-0.7399802608791516,TIME_LIMIT,48803,0,0,35,40
3,12,580429.0,-1.686520693540748,-0.7399802608791516,TIME_LIMIT,48861,0,0,21,10
3,12,580899.0,-1.686520693540748,-0.7399802608791516,TIME_LIMIT,48893,0,0,43,32
3,12,581366.0,-1.6864646142375332,-0.7399802608791516,TIME_LIMIT,48946,0,0,33,10
3,12,581849.0,-1.6864646142375332,-0.7399802608791516,TIME_LIMIT,48986,0,0,21,14
3,12,582315.0,-1.6863605386997598,-0.7399802608791516,TIME_LIMIT,49019,0,0,28,15
3,12,582685.0,-1.6863605386997598,-0.7399802608791516,TIME_LIMIT,49058,0,0,40,18
3,12,583176.0,-1.6863254754681996,-0.7399802608791516,TIME_LIMIT,49110,0,0,30,13
3,12,583645.0,-1.6863254754681996,-0.7399802608791516,TIME_LIMIT,49145,0,0,44,19
3,12,584115.0,-1.6862688810438777,-0.7399802608791516,TIME_LIMIT,49195,0,0,34,12
3,12,584598.0,-1.6862688810438777,-0.7399802608791516,TIME_LIMIT,49230,0,0,50,57
3,12,585065.0,-1.6862670355271916,-0.7399802608791516,TIME_LIMIT,49284,0,0,35,14
3,12,585533.0,-1.6862670355271916,-0.7399802608791516,TIME_LIMIT,49314,0,0,50,32
3,12,586025.0,-1.6862404145476886,-0.7399802608791516,TIME_LIMIT,49368,0,0,32,14
3,12,586495.0,-1.6862404145476886,-0.7399802608791516,TIME_LIMIT,49398,0,0,50,50
3,12,586965.0,-1.6862173109680614,-0.7399802608791516,TIME_LIMIT,49452,0,0,12,14
3,12,587431.0,-1.6862173109680614,-0.7399802608791516,TIME_LIMIT,49484,0,0,46,17
3,12,587913.0,-1.6861547037891786,-0.7399802608791516,TIME_LIMIT,49534,0,0,20,11
3,12,588381.0,-1.6861547037891786,-0.7399802608791516,TIME_LIMIT,49573,0,0,34,18
3,12,588849.0,-1.6861456970732622,-0.7399802608791516,TIME_LIMIT,49613,0,0,16,11
3,12,589334.0,-1.6861456970732622,-0.7399802608791516,TIME_LIMIT,49646,0,0,39,21
3,12,589804.0,-1.6860882646199435,-0.7399802608791516,TIME_LIMIT,49699,0,0,33,11
3,12,590276.0,-1.6860882646199435,-0.7399802608791516,TIME_LIMIT,49743,0,0,33,9
3,12,590752.0,-1.685924934303162,-0.7399802608791516,TIME_LIMIT,49778,0,0,34,15
3,12,591242.0,-1.685924934303162,-0.7399802608791516,TIME_LIMIT,49807,0,0,39,41
3,12,591710.0,-1.685814982353464,-0.7399802608791516,TIME_LIMIT,49859,0,0,32,14
3,12,592179.0,-1.685814982353464,-0.7399802608791516,TIME_LIMIT,49907,0,0,38,14
3,12,592661.0,-1.685772587353739,-0.7399802608791516,TIME_LIMIT,49942,0,0,31,11
3,12,593143.0,-1.685772587353739,-0.7399802608791516,TIME_LIMIT,49966,0,0,42,28
3,12,593623.0,-1.685659266055175,-0.7399802608791516,TIME_LIMIT,50023,0,0,35,10
3,12,594078.0,-1.685659266055175,-0.7399802608791516,TIME_LIMIT,50066,0,0,45,26
3,12,594540.0,-1.6856515892748298,-0.7399802608791516,TIME_LIMIT,50122,0,0,16,9
3,12,595005.0,-1.6856515892748298,-0.7399802608791516,TIME_LIMIT,50159,0,0,20,27
3,12,595428.0,-1.6855106983214339,-0.7399802608791516,TIME_LIMIT,50199,0,0,16,14
3,12,595889.0,-1.6855106983214339,-0.7399802608791516,TIME_LIMIT,50239,0,0,37,13
3,12,596299.0,-1.6854820365070387,-0.7399802608791516,TIME_LIMIT,50283,0,0,43,12
3,12,596763.0,-1.6854820365070387,-0.7399802608791516,TIME_LIMIT,50314,0,0,23,24
3,12,597243.0,-1.6853016439252737,-0.7399802608791516,TIME_LIMIT,50368,0,0,31,16
3,12,597706.0,-1.6853016439252737,-0.7399802608791516,TIME_LIMIT,50399,0,0,37,21
3,12,598167.0,-1.685187131265065,-0.7399802608791516,TIME_LIMIT,50447,0,0,28,11
3,12,598630.0,-1.685187131265065,-0.7399802608791516,TIME_LIMIT,50479,0,0,30,28
3,12,599112.0,-1.6851264804467683,-0.7399802608791516,TIME_LIMIT,50536,0,0,30,11
3,12,599584.0,-1.6851264804467683,-0.7399802608791516,TIME_LIMIT,50574,0,0,49,29
3,12,600061.0,-1.6850560050913828,-0.7399802608791516,TIME_LIMIT,50621,0,0,17,8
3,12,600547.0,-1.6850560050913828,-0.7399802608791516,TIME_LIMIT,50654,0,0,36,31
3,12,601012.0,-1.6846870900878548,-0.7399802608791516,TIME_LIMIT,50709,0,0,32,15
3,12,601477.0,-1.6846870900878548,-0.7399802608791516,TIME_LIMIT,50748,0,0,45,19
3,12,601942.0,-1.6846119249074758,-0.7399802608791516,TIME_LIMIT,50803,0,0,31,10
3,12,602424.0,-1.6846119249074758,-0.7399802608791516,TIME_LIMIT,50838,0,0,41,30
3,12,602891.0,-1.6845786451164504,-0.7399802608791516,TIME_LIMIT,50876,0,0,35,15
3,12,603357.0,-1.6845786451164504,-0.7399802608791516,TIME_LIMIT,50910,0,0,41,29
3,12,603841.0,-1.684565292720609,-0.7399802608791516,TIME_LIMIT,50948,0,0,35,33
3,12,604307.0,-1.684565292720609,-0.7399802608791516,TIME_LIMIT,50989,0,0,35,22
3,12,604787.0,-1.684418520822633,-0.7399802608791516,TIME_LIMIT,51034,0,0,39,11
3,12,605256.0,-1.684418520822633,-0.7399802608791516,TIME_LIMIT,51078,0,0,45,16
3,12,605739.0,-1.6843929986901183,-0.7399802608791516,TIME_LIMIT,51118,0,0,39,14
3,12,606207.0,-1.6843929986901183,-0.7399802608791516,TIME_LIMIT,51151,0,0,38,30
3,12,606683.0,-1.6843722145766415,-0.7399802608791516,TIME_LIMIT,51207,0,0,32,13
3,12,607166.0,-1.6843722145766415,-0.7399802608791516,TIME_LIMIT,51244,0,0,45,23
3,12,607633.0,-1.6843676160749421,-0.7399802608791516,TIME_LIMIT,51294,0,0,31,16
3,12,608099.0,-1.6843676160749421,-0.7399802608791516,TIME_LIMIT,51322,0,0,49,23
3,12,608429.0,-1.6843311334001594,-0.7399802608791516,TIME_LIMIT,51381,0,0,38,8
3,12,608924.0,-1.6843311334001594,-0.7399802608791516,TIME_LIMIT,51420,0,0,37,16
3,12,609395.0,-1.6842811283437003,-0.7399802608791516,TIME_LIMIT,51456,0,0,30,10
3,12,609859.0,-1.6842811283437003,-0.7399802608791516,TIME_LIMIT,51483,0,0,37,33
3,12,610345.0,-1.68419781621194,-0.7399802608791516,TIME_LIMIT,51545,0,0,34,20
3,12,610728.0,-1.68419781621194,-0.7399802608791516,TIME_LIMIT,51576,0,0,33,23
3,12,611214.0,-1.6840598807636842,-0.7399802608791516,TIME_LIMIT,51623,0,0,23,10
3,12,611680.0,-1.6840598807636842,-0.7399802608791516,TIME_LIMIT,51656,0,0,28,17
3,12,612145.0,-1.6837444451459254,-0.7399802608791516,TIME_LIMIT,51692,0,0,34,13
3,12,612610.0,-1.6837444451459254,-0.7399802608791516,TIME_LIMIT,51727,0,0,28,13
3,12,613093.0,-1.683564075464778,-0.7399802608791516,TIME_LIMIT,51778,0,0,31,9
3,12,613559.0,-1.683564075464778,-0.7399802608791516,TIME_LIMIT,51811,0,0,40,23
3,12,614026.0,-1.6835393632325844,-0.7399802608791516,TIME_LIMIT,51867,0,0,36,19
3,12,614511.0,-1.6835393632325844,-0.7399802608791516,TIME_LIMIT,51901,0,0,34,31
3,12,614982.0,-1.6833072416029695,-0.7399802608791516,TIME_LIMIT,51955,0,0,30,17
3,12,615450.0,-1.6833072416029695,-0.7399802608791516,TIME_LIMIT,51992,0,0,45,30
3,12,615922.0,-1.6832968238329071,-0.7399802608791516,TIME_LIMIT,52054,0,0,36,15
3,12,616427.0,-1.6832968238329071,-0.7399802608791516,TIME_LIMIT,52083,0,0,23,18
3,12,616908.0,-1.6831583941425834,-0.7399802608791516,TIME_LIMIT,52130,0,0,30,6
3,12,617381.0,-1.6831583941425834,-0.7399802608791516,TIME_LIMIT,52164,0,0,42,20
3,12,617864.0,-1.6830975966766244,-0.7399802608791516,TIME_LIMIT,52213,0,0,21,9
3,12,618331.0,-1.6830975966766244,-0.7399802608791516,TIME_LIMIT,52252,0,0,32,19
3,12,618802.0,-1.6830233110393134,-0.7399802608791516,TIME_LIMIT,52294,0,0,30,18
3,12,619096.0,-1.6830233110393134,-0.7399802608791516,TIME_LIMIT,52321,0,0,36,17
3,12,619563.0,-1.683021980077379,-0.7399802608791516,TIME_LIMIT,52374,0,0,23,8
3,12,620048.0,-1.683021980077379,-0.7399802608791516,TIME_LIMIT,52401,0,0,45,34
3,12,620523.0,-1.6829205259159823,-0.7399802608791516,TIME_LIMIT,52453,0,0,31,12
3,12,621016.0,-1.6829205259159823,-0.7399802608791516,TIME_LIMIT,52494,0,0,39,49
3,12,621484.0,-1.6828642678926826,-0.7399802608791516,TIME_LIMIT,52550,0,0,26,15
3,12,621969.0,-1.6828642678926826,-0.7399802608791516,TIME_LIMIT,52578,0,0,23,33
3,12,622440.0,-1.6828181299491838,-0.7399802608791516,TIME_LIMIT,52629,0,0,22,8
3,12,622907.0,-1.6828181299491838,-0.7399802608791516,TIME_LIMIT,52662,0,0,29,19
3,12,623391.0,-1.6828159061790942,-0.7399802608791516,TIME_LIMIT,52697,0,0,36,21
3,12,623857.0,-1.6828159061790942,-0.7399802608791516,TIME_LIMIT,52730,0,0,39,22
3,12,624327.0,-1.6827849101295653,-0.7399802608791516,TIME_LIMIT,52774,0,0,32,12
3,12,624798.0,-1.6827849101295653,-0.7399802608791516,TIME_LIMIT,52810,0,0,44,34
3,12,625302.0,-1.6827592423306685,-0.7399802608791516,TIME_LIMIT,52862,0,0,27,16
3,12,625775.0,-1.6827592423306685,-0.7399802608791516,TIME_LIMIT,52897,0,0,42,28
3,12,626243.0,-1.6827552744884824,-0.7399802608791516,TIME_LIMIT,52934,0,0,37,23
3,12,626710.0,-1.6827552744884824,-0.7399802608791516,TIME_LIMIT,52963,0,0,27,23
3,12,627198.0,-1.6827401646245663,-0.7399802608791516,TIME_LIMIT,53016,0,0,32,22
3,12,627668.0,-1.6827401646245663,-0.7399802608791516,TIME_LIMIT,53050,0,0,26,27
3,12,628137.0,-1.6827342431084455,-0.7399802608791516,TIME_LIMIT,53105,0,0,36,11
3,12,628622.0,-1.6827342431084455,-0.7399802608791516,TIME_LIMIT,53137,0,0,40,32
3,12,629092.0,-1.6826783732577542,-0.7399802608791516,TIME_LIMIT,53196,0,0,38,13
3,12,629562.0,-1.6826783732577542,-0.7399802608791516,TIME_LIMIT,53232,0,0,36,34
3,12,630029.0,-1.6826775117099846,-0.7399802608791516,TIME_LIMIT,53271,0,0,35,13
3,12,630435.0,-1.6826775117099846,-0.7399802608791516,TIME_LIMIT,53306,0,0,41,21
3,12,630903.0,-1.682655374999968,-0.7399802608791516,TIME_LIMIT,53359,0,0,36,8
3,12,631387.0,-1.682655374999968,-0.7399802608791516,TIME_LIMIT,53392,0,0,38,27
3,12,631856.0,-1.6826171967413637,-0.7399802608791516,TIME_LIMIT,53449,0,0,27,10
3,12,632325.0,-1.6826171967413637,-0.7399802608791516,TIME_LIMIT,53484,0,0,43,47
3,12,632791.0,-1.6826146749599973,-0.7399802608791516,TIME_LIMIT,53529,0,0,30,16
3,12,633273.0,-1.6826146749599973,-0.7399802608791516,TIME_LIMIT,53566,0,0,37,13
3,12,633699.0,-1.6825799429371366,-0.7399802608791516,TIME_LIMIT,53600,0,0,27,10
3,12,634168.0,-1.6825799429371366,-0.7399802608791516,TIME_LIMIT,53629,0,0,36,23
3,12,634648.0,-1.6825148316532226,-0.7399802608791516,TIME_LIMIT,53686,0,0,27,7
3,12,635117.0,-1.6825148316532226,-0.7399802608791516,TIME_LIMIT,53723,0,0,32,17
3,12,635601.0,-1.6824359386395342,-0.7399802608791516,TIME_LIMIT,53762,0,0,36,14
3,12,636071.0,-1.6824359386395342,-0.7399802608791516,TIME_LIMIT,53795,0,0,29,23
3,12,636541.0,-1.6823598227291532,-0.7399802608791516,TIME_LIMIT,53854,0,0,34,19
3,12,637033.0,-1.6823598227291532,-0.7399802608791516,TIME_LIMIT,53888,0,0,30,13
3,12,637515.0,-1.6822186232244387,-0.7399802608791516,TIME_LIMIT,53924,0,0,34,11
3,12,637987.0,-1.6822186232244387,-0.7399802608791516,TIME_LIMIT,53950,0,0,46,16
3,12,638455.0,-1.6821935040653497,-0.7399802608791516,TIME_LIMIT,54006,0,0,32,9
3,12,638940.0,-1.6821935040653497,-0.7399802608791516,TIME_LIMIT,54039,0,0,36,8
3,12,639237.0,-1.682099722953884,-0.7399802608791516,TIME_LIMIT,54075,0,0,27,9
3,12,639706.0,-1.682099722953884,-0.7399802608791516,TIME_LIMIT,54115,0,0,40,23
3,12,640176.0,-1.6819972472547808,-0.7399802608791516,TIME_LIMIT,54157,0,0,39,14
3,12,640643.0,-1.6819972472547808,-0.7399802608791516,TIME_LIMIT,54196,0,0,35,18
3,12,641127.0,-1.681945832223411,-0.7399802608791516,TIME_LIMIT,54232,0,0,37,18
3,12,641595.0,-1.681945832223411,-0.7399802608791516,TIME_LIMIT,54265,0,0,37,19
3,12,642066.0,-1.681847101576781,-0.7399802608791516,TIME_LIMIT,54320,0,0,20,11
3,12,642533.0,-1.681847101576781,-0.7399802608791516,TIME_LIMIT,54355,0,0,51,16
3,12,643017.0,-1.681780891595657,-0.7399802608791516,TIME_LIMIT,54410,0,0,28,10
3,12,643488.0,-1.681780891595657,-0.7399802608791516,TIME_LIMIT,54445,0,0,49,29
3,12,643956.0,-1.6815992655302152,-0.7399802608791516,TIME_LIMIT,54492,0,0,28,6
3,12,644394.0,-1.6815992655302152,-0.7399802608791516,TIME_LIMIT,54529,0,0,39,35
3,12,644883.0,-1.6815360627452154,-0.7399802608791516,TIME_LIMIT,54575,0,0,26,18
3,12,645355.0,-1.6815360627452154,-0.7399802608791516,TIME_LIMIT,54610,0,0,32,12
3,12,645823.0,-1.6814314344535026,-0.7399802608791516,TIME_LIMIT,54661,0,0,23,8
3,12,646293.0,-1.6814314344535026,-0.7399802608791516,TIME_LIMIT,54697,0,0,41,19
3,12,646777.0,-1.681426105229644,-0.7399802608791516,TIME_LIMIT,54746,0,0,25,12
3,12,647244.0,-1.681426105229644,-0.7399802608791516,TIME_LIMIT,54780,0,0,41,29
3,12,647712.0,-1.6813703686319306,-0.7399802608791516,TIME_LIMIT,54836,0,0,39,17
3,12,648180.0,-1.6813703686319306,-0.7399802608791516,TIME_LIMIT,54861,0,0,43,42
3,12,648670.0,-1.68126402560874,-0.7399802608791516,TIME_LIMIT,54915,0,0,35,12
3,12,649145.0,-1.68126402560874,-0.7399802608791516,TIME_LIMIT,54955,0,0,33,33
3,12,649617.0,-1.681262274329545,-0.7399802608791516,TIME_LIMIT,54990,0,0,28,17
3,12,650085.0,-1.681262274329545,-0.7399802608791516,TIME_LIMIT,55026,0,0,46,32
3,12,650571.0,-1.6812615230433283,-0.7399802608791516,TIME_LIMIT,55070,0,0,28,21
3,12,651040.0,-1.6812615230433283,-0.7399802608791516,TIME_LIMIT,55104,0,0,33,14
3,12,651517.0,-1.6811508734546556,-0.7399802608791516,TIME_LIMIT,55145,0,0,19,14
3,12,651990.0,-1.6811508734546556,-0.7399802608791516,TIME_LIMIT,55182,0,0,23,16
3,12,652477.0,-1.680995171343441,-0.7399802608791516,TIME_LIMIT,55235,0,0,19,7
3,12,652937.0,-1.680995171343441,-0.7399802608791516,TIME_LIMIT,55272,0,0,21,10
3,12,653419.0,-1.680738479988781,-0.7399802608791516,TIME_LIMIT,55322,0,0,31,14
3,12,653891.0,-1.680738479988781,-0.7399802608791516,TIME_LIMIT,55364,0,0,46,26
3,12,654378.0,-1.6806672991262728,-0.7399802608791516,TIME_LIMIT,55404,0,0,38,30
3,12,654845.0,-1.6806672991262728,-0.7399802608791516,TIME_LIMIT,55429,0,0,33,20
3,12,655327.0,-1.6805697188855007,-0.7399802608791516,TIME_LIMIT,55477,0,0,25,9
3,12,655796.0,-1.6805697188855007,-0.7399802608791516,TIME_LIMIT,55514,0,0,20,26
3,12,656280.0,-1.6804802041857754,-0.7399802608791516,TIME_LIMIT,55558,0,0,25,21
3,12,656748.0,-1.6804802041857754,-0.7399802608791516,TIME_LIMIT,55592,0,0,36,42
3,12,657217.0,-1.680460446941862,-0.7399802608791516,TIME_LIMIT,55625,0,0,44,17
3,12,657703.0,-1.680460446941862,-0.7399802608791516,TIME_LIMIT,55657,0,0,48,35
3,12,658171.0,-1.6804081991598965,-0.7399802608791516,TIME_LIMIT,55714,0,0,43,20
3,12,658642.0,-1.6804081991598965,-0.7399802608791516,TIME_LIMIT,55751,0,0,37,40
3,12,659111.0,-1.6803224367413367,-0.7399802608791516,TIME_LIMIT,55789,0,0,19,15
3,12,659620.0,-1.6803224367413367,-0.7399802608791516,TIME_LIMIT,55822,0,0,32,11
3,12,660088.0,-1.6802562415152376,-0.7399802608791516,TIME_LIMIT,55861,0,0,25,13
3,12,660562.0,-1.6802562415152376,-0.7399802608791516,TIME_LIMIT,55886,0,0,31,17
3,12,661055.0,-1.6802529796658645,-0.7399802608791516,TIME_LIMIT,55940,0,0,14,8
3,12,661546.0,-1.6802529796658645,-0.7399802608791516,TIME_LIMIT,55977,0,0,37,30
3,12,662019.0,-1.680137311119774,-0.7399802608791516,TIME_LIMIT,56011,0,0,21,11
3,12,662486.0,-1.680137311119774,-0.7399802608791516,TIME_LIMIT,56040,0,0,14,13
3,12,662955.0,-1.6800679984964606,-0.7399802608791516,TIME_LIMIT,56090,0,0,21,7
3,12,663445.0,-1.6800679984964606,-0.7399802608791516,TIME_LIMIT,56121,0,0,21,10
3,12,663949.0,-1.6800575310844799,-0.7399802608791516,TIME_LIMIT,56171,0,0,29,12
3,12,664425.0,-1.6800575310844799,-0.7399802608791516,TIME_LIMIT,56207,0,0,47,19
3,12,664894.0,-1.6800030766983145,-0.7399802608791516,TIME_LIMIT,56259,0,0,33,10
3,12,665379.0,-1.6800030766983145,-0.7399802608791516,TIME_LIMIT,56292,0,0,32,44
3,12,665849.0,-1.6799393970958187,-0.7399802608791516,TIME_LIMIT,56349,0,0,32,17
3,12,666318.0,-1.6799393970958187,-0.7399802608791516,TIME_LIMIT,56379,0,0,37,12
3,12,666794.0,-1.6798747505033527,-0.7399802608791516,TIME_LIMIT,56425,0,0,27,15
3,12,667282.0,-1.6798747505033527,-0.7399802608791516,TIME_LIMIT,56453,0,0,45,39
3,12,667751.0,-1.6797284906258458,-0.7399802608791516,TIME_LIMIT,56508,0,0,34,14
3,12,668226.0,-1.6797284906258458,-0.7399802608791516,TIME_LIMIT,56537,0,0,38,22
3,12,668692.0,-1.679697527431705,-0.7399802608791516,TIME_LIMIT,56590,0,0,30,11
3,12,669176.0,-1.679697527431705,-0.7399802608791516,TIME_LIMIT,56633,0,0,19,10
3,12,669642.0,-1.679606922465901,-0.7399802608791516,TIME_LIMIT,56674,0,0,19,7
3,12,670112.0,-1.679606922465901,-0.7399802608791516,TIME_LIMIT,56718,0,0,42,24
3,12,670580.0,-1.6795291508162962,-0.7399802608791516,TIME_LIMIT,56759,0,0,41,16
3,12,671068.0,-1.6795291508162962,-0.7399802608791516,TIME_LIMIT,56796,0,0,33,19
3,12,671536.0,-1.679452828385197,-0.7399802608791516,TIME_LIMIT,56853,0,0,19,9
3,12,672006.0,-1.679452828385197,-0.7399802608791516,TIME_LIMIT,56888,0,0,32,15
3,12,672477.0,-1.6794285260171018,-0.7399802608791516,TIME_LIMIT,56945,0,0,29,9
3,12,672964.0,-1.6794285260171018,-0.7399802608791516,TIME_LIMIT,56980,0,0,41,20
3,12,673433.0,-1.6792651610611928,-0.7399802608791516,TIME_LIMIT,57029,0,0,28,13
3,12,673903.0,-1.6792651610611928,-0.7399802608791516,TIME_LIMIT,57061,0,0,34,19
3,12,674373.0,-1.6792554208909298,-0.7399802608791516,TIME_LIMIT,57109,0,0,27,10
3,12,674858.0,-1.6792554208909298,-0.7399802608791516,TIME_LIMIT,57142,0,0,39,23
3,12,675338.0,-1.679224712515737,-0.7399802608791516,TIME_LIMIT,57194,0,0,22,11
3,12,675808.0,-1.679224712515737,-0.7399802608791516,TIME_LIMIT,57237,0,0,45,20
3,12,676276.0,-1.6792048179124113,-0.7399802608791516,TIME_LIMIT,57271,0,0,38,15
3,12,676762.0,-1.6792048179124113,-0.7399802608791516,TIME_LIMIT,57309,0,0,46,21
3,12,677229.0,-1.67900453158033,-0.7399802608791516,TIME_LIMIT,57357,0,0,31,16
3,12,677698.0,-1.67900453158033,-0.7399802608791516,TIME_LIMIT,57392,0,0,38,11
3,12,678163.0,-1.6789137827671259,-0.7399802608791516,TIME_LIMIT,57440,0,0,42,13
3,12,678635.0,-1.6789137827671259,-0.7399802608791516,TIME_LIMIT,57474,0,0,30,10
3,12,679121.0,-1.6788567871974265,-0.7399802608791516,TIME_LIMIT,57519,0,0,33,18
3,12,679592.0,-1.6788567871974265,-0.7399802608791516,TIME_LIMIT,57554,0,0,26,22
3,12,680061.0,-1.678850621998755,-0.7399802608791516,TIME_LIMIT,57605,0,0,33,9
3,12,680531.0,-1.678850621998755,-0.7399802608791516,TIME_LIMIT,57646,0,0,42,23
3,12,681017.0,-1.6786978418989953,-0.7399802608791516,TIME_LIMIT,57689,0,0,41,19
3,12,681493.0,-1.6786978418989953,-0.7399802608791516,TIME_LIMIT,57720,0,0,42,43
3,12,681964.0,-1.6785697822617967,-0.7399802608791516,TIME_LIMIT,57778,0,0,39,18
3,12,682434.0,-1.6785697822617967,-0.7399802608791516,TIME_LIMIT,57818,0,0,31,18
3,12,682918.0,-1.6784536879600362,-0.7399802608791516,TIME_LIMIT,57868,0,0,16,12
3,12,683386.0,-1.6784536879600362,-0.7399802608791516,TIME_LIMIT,57912,0,0,43,12
3,12,683857.0,-1.6784204272567946,-0.7399802608791516,TIME_LIMIT,57948,0,0,21,5
3,12,684325.0,-1.6784204272567946,-0.7399802608791516,TIME_LIMIT,57979,0,0,35,40
3,12,684809.0,-1.6782974275402225,-0.7399802608791516,TIME_LIMIT,58034,0,0,33,17
3,12,685287.0,-1.6782974275402225,-0.7399802608791516,TIME_LIMIT,58071,0,0,28,18
3,12,685782.0,-1.678274556123037,-0.7399802608791516,TIME_LIMIT,58122,0,0,32,9
3,12,686254.0,-1.678274556123037,-0.7399802608791516,TIME_LIMIT,58153,0,0,35,32
3,12,686741.0,-1.6781827331137438,-0.7399802608791516,TIME_LIMIT,58202,0,0,33,12
3,12,687209.0,-1.6781827331137438,-0.7399802608791516,TIME_LIMIT,58235,0,0,37,19
3,12,687678.0,-1.6781332772449142,-0.7399802608791516,TIME_LIMIT,58282,0,0,15,20
3,12,688184.0,-1.6781332772449142,-0.7399802608791516,TIME_LIMIT,58316,0,0,22,26
3,12,688672.0,-1.6780563241279371,-0.7399802608791516,TIME_LIMIT,58362,0,0,17,7
3,12,689144.0,-1.6780563241279371,-0.7399802608791516,TIME_LIMIT,58387,0,0,32,23
3,12,689638.0,-1.6780529119353318,-0.7399802608791516,TIME_LIMIT,58433,0,0,21,7
3,12,690131.0,-1.6780529119353318,-0.7399802608791516,TIME_LIMIT,58466,0,0,47,64
3,12,690601.0,-1.6780468801444086,-0.7399802608791516,TIME_LIMIT,58520,0,0,34,15
3,12,691070.0,-1.6780468801444086,-0.7399802608791516,TIME_LIMIT,58556,0,0,39,24
3,12,691545.0,-1.6780416713086412,-0.7399802608791516,TIME_LIMIT,58598,0,0,41,25
3,12,692033.0,-1.6780416713086412,-0.7399802608791516,TIME_LIMIT,58631,0,0,41,31
3,12,692502.0,-1.6779866741353815,-0.7399802608791516,TIME_LIMIT,58676,0,0,40,14
3,12,692977.0,-1.6779866741353815,-0.7399802608791516,TIME_LIMIT,58709,0,0,32,23
3,12,693463.0,-1.6778964422685505,-0.7399802608791516,TIME_LIMIT,58755,0,0,45,24
3,12,693956.0,-1.6778964422685505,-0.7399802608791516,TIME_LIMIT,58788,0,0,42,28
3,12,694423.0,-1.677888516216024,-0.7399802608791516,TIME_LIMIT,58842,0,0,18,13
3,12,694895.0,-1.677888516216024,-0.7399802608791516,TIME_LIMIT,58882,0,0,42,32
3,12,695364.0,-1.6778615463612705,-0.7399802608791516,TIME_LIMIT,58940,0,0,31,20
3,12,695850.0,-1.6778615463612705,-0.7399802608791516,TIME_LIMIT,58973,0,0,42,45
3,12,696322.0,-1.67778213554069,-0.7399802608791516,TIME_LIMIT,59032,0,0,31,12
3,12,696791.0,-1.67778213554069,-0.7399802608791516,TIME_LIMIT,59075,0,0,38,19
3,12,697260.0,-1.6774902841015245,-0.7399802608791516,TIME_LIMIT,59116,0,0,38,16
3,12,697744.0,-1.6774902841015245,-0.7399802608791516,TIME_LIMIT,59159,0,0,36,15
3,12,698231.0,-1.6774845958904894,-0.7399802608791516,TIME_LIMIT,59192,0,0,31,15
3,12,698704.0,-1.6774845958904894,-0.7399802608791516,TIME_LIMIT,59217,0,0,29,24
3,12,699173.0,-1.677416581528708,-0.7399802608791516,TIME_LIMIT,59275,0,0,17,6
3,12,699659.0,-1.677416581528708,-0.7399802608791516,TIME_LIMIT,59303,0,0,37,27
3,12,700127.0,-1.6773610561743744,-0.7399802608791516,TIME_LIMIT,59350,0,0,14,9
3,12,700597.0,-1.6773610561743744,-0.7399802608791516,TIME_LIMIT,59384,0,0,41,50
3,12,701066.0,-1.6773160611676088,-0.7399802608791516,TIME_LIMIT,59436,0,0,28,18
3,12,701534.0,-1.6773160611676088,-0.7399802608791516,TIME_LIMIT,59463,0,0,27,14
3,12,702021.0,-1.6772982984769744,-0.7399802608791516,TIME_LIMIT,59516,0,0,30,15
3,12,702493.0,-1.6772982984769744,-0.7399802608791516,TIME_LIMIT,59551,0,0,42,23
3,12,702962.0,-1.6772213851656719,-0.7399802608791516,TIME_LIMIT,59611,0,0,33,12
3,12,703431.0,-1.6772213851656719,-0.7399802608791516,TIME_LIMIT,59643,0,0,34,26
3,12,703918.0,-1.6771985345580804,-0.7399802608791516,TIME_LIMIT,59698,0,0,34,12
3,12,704388.0,-1.6771985345580804,-0.7399802608791516,TIME_LIMIT,59734,0,0,32,23
3,12,704871.0,-1.677170861097859,-0.7399802608791516,TIME_LIMIT,59781,0,0,30,9
3,12,705345.0,-1.677170861097859,-0.7399802608791516,TIME_LIMIT,59815,0,0,25,26
3,12,705833.0,-1.6769262316207434,-0.7399802608791516,TIME_LIMIT,59865,0,0,21,9
3,12,706304.0,-1.6769262316207434,-0.7399802608791516,TIME_LIMIT,59903,0,0,41,20
3,12,706791.0,-1.6768720975192293,-0.7399802608791516,TIME_LIMIT,59962,0,0,35,10
3,12,707223.0,-1.6768720975192293,-0.7399802608791516,TIME_LIMIT,60003,0,0,27,13
3,12,707617.0,-1.6768082526006771,-0.7399802608791516,TIME_LIMIT,60051,0,0,30,12
3,12,708090.0,-1.6768082526006771,-0.7399802608791516,TIME_LIMIT,60083,0,0,30,25
3,12,708557.0,-1.6767452139563828,-0.7399802608791516,TIME_LIMIT,60135,0,0,32,12
3,12,709026.0,-1.6767452139563828,-0.7399802608791516,TIME_LIMIT,60174,0,0,50,19
3,12,709508.0,-1.6767341329846943,-0.7399802608791516,TIME_LIMIT,60223,0,0,32,8
3,12,709976.0,-1.6767341329846943,-0.7399802608791516,TIME_LIMIT,60250,0,0,24,17
3,12,710444.0,-1.6767234898564283,-0.7399802608791516,TIME_LIMIT,60305,0,0,28,12
3,12,710941.0,-1.6767234898564283,-0.7399802608791516,TIME_LIMIT,60335,0,0,42,41
3,12,711410.0,-1.67670002937267,-0.7399802608791516,TIME_LIMIT,60390,0,0,32,10
3,12,711893.0,-1.67670002937267,-0.7399802608791516,TIME_LIMIT,60424,0,0,39,38
3,12,712362.0,-1.6766700152310308,-0.7399802608791516,TIME_LIMIT,60466,0,0,46,20
3,12,712828.0,-1.6766700152310308,-0.7399802608791516,TIME_LIMIT,60504,0,0,27,24
3,12,713297.0,-1.676628662563118,-0.7399802608791516,TIME_LIMIT,60558,0,0,34,11
3,12,713722.0,-1.676628662563118,-0.7399802608791516,TIME_LIMIT,60607,0,0,46,16
3,12,714208.0,-1.6764758948903173,-0.7399802608791516,TIME_LIMIT,60641,0,0,20,9
3,12,714676.0,-1.6764758948903173,-0.7399802608791516,TIME_LIMIT,60669,0,0,34,30
3,12,715150.0,-1.6764679272487155,-0.7399802608791516,TIME_LIMIT,60719,0,0,36,17
3,12,715617.0,-1.6764679272487155,-0.7399802608791516,TIME_LIMIT,60742,0,0,40,23
3,12,716084.0,-1.676453468415228,-0.7399802608791516,TIME_LIMIT,60792,0,0,17,9
3,12,716567.0,-1.676453468415228,-0.7399802608791516,TIME_LIMIT,60823,0,0,27,23
3,12,717034.0,-1.6763951753513275,-0.7399802608791516,TIME_LIMIT,60878,0,0,23,9
3,12,717506.0,-1.6763951753513275,-0.7399802608791516,TIME_LIMIT,60919,0,0,22,26
3,12,717952.0,-1.676238484725821,-0.7399802608791516,TIME_LIMIT,60956,0,0,24,16
3,12,718419.0,-1.676238484725821,-0.7399802608791516,TIME_LIMIT,60995,0,0,40,23
3,12,718904.0,-1.6762065127754564,-0.7399802608791516,TIME_LIMIT,61031,0,0,35,24
3,12,719372.0,-1.6762065127754564,-0.7399802608791516,TIME_LIMIT,61078,0,0,38,22
3,12,719841.0,-1.6761313397829278,-0.7399802608791516,TIME_LIMIT,61118,0,0,40,17
3,12,720307.0,-1.6761313397829278,-0.7399802608791516,TIME_LIMIT,61157,0,0,38,46
3,12,720773.0,-1.6761072780047959,-0.7399802608791516,TIME_LIMIT,61206,0,0,33,24
3,12,721255.0,-1.6761072780047959,-0.7399802608791516,TIME_LIMIT,61240,0,0,34,10
3,12,721719.0,-1.6760364554007559,-0.7399802608791516,TIME_LIMIT,61276,0,0,19,2
3,12,722186.0,-1.6760364554007559,-0.7399802608791516,TIME_LIMIT,61314,0,0,50,15
3,12,722652.0,-1.6759696665967263,-0.7399802608791516,TIME_LIMIT,61370,0,0,18,12
3,12,723165.0,-1.6759696665967263,-0.7399802608791516,TIME_LIMIT,61404,0,0,37,29
3,12,723669.0,-1.6758704293612114,-0.7399802608791516,TIME_LIMIT,61455,0,0,26,9
3,12,724142.0,-1.6758704293612114,-0.7399802608791516,TIME_LIMIT,61492,0,0,37,18
3,12,724640.0,-1.675804511635636,-0.7399802608791516,TIME_LIMIT,61523,0,0,28,10
3,12,725111.0,-1.675804511635636,-0.7399802608791516,TIME_LIMIT,61561,0,0,36,13
3,12,725578.0,-1.6755218948505066,-0.7399802608791516,TIME_LIMIT,61608,0,0,29,13
3,12,726050.0,-1.6755218948505066,-0.7399802608791516,TIME_LIMIT,61646,0,0,53,34
3,12,726536.0,-1.675519926223642,-0.7399802608791516,TIME_LIMIT,61701,0,0,31,13
3,12,727006.0,-1.675519926223642,-0.7399802608791516,TIME_LIMIT,61737,0,0,36,15
3,12,727476.0,-1.6754759731583484,-0.7399802608791516,TIME_LIMIT,61782,0,0,17,16
3,12,727946.0,-1.6754759731583484,-0.7399802608791516,TIME_LIMIT,61815,0,0,28,24
3,12,728423.0,-1.6753976153484567,-0.7399802608791516,TIME_LIMIT,61866,0,0,17,12
3,12,728912.0,-1.6753976153484567,-0.7399802608791516,TIME_LIMIT,61901,0,0,15,19
3,12,729394.0,-1.6753470055364643,-0.7399802608791516,TIME_LIMIT,61951,0,0,18,11
3,12,729879.0,-1.6753470055364643,-0.7399802608791516,TIME_LIMIT,61990,0,0,36,11
3,12,730398.0,-1.6753056643741044,-0.7399802608791516,TIME_LIMIT,62038,0,0,32,5
3,12,730870.0,-1.6753056643741044,-0.7399802608791516,TIME_LIMIT,62069,0,0,37,33
3,12,731339.0,-1.6752808700579709,-0.7399802608791516,TIME_LIMIT,62116,0,0,29,26
3,12,731813.0,-1.6752808700579709,-0.7399802608791516,TIME_LIMIT,62148,0,0,40,16
3,12,732293.0,-1.6752678554996476,-0.7399802608791516,TIME_LIMIT,62194,0,0,24,4
3,12,732780.0,-1.6752678554996476,-0.7399802608791516,TIME_LIMIT,62236,0,0,33,11
3,12,733252.0,-1.6752577118950476,-0.7399802608791516,TIME_LIMIT,62273,0,0,33,13
3,12,733723.0,-1.6752577118950476,-0.7399802608791516,TIME_LIMIT,62311,0,0,37,18
3,12,734192.0,-1.6752065698427583,-0.7399802608791516,TIME_LIMIT,62346,0,0,27,12
3,12,734678.0,-1.6752065698427583,-0.7399802608791516,TIME_LIMIT,62381,0,0,22,11
3,12,735145.0,-1.6751916621298633,-0.7399802608791516,TIME_LIMIT,62422,0,0,34,15
3,12,735614.0,-1.6751916621298633,-0.7399802608791516,TIME_LIMIT,62454,0,0,39,16
3,12,736082.0,-1.6750878568313867,-0.7399802608791516,TIME_LIMIT,62494,0,0,25,10
3,12,736553.0,-1.6750878568313867,-0.7399802608791516,TIME_LIMIT,62528,0,0,48,20
3,12,737036.0,-1.6748863707919566,-0.7399802608791516,TIME_LIMIT,62586,0,0,36,13
3,12,737506.0,-1.6748863707919566,-0.7399802608791516,TIME_LIMIT,62623,0,0,38,35
3,12,737976.0,-1.674841068702414,-0.7399802608791516,TIME_LIMIT,62672,0,0,19,11
3,12,738457.0,-1.674841068702414,-0.7399802608791516,TIME_LIMIT,62710,0,0,30,20
3,12,738932.0,-1.6748102032102554,-0.7399802608791516,TIME_LIMIT,62758,0,0,12,16
3,12,739419.0,-1.6748102032102554,-0.7399802608791516,TIME_LIMIT,62799,0,0,24,7
3,12,739889.0,-1.6747870077101183,-0.7399802608791516,TIME_LIMIT,62833,0,0,28,8
3,12,740360.0,-1.6747870077101183,-0.7399802608791516,TIME_LIMIT,62858,0,0,24,16
3,12,740832.0,-1.6746807190187947,-0.7399802608791516,TIME_LIMIT,62911,0,0,21,11
3,12,741319.0,-1.6746807190187947,-0.7399802608791516,TIME_LIMIT,62943,0,0,52,28
3,12,741789.0,-1.6746322732805625,-0.7399802608791516,TIME_LIMIT,62999,0,0,36,19
3,12,742261.0,-1.6746322732805625,-0.7399802608791516,TIME_LIMIT,63034,0,0,42,17
3,12,742754.0,-1.674626280013705,-0.7399802608791516,TIME_LIMIT,63085,0,0,13,3
3,12,743245.0,-1.674626280013705,-0.7399802608791516,TIME_LIMIT,63124,0,0,31,13
3,12,743716.0,-1.6745169783175944,-0.7399802608791516,TIME_LIMIT,63176,0,0,26,14
3,12,744188.0,-1.6745169783175944,-0.7399802608791516,TIME_LIMIT,63209,0,0,35,27
3,12,744660.0,-1.6744996747642478,-0.7399802608791516,TIME_LIMIT,63256,0,0,16,9
3,12,745131.0,-1.6744996747642478,-0.7399802608791516,TIME_LIMIT,63292,0,0,45,18
3,12,745617.0,-1.6744234519756467,-0.7399802608791516,TIME_LIMIT,63344,0,0,28,12
3,12,746085.0,-1.6744234519756467,-0.7399802608791516,TIME_LIMIT,63387,0,0,42,26
3,12,746554.0,-1.6743176462005631,-0.7399802608791516,TIME_LIMIT,63419,0,0,34,20
3,12,747025.0,-1.6743176462005631,-0.7399802608791516,TIME_LIMIT,63455,0,0,39,54
3,12,747494.0,-1.6743165748605575,-0.7399802608791516,TIME_LIMIT,63513,0,0,33,17
3,12,747983.0,-1.6743165748605575,-0.7399802608791516,TIME_LIMIT,63550,0,0,25,27
3,12,748454.0,-1.674263181041404,-0.7399802608791516,TIME_LIMIT,63601,0,0,25,16
3,12,748926.0,-1.674263181041404,-0.7399802608791516,TIME_LIMIT,63635,0,0,42,29
3,12,749412.0,-1.674241909597409,-0.7399802608791516,TIME_LIMIT,63691,0,0,34,12
3,12,749905.0,-1.674241909597409,-0.7399802608791516,TIME_LIMIT,63716,0,0,30,15
3,12,750407.0,-1.6741247225620883,-0.7399802608791516,TIME_LIMIT,63769,0,0,31,11
3,12,750883.0,-1.6741247225620883,-0.7399802608791516,TIME_LIMIT,63795,0,0,48,51
3,12,751362.0,-1.6740862401248318,-0.7399802608791516,TIME_LIMIT,63848,0,0,12,10
3,12,751860.0,-1.6740862401248318,-0.7399802608791516,TIME_LIMIT,63882,0,0,25,35
3,12,752346.0,-1.6740352753759769,-0.7399802608791516,TIME_LIMIT,63929,0,0,26,15
3,12,752821.0,-1.6740352753759769,-0.7399802608791516,TIME_LIMIT,63964,0,0,44,25
3,12,753290.0,-1.6739879398925999,-0.7399802608791516,TIME_LIMIT,64017,0,0,32,21
3,12,753790.0,-1.6739879398925999,-0.7399802608791516,TIME_LIMIT,64046,0,0,37,53
3,12,754286.0,-1.673960081100857,-0.7399802608791516,TIME_LIMIT,64100,0,0,26,13
3,12,754759.0,-1.673960081100857,-0.7399802608791516,TIME_LIMIT,64132,0,0,32,22
3,12,755233.0,-1.673929417644113,-0.7399802608791516,TIME_LIMIT,64170,0,0,29,7
3,12,755703.0,-1.673929417644113,-0.7399802608791516,TIME_LIMIT,64206,0,0,47,57
3,12,756188.0,-1.673891793595851,-0.7399802608791516,TIME_LIMIT,64256,0,0,24,19
3,12,756658.0,-1.673891793595851,-0.7399802608791516,TIME_LIMIT,64292,0,0,31,36
3,12,757129.0,-1.6738291421617961,-0.7399802608791516,TIME_LIMIT,64338,0,0,40,16
3,12,757437.0,-1.6738291421617961,-0.7399802608791516,TIME_LIMIT,64368,0,0,32,15
3,12,757914.0,-1.6737285032755154,-0.7399802608791516,TIME_LIMIT,64424,0,0,30,15
3,12,758409.0,-1.6737285032755154,-0.7399802608791516,TIME_LIMIT,64452,0,0,16,15
3,12,758880.0,-1.673657347782176,-0.7399802608791516,TIME_LIMIT,64505,0,0,19,12
3,12,759350.0,-1.673657347782176,-0.7399802608791516,TIME_LIMIT,64541,0,0,36,25
3,12,759821.0,-1.6736476949532857,-0.7399802608791516,TIME_LIMIT,64595,0,0,27,11
3,12,760292.0,-1.6736476949532857,-0.7399802608791516,TIME_LIMIT,64630,0,0,27,19
3,12,760777.0,-1.6735477922794395,-0.7399802608791516,TIME_LIMIT,64662,0,0,29,16
3,12,761106.0,-1.6735477922794395,-0.7399802608791516,TIME_LIMIT,64694,0,0,27,17
3,12,761575.0,-1.6734969231132557,-0.7399802608791516,TIME_LIMIT,64746,0,0,35,9
3,12,762047.0,-1.6734969231132557,-0.7399802608791516,TIME_LIMIT,64778,0,0,30,15
3,12,762518.0,-1.673318042347272,-0.7399802608791516,TIME_LIMIT,64828,0,0,28,16
3,12,763007.0,-1.673318042347272,-0.7399802608791516,TIME_LIMIT,64868,0,0,48,60
3,12,763476.0,-1.6733145267300111,-0.7399802608791516,TIME_LIMIT,64925,0,0,36,24
3,12,763944.0,-1.6733145267300111,-0.7399802608791516,TIME_LIMIT,64956,0,0,25,23
3,12,764412.0,-1.6732212696467763,-0.7399802608791516,TIME_LIMIT,65007,0,0,35,9
3,12,764881.0,-1.6732212696467763,-0.7399802608791516,TIME_LIMIT,65048,0,0,35,12
3,12,765375.0,-1.6732170886554376,-0.7399802608791516,TIME_LIMIT,65079,0,0,18,14
3,12,765850.0,-1.6732170886554376,-0.7399802608791516,TIME_LIMIT,65104,0,0,30,26
3,12,766331.0,-1.6731851155552677,-0.7399802608791516,TIME_LIMIT,65154,0,0,28,8
3,12,766803.0,-1.6731851155552677,-0.7399802608791516,TIME_LIMIT,65193,0,0,30,25
3,12,767289.0,-1.6731423726391357,-0.7399802608791516,TIME_LIMIT,65230,0,0,37,14
3,12,767759.0,-1.6731423726391357,-0.7399802608791516,TIME_LIMIT,65267,0,0,24,22
3,12,768229.0,-1.6731391052599824,-0.7399802608791516,TIME_LIMIT,65304,0,0,36,12
3,12,768699.0,-1.6731391052599824,-0.7399802608791516,TIME_LIMIT,65336,0,0,29,27
3,12,769169.0,-1.6731309240414605,-0.7399802608791516,TIME_LIMIT,65391,0,0,23,12
3,12,769656.0,-1.6731309240414605,-0.7399802608791516,TIME_LIMIT,65432,0,0,15,22
3,12,770125.0,-1.673081917353967,-0.7399802608791516,TIME_LIMIT,65485,0,0,28,17
3,12,770597.0,-1.673081917353967,-0.7399802608791516,TIME_LIMIT,65518,0,0,48,41
3,12,771077.0,-1.6730367201836411,-0.7399802608791516,TIME_LIMIT,65572,0,0,20,11
3,12,771549.0,-1.6730367201836411,-0.7399802608791516,TIME_LIMIT,65601,0,0,39,44
3,12,772036.0,-1.6730202807668189,-0.7399802608791516,TIME_LIMIT,65646,0,0,18,9
3,12,772547.0,-1.6730202807668189,-0.7399802608791516,TIME_LIMIT,65681,0,0,18,13
3,12,773090.0,-1.6729890207721818,-0.7399802608791516,TIME_LIMIT,65732,0,0,13,10
3,12,773565.0,-1.6729890207721818,-0.7399802608791516,TIME_LIMIT,65763,0,0,35,28
3,12,774035.0,-1.6729783574594084,-0.7399802608791516,TIME_LIMIT,65814,0,0,15,7
3,12,774482.0,-1.6729783574594084,-0.7399802608791516,TIME_LIMIT,65855,0,0,41,16
3,12,774951.0,-1.6729377274193926,-0.7399802608791516,TIME_LIMIT,65899,0,0,27,10
3,12,775428.0,-1.6729377274193926,-0.7399802608791516,TIME_LIMIT,65932,0,0,10,11
3,12,775913.0,-1.672881584645323,-0.7399802608791516,TIME_LIMIT,65985,0,0,32,10
3,12,776386.0,-1.672881584645323,-0.7399802608791516,TIME_LIMIT,66020,0,0,41,18
3,12,776861.0,-1.6728675352881648,-0.7399802608791516,TIME_LIMIT,66069,0,0,32,11
3,12,777340.0,-1.6728675352881648,-0.7399802608791516,TIME_LIMIT,66099,0,0,40,17
3,12,777757.0,-1.6728075463813232,-0.7399802608791516,TIME_LIMIT,66151,0,0,32,5
3,12,778228.0,-1.6728075463813232,-0.7399802608791516,TIME_LIMIT,66182,0,0,44,44
3,12,778697.0,-1.6728045341814062,-0.7399802608791516,TIME_LIMIT,66237,0,0,36,12
3,12,779185.0,-1.6728045341814062,-0.7399802608791516,TIME_LIMIT,66268,0,0,50,61
3,12,779658.0,-1.6728033987739288,-0.7399802608791516,TIME_LIMIT,66317,0,0,28,11
3,12,780129.0,-1.6728033987739288,-0.7399802608791516,TIME_LIMIT,66347,0,0,49,39
3,12,780614.0,-1.6728030509515812,-0.7399802608791516,TIME_LIMIT,66400,0,0,38,18
3,12,781089.0,-1.6728030509515812,-0.7399802608791516,TIME_LIMIT,66431,0,0,25,24
3,12,781577.0,-1.672731681144216,-0.7399802608791516,TIME_LIMIT,66479,0,0,28,19
3,12,782050.0,-1.672731681144216,-0.7399802608791516,TIME_LIMIT,66521,0,0,22,19
3,12,782533.0,-1.6726510554725802,-0.7399802608791516,TIME_LIMIT,66567,0,0,18,6
3,12,783026.0,-1.6726510554725802,-0.7399802608791516,TIME_LIMIT,66605,0,0,37,29
3,12,783525.0,-1.672573078195878,-0.7399802608791516,TIME_LIMIT,66644,0,0,27,23
3,12,784000.0,-1.672573078195878,-0.7399802608791516,TIME_LIMIT,66681,0,0,24,17
3,12,784470.0,-1.672537697918751,-0.7399802608791516,TIME_LIMIT,66722,0,0,31,14
3,12,784953.0,-1.672537697918751,-0.7399802608791516,TIME_LIMIT,66760,0,0,47,46
3,12,785426.0,-1.6724821522703104,-0.7399802608791516,TIME_LIMIT,66809,0,0,18,12
3,12,785915.0,-1.6724821522703104,-0.7399802608791516,TIME_LIMIT,66841,0,0,26,34
3,12,786386.0,-1.6724676630320676,-0.7399802608791516,TIME_LIMIT,66903,0,0,45,14
3,12,786857.0,-1.6724676630320676,-0.7399802608791516,TIME_LIMIT,66941,0,0,27,13
3,12,787325.0,-1.672390955725279,-0.7399802608791516,TIME_LIMIT,66999,0,0,34,19
3,12,787797.0,-1.672390955725279,-0.7399802608791516,TIME_LIMIT,67043,0,0,38,12
3,12,788289.0,-1.6723896354763623,-0.7399802608791516,TIME_LIMIT,67081,0,0,17,6
3,12,788759.0,-1.6723896354763623,-0.7399802608791516,TIME_LIMIT,67117,0,0,34,18
3,12,789230.0,-1.6722685229817869,-0.7399802608791516,TIME_LIMIT,67157,0,0,22,5
3,12,789705.0,-1.6722685229817869,-0.7399802608791516,TIME_LIMIT,67190,0,0,36,21
3,12,790183.0,-1.6722650985033478,-0.7399802608791516,TIME_LIMIT,67239,0,0,19,6
3,12,790673.0,-1.6722650985033478,-0.7399802608791516,TIME_LIMIT,67280,0,0,49,39
3,12,791143.0,-1.6722362759533693,-0.7399802608791516,TIME_LIMIT,67314,0,0,31,26
3,12,791615.0,-1.6722362759533693,-0.7399802608791516,TIME_LIMIT,67346,0,0,38,30
3,12,792093.0,-1.6721753962879626,-0.7399802608791516,TIME_LIMIT,67400,0,0,30,11
3,12,792568.0,-1.6721753962879626,-0.7399802608791516,TIME_LIMIT,67429,0,0,41,28
3,12,793054.0,-1.6721087137439095,-0.7399802608791516,TIME_LIMIT,67479,0,0,32,12
3,12,793542.0,-1.6721087137439095,-0.7399802608791516,TIME_LIMIT,67510,0,0,33,19
3,12,794019.0,-1.6720544321410236,-0.7399802608791516,TIME_LIMIT,67559,0,0,28,8
3,12,794494.0,-1.6720544321410236,-0.7399802608791516,TIME_LIMIT,67589,0,0,43,44
3,12,794963.0,-1.6720137086074762,-0.7399802608791516,TIME_LIMIT,67640,0,0,34,11
3,12,795451.0,-1.6720137086074762,-0.7399802608791516,TIME_LIMIT,67674,0,0,42,44
3,12,795922.0,-1.6720116567005419,-0.7399802608791516,TIME_LIMIT,67727,0,0,19,13
3,12,796393.0,-1.6720116567005419,-0.7399802608791516,TIME_LIMIT,67762,0,0,39,27
3,12,796878.0,-1.6719865577090591,-0.7399802608791516,TIME_LIMIT,67814,0,0,28,12
3,12,797302.0,-1.6719865577090591,-0.7399802608791516,TIME_LIMIT,67850,0,0,46,19
3,12,797795.0,-1.671979595391571,-0.7399802608791516,TIME_LIMIT,67906,0,0,18,9
3,12,798271.0,-1.671979595391571,-0.7399802608791516,TIME_LIMIT,67944,0,0,41,16
3,12,798760.0,-1.6719757788569962,-0.7399802608791516,TIME_LIMIT,67980,0,0,25,7
3,12,799230.0,-1.6719757788569962,-0.7399802608791516,TIME_LIMIT,68007,0,0,32,21
3,12,799700.0,-1.6718982722710873,-0.7399802608791516,TIME_LIMIT,68063,0,0,37,8
3,12,800170.0,-1.6718982722710873,-0.7399802608791516,TIME_LIMIT,68093,0,0,43,19
3,12,800639.0,-1.6717615064743128,-0.7399802608791516,TIME_LIMIT,68142,0,0,31,14
3,12,801155.0,-1.6717615064743128,-0.7399802608791516,TIME_LIMIT,68180,0,0,44,20
3,12,801625.0,-1.6716945170217838,-0.7399802608791516,TIME_LIMIT,68221,0,0,37,22
3,12,802095.0,-1.6716945170217838,-0.7399802608791516,TIME_LIMIT,68262,0,0,32,16
3,12,802565.0,-1.6716270182719613,-0.7399802608791516,TIME_LIMIT,68311,0,0,39,10
3,12,803034.0,-1.6716270182719613,-0.7399802608791516,TIME_LIMIT,68344,0,0,38,49
3,12,803519.0,-1.6715702765523548,-0.7399802608791516,TIME_LIMIT,68389,0,0,28,8
3,12,803989.0,-1.6715702765523548,-0.7399802608791516,TIME_LIMIT,68428,0,0,36,25
3,12,804457.0,-1.671546168606979,-0.7399802608791516,TIME_LIMIT,68464,0,0,40,20
3,12,804924.0,-1.671546168606979,-0.7399802608791516,TIME_LIMIT,68495,0,0,48,42
3,12,805400.0,-1.6715228653568817,-0.7399802608791516,TIME_LIMIT,68558,0,0,31,17
3,12,805865.0,-1.6715228653568817,-0.7399802608791516,TIME_LIMIT,68592,0,0,38,34
3,12,806347.0,-1.6714919820038965,-0.7399802608791516,TIME_LIMIT,68647,0,0,36,20
3,12,806814.0,-1.6714919820038965,-0.7399802608791516,TIME_LIMIT,68684,0,0,37,17
3,12,807279.0,-1.6714415379250838,-0.7399802608791516,TIME_LIMIT,68729,0,0,27,16
3,12,807744.0,-1.6714415379250838,-0.7399802608791516,TIME_LIMIT,68769,0,0,39,15
3,12,808216.0,-1.6714198158649973,-0.7399802608791516,TIME_LIMIT,68805,0,0,38,10
3,12,808699.0,-1.6714198158649973,-0.7399802608791516,TIME_LIMIT,68846,0,0,38,37
3,12,809184.0,-1.671417849470545,-0.7399802608791516,TIME_LIMIT,68895,0,0,32,17
3,12,809655.0,-1.671417849470545,-0.7399802608791516,TIME_LIMIT,68934,0,0,42,29
3,12,810122.0,-1.6713332518516457,-0.7399802608791516,TIME_LIMIT,68976,0,0,34,16
3,12,810588.0,-1.6713332518516457,-0.7399802608791516,TIME_LIMIT,69017,0,0,27,13
3,12,811070.0,-1.671308975971577,-0.7399802608791516,TIME_LIMIT,69062,0,0,19,13
3,12,811534.0,-1.671308975971577,-0.7399802608791516,TIME_LIMIT,69096,0,0,39,23
3,12,811998.0,-1.6712382518335054,-0.7399802608791516,TIME_LIMIT,69145,0,0,28,7
3,12,812477.0,-1.6712382518335054,-0.7399802608791516,TIME_LIMIT,69182,0,0,45,27
3,12,812944.0,-1.671235699981525,-0.7399802608791516,TIME_LIMIT,69237,0,0,34,11
3,12,813422.0,-1.671235699981525,-0.7399802608791516,TIME_LIMIT,69272,0,0,22,13
3,12,813883.0,-1.6712104400413443,-0.7399802608791516,TIME_LIMIT,69320,0,0,32,7
3,12,814347.0,-1.6712104400413443,-0.7399802608791516,TIME_LIMIT,69357,0,0,39,24
3,12,814811.0,-1.6711914395533845,-0.7399802608791516,TIME_LIMIT,69394,0,0,35,17
3,12,815275.0,-1.6711914395533845,-0.7399802608791516,TIME_LIMIT,69427,0,0,50,43
3,12,815738.0,-1.6711647023936378,-0.7399802608791516,TIME_LIMIT,69482,0,0,27,9
3,12,816225.0,-1.6711647023936378,-0.7399802608791516,TIME_LIMIT,69510,0,0,30,34
3,12,816688.0,-1.6711362152727178,-0.7399802608791516,TIME_LIMIT,69565,0,0,37,11
3,12,816974.0,-1.6711362152727178,-0.7399802608791516,TIME_LIMIT,69604,0,0,38,24
3,12,817442.0,-1.6710719060589792,-0.7399802608791516,TIME_LIMIT,69659,0,0,37,16
3,12,817906.0,-1.6710719060589792,-0.7399802608791516,TIME_LIMIT,69689,0,0,49,36
3,12,818372.0,-1.6710680794916308,-0.7399802608791516,TIME_LIMIT,69749,0,0,21,3
3,12,818852.0,-1.6710680794916308,-0.7399802608791516,TIME_LIMIT,69783,0,0,40,32
3,12,819328.0,-1.6710200277398128,-0.7399802608791516,TIME_LIMIT,69841,0,0,33,17
3,12,819795.0,-1.6710200277398128,-0.7399802608791516,TIME_LIMIT,69880,0,0,46,37
3,12,820262.0,-1.6710143885128885,-0.7399802608791516,TIME_LIMIT,69933,0,0,15,10
3,12,820730.0,-1.6710143885128885,-0.7399802608791516,TIME_LIMIT,69964,0,0,19,27
3,12,821205.0,-1.6709890825887688,-0.7399802608791516,TIME_LIMIT,70013,0,0,28,11
3,12,821689.0,-1.6709890825887688,-0.7399802608791516,TIME_LIMIT,70050,0,0,49,25
3,12,822152.0,-1.6708998894491915,-0.7399802608791516,TIME_LIMIT,70109,0,0,34,10
3,12,822623.0,-1.6708998894491915,-0.7399802608791516,TIME_LIMIT,70140,0,0,19,37
3,12,823087.0,-1.6708817257992958,-0.7399802608791516,TIME_LIMIT,70190,0,0,30,17
3,12,823555.0,-1.6708817257992958,-0.7399802608791516,TIME_LIMIT,70224,0,0,37,14
3,12,824036.0,-1.6708591515050544,-0.7399802608791516,TIME_LIMIT,70265,0,0,45,24
3,12,824425.0,-1.6708591515050544,-0.7399802608791516,TIME_LIMIT,70306,0,0,52,35
3,12,824899.0,-1.6708227486884661,-0.7399802608791516,TIME_LIMIT,70357,0,0,17,15
3,12,825390.0,-1.6708227486884661,-0.7399802608791516,TIME_LIMIT,70383,0,0,37,24
3,12,825867.0,-1.670812739286187,-0.7399802608791516,TIME_LIMIT,70438,0,0,26,6
3,12,826334.0,-1.670812739286187,-0.7399802608791516,TIME_LIMIT,70466,0,0,24,30
3,12,826802.0,-1.6708012987787546,-0.7399802608791516,TIME_LIMIT,70517,0,0,19,11
3,12,827310.0,-1.6708012987787546,-0.7399802608791516,TIME_LIMIT,70553,0,0,30,23
3,12,827790.0,-1.6707486002908891,-0.7399802608791516,TIME_LIMIT,70602,0,0,33,5
3,12,828255.0,-1.6707486002908891,-0.7399802608791516,TIME_LIMIT,70628,0,0,35,15
3,12,828720.0,-1.6707051598691558,-0.7399802608791516,TIME_LIMIT,70676,0,0,19,8
3,12,829186.0,-1.6707051598691558,-0.7399802608791516,TIME_LIMIT,70715,0,0,62,33
3,12,829650.0,-1.6706879953033615,-0.7399802608791516,TIME_LIMIT,70771,0,0,33,20
3,12,830132.0,-1.6706879953033615,-0.7399802608791516,TIME_LIMIT,70812,0,0,32,9
3,12,830595.0,-1.6706603631055912,-0.7399802608791516,TIME_LIMIT,70846,0,0,23,9
3,12,831067.0,-1.6706603631055912,-0.7399802608791516,TIME_LIMIT,70878,0,0,27,10
3,12,831530.0,-1.6705770588647801,-0.7399802608791516,TIME_LIMIT,70931,0,0,30,15
3,12,831994.0,-1.6705770588647801,-0.7399802608791516,TIME_LIMIT,70973,0,0,30,21
3,12,832473.0,-1.6705700448602359,-0.7399802608791516,TIME_LIMIT,71022,0,0,31,13
3,12,832940.0,-1.6705700448602359,-0.7399802608791516,TIME_LIMIT,71052,0,0,22,19
3,12,833405.0,-1.6704577189741985,-0.7399802608791516,TIME_LIMIT,71109,0,0,32,16
3,12,833872.0,-1.6704577189741985,-0.7399802608791516,TIME_LIMIT,71149,0,0,45,29
3,12,834337.0,-1.6704133069634117,-0.7399802608791516,TIME_LIMIT,71201,0,0,35,14
3,12,834799.0,-1.6704133069634117,-0.7399802608791516,TIME_LIMIT,71241,0,0,22,17
3,12,835279.0,-1.6704054883108757,-0.7399802608791516,TIME_LIMIT,71287,0,0,28,14
3,12,835718.0,-1.6704054883108757,-0.7399802608791516,TIME_LIMIT,71319,0,0,32,22
3,12,836187.0,-1.6703063007227028,-0.7399802608791516,TIME_LIMIT,71364,0,0,31,5
3,12,836655.0,-1.6703063007227028,-0.7399802608791516,TIME_LIMIT,71395,0,0,28,43
3,12,837125.0,-1.6703037870194246,-0.7399802608791516,TIME_LIMIT,71451,0,0,26,20
3,12,837591.0,-1.6703037870194246,-0.7399802608791516,TIME_LIMIT,71484,0,0,39,41
3,12,838054.0,-1.6702801489469552,-0.7399802608791516,TIME_LIMIT,71529,0,0,25,12
3,12,838534.0,-1.6702801489469552,-0.7399802608791516,TIME_LIMIT,71564,0,0,32,14
3,12,838998.0,-1.6702102304872555,-0.7399802608791516,TIME_LIMIT,71599,0,0,36,16
3,12,839469.0,-1.6702102304872555,-0.7399802608791516,TIME_LIMIT,71635,0,0,40,32
3,12,839941.0,-1.6701920106121944,-0.7399802608791516,TIME_LIMIT,71684,0,0,15,11
3,12,840404.0,-1.6701920106121944,-0.7399802608791516,TIME_LIMIT,71725,0,0,36,9
3,12,840895.0,-1.6701826012871643,-0.7399802608791516,TIME_LIMIT,71763,0,0,38,10
3,12,841371.0,-1.6701826012871643,-0.7399802608791516,TIME_LIMIT,71799,0,0,38,48
3,12,841738.0,-1.670182369630965,-0.7399802608791516,TIME_LIMIT,71846,0,0,26,13
3,12,842202.0,-1.670182369630965,-0.7399802608791516,TIME_LIMIT,71875,0,0,43,38
3,12,842686.0,-1.6701746845147336,-0.7399802608791516,TIME_LIMIT,71927,0,0,19,8
3,12,843154.0,-1.6701746845147336,-0.7399802608791516,TIME_LIMIT,71960,0,0,47,37
3,12,843605.0,-1.6701677633165148,-0.7399802608791516,TIME_LIMIT,72018,0,0,26,12
3,12,844098.0,-1.6701677633165148,-0.7399802608791516,TIME_LIMIT,72051,0,0,33,19
3,12,844562.0,-1.6701489878996445,-0.7399802608791516,TIME_LIMIT,72083,0,0,20,14
3,12,845025.0,-1.6701489878996445,-0.7399802608791516,TIME_LIMIT,72119,0,0,32,26
3,12,845506.0,-1.6701100012046597,-0.7399802608791516,TIME_LIMIT,72168,0,0,29,11
3,12,845970.0,-1.6701100012046597,-0.7399802608791516,TIME_LIMIT,72198,0,0,35,30
3,12,846433.0,-1.6700005385317647,-0.7399802608791516,TIME_LIMIT,72233,0,0,28,23
3,12,846904.0,-1.6700005385317647,-0.7399802608791516,TIME_LIMIT,72267,0,0,29,21
3,12,847367.0,-1.669872189107319,-0.7399802608791516,TIME_LIMIT,72318,0,0,34,18
3,12,847831.0,-1.669872189107319,-0.7399802608791516,TIME_LIMIT,72356,0,0,44,37
3,12,848321.0,-1.6698057794677799,-0.7399802608791516,TIME_LIMIT,72407,0,0,36,26
3,12,848783.0,-1.6698057794677799,-0.7399802608791516,TIME_LIMIT,72443,0,0,43,24
3,12,849260.0,-1.6697994735533828,-0.7399802608791516,TIME_LIMIT,72496,0,0,31,10
3,12,849727.0,-1.6697994735533828,-0.7399802608791516,TIME_LIMIT,72531,0,0,29,14
3,12,850190.0,-1.6697898194360754,-0.7399802608791516,TIME_LIMIT,72576,0,0,41,7
3,12,850652.0,-1.6697898194360754,-0.7399802608791516,TIME_LIMIT,72613,0,0,30,14
3,12,851143.0,-1.6697237022896325,-0.7399802608791516,TIME_LIMIT,72647,0,0,26,13
3,12,851610.0,-1.6697237022896325,-0.7399802608791516,TIME_LIMIT,72677,0,0,24,8
3,12,852074.0,-1.6697017371673932,-0.7399802608791516,TIME_LIMIT,72735,0,0,35,7
3,12,852537.0,-1.6697017371673932,-0.7399802608791516,TIME_LIMIT,72765,0,0,23,27
3,12,852998.0,-1.6696911107614463,-0.7399802608791516,TIME_LIMIT,72815,0,0,33,10
3,12,853470.0,-1.6696911107614463,-0.7399802608791516,TIME_LIMIT,72853,0,0,38,34
3,12,853954.0,-1.6696726564782214,-0.7399802608791516,TIME_LIMIT,72902,0,0,30,15
3,12,854420.0,-1.6696726564782214,-0.7399802608791516,TIME_LIMIT,72929,0,0,49,54
3,12,854884.0,-1.6696709559803702,-0.7399802608791516,TIME_LIMIT,72981,0,0,19,12
3,12,855346.0,-1.6696709559803702,-0.7399802608791516,TIME_LIMIT,73008,0,0,22,15
3,12,855812.0,-1.6695962603767307,-0.7399802608791516,TIME_LIMIT,73065,0,0,35,14
3,12,856277.0,-1.6695962603767307,-0.7399802608791516,TIME_LIMIT,73102,0,0,47,26
3,12,856757.0,-1.6695877922925946,-0.7399802608791516,TIME_LIMIT,73154,0,0,30,12
3,12,857224.0,-1.6695877922925946,-0.7399802608791516,TIME_LIMIT,73187,0,0,39,14
3,12,857707.0,-1.66950138975798,-0.7399802608791516,TIME_LIMIT,73242,0,0,34,14
3,12,858176.0,-1.66950138975798,-0.7399802608791516,TIME_LIMIT,73280,0,0,33,13
3,12,858653.0,-1.6694888743870142,-0.7399802608791516,TIME_LIMIT,73325,0,0,38,7
3,12,859138.0,-1.6694888743870142,-0.7399802608791516,TIME_LIMIT,73354,0,0,24,21
3,12,859601.0,-1.6694396153551985,-0.7399802608791516,TIME_LIMIT,73416,0,0,39,11
3,12,860066.0,-1.6694396153551985,-0.7399802608791516,TIME_LIMIT,73442,0,0,36,24
3,12,860530.0,-1.6694329310032474,-0.7399802608791516,TIME_LIMIT,73490,0,0,27,10
3,12,860995.0,-1.6694329310032474,-0.7399802608791516,TIME_LIMIT,73532,0,0,37,19
3,12,861459.0,-1.6694172372881972,-0.7399802608791516,TIME_LIMIT,73578,0,0,40,16
3,12,861939.0,-1.6694172372881972,-0.7399802608791516,TIME_LIMIT,73613,0,0,36,29
3,12,862401.0,-1.6694159003286528,-0.7399802608791516,TIME_LIMIT,73662,0,0,34,5
3,12,862868.0,-1.6694159003286528,-0.7399802608791516,TIME_LIMIT,73695,0,0,48,59
3,12,863335.0,-1.6693333290324885,-0.7399802608791516,TIME_LIMIT,73745,0,0,34,14
3,12,863799.0,-1.6693333290324885,-0.7399802608791516,TIME_LIMIT,73784,0,0,50,43
3,12,864263.0,-1.66923584731886,-0.7399802608791516,TIME_LIMIT,73838,0,0,39,19
3,12,864741.0,-1.66923584731886,-0.7399802608791516,TIME_LIMIT,73872,0,0,38,25
3,12,865204.0,-1.6692254170445153,-0.7399802608791516,TIME_LIMIT,73916,0,0,26,8
3,12,865670.0,-1.6692254170445153,-0.7399802608791516,TIME_LIMIT,73957,0,0,40,22
3,12,866131.0,-1.6691594165371941,-0.7399802608791516,TIME_LIMIT,74002,0,0,40,11
3,12,866598.0,-1.6691594165371941,-0.7399802608791516,TIME_LIMIT,74030,0,0,41,37
3,12,867044.0,-1.6691344687424936,-0.7399802608791516,TIME_LIMIT,74085,0,0,32,16
3,12,867508.0,-1.6691344687424936,-0.7399802608791516,TIME_LIMIT,74123,0,0,39,23
3,12,867988.0,-1.6690864399404193,-0.7399802608791516,TIME_LIMIT,74176,0,0,19,9
3,12,868464.0,-1.6690864399404193,-0.7399802608791516,TIME_LIMIT,74215,0,0,37,14
3,12,868908.0,-1.6690764704922856,-0.7399802608791516,TIME_LIMIT,74257,0,0,36,12
3,12,869375.0,-1.6690764704922856,-0.7399802608791516,TIME_LIMIT,74296,0,0,34,46
3,12,869841.0,-1.669049319413279,-0.7399802608791516,TIME_LIMIT,74331,0,0,31,19
3,12,870307.0,-1.669049319413279,-0.7399802608791516,TIME_LIMIT,74363,0,0,47,24
3,12,870781.0,-1.6690492024554007,-0.7399802608791516,TIME_LIMIT,74416,0,0,15,5
3,12,871259.0,-1.6690492024554007,-0.7399802608791516,TIME_LIMIT,74458,0,0,22,10
3,12,871754.0,-1.6690336860723376,-0.7399802608791516,TIME_LIMIT,74493,0,0,13,5
3,12,872240.0,-1.6690336860723376,-0.7399802608791516,TIME_LIMIT,74522,0,0,40,27
3,12,872728.0,-1.6689755660212033,-0.7399802608791516,TIME_LIMIT,74567,0,0,28,9
3,12,873228.0,-1.6689755660212033,-0.7399802608791516,TIME_LIMIT,74600,0,0,43,21
3,12,873770.0,-1.668962258793903,-0.7399802608791516,TIME_LIMIT,74641,0,0,38,17
3,12,874296.0,-1.668962258793903,-0.7399802608791516,TIME_LIMIT,74677,0,0,25,29
3,12,874855.0,-1.6688430491731805,-0.7399802608791516,TIME_LIMIT,74726,0,0,25,20
3,12,875418.0,-1.6688430491731805,-0.7399802608791516,TIME_LIMIT,74762,0,0,21,19
3,12,875933.0,-1.6687991024866713,-0.7399802608791516,TIME_LIMIT,74817,0,0,32,15
3,12,876451.0,-1.6687991024866713,-0.7399802608791516,TIME_LIMIT,74854,0,0,37,19
3,12,876995.0,-1.668768278958845,-0.7399802608791516,TIME_LIMIT,74906,0,0,28,12
3,12,877515.0,-1.668768278958845,-0.7399802608791516,TIME_LIMIT,74941,0,0,29,15
3,12,878122.0,-1.6687299333251395,-0.7399802608791516,TIME_LIMIT,75002,0,0,39,11
3,12,878657.0,-1.6687299333251395,-0.7399802608791516,TIME_LIMIT,75041,0,0,43,19
3,12,879190.0,-1.668666528519031,-0.7399802608791516,TIME_LIMIT,75097,0,0,35,15
3,12,879721.0,-1.668666528519031,-0.7399802608791516,TIME_LIMIT,75143,0,0,50,17
3,12,880294.0,-1.6686272774724398,-0.7399802608791516,TIME_LIMIT,75194,0,0,22,7
3,12,880865.0,-1.6686272774724398,-0.7399802608791516,TIME_LIMIT,75227,0,0,38,44
3,12,881443.0,-1.66856664142076,-0.7399802608791516,TIME_LIMIT,75272,0,0,42,42
3,12,882045.0,-1.66856664142076,-0.7399802608791516,TIME_LIMIT,75300,0,0,46,37
3,12,882638.0,-1.6685021064307046,-0.7399802608791516,TIME_LIMIT,75354,0,0,34,20
3,12,883222.0,-1.6685021064307046,-0.7399802608791516,TIME_LIMIT,75383,0,0,51,33
3,12,883835.0,-1.6684346688446532,-0.7399802608791516,TIME_LIMIT,75435,0,0,29,10
3,12,884418.0,-1.6684346688446532,-0.7399802608791516,TIME_LIMIT,75466,0,0,43,25
3,12,884996.0,-1.6684203720495348,-0.7399802608791516,TIME_LIMIT,75515,0,0,29,16
3,12,885598.0,-1.6684203720495348,-0.7399802608791516,TIME_LIMIT,75546,0,0,41,34
3,12,886169.0,-1.6684158836897072,-0.7399802608791516,TIME_LIMIT,75588,0,0,37,13
3,12,886768.0,-1.6684158836897072,-0.7399802608791516,TIME_LIMIT,75628,0,0,37,13
3,12,887373.0,-1.6684106685485367,-0.7399802608791516,TIME_LIMIT,75665,0,0,18,13
3,12,887909.0,-1.6684106685485367,-0.7399802608791516,TIME_LIMIT,75697,0,0,34,10
3,12,888479.0,-1.6683966100324807,-0.7399802608791516,TIME_LIMIT,75748,0,0,34,18
3,12,889047.0,-1.6683966100324807,-0.7399802608791516,TIME_LIMIT,75792,0,0,46,29
3,12,889613.0,-1.668364574315047,-0.7399802608791516,TIME_LIMIT,75840,0,0,28,17
3,12,890203.0,-1.668364574315047,-0.7399802608791516,TIME_LIMIT,75877,0,0,37,15
3,12,890767.0,-1.6683311648995707,-0.7399802608791516,TIME_LIMIT,75911,0,0,32,18
3,12,891344.0,-1.6683311648995707,-0.7399802608791516,TIME_LIMIT,75955,0,0,40,24
3,12,891898.0,-1.6682717728430223,-0.7399802608791516,TIME_LIMIT,75990,0,0,18,9
3,12,892455.0,-1.6682717728430223,-0.7399802608791516,TIME_LIMIT,76021,0,0,21,16
3,12,893027.0,-1.6682708027575617,-0.7399802608791516,TIME_LIMIT,76070,0,0,29,9
3,12,893611.0,-1.6682708027575617,-0.7399802608791516,TIME_LIMIT,76104,0,0,42,19
3,12,894167.0,-1.6682520908296699,-0.7399802608791516,TIME_LIMIT,76159,0,0,35,12
3,12,894710.0,-1.6682520908296699,-0.7399802608791516,TIME_LIMIT,76191,0,0,22,16
3,12,895242.0,-1.6681804381155714,-0.7399802608791516,TIME_LIMIT,76242,0,0,32,12
3,12,895776.0,-1.6681804381155714,-0.7399802608791516,TIME_LIMIT,76276,0,0,46,34
3,12,896303.0,-1.6681641406648866,-0.7399802608791516,TIME_LIMIT,76323,0,0,25,16
3,12,896832.0,-1.6681641406648866,-0.7399802608791516,TIME_LIMIT,76358,0,0,43,20
3,12,897381.0,-1.668152541317887,-0.7399802608791516,TIME_LIMIT,76404,0,0,31,13
3,12,897909.0,-1.668152541317887,-0.7399802608791516,TIME_LIMIT,76440,0,0,49,41
3,12,898438.0,-1.668128504225608,-0.7399802608791516,TIME_LIMIT,76496,0,0,36,12
3,12,898967.0,-1.668128504225608,-0.7399802608791516,TIME_LIMIT,76534,0,0,34,19
3,12,899502.0,-1.6680793233591633,-0.7399802608791516,TIME_LIMIT,76577,0,0,37,14
3,12,900047.0,-1.6680793233591633,-0.7399802608791516,TIME_LIMIT,76609,0,0,27,19
3,12,900599.0,-1.668062755514993,-0.7399802608791516,TIME_LIMIT,76661,0,0,31,13
3,12,901131.0,-1.668062755514993,-0.7399802608791516,TIME_LIMIT,76699,0,0,31,16
3,12,901661.0,-1.6680532332747122,-0.7399802608791516,TIME_LIMIT,76748,0,0,33,9
3,12,902195.0,-1.6680532332747122,-0.7399802608791516,TIME_LIMIT,76782,0,0,45,43
3,12,902728.0,-1.6680271319773166,-0.7399802608791516,TIME_LIMIT,76830,0,0,33,22
3,12,903268.0,-1.6680271319773166,-0.7399802608791516,TIME_LIMIT,76867,0,0,34,19
3,12,903809.0,-1.6680159236725745,-0.7399802608791516,TIME_LIMIT,76910,0,0,27,12
3,12,904376.0,-1.6680159236725745,-0.7399802608791516,TIME_LIMIT,76952,0,0,40,20
3,12,904931.0,-1.6679833044455687,-0.7399802608791516,TIME_LIMIT,76992,0,0,27,15
3,12,905495.0,-1.6679833044455687,-0.7399802608791516,TIME_LIMIT,77024,0,0,37,25
3,12,906066.0,-1.667895122461312,-0.7399802608791516,TIME_LIMIT,77079,0,0,37,10
3,12,906631.0,-1.667895122461312,-0.7399802608791516,TIME_LIMIT,77108,0,0,17,32
3,12,907194.0,-1.6678453214652504,-0.7399802608791516,TIME_LIMIT,77167,0,0,33,18
3,12,907781.0,-1.6678453214652504,-0.7399802608791516,TIME_LIMIT,77205,0,0,31,17
3,12,908345.0,-1.667827971103427,-0.7399802608791516,TIME_LIMIT,77254,0,0,27,12
3,12,908909.0,-1.667827971103427,-0.7399802608791516,TIME_LIMIT,77290,0,0,26,18
3,12,909478.0,-1.667767258440152,-0.7399802608791516,TIME_LIMIT,77326,0,0,36,17
3,12,910048.0,-1.667767258440152,-0.7399802608791516,TIME_LIMIT,77360,0,0,38,25
3,12,910589.0,-1.667762685409555,-0.7399802608791516,TIME_LIMIT,77406,0,0,36,12
3,12,911178.0,-1.667762685409555,-0.7399802608791516,TIME_LIMIT,77433,0,0,38,16
3,12,911835.0,-1.6677406652688118,-0.7399802608791516,TIME_LIMIT,77482,0,0,29,13
3,12,912409.0,-1.6677406652688118,-0.7399802608791516,TIME_LIMIT,77523,0,0,14,11
3,12,912983.0,-1.6676450972096661,-0.7399802608791516,TIME_LIMIT,77565,0,0,32,13
3,12,913563.0,-1.6676450972096661,-0.7399802608791516,TIME_LIMIT,77593,0,0,24,12
3,12,914146.0,-1.6676446435408827,-0.7399802608791516,TIME_LIMIT,77642,0,0,27,12
3,12,914725.0,-1.6676446435408827,-0.7399802608791516,TIME_LIMIT,77681,0,0,43,28
3,12,915304.0,-1.6676078213971361,-0.7399802608791516,TIME_LIMIT,77741,0,0,14,12
3,12,915913.0,-1.6676078213971361,-0.7399802608791516,TIME_LIMIT,77772,0,0,39,23
3,12,916494.0,-1.6676028957061297,-0.7399802608791516,TIME_LIMIT,77820,0,0,20,12
3,12,917070.0,-1.6676028957061297,-0.7399802608791516,TIME_LIMIT,77849,0,0,42,43
3,12,917648.0,-1.6675558487893272,-0.7399802608791516,TIME_LIMIT,77900,0,0,15,11
3,12,918227.0,-1.6675558487893272,-0.7399802608791516,TIME_LIMIT,77937,0,0,45,36
3,12,918810.0,-1.6675418574096192,-0.7399802608791516,TIME_LIMIT,77973,0,0,43,19
3,12,919397.0,-1.6675418574096192,-0.7399802608791516,TIME_LIMIT,78005,0,0,35,49
3,12,920007.0,-1.6675320644148826,-0.7399802608791516,TIME_LIMIT,78061,0,0,37,11
3,12,920592.0,-1.6675320644148826,-0.7399802608791516,TIME_LIMIT,78092,0,0,41,18
3,12,921187.0,-1.6675003293917614,-0.7399802608791516,TIME_LIMIT,78146,0,0,35,11
3,12,921777.0,-1.6675003293917614,-0.7399802608791516,TIME_LIMIT,78184,0,0,38,27
3,12,922369.0,-1.667483662917622,-0.7399802608791516,TIME_LIMIT,78217,0,0,27,17
3,12,922964.0,-1.667483662917622,-0.7399802608791516,TIME_LIMIT,78251,0,0,39,30
3,12,923556.0,-1.6674348297778698,-0.7399802608791516,TIME_LIMIT,78312,0,0,35,16
3,12,924165.0,-1.6674348297778698,-0.7399802608791516,TIME_LIMIT,78340,0,0,32,23
3,12,924748.0,-1.6674028733094104,-0.7399802608791516,TIME_LIMIT,78392,0,0,22,12
3,12,925331.0,-1.6674028733094104,-0.7399802608791516,TIME_LIMIT,78431,0,0,31,24
3,12,925933.0,-1.6673787449316078,-0.7399802608791516,TIME_LIMIT,78483,0,0,27,10
3,12,926521.0,-1.6673787449316078,-0.7399802608791516,TIME_LIMIT,78521,0,0,45,51
3,12,927102.0,-1.6673196132528887,-0.7399802608791516,TIME_LIMIT,78573,0,0,30,23
3,12,927724.0,-1.6673196132528887,-0.7399802608791516,TIME_LIMIT,78605,0,0,40,17
3,12,928320.0,-1.6673130179465614,-0.7399802608791516,TIME_LIMIT,78659,0,0,17,7
3,12,928923.0,-1.6673130179465614,-0.7399802608791516,TIME_LIMIT,78686,0,0,20,34
3,12,929536.0,-1.6671720533665428,-0.7399802608791516,TIME_LIMIT,78734,0,0,24,10
3,12,930175.0,-1.6671720533665428,-0.7399802608791516,TIME_LIMIT,78767,0,0,30,11
3,12,930777.0,-1.667165262902744,-0.7399802608791516,TIME_LIMIT,78817,0,0,20,5
3,12,931385.0,-1.667165262902744,-0.7399802608791516,TIME_LIMIT,78848,0,0,37,30
3,12,931964.0,-1.6671397832596946,-0.7399802608791516,TIME_LIMIT,78895,0,0,29,7
3,12,932543.0,-1.6671397832596946,-0.7399802608791516,TIME_LIMIT,78929,0,0,30,27
3,12,933123.0,-1.667050433150375,-0.7399802608791516,TIME_LIMIT,78985,0,0,36,14
3,12,933733.0,-1.667050433150375,-0.7399802608791516,TIME_LIMIT,79029,0,0,18,16
3,12,934244.0,-1.6669598552403813,-0.7399802608791516,TIME_LIMIT,79067,0,0,16,9
3,12,934822.0,-1.6669598552403813,-0.7399802608791516,TIME_LIMIT,79095,0,0,41,21
3,12,935400.0,-1.6669159114157768,-0.7399802608791516,TIME_LIMIT,79147,0,0,32,14
3,12,935992.0,-1.6669159114157768,-0.7399802608791516,TIME_LIMIT,79177,0,0,39,30
3,12,936595.0,-1.6668368857067615,-0.7399802608791516,TIME_LIMIT,79228,0,0,27,10
3,12,937163.0,-1.6668368857067615,-0.7399802608791516,TIME_LIMIT,79268,0,0,55,10
3,12,937747.0,-1.6667439424020758,-0.7399802608791516,TIME_LIMIT,79325,0,0,34,12
3,12,938361.0,-1.6667439424020758,-0.7399802608791516,TIME_LIMIT,79360,0,0,36,31
3,12,938934.0,-1.6666796247869173,-0.7399802608791516,TIME_LIMIT,79406,0,0,28,14
3,12,939507.0,-1.6666796247869173,-0.7399802608791516,TIME_LIMIT,79436,0,0,22,18
3,12,940087.0,-1.6666117959763886,-0.7399802608791516,TIME_LIMIT,79487,0,0,26,7
3,12,940672.0,-1.6666117959763886,-0.7399802608791516,TIME_LIMIT,79517,0,0,55,36
3,12,941255.0,-1.6665887464167874,-0.7399802608791516,TIME_LIMIT,79562,0,0,27,7
3,12,941829.0,-1.6665887464167874,-0.7399802608791516,TIME_LIMIT,79591,0,0,36,34
3,12,942430.0,-1.6665428658940715,-0.7399802608791516,TIME_LIMIT,79640,0,0,30,6
3,12,943009.0,-1.6665428658940715,-0.7399802608791516,TIME_LIMIT,79663,0,0,31,27
3,12,943583.0,-1.6665201457943115,-0.7399802608791516,TIME_LIMIT,79713,0,0,25,13
3,12,944141.0,-1.6665201457943115,-0.7399802608791516,TIME_LIMIT,79743,0,0,34,19
3,12,944744.0,-1.6665128140364251,-0.7399802608791516,TIME_LIMIT,79795,0,0,36,11
3,12,945333.0,-1.6665128140364251,-0.7399802608791516,TIME_LIMIT,79828,0,0,23,14
3,12,945920.0,-1.6664872174644492,-0.7399802608791516,TIME_LIMIT,79878,0,0,13,7
3,12,946503.0,-1.6664872174644492,-0.7399802608791516,TIME_LIMIT,79911,0,0,19,21
3,12,947110.0,-1.6664849134967064,-0.7399802608791516,TIME_LIMIT,79964,0,0,37,19
3,12,947685.0,-1.6664849134967064,-0.7399802608791516,TIME_LIMIT,79996,0,0,21,20
3,12,948259.0,-1.6664625636322585,-0.7399802608791516,TIME_LIMIT,80051,0,0,35,13
3,12,948835.0,-1.6664625636322585,-0.7399802608791516,TIME_LIMIT,80084,0,0,39,26
3,12,949426.0,-1.6664499682311393,-0.7399802608791516,TIME_LIMIT,80137,0,0,25,11
3,12,950022.0,-1.6664499682311393,-0.7399802608791516,TIME_LIMIT,80166,0,0,38,22
3,12,950605.0,-1.6664357334929558,-0.7399802608791516,TIME_LIMIT,80211,0,0,27,10
3,12,951206.0,-1.6664357334929558,-0.7399802608791516,TIME_LIMIT,80248,0,0,42,15
3,12,951781.0,-1.6663955362211578,-0.7399802608791516,TIME_LIMIT,80301,0,0,33,21
3,12,952365.0,-1.6663955362211578,-0.7399802608791516,TIME_LIMIT,80328,0,0,44,60
3,12,952962.0,-1.666379551542339,-0.7399802608791516,TIME_LIMIT,80384,0,0,31,17
3,12,953556.0,-1.666379551542339,-0.7399802608791516,TIME_LIMIT,80410,0,0,44,24
3,12,954152.0,-1.666378439930042,-0.7399802608791516,TIME_LIMIT,80464,0,0,30,17
3,12,954744.0,-1.666378439930042,-0.7399802608791516,TIME_LIMIT,80509,0,0,26,19
3,12,955324.0,-1.6663533202555885,-0.7399802608791516,TIME_LIMIT,80547,0,0,37,24
3,12,955932.0,-1.6663533202555885,-0.7399802608791516,TIME_LIMIT,80582,0,0,37,26
3,12,956544.0,-1.6662921768687442,-0.7399802608791516,TIME_LIMIT,80626,0,0,37,21
3,12,957129.0,-1.6662921768687442,-0.7399802608791516,TIME_LIMIT,80661,0,0,31,20
3,12,957710.0,-1.666244745610761,-0.7399802608791516,TIME_LIMIT,80702,0,0,39,14
3,12,958292.0,-1.666244745610761,-0.7399802608791516,TIME_LIMIT,80733,0,0,41,27
3,12,958866.0,-1.6662354064109874,-0.7399802608791516,TIME_LIMIT,80778,0,0,18,7
3,12,959444.0,-1.6662354064109874,-0.7399802608791516,TIME_LIMIT,80807,0,0,42,23
3,12,960047.0,-1.666218758967269,-0.7399802608791516,TIME_LIMIT,80855,0,0,26,10
3,12,960627.0,-1.666218758967269,-0.7399802608791516,TIME_LIMIT,80882,0,0,48,47
3,12,961205.0,-1.666186030636493,-0.7399802608791516,TIME_LIMIT,80937,0,0,39,11
3,12,961791.0,-1.666186030636493,-0.7399802608791516,TIME_LIMIT,80963,0,0,38,30
3,12,962372.0,-1.6661061826658636,-0.7399802608791516,TIME_LIMIT,81016,0,0,33,14
3,12,962952.0,-1.6661061826658636,-0.7399802608791516,TIME_LIMIT,81056,0,0,39,13
3,12,963304.0,-1.6660830716246102,-0.7399802608791516,TIME_LIMIT,81107,0,0,33,8
3,12,963889.0,-1.6660830716246102,-0.7399802608791516,TIME_LIMIT,81131,0,0,23,25
3,12,964489.0,-1.6660280273423176,-0.7399802608791516,TIME_LIMIT,81190,0,0,26,12
3,12,965080.0,-1.6660280273423176,-0.7399802608791516,TIME_LIMIT,81225,0,0,22,26
3,12,965692.0,-1.666007550258407,-0.7399802608791516,TIME_LIMIT,81281,0,0,39,23
3,12,966279.0,-1.666007550258407,-0.7399802608791516,TIME_LIMIT,81315,0,0,45,25
3,12,966749.0,-1.6659835379234846,-0.7399802608791516,TIME_LIMIT,81352,0,0,37,7
3,12,967338.0,-1.6659835379234846,-0.7399802608791516,TIME_LIMIT,81380,0,0,43,31
3,12,967951.0,-1.665935857725614,-0.7399802608791516,TIME_LIMIT,81433,0,0,33,12
3,12,968543.0,-1.665935857725614,-0.7399802608791516,TIME_LIMIT,81467,0,0,53,88
3,12,969132.0,-1.6658654262089574,-0.7399802608791516,TIME_LIMIT,81526,0,0,36,13
3,12,969722.0,-1.6658654262089574,-0.7399802608791516,TIME_LIMIT,81556,0,0,43,20
3,12,970328.0,-1.6658133405512145,-0.7399802608791516,TIME_LIMIT,81609,0,0,16,9
3,12,970932.0,-1.6658133405512145,-0.7399802608791516,TIME_LIMIT,81645,0,0,42,17
3,12,971524.0,-1.6657892571325292,-0.7399802608791516,TIME_LIMIT,81697,0,0,31,6
3,12,972104.0,-1.6657892571325292,-0.7399802608791516,TIME_LIMIT,81728,0,0,44,29
3,12,972736.0,-1.6657734596433214,-0.7399802608791516,TIME_LIMIT,81781,0,0,28,10
3,12,973328.0,-1.6657734596433214,-0.7399802608791516,TIME_LIMIT,81813,0,0,47,49
3,12,973920.0,-1.6657361828208663,-0.7399802608791516,TIME_LIMIT,81865,0,0,32,6
3,12,974526.0,-1.6657361828208663,-0.7399802608791516,TIME_LIMIT,81900,0,0,41,17
3,12,975152.0,-1.6656623652177065,-0.7399802608791516,TIME_LIMIT,81950,0,0,17,9
3,12,975755.0,-1.6656623652177065,-0.7399802608791516,TIME_LIMIT,81989,0,0,33,26
3,12,976353.0,-1.6656201456510287,-0.7399802608791516,TIME_LIMIT,82025,0,0,27,15
3,12,977003.0,-1.6656201456510287,-0.7399802608791516,TIME_LIMIT,82060,0,0,23,13
3,12,977627.0,-1.6656056628729135,-0.7399802608791516,TIME_LIMIT,82105,0,0,28,12
3,12,978233.0,-1.6656056628729135,-0.7399802608791516,TIME_LIMIT,82140,0,0,31,21
3,12,978827.0,-1.665580365980144,-0.7399802608791516,TIME_LIMIT,82180,0,0,35,13
3,12,979426.0,-1.665580365980144,-0.7399802608791516,TIME_LIMIT,82210,0,0,19,19
3,12,980018.0,-1.6655669771059793,-0.7399802608791516,TIME_LIMIT,82260,0,0,27,15
3,12,980608.0,-1.6655669771059793,-0.7399802608791516,TIME_LIMIT,82286,0,0,21,13
3,12,981205.0,-1.6655664759753153,-0.7399802608791516,TIME_LIMIT,82333,0,0,21,12
3,12,981883.0,-1.6655664759753153,-0.7399802608791516,TIME_LIMIT,82366,0,0,41,11
3,12,982517.0,-1.6655522683341237,-0.7399802608791516,TIME_LIMIT,82420,0,0,34,6
3,12,983110.0,-1.6655522683341237,-0.7399802608791516,TIME_LIMIT,82451,0,0,40,31
3,12,983695.0,-1.6655392382738992,-0.7399802608791516,TIME_LIMIT,82503,0,0,31,14
3,12,984281.0,-1.6655392382738992,-0.7399802608791516,TIME_LIMIT,82528,0,0,36,22
3,12,984865.0,-1.6655297342211046,-0.7399802608791516,TIME_LIMIT,82580,0,0,34,4
3,12,985472.0,-1.6655297342211046,-0.7399802608791516,TIME_LIMIT,82622,0,0,32,20
3,12,986048.0,-1.6655129121607826,-0.7399802608791516,TIME_LIMIT,82673,0,0,17,11
3,12,986617.0,-1.6655129121607826,-0.7399802608791516,TIME_LIMIT,82708,0,0,27,12
3,12,987189.0,-1.6655108392747333,-0.7399802608791516,TIME_LIMIT,82759,0,0,22,8
3,12,987768.0,-1.6655108392747333,-0.7399802608791516,TIME_LIMIT,82795,0,0,38,25
3,12,988352.0,-1.6655017397935636,-0.7399802608791516,TIME_LIMIT,82847,0,0,33,5
3,12,988938.0,-1.6655017397935636,-0.7399802608791516,TIME_LIMIT,82883,0,0,35,19
3,12,989616.0,-1.6654779703307045,-0.7399802608791516,TIME_LIMIT,82933,0,0,12,3
3,12,990199.0,-1.6654779703307045,-0.7399802608791516,TIME_LIMIT,82971,0,0,38,39
3,12,990778.0,-1.66537217691573,-0.7399802608791516,TIME_LIMIT,83009,0,0,42,14
3,12,991352.0,-1.66537217691573,-0.7399802608791516,TIME_LIMIT,83046,0,0,49,39
3,12,991934.0,-1.6653670530255067,-0.7399802608791516,TIME_LIMIT,83097,0,0,29,7
3,12,992510.0,-1.6653670530255067,-0.7399802608791516,TIME_LIMIT,83129,0,0,39,24
3,12,993081.0,-1.6653212437542477,-0.7399802608791516,TIME_LIMIT,83180,0,0,27,14
3,12,993688.0,-1.6653212437542477,-0.7399802608791516,TIME_LIMIT,83210,0,0,46,36
3,12,994261.0,-1.6653088718845523,-0.7399802608791516,TIME_LIMIT,83255,0,0,18,9
3,12,994831.0,-1.6653088718845523,-0.7399802608791516,TIME_LIMIT,83287,0,0,36,23
3,12,995400.0,-1.665253907006013,-0.7399802608791516,TIME_LIMIT,83340,0,0,29,19
3,12,995973.0,-1.665253907006013,-0.7399802608791516,TIME_LIMIT,83375,0,0,33,24
3,12,996552.0,-1.6652194018790774,-0.7399802608791516,TIME_LIMIT,83419,0,0,18,11
3,12,997140.0,-1.6652194018790774,-0.7399802608791516,TIME_LIMIT,83454,0,0,50,34
3,12,997720.0,-1.6651716346594272,-0.7399802608791516,TIME_LIMIT,83506,0,0,27,11
3,12,998326.0,-1.6651716346594272,-0.7399802608791516,TIME_LIMIT,83545,0,0,41,13
3,12,998905.0,-1.6651579287781617,-0.7399802608791516,TIME_LIMIT,83594,0,0,29,12
3,12,999490.0,-1.6651579287781617,-0.7399802608791516,TIME_LIMIT,83630,0,0,58,54
3,12,1.000079e6,-1.6651543491616791,-0.7399802608791516,TIME_LIMIT,83688,0,0,38,23
3,12,1.000658e6,-1.6651543491616791,-0.7399802608791516,TIME_LIMIT,83721,0,0,50,57
3,12,1.001247e6,-1.6651162195803386,-0.7399802608791516,TIME_LIMIT,83771,0,0,34,16
3,12,1.001828e6,-1.6651162195803386,-0.7399802608791516,TIME_LIMIT,83808,0,0,42,38
3,12,1.002417e6,-1.665049063280076,-0.7399802608791516,TIME_LIMIT,83861,0,0,28,24
3,12,1.003006e6,-1.665049063280076,-0.7399802608791516,TIME_LIMIT,83899,0,0,36,15
3,12,1.00362e6,-1.6649851608702708,-0.7399802608791516,TIME_LIMIT,83937,0,0,34,10
3,12,1.004203e6,-1.6649851608702708,-0.7399802608791516,TIME_LIMIT,83975,0,0,38,15
3,12,1.004802e6,-1.6649467662463748,-0.7399802608791516,TIME_LIMIT,84011,0,0,32,12
3,12,1.005435e6,-1.6649467662463748,-0.7399802608791516,TIME_LIMIT,84055,0,0,17,12
3,12,1.006044e6,-1.664902407694133,-0.7399802608791516,TIME_LIMIT,84094,0,0,29,17
3,12,1.006631e6,-1.664902407694133,-0.7399802608791516,TIME_LIMIT,84130,0,0,40,35
3,12,1.007194e6,-1.6648687125173547,-0.7399802608791516,TIME_LIMIT,84181,0,0,33,11
3,12,1.007785e6,-1.6648687125173547,-0.7399802608791516,TIME_LIMIT,84209,0,0,25,15
3,12,1.00835e6,-1.6648511933088985,-0.7399802608791516,TIME_LIMIT,84258,0,0,16,10
3,12,1.008917e6,-1.6648511933088985,-0.7399802608791516,TIME_LIMIT,84294,0,0,42,16
3,12,1.009502e6,-1.6647902023092682,-0.7399802608791516,TIME_LIMIT,84344,0,0,28,6
3,12,1.010078e6,-1.6647902023092682,-0.7399802608791516,TIME_LIMIT,84375,0,0,24,18
3,12,1.010665e6,-1.664776528802753,-0.7399802608791516,TIME_LIMIT,84428,0,0,35,8
3,12,1.011242e6,-1.664776528802753,-0.7399802608791516,TIME_LIMIT,84466,0,0,28,25
3,12,1.011814e6,-1.664764226454305,-0.7399802608791516,TIME_LIMIT,84519,0,0,39,16
3,12,1.012435e6,-1.664764226454305,-0.7399802608791516,TIME_LIMIT,84559,0,0,36,11
3,12,1.013029e6,-1.6646419798027554,-0.7399802608791516,TIME_LIMIT,84598,0,0,24,8
3,12,1.013615e6,-1.6646419798027554,-0.7399802608791516,TIME_LIMIT,84637,0,0,41,25
3,12,1.014204e6,-1.6646417287892483,-0.7399802608791516,TIME_LIMIT,84691,0,0,36,15
3,12,1.014792e6,-1.6646417287892483,-0.7399802608791516,TIME_LIMIT,84726,0,0,15,40
3,12,1.015356e6,-1.6646380597360622,-0.7399802608791516,TIME_LIMIT,84774,0,0,16,7
3,12,1.015935e6,-1.6646380597360622,-0.7399802608791516,TIME_LIMIT,84806,0,0,32,42
3,12,1.016518e6,-1.6646049331725996,-0.7399802608791516,TIME_LIMIT,84853,0,0,16,13
3,12,1.017098e6,-1.6646049331725996,-0.7399802608791516,TIME_LIMIT,84890,0,0,37,36
3,12,1.017654e6,-1.6645998847464372,-0.7399802608791516,TIME_LIMIT,84943,0,0,30,12
3,12,1.018244e6,-1.6645998847464372,-0.7399802608791516,TIME_LIMIT,84976,0,0,51,20
3,12,1.01883e6,-1.6645633189230453,-0.7399802608791516,TIME_LIMIT,85031,0,0,29,12
3,12,1.019386e6,-1.6645633189230453,-0.7399802608791516,TIME_LIMIT,85070,0,0,34,30
3,12,1.019938e6,-1.6645249571637315,-0.7399802608791516,TIME_LIMIT,85128,0,0,32,20
3,12,1.020458e6,-1.6645249571637315,-0.7399802608791516,TIME_LIMIT,85163,0,0,33,12
3,12,1.021022e6,-1.6644490253402513,-0.7399802608791516,TIME_LIMIT,85219,0,0,31,12
3,12,1.021536e6,-1.6644490253402513,-0.7399802608791516,TIME_LIMIT,85251,0,0,39,31
3,12,1.022041e6,-1.6644185663696622,-0.7399802608791516,TIME_LIMIT,85307,0,0,18,11
3,12,1.022464e6,-1.6644185663696622,-0.7399802608791516,TIME_LIMIT,85344,0,0,44,31
3,12,1.022974e6,-1.6643967813530705,-0.7399802608791516,TIME_LIMIT,85392,0,0,18,15
3,12,1.023482e6,-1.6643967813530705,-0.7399802608791516,TIME_LIMIT,85425,0,0,45,46
3,12,1.023986e6,-1.664345690151678,-0.7399802608791516,TIME_LIMIT,85485,0,0,33,16
3,12,1.024515e6,-1.664345690151678,-0.7399802608791516,TIME_LIMIT,85522,0,0,39,32
3,12,1.02504e6,-1.6643410984042997,-0.7399802608791516,TIME_LIMIT,85563,0,0,40,17
3,12,1.025324e6,-1.6643410984042997,-0.7399802608791516,TIME_LIMIT,85603,0,0,24,19
3,12,1.025827e6,-1.6643096746668133,-0.7399802608791516,TIME_LIMIT,85656,0,0,37,17
3,12,1.026378e6,-1.6643096746668133,-0.7399802608791516,TIME_LIMIT,85697,0,0,21,16
3,12,1.026926e6,-1.6641904019215363,-0.7399802608791516,TIME_LIMIT,85748,0,0,22,4
3,12,1.027431e6,-1.6641904019215363,-0.7399802608791516,TIME_LIMIT,85782,0,0,48,24
3,12,1.027924e6,-1.6641655299860851,-0.7399802608791516,TIME_LIMIT,85828,0,0,29,14
3,12,1.02842e6,-1.6641655299860851,-0.7399802608791516,TIME_LIMIT,85863,0,0,49,25
3,12,1.028921e6,-1.6641464662785068,-0.7399802608791516,TIME_LIMIT,85914,0,0,29,12
3,12,1.029416e6,-1.6641464662785068,-0.7399802608791516,TIME_LIMIT,85946,0,0,42,34
3,12,1.029931e6,-1.664076024055993,-0.7399802608791516,TIME_LIMIT,86000,0,0,35,16
3,12,1.030426e6,-1.664076024055993,-0.7399802608791516,TIME_LIMIT,86024,0,0,25,28
3,12,1.030935e6,-1.6639961472488027,-0.7399802608791516,TIME_LIMIT,86075,0,0,28,12
3,12,1.031452e6,-1.6639961472488027,-0.7399802608791516,TIME_LIMIT,86108,0,0,24,15
3,12,1.031947e6,-1.6638017205355309,-0.7399802608791516,TIME_LIMIT,86155,0,0,24,11
3,12,1.032439e6,-1.6638017205355309,-0.7399802608791516,TIME_LIMIT,86195,0,0,35,16
3,12,1.032927e6,-1.6637784892529504,-0.7399802608791516,TIME_LIMIT,86231,0,0,26,14
3,12,1.033416e6,-1.6637784892529504,-0.7399802608791516,TIME_LIMIT,86265,0,0,47,23
3,12,1.033905e6,-1.6637140885676036,-0.7399802608791516,TIME_LIMIT,86315,0,0,24,12
3,12,1.034363e6,-1.6637140885676036,-0.7399802608791516,TIME_LIMIT,86351,0,0,43,39
3,12,1.034858e6,-1.6636789664989864,-0.7399802608791516,TIME_LIMIT,86403,0,0,32,18
3,12,1.035366e6,-1.6636789664989864,-0.7399802608791516,TIME_LIMIT,86433,0,0,45,38
3,12,1.03585e6,-1.6636772817944883,-0.7399802608791516,TIME_LIMIT,86492,0,0,37,14
3,12,1.036337e6,-1.6636772817944883,-0.7399802608791516,TIME_LIMIT,86529,0,0,35,37
3,12,1.036823e6,-1.663666501688297,-0.7399802608791516,TIME_LIMIT,86578,0,0,18,9
3,12,1.037313e6,-1.663666501688297,-0.7399802608791516,TIME_LIMIT,86608,0,0,33,36
3,12,1.037806e6,-1.6636566061693594,-0.7399802608791516,TIME_LIMIT,86661,0,0,35,14
3,12,1.038302e6,-1.6636566061693594,-0.7399802608791516,TIME_LIMIT,86696,0,0,52,37
3,12,1.038792e6,-1.6636563916420926,-0.7399802608791516,TIME_LIMIT,86748,0,0,32,13
3,12,1.03928e6,-1.6636563916420926,-0.7399802608791516,TIME_LIMIT,86778,0,0,45,44
3,12,1.039784e6,-1.6636255445996948,-0.7399802608791516,TIME_LIMIT,86832,0,0,34,16
3,12,1.040175e6,-1.6636255445996948,-0.7399802608791516,TIME_LIMIT,86870,0,0,50,27
3,12,1.040666e6,-1.6635762361249091,-0.7399802608791516,TIME_LIMIT,86922,0,0,30,15
3,12,1.041152e6,-1.6635762361249091,-0.7399802608791516,TIME_LIMIT,86958,0,0,37,17
3,12,1.041636e6,-1.6635758060263188,-0.7399802608791516,TIME_LIMIT,87009,0,0,37,9
3,12,1.042152e6,-1.6635758060263188,-0.7399802608791516,TIME_LIMIT,87044,0,0,39,16
3,12,1.042635e6,-1.6634542149399698,-0.7399802608791516,TIME_LIMIT,87089,0,0,23,16
3,12,1.043115e6,-1.6634542149399698,-0.7399802608791516,TIME_LIMIT,87123,0,0,43,36
3,12,1.043593e6,-1.6634084484233274,-0.7399802608791516,TIME_LIMIT,87176,0,0,33,9
3,12,1.044072e6,-1.6634084484233274,-0.7399802608791516,TIME_LIMIT,87216,0,0,38,17
3,12,1.044551e6,-1.6633942297970394,-0.7399802608791516,TIME_LIMIT,87259,0,0,25,15
3,12,1.045029e6,-1.6633942297970394,-0.7399802608791516,TIME_LIMIT,87292,0,0,34,20
3,12,1.045509e6,-1.6633475245199065,-0.7399802608791516,TIME_LIMIT,87347,0,0,38,13
3,12,1.045989e6,-1.6633475245199065,-0.7399802608791516,TIME_LIMIT,87384,0,0,35,30
3,12,1.046466e6,-1.6633041686146146,-0.7399802608791516,TIME_LIMIT,87437,0,0,32,11
3,12,1.046965e6,-1.6633041686146146,-0.7399802608791516,TIME_LIMIT,87474,0,0,37,19
3,12,1.047444e6,-1.6632457951904258,-0.7399802608791516,TIME_LIMIT,87514,0,0,36,9
3,12,1.047922e6,-1.6632457951904258,-0.7399802608791516,TIME_LIMIT,87548,0,0,38,36
3,12,1.048399e6,-1.6632060228705705,-0.7399802608791516,TIME_LIMIT,87594,0,0,28,20
3,12,1.048878e6,-1.6632060228705705,-0.7399802608791516,TIME_LIMIT,87630,0,0,17,18
3,12,1.049357e6,-1.6631609488470547,-0.7399802608791516,TIME_LIMIT,87673,0,0,33,8
3,12,1.049838e6,-1.6631609488470547,-0.7399802608791516,TIME_LIMIT,87708,0,0,45,46
3,12,1.050317e6,-1.6631400109239862,-0.7399802608791516,TIME_LIMIT,87764,0,0,39,20
3,12,1.050794e6,-1.6631400109239862,-0.7399802608791516,TIME_LIMIT,87789,0,0,39,28
3,12,1.051273e6,-1.66313826616621,-0.7399802608791516,TIME_LIMIT,87840,0,0,30,22
3,12,1.051771e6,-1.66313826616621,-0.7399802608791516,TIME_LIMIT,87877,0,0,46,16
3,12,1.052249e6,-1.663103776414167,-0.7399802608791516,TIME_LIMIT,87936,0,0,37,14
3,12,1.052725e6,-1.663103776414167,-0.7399802608791516,TIME_LIMIT,87970,0,0,40,31
3,12,1.053199e6,-1.663086176780817,-0.7399802608791516,TIME_LIMIT,88023,0,0,14,16
3,12,1.053674e6,-1.663086176780817,-0.7399802608791516,TIME_LIMIT,88055,0,0,31,20
3,12,1.054146e6,-1.663078227026035,-0.7399802608791516,TIME_LIMIT,88104,0,0,24,6
3,12,1.054621e6,-1.663078227026035,-0.7399802608791516,TIME_LIMIT,88144,0,0,41,22
3,12,1.055095e6,-1.663062121276398,-0.7399802608791516,TIME_LIMIT,88183,0,0,25,8
3,12,1.055571e6,-1.663062121276398,-0.7399802608791516,TIME_LIMIT,88217,0,0,25,41
3,12,1.056043e6,-1.6629950668795186,-0.7399802608791516,TIME_LIMIT,88272,0,0,34,13
3,12,1.056535e6,-1.6629950668795186,-0.7399802608791516,TIME_LIMIT,88303,0,0,37,16
3,12,1.057008e6,-1.6629321435031412,-0.7399802608791516,TIME_LIMIT,88350,0,0,33,9
3,12,1.057481e6,-1.6629321435031412,-0.7399802608791516,TIME_LIMIT,88386,0,0,44,31
3,12,1.057954e6,-1.6629129885850054,-0.7399802608791516,TIME_LIMIT,88433,0,0,27,12
3,12,1.05843e6,-1.6629129885850054,-0.7399802608791516,TIME_LIMIT,88476,0,0,33,25
3,12,1.058906e6,-1.6628926736690517,-0.7399802608791516,TIME_LIMIT,88515,0,0,27,10
3,12,1.05938e6,-1.6628926736690517,-0.7399802608791516,TIME_LIMIT,88545,0,0,34,23
3,12,1.059853e6,-1.6628796976563502,-0.7399802608791516,TIME_LIMIT,88599,0,0,34,12
3,12,1.060326e6,-1.6628796976563502,-0.7399802608791516,TIME_LIMIT,88626,0,0,29,26
3,12,1.060798e6,-1.6628389290089922,-0.7399802608791516,TIME_LIMIT,88678,0,0,21,4
3,12,1.06129e6,-1.6628389290089922,-0.7399802608791516,TIME_LIMIT,88709,0,0,27,19
3,12,1.061791e6,-1.662836201076987,-0.7399802608791516,TIME_LIMIT,88757,0,0,27,10
3,12,1.062269e6,-1.662836201076987,-0.7399802608791516,TIME_LIMIT,88792,0,0,37,30
3,12,1.062745e6,-1.6628293917731765,-0.7399802608791516,TIME_LIMIT,88837,0,0,35,6
3,12,1.063233e6,-1.6628293917731765,-0.7399802608791516,TIME_LIMIT,88869,0,0,49,27
3,12,1.063705e6,-1.6627449487864383,-0.7399802608791516,TIME_LIMIT,88930,0,0,22,7
3,12,1.064176e6,-1.6627449487864383,-0.7399802608791516,TIME_LIMIT,88968,0,0,38,15
3,12,1.064648e6,-1.6627388286946851,-0.7399802608791516,TIME_LIMIT,89015,0,0,25,13
3,12,1.065121e6,-1.6627388286946851,-0.7399802608791516,TIME_LIMIT,89049,0,0,17,22
3,12,1.065611e6,-1.6627288555475204,-0.7399802608791516,TIME_LIMIT,89104,0,0,36,18
3,12,1.066083e6,-1.6627288555475204,-0.7399802608791516,TIME_LIMIT,89147,0,0,29,17
3,12,1.066555e6,-1.6626690959949613,-0.7399802608791516,TIME_LIMIT,89185,0,0,39,17
3,12,1.067049e6,-1.6626690959949613,-0.7399802608791516,TIME_LIMIT,89228,0,0,44,14
3,12,1.06754e6,-1.6626201274530494,-0.7399802608791516,TIME_LIMIT,89266,0,0,24,10
3,12,1.068016e6,-1.6626201274530494,-0.7399802608791516,TIME_LIMIT,89300,0,0,38,27
3,12,1.068488e6,-1.6625344841493026,-0.7399802608791516,TIME_LIMIT,89359,0,0,35,17
3,12,1.068964e6,-1.6625344841493026,-0.7399802608791516,TIME_LIMIT,89394,0,0,46,39
3,12,1.069436e6,-1.6624681779079993,-0.7399802608791516,TIME_LIMIT,89450,0,0,34,9
3,12,1.069913e6,-1.6624681779079993,-0.7399802608791516,TIME_LIMIT,89488,0,0,45,20
3,12,1.070425e6,-1.6624006639937332,-0.7399802608791516,TIME_LIMIT,89542,0,0,27,8
3,12,1.070904e6,-1.6624006639937332,-0.7399802608791516,TIME_LIMIT,89578,0,0,52,45
3,12,1.071389e6,-1.662396004121976,-0.7399802608791516,TIME_LIMIT,89636,0,0,34,16
3,12,1.071862e6,-1.662396004121976,-0.7399802608791516,TIME_LIMIT,89668,0,0,40,51
3,12,1.072335e6,-1.6623587260347679,-0.7399802608791516,TIME_LIMIT,89716,0,0,18,10
3,12,1.07281e6,-1.6623587260347679,-0.7399802608791516,TIME_LIMIT,89754,0,0,19,11
3,12,1.073283e6,-1.6622711988163756,-0.7399802608791516,TIME_LIMIT,89792,0,0,42,11
3,12,1.073781e6,-1.6622711988163756,-0.7399802608791516,TIME_LIMIT,89824,0,0,36,25
3,12,1.074314e6,-1.66218282274053,-0.7399802608791516,TIME_LIMIT,89871,0,0,20,14
3,12,1.074792e6,-1.66218282274053,-0.7399802608791516,TIME_LIMIT,89905,0,0,39,47
3,12,1.075271e6,-1.6621827287830961,-0.7399802608791516,TIME_LIMIT,89956,0,0,25,10
3,12,1.075749e6,-1.6621827287830961,-0.7399802608791516,TIME_LIMIT,89989,0,0,52,60
3,12,1.076222e6,-1.6621542203768018,-0.7399802608791516,TIME_LIMIT,90042,0,0,29,17
3,12,1.076695e6,-1.6621542203768018,-0.7399802608791516,TIME_LIMIT,90077,0,0,26,30
3,12,1.077167e6,-1.662092544224403,-0.7399802608791516,TIME_LIMIT,90118,0,0,28,12
3,12,1.07764e6,-1.662092544224403,-0.7399802608791516,TIME_LIMIT,90150,0,0,27,45
3,12,1.078113e6,-1.661974613571753,-0.7399802608791516,TIME_LIMIT,90199,0,0,30,16
3,12,1.078588e6,-1.661974613571753,-0.7399802608791516,TIME_LIMIT,90237,0,0,44,31
3,12,1.079077e6,-1.6619528130871468,-0.7399802608791516,TIME_LIMIT,90274,0,0,37,44
3,12,1.079563e6,-1.6619528130871468,-0.7399802608791516,TIME_LIMIT,90305,0,0,37,36
3,12,1.080063e6,-1.661944773432617,-0.7399802608791516,TIME_LIMIT,90360,0,0,22,10
3,12,1.080541e6,-1.661944773432617,-0.7399802608791516,TIME_LIMIT,90390,0,0,42,22
3,12,1.081014e6,-1.6619428680381083,-0.7399802608791516,TIME_LIMIT,90444,0,0,32,9
3,12,1.081487e6,-1.6619428680381083,-0.7399802608791516,TIME_LIMIT,90480,0,0,30,24
3,12,1.08196e6,-1.6618626854641094,-0.7399802608791516,TIME_LIMIT,90532,0,0,28,18
3,12,1.08243e6,-1.6618626854641094,-0.7399802608791516,TIME_LIMIT,90562,0,0,35,23
3,12,1.082906e6,-1.6618556576317087,-0.7399802608791516,TIME_LIMIT,90611,0,0,29,17
3,12,1.083312e6,-1.6618556576317087,-0.7399802608791516,TIME_LIMIT,90645,0,0,50,49
3,12,1.083782e6,-1.661792332344141,-0.7399802608791516,TIME_LIMIT,90689,0,0,27,7
3,12,1.084253e6,-1.661792332344141,-0.7399802608791516,TIME_LIMIT,90718,0,0,35,18
3,12,1.084735e6,-1.6617736303056732,-0.7399802608791516,TIME_LIMIT,90768,0,0,25,9
3,12,1.085218e6,-1.6617736303056732,-0.7399802608791516,TIME_LIMIT,90810,0,0,25,19
3,12,1.085657e6,-1.6617374528389783,-0.7399802608791516,TIME_LIMIT,90853,0,0,35,13
3,12,1.086134e6,-1.6617374528389783,-0.7399802608791516,TIME_LIMIT,90882,0,0,39,25
3,12,1.086606e6,-1.6617262583928607,-0.7399802608791516,TIME_LIMIT,90936,0,0,12,6
3,12,1.087079e6,-1.6617262583928607,-0.7399802608791516,TIME_LIMIT,90960,0,0,35,24
3,12,1.087568e6,-1.6617164942523892,-0.7399802608791516,TIME_LIMIT,91013,0,0,31,10
3,12,1.08804e6,-1.6617164942523892,-0.7399802608791516,TIME_LIMIT,91048,0,0,37,24
3,12,1.088511e6,-1.661704575896682,-0.7399802608791516,TIME_LIMIT,91103,0,0,33,13
3,12,1.088983e6,-1.661704575896682,-0.7399802608791516,TIME_LIMIT,91134,0,0,32,28
3,12,1.089455e6,-1.6616076347010929,-0.7399802608791516,TIME_LIMIT,91185,0,0,25,23
3,12,1.089929e6,-1.6616076347010929,-0.7399802608791516,TIME_LIMIT,91223,0,0,44,37
3,12,1.090401e6,-1.6615853947990773,-0.7399802608791516,TIME_LIMIT,91272,0,0,27,15
3,12,1.090883e6,-1.6615853947990773,-0.7399802608791516,TIME_LIMIT,91306,0,0,17,13
3,12,1.091373e6,-1.6615510758817904,-0.7399802608791516,TIME_LIMIT,91359,0,0,15,8
3,12,1.091829e6,-1.6615510758817904,-0.7399802608791516,TIME_LIMIT,91394,0,0,31,18
3,12,1.092332e6,-1.6615270085065708,-0.7399802608791516,TIME_LIMIT,91444,0,0,32,9
3,12,1.092772e6,-1.6615270085065708,-0.7399802608791516,TIME_LIMIT,91478,0,0,34,19
3,12,1.093252e6,-1.661514797003471,-0.7399802608791516,TIME_LIMIT,91526,0,0,29,15
3,12,1.093724e6,-1.661514797003471,-0.7399802608791516,TIME_LIMIT,91558,0,0,39,28
3,12,1.094206e6,-1.6615043052641092,-0.7399802608791516,TIME_LIMIT,91612,0,0,19,7
3,12,1.094682e6,-1.6615043052641092,-0.7399802608791516,TIME_LIMIT,91642,0,0,36,24
3,12,1.095173e6,-1.6614939109490865,-0.7399802608791516,TIME_LIMIT,91698,0,0,36,9
3,12,1.095645e6,-1.6614939109490865,-0.7399802608791516,TIME_LIMIT,91735,0,0,25,19
3,12,1.096117e6,-1.6614716239248755,-0.7399802608791516,TIME_LIMIT,91785,0,0,30,11
3,12,1.096588e6,-1.6614716239248755,-0.7399802608791516,TIME_LIMIT,91820,0,0,20,23
3,12,1.097062e6,-1.661449648695688,-0.7399802608791516,TIME_LIMIT,91855,0,0,25,10
3,12,1.097537e6,-1.661449648695688,-0.7399802608791516,TIME_LIMIT,91892,0,0,55,47
3,12,1.09801e6,-1.6614381315924074,-0.7399802608791516,TIME_LIMIT,91944,0,0,27,12
3,12,1.098481e6,-1.6614381315924074,-0.7399802608791516,TIME_LIMIT,91971,0,0,30,18
3,12,1.098953e6,-1.6613791670202045,-0.7399802608791516,TIME_LIMIT,92018,0,0,28,23
3,12,1.099426e6,-1.6613791670202045,-0.7399802608791516,TIME_LIMIT,92049,0,0,43,54
3,12,1.099898e6,-1.661376518700985,-0.7399802608791516,TIME_LIMIT,92100,0,0,19,11
3,12,1.100293e6,-1.661376518700985,-0.7399802608791516,TIME_LIMIT,92138,0,0,45,31
3,12,1.100766e6,-1.6613610988292618,-0.7399802608791516,TIME_LIMIT,92193,0,0,31,15
3,12,1.101239e6,-1.6613610988292618,-0.7399802608791516,TIME_LIMIT,92223,0,0,30,17
3,12,1.101749e6,-1.6613573673740207,-0.7399802608791516,TIME_LIMIT,92278,0,0,16,11
3,12,1.1023e6,-1.6613573673740207,-0.7399802608791516,TIME_LIMIT,92312,0,0,38,22
3,12,1.102785e6,-1.6613339558420124,-0.7399802608791516,TIME_LIMIT,92372,0,0,37,18
3,12,1.103269e6,-1.6613339558420124,-0.7399802608791516,TIME_LIMIT,92403,0,0,36,25
3,12,1.103756e6,-1.6612554291035864,-0.7399802608791516,TIME_LIMIT,92454,0,0,17,10
3,12,1.104233e6,-1.6612554291035864,-0.7399802608791516,TIME_LIMIT,92487,0,0,39,24
3,12,1.104761e6,-1.6612451002428428,-0.7399802608791516,TIME_LIMIT,92538,0,0,30,10
3,12,1.105272e6,-1.6612451002428428,-0.7399802608791516,TIME_LIMIT,92573,0,0,39,37
3,12,1.105762e6,-1.6611682822537002,-0.7399802608791516,TIME_LIMIT,92625,0,0,36,15
3,12,1.106298e6,-1.6611682822537002,-0.7399802608791516,TIME_LIMIT,92655,0,0,23,18
3,12,1.106937e6,-1.661133712274743,-0.7399802608791516,TIME_LIMIT,92707,0,0,20,10
3,12,1.107535e6,-1.661133712274743,-0.7399802608791516,TIME_LIMIT,92734,0,0,25,36
3,12,1.108107e6,-1.6611235054562037,-0.7399802608791516,TIME_LIMIT,92791,0,0,31,17
3,12,1.108686e6,-1.6611235054562037,-0.7399802608791516,TIME_LIMIT,92824,0,0,41,39
3,12,1.109262e6,-1.6610908693330382,-0.7399802608791516,TIME_LIMIT,92883,0,0,13,6
3,12,1.109847e6,-1.6610908693330382,-0.7399802608791516,TIME_LIMIT,92915,0,0,35,31
3,12,1.110479e6,-1.661067235044802,-0.7399802608791516,TIME_LIMIT,92971,0,0,24,8
3,12,1.111092e6,-1.661067235044802,-0.7399802608791516,TIME_LIMIT,93004,0,0,41,46
3,12,1.111665e6,-1.6610523515161792,-0.7399802608791516,TIME_LIMIT,93058,0,0,34,13
3,12,1.112244e6,-1.6610523515161792,-0.7399802608791516,TIME_LIMIT,93089,0,0,36,36
3,12,1.112828e6,-1.661005200731116,-0.7399802608791516,TIME_LIMIT,93150,0,0,21,16
3,12,1.113406e6,-1.661005200731116,-0.7399802608791516,TIME_LIMIT,93191,0,0,38,30
3,12,1.113967e6,-1.661004641373347,-0.7399802608791516,TIME_LIMIT,93228,0,0,33,19
3,12,1.114559e6,-1.661004641373347,-0.7399802608791516,TIME_LIMIT,93260,0,0,22,20
3,12,1.115123e6,-1.6609158303753904,-0.7399802608791516,TIME_LIMIT,93315,0,0,28,8
3,12,1.115672e6,-1.6609158303753904,-0.7399802608791516,TIME_LIMIT,93346,0,0,40,34
3,12,1.116219e6,-1.6608049307208086,-0.7399802608791516,TIME_LIMIT,93402,0,0,35,17
3,12,1.116768e6,-1.6608049307208086,-0.7399802608791516,TIME_LIMIT,93438,0,0,39,15
3,12,1.117322e6,-1.6607936647658967,-0.7399802608791516,TIME_LIMIT,93490,0,0,34,14
3,12,1.117888e6,-1.6607936647658967,-0.7399802608791516,TIME_LIMIT,93527,0,0,30,22
3,12,1.118471e6,-1.6607743822511931,-0.7399802608791516,TIME_LIMIT,93583,0,0,13,3
3,12,1.119053e6,-1.6607743822511931,-0.7399802608791516,TIME_LIMIT,93618,0,0,43,24
3,12,1.11962e6,-1.660754470305699,-0.7399802608791516,TIME_LIMIT,93671,0,0,28,13
3,12,1.120197e6,-1.660754470305699,-0.7399802608791516,TIME_LIMIT,93704,0,0,29,27
3,12,1.120782e6,-1.6607164256446871,-0.7399802608791516,TIME_LIMIT,93755,0,0,32,16
3,12,1.121398e6,-1.6607164256446871,-0.7399802608791516,TIME_LIMIT,93788,0,0,41,23
3,12,1.122001e6,-1.660701402326602,-0.7399802608791516,TIME_LIMIT,93842,0,0,36,16
3,12,1.122622e6,-1.660701402326602,-0.7399802608791516,TIME_LIMIT,93874,0,0,42,41
3,12,1.123251e6,-1.6606493839428846,-0.7399802608791516,TIME_LIMIT,93927,0,0,37,12
3,12,1.123891e6,-1.6606493839428846,-0.7399802608791516,TIME_LIMIT,93956,0,0,41,43
3,12,1.124518e6,-1.6606276126732877,-0.7399802608791516,TIME_LIMIT,94006,0,0,28,18
3,12,1.125157e6,-1.6606276126732877,-0.7399802608791516,TIME_LIMIT,94045,0,0,41,25
3,12,1.125811e6,-1.6606095527961493,-0.7399802608791516,TIME_LIMIT,94097,0,0,29,9
3,12,1.126506e6,-1.6606095527961493,-0.7399802608791516,TIME_LIMIT,94128,0,0,33,15
3,12,1.127161e6,-1.6606000348578123,-0.7399802608791516,TIME_LIMIT,94175,0,0,26,16
3,12,1.127828e6,-1.6606000348578123,-0.7399802608791516,TIME_LIMIT,94209,0,0,45,21
3,12,1.128509e6,-1.6605830587477395,-0.7399802608791516,TIME_LIMIT,94260,0,0,33,12
3,12,1.129175e6,-1.6605830587477395,-0.7399802608791516,TIME_LIMIT,94289,0,0,41,48
3,12,1.129848e6,-1.6605761173496452,-0.7399802608791516,TIME_LIMIT,94344,0,0,39,24
3,12,1.130538e6,-1.6605761173496452,-0.7399802608791516,TIME_LIMIT,94371,0,0,39,18
3,12,1.131241e6,-1.6605595711439676,-0.7399802608791516,TIME_LIMIT,94410,0,0,24,7
3,12,1.131921e6,-1.6605595711439676,-0.7399802608791516,TIME_LIMIT,94449,0,0,60,45
3,12,1.132598e6,-1.6605529267953933,-0.7399802608791516,TIME_LIMIT,94502,0,0,18,14
3,12,1.133263e6,-1.6605529267953933,-0.7399802608791516,TIME_LIMIT,94534,0,0,30,25
3,12,1.133926e6,-1.660544544089787,-0.7399802608791516,TIME_LIMIT,94594,0,0,37,18
3,12,1.134593e6,-1.660544544089787,-0.7399802608791516,TIME_LIMIT,94628,0,0,29,16
3,12,1.135336e6,-1.6605280117212686,-0.7399802608791516,TIME_LIMIT,94680,0,0,29,7
3,12,1.136058e6,-1.6605280117212686,-0.7399802608791516,TIME_LIMIT,94717,0,0,24,14
3,12,1.136763e6,-1.6605180530483648,-0.7399802608791516,TIME_LIMIT,94761,0,0,25,17
3,12,1.13744e6,-1.6605180530483648,-0.7399802608791516,TIME_LIMIT,94790,0,0,45,41
3,12,1.138113e6,-1.6605114930122753,-0.7399802608791516,TIME_LIMIT,94843,0,0,34,19
3,12,1.138786e6,-1.6605114930122753,-0.7399802608791516,TIME_LIMIT,94877,0,0,41,43
3,12,1.139461e6,-1.6605059520058552,-0.7399802608791516,TIME_LIMIT,94938,0,0,25,18
3,12,1.140139e6,-1.6605059520058552,-0.7399802608791516,TIME_LIMIT,94974,0,0,39,45
3,12,1.140809e6,-1.6604881813933399,-0.7399802608791516,TIME_LIMIT,95027,0,0,27,22
3,12,1.141476e6,-1.6604881813933399,-0.7399802608791516,TIME_LIMIT,95067,0,0,31,13
3,12,1.142143e6,-1.6604624153125167,-0.7399802608791516,TIME_LIMIT,95104,0,0,39,21
3,12,1.14284e6,-1.6604624153125167,-0.7399802608791516,TIME_LIMIT,95135,0,0,42,23
3,12,1.143515e6,-1.6604360034311334,-0.7399802608791516,TIME_LIMIT,95183,0,0,32,18
3,12,1.144189e6,-1.6604360034311334,-0.7399802608791516,TIME_LIMIT,95210,0,0,40,32
3,12,1.144855e6,-1.6604331525658165,-0.7399802608791516,TIME_LIMIT,95266,0,0,35,17
3,12,1.145503e6,-1.6604331525658165,-0.7399802608791516,TIME_LIMIT,95305,0,0,36,22
3,12,1.146156e6,-1.6604073887689825,-0.7399802608791516,TIME_LIMIT,95361,0,0,32,13
3,12,1.14681e6,-1.6604073887689825,-0.7399802608791516,TIME_LIMIT,95397,0,0,42,28
3,12,1.14747e6,-1.6603467287177793,-0.7399802608791516,TIME_LIMIT,95452,0,0,34,19
3,12,1.148136e6,-1.6603467287177793,-0.7399802608791516,TIME_LIMIT,95483,0,0,45,19
3,12,1.148787e6,-1.6603330572736394,-0.7399802608791516,TIME_LIMIT,95528,0,0,16,5
3,12,1.149427e6,-1.6603330572736394,-0.7399802608791516,TIME_LIMIT,95563,0,0,28,15
3,12,1.150054e6,-1.6602956356929606,-0.7399802608791516,TIME_LIMIT,95613,0,0,15,5
3,12,1.150668e6,-1.6602956356929606,-0.7399802608791516,TIME_LIMIT,95647,0,0,27,15
3,12,1.151267e6,-1.6602580399696483,-0.7399802608791516,TIME_LIMIT,95677,0,0,16,8
3,12,1.151858e6,-1.6602580399696483,-0.7399802608791516,TIME_LIMIT,95708,0,0,31,17
3,12,1.152465e6,-1.6602439600359644,-0.7399802608791516,TIME_LIMIT,95762,0,0,30,6
3,12,1.153049e6,-1.6602439600359644,-0.7399802608791516,TIME_LIMIT,95793,0,0,35,50
3,12,1.153609e6,-1.6602430106600874,-0.7399802608791516,TIME_LIMIT,95849,0,0,28,19
3,12,1.154151e6,-1.6602430106600874,-0.7399802608791516,TIME_LIMIT,95879,0,0,20,25
3,12,1.154685e6,-1.6602423411844747,-0.7399802608791516,TIME_LIMIT,95918,0,0,28,15
3,12,1.15522e6,-1.6602423411844747,-0.7399802608791516,TIME_LIMIT,95955,0,0,40,20
3,12,1.155752e6,-1.6601905985605392,-0.7399802608791516,TIME_LIMIT,96006,0,0,29,13
3,12,1.156274e6,-1.6601905985605392,-0.7399802608791516,TIME_LIMIT,96033,0,0,39,23
3,12,1.156793e6,-1.6601625001179192,-0.7399802608791516,TIME_LIMIT,96085,0,0,33,12
3,12,1.157339e6,-1.6601625001179192,-0.7399802608791516,TIME_LIMIT,96121,0,0,25,13
3,12,1.157851e6,-1.660156311698712,-0.7399802608791516,TIME_LIMIT,96154,0,0,35,16
3,12,1.158362e6,-1.660156311698712,-0.7399802608791516,TIME_LIMIT,96192,0,0,40,30
3,12,1.158869e6,-1.6601463488989272,-0.7399802608791516,TIME_LIMIT,96242,0,0,26,10
3,12,1.159372e6,-1.6601463488989272,-0.7399802608791516,TIME_LIMIT,96280,0,0,39,44
3,12,1.159878e6,-1.660126548539534,-0.7399802608791516,TIME_LIMIT,96312,0,0,37,26
3,12,1.160403e6,-1.660126548539534,-0.7399802608791516,TIME_LIMIT,96342,0,0,44,33
3,12,1.160904e6,-1.6600846564687795,-0.7399802608791516,TIME_LIMIT,96390,0,0,14,15
3,12,1.161405e6,-1.6600846564687795,-0.7399802608791516,TIME_LIMIT,96432,0,0,39,20
3,12,1.161916e6,-1.6600541441796257,-0.7399802608791516,TIME_LIMIT,96472,0,0,32,12
3,12,1.162331e6,-1.6600541441796257,-0.7399802608791516,TIME_LIMIT,96508,0,0,23,7
3,12,1.16287e6,-1.659876582061044,-0.7399802608791516,TIME_LIMIT,96556,0,0,22,8
3,12,1.163384e6,-1.659876582061044,-0.7399802608791516,TIME_LIMIT,96586,0,0,28,28
3,12,1.163879e6,-1.659874558758568,-0.7399802608791516,TIME_LIMIT,96642,0,0,14,10
3,12,1.164366e6,-1.659874558758568,-0.7399802608791516,TIME_LIMIT,96673,0,0,24,17
3,12,1.164847e6,-1.6598590129489106,-0.7399802608791516,TIME_LIMIT,96726,0,0,25,12
3,12,1.165326e6,-1.6598590129489106,-0.7399802608791516,TIME_LIMIT,96758,0,0,40,35
3,12,1.165807e6,-1.659819710872864,-0.7399802608791516,TIME_LIMIT,96812,0,0,33,11
3,12,1.166287e6,-1.659819710872864,-0.7399802608791516,TIME_LIMIT,96843,0,0,29,15
3,12,1.16677e6,-1.6598042187526991,-0.7399802608791516,TIME_LIMIT,96894,0,0,29,13
3,12,1.167243e6,-1.6598042187526991,-0.7399802608791516,TIME_LIMIT,96935,0,0,35,13
3,12,1.167716e6,-1.6597875802909154,-0.7399802608791516,TIME_LIMIT,96974,0,0,30,20
3,12,1.168188e6,-1.6597875802909154,-0.7399802608791516,TIME_LIMIT,97006,0,0,23,19
3,12,1.168725e6,-1.6597188487609138,-0.7399802608791516,TIME_LIMIT,97055,0,0,30,15
3,12,1.16923e6,-1.6597188487609138,-0.7399802608791516,TIME_LIMIT,97085,0,0,43,21
3,12,1.169732e6,-1.6597089690172926,-0.7399802608791516,TIME_LIMIT,97134,0,0,31,8
3,12,1.170188e6,-1.6597089690172926,-0.7399802608791516,TIME_LIMIT,97169,0,0,39,25
3,12,1.170696e6,-1.6596899750219059,-0.7399802608791516,TIME_LIMIT,97212,0,0,16,8
3,12,1.171245e6,-1.6596899750219059,-0.7399802608791516,TIME_LIMIT,97243,0,0,22,54
3,12,1.171746e6,-1.6596797292710628,-0.7399802608791516,TIME_LIMIT,97301,0,0,35,10
3,12,1.172271e6,-1.6596797292710628,-0.7399802608791516,TIME_LIMIT,97344,0,0,47,32
3,12,1.17278e6,-1.6596373009153071,-0.7399802608791516,TIME_LIMIT,97387,0,0,43,20
3,12,1.173292e6,-1.6596373009153071,-0.7399802608791516,TIME_LIMIT,97424,0,0,21,23
3,12,1.173843e6,-1.6596305097093307,-0.7399802608791516,TIME_LIMIT,97479,0,0,24,9
3,12,1.174474e6,-1.6596305097093307,-0.7399802608791516,TIME_LIMIT,97512,0,0,36,13
3,12,1.175043e6,-1.659602774829271,-0.7399802608791516,TIME_LIMIT,97560,0,0,28,24
3,12,1.17554e6,-1.659602774829271,-0.7399802608791516,TIME_LIMIT,97591,0,0,33,19
3,12,1.176018e6,-1.6595978982307182,-0.7399802608791516,TIME_LIMIT,97645,0,0,16,15
3,12,1.176611e6,-1.6595978982307182,-0.7399802608791516,TIME_LIMIT,97678,0,0,39,29
3,12,1.177142e6,-1.659557385971607,-0.7399802608791516,TIME_LIMIT,97732,0,0,33,14
3,12,1.177682e6,-1.659557385971607,-0.7399802608791516,TIME_LIMIT,97771,0,0,44,33
3,12,1.178351e6,-1.6595556721862674,-0.7399802608791516,TIME_LIMIT,97820,0,0,31,10
3,12,1.178918e6,-1.6595556721862674,-0.7399802608791516,TIME_LIMIT,97849,0,0,28,20
3,12,1.179424e6,-1.6595157887513359,-0.7399802608791516,TIME_LIMIT,97896,0,0,25,12
3,12,1.1799e6,-1.6595157887513359,-0.7399802608791516,TIME_LIMIT,97923,0,0,46,43
3,12,1.180371e6,-1.6593684664679182,-0.7399802608791516,TIME_LIMIT,97968,0,0,17,10
3,12,1.180918e6,-1.6593684664679182,-0.7399802608791516,TIME_LIMIT,98004,0,0,42,30
3,12,1.181491e6,-1.6593305807880878,-0.7399802608791516,TIME_LIMIT,98051,0,0,21,10
3,12,1.182101e6,-1.6593305807880878,-0.7399802608791516,TIME_LIMIT,98093,0,0,34,18
3,12,1.182745e6,-1.6593175330726884,-0.7399802608791516,TIME_LIMIT,98127,0,0,36,21
3,12,1.183278e6,-1.6593175330726884,-0.7399802608791516,TIME_LIMIT,98172,0,0,45,34
3,12,1.183908e6,-1.6592515821119749,-0.7399802608791516,TIME_LIMIT,98220,0,0,18,7
3,12,1.184463e6,-1.6592515821119749,-0.7399802608791516,TIME_LIMIT,98258,0,0,38,31
3,12,1.185072e6,-1.6592179101936744,-0.7399802608791516,TIME_LIMIT,98310,0,0,37,12
3,12,1.185676e6,-1.6592179101936744,-0.7399802608791516,TIME_LIMIT,98342,0,0,38,13
3,12,1.186188e6,-1.6591664498476446,-0.7399802608791516,TIME_LIMIT,98388,0,0,38,11
3,12,1.186784e6,-1.6591664498476446,-0.7399802608791516,TIME_LIMIT,98417,0,0,31,13
3,12,1.187361e6,-1.659151912333357,-0.7399802608791516,TIME_LIMIT,98470,0,0,36,10
3,12,1.187962e6,-1.659151912333357,-0.7399802608791516,TIME_LIMIT,98501,0,0,43,19
3,12,1.188656e6,-1.6591321477199261,-0.7399802608791516,TIME_LIMIT,98553,0,0,16,4
3,12,1.189169e6,-1.6591321477199261,-0.7399802608791516,TIME_LIMIT,98583,0,0,37,24
3,12,1.189782e6,-1.659112679926296,-0.7399802608791516,TIME_LIMIT,98639,0,0,31,15
3,12,1.190424e6,-1.659112679926296,-0.7399802608791516,TIME_LIMIT,98671,0,0,42,19
3,12,1.191033e6,-1.6590970186346774,-0.7399802608791516,TIME_LIMIT,98719,0,0,18,13
3,12,1.191684e6,-1.6590970186346774,-0.7399802608791516,TIME_LIMIT,98754,0,0,30,18
3,12,1.192211e6,-1.6590421802867668,-0.7399802608791516,TIME_LIMIT,98798,0,0,38,9
3,12,1.192783e6,-1.6590421802867668,-0.7399802608791516,TIME_LIMIT,98829,0,0,37,25
3,12,1.193446e6,-1.6590133412600396,-0.7399802608791516,TIME_LIMIT,98881,0,0,17,9
3,12,1.193971e6,-1.6590133412600396,-0.7399802608791516,TIME_LIMIT,98916,0,0,34,16
3,12,1.194473e6,-1.6589824635902706,-0.7399802608791516,TIME_LIMIT,98961,0,0,38,11
3,12,1.195091e6,-1.6589824635902706,-0.7399802608791516,TIME_LIMIT,98991,0,0,45,20
3,12,1.195593e6,-1.6589089900384943,-0.7399802608791516,TIME_LIMIT,99036,0,0,17,4
3,12,1.196181e6,-1.6589089900384943,-0.7399802608791516,TIME_LIMIT,99060,0,0,28,23
3,12,1.196742e6,-1.6588793565494502,-0.7399802608791516,TIME_LIMIT,99113,0,0,31,9
3,12,1.196988e6,-1.6588793565494502,-0.7399802608791516,TIME_LIMIT,99151,0,0,47,29
3,12,1.197679e6,-1.6588564795486291,-0.7399802608791516,TIME_LIMIT,99199,0,0,24,16
3,12,1.198259e6,-1.6588564795486291,-0.7399802608791516,TIME_LIMIT,99230,0,0,44,24
3,12,1.198793e6,-1.658797274810767,-0.7399802608791516,TIME_LIMIT,99286,0,0,29,14
3,12,1.199321e6,-1.658797274810767,-0.7399802608791516,TIME_LIMIT,99317,0,0,21,23
3,12,1.199805e6,-1.6587356422625266,-0.7399802608791516,TIME_LIMIT,99355,0,0,32,8
3,12,1.200298e6,-1.6587356422625266,-0.7399802608791516,TIME_LIMIT,99389,0,0,35,41
3,12,1.200886e6,-1.658729498076644,-0.7399802608791516,TIME_LIMIT,99440,0,0,36,10
3,12,1.201417e6,-1.658729498076644,-0.7399802608791516,TIME_LIMIT,99473,0,0,19,23
3,12,1.201954e6,-1.6586709509546265,-0.7399802608791516,TIME_LIMIT,99524,0,0,33,15
3,12,1.202438e6,-1.6586709509546265,-0.7399802608791516,TIME_LIMIT,99565,0,0,19,9
3,12,1.202912e6,-1.6586694349851747,-0.7399802608791516,TIME_LIMIT,99603,0,0,32,7
3,12,1.203401e6,-1.6586694349851747,-0.7399802608791516,TIME_LIMIT,99633,0,0,34,48
3,12,1.203961e6,-1.658625870429591,-0.7399802608791516,TIME_LIMIT,99685,0,0,30,12
3,12,1.20448e6,-1.658625870429591,-0.7399802608791516,TIME_LIMIT,99726,0,0,46,44
3,12,1.205005e6,-1.6586182418183293,-0.7399802608791516,TIME_LIMIT,99774,0,0,27,15
3,12,1.205504e6,-1.6586182418183293,-0.7399802608791516,TIME_LIMIT,99811,0,0,45,33
3,12,1.20603e6,-1.6586139889152403,-0.7399802608791516,TIME_LIMIT,99861,0,0,28,14
3,12,1.206534e6,-1.6586139889152403,-0.7399802608791516,TIME_LIMIT,99894,0,0,29,13
3,12,1.207062e6,-1.6585949972913807,-0.7399802608791516,TIME_LIMIT,99943,0,0,30,13
3,12,1.207554e6,-1.6585949972913807,-0.7399802608791516,TIME_LIMIT,99982,0,0,17,15
3,12,1.208084e6,-1.6585636160884478,-0.7399802608791516,TIME_LIMIT,100014,0,0,30,10
3,12,1.208579e6,-1.6585636160884478,-0.7399802608791516,TIME_LIMIT,100048,0,0,30,12
3,12,1.209104e6,-1.6585020237218244,-0.7399802608791516,TIME_LIMIT,100092,0,0,38,11
3,12,1.209611e6,-1.6585020237218244,-0.7399802608791516,TIME_LIMIT,100126,0,0,42,42
3,12,1.210116e6,-1.6583837836134585,-0.7399802608791516,TIME_LIMIT,100174,0,0,27,23
3,12,1.210618e6,-1.6583837836134585,-0.7399802608791516,TIME_LIMIT,100207,0,0,37,20
3,12,1.211135e6,-1.6583686059905525,-0.7399802608791516,TIME_LIMIT,100258,0,0,30,18
3,12,1.211634e6,-1.6583686059905525,-0.7399802608791516,TIME_LIMIT,100294,0,0,36,30
3,12,1.212155e6,-1.6583421333106223,-0.7399802608791516,TIME_LIMIT,100344,0,0,18,13
3,12,1.21265e6,-1.6583421333106223,-0.7399802608791516,TIME_LIMIT,100386,0,0,38,28
3,12,1.213164e6,-1.6582345783427983,-0.7399802608791516,TIME_LIMIT,100421,0,0,42,25
3,12,1.213668e6,-1.6582345783427983,-0.7399802608791516,TIME_LIMIT,100450,0,0,29,13
3,12,1.214194e6,-1.658171585685499,-0.7399802608791516,TIME_LIMIT,100508,0,0,19,9
3,12,1.214707e6,-1.658171585685499,-0.7399802608791516,TIME_LIMIT,100542,0,0,39,14
3,12,1.215205e6,-1.6581634770974423,-0.7399802608791516,TIME_LIMIT,100602,0,0,39,13
3,12,1.215725e6,-1.6581634770974423,-0.7399802608791516,TIME_LIMIT,100634,0,0,16,10
3,12,1.216238e6,-1.6581481723296743,-0.7399802608791516,TIME_LIMIT,100685,0,0,17,13
3,12,1.21674e6,-1.6581481723296743,-0.7399802608791516,TIME_LIMIT,100726,0,0,51,27
3,12,1.217293e6,-1.658120436437396,-0.7399802608791516,TIME_LIMIT,100782,0,0,17,10
3,12,1.217806e6,-1.658120436437396,-0.7399802608791516,TIME_LIMIT,100814,0,0,42,18
3,12,1.218299e6,-1.6580803453783204,-0.7399802608791516,TIME_LIMIT,100848,0,0,34,20
3,12,1.218808e6,-1.6580803453783204,-0.7399802608791516,TIME_LIMIT,100882,0,0,40,17
3,12,1.219297e6,-1.6580184439144792,-0.7399802608791516,TIME_LIMIT,100930,0,0,29,13
3,12,1.219803e6,-1.6580184439144792,-0.7399802608791516,TIME_LIMIT,100958,0,0,38,20
3,12,1.220299e6,-1.6579487331703864,-0.7399802608791516,TIME_LIMIT,101012,0,0,19,9
3,12,1.220792e6,-1.6579487331703864,-0.7399802608791516,TIME_LIMIT,101049,0,0,44,25
3,12,1.221287e6,-1.65788803376773,-0.7399802608791516,TIME_LIMIT,101106,0,0,25,11
3,12,1.2218e6,-1.65788803376773,-0.7399802608791516,TIME_LIMIT,101148,0,0,39,17
3,12,1.22215e6,-1.6578814673095439,-0.7399802608791516,TIME_LIMIT,101186,0,0,35,12
3,12,1.222678e6,-1.6578814673095439,-0.7399802608791516,TIME_LIMIT,101217,0,0,40,20
3,12,1.223189e6,-1.657879537929308,-0.7399802608791516,TIME_LIMIT,101257,0,0,19,10
3,12,1.223694e6,-1.657879537929308,-0.7399802608791516,TIME_LIMIT,101292,0,0,35,42
3,12,1.224184e6,-1.6578441989121693,-0.7399802608791516,TIME_LIMIT,101347,0,0,32,28
3,12,1.224682e6,-1.6578441989121693,-0.7399802608791516,TIME_LIMIT,101377,0,0,24,8
3,12,1.225179e6,-1.6578310689577507,-0.7399802608791516,TIME_LIMIT,101430,0,0,29,14
3,12,1.225689e6,-1.6578310689577507,-0.7399802608791516,TIME_LIMIT,101461,0,0,26,17
3,12,1.226185e6,-1.6578255671853945,-0.7399802608791516,TIME_LIMIT,101512,0,0,34,7
3,12,1.226669e6,-1.6578255671853945,-0.7399802608791516,TIME_LIMIT,101545,0,0,37,26
3,12,1.227168e6,-1.6577451686957418,-0.7399802608791516,TIME_LIMIT,101593,0,0,30,10
3,12,1.22766e6,-1.6577451686957418,-0.7399802608791516,TIME_LIMIT,101624,0,0,44,24
3,12,1.228161e6,-1.6577296553086662,-0.7399802608791516,TIME_LIMIT,101679,0,0,17,6
3,12,1.22866e6,-1.6577296553086662,-0.7399802608791516,TIME_LIMIT,101721,0,0,46,33
3,12,1.229163e6,-1.6576937431305265,-0.7399802608791516,TIME_LIMIT,101771,0,0,24,12
3,12,1.229659e6,-1.6576937431305265,-0.7399802608791516,TIME_LIMIT,101807,0,0,24,10
3,12,1.230146e6,-1.657615560781689,-0.7399802608791516,TIME_LIMIT,101864,0,0,34,18
3,12,1.230638e6,-1.657615560781689,-0.7399802608791516,TIME_LIMIT,101895,0,0,45,37
3,12,1.231855e6,-1.6575792543978076,-0.7399802608791516,TIME_LIMIT,101952,0,0,35,12
3,12,1.232453e6,-1.6575792543978076,-0.7399802608791516,TIME_LIMIT,101992,0,0,15,13
3,12,1.232956e6,-1.6575554878609093,-0.7399802608791516,TIME_LIMIT,102030,0,0,32,15
3,12,1.233431e6,-1.6575554878609093,-0.7399802608791516,TIME_LIMIT,102060,0,0,22,9
3,12,1.233915e6,-1.657476171950787,-0.7399802608791516,TIME_LIMIT,102109,0,0,32,13
3,12,1.234348e6,-1.657476171950787,-0.7399802608791516,TIME_LIMIT,102148,0,0,29,28
3,12,1.23483e6,-1.6574170883963992,-0.7399802608791516,TIME_LIMIT,102198,0,0,17,12
3,12,1.235306e6,-1.6574170883963992,-0.7399802608791516,TIME_LIMIT,102229,0,0,38,23
3,12,1.235797e6,-1.657395335216049,-0.7399802608791516,TIME_LIMIT,102283,0,0,34,11
3,12,1.236278e6,-1.657395335216049,-0.7399802608791516,TIME_LIMIT,102316,0,0,40,28
3,12,1.236759e6,-1.657389021487672,-0.7399802608791516,TIME_LIMIT,102369,0,0,34,14
3,12,1.23725e6,-1.657389021487672,-0.7399802608791516,TIME_LIMIT,102407,0,0,26,21
3,12,1.237733e6,-1.6573757940567726,-0.7399802608791516,TIME_LIMIT,102445,0,0,40,11
3,12,1.238228e6,-1.6573757940567726,-0.7399802608791516,TIME_LIMIT,102477,0,0,44,28
3,12,1.23871e6,-1.6572903476212408,-0.7399802608791516,TIME_LIMIT,102531,0,0,30,10
3,12,1.239192e6,-1.6572903476212408,-0.7399802608791516,TIME_LIMIT,102569,0,0,34,18
3,12,1.239688e6,-1.6572800925190168,-0.7399802608791516,TIME_LIMIT,102622,0,0,20,8
3,12,1.24016e6,-1.6572800925190168,-0.7399802608791516,TIME_LIMIT,102652,0,0,46,32
3,12,1.240641e6,-1.6572760865282692,-0.7399802608791516,TIME_LIMIT,102702,0,0,26,14
3,12,1.241138e6,-1.6572760865282692,-0.7399802608791516,TIME_LIMIT,102737,0,0,25,40
3,12,1.241613e6,-1.6572267544011223,-0.7399802608791516,TIME_LIMIT,102785,0,0,33,24
3,12,1.242095e6,-1.6572267544011223,-0.7399802608791516,TIME_LIMIT,102822,0,0,50,45
3,12,1.242588e6,-1.6572137263169737,-0.7399802608791516,TIME_LIMIT,102874,0,0,21,13
3,12,1.243069e6,-1.6572137263169737,-0.7399802608791516,TIME_LIMIT,102909,0,0,39,17
3,12,1.24355e6,-1.657149370160355,-0.7399802608791516,TIME_LIMIT,102961,0,0,33,13
3,12,1.244031e6,-1.657149370160355,-0.7399802608791516,TIME_LIMIT,103000,0,0,28,18
3,12,1.244534e6,-1.657147586524657,-0.7399802608791516,TIME_LIMIT,103045,0,0,27,10
3,12,1.245017e6,-1.657147586524657,-0.7399802608791516,TIME_LIMIT,103083,0,0,42,38
3,12,1.245512e6,-1.657123739820043,-0.7399802608791516,TIME_LIMIT,103138,0,0,30,19
3,12,1.24599e6,-1.657123739820043,-0.7399802608791516,TIME_LIMIT,103174,0,0,40,34
3,12,1.246471e6,-1.6571134209917873,-0.7399802608791516,TIME_LIMIT,103212,0,0,20,18
3,12,1.246965e6,-1.6571134209917873,-0.7399802608791516,TIME_LIMIT,103242,0,0,49,46
3,12,1.247455e6,-1.6570361282918358,-0.7399802608791516,TIME_LIMIT,103295,0,0,30,13
3,12,1.247958e6,-1.6570361282918358,-0.7399802608791516,TIME_LIMIT,103326,0,0,41,27
3,12,1.248437e6,-1.6570202919927282,-0.7399802608791516,TIME_LIMIT,103374,0,0,32,16
3,12,1.248915e6,-1.6570202919927282,-0.7399802608791516,TIME_LIMIT,103415,0,0,37,19
3,12,1.249406e6,-1.6570082908457802,-0.7399802608791516,TIME_LIMIT,103463,0,0,32,12
3,12,1.249893e6,-1.6570082908457802,-0.7399802608791516,TIME_LIMIT,103493,0,0,44,37
3,12,1.250373e6,-1.6569217847222637,-0.7399802608791516,TIME_LIMIT,103548,0,0,33,19
3,12,1.250866e6,-1.6569217847222637,-0.7399802608791516,TIME_LIMIT,103587,0,0,18,29
3,12,1.251346e6,-1.6568565845813976,-0.7399802608791516,TIME_LIMIT,103641,0,0,36,20
3,12,1.251826e6,-1.6568565845813976,-0.7399802608791516,TIME_LIMIT,103671,0,0,39,35
3,12,1.252319e6,-1.6568547145312662,-0.7399802608791516,TIME_LIMIT,103720,0,0,32,15
3,12,1.252795e6,-1.6568547145312662,-0.7399802608791516,TIME_LIMIT,103752,0,0,42,68
3,12,1.253286e6,-1.656847081753144,-0.7399802608791516,TIME_LIMIT,103801,0,0,26,18
3,12,1.253784e6,-1.656847081753144,-0.7399802608791516,TIME_LIMIT,103828,0,0,42,43
3,12,1.254261e6,-1.6568001071357343,-0.7399802608791516,TIME_LIMIT,103879,0,0,26,11
3,12,1.254743e6,-1.6568001071357343,-0.7399802608791516,TIME_LIMIT,103916,0,0,22,15
3,12,1.255262e6,-1.6567747133163837,-0.7399802608791516,TIME_LIMIT,103975,0,0,36,9
3,12,1.255745e6,-1.6567747133163837,-0.7399802608791516,TIME_LIMIT,104018,0,0,32,26
3,12,1.256225e6,-1.6567088038334172,-0.7399802608791516,TIME_LIMIT,104069,0,0,34,13
3,12,1.256718e6,-1.6567088038334172,-0.7399802608791516,TIME_LIMIT,104100,0,0,40,46
3,12,1.257199e6,-1.656697213524355,-0.7399802608791516,TIME_LIMIT,104153,0,0,24,18
3,12,1.257678e6,-1.656697213524355,-0.7399802608791516,TIME_LIMIT,104189,0,0,34,17
3,12,1.258167e6,-1.6566788185526782,-0.7399802608791516,TIME_LIMIT,104242,0,0,27,11
3,12,1.258647e6,-1.6566788185526782,-0.7399802608791516,TIME_LIMIT,104284,0,0,38,17
3,12,1.259141e6,-1.6566732974656064,-0.7399802608791516,TIME_LIMIT,104321,0,0,39,11
3,12,1.259613e6,-1.6566732974656064,-0.7399802608791516,TIME_LIMIT,104355,0,0,40,33
3,12,1.260091e6,-1.6565303190634464,-0.7399802608791516,TIME_LIMIT,104410,0,0,36,27
3,12,1.260593e6,-1.6565303190634464,-0.7399802608791516,TIME_LIMIT,104442,0,0,40,28
3,12,1.261077e6,-1.656471753852583,-0.7399802608791516,TIME_LIMIT,104497,0,0,35,13
3,12,1.261552e6,-1.656471753852583,-0.7399802608791516,TIME_LIMIT,104533,0,0,28,9
3,12,1.262033e6,-1.6564182777977068,-0.7399802608791516,TIME_LIMIT,104567,0,0,32,14
3,12,1.262504e6,-1.6564182777977068,-0.7399802608791516,TIME_LIMIT,104607,0,0,35,25
3,12,1.262972e6,-1.6563995342905358,-0.7399802608791516,TIME_LIMIT,104650,0,0,35,19
3,12,1.263465e6,-1.6563995342905358,-0.7399802608791516,TIME_LIMIT,104686,0,0,30,25
3,12,1.263946e6,-1.6563870110206198,-0.7399802608791516,TIME_LIMIT,104725,0,0,16,11
3,12,1.264424e6,-1.6563870110206198,-0.7399802608791516,TIME_LIMIT,104762,0,0,38,29
3,12,1.264916e6,-1.6563698070263466,-0.7399802608791516,TIME_LIMIT,104817,0,0,39,20
3,12,1.265392e6,-1.6563698070263466,-0.7399802608791516,TIME_LIMIT,104842,0,0,23,24
3,12,1.265876e6,-1.656361552477512,-0.7399802608791516,TIME_LIMIT,104896,0,0,30,10
3,12,1.266363e6,-1.656361552477512,-0.7399802608791516,TIME_LIMIT,104942,0,0,40,13
3,12,1.26685e6,-1.6563391032209083,-0.7399802608791516,TIME_LIMIT,104979,0,0,35,13
3,12,1.267326e6,-1.6563391032209083,-0.7399802608791516,TIME_LIMIT,105014,0,0,36,16
3,12,1.26782e6,-1.6563227290918243,-0.7399802608791516,TIME_LIMIT,105052,0,0,20,10
3,12,1.268294e6,-1.6563227290918243,-0.7399802608791516,TIME_LIMIT,105083,0,0,32,23
3,12,1.268761e6,-1.6563187580622243,-0.7399802608791516,TIME_LIMIT,105139,0,0,34,11
3,12,1.269244e6,-1.6563187580622243,-0.7399802608791516,TIME_LIMIT,105169,0,0,30,15
3,12,1.269714e6,-1.656316110811623,-0.7399802608791516,TIME_LIMIT,105217,0,0,30,17
3,12,1.270197e6,-1.656316110811623,-0.7399802608791516,TIME_LIMIT,105247,0,0,41,30
3,12,1.270667e6,-1.6562986620123537,-0.7399802608791516,TIME_LIMIT,105293,0,0,28,15
3,12,1.271146e6,-1.6562986620123537,-0.7399802608791516,TIME_LIMIT,105328,0,0,48,36
3,12,1.271644e6,-1.6562704369686347,-0.7399802608791516,TIME_LIMIT,105383,0,0,27,12
3,12,1.272121e6,-1.6562704369686347,-0.7399802608791516,TIME_LIMIT,105425,0,0,39,30
3,12,1.272602e6,-1.6562651597906919,-0.7399802608791516,TIME_LIMIT,105462,0,0,36,20
3,12,1.273114e6,-1.6562651597906919,-0.7399802608791516,TIME_LIMIT,105494,0,0,31,30
3,12,1.273517e6,-1.6562171178681386,-0.7399802608791516,TIME_LIMIT,105549,0,0,29,7
3,12,1.274019e6,-1.6562171178681386,-0.7399802608791516,TIME_LIMIT,105581,0,0,42,48
3,12,1.274497e6,-1.6562107875372278,-0.7399802608791516,TIME_LIMIT,105629,0,0,27,16
3,12,1.274976e6,-1.6562107875372278,-0.7399802608791516,TIME_LIMIT,105668,0,0,46,28
3,12,1.275472e6,-1.6562089404435387,-0.7399802608791516,TIME_LIMIT,105720,0,0,29,16
3,12,1.275948e6,-1.6562089404435387,-0.7399802608791516,TIME_LIMIT,105760,0,0,36,29
3,12,1.27643e6,-1.656206908895568,-0.7399802608791516,TIME_LIMIT,105807,0,0,30,11
3,12,1.276922e6,-1.656206908895568,-0.7399802608791516,TIME_LIMIT,105841,0,0,46,16
3,12,1.277404e6,-1.6561894679469449,-0.7399802608791516,TIME_LIMIT,105892,0,0,29,8
3,12,1.277885e6,-1.6561894679469449,-0.7399802608791516,TIME_LIMIT,105935,0,0,26,17
3,12,1.278378e6,-1.6561884359065957,-0.7399802608791516,TIME_LIMIT,105978,0,0,40,24
3,12,1.278859e6,-1.6561884359065957,-0.7399802608791516,TIME_LIMIT,106012,0,0,38,29
3,12,1.279338e6,-1.6561712016985999,-0.7399802608791516,TIME_LIMIT,106066,0,0,30,9
3,12,1.279832e6,-1.6561712016985999,-0.7399802608791516,TIME_LIMIT,106099,0,0,53,24
3,12,1.280315e6,-1.6560972857668743,-0.7399802608791516,TIME_LIMIT,106157,0,0,30,20
3,12,1.280797e6,-1.6560972857668743,-0.7399802608791516,TIME_LIMIT,106191,0,0,21,31
3,12,1.281291e6,-1.6560051114384335,-0.7399802608791516,TIME_LIMIT,106245,0,0,32,15
3,12,1.281772e6,-1.6560051114384335,-0.7399802608791516,TIME_LIMIT,106273,0,0,24,13
3,12,1.282244e6,-1.6559912829042562,-0.7399802608791516,TIME_LIMIT,106327,0,0,36,8
3,12,1.282774e6,-1.6559912829042562,-0.7399802608791516,TIME_LIMIT,106362,0,0,29,11
3,12,1.283278e6,-1.655972763316016,-0.7399802608791516,TIME_LIMIT,106414,0,0,18,8
3,12,1.283774e6,-1.655972763316016,-0.7399802608791516,TIME_LIMIT,106447,0,0,18,29
3,12,1.284251e6,-1.655953868680869,-0.7399802608791516,TIME_LIMIT,106500,0,0,23,11
3,12,1.284732e6,-1.655953868680869,-0.7399802608791516,TIME_LIMIT,106535,0,0,26,16
3,12,1.285227e6,-1.6558501889418729,-0.7399802608791516,TIME_LIMIT,106579,0,0,16,15
3,12,1.285711e6,-1.6558501889418729,-0.7399802608791516,TIME_LIMIT,106607,0,0,31,20
3,12,1.286201e6,-1.6558341879637786,-0.7399802608791516,TIME_LIMIT,106655,0,0,22,8
3,12,1.286699e6,-1.6558341879637786,-0.7399802608791516,TIME_LIMIT,106683,0,0,22,19
3,12,1.287176e6,-1.6558092264402777,-0.7399802608791516,TIME_LIMIT,106736,0,0,32,14
3,12,1.287652e6,-1.6558092264402777,-0.7399802608791516,TIME_LIMIT,106769,0,0,43,39
3,12,1.288152e6,-1.6558003717317618,-0.7399802608791516,TIME_LIMIT,106819,0,0,30,14
3,12,1.288638e6,-1.6558003717317618,-0.7399802608791516,TIME_LIMIT,106854,0,0,20,19
3,12,1.289125e6,-1.6557823930595463,-0.7399802608791516,TIME_LIMIT,106907,0,0,18,10
3,12,1.289639e6,-1.6557823930595463,-0.7399802608791516,TIME_LIMIT,106937,0,0,20,32
3,12,1.290124e6,-1.6557775602847766,-0.7399802608791516,TIME_LIMIT,106984,0,0,29,11
3,12,1.290611e6,-1.6557775602847766,-0.7399802608791516,TIME_LIMIT,107020,0,0,24,40
3,12,1.291107e6,-1.6557486203011347,-0.7399802608791516,TIME_LIMIT,107072,0,0,20,10
3,12,1.291581e6,-1.6557486203011347,-0.7399802608791516,TIME_LIMIT,107098,0,0,21,22
3,12,1.292055e6,-1.6557247076736987,-0.7399802608791516,TIME_LIMIT,107147,0,0,26,11
3,12,1.292553e6,-1.6557247076736987,-0.7399802608791516,TIME_LIMIT,107186,0,0,24,14
3,12,1.293034e6,-1.6556941586655378,-0.7399802608791516,TIME_LIMIT,107236,0,0,30,17
3,12,1.293517e6,-1.6556941586655378,-0.7399802608791516,TIME_LIMIT,107272,0,0,43,32
3,12,1.294012e6,-1.655665198139278,-0.7399802608791516,TIME_LIMIT,107325,0,0,11,12
3,12,1.294497e6,-1.655665198139278,-0.7399802608791516,TIME_LIMIT,107358,0,0,48,35
3,12,1.294976e6,-1.6556433004869404,-0.7399802608791516,TIME_LIMIT,107408,0,0,25,6
3,12,1.295486e6,-1.6556433004869404,-0.7399802608791516,TIME_LIMIT,107443,0,0,43,16
3,12,1.295967e6,-1.655632067369788,-0.7399802608791516,TIME_LIMIT,107490,0,0,29,12
3,12,1.296448e6,-1.655632067369788,-0.7399802608791516,TIME_LIMIT,107529,0,0,43,40
3,12,1.296947e6,-1.6556317536070169,-0.7399802608791516,TIME_LIMIT,107583,0,0,26,13
3,12,1.297427e6,-1.6556317536070169,-0.7399802608791516,TIME_LIMIT,107615,0,0,44,24
3,12,1.297917e6,-1.65561535877462,-0.7399802608791516,TIME_LIMIT,107654,0,0,38,11
3,12,1.298414e6,-1.65561535877462,-0.7399802608791516,TIME_LIMIT,107695,0,0,41,25
3,12,1.298904e6,-1.6555817481228006,-0.7399802608791516,TIME_LIMIT,107752,0,0,31,26
3,12,1.29939e6,-1.6555817481228006,-0.7399802608791516,TIME_LIMIT,107789,0,0,36,17
3,12,1.299883e6,-1.6555811294411165,-0.7399802608791516,TIME_LIMIT,107838,0,0,16,17
3,12,1.300364e6,-1.6555811294411165,-0.7399802608791516,TIME_LIMIT,107864,0,0,15,16
3,12,1.300847e6,-1.6554916083250073,-0.7399802608791516,TIME_LIMIT,107910,0,0,26,15
3,12,1.301342e6,-1.6554916083250073,-0.7399802608791516,TIME_LIMIT,107946,0,0,45,28
3,12,1.301821e6,-1.6554745868721936,-0.7399802608791516,TIME_LIMIT,107992,0,0,28,17
3,12,1.30231e6,-1.6554745868721936,-0.7399802608791516,TIME_LIMIT,108024,0,0,34,16
3,12,1.30274e6,-1.6554323656608692,-0.7399802608791516,TIME_LIMIT,108072,0,0,30,2
3,12,1.303224e6,-1.6554323656608692,-0.7399802608791516,TIME_LIMIT,108109,0,0,43,15
3,12,1.303723e6,-1.6554006383174724,-0.7399802608791516,TIME_LIMIT,108144,0,0,23,12
3,12,1.304201e6,-1.6554006383174724,-0.7399802608791516,TIME_LIMIT,108171,0,0,38,18
3,12,1.304709e6,-1.6553907850199363,-0.7399802608791516,TIME_LIMIT,108214,0,0,24,11
3,12,1.305184e6,-1.6553907850199363,-0.7399802608791516,TIME_LIMIT,108246,0,0,44,11
3,12,1.305668e6,-1.6553617784902332,-0.7399802608791516,TIME_LIMIT,108300,0,0,32,11
3,12,1.306152e6,-1.6553617784902332,-0.7399802608791516,TIME_LIMIT,108332,0,0,41,36
3,12,1.306647e6,-1.6553469699236216,-0.7399802608791516,TIME_LIMIT,108382,0,0,32,12
3,12,1.307147e6,-1.6553469699236216,-0.7399802608791516,TIME_LIMIT,108418,0,0,37,18
3,12,1.307656e6,-1.6553292195605245,-0.7399802608791516,TIME_LIMIT,108468,0,0,26,8
3,12,1.308138e6,-1.6553292195605245,-0.7399802608791516,TIME_LIMIT,108507,0,0,37,32
3,12,1.30862e6,-1.6552982757636574,-0.7399802608791516,TIME_LIMIT,108561,0,0,22,16
3,12,1.309118e6,-1.6552982757636574,-0.7399802608791516,TIME_LIMIT,108593,0,0,26,15
3,12,1.309595e6,-1.6552833936996103,-0.7399802608791516,TIME_LIMIT,108654,0,0,36,15
3,12,1.310081e6,-1.6552833936996103,-0.7399802608791516,TIME_LIMIT,108687,0,0,27,18
3,12,1.310564e6,-1.6552652383572861,-0.7399802608791516,TIME_LIMIT,108747,0,0,25,13
3,12,1.311061e6,-1.6552652383572861,-0.7399802608791516,TIME_LIMIT,108784,0,0,43,36
3,12,1.311542e6,-1.6552232916695477,-0.7399802608791516,TIME_LIMIT,108835,0,0,32,11
3,12,1.312023e6,-1.6552232916695477,-0.7399802608791516,TIME_LIMIT,108871,0,0,44,31
3,12,1.312518e6,-1.6552224759096341,-0.7399802608791516,TIME_LIMIT,108920,0,0,25,7
3,12,1.312735e6,-1.6552224759096341,-0.7399802608791516,TIME_LIMIT,108953,0,0,39,22
3,12,1.313231e6,-1.6552218821418718,-0.7399802608791516,TIME_LIMIT,109001,0,0,28,13
3,12,1.313715e6,-1.6552218821418718,-0.7399802608791516,TIME_LIMIT,109033,0,0,45,33
3,12,1.314198e6,-1.6552075229075733,-0.7399802608791516,TIME_LIMIT,109087,0,0,29,14
3,12,1.314696e6,-1.6552075229075733,-0.7399802608791516,TIME_LIMIT,109119,0,0,42,34
3,12,1.315176e6,-1.6551603532511208,-0.7399802608791516,TIME_LIMIT,109172,0,0,20,10
3,12,1.315672e6,-1.6551603532511208,-0.7399802608791516,TIME_LIMIT,109216,0,0,31,29
3,12,1.316167e6,-1.6551401124166425,-0.7399802608791516,TIME_LIMIT,109247,0,0,28,17
3,12,1.316653e6,-1.6551401124166425,-0.7399802608791516,TIME_LIMIT,109285,0,0,26,11
3,12,1.31716e6,-1.6551169717922016,-0.7399802608791516,TIME_LIMIT,109321,0,0,22,9
3,12,1.317661e6,-1.6551169717922016,-0.7399802608791516,TIME_LIMIT,109361,0,0,37,48
3,12,1.318133e6,-1.655113953895964,-0.7399802608791516,TIME_LIMIT,109414,0,0,32,19
3,12,1.318615e6,-1.655113953895964,-0.7399802608791516,TIME_LIMIT,109447,0,0,41,41
3,12,1.31912e6,-1.6550802765302104,-0.7399802608791516,TIME_LIMIT,109495,0,0,30,12
3,12,1.319596e6,-1.6550802765302104,-0.7399802608791516,TIME_LIMIT,109522,0,0,43,45
3,12,1.320076e6,-1.6550477369464907,-0.7399802608791516,TIME_LIMIT,109568,0,0,30,23
3,12,1.320568e6,-1.6550477369464907,-0.7399802608791516,TIME_LIMIT,109601,0,0,21,9
3,12,1.321066e6,-1.655043905683312,-0.7399802608791516,TIME_LIMIT,109656,0,0,35,12
3,12,1.321551e6,-1.655043905683312,-0.7399802608791516,TIME_LIMIT,109694,0,0,33,14
3,12,1.322045e6,-1.6550194479089717,-0.7399802608791516,TIME_LIMIT,109743,0,0,36,13
3,12,1.322536e6,-1.6550194479089717,-0.7399802608791516,TIME_LIMIT,109778,0,0,36,27
3,12,1.323016e6,-1.6550177759841294,-0.7399802608791516,TIME_LIMIT,109834,0,0,18,7
3,12,1.32351e6,-1.6550177759841294,-0.7399802608791516,TIME_LIMIT,109863,0,0,43,33
3,12,1.323992e6,-1.6549749022361118,-0.7399802608791516,TIME_LIMIT,109924,0,0,36,17
3,12,1.324481e6,-1.6549749022361118,-0.7399802608791516,TIME_LIMIT,109964,0,0,32,16
3,12,1.32493e6,-1.654964652474902,-0.7399802608791516,TIME_LIMIT,110003,0,0,31,17
3,12,1.325416e6,-1.654964652474902,-0.7399802608791516,TIME_LIMIT,110035,0,0,44,18
3,12,1.325887e6,-1.6549596902599446,-0.7399802608791516,TIME_LIMIT,110086,0,0,30,7
3,12,1.326383e6,-1.6549596902599446,-0.7399802608791516,TIME_LIMIT,110123,0,0,30,21
3,12,1.326866e6,-1.6548868207582803,-0.7399802608791516,TIME_LIMIT,110156,0,0,30,9
3,12,1.327337e6,-1.6548868207582803,-0.7399802608791516,TIME_LIMIT,110195,0,0,42,50
3,12,1.327807e6,-1.6548586799813731,-0.7399802608791516,TIME_LIMIT,110250,0,0,38,22
3,12,1.328291e6,-1.6548586799813731,-0.7399802608791516,TIME_LIMIT,110283,0,0,38,15
3,12,1.328763e6,-1.6548263297455441,-0.7399802608791516,TIME_LIMIT,110346,0,0,19,9
3,12,1.329243e6,-1.6548263297455441,-0.7399802608791516,TIME_LIMIT,110385,0,0,41,31
3,12,1.329743e6,-1.6548209338388302,-0.7399802608791516,TIME_LIMIT,110437,0,0,22,7
3,12,1.330157e6,-1.6548209338388302,-0.7399802608791516,TIME_LIMIT,110481,0,0,23,18
3,12,1.33065e6,-1.6547689395732028,-0.7399802608791516,TIME_LIMIT,110529,0,0,29,10
3,12,1.331135e6,-1.6547689395732028,-0.7399802608791516,TIME_LIMIT,110561,0,0,18,10
3,12,1.331653e6,-1.654768334182817,-0.7399802608791516,TIME_LIMIT,110609,0,0,28,12
3,12,1.332141e6,-1.654768334182817,-0.7399802608791516,TIME_LIMIT,110641,0,0,43,19
3,12,1.332622e6,-1.6547379638364192,-0.7399802608791516,TIME_LIMIT,110688,0,0,27,6
3,12,1.3331e6,-1.6547379638364192,-0.7399802608791516,TIME_LIMIT,110723,0,0,37,30
3,12,1.333594e6,-1.6547227069845099,-0.7399802608791516,TIME_LIMIT,110779,0,0,19,14
3,12,1.334067e6,-1.6547227069845099,-0.7399802608791516,TIME_LIMIT,110809,0,0,35,12
3,12,1.334555e6,-1.6547162052379536,-0.7399802608791516,TIME_LIMIT,110846,0,0,38,14
3,12,1.335044e6,-1.6547162052379536,-0.7399802608791516,TIME_LIMIT,110875,0,0,20,7
3,12,1.335532e6,-1.6547114368613716,-0.7399802608791516,TIME_LIMIT,110920,0,0,28,14
3,12,1.336012e6,-1.6547114368613716,-0.7399802608791516,TIME_LIMIT,110951,0,0,53,46
3,12,1.336511e6,-1.6546685052465306,-0.7399802608791516,TIME_LIMIT,111004,0,0,29,16
3,12,1.336991e6,-1.6546685052465306,-0.7399802608791516,TIME_LIMIT,111033,0,0,35,32
3,12,1.337471e6,-1.6546061870282818,-0.7399802608791516,TIME_LIMIT,111072,0,0,34,11
3,12,1.337967e6,-1.6546061870282818,-0.7399802608791516,TIME_LIMIT,111105,0,0,42,29
3,12,1.338452e6,-1.6545929727019348,-0.7399802608791516,TIME_LIMIT,111157,0,0,26,13
3,12,1.338934e6,-1.6545929727019348,-0.7399802608791516,TIME_LIMIT,111181,0,0,39,36
3,12,1.339433e6,-1.6545746130532317,-0.7399802608791516,TIME_LIMIT,111235,0,0,18,8
3,12,1.339912e6,-1.6545746130532317,-0.7399802608791516,TIME_LIMIT,111263,0,0,41,36
3,12,1.340386e6,-1.6545247044800435,-0.7399802608791516,TIME_LIMIT,111316,0,0,30,15
3,12,1.340888e6,-1.6545247044800435,-0.7399802608791516,TIME_LIMIT,111347,0,0,37,25
3,12,1.34137e6,-1.654496572431228,-0.7399802608791516,TIME_LIMIT,111403,0,0,22,11
3,12,1.341853e6,-1.654496572431228,-0.7399802608791516,TIME_LIMIT,111437,0,0,41,23
3,12,1.34234e6,-1.6544517989619238,-0.7399802608791516,TIME_LIMIT,111495,0,0,28,12
3,12,1.342811e6,-1.6544517989619238,-0.7399802608791516,TIME_LIMIT,111529,0,0,43,32
3,12,1.34328e6,-1.6544390939285385,-0.7399802608791516,TIME_LIMIT,111584,0,0,19,13
3,12,1.343761e6,-1.6544390939285385,-0.7399802608791516,TIME_LIMIT,111614,0,0,26,13
3,12,1.344259e6,-1.654422533796381,-0.7399802608791516,TIME_LIMIT,111667,0,0,17,8
3,12,1.34474e6,-1.654422533796381,-0.7399802608791516,TIME_LIMIT,111700,0,0,35,20
3,12,1.345213e6,-1.6544033633331119,-0.7399802608791516,TIME_LIMIT,111745,0,0,25,5
3,12,1.345719e6,-1.6544033633331119,-0.7399802608791516,TIME_LIMIT,111774,0,0,33,23
3,12,1.346191e6,-1.6543634680346269,-0.7399802608791516,TIME_LIMIT,111828,0,0,24,11
3,12,1.346675e6,-1.6543634680346269,-0.7399802608791516,TIME_LIMIT,111865,0,0,19,13
3,12,1.347188e6,-1.6543481020602464,-0.7399802608791516,TIME_LIMIT,111917,0,0,32,11
3,12,1.34767e6,-1.6543481020602464,-0.7399802608791516,TIME_LIMIT,111945,0,0,26,9
3,12,1.348162e6,-1.6543263885214456,-0.7399802608791516,TIME_LIMIT,111997,0,0,32,15
3,12,1.34866e6,-1.6543263885214456,-0.7399802608791516,TIME_LIMIT,112032,0,0,39,24
3,12,1.349151e6,-1.6543244545498084,-0.7399802608791516,TIME_LIMIT,112081,0,0,28,15
3,12,1.349636e6,-1.6543244545498084,-0.7399802608791516,TIME_LIMIT,112119,0,0,43,21
3,12,1.350133e6,-1.6543149367810546,-0.7399802608791516,TIME_LIMIT,112162,0,0,41,23
3,12,1.350611e6,-1.6543149367810546,-0.7399802608791516,TIME_LIMIT,112195,0,0,25,16
3,12,1.351094e6,-1.654278326474974,-0.7399802608791516,TIME_LIMIT,112247,0,0,28,13
3,12,1.351591e6,-1.654278326474974,-0.7399802608791516,TIME_LIMIT,112275,0,0,38,23
3,12,1.352101e6,-1.6542606060480587,-0.7399802608791516,TIME_LIMIT,112323,0,0,28,12
3,12,1.352584e6,-1.6542606060480587,-0.7399802608791516,TIME_LIMIT,112363,0,0,44,15
3,12,1.353078e6,-1.6542361963587167,-0.7399802608791516,TIME_LIMIT,112415,0,0,28,15
3,12,1.353559e6,-1.6542361963587167,-0.7399802608791516,TIME_LIMIT,112447,0,0,43,26
3,12,1.354043e6,-1.6541668977485307,-0.7399802608791516,TIME_LIMIT,112501,0,0,32,11
3,12,1.354542e6,-1.6541668977485307,-0.7399802608791516,TIME_LIMIT,112535,0,0,44,44
3,12,1.355021e6,-1.6540942024138532,-0.7399802608791516,TIME_LIMIT,112590,0,0,41,15
3,12,1.355505e6,-1.6540942024138532,-0.7399802608791516,TIME_LIMIT,112624,0,0,39,55
3,12,1.355985e6,-1.6540888762117083,-0.7399802608791516,TIME_LIMIT,112671,0,0,21,13
3,12,1.356484e6,-1.6540888762117083,-0.7399802608791516,TIME_LIMIT,112710,0,0,40,22
3,12,1.356967e6,-1.6540883987542967,-0.7399802608791516,TIME_LIMIT,112759,0,0,18,8
3,12,1.357446e6,-1.6540883987542967,-0.7399802608791516,TIME_LIMIT,112788,0,0,43,23
3,12,1.357939e6,-1.6540599766001296,-0.7399802608791516,TIME_LIMIT,112840,0,0,30,15
3,12,1.358424e6,-1.6540599766001296,-0.7399802608791516,TIME_LIMIT,112877,0,0,33,29
3,12,1.358933e6,-1.6539905755248476,-0.7399802608791516,TIME_LIMIT,112926,0,0,18,10
3,12,1.359439e6,-1.6539905755248476,-0.7399802608791516,TIME_LIMIT,112964,0,0,44,16
3,12,1.359919e6,-1.6539347764206995,-0.7399802608791516,TIME_LIMIT,113012,0,0,23,12
3,12,1.360402e6,-1.6539347764206995,-0.7399802608791516,TIME_LIMIT,113045,0,0,39,27
3,12,1.360901e6,-1.6539176939858768,-0.7399802608791516,TIME_LIMIT,113092,0,0,33,20
3,12,1.361383e6,-1.6539176939858768,-0.7399802608791516,TIME_LIMIT,113132,0,0,39,23
3,12,1.361859e6,-1.6539083405217683,-0.7399802608791516,TIME_LIMIT,113180,0,0,22,13
3,12,1.362357e6,-1.6539083405217683,-0.7399802608791516,TIME_LIMIT,113222,0,0,47,38
3,12,1.36284e6,-1.653888874542327,-0.7399802608791516,TIME_LIMIT,113277,0,0,26,15
3,12,1.363321e6,-1.653888874542327,-0.7399802608791516,TIME_LIMIT,113307,0,0,40,13
3,12,1.363803e6,-1.6538693237113982,-0.7399802608791516,TIME_LIMIT,113360,0,0,25,9
3,12,1.364149e6,-1.6538693237113982,-0.7399802608791516,TIME_LIMIT,113394,0,0,40,18
3,12,1.364662e6,-1.6538416387638435,-0.7399802608791516,TIME_LIMIT,113444,0,0,25,17
3,12,1.365148e6,-1.6538416387638435,-0.7399802608791516,TIME_LIMIT,113482,0,0,28,15
3,12,1.365657e6,-1.6538315821480651,-0.7399802608791516,TIME_LIMIT,113531,0,0,18,8
3,12,1.366142e6,-1.6538315821480651,-0.7399802608791516,TIME_LIMIT,113558,0,0,36,33
3,12,1.366625e6,-1.6538250279007487,-0.7399802608791516,TIME_LIMIT,113614,0,0,21,7
3,12,1.367126e6,-1.6538250279007487,-0.7399802608791516,TIME_LIMIT,113656,0,0,36,21
3,12,1.367623e6,-1.653792818078669,-0.7399802608791516,TIME_LIMIT,113696,0,0,34,14
3,12,1.368108e6,-1.653792818078669,-0.7399802608791516,TIME_LIMIT,113728,0,0,34,28
3,12,1.368605e6,-1.6537664030954031,-0.7399802608791516,TIME_LIMIT,113780,0,0,15,8
3,12,1.369083e6,-1.6537664030954031,-0.7399802608791516,TIME_LIMIT,113814,0,0,34,15
3,12,1.369568e6,-1.6537221060623564,-0.7399802608791516,TIME_LIMIT,113856,0,0,20,9
3,12,1.37005e6,-1.6537221060623564,-0.7399802608791516,TIME_LIMIT,113888,0,0,35,23
3,12,1.370563e6,-1.6536790064725244,-0.7399802608791516,TIME_LIMIT,113940,0,0,34,14
3,12,1.371049e6,-1.6536790064725244,-0.7399802608791516,TIME_LIMIT,113975,0,0,41,32
3,12,1.37153e6,-1.6536224773508454,-0.7399802608791516,TIME_LIMIT,114024,0,0,30,11
3,12,1.372018e6,-1.6536224773508454,-0.7399802608791516,TIME_LIMIT,114056,0,0,45,29
3,12,1.372498e6,-1.6536055569644652,-0.7399802608791516,TIME_LIMIT,114106,0,0,35,6
3,12,1.372982e6,-1.6536055569644652,-0.7399802608791516,TIME_LIMIT,114144,0,0,38,22
3,12,1.373477e6,-1.6535273782606736,-0.7399802608791516,TIME_LIMIT,114196,0,0,23,14
3,12,1.373957e6,-1.6535273782606736,-0.7399802608791516,TIME_LIMIT,114228,0,0,46,52
3,12,1.374443e6,-1.653486074679371,-0.7399802608791516,TIME_LIMIT,114278,0,0,20,13
3,12,1.374931e6,-1.653486074679371,-0.7399802608791516,TIME_LIMIT,114313,0,0,39,40
3,12,1.375407e6,-1.65344381059826,-0.7399802608791516,TIME_LIMIT,114365,0,0,32,15
3,12,1.375888e6,-1.65344381059826,-0.7399802608791516,TIME_LIMIT,114400,0,0,38,24
3,12,1.376368e6,-1.6534058500122935,-0.7399802608791516,TIME_LIMIT,114434,0,0,36,14
3,12,1.376863e6,-1.6534058500122935,-0.7399802608791516,TIME_LIMIT,114469,0,0,43,33
3,12,1.377344e6,-1.6534023440954337,-0.7399802608791516,TIME_LIMIT,114520,0,0,14,13
3,12,1.377828e6,-1.6534023440954337,-0.7399802608791516,TIME_LIMIT,114556,0,0,42,26
3,12,1.378321e6,-1.653372821961832,-0.7399802608791516,TIME_LIMIT,114605,0,0,31,11
3,12,1.378799e6,-1.653372821961832,-0.7399802608791516,TIME_LIMIT,114643,0,0,38,31
3,12,1.379282e6,-1.6533535310427203,-0.7399802608791516,TIME_LIMIT,114680,0,0,17,12
3,12,1.379776e6,-1.6533535310427203,-0.7399802608791516,TIME_LIMIT,114712,0,0,31,18
3,12,1.380275e6,-1.6533341362590561,-0.7399802608791516,TIME_LIMIT,114767,0,0,37,6
3,12,1.380766e6,-1.6533341362590561,-0.7399802608791516,TIME_LIMIT,114816,0,0,50,38
3,12,1.381259e6,-1.653262322354183,-0.7399802608791516,TIME_LIMIT,114848,0,0,46,12
3,12,1.38174e6,-1.653262322354183,-0.7399802608791516,TIME_LIMIT,114883,0,0,44,39
3,12,1.382223e6,-1.6532496535858023,-0.7399802608791516,TIME_LIMIT,114933,0,0,29,9
3,12,1.382703e6,-1.6532496535858023,-0.7399802608791516,TIME_LIMIT,114968,0,0,39,23
3,12,1.383199e6,-1.6532260634821705,-0.7399802608791516,TIME_LIMIT,115027,0,0,31,12
3,12,1.38369e6,-1.6532260634821705,-0.7399802608791516,TIME_LIMIT,115071,0,0,37,14
3,12,1.384175e6,-1.6531771447023724,-0.7399802608791516,TIME_LIMIT,115105,0,0,34,14
3,12,1.384668e6,-1.6531771447023724,-0.7399802608791516,TIME_LIMIT,115146,0,0,17,5
3,12,1.38514e6,-1.6531713750549029,-0.7399802608791516,TIME_LIMIT,115181,0,0,31,10
3,12,1.38561e6,-1.6531713750549029,-0.7399802608791516,TIME_LIMIT,115213,0,0,38,21
3,12,1.386101e6,-1.6531459546943374,-0.7399802608791516,TIME_LIMIT,115258,0,0,25,10
3,12,1.386601e6,-1.6531459546943374,-0.7399802608791516,TIME_LIMIT,115292,0,0,48,39
3,12,1.387084e6,-1.6531459546943374,-0.7399802608791516,TIME_LIMIT,115342,0,0,26,14
3,12,1.387563e6,-1.6531459546943374,-0.7399802608791516,TIME_LIMIT,115381,0,0,43,22
3,12,1.388062e6,-1.653099673181573,-0.7399802608791516,TIME_LIMIT,115434,0,0,32,11
3,12,1.388544e6,-1.653099673181573,-0.7399802608791516,TIME_LIMIT,115474,0,0,38,12
3,12,1.389026e6,-1.6529711708194217,-0.7399802608791516,TIME_LIMIT,115511,0,0,38,13
3,12,1.38952e6,-1.6529711708194217,-0.7399802608791516,TIME_LIMIT,115550,0,0,48,18
3,12,1.390017e6,-1.6529650126247188,-0.7399802608791516,TIME_LIMIT,115604,0,0,28,11
3,12,1.390502e6,-1.6529650126247188,-0.7399802608791516,TIME_LIMIT,115644,0,0,44,19
3,12,1.390996e6,-1.6529307504875617,-0.7399802608791516,TIME_LIMIT,115691,0,0,32,24
3,12,1.391481e6,-1.6529307504875617,-0.7399802608791516,TIME_LIMIT,115731,0,0,26,25
3,12,1.391972e6,-1.6529301198044,-0.7399802608791516,TIME_LIMIT,115786,0,0,37,20
3,12,1.392443e6,-1.6529301198044,-0.7399802608791516,TIME_LIMIT,115823,0,0,42,19
3,12,1.392938e6,-1.652891051827483,-0.7399802608791516,TIME_LIMIT,115872,0,0,29,13
3,12,1.393421e6,-1.652891051827483,-0.7399802608791516,TIME_LIMIT,115901,0,0,40,15
3,12,1.39393e6,-1.6528728788515856,-0.7399802608791516,TIME_LIMIT,115945,0,0,25,12
3,12,1.394441e6,-1.6528728788515856,-0.7399802608791516,TIME_LIMIT,115979,0,0,22,9
3,12,1.394792e6,-1.6528453035319768,-0.7399802608791516,TIME_LIMIT,116024,0,0,38,17
3,12,1.395282e6,-1.6528453035319768,-0.7399802608791516,TIME_LIMIT,116059,0,0,25,29
3,12,1.395778e6,-1.6528318030338631,-0.7399802608791516,TIME_LIMIT,116112,0,0,28,12
3,12,1.39626e6,-1.6528318030338631,-0.7399802608791516,TIME_LIMIT,116151,0,0,44,29
3,12,1.396742e6,-1.652817484612344,-0.7399802608791516,TIME_LIMIT,116206,0,0,36,13
3,12,1.397262e6,-1.652817484612344,-0.7399802608791516,TIME_LIMIT,116239,0,0,39,14
3,12,1.397744e6,-1.6527800346311878,-0.7399802608791516,TIME_LIMIT,116287,0,0,22,16
3,12,1.398227e6,-1.6527800346311878,-0.7399802608791516,TIME_LIMIT,116324,0,0,34,20
3,12,1.39871e6,-1.652719994826226,-0.7399802608791516,TIME_LIMIT,116364,0,0,32,15
3,12,1.399207e6,-1.652719994826226,-0.7399802608791516,TIME_LIMIT,116398,0,0,33,41
3,12,1.399694e6,-1.6526694181718817,-0.7399802608791516,TIME_LIMIT,116453,0,0,26,13
3,12,1.40018e6,-1.6526694181718817,-0.7399802608791516,TIME_LIMIT,116489,0,0,43,24
3,12,1.400674e6,-1.6526688144166897,-0.7399802608791516,TIME_LIMIT,116542,0,0,33,18
3,12,1.401158e6,-1.6526688144166897,-0.7399802608791516,TIME_LIMIT,116581,0,0,35,28
3,12,1.401643e6,-1.6526685131310332,-0.7399802608791516,TIME_LIMIT,116616,0,0,31,19
3,12,1.402138e6,-1.6526685131310332,-0.7399802608791516,TIME_LIMIT,116644,0,0,44,24
3,12,1.402622e6,-1.6526377061661766,-0.7399802608791516,TIME_LIMIT,116691,0,0,25,14
3,12,1.403105e6,-1.6526377061661766,-0.7399802608791516,TIME_LIMIT,116728,0,0,22,10
3,12,1.403574e6,-1.6526370029845876,-0.7399802608791516,TIME_LIMIT,116784,0,0,37,10
3,12,1.404064e6,-1.6526370029845876,-0.7399802608791516,TIME_LIMIT,116817,0,0,38,24
3,12,1.404549e6,-1.6525646733442074,-0.7399802608791516,TIME_LIMIT,116868,0,0,31,9
3,12,1.405033e6,-1.6525646733442074,-0.7399802608791516,TIME_LIMIT,116904,0,0,33,19
3,12,1.405525e6,-1.6525615744519457,-0.7399802608791516,TIME_LIMIT,116948,0,0,31,15
3,12,1.405885e6,-1.6525615744519457,-0.7399802608791516,TIME_LIMIT,116992,0,0,38,19
3,12,1.406355e6,-1.6525572738463141,-0.7399802608791516,TIME_LIMIT,117029,0,0,28,19
3,12,1.406847e6,-1.6525572738463141,-0.7399802608791516,TIME_LIMIT,117061,0,0,37,28
3,12,1.407325e6,-1.6524670818196168,-0.7399802608791516,TIME_LIMIT,117117,0,0,39,12
3,12,1.407806e6,-1.6524670818196168,-0.7399802608791516,TIME_LIMIT,117151,0,0,48,46
3,12,1.408303e6,-1.65246057140415,-0.7399802608791516,TIME_LIMIT,117204,0,0,35,21
3,12,1.40878e6,-1.65246057140415,-0.7399802608791516,TIME_LIMIT,117239,0,0,25,15
3,12,1.40927e6,-1.6523900618282257,-0.7399802608791516,TIME_LIMIT,117289,0,0,29,12
3,12,1.409756e6,-1.6523900618282257,-0.7399802608791516,TIME_LIMIT,117329,0,0,33,15
3,12,1.410252e6,-1.6522697874540255,-0.7399802608791516,TIME_LIMIT,117362,0,0,30,25
3,12,1.410738e6,-1.6522697874540255,-0.7399802608791516,TIME_LIMIT,117397,0,0,43,74
3,12,1.411222e6,-1.652267524964678,-0.7399802608791516,TIME_LIMIT,117457,0,0,17,18
3,12,1.411712e6,-1.652267524964678,-0.7399802608791516,TIME_LIMIT,117489,0,0,36,24
3,12,1.41219e6,-1.6522474421508073,-0.7399802608791516,TIME_LIMIT,117534,0,0,33,15
3,12,1.412663e6,-1.6522474421508073,-0.7399802608791516,TIME_LIMIT,117564,0,0,35,22
3,12,1.413131e6,-1.6520843609189113,-0.7399802608791516,TIME_LIMIT,117614,0,0,29,13
3,12,1.413616e6,-1.6520843609189113,-0.7399802608791516,TIME_LIMIT,117654,0,0,46,39
3,12,1.414088e6,-1.6520509208540077,-0.7399802608791516,TIME_LIMIT,117707,0,0,16,24
3,12,1.41457e6,-1.6520509208540077,-0.7399802608791516,TIME_LIMIT,117747,0,0,31,17
3,12,1.415062e6,-1.6519764037435727,-0.7399802608791516,TIME_LIMIT,117780,0,0,16,10
3,12,1.415542e6,-1.6519764037435727,-0.7399802608791516,TIME_LIMIT,117810,0,0,19,20
3,12,1.416032e6,-1.6519439538688225,-0.7399802608791516,TIME_LIMIT,117869,0,0,16,12
3,12,1.416515e6,-1.6519439538688225,-0.7399802608791516,TIME_LIMIT,117911,0,0,34,21
3,12,1.417012e6,-1.6519151594349908,-0.7399802608791516,TIME_LIMIT,117961,0,0,26,18
3,12,1.417503e6,-1.6519151594349908,-0.7399802608791516,TIME_LIMIT,117990,0,0,22,11
3,12,1.417984e6,-1.6518869315394766,-0.7399802608791516,TIME_LIMIT,118042,0,0,36,8
3,12,1.41848e6,-1.6518869315394766,-0.7399802608791516,TIME_LIMIT,118081,0,0,44,24
3,12,1.418958e6,-1.6518066446529198,-0.7399802608791516,TIME_LIMIT,118129,0,0,17,3
3,12,1.419441e6,-1.6518066446529198,-0.7399802608791516,TIME_LIMIT,118162,0,0,51,51
3,12,1.419938e6,-1.651762077628886,-0.7399802608791516,TIME_LIMIT,118218,0,0,20,12
3,12,1.420414e6,-1.651762077628886,-0.7399802608791516,TIME_LIMIT,118248,0,0,42,19
3,12,1.420895e6,-1.6517446150130373,-0.7399802608791516,TIME_LIMIT,118298,0,0,31,10
3,12,1.421375e6,-1.6517446150130373,-0.7399802608791516,TIME_LIMIT,118329,0,0,39,31
3,12,1.421864e6,-1.6517402362135305,-0.7399802608791516,TIME_LIMIT,118382,0,0,18,10
3,12,1.422364e6,-1.6517402362135305,-0.7399802608791516,TIME_LIMIT,118412,0,0,25,13
3,12,1.422843e6,-1.6516925473973583,-0.7399802608791516,TIME_LIMIT,118460,0,0,30,12
3,12,1.423336e6,-1.6516925473973583,-0.7399802608791516,TIME_LIMIT,118494,0,0,21,22
3,12,1.423814e6,-1.6516642880991805,-0.7399802608791516,TIME_LIMIT,118547,0,0,35,13
3,12,1.424297e6,-1.6516642880991805,-0.7399802608791516,TIME_LIMIT,118581,0,0,22,21
3,12,1.424775e6,-1.651632256429523,-0.7399802608791516,TIME_LIMIT,118635,0,0,26,7
3,12,1.425272e6,-1.651632256429523,-0.7399802608791516,TIME_LIMIT,118677,0,0,18,27
3,12,1.425751e6,-1.6516045774153654,-0.7399802608791516,TIME_LIMIT,118727,0,0,29,16
3,12,1.42623e6,-1.6516045774153654,-0.7399802608791516,TIME_LIMIT,118767,0,0,43,26
3,12,1.426721e6,-1.6515951800019666,-0.7399802608791516,TIME_LIMIT,118807,0,0,41,29
3,12,1.427203e6,-1.6515951800019666,-0.7399802608791516,TIME_LIMIT,118840,0,0,35,27
3,12,1.427682e6,-1.6515618753463093,-0.7399802608791516,TIME_LIMIT,118899,0,0,40,15
3,12,1.428165e6,-1.6515618753463093,-0.7399802608791516,TIME_LIMIT,118927,0,0,44,27
3,12,1.428663e6,-1.651532388377028,-0.7399802608791516,TIME_LIMIT,118980,0,0,33,9
3,12,1.429139e6,-1.651532388377028,-0.7399802608791516,TIME_LIMIT,119011,0,0,34,28
3,12,1.429621e6,-1.651519272902354,-0.7399802608791516,TIME_LIMIT,119068,0,0,35,11
3,12,1.430123e6,-1.651519272902354,-0.7399802608791516,TIME_LIMIT,119103,0,0,45,30
3,12,1.430605e6,-1.6514937458175154,-0.7399802608791516,TIME_LIMIT,119163,0,0,41,11
3,12,1.431085e6,-1.6514937458175154,-0.7399802608791516,TIME_LIMIT,119204,0,0,38,12
3,12,1.431561e6,-1.6514487056911127,-0.7399802608791516,TIME_LIMIT,119239,0,0,26,18
3,12,1.432047e6,-1.6514487056911127,-0.7399802608791516,TIME_LIMIT,119271,0,0,42,23
3,12,1.432523e6,-1.6514447965137773,-0.7399802608791516,TIME_LIMIT,119322,0,0,30,15
3,12,1.433007e6,-1.6514447965137773,-0.7399802608791516,TIME_LIMIT,119359,0,0,50,46
3,12,1.433506e6,-1.6514135448847356,-0.7399802608791516,TIME_LIMIT,119411,0,0,25,13
3,12,1.433981e6,-1.6514135448847356,-0.7399802608791516,TIME_LIMIT,119444,0,0,43,20
3,12,1.434456e6,-1.6513876990840244,-0.7399802608791516,TIME_LIMIT,119491,0,0,21,9
3,12,1.43493e6,-1.6513876990840244,-0.7399802608791516,TIME_LIMIT,119522,0,0,42,30
3,12,1.435421e6,-1.6513656429427213,-0.7399802608791516,TIME_LIMIT,119580,0,0,36,20
3,12,1.435899e6,-1.6513656429427213,-0.7399802608791516,TIME_LIMIT,119615,0,0,20,34
3,12,1.436379e6,-1.6512993103818527,-0.7399802608791516,TIME_LIMIT,119659,0,0,27,12
3,12,1.43686e6,-1.6512993103818527,-0.7399802608791516,TIME_LIMIT,119688,0,0,40,13
3,12,1.437352e6,-1.651294025975422,-0.7399802608791516,TIME_LIMIT,119741,0,0,25,10
3,12,1.437834e6,-1.651294025975422,-0.7399802608791516,TIME_LIMIT,119770,0,0,41,18
3,12,1.438317e6,-1.651287081130835,-0.7399802608791516,TIME_LIMIT,119828,0,0,20,9
3,12,1.438813e6,-1.651287081130835,-0.7399802608791516,TIME_LIMIT,119857,0,0,35,21
3,12,1.439289e6,-1.6512661207952237,-0.7399802608791516,TIME_LIMIT,119917,0,0,20,10
3,12,1.439769e6,-1.6512661207952237,-0.7399802608791516,TIME_LIMIT,119952,0,0,44,24
3,12,1.440249e6,-1.6512488146773077,-0.7399802608791516,TIME_LIMIT,120003,0,0,33,11
3,12,1.440746e6,-1.6512488146773077,-0.7399802608791516,TIME_LIMIT,120038,0,0,35,20
3,12,1.441236e6,-1.6511740634527214,-0.7399802608791516,TIME_LIMIT,120089,0,0,35,6
3,12,1.441721e6,-1.6511740634527214,-0.7399802608791516,TIME_LIMIT,120124,0,0,39,33
3,12,1.442217e6,-1.6510845510012007,-0.7399802608791516,TIME_LIMIT,120178,0,0,27,19
3,12,1.442708e6,-1.6510845510012007,-0.7399802608791516,TIME_LIMIT,120216,0,0,32,16
3,12,1.443143e6,-1.651060039125501,-0.7399802608791516,TIME_LIMIT,120261,0,0,35,15
3,12,1.443631e6,-1.651060039125501,-0.7399802608791516,TIME_LIMIT,120292,0,0,43,26
3,12,1.444113e6,-1.6509932573510349,-0.7399802608791516,TIME_LIMIT,120340,0,0,19,9
3,12,1.444604e6,-1.6509932573510349,-0.7399802608791516,TIME_LIMIT,120374,0,0,44,50
3,12,1.445084e6,-1.6509748232897716,-0.7399802608791516,TIME_LIMIT,120421,0,0,28,16
3,12,1.445567e6,-1.6509748232897716,-0.7399802608791516,TIME_LIMIT,120454,0,0,45,31
3,12,1.446051e6,-1.6509720900674971,-0.7399802608791516,TIME_LIMIT,120512,0,0,35,10
3,12,1.446545e6,-1.6509720900674971,-0.7399802608791516,TIME_LIMIT,120548,0,0,32,11
3,12,1.447025e6,-1.65095838377668,-0.7399802608791516,TIME_LIMIT,120582,0,0,23,15
3,12,1.44751e6,-1.65095838377668,-0.7399802608791516,TIME_LIMIT,120607,0,0,33,15
3,12,1.447987e6,-1.6509481108311197,-0.7399802608791516,TIME_LIMIT,120657,0,0,19,9
3,12,1.448484e6,-1.6509481108311197,-0.7399802608791516,TIME_LIMIT,120695,0,0,39,32
3,12,1.448966e6,-1.6509139067019354,-0.7399802608791516,TIME_LIMIT,120745,0,0,34,15
3,12,1.449448e6,-1.6509139067019354,-0.7399802608791516,TIME_LIMIT,120774,0,0,43,35
3,12,1.44994e6,-1.650895770299795,-0.7399802608791516,TIME_LIMIT,120820,0,0,17,6
3,12,1.450422e6,-1.650895770299795,-0.7399802608791516,TIME_LIMIT,120852,0,0,29,17
3,12,1.450918e6,-1.650882084479378,-0.7399802608791516,TIME_LIMIT,120887,0,0,29,13
3,12,1.451398e6,-1.650882084479378,-0.7399802608791516,TIME_LIMIT,120920,0,0,45,18
3,12,1.451897e6,-1.6507993157554735,-0.7399802608791516,TIME_LIMIT,120972,0,0,29,11
3,12,1.452378e6,-1.6507993157554735,-0.7399802608791516,TIME_LIMIT,121002,0,0,41,23
3,12,1.452861e6,-1.650797318827081,-0.7399802608791516,TIME_LIMIT,121053,0,0,27,13
3,12,1.453351e6,-1.650797318827081,-0.7399802608791516,TIME_LIMIT,121091,0,0,43,23
3,12,1.453829e6,-1.6507269153165023,-0.7399802608791516,TIME_LIMIT,121141,0,0,32,14
3,12,1.454328e6,-1.6507269153165023,-0.7399802608791516,TIME_LIMIT,121169,0,0,25,18
3,12,1.454809e6,-1.6507217229845015,-0.7399802608791516,TIME_LIMIT,121221,0,0,10,11
3,12,1.455321e6,-1.6507217229845015,-0.7399802608791516,TIME_LIMIT,121249,0,0,31,20
3,12,1.455807e6,-1.6507047361842342,-0.7399802608791516,TIME_LIMIT,121309,0,0,35,16
3,12,1.456288e6,-1.6507047361842342,-0.7399802608791516,TIME_LIMIT,121338,0,0,37,19
3,12,1.456777e6,-1.65068545490432,-0.7399802608791516,TIME_LIMIT,121387,0,0,23,19
3,12,1.457271e6,-1.65068545490432,-0.7399802608791516,TIME_LIMIT,121423,0,0,23,16
3,12,1.457755e6,-1.650662437681992,-0.7399802608791516,TIME_LIMIT,121471,0,0,28,6
3,12,1.458256e6,-1.650662437681992,-0.7399802608791516,TIME_LIMIT,121503,0,0,26,32
3,12,1.458765e6,-1.6506371702638984,-0.7399802608791516,TIME_LIMIT,121564,0,0,26,8
3,12,1.459248e6,-1.6506371702638984,-0.7399802608791516,TIME_LIMIT,121603,0,0,38,15
3,12,1.459734e6,-1.6505753027535068,-0.7399802608791516,TIME_LIMIT,121639,0,0,37,24
3,12,1.460222e6,-1.6505753027535068,-0.7399802608791516,TIME_LIMIT,121672,0,0,42,19
3,12,1.460717e6,-1.650547550888159,-0.7399802608791516,TIME_LIMIT,121724,0,0,30,17
3,12,1.461194e6,-1.650547550888159,-0.7399802608791516,TIME_LIMIT,121758,0,0,39,30
3,12,1.461677e6,-1.6505375621149487,-0.7399802608791516,TIME_LIMIT,121795,0,0,36,16
3,12,1.462173e6,-1.6505375621149487,-0.7399802608791516,TIME_LIMIT,121836,0,0,36,19
3,12,1.462655e6,-1.6505116216136462,-0.7399802608791516,TIME_LIMIT,121872,0,0,20,10
3,12,1.46314e6,-1.6505116216136462,-0.7399802608791516,TIME_LIMIT,121911,0,0,38,33
3,12,1.463627e6,-1.6504924252186974,-0.7399802608791516,TIME_LIMIT,121950,0,0,29,20
3,12,1.464124e6,-1.6504924252186974,-0.7399802608791516,TIME_LIMIT,121982,0,0,32,32
3,12,1.4646e6,-1.6504512823301667,-0.7399802608791516,TIME_LIMIT,122021,0,0,38,12
3,12,1.465116e6,-1.6504512823301667,-0.7399802608791516,TIME_LIMIT,122048,0,0,26,13
3,12,1.46563e6,-1.6504489126934019,-0.7399802608791516,TIME_LIMIT,122098,0,0,28,18
3,12,1.466115e6,-1.6504489126934019,-0.7399802608791516,TIME_LIMIT,122130,0,0,34,24
3,12,1.466592e6,-1.6504453994087454,-0.7399802608791516,TIME_LIMIT,122176,0,0,27,10
3,12,1.467072e6,-1.6504453994087454,-0.7399802608791516,TIME_LIMIT,122219,0,0,33,13
3,12,1.467571e6,-1.6504406507346827,-0.7399802608791516,TIME_LIMIT,122255,0,0,22,8
3,12,1.468052e6,-1.6504406507346827,-0.7399802608791516,TIME_LIMIT,122294,0,0,17,11
3,12,1.468558e6,-1.6503791270523271,-0.7399802608791516,TIME_LIMIT,122334,0,0,18,11
3,12,1.469042e6,-1.6503791270523271,-0.7399802608791516,TIME_LIMIT,122364,0,0,42,25
3,12,1.46954e6,-1.6503691282514836,-0.7399802608791516,TIME_LIMIT,122422,0,0,13,17
3,12,1.470019e6,-1.6503691282514836,-0.7399802608791516,TIME_LIMIT,122464,0,0,36,35
3,12,1.4705e6,-1.6503534901923778,-0.7399802608791516,TIME_LIMIT,122511,0,0,17,11
3,12,1.471001e6,-1.6503534901923778,-0.7399802608791516,TIME_LIMIT,122540,0,0,52,62
3,12,1.471485e6,-1.6503125443947895,-0.7399802608791516,TIME_LIMIT,122595,0,0,33,18
3,12,1.471967e6,-1.6503125443947895,-0.7399802608791516,TIME_LIMIT,122629,0,0,53,55
3,12,1.472447e6,-1.6502627954737707,-0.7399802608791516,TIME_LIMIT,122681,0,0,33,18
3,12,1.472941e6,-1.6502627954737707,-0.7399802608791516,TIME_LIMIT,122720,0,0,27,26
3,12,1.473414e6,-1.6502416682668852,-0.7399802608791516,TIME_LIMIT,122755,0,0,34,26
3,12,1.473903e6,-1.6502416682668852,-0.7399802608791516,TIME_LIMIT,122789,0,0,34,25
3,12,1.474397e6,-1.6502245473634958,-0.7399802608791516,TIME_LIMIT,122839,0,0,27,8
3,12,1.474899e6,-1.6502245473634958,-0.7399802608791516,TIME_LIMIT,122881,0,0,30,26
3,12,1.475376e6,-1.6501232086798907,-0.7399802608791516,TIME_LIMIT,122930,0,0,26,17
3,12,1.475862e6,-1.6501232086798907,-0.7399802608791516,TIME_LIMIT,122961,0,0,36,21
3,12,1.476356e6,-1.6500768653120819,-0.7399802608791516,TIME_LIMIT,123014,0,0,24,11
3,12,1.476839e6,-1.6500768653120819,-0.7399802608791516,TIME_LIMIT,123050,0,0,55,45
3,12,1.477322e6,-1.6500022541271262,-0.7399802608791516,TIME_LIMIT,123110,0,0,39,22
3,12,1.477804e6,-1.6500022541271262,-0.7399802608791516,TIME_LIMIT,123141,0,0,39,25
3,12,1.478309e6,-1.649992178494094,-0.7399802608791516,TIME_LIMIT,123186,0,0,28,16
3,12,1.478785e6,-1.649992178494094,-0.7399802608791516,TIME_LIMIT,123228,0,0,34,22
3,12,1.479256e6,-1.6499486369403964,-0.7399802608791516,TIME_LIMIT,123267,0,0,34,9
3,12,1.479725e6,-1.6499486369403964,-0.7399802608791516,TIME_LIMIT,123300,0,0,51,38
3,12,1.480209e6,-1.6499394841068566,-0.7399802608791516,TIME_LIMIT,123360,0,0,41,12
3,12,1.480676e6,-1.6499394841068566,-0.7399802608791516,TIME_LIMIT,123393,0,0,35,30
3,12,1.481144e6,-1.6499368148832076,-0.7399802608791516,TIME_LIMIT,123439,0,0,26,15
3,12,1.48161e6,-1.6499368148832076,-0.7399802608791516,TIME_LIMIT,123474,0,0,40,21
3,12,1.482098e6,-1.649892911706133,-0.7399802608791516,TIME_LIMIT,123521,0,0,14,12
3,12,1.48257e6,-1.649892911706133,-0.7399802608791516,TIME_LIMIT,123561,0,0,49,38
3,12,1.483038e6,-1.6498488398776305,-0.7399802608791516,TIME_LIMIT,123622,0,0,38,17
3,12,1.483518e6,-1.6498488398776305,-0.7399802608791516,TIME_LIMIT,123655,0,0,19,12
3,12,1.483984e6,-1.6498379063499387,-0.7399802608791516,TIME_LIMIT,123686,0,0,36,12
3,12,1.484454e6,-1.6498379063499387,-0.7399802608791516,TIME_LIMIT,123718,0,0,34,42
3,12,1.48493e6,-1.6497913826605892,-0.7399802608791516,TIME_LIMIT,123771,0,0,28,13
3,12,1.485424e6,-1.6497913826605892,-0.7399802608791516,TIME_LIMIT,123806,0,0,36,40
3,12,1.485891e6,-1.6497524283531777,-0.7399802608791516,TIME_LIMIT,123855,0,0,31,8
3,12,1.486362e6,-1.6497524283531777,-0.7399802608791516,TIME_LIMIT,123888,0,0,19,25
3,12,1.486834e6,-1.6497496473622035,-0.7399802608791516,TIME_LIMIT,123925,0,0,34,23
3,12,1.487321e6,-1.6497496473622035,-0.7399802608791516,TIME_LIMIT,123954,0,0,40,37
3,12,1.487795e6,-1.6497415285117443,-0.7399802608791516,TIME_LIMIT,124011,0,0,18,11
3,12,1.488267e6,-1.6497415285117443,-0.7399802608791516,TIME_LIMIT,124042,0,0,41,30
3,12,1.488733e6,-1.6497209712805143,-0.7399802608791516,TIME_LIMIT,124097,0,0,36,8
3,12,1.489224e6,-1.6497209712805143,-0.7399802608791516,TIME_LIMIT,124132,0,0,32,15
3,12,1.489701e6,-1.6496867303653546,-0.7399802608791516,TIME_LIMIT,124169,0,0,31,4
3,12,1.490177e6,-1.6496867303653546,-0.7399802608791516,TIME_LIMIT,124201,0,0,54,56
3,12,1.490659e6,-1.649682235230286,-0.7399802608791516,TIME_LIMIT,124256,0,0,34,11
3,12,1.4909e6,-1.649682235230286,-0.7399802608791516,TIME_LIMIT,124292,0,0,50,34
3,12,1.491398e6,-1.6496347606897526,-0.7399802608791516,TIME_LIMIT,124339,0,0,20,8
3,12,1.491873e6,-1.6496347606897526,-0.7399802608791516,TIME_LIMIT,124370,0,0,28,29
3,12,1.492341e6,-1.649628311694774,-0.7399802608791516,TIME_LIMIT,124423,0,0,14,12
3,12,1.492811e6,-1.649628311694774,-0.7399802608791516,TIME_LIMIT,124455,0,0,39,43
3,12,1.493293e6,-1.6495662111951157,-0.7399802608791516,TIME_LIMIT,124503,0,0,30,18
3,12,1.49376e6,-1.6495662111951157,-0.7399802608791516,TIME_LIMIT,124534,0,0,17,14
3,12,1.49423e6,-1.6495317262492817,-0.7399802608791516,TIME_LIMIT,124589,0,0,38,13
3,12,1.494697e6,-1.6495317262492817,-0.7399802608791516,TIME_LIMIT,124621,0,0,31,19
3,12,1.495177e6,-1.6495181262319352,-0.7399802608791516,TIME_LIMIT,124658,0,0,25,13
3,12,1.495647e6,-1.6495181262319352,-0.7399802608791516,TIME_LIMIT,124692,0,0,43,24
3,12,1.49612e6,-1.6495112376599768,-0.7399802608791516,TIME_LIMIT,124746,0,0,21,8
3,12,1.496586e6,-1.6495112376599768,-0.7399802608791516,TIME_LIMIT,124781,0,0,25,20
3,12,1.497068e6,-1.6494620212941362,-0.7399802608791516,TIME_LIMIT,124821,0,0,28,13
3,12,1.497536e6,-1.6494620212941362,-0.7399802608791516,TIME_LIMIT,124855,0,0,39,64
3,12,1.498004e6,-1.649445969277595,-0.7399802608791516,TIME_LIMIT,124908,0,0,24,14
3,12,1.498472e6,-1.649445969277595,-0.7399802608791516,TIME_LIMIT,124939,0,0,37,30
3,12,1.498953e6,-1.6494358120376194,-0.7399802608791516,TIME_LIMIT,124987,0,0,31,17
3,12,1.499423e6,-1.6494358120376194,-0.7399802608791516,TIME_LIMIT,125024,0,0,26,25
3,12,1.499893e6,-1.6493809131011052,-0.7399802608791516,TIME_LIMIT,125076,0,0,20,10
3,12,1.500361e6,-1.6493809131011052,-0.7399802608791516,TIME_LIMIT,125113,0,0,24,15
3,12,1.500842e6,-1.6492801219758817,-0.7399802608791516,TIME_LIMIT,125164,0,0,17,11
3,12,1.501316e6,-1.6492801219758817,-0.7399802608791516,TIME_LIMIT,125196,0,0,25,41
3,12,1.501785e6,-1.6492488686501623,-0.7399802608791516,TIME_LIMIT,125250,0,0,34,21
3,12,1.502254e6,-1.6492488686501623,-0.7399802608791516,TIME_LIMIT,125281,0,0,24,20
3,12,1.502736e6,-1.6492240065027561,-0.7399802608791516,TIME_LIMIT,125326,0,0,31,11
3,12,1.503206e6,-1.6492240065027561,-0.7399802608791516,TIME_LIMIT,125358,0,0,27,22
3,12,1.503674e6,-1.6491805595524591,-0.7399802608791516,TIME_LIMIT,125408,0,0,32,9
3,12,1.504155e6,-1.6491805595524591,-0.7399802608791516,TIME_LIMIT,125444,0,0,48,67
3,12,1.504625e6,-1.649168509356446,-0.7399802608791516,TIME_LIMIT,125504,0,0,39,17
3,12,1.505102e6,-1.649168509356446,-0.7399802608791516,TIME_LIMIT,125547,0,0,21,15
3,12,1.505576e6,-1.6491586455975047,-0.7399802608791516,TIME_LIMIT,125589,0,0,28,13
3,12,1.50606e6,-1.6491586455975047,-0.7399802608791516,TIME_LIMIT,125621,0,0,20,20
3,12,1.506529e6,-1.6491383924485274,-0.7399802608791516,TIME_LIMIT,125675,0,0,32,12
3,12,1.506998e6,-1.6491383924485274,-0.7399802608791516,TIME_LIMIT,125715,0,0,35,39
3,12,1.507467e6,-1.648993605492236,-0.7399802608791516,TIME_LIMIT,125770,0,0,27,13
3,12,1.507971e6,-1.648993605492236,-0.7399802608791516,TIME_LIMIT,125791,0,0,44,45
3,12,1.50844e6,-1.648958451939001,-0.7399802608791516,TIME_LIMIT,125844,0,0,38,17
3,12,1.508912e6,-1.648958451939001,-0.7399802608791516,TIME_LIMIT,125880,0,0,28,29
3,12,1.50938e6,-1.6489506912743952,-0.7399802608791516,TIME_LIMIT,125934,0,0,22,10
3,12,1.509873e6,-1.6489506912743952,-0.7399802608791516,TIME_LIMIT,125969,0,0,33,17
3,12,1.510341e6,-1.6489498350248388,-0.7399802608791516,TIME_LIMIT,126010,0,0,28,14
3,12,1.510809e6,-1.6489498350248388,-0.7399802608791516,TIME_LIMIT,126053,0,0,40,27
3,12,1.511276e6,-1.6489250079827757,-0.7399802608791516,TIME_LIMIT,126093,0,0,35,24
3,12,1.511763e6,-1.6489250079827757,-0.7399802608791516,TIME_LIMIT,126124,0,0,38,26
3,12,1.512265e6,-1.6489184824808678,-0.7399802608791516,TIME_LIMIT,126178,0,0,32,11
3,12,1.512738e6,-1.6489184824808678,-0.7399802608791516,TIME_LIMIT,126213,0,0,29,25
3,12,1.513206e6,-1.648897371176016,-0.7399802608791516,TIME_LIMIT,126267,0,0,19,12
3,12,1.513688e6,-1.648897371176016,-0.7399802608791516,TIME_LIMIT,126301,0,0,37,57
3,12,1.514156e6,-1.648864195379543,-0.7399802608791516,TIME_LIMIT,126353,0,0,22,17
3,12,1.514634e6,-1.648864195379543,-0.7399802608791516,TIME_LIMIT,126390,0,0,54,28
3,12,1.515137e6,-1.6488269142103742,-0.7399802608791516,TIME_LIMIT,126445,0,0,35,12
3,12,1.515609e6,-1.6488269142103742,-0.7399802608791516,TIME_LIMIT,126477,0,0,38,47
3,12,1.516079e6,-1.6487368699292073,-0.7399802608791516,TIME_LIMIT,126529,0,0,36,22
3,12,1.516547e6,-1.6487368699292073,-0.7399802608791516,TIME_LIMIT,126559,0,0,25,21
3,12,1.517027e6,-1.6487272204286811,-0.7399802608791516,TIME_LIMIT,126610,0,0,18,8
3,12,1.517497e6,-1.6487272204286811,-0.7399802608791516,TIME_LIMIT,126641,0,0,47,28
3,12,1.517966e6,-1.6487244648595865,-0.7399802608791516,TIME_LIMIT,126697,0,0,20,8
3,12,1.518437e6,-1.6487244648595865,-0.7399802608791516,TIME_LIMIT,126732,0,0,28,27
3,12,1.518918e6,-1.6486721029949638,-0.7399802608791516,TIME_LIMIT,126784,0,0,35,15
3,12,1.519386e6,-1.6486721029949638,-0.7399802608791516,TIME_LIMIT,126824,0,0,33,15
3,12,1.519856e6,-1.6486698581807235,-0.7399802608791516,TIME_LIMIT,126864,0,0,37,16
3,12,1.520324e6,-1.6486698581807235,-0.7399802608791516,TIME_LIMIT,126900,0,0,34,16
3,12,1.520809e6,-1.6486541625862756,-0.7399802608791516,TIME_LIMIT,126937,0,0,23,6
3,12,1.521282e6,-1.6486541625862756,-0.7399802608791516,TIME_LIMIT,126970,0,0,27,21
3,12,1.521778e6,-1.6485545147256537,-0.7399802608791516,TIME_LIMIT,127024,0,0,33,17
3,12,1.522251e6,-1.6485545147256537,-0.7399802608791516,TIME_LIMIT,127057,0,0,25,29
3,12,1.522734e6,-1.6485376491694126,-0.7399802608791516,TIME_LIMIT,127109,0,0,29,10
3,12,1.523204e6,-1.6485376491694126,-0.7399802608791516,TIME_LIMIT,127140,0,0,36,18
3,12,1.523671e6,-1.6485324713879959,-0.7399802608791516,TIME_LIMIT,127187,0,0,24,11
3,12,1.524139e6,-1.6485324713879959,-0.7399802608791516,TIME_LIMIT,127220,0,0,43,26
3,12,1.52462e6,-1.6485181690310509,-0.7399802608791516,TIME_LIMIT,127277,0,0,21,7
3,12,1.525086e6,-1.6485181690310509,-0.7399802608791516,TIME_LIMIT,127309,0,0,47,28
3,12,1.525554e6,-1.6485179583179976,-0.7399802608791516,TIME_LIMIT,127363,0,0,32,14
3,12,1.52602e6,-1.6485179583179976,-0.7399802608791516,TIME_LIMIT,127404,0,0,33,15
3,12,1.526502e6,-1.6484844306211206,-0.7399802608791516,TIME_LIMIT,127457,0,0,33,14
3,12,1.52697e6,-1.6484844306211206,-0.7399802608791516,TIME_LIMIT,127492,0,0,48,39
3,12,1.52744e6,-1.6484613331314761,-0.7399802608791516,TIME_LIMIT,127542,0,0,30,14
3,12,1.527907e6,-1.6484613331314761,-0.7399802608791516,TIME_LIMIT,127584,0,0,31,21
3,12,1.528405e6,-1.6483879859712078,-0.7399802608791516,TIME_LIMIT,127629,0,0,31,15
3,12,1.528875e6,-1.6483879859712078,-0.7399802608791516,TIME_LIMIT,127664,0,0,17,27
3,12,1.529341e6,-1.6483824877216968,-0.7399802608791516,TIME_LIMIT,127713,0,0,18,10
3,12,1.529809e6,-1.6483824877216968,-0.7399802608791516,TIME_LIMIT,127753,0,0,33,33
3,12,1.530291e6,-1.6483551673307093,-0.7399802608791516,TIME_LIMIT,127809,0,0,22,7
3,12,1.530698e6,-1.6483551673307093,-0.7399802608791516,TIME_LIMIT,127848,0,0,53,24
3,12,1.53118e6,-1.648344571619021,-0.7399802608791516,TIME_LIMIT,127898,0,0,30,12
3,12,1.531648e6,-1.648344571619021,-0.7399802608791516,TIME_LIMIT,127931,0,0,38,32
3,12,1.532117e6,-1.6482749513606305,-0.7399802608791516,TIME_LIMIT,127989,0,0,37,18
3,12,1.532583e6,-1.6482749513606305,-0.7399802608791516,TIME_LIMIT,128020,0,0,35,19
3,12,1.533066e6,-1.648247951121708,-0.7399802608791516,TIME_LIMIT,128064,0,0,17,6
3,12,1.533533e6,-1.648247951121708,-0.7399802608791516,TIME_LIMIT,128100,0,0,41,44
3,12,1.534007e6,-1.6482132412723127,-0.7399802608791516,TIME_LIMIT,128147,0,0,33,10
3,12,1.534472e6,-1.6482132412723127,-0.7399802608791516,TIME_LIMIT,128188,0,0,36,12
3,12,1.534951e6,-1.6481803722224024,-0.7399802608791516,TIME_LIMIT,128220,0,0,29,8
3,12,1.53542e6,-1.6481803722224024,-0.7399802608791516,TIME_LIMIT,128251,0,0,37,30
3,12,1.535894e6,-1.6481709836564347,-0.7399802608791516,TIME_LIMIT,128305,0,0,29,12
3,12,1.536362e6,-1.6481709836564347,-0.7399802608791516,TIME_LIMIT,128335,0,0,40,37
3,12,1.536842e6,-1.6480954239992212,-0.7399802608791516,TIME_LIMIT,128386,0,0,30,16
3,12,1.53731e6,-1.6480954239992212,-0.7399802608791516,TIME_LIMIT,128429,0,0,48,25
3,12,1.537777e6,-1.6480254314144351,-0.7399802608791516,TIME_LIMIT,128471,0,0,48,21
3,12,1.538246e6,-1.6480254314144351,-0.7399802608791516,TIME_LIMIT,128505,0,0,44,57
3,12,1.538728e6,-1.647957221393753,-0.7399802608791516,TIME_LIMIT,128563,0,0,34,18
3,12,1.53923e6,-1.647957221393753,-0.7399802608791516,TIME_LIMIT,128595,0,0,38,21
3,12,1.539719e6,-1.647928567098512,-0.7399802608791516,TIME_LIMIT,128641,0,0,30,11
3,12,1.540197e6,-1.647928567098512,-0.7399802608791516,TIME_LIMIT,128681,0,0,35,15
3,12,1.540684e6,-1.6479253604342718,-0.7399802608791516,TIME_LIMIT,128712,0,0,16,12
3,12,1.541154e6,-1.6479253604342718,-0.7399802608791516,TIME_LIMIT,128742,0,0,33,22
3,12,1.541639e6,-1.6479195487799814,-0.7399802608791516,TIME_LIMIT,128799,0,0,32,10
3,12,1.542113e6,-1.6479195487799814,-0.7399802608791516,TIME_LIMIT,128831,0,0,53,33
3,12,1.542604e6,-1.647918818024647,-0.7399802608791516,TIME_LIMIT,128883,0,0,34,18
3,12,1.543078e6,-1.647918818024647,-0.7399802608791516,TIME_LIMIT,128910,0,0,35,37
3,12,1.543546e6,-1.6478953118958901,-0.7399802608791516,TIME_LIMIT,128963,0,0,30,13
3,12,1.544011e6,-1.6478953118958901,-0.7399802608791516,TIME_LIMIT,128995,0,0,32,30
3,12,1.544493e6,-1.6478741611855314,-0.7399802608791516,TIME_LIMIT,129034,0,0,22,12
3,12,1.544965e6,-1.6478741611855314,-0.7399802608791516,TIME_LIMIT,129064,0,0,45,53
3,12,1.545435e6,-1.6478531532631322,-0.7399802608791516,TIME_LIMIT,129120,0,0,40,16
3,12,1.545916e6,-1.6478531532631322,-0.7399802608791516,TIME_LIMIT,129152,0,0,41,17
3,12,1.546428e6,-1.6478389516521537,-0.7399802608791516,TIME_LIMIT,129205,0,0,30,11
3,12,1.546902e6,-1.6478389516521537,-0.7399802608791516,TIME_LIMIT,129250,0,0,41,7
3,12,1.547379e6,-1.647833664568734,-0.7399802608791516,TIME_LIMIT,129286,0,0,32,18
3,12,1.547866e6,-1.647833664568734,-0.7399802608791516,TIME_LIMIT,129313,0,0,31,22
3,12,1.548332e6,-1.647818356636577,-0.7399802608791516,TIME_LIMIT,129361,0,0,26,12
3,12,1.5488e6,-1.647818356636577,-0.7399802608791516,TIME_LIMIT,129396,0,0,37,24
3,12,1.549267e6,-1.6477863516047455,-0.7399802608791516,TIME_LIMIT,129449,0,0,29,11
3,12,1.549748e6,-1.6477863516047455,-0.7399802608791516,TIME_LIMIT,129487,0,0,49,41
3,12,1.550218e6,-1.6477852466179501,-0.7399802608791516,TIME_LIMIT,129531,0,0,24,11
3,12,1.550687e6,-1.6477852466179501,-0.7399802608791516,TIME_LIMIT,129567,0,0,38,26
3,12,1.551155e6,-1.647780580695193,-0.7399802608791516,TIME_LIMIT,129622,0,0,40,17
3,12,1.551622e6,-1.647780580695193,-0.7399802608791516,TIME_LIMIT,129657,0,0,29,30
3,12,1.552105e6,-1.6477736959437541,-0.7399802608791516,TIME_LIMIT,129697,0,0,32,19
3,12,1.552572e6,-1.6477736959437541,-0.7399802608791516,TIME_LIMIT,129732,0,0,25,19
3,12,1.553047e6,-1.6477667506082838,-0.7399802608791516,TIME_LIMIT,129766,0,0,38,11
3,12,1.553513e6,-1.6477667506082838,-0.7399802608791516,TIME_LIMIT,129808,0,0,23,11
3,12,1.554021e6,-1.6477457606696484,-0.7399802608791516,TIME_LIMIT,129852,0,0,22,12
3,12,1.554495e6,-1.6477457606696484,-0.7399802608791516,TIME_LIMIT,129888,0,0,23,18
3,12,1.554963e6,-1.647736089369899,-0.7399802608791516,TIME_LIMIT,129936,0,0,14,8
3,12,1.555429e6,-1.647736089369899,-0.7399802608791516,TIME_LIMIT,129970,0,0,39,16
3,12,1.555911e6,-1.6476668597616004,-0.7399802608791516,TIME_LIMIT,130019,0,0,31,22
3,12,1.556379e6,-1.6476668597616004,-0.7399802608791516,TIME_LIMIT,130049,0,0,37,20
3,12,1.556847e6,-1.6475765382710734,-0.7399802608791516,TIME_LIMIT,130099,0,0,27,11
3,12,1.557313e6,-1.6475765382710734,-0.7399802608791516,TIME_LIMIT,130138,0,0,20,19
3,12,1.557794e6,-1.647571771615824,-0.7399802608791516,TIME_LIMIT,130196,0,0,34,10
3,12,1.558262e6,-1.647571771615824,-0.7399802608791516,TIME_LIMIT,130234,0,0,41,25
3,12,1.558732e6,-1.6475405817738678,-0.7399802608791516,TIME_LIMIT,130271,0,0,36,13
3,12,1.5592e6,-1.6475405817738678,-0.7399802608791516,TIME_LIMIT,130300,0,0,24,13
3,12,1.559683e6,-1.6475290393897153,-0.7399802608791516,TIME_LIMIT,130351,0,0,34,7
3,12,1.56015e6,-1.6475290393897153,-0.7399802608791516,TIME_LIMIT,130380,0,0,25,15
3,12,1.560617e6,-1.6474962795050754,-0.7399802608791516,TIME_LIMIT,130428,0,0,15,8
3,12,1.561095e6,-1.6474962795050754,-0.7399802608791516,TIME_LIMIT,130455,0,0,35,15
3,12,1.561609e6,-1.647452777907248,-0.7399802608791516,TIME_LIMIT,130508,0,0,32,9
3,12,1.562083e6,-1.647452777907248,-0.7399802608791516,TIME_LIMIT,130541,0,0,46,28
3,12,1.562551e6,-1.647427832783658,-0.7399802608791516,TIME_LIMIT,130592,0,0,24,7
3,12,1.563023e6,-1.647427832783658,-0.7399802608791516,TIME_LIMIT,130627,0,0,23,17
3,12,1.563504e6,-1.6474172658973865,-0.7399802608791516,TIME_LIMIT,130662,0,0,31,16
3,12,1.563972e6,-1.6474172658973865,-0.7399802608791516,TIME_LIMIT,130701,0,0,36,19
3,12,1.56444e6,-1.647391002633051,-0.7399802608791516,TIME_LIMIT,130745,0,0,40,21
3,12,1.564907e6,-1.647391002633051,-0.7399802608791516,TIME_LIMIT,130787,0,0,36,21
3,12,1.565374e6,-1.6473873119456894,-0.7399802608791516,TIME_LIMIT,130835,0,0,17,7
3,12,1.565856e6,-1.6473873119456894,-0.7399802608791516,TIME_LIMIT,130874,0,0,18,25
3,12,1.566325e6,-1.6473823772327008,-0.7399802608791516,TIME_LIMIT,130929,0,0,29,14
3,12,1.566795e6,-1.6473823772327008,-0.7399802608791516,TIME_LIMIT,130971,0,0,43,9
3,12,1.567263e6,-1.6472713541990345,-0.7399802608791516,TIME_LIMIT,131011,0,0,36,13
3,12,1.567746e6,-1.6472713541990345,-0.7399802608791516,TIME_LIMIT,131052,0,0,41,16
3,12,1.568224e6,-1.6472459502659338,-0.7399802608791516,TIME_LIMIT,131091,0,0,37,16
3,12,1.568696e6,-1.6472459502659338,-0.7399802608791516,TIME_LIMIT,131128,0,0,41,47
3,12,1.569162e6,-1.6471671520192739,-0.7399802608791516,TIME_LIMIT,131180,0,0,15,9
3,12,1.569645e6,-1.6471671520192739,-0.7399802608791516,TIME_LIMIT,131207,0,0,26,21
3,12,1.570112e6,-1.6471651809617813,-0.7399802608791516,TIME_LIMIT,131261,0,0,38,10
3,12,1.570581e6,-1.6471651809617813,-0.7399802608791516,TIME_LIMIT,131296,0,0,37,21
3,12,1.571049e6,-1.6471563949521313,-0.7399802608791516,TIME_LIMIT,131345,0,0,24,11
3,12,1.571544e6,-1.6471563949521313,-0.7399802608791516,TIME_LIMIT,131380,0,0,31,36
3,12,1.572053e6,-1.6471500761751365,-0.7399802608791516,TIME_LIMIT,131415,0,0,24,10
3,12,1.572526e6,-1.6471500761751365,-0.7399802608791516,TIME_LIMIT,131443,0,0,34,43
3,12,1.572992e6,-1.6471434777730547,-0.7399802608791516,TIME_LIMIT,131487,0,0,31,12
3,12,1.573473e6,-1.6471434777730547,-0.7399802608791516,TIME_LIMIT,131523,0,0,38,25
3,12,1.573941e6,-1.6470844411156682,-0.7399802608791516,TIME_LIMIT,131567,0,0,17,6
3,12,1.57441e6,-1.6470844411156682,-0.7399802608791516,TIME_LIMIT,131609,0,0,41,19
3,12,1.574876e6,-1.6470771110976086,-0.7399802608791516,TIME_LIMIT,131653,0,0,26,14
3,12,1.575357e6,-1.6470771110976086,-0.7399802608791516,TIME_LIMIT,131686,0,0,15,9
3,12,1.575825e6,-1.6470647688230278,-0.7410327174465035,TIME_LIMIT,131723,0,0,32,15
3,12,1.576298e6,-1.6470647688230278,-0.7410327174465035,TIME_LIMIT,131757,0,0,38,26
3,12,1.576796e6,-1.6470514227925164,-0.7410327174465035,TIME_LIMIT,131802,0,0,27,9
3,12,1.57728e6,-1.6470514227925164,-0.7410327174465035,TIME_LIMIT,131844,0,0,23,11
3,12,1.577749e6,-1.6470235436021898,-0.7410327174465035,TIME_LIMIT,131878,0,0,38,30
3,12,1.578217e6,-1.6470235436021898,-0.7410327174465035,TIME_LIMIT,131909,0,0,18,19
3,12,1.578685e6,-1.6470228495963424,-0.7410327174465035,TIME_LIMIT,131957,0,0,30,11
3,12,1.57915e6,-1.6470228495963424,-0.7410327174465035,TIME_LIMIT,131987,0,0,36,18
3,12,1.579633e6,-1.6470145778475092,-0.7410327174465035,TIME_LIMIT,132044,0,0,35,13
3,12,1.580104e6,-1.6470145778475092,-0.7410327174465035,TIME_LIMIT,132076,0,0,40,21
3,12,1.58059e6,-1.6469958639906723,-0.7410327174465035,TIME_LIMIT,132122,0,0,24,7
3,12,1.581014e6,-1.6469958639906723,-0.7410327174465035,TIME_LIMIT,132162,0,0,32,24
3,12,1.581505e6,-1.6469874920929455,-0.7410327174465035,TIME_LIMIT,132214,0,0,30,12
3,12,1.58199e6,-1.6469874920929455,-0.7410327174465035,TIME_LIMIT,132247,0,0,42,14
3,12,1.582457e6,-1.646963439813164,-0.7410327174465035,TIME_LIMIT,132296,0,0,32,18
3,12,1.582928e6,-1.646963439813164,-0.7410327174465035,TIME_LIMIT,132326,0,0,33,24
3,12,1.583402e6,-1.6469495144148163,-0.7410327174465035,TIME_LIMIT,132372,0,0,19,5
3,12,1.58387e6,-1.6469495144148163,-0.7410327174465035,TIME_LIMIT,132408,0,0,46,48
3,12,1.584352e6,-1.6469477928576108,-0.7410327174465035,TIME_LIMIT,132461,0,0,32,20
3,12,1.584821e6,-1.6469477928576108,-0.7410327174465035,TIME_LIMIT,132490,0,0,26,22
3,12,1.58529e6,-1.6469464136139564,-0.7410327174465035,TIME_LIMIT,132552,0,0,40,11
3,12,1.58576e6,-1.6469464136139564,-0.7410327174465035,TIME_LIMIT,132592,0,0,25,17
3,12,1.586242e6,-1.6469157784544317,-0.7410327174465035,TIME_LIMIT,132631,0,0,36,11
3,12,1.586709e6,-1.6469157784544317,-0.7410327174465035,TIME_LIMIT,132665,0,0,33,19
3,12,1.587178e6,-1.6469066839356152,-0.7410327174465035,TIME_LIMIT,132717,0,0,35,11
3,12,1.587647e6,-1.6469066839356152,-0.7410327174465035,TIME_LIMIT,132753,0,0,26,18
3,12,1.588115e6,-1.6468487869346473,-0.7410327174465035,TIME_LIMIT,132809,0,0,29,18
3,12,1.588601e6,-1.6468487869346473,-0.7410327174465035,TIME_LIMIT,132845,0,0,36,41
3,12,1.589068e6,-1.6468442592671406,-0.7410327174465035,TIME_LIMIT,132900,0,0,15,16
3,12,1.589536e6,-1.6468442592671406,-0.7410327174465035,TIME_LIMIT,132931,0,0,20,18
3,12,1.590003e6,-1.646791982381409,-0.7410327174465035,TIME_LIMIT,132983,0,0,30,13
3,12,1.590485e6,-1.646791982381409,-0.7410327174465035,TIME_LIMIT,133014,0,0,42,23
3,12,1.590952e6,-1.6467797475064094,-0.7410327174465035,TIME_LIMIT,133061,0,0,28,13
3,12,1.59142e6,-1.6467797475064094,-0.7410327174465035,TIME_LIMIT,133096,0,0,31,21
3,12,1.591899e6,-1.6467446721388166,-0.7410327174465035,TIME_LIMIT,133144,0,0,28,11
3,12,1.592386e6,-1.6467446721388166,-0.7410327174465035,TIME_LIMIT,133177,0,0,52,29
3,12,1.592854e6,-1.646697084231869,-0.7410327174465035,TIME_LIMIT,133231,0,0,19,9
3,12,1.593324e6,-1.646697084231869,-0.7410327174465035,TIME_LIMIT,133258,0,0,34,33
3,12,1.593793e6,-1.6466894081092383,-0.7410327174465035,TIME_LIMIT,133310,0,0,18,10
3,12,1.594265e6,-1.6466894081092383,-0.7410327174465035,TIME_LIMIT,133339,0,0,41,25
3,12,1.594746e6,-1.6466881133400215,-0.7410327174465035,TIME_LIMIT,133390,0,0,31,11
3,12,1.59519e6,-1.6466881133400215,-0.7410327174465035,TIME_LIMIT,133430,0,0,44,22
3,12,1.595673e6,-1.6466354498296567,-0.7410327174465035,TIME_LIMIT,133467,0,0,38,15
3,12,1.596154e6,-1.6466354498296567,-0.7410327174465035,TIME_LIMIT,133502,0,0,34,22
3,12,1.59662e6,-1.6466249779157012,-0.7410327174465035,TIME_LIMIT,133547,0,0,28,14
3,12,1.597106e6,-1.6466249779157012,-0.7410327174465035,TIME_LIMIT,133577,0,0,43,15
3,12,1.597575e6,-1.646622861235389,-0.7410327174465035,TIME_LIMIT,133628,0,0,33,11
3,12,1.598042e6,-1.646622861235389,-0.7410327174465035,TIME_LIMIT,133672,0,0,21,10
3,12,1.598509e6,-1.6466074861831232,-0.7410327174465035,TIME_LIMIT,133708,0,0,37,18
3,12,1.598977e6,-1.6466074861831232,-0.7410327174465035,TIME_LIMIT,133743,0,0,37,38
3,12,1.599479e6,-1.6466044116551295,-0.7410327174465035,TIME_LIMIT,133777,0,0,30,15
3,12,1.599947e6,-1.6466044116551295,-0.7410327174465035,TIME_LIMIT,133811,0,0,44,20
3,12,1.600417e6,-1.6465889438676906,-0.7410327174465035,TIME_LIMIT,133863,0,0,34,11
3,12,1.600884e6,-1.6465889438676906,-0.7410327174465035,TIME_LIMIT,133897,0,0,36,30
3,12,1.601365e6,-1.6465539426143945,-0.7410327174465035,TIME_LIMIT,133949,0,0,28,19
3,12,1.601833e6,-1.6465539426143945,-0.7410327174465035,TIME_LIMIT,133990,0,0,45,34
3,12,1.602303e6,-1.6465458959107668,-0.7410327174465035,TIME_LIMIT,134042,0,0,29,24
3,12,1.602772e6,-1.6465458959107668,-0.7410327174465035,TIME_LIMIT,134076,0,0,47,39
3,12,1.603238e6,-1.6465377785438977,-0.7410327174465035,TIME_LIMIT,134139,0,0,14,6
3,12,1.603721e6,-1.6465377785438977,-0.7410327174465035,TIME_LIMIT,134166,0,0,43,27
3,12,1.604205e6,-1.646520844021447,-0.7410327174465035,TIME_LIMIT,134224,0,0,31,13
3,12,1.604681e6,-1.646520844021447,-0.7410327174465035,TIME_LIMIT,134255,0,0,45,28
3,12,1.605151e6,-1.6465184919771656,-0.7410327174465035,TIME_LIMIT,134307,0,0,31,15
3,12,1.605635e6,-1.6465184919771656,-0.7410327174465035,TIME_LIMIT,134337,0,0,44,53
3,12,1.606103e6,-1.6465023446933282,-0.7410327174465035,TIME_LIMIT,134388,0,0,22,6
3,12,1.606572e6,-1.6465023446933282,-0.7410327174465035,TIME_LIMIT,134419,0,0,33,26
3,12,1.607049e6,-1.6465023049959753,-0.7410327174465035,TIME_LIMIT,134464,0,0,32,9
3,12,1.607534e6,-1.6465023049959753,-0.7410327174465035,TIME_LIMIT,134497,0,0,41,25
3,12,1.608002e6,-1.6464997495668714,-0.7410327174465035,TIME_LIMIT,134548,0,0,25,13
3,12,1.608468e6,-1.6464997495668714,-0.7410327174465035,TIME_LIMIT,134588,0,0,20,17
3,12,1.608937e6,-1.646472807761699,-0.7410327174465035,TIME_LIMIT,134620,0,0,28,15
3,12,1.609406e6,-1.646472807761699,-0.7410327174465035,TIME_LIMIT,134650,0,0,36,37
3,12,1.609887e6,-1.6463997557714976,-0.7410327174465035,TIME_LIMIT,134704,0,0,31,11
3,12,1.610381e6,-1.6463997557714976,-0.7410327174465035,TIME_LIMIT,134739,0,0,42,30
3,12,1.610849e6,-1.6463548053694255,-0.7410327174465035,TIME_LIMIT,134789,0,0,36,12
3,12,1.611153e6,-1.6463548053694255,-0.7410327174465035,TIME_LIMIT,134822,0,0,21,16
3,12,1.611627e6,-1.6463513851627611,-0.7410327174465035,TIME_LIMIT,134872,0,0,23,9
3,12,1.612093e6,-1.6463513851627611,-0.7410327174465035,TIME_LIMIT,134899,0,0,37,39
3,12,1.612576e6,-1.646333097919299,-0.7410327174465035,TIME_LIMIT,134946,0,0,32,15
3,12,1.613046e6,-1.646333097919299,-0.7410327174465035,TIME_LIMIT,134979,0,0,46,37
3,12,1.613521e6,-1.6462471224105617,-0.7410327174465035,TIME_LIMIT,135024,0,0,29,15
3,12,1.613989e6,-1.6462471224105617,-0.7410327174465035,TIME_LIMIT,135059,0,0,13,15
3,12,1.614472e6,-1.6462303405981473,-0.7410327174465035,TIME_LIMIT,135108,0,0,32,16
3,12,1.614941e6,-1.6462303405981473,-0.7410327174465035,TIME_LIMIT,135143,0,0,33,24
3,12,1.61541e6,-1.6462050135099877,-0.7410327174465035,TIME_LIMIT,135193,0,0,28,11
3,12,1.615882e6,-1.6462050135099877,-0.7410327174465035,TIME_LIMIT,135222,0,0,35,29
3,12,1.61635e6,-1.6461832366737943,-0.7410327174465035,TIME_LIMIT,135269,0,0,30,25
3,12,1.616831e6,-1.6461832366737943,-0.7410327174465035,TIME_LIMIT,135300,0,0,38,53
3,12,1.6173e6,-1.6461485163902532,-0.7410327174465035,TIME_LIMIT,135340,0,0,33,20
3,12,1.617769e6,-1.6461485163902532,-0.7410327174465035,TIME_LIMIT,135375,0,0,23,18
3,12,1.618236e6,-1.6461298279486762,-0.7410327174465035,TIME_LIMIT,135424,0,0,29,13
3,12,1.618719e6,-1.6461298279486762,-0.7410327174465035,TIME_LIMIT,135457,0,0,44,18
3,12,1.619188e6,-1.6459845177758416,-0.7410327174465035,TIME_LIMIT,135511,0,0,16,11
3,12,1.619657e6,-1.6459845177758416,-0.7410327174465035,TIME_LIMIT,135553,0,0,26,22
3,12,1.620127e6,-1.6459823437541807,-0.7410327174465035,TIME_LIMIT,135592,0,0,29,20
3,12,1.620596e6,-1.6459823437541807,-0.7410327174465035,TIME_LIMIT,135630,0,0,47,34
3,12,1.62108e6,-1.6459602187291287,-0.7410327174465035,TIME_LIMIT,135680,0,0,31,13
3,12,1.62155e6,-1.6459602187291287,-0.7410327174465035,TIME_LIMIT,135723,0,0,49,16
3,12,1.62202e6,-1.6458683781163956,-0.7410327174465035,TIME_LIMIT,135763,0,0,21,16
3,12,1.62249e6,-1.6458683781163956,-0.7410327174465035,TIME_LIMIT,135798,0,0,57,67
3,12,1.622966e6,-1.6458285018450851,-0.7410327174465035,TIME_LIMIT,135854,0,0,31,15
3,12,1.623449e6,-1.6458285018450851,-0.7410327174465035,TIME_LIMIT,135884,0,0,36,34
3,12,1.623917e6,-1.6458204476428169,-0.7410327174465035,TIME_LIMIT,135931,0,0,27,19
3,12,1.624254e6,-1.6458204476428169,-0.7410327174465035,TIME_LIMIT,135967,0,0,44,31
3,12,1.62474e6,-1.6457757044132122,-0.7410327174465035,TIME_LIMIT,136017,0,0,27,9
3,12,1.62526e6,-1.6457757044132122,-0.7410327174465035,TIME_LIMIT,136049,0,0,26,20
3,12,1.625771e6,-1.6457593694988664,-0.7410327174465035,TIME_LIMIT,136105,0,0,16,7
3,12,1.626245e6,-1.6457593694988664,-0.7410327174465035,TIME_LIMIT,136136,0,0,50,50
3,12,1.626727e6,-1.6457583457718266,-0.7410327174465035,TIME_LIMIT,136185,0,0,30,16
3,12,1.627195e6,-1.6457583457718266,-0.7410327174465035,TIME_LIMIT,136211,0,0,35,22
3,12,1.62767e6,-1.6457556145138899,-0.7410327174465035,TIME_LIMIT,136257,0,0,11,6
3,12,1.628141e6,-1.6457556145138899,-0.7410327174465035,TIME_LIMIT,136301,0,0,36,25
3,12,1.628608e6,-1.6457375281379378,-0.7410327174465035,TIME_LIMIT,136336,0,0,39,21
3,12,1.629093e6,-1.6457375281379378,-0.7410327174465035,TIME_LIMIT,136369,0,0,40,20
3,12,1.629561e6,-1.6457130422269146,-0.7410327174465035,TIME_LIMIT,136422,0,0,20,13
3,12,1.630042e6,-1.6457130422269146,-0.7410327174465035,TIME_LIMIT,136460,0,0,42,20
3,12,1.630544e6,-1.6456968865669879,-0.7410327174465035,TIME_LIMIT,136508,0,0,27,13
3,12,1.631032e6,-1.6456968865669879,-0.7410327174465035,TIME_LIMIT,136534,0,0,24,44
3,12,1.631501e6,-1.6456887164659513,-0.7410327174465035,TIME_LIMIT,136583,0,0,29,9
3,12,1.63197e6,-1.6456887164659513,-0.7410327174465035,TIME_LIMIT,136609,0,0,37,27
3,12,1.632439e6,-1.6456792815111037,-0.7410327174465035,TIME_LIMIT,136669,0,0,37,16
3,12,1.632907e6,-1.6456792815111037,-0.7410327174465035,TIME_LIMIT,136700,0,0,40,40
3,12,1.63339e6,-1.645625915958241,-0.7410327174465035,TIME_LIMIT,136751,0,0,34,18
3,12,1.633858e6,-1.645625915958241,-0.7410327174465035,TIME_LIMIT,136782,0,0,46,24
3,12,1.634326e6,-1.6455864521463943,-0.7410327174465035,TIME_LIMIT,136839,0,0,33,13
3,12,1.634797e6,-1.6455864521463943,-0.7410327174465035,TIME_LIMIT,136874,0,0,50,32
3,12,1.635264e6,-1.6455464762857188,-0.7410327174465035,TIME_LIMIT,136922,0,0,32,14
3,12,1.635766e6,-1.6455464762857188,-0.7410327174465035,TIME_LIMIT,136950,0,0,44,18
3,12,1.636253e6,-1.6455319517404678,-0.7410327174465035,TIME_LIMIT,137002,0,0,35,11
3,12,1.636726e6,-1.6455319517404678,-0.7410327174465035,TIME_LIMIT,137035,0,0,24,21
3,12,1.637193e6,-1.6455138547146126,-0.7410327174465035,TIME_LIMIT,137093,0,0,32,13
3,12,1.637677e6,-1.6455138547146126,-0.7410327174465035,TIME_LIMIT,137130,0,0,45,52
3,12,1.638146e6,-1.645488103694879,-0.7410327174465035,TIME_LIMIT,137171,0,0,37,30
3,12,1.638614e6,-1.645488103694879,-0.7410327174465035,TIME_LIMIT,137210,0,0,33,13
3,12,1.639083e6,-1.6454534945006705,-0.7410327174465035,TIME_LIMIT,137253,0,0,15,11
3,12,1.639551e6,-1.6454534945006705,-0.7410327174465035,TIME_LIMIT,137289,0,0,34,19
3,12,1.640032e6,-1.6454189896354676,-0.7410327174465035,TIME_LIMIT,137332,0,0,37,12
3,12,1.640503e6,-1.6454189896354676,-0.7410327174465035,TIME_LIMIT,137362,0,0,42,45
3,12,1.640982e6,-1.645379376918802,-0.7410327174465035,TIME_LIMIT,137410,0,0,32,15
3,12,1.641455e6,-1.645379376918802,-0.7410327174465035,TIME_LIMIT,137445,0,0,44,34
3,12,1.641929e6,-1.645378941038895,-0.7410327174465035,TIME_LIMIT,137497,0,0,28,13
3,12,1.642413e6,-1.645378941038895,-0.7410327174465035,TIME_LIMIT,137530,0,0,32,22
3,12,1.642882e6,-1.6453776504706548,-0.7410327174465035,TIME_LIMIT,137579,0,0,20,7
3,12,1.64336e6,-1.6453776504706548,-0.7410327174465035,TIME_LIMIT,137619,0,0,44,25
3,12,1.64383e6,-1.645373238979619,-0.7410327174465035,TIME_LIMIT,137659,0,0,42,25
3,12,1.644298e6,-1.645373238979619,-0.7410327174465035,TIME_LIMIT,137694,0,0,34,21
3,12,1.644781e6,-1.6453431953590203,-0.7410327174465035,TIME_LIMIT,137740,0,0,27,13
3,12,1.645266e6,-1.6453431953590203,-0.7410327174465035,TIME_LIMIT,137772,0,0,41,17
3,12,1.645739e6,-1.6453022857133643,-0.7410327174465035,TIME_LIMIT,137828,0,0,33,11
3,12,1.646208e6,-1.6453022857133643,-0.7410327174465035,TIME_LIMIT,137858,0,0,43,22
3,12,1.646676e6,-1.6452976123238607,-0.7410327174465035,TIME_LIMIT,137909,0,0,16,6
3,12,1.647156e6,-1.6452976123238607,-0.7410327174465035,TIME_LIMIT,137950,0,0,32,21
3,12,1.647624e6,-1.6452974983929622,-0.7410327174465035,TIME_LIMIT,137982,0,0,32,17
3,12,1.648092e6,-1.6452974983929622,-0.7410327174465035,TIME_LIMIT,138021,0,0,27,24
3,12,1.648561e6,-1.6452544244307064,-0.7410327174465035,TIME_LIMIT,138070,0,0,23,16
3,12,1.649029e6,-1.6452544244307064,-0.7410327174465035,TIME_LIMIT,138103,0,0,43,29
3,12,1.649513e6,-1.6452356556331622,-0.7410327174465035,TIME_LIMIT,138160,0,0,33,12
3,12,1.649981e6,-1.6452356556331622,-0.7410327174465035,TIME_LIMIT,138192,0,0,43,18
3,12,1.650449e6,-1.6452135938504389,-0.7410327174465035,TIME_LIMIT,138244,0,0,36,9
3,12,1.650919e6,-1.6452135938504389,-0.7410327174465035,TIME_LIMIT,138279,0,0,39,21
3,12,1.651404e6,-1.6451828297231066,-0.7410327174465035,TIME_LIMIT,138332,0,0,35,8
3,12,1.651871e6,-1.6451828297231066,-0.7410327174465035,TIME_LIMIT,138362,0,0,32,11
3,12,1.652349e6,-1.6451762297159576,-0.7410327174465035,TIME_LIMIT,138406,0,0,13,8
3,12,1.652823e6,-1.6451762297159576,-0.7410327174465035,TIME_LIMIT,138440,0,0,43,32
3,12,1.653295e6,-1.6451533234630864,-0.7410327174465035,TIME_LIMIT,138498,0,0,33,13
3,12,1.653778e6,-1.6451533234630864,-0.7410327174465035,TIME_LIMIT,138526,0,0,39,39
3,12,1.654249e6,-1.6451526777516998,-0.7410327174465035,TIME_LIMIT,138566,0,0,41,11
3,12,1.654718e6,-1.6451526777516998,-0.7410327174465035,TIME_LIMIT,138605,0,0,31,12
3,12,1.655191e6,-1.6451519629898728,-0.7410327174465035,TIME_LIMIT,138636,0,0,29,34
3,12,1.655662e6,-1.6451519629898728,-0.7410327174465035,TIME_LIMIT,138668,0,0,42,22
3,12,1.656154e6,-1.6451349692196147,-0.7410327174465035,TIME_LIMIT,138724,0,0,33,8
3,12,1.656635e6,-1.6451349692196147,-0.7410327174465035,TIME_LIMIT,138756,0,0,40,41
3,12,1.657134e6,-1.6451324777615057,-0.7410327174465035,TIME_LIMIT,138812,0,0,18,7
3,12,1.657608e6,-1.6451324777615057,-0.7410327174465035,TIME_LIMIT,138849,0,0,41,52
3,12,1.658078e6,-1.6450707243456535,-0.7410327174465035,TIME_LIMIT,138906,0,0,23,11
3,12,1.658562e6,-1.6450707243456535,-0.7410327174465035,TIME_LIMIT,138937,0,0,39,22
3,12,1.65904e6,-1.6450453557425748,-0.7410327174465035,TIME_LIMIT,138998,0,0,35,15
3,12,1.659515e6,-1.6450453557425748,-0.7410327174465035,TIME_LIMIT,139036,0,0,36,12
3,12,1.659983e6,-1.6450212363600911,-0.7410327174465035,TIME_LIMIT,139073,0,0,35,15
3,12,1.660451e6,-1.6450212363600911,-0.7410327174465035,TIME_LIMIT,139120,0,0,38,22
3,12,1.660934e6,-1.6449836366949333,-0.7410327174465035,TIME_LIMIT,139165,0,0,29,17
3,12,1.661404e6,-1.6449836366949333,-0.7410327174465035,TIME_LIMIT,139203,0,0,45,34
3,12,1.661873e6,-1.6449464164046248,-0.7410327174465035,TIME_LIMIT,139256,0,0,32,14
3,12,1.662341e6,-1.6449464164046248,-0.7410327174465035,TIME_LIMIT,139288,0,0,31,34
3,12,1.662808e6,-1.6449364232341184,-0.7410327174465035,TIME_LIMIT,139337,0,0,30,9
3,12,1.663291e6,-1.6449364232341184,-0.7410327174465035,TIME_LIMIT,139378,0,0,44,24
3,12,1.66376e6,-1.6449065887958303,-0.7410327174465035,TIME_LIMIT,139417,0,0,35,18
3,12,1.66423e6,-1.6449065887958303,-0.7410327174465035,TIME_LIMIT,139451,0,0,35,30
3,12,1.664698e6,-1.6448826451697856,-0.7410327174465035,TIME_LIMIT,139492,0,0,35,21
3,12,1.665166e6,-1.6448826451697856,-0.7410327174465035,TIME_LIMIT,139521,0,0,33,22
3,12,1.665661e6,-1.6448783586202205,-0.7410327174465035,TIME_LIMIT,139571,0,0,20,3
3,12,1.666133e6,-1.6448783586202205,-0.7410327174465035,TIME_LIMIT,139601,0,0,42,38
3,12,1.666605e6,-1.6448773308276066,-0.7410327174465035,TIME_LIMIT,139650,0,0,30,21
3,12,1.667072e6,-1.6448773308276066,-0.7410327174465035,TIME_LIMIT,139680,0,0,40,17
3,12,1.66754e6,-1.6448571845181377,-0.7410327174465035,TIME_LIMIT,139735,0,0,35,13
3,12,1.668024e6,-1.6448571845181377,-0.7410327174465035,TIME_LIMIT,139782,0,0,39,20
3,12,1.668493e6,-1.6448126009406827,-0.7410327174465035,TIME_LIMIT,139829,0,0,40,17
3,12,1.668963e6,-1.6448126009406827,-0.7410327174465035,TIME_LIMIT,139864,0,0,34,17
3,12,1.669446e6,-1.6447686955882233,-0.7410327174465035,TIME_LIMIT,139917,0,0,27,8
3,12,1.669916e6,-1.6447686955882233,-0.7410327174465035,TIME_LIMIT,139943,0,0,40,30
3,12,1.670414e6,-1.6447679275673601,-0.7410327174465035,TIME_LIMIT,139993,0,0,31,7
3,12,1.670882e6,-1.6447679275673601,-0.7410327174465035,TIME_LIMIT,140031,0,0,27,18
3,12,1.671357e6,-1.6447423136951145,-0.7410327174465035,TIME_LIMIT,140083,0,0,28,15
3,12,1.671825e6,-1.6447423136951145,-0.7410327174465035,TIME_LIMIT,140121,0,0,41,19
3,12,1.672298e6,-1.64473910107531,-0.7410327174465035,TIME_LIMIT,140176,0,0,27,12
3,12,1.672786e6,-1.64473910107531,-0.7410327174465035,TIME_LIMIT,140206,0,0,36,29
3,12,1.673267e6,-1.6446780568452435,-0.7410327174465035,TIME_LIMIT,140265,0,0,39,10
3,12,1.673737e6,-1.6446780568452435,-0.7410327174465035,TIME_LIMIT,140303,0,0,34,24
3,12,1.674205e6,-1.6446617725277974,-0.7410327174465035,TIME_LIMIT,140338,0,0,29,12
3,12,1.674672e6,-1.6446617725277974,-0.7410327174465035,TIME_LIMIT,140379,0,0,19,12
3,12,1.675155e6,-1.644625030041451,-0.7410327174465035,TIME_LIMIT,140425,0,0,34,20
3,12,1.675622e6,-1.644625030041451,-0.7410327174465035,TIME_LIMIT,140458,0,0,20,15
3,12,1.676097e6,-1.6446091215675487,-0.7410327174465035,TIME_LIMIT,140510,0,0,29,14
3,12,1.676565e6,-1.6446091215675487,-0.7410327174465035,TIME_LIMIT,140549,0,0,36,48
3,12,1.677038e6,-1.6445816023633686,-0.7410327174465035,TIME_LIMIT,140597,0,0,16,10
3,12,1.677532e6,-1.6445816023633686,-0.7410327174465035,TIME_LIMIT,140637,0,0,38,32
3,12,1.678e6,-1.644571655858413,-0.7410327174465035,TIME_LIMIT,140687,0,0,31,12
3,12,1.67847e6,-1.644571655858413,-0.7410327174465035,TIME_LIMIT,140723,0,0,27,14
3,12,1.678935e6,-1.6445294014278815,-0.7410327174465035,TIME_LIMIT,140773,0,0,29,14
3,12,1.679404e6,-1.6445294014278815,-0.7410327174465035,TIME_LIMIT,140812,0,0,41,23
3,12,1.679885e6,-1.6445232793012476,-0.7410327174465035,TIME_LIMIT,140864,0,0,25,19
3,12,1.680354e6,-1.6445232793012476,-0.7410327174465035,TIME_LIMIT,140897,0,0,43,33
3,12,1.680823e6,-1.6445076953221807,-0.7410327174465035,TIME_LIMIT,140951,0,0,15,12
3,12,1.681319e6,-1.6445076953221807,-0.7410327174465035,TIME_LIMIT,140986,0,0,46,35
3,12,1.681788e6,-1.6444723383280018,-0.7410327174465035,TIME_LIMIT,141040,0,0,26,13
3,12,1.682287e6,-1.6444723383280018,-0.7410327174465035,TIME_LIMIT,141072,0,0,34,10
3,12,1.682763e6,-1.6444670515582411,-0.7410327174465035,TIME_LIMIT,141118,0,0,29,19
3,12,1.683231e6,-1.6444670515582411,-0.7410327174465035,TIME_LIMIT,141142,0,0,20,20
3,12,1.683702e6,-1.6443556152593832,-0.7410327174465035,TIME_LIMIT,141191,0,0,28,10
3,12,1.684171e6,-1.6443556152593832,-0.7410327174465035,TIME_LIMIT,141232,0,0,22,21
3,12,1.684653e6,-1.6443320911234316,-0.7410327174465035,TIME_LIMIT,141260,0,0,31,22
3,12,1.685122e6,-1.6443320911234316,-0.7410327174465035,TIME_LIMIT,141296,0,0,48,51
3,12,1.68559e6,-1.6443031523955114,-0.7410327174465035,TIME_LIMIT,141352,0,0,31,16
3,12,1.686064e6,-1.6443031523955114,-0.7410327174465035,TIME_LIMIT,141383,0,0,38,23
3,12,1.686543e6,-1.6442925932185124,-0.7410327174465035,TIME_LIMIT,141432,0,0,22,4
3,12,1.687025e6,-1.6442925932185124,-0.7410327174465035,TIME_LIMIT,141472,0,0,37,24
3,12,1.68752e6,-1.6442809703607855,-0.7410327174465035,TIME_LIMIT,141508,0,0,20,5
3,12,1.687989e6,-1.6442809703607855,-0.7410327174465035,TIME_LIMIT,141541,0,0,34,54
3,12,1.688458e6,-1.6442553574934768,-0.7410327174465035,TIME_LIMIT,141595,0,0,20,8
3,12,1.688926e6,-1.6442553574934768,-0.7410327174465035,TIME_LIMIT,141630,0,0,25,11
3,12,1.689392e6,-1.6442404003251667,-0.7410327174465035,TIME_LIMIT,141661,0,0,28,12
3,12,1.689876e6,-1.6442404003251667,-0.7410327174465035,TIME_LIMIT,141702,0,0,32,32
3,12,1.690345e6,-1.6442028755643445,-0.7410327174465035,TIME_LIMIT,141752,0,0,29,14
3,12,1.690813e6,-1.6442028755643445,-0.7410327174465035,TIME_LIMIT,141785,0,0,31,24
3,12,1.691283e6,-1.6441876844903773,-0.7410327174465035,TIME_LIMIT,141827,0,0,41,14
3,12,1.691752e6,-1.6441876844903773,-0.7410327174465035,TIME_LIMIT,141858,0,0,41,36
3,12,1.692235e6,-1.644105241188113,-0.7410327174465035,TIME_LIMIT,141909,0,0,35,7
3,12,1.692706e6,-1.644105241188113,-0.7410327174465035,TIME_LIMIT,141941,0,0,32,40
3,12,1.693175e6,-1.6441038577123128,-0.7410327174465035,TIME_LIMIT,141993,0,0,32,10
3,12,1.693644e6,-1.6441038577123128,-0.7410327174465035,TIME_LIMIT,142019,0,0,42,39
3,12,1.694112e6,-1.644048884328909,-0.7410327174465035,TIME_LIMIT,142080,0,0,34,20
3,12,1.694594e6,-1.644048884328909,-0.7410327174465035,TIME_LIMIT,142108,0,0,41,54
3,12,1.695071e6,-1.6440439017335058,-0.7410327174465035,TIME_LIMIT,142164,0,0,19,11
3,12,1.695542e6,-1.6440439017335058,-0.7410327174465035,TIME_LIMIT,142201,0,0,53,40
3,12,1.69601e6,-1.6440166121365838,-0.7410327174465035,TIME_LIMIT,142259,0,0,35,15
3,12,1.696479e6,-1.6440166121365838,-0.7410327174465035,TIME_LIMIT,142297,0,0,56,40
3,12,1.696948e6,-1.644005199687566,-0.7410327174465035,TIME_LIMIT,142354,0,0,33,19
3,12,1.697431e6,-1.644005199687566,-0.7410327174465035,TIME_LIMIT,142386,0,0,41,21
3,12,1.6979e6,-1.6439510443843446,-0.7410327174465035,TIME_LIMIT,142443,0,0,35,15
3,12,1.698371e6,-1.6439510443843446,-0.7410327174465035,TIME_LIMIT,142474,0,0,38,25
3,12,1.698846e6,-1.6439366847186654,-0.7410327174465035,TIME_LIMIT,142529,0,0,32,17
3,12,1.699317e6,-1.6439366847186654,-0.7410327174465035,TIME_LIMIT,142564,0,0,44,26
3,12,1.699801e6,-1.6439162658505684,-0.7410327174465035,TIME_LIMIT,142620,0,0,35,10
3,12,1.700275e6,-1.6439162658505684,-0.7410327174465035,TIME_LIMIT,142649,0,0,34,23
3,12,1.700744e6,-1.6438958295786472,-0.7410327174465035,TIME_LIMIT,142700,0,0,31,16
3,12,1.701213e6,-1.6438958295786472,-0.7410327174465035,TIME_LIMIT,142735,0,0,41,23
3,12,1.701682e6,-1.6437961289688947,-0.7410327174465035,TIME_LIMIT,142791,0,0,32,7
3,12,1.70215e6,-1.6437961289688947,-0.7410327174465035,TIME_LIMIT,142824,0,0,40,26
3,12,1.702631e6,-1.6437855722057364,-0.7410327174465035,TIME_LIMIT,142862,0,0,41,34
3,12,1.703102e6,-1.6437855722057364,-0.7410327174465035,TIME_LIMIT,142894,0,0,39,19
3,12,1.703571e6,-1.6437741699925104,-0.7410327174465035,TIME_LIMIT,142943,0,0,28,19
3,12,1.704039e6,-1.6437741699925104,-0.7410327174465035,TIME_LIMIT,142976,0,0,21,14
3,12,1.704507e6,-1.6437252624924523,-0.7410327174465035,TIME_LIMIT,143015,0,0,39,16
3,12,1.704989e6,-1.6437252624924523,-0.7410327174465035,TIME_LIMIT,143047,0,0,42,30
3,12,1.705469e6,-1.643710890005205,-0.7410327174465035,TIME_LIMIT,143106,0,0,33,15
3,12,1.705941e6,-1.643710890005205,-0.7410327174465035,TIME_LIMIT,143145,0,0,34,14
3,12,1.706411e6,-1.643674493959781,-0.7410327174465035,TIME_LIMIT,143184,0,0,38,13
3,12,1.706912e6,-1.643674493959781,-0.7410327174465035,TIME_LIMIT,143218,0,0,44,26
3,12,1.707442e6,-1.6436699105052506,-0.7410327174465035,TIME_LIMIT,143271,0,0,39,4
3,12,1.707918e6,-1.6436699105052506,-0.7410327174465035,TIME_LIMIT,143299,0,0,36,29
3,12,1.708387e6,-1.6436264132313823,-0.7410327174465035,TIME_LIMIT,143355,0,0,30,15
3,12,1.708908e6,-1.6436264132313823,-0.7410327174465035,TIME_LIMIT,143393,0,0,11,12
3,12,1.709491e6,-1.6435712885206113,-0.7410327174465035,TIME_LIMIT,143427,0,0,12,5
3,12,1.709964e6,-1.6435712885206113,-0.7410327174465035,TIME_LIMIT,143464,0,0,43,27
3,12,1.710431e6,-1.6435500686043898,-0.7410327174465035,TIME_LIMIT,143513,0,0,32,16
3,12,1.7109e6,-1.6435500686043898,-0.7410327174465035,TIME_LIMIT,143542,0,0,50,22
3,12,1.711385e6,-1.6435163328921567,-0.7410327174465035,TIME_LIMIT,143594,0,0,29,13
3,12,1.711853e6,-1.6435163328921567,-0.7410327174465035,TIME_LIMIT,143622,0,0,31,34
3,12,1.712321e6,-1.6434926197721558,-0.7410327174465035,TIME_LIMIT,143671,0,0,33,17
3,12,1.712789e6,-1.6434926197721558,-0.7410327174465035,TIME_LIMIT,143700,0,0,31,28
3,12,1.713257e6,-1.6434688560361643,-0.7410327174465035,TIME_LIMIT,143747,0,0,25,12
3,12,1.713743e6,-1.6434688560361643,-0.7410327174465035,TIME_LIMIT,143779,0,0,39,29
3,12,1.714216e6,-1.6434571803757552,-0.7410327174465035,TIME_LIMIT,143834,0,0,18,10
3,12,1.714686e6,-1.6434571803757552,-0.7410327174465035,TIME_LIMIT,143863,0,0,44,55
3,12,1.715156e6,-1.6434512520406077,-0.7410327174465035,TIME_LIMIT,143910,0,0,19,15
3,12,1.715627e6,-1.6434512520406077,-0.7410327174465035,TIME_LIMIT,143939,0,0,48,51
3,12,1.716095e6,-1.6434311580503909,-0.7410327174465035,TIME_LIMIT,143995,0,0,34,13
3,12,1.71658e6,-1.6434311580503909,-0.7410327174465035,TIME_LIMIT,144025,0,0,39,54
3,12,1.71705e6,-1.6434250943469326,-0.7410327174465035,TIME_LIMIT,144079,0,0,36,12
3,12,1.717554e6,-1.6434250943469326,-0.7410327174465035,TIME_LIMIT,144112,0,0,31,23
3,12,1.718084e6,-1.6433979497218978,-0.7410327174465035,TIME_LIMIT,144152,0,0,38,21
3,12,1.718569e6,-1.6433979497218978,-0.7410327174465035,TIME_LIMIT,144190,0,0,30,22
3,12,1.71904e6,-1.6433805433868856,-0.7410327174465035,TIME_LIMIT,144222,0,0,29,18
3,12,1.719512e6,-1.6433805433868856,-0.7410327174465035,TIME_LIMIT,144257,0,0,33,61
3,12,1.719981e6,-1.6433675364778184,-0.7410327174465035,TIME_LIMIT,144310,0,0,31,24
3,12,1.720449e6,-1.6433675364778184,-0.7410327174465035,TIME_LIMIT,144350,0,0,36,13
3,12,1.720929e6,-1.6433667664809506,-0.7410327174465035,TIME_LIMIT,144393,0,0,32,13
3,12,1.7214e6,-1.6433667664809506,-0.7410327174465035,TIME_LIMIT,144430,0,0,33,13
3,12,1.721884e6,-1.6433608771878634,-0.7410327174465035,TIME_LIMIT,144472,0,0,21,5
3,12,1.722287e6,-1.6433608771878634,-0.7410327174465035,TIME_LIMIT,144507,0,0,45,31
3,12,1.722754e6,-1.6433607660744325,-0.7410327174465035,TIME_LIMIT,144557,0,0,28,16
3,12,1.723223e6,-1.6433607660744325,-0.7410327174465035,TIME_LIMIT,144582,0,0,44,26
3,12,1.723692e6,-1.6433559941937128,-0.7410327174465035,TIME_LIMIT,144636,0,0,38,8
3,12,1.724162e6,-1.6433559941937128,-0.7410327174465035,TIME_LIMIT,144668,0,0,39,25
3,12,1.724629e6,-1.6433353055736766,-0.7410327174465035,TIME_LIMIT,144722,0,0,33,15
3,12,1.72499e6,-1.6433353055736766,-0.7410327174465035,TIME_LIMIT,144753,0,0,36,24
3,12,1.725474e6,-1.6433009625731447,-0.7410327174465035,TIME_LIMIT,144810,0,0,32,8
3,12,1.725949e6,-1.6433009625731447,-0.7410327174465035,TIME_LIMIT,144846,0,0,50,54
3,12,1.726418e6,-1.6432916299206823,-0.7410327174465035,TIME_LIMIT,144902,0,0,21,19
3,12,1.726886e6,-1.6432916299206823,-0.7410327174465035,TIME_LIMIT,144936,0,0,30,16
3,12,1.72737e6,-1.6432716592850192,-0.7410327174465035,TIME_LIMIT,144978,0,0,20,9
3,12,1.72784e6,-1.6432716592850192,-0.7410327174465035,TIME_LIMIT,145009,0,0,50,64
3,12,1.72831e6,-1.6432052530874888,-0.7410327174465035,TIME_LIMIT,145064,0,0,21,12
3,12,1.728779e6,-1.6432052530874888,-0.7410327174465035,TIME_LIMIT,145110,0,0,41,27
3,12,1.729227e6,-1.6431605867582735,-0.7410327174465035,TIME_LIMIT,145153,0,0,37,16
3,12,1.729709e6,-1.6431605867582735,-0.7410327174465035,TIME_LIMIT,145183,0,0,33,17
3,12,1.730196e6,-1.643139097356666,-0.8377716961065049,TIME_LIMIT,145234,0,0,21,11
3,12,1.730672e6,-1.643139097356666,-0.8377716961065049,TIME_LIMIT,145270,0,0,33,23
3,12,1.731143e6,-1.6431177440265858,-0.8377716961065049,TIME_LIMIT,145321,0,0,19,9
3,12,1.731613e6,-1.6431177440265858,-0.8377716961065049,TIME_LIMIT,145351,0,0,31,18
3,12,1.732082e6,-1.6431110285410822,-0.8377716961065049,TIME_LIMIT,145386,0,0,35,15
3,12,1.732552e6,-1.6431110285410822,-0.8377716961065049,TIME_LIMIT,145426,0,0,36,34
3,12,1.733041e6,-1.6430838991251848,-0.8377716961065049,TIME_LIMIT,145479,0,0,28,10
3,12,1.733518e6,-1.6430838991251848,-0.8377716961065049,TIME_LIMIT,145513,0,0,38,26
3,12,1.733987e6,-1.6430782648799416,-0.8377716961065049,TIME_LIMIT,145562,0,0,34,10
3,12,1.734456e6,-1.6430782648799416,-0.8377716961065049,TIME_LIMIT,145598,0,0,22,25
3,12,1.734925e6,-1.6430434368862943,-0.8377716961065049,TIME_LIMIT,145649,0,0,32,11
3,12,1.735393e6,-1.6430434368862943,-0.8377716961065049,TIME_LIMIT,145681,0,0,31,14
3,12,1.735882e6,-1.6430315853988735,-0.8377716961065049,TIME_LIMIT,145721,0,0,32,8
3,12,1.736352e6,-1.6430315853988735,-0.8377716961065049,TIME_LIMIT,145754,0,0,37,14
3,12,1.73682e6,-1.6430225305757036,-0.8377716961065049,TIME_LIMIT,145803,0,0,29,12
3,12,1.737292e6,-1.6430225305757036,-0.8377716961065049,TIME_LIMIT,145832,0,0,32,53
3,12,1.737761e6,-1.6430134358427146,-0.8377716961065049,TIME_LIMIT,145889,0,0,30,25
3,12,1.738176e6,-1.6430134358427146,-0.8377716961065049,TIME_LIMIT,145931,0,0,45,35
3,12,1.738643e6,-1.6429765438451656,-0.8377716961065049,TIME_LIMIT,145965,0,0,34,19
3,12,1.739112e6,-1.6429765438451656,-0.8377716961065049,TIME_LIMIT,145995,0,0,39,29
3,12,1.739596e6,-1.642903721179999,-0.8377716961065049,TIME_LIMIT,146049,0,0,34,13
3,12,1.740065e6,-1.642903721179999,-0.8377716961065049,TIME_LIMIT,146084,0,0,45,22
3,12,1.740535e6,-1.642863386191852,-0.8377716961065049,TIME_LIMIT,146132,0,0,33,11
3,12,1.741005e6,-1.642863386191852,-0.8377716961065049,TIME_LIMIT,146161,0,0,37,43
3,12,1.741491e6,-1.6428499351090693,-0.8377716961065049,TIME_LIMIT,146213,0,0,19,8
3,12,1.741958e6,-1.6428499351090693,-0.8377716961065049,TIME_LIMIT,146257,0,0,35,17
3,12,1.742441e6,-1.6428465902965137,-0.8377716961065049,TIME_LIMIT,146289,0,0,18,7
3,12,1.742911e6,-1.6428465902965137,-0.8377716961065049,TIME_LIMIT,146331,0,0,40,30
3,12,1.743381e6,-1.6428187228860365,-0.8377716961065049,TIME_LIMIT,146366,0,0,25,23
3,12,1.743855e6,-1.6428187228860365,-0.8377716961065049,TIME_LIMIT,146406,0,0,36,28
3,12,1.744324e6,-1.642788299253311,-0.8377716961065049,TIME_LIMIT,146446,0,0,27,19
3,12,1.744794e6,-1.642788299253311,-0.8377716961065049,TIME_LIMIT,146471,0,0,35,27
3,12,1.745279e6,-1.6427569436993386,-0.8377716961065049,TIME_LIMIT,146527,0,0,30,11
3,12,1.74575e6,-1.6427569436993386,-0.8377716961065049,TIME_LIMIT,146554,0,0,38,38
3,12,1.746219e6,-1.642750972640822,-0.8377716961065049,TIME_LIMIT,146605,0,0,28,13
3,12,1.746693e6,-1.642750972640822,-0.8377716961065049,TIME_LIMIT,146636,0,0,33,22
3,12,1.747164e6,-1.6427315657437846,-0.8377716961065049,TIME_LIMIT,146682,0,0,40,14
3,12,1.747639e6,-1.6427315657437846,-0.8377716961065049,TIME_LIMIT,146713,0,0,33,13
3,12,1.748122e6,-1.642726816825438,-0.8377716961065049,TIME_LIMIT,146748,0,0,35,15
3,12,1.748593e6,-1.642726816825438,-0.8377716961065049,TIME_LIMIT,146779,0,0,42,38
3,12,1.749061e6,-1.6427165015158172,-0.8377716961065049,TIME_LIMIT,146832,0,0,18,10
3,12,1.74953e6,-1.6427165015158172,-0.8377716961065049,TIME_LIMIT,146875,0,0,22,12
3,12,1.750009e6,-1.6426569435917364,-0.8377716961065049,TIME_LIMIT,146914,0,0,15,16
3,12,1.750499e6,-1.6426569435917364,-0.8377716961065049,TIME_LIMIT,146945,0,0,34,15
3,12,1.750968e6,-1.6426285359011632,-0.8377716961065049,TIME_LIMIT,146996,0,0,32,8
3,12,1.751439e6,-1.6426285359011632,-0.8377716961065049,TIME_LIMIT,147035,0,0,36,19
3,12,1.751908e6,-1.6426242278297583,-0.8377716961065049,TIME_LIMIT,147078,0,0,24,10
3,12,1.752404e6,-1.6426242278297583,-0.8377716961065049,TIME_LIMIT,147113,0,0,28,18
3,12,1.752871e6,-1.6426228987352272,-0.8377716961065049,TIME_LIMIT,147166,0,0,31,14
3,12,1.753354e6,-1.6426228987352272,-0.8377716961065049,TIME_LIMIT,147193,0,0,33,13
3,12,1.753819e6,-1.642583365297474,-0.8377716961065049,TIME_LIMIT,147237,0,0,18,10
3,12,1.754288e6,-1.642583365297474,-0.8377716961065049,TIME_LIMIT,147270,0,0,38,44
3,12,1.754758e6,-1.6425567689746488,-0.8377716961065049,TIME_LIMIT,147325,0,0,22,10
3,12,1.755229e6,-1.6425567689746488,-0.8377716961065049,TIME_LIMIT,147358,0,0,26,50
3,12,1.755697e6,-1.6425540083802919,-0.8377716961065049,TIME_LIMIT,147413,0,0,34,22
3,12,1.756182e6,-1.6425540083802919,-0.8377716961065049,TIME_LIMIT,147449,0,0,44,30
3,12,1.756651e6,-1.6425237617983395,-0.8377716961065049,TIME_LIMIT,147498,0,0,21,11
3,12,1.75712e6,-1.6425237617983395,-0.8377716961065049,TIME_LIMIT,147532,0,0,45,18
3,12,1.75759e6,-1.6424946642849387,-0.8377716961065049,TIME_LIMIT,147588,0,0,37,12
3,12,1.758062e6,-1.6424946642849387,-0.8377716961065049,TIME_LIMIT,147620,0,0,34,16
3,12,1.75853e6,-1.642457769215208,-0.8377716961065049,TIME_LIMIT,147670,0,0,30,12
3,12,1.759014e6,-1.642457769215208,-0.8377716961065049,TIME_LIMIT,147700,0,0,42,22
3,12,1.759485e6,-1.6424512961756677,-0.8377716961065049,TIME_LIMIT,147755,0,0,31,14
3,12,1.759954e6,-1.6424512961756677,-0.8377716961065049,TIME_LIMIT,147795,0,0,38,37
3,12,1.760425e6,-1.642435616454477,-0.8377716961065049,TIME_LIMIT,147835,0,0,38,16
3,12,1.760897e6,-1.642435616454477,-0.8377716961065049,TIME_LIMIT,147869,0,0,40,45
3,12,1.761365e6,-1.642431023831376,-0.8377716961065049,TIME_LIMIT,147917,0,0,28,8
3,12,1.761849e6,-1.642431023831376,-0.8377716961065049,TIME_LIMIT,147942,0,0,33,17
3,12,1.76232e6,-1.642403820729586,-0.8377716961065049,TIME_LIMIT,147992,0,0,17,11
3,12,1.762785e6,-1.642403820729586,-0.8377716961065049,TIME_LIMIT,148030,0,0,27,9
3,12,1.763254e6,-1.6423826517123252,-0.8377716961065049,TIME_LIMIT,148066,0,0,33,7
3,12,1.763735e6,-1.6423826517123252,-0.8377716961065049,TIME_LIMIT,148097,0,0,42,24
3,12,1.764222e6,-1.6423730462666342,-0.8377716961065049,TIME_LIMIT,148149,0,0,31,10
3,12,1.764709e6,-1.6423730462666342,-0.8377716961065049,TIME_LIMIT,148197,0,0,34,15
3,12,1.765133e6,-1.6423287269176665,-0.8377716961065049,TIME_LIMIT,148246,0,0,36,17
3,12,1.765619e6,-1.6423287269176665,-0.8377716961065049,TIME_LIMIT,148279,0,0,43,36
3,12,1.766087e6,-1.642303939428424,-0.8377716961065049,TIME_LIMIT,148333,0,0,13,12
3,12,1.766557e6,-1.642303939428424,-0.8377716961065049,TIME_LIMIT,148366,0,0,35,28
3,12,1.767026e6,-1.642296932039371,-0.8377716961065049,TIME_LIMIT,148416,0,0,16,7
3,12,1.767495e6,-1.642296932039371,-0.8377716961065049,TIME_LIMIT,148457,0,0,39,34
3,12,1.767963e6,-1.6422694013040189,-0.8377716961065049,TIME_LIMIT,148490,0,0,37,29
3,12,1.768448e6,-1.6422694013040189,-0.8377716961065049,TIME_LIMIT,148526,0,0,44,26
3,12,1.768918e6,-1.6422137506605254,-0.8377716961065049,TIME_LIMIT,148574,0,0,29,18
3,12,1.769388e6,-1.6422137506605254,-0.8377716961065049,TIME_LIMIT,148602,0,0,37,29
3,12,1.769857e6,-1.642191113954145,-0.8377716961065049,TIME_LIMIT,148650,0,0,29,10
3,12,1.770327e6,-1.642191113954145,-0.8377716961065049,TIME_LIMIT,148681,0,0,46,29
3,12,1.770809e6,-1.6421477948848844,-0.8377716961065049,TIME_LIMIT,148730,0,0,33,6
3,12,1.771297e6,-1.6421477948848844,-0.8377716961065049,TIME_LIMIT,148769,0,0,45,25
3,12,1.771765e6,-1.642081908934998,-0.8377716961065049,TIME_LIMIT,148820,0,0,28,14
3,12,1.772236e6,-1.642081908934998,-0.8377716961065049,TIME_LIMIT,148856,0,0,36,15
3,12,1.772705e6,-1.6420573251810564,-0.8377716961065049,TIME_LIMIT,148888,0,0,34,13
3,12,1.773174e6,-1.6420573251810564,-0.8377716961065049,TIME_LIMIT,148926,0,0,31,24
3,12,1.773641e6,-1.642035915735205,-0.8377716961065049,TIME_LIMIT,148975,0,0,15,8
3,12,1.774129e6,-1.642035915735205,-0.8377716961065049,TIME_LIMIT,149004,0,0,51,31
3,12,1.7746e6,-1.6419598216677724,-0.8377716961065049,TIME_LIMIT,149055,0,0,32,8
3,12,1.775069e6,-1.6419598216677724,-0.8377716961065049,TIME_LIMIT,149090,0,0,32,15
3,12,1.775538e6,-1.6419529383782558,-0.8377716961065049,TIME_LIMIT,149133,0,0,31,16
3,12,1.776008e6,-1.6419529383782558,-0.8377716961065049,TIME_LIMIT,149165,0,0,40,38
3,12,1.776477e6,-1.6419060396548615,-0.8377716961065049,TIME_LIMIT,149215,0,0,27,10
3,12,1.776959e6,-1.6419060396548615,-0.8377716961065049,TIME_LIMIT,149252,0,0,35,19
3,12,1.777429e6,-1.641868419218529,-0.8377716961065049,TIME_LIMIT,149296,0,0,40,13
3,12,1.777898e6,-1.641868419218529,-0.8377716961065049,TIME_LIMIT,149338,0,0,41,17
3,12,1.778366e6,-1.641865054453541,-0.8377716961065049,TIME_LIMIT,149378,0,0,27,9
3,12,1.778837e6,-1.641865054453541,-0.8377716961065049,TIME_LIMIT,149412,0,0,23,13
3,12,1.779306e6,-1.6418461675881117,-0.8377716961065049,TIME_LIMIT,149465,0,0,25,10
3,12,1.779775e6,-1.6418461675881117,-0.8377716961065049,TIME_LIMIT,149500,0,0,37,16
3,12,1.780258e6,-1.641815696496705,-0.8377716961065049,TIME_LIMIT,149547,0,0,20,12
3,12,1.780729e6,-1.641815696496705,-0.8377716961065049,TIME_LIMIT,149579,0,0,30,37
3,12,1.781198e6,-1.6417981640580466,-0.8377716961065049,TIME_LIMIT,149630,0,0,32,11
3,12,1.781665e6,-1.6417981640580466,-0.8377716961065049,TIME_LIMIT,149669,0,0,34,31
3,12,1.782134e6,-1.6417786866404886,-0.8377716961065049,TIME_LIMIT,149720,0,0,30,21
3,12,1.782604e6,-1.6417786866404886,-0.8377716961065049,TIME_LIMIT,149760,0,0,42,47
3,12,1.783088e6,-1.6417635733957976,-0.8377716961065049,TIME_LIMIT,149797,0,0,24,16
3,12,1.783557e6,-1.6417635733957976,-0.8377716961065049,TIME_LIMIT,149827,0,0,28,14
3,12,1.784059e6,-1.6417544935415016,-0.8377716961065049,TIME_LIMIT,149865,0,0,28,13
3,12,1.784534e6,-1.6417544935415016,-0.8377716961065049,TIME_LIMIT,149891,0,0,24,15
3,12,1.785006e6,-1.6417544222395886,-0.8377716961065049,TIME_LIMIT,149945,0,0,31,15
3,12,1.785476e6,-1.6417544222395886,-0.8377716961065049,TIME_LIMIT,149977,0,0,21,33
3,12,1.785959e6,-1.6417447377303647,-0.8377716961065049,TIME_LIMIT,150027,0,0,30,16
3,12,1.786427e6,-1.6417447377303647,-0.8377716961065049,TIME_LIMIT,150062,0,0,34,39
3,12,1.786899e6,-1.6417209177446859,-0.8377716961065049,TIME_LIMIT,150119,0,0,37,13
3,12,1.787367e6,-1.6417209177446859,-0.8377716961065049,TIME_LIMIT,150153,0,0,36,27
3,12,1.787835e6,-1.641715966534291,-0.8377716961065049,TIME_LIMIT,150209,0,0,34,15
3,12,1.788305e6,-1.641715966534291,-0.8377716961065049,TIME_LIMIT,150240,0,0,32,21
3,12,1.788787e6,-1.6416977485805124,-0.8377716961065049,TIME_LIMIT,150290,0,0,32,11
3,12,1.789257e6,-1.6416977485805124,-0.8377716961065049,TIME_LIMIT,150324,0,0,39,72
3,12,1.789727e6,-1.6416932545217249,-0.8377716961065049,TIME_LIMIT,150381,0,0,18,11
3,12,1.790198e6,-1.6416932545217249,-0.8377716961065049,TIME_LIMIT,150410,0,0,33,22
3,12,1.79067e6,-1.6416744320378949,-0.8377716961065049,TIME_LIMIT,150460,0,0,30,9
3,12,1.791144e6,-1.6416744320378949,-0.8377716961065049,TIME_LIMIT,150496,0,0,29,26
3,12,1.791617e6,-1.641627426790722,-0.8377716961065049,TIME_LIMIT,150548,0,0,17,11
3,12,1.792105e6,-1.641627426790722,-0.8377716961065049,TIME_LIMIT,150591,0,0,24,20
3,12,1.792576e6,-1.6415966624428302,-0.8377716961065049,TIME_LIMIT,150633,0,0,38,18
3,12,1.793048e6,-1.6415966624428302,-0.8377716961065049,TIME_LIMIT,150666,0,0,36,21
3,12,1.793518e6,-1.6415517593143798,-0.8377716961065049,TIME_LIMIT,150711,0,0,18,16
3,12,1.793983e6,-1.6415517593143798,-0.8377716961065049,TIME_LIMIT,150740,0,0,35,16
3,12,1.794464e6,-1.6415477382058936,-0.8377716961065049,TIME_LIMIT,150793,0,0,31,11
3,12,1.794951e6,-1.6415477382058936,-0.8377716961065049,TIME_LIMIT,150831,0,0,40,30
3,12,1.795417e6,-1.6415470966041312,-0.8377716961065049,TIME_LIMIT,150880,0,0,30,12
3,12,1.795887e6,-1.6415470966041312,-0.8377716961065049,TIME_LIMIT,150916,0,0,26,8
3,12,1.796352e6,-1.6415400800065647,-0.8377716961065049,TIME_LIMIT,150968,0,0,21,7
3,12,1.796821e6,-1.6415400800065647,-0.8377716961065049,TIME_LIMIT,151004,0,0,28,36
3,12,1.797287e6,-1.6414566259143972,-0.8377716961065049,TIME_LIMIT,151039,0,0,19,24
3,12,1.797751e6,-1.6414566259143972,-0.8377716961065049,TIME_LIMIT,151073,0,0,27,9
3,12,1.798232e6,-1.6414084554793764,-0.8377716961065049,TIME_LIMIT,151124,0,0,34,15
3,12,1.798699e6,-1.6414084554793764,-0.8377716961065049,TIME_LIMIT,151161,0,0,38,20
3,12,1.799165e6,-1.6414011593359619,-0.8377716961065049,TIME_LIMIT,151212,0,0,16,11
3,12,1.799631e6,-1.6414011593359619,-0.8377716961065049,TIME_LIMIT,151244,0,0,39,30
3,12,1.800097e6,-1.6413847277139022,-0.8377716961065049,TIME_LIMIT,151291,0,0,41,16
3,12,1.800566e6,-1.6413847277139022,-0.8377716961065049,TIME_LIMIT,151327,0,0,37,22
3,12,1.801028e6,-1.6413282309405508,-0.8377716961065049,TIME_LIMIT,151385,0,0,39,15
3,12,1.80151e6,-1.6413282309405508,-0.8377716961065049,TIME_LIMIT,151423,0,0,30,13
3,12,1.801977e6,-1.6413038620049376,-0.8377716961065049,TIME_LIMIT,151474,0,0,46,11
3,12,1.802445e6,-1.6413038620049376,-0.8377716961065049,TIME_LIMIT,151510,0,0,19,20
3,12,1.802913e6,-1.6412975494846427,-0.8377716961065049,TIME_LIMIT,151557,0,0,33,10
3,12,1.803379e6,-1.6412975494846427,-0.8377716961065049,TIME_LIMIT,151594,0,0,41,25
3,12,1.803843e6,-1.6412741345135884,-0.8377716961065049,TIME_LIMIT,151629,0,0,32,19
3,12,1.804322e6,-1.6412741345135884,-0.8377716961065049,TIME_LIMIT,151664,0,0,32,28
3,12,1.804786e6,-1.6412740641800008,-0.8377716961065049,TIME_LIMIT,151700,0,0,34,17
3,12,1.80525e6,-1.6412740641800008,-0.8377716961065049,TIME_LIMIT,151729,0,0,42,22
3,12,1.805724e6,-1.64126709278265,-0.8377716961065049,TIME_LIMIT,151786,0,0,38,10
3,12,1.806192e6,-1.64126709278265,-0.8377716961065049,TIME_LIMIT,151817,0,0,39,22
3,12,1.806657e6,-1.6412542680682576,-0.8377716961065049,TIME_LIMIT,151864,0,0,31,11
3,12,1.807122e6,-1.6412542680682576,-0.8377716961065049,TIME_LIMIT,151889,0,0,32,33
3,12,1.807599e6,-1.6412505359322112,-0.8377716961065049,TIME_LIMIT,151940,0,0,30,14
3,12,1.808074e6,-1.6412505359322112,-0.8377716961065049,TIME_LIMIT,151976,0,0,25,13
3,12,1.808537e6,-1.641211902448928,-0.8377716961065049,TIME_LIMIT,152024,0,0,25,18
3,12,1.809003e6,-1.641211902448928,-0.8377716961065049,TIME_LIMIT,152057,0,0,43,28
3,12,1.809466e6,-1.6411072709989953,-0.8377716961065049,TIME_LIMIT,152107,0,0,25,15
3,12,1.809931e6,-1.6411072709989953,-0.8377716961065049,TIME_LIMIT,152148,0,0,41,20
3,12,1.810393e6,-1.6411028677865727,-0.8377716961065049,TIME_LIMIT,152198,0,0,21,13
3,12,1.810875e6,-1.6411028677865727,-0.8377716961065049,TIME_LIMIT,152233,0,0,33,26
3,12,1.81134e6,-1.6410606212070808,-0.8377716961065049,TIME_LIMIT,152289,0,0,32,14
3,12,1.811804e6,-1.6410606212070808,-0.8377716961065049,TIME_LIMIT,152315,0,0,40,17
3,12,1.812273e6,-1.6409619902865291,-0.8377716961065049,TIME_LIMIT,152366,0,0,32,10
3,12,1.812745e6,-1.6409619902865291,-0.8377716961065049,TIME_LIMIT,152397,0,0,31,21
3,12,1.813207e6,-1.64095367774349,-0.8377716961065049,TIME_LIMIT,152439,0,0,25,9
3,12,1.813668e6,-1.64095367774349,-0.8377716961065049,TIME_LIMIT,152473,0,0,35,21
3,12,1.814147e6,-1.6409430522613597,-0.8377716961065049,TIME_LIMIT,152518,0,0,31,14
3,12,1.814613e6,-1.6409430522613597,-0.8377716961065049,TIME_LIMIT,152554,0,0,27,26
3,12,1.815076e6,-1.640923981736866,-0.8377716961065049,TIME_LIMIT,152607,0,0,21,9
3,12,1.81554e6,-1.640923981736866,-0.8377716961065049,TIME_LIMIT,152642,0,0,39,25
3,12,1.816001e6,-1.6409036562797659,-0.8377716961065049,TIME_LIMIT,152697,0,0,23,12
3,12,1.816468e6,-1.6409036562797659,-0.8377716961065049,TIME_LIMIT,152733,0,0,45,26
3,12,1.81695e6,-1.6408139089150102,-0.8377716961065049,TIME_LIMIT,152794,0,0,37,15
3,12,1.817414e6,-1.6408139089150102,-0.8377716961065049,TIME_LIMIT,152826,0,0,36,17
3,12,1.817883e6,-1.6407895998781636,-0.8377716961065049,TIME_LIMIT,152857,0,0,36,10
3,12,1.818346e6,-1.6407895998781636,-0.8377716961065049,TIME_LIMIT,152887,0,0,33,39
3,12,1.81881e6,-1.640784268806297,-0.8377716961065049,TIME_LIMIT,152936,0,0,32,13
3,12,1.81928e6,-1.640784268806297,-0.8377716961065049,TIME_LIMIT,152970,0,0,45,43
3,12,1.819745e6,-1.6407744119625136,-0.8377716961065049,TIME_LIMIT,153017,0,0,26,11
3,12,1.820223e6,-1.6407744119625136,-0.8377716961065049,TIME_LIMIT,153052,0,0,47,39
3,12,1.820687e6,-1.640751581338992,-0.8377716961065049,TIME_LIMIT,153102,0,0,16,5
3,12,1.821163e6,-1.640751581338992,-0.8377716961065049,TIME_LIMIT,153135,0,0,29,17
3,12,1.821646e6,-1.6407472884619836,-0.8377716961065049,TIME_LIMIT,153185,0,0,30,12
3,12,1.822116e6,-1.6407472884619836,-0.8377716961065049,TIME_LIMIT,153216,0,0,44,22
3,12,1.822579e6,-1.6407237701795832,-0.8377716961065049,TIME_LIMIT,153260,0,0,14,11
3,12,1.823043e6,-1.6407237701795832,-0.8377716961065049,TIME_LIMIT,153294,0,0,18,28
3,12,1.823549e6,-1.6407168861807204,-0.8377716961065049,TIME_LIMIT,153344,0,0,31,11
3,12,1.824015e6,-1.6407168861807204,-0.8377716961065049,TIME_LIMIT,153374,0,0,48,53
3,12,1.82448e6,-1.6407090703365048,-0.8377716961065049,TIME_LIMIT,153429,0,0,34,15
3,12,1.824944e6,-1.6407090703365048,-0.8377716961065049,TIME_LIMIT,153460,0,0,39,33
3,12,1.825407e6,-1.6407074339650995,-0.8377716961065049,TIME_LIMIT,153510,0,0,26,14
3,12,1.825872e6,-1.6407074339650995,-0.8377716961065049,TIME_LIMIT,153539,0,0,38,20
3,12,1.826336e6,-1.6406467571658672,-0.8377716961065049,TIME_LIMIT,153590,0,0,29,18
3,12,1.826814e6,-1.6406467571658672,-0.8377716961065049,TIME_LIMIT,153620,0,0,36,15
3,12,1.827277e6,-1.6406365394138773,-0.8377716961065049,TIME_LIMIT,153673,0,0,20,10
3,12,1.827742e6,-1.6406365394138773,-0.8377716961065049,TIME_LIMIT,153703,0,0,31,18
3,12,1.828206e6,-1.6406015105064007,-0.8377716961065049,TIME_LIMIT,153747,0,0,16,7
3,12,1.828674e6,-1.6406015105064007,-0.8377716961065049,TIME_LIMIT,153778,0,0,46,22
3,12,1.829138e6,-1.6405886872387416,-0.8377716961065049,TIME_LIMIT,153836,0,0,23,11
3,12,1.829598e6,-1.6405886872387416,-0.8377716961065049,TIME_LIMIT,153877,0,0,37,19
3,12,1.830076e6,-1.6405877199659047,-0.8377716961065049,TIME_LIMIT,153930,0,0,18,6
3,12,1.830539e6,-1.6405877199659047,-0.8377716961065049,TIME_LIMIT,153961,0,0,33,15
3,12,1.831004e6,-1.6405749513358743,-0.8377716961065049,TIME_LIMIT,153996,0,0,29,9
3,12,1.831469e6,-1.6405749513358743,-0.8377716961065049,TIME_LIMIT,154034,0,0,33,19
3,12,1.831933e6,-1.6405495262764636,-0.8377716961065049,TIME_LIMIT,154073,0,0,28,8
3,12,1.832399e6,-1.6405495262764636,-0.8377716961065049,TIME_LIMIT,154108,0,0,39,25
3,12,1.832861e6,-1.6405482643751335,-0.8377716961065049,TIME_LIMIT,154161,0,0,29,18
3,12,1.833326e6,-1.6405482643751335,-0.8377716961065049,TIME_LIMIT,154190,0,0,48,30
3,12,1.833805e6,-1.6405203567761741,-0.8377716961065049,TIME_LIMIT,154238,0,0,34,9
3,12,1.834272e6,-1.6405203567761741,-0.8377716961065049,TIME_LIMIT,154278,0,0,36,9
3,12,1.834736e6,-1.6405046907839032,-0.8377716961065049,TIME_LIMIT,154319,0,0,37,17
3,12,1.835204e6,-1.6405046907839032,-0.8377716961065049,TIME_LIMIT,154356,0,0,48,21
3,12,1.835668e6,-1.6404959293362933,-0.8377716961065049,TIME_LIMIT,154409,0,0,19,8
3,12,1.836133e6,-1.6404959293362933,-0.8377716961065049,TIME_LIMIT,154449,0,0,36,16
3,12,1.836597e6,-1.6404859253142094,-0.8377716961065049,TIME_LIMIT,154496,0,0,32,10
3,12,1.837078e6,-1.6404859253142094,-0.8377716961065049,TIME_LIMIT,154533,0,0,38,21
3,12,1.837542e6,-1.6404844671049805,-0.8377716961065049,TIME_LIMIT,154588,0,0,30,15
3,12,1.838008e6,-1.6404844671049805,-0.8377716961065049,TIME_LIMIT,154619,0,0,37,28
3,12,1.838474e6,-1.6404656336660268,-0.8377716961065049,TIME_LIMIT,154668,0,0,25,16
3,12,1.83894e6,-1.6404656336660268,-0.8377716961065049,TIME_LIMIT,154703,0,0,19,31
3,12,1.839405e6,-1.6403902634465004,-0.8377716961065049,TIME_LIMIT,154753,0,0,30,12
3,12,1.839872e6,-1.6403902634465004,-0.8377716961065049,TIME_LIMIT,154788,0,0,18,40
3,12,1.840351e6,-1.64036519868849,-0.8377716961065049,TIME_LIMIT,154843,0,0,33,21
3,12,1.840815e6,-1.64036519868849,-0.8377716961065049,TIME_LIMIT,154875,0,0,34,20
3,12,1.841307e6,-1.640356206629058,-0.8377716961065049,TIME_LIMIT,154928,0,0,32,11
3,12,1.841778e6,-1.640356206629058,-0.8377716961065049,TIME_LIMIT,154963,0,0,36,27
3,12,1.842241e6,-1.640336814682131,-0.8377716961065049,TIME_LIMIT,155012,0,0,22,14
3,12,1.842708e6,-1.640336814682131,-0.8377716961065049,TIME_LIMIT,155044,0,0,46,46
3,12,1.843178e6,-1.6402598979933134,-0.8377716961065049,TIME_LIMIT,155098,0,0,33,11
3,12,1.843659e6,-1.6402598979933134,-0.8377716961065049,TIME_LIMIT,155135,0,0,38,17
3,12,1.844125e6,-1.6402492044279566,-0.8377716961065049,TIME_LIMIT,155178,0,0,23,8
3,12,1.844593e6,-1.6402492044279566,-0.8377716961065049,TIME_LIMIT,155211,0,0,42,19
3,12,1.845063e6,-1.6402062455725681,-0.8377716961065049,TIME_LIMIT,155258,0,0,22,13
3,12,1.845526e6,-1.6402062455725681,-0.8377716961065049,TIME_LIMIT,155298,0,0,39,32
3,12,1.845989e6,-1.6401564312278545,-0.8377716961065049,TIME_LIMIT,155341,0,0,32,24
3,12,1.846454e6,-1.6401564312278545,-0.8377716961065049,TIME_LIMIT,155378,0,0,38,32
3,12,1.846933e6,-1.6401482661299853,-0.8377716961065049,TIME_LIMIT,155439,0,0,20,8
3,12,1.847398e6,-1.6401482661299853,-0.8377716961065049,TIME_LIMIT,155469,0,0,44,29
3,12,1.847864e6,-1.6401470795925623,-0.8377716961065049,TIME_LIMIT,155521,0,0,34,12
3,12,1.848329e6,-1.6401470795925623,-0.8377716961065049,TIME_LIMIT,155558,0,0,18,35
3,12,1.848794e6,-1.640113269773782,-0.8377716961065049,TIME_LIMIT,155592,0,0,30,22
3,12,1.849261e6,-1.640113269773782,-0.8377716961065049,TIME_LIMIT,155626,0,0,23,38
3,12,1.849726e6,-1.6400975545974459,-0.8377716961065049,TIME_LIMIT,155682,0,0,30,15
3,12,1.850191e6,-1.6400975545974459,-0.8377716961065049,TIME_LIMIT,155710,0,0,33,23
3,12,1.850671e6,-1.640086120416575,-0.8377716961065049,TIME_LIMIT,155756,0,0,21,11
3,12,1.851138e6,-1.640086120416575,-0.8377716961065049,TIME_LIMIT,155792,0,0,28,15
3,12,1.851603e6,-1.6400829599982176,-0.8377716961065049,TIME_LIMIT,155849,0,0,37,14
3,12,1.852069e6,-1.6400829599982176,-0.8377716961065049,TIME_LIMIT,155879,0,0,39,53
3,12,1.852532e6,-1.6400458126982809,-0.8377716961065049,TIME_LIMIT,155928,0,0,28,15
3,12,1.852997e6,-1.6400458126982809,-0.8377716961065049,TIME_LIMIT,155953,0,0,32,22
3,12,1.853461e6,-1.63999980190158,-0.8377716961065049,TIME_LIMIT,156000,0,0,30,8
3,12,1.853941e6,-1.63999980190158,-0.8377716961065049,TIME_LIMIT,156031,0,0,37,21
3,12,1.854406e6,-1.6399536300544235,-0.8377716961065049,TIME_LIMIT,156081,0,0,32,10
3,12,1.854869e6,-1.6399536300544235,-0.8377716961065049,TIME_LIMIT,156121,0,0,17,22
3,12,1.855335e6,-1.6399516555104834,-0.8377716961065049,TIME_LIMIT,156158,0,0,33,20
3,12,1.855802e6,-1.6399516555104834,-0.8377716961065049,TIME_LIMIT,156190,0,0,43,36
3,12,1.856269e6,-1.6398886888176873,-0.8377716961065049,TIME_LIMIT,156245,0,0,28,20
3,12,1.856735e6,-1.6398886888176873,-0.8377716961065049,TIME_LIMIT,156276,0,0,42,37
3,12,1.857199e6,-1.6398885819863438,-0.8377716961065049,TIME_LIMIT,156329,0,0,17,9
3,12,1.857682e6,-1.6398885819863438,-0.8377716961065049,TIME_LIMIT,156361,0,0,36,32
3,12,1.858159e6,-1.6398851264276948,-0.8377716961065049,TIME_LIMIT,156415,0,0,16,11
3,12,1.858631e6,-1.6398851264276948,-0.8377716961065049,TIME_LIMIT,156457,0,0,36,18
3,12,1.8591e6,-1.6398796296369842,-0.8377716961065049,TIME_LIMIT,156496,0,0,19,6
3,12,1.859588e6,-1.6398796296369842,-0.8377716961065049,TIME_LIMIT,156526,0,0,34,13
3,12,1.860088e6,-1.6398589665359384,-0.8377716961065049,TIME_LIMIT,156566,0,0,33,11
3,12,1.860577e6,-1.6398589665359384,-0.8377716961065049,TIME_LIMIT,156594,0,0,40,19
3,12,1.861077e6,-1.6398276768174036,-0.8377716961065049,TIME_LIMIT,156640,0,0,26,16
3,12,1.861581e6,-1.6398276768174036,-0.8377716961065049,TIME_LIMIT,156677,0,0,41,54
3,12,1.862068e6,-1.6398025740170705,-0.8377716961065049,TIME_LIMIT,156730,0,0,19,22
3,12,1.862558e6,-1.6398025740170705,-0.8377716961065049,TIME_LIMIT,156755,0,0,36,26
3,12,1.863046e6,-1.6398015559387116,-0.8377716961065049,TIME_LIMIT,156803,0,0,30,10
3,12,1.863534e6,-1.6398015559387116,-0.8377716961065049,TIME_LIMIT,156834,0,0,38,30
3,12,1.864023e6,-1.6397587417279331,-0.8377716961065049,TIME_LIMIT,156885,0,0,21,7
3,12,1.8645e6,-1.6397587417279331,-0.8377716961065049,TIME_LIMIT,156922,0,0,40,39
3,12,1.86499e6,-1.6397083372522478,-0.8377716961065049,TIME_LIMIT,156968,0,0,27,16
3,12,1.865512e6,-1.6397083372522478,-0.8377716961065049,TIME_LIMIT,156997,0,0,22,32
3,12,1.866043e6,-1.6396968822215905,-0.8377716961065049,TIME_LIMIT,157046,0,0,27,6
3,12,1.866542e6,-1.6396968822215905,-0.8377716961065049,TIME_LIMIT,157084,0,0,48,46
3,12,1.867041e6,-1.6396407406431945,-0.8377716961065049,TIME_LIMIT,157132,0,0,29,16
3,12,1.867536e6,-1.6396407406431945,-0.8377716961065049,TIME_LIMIT,157163,0,0,38,24
3,12,1.868032e6,-1.6396401852071179,-0.8377716961065049,TIME_LIMIT,157218,0,0,37,9
3,12,1.868524e6,-1.6396401852071179,-0.8377716961065049,TIME_LIMIT,157249,0,0,50,32
3,12,1.869036e6,-1.6395879666887132,-0.8377716961065049,TIME_LIMIT,157305,0,0,32,17
3,12,1.869531e6,-1.6395879666887132,-0.8377716961065049,TIME_LIMIT,157345,0,0,23,39
3,12,1.870032e6,-1.6395851402514963,-0.8377716961065049,TIME_LIMIT,157386,0,0,34,23
3,12,1.870527e6,-1.6395851402514963,-0.8377716961065049,TIME_LIMIT,157422,0,0,43,33
3,12,1.871039e6,-1.639581837954825,-0.8377716961065049,TIME_LIMIT,157474,0,0,33,21
3,12,1.87154e6,-1.639581837954825,-0.8377716961065049,TIME_LIMIT,157515,0,0,31,19
3,12,1.872034e6,-1.639570118861491,-0.8377716961065049,TIME_LIMIT,157555,0,0,18,10
3,12,1.872553e6,-1.639570118861491,-0.8377716961065049,TIME_LIMIT,157591,0,0,35,20
3,12,1.87306e6,-1.6395610044153224,-0.8377716961065049,TIME_LIMIT,157641,0,0,26,21
3,12,1.873563e6,-1.6395610044153224,-0.8377716961065049,TIME_LIMIT,157674,0,0,43,56
3,12,1.87409e6,-1.639537863382483,-0.8377716961065049,TIME_LIMIT,157729,0,0,24,11
3,12,1.874603e6,-1.639537863382483,-0.8377716961065049,TIME_LIMIT,157775,0,0,42,16
3,12,1.875127e6,-1.639516475556924,-0.8377716961065049,TIME_LIMIT,157820,0,0,41,17
3,12,1.875631e6,-1.639516475556924,-0.8377716961065049,TIME_LIMIT,157851,0,0,13,18
3,12,1.876149e6,-1.6395038823999317,-0.8377716961065049,TIME_LIMIT,157902,0,0,27,8
3,12,1.876665e6,-1.6395038823999317,-0.8377716961065049,TIME_LIMIT,157932,0,0,30,34
3,12,1.87717e6,-1.639465312483053,-0.8377716961065049,TIME_LIMIT,157983,0,0,18,12
3,12,1.87769e6,-1.639465312483053,-0.8377716961065049,TIME_LIMIT,158031,0,0,49,31
3,12,1.878227e6,-1.6394168541084713,-0.8377716961065049,TIME_LIMIT,158072,0,0,19,15
3,12,1.878742e6,-1.6394168541084713,-0.8377716961065049,TIME_LIMIT,158113,0,0,42,35
3,12,1.879252e6,-1.639400612916976,-0.8377716961065049,TIME_LIMIT,158146,0,0,36,33
3,12,1.879769e6,-1.639400612916976,-0.8377716961065049,TIME_LIMIT,158191,0,0,46,25
3,12,1.880267e6,-1.6394005087204182,-0.8377716961065049,TIME_LIMIT,158236,0,0,37,8
3,12,1.880778e6,-1.6394005087204182,-0.8377716961065049,TIME_LIMIT,158274,0,0,32,16
3,12,1.881284e6,-1.6393681370455497,-0.8377716961065049,TIME_LIMIT,158324,0,0,26,16
3,12,1.881762e6,-1.6393681370455497,-0.8377716961065049,TIME_LIMIT,158355,0,0,35,33
3,12,1.882245e6,-1.6393666076289446,-0.8377716961065049,TIME_LIMIT,158408,0,0,34,12
3,12,1.882713e6,-1.6393666076289446,-0.8377716961065049,TIME_LIMIT,158440,0,0,38,34
3,12,1.883182e6,-1.6393639355560774,-0.8377716961065049,TIME_LIMIT,158471,0,0,38,28
3,12,1.883668e6,-1.6393639355560774,-0.8377716961065049,TIME_LIMIT,158510,0,0,40,23
3,12,1.884137e6,-1.6393458752267136,-0.8377716961065049,TIME_LIMIT,158552,0,0,23,2
3,12,1.884606e6,-1.6393458752267136,-0.8377716961065049,TIME_LIMIT,158585,0,0,48,33
3,12,1.885074e6,-1.6393254084152558,-0.8377716961065049,TIME_LIMIT,158631,0,0,27,14
3,12,1.885542e6,-1.6393254084152558,-0.8377716961065049,TIME_LIMIT,158663,0,0,43,20
3,12,1.886025e6,-1.6393207364737639,-0.8377716961065049,TIME_LIMIT,158718,0,0,30,10
3,12,1.886494e6,-1.6393207364737639,-0.8377716961065049,TIME_LIMIT,158755,0,0,37,12
3,12,1.886963e6,-1.6393178065252378,-0.8377716961065049,TIME_LIMIT,158788,0,0,29,9
3,12,1.887433e6,-1.6393178065252378,-0.8377716961065049,TIME_LIMIT,158815,0,0,40,41
3,12,1.887911e6,-1.6393081257971078,-0.8377716961065049,TIME_LIMIT,158874,0,0,22,7
3,12,1.888386e6,-1.6393081257971078,-0.8377716961065049,TIME_LIMIT,158900,0,0,45,37
3,12,1.888861e6,-1.6392842572919406,-0.8377716961065049,TIME_LIMIT,158954,0,0,36,13
3,12,1.889329e6,-1.6392842572919406,-0.8377716961065049,TIME_LIMIT,158983,0,0,34,27
3,12,1.889811e6,-1.6392778359024691,-0.8377716961065049,TIME_LIMIT,159028,0,0,22,7
3,12,1.890279e6,-1.6392778359024691,-0.8377716961065049,TIME_LIMIT,159064,0,0,38,31
3,12,1.890749e6,-1.639267864448079,-0.8377716961065049,TIME_LIMIT,159114,0,0,30,11
3,12,1.891216e6,-1.639267864448079,-0.8377716961065049,TIME_LIMIT,159151,0,0,18,18
3,12,1.891688e6,-1.6392586250445376,-0.8377716961065049,TIME_LIMIT,159200,0,0,34,26
3,12,1.892128e6,-1.6392586250445376,-0.8377716961065049,TIME_LIMIT,159240,0,0,41,37
3,12,1.892596e6,-1.6392310999975566,-0.8377716961065049,TIME_LIMIT,159293,0,0,25,11
3,12,1.893064e6,-1.6392310999975566,-0.8377716961065049,TIME_LIMIT,159332,0,0,26,10
3,12,1.893534e6,-1.6392210099721438,-0.8377716961065049,TIME_LIMIT,159374,0,0,26,3
3,12,1.894004e6,-1.6392210099721438,-0.8377716961065049,TIME_LIMIT,159400,0,0,40,31
3,12,1.894503e6,-1.639212589031919,-0.8377716961065049,TIME_LIMIT,159452,0,0,20,10
3,12,1.894989e6,-1.639212589031919,-0.8377716961065049,TIME_LIMIT,159482,0,0,35,17
3,12,1.89546e6,-1.6392110172001442,-0.8377716961065049,TIME_LIMIT,159532,0,0,27,12
3,12,1.895931e6,-1.6392110172001442,-0.8377716961065049,TIME_LIMIT,159562,0,0,35,50
3,12,1.896399e6,-1.6392105656298022,-0.8377716961065049,TIME_LIMIT,159617,0,0,17,10
3,12,1.896867e6,-1.6392105656298022,-0.8377716961065049,TIME_LIMIT,159657,0,0,23,12
3,12,1.897333e6,-1.6392061480551563,-0.8377716961065049,TIME_LIMIT,159693,0,0,19,9
3,12,1.897801e6,-1.6392061480551563,-0.8377716961065049,TIME_LIMIT,159728,0,0,23,15
3,12,1.898267e6,-1.6392023824440138,-0.8377716961065049,TIME_LIMIT,159785,0,0,36,12
3,12,1.898632e6,-1.6392023824440138,-0.8377716961065049,TIME_LIMIT,159826,0,0,40,33
3,12,1.899098e6,-1.6391957135467143,-0.8377716961065049,TIME_LIMIT,159875,0,0,15,12
3,12,1.899566e6,-1.6391957135467143,-0.8377716961065049,TIME_LIMIT,159910,0,0,38,14
3,12,1.900018e6,-1.6391934414150973,-0.8377716961065049,TIME_LIMIT,159958,0,0,40,13
3,12,1.900486e6,-1.6391934414150973,-0.8377716961065049,TIME_LIMIT,159996,0,0,30,9
3,12,1.900952e6,-1.639174172585851,-0.8377716961065049,TIME_LIMIT,160037,0,0,33,14
3,12,1.901419e6,-1.639174172585851,-0.8377716961065049,TIME_LIMIT,160077,0,0,35,15
3,12,1.901891e6,-1.6391722479389101,-0.8377716961065049,TIME_LIMIT,160116,0,0,32,16
3,12,1.902374e6,-1.6391722479389101,-0.8377716961065049,TIME_LIMIT,160156,0,0,32,14
3,12,1.902841e6,-1.639115027255905,-0.8377716961065049,TIME_LIMIT,160189,0,0,28,12
3,12,1.903307e6,-1.639115027255905,-0.8377716961065049,TIME_LIMIT,160222,0,0,32,24
3,12,1.903774e6,-1.6391098600987841,-0.8377716961065049,TIME_LIMIT,160277,0,0,34,16
3,12,1.904244e6,-1.6391098600987841,-0.8377716961065049,TIME_LIMIT,160308,0,0,26,17
3,12,1.904715e6,-1.6390734579864437,-0.8377716961065049,TIME_LIMIT,160354,0,0,14,6
3,12,1.905185e6,-1.6390734579864437,-0.8377716961065049,TIME_LIMIT,160383,0,0,26,18
3,12,1.905581e6,-1.6390715147160908,-0.8377716961065049,TIME_LIMIT,160419,0,0,32,8
3,12,1.906053e6,-1.6390715147160908,-0.8377716961065049,TIME_LIMIT,160460,0,0,39,25
3,12,1.906522e6,-1.6390671574843445,-0.8377716961065049,TIME_LIMIT,160499,0,0,28,5
3,12,1.906989e6,-1.6390671574843445,-0.8377716961065049,TIME_LIMIT,160529,0,0,20,29
3,12,1.907454e6,-1.6390271708464659,-0.8377716961065049,TIME_LIMIT,160577,0,0,26,12
3,12,1.907924e6,-1.6390271708464659,-0.8377716961065049,TIME_LIMIT,160610,0,0,30,10
3,12,1.908409e6,-1.6390123469252103,-0.8377716961065049,TIME_LIMIT,160667,0,0,33,13
3,12,1.90888e6,-1.6390123469252103,-0.8377716961065049,TIME_LIMIT,160699,0,0,36,43
3,12,1.909349e6,-1.6390048981279866,-0.8377716961065049,TIME_LIMIT,160754,0,0,32,17
3,12,1.90982e6,-1.6390048981279866,-0.8377716961065049,TIME_LIMIT,160790,0,0,44,24
3,12,1.910288e6,-1.638989009190629,-0.8377716961065049,TIME_LIMIT,160835,0,0,26,8
3,12,1.910763e6,-1.638989009190629,-0.8377716961065049,TIME_LIMIT,160869,0,0,32,19
3,12,1.911238e6,-1.6389728069303509,-0.8377716961065049,TIME_LIMIT,160908,0,0,31,8
3,12,1.911719e6,-1.6389728069303509,-0.8377716961065049,TIME_LIMIT,160934,0,0,32,21
3,12,1.9122e6,-1.6389657151003882,-0.8377716961065049,TIME_LIMIT,160987,0,0,31,10
3,12,1.912691e6,-1.6389657151003882,-0.8377716961065049,TIME_LIMIT,161022,0,0,49,53
3,12,1.913163e6,-1.638964820972366,-0.8377716961065049,TIME_LIMIT,161076,0,0,30,10
3,12,1.913635e6,-1.638964820972366,-0.8377716961065049,TIME_LIMIT,161123,0,0,19,46
3,12,1.914116e6,-1.6389416565052206,-0.8377716961065049,TIME_LIMIT,161158,0,0,38,33
3,12,1.914588e6,-1.6389416565052206,-0.8377716961065049,TIME_LIMIT,161191,0,0,36,17
3,12,1.914943e6,-1.6389327793608262,-0.8377716961065049,TIME_LIMIT,161232,0,0,34,12
3,12,1.915414e6,-1.6389327793608262,-0.8377716961065049,TIME_LIMIT,161264,0,0,26,19
3,12,1.915899e6,-1.6389220097407549,-0.8377716961065049,TIME_LIMIT,161317,0,0,32,18
3,12,1.916373e6,-1.6389220097407549,-0.8377716961065049,TIME_LIMIT,161341,0,0,41,54
3,12,1.916845e6,-1.63891291518424,-0.8377716961065049,TIME_LIMIT,161394,0,0,31,11
3,12,1.917319e6,-1.63891291518424,-0.8377716961065049,TIME_LIMIT,161425,0,0,51,37
3,12,1.917795e6,-1.6389089718048722,-0.8377716961065049,TIME_LIMIT,161477,0,0,19,12
3,12,1.918273e6,-1.6389089718048722,-0.8377716961065049,TIME_LIMIT,161512,0,0,38,23
3,12,1.918752e6,-1.6388724135645294,-0.8377716961065049,TIME_LIMIT,161558,0,0,20,13
3,12,1.919223e6,-1.6388724135645294,-0.8377716961065049,TIME_LIMIT,161587,0,0,19,8
3,12,1.919698e6,-1.638871807845704,-0.8377716961065049,TIME_LIMIT,161634,0,0,28,25
3,12,1.920186e6,-1.638871807845704,-0.8377716961065049,TIME_LIMIT,161672,0,0,28,18
3,12,1.920658e6,-1.6388708560212157,-0.8377716961065049,TIME_LIMIT,161712,0,0,31,12
3,12,1.921137e6,-1.6388708560212157,-0.8377716961065049,TIME_LIMIT,161753,0,0,17,7
3,12,1.921615e6,-1.6388566185118298,-0.8377716961065049,TIME_LIMIT,161784,0,0,29,8
3,12,1.922091e6,-1.6388566185118298,-0.8377716961065049,TIME_LIMIT,161820,0,0,31,14
3,12,1.922571e6,-1.638844803204894,-0.8377716961065049,TIME_LIMIT,161865,0,0,24,7
3,12,1.923048e6,-1.638844803204894,-0.8377716961065049,TIME_LIMIT,161903,0,0,49,44
3,12,1.923521e6,-1.6388394847301655,-0.8377716961065049,TIME_LIMIT,161966,0,0,22,10
3,12,1.923996e6,-1.6388394847301655,-0.8377716961065049,TIME_LIMIT,161992,0,0,42,42
3,12,1.924485e6,-1.6388394756589615,-0.8377716961065049,TIME_LIMIT,162054,0,0,35,12
3,12,1.92496e6,-1.6388394756589615,-0.8377716961065049,TIME_LIMIT,162081,0,0,33,19
3,12,1.925439e6,-1.6388240326388008,-0.8377716961065049,TIME_LIMIT,162129,0,0,23,6
3,12,1.925914e6,-1.6388240326388008,-0.8377716961065049,TIME_LIMIT,162158,0,0,45,33
3,12,1.926387e6,-1.6387679502620782,-0.8377716961065049,TIME_LIMIT,162210,0,0,24,14
3,12,1.926858e6,-1.6387679502620782,-0.8377716961065049,TIME_LIMIT,162244,0,0,32,24
3,12,1.927337e6,-1.6387321452604007,-0.8377716961065049,TIME_LIMIT,162289,0,0,28,18
3,12,1.927817e6,-1.6387321452604007,-0.8377716961065049,TIME_LIMIT,162327,0,0,43,27
3,12,1.928289e6,-1.6387215313386525,-0.8377716961065049,TIME_LIMIT,162377,0,0,15,14
3,12,1.928779e6,-1.6387215313386525,-0.8377716961065049,TIME_LIMIT,162412,0,0,45,29
3,12,1.929266e6,-1.6387155530952875,-0.8377716961065049,TIME_LIMIT,162467,0,0,31,10
3,12,1.929735e6,-1.6387155530952875,-0.8377716961065049,TIME_LIMIT,162502,0,0,33,14
3,12,1.930202e6,-1.6387135921324443,-0.8377716961065049,TIME_LIMIT,162538,0,0,14,10
3,12,1.930668e6,-1.6387135921324443,-0.8377716961065049,TIME_LIMIT,162571,0,0,30,20
3,12,1.931143e6,-1.638710114454947,-0.8377716961065049,TIME_LIMIT,162616,0,0,28,5
3,12,1.931611e6,-1.638710114454947,-0.8377716961065049,TIME_LIMIT,162648,0,0,42,70
3,12,1.932077e6,-1.63870043749148,-0.8377716961065049,TIME_LIMIT,162702,0,0,27,14
3,12,1.932551e6,-1.63870043749148,-0.8377716961065049,TIME_LIMIT,162737,0,0,18,41
3,12,1.933031e6,-1.6386834590297363,-0.8377716961065049,TIME_LIMIT,162795,0,0,36,18
3,12,1.933497e6,-1.6386834590297363,-0.8377716961065049,TIME_LIMIT,162838,0,0,37,19
3,12,1.933963e6,-1.6386725807489466,-0.8377716961065049,TIME_LIMIT,162875,0,0,35,10
3,12,1.934433e6,-1.6386725807489466,-0.8377716961065049,TIME_LIMIT,162907,0,0,33,19
3,12,1.934905e6,-1.638649129481568,-0.8377716961065049,TIME_LIMIT,162957,0,0,32,15
3,12,1.935379e6,-1.638649129481568,-0.8377716961065049,TIME_LIMIT,162990,0,0,32,6
3,12,1.935863e6,-1.6386276703689222,-0.8377716961065049,TIME_LIMIT,163026,0,0,36,13
3,12,1.936376e6,-1.6386276703689222,-0.8377716961065049,TIME_LIMIT,163056,0,0,40,44
3,12,1.936899e6,-1.6385501562821823,-0.8377716961065049,TIME_LIMIT,163109,0,0,14,11
3,12,1.937421e6,-1.6385501562821823,-0.8377716961065049,TIME_LIMIT,163148,0,0,46,35
3,12,1.938031e6,-1.6385257467490593,-0.8377716961065049,TIME_LIMIT,163203,0,0,34,28
3,12,1.93866e6,-1.6385257467490593,-0.8377716961065049,TIME_LIMIT,163229,0,0,31,33
3,12,1.93926e6,-1.6385177531415114,-0.8377716961065049,TIME_LIMIT,163278,0,0,30,13
3,12,1.939774e6,-1.6385177531415114,-0.8377716961065049,TIME_LIMIT,163309,0,0,12,23
3,12,1.940251e6,-1.6384693846252583,-0.8377716961065049,TIME_LIMIT,163357,0,0,28,11
3,12,1.940805e6,-1.6384693846252583,-0.8377716961065049,TIME_LIMIT,163391,0,0,37,24
3,12,1.941294e6,-1.6384386465291119,-0.8377716961065049,TIME_LIMIT,163429,0,0,35,12
3,12,1.941845e6,-1.6384386465291119,-0.8377716961065049,TIME_LIMIT,163461,0,0,45,38
3,12,1.942382e6,-1.6384364262085758,-0.8377716961065049,TIME_LIMIT,163512,0,0,29,14
3,12,1.942915e6,-1.6384364262085758,-0.8377716961065049,TIME_LIMIT,163545,0,0,41,18
3,12,1.94345e6,-1.6384316218162176,-0.8377716961065049,TIME_LIMIT,163595,0,0,31,12
3,12,1.943984e6,-1.6384316218162176,-0.8377716961065049,TIME_LIMIT,163635,0,0,33,17
3,12,1.944502e6,-1.638427426624856,-0.8377716961065049,TIME_LIMIT,163674,0,0,33,10
3,12,1.945041e6,-1.638427426624856,-0.8377716961065049,TIME_LIMIT,163709,0,0,43,24
3,12,1.945594e6,-1.6384171951931428,-0.8377716961065049,TIME_LIMIT,163752,0,0,30,14
3,12,1.946111e6,-1.6384171951931428,-0.8377716961065049,TIME_LIMIT,163787,0,0,38,22
3,12,1.946661e6,-1.6383844852607359,-0.8377716961065049,TIME_LIMIT,163834,0,0,29,13
3,12,1.94722e6,-1.6383844852607359,-0.8377716961065049,TIME_LIMIT,163873,0,0,20,11
3,12,1.947762e6,-1.6383435618227669,-0.8377716961065049,TIME_LIMIT,163924,0,0,21,9
3,12,1.948309e6,-1.6383435618227669,-0.8377716961065049,TIME_LIMIT,163956,0,0,31,25
3,12,1.948839e6,-1.638342315775668,-0.8377716961065049,TIME_LIMIT,163992,0,0,29,11
3,12,1.949384e6,-1.638342315775668,-0.8377716961065049,TIME_LIMIT,164027,0,0,37,25
3,12,1.949931e6,-1.6383306470865362,-0.8377716961065049,TIME_LIMIT,164068,0,0,19,15
3,12,1.950496e6,-1.6383306470865362,-0.8377716961065049,TIME_LIMIT,164097,0,0,38,31
3,12,1.951056e6,-1.6383283316994912,-0.8377716961065049,TIME_LIMIT,164152,0,0,29,13
3,12,1.951624e6,-1.6383283316994912,-0.8377716961065049,TIME_LIMIT,164198,0,0,17,19
3,12,1.9522e6,-1.638295850630406,-0.8377716961065049,TIME_LIMIT,164239,0,0,33,9
3,12,1.952779e6,-1.638295850630406,-0.8377716961065049,TIME_LIMIT,164262,0,0,20,12
3,12,1.953349e6,-1.6382901660714184,-0.8377716961065049,TIME_LIMIT,164313,0,0,13,2
3,12,1.953923e6,-1.6382901660714184,-0.8377716961065049,TIME_LIMIT,164352,0,0,19,9
3,12,1.954499e6,-1.6382028952329086,-0.8377716961065049,TIME_LIMIT,164385,0,0,13,5
3,12,1.955064e6,-1.6382028952329086,-0.8377716961065049,TIME_LIMIT,164417,0,0,20,16
3,12,1.95565e6,-1.6381974401201091,-0.8377716961065049,TIME_LIMIT,164471,0,0,29,8
3,12,1.956286e6,-1.6381974401201091,-0.8377716961065049,TIME_LIMIT,164502,0,0,52,48
3,12,1.956949e6,-1.6381945697186304,-0.8377716961065049,TIME_LIMIT,164560,0,0,33,17
3,12,1.95763e6,-1.6381945697186304,-0.8377716961065049,TIME_LIMIT,164600,0,0,42,35
3,12,1.9583e6,-1.6381606741286425,-0.8377716961065049,TIME_LIMIT,164640,0,0,22,13
3,12,1.959066e6,-1.6381606741286425,-0.8377716961065049,TIME_LIMIT,164666,0,0,15,14
3,12,1.959859e6,-1.6381561092819228,-0.8377716961065049,TIME_LIMIT,164711,0,0,26,11
3,12,1.960574e6,-1.6381561092819228,-0.8377716961065049,TIME_LIMIT,164738,0,0,37,21
3,12,1.961297e6,-1.6381375716735027,-0.8377716961065049,TIME_LIMIT,164790,0,0,26,10
3,12,1.962026e6,-1.6381375716735027,-0.8377716961065049,TIME_LIMIT,164813,0,0,20,18
3,12,1.96276e6,-1.638101790990374,-0.8377716961065049,TIME_LIMIT,164862,0,0,27,10
3,12,1.963512e6,-1.638101790990374,-0.8377716961065049,TIME_LIMIT,164900,0,0,14,18
3,12,1.964335e6,-1.638101716110902,-0.8377716961065049,TIME_LIMIT,164945,0,0,32,23
3,12,1.965101e6,-1.638101716110902,-0.8377716961065049,TIME_LIMIT,164987,0,0,19,19
3,12,1.965883e6,-1.6381007752614503,-0.8377716961065049,TIME_LIMIT,165030,0,0,35,13
3,12,1.966622e6,-1.6381007752614503,-0.8377716961065049,TIME_LIMIT,165071,0,0,44,44
3,12,1.967358e6,-1.6380978626037814,-0.8377716961065049,TIME_LIMIT,165101,0,0,33,21
3,12,1.968037e6,-1.6380978626037814,-0.8377716961065049,TIME_LIMIT,165135,0,0,45,20
3,12,1.968717e6,-1.638083764251626,-0.8377716961065049,TIME_LIMIT,165183,0,0,30,7
3,12,1.969391e6,-1.638083764251626,-0.8377716961065049,TIME_LIMIT,165217,0,0,45,27
3,12,1.970049e6,-1.6380711425606815,-0.8377716961065049,TIME_LIMIT,165275,0,0,40,11
3,12,1.970707e6,-1.6380711425606815,-0.8377716961065049,TIME_LIMIT,165309,0,0,32,16
3,12,1.97134e6,-1.638063552554454,-0.8377716961065049,TIME_LIMIT,165351,0,0,32,11
3,12,1.971968e6,-1.638063552554454,-0.8377716961065049,TIME_LIMIT,165388,0,0,33,20
3,12,1.972582e6,-1.637999022705452,-0.8377716961065049,TIME_LIMIT,165438,0,0,30,10
3,12,1.973187e6,-1.637999022705452,-0.8377716961065049,TIME_LIMIT,165470,0,0,44,25
3,12,1.973815e6,-1.6379972597044128,-0.8377716961065049,TIME_LIMIT,165520,0,0,32,10
3,12,1.974404e6,-1.6379972597044128,-0.8377716961065049,TIME_LIMIT,165553,0,0,40,39
3,12,1.974935e6,-1.6379963807310107,-0.8377716961065049,TIME_LIMIT,165602,0,0,16,8
3,12,1.975448e6,-1.6379963807310107,-0.8377716961065049,TIME_LIMIT,165642,0,0,30,19
3,12,1.975952e6,-1.6379788996890003,-0.8377716961065049,TIME_LIMIT,165680,0,0,37,10
3,12,1.976454e6,-1.6379788996890003,-0.8377716961065049,TIME_LIMIT,165708,0,0,33,19
3,12,1.976955e6,-1.6379682792753754,-0.8377716961065049,TIME_LIMIT,165753,0,0,32,8
3,12,1.977452e6,-1.6379682792753754,-0.8377716961065049,TIME_LIMIT,165784,0,0,32,17
3,12,1.977943e6,-1.637951710418235,-0.8377716961065049,TIME_LIMIT,165829,0,0,27,17
3,12,1.978432e6,-1.637951710418235,-0.8377716961065049,TIME_LIMIT,165857,0,0,39,42
3,12,1.978922e6,-1.63793214380982,-0.8377716961065049,TIME_LIMIT,165910,0,0,19,9
3,12,1.979423e6,-1.63793214380982,-0.8377716961065049,TIME_LIMIT,165938,0,0,42,31
3,12,1.979902e6,-1.6379221781001325,-0.8377716961065049,TIME_LIMIT,165991,0,0,34,13
3,12,1.980383e6,-1.6379221781001325,-0.8377716961065049,TIME_LIMIT,166021,0,0,22,35
3,12,1.980904e6,-1.6379198304562357,-0.8377716961065049,TIME_LIMIT,166070,0,0,34,11
3,12,1.981432e6,-1.6379198304562357,-0.8377716961065049,TIME_LIMIT,166109,0,0,38,25
3,12,1.981951e6,-1.637900678262617,-0.8377716961065049,TIME_LIMIT,166146,0,0,36,24
3,12,1.98247e6,-1.637900678262617,-0.8377716961065049,TIME_LIMIT,166180,0,0,39,24
3,12,1.983e6,-1.6378827828367628,-0.8377716961065049,TIME_LIMIT,166235,0,0,38,10
3,12,1.983556e6,-1.6378827828367628,-0.8377716961065049,TIME_LIMIT,166273,0,0,44,23
3,12,1.984114e6,-1.637881321693771,-0.8377716961065049,TIME_LIMIT,166324,0,0,21,15
3,12,1.984673e6,-1.637881321693771,-0.8377716961065049,TIME_LIMIT,166356,0,0,34,25
3,12,1.985252e6,-1.6378385385676348,-0.8377716961065049,TIME_LIMIT,166409,0,0,29,9
3,12,1.985812e6,-1.6378385385676348,-0.8377716961065049,TIME_LIMIT,166440,0,0,49,53
3,12,1.986372e6,-1.6378187147145253,-0.8377716961065049,TIME_LIMIT,166498,0,0,38,11
3,12,1.986932e6,-1.6378187147145253,-0.8377716961065049,TIME_LIMIT,166537,0,0,37,9
3,12,1.987494e6,-1.6378172423509794,-0.8377716961065049,TIME_LIMIT,166580,0,0,38,14
3,12,1.988057e6,-1.6378172423509794,-0.8377716961065049,TIME_LIMIT,166616,0,0,31,75
3,12,1.988615e6,-1.637811622144581,-0.8377716961065049,TIME_LIMIT,166676,0,0,39,16
3,12,1.989177e6,-1.637811622144581,-0.8377716961065049,TIME_LIMIT,166715,0,0,37,29
3,12,1.989739e6,-1.6378091623330566,-0.8377716961065049,TIME_LIMIT,166772,0,0,18,15
3,12,1.990303e6,-1.6378091623330566,-0.8377716961065049,TIME_LIMIT,166815,0,0,40,12
3,12,1.990862e6,-1.6377800364348316,-0.8377716961065049,TIME_LIMIT,166856,0,0,26,13
3,12,1.991444e6,-1.6377800364348316,-0.8377716961065049,TIME_LIMIT,166890,0,0,42,20
3,12,1.992004e6,-1.6377666348364255,-0.8377716961065049,TIME_LIMIT,166941,0,0,27,10
3,12,1.992565e6,-1.6377666348364255,-0.8377716961065049,TIME_LIMIT,166974,0,0,33,33
3,12,1.993129e6,-1.6377184308466302,-0.8377716961065049,TIME_LIMIT,167023,0,0,35,13
3,12,1.993691e6,-1.6377184308466302,-0.8377716961065049,TIME_LIMIT,167059,0,0,32,17
3,12,1.994253e6,-1.6376935968013322,-0.8377716961065049,TIME_LIMIT,167095,0,0,27,22
3,12,1.994822e6,-1.6376935968013322,-0.8377716961065049,TIME_LIMIT,167126,0,0,23,25
3,12,1.995383e6,-1.6376878453075434,-0.8377716961065049,TIME_LIMIT,167178,0,0,25,12
3,12,1.995947e6,-1.6376878453075434,-0.8377716961065049,TIME_LIMIT,167211,0,0,25,13
3,12,1.996504e6,-1.6376807429116125,-0.8377716961065049,TIME_LIMIT,167261,0,0,29,10
3,12,1.997059e6,-1.6376807429116125,-0.8377716961065049,TIME_LIMIT,167288,0,0,36,23
3,12,1.997626e6,-1.6376734389374525,-0.8377716961065049,TIME_LIMIT,167339,0,0,23,12
3,12,1.998173e6,-1.6376734389374525,-0.8377716961065049,TIME_LIMIT,167368,0,0,24,17
3,12,1.998713e6,-1.6376439431070853,-0.8377716961065049,TIME_LIMIT,167416,0,0,32,15
3,12,1.999251e6,-1.6376439431070853,-0.8377716961065049,TIME_LIMIT,167444,0,0,34,20
3,12,1.999785e6,-1.6376376120284926,-0.8377716961065049,TIME_LIMIT,167490,0,0,14,10
3,12,2.000323e6,-1.6376376120284926,-0.8377716961065049,TIME_LIMIT,167520,0,0,40,33
3,12,2.000862e6,-1.6376345746171026,-0.8377716961065049,TIME_LIMIT,167558,0,0,44,18
3,12,2.001401e6,-1.6376345746171026,-0.8377716961065049,TIME_LIMIT,167602,0,0,33,27
3,12,2.001939e6,-1.6376225167020904,-0.8377716961065049,TIME_LIMIT,167638,0,0,34,14
3,12,2.002478e6,-1.6376225167020904,-0.8377716961065049,TIME_LIMIT,167671,0,0,34,26
3,12,2.003015e6,-1.6376050747831976,-0.8377716961065049,TIME_LIMIT,167704,0,0,37,23
3,12,2.003574e6,-1.6376050747831976,-0.8377716961065049,TIME_LIMIT,167747,0,0,26,13
3,12,2.004116e6,-1.6376024300819028,-0.8377716961065049,TIME_LIMIT,167777,0,0,31,16
3,12,2.004656e6,-1.6376024300819028,-0.8377716961065049,TIME_LIMIT,167813,0,0,28,17
3,12,2.005217e6,-1.637569492061517,-0.8377716961065049,TIME_LIMIT,167866,0,0,34,14
3,12,2.005763e6,-1.637569492061517,-0.8377716961065049,TIME_LIMIT,167896,0,0,43,44
3,12,2.006301e6,-1.637561907193962,-0.8377716961065049,TIME_LIMIT,167949,0,0,32,16
3,12,2.006845e6,-1.637561907193962,-0.8377716961065049,TIME_LIMIT,167979,0,0,34,19
3,12,2.007389e6,-1.6375489920477873,-0.8377716961065049,TIME_LIMIT,168022,0,0,29,9
3,12,2.00793e6,-1.6375489920477873,-0.8377716961065049,TIME_LIMIT,168051,0,0,36,28
3,12,2.008467e6,-1.6375473198569892,-0.8377716961065049,TIME_LIMIT,168101,0,0,19,7
3,12,2.009008e6,-1.6375473198569892,-0.8377716961065049,TIME_LIMIT,168137,0,0,32,28
3,12,2.009564e6,-1.6375016552022947,-0.8377716961065049,TIME_LIMIT,168171,0,0,38,32
3,12,2.010102e6,-1.6375016552022947,-0.8377716961065049,TIME_LIMIT,168205,0,0,34,36
3,12,2.010648e6,-1.6375009604124535,-0.8377716961065049,TIME_LIMIT,168256,0,0,19,13
3,12,2.011187e6,-1.6375009604124535,-0.8377716961065049,TIME_LIMIT,168291,0,0,34,30
3,12,2.011726e6,-1.6374998504327698,-0.8377716961065049,TIME_LIMIT,168327,0,0,29,14
3,12,2.012266e6,-1.6374998504327698,-0.8377716961065049,TIME_LIMIT,168360,0,0,39,21
3,12,2.012807e6,-1.6374798043970926,-0.8377716961065049,TIME_LIMIT,168418,0,0,36,13
3,12,2.013349e6,-1.6374798043970926,-0.8377716961065049,TIME_LIMIT,168453,0,0,38,34
3,12,2.01389e6,-1.6374429012789185,-0.8377716961065049,TIME_LIMIT,168501,0,0,27,16
3,12,2.01443e6,-1.6374429012789185,-0.8377716961065049,TIME_LIMIT,168535,0,0,45,14
3,12,2.014969e6,-1.637431350975064,-0.8377716961065049,TIME_LIMIT,168580,0,0,26,5
3,12,2.01551e6,-1.637431350975064,-0.8377716961065049,TIME_LIMIT,168608,0,0,32,23
3,12,2.016045e6,-1.6374254501647703,-0.8377716961065049,TIME_LIMIT,168658,0,0,36,23
3,12,2.016599e6,-1.6374254501647703,-0.8377716961065049,TIME_LIMIT,168693,0,0,23,14
3,12,2.017134e6,-1.637417614952081,-0.8377716961065049,TIME_LIMIT,168744,0,0,31,20
3,12,2.017673e6,-1.637417614952081,-0.8377716961065049,TIME_LIMIT,168780,0,0,26,38
3,12,2.018209e6,-1.6374140239611201,-0.8377716961065049,TIME_LIMIT,168830,0,0,31,9
3,12,2.018741e6,-1.6374140239611201,-0.8377716961065049,TIME_LIMIT,168872,0,0,43,26
3,12,2.019277e6,-1.6374071292328654,-0.8377716961065049,TIME_LIMIT,168923,0,0,31,11
3,12,2.019813e6,-1.6374071292328654,-0.8377716961065049,TIME_LIMIT,168954,0,0,36,26
3,12,2.02035e6,-1.637402948296315,-0.8377716961065049,TIME_LIMIT,169008,0,0,12,5
3,12,2.020886e6,-1.637402948296315,-0.8377716961065049,TIME_LIMIT,169039,0,0,31,18
3,12,2.021421e6,-1.6374024218169096,-0.8377716961065049,TIME_LIMIT,169088,0,0,26,10
3,12,2.021955e6,-1.6374024218169096,-0.8377716961065049,TIME_LIMIT,169118,0,0,40,37
3,12,2.022491e6,-1.6374014289125634,-0.8377716961065049,TIME_LIMIT,169164,0,0,25,6
3,12,2.023046e6,-1.6374014289125634,-0.8377716961065049,TIME_LIMIT,169195,0,0,35,23
3,12,2.023583e6,-1.6373896249987927,-0.8377716961065049,TIME_LIMIT,169246,0,0,33,9
3,12,2.024123e6,-1.6373896249987927,-0.8377716961065049,TIME_LIMIT,169283,0,0,36,19
3,12,2.024666e6,-1.637378405558965,-0.8377716961065049,TIME_LIMIT,169321,0,0,34,8
3,12,2.025209e6,-1.637378405558965,-0.8377716961065049,TIME_LIMIT,169362,0,0,38,22
3,12,2.025758e6,-1.6373610071117777,-0.8377716961065049,TIME_LIMIT,169398,0,0,32,18
3,12,2.02631e6,-1.6373610071117777,-0.8377716961065049,TIME_LIMIT,169429,0,0,38,27
3,12,2.026862e6,-1.6373512373128083,-0.8377716961065049,TIME_LIMIT,169487,0,0,32,16
3,12,2.027413e6,-1.6373512373128083,-0.8377716961065049,TIME_LIMIT,169516,0,0,37,29
3,12,2.027965e6,-1.637341894766834,-0.8377716961065049,TIME_LIMIT,169571,0,0,38,21
3,12,2.028522e6,-1.637341894766834,-0.8377716961065049,TIME_LIMIT,169619,0,0,39,30
3,12,2.02908e6,-1.6373325289385676,-0.8377716961065049,TIME_LIMIT,169656,0,0,41,33
3,12,2.029642e6,-1.6373325289385676,-0.8377716961065049,TIME_LIMIT,169696,0,0,23,11
3,12,2.030227e6,-1.6373313721711205,-0.8377716961065049,TIME_LIMIT,169745,0,0,29,12
3,12,2.030794e6,-1.6373313721711205,-0.8377716961065049,TIME_LIMIT,169777,0,0,20,27
3,12,2.031365e6,-1.6373276326419688,-0.8377716961065049,TIME_LIMIT,169827,0,0,33,11
3,12,2.031933e6,-1.6373276326419688,-0.8377716961065049,TIME_LIMIT,169863,0,0,40,29
3,12,2.032497e6,-1.6373229282082453,-0.8377716961065049,TIME_LIMIT,169918,0,0,18,8
3,12,2.033067e6,-1.6373229282082453,-0.8377716961065049,TIME_LIMIT,169960,0,0,49,37
3,12,2.033635e6,-1.6372777632165398,-0.8377716961065049,TIME_LIMIT,170009,0,0,24,6
3,12,2.034193e6,-1.6372777632165398,-0.8377716961065049,TIME_LIMIT,170042,0,0,27,14
3,12,2.034744e6,-1.6372510066292643,-0.8377716961065049,TIME_LIMIT,170091,0,0,17,5
3,12,2.035299e6,-1.6372510066292643,-0.8377716961065049,TIME_LIMIT,170120,0,0,35,26
3,12,2.035855e6,-1.6372438910142062,-0.8377716961065049,TIME_LIMIT,170163,0,0,28,14
3,12,2.036446e6,-1.6372438910142062,-0.8377716961065049,TIME_LIMIT,170197,0,0,25,24
3,12,2.037037e6,-1.6372366457334475,-0.8377716961065049,TIME_LIMIT,170254,0,0,32,15
3,12,2.037602e6,-1.6372366457334475,-0.8377716961065049,TIME_LIMIT,170285,0,0,24,18
3,12,2.038166e6,-1.637201057775712,-0.8377716961065049,TIME_LIMIT,170342,0,0,37,9
3,12,2.038749e6,-1.637201057775712,-0.8377716961065049,TIME_LIMIT,170371,0,0,39,20
3,12,2.039162e6,-1.6371999582728367,-0.8377716961065049,TIME_LIMIT,170423,0,0,36,5
3,12,2.039728e6,-1.6371999582728367,-0.8377716961065049,TIME_LIMIT,170454,0,0,26,22
3,12,2.040291e6,-1.6371904922657023,-0.8377716961065049,TIME_LIMIT,170510,0,0,32,13
3,12,2.040862e6,-1.6371904922657023,-0.8377716961065049,TIME_LIMIT,170545,0,0,21,12
3,12,2.041425e6,-1.6371338717384332,-0.8377716961065049,TIME_LIMIT,170579,0,0,18,13
3,12,2.042002e6,-1.6371338717384332,-0.8377716961065049,TIME_LIMIT,170615,0,0,37,16
3,12,2.042572e6,-1.6371224976222183,-0.8377716961065049,TIME_LIMIT,170648,0,0,42,9
3,12,2.043148e6,-1.6371224976222183,-0.8377716961065049,TIME_LIMIT,170683,0,0,30,18
3,12,2.04372e6,-1.6371099940970868,-0.8377716961065049,TIME_LIMIT,170718,0,0,28,15
3,12,2.044296e6,-1.6371099940970868,-0.8377716961065049,TIME_LIMIT,170744,0,0,31,27
3,12,2.044892e6,-1.6370777262299474,-0.8377716961065049,TIME_LIMIT,170799,0,0,17,5
3,12,2.045469e6,-1.6370777262299474,-0.8377716961065049,TIME_LIMIT,170829,0,0,32,22
3,12,2.04604e6,-1.6370480028775063,-0.8377716961065049,TIME_LIMIT,170875,0,0,23,14
3,12,2.046605e6,-1.6370480028775063,-0.8377716961065049,TIME_LIMIT,170902,0,0,37,25
3,12,2.047173e6,-1.637045495463075,-0.8377716961065049,TIME_LIMIT,170955,0,0,24,16
3,12,2.047526e6,-1.637045495463075,-0.8377716961065049,TIME_LIMIT,170992,0,0,42,18
3,12,2.047984e6,-1.6370230372573504,-0.8377716961065049,TIME_LIMIT,171046,0,0,34,10
3,12,2.048562e6,-1.6370230372573504,-0.8377716961065049,TIME_LIMIT,171083,0,0,24,12
3,12,2.049136e6,-1.637022127767926,-0.8377716961065049,TIME_LIMIT,171132,0,0,24,13
3,12,2.049711e6,-1.637022127767926,-0.8377716961065049,TIME_LIMIT,171163,0,0,42,12
3,12,2.050307e6,-1.637018757141005,-0.8377716961065049,TIME_LIMIT,171215,0,0,33,4
3,12,2.050889e6,-1.637018757141005,-0.8377716961065049,TIME_LIMIT,171248,0,0,43,17
3,12,2.05148e6,-1.6370003671668485,-0.8377716961065049,TIME_LIMIT,171297,0,0,32,10
3,12,2.052056e6,-1.6370003671668485,-0.8377716961065049,TIME_LIMIT,171331,0,0,37,15
3,12,2.052632e6,-1.6369960014504896,-0.8377716961065049,TIME_LIMIT,171369,0,0,31,10
3,12,2.053211e6,-1.6369960014504896,-0.8377716961065049,TIME_LIMIT,171403,0,0,39,24
3,12,2.053789e6,-1.6369776323209682,-0.8377716961065049,TIME_LIMIT,171457,0,0,33,8
3,12,2.054356e6,-1.6369776323209682,-0.8377716961065049,TIME_LIMIT,171489,0,0,33,31
3,12,2.054919e6,-1.6369741898470729,-0.8377716961065049,TIME_LIMIT,171543,0,0,31,12
3,12,2.05549e6,-1.6369741898470729,-0.8377716961065049,TIME_LIMIT,171572,0,0,33,20
3,12,2.056073e6,-1.6369505474388255,-0.8377716961065049,TIME_LIMIT,171632,0,0,32,13
3,12,2.056656e6,-1.6369505474388255,-0.8377716961065049,TIME_LIMIT,171670,0,0,37,19
3,12,2.057263e6,-1.6369300583841366,-0.8377716961065049,TIME_LIMIT,171722,0,0,14,10
3,12,2.05787e6,-1.6369300583841366,-0.8377716961065049,TIME_LIMIT,171751,0,0,40,38
3,12,2.058454e6,-1.6369003847529922,-0.8377716961065049,TIME_LIMIT,171811,0,0,24,15
3,12,2.059029e6,-1.6369003847529922,-0.8377716961065049,TIME_LIMIT,171848,0,0,38,29
3,12,2.05961e6,-1.636900179120936,-0.8377716961065049,TIME_LIMIT,171895,0,0,38,12
3,12,2.060197e6,-1.636900179120936,-0.8377716961065049,TIME_LIMIT,171932,0,0,38,27
3,12,2.060781e6,-1.6368981795912263,-0.8377716961065049,TIME_LIMIT,171965,0,0,22,11
3,12,2.061364e6,-1.6368981795912263,-0.8377716961065049,TIME_LIMIT,171999,0,0,43,29
3,12,2.061946e6,-1.6368943462387733,-0.8377716961065049,TIME_LIMIT,172050,0,0,26,9
3,12,2.062526e6,-1.6368943462387733,-0.8377716961065049,TIME_LIMIT,172088,0,0,27,37
3,12,2.0631e6,-1.6368820080028061,-0.8377716961065049,TIME_LIMIT,172139,0,0,29,16
3,12,2.063678e6,-1.6368820080028061,-0.8377716961065049,TIME_LIMIT,172174,0,0,47,30
3,12,2.064259e6,-1.6368767401365028,-0.8377716961065049,TIME_LIMIT,172227,0,0,29,10
3,12,2.064864e6,-1.6368767401365028,-0.8377716961065049,TIME_LIMIT,172264,0,0,42,17
3,12,2.065445e6,-1.6368719975191146,-0.8377716961065049,TIME_LIMIT,172315,0,0,17,6
3,12,2.066035e6,-1.6368719975191146,-0.8377716961065049,TIME_LIMIT,172347,0,0,55,53
3,12,2.066603e6,-1.636859506445109,-0.8377716961065049,TIME_LIMIT,172401,0,0,21,8
3,12,2.067172e6,-1.636859506445109,-0.8377716961065049,TIME_LIMIT,172436,0,0,33,12
3,12,2.067736e6,-1.6368353999532008,-0.8377716961065049,TIME_LIMIT,172487,0,0,19,8
3,12,2.068312e6,-1.6368353999532008,-0.8377716961065049,TIME_LIMIT,172524,0,0,45,20
3,12,2.068896e6,-1.63683461673055,-0.8377716961065049,TIME_LIMIT,172575,0,0,35,8
3,12,2.069486e6,-1.63683461673055,-0.8377716961065049,TIME_LIMIT,172601,0,0,31,27
3,12,2.070065e6,-1.6368032489662345,-0.8377716961065049,TIME_LIMIT,172649,0,0,24,13
3,12,2.07064e6,-1.6368032489662345,-0.8377716961065049,TIME_LIMIT,172679,0,0,40,21
3,12,2.071215e6,-1.6368017310234224,-0.8377716961065049,TIME_LIMIT,172724,0,0,28,12
3,12,2.071793e6,-1.6368017310234224,-0.8377716961065049,TIME_LIMIT,172753,0,0,35,43
3,12,2.072368e6,-1.6366534568836535,-0.8377716961065049,TIME_LIMIT,172805,0,0,21,6
3,12,2.072943e6,-1.6366534568836535,-0.8377716961065049,TIME_LIMIT,172833,0,0,34,19
3,12,2.073523e6,-1.636614102857419,-0.8377716961065049,TIME_LIMIT,172886,0,0,21,9
3,12,2.074109e6,-1.636614102857419,-0.8377716961065049,TIME_LIMIT,172927,0,0,32,24
3,12,2.074714e6,-1.6365792771491012,-0.8377716961065049,TIME_LIMIT,172962,0,0,37,20
3,12,2.075289e6,-1.6365792771491012,-0.8377716961065049,TIME_LIMIT,172992,0,0,47,47
3,12,2.075868e6,-1.636570631440929,-0.8377716961065049,TIME_LIMIT,173049,0,0,29,18
3,12,2.076441e6,-1.636570631440929,-0.8377716961065049,TIME_LIMIT,173082,0,0,26,32
3,12,2.077015e6,-1.6365497263022948,-0.8377716961065049,TIME_LIMIT,173144,0,0,23,10
3,12,2.077592e6,-1.6365497263022948,-0.8377716961065049,TIME_LIMIT,173177,0,0,42,38
3,12,2.078166e6,-1.6365108367455237,-0.8377716961065049,TIME_LIMIT,173230,0,0,30,18
3,12,2.078741e6,-1.6365108367455237,-0.8377716961065049,TIME_LIMIT,173267,0,0,30,13
3,12,2.079315e6,-1.6364801702049727,-0.8377716961065049,TIME_LIMIT,173330,0,0,38,15
3,12,2.079888e6,-1.6364801702049727,-0.8377716961065049,TIME_LIMIT,173365,0,0,24,28
3,12,2.080457e6,-1.6364597623942645,-0.8377716961065049,TIME_LIMIT,173420,0,0,15,12
3,12,2.081029e6,-1.6364597623942645,-0.8377716961065049,TIME_LIMIT,173454,0,0,31,29
3,12,2.081625e6,-1.6364481457362323,-0.8377716961065049,TIME_LIMIT,173503,0,0,18,7
3,12,2.082075e6,-1.6364481457362323,-0.8377716961065049,TIME_LIMIT,173542,0,0,36,19
3,12,2.082659e6,-1.6364238046171926,-0.8377716961065049,TIME_LIMIT,173594,0,0,32,11
3,12,2.083238e6,-1.6364238046171926,-0.8377716961065049,TIME_LIMIT,173637,0,0,21,12
3,12,2.083811e6,-1.6363692122759612,-0.8377716961065049,TIME_LIMIT,173669,0,0,29,13
3,12,2.084393e6,-1.6363692122759612,-0.8377716961065049,TIME_LIMIT,173704,0,0,40,16
3,12,2.084974e6,-1.6363618826205526,-0.8377716961065049,TIME_LIMIT,173753,0,0,14,12
3,12,2.085567e6,-1.6363618826205526,-0.8377716961065049,TIME_LIMIT,173787,0,0,27,8
3,12,2.086147e6,-1.636359346853582,-0.8377716961065049,TIME_LIMIT,173843,0,0,34,13
3,12,2.086731e6,-1.636359346853582,-0.8377716961065049,TIME_LIMIT,173886,0,0,40,20
3,12,2.087302e6,-1.6363541782388813,-0.8377716961065049,TIME_LIMIT,173928,0,0,32,10
3,12,2.087877e6,-1.6363541782388813,-0.8377716961065049,TIME_LIMIT,173963,0,0,40,37
3,12,2.088449e6,-1.6363438549890885,-0.8377716961065049,TIME_LIMIT,174004,0,0,40,34
3,12,2.089017e6,-1.6363438549890885,-0.8377716961065049,TIME_LIMIT,174041,0,0,21,15
3,12,2.089611e6,-1.636333351950667,-0.8377716961065049,TIME_LIMIT,174088,0,0,27,11
3,12,2.090181e6,-1.636333351950667,-0.8377716961065049,TIME_LIMIT,174121,0,0,33,17
3,12,2.090747e6,-1.6363251130598702,-0.8377716961065049,TIME_LIMIT,174181,0,0,41,9
3,12,2.091327e6,-1.6363251130598702,-0.8377716961065049,TIME_LIMIT,174218,0,0,39,21
3,12,2.091901e6,-1.6363111465756064,-0.8377716961065049,TIME_LIMIT,174246,0,0,31,13
3,12,2.092478e6,-1.6363111465756064,-0.8377716961065049,TIME_LIMIT,174289,0,0,44,57
3,12,2.093056e6,-1.6362924276177337,-0.8377716961065049,TIME_LIMIT,174338,0,0,30,28
3,12,2.09364e6,-1.6362924276177337,-0.8377716961065049,TIME_LIMIT,174379,0,0,44,49
3,12,2.09422e6,-1.6362722408254144,-0.8377716961065049,TIME_LIMIT,174439,0,0,42,18
3,12,2.094792e6,-1.6362722408254144,-0.8377716961065049,TIME_LIMIT,174464,0,0,27,15
3,12,2.095364e6,-1.6362635840176953,-0.8377716961065049,TIME_LIMIT,174514,0,0,32,9
3,12,2.095939e6,-1.6362635840176953,-0.8377716961065049,TIME_LIMIT,174549,0,0,34,19
3,12,2.096526e6,-1.6362578212792918,-0.8377716961065049,TIME_LIMIT,174598,0,0,27,13
3,12,2.097102e6,-1.6362578212792918,-0.8377716961065049,TIME_LIMIT,174624,0,0,34,53
3,12,2.097672e6,-1.6362570920811657,-0.8377716961065049,TIME_LIMIT,174684,0,0,37,16
3,12,2.098248e6,-1.6362570920811657,-0.8377716961065049,TIME_LIMIT,174716,0,0,51,52
3,12,2.09884e6,-1.6362356101502498,-0.8377716961065049,TIME_LIMIT,174769,0,0,31,16
3,12,2.099411e6,-1.6362356101502498,-0.8377716961065049,TIME_LIMIT,174806,0,0,39,37
3,12,2.099973e6,-1.636223566822011,-0.8377716961065049,TIME_LIMIT,174856,0,0,21,19
3,12,2.100541e6,-1.636223566822011,-0.8377716961065049,TIME_LIMIT,174891,0,0,48,29
3,12,2.101109e6,-1.6362046127945047,-0.8377716961065049,TIME_LIMIT,174945,0,0,24,13
3,12,2.10168e6,-1.6362046127945047,-0.8377716961065049,TIME_LIMIT,174985,0,0,32,26
3,12,2.102264e6,-1.6361113823351956,-0.8377716961065049,TIME_LIMIT,175018,0,0,16,10
3,12,2.10284e6,-1.6361113823351956,-0.8377716961065049,TIME_LIMIT,175048,0,0,30,32
3,12,2.103422e6,-1.6360965803720426,-0.8377716961065049,TIME_LIMIT,175102,0,0,25,10
3,12,2.103999e6,-1.6360965803720426,-0.8377716961065049,TIME_LIMIT,175132,0,0,41,18
3,12,2.104574e6,-1.6360925935728465,-0.8377716961065049,TIME_LIMIT,175185,0,0,23,9
3,12,2.105147e6,-1.6360925935728465,-0.8377716961065049,TIME_LIMIT,175223,0,0,45,25
3,12,2.105718e6,-1.6360855798910148,-0.8377716961065049,TIME_LIMIT,175265,0,0,36,13
3,12,2.106301e6,-1.6360855798910148,-0.8377716961065049,TIME_LIMIT,175295,0,0,27,19
3,12,2.106912e6,-1.6360808522698709,-0.8377716961065049,TIME_LIMIT,175345,0,0,25,9
3,12,2.107526e6,-1.6360808522698709,-0.8377716961065049,TIME_LIMIT,175376,0,0,41,32
3,12,2.108114e6,-1.6360405103180655,-0.8377716961065049,TIME_LIMIT,175428,0,0,21,9
3,12,2.108683e6,-1.6360405103180655,-0.8377716961065049,TIME_LIMIT,175458,0,0,38,32
3,12,2.109247e6,-1.6359982812277103,-0.8377716961065049,TIME_LIMIT,175512,0,0,34,15
3,12,2.109795e6,-1.6359982812277103,-0.8377716961065049,TIME_LIMIT,175549,0,0,26,15
3,12,2.110373e6,-1.6359873225199018,-0.8377716961065049,TIME_LIMIT,175587,0,0,18,18
3,12,2.110946e6,-1.6359873225199018,-0.8377716961065049,TIME_LIMIT,175627,0,0,34,32
3,12,2.111517e6,-1.6359741341748169,-0.8377716961065049,TIME_LIMIT,175661,0,0,27,10
3,12,2.112088e6,-1.6359741341748169,-0.8377716961065049,TIME_LIMIT,175696,0,0,30,23
3,12,2.112659e6,-1.6359526283373738,-0.8377716961065049,TIME_LIMIT,175727,0,0,27,28
3,12,2.113223e6,-1.6359526283373738,-0.8377716961065049,TIME_LIMIT,175760,0,0,25,30
3,12,2.11377e6,-1.6359434100498291,-0.8377716961065049,TIME_LIMIT,175808,0,0,27,9
3,12,2.114303e6,-1.6359434100498291,-0.8377716961065049,TIME_LIMIT,175838,0,0,34,17
3,12,2.11484e6,-1.6359407699449944,-0.8377716961065049,TIME_LIMIT,175883,0,0,21,9
3,12,2.115372e6,-1.6359407699449944,-0.8377716961065049,TIME_LIMIT,175918,0,0,38,23
3,12,2.115904e6,-1.635883525025831,-0.8377716961065049,TIME_LIMIT,175971,0,0,19,4
3,12,2.116453e6,-1.635883525025831,-0.8377716961065049,TIME_LIMIT,176000,0,0,25,13
3,12,2.117006e6,-1.635870399255491,-0.8377716961065049,TIME_LIMIT,176053,0,0,30,18
3,12,2.117549e6,-1.635870399255491,-0.8377716961065049,TIME_LIMIT,176085,0,0,25,14
3,12,2.118089e6,-1.6358229469416368,-0.8377716961065049,TIME_LIMIT,176136,0,0,27,14
3,12,2.118589e6,-1.6358229469416368,-0.8377716961065049,TIME_LIMIT,176171,0,0,39,24
3,12,2.119071e6,-1.6358175830884734,-0.8377716961065049,TIME_LIMIT,176226,0,0,30,13
3,12,2.11955e6,-1.6358175830884734,-0.8377716961065049,TIME_LIMIT,176261,0,0,43,22
3,12,2.120028e6,-1.6358037906853797,-0.8377716961065049,TIME_LIMIT,176309,0,0,34,15
3,12,2.120507e6,-1.6358037906853797,-0.8377716961065049,TIME_LIMIT,176344,0,0,31,18
3,12,2.120986e6,-1.6357970489505649,-0.8377716961065049,TIME_LIMIT,176393,0,0,30,9
3,12,2.121465e6,-1.6357970489505649,-0.8377716961065049,TIME_LIMIT,176428,0,0,26,24
3,12,2.121938e6,-1.635777178227537,-0.8377716961065049,TIME_LIMIT,176487,0,0,33,8
3,12,2.122415e6,-1.635777178227537,-0.8377716961065049,TIME_LIMIT,176525,0,0,36,18
3,12,2.122891e6,-1.635768270824271,-0.8377716961065049,TIME_LIMIT,176563,0,0,27,11
3,12,2.123364e6,-1.635768270824271,-0.8377716961065049,TIME_LIMIT,176603,0,0,49,31
3,12,2.123837e6,-1.6357517310720773,-0.8377716961065049,TIME_LIMIT,176659,0,0,40,7
3,12,2.124307e6,-1.6357517310720773,-0.8377716961065049,TIME_LIMIT,176690,0,0,25,16
3,12,2.124783e6,-1.6357321041002835,-0.8377716961065049,TIME_LIMIT,176739,0,0,27,10
3,12,2.125258e6,-1.6357321041002835,-0.8377716961065049,TIME_LIMIT,176774,0,0,41,22
3,12,2.125733e6,-1.6357162213620438,-0.8377716961065049,TIME_LIMIT,176823,0,0,14,7
3,12,2.126083e6,-1.6357162213620438,-0.8377716961065049,TIME_LIMIT,176859,0,0,20,14
3,12,2.126495e6,-1.6357057820512348,-0.8377716961065049,TIME_LIMIT,176910,0,0,28,4
3,12,2.126975e6,-1.6357057820512348,-0.8377716961065049,TIME_LIMIT,176940,0,0,50,35
3,12,2.127445e6,-1.6357035975992096,-0.8377716961065049,TIME_LIMIT,176990,0,0,31,16
3,12,2.127917e6,-1.6357035975992096,-0.8377716961065049,TIME_LIMIT,177026,0,0,43,29
3,12,2.128387e6,-1.6356810806878972,-0.8377716961065049,TIME_LIMIT,177077,0,0,31,19
3,12,2.12886e6,-1.6356810806878972,-0.8377716961065049,TIME_LIMIT,177108,0,0,15,39
3,12,2.129331e6,-1.6356550903242306,-0.8377716961065049,TIME_LIMIT,177166,0,0,37,20
3,12,2.129801e6,-1.6356550903242306,-0.8377716961065049,TIME_LIMIT,177204,0,0,49,38
3,12,2.130286e6,-1.6356470000578456,-0.8377716961065049,TIME_LIMIT,177256,0,0,30,11
3,12,2.130757e6,-1.6356470000578456,-0.8377716961065049,TIME_LIMIT,177289,0,0,28,23
3,12,2.131227e6,-1.6356345370006324,-0.8377716961065049,TIME_LIMIT,177338,0,0,29,10
3,12,2.131695e6,-1.6356345370006324,-0.8377716961065049,TIME_LIMIT,177365,0,0,21,27
3,12,2.132164e6,-1.635612643170073,-0.8377716961065049,TIME_LIMIT,177414,0,0,34,12
3,12,2.132635e6,-1.635612643170073,-0.8377716961065049,TIME_LIMIT,177453,0,0,34,27
3,12,2.133104e6,-1.6355841033443206,-0.8377716961065049,TIME_LIMIT,177509,0,0,34,19
3,12,2.133575e6,-1.6355841033443206,-0.8377716961065049,TIME_LIMIT,177543,0,0,31,22
3,12,2.134042e6,-1.6355809190527089,-0.8377716961065049,TIME_LIMIT,177578,0,0,35,16
3,12,2.134515e6,-1.6355809190527089,-0.8377716961065049,TIME_LIMIT,177611,0,0,43,57
3,12,2.134985e6,-1.6355491771077364,-0.8377716961065049,TIME_LIMIT,177665,0,0,31,15
3,12,2.135462e6,-1.6355491771077364,-0.8377716961065049,TIME_LIMIT,177697,0,0,46,42
3,12,2.135935e6,-1.6355250123890577,-0.8377716961065049,TIME_LIMIT,177747,0,0,32,13
3,12,2.136407e6,-1.6355250123890577,-0.8377716961065049,TIME_LIMIT,177783,0,0,50,23
3,12,2.136877e6,-1.6355183127455457,-0.8377716961065049,TIME_LIMIT,177833,0,0,14,9
3,12,2.137351e6,-1.6355183127455457,-0.8377716961065049,TIME_LIMIT,177861,0,0,41,23
3,12,2.137823e6,-1.6355024315111661,-0.8377716961065049,TIME_LIMIT,177914,0,0,27,16
3,12,2.138293e6,-1.6355024315111661,-0.8377716961065049,TIME_LIMIT,177942,0,0,38,23
3,12,2.138764e6,-1.635480143165576,-0.8377716961065049,TIME_LIMIT,177997,0,0,21,12
3,12,2.139233e6,-1.635480143165576,-0.8377716961065049,TIME_LIMIT,178036,0,0,31,12
3,12,2.13972e6,-1.635475892513766,-0.8377716961065049,TIME_LIMIT,178075,0,0,32,7
3,12,2.140196e6,-1.635475892513766,-0.8377716961065049,TIME_LIMIT,178105,0,0,35,24
3,12,2.140668e6,-1.6354688538001607,-0.8377716961065049,TIME_LIMIT,178160,0,0,33,15
3,12,2.141138e6,-1.6354688538001607,-0.8377716961065049,TIME_LIMIT,178206,0,0,36,24
3,12,2.141609e6,-1.6354626629698672,-0.8377716961065049,TIME_LIMIT,178241,0,0,37,17
3,12,2.142086e6,-1.6354626629698672,-0.8377716961065049,TIME_LIMIT,178277,0,0,59,46
3,12,2.142559e6,-1.6354431557214941,-0.8377716961065049,TIME_LIMIT,178332,0,0,36,13
3,12,2.143032e6,-1.6354431557214941,-0.8377716961065049,TIME_LIMIT,178366,0,0,24,14
3,12,2.143503e6,-1.6354384503440993,-0.8377716961065049,TIME_LIMIT,178419,0,0,31,15
3,12,2.143976e6,-1.6354384503440993,-0.8377716961065049,TIME_LIMIT,178452,0,0,25,38
3,12,2.144446e6,-1.6354107239932343,-0.8377716961065049,TIME_LIMIT,178505,0,0,34,15
3,12,2.144917e6,-1.6354107239932343,-0.8377716961065049,TIME_LIMIT,178535,0,0,43,21
3,12,2.145388e6,-1.635409009100109,-0.8377716961065049,TIME_LIMIT,178586,0,0,27,12
3,12,2.145861e6,-1.635409009100109,-0.8377716961065049,TIME_LIMIT,178615,0,0,42,47
3,12,2.146331e6,-1.6353873521166202,-0.8377716961065049,TIME_LIMIT,178664,0,0,32,18
3,12,2.146802e6,-1.6353873521166202,-0.8377716961065049,TIME_LIMIT,178700,0,0,40,28
3,12,2.147272e6,-1.6353565000165378,-0.8377716961065049,TIME_LIMIT,178755,0,0,29,14
3,12,2.147742e6,-1.6353565000165378,-0.8377716961065049,TIME_LIMIT,178786,0,0,40,35
3,12,2.148212e6,-1.635296869955777,-0.8377716961065049,TIME_LIMIT,178846,0,0,36,15
3,12,2.148682e6,-1.635296869955777,-0.8377716961065049,TIME_LIMIT,178875,0,0,38,26
3,12,2.149151e6,-1.6352435167181476,-0.8377716961065049,TIME_LIMIT,178922,0,0,28,11
3,12,2.149634e6,-1.6352435167181476,-0.8377716961065049,TIME_LIMIT,178953,0,0,22,17
3,12,2.1501e6,-1.635207350578997,-0.8377716961065049,TIME_LIMIT,179003,0,0,29,11
3,12,2.15057e6,-1.635207350578997,-0.8377716961065049,TIME_LIMIT,179033,0,0,20,20
3,12,2.151039e6,-1.635181264570587,-0.8377716961065049,TIME_LIMIT,179085,0,0,20,13
3,12,2.151508e6,-1.635181264570587,-0.8377716961065049,TIME_LIMIT,179119,0,0,49,56
3,12,2.151976e6,-1.6351656130846608,-0.8377716961065049,TIME_LIMIT,179177,0,0,33,19
3,12,2.152444e6,-1.6351656130846608,-0.8377716961065049,TIME_LIMIT,179209,0,0,40,27
3,12,2.152912e6,-1.6351327949976058,-0.8377716961065049,TIME_LIMIT,179262,0,0,34,20
3,12,2.153379e6,-1.6351327949976058,-0.8377716961065049,TIME_LIMIT,179300,0,0,40,17
3,12,2.153848e6,-1.6350876638911895,-0.8377716961065049,TIME_LIMIT,179340,0,0,34,14
3,12,2.154314e6,-1.6350876638911895,-0.8377716961065049,TIME_LIMIT,179365,0,0,37,15
3,12,2.15478e6,-1.6350518107479093,-0.8377716961065049,TIME_LIMIT,179420,0,0,18,8
3,12,2.155247e6,-1.6350518107479093,-0.8377716961065049,TIME_LIMIT,179458,0,0,45,38
3,12,2.155715e6,-1.6350114860561697,-0.8377716961065049,TIME_LIMIT,179505,0,0,27,25
3,12,2.156184e6,-1.6350114860561697,-0.8377716961065049,TIME_LIMIT,179538,0,0,25,20
3,12,2.156653e6,-1.635006072555094,-0.8377716961065049,TIME_LIMIT,179599,0,0,27,8
3,12,2.157122e6,-1.635006072555094,-0.8377716961065049,TIME_LIMIT,179636,0,0,34,14
3,12,2.157588e6,-1.6349913019432352,-0.8377716961065049,TIME_LIMIT,179680,0,0,22,11
3,12,2.158055e6,-1.6349913019432352,-0.8377716961065049,TIME_LIMIT,179715,0,0,36,22
3,12,2.15852e6,-1.634976472933573,-0.8377716961065049,TIME_LIMIT,179763,0,0,29,11
3,12,2.158989e6,-1.634976472933573,-0.8377716961065049,TIME_LIMIT,179802,0,0,42,21
3,12,2.159457e6,-1.6349727058465187,-0.8377716961065049,TIME_LIMIT,179853,0,0,34,10
3,12,2.159927e6,-1.6349727058465187,-0.8377716961065049,TIME_LIMIT,179880,0,0,41,28
3,12,2.160408e6,-1.6349629863380206,-0.8377716961065049,TIME_LIMIT,179934,0,0,37,12
3,12,2.160875e6,-1.6349629863380206,-0.8377716961065049,TIME_LIMIT,179963,0,0,37,25
3,12,2.161343e6,-1.634910747354032,-0.8377716961065049,TIME_LIMIT,180014,0,0,28,17
3,12,2.161811e6,-1.634910747354032,-0.8377716961065049,TIME_LIMIT,180047,0,0,44,28
3,12,2.16228e6,-1.6348777757583826,-0.8377716961065049,TIME_LIMIT,180102,0,0,30,10
3,12,2.162748e6,-1.6348777757583826,-0.8377716961065049,TIME_LIMIT,180132,0,0,29,14
3,12,2.163216e6,-1.6348251730509868,-0.8377716961065049,TIME_LIMIT,180183,0,0,30,10
3,12,2.163683e6,-1.6348251730509868,-0.8377716961065049,TIME_LIMIT,180218,0,0,34,28
3,12,2.164149e6,-1.6347933158423062,-0.8377716961065049,TIME_LIMIT,180264,0,0,17,8
3,12,2.164617e6,-1.6347933158423062,-0.8377716961065049,TIME_LIMIT,180293,0,0,45,53
3,12,2.165085e6,-1.634782150918709,-0.8377716961065049,TIME_LIMIT,180341,0,0,31,12
3,12,2.165552e6,-1.634782150918709,-0.8377716961065049,TIME_LIMIT,180382,0,0,44,36
3,12,2.166018e6,-1.6347684850670268,-0.8377716961065049,TIME_LIMIT,180435,0,0,30,19
3,12,2.166486e6,-1.6347684850670268,-0.8377716961065049,TIME_LIMIT,180470,0,0,42,25
3,12,2.166951e6,-1.634764924961433,-0.8377716961065049,TIME_LIMIT,180524,0,0,30,16
3,12,2.167417e6,-1.634764924961433,-0.8377716961065049,TIME_LIMIT,180558,0,0,35,23
3,12,2.167884e6,-1.6347488455179253,-0.8377716961065049,TIME_LIMIT,180610,0,0,35,14
3,12,2.168351e6,-1.6347488455179253,-0.8377716961065049,TIME_LIMIT,180648,0,0,17,16
3,12,2.168818e6,-1.6347282046434346,-0.8377716961065049,TIME_LIMIT,180698,0,0,27,15
3,12,2.169285e6,-1.6347282046434346,-0.8377716961065049,TIME_LIMIT,180739,0,0,32,25
3,12,2.169752e6,-1.6347280865133815,-0.8377716961065049,TIME_LIMIT,180775,0,0,31,27
3,12,2.17022e6,-1.6347280865133815,-0.8377716961065049,TIME_LIMIT,180812,0,0,40,23
3,12,2.170687e6,-1.6347203092223905,-0.8377716961065049,TIME_LIMIT,180852,0,0,31,13
3,12,2.171155e6,-1.6347203092223905,-0.8377716961065049,TIME_LIMIT,180892,0,0,41,32
3,12,2.171625e6,-1.6347120635386576,-0.8377716961065049,TIME_LIMIT,180942,0,0,23,11
3,12,2.172109e6,-1.6347120635386576,-0.8377716961065049,TIME_LIMIT,180970,0,0,38,34
3,12,2.172578e6,-1.6347003613003461,-0.8377716961065049,TIME_LIMIT,181005,0,0,36,18
3,12,2.173048e6,-1.6347003613003461,-0.8377716961065049,TIME_LIMIT,181033,0,0,26,19
3,12,2.173518e6,-1.6346998977973948,-0.8377716961065049,TIME_LIMIT,181089,0,0,32,9
3,12,2.173988e6,-1.6346998977973948,-0.8377716961065049,TIME_LIMIT,181126,0,0,41,22
3,12,2.174456e6,-1.634693959620263,-0.8377716961065049,TIME_LIMIT,181170,0,0,23,11
3,12,2.174923e6,-1.634693959620263,-0.8377716961065049,TIME_LIMIT,181201,0,0,45,33
3,12,2.17539e6,-1.6346671281203156,-0.8377716961065049,TIME_LIMIT,181251,0,0,34,10
3,12,2.175857e6,-1.6346671281203156,-0.8377716961065049,TIME_LIMIT,181287,0,0,36,24
3,12,2.176343e6,-1.6346594404152672,-0.8377716961065049,TIME_LIMIT,181331,0,0,34,18
3,12,2.176815e6,-1.6346594404152672,-0.8377716961065049,TIME_LIMIT,181365,0,0,38,35
3,12,2.177283e6,-1.6346539703011866,-0.8377716961065049,TIME_LIMIT,181415,0,0,29,13
3,12,2.177753e6,-1.6346539703011866,-0.8377716961065049,TIME_LIMIT,181453,0,0,34,16
3,12,2.178228e6,-1.6346437835229857,-0.8377716961065049,TIME_LIMIT,181495,0,0,40,12
3,12,2.178719e6,-1.6346437835229857,-0.8377716961065049,TIME_LIMIT,181526,0,0,28,13
3,12,2.179185e6,-1.634629137858129,-0.8377716961065049,TIME_LIMIT,181571,0,0,31,13
3,12,2.179652e6,-1.634629137858129,-0.8377716961065049,TIME_LIMIT,181598,0,0,44,38
3,12,2.180118e6,-1.6346283862804554,-0.8377716961065049,TIME_LIMIT,181652,0,0,35,14
3,12,2.180585e6,-1.6346283862804554,-0.8377716961065049,TIME_LIMIT,181688,0,0,36,12
3,12,2.181053e6,-1.6346281506024465,-0.8377716961065049,TIME_LIMIT,181721,0,0,32,9
3,12,2.181519e6,-1.6346281506024465,-0.8377716961065049,TIME_LIMIT,181756,0,0,34,22
3,12,2.181984e6,-1.6346124752304754,-0.8377716961065049,TIME_LIMIT,181805,0,0,22,13
3,12,2.182451e6,-1.6346124752304754,-0.8377716961065049,TIME_LIMIT,181841,0,0,31,21
3,12,2.182923e6,-1.634600841242806,-0.8377716961065049,TIME_LIMIT,181895,0,0,25,5
3,12,2.183391e6,-1.634600841242806,-0.8377716961065049,TIME_LIMIT,181924,0,0,28,26
3,12,2.18386e6,-1.63459770508591,-0.8377716961065049,TIME_LIMIT,181968,0,0,28,10
3,12,2.184343e6,-1.63459770508591,-0.8377716961065049,TIME_LIMIT,182001,0,0,51,44
3,12,2.18481e6,-1.634580493662353,-0.8377716961065049,TIME_LIMIT,182058,0,0,36,12
3,12,2.185276e6,-1.634580493662353,-0.8377716961065049,TIME_LIMIT,182097,0,0,36,21
3,12,2.185742e6,-1.6345741591357044,-0.8377716961065049,TIME_LIMIT,182137,0,0,32,18
3,12,2.186209e6,-1.6345741591357044,-0.8377716961065049,TIME_LIMIT,182167,0,0,33,24
3,12,2.186675e6,-1.6345639615077319,-0.8377716961065049,TIME_LIMIT,182218,0,0,11,8
3,12,2.187141e6,-1.6345639615077319,-0.8377716961065049,TIME_LIMIT,182246,0,0,25,14
3,12,2.187609e6,-1.6345545573657239,-0.8377716961065049,TIME_LIMIT,182300,0,0,19,11
3,12,2.188075e6,-1.6345545573657239,-0.8377716961065049,TIME_LIMIT,182332,0,0,43,26
3,12,2.188542e6,-1.6344987725879514,-0.8377716961065049,TIME_LIMIT,182374,0,0,27,12
3,12,2.189009e6,-1.6344987725879514,-0.8377716961065049,TIME_LIMIT,182414,0,0,41,25
3,12,2.189476e6,-1.6344378947791949,-0.8377716961065049,TIME_LIMIT,182451,0,0,42,23
3,12,2.189942e6,-1.6344378947791949,-0.8377716961065049,TIME_LIMIT,182486,0,0,29,19
3,12,2.190409e6,-1.6344294766377854,-0.8377716961065049,TIME_LIMIT,182533,0,0,18,6
3,12,2.190875e6,-1.6344294766377854,-0.8377716961065049,TIME_LIMIT,182566,0,0,24,24
3,12,2.19134e6,-1.6343399244108177,-0.8377716961065049,TIME_LIMIT,182617,0,0,25,15
3,12,2.191806e6,-1.6343399244108177,-0.8377716961065049,TIME_LIMIT,182651,0,0,46,33
3,12,2.192272e6,-1.63433319465373,-0.8377716961065049,TIME_LIMIT,182703,0,0,30,11
3,12,2.192737e6,-1.63433319465373,-0.8377716961065049,TIME_LIMIT,182738,0,0,37,31
3,12,2.193203e6,-1.6343105198715608,-0.8377716961065049,TIME_LIMIT,182794,0,0,33,20
3,12,2.193669e6,-1.6343105198715608,-0.8377716961065049,TIME_LIMIT,182833,0,0,34,15
3,12,2.194135e6,-1.6343061509530274,-0.8377716961065049,TIME_LIMIT,182868,0,0,19,8
3,12,2.1946e6,-1.6343061509530274,-0.8377716961065049,TIME_LIMIT,182902,0,0,27,19
3,12,2.195067e6,-1.634286216183069,-0.8377716961065049,TIME_LIMIT,182937,0,0,28,8
3,12,2.195537e6,-1.634286216183069,-0.8377716961065049,TIME_LIMIT,182972,0,0,53,31
3,12,2.196039e6,-1.6342861405853,-0.8377716961065049,TIME_LIMIT,183020,0,0,26,18
3,12,2.1966e6,-1.6342861405853,-0.8377716961065049,TIME_LIMIT,183059,0,0,47,48
3,12,2.197146e6,-1.6342781536478317,-0.8377716961065049,TIME_LIMIT,183108,0,0,26,8
3,12,2.1977e6,-1.6342781536478317,-0.8377716961065049,TIME_LIMIT,183140,0,0,49,25
3,12,2.198262e6,-1.6342773346075115,-0.8377716961065049,TIME_LIMIT,183194,0,0,28,19
3,12,2.198822e6,-1.6342773346075115,-0.8377716961065049,TIME_LIMIT,183228,0,0,38,37
3,12,2.199396e6,-1.6342377624226352,-0.8377716961065049,TIME_LIMIT,183284,0,0,22,7
3,12,2.19995e6,-1.6342377624226352,-0.8377716961065049,TIME_LIMIT,183321,0,0,36,26
3,12,2.200482e6,-1.6342363812473981,-0.8377716961065049,TIME_LIMIT,183368,0,0,27,16
3,12,2.200987e6,-1.6342363812473981,-0.8377716961065049,TIME_LIMIT,183398,0,0,22,13
3,12,2.201474e6,-1.634211387794524,-0.8377716961065049,TIME_LIMIT,183457,0,0,36,11
3,12,2.201948e6,-1.634211387794524,-0.8377716961065049,TIME_LIMIT,183486,0,0,45,37
3,12,2.202412e6,-1.6342026566157042,-0.8377716961065049,TIME_LIMIT,183535,0,0,29,11
3,12,2.202877e6,-1.6342026566157042,-0.8377716961065049,TIME_LIMIT,183568,0,0,41,23
3,12,2.203341e6,-1.6341771375471434,-0.8377716961065049,TIME_LIMIT,183618,0,0,21,5
3,12,2.203859e6,-1.6341771375471434,-0.8377716961065049,TIME_LIMIT,183647,0,0,25,18
3,12,2.204353e6,-1.6341757035111926,-0.8377716961065049,TIME_LIMIT,183699,0,0,28,13
3,12,2.204822e6,-1.6341757035111926,-0.8377716961065049,TIME_LIMIT,183732,0,0,43,32
3,12,2.205288e6,-1.634171988924929,-0.8377716961065049,TIME_LIMIT,183786,0,0,18,6
3,12,2.205755e6,-1.634171988924929,-0.8377716961065049,TIME_LIMIT,183824,0,0,35,35
3,12,2.206202e6,-1.6341578439095725,-0.8377716961065049,TIME_LIMIT,183871,0,0,19,6
3,12,2.206727e6,-1.6341578439095725,-0.8377716961065049,TIME_LIMIT,183916,0,0,32,26
3,12,2.20721e6,-1.63413764866528,-0.8377716961065049,TIME_LIMIT,183953,0,0,28,16
3,12,2.207722e6,-1.63413764866528,-0.8377716961065049,TIME_LIMIT,183987,0,0,52,43
3,12,2.208299e6,-1.6341147252539512,-0.8377716961065049,TIME_LIMIT,184043,0,0,18,23
3,12,2.208869e6,-1.6341147252539512,-0.8377716961065049,TIME_LIMIT,184086,0,0,33,14
3,12,2.20944e6,-1.6341127412471406,-0.8377716961065049,TIME_LIMIT,184130,0,0,36,13
3,12,2.210003e6,-1.6341127412471406,-0.8377716961065049,TIME_LIMIT,184160,0,0,41,19
3,12,2.210576e6,-1.6340977888957788,-0.8377716961065049,TIME_LIMIT,184212,0,0,21,13
3,12,2.211141e6,-1.6340977888957788,-0.8377716961065049,TIME_LIMIT,184244,0,0,35,34
3,12,2.211706e6,-1.6340833668495296,-0.8377716961065049,TIME_LIMIT,184293,0,0,13,8
3,12,2.212266e6,-1.6340833668495296,-0.8377716961065049,TIME_LIMIT,184322,0,0,25,22
3,12,2.212859e6,-1.6340741940921943,-0.8377716961065049,TIME_LIMIT,184379,0,0,37,8
3,12,2.21343e6,-1.6340741940921943,-0.8377716961065049,TIME_LIMIT,184409,0,0,32,28
3,12,2.21404e6,-1.6340683258635975,-0.8377716961065049,TIME_LIMIT,184462,0,0,28,11
3,12,2.214685e6,-1.6340683258635975,-0.8377716961065049,TIME_LIMIT,184490,0,0,43,40
3,12,2.215365e6,-1.634057323194684,-0.8377716961065049,TIME_LIMIT,184551,0,0,31,16
3,12,2.216043e6,-1.634057323194684,-0.8377716961065049,TIME_LIMIT,184580,0,0,32,35
3,12,2.216754e6,-1.6340412483738342,-0.8377716961065049,TIME_LIMIT,184628,0,0,32,5
3,12,2.217477e6,-1.6340412483738342,-0.8377716961065049,TIME_LIMIT,184658,0,0,47,33
3,12,2.218216e6,-1.6340170531379843,-0.8377716961065049,TIME_LIMIT,184712,0,0,19,16
3,12,2.218968e6,-1.6340170531379843,-0.8377716961065049,TIME_LIMIT,184742,0,0,39,24
3,12,2.219735e6,-1.6339340675210916,-0.8377716961065049,TIME_LIMIT,184790,0,0,31,10
3,12,2.220511e6,-1.6339340675210916,-0.8377716961065049,TIME_LIMIT,184819,0,0,41,36
3,12,2.221289e6,-1.6338883814649765,-0.8377716961065049,TIME_LIMIT,184883,0,0,42,13
3,12,2.222072e6,-1.6338883814649765,-0.8377716961065049,TIME_LIMIT,184923,0,0,51,31
3,12,2.222857e6,-1.633859905400782,-0.8377716961065049,TIME_LIMIT,184975,0,0,32,11
3,12,2.223643e6,-1.633859905400782,-0.8377716961065049,TIME_LIMIT,185006,0,0,24,13
3,12,2.224452e6,-1.6338352107349206,-0.8377716961065049,TIME_LIMIT,185064,0,0,37,14
3,12,2.22523e6,-1.6338352107349206,-0.8377716961065049,TIME_LIMIT,185095,0,0,35,59
3,12,2.226001e6,-1.633816171547444,-0.8377716961065049,TIME_LIMIT,185147,0,0,34,8
3,12,2.226766e6,-1.633816171547444,-0.8377716961065049,TIME_LIMIT,185182,0,0,39,51
3,12,2.227535e6,-1.6338149764079364,-0.8377716961065049,TIME_LIMIT,185219,0,0,44,24
3,12,2.228273e6,-1.6338149764079364,-0.8377716961065049,TIME_LIMIT,185250,0,0,46,23
3,12,2.228994e6,-1.6337896819519293,-0.8377716961065049,TIME_LIMIT,185308,0,0,36,18
3,12,2.229689e6,-1.6337896819519293,-0.8377716961065049,TIME_LIMIT,185338,0,0,30,32
3,12,2.230331e6,-1.633780278113001,-0.8377716961065049,TIME_LIMIT,185367,0,0,30,14
3,12,2.230932e6,-1.633780278113001,-0.8377716961065049,TIME_LIMIT,185398,0,0,34,18
3,12,2.231524e6,-1.6337496685120874,-0.8377716961065049,TIME_LIMIT,185433,0,0,32,20
3,12,2.232099e6,-1.6337496685120874,-0.8377716961065049,TIME_LIMIT,185464,0,0,36,37
3,12,2.232652e6,-1.6337457434965832,-0.8377716961065049,TIME_LIMIT,185516,0,0,29,17
3,12,2.233203e6,-1.6337457434965832,-0.8377716961065049,TIME_LIMIT,185550,0,0,50,65
3,12,2.233733e6,-1.6337386073859905,-0.8377716961065049,TIME_LIMIT,185603,0,0,17,13
3,12,2.234253e6,-1.6337386073859905,-0.8377716961065049,TIME_LIMIT,185632,0,0,31,51
3,12,2.23477e6,-1.6337221418475358,-0.8377716961065049,TIME_LIMIT,185688,0,0,36,17
3,12,2.235288e6,-1.6337221418475358,-0.8377716961065049,TIME_LIMIT,185722,0,0,23,17
3,12,2.235803e6,-1.6337048122232147,-0.8377716961065049,TIME_LIMIT,185774,0,0,30,19
3,12,2.236315e6,-1.6337048122232147,-0.8377716961065049,TIME_LIMIT,185808,0,0,38,17
3,12,2.236813e6,-1.633686973436141,-0.8377716961065049,TIME_LIMIT,185853,0,0,21,6
3,12,2.237297e6,-1.633686973436141,-0.8377716961065049,TIME_LIMIT,185891,0,0,37,18
3,12,2.237781e6,-1.6336650976111162,-0.8377716961065049,TIME_LIMIT,185939,0,0,32,16
3,12,2.238261e6,-1.6336650976111162,-0.8377716961065049,TIME_LIMIT,185966,0,0,42,41
3,12,2.238734e6,-1.6336574875592542,-0.8377716961065049,TIME_LIMIT,186025,0,0,29,14
3,12,2.239208e6,-1.6336574875592542,-0.8377716961065049,TIME_LIMIT,186058,0,0,46,45
3,12,2.239681e6,-1.6336467483204462,-0.8377716961065049,TIME_LIMIT,186116,0,0,30,11
3,12,2.240151e6,-1.6336467483204462,-0.8377716961065049,TIME_LIMIT,186143,0,0,24,24
3,12,2.240619e6,-1.6336229338543544,-0.8377716961065049,TIME_LIMIT,186200,0,0,23,12
3,12,2.241085e6,-1.6336229338543544,-0.8377716961065049,TIME_LIMIT,186236,0,0,37,21
3,12,2.241553e6,-1.6336072252962013,-0.8377716961065049,TIME_LIMIT,186281,0,0,15,10
3,12,2.242019e6,-1.6336072252962013,-0.8377716961065049,TIME_LIMIT,186308,0,0,35,38
3,12,2.242486e6,-1.6335993531235329,-0.8377716961065049,TIME_LIMIT,186356,0,0,19,7
3,12,2.242953e6,-1.6335993531235329,-0.8377716961065049,TIME_LIMIT,186396,0,0,39,13
3,12,2.243466e6,-1.6335980102750889,-0.8377716961065049,TIME_LIMIT,186437,0,0,33,13
3,12,2.243992e6,-1.6335980102750889,-0.8377716961065049,TIME_LIMIT,186473,0,0,39,13
3,12,2.244529e6,-1.6335593038447354,-0.8377716961065049,TIME_LIMIT,186525,0,0,31,14
3,12,2.245047e6,-1.6335593038447354,-0.8377716961065049,TIME_LIMIT,186559,0,0,40,41
3,12,2.245529e6,-1.633542576075574,-0.8377716961065049,TIME_LIMIT,186615,0,0,20,12
3,12,2.246037e6,-1.633542576075574,-0.8377716961065049,TIME_LIMIT,186646,0,0,27,17
3,12,2.246626e6,-1.633531631874437,-0.8377716961065049,TIME_LIMIT,186692,0,0,33,10
3,12,2.247127e6,-1.633531631874437,-0.8377716961065049,TIME_LIMIT,186727,0,0,40,30
3,12,2.247602e6,-1.6335092495614525,-0.8377716961065049,TIME_LIMIT,186775,0,0,39,15
3,12,2.24816e6,-1.6335092495614525,-0.8377716961065049,TIME_LIMIT,186819,0,0,14,26
3,12,2.24867e6,-1.633507577119622,-0.8377716961065049,TIME_LIMIT,186860,0,0,24,18
3,12,2.249175e6,-1.633507577119622,-0.8377716961065049,TIME_LIMIT,186896,0,0,46,26
3,12,2.24976e6,-1.6335045771179062,-0.8377716961065049,TIME_LIMIT,186957,0,0,34,16
3,12,2.250267e6,-1.6335045771179062,-0.8377716961065049,TIME_LIMIT,186990,0,0,36,35
3,12,2.250793e6,-1.6334655008255738,-0.8377716961065049,TIME_LIMIT,187045,0,0,36,20
3,12,2.251278e6,-1.6334655008255738,-0.8377716961065049,TIME_LIMIT,187076,0,0,35,34
3,12,2.251889e6,-1.6334444606690248,-0.8377716961065049,TIME_LIMIT,187125,0,0,33,14
3,12,2.252398e6,-1.6334444606690248,-0.8377716961065049,TIME_LIMIT,187154,0,0,41,54
3,12,2.252893e6,-1.6334377698784595,-0.8377716961065049,TIME_LIMIT,187214,0,0,36,14
3,12,2.253463e6,-1.6334377698784595,-0.8377716961065049,TIME_LIMIT,187252,0,0,46,25
3,12,2.254004e6,-1.6334346349926534,-0.8377716961065049,TIME_LIMIT,187291,0,0,36,18
3,12,2.254514e6,-1.6334346349926534,-0.8377716961065049,TIME_LIMIT,187320,0,0,33,25
3,12,2.255014e6,-1.6334343824756916,-0.8377716961065049,TIME_LIMIT,187357,0,0,34,14
3,12,2.255672e6,-1.6334343824756916,-0.8377716961065049,TIME_LIMIT,187396,0,0,35,30
3,12,2.256176e6,-1.633430381191813,-0.8377716961065049,TIME_LIMIT,187434,0,0,29,7
3,12,2.256733e6,-1.633430381191813,-0.8377716961065049,TIME_LIMIT,187472,0,0,42,46
3,12,2.257381e6,-1.6334265119354416,-0.8377716961065049,TIME_LIMIT,187525,0,0,35,10
3,12,2.257868e6,-1.6334265119354416,-0.8377716961065049,TIME_LIMIT,187560,0,0,43,17
3,12,2.258381e6,-1.6334222430556067,-0.8377716961065049,TIME_LIMIT,187614,0,0,28,12
3,12,2.258931e6,-1.6334222430556067,-0.8377716961065049,TIME_LIMIT,187654,0,0,41,24
3,12,2.259551e6,-1.63339502098601,-0.8377716961065049,TIME_LIMIT,187691,0,0,40,18
3,12,2.260046e6,-1.63339502098601,-0.8377716961065049,TIME_LIMIT,187735,0,0,19,19
3,12,2.260554e6,-1.6333749399620001,-0.8377716961065049,TIME_LIMIT,187785,0,0,17,10
3,12,2.261241e6,-1.6333749399620001,-0.8377716961065049,TIME_LIMIT,187828,0,0,36,22
3,12,2.261752e6,-1.633338610930077,-0.8377716961065049,TIME_LIMIT,187867,0,0,28,16
3,12,2.262282e6,-1.633338610930077,-0.8377716961065049,TIME_LIMIT,187903,0,0,43,54
3,12,2.262808e6,-1.6333215989331886,-0.8377716961065049,TIME_LIMIT,187954,0,0,23,13
3,12,2.263472e6,-1.6333215989331886,-0.8377716961065049,TIME_LIMIT,187990,0,0,36,18
3,12,2.263968e6,-1.6332811501537823,-0.8377716961065049,TIME_LIMIT,188026,0,0,39,10
3,12,2.264521e6,-1.6332811501537823,-0.8377716961065049,TIME_LIMIT,188053,0,0,35,21
3,12,2.265068e6,-1.633256199225678,-0.8377716961065049,TIME_LIMIT,188102,0,0,23,8
3,12,2.265729e6,-1.633256199225678,-0.8377716961065049,TIME_LIMIT,188131,0,0,43,32
3,12,2.266268e6,-1.6332541606134334,-0.8377716961065049,TIME_LIMIT,188186,0,0,30,9
3,12,2.266758e6,-1.6332541606134334,-0.8377716961065049,TIME_LIMIT,188214,0,0,26,17
3,12,2.267374e6,-1.6332522128690974,-0.8377716961065049,TIME_LIMIT,188264,0,0,31,15
3,12,2.267878e6,-1.6332522128690974,-0.8377716961065049,TIME_LIMIT,188294,0,0,41,43
3,12,2.268538e6,-1.6331931000491497,-0.8377716961065049,TIME_LIMIT,188348,0,0,28,14
3,12,2.269028e6,-1.6331931000491497,-0.8377716961065049,TIME_LIMIT,188383,0,0,23,46
3,12,2.269642e6,-1.6331906213627247,-0.8377716961065049,TIME_LIMIT,188441,0,0,30,13
3,12,2.270194e6,-1.6331906213627247,-0.8377716961065049,TIME_LIMIT,188475,0,0,32,65
3,12,2.270723e6,-1.6331702133273696,-0.8377716961065049,TIME_LIMIT,188534,0,0,18,12
3,12,2.271224e6,-1.6331702133273696,-0.8377716961065049,TIME_LIMIT,188573,0,0,33,26
3,12,2.271699e6,-1.63314507994365,-0.8377716961065049,TIME_LIMIT,188614,0,0,36,18
3,12,2.272222e6,-1.63314507994365,-0.8377716961065049,TIME_LIMIT,188653,0,0,36,26
3,12,2.272722e6,-1.6331237787391277,-0.8377716961065049,TIME_LIMIT,188693,0,0,41,14
3,12,2.273222e6,-1.6331237787391277,-0.8377716961065049,TIME_LIMIT,188729,0,0,41,37
3,12,2.273732e6,-1.6330809688839185,-0.8377716961065049,TIME_LIMIT,188787,0,0,35,21
3,12,2.274214e6,-1.6330809688839185,-0.8377716961065049,TIME_LIMIT,188810,0,0,35,16
3,12,2.274702e6,-1.6330539287384305,-0.8377716961065049,TIME_LIMIT,188857,0,0,35,8
3,12,2.275201e6,-1.6330539287384305,-0.8377716961065049,TIME_LIMIT,188897,0,0,31,23
3,12,2.275694e6,-1.6330516935861064,-0.8377716961065049,TIME_LIMIT,188946,0,0,38,15
3,12,2.276192e6,-1.6330516935861064,-0.8377716961065049,TIME_LIMIT,188974,0,0,49,40
3,12,2.276696e6,-1.633048790791462,-0.8377716961065049,TIME_LIMIT,189026,0,0,17,14
3,12,2.277178e6,-1.633048790791462,-0.8377716961065049,TIME_LIMIT,189067,0,0,37,21
3,12,2.277645e6,-1.6330026247575047,-0.8377716961065049,TIME_LIMIT,189108,0,0,39,9
3,12,2.27815e6,-1.6330026247575047,-0.8377716961065049,TIME_LIMIT,189141,0,0,32,24
3,12,2.278733e6,-1.6329890035127161,-0.8377716961065049,TIME_LIMIT,189195,0,0,33,10
3,12,2.279219e6,-1.6329890035127161,-0.8377716961065049,TIME_LIMIT,189231,0,0,46,31
3,12,2.279884e6,-1.6329874330796188,-0.8377716961065049,TIME_LIMIT,189277,0,0,30,18
3,12,2.280487e6,-1.6329874330796188,-0.8377716961065049,TIME_LIMIT,189303,0,0,19,31
3,12,2.280975e6,-1.6329808536026649,-0.8377716961065049,TIME_LIMIT,189350,0,0,28,21
3,12,2.281496e6,-1.6329808536026649,-0.8377716961065049,TIME_LIMIT,189374,0,0,41,34
3,12,2.282215e6,-1.6329438504800837,-0.8377716961065049,TIME_LIMIT,189421,0,0,27,9
3,12,2.282753e6,-1.6329438504800837,-0.8377716961065049,TIME_LIMIT,189457,0,0,38,32
3,12,2.283224e6,-1.6329196423940013,-0.8377716961065049,TIME_LIMIT,189505,0,0,28,10
3,12,2.283781e6,-1.6329196423940013,-0.8377716961065049,TIME_LIMIT,189541,0,0,34,25
3,12,2.284327e6,-1.632906834499171,-0.8377716961065049,TIME_LIMIT,189593,0,0,34,9
3,12,2.284867e6,-1.632906834499171,-0.8377716961065049,TIME_LIMIT,189628,0,0,33,8
3,12,2.285617e6,-1.6328808557047803,-0.8377716961065049,TIME_LIMIT,189682,0,0,18,6
3,12,2.286248e6,-1.6328808557047803,-0.8377716961065049,TIME_LIMIT,189716,0,0,25,20
3,12,2.286765e6,-1.6328693183689758,-0.8377716961065049,TIME_LIMIT,189766,0,0,22,9
3,12,2.287324e6,-1.6328693183689758,-0.8377716961065049,TIME_LIMIT,189799,0,0,50,37
3,12,2.287984e6,-1.632859221902544,-0.8377716961065049,TIME_LIMIT,189858,0,0,18,15
3,12,2.28849e6,-1.632859221902544,-0.8377716961065049,TIME_LIMIT,189887,0,0,40,26
3,12,2.289036e6,-1.6328557086427287,-0.8377716961065049,TIME_LIMIT,189942,0,0,35,14
3,12,2.28978e6,-1.6328557086427287,-0.8377716961065049,TIME_LIMIT,189968,0,0,46,47
3,12,2.290485e6,-1.6328495022566445,-0.8377716961065049,TIME_LIMIT,190023,0,0,34,17
3,12,2.29102e6,-1.6328495022566445,-0.8377716961065049,TIME_LIMIT,190054,0,0,31,22
3,12,2.291499e6,-1.6328467852160142,-0.8377716961065049,TIME_LIMIT,190107,0,0,32,7
3,12,2.292096e6,-1.6328467852160142,-0.8377716961065049,TIME_LIMIT,190142,0,0,44,29
3,12,2.292847e6,-1.632822084668652,-0.8377716961065049,TIME_LIMIT,190200,0,0,36,11
3,12,2.293517e6,-1.632822084668652,-0.8377716961065049,TIME_LIMIT,190234,0,0,37,27
3,12,2.29403e6,-1.6328096642734131,-0.8377716961065049,TIME_LIMIT,190286,0,0,33,9
3,12,2.294691e6,-1.6328096642734131,-0.8377716961065049,TIME_LIMIT,190318,0,0,18,17
3,12,2.295458e6,-1.63278218411667,-0.8377716961065049,TIME_LIMIT,190372,0,0,32,11
3,12,2.296102e6,-1.63278218411667,-0.8377716961065049,TIME_LIMIT,190408,0,0,34,23
3,12,2.296613e6,-1.6327743503995815,-0.8377716961065049,TIME_LIMIT,190450,0,0,26,13
3,12,2.297192e6,-1.6327743503995815,-0.8377716961065049,TIME_LIMIT,190483,0,0,45,24
3,12,2.297816e6,-1.6327429538209255,-0.8377716961065049,TIME_LIMIT,190535,0,0,36,21
3,12,2.298329e6,-1.6327429538209255,-0.8377716961065049,TIME_LIMIT,190567,0,0,47,21
3,12,2.298867e6,-1.6327095277770827,-0.8377716961065049,TIME_LIMIT,190625,0,0,25,6
3,12,2.299622e6,-1.6327095277770827,-0.8377716961065049,TIME_LIMIT,190657,0,0,18,25
3,12,2.30036e6,-1.6327085200543827,-0.8377716961065049,TIME_LIMIT,190707,0,0,31,16
3,12,2.30094e6,-1.6327085200543827,-0.8377716961065049,TIME_LIMIT,190736,0,0,46,43
3,12,2.301453e6,-1.6326932510643413,-0.8377716961065049,TIME_LIMIT,190794,0,0,25,13
3,12,2.302093e6,-1.6326932510643413,-0.8377716961065049,TIME_LIMIT,190827,0,0,44,44
3,12,2.302647e6,-1.6326810124435163,-0.8377716961065049,TIME_LIMIT,190873,0,0,50,45
3,12,2.303141e6,-1.6326810124435163,-0.8377716961065049,TIME_LIMIT,190910,0,0,33,12
3,12,2.303834e6,-1.6326740670607411,-0.8377716961065049,TIME_LIMIT,190949,0,0,30,8
3,12,2.304588e6,-1.6326740670607411,-0.8377716961065049,TIME_LIMIT,190981,0,0,35,30
3,12,2.305162e6,-1.6326734217683703,-0.8377716961065049,TIME_LIMIT,191033,0,0,13,13
3,12,2.305644e6,-1.6326734217683703,-0.8377716961065049,TIME_LIMIT,191065,0,0,22,18
3,12,2.306363e6,-1.6326719905885283,-0.8377716961065049,TIME_LIMIT,191113,0,0,30,15
3,12,2.307115e6,-1.6326719905885283,-0.8377716961065049,TIME_LIMIT,191143,0,0,38,24
3,12,2.307711e6,-1.632668265868632,-0.8377716961065049,TIME_LIMIT,191194,0,0,14,12
3,12,2.308196e6,-1.632668265868632,-0.8377716961065049,TIME_LIMIT,191228,0,0,37,31
3,12,2.308869e6,-1.6326536048262539,-0.8377716961065049,TIME_LIMIT,191279,0,0,31,16
3,12,2.309492e6,-1.6326536048262539,-0.8377716961065049,TIME_LIMIT,191312,0,0,35,41
3,12,2.309995e6,-1.6326498811499492,-0.8377716961065049,TIME_LIMIT,191360,0,0,26,12
3,12,2.310654e6,-1.6326498811499492,-0.8377716961065049,TIME_LIMIT,191395,0,0,32,15
3,12,2.311419e6,-1.6326206710550015,-0.8377716961065049,TIME_LIMIT,191435,0,0,26,9
3,12,2.312075e6,-1.6326206710550015,-0.8377716961065049,TIME_LIMIT,191469,0,0,35,16
3,12,2.31258e6,-1.6326006399932744,-0.8377716961065049,TIME_LIMIT,191520,0,0,33,11
3,12,2.313088e6,-1.6326006399932744,-0.8377716961065049,TIME_LIMIT,191547,0,0,35,24
3,12,2.313818e6,-1.6325892410995493,-0.8377716961065049,TIME_LIMIT,191597,0,0,30,15
3,12,2.314437e6,-1.6325892410995493,-0.8377716961065049,TIME_LIMIT,191638,0,0,30,24
3,12,2.314951e6,-1.6325743757073414,-0.8377716961065049,TIME_LIMIT,191674,0,0,28,6
3,12,2.315459e6,-1.6325743757073414,-0.8377716961065049,TIME_LIMIT,191711,0,0,35,26
3,12,2.316176e6,-1.632562211585019,-0.8377716961065049,TIME_LIMIT,191762,0,0,18,8
3,12,2.316806e6,-1.632562211585019,-0.8377716961065049,TIME_LIMIT,191796,0,0,27,15
3,12,2.317321e6,-1.6325427359393332,-0.8377716961065049,TIME_LIMIT,191846,0,0,35,13
3,12,2.317792e6,-1.6325427359393332,-0.8377716961065049,TIME_LIMIT,191881,0,0,37,21
3,12,2.318256e6,-1.6325399471896518,-0.8377716961065049,TIME_LIMIT,191923,0,0,32,22
3,12,2.318721e6,-1.6325399471896518,-0.8377716961065049,TIME_LIMIT,191957,0,0,43,31
3,12,2.319187e6,-1.632536095908287,-0.8377716961065049,TIME_LIMIT,192010,0,0,34,12
3,12,2.319667e6,-1.632536095908287,-0.8377716961065049,TIME_LIMIT,192041,0,0,33,33
3,12,2.32017e6,-1.6325312195885275,-0.8377716961065049,TIME_LIMIT,192090,0,0,12,8
3,12,2.320659e6,-1.6325312195885275,-0.8377716961065049,TIME_LIMIT,192116,0,0,43,41
3,12,2.321124e6,-1.6325141016085092,-0.8377716961065049,TIME_LIMIT,192167,0,0,35,29
3,12,2.32159e6,-1.6325141016085092,-0.8377716961065049,TIME_LIMIT,192203,0,0,48,27
3,12,2.322054e6,-1.6324953583090787,-0.8377716961065049,TIME_LIMIT,192259,0,0,34,15
3,12,2.32252e6,-1.6324953583090787,-0.8377716961065049,TIME_LIMIT,192297,0,0,35,25
3,12,2.322984e6,-1.6324895856039894,-0.8377716961065049,TIME_LIMIT,192350,0,0,26,7
3,12,2.323449e6,-1.6324895856039894,-0.8377716961065049,TIME_LIMIT,192393,0,0,37,28
3,12,2.323915e6,-1.63248841452726,-0.8377716961065049,TIME_LIMIT,192433,0,0,30,14
3,12,2.324381e6,-1.63248841452726,-0.8377716961065049,TIME_LIMIT,192469,0,0,25,34
3,12,2.324846e6,-1.6324877218605953,-0.8377716961065049,TIME_LIMIT,192516,0,0,26,17
3,12,2.325312e6,-1.6324877218605953,-0.8377716961065049,TIME_LIMIT,192564,0,0,41,35
3,12,2.32578e6,-1.6323987315248925,-0.8377716961065049,TIME_LIMIT,192601,0,0,33,31
3,12,2.326246e6,-1.6323987315248925,-0.8377716961065049,TIME_LIMIT,192643,0,0,41,15
3,12,2.326713e6,-1.632385621569896,-0.8377716961065049,TIME_LIMIT,192682,0,0,40,11
3,12,2.327181e6,-1.632385621569896,-0.8377716961065049,TIME_LIMIT,192718,0,0,44,30
3,12,2.327647e6,-1.6323565435081522,-0.8377716961065049,TIME_LIMIT,192771,0,0,20,14
3,12,2.328118e6,-1.6323565435081522,-0.8377716961065049,TIME_LIMIT,192799,0,0,20,15
3,12,2.328592e6,-1.6323455005681622,-0.8377716961065049,TIME_LIMIT,192847,0,0,29,10
3,12,2.32906e6,-1.6323455005681622,-0.8377716961065049,TIME_LIMIT,192876,0,0,32,25
3,12,2.329525e6,-1.6323454316380102,-0.8377716961065049,TIME_LIMIT,192931,0,0,30,13
3,12,2.32999e6,-1.6323454316380102,-0.8377716961065049,TIME_LIMIT,192964,0,0,33,37
3,12,2.330455e6,-1.6323206388756104,-0.8377716961065049,TIME_LIMIT,193014,0,0,29,9
3,12,2.330924e6,-1.6323206388756104,-0.8377716961065049,TIME_LIMIT,193048,0,0,28,23
3,12,2.331391e6,-1.6322941039808287,-0.8377716961065049,TIME_LIMIT,193102,0,0,29,13
3,12,2.331857e6,-1.6322941039808287,-0.8377716961065049,TIME_LIMIT,193137,0,0,22,28
3,12,2.332322e6,-1.6322614206415644,-0.8377716961065049,TIME_LIMIT,193198,0,0,29,27
3,12,2.332789e6,-1.6322614206415644,-0.8377716961065049,TIME_LIMIT,193231,0,0,47,56
3,12,2.333254e6,-1.6322572002143523,-0.8377716961065049,TIME_LIMIT,193291,0,0,33,15
3,12,2.333721e6,-1.6322572002143523,-0.8377716961065049,TIME_LIMIT,193324,0,0,48,22
3,12,2.334185e6,-1.6322378190476157,-0.8377716961065049,TIME_LIMIT,193373,0,0,29,10
3,12,2.33465e6,-1.6322378190476157,-0.8377716961065049,TIME_LIMIT,193400,0,0,29,14
3,12,2.335133e6,-1.632224154604257,-0.8377716961065049,TIME_LIMIT,193445,0,0,17,1
3,12,2.335604e6,-1.632224154604257,-0.8377716961065049,TIME_LIMIT,193481,0,0,40,28
3,12,2.336068e6,-1.6322241516453035,-0.8377716961065049,TIME_LIMIT,193532,0,0,13,10
3,12,2.336534e6,-1.6322241516453035,-0.8377716961065049,TIME_LIMIT,193563,0,0,33,43
3,12,2.336999e6,-1.6322108049131034,-0.8377716961065049,TIME_LIMIT,193613,0,0,29,20
3,12,2.337664e6,-1.6322108049131034,-0.8377716961065049,TIME_LIMIT,193642,0,0,36,22
3,12,2.338379e6,-1.6321948773743455,-0.8377716961065049,TIME_LIMIT,193691,0,0,29,12
3,12,2.339088e6,-1.6321948773743455,-0.8377716961065049,TIME_LIMIT,193720,0,0,34,23
3,12,2.339867e6,-1.6321790577444357,-0.8377716961065049,TIME_LIMIT,193775,0,0,18,7
3,12,2.340635e6,-1.6321790577444357,-0.8377716961065049,TIME_LIMIT,193812,0,0,28,23
3,12,2.341385e6,-1.6321775533605136,-0.8377716961065049,TIME_LIMIT,193861,0,0,24,14
3,12,2.342081e6,-1.6321775533605136,-0.8377716961065049,TIME_LIMIT,193899,0,0,45,53
3,12,2.342726e6,-1.6321689681064975,-0.8377716961065049,TIME_LIMIT,193960,0,0,37,21
3,12,2.343346e6,-1.6321689681064975,-0.8377716961065049,TIME_LIMIT,194001,0,0,35,24
3,12,2.343959e6,-1.632165505806648,-0.8377716961065049,TIME_LIMIT,194041,0,0,36,15
3,12,2.344574e6,-1.632165505806648,-0.8377716961065049,TIME_LIMIT,194076,0,0,35,41
3,12,2.345109e6,-1.6321386660770283,-0.8377716961065049,TIME_LIMIT,194131,0,0,27,12
3,12,2.345602e6,-1.6321386660770283,-0.8377716961065049,TIME_LIMIT,194165,0,0,36,48
3,12,2.346083e6,-1.6321194134093235,-0.8377716961065049,TIME_LIMIT,194212,0,0,25,15
3,12,2.346564e6,-1.6321194134093235,-0.8377716961065049,TIME_LIMIT,194245,0,0,38,40
3,12,2.347041e6,-1.6321093351151112,-0.8377716961065049,TIME_LIMIT,194294,0,0,33,23
3,12,2.347517e6,-1.6321093351151112,-0.8377716961065049,TIME_LIMIT,194330,0,0,35,14
3,12,2.347993e6,-1.6320929855053783,-0.8377716961065049,TIME_LIMIT,194372,0,0,30,18
3,12,2.348468e6,-1.6320929855053783,-0.8377716961065049,TIME_LIMIT,194404,0,0,22,14
3,12,2.348991e6,-1.6320511063411396,-0.8377716961065049,TIME_LIMIT,194455,0,0,31,13
3,12,2.349737e6,-1.6320511063411396,-0.8377716961065049,TIME_LIMIT,194486,0,0,36,15
3,12,2.350419e6,-1.6320227920861183,-0.8377716961065049,TIME_LIMIT,194536,0,0,33,12
3,12,2.350999e6,-1.6320227920861183,-0.8377716961065049,TIME_LIMIT,194574,0,0,43,34
3,12,2.351506e6,-1.632012480887011,-0.8377716961065049,TIME_LIMIT,194629,0,0,31,10
3,12,2.351979e6,-1.632012480887011,-0.8377716961065049,TIME_LIMIT,194659,0,0,37,31
3,12,2.352446e6,-1.6320078542099061,-0.8377716961065049,TIME_LIMIT,194714,0,0,32,16
3,12,2.352916e6,-1.6320078542099061,-0.8377716961065049,TIME_LIMIT,194748,0,0,37,22
3,12,2.353709e6,-1.6319915426684088,-0.8377716961065049,TIME_LIMIT,194797,0,0,35,15
3,12,2.354482e6,-1.6319915426684088,-0.8377716961065049,TIME_LIMIT,194834,0,0,35,22
3,12,2.355218e6,-1.6319680915076427,-0.8377716961065049,TIME_LIMIT,194878,0,0,16,11
3,12,2.355779e6,-1.6319680915076427,-0.8377716961065049,TIME_LIMIT,194914,0,0,45,32
3,12,2.356277e6,-1.6319576987925735,-0.8377716961065049,TIME_LIMIT,194964,0,0,24,11
3,12,2.357008e6,-1.6319576987925735,-0.8377716961065049,TIME_LIMIT,194995,0,0,41,25
3,12,2.357777e6,-1.63193797230056,-0.8377716961065049,TIME_LIMIT,195049,0,0,28,11
3,12,2.358553e6,-1.63193797230056,-0.8377716961065049,TIME_LIMIT,195082,0,0,38,27
3,12,2.359228e6,-1.6319175823960101,-0.8377716961065049,TIME_LIMIT,195129,0,0,17,8
3,12,2.35977e6,-1.6319175823960101,-0.8377716961065049,TIME_LIMIT,195160,0,0,37,22
3,12,2.360311e6,-1.6318968973731907,-0.8377716961065049,TIME_LIMIT,195208,0,0,21,9
3,12,2.361067e6,-1.6318968973731907,-0.8377716961065049,TIME_LIMIT,195245,0,0,38,22
3,12,2.361789e6,-1.6318952655598287,-0.8377716961065049,TIME_LIMIT,195299,0,0,30,11
3,12,2.362373e6,-1.6318952655598287,-0.8377716961065049,TIME_LIMIT,195331,0,0,39,27
3,12,2.36287e6,-1.6318578981395122,-0.8377716961065049,TIME_LIMIT,195366,0,0,19,5
3,12,2.363523e6,-1.6318578981395122,-0.8377716961065049,TIME_LIMIT,195396,0,0,35,39
3,12,2.364292e6,-1.631850162148359,-0.8377716961065049,TIME_LIMIT,195453,0,0,17,13
3,12,2.364946e6,-1.631850162148359,-0.8377716961065049,TIME_LIMIT,195484,0,0,35,24
3,12,2.365515e6,-1.6318462095911086,-0.8377716961065049,TIME_LIMIT,195539,0,0,31,13
3,12,2.365999e6,-1.6318462095911086,-0.8377716961065049,TIME_LIMIT,195568,0,0,39,48
3,12,2.3667e6,-1.63182916707911,-0.8377716961065049,TIME_LIMIT,195617,0,0,32,13
3,12,2.367394e6,-1.63182916707911,-0.8377716961065049,TIME_LIMIT,195650,0,0,32,17
3,12,2.368109e6,-1.6318283249661016,-0.8377716961065049,TIME_LIMIT,195684,0,0,34,13
3,12,2.368679e6,-1.6318283249661016,-0.8377716961065049,TIME_LIMIT,195718,0,0,41,18
3,12,2.369282e6,-1.6318278794510672,-0.8377716961065049,TIME_LIMIT,195765,0,0,31,10
3,12,2.370054e6,-1.6318278794510672,-0.8377716961065049,TIME_LIMIT,195798,0,0,33,13
3,12,2.370861e6,-1.631822496678744,-0.8377716961065049,TIME_LIMIT,195834,0,0,36,7
3,12,2.371626e6,-1.631822496678744,-0.8377716961065049,TIME_LIMIT,195867,0,0,30,39
3,12,2.372299e6,-1.6318057813282898,-0.8377716961065049,TIME_LIMIT,195919,0,0,28,12
3,12,2.372812e6,-1.6318057813282898,-0.8377716961065049,TIME_LIMIT,195955,0,0,42,24
3,12,2.373395e6,-1.6318027272755327,-0.8377716961065049,TIME_LIMIT,196004,0,0,30,11
3,12,2.374177e6,-1.6318027272755327,-0.8377716961065049,TIME_LIMIT,196040,0,0,27,33
3,12,2.374965e6,-1.631782987225933,-0.8377716961065049,TIME_LIMIT,196093,0,0,32,18
3,12,2.375726e6,-1.631782987225933,-0.8377716961065049,TIME_LIMIT,196123,0,0,44,34
3,12,2.376344e6,-1.631772136968072,-0.8377716961065049,TIME_LIMIT,196172,0,0,29,24
3,12,2.376916e6,-1.631772136968072,-0.8377716961065049,TIME_LIMIT,196210,0,0,39,16
3,12,2.377661e6,-1.631770385543405,-0.8377716961065049,TIME_LIMIT,196249,0,0,30,17
3,12,2.378436e6,-1.631770385543405,-0.8377716961065049,TIME_LIMIT,196279,0,0,27,30
3,12,2.379203e6,-1.6317595915861163,-0.8377716961065049,TIME_LIMIT,196335,0,0,29,11
3,12,2.379893e6,-1.6317595915861163,-0.8377716961065049,TIME_LIMIT,196369,0,0,20,12
3,12,2.380449e6,-1.6317294152379471,-0.8377716961065049,TIME_LIMIT,196406,0,0,16,12
3,12,2.380933e6,-1.6317294152379471,-0.8377716961065049,TIME_LIMIT,196438,0,0,23,21
3,12,2.381676e6,-1.631729290799912,-0.8377716961065049,TIME_LIMIT,196485,0,0,24,15
3,12,2.382481e6,-1.631729290799912,-0.8377716961065049,TIME_LIMIT,196528,0,0,48,23
3,12,2.383292e6,-1.6317230695569043,-0.8377716961065049,TIME_LIMIT,196578,0,0,19,6
3,12,2.384041e6,-1.6317230695569043,-0.8377716961065049,TIME_LIMIT,196615,0,0,34,22
3,12,2.384608e6,-1.631705958779853,-0.8377716961065049,TIME_LIMIT,196664,0,0,28,10
3,12,2.38506e6,-1.631705958779853,-0.8377716961065049,TIME_LIMIT,196704,0,0,30,25
3,12,2.385712e6,-1.631654298208836,-0.8377716961065049,TIME_LIMIT,196760,0,0,19,16
3,12,2.386531e6,-1.631654298208836,-0.8377716961065049,TIME_LIMIT,196804,0,0,30,4
3,12,2.387321e6,-1.6316252505186972,-0.8377716961065049,TIME_LIMIT,196834,0,0,27,11
3,12,2.388117e6,-1.6316252505186972,-0.8377716961065049,TIME_LIMIT,196867,0,0,50,19
3,12,2.388762e6,-1.6316181556901528,-0.8377716961065049,TIME_LIMIT,196920,0,0,32,8
3,12,2.389276e6,-1.6316181556901528,-0.8377716961065049,TIME_LIMIT,196951,0,0,42,24
3,12,2.389966e6,-1.631583877192749,-0.8377716961065049,TIME_LIMIT,197000,0,0,18,10
3,12,2.390754e6,-1.631583877192749,-0.8377716961065049,TIME_LIMIT,197034,0,0,32,25
3,12,2.391569e6,-1.6315783325153201,-0.8377716961065049,TIME_LIMIT,197080,0,0,32,16
3,12,2.392346e6,-1.6315783325153201,-0.8377716961065049,TIME_LIMIT,197114,0,0,37,20
3,12,2.393035e6,-1.6315750008566245,-0.8377716961065049,TIME_LIMIT,197170,0,0,24,10
3,12,2.393566e6,-1.6315750008566245,-0.8377716961065049,TIME_LIMIT,197201,0,0,33,14
3,12,2.394046e6,-1.6315669841376574,-0.8377716961065049,TIME_LIMIT,197240,0,0,34,13
3,12,2.394513e6,-1.6315669841376574,-0.8377716961065049,TIME_LIMIT,197271,0,0,29,16
3,12,2.394979e6,-1.631550528264852,-0.8377716961065049,TIME_LIMIT,197316,0,0,27,13
3,12,2.395447e6,-1.631550528264852,-0.8377716961065049,TIME_LIMIT,197342,0,0,40,35
3,12,2.395912e6,-1.6315128913739976,-0.8377716961065049,TIME_LIMIT,197392,0,0,27,17
3,12,2.396381e6,-1.6315128913739976,-0.8377716961065049,TIME_LIMIT,197429,0,0,38,38
3,12,2.396851e6,-1.63146655511662,-0.8377716961065049,TIME_LIMIT,197481,0,0,30,11
3,12,2.397318e6,-1.63146655511662,-0.8377716961065049,TIME_LIMIT,197512,0,0,47,41
3,12,2.397784e6,-1.6314614564770893,-0.8377716961065049,TIME_LIMIT,197564,0,0,25,12
3,12,2.398247e6,-1.6314614564770893,-0.8377716961065049,TIME_LIMIT,197596,0,0,38,25
3,12,2.398712e6,-1.631441180531682,-0.8377716961065049,TIME_LIMIT,197642,0,0,25,10
3,12,2.399177e6,-1.631441180531682,-0.8377716961065049,TIME_LIMIT,197669,0,0,30,14
3,12,2.39964e6,-1.6314363844450894,-0.8377716961065049,TIME_LIMIT,197717,0,0,29,11
3,12,2.400105e6,-1.6314363844450894,-0.8377716961065049,TIME_LIMIT,197750,0,0,39,20
3,12,2.400579e6,-1.6314067137135213,-0.8377716961065049,TIME_LIMIT,197792,0,0,19,5
3,12,2.401029e6,-1.6314067137135213,-0.8377716961065049,TIME_LIMIT,197815,0,0,26,38
3,12,2.401495e6,-1.6313993931494675,-0.8377716961065049,TIME_LIMIT,197867,0,0,31,19
3,12,2.401961e6,-1.6313993931494675,-0.8377716961065049,TIME_LIMIT,197900,0,0,46,34
3,12,2.402426e6,-1.6313893463876945,-0.8377716961065049,TIME_LIMIT,197951,0,0,27,12
3,12,2.402893e6,-1.6313893463876945,-0.8377716961065049,TIME_LIMIT,197993,0,0,28,15
3,12,2.403359e6,-1.6313768825458046,-0.8377716961065049,TIME_LIMIT,198030,0,0,25,18
3,12,2.403829e6,-1.6313768825458046,-0.8377716961065049,TIME_LIMIT,198066,0,0,31,23
3,12,2.404295e6,-1.6313742486927034,-0.8377716961065049,TIME_LIMIT,198124,0,0,37,15
3,12,2.40477e6,-1.6313742486927034,-0.8377716961065049,TIME_LIMIT,198160,0,0,31,45
3,12,2.405239e6,-1.6313611177615366,-0.8377716961065049,TIME_LIMIT,198214,0,0,27,16
3,12,2.405705e6,-1.6313611177615366,-0.8377716961065049,TIME_LIMIT,198246,0,0,24,17
3,12,2.406171e6,-1.631355700712359,-0.8377716961065049,TIME_LIMIT,198296,0,0,30,19
3,12,2.406639e6,-1.631355700712359,-0.8377716961065049,TIME_LIMIT,198331,0,0,52,36
3,12,2.407106e6,-1.631355280502362,-0.8377716961065049,TIME_LIMIT,198380,0,0,32,13
3,12,2.407572e6,-1.631355280502362,-0.8377716961065049,TIME_LIMIT,198406,0,0,31,23
3,12,2.408043e6,-1.63133176770519,-0.8377716961065049,TIME_LIMIT,198458,0,0,33,6
3,12,2.40851e6,-1.63133176770519,-0.8377716961065049,TIME_LIMIT,198489,0,0,33,41
3,12,2.408977e6,-1.6313289754480562,-0.8377716961065049,TIME_LIMIT,198546,0,0,33,11
3,12,2.409445e6,-1.6313289754480562,-0.8377716961065049,TIME_LIMIT,198581,0,0,56,38
3,12,2.409912e6,-1.6313235455963142,-0.8377716961065049,TIME_LIMIT,198643,0,0,36,15
3,12,2.41038e6,-1.6313235455963142,-0.8377716961065049,TIME_LIMIT,198688,0,0,25,19
3,12,2.410846e6,-1.6313176160542369,-0.8377716961065049,TIME_LIMIT,198727,0,0,41,14
3,12,2.411311e6,-1.6313176160542369,-0.8377716961065049,TIME_LIMIT,198752,0,0,35,30
3,12,2.411777e6,-1.6313032231516507,-0.8377716961065049,TIME_LIMIT,198802,0,0,32,9
3,12,2.412244e6,-1.6313032231516507,-0.8377716961065049,TIME_LIMIT,198832,0,0,43,40
3,12,2.412712e6,-1.631272241326994,-0.8377716961065049,TIME_LIMIT,198869,0,0,39,14
3,12,2.413177e6,-1.631272241326994,-0.8377716961065049,TIME_LIMIT,198904,0,0,29,19
3,12,2.413643e6,-1.6312651642706342,-0.8377716961065049,TIME_LIMIT,198947,0,0,20,6
3,12,2.414114e6,-1.6312651642706342,-0.8377716961065049,TIME_LIMIT,198974,0,0,25,18
3,12,2.414593e6,-1.6312497902351621,-0.8377716961065049,TIME_LIMIT,199025,0,0,26,9
3,12,2.415062e6,-1.6312497902351621,-0.8377716961065049,TIME_LIMIT,199051,0,0,31,13
3,12,2.415528e6,-1.631230846843556,-0.8377716961065049,TIME_LIMIT,199091,0,0,27,1
3,12,2.416006e6,-1.631230846843556,-0.8377716961065049,TIME_LIMIT,199124,0,0,35,25
3,12,2.416478e6,-1.6312220046269925,-0.8377716961065049,TIME_LIMIT,199168,0,0,21,9
3,12,2.416951e6,-1.6312220046269925,-0.8377716961065049,TIME_LIMIT,199204,0,0,35,28
3,12,2.417426e6,-1.631201796089809,-0.8377716961065049,TIME_LIMIT,199239,0,0,26,22
3,12,2.417904e6,-1.631201796089809,-0.8377716961065049,TIME_LIMIT,199278,0,0,42,22
3,12,2.418373e6,-1.6311794655230782,-0.8377716961065049,TIME_LIMIT,199327,0,0,24,15
3,12,2.418847e6,-1.6311794655230782,-0.8377716961065049,TIME_LIMIT,199357,0,0,36,23
3,12,2.419327e6,-1.6311562380945572,-0.8377716961065049,TIME_LIMIT,199403,0,0,32,7
3,12,2.419798e6,-1.6311562380945572,-0.8377716961065049,TIME_LIMIT,199435,0,0,43,41
3,12,2.420251e6,-1.6311438804453753,-0.8377716961065049,TIME_LIMIT,199488,0,0,18,12
3,12,2.420719e6,-1.6311438804453753,-0.8377716961065049,TIME_LIMIT,199529,0,0,33,16
3,12,2.421193e6,-1.6311369110371745,-0.8377716961065049,TIME_LIMIT,199568,0,0,33,15
3,12,2.421672e6,-1.6311369110371745,-0.8377716961065049,TIME_LIMIT,199603,0,0,21,16
3,12,2.422127e6,-1.6311180947271868,-0.8377716961065049,TIME_LIMIT,199668,0,0,37,11
3,12,2.422533e6,-1.6311180947271868,-0.8377716961065049,TIME_LIMIT,199711,0,0,38,18
3,12,2.423013e6,-1.6311169340462275,-0.8377716961065049,TIME_LIMIT,199739,0,0,33,12
3,12,2.423482e6,-1.6311169340462275,-0.8377716961065049,TIME_LIMIT,199774,0,0,18,11
3,12,2.423972e6,-1.6311017950971298,-0.8377716961065049,TIME_LIMIT,199815,0,0,27,16
3,12,2.42445e6,-1.6311017950971298,-0.8377716961065049,TIME_LIMIT,199844,0,0,22,11
3,12,2.424931e6,-1.6310998869881033,-0.8377716961065049,TIME_LIMIT,199895,0,0,28,11
3,12,2.425401e6,-1.6310998869881033,-0.8377716961065049,TIME_LIMIT,199926,0,0,37,24
3,12,2.425871e6,-1.631095168800162,-0.8377716961065049,TIME_LIMIT,199979,0,0,22,9
3,12,2.426348e6,-1.631095168800162,-0.8377716961065049,TIME_LIMIT,200008,0,0,38,21
3,12,2.426818e6,-1.6310470596790057,-0.8377716961065049,TIME_LIMIT,200059,0,0,33,9
3,12,2.427275e6,-1.6310470596790057,-0.8377716961065049,TIME_LIMIT,200091,0,0,27,24
3,12,2.427746e6,-1.6310377268924263,-0.8377716961065049,TIME_LIMIT,200147,0,0,18,12
3,12,2.428215e6,-1.6310377268924263,-0.8377716961065049,TIME_LIMIT,200186,0,0,31,20
3,12,2.428696e6,-1.6310372847095926,-0.8377716961065049,TIME_LIMIT,200222,0,0,32,21
3,12,2.429167e6,-1.6310372847095926,-0.8377716961065049,TIME_LIMIT,200250,0,0,26,22
3,12,2.429641e6,-1.6309956457375978,-0.8377716961065049,TIME_LIMIT,200297,0,0,20,7
3,12,2.43012e6,-1.6309956457375978,-0.8377716961065049,TIME_LIMIT,200325,0,0,41,42
3,12,2.430594e6,-1.6309836010176095,-0.8377716961065049,TIME_LIMIT,200370,0,0,30,23
3,12,2.431063e6,-1.6309836010176095,-0.8377716961065049,TIME_LIMIT,200399,0,0,26,35
3,12,2.43154e6,-1.6309815475149545,-0.8377716961065049,TIME_LIMIT,200448,0,0,33,20
3,12,2.432018e6,-1.6309815475149545,-0.8377716961065049,TIME_LIMIT,200487,0,0,38,12
3,12,2.432492e6,-1.630950516382786,-0.8377716961065049,TIME_LIMIT,200530,0,0,37,13
3,12,2.432965e6,-1.630950516382786,-0.8377716961065049,TIME_LIMIT,200561,0,0,41,45
3,12,2.433442e6,-1.630944512020705,-0.8377716961065049,TIME_LIMIT,200622,0,0,35,13
3,12,2.433919e6,-1.630944512020705,-0.8377716961065049,TIME_LIMIT,200662,0,0,40,29
3,12,2.434389e6,-1.6309271606425302,-0.8377716961065049,TIME_LIMIT,200715,0,0,22,14
3,12,2.434859e6,-1.6309271606425302,-0.8377716961065049,TIME_LIMIT,200749,0,0,44,22
3,12,2.435343e6,-1.6308978115955468,-0.8377716961065049,TIME_LIMIT,200802,0,0,36,8
3,12,2.435824e6,-1.6308978115955468,-0.8377716961065049,TIME_LIMIT,200830,0,0,51,69
3,12,2.436299e6,-1.6308787302262178,-0.8377716961065049,TIME_LIMIT,200890,0,0,21,14
3,12,2.436773e6,-1.6308787302262178,-0.8377716961065049,TIME_LIMIT,200929,0,0,13,38
3,12,2.437242e6,-1.6308546393135797,-0.8377716961065049,TIME_LIMIT,200989,0,0,34,18
3,12,2.437742e6,-1.6308546393135797,-0.8377716961065049,TIME_LIMIT,201026,0,0,32,26
3,12,2.438221e6,-1.6308472013163788,-0.8377716961065049,TIME_LIMIT,201077,0,0,31,9
3,12,2.438697e6,-1.6308472013163788,-0.8377716961065049,TIME_LIMIT,201104,0,0,35,30
3,12,2.439171e6,-1.630837004548851,-0.8377716961065049,TIME_LIMIT,201155,0,0,27,7
3,12,2.43965e6,-1.630837004548851,-0.8377716961065049,TIME_LIMIT,201189,0,0,40,31
3,12,2.440125e6,-1.6308315599054122,-0.8377716961065049,TIME_LIMIT,201244,0,0,33,11
3,12,2.440601e6,-1.6308315599054122,-0.8377716961065049,TIME_LIMIT,201274,0,0,42,23
3,12,2.441073e6,-1.63080399653862,-0.8377716961065049,TIME_LIMIT,201325,0,0,23,7
3,12,2.441528e6,-1.63080399653862,-0.8377716961065049,TIME_LIMIT,201353,0,0,39,27
3,12,2.442005e6,-1.6308028635632352,-0.8377716961065049,TIME_LIMIT,201402,0,0,15,8
3,12,2.442474e6,-1.6308028635632352,-0.8377716961065049,TIME_LIMIT,201446,0,0,37,23
3,12,2.442944e6,-1.6307966978632524,-0.8377716961065049,TIME_LIMIT,201484,0,0,38,20
3,12,2.443428e6,-1.6307966978632524,-0.8377716961065049,TIME_LIMIT,201517,0,0,37,25
3,12,2.443901e6,-1.630766977295821,-0.8377716961065049,TIME_LIMIT,201568,0,0,33,9
3,12,2.444373e6,-1.630766977295821,-0.8377716961065049,TIME_LIMIT,201596,0,0,21,12
3,12,2.44485e6,-1.6307522329038204,-0.8377716961065049,TIME_LIMIT,201652,0,0,32,12
3,12,2.445328e6,-1.6307522329038204,-0.8377716961065049,TIME_LIMIT,201681,0,0,44,56
3,12,2.4458e6,-1.6307272856517228,-0.8377716961065049,TIME_LIMIT,201737,0,0,35,15
3,12,2.44628e6,-1.6307272856517228,-0.8377716961065049,TIME_LIMIT,201766,0,0,33,20
3,12,2.446752e6,-1.6307254352252774,-0.8377716961065049,TIME_LIMIT,201814,0,0,22,5
3,12,2.447231e6,-1.6307254352252774,-0.8377716961065049,TIME_LIMIT,201852,0,0,19,18
3,12,2.447711e6,-1.630724515161408,-0.8377716961065049,TIME_LIMIT,201900,0,0,32,14
3,12,2.448181e6,-1.630724515161408,-0.8377716961065049,TIME_LIMIT,201929,0,0,43,47
3,12,2.448649e6,-1.630694306303179,-0.8377716961065049,TIME_LIMIT,201984,0,0,30,20
3,12,2.449123e6,-1.630694306303179,-0.8377716961065049,TIME_LIMIT,202020,0,0,54,72
3,12,2.449602e6,-1.630621117744831,-0.8377716961065049,TIME_LIMIT,202081,0,0,35,18
3,12,2.450053e6,-1.630621117744831,-0.8377716961065049,TIME_LIMIT,202114,0,0,29,7
3,12,2.450522e6,-1.6306016443105538,-0.8377716961065049,TIME_LIMIT,202152,0,0,28,19
3,12,2.451001e6,-1.6306016443105538,-0.8377716961065049,TIME_LIMIT,202193,0,0,48,35
3,12,2.451476e6,-1.63058723999978,-0.8377716961065049,TIME_LIMIT,202253,0,0,33,23
3,12,2.451949e6,-1.63058723999978,-0.8377716961065049,TIME_LIMIT,202292,0,0,30,29
3,12,2.452421e6,-1.6305638324727543,-0.8377716961065049,TIME_LIMIT,202324,0,0,34,23
3,12,2.452898e6,-1.6305638324727543,-0.8377716961065049,TIME_LIMIT,202354,0,0,41,39
3,12,2.453374e6,-1.6305581764698704,-0.8377716961065049,TIME_LIMIT,202407,0,0,34,13
3,12,2.453849e6,-1.6305581764698704,-0.8377716961065049,TIME_LIMIT,202440,0,0,33,11
3,12,2.454349e6,-1.6305439462585751,-0.8377716961065049,TIME_LIMIT,202483,0,0,35,14
3,12,2.454826e6,-1.6305439462585751,-0.8377716961065049,TIME_LIMIT,202520,0,0,40,21
3,12,2.455303e6,-1.6305132214595657,-0.8377716961065049,TIME_LIMIT,202571,0,0,33,7
3,12,2.455778e6,-1.6305132214595657,-0.8377716961065049,TIME_LIMIT,202599,0,0,40,19
3,12,2.45625e6,-1.630512384066836,-0.8377716961065049,TIME_LIMIT,202653,0,0,31,6
3,12,2.456719e6,-1.630512384066836,-0.8377716961065049,TIME_LIMIT,202684,0,0,37,22
3,12,2.457196e6,-1.6305063341944208,-0.8377716961065049,TIME_LIMIT,202729,0,0,27,9
3,12,2.457667e6,-1.6305063341944208,-0.8377716961065049,TIME_LIMIT,202757,0,0,18,18
3,12,2.458121e6,-1.6304915534318747,-0.8377716961065049,TIME_LIMIT,202805,0,0,29,11
3,12,2.458601e6,-1.6304915534318747,-0.8377716961065049,TIME_LIMIT,202847,0,0,43,22
3,12,2.459072e6,-1.6304880189057518,-0.8377716961065049,TIME_LIMIT,202886,0,0,23,19
3,12,2.459548e6,-1.6304880189057518,-0.8377716961065049,TIME_LIMIT,202920,0,0,24,49
3,12,2.460026e6,-1.63046443769013,-0.8377716961065049,TIME_LIMIT,202976,0,0,31,14
3,12,2.460496e6,-1.63046443769013,-0.8377716961065049,TIME_LIMIT,203004,0,0,32,27
3,12,2.460969e6,-1.630460372536012,-0.8377716961065049,TIME_LIMIT,203055,0,0,28,13
3,12,2.46145e6,-1.630460372536012,-0.8377716961065049,TIME_LIMIT,203084,0,0,28,34
3,12,2.461919e6,-1.6304592087053325,-0.8377716961065049,TIME_LIMIT,203136,0,0,33,12
3,12,2.462412e6,-1.6304592087053325,-0.8377716961065049,TIME_LIMIT,203175,0,0,41,24
3,12,2.462884e6,-1.630450873027462,-0.8377716961065049,TIME_LIMIT,203230,0,0,25,6
3,12,2.463363e6,-1.630450873027462,-0.8377716961065049,TIME_LIMIT,203260,0,0,40,41
3,12,2.463837e6,-1.6304491169288917,-0.8377716961065049,TIME_LIMIT,203313,0,0,33,17
3,12,2.464311e6,-1.6304491169288917,-0.8377716961065049,TIME_LIMIT,203352,0,0,47,51
3,12,2.464788e6,-1.6304479453045682,-0.8377716961065049,TIME_LIMIT,203401,0,0,31,19
3,12,2.465257e6,-1.6304479453045682,-0.8377716961065049,TIME_LIMIT,203428,0,0,40,18
3,12,2.465712e6,-1.6304476297103594,-0.8377716961065049,TIME_LIMIT,203480,0,0,33,11
3,12,2.466193e6,-1.6304476297103594,-0.8377716961065049,TIME_LIMIT,203515,0,0,49,35
3,12,2.466667e6,-1.6304468154238088,-0.8377716961065049,TIME_LIMIT,203568,0,0,19,9
3,12,2.46714e6,-1.6304468154238088,-0.8377716961065049,TIME_LIMIT,203609,0,0,21,6
3,12,2.467612e6,-1.630436943378614,-0.8377716961065049,TIME_LIMIT,203646,0,0,32,15
3,12,2.468095e6,-1.630436943378614,-0.8377716961065049,TIME_LIMIT,203672,0,0,36,21
3,12,2.468578e6,-1.6304109646977345,-0.8377716961065049,TIME_LIMIT,203723,0,0,25,10
3,12,2.469054e6,-1.6304109646977345,-0.8377716961065049,TIME_LIMIT,203759,0,0,37,19
3,12,2.469532e6,-1.6303918182322947,-0.8377716961065049,TIME_LIMIT,203814,0,0,28,13
3,12,2.470007e6,-1.6303918182322947,-0.8377716961065049,TIME_LIMIT,203838,0,0,35,42
3,12,2.470478e6,-1.6303786007305194,-0.8377716961065049,TIME_LIMIT,203897,0,0,34,15
3,12,2.470961e6,-1.6303786007305194,-0.8377716961065049,TIME_LIMIT,203928,0,0,29,17
3,12,2.47143e6,-1.6303659667681314,-0.8377716961065049,TIME_LIMIT,203980,0,0,34,11
3,12,2.4719e6,-1.6303659667681314,-0.8377716961065049,TIME_LIMIT,204011,0,0,38,22
3,12,2.472375e6,-1.6303598737280525,-0.8377716961065049,TIME_LIMIT,204059,0,0,35,8
3,12,2.472853e6,-1.6303598737280525,-0.8377716961065049,TIME_LIMIT,204097,0,0,29,9
3,12,2.473312e6,-1.630352745747753,-0.8377716961065049,TIME_LIMIT,204139,0,0,41,18
3,12,2.473782e6,-1.630352745747753,-0.8377716961065049,TIME_LIMIT,204179,0,0,39,24
3,12,2.474259e6,-1.6303337393631832,-0.8377716961065049,TIME_LIMIT,204219,0,0,24,6
3,12,2.474734e6,-1.6303337393631832,-0.8377716961065049,TIME_LIMIT,204253,0,0,42,26
3,12,2.475204e6,-1.6303075963170583,-0.8377716961065049,TIME_LIMIT,204305,0,0,38,8
3,12,2.475677e6,-1.6303075963170583,-0.8377716961065049,TIME_LIMIT,204342,0,0,44,27
3,12,2.47616e6,-1.6302992608049138,-0.8377716961065049,TIME_LIMIT,204389,0,0,16,18
3,12,2.476629e6,-1.6302992608049138,-0.8377716961065049,TIME_LIMIT,204427,0,0,31,17
3,12,2.477103e6,-1.6302934777889033,-0.8377716961065049,TIME_LIMIT,204461,0,0,28,10
3,12,2.47758e6,-1.6302934777889033,-0.8377716961065049,TIME_LIMIT,204498,0,0,25,23
3,12,2.478051e6,-1.6302606733095675,-0.8377716961065049,TIME_LIMIT,204553,0,0,25,15
3,12,2.478526e6,-1.6302606733095675,-0.8377716961065049,TIME_LIMIT,204597,0,0,41,13
3,12,2.478745e6,-1.6302408804731576,-0.8377716961065049,TIME_LIMIT,204632,0,0,34,14
3,12,2.479215e6,-1.6302408804731576,-0.8377716961065049,TIME_LIMIT,204665,0,0,48,37
3,12,2.479688e6,-1.6302293226372222,-0.8377716961065049,TIME_LIMIT,204723,0,0,15,12
3,12,2.480165e6,-1.6302293226372222,-0.8377716961065049,TIME_LIMIT,204757,0,0,44,31
3,12,2.480637e6,-1.6302124878980155,-0.8377716961065049,TIME_LIMIT,204809,0,0,36,12
3,12,2.481108e6,-1.6302124878980155,-0.8377716961065049,TIME_LIMIT,204843,0,0,44,42
3,12,2.481583e6,-1.630171941715173,-0.8377716961065049,TIME_LIMIT,204899,0,0,31,15
3,12,2.482056e6,-1.630171941715173,-0.8377716961065049,TIME_LIMIT,204936,0,0,45,21
3,12,2.482531e6,-1.6301645172125634,-0.8377716961065049,TIME_LIMIT,204994,0,0,34,12
3,12,2.482991e6,-1.6301645172125634,-0.8377716961065049,TIME_LIMIT,205028,0,0,18,21
3,12,2.483471e6,-1.6301031450899945,-0.8377716961065049,TIME_LIMIT,205075,0,0,30,12
3,12,2.483942e6,-1.6301031450899945,-0.8377716961065049,TIME_LIMIT,205104,0,0,35,34
3,12,2.484417e6,-1.6300927531830556,-0.8377716961065049,TIME_LIMIT,205152,0,0,25,9
3,12,2.484898e6,-1.6300927531830556,-0.8377716961065049,TIME_LIMIT,205181,0,0,43,44
3,12,2.485367e6,-1.6300876932664765,-0.8377716961065049,TIME_LIMIT,205229,0,0,26,29
3,12,2.485837e6,-1.6300876932664765,-0.8377716961065049,TIME_LIMIT,205260,0,0,40,26
3,12,2.486313e6,-1.630072148109463,-0.8377716961065049,TIME_LIMIT,205306,0,0,27,14
3,12,2.486785e6,-1.630072148109463,-0.8377716961065049,TIME_LIMIT,205346,0,0,40,30
3,12,2.487262e6,-1.6300438942889746,-0.8377716961065049,TIME_LIMIT,205380,0,0,35,25
3,12,2.48773e6,-1.6300438942889746,-0.8377716961065049,TIME_LIMIT,205406,0,0,33,19
3,12,2.488201e6,-1.6300200821976847,-0.8377716961065049,TIME_LIMIT,205460,0,0,28,11
3,12,2.488681e6,-1.6300200821976847,-0.8377716961065049,TIME_LIMIT,205493,0,0,30,16
3,12,2.489149e6,-1.6300125694923906,-0.8377716961065049,TIME_LIMIT,205525,0,0,24,11
3,12,2.489611e6,-1.6300125694923906,-0.8377716961065049,TIME_LIMIT,205561,0,0,47,20
3,12,2.490085e6,-1.6299824083465653,-0.8377716961065049,TIME_LIMIT,205614,0,0,15,12
3,12,2.490563e6,-1.6299824083465653,-0.8377716961065049,TIME_LIMIT,205654,0,0,47,45
3,12,2.491042e6,-1.62997975824728,-0.8377716961065049,TIME_LIMIT,205706,0,0,27,18
3,12,2.49151e6,-1.62997975824728,-0.8377716961065049,TIME_LIMIT,205744,0,0,19,38
3,12,2.491984e6,-1.6299742654850873,-0.8377716961065049,TIME_LIMIT,205797,0,0,32,10
3,12,2.492461e6,-1.6299742654850873,-0.8377716961065049,TIME_LIMIT,205829,0,0,39,21
3,12,2.492931e6,-1.6299723971808913,-0.8377716961065049,TIME_LIMIT,205876,0,0,14,6
3,12,2.493401e6,-1.6299723971808913,-0.8377716961065049,TIME_LIMIT,205911,0,0,34,25
3,12,2.493872e6,-1.6299564852869377,-0.8377716961065049,TIME_LIMIT,205951,0,0,41,18
3,12,2.494352e6,-1.6299564852869377,-0.8377716961065049,TIME_LIMIT,205977,0,0,43,23
3,12,2.494824e6,-1.6299518867864116,-0.8377716961065049,TIME_LIMIT,206022,0,0,28,7
3,12,2.495298e6,-1.6299518867864116,-0.8377716961065049,TIME_LIMIT,206060,0,0,36,17
3,12,2.495778e6,-1.6299199798407793,-0.8377716961065049,TIME_LIMIT,206099,0,0,17,10
3,12,2.496234e6,-1.6299199798407793,-0.8377716961065049,TIME_LIMIT,206139,0,0,41,16
3,12,2.496702e6,-1.6299092448387718,-0.8377716961065049,TIME_LIMIT,206178,0,0,40,15
3,12,2.497184e6,-1.6299092448387718,-0.8377716961065049,TIME_LIMIT,206216,0,0,29,10
3,12,2.497659e6,-1.6298838746683704,-0.8377716961065049,TIME_LIMIT,206264,0,0,34,10
3,12,2.498129e6,-1.6298838746683704,-0.8377716961065049,TIME_LIMIT,206305,0,0,38,17
3,12,2.498603e6,-1.629877665254683,-0.8377716961065049,TIME_LIMIT,206338,0,0,34,12
3,12,2.49908e6,-1.629877665254683,-0.8377716961065049,TIME_LIMIT,206363,0,0,23,28
3,12,2.499551e6,-1.6298374694159192,-0.8377716961065049,TIME_LIMIT,206415,0,0,16,12
3,12,2.500021e6,-1.6298374694159192,-0.8377716961065049,TIME_LIMIT,206441,0,0,21,19
3,12,2.500505e6,-1.6298365102150847,-0.8377716961065049,TIME_LIMIT,206490,0,0,19,10
3,12,2.500983e6,-1.6298365102150847,-0.8377716961065049,TIME_LIMIT,206520,0,0,31,22
3,12,2.501455e6,-1.6298332058667304,-0.8377716961065049,TIME_LIMIT,206567,0,0,26,14
3,12,2.50193e6,-1.6298332058667304,-0.8377716961065049,TIME_LIMIT,206592,0,0,29,13
3,12,2.502384e6,-1.6298138715088495,-0.8377716961065049,TIME_LIMIT,206643,0,0,33,10
3,12,2.502858e6,-1.6298138715088495,-0.8377716961065049,TIME_LIMIT,206679,0,0,33,26
3,12,2.503335e6,-1.6298067367050706,-0.8377716961065049,TIME_LIMIT,206731,0,0,28,14
3,12,2.503808e6,-1.6298067367050706,-0.8377716961065049,TIME_LIMIT,206767,0,0,45,50
3,12,2.504283e6,-1.6298015110520934,-0.8377716961065049,TIME_LIMIT,206826,0,0,34,16
3,12,2.50476e6,-1.6298015110520934,-0.8377716961065049,TIME_LIMIT,206855,0,0,42,53
3,12,2.505231e6,-1.629789104797537,-0.8377716961065049,TIME_LIMIT,206903,0,0,32,15
3,12,2.505704e6,-1.629789104797537,-0.8377716961065049,TIME_LIMIT,206934,0,0,35,30
3,12,2.506176e6,-1.6297883154658306,-0.8377716961065049,TIME_LIMIT,206978,0,0,26,12
3,12,2.506655e6,-1.6297883154658306,-0.8377716961065049,TIME_LIMIT,207007,0,0,28,15
3,12,2.507126e6,-1.6297731709736747,-0.8377716961065049,TIME_LIMIT,207060,0,0,31,11
3,12,2.5076e6,-1.6297731709736747,-0.8377716961065049,TIME_LIMIT,207088,0,0,31,21
3,12,2.508078e6,-1.62975040234343,-0.8377716961065049,TIME_LIMIT,207137,0,0,30,9
3,12,2.508551e6,-1.62975040234343,-0.8377716961065049,TIME_LIMIT,207166,0,0,41,37
3,12,2.50901e6,-1.6297454704559224,-0.8377716961065049,TIME_LIMIT,207221,0,0,29,16
3,12,2.509486e6,-1.6297454704559224,-0.8377716961065049,TIME_LIMIT,207259,0,0,37,27
3,12,2.509956e6,-1.6297132127351275,-0.8377716961065049,TIME_LIMIT,207305,0,0,25,5
3,12,2.510427e6,-1.6297132127351275,-0.8377716961065049,TIME_LIMIT,207333,0,0,41,28
3,12,2.510903e6,-1.6297073126206962,-0.8377716961065049,TIME_LIMIT,207388,0,0,31,10
3,12,2.511372e6,-1.6297073126206962,-0.8377716961065049,TIME_LIMIT,207422,0,0,40,59
3,12,2.511844e6,-1.6297002037761323,-0.8377716961065049,TIME_LIMIT,207470,0,0,32,17
3,12,2.512366e6,-1.6297002037761323,-0.8377716961065049,TIME_LIMIT,207504,0,0,21,18
3,12,2.512874e6,-1.6296962067010738,-0.8377716961065049,TIME_LIMIT,207550,0,0,22,20
3,12,2.513348e6,-1.6296962067010738,-0.8377716961065049,TIME_LIMIT,207579,0,0,27,22
3,12,2.513819e6,-1.6296882547072733,-0.8377716961065049,TIME_LIMIT,207625,0,0,26,18
3,12,2.5143e6,-1.6296882547072733,-0.8377716961065049,TIME_LIMIT,207651,0,0,20,9
3,12,2.514773e6,-1.629685072748374,-0.8377716961065049,TIME_LIMIT,207703,0,0,28,13
3,12,2.515245e6,-1.629685072748374,-0.8377716961065049,TIME_LIMIT,207742,0,0,46,23
3,12,2.515708e6,-1.6296825161955113,-0.8377716961065049,TIME_LIMIT,207792,0,0,25,5
3,12,2.516194e6,-1.6296825161955113,-0.8377716961065049,TIME_LIMIT,207827,0,0,34,13
3,12,2.51668e6,-1.629671907744928,-0.8377716961065049,TIME_LIMIT,207865,0,0,30,13
3,12,2.517165e6,-1.629671907744928,-0.8377716961065049,TIME_LIMIT,207903,0,0,36,13
3,12,2.51765e6,-1.6296255850207162,-0.8377716961065049,TIME_LIMIT,207955,0,0,35,16
3,12,2.51813e6,-1.6296255850207162,-0.8377716961065049,TIME_LIMIT,207991,0,0,51,41
3,12,2.518607e6,-1.6296050349117386,-0.8377716961065049,TIME_LIMIT,208050,0,0,28,18
3,12,2.519085e6,-1.6296050349117386,-0.8377716961065049,TIME_LIMIT,208083,0,0,43,23
3,12,2.519563e6,-1.6296043853114754,-0.8377716961065049,TIME_LIMIT,208136,0,0,29,13
3,12,2.52004e6,-1.6296043853114754,-0.8377716961065049,TIME_LIMIT,208174,0,0,31,24
3,12,2.520516e6,-1.6295972185260232,-0.8377716961065049,TIME_LIMIT,208218,0,0,40,14
3,12,2.520992e6,-1.6295972185260232,-0.8377716961065049,TIME_LIMIT,208249,0,0,35,23
3,12,2.521472e6,-1.6295948627172858,-0.8377716961065049,TIME_LIMIT,208306,0,0,38,13
3,12,2.521934e6,-1.6295948627172858,-0.8377716961065049,TIME_LIMIT,208341,0,0,30,15
3,12,2.522413e6,-1.6295946306179547,-0.8377716961065049,TIME_LIMIT,208381,0,0,36,19
3,12,2.522892e6,-1.6295946306179547,-0.8377716961065049,TIME_LIMIT,208420,0,0,13,8
3,12,2.52337e6,-1.6295945810570012,-0.8377716961065049,TIME_LIMIT,208457,0,0,29,14
3,12,2.523846e6,-1.6295945810570012,-0.8377716961065049,TIME_LIMIT,208492,0,0,36,14
3,12,2.524324e6,-1.6295872069093926,-0.8377716961065049,TIME_LIMIT,208543,0,0,30,20
3,12,2.524806e6,-1.6295872069093926,-0.8377716961065049,TIME_LIMIT,208574,0,0,29,8
3,12,2.525284e6,-1.6295758403621698,-0.8377716961065049,TIME_LIMIT,208632,0,0,30,8
3,12,2.525764e6,-1.6295758403621698,-0.8377716961065049,TIME_LIMIT,208659,0,0,40,41
3,12,2.526242e6,-1.6295638273275486,-0.8377716961065049,TIME_LIMIT,208712,0,0,28,16
3,12,2.52672e6,-1.6295638273275486,-0.8377716961065049,TIME_LIMIT,208748,0,0,30,16
3,12,2.527197e6,-1.629547590013776,-0.8377716961065049,TIME_LIMIT,208809,0,0,22,10
3,12,2.527657e6,-1.629547590013776,-0.8377716961065049,TIME_LIMIT,208843,0,0,19,25
3,12,2.528139e6,-1.6295441809753937,-0.8377716961065049,TIME_LIMIT,208893,0,0,24,13
3,12,2.528616e6,-1.6295441809753937,-0.8377716961065049,TIME_LIMIT,208932,0,0,40,28
3,12,2.529093e6,-1.6295387293303703,-0.8377716961065049,TIME_LIMIT,208986,0,0,26,10
3,12,2.529575e6,-1.6295387293303703,-0.8377716961065049,TIME_LIMIT,209021,0,0,45,19
3,12,2.530054e6,-1.6295247833050477,-0.8377716961065049,TIME_LIMIT,209075,0,0,25,12
3,12,2.530531e6,-1.6295247833050477,-0.8377716961065049,TIME_LIMIT,209118,0,0,35,14
3,12,2.531011e6,-1.6295100834897938,-0.8377716961065049,TIME_LIMIT,209159,0,0,35,19
3,12,2.531493e6,-1.6295100834897938,-0.8377716961065049,TIME_LIMIT,209198,0,0,15,8
3,12,2.531967e6,-1.6294880868435153,-0.8377716961065049,TIME_LIMIT,209234,0,0,29,11
3,12,2.532445e6,-1.6294880868435153,-0.8377716961065049,TIME_LIMIT,209267,0,0,35,15
3,12,2.532925e6,-1.6294870876810064,-0.8377716961065049,TIME_LIMIT,209316,0,0,37,16
3,12,2.533405e6,-1.6294870876810064,-0.8377716961065049,TIME_LIMIT,209346,0,0,42,29
3,12,2.533881e6,-1.6294848385105547,-0.8377716961065049,TIME_LIMIT,209398,0,0,34,8
3,12,2.534358e6,-1.6294848385105547,-0.8377716961065049,TIME_LIMIT,209422,0,0,38,47
3,12,2.534837e6,-1.6294843822293574,-0.8377716961065049,TIME_LIMIT,209477,0,0,32,12
3,12,2.535316e6,-1.6294843822293574,-0.8377716961065049,TIME_LIMIT,209518,0,0,48,36
3,12,2.535793e6,-1.6294547089562303,-0.8377716961065049,TIME_LIMIT,209553,0,0,20,22
3,12,2.536272e6,-1.6294547089562303,-0.8377716961065049,TIME_LIMIT,209582,0,0,25,45
3,12,2.53675e6,-1.629446772326772,-0.8377716961065049,TIME_LIMIT,209635,0,0,36,20
3,12,2.537226e6,-1.629446772326772,-0.8377716961065049,TIME_LIMIT,209664,0,0,38,21
3,12,2.537706e6,-1.6294430023810813,-0.8377716961065049,TIME_LIMIT,209718,0,0,28,13
3,12,2.538184e6,-1.6294430023810813,-0.8377716961065049,TIME_LIMIT,209750,0,0,46,53
3,12,2.538663e6,-1.6293685651854055,-0.8377716961065049,TIME_LIMIT,209801,0,0,27,14
3,12,2.539127e6,-1.6293685651854055,-0.8377716961065049,TIME_LIMIT,209842,0,0,50,32
3,12,2.539607e6,-1.6293638251738614,-0.8377716961065049,TIME_LIMIT,209894,0,0,23,11
3,12,2.540113e6,-1.6293638251738614,-0.8377716961065049,TIME_LIMIT,209925,0,0,39,23
3,12,2.540602e6,-1.6293566231722199,-0.8377716961065049,TIME_LIMIT,209979,0,0,24,13
3,12,2.541081e6,-1.6293566231722199,-0.8377716961065049,TIME_LIMIT,210011,0,0,25,18
3,12,2.541573e6,-1.6293030594858664,-0.8377716961065049,TIME_LIMIT,210063,0,0,20,10
3,12,2.542057e6,-1.6293030594858664,-0.8377716961065049,TIME_LIMIT,210098,0,0,36,22
3,12,2.542535e6,-1.6292657874014271,-0.8377716961065049,TIME_LIMIT,210150,0,0,31,12
3,12,2.543013e6,-1.6292657874014271,-0.8377716961065049,TIME_LIMIT,210184,0,0,17,13
3,12,2.54349e6,-1.6292586924231678,-0.8377716961065049,TIME_LIMIT,210220,0,0,31,13
3,12,2.543967e6,-1.6292586924231678,-0.8377716961065049,TIME_LIMIT,210255,0,0,34,24
3,12,2.5443e6,-1.62925855420773,-0.8377716961065049,TIME_LIMIT,210298,0,0,39,20
3,12,2.544783e6,-1.62925855420773,-0.8377716961065049,TIME_LIMIT,210330,0,0,33,23
3,12,2.545248e6,-1.629244644266409,-0.8377716961065049,TIME_LIMIT,210377,0,0,32,9
3,12,2.545727e6,-1.629244644266409,-0.8377716961065049,TIME_LIMIT,210412,0,0,33,16
3,12,2.546212e6,-1.6292310573078397,-0.8377716961065049,TIME_LIMIT,210453,0,0,33,14
3,12,2.546694e6,-1.6292310573078397,-0.8377716961065049,TIME_LIMIT,210483,0,0,21,15
3,12,2.547171e6,-1.6292204179437293,-0.8377716961065049,TIME_LIMIT,210520,0,0,37,13
3,12,2.547652e6,-1.6292204179437293,-0.8377716961065049,TIME_LIMIT,210556,0,0,44,40
3,12,2.548129e6,-1.629207642598412,-0.8377716961065049,TIME_LIMIT,210601,0,0,27,14
3,12,2.548609e6,-1.629207642598412,-0.8377716961065049,TIME_LIMIT,210635,0,0,33,24
3,12,2.549089e6,-1.6291913921616217,-0.8377716961065049,TIME_LIMIT,210679,0,0,25,10
3,12,2.549569e6,-1.6291913921616217,-0.8377716961065049,TIME_LIMIT,210727,0,0,19,8
3,12,2.550051e6,-1.6291732587347847,-0.8377716961065049,TIME_LIMIT,210760,0,0,32,15
3,12,2.550529e6,-1.6291732587347847,-0.8377716961065049,TIME_LIMIT,210791,0,0,35,32
3,12,2.550991e6,-1.629165802663901,-0.8377716961065049,TIME_LIMIT,210838,0,0,22,16
3,12,2.551469e6,-1.629165802663901,-0.8377716961065049,TIME_LIMIT,210871,0,0,36,37
3,12,2.551947e6,-1.62916509885669,-0.8377716961065049,TIME_LIMIT,210923,0,0,33,25
3,12,2.552425e6,-1.62916509885669,-0.8377716961065049,TIME_LIMIT,210955,0,0,44,50
3,12,2.552906e6,-1.62916509885669,-0.8377716961065049,TIME_LIMIT,211001,0,0,24,23
3,12,2.553383e6,-1.62916509885669,-0.8377716961065049,TIME_LIMIT,211040,0,0,36,36
3,12,2.553861e6,-1.629152140030952,-0.8377716961065049,TIME_LIMIT,211084,0,0,37,12
3,12,2.554337e6,-1.629152140030952,-0.8377716961065049,TIME_LIMIT,211125,0,0,45,28
3,12,2.554818e6,-1.6291168281661883,-0.8377716961065049,TIME_LIMIT,211159,0,0,31,15
3,12,2.555301e6,-1.6291168281661883,-0.8377716961065049,TIME_LIMIT,211198,0,0,44,37
3,12,2.555778e6,-1.629105514694579,-0.8377716961065049,TIME_LIMIT,211251,0,0,32,12
3,12,2.556239e6,-1.629105514694579,-0.8377716961065049,TIME_LIMIT,211283,0,0,34,15
3,12,2.55672e6,-1.6290988624599394,-0.8377716961065049,TIME_LIMIT,211328,0,0,25,19
3,12,2.5572e6,-1.6290988624599394,-0.8377716961065049,TIME_LIMIT,211362,0,0,34,12
3,12,2.557679e6,-1.6290954004025657,-0.8377716961065049,TIME_LIMIT,211399,0,0,30,23
3,12,2.558157e6,-1.6290954004025657,-0.8377716961065049,TIME_LIMIT,211426,0,0,36,22
3,12,2.558635e6,-1.6290558018857713,-0.8377716961065049,TIME_LIMIT,211487,0,0,37,13
3,12,2.559113e6,-1.6290558018857713,-0.8377716961065049,TIME_LIMIT,211521,0,0,33,16
3,12,2.55959e6,-1.6290347852189728,-0.8377716961065049,TIME_LIMIT,211573,0,0,34,16
3,12,2.560067e6,-1.6290347852189728,-0.8377716961065049,TIME_LIMIT,211609,0,0,39,29
3,12,2.560542e6,-1.6290247539189235,-0.8377716961065049,TIME_LIMIT,211660,0,0,27,13
3,12,2.561022e6,-1.6290247539189235,-0.8377716961065049,TIME_LIMIT,211692,0,0,14,49
3,12,2.561483e6,-1.6290070742938625,-0.8377716961065049,TIME_LIMIT,211742,0,0,35,7
3,12,2.561961e6,-1.6290070742938625,-0.8377716961065049,TIME_LIMIT,211775,0,0,36,27
3,12,2.562437e6,-1.6289704849977953,-0.8377716961065049,TIME_LIMIT,211811,0,0,33,24
3,12,2.562917e6,-1.6289704849977953,-0.8377716961065049,TIME_LIMIT,211845,0,0,53,60
3,12,2.563395e6,-1.6289670537942444,-0.8377716961065049,TIME_LIMIT,211900,0,0,29,25
3,12,2.563871e6,-1.6289670537942444,-0.8377716961065049,TIME_LIMIT,211931,0,0,29,26
3,12,2.564348e6,-1.6289465315274523,-0.8377716961065049,TIME_LIMIT,211980,0,0,26,11
3,12,2.564825e6,-1.6289465315274523,-0.8377716961065049,TIME_LIMIT,212018,0,0,37,10
3,12,2.565299e6,-1.628924021310185,-0.8377716961065049,TIME_LIMIT,212051,0,0,30,21
3,12,2.565775e6,-1.628924021310185,-0.8377716961065049,TIME_LIMIT,212082,0,0,43,23
3,12,2.566255e6,-1.6289126366764848,-0.8377716961065049,TIME_LIMIT,212134,0,0,32,16
3,12,2.566715e6,-1.6289126366764848,-0.8377716961065049,TIME_LIMIT,212166,0,0,31,31
3,12,2.567193e6,-1.6289126366764848,-0.8377716961065049,TIME_LIMIT,212219,0,0,16,9
3,12,2.56767e6,-1.6289126366764848,-0.8377716961065049,TIME_LIMIT,212257,0,0,30,14
3,12,2.568147e6,-1.6289103733553656,-0.8377716961065049,TIME_LIMIT,212293,0,0,29,15
3,12,2.568624e6,-1.6289103733553656,-0.8377716961065049,TIME_LIMIT,212328,0,0,44,42
3,12,2.569101e6,-1.628808299631382,-0.8377716961065049,TIME_LIMIT,212386,0,0,38,15
3,12,2.569577e6,-1.628808299631382,-0.8377716961065049,TIME_LIMIT,212425,0,0,30,20
3,12,2.570054e6,-1.6288065078796572,-0.8377716961065049,TIME_LIMIT,212465,0,0,33,13
3,12,2.570529e6,-1.6288065078796572,-0.8377716961065049,TIME_LIMIT,212489,0,0,30,23
3,12,2.571006e6,-1.6287992111588587,-0.8377716961065049,TIME_LIMIT,212534,0,0,30,19
3,12,2.571465e6,-1.6287992111588587,-0.8377716961065049,TIME_LIMIT,212566,0,0,17,12
3,12,2.571943e6,-1.628787510640918,-0.8377716961065049,TIME_LIMIT,212614,0,0,22,15
3,12,2.572422e6,-1.628787510640918,-0.8377716961065049,TIME_LIMIT,212649,0,0,34,42
3,12,2.572898e6,-1.628785973389064,-0.8377716961065049,TIME_LIMIT,212703,0,0,35,20
3,12,2.573376e6,-1.628785973389064,-0.8377716961065049,TIME_LIMIT,212736,0,0,25,19
3,12,2.573853e6,-1.6287858334315868,-0.8377716961065049,TIME_LIMIT,212787,0,0,32,18
3,12,2.574329e6,-1.6287858334315868,-0.8377716961065049,TIME_LIMIT,212822,0,0,36,25
3,12,2.574805e6,-1.6287818060676706,-0.8377716961065049,TIME_LIMIT,212876,0,0,29,20
3,12,2.575283e6,-1.6287818060676706,-0.8377716961065049,TIME_LIMIT,212910,0,0,41,38
3,12,2.575758e6,-1.62877764063343,-0.8377716961065049,TIME_LIMIT,212967,0,0,34,14
3,12,2.576233e6,-1.62877764063343,-0.8377716961065049,TIME_LIMIT,213009,0,0,21,13
3,12,2.576692e6,-1.628763071759145,-0.8377716961065049,TIME_LIMIT,213044,0,0,29,14
3,12,2.577169e6,-1.628763071759145,-0.8377716961065049,TIME_LIMIT,213084,0,0,36,18
3,12,2.577646e6,-1.628712606944214,-0.8377716961065049,TIME_LIMIT,213124,0,0,24,9
3,12,2.578123e6,-1.628712606944214,-0.8377716961065049,TIME_LIMIT,213164,0,0,36,22
3,12,2.578602e6,-1.6287122190153387,-0.8377716961065049,TIME_LIMIT,213207,0,0,31,16
3,12,2.579077e6,-1.6287122190153387,-0.8377716961065049,TIME_LIMIT,213242,0,0,42,22
3,12,2.579555e6,-1.6286250128936495,-0.8377716961065049,TIME_LIMIT,213276,0,0,33,17
3,12,2.580033e6,-1.6286250128936495,-0.8377716961065049,TIME_LIMIT,213310,0,0,48,40
3,12,2.580509e6,-1.628619347311066,-0.8377716961065049,TIME_LIMIT,213359,0,0,22,12
3,12,2.580987e6,-1.628619347311066,-0.8377716961065049,TIME_LIMIT,213404,0,0,39,20
3,12,2.581446e6,-1.6285998133272592,-0.8377716961065049,TIME_LIMIT,213443,0,0,18,13
3,12,2.581924e6,-1.6285998133272592,-0.8377716961065049,TIME_LIMIT,213472,0,0,21,9
3,12,2.582402e6,-1.62859909817249,-0.8377716961065049,TIME_LIMIT,213524,0,0,39,14
3,12,2.58288e6,-1.62859909817249,-0.8377716961065049,TIME_LIMIT,213561,0,0,33,13
3,12,2.583358e6,-1.6285852515725807,-0.8377716961065049,TIME_LIMIT,213610,0,0,44,11
3,12,2.583837e6,-1.6285852515725807,-0.8377716961065049,TIME_LIMIT,213641,0,0,35,29
3,12,2.584312e6,-1.6285476590326275,-0.8377716961065049,TIME_LIMIT,213693,0,0,26,12
3,12,2.584792e6,-1.6285476590326275,-0.8377716961065049,TIME_LIMIT,213729,0,0,54,34
3,12,2.585271e6,-1.6285429479142068,-0.8377716961065049,TIME_LIMIT,213781,0,0,21,12
3,12,2.585748e6,-1.6285429479142068,-0.8377716961065049,TIME_LIMIT,213817,0,0,21,35
3,12,2.586209e6,-1.6285429479142068,-0.8377716961065049,TIME_LIMIT,213866,0,0,30,22
3,12,2.586686e6,-1.6285429479142068,-0.8377716961065049,TIME_LIMIT,213903,0,0,40,35
3,12,2.587163e6,-1.628517875971781,-0.8377716961065049,TIME_LIMIT,213966,0,0,35,16
3,12,2.587641e6,-1.628517875971781,-0.8377716961065049,TIME_LIMIT,213997,0,0,50,20
3,12,2.588121e6,-1.6285061288381206,-0.8377716961065049,TIME_LIMIT,214049,0,0,33,13
3,12,2.588595e6,-1.6285061288381206,-0.8377716961065049,TIME_LIMIT,214085,0,0,39,28
3,12,2.589069e6,-1.628497302550097,-0.8377716961065049,TIME_LIMIT,214134,0,0,27,8
3,12,2.589543e6,-1.628497302550097,-0.8377716961065049,TIME_LIMIT,214171,0,0,38,23
3,12,2.59002e6,-1.6284858220186003,-0.8377716961065049,TIME_LIMIT,214224,0,0,30,17
3,12,2.590495e6,-1.6284858220186003,-0.8377716961065049,TIME_LIMIT,214266,0,0,37,25
3,12,2.590954e6,-1.6284830215395372,-0.8377716961065049,TIME_LIMIT,214306,0,0,38,13
3,12,2.591431e6,-1.6284830215395372,-0.8377716961065049,TIME_LIMIT,214339,0,0,26,38
3,12,2.591907e6,-1.628476338873657,-0.8377716961065049,TIME_LIMIT,214388,0,0,33,14
3,12,2.592384e6,-1.628476338873657,-0.8377716961065049,TIME_LIMIT,214422,0,0,53,55
3,12,2.59286e6,-1.628476273543207,-0.8377716961065049,TIME_LIMIT,214476,0,0,30,15
3,12,2.593338e6,-1.628476273543207,-0.8377716961065049,TIME_LIMIT,214510,0,0,34,22
3,12,2.593799e6,-1.6284495435937054,-0.8377716961065049,TIME_LIMIT,214564,0,0,18,9
3,12,2.594275e6,-1.6284495435937054,-0.8377716961065049,TIME_LIMIT,214601,0,0,34,27
3,12,2.594753e6,-1.6284131787917269,-0.8377716961065049,TIME_LIMIT,214643,0,0,37,27
3,12,2.595214e6,-1.6284131787917269,-0.8377716961065049,TIME_LIMIT,214672,0,0,37,41
3,12,2.595691e6,-1.6283960500202888,-0.8377716961065049,TIME_LIMIT,214723,0,0,28,14
3,12,2.596171e6,-1.6283960500202888,-0.8377716961065049,TIME_LIMIT,214761,0,0,31,16
3,12,2.596648e6,-1.6283706383077305,-0.8377716961065049,TIME_LIMIT,214812,0,0,31,14
3,12,2.597125e6,-1.6283706383077305,-0.8377716961065049,TIME_LIMIT,214838,0,0,36,28
3,12,2.5976e6,-1.628363630167687,-0.8377716961065049,TIME_LIMIT,214887,0,0,30,15
3,12,2.598077e6,-1.628363630167687,-0.8377716961065049,TIME_LIMIT,214913,0,0,33,16
3,12,2.598555e6,-1.6283575579377825,-0.8377716961065049,TIME_LIMIT,214959,0,0,25,12
3,12,2.599032e6,-1.6283575579377825,-0.8377716961065049,TIME_LIMIT,214991,0,0,26,24
3,12,2.599507e6,-1.6283569620539136,-0.8377716961065049,TIME_LIMIT,215038,0,0,31,13
3,12,2.599967e6,-1.6283569620539136,-0.8377716961065049,TIME_LIMIT,215066,0,0,36,29
3,12,2.600444e6,-1.6283503574530722,-0.8377716961065049,TIME_LIMIT,215123,0,0,26,10
3,12,2.600923e6,-1.6283503574530722,-0.8377716961065049,TIME_LIMIT,215166,0,0,31,16
3,12,2.6014e6,-1.6283468991605743,-0.8377716961065049,TIME_LIMIT,215200,0,0,27,13
3,12,2.601876e6,-1.6283468991605743,-0.8377716961065049,TIME_LIMIT,215225,0,0,35,43
3,12,2.602352e6,-1.6283327368448974,-0.8377716961065049,TIME_LIMIT,215278,0,0,22,12
3,12,2.60283e6,-1.6283327368448974,-0.8377716961065049,TIME_LIMIT,215308,0,0,42,35
3,12,2.603306e6,-1.6283278425319396,-0.8377716961065049,TIME_LIMIT,215366,0,0,36,9
3,12,2.603781e6,-1.6283278425319396,-0.8377716961065049,TIME_LIMIT,215395,0,0,26,22
3,12,2.604241e6,-1.6283145097873013,-0.8377716961065049,TIME_LIMIT,215443,0,0,28,14
3,12,2.60473e6,-1.6283145097873013,-0.8377716961065049,TIME_LIMIT,215476,0,0,20,18
3,12,2.605198e6,-1.6283026765415045,-0.8377716961065049,TIME_LIMIT,215508,0,0,21,16
3,12,2.605665e6,-1.6283026765415045,-0.8377716961065049,TIME_LIMIT,215549,0,0,45,26
3,12,2.606131e6,-1.6282791301760626,-0.8377716961065049,TIME_LIMIT,215599,0,0,18,7
3,12,2.606599e6,-1.6282791301760626,-0.8377716961065049,TIME_LIMIT,215631,0,0,31,21
3,12,2.607066e6,-1.628264116440435,-0.8377716961065049,TIME_LIMIT,215683,0,0,29,10
3,12,2.607535e6,-1.628264116440435,-0.8377716961065049,TIME_LIMIT,215720,0,0,44,19
3,12,2.608002e6,-1.6282534592036293,-0.8377716961065049,TIME_LIMIT,215771,0,0,29,9
3,12,2.608469e6,-1.6282534592036293,-0.8377716961065049,TIME_LIMIT,215798,0,0,42,38
3,12,2.60892e6,-1.6282391725394503,-0.8377716961065049,TIME_LIMIT,215848,0,0,29,15
3,12,2.609388e6,-1.6282391725394503,-0.8377716961065049,TIME_LIMIT,215878,0,0,24,32
3,12,2.609858e6,-1.6282323425001675,-0.8377716961065049,TIME_LIMIT,215931,0,0,31,14
3,12,2.610327e6,-1.6282323425001675,-0.8377716961065049,TIME_LIMIT,215966,0,0,41,21
3,12,2.610793e6,-1.628223000538994,-0.8377716961065049,TIME_LIMIT,216017,0,0,35,17
3,12,2.61126e6,-1.628223000538994,-0.8377716961065049,TIME_LIMIT,216060,0,0,24,28
3,12,2.611725e6,-1.6282094990759342,-0.8377716961065049,TIME_LIMIT,216114,0,0,30,13
3,12,2.612194e6,-1.6282094990759342,-0.8377716961065049,TIME_LIMIT,216146,0,0,37,31
3,12,2.61266e6,-1.6282032452201327,-0.8377716961065049,TIME_LIMIT,216202,0,0,14,7
3,12,2.61311e6,-1.6282032452201327,-0.8377716961065049,TIME_LIMIT,216240,0,0,15,20
3,12,2.613581e6,-1.6281915559320634,-0.8377716961065049,TIME_LIMIT,216278,0,0,37,21
3,12,2.614048e6,-1.6281915559320634,-0.8377716961065049,TIME_LIMIT,216323,0,0,49,24
3,12,2.614515e6,-1.6281801501946127,-0.8377716961065049,TIME_LIMIT,216362,0,0,37,22
3,12,2.61498e6,-1.6281801501946127,-0.8377716961065049,TIME_LIMIT,216390,0,0,38,20
3,12,2.615447e6,-1.6281619255954742,-0.8377716961065049,TIME_LIMIT,216444,0,0,31,10
3,12,2.615912e6,-1.6281619255954742,-0.8377716961065049,TIME_LIMIT,216483,0,0,33,17
3,12,2.616381e6,-1.628157510251822,-0.8377716961065049,TIME_LIMIT,216522,0,0,27,14
3,12,2.61685e6,-1.628157510251822,-0.8377716961065049,TIME_LIMIT,216559,0,0,38,25
3,12,2.617326e6,-1.6281573591829976,-0.8377716961065049,TIME_LIMIT,216614,0,0,37,10
3,12,2.617802e6,-1.6281573591829976,-0.8377716961065049,TIME_LIMIT,216643,0,0,18,10
3,12,2.618281e6,-1.6281563963026133,-0.8377716961065049,TIME_LIMIT,216680,0,0,31,8
3,12,2.618751e6,-1.6281563963026133,-0.8377716961065049,TIME_LIMIT,216716,0,0,33,25
3,12,2.619216e6,-1.6281452527174842,-0.8377716961065049,TIME_LIMIT,216764,0,0,15,10
3,12,2.619687e6,-1.6281452527174842,-0.8377716961065049,TIME_LIMIT,216796,0,0,41,38
3,12,2.620155e6,-1.628106495319204,-0.8377716961065049,TIME_LIMIT,216845,0,0,36,9
3,12,2.620621e6,-1.628106495319204,-0.8377716961065049,TIME_LIMIT,216882,0,0,30,10
3,12,2.621088e6,-1.6281032447521169,-0.8377716961065049,TIME_LIMIT,216925,0,0,42,12
3,12,2.621553e6,-1.6281032447521169,-0.8377716961065049,TIME_LIMIT,216966,0,0,33,16
3,12,2.622005e6,-1.6280823423878434,-0.8377716961065049,TIME_LIMIT,217005,0,0,34,13
3,12,2.622473e6,-1.6280823423878434,-0.8377716961065049,TIME_LIMIT,217037,0,0,38,17
3,12,2.62294e6,-1.6280760130028342,-0.8377716961065049,TIME_LIMIT,217089,0,0,32,14
3,12,2.623406e6,-1.6280760130028342,-0.8377716961065049,TIME_LIMIT,217122,0,0,32,20
3,12,2.62387e6,-1.628035089977669,-0.8377716961065049,TIME_LIMIT,217173,0,0,35,16
3,12,2.624336e6,-1.628035089977669,-0.8377716961065049,TIME_LIMIT,217214,0,0,22,12
3,12,2.624802e6,-1.6280284202301987,-0.8377716961065049,TIME_LIMIT,217254,0,0,37,15
3,12,2.625267e6,-1.6280284202301987,-0.8377716961065049,TIME_LIMIT,217281,0,0,42,20
3,12,2.625732e6,-1.628026410236875,-0.8377716961065049,TIME_LIMIT,217333,0,0,34,9
3,12,2.626183e6,-1.628026410236875,-0.8377716961065049,TIME_LIMIT,217366,0,0,25,25
3,12,2.626652e6,-1.6280130207007184,-0.8377716961065049,TIME_LIMIT,217417,0,0,16,10
3,12,2.62712e6,-1.6280130207007184,-0.8377716961065049,TIME_LIMIT,217450,0,0,43,41
3,12,2.627587e6,-1.6280075884341205,-0.8377716961065049,TIME_LIMIT,217506,0,0,33,11
3,12,2.628062e6,-1.6280075884341205,-0.8377716961065049,TIME_LIMIT,217538,0,0,49,28
3,12,2.62853e6,-1.6280070848878054,-0.8377716961065049,TIME_LIMIT,217593,0,0,21,10
3,12,2.628995e6,-1.6280070848878054,-0.8377716961065049,TIME_LIMIT,217629,0,0,17,12
3,12,2.629461e6,-1.6279949403510028,-0.8377716961065049,TIME_LIMIT,217668,0,0,32,15
3,12,2.629928e6,-1.6279949403510028,-0.8377716961065049,TIME_LIMIT,217696,0,0,36,19
3,12,2.630387e6,-1.627979596469755,-0.8377716961065049,TIME_LIMIT,217746,0,0,21,11
3,12,2.630862e6,-1.627979596469755,-0.8377716961065049,TIME_LIMIT,217780,0,0,38,25
3,12,2.631336e6,-1.6279787980162517,-0.8377716961065049,TIME_LIMIT,217830,0,0,29,11
3,12,2.631808e6,-1.6279787980162517,-0.8377716961065049,TIME_LIMIT,217860,0,0,36,36
3,12,2.632286e6,-1.6279668152033,-0.8377716961065049,TIME_LIMIT,217908,0,0,19,6
3,12,2.632755e6,-1.6279668152033,-0.8377716961065049,TIME_LIMIT,217937,0,0,43,43
3,12,2.633226e6,-1.627947891353349,-0.8377716961065049,TIME_LIMIT,217990,0,0,32,14
3,12,2.633695e6,-1.627947891353349,-0.8377716961065049,TIME_LIMIT,218018,0,0,25,33
3,12,2.634165e6,-1.6279413083336167,-0.8377716961065049,TIME_LIMIT,218073,0,0,30,23
3,12,2.63462e6,-1.6279413083336167,-0.8377716961065049,TIME_LIMIT,218111,0,0,50,35
3,12,2.63509e6,-1.6279359330763306,-0.8377716961065049,TIME_LIMIT,218167,0,0,30,19
3,12,2.63556e6,-1.6279359330763306,-0.8377716961065049,TIME_LIMIT,218198,0,0,26,22
3,12,2.63603e6,-1.627931008752086,-0.8377716961065049,TIME_LIMIT,218257,0,0,34,13
3,12,2.636501e6,-1.627931008752086,-0.8377716961065049,TIME_LIMIT,218291,0,0,40,26
3,12,2.636969e6,-1.6279066962292086,-0.8377716961065049,TIME_LIMIT,218342,0,0,35,13
3,12,2.637445e6,-1.6279066962292086,-0.8377716961065049,TIME_LIMIT,218377,0,0,50,51
3,12,2.637914e6,-1.6278936266111363,-0.8377716961065049,TIME_LIMIT,218427,0,0,28,15
3,12,2.638383e6,-1.6278936266111363,-0.8377716961065049,TIME_LIMIT,218457,0,0,37,20
3,12,2.638837e6,-1.627893122605025,-0.8377716961065049,TIME_LIMIT,218509,0,0,19,5
3,12,2.639315e6,-1.627893122605025,-0.8377716961065049,TIME_LIMIT,218538,0,0,44,32
3,12,2.639786e6,-1.6278907358467654,-0.8377716961065049,TIME_LIMIT,218589,0,0,23,13
3,12,2.640257e6,-1.6278907358467654,-0.8377716961065049,TIME_LIMIT,218625,0,0,41,43
3,12,2.640727e6,-1.6278888940329446,-0.8377716961065049,TIME_LIMIT,218680,0,0,36,17
3,12,2.6412e6,-1.6278888940329446,-0.8377716961065049,TIME_LIMIT,218710,0,0,34,25
3,12,2.641673e6,-1.6278887496408552,-0.8377716961065049,TIME_LIMIT,218757,0,0,19,11
3,12,2.642142e6,-1.6278887496408552,-0.8377716961065049,TIME_LIMIT,218790,0,0,40,26
3,12,2.642614e6,-1.6278881370121674,-0.8377716961065049,TIME_LIMIT,218842,0,0,24,11
3,12,2.643069e6,-1.6278881370121674,-0.8377716961065049,TIME_LIMIT,218882,0,0,33,10
3,12,2.643537e6,-1.6278873611771614,-0.8377716961065049,TIME_LIMIT,218919,0,0,38,11
3,12,2.644008e6,-1.6278873611771614,-0.8377716961065049,TIME_LIMIT,218948,0,0,35,15
3,12,2.644476e6,-1.627874817220974,-0.8377716961065049,TIME_LIMIT,219002,0,0,14,7
3,12,2.644945e6,-1.627874817220974,-0.8377716961065049,TIME_LIMIT,219032,0,0,39,14
3,12,2.645413e6,-1.6278730171723443,-0.8377716961065049,TIME_LIMIT,219083,0,0,31,13
3,12,2.645886e6,-1.6278730171723443,-0.8377716961065049,TIME_LIMIT,219113,0,0,37,20
3,12,2.646357e6,-1.6278522600866216,-0.8377716961065049,TIME_LIMIT,219168,0,0,36,17
3,12,2.64681e6,-1.6278522600866216,-0.8377716961065049,TIME_LIMIT,219192,0,0,38,34
3,12,2.647283e6,-1.627849772375305,-0.8377716961065049,TIME_LIMIT,219248,0,0,35,16
3,12,2.647752e6,-1.627849772375305,-0.8377716961065049,TIME_LIMIT,219280,0,0,38,16
3,12,2.648226e6,-1.627848896941852,-0.8377716961065049,TIME_LIMIT,219320,0,0,21,6
3,12,2.648706e6,-1.627848896941852,-0.8377716961065049,TIME_LIMIT,219350,0,0,31,21
3,12,2.649176e6,-1.627845979091654,-0.8377716961065049,TIME_LIMIT,219399,0,0,31,16
3,12,2.649641e6,-1.627845979091654,-0.8377716961065049,TIME_LIMIT,219432,0,0,47,33
3,12,2.650111e6,-1.6278390427991498,-0.8377716961065049,TIME_LIMIT,219487,0,0,33,15
3,12,2.650587e6,-1.6278390427991498,-0.8377716961065049,TIME_LIMIT,219521,0,0,38,37
3,12,2.651048e6,-1.627824428390441,-0.8377716961065049,TIME_LIMIT,219573,0,0,34,16
3,12,2.651522e6,-1.627824428390441,-0.8377716961065049,TIME_LIMIT,219608,0,0,31,20
3,12,2.651995e6,-1.6278052829049798,-0.8377716961065049,TIME_LIMIT,219644,0,0,31,13
3,12,2.652475e6,-1.6278052829049798,-0.8377716961065049,TIME_LIMIT,219672,0,0,39,30
3,12,2.652947e6,-1.6278008713799867,-0.8377716961065049,TIME_LIMIT,219724,0,0,32,11
3,12,2.653424e6,-1.6278008713799867,-0.8377716961065049,TIME_LIMIT,219756,0,0,37,24
3,12,2.653923e6,-1.627798519412795,-0.8377716961065049,TIME_LIMIT,219807,0,0,30,10
3,12,2.654398e6,-1.627798519412795,-0.8377716961065049,TIME_LIMIT,219839,0,0,43,14
3,12,2.654851e6,-1.6277828838340513,-0.8377716961065049,TIME_LIMIT,219887,0,0,29,9
3,12,2.655323e6,-1.6277828838340513,-0.8377716961065049,TIME_LIMIT,219914,0,0,46,80
3,12,2.655798e6,-1.6277774063260644,-0.8377716961065049,TIME_LIMIT,219962,0,0,19,17
3,12,2.656278e6,-1.6277774063260644,-0.8377716961065049,TIME_LIMIT,220000,0,0,35,35
3,12,2.656752e6,-1.6277757631421412,-0.8377716961065049,TIME_LIMIT,220053,0,0,31,12
3,12,2.65723e6,-1.6277757631421412,-0.8377716961065049,TIME_LIMIT,220091,0,0,17,16
3,12,2.6577e6,-1.627762623502672,-0.8377716961065049,TIME_LIMIT,220130,0,0,34,17
3,12,2.658071e6,-1.627762623502672,-0.8377716961065049,TIME_LIMIT,220166,0,0,40,25
3,12,2.658543e6,-1.6277602543955234,-0.8377716961065049,TIME_LIMIT,220214,0,0,17,11
3,12,2.659015e6,-1.6277602543955234,-0.8377716961065049,TIME_LIMIT,220245,0,0,47,36
3,12,2.659486e6,-1.627746328986641,-0.8377716961065049,TIME_LIMIT,220293,0,0,30,8
3,12,2.659959e6,-1.627746328986641,-0.8377716961065049,TIME_LIMIT,220326,0,0,35,30
3,12,2.660413e6,-1.627745019811714,-0.8377716961065049,TIME_LIMIT,220383,0,0,37,10
3,12,2.66089e6,-1.627745019811714,-0.8377716961065049,TIME_LIMIT,220409,0,0,41,25
3,12,2.66137e6,-1.62772519375497,-0.8377716961065049,TIME_LIMIT,220464,0,0,33,8
3,12,2.661846e6,-1.62772519375497,-0.8377716961065049,TIME_LIMIT,220499,0,0,37,22
3,12,2.662322e6,-1.6277092785224947,-0.8377716961065049,TIME_LIMIT,220551,0,0,30,13
3,12,2.662798e6,-1.6277092785224947,-0.8377716961065049,TIME_LIMIT,220582,0,0,45,32
3,12,2.663267e6,-1.6277003620364006,-0.8377716961065049,TIME_LIMIT,220633,0,0,34,13
3,12,2.663737e6,-1.6277003620364006,-0.8377716961065049,TIME_LIMIT,220671,0,0,34,21
3,12,2.6642e6,-1.6276963751753268,-0.8377716961065049,TIME_LIMIT,220720,0,0,19,8
3,12,2.664678e6,-1.6276963751753268,-0.8377716961065049,TIME_LIMIT,220760,0,0,33,18
3,12,2.66515e6,-1.6276905053311417,-0.8377716961065049,TIME_LIMIT,220796,0,0,30,14
3,12,2.665631e6,-1.6276905053311417,-0.8377716961065049,TIME_LIMIT,220829,0,0,50,31
3,12,2.666107e6,-1.6276740081758732,-0.8377716961065049,TIME_LIMIT,220884,0,0,34,16
3,12,2.666578e6,-1.6276740081758732,-0.8377716961065049,TIME_LIMIT,220926,0,0,43,34
3,12,2.667054e6,-1.6276676451237346,-0.8377716961065049,TIME_LIMIT,220973,0,0,28,25
3,12,2.667526e6,-1.6276676451237346,-0.8377716961065049,TIME_LIMIT,221006,0,0,36,21
3,12,2.668e6,-1.627663361153418,-0.8377716961065049,TIME_LIMIT,221060,0,0,28,9
3,12,2.668457e6,-1.627663361153418,-0.8377716961065049,TIME_LIMIT,221096,0,0,42,51
3,12,2.668927e6,-1.6276369721676578,-0.8377716961065049,TIME_LIMIT,221149,0,0,29,17
3,12,2.6694e6,-1.6276369721676578,-0.8377716961065049,TIME_LIMIT,221186,0,0,39,23
3,12,2.66987e6,-1.6276010848714901,-0.8377716961065049,TIME_LIMIT,221235,0,0,34,18
3,12,2.670339e6,-1.6276010848714901,-0.8377716961065049,TIME_LIMIT,221273,0,0,27,15
3,12,2.670809e6,-1.627599475019785,-0.8377716961065049,TIME_LIMIT,221328,0,0,33,14
3,12,2.671285e6,-1.627599475019785,-0.8377716961065049,TIME_LIMIT,221364,0,0,46,18
3,12,2.671758e6,-1.6275953148303404,-0.8377716961065049,TIME_LIMIT,221413,0,0,32,9
3,12,2.672212e6,-1.6275953148303404,-0.8377716961065049,TIME_LIMIT,221454,0,0,28,23
3,12,2.672687e6,-1.6275895577886519,-0.8377716961065049,TIME_LIMIT,221490,0,0,30,6
3,12,2.673162e6,-1.6275895577886519,-0.8377716961065049,TIME_LIMIT,221521,0,0,40,31
3,12,2.673638e6,-1.6275605320411268,-0.8377716961065049,TIME_LIMIT,221572,0,0,31,14
3,12,2.674112e6,-1.6275605320411268,-0.8377716961065049,TIME_LIMIT,221609,0,0,34,27
3,12,2.674579e6,-1.627555472658092,-0.8377716961065049,TIME_LIMIT,221643,0,0,36,16
3,12,2.675045e6,-1.627555472658092,-0.8377716961065049,TIME_LIMIT,221679,0,0,41,18
3,12,2.675546e6,-1.6275412904614757,-0.8377716961065049,TIME_LIMIT,221730,0,0,23,17
3,12,2.676007e6,-1.6275412904614757,-0.8377716961065049,TIME_LIMIT,221776,0,0,38,36
3,12,2.676487e6,-1.627532395195309,-0.8377716961065049,TIME_LIMIT,221817,0,0,26,16
3,12,2.676964e6,-1.627532395195309,-0.8377716961065049,TIME_LIMIT,221855,0,0,36,15
3,12,2.677437e6,-1.6274998551346798,-0.8377716961065049,TIME_LIMIT,221890,0,0,26,11
3,12,2.677905e6,-1.6274998551346798,-0.8377716961065049,TIME_LIMIT,221916,0,0,20,15
3,12,2.678378e6,-1.6274932843357564,-0.8377716961065049,TIME_LIMIT,221966,0,0,30,12
3,12,2.678852e6,-1.6274932843357564,-0.8377716961065049,TIME_LIMIT,222002,0,0,29,13
3,12,2.679326e6,-1.6274918286233482,-0.8377716961065049,TIME_LIMIT,222037,0,0,36,14
3,12,2.679789e6,-1.6274918286233482,-0.8377716961065049,TIME_LIMIT,222077,0,0,23,24
3,12,2.680263e6,-1.627465366275621,-0.8377716961065049,TIME_LIMIT,222136,0,0,16,9
3,12,2.680738e6,-1.627465366275621,-0.8377716961065049,TIME_LIMIT,222162,0,0,46,29
3,12,2.681211e6,-1.6274289298738787,-0.8377716961065049,TIME_LIMIT,222212,0,0,18,8
3,12,2.681684e6,-1.6274289298738787,-0.8377716961065049,TIME_LIMIT,222254,0,0,23,24
3,12,2.682156e6,-1.6274261606367548,-0.8377716961065049,TIME_LIMIT,222306,0,0,22,8
3,12,2.682627e6,-1.6274261606367548,-0.8377716961065049,TIME_LIMIT,222346,0,0,39,20
3,12,2.683081e6,-1.6274149921711194,-0.8377716961065049,TIME_LIMIT,222397,0,0,23,10
3,12,2.683549e6,-1.6274149921711194,-0.8377716961065049,TIME_LIMIT,222440,0,0,45,18
3,12,2.684022e6,-1.6274064455532604,-0.8377716961065049,TIME_LIMIT,222480,0,0,29,10
3,12,2.684496e6,-1.6274064455532604,-0.8377716961065049,TIME_LIMIT,222515,0,0,53,27
3,12,2.684968e6,-1.627398867088796,-0.8377716961065049,TIME_LIMIT,222569,0,0,36,15
3,12,2.685444e6,-1.627398867088796,-0.8377716961065049,TIME_LIMIT,222611,0,0,33,22
3,12,2.685925e6,-1.6273468224870373,-0.8377716961065049,TIME_LIMIT,222651,0,0,27,17
3,12,2.686401e6,-1.6273468224870373,-0.8377716961065049,TIME_LIMIT,222683,0,0,29,15
3,12,2.68686e6,-1.6272763872448108,-0.8377716961065049,TIME_LIMIT,222719,0,0,34,7
3,12,2.68734e6,-1.6272763872448108,-0.8377716961065049,TIME_LIMIT,222755,0,0,41,30
3,12,2.687818e6,-1.6272426573646577,-0.8377716961065049,TIME_LIMIT,222809,0,0,33,14
3,12,2.688296e6,-1.6272426573646577,-0.8377716961065049,TIME_LIMIT,222839,0,0,39,21
3,12,2.688776e6,-1.627228630948568,-0.8377716961065049,TIME_LIMIT,222879,0,0,38,14
3,12,2.689254e6,-1.627228630948568,-0.8377716961065049,TIME_LIMIT,222911,0,0,28,14
3,12,2.689731e6,-1.6272270125236241,-0.8377716961065049,TIME_LIMIT,222961,0,0,31,15
3,12,2.690211e6,-1.6272270125236241,-0.8377716961065049,TIME_LIMIT,222993,0,0,30,22
3,12,2.690675e6,-1.6272200962673942,-0.8377716961065049,TIME_LIMIT,223042,0,0,32,7
3,12,2.691159e6,-1.6272200962673942,-0.8377716961065049,TIME_LIMIT,223085,0,0,24,23
3,12,2.691641e6,-1.6272023275807965,-0.8377716961065049,TIME_LIMIT,223126,0,0,21,6
3,12,2.692123e6,-1.6272023275807965,-0.8377716961065049,TIME_LIMIT,223152,0,0,39,39
3,12,2.692605e6,-1.6271693375577205,-0.8377716961065049,TIME_LIMIT,223201,0,0,19,10
3,12,2.693087e6,-1.6271693375577205,-0.8377716961065049,TIME_LIMIT,223231,0,0,32,18
3,12,2.693565e6,-1.62716928569101,-0.8377716961065049,TIME_LIMIT,223285,0,0,36,13
3,12,2.694045e6,-1.62716928569101,-0.8377716961065049,TIME_LIMIT,223324,0,0,36,30
3,12,2.694509e6,-1.6271564184231935,-0.8377716961065049,TIME_LIMIT,223378,0,0,32,14
3,12,2.694988e6,-1.6271564184231935,-0.8377716961065049,TIME_LIMIT,223415,0,0,34,17
3,12,2.695469e6,-1.6271391782710947,-0.8377716961065049,TIME_LIMIT,223456,0,0,25,14
3,12,2.695951e6,-1.6271391782710947,-0.8377716961065049,TIME_LIMIT,223497,0,0,41,13
3,12,2.696434e6,-1.627136903539591,-0.8377716961065049,TIME_LIMIT,223536,0,0,33,15
3,12,2.696916e6,-1.627136903539591,-0.8377716961065049,TIME_LIMIT,223575,0,0,48,26
3,12,2.697397e6,-1.6270916117301444,-0.8377716961065049,TIME_LIMIT,223630,0,0,36,9
3,12,2.69786e6,-1.6270916117301444,-0.8377716961065049,TIME_LIMIT,223662,0,0,40,23
3,12,2.698342e6,-1.6270606882630605,-0.8377716961065049,TIME_LIMIT,223707,0,0,25,13
3,12,2.698823e6,-1.6270606882630605,-0.8377716961065049,TIME_LIMIT,223741,0,0,23,37
3,12,2.69931e6,-1.6270489561278008,-0.8377716961065049,TIME_LIMIT,223787,0,0,27,17
3,12,2.69979e6,-1.6270489561278008,-0.8377716961065049,TIME_LIMIT,223827,0,0,30,16
3,12,2.700268e6,-1.6270449690853843,-0.8377716961065049,TIME_LIMIT,223867,0,0,28,9
3,12,2.700748e6,-1.6270449690853843,-0.8377716961065049,TIME_LIMIT,223907,0,0,48,36
3,12,2.701213e6,-1.6270241473849567,-0.8377716961065049,TIME_LIMIT,223957,0,0,19,21
3,12,2.701705e6,-1.6270241473849567,-0.8377716961065049,TIME_LIMIT,223993,0,0,41,40
3,12,2.702186e6,-1.627008755411866,-0.8377716961065049,TIME_LIMIT,224043,0,0,33,5
3,12,2.702663e6,-1.627008755411866,-0.8377716961065049,TIME_LIMIT,224073,0,0,31,32
3,12,2.703138e6,-1.6269933446339104,-0.8377716961065049,TIME_LIMIT,224123,0,0,30,10
3,12,2.703622e6,-1.6269933446339104,-0.8377716961065049,TIME_LIMIT,224150,0,0,40,21
3,12,2.704095e6,-1.6269876797182037,-0.8377716961065049,TIME_LIMIT,224205,0,0,32,11
3,12,2.70457e6,-1.6269876797182037,-0.8377716961065049,TIME_LIMIT,224240,0,0,42,56
3,12,2.705029e6,-1.626980172272277,-0.8377716961065049,TIME_LIMIT,224294,0,0,33,24
3,12,2.705505e6,-1.626980172272277,-0.8377716961065049,TIME_LIMIT,224326,0,0,40,21
3,12,2.705981e6,-1.6269710549073326,-0.8377716961065049,TIME_LIMIT,224379,0,0,14,12
3,12,2.706455e6,-1.6269710549073326,-0.8377716961065049,TIME_LIMIT,224406,0,0,45,41
3,12,2.70693e6,-1.6269643330992727,-0.8377716961065049,TIME_LIMIT,224455,0,0,21,4
3,12,2.707404e6,-1.6269643330992727,-0.8377716961065049,TIME_LIMIT,224494,0,0,31,28
3,12,2.707877e6,-1.6269613674046013,-0.8377716961065049,TIME_LIMIT,224544,0,0,28,12
3,12,2.708351e6,-1.6269613674046013,-0.8377716961065049,TIME_LIMIT,224587,0,0,28,32
3,12,2.708825e6,-1.626957421256864,-0.8377716961065049,TIME_LIMIT,224640,0,0,30,12
3,12,2.709301e6,-1.626957421256864,-0.8377716961065049,TIME_LIMIT,224674,0,0,49,42
3,12,2.709776e6,-1.626957421256864,-0.8377716961065049,TIME_LIMIT,224725,0,0,28,22
3,12,2.710251e6,-1.626957421256864,-0.8377716961065049,TIME_LIMIT,224764,0,0,37,30
3,12,2.710723e6,-1.6269517875619086,-0.8377716961065049,TIME_LIMIT,224815,0,0,29,18
3,12,2.711192e6,-1.6269517875619086,-0.8377716961065049,TIME_LIMIT,224849,0,0,31,30
3,12,2.711661e6,-1.626939665361624,-0.8377716961065049,TIME_LIMIT,224902,0,0,34,10
3,12,2.712114e6,-1.626939665361624,-0.8377716961065049,TIME_LIMIT,224935,0,0,32,19
3,12,2.712582e6,-1.6269366887441072,-0.8377716961065049,TIME_LIMIT,224985,0,0,18,17
3,12,2.713054e6,-1.6269366887441072,-0.8377716961065049,TIME_LIMIT,225014,0,0,23,22
3,12,2.713525e6,-1.6269138551883662,-0.8377716961065049,TIME_LIMIT,225065,0,0,30,8
3,12,2.713997e6,-1.6269138551883662,-0.8377716961065049,TIME_LIMIT,225100,0,0,31,35
3,12,2.714465e6,-1.6269016771522808,-0.8377716961065049,TIME_LIMIT,225155,0,0,22,14
3,12,2.714933e6,-1.6269016771522808,-0.8377716961065049,TIME_LIMIT,225187,0,0,36,23
3,12,2.715386e6,-1.626898434082216,-0.8377716961065049,TIME_LIMIT,225242,0,0,33,18
3,12,2.715856e6,-1.626898434082216,-0.8377716961065049,TIME_LIMIT,225273,0,0,30,35
3,12,2.716332e6,-1.6268906435290367,-0.8377716961065049,TIME_LIMIT,225307,0,0,35,21
3,12,2.716807e6,-1.6268906435290367,-0.8377716961065049,TIME_LIMIT,225341,0,0,54,83
3,12,2.717276e6,-1.6268748663970112,-0.8377716961065049,TIME_LIMIT,225403,0,0,37,23
3,12,2.717745e6,-1.6268748663970112,-0.8377716961065049,TIME_LIMIT,225430,0,0,46,45
3,12,2.718213e6,-1.6268398979707566,-0.8377716961065049,TIME_LIMIT,225478,0,0,26,19
3,12,2.718676e6,-1.6268398979707566,-0.8377716961065049,TIME_LIMIT,225511,0,0,39,32
3,12,2.719149e6,-1.6268282349785848,-0.8377716961065049,TIME_LIMIT,225546,0,0,27,8
3,12,2.719621e6,-1.6268282349785848,-0.8377716961065049,TIME_LIMIT,225587,0,0,37,32
3,12,2.72009e6,-1.6268135559594523,-0.8377716961065049,TIME_LIMIT,225643,0,0,26,16
3,12,2.720519e6,-1.6268135559594523,-0.8377716961065049,TIME_LIMIT,225680,0,0,44,16
3,12,2.720988e6,-1.6268068692427393,-0.8377716961065049,TIME_LIMIT,225731,0,0,34,8
3,12,2.721444e6,-1.6268068692427393,-0.8377716961065049,TIME_LIMIT,225763,0,0,40,27
3,12,2.721913e6,-1.6267674425272138,-0.8377716961065049,TIME_LIMIT,225820,0,0,35,11
3,12,2.722384e6,-1.6267674425272138,-0.8377716961065049,TIME_LIMIT,225852,0,0,24,19
3,12,2.722853e6,-1.6267637401150792,-0.8377716961065049,TIME_LIMIT,225900,0,0,29,14
3,12,2.723322e6,-1.6267637401150792,-0.8377716961065049,TIME_LIMIT,225933,0,0,23,18
3,12,2.723788e6,-1.6267438253382351,-0.8377716961065049,TIME_LIMIT,225984,0,0,29,10
3,12,2.724256e6,-1.6267438253382351,-0.8377716961065049,TIME_LIMIT,226010,0,0,40,47
3,12,2.724711e6,-1.6267265650829148,-0.8377716961065049,TIME_LIMIT,226063,0,0,34,17
3,12,2.72518e6,-1.6267265650829148,-0.8377716961065049,TIME_LIMIT,226102,0,0,44,21
3,12,2.72565e6,-1.6267202030171868,-0.8377716961065049,TIME_LIMIT,226156,0,0,18,13
3,12,2.726123e6,-1.6267202030171868,-0.8377716961065049,TIME_LIMIT,226183,0,0,28,26
3,12,2.726595e6,-1.6266877264175874,-0.8377716961065049,TIME_LIMIT,226237,0,0,22,10
3,12,2.727065e6,-1.6266877264175874,-0.8377716961065049,TIME_LIMIT,226267,0,0,34,27
3,12,2.727533e6,-1.6266784927779738,-0.8377716961065049,TIME_LIMIT,226316,0,0,26,15
3,12,2.727992e6,-1.6266784927779738,-0.8377716961065049,TIME_LIMIT,226350,0,0,30,11
3,12,2.728463e6,-1.6266722906504003,-0.8377716961065049,TIME_LIMIT,226404,0,0,23,12
3,12,2.728933e6,-1.6266722906504003,-0.8377716961065049,TIME_LIMIT,226438,0,0,42,47
3,12,2.729402e6,-1.626659613222814,-0.8377716961065049,TIME_LIMIT,226480,0,0,46,15
3,12,2.729875e6,-1.626659613222814,-0.8377716961065049,TIME_LIMIT,226515,0,0,34,22
3,12,2.730346e6,-1.62664554676173,-0.8377716961065049,TIME_LIMIT,226565,0,0,27,13
3,12,2.730827e6,-1.62664554676173,-0.8377716961065049,TIME_LIMIT,226592,0,0,40,29
3,12,2.731283e6,-1.6266377950605861,-0.8377716961065049,TIME_LIMIT,226644,0,0,29,7
3,12,2.731754e6,-1.6266377950605861,-0.8377716961065049,TIME_LIMIT,226684,0,0,24,19
3,12,2.732222e6,-1.6266263403976189,-0.8377716961065049,TIME_LIMIT,226731,0,0,25,14
3,12,2.732693e6,-1.6266263403976189,-0.8377716961065049,TIME_LIMIT,226764,0,0,40,61
3,12,2.733161e6,-1.6266012519446638,-0.8377716961065049,TIME_LIMIT,226828,0,0,38,22
3,12,2.733628e6,-1.6266012519446638,-0.8377716961065049,TIME_LIMIT,226859,0,0,39,19
3,12,2.734099e6,-1.6265945108670454,-0.8377716961065049,TIME_LIMIT,226912,0,0,33,12
3,12,2.734559e6,-1.6265945108670454,-0.8377716961065049,TIME_LIMIT,226952,0,0,43,24
3,12,2.735033e6,-1.626592770238281,-0.8377716961065049,TIME_LIMIT,226984,0,0,32,28
3,12,2.735504e6,-1.626592770238281,-0.8377716961065049,TIME_LIMIT,227024,0,0,46,24
3,12,2.735977e6,-1.6265914316158814,-0.8377716961065049,TIME_LIMIT,227076,0,0,35,11
3,12,2.736457e6,-1.6265914316158814,-0.8377716961065049,TIME_LIMIT,227115,0,0,18,14
3,12,2.736951e6,-1.6265816515272045,-0.8377716961065049,TIME_LIMIT,227156,0,0,31,16
3,12,2.737425e6,-1.6265816515272045,-0.8377716961065049,TIME_LIMIT,227190,0,0,41,39
3,12,2.737877e6,-1.6265742883414258,-0.8377716961065049,TIME_LIMIT,227240,0,0,18,13
3,12,2.738344e6,-1.6265742883414258,-0.8377716961065049,TIME_LIMIT,227281,0,0,38,21
3,12,2.738814e6,-1.626527451949268,-0.8377716961065049,TIME_LIMIT,227313,0,0,36,18
3,12,2.739283e6,-1.626527451949268,-0.8377716961065049,TIME_LIMIT,227367,0,0,42,27
3,12,2.739757e6,-1.626525797727674,-0.8377716961065049,TIME_LIMIT,227406,0,0,26,6
3,12,2.740233e6,-1.626525797727674,-0.8377716961065049,TIME_LIMIT,227439,0,0,56,30
3,12,2.740707e6,-1.6265142564779507,-0.8377716961065049,TIME_LIMIT,227488,0,0,24,13
3,12,2.741159e6,-1.6265142564779507,-0.8377716961065049,TIME_LIMIT,227524,0,0,38,28
3,12,2.741629e6,-1.6265134859893826,-0.8377716961065049,TIME_LIMIT,227567,0,0,31,9
3,12,2.742098e6,-1.6265134859893826,-0.8377716961065049,TIME_LIMIT,227605,0,0,45,19
3,12,2.742574e6,-1.6265073460347388,-0.8377716961065049,TIME_LIMIT,227654,0,0,30,7
3,12,2.743048e6,-1.6265073460347388,-0.8377716961065049,TIME_LIMIT,227697,0,0,37,26
3,12,2.743517e6,-1.6264950095474702,-0.8377716961065049,TIME_LIMIT,227742,0,0,26,18
3,12,2.743987e6,-1.6264950095474702,-0.8377716961065049,TIME_LIMIT,227770,0,0,38,18
3,12,2.744445e6,-1.6264841278278954,-0.8377716961065049,TIME_LIMIT,227814,0,0,18,3
3,12,2.744928e6,-1.6264841278278954,-0.8377716961065049,TIME_LIMIT,227844,0,0,23,20
3,12,2.745408e6,-1.6264798692022235,-0.8377716961065049,TIME_LIMIT,227899,0,0,36,10
3,12,2.745887e6,-1.6264798692022235,-0.8377716961065049,TIME_LIMIT,227938,0,0,29,19
3,12,2.746383e6,-1.6264602547953506,-0.8377716961065049,TIME_LIMIT,227971,0,0,27,13
3,12,2.746863e6,-1.6264602547953506,-0.8377716961065049,TIME_LIMIT,228017,0,0,32,14
3,12,2.74734e6,-1.6264532344670257,-0.8377716961065049,TIME_LIMIT,228052,0,0,20,10
3,12,2.747807e6,-1.6264532344670257,-0.8377716961065049,TIME_LIMIT,228090,0,0,24,20
3,12,2.748288e6,-1.6264372143900518,-0.8377716961065049,TIME_LIMIT,228137,0,0,30,11
3,12,2.748762e6,-1.6264372143900518,-0.8377716961065049,TIME_LIMIT,228169,0,0,29,19
3,12,2.749238e6,-1.626433542470174,-0.8377716961065049,TIME_LIMIT,228228,0,0,34,9
3,12,2.749718e6,-1.626433542470174,-0.8377716961065049,TIME_LIMIT,228263,0,0,35,43
3,12,2.750194e6,-1.6264233736946665,-0.8377716961065049,TIME_LIMIT,228311,0,0,20,13
3,12,2.750671e6,-1.6264233736946665,-0.8377716961065049,TIME_LIMIT,228341,0,0,34,19
3,12,2.751133e6,-1.6264208303701608,-0.8377716961065049,TIME_LIMIT,228394,0,0,24,10
3,12,2.751619e6,-1.6264208303701608,-0.8377716961065049,TIME_LIMIT,228419,0,0,22,13
3,12,2.752122e6,-1.6264097274301932,-0.8377716961065049,TIME_LIMIT,228468,0,0,28,7
3,12,2.752608e6,-1.6264097274301932,-0.8377716961065049,TIME_LIMIT,228496,0,0,28,27
3,12,2.753087e6,-1.6264086807033993,-0.8377716961065049,TIME_LIMIT,228553,0,0,20,16
3,12,2.75356e6,-1.6264086807033993,-0.8377716961065049,TIME_LIMIT,228584,0,0,43,24
3,12,2.754014e6,-1.6263983653153582,-0.8377716961065049,TIME_LIMIT,228634,0,0,31,8
3,12,2.754482e6,-1.6263983653153582,-0.8377716961065049,TIME_LIMIT,228668,0,0,30,19
3,12,2.754949e6,-1.6263949985010293,-0.8377716961065049,TIME_LIMIT,228713,0,0,39,13
3,12,2.75542e6,-1.6263949985010293,-0.8377716961065049,TIME_LIMIT,228741,0,0,45,42
3,12,2.755887e6,-1.6263717812063583,-0.8377716961065049,TIME_LIMIT,228796,0,0,32,10
3,12,2.756356e6,-1.6263717812063583,-0.8377716961065049,TIME_LIMIT,228838,0,0,40,29
3,12,2.756826e6,-1.626351793630973,-0.8377716961065049,TIME_LIMIT,228879,0,0,37,14
3,12,2.75728e6,-1.626351793630973,-0.8377716961065049,TIME_LIMIT,228916,0,0,30,17
3,12,2.757751e6,-1.62633079869534,-0.8377716961065049,TIME_LIMIT,228956,0,0,29,14
3,12,2.758229e6,-1.62633079869534,-0.8377716961065049,TIME_LIMIT,228990,0,0,31,13
3,12,2.758703e6,-1.6262723801150947,-0.8377716961065049,TIME_LIMIT,229034,0,0,31,15
3,12,2.759174e6,-1.6262723801150947,-0.8377716961065049,TIME_LIMIT,229065,0,0,34,34
3,12,2.759643e6,-1.626264088599493,-0.8377716961065049,TIME_LIMIT,229121,0,0,17,9
3,12,2.760111e6,-1.626264088599493,-0.8377716961065049,TIME_LIMIT,229152,0,0,45,36
3,12,2.760567e6,-1.6262586285359775,-0.8377716961065049,TIME_LIMIT,229206,0,0,34,12
3,12,2.761039e6,-1.6262586285359775,-0.8377716961065049,TIME_LIMIT,229244,0,0,42,39
3,12,2.76151e6,-1.6262559186111214,-0.8377716961065049,TIME_LIMIT,229294,0,0,29,19
3,12,2.761979e6,-1.6262559186111214,-0.8377716961065049,TIME_LIMIT,229330,0,0,19,12
3,12,2.762266e6,-1.6262530799868604,-0.8377716961065049,TIME_LIMIT,229366,0,0,19,0
3,12,2.762734e6,-1.6262530799868604,-0.8377716961065049,TIME_LIMIT,229402,0,0,39,13
3,12,2.763188e6,-1.6262469790968535,-0.8377716961065049,TIME_LIMIT,229438,0,0,30,11
3,12,2.76366e6,-1.6262469790968535,-0.8377716961065049,TIME_LIMIT,229469,0,0,42,46
3,12,2.764129e6,-1.6262110984780405,-0.8377716961065049,TIME_LIMIT,229524,0,0,22,17
3,12,2.7646e6,-1.6262110984780405,-0.8377716961065049,TIME_LIMIT,229552,0,0,25,38
3,12,2.765068e6,-1.626203335974152,-0.8377716961065049,TIME_LIMIT,229603,0,0,34,10
3,12,2.765536e6,-1.626203335974152,-0.8377716961065049,TIME_LIMIT,229636,0,0,45,47
3,12,2.76599e6,-1.626191749515279,-0.8377716961065049,TIME_LIMIT,229685,0,0,27,19
3,12,2.766462e6,-1.626191749515279,-0.8377716961065049,TIME_LIMIT,229716,0,0,35,64
3,12,2.766932e6,-1.6261874287572775,-0.8377716961065049,TIME_LIMIT,229767,0,0,25,28
3,12,2.767403e6,-1.6261874287572775,-0.8377716961065049,TIME_LIMIT,229801,0,0,41,21
3,12,2.767872e6,-1.6261843133464544,-0.8377716961065049,TIME_LIMIT,229847,0,0,32,18
3,12,2.768343e6,-1.6261843133464544,-0.8377716961065049,TIME_LIMIT,229881,0,0,26,32
3,12,2.768809e6,-1.626172972758611,-0.8377716961065049,TIME_LIMIT,229933,0,0,29,10
3,12,2.769264e6,-1.626172972758611,-0.8377716961065049,TIME_LIMIT,229973,0,0,39,26
3,12,2.769734e6,-1.6261596489496717,-0.8377716961065049,TIME_LIMIT,230015,0,0,39,16
3,12,2.770203e6,-1.6261596489496717,-0.8377716961065049,TIME_LIMIT,230054,0,0,39,18
3,12,2.770671e6,-1.6261591043540127,-0.8377716961065049,TIME_LIMIT,230098,0,0,37,15
3,12,2.771141e6,-1.6261591043540127,-0.8377716961065049,TIME_LIMIT,230134,0,0,48,50
3,12,2.771614e6,-1.626153333579621,-0.8377716961065049,TIME_LIMIT,230186,0,0,26,12
3,12,2.772067e6,-1.626153333579621,-0.8377716961065049,TIME_LIMIT,230221,0,0,38,24
3,12,2.772536e6,-1.626119139335188,-0.8377716961065049,TIME_LIMIT,230271,0,0,35,12
3,12,2.773007e6,-1.626119139335188,-0.8377716961065049,TIME_LIMIT,230299,0,0,36,75
3,12,2.773477e6,-1.6260812646714555,-0.8377716961065049,TIME_LIMIT,230348,0,0,16,11
3,12,2.773949e6,-1.6260812646714555,-0.8377716961065049,TIME_LIMIT,230383,0,0,48,19
3,12,2.77442e6,-1.6260650695841408,-0.8377716961065049,TIME_LIMIT,230438,0,0,34,6
3,12,2.774889e6,-1.6260650695841408,-0.8377716961065049,TIME_LIMIT,230478,0,0,40,21
3,12,2.775341e6,-1.626060564147756,-0.8377716961065049,TIME_LIMIT,230534,0,0,31,15
3,12,2.775813e6,-1.626060564147756,-0.8377716961065049,TIME_LIMIT,230563,0,0,43,23
3,12,2.776282e6,-1.6260595202736063,-0.8377716961065049,TIME_LIMIT,230615,0,0,30,9
3,12,2.776752e6,-1.6260595202736063,-0.8377716961065049,TIME_LIMIT,230648,0,0,42,36
3,12,2.777221e6,-1.6260296494137296,-0.8377716961065049,TIME_LIMIT,230701,0,0,34,16
3,12,2.777691e6,-1.6260296494137296,-0.8377716961065049,TIME_LIMIT,230738,0,0,33,17
3,12,2.778161e6,-1.6260221669341905,-0.8377716961065049,TIME_LIMIT,230779,0,0,27,14
3,12,2.778615e6,-1.6260221669341905,-0.8377716961065049,TIME_LIMIT,230804,0,0,30,39
3,12,2.779088e6,-1.6260178226053754,-0.8377716961065049,TIME_LIMIT,230857,0,0,30,9
3,12,2.779561e6,-1.6260178226053754,-0.8377716961065049,TIME_LIMIT,230886,0,0,39,28
3,12,2.780032e6,-1.6260053526908644,-0.8377716961065049,TIME_LIMIT,230937,0,0,31,8
3,12,2.7805e6,-1.6260053526908644,-0.8377716961065049,TIME_LIMIT,230970,0,0,30,19
3,12,2.780971e6,-1.6259964221592436,-0.8377716961065049,TIME_LIMIT,231019,0,0,25,18
3,12,2.781426e6,-1.6259964221592436,-0.8377716961065049,TIME_LIMIT,231050,0,0,27,16
3,12,2.7819e6,-1.6259934305294532,-0.8377716961065049,TIME_LIMIT,231102,0,0,27,14
3,12,2.782372e6,-1.6259934305294532,-0.8377716961065049,TIME_LIMIT,231136,0,0,24,12
3,12,2.782842e6,-1.625981601764789,-0.8377716961065049,TIME_LIMIT,231182,0,0,40,12
3,12,2.783314e6,-1.625981601764789,-0.8377716961065049,TIME_LIMIT,231220,0,0,47,33
3,12,2.783784e6,-1.6259619687760398,-0.8377716961065049,TIME_LIMIT,231272,0,0,34,22
3,12,2.784238e6,-1.6259619687760398,-0.8377716961065049,TIME_LIMIT,231310,0,0,32,24
3,12,2.78471e6,-1.6259477665051139,-0.8377716961065049,TIME_LIMIT,231352,0,0,41,25
3,12,2.785182e6,-1.6259477665051139,-0.8377716961065049,TIME_LIMIT,231394,0,0,35,14
3,12,2.785652e6,-1.6259372119778484,-0.8377716961065049,TIME_LIMIT,231436,0,0,18,8
3,12,2.786122e6,-1.6259372119778484,-0.8377716961065049,TIME_LIMIT,231472,0,0,47,36
3,12,2.786592e6,-1.6259363068943409,-0.8377716961065049,TIME_LIMIT,231512,0,0,29,6
3,12,2.787062e6,-1.6259363068943409,-0.8377716961065049,TIME_LIMIT,231545,0,0,22,10
3,12,2.787515e6,-1.6259318172352182,-0.8377716961065049,TIME_LIMIT,231599,0,0,30,14
3,12,2.787987e6,-1.6259318172352182,-0.8377716961065049,TIME_LIMIT,231640,0,0,42,20
3,12,2.788457e6,-1.6259142615055975,-0.8377716961065049,TIME_LIMIT,231693,0,0,34,10
3,12,2.788928e6,-1.6259142615055975,-0.8377716961065049,TIME_LIMIT,231723,0,0,21,13
3,12,2.789396e6,-1.6259075470654307,-0.8377716961065049,TIME_LIMIT,231770,0,0,28,8
3,12,2.789866e6,-1.6259075470654307,-0.8377716961065049,TIME_LIMIT,231803,0,0,39,41
3,12,2.790323e6,-1.6258926975757486,-0.8377716961065049,TIME_LIMIT,231853,0,0,28,13
3,12,2.790802e6,-1.6258926975757486,-0.8377716961065049,TIME_LIMIT,231884,0,0,25,17
3,12,2.791272e6,-1.6258828442172335,-0.8377716961065049,TIME_LIMIT,231943,0,0,33,13
3,12,2.791744e6,-1.6258828442172335,-0.8377716961065049,TIME_LIMIT,231972,0,0,49,33
3,12,2.792214e6,-1.6258766150784754,-0.8377716961065049,TIME_LIMIT,232028,0,0,35,21
3,12,2.792684e6,-1.6258766150784754,-0.8377716961065049,TIME_LIMIT,232077,0,0,40,44
3,12,2.793136e6,-1.6258225341781374,-0.8377716961065049,TIME_LIMIT,232115,0,0,40,33
3,12,2.793608e6,-1.6258225341781374,-0.8377716961065049,TIME_LIMIT,232149,0,0,37,18
3,12,2.794077e6,-1.6258172907388828,-0.8377716961065049,TIME_LIMIT,232201,0,0,29,7
3,12,2.794548e6,-1.6258172907388828,-0.8377716961065049,TIME_LIMIT,232245,0,0,36,14
3,12,2.795019e6,-1.6258002372938867,-0.8377716961065049,TIME_LIMIT,232282,0,0,20,15
3,12,2.795491e6,-1.6258002372938867,-0.8377716961065049,TIME_LIMIT,232311,0,0,32,16
3,12,2.79596e6,-1.6257967766440222,-0.8377716961065049,TIME_LIMIT,232362,0,0,33,9
3,12,2.796416e6,-1.6257967766440222,-0.8377716961065049,TIME_LIMIT,232395,0,0,32,45
3,12,2.796886e6,-1.6257619127063596,-0.8377716961065049,TIME_LIMIT,232451,0,0,20,10
3,12,2.797359e6,-1.6257619127063596,-0.8377716961065049,TIME_LIMIT,232490,0,0,28,29
3,12,2.797832e6,-1.62576094452532,-0.8377716961065049,TIME_LIMIT,232549,0,0,40,11
3,12,2.798302e6,-1.62576094452532,-0.8377716961065049,TIME_LIMIT,232594,0,0,39,13
3,12,2.798788e6,-1.6257309399990096,-0.8377716961065049,TIME_LIMIT,232629,0,0,34,10
3,12,2.799247e6,-1.6257309399990096,-0.8377716961065049,TIME_LIMIT,232666,0,0,37,16
3,12,2.79972e6,-1.6256948207589605,-0.8377716961065049,TIME_LIMIT,232713,0,0,42,11
3,12,2.800192e6,-1.6256948207589605,-0.8377716961065049,TIME_LIMIT,232752,0,0,25,18
3,12,2.800662e6,-1.6256940761541512,-0.8377716961065049,TIME_LIMIT,232790,0,0,24,9
3,12,2.801133e6,-1.6256940761541512,-0.8377716961065049,TIME_LIMIT,232825,0,0,31,18
3,12,2.801604e6,-1.6256674554138142,-0.8377716961065049,TIME_LIMIT,232857,0,0,34,13
3,12,2.802059e6,-1.6256674554138142,-0.8377716961065049,TIME_LIMIT,232895,0,0,25,29
3,12,2.802533e6,-1.6256129135816502,-0.8377716961065049,TIME_LIMIT,232944,0,0,40,19
3,12,2.803003e6,-1.6256129135816502,-0.8377716961065049,TIME_LIMIT,232979,0,0,31,15
3,12,2.803475e6,-1.6255668983460427,-0.8377716961065049,TIME_LIMIT,233012,0,0,12,14
3,12,2.803947e6,-1.6255668983460427,-0.8377716961065049,TIME_LIMIT,233054,0,0,50,32
3,12,2.804417e6,-1.6255568812539052,-0.8377716961065049,TIME_LIMIT,233106,0,0,34,15
3,12,2.804888e6,-1.6255568812539052,-0.8377716961065049,TIME_LIMIT,233138,0,0,44,44
3,12,2.805342e6,-1.6255403615447108,-0.8377716961065049,TIME_LIMIT,233191,0,0,32,11
3,12,2.805812e6,-1.6255403615447108,-0.8377716961065049,TIME_LIMIT,233222,0,0,29,15
3,12,2.806283e6,-1.625530827168926,-0.8377716961065049,TIME_LIMIT,233262,0,0,20,5
3,12,2.806754e6,-1.625530827168926,-0.8377716961065049,TIME_LIMIT,233295,0,0,30,14
3,12,2.807225e6,-1.625519014933923,-0.8377716961065049,TIME_LIMIT,233331,0,0,17,7
3,12,2.807694e6,-1.625519014933923,-0.8377716961065049,TIME_LIMIT,233359,0,0,41,21
3,12,2.808148e6,-1.62551330959604,-0.8377716961065049,TIME_LIMIT,233412,0,0,26,16
3,12,2.808619e6,-1.62551330959604,-0.8377716961065049,TIME_LIMIT,233447,0,0,43,28
3,12,2.809093e6,-1.6254983726209282,-0.8377716961065049,TIME_LIMIT,233499,0,0,21,14
3,12,2.809564e6,-1.6254983726209282,-0.8377716961065049,TIME_LIMIT,233534,0,0,37,27
3,12,2.810033e6,-1.6254709083522076,-0.8377716961065049,TIME_LIMIT,233589,0,0,35,8
3,12,2.810503e6,-1.6254709083522076,-0.8377716961065049,TIME_LIMIT,233627,0,0,48,29
3,12,2.81096e6,-1.6254622338726907,-0.8377716961065049,TIME_LIMIT,233679,0,0,31,28
3,12,2.811433e6,-1.6254622338726907,-0.8377716961065049,TIME_LIMIT,233717,0,0,47,76
3,12,2.811905e6,-1.6254304094496073,-0.8377716961065049,TIME_LIMIT,233774,0,0,36,24
3,12,2.812375e6,-1.6254304094496073,-0.8377716961065049,TIME_LIMIT,233811,0,0,36,15
3,12,2.812844e6,-1.6254296140023798,-0.8377716961065049,TIME_LIMIT,233850,0,0,33,9
3,12,2.813315e6,-1.6254296140023798,-0.8377716961065049,TIME_LIMIT,233886,0,0,38,29
3,12,2.813768e6,-1.625397957536139,-0.8377716961065049,TIME_LIMIT,233921,0,0,36,25
3,12,2.814241e6,-1.625397957536139,-0.8377716961065049,TIME_LIMIT,233954,0,0,37,37
3,12,2.814713e6,-1.6253833696063724,-0.8377716961065049,TIME_LIMIT,234008,0,0,13,9
3,12,2.815183e6,-1.6253833696063724,-0.8377716961065049,TIME_LIMIT,234035,0,0,31,15
3,12,2.815651e6,-1.6253832515268944,-0.8377716961065049,TIME_LIMIT,234086,0,0,30,13
3,12,2.816121e6,-1.6253832515268944,-0.8377716961065049,TIME_LIMIT,234114,0,0,41,28
3,12,2.816595e6,-1.6253775409943383,-0.8377716961065049,TIME_LIMIT,234165,0,0,35,10
3,12,2.81707e6,-1.6253775409943383,-0.8377716961065049,TIME_LIMIT,234192,0,0,35,37
3,12,2.817562e6,-1.6253712211568108,-0.8377716961065049,TIME_LIMIT,234245,0,0,31,15
3,12,2.818033e6,-1.6253712211568108,-0.8377716961065049,TIME_LIMIT,234276,0,0,44,21
3,12,2.818502e6,-1.6253692168606912,-0.8377716961065049,TIME_LIMIT,234323,0,0,29,23
3,12,2.818968e6,-1.6253692168606912,-0.8377716961065049,TIME_LIMIT,234362,0,0,32,14
3,12,2.819416e6,-1.6253525302896012,-0.8377716961065049,TIME_LIMIT,234404,0,0,27,6
3,12,2.819876e6,-1.6253525302896012,-0.8377716961065049,TIME_LIMIT,234438,0,0,21,27
3,12,2.820339e6,-1.6253366572838348,-0.8377716961065049,TIME_LIMIT,234494,0,0,34,12
3,12,2.820802e6,-1.6253366572838348,-0.8377716961065049,TIME_LIMIT,234523,0,0,32,23
3,12,2.821263e6,-1.6253329658119904,-0.8377716961065049,TIME_LIMIT,234570,0,0,30,11
3,12,2.821724e6,-1.6253329658119904,-0.8377716961065049,TIME_LIMIT,234608,0,0,36,30
3,12,2.82217e6,-1.6253172023203868,-0.8377716961065049,TIME_LIMIT,234649,0,0,36,14
3,12,2.822635e6,-1.6253172023203868,-0.8377716961065049,TIME_LIMIT,234686,0,0,43,25
3,12,2.8231e6,-1.6253047498894566,-0.8377716961065049,TIME_LIMIT,234744,0,0,31,17
3,12,2.823565e6,-1.6253047498894566,-0.8377716961065049,TIME_LIMIT,234780,0,0,40,24
3,12,2.824026e6,-1.6253047225726487,-0.8377716961065049,TIME_LIMIT,234826,0,0,25,16
3,12,2.824488e6,-1.6253047225726487,-0.8377716961065049,TIME_LIMIT,234854,0,0,36,29
3,12,2.824935e6,-1.625300497553324,-0.8377716961065049,TIME_LIMIT,234911,0,0,30,13
3,12,2.825396e6,-1.625300497553324,-0.8377716961065049,TIME_LIMIT,234946,0,0,39,20
3,12,2.825857e6,-1.625297734554968,-0.8377716961065049,TIME_LIMIT,234996,0,0,26,14
3,12,2.82632e6,-1.625297734554968,-0.8377716961065049,TIME_LIMIT,235026,0,0,38,20
3,12,2.826782e6,-1.6252509429080741,-0.8377716961065049,TIME_LIMIT,235084,0,0,33,14
3,12,2.827249e6,-1.6252509429080741,-0.8377716961065049,TIME_LIMIT,235112,0,0,39,27
3,12,2.827695e6,-1.625243510195153,-0.8377716961065049,TIME_LIMIT,235162,0,0,31,13
3,12,2.828159e6,-1.625243510195153,-0.8377716961065049,TIME_LIMIT,235202,0,0,48,32
3,12,2.828626e6,-1.6252198603431804,-0.8377716961065049,TIME_LIMIT,235243,0,0,17,13
3,12,2.829095e6,-1.6252198603431804,-0.8377716961065049,TIME_LIMIT,235277,0,0,44,14
3,12,2.829557e6,-1.6252054521698567,-0.8377716961065049,TIME_LIMIT,235330,0,0,34,5
3,12,2.830018e6,-1.6252054521698567,-0.8377716961065049,TIME_LIMIT,235370,0,0,40,22
3,12,2.830471e6,-1.6252022823679508,-0.8377716961065049,TIME_LIMIT,235403,0,0,33,17
3,12,2.830954e6,-1.6252022823679508,-0.8377716961065049,TIME_LIMIT,235432,0,0,38,16
3,12,2.831439e6,-1.6251867388674102,-0.8377716961065049,TIME_LIMIT,235478,0,0,25,2
3,12,2.831926e6,-1.6251867388674102,-0.8377716961065049,TIME_LIMIT,235520,0,0,26,14
3,12,2.832465e6,-1.6251737631208953,-0.8377716961065049,TIME_LIMIT,235562,0,0,45,24
3,12,2.832972e6,-1.6251737631208953,-0.8377716961065049,TIME_LIMIT,235598,0,0,26,60
3,12,2.833483e6,-1.6251476107550988,-0.8377716961065049,TIME_LIMIT,235655,0,0,34,14
3,12,2.834026e6,-1.6251476107550988,-0.8377716961065049,TIME_LIMIT,235684,0,0,35,20
3,12,2.834567e6,-1.625147301543557,-0.8377716961065049,TIME_LIMIT,235735,0,0,34,8
3,12,2.835105e6,-1.625147301543557,-0.8377716961065049,TIME_LIMIT,235763,0,0,41,30
3,12,2.835643e6,-1.6251323982042027,-0.8377716961065049,TIME_LIMIT,235826,0,0,36,15
3,12,2.836191e6,-1.6251323982042027,-0.8377716961065049,TIME_LIMIT,235860,0,0,28,23
3,12,2.836698e6,-1.6251275319603795,-0.8377716961065049,TIME_LIMIT,235909,0,0,17,11
3,12,2.837283e6,-1.6251275319603795,-0.8377716961065049,TIME_LIMIT,235935,0,0,16,23
3,12,2.837833e6,-1.6251210945266132,-0.8377716961065049,TIME_LIMIT,235980,0,0,31,28
3,12,2.83837e6,-1.6251210945266132,-0.8377716961065049,TIME_LIMIT,236022,0,0,25,15
3,12,2.838988e6,-1.625104280213028,-0.8377716961065049,TIME_LIMIT,236061,0,0,32,23
3,12,2.839538e6,-1.625104280213028,-0.8377716961065049,TIME_LIMIT,236099,0,0,44,21
3,12,2.840097e6,-1.6250985042349735,-0.8377716961065049,TIME_LIMIT,236150,0,0,22,8
3,12,2.840646e6,-1.6250985042349735,-0.8377716961065049,TIME_LIMIT,236186,0,0,43,27
3,12,2.841211e6,-1.625053299770196,-0.8377716961065049,TIME_LIMIT,236235,0,0,30,11
3,12,2.841804e6,-1.625053299770196,-0.8377716961065049,TIME_LIMIT,236263,0,0,45,50
3,12,2.842306e6,-1.6250457288580513,-0.8377716961065049,TIME_LIMIT,236316,0,0,23,12
3,12,2.842872e6,-1.6250457288580513,-0.8377716961065049,TIME_LIMIT,236357,0,0,43,39
3,12,2.843432e6,-1.6250442729057735,-0.8377716961065049,TIME_LIMIT,236392,0,0,39,40
3,12,2.844008e6,-1.6250442729057735,-0.8377716961065049,TIME_LIMIT,236421,0,0,42,43
3,12,2.844604e6,-1.6250078890487303,-0.8377716961065049,TIME_LIMIT,236477,0,0,25,15
3,12,2.845208e6,-1.6250078890487303,-0.8377716961065049,TIME_LIMIT,236510,0,0,39,25
3,12,2.845802e6,-1.6249724979166758,-0.8377716961065049,TIME_LIMIT,236572,0,0,32,12
3,12,2.846394e6,-1.6249724979166758,-0.8377716961065049,TIME_LIMIT,236612,0,0,29,17
3,12,2.846998e6,-1.6249720650304054,-0.8377716961065049,TIME_LIMIT,236670,0,0,30,13
3,12,2.847572e6,-1.6249720650304054,-0.8377716961065049,TIME_LIMIT,236700,0,0,42,34
3,12,2.848138e6,-1.6249600386323426,-0.8377716961065049,TIME_LIMIT,236751,0,0,27,11
3,12,2.848698e6,-1.6249600386323426,-0.8377716961065049,TIME_LIMIT,236777,0,0,40,18
3,12,2.849319e6,-1.6249554528821102,-0.8377716961065049,TIME_LIMIT,236831,0,0,30,14
3,12,2.849898e6,-1.6249554528821102,-0.8377716961065049,TIME_LIMIT,236860,0,0,37,29
3,12,2.850433e6,-1.6249049357830105,-0.8377716961065049,TIME_LIMIT,236900,0,0,32,15
3,12,2.85107e6,-1.6249049357830105,-0.8377716961065049,TIME_LIMIT,236930,0,0,45,33
3,12,2.851702e6,-1.624903832511353,-0.8377716961065049,TIME_LIMIT,236992,0,0,32,12
3,12,2.852251e6,-1.624903832511353,-0.8377716961065049,TIME_LIMIT,237024,0,0,42,38
3,12,2.852836e6,-1.6249023046766653,-0.8377716961065049,TIME_LIMIT,237077,0,0,32,8
3,12,2.853384e6,-1.6249023046766653,-0.8377716961065049,TIME_LIMIT,237109,0,0,33,45
3,12,2.853933e6,-1.6248853506791243,-0.8377716961065049,TIME_LIMIT,237159,0,0,26,25
3,12,2.854586e6,-1.6248853506791243,-0.8377716961065049,TIME_LIMIT,237193,0,0,47,27
3,12,2.855097e6,-1.6248822655750825,-0.8377716961065049,TIME_LIMIT,237243,0,0,34,11
3,12,2.855765e6,-1.6248822655750825,-0.8377716961065049,TIME_LIMIT,237271,0,0,39,35
3,12,2.856352e6,-1.6248446893702408,-0.8377716961065049,TIME_LIMIT,237324,0,0,27,9
3,12,2.856921e6,-1.6248446893702408,-0.8377716961065049,TIME_LIMIT,237368,0,0,40,14
3,12,2.857464e6,-1.6248200332901936,-0.8377716961065049,TIME_LIMIT,237405,0,0,33,14
3,12,2.858103e6,-1.6248200332901936,-0.8377716961065049,TIME_LIMIT,237434,0,0,25,18
3,12,2.858715e6,-1.6248182939149347,-0.8377716961065049,TIME_LIMIT,237484,0,0,31,14
3,12,2.859272e6,-1.6248182939149347,-0.8377716961065049,TIME_LIMIT,237516,0,0,41,34
3,12,2.859911e6,-1.6247844234445379,-0.8377716961065049,TIME_LIMIT,237565,0,0,17,6
3,12,2.860472e6,-1.6247844234445379,-0.8377716961065049,TIME_LIMIT,237607,0,0,21,19
3,12,2.861166e6,-1.62477587138357,-0.8377716961065049,TIME_LIMIT,237644,0,0,36,14
3,12,2.861657e6,-1.62477587138357,-0.8377716961065049,TIME_LIMIT,237683,0,0,44,36
3,12,2.862348e6,-1.624766297266866,-0.8377716961065049,TIME_LIMIT,237718,0,0,24,9
3,12,2.862896e6,-1.624766297266866,-0.8377716961065049,TIME_LIMIT,237751,0,0,43,29
3,12,2.863547e6,-1.62475386705826,-0.8377716961065049,TIME_LIMIT,237807,0,0,35,17
3,12,2.864117e6,-1.62475386705826,-0.8377716961065049,TIME_LIMIT,237840,0,0,24,26
3,12,2.864772e6,-1.6247526928201121,-0.8377716961065049,TIME_LIMIT,237888,0,0,17,18
3,12,2.865397e6,-1.6247526928201121,-0.8377716961065049,TIME_LIMIT,237925,0,0,45,25
3,12,2.866018e6,-1.624733094847159,-0.8377716961065049,TIME_LIMIT,237971,0,0,29,12
3,12,2.866652e6,-1.624733094847159,-0.8377716961065049,TIME_LIMIT,238002,0,0,42,26
3,12,2.867146e6,-1.6246925232527663,-0.8377716961065049,TIME_LIMIT,238050,0,0,32,13
3,12,2.867865e6,-1.6246925232527663,-0.8377716961065049,TIME_LIMIT,238080,0,0,37,26
3,12,2.868406e6,-1.6246858500553385,-0.8377716961065049,TIME_LIMIT,238140,0,0,35,12
3,12,2.869066e6,-1.6246858500553385,-0.8377716961065049,TIME_LIMIT,238169,0,0,37,22
3,12,2.869713e6,-1.6246829296358825,-0.8377716961065049,TIME_LIMIT,238219,0,0,16,8
3,12,2.870227e6,-1.6246829296358825,-0.8377716961065049,TIME_LIMIT,238252,0,0,36,26
3,12,2.870834e6,-1.6246605198309347,-0.8377716961065049,TIME_LIMIT,238291,0,0,43,22
3,12,2.871421e6,-1.6246605198309347,-0.8377716961065049,TIME_LIMIT,238322,0,0,45,41
3,12,2.872025e6,-1.6246516461774911,-0.8377716961065049,TIME_LIMIT,238370,0,0,15,10
3,12,2.872634e6,-1.6246516461774911,-0.8377716961065049,TIME_LIMIT,238405,0,0,48,55
3,12,2.873235e6,-1.6245953810570095,-0.8377716961065049,TIME_LIMIT,238456,0,0,32,26
3,12,2.873824e6,-1.6245953810570095,-0.8377716961065049,TIME_LIMIT,238490,0,0,45,36
3,12,2.874431e6,-1.6245602867096662,-0.8377716961065049,TIME_LIMIT,238542,0,0,34,11
3,12,2.875039e6,-1.6245602867096662,-0.8377716961065049,TIME_LIMIT,238580,0,0,28,21
3,12,2.87565e6,-1.6245578893254795,-0.8377716961065049,TIME_LIMIT,238625,0,0,35,15
3,12,2.876261e6,-1.6245578893254795,-0.8377716961065049,TIME_LIMIT,238662,0,0,26,14
3,12,2.876869e6,-1.6245200047511796,-0.8377716961065049,TIME_LIMIT,238698,0,0,34,19
3,12,2.877464e6,-1.6245200047511796,-0.8377716961065049,TIME_LIMIT,238732,0,0,35,62
3,12,2.87808e6,-1.6245140222077505,-0.8377716961065049,TIME_LIMIT,238790,0,0,30,22
3,12,2.878695e6,-1.6245140222077505,-0.8377716961065049,TIME_LIMIT,238817,0,0,41,19
3,12,2.879304e6,-1.6245119990359018,-0.8377716961065049,TIME_LIMIT,238864,0,0,23,8
3,12,2.879917e6,-1.6245119990359018,-0.8377716961065049,TIME_LIMIT,238900,0,0,39,23
3,12,2.880508e6,-1.624505608726205,-0.8377716961065049,TIME_LIMIT,238949,0,0,30,12
3,12,2.881121e6,-1.624505608726205,-0.8377716961065049,TIME_LIMIT,238980,0,0,22,20
3,12,2.88173e6,-1.6244272223456326,-0.8377716961065049,TIME_LIMIT,239030,0,0,28,14
3,12,2.882338e6,-1.6244272223456326,-0.8377716961065049,TIME_LIMIT,239058,0,0,39,22
3,12,2.882943e6,-1.6244118493442492,-0.8377716961065049,TIME_LIMIT,239118,0,0,20,8
3,12,2.883548e6,-1.6244118493442492,-0.8377716961065049,TIME_LIMIT,239147,0,0,28,36
3,12,2.884131e6,-1.6244098383252312,-0.8377716961065049,TIME_LIMIT,239204,0,0,32,13
3,12,2.884736e6,-1.6244098383252312,-0.8377716961065049,TIME_LIMIT,239233,0,0,20,13
3,12,2.885361e6,-1.6244039742214902,-0.8377716961065049,TIME_LIMIT,239286,0,0,20,10
3,12,2.885971e6,-1.6244039742214902,-0.8377716961065049,TIME_LIMIT,239326,0,0,40,32
3,12,2.886572e6,-1.6243998766939174,-0.8377716961065049,TIME_LIMIT,239371,0,0,23,8
3,12,2.887153e6,-1.6243998766939174,-0.8377716961065049,TIME_LIMIT,239409,0,0,47,29
3,12,2.887749e6,-1.6243794896383124,-0.8377716961065049,TIME_LIMIT,239465,0,0,35,8
3,12,2.888347e6,-1.6243794896383124,-0.8377716961065049,TIME_LIMIT,239509,0,0,31,38
3,12,2.888938e6,-1.6243713147898258,-0.8377716961065049,TIME_LIMIT,239565,0,0,35,8
3,12,2.889512e6,-1.6243713147898258,-0.8377716961065049,TIME_LIMIT,239611,0,0,41,21
3,12,2.890084e6,-1.624359642560328,-0.8377716961065049,TIME_LIMIT,239647,0,0,43,27
3,12,2.890628e6,-1.624359642560328,-0.8377716961065049,TIME_LIMIT,239679,0,0,25,13
3,12,2.89119e6,-1.6242920179564164,-0.8377716961065049,TIME_LIMIT,239722,0,0,18,6
3,12,2.891754e6,-1.6242920179564164,-0.8377716961065049,TIME_LIMIT,239757,0,0,31,21
3,12,2.892311e6,-1.624272700508165,-0.8377716961065049,TIME_LIMIT,239802,0,0,23,14
3,12,2.89289e6,-1.624272700508165,-0.8377716961065049,TIME_LIMIT,239832,0,0,36,20
3,12,2.893446e6,-1.624270679734111,-0.8377716961065049,TIME_LIMIT,239879,0,0,28,23
3,12,2.894028e6,-1.624270679734111,-0.8377716961065049,TIME_LIMIT,239918,0,0,35,20
3,12,2.894604e6,-1.6242555345726484,-0.8377716961065049,TIME_LIMIT,239969,0,0,27,12
3,12,2.895206e6,-1.6242555345726484,-0.8377716961065049,TIME_LIMIT,240012,0,0,28,20
3,12,2.895785e6,-1.6242554834159806,-0.8377716961065049,TIME_LIMIT,240048,0,0,29,11
3,12,2.896359e6,-1.6242554834159806,-0.8377716961065049,TIME_LIMIT,240080,0,0,41,61
3,12,2.89692e6,-1.6242549473042696,-0.8377716961065049,TIME_LIMIT,240132,0,0,31,25
3,12,2.897501e6,-1.6242549473042696,-0.8377716961065049,TIME_LIMIT,240163,0,0,40,26
3,12,2.898079e6,-1.6242238477377546,-0.8377716961065049,TIME_LIMIT,240215,0,0,33,10
3,12,2.898654e6,-1.6242238477377546,-0.8377716961065049,TIME_LIMIT,240242,0,0,33,23
3,12,2.899244e6,-1.6242105792802237,-0.8377716961065049,TIME_LIMIT,240290,0,0,30,7
3,12,2.899796e6,-1.6242105792802237,-0.8377716961065049,TIME_LIMIT,240332,0,0,39,43
3,12,2.900368e6,-1.6242056447869315,-0.8377716961065049,TIME_LIMIT,240382,0,0,31,15
3,12,2.900957e6,-1.6242056447869315,-0.8377716961065049,TIME_LIMIT,240410,0,0,24,35
3,12,2.901539e6,-1.6241928884205208,-0.8377716961065049,TIME_LIMIT,240470,0,0,31,19
3,12,2.902119e6,-1.6241928884205208,-0.8377716961065049,TIME_LIMIT,240504,0,0,20,17
3,12,2.902642e6,-1.6241911244401743,-0.8377716961065049,TIME_LIMIT,240545,0,0,18,6
3,12,2.903234e6,-1.6241911244401743,-0.8377716961065049,TIME_LIMIT,240588,0,0,49,43
3,12,2.903826e6,-1.6241889259332076,-0.8377716961065049,TIME_LIMIT,240641,0,0,33,15
3,12,2.904415e6,-1.6241889259332076,-0.8377716961065049,TIME_LIMIT,240677,0,0,21,22
3,12,2.904989e6,-1.6241472678192994,-0.8377716961065049,TIME_LIMIT,240726,0,0,16,8
3,12,2.905586e6,-1.6241472678192994,-0.8377716961065049,TIME_LIMIT,240761,0,0,41,39
3,12,2.906183e6,-1.6241231051514,-0.8377716961065049,TIME_LIMIT,240815,0,0,35,10
3,12,2.906778e6,-1.6241231051514,-0.8377716961065049,TIME_LIMIT,240849,0,0,22,19
3,12,2.907366e6,-1.624090242933511,-0.8377716961065049,TIME_LIMIT,240898,0,0,22,5
3,12,2.907953e6,-1.624090242933511,-0.8377716961065049,TIME_LIMIT,240941,0,0,32,22
3,12,2.908528e6,-1.6240582189037955,-0.8377716961065049,TIME_LIMIT,240975,0,0,26,19
3,12,2.909128e6,-1.6240582189037955,-0.8377716961065049,TIME_LIMIT,241009,0,0,30,24
3,12,2.909728e6,-1.6239993380873745,-0.8377716961065049,TIME_LIMIT,241054,0,0,24,13
3,12,2.910329e6,-1.6239993380873745,-0.8377716961065049,TIME_LIMIT,241082,0,0,29,21
3,12,2.910928e6,-1.6239553437819823,-0.8377716961065049,TIME_LIMIT,241127,0,0,21,16
3,12,2.911509e6,-1.6239553437819823,-0.8377716961065049,TIME_LIMIT,241164,0,0,36,23
3,12,2.912114e6,-1.6239272387968042,-0.8377716961065049,TIME_LIMIT,241218,0,0,31,12
3,12,2.91272e6,-1.6239272387968042,-0.8377716961065049,TIME_LIMIT,241247,0,0,35,24
3,12,2.913319e6,-1.6239222913269795,-0.8377716961065049,TIME_LIMIT,241295,0,0,29,10
3,12,2.913927e6,-1.6239222913269795,-0.8377716961065049,TIME_LIMIT,241323,0,0,27,17
3,12,2.91453e6,-1.6239106195277748,-0.8377716961065049,TIME_LIMIT,241369,0,0,29,12
3,12,2.915113e6,-1.6239106195277748,-0.8377716961065049,TIME_LIMIT,241409,0,0,34,16
3,12,2.915721e6,-1.6239088207454007,-0.8377716961065049,TIME_LIMIT,241444,0,0,34,17
3,12,2.916326e6,-1.6239088207454007,-0.8377716961065049,TIME_LIMIT,241473,0,0,34,38
3,12,2.916927e6,-1.6239016406423654,-0.8377716961065049,TIME_LIMIT,241526,0,0,15,8
3,12,2.917529e6,-1.6239016406423654,-0.8377716961065049,TIME_LIMIT,241557,0,0,39,27
3,12,2.918109e6,-1.6239012557202182,-0.8377716961065049,TIME_LIMIT,241610,0,0,30,13
3,12,2.918716e6,-1.6239012557202182,-0.8377716961065049,TIME_LIMIT,241636,0,0,25,16
3,12,2.919332e6,-1.6238912966132064,-0.8377716961065049,TIME_LIMIT,241685,0,0,18,6
3,12,2.919937e6,-1.6238912966132064,-0.8377716961065049,TIME_LIMIT,241726,0,0,22,21
3,12,2.920537e6,-1.6238445057283803,-0.8377716961065049,TIME_LIMIT,241764,0,0,31,7
3,12,2.921114e6,-1.6238445057283803,-0.8377716961065049,TIME_LIMIT,241789,0,0,39,33
3,12,2.921713e6,-1.6238330726403256,-0.8377716961065049,TIME_LIMIT,241843,0,0,20,16
3,12,2.922319e6,-1.6238330726403256,-0.8377716961065049,TIME_LIMIT,241875,0,0,48,27
3,12,2.922919e6,-1.6238326289434495,-0.8377716961065049,TIME_LIMIT,241930,0,0,28,14
3,12,2.92351e6,-1.6238326289434495,-0.8377716961065049,TIME_LIMIT,241962,0,0,35,28
3,12,2.92408e6,-1.623819693050469,-0.8377716961065049,TIME_LIMIT,242020,0,0,38,14
3,12,2.924665e6,-1.623819693050469,-0.8377716961065049,TIME_LIMIT,242052,0,0,46,31
3,12,2.925256e6,-1.6238125484881816,-0.8377716961065049,TIME_LIMIT,242094,0,0,24,9
3,12,2.925844e6,-1.6238125484881816,-0.8377716961065049,TIME_LIMIT,242128,0,0,23,14
3,12,2.926419e6,-1.6238110126417107,-0.8377716961065049,TIME_LIMIT,242175,0,0,27,12
3,12,2.92698e6,-1.6238110126417107,-0.8377716961065049,TIME_LIMIT,242211,0,0,47,69
3,12,2.927562e6,-1.6237942863010866,-0.8377716961065049,TIME_LIMIT,242265,0,0,27,17
3,12,2.928148e6,-1.6237942863010866,-0.8377716961065049,TIME_LIMIT,242299,0,0,35,20
3,12,2.928735e6,-1.6237727830418451,-0.8377716961065049,TIME_LIMIT,242338,0,0,18,7
3,12,2.929324e6,-1.6237727830418451,-0.8377716961065049,TIME_LIMIT,242372,0,0,35,13
3,12,2.929892e6,-1.6237698518645536,-0.8377716961065049,TIME_LIMIT,242422,0,0,28,15
3,12,2.930481e6,-1.6237698518645536,-0.8377716961065049,TIME_LIMIT,242461,0,0,39,22
3,12,2.931088e6,-1.6237560954428474,-0.8377716961065049,TIME_LIMIT,242502,0,0,39,13
3,12,2.931689e6,-1.6237560954428474,-0.8377716961065049,TIME_LIMIT,242540,0,0,21,45
3,12,2.932288e6,-1.623750135512988,-0.8377716961065049,TIME_LIMIT,242588,0,0,26,9
3,12,2.932891e6,-1.623750135512988,-0.8377716961065049,TIME_LIMIT,242620,0,0,37,37
3,12,2.933477e6,-1.6237358440714633,-0.8377716961065049,TIME_LIMIT,242677,0,0,35,17
3,12,2.934087e6,-1.6237358440714633,-0.8377716961065049,TIME_LIMIT,242714,0,0,50,45
3,12,2.934698e6,-1.6237342013022276,-0.8377716961065049,TIME_LIMIT,242753,0,0,46,28
3,12,2.935294e6,-1.6237342013022276,-0.8377716961065049,TIME_LIMIT,242780,0,0,28,21
3,12,2.935882e6,-1.6236767448274592,-0.8377716961065049,TIME_LIMIT,242826,0,0,26,11
3,12,2.93645e6,-1.6236767448274592,-0.8377716961065049,TIME_LIMIT,242860,0,0,35,16
3,12,2.937074e6,-1.6236639868249312,-0.8377716961065049,TIME_LIMIT,242902,0,0,24,19
3,12,2.93767e6,-1.6236639868249312,-0.8377716961065049,TIME_LIMIT,242936,0,0,41,25
3,12,2.938263e6,-1.6235984219195077,-0.8377716961065049,TIME_LIMIT,242986,0,0,22,8
3,12,2.938855e6,-1.6235984219195077,-0.8377716961065049,TIME_LIMIT,243021,0,0,36,35
3,12,2.939433e6,-1.6235958374966353,-0.8377716961065049,TIME_LIMIT,243071,0,0,18,6
3,12,2.940037e6,-1.6235958374966353,-0.8377716961065049,TIME_LIMIT,243105,0,0,40,27
3,12,2.940637e6,-1.623568511696955,-0.8377716961065049,TIME_LIMIT,243152,0,0,37,15
3,12,2.941241e6,-1.623568511696955,-0.8377716961065049,TIME_LIMIT,243192,0,0,40,27
3,12,2.941843e6,-1.6235580272403698,-0.8377716961065049,TIME_LIMIT,243244,0,0,27,13
3,12,2.942421e6,-1.6235580272403698,-0.8377716961065049,TIME_LIMIT,243284,0,0,42,16
3,12,2.943017e6,-1.6235535157477898,-0.8377716961065049,TIME_LIMIT,243313,0,0,33,11
3,12,2.943621e6,-1.6235535157477898,-0.8377716961065049,TIME_LIMIT,243348,0,0,38,34
3,12,2.944213e6,-1.6235520186357468,-0.8377716961065049,TIME_LIMIT,243397,0,0,34,13
3,12,2.944809e6,-1.6235520186357468,-0.8377716961065049,TIME_LIMIT,243433,0,0,31,43
3,12,2.945409e6,-1.6235380204098495,-0.8377716961065049,TIME_LIMIT,243472,0,0,27,13
3,12,2.945994e6,-1.6235380204098495,-0.8377716961065049,TIME_LIMIT,243505,0,0,38,30
3,12,2.946597e6,-1.6235108612626112,-0.8377716961065049,TIME_LIMIT,243560,0,0,20,9
3,12,2.947198e6,-1.6235108612626112,-0.8377716961065049,TIME_LIMIT,243593,0,0,21,15
3,12,2.947799e6,-1.6235047359716022,-0.8377716961065049,TIME_LIMIT,243643,0,0,30,12
3,12,2.948402e6,-1.6235047359716022,-0.8377716961065049,TIME_LIMIT,243673,0,0,44,27
3,12,2.948983e6,-1.6235034652347902,-0.8377716961065049,TIME_LIMIT,243716,0,0,29,12
3,12,2.949588e6,-1.6235034652347902,-0.8377716961065049,TIME_LIMIT,243749,0,0,38,32
3,12,2.9502e6,-1.62349175087663,-0.8377716961065049,TIME_LIMIT,243798,0,0,28,17
3,12,2.950818e6,-1.62349175087663,-0.8377716961065049,TIME_LIMIT,243830,0,0,29,23
3,12,2.951429e6,-1.62348784238375,-0.8377716961065049,TIME_LIMIT,243886,0,0,24,12
3,12,2.952022e6,-1.62348784238375,-0.8377716961065049,TIME_LIMIT,243920,0,0,16,17
3,12,2.952636e6,-1.6234828283554825,-0.8377716961065049,TIME_LIMIT,243971,0,0,26,10
3,12,2.953253e6,-1.6234828283554825,-0.8377716961065049,TIME_LIMIT,243998,0,0,41,30
3,12,2.95387e6,-1.6234779730342452,-0.8377716961065049,TIME_LIMIT,244044,0,0,27,16
3,12,2.954486e6,-1.6234779730342452,-0.8377716961065049,TIME_LIMIT,244078,0,0,30,17
3,12,2.955091e6,-1.6234774864391162,-0.8377716961065049,TIME_LIMIT,244116,0,0,31,13
3,12,2.955723e6,-1.6234774864391162,-0.8377716961065049,TIME_LIMIT,244149,0,0,34,28
3,12,2.956349e6,-1.6234599286450557,-0.8377716961065049,TIME_LIMIT,244199,0,0,31,7
3,12,2.956986e6,-1.6234599286450557,-0.8377716961065049,TIME_LIMIT,244233,0,0,46,79
3,12,2.957611e6,-1.6234599286450557,-0.8377716961065049,TIME_LIMIT,244287,0,0,19,9
3,12,2.958216e6,-1.6234599286450557,-0.8377716961065049,TIME_LIMIT,244328,0,0,24,12
3,12,2.95884e6,-1.6234548140426661,-0.8377716961065049,TIME_LIMIT,244369,0,0,34,14
3,12,2.95949e6,-1.6234548140426661,-0.8377716961065049,TIME_LIMIT,244397,0,0,42,56
3,12,2.960118e6,-1.6234448533226404,-0.8377716961065049,TIME_LIMIT,244455,0,0,33,12
3,12,2.960742e6,-1.6234448533226404,-0.8377716961065049,TIME_LIMIT,244486,0,0,36,27
3,12,2.961332e6,-1.6234303334715299,-0.8377716961065049,TIME_LIMIT,244535,0,0,29,9
3,12,2.961952e6,-1.6234303334715299,-0.8377716961065049,TIME_LIMIT,244568,0,0,54,41
3,12,2.962577e6,-1.6233968608526066,-0.8377716961065049,TIME_LIMIT,244627,0,0,40,11
3,12,2.9632e6,-1.6233968608526066,-0.8377716961065049,TIME_LIMIT,244662,0,0,43,36
3,12,2.96382e6,-1.623377431023031,-0.8377716961065049,TIME_LIMIT,244715,0,0,35,17
3,12,2.964425e6,-1.623377431023031,-0.8377716961065049,TIME_LIMIT,244744,0,0,43,44
3,12,2.965056e6,-1.6233729692478824,-0.8377716961065049,TIME_LIMIT,244794,0,0,31,14
3,12,2.965681e6,-1.6233729692478824,-0.8377716961065049,TIME_LIMIT,244823,0,0,41,46
3,12,2.966295e6,-1.623368730758102,-0.8377716961065049,TIME_LIMIT,244878,0,0,38,7
3,12,2.966907e6,-1.623368730758102,-0.8377716961065049,TIME_LIMIT,244903,0,0,45,59
3,12,2.967499e6,-1.6233622233793639,-0.8377716961065049,TIME_LIMIT,244952,0,0,32,12
3,12,2.968115e6,-1.6233622233793639,-0.8377716961065049,TIME_LIMIT,244980,0,0,42,34
3,12,2.968767e6,-1.6233226819158189,-0.8377716961065049,TIME_LIMIT,245029,0,0,32,11
3,12,2.969384e6,-1.6233226819158189,-0.8377716961065049,TIME_LIMIT,245070,0,0,30,13
3,12,2.969997e6,-1.623315862031317,-0.8377716961065049,TIME_LIMIT,245112,0,0,37,18
3,12,2.970593e6,-1.623315862031317,-0.8377716961065049,TIME_LIMIT,245142,0,0,36,19
3,12,2.971208e6,-1.6233080292824917,-0.8377716961065049,TIME_LIMIT,245191,0,0,30,10
3,12,2.971823e6,-1.6233080292824917,-0.8377716961065049,TIME_LIMIT,245226,0,0,39,19
3,12,2.972438e6,-1.6232944737545432,-0.8377716961065049,TIME_LIMIT,245274,0,0,34,11
3,12,2.973048e6,-1.6232944737545432,-0.8377716961065049,TIME_LIMIT,245317,0,0,24,14
3,12,2.973643e6,-1.6232805427236143,-0.8377716961065049,TIME_LIMIT,245352,0,0,37,19
3,12,2.974258e6,-1.6232805427236143,-0.8377716961065049,TIME_LIMIT,245379,0,0,41,20
3,12,2.974869e6,-1.6232718850907215,-0.8377716961065049,TIME_LIMIT,245434,0,0,16,10
3,12,2.975477e6,-1.6232718850907215,-0.8377716961065049,TIME_LIMIT,245478,0,0,39,27
3,12,2.976084e6,-1.623270255026527,-0.8377716961065049,TIME_LIMIT,245535,0,0,29,7
3,12,2.97667e6,-1.623270255026527,-0.8377716961065049,TIME_LIMIT,245570,0,0,27,33
3,12,2.977277e6,-1.623269256401284,-0.8377716961065049,TIME_LIMIT,245606,0,0,13,8
3,12,2.977884e6,-1.623269256401284,-0.8377716961065049,TIME_LIMIT,245642,0,0,36,13
3,12,2.97849e6,-1.6232564201532758,-0.8377716961065049,TIME_LIMIT,245680,0,0,38,9
3,12,2.979087e6,-1.6232564201532758,-0.8377716961065049,TIME_LIMIT,245715,0,0,38,36
3,12,2.979654e6,-1.6232342805079727,-0.8377716961065049,TIME_LIMIT,245766,0,0,26,17
3,12,2.980249e6,-1.6232342805079727,-0.8377716961065049,TIME_LIMIT,245802,0,0,35,13
3,12,2.980843e6,-1.6232139318460808,-0.8377716961065049,TIME_LIMIT,245845,0,0,34,14
3,12,2.98144e6,-1.6232139318460808,-0.8377716961065049,TIME_LIMIT,245881,0,0,39,17
3,12,2.982036e6,-1.6232024232324154,-0.8377716961065049,TIME_LIMIT,245917,0,0,29,11
3,12,2.982617e6,-1.6232024232324154,-0.8377716961065049,TIME_LIMIT,245949,0,0,39,18
3,12,2.983215e6,-1.6232001938337668,-0.8377716961065049,TIME_LIMIT,246001,0,0,32,9
3,12,2.98386e6,-1.6232001938337668,-0.8377716961065049,TIME_LIMIT,246035,0,0,28,27
3,12,2.984479e6,-1.6231953643543164,-0.8377716961065049,TIME_LIMIT,246097,0,0,31,14
3,12,2.985084e6,-1.6231953643543164,-0.8377716961065049,TIME_LIMIT,246129,0,0,16,16
3,12,2.985665e6,-1.623149002553077,-0.8377716961065049,TIME_LIMIT,246171,0,0,22,18
3,12,2.986272e6,-1.623149002553077,-0.8377716961065049,TIME_LIMIT,246204,0,0,39,27
3,12,2.986882e6,-1.6231100752505743,-0.8377716961065049,TIME_LIMIT,246257,0,0,29,11
3,12,2.987494e6,-1.6231100752505743,-0.8377716961065049,TIME_LIMIT,246286,0,0,34,22
3,12,2.988105e6,-1.6231005043281705,-0.8377716961065049,TIME_LIMIT,246336,0,0,27,9
3,12,2.988691e6,-1.6231005043281705,-0.8377716961065049,TIME_LIMIT,246374,0,0,37,18
3,12,2.989296e6,-1.6230963710496316,-0.8377716961065049,TIME_LIMIT,246414,0,0,35,14
3,12,2.989896e6,-1.6230963710496316,-0.8377716961065049,TIME_LIMIT,246449,0,0,38,13
3,12,2.990501e6,-1.6230868084077241,-0.8377716961065049,TIME_LIMIT,246484,0,0,35,15
3,12,2.991095e6,-1.6230868084077241,-0.8377716961065049,TIME_LIMIT,246509,0,0,45,42
3,12,2.991668e6,-1.623066071201512,-0.8377716961065049,TIME_LIMIT,246568,0,0,30,19
3,12,2.992272e6,-1.623066071201512,-0.8377716961065049,TIME_LIMIT,246601,0,0,31,13
3,12,2.992872e6,-1.6230401632527576,-0.8377716961065049,TIME_LIMIT,246634,0,0,26,12
3,12,2.993471e6,-1.6230401632527576,-0.8377716961065049,TIME_LIMIT,246670,0,0,30,19
3,12,2.994067e6,-1.6230367802868984,-0.8377716961065049,TIME_LIMIT,246718,0,0,28,12
3,12,2.994646e6,-1.6230367802868984,-0.8377716961065049,TIME_LIMIT,246752,0,0,45,37
3,12,2.995246e6,-1.6230316882200855,-0.8377716961065049,TIME_LIMIT,246805,0,0,30,17
3,12,2.995837e6,-1.6230316882200855,-0.8377716961065049,TIME_LIMIT,246844,0,0,33,19
3,12,2.99642e6,-1.623027869381987,-0.8377716961065049,TIME_LIMIT,246879,0,0,32,20
3,12,2.997011e6,-1.623027869381987,-0.8377716961065049,TIME_LIMIT,246914,0,0,46,30
3,12,2.997573e6,-1.6230147199589213,-0.8377716961065049,TIME_LIMIT,246969,0,0,32,14
3,12,2.998161e6,-1.6230147199589213,-0.8377716961065049,TIME_LIMIT,247009,0,0,43,26
3,12,2.998747e6,-1.6229910191423291,-0.8377716961065049,TIME_LIMIT,247059,0,0,25,13
3,12,2.999345e6,-1.6229910191423291,-0.8377716961065049,TIME_LIMIT,247097,0,0,38,30
3,12,2.999938e6,-1.6229836246762241,-0.8377716961065049,TIME_LIMIT,247148,0,0,33,13
3,12,3.000521e6,-1.6229836246762241,-0.8377716961065049,TIME_LIMIT,247184,0,0,29,15
3,12,3.001128e6,-1.622982396446178,-0.8377716961065049,TIME_LIMIT,247234,0,0,35,20
3,12,3.001726e6,-1.622982396446178,-0.8377716961065049,TIME_LIMIT,247266,0,0,45,34
3,12,3.002328e6,-1.6229290127194278,-0.8377716961065049,TIME_LIMIT,247318,0,0,37,10
3,12,3.002932e6,-1.6229290127194278,-0.8377716961065049,TIME_LIMIT,247357,0,0,41,26
3,12,3.003515e6,-1.6229192005055912,-0.8377716961065049,TIME_LIMIT,247406,0,0,22,4
3,12,3.004123e6,-1.6229192005055912,-0.8377716961065049,TIME_LIMIT,247442,0,0,29,16
3,12,3.004729e6,-1.6229080016052535,-0.8377716961065049,TIME_LIMIT,247493,0,0,38,20
3,12,3.005333e6,-1.6229080016052535,-0.8377716961065049,TIME_LIMIT,247528,0,0,30,21
3,12,3.005906e6,-1.6229067288825911,-0.8377716961065049,TIME_LIMIT,247571,0,0,46,18
3,12,3.006493e6,-1.6229067288825911,-0.8377716961065049,TIME_LIMIT,247600,0,0,21,12
3,12,3.007079e6,-1.6229031883525926,-0.8377716961065049,TIME_LIMIT,247650,0,0,22,16
3,12,3.007652e6,-1.6229031883525926,-0.8377716961065049,TIME_LIMIT,247677,0,0,42,40
3,12,3.008237e6,-1.6229031883525926,-0.8377716961065049,TIME_LIMIT,247731,0,0,31,15
3,12,3.008795e6,-1.6229031883525926,-0.8377716961065049,TIME_LIMIT,247770,0,0,26,26
3,12,3.00935e6,-1.6228930215163835,-0.8377716961065049,TIME_LIMIT,247822,0,0,31,18
3,12,3.009951e6,-1.6228930215163835,-0.8377716961065049,TIME_LIMIT,247860,0,0,30,20
3,12,3.010559e6,-1.6228841540700671,-0.8377716961065049,TIME_LIMIT,247915,0,0,34,14
3,12,3.011159e6,-1.6228841540700671,-0.8377716961065049,TIME_LIMIT,247950,0,0,50,31
3,12,3.011743e6,-1.6228723001735768,-0.8377716961065049,TIME_LIMIT,248003,0,0,31,24
3,12,3.012333e6,-1.6228723001735768,-0.8377716961065049,TIME_LIMIT,248037,0,0,38,12
3,12,3.012906e6,-1.622858120108158,-0.8377716961065049,TIME_LIMIT,248087,0,0,26,18
3,12,3.013501e6,-1.622858120108158,-0.8377716961065049,TIME_LIMIT,248118,0,0,47,44
3,12,3.014093e6,-1.6228462406805007,-0.8377716961065049,TIME_LIMIT,248168,0,0,33,11
3,12,3.014634e6,-1.6228462406805007,-0.8377716961065049,TIME_LIMIT,248197,0,0,13,13
3,12,3.015172e6,-1.6228254748824062,-0.8377716961065049,TIME_LIMIT,248247,0,0,19,7
3,12,3.01572e6,-1.6228254748824062,-0.8377716961065049,TIME_LIMIT,248279,0,0,46,38
3,12,3.016267e6,-1.622817133079971,-0.8377716961065049,TIME_LIMIT,248330,0,0,33,14
3,12,3.016812e6,-1.622817133079971,-0.8377716961065049,TIME_LIMIT,248367,0,0,40,52
3,12,3.017322e6,-1.6228150406387398,-0.8377716961065049,TIME_LIMIT,248415,0,0,34,18
3,12,3.017846e6,-1.6228150406387398,-0.8377716961065049,TIME_LIMIT,248448,0,0,43,19
3,12,3.018364e6,-1.6228052990667066,-0.8377716961065049,TIME_LIMIT,248497,0,0,27,13
3,12,3.018889e6,-1.6228052990667066,-0.8377716961065049,TIME_LIMIT,248536,0,0,31,12
3,12,3.019397e6,-1.6227993649949854,-0.8377716961065049,TIME_LIMIT,248574,0,0,34,9
3,12,3.019918e6,-1.6227993649949854,-0.8377716961065049,TIME_LIMIT,248601,0,0,20,11
3,12,3.020437e6,-1.622765128418025,-0.8377716961065049,TIME_LIMIT,248655,0,0,34,15
3,12,3.02095e6,-1.622765128418025,-0.8377716961065049,TIME_LIMIT,248683,0,0,42,15
3,12,3.021454e6,-1.6227557638616332,-0.8377716961065049,TIME_LIMIT,248737,0,0,41,6
3,12,3.021936e6,-1.6227557638616332,-0.8377716961065049,TIME_LIMIT,248766,0,0,39,47
3,12,3.022437e6,-1.622751378271857,-0.8377716961065049,TIME_LIMIT,248819,0,0,34,24
3,12,3.022937e6,-1.622751378271857,-0.8377716961065049,TIME_LIMIT,248857,0,0,37,23
3,12,3.023435e6,-1.622734250800924,-0.8377716961065049,TIME_LIMIT,248895,0,0,40,20
3,12,3.023933e6,-1.622734250800924,-0.8377716961065049,TIME_LIMIT,248934,0,0,42,31
3,12,3.024412e6,-1.6227326743204136,-0.8377716961065049,TIME_LIMIT,248984,0,0,28,16
3,12,3.024917e6,-1.6227326743204136,-0.8377716961065049,TIME_LIMIT,249013,0,0,45,46
3,12,3.02542e6,-1.6227269703728437,-0.8377716961065049,TIME_LIMIT,249068,0,0,21,7
3,12,3.025922e6,-1.6227269703728437,-0.8377716961065049,TIME_LIMIT,249101,0,0,28,26
3,12,3.026421e6,-1.6226922707165041,-0.8377716961065049,TIME_LIMIT,249141,0,0,39,10
3,12,3.026906e6,-1.6226922707165041,-0.8377716961065049,TIME_LIMIT,249180,0,0,23,18
3,12,3.02741e6,-1.6226781402509802,-0.8377716961065049,TIME_LIMIT,249233,0,0,11,16
3,12,3.027914e6,-1.6226781402509802,-0.8377716961065049,TIME_LIMIT,249268,0,0,36,21
3,12,3.028416e6,-1.622631163248282,-0.8377716961065049,TIME_LIMIT,249306,0,0,30,21
3,12,3.028899e6,-1.622631163248282,-0.8377716961065049,TIME_LIMIT,249339,0,0,40,57
3,12,3.0294e6,-1.6226288002829392,-0.8377716961065049,TIME_LIMIT,249396,0,0,22,12
3,12,3.029904e6,-1.6226288002829392,-0.8377716961065049,TIME_LIMIT,249429,0,0,46,48
3,12,3.030427e6,-1.622602714849094,-0.8377716961065049,TIME_LIMIT,249482,0,0,21,8
3,12,3.030925e6,-1.622602714849094,-0.8377716961065049,TIME_LIMIT,249525,0,0,43,13
3,12,3.031404e6,-1.6225884287696408,-0.8377716961065049,TIME_LIMIT,249568,0,0,23,5
3,12,3.031901e6,-1.6225884287696408,-0.8377716961065049,TIME_LIMIT,249595,0,0,40,81
3,12,3.032398e6,-1.622581669623306,-0.8377716961065049,TIME_LIMIT,249645,0,0,35,21
3,12,3.032891e6,-1.622581669623306,-0.8377716961065049,TIME_LIMIT,249681,0,0,40,20
3,12,3.033383e6,-1.622568102735291,-0.8377716961065049,TIME_LIMIT,249720,0,0,30,10
3,12,3.033856e6,-1.622568102735291,-0.8377716961065049,TIME_LIMIT,249754,0,0,20,13
3,12,3.034342e6,-1.6225625377097423,-0.8377716961065049,TIME_LIMIT,249807,0,0,29,17
3,12,3.034835e6,-1.6225625377097423,-0.8377716961065049,TIME_LIMIT,249836,0,0,29,29
3,12,3.03532e6,-1.622547845871369,-0.8377716961065049,TIME_LIMIT,249888,0,0,33,10
3,12,3.035788e6,-1.622547845871369,-0.8377716961065049,TIME_LIMIT,249924,0,0,41,28
3,12,3.036276e6,-1.6225417786597418,-0.8377716961065049,TIME_LIMIT,249977,0,0,28,11
3,12,3.036763e6,-1.6225417786597418,-0.8377716961065049,TIME_LIMIT,250013,0,0,17,20
3,12,3.037246e6,-1.6225288850546582,-0.8377716961065049,TIME_LIMIT,250058,0,0,19,8
3,12,3.037731e6,-1.6225288850546582,-0.8377716961065049,TIME_LIMIT,250086,0,0,44,42
3,12,3.0382e6,-1.6225182926378126,-0.8377716961065049,TIME_LIMIT,250137,0,0,32,15
3,12,3.038685e6,-1.6225182926378126,-0.8377716961065049,TIME_LIMIT,250168,0,0,38,29
3,12,3.03917e6,-1.6225107746251721,-0.8377716961065049,TIME_LIMIT,250223,0,0,32,21
3,12,3.039651e6,-1.6225107746251721,-0.8377716961065049,TIME_LIMIT,250257,0,0,53,20
3,12,3.040128e6,-1.6225094206683532,-0.8377716961065049,TIME_LIMIT,250306,0,0,31,12
3,12,3.04059e6,-1.6225094206683532,-0.8377716961065049,TIME_LIMIT,250336,0,0,34,20
3,12,3.041068e6,-1.6224983151321803,-0.8377716961065049,TIME_LIMIT,250387,0,0,31,8
3,12,3.041547e6,-1.6224983151321803,-0.8377716961065049,TIME_LIMIT,250418,0,0,33,33
3,12,3.042021e6,-1.622497880148057,-0.8377716961065049,TIME_LIMIT,250451,0,0,27,20
3,12,3.042477e6,-1.622497880148057,-0.8377716961065049,TIME_LIMIT,250483,0,0,38,39
3,12,3.042951e6,-1.6224960164969537,-0.8377716961065049,TIME_LIMIT,250533,0,0,31,19
3,12,3.043426e6,-1.6224960164969537,-0.8377716961065049,TIME_LIMIT,250556,0,0,41,49
3,12,3.043902e6,-1.6224902245801656,-0.8377716961065049,TIME_LIMIT,250614,0,0,31,12
3,12,3.044379e6,-1.6224902245801656,-0.8377716961065049,TIME_LIMIT,250648,0,0,48,76
3,12,3.044837e6,-1.6224654564762746,-0.8377716961065049,TIME_LIMIT,250698,0,0,31,18
3,12,3.045314e6,-1.6224654564762746,-0.8377716961065049,TIME_LIMIT,250731,0,0,30,17
3,12,3.045792e6,-1.6224281384725998,-0.8377716961065049,TIME_LIMIT,250772,0,0,37,16
3,12,3.046272e6,-1.6224281384725998,-0.8377716961065049,TIME_LIMIT,250804,0,0,34,48
3,12,3.046732e6,-1.6224218466305338,-0.8377716961065049,TIME_LIMIT,250851,0,0,30,22
3,12,3.047206e6,-1.6224218466305338,-0.8377716961065049,TIME_LIMIT,250883,0,0,37,18
3,12,3.04768e6,-1.6224131200487377,-0.8377716961065049,TIME_LIMIT,250930,0,0,20,6
3,12,3.04815e6,-1.6224131200487377,-0.8377716961065049,TIME_LIMIT,250975,0,0,29,19
3,12,3.048621e6,-1.6223972773606308,-0.8377716961065049,TIME_LIMIT,251023,0,0,17,10
3,12,3.049078e6,-1.6223972773606308,-0.8377716961065049,TIME_LIMIT,251051,0,0,25,28
3,12,3.049555e6,-1.6223822459164803,-0.8377716961065049,TIME_LIMIT,251101,0,0,22,12
3,12,3.050031e6,-1.6223822459164803,-0.8377716961065049,TIME_LIMIT,251128,0,0,44,44
3,12,3.050506e6,-1.6223755267722255,-0.8377716961065049,TIME_LIMIT,251176,0,0,33,15
3,12,3.050977e6,-1.6223755267722255,-0.8377716961065049,TIME_LIMIT,251208,0,0,27,12
3,12,3.051432e6,-1.6223435404664992,-0.8377716961065049,TIME_LIMIT,251260,0,0,33,8
3,12,3.051905e6,-1.6223435404664992,-0.8377716961065049,TIME_LIMIT,251293,0,0,34,25
3,12,3.052377e6,-1.62234351261704,-0.8377716961065049,TIME_LIMIT,251348,0,0,24,5
3,12,3.052849e6,-1.62234351261704,-0.8377716961065049,TIME_LIMIT,251389,0,0,36,21
3,12,3.053306e6,-1.622340985201111,-0.8377716961065049,TIME_LIMIT,251437,0,0,32,12
3,12,3.053779e6,-1.622340985201111,-0.8377716961065049,TIME_LIMIT,251471,0,0,34,16
3,12,3.054254e6,-1.622337487168979,-0.8377716961065049,TIME_LIMIT,251506,0,0,32,16
3,12,3.054726e6,-1.622337487168979,-0.8377716961065049,TIME_LIMIT,251545,0,0,31,23
3,12,3.055197e6,-1.6223290720104826,-0.8377716961065049,TIME_LIMIT,251585,0,0,37,16
3,12,3.055652e6,-1.6223290720104826,-0.8377716961065049,TIME_LIMIT,251621,0,0,38,24
3,12,3.056124e6,-1.62232753995013,-0.8377716961065049,TIME_LIMIT,251663,0,0,24,16
3,12,3.056598e6,-1.62232753995013,-0.8377716961065049,TIME_LIMIT,251695,0,0,42,26
3,12,3.05707e6,-1.6223183287877991,-0.8377716961065049,TIME_LIMIT,251747,0,0,31,10
3,12,3.057524e6,-1.6223183287877991,-0.8377716961065049,TIME_LIMIT,251779,0,0,26,9
3,12,3.057997e6,-1.6223055582877017,-0.8377716961065049,TIME_LIMIT,251826,0,0,20,4
3,12,3.058472e6,-1.6223055582877017,-0.8377716961065049,TIME_LIMIT,251857,0,0,30,22
3,12,3.058945e6,-1.6222993464651656,-0.8377716961065049,TIME_LIMIT,251909,0,0,25,8
3,12,3.059417e6,-1.6222993464651656,-0.8377716961065049,TIME_LIMIT,251947,0,0,21,23
3,12,3.059873e6,-1.6222915266981863,-0.8377716961065049,TIME_LIMIT,252002,0,0,31,12
3,12,3.060347e6,-1.6222915266981863,-0.8377716961065049,TIME_LIMIT,252032,0,0,47,42
3,12,3.06082e6,-1.622291008976096,-0.8377716961065049,TIME_LIMIT,252085,0,0,28,18
3,12,3.061292e6,-1.622291008976096,-0.8377716961065049,TIME_LIMIT,252121,0,0,27,13
3,12,3.061748e6,-1.6222841288079233,-0.8377716961065049,TIME_LIMIT,252159,0,0,31,14
3,12,3.062222e6,-1.6222841288079233,-0.8377716961065049,TIME_LIMIT,252195,0,0,38,27
3,12,3.062695e6,-1.6222781142892082,-0.8377716961065049,TIME_LIMIT,252238,0,0,26,10
3,12,3.063173e6,-1.6222781142892082,-0.8377716961065049,TIME_LIMIT,252270,0,0,52,46
3,12,3.06365e6,-1.6222747959664419,-0.8377716961065049,TIME_LIMIT,252326,0,0,37,18
3,12,3.064105e6,-1.6222747959664419,-0.8377716961065049,TIME_LIMIT,252359,0,0,24,18
3,12,3.064535e6,-1.622256938407395,-0.8377716961065049,TIME_LIMIT,252419,0,0,40,10
3,12,3.065006e6,-1.622256938407395,-0.8377716961065049,TIME_LIMIT,252458,0,0,34,15
3,12,3.065461e6,-1.62225052158894,-0.8377716961065049,TIME_LIMIT,252496,0,0,26,14
3,12,3.065933e6,-1.62225052158894,-0.8377716961065049,TIME_LIMIT,252534,0,0,32,22
3,12,3.066405e6,-1.6222437050140188,-0.8377716961065049,TIME_LIMIT,252581,0,0,37,12
3,12,3.066878e6,-1.6222437050140188,-0.8377716961065049,TIME_LIMIT,252611,0,0,48,68
3,12,3.067349e6,-1.6222336157551602,-0.8377716961065049,TIME_LIMIT,252663,0,0,33,18
3,12,3.067805e6,-1.6222336157551602,-0.8377716961065049,TIME_LIMIT,252698,0,0,40,22
3,12,3.068278e6,-1.6222317426485267,-0.8377716961065049,TIME_LIMIT,252753,0,0,28,11
3,12,3.068755e6,-1.6222317426485267,-0.8377716961065049,TIME_LIMIT,252787,0,0,34,35
3,12,3.069227e6,-1.6222129417596642,-0.8377716961065049,TIME_LIMIT,252845,0,0,33,22
3,12,3.069683e6,-1.6222129417596642,-0.8377716961065049,TIME_LIMIT,252877,0,0,29,31
3,12,3.070172e6,-1.6222125891730197,-0.8377716961065049,TIME_LIMIT,252917,0,0,30,16
3,12,3.070648e6,-1.6222125891730197,-0.8377716961065049,TIME_LIMIT,252946,0,0,35,36
3,12,3.071119e6,-1.622180851888283,-0.8377716961065049,TIME_LIMIT,252998,0,0,35,7
3,12,3.071591e6,-1.622180851888283,-0.8377716961065049,TIME_LIMIT,253026,0,0,42,21
3,12,3.072045e6,-1.6221446460215516,-0.8377716961065049,TIME_LIMIT,253080,0,0,31,13
3,12,3.072518e6,-1.6221446460215516,-0.8377716961065049,TIME_LIMIT,253121,0,0,36,22
3,12,3.072989e6,-1.6221387963698604,-0.8377716961065049,TIME_LIMIT,253164,0,0,32,11
3,12,3.07346e6,-1.6221387963698604,-0.8377716961065049,TIME_LIMIT,253197,0,0,45,28
3,12,3.073916e6,-1.6221363522855399,-0.8377716961065049,TIME_LIMIT,253249,0,0,15,6
3,12,3.074389e6,-1.6221363522855399,-0.8377716961065049,TIME_LIMIT,253279,0,0,43,44
3,12,3.07486e6,-1.6221344537800146,-0.8377716961065049,TIME_LIMIT,253331,0,0,24,22
3,12,3.075331e6,-1.6221344537800146,-0.8377716961065049,TIME_LIMIT,253373,0,0,41,22
3,12,3.075791e6,-1.6221149043711978,-0.8377716961065049,TIME_LIMIT,253414,0,0,36,19
3,12,3.076267e6,-1.6221149043711978,-0.8377716961065049,TIME_LIMIT,253444,0,0,33,21
3,12,3.076739e6,-1.6221114925248445,-0.8377716961065049,TIME_LIMIT,253500,0,0,34,12
3,12,3.07721e6,-1.6221114925248445,-0.8377716961065049,TIME_LIMIT,253530,0,0,37,22
3,12,3.077688e6,-1.622108356027836,-0.8377716961065049,TIME_LIMIT,253578,0,0,30,9
3,12,3.078146e6,-1.622108356027836,-0.8377716961065049,TIME_LIMIT,253617,0,0,39,28
3,12,3.078622e6,-1.6220794785310209,-0.8377716961065049,TIME_LIMIT,253671,0,0,42,19
3,12,3.079097e6,-1.6220794785310209,-0.8377716961065049,TIME_LIMIT,253709,0,0,38,20
3,12,3.079568e6,-1.6220715505494578,-0.8377716961065049,TIME_LIMIT,253757,0,0,33,9
3,12,3.080022e6,-1.6220715505494578,-0.8377716961065049,TIME_LIMIT,253787,0,0,36,16
3,12,3.080501e6,-1.6220657585111216,-0.8377716961065049,TIME_LIMIT,253830,0,0,24,11
3,12,3.080973e6,-1.6220657585111216,-0.8377716961065049,TIME_LIMIT,253872,0,0,35,15
3,12,3.081442e6,-1.6220548140847602,-0.8377716961065049,TIME_LIMIT,253908,0,0,28,8
3,12,3.081914e6,-1.6220548140847602,-0.8377716961065049,TIME_LIMIT,253942,0,0,34,38
3,12,3.082371e6,-1.6220453007941908,-0.8377716961065049,TIME_LIMIT,253987,0,0,26,8
3,12,3.082842e6,-1.6220453007941908,-0.8377716961065049,TIME_LIMIT,254014,0,0,29,26
3,12,3.083313e6,-1.6220380094679032,-0.8377716961065049,TIME_LIMIT,254059,0,0,33,12
3,12,3.083783e6,-1.6220380094679032,-0.8377716961065049,TIME_LIMIT,254095,0,0,43,23
3,12,3.084239e6,-1.6220353177166746,-0.8377716961065049,TIME_LIMIT,254148,0,0,30,10
3,12,3.084711e6,-1.6220353177166746,-0.8377716961065049,TIME_LIMIT,254176,0,0,20,27
3,12,3.085185e6,-1.6220281306514606,-0.8377716961065049,TIME_LIMIT,254232,0,0,30,17
3,12,3.085658e6,-1.6220281306514606,-0.8377716961065049,TIME_LIMIT,254264,0,0,36,29
3,12,3.086128e6,-1.6220173251571517,-0.8377716961065049,TIME_LIMIT,254314,0,0,27,13
3,12,3.086584e6,-1.6220173251571517,-0.8377716961065049,TIME_LIMIT,254344,0,0,39,21
3,12,3.087054e6,-1.6220158834883815,-0.8377716961065049,TIME_LIMIT,254391,0,0,23,10
3,12,3.087525e6,-1.6220158834883815,-0.8377716961065049,TIME_LIMIT,254421,0,0,35,24
3,12,3.087994e6,-1.621999500734373,-0.8377716961065049,TIME_LIMIT,254468,0,0,20,6
3,12,3.088452e6,-1.621999500734373,-0.8377716961065049,TIME_LIMIT,254504,0,0,27,24
3,12,3.088925e6,-1.6219915384474528,-0.8377716961065049,TIME_LIMIT,254539,0,0,19,7
3,12,3.089404e6,-1.6219915384474528,-0.8377716961065049,TIME_LIMIT,254570,0,0,41,32
3,12,3.089874e6,-1.6219168787399094,-0.8377716961065049,TIME_LIMIT,254622,0,0,31,14
3,12,3.090329e6,-1.6219168787399094,-0.8377716961065049,TIME_LIMIT,254661,0,0,47,61
3,12,3.090801e6,-1.6219153652679899,-0.8377716961065049,TIME_LIMIT,254703,0,0,37,15
3,12,3.091275e6,-1.6219153652679899,-0.8377716961065049,TIME_LIMIT,254739,0,0,45,21
3,12,3.091746e6,-1.6219087601029027,-0.8377716961065049,TIME_LIMIT,254785,0,0,18,3
3,12,3.092218e6,-1.6219087601029027,-0.8377716961065049,TIME_LIMIT,254822,0,0,47,37
3,12,3.092672e6,-1.6219075910674725,-0.8377716961065049,TIME_LIMIT,254879,0,0,32,12
3,12,3.093144e6,-1.6219075910674725,-0.8377716961065049,TIME_LIMIT,254914,0,0,52,21
3,12,3.093618e6,-1.6219046812846771,-0.8377716961065049,TIME_LIMIT,254974,0,0,33,19
3,12,3.094094e6,-1.6219046812846771,-0.8377716961065049,TIME_LIMIT,255013,0,0,41,17
3,12,3.094548e6,-1.6218830466890402,-0.8377716961065049,TIME_LIMIT,255056,0,0,39,19
3,12,3.095017e6,-1.6218830466890402,-0.8377716961065049,TIME_LIMIT,255095,0,0,25,13
3,12,3.095488e6,-1.6218794712186024,-0.8377716961065049,TIME_LIMIT,255129,0,0,34,24
3,12,3.095958e6,-1.6218794712186024,-0.8377716961065049,TIME_LIMIT,255169,0,0,29,28
3,12,3.096413e6,-1.6218572911069422,-0.8377716961065049,TIME_LIMIT,255205,0,0,38,25
3,12,3.096883e6,-1.6218572911069422,-0.8377716961065049,TIME_LIMIT,255235,0,0,46,60
3,12,3.097353e6,-1.6218534596886864,-0.8377716961065049,TIME_LIMIT,255288,0,0,33,23
3,12,3.097823e6,-1.6218534596886864,-0.8377716961065049,TIME_LIMIT,255323,0,0,38,41
3,12,3.098325e6,-1.6218179193893538,-0.8377716961065049,TIME_LIMIT,255373,0,0,31,9
3,12,3.098784e6,-1.6218179193893538,-0.8377716961065049,TIME_LIMIT,255401,0,0,33,21
3,12,3.099273e6,-1.6218126920172746,-0.8377716961065049,TIME_LIMIT,255443,0,0,26,9
3,12,3.099747e6,-1.6218126920172746,-0.8377716961065049,TIME_LIMIT,255478,0,0,36,45
3,12,3.100216e6,-1.6218048621761931,-0.8377716961065049,TIME_LIMIT,255511,0,0,31,21
3,12,3.100669e6,-1.6218048621761931,-0.8377716961065049,TIME_LIMIT,255544,0,0,41,36
3,12,3.101138e6,-1.6217944876884516,-0.8377716961065049,TIME_LIMIT,255596,0,0,23,8
3,12,3.101629e6,-1.6217944876884516,-0.8377716961065049,TIME_LIMIT,255636,0,0,33,17
3,12,3.102098e6,-1.6217923994350234,-0.8377716961065049,TIME_LIMIT,255674,0,0,32,10
3,12,3.102569e6,-1.6217923994350234,-0.8377716961065049,TIME_LIMIT,255706,0,0,40,26
3,12,3.103032e6,-1.621742784116262,-0.8377716961065049,TIME_LIMIT,255756,0,0,34,12
3,12,3.103612e6,-1.621742784116262,-0.8377716961065049,TIME_LIMIT,255780,0,0,34,55
3,12,3.104169e6,-1.6217211678771881,-0.8377716961065049,TIME_LIMIT,255833,0,0,32,16
3,12,3.104718e6,-1.6217211678771881,-0.8377716961065049,TIME_LIMIT,255871,0,0,43,30
3,12,3.105228e6,-1.6217183077829156,-0.8377716961065049,TIME_LIMIT,255912,0,0,38,24
3,12,3.105742e6,-1.6217183077829156,-0.8377716961065049,TIME_LIMIT,255950,0,0,34,63
3,12,3.106241e6,-1.6217021230281945,-0.8377716961065049,TIME_LIMIT,256005,0,0,30,20
3,12,3.106723e6,-1.6217021230281945,-0.8377716961065049,TIME_LIMIT,256036,0,0,36,15
3,12,3.107185e6,-1.6216829815170972,-0.8377716961065049,TIME_LIMIT,256091,0,0,19,8
3,12,3.107661e6,-1.6216829815170972,-0.8377716961065049,TIME_LIMIT,256117,0,0,40,50
3,12,3.108132e6,-1.6216653303905346,-0.8377716961065049,TIME_LIMIT,256166,0,0,14,8
3,12,3.108606e6,-1.6216653303905346,-0.8377716961065049,TIME_LIMIT,256205,0,0,18,16
3,12,3.10914e6,-1.6216636371559376,-0.8377716961065049,TIME_LIMIT,256247,0,0,30,11
3,12,3.109706e6,-1.6216636371559376,-0.8377716961065049,TIME_LIMIT,256300,0,0,45,20
3,12,3.110335e6,-1.621618203974814,-0.8377716961065049,TIME_LIMIT,256343,0,0,34,16
3,12,3.110999e6,-1.621618203974814,-0.8377716961065049,TIME_LIMIT,256370,0,0,36,42
3,12,3.111634e6,-1.6216120210079614,-0.8377716961065049,TIME_LIMIT,256430,0,0,35,12
3,12,3.11224e6,-1.6216120210079614,-0.8377716961065049,TIME_LIMIT,256461,0,0,43,26
3,12,3.11287e6,-1.621607996613215,-0.8377716961065049,TIME_LIMIT,256513,0,0,23,11
3,12,3.113504e6,-1.621607996613215,-0.8377716961065049,TIME_LIMIT,256544,0,0,39,24
3,12,3.114124e6,-1.621591124276965,-0.8377716961065049,TIME_LIMIT,256594,0,0,20,6
3,12,3.114721e6,-1.621591124276965,-0.8377716961065049,TIME_LIMIT,256625,0,0,44,39
3,12,3.115316e6,-1.6215763263924776,-0.8377716961065049,TIME_LIMIT,256677,0,0,36,10
3,12,3.115904e6,-1.6215763263924776,-0.8377716961065049,TIME_LIMIT,256710,0,0,42,36
3,12,3.116477e6,-1.6215733557277239,-0.8377716961065049,TIME_LIMIT,256763,0,0,37,11
3,12,3.117023e6,-1.6215733557277239,-0.8377716961065049,TIME_LIMIT,256796,0,0,37,28
3,12,3.117569e6,-1.6215329059681691,-0.8377716961065049,TIME_LIMIT,256849,0,0,20,7
3,12,3.118092e6,-1.6215329059681691,-0.8377716961065049,TIME_LIMIT,256879,0,0,34,34
3,12,3.118613e6,-1.6215292585848344,-0.8377716961065049,TIME_LIMIT,256933,0,0,34,7
3,12,3.119109e6,-1.6215292585848344,-0.8377716961065049,TIME_LIMIT,256964,0,0,19,13
3,12,3.119598e6,-1.621500879664493,-0.8377716961065049,TIME_LIMIT,257013,0,0,30,7
3,12,3.120085e6,-1.621500879664493,-0.8377716961065049,TIME_LIMIT,257046,0,0,34,22
3,12,3.120563e6,-1.6214882606538934,-0.8377716961065049,TIME_LIMIT,257084,0,0,36,11
3,12,3.121042e6,-1.6214882606538934,-0.8377716961065049,TIME_LIMIT,257122,0,0,48,45
3,12,3.121501e6,-1.6214727742025747,-0.8377716961065049,TIME_LIMIT,257182,0,0,36,18
3,12,3.121974e6,-1.6214727742025747,-0.8377716961065049,TIME_LIMIT,257213,0,0,30,24
3,12,3.122552e6,-1.6214588782689658,-0.8377716961065049,TIME_LIMIT,257256,0,0,16,4
3,12,3.123137e6,-1.6214588782689658,-0.8377716961065049,TIME_LIMIT,257289,0,0,46,53
3,12,3.123608e6,-1.6214427317439564,-0.8377716961065049,TIME_LIMIT,257341,0,0,16,9
3,12,3.124134e6,-1.6214427317439564,-0.8377716961065049,TIME_LIMIT,257375,0,0,38,39
3,12,3.124731e6,-1.6214338880986117,-0.8377716961065049,TIME_LIMIT,257423,0,0,26,20
3,12,3.125225e6,-1.6214338880986117,-0.8377716961065049,TIME_LIMIT,257454,0,0,34,27
3,12,3.1258e6,-1.6214258204618255,-0.8377716961065049,TIME_LIMIT,257506,0,0,25,17
3,12,3.126385e6,-1.6214258204618255,-0.8377716961065049,TIME_LIMIT,257544,0,0,38,60
3,12,3.12697e6,-1.62141864078303,-0.8377716961065049,TIME_LIMIT,257600,0,0,29,21
3,12,3.127549e6,-1.62141864078303,-0.8377716961065049,TIME_LIMIT,257631,0,0,22,14
3,12,3.128113e6,-1.6214074800518208,-0.8377716961065049,TIME_LIMIT,257681,0,0,29,10
3,12,3.128717e6,-1.6214074800518208,-0.8377716961065049,TIME_LIMIT,257717,0,0,31,16
3,12,3.129278e6,-1.621406191267174,-0.8377716961065049,TIME_LIMIT,257754,0,0,31,15
3,12,3.129868e6,-1.621406191267174,-0.8377716961065049,TIME_LIMIT,257783,0,0,45,30
3,12,3.130457e6,-1.6213938496748883,-0.8377716961065049,TIME_LIMIT,257831,0,0,30,13
3,12,3.131037e6,-1.6213938496748883,-0.8377716961065049,TIME_LIMIT,257864,0,0,40,23
3,12,3.131661e6,-1.6213920527711638,-0.8377716961065049,TIME_LIMIT,257911,0,0,31,11
3,12,3.132296e6,-1.6213920527711638,-0.8377716961065049,TIME_LIMIT,257939,0,0,24,15
3,12,3.132924e6,-1.621386050458265,-0.8377716961065049,TIME_LIMIT,257989,0,0,16,11
3,12,3.133543e6,-1.621386050458265,-0.8377716961065049,TIME_LIMIT,258024,0,0,29,19
3,12,3.134244e6,-1.621363571405832,-0.8377716961065049,TIME_LIMIT,258066,0,0,37,12
3,12,3.134953e6,-1.621363571405832,-0.8377716961065049,TIME_LIMIT,258107,0,0,38,23
3,12,3.135664e6,-1.6213512896847864,-0.8377716961065049,TIME_LIMIT,258148,0,0,18,17
3,12,3.13626e6,-1.6213512896847864,-0.8377716961065049,TIME_LIMIT,258185,0,0,38,38
3,12,3.136989e6,-1.6213140100240153,-0.8377716961065049,TIME_LIMIT,258236,0,0,29,11
3,12,3.137686e6,-1.6213140100240153,-0.8377716961065049,TIME_LIMIT,258276,0,0,38,21
3,12,3.138418e6,-1.621311863013665,-0.8377716961065049,TIME_LIMIT,258332,0,0,37,13
3,12,3.139153e6,-1.621311863013665,-0.8377716961065049,TIME_LIMIT,258364,0,0,39,23
3,12,3.139893e6,-1.6213110971216322,-0.8377716961065049,TIME_LIMIT,258416,0,0,31,12
3,12,3.140628e6,-1.6213110971216322,-0.8377716961065049,TIME_LIMIT,258446,0,0,38,47
3,12,3.141327e6,-1.6213001374337204,-0.8377716961065049,TIME_LIMIT,258491,0,0,32,14
3,12,3.142058e6,-1.6213001374337204,-0.8377716961065049,TIME_LIMIT,258522,0,0,41,45
3,12,3.142779e6,-1.6212550082281,-0.8377716961065049,TIME_LIMIT,258576,0,0,32,16
3,12,3.143486e6,-1.6212550082281,-0.8377716961065049,TIME_LIMIT,258605,0,0,44,40
3,12,3.144158e6,-1.6212520745606558,-0.8377716961065049,TIME_LIMIT,258659,0,0,38,7
3,12,3.144853e6,-1.6212520745606558,-0.8377716961065049,TIME_LIMIT,258700,0,0,45,22
3,12,3.145551e6,-1.621240613941736,-0.8377716961065049,TIME_LIMIT,258754,0,0,33,20
3,12,3.146224e6,-1.621240613941736,-0.8377716961065049,TIME_LIMIT,258785,0,0,38,24
3,12,3.146826e6,-1.6212278397681974,-0.8377716961065049,TIME_LIMIT,258836,0,0,27,22
3,12,3.14743e6,-1.6212278397681974,-0.8377716961065049,TIME_LIMIT,258875,0,0,46,37
3,12,3.148021e6,-1.6212177429558379,-0.8377716961065049,TIME_LIMIT,258926,0,0,28,16
3,12,3.148601e6,-1.6212177429558379,-0.8377716961065049,TIME_LIMIT,258956,0,0,50,33
3,12,3.149146e6,-1.6211910370221723,-0.8377716961065049,TIME_LIMIT,259012,0,0,18,9
3,12,3.149703e6,-1.6211910370221723,-0.8377716961065049,TIME_LIMIT,259044,0,0,24,32
3,12,3.150245e6,-1.621188592291603,-0.8377716961065049,TIME_LIMIT,259096,0,0,20,8
3,12,3.150774e6,-1.621188592291603,-0.8377716961065049,TIME_LIMIT,259129,0,0,44,54
3,12,3.151269e6,-1.6211884197522521,-0.8377716961065049,TIME_LIMIT,259184,0,0,26,12
3,12,3.151779e6,-1.6211884197522521,-0.8377716961065049,TIME_LIMIT,259212,0,0,34,23
3,12,3.152325e6,-1.6211875650788028,-0.8377716961065049,TIME_LIMIT,259260,0,0,31,4
3,12,3.152834e6,-1.6211875650788028,-0.8377716961065049,TIME_LIMIT,259301,0,0,43,68
3,12,3.153306e6,-1.621172999202702,-0.8377716961065049,TIME_LIMIT,259354,0,0,29,23
3,12,3.153789e6,-1.621172999202702,-0.8377716961065049,TIME_LIMIT,259380,0,0,33,17
3,12,3.154271e6,-1.6211683815500313,-0.8377716961065049,TIME_LIMIT,259431,0,0,29,12
3,12,3.154752e6,-1.6211683815500313,-0.8377716961065049,TIME_LIMIT,259474,0,0,23,30
3,12,3.15523e6,-1.6211115003705616,-0.8377716961065049,TIME_LIMIT,259524,0,0,28,22
3,12,3.155693e6,-1.6211115003705616,-0.8377716961065049,TIME_LIMIT,259552,0,0,38,25
3,12,3.156183e6,-1.6210871645358333,-0.8377716961065049,TIME_LIMIT,259602,0,0,31,6
3,12,3.156662e6,-1.6210871645358333,-0.8377716961065049,TIME_LIMIT,259633,0,0,40,20
3,12,3.157134e6,-1.6210724029905559,-0.8377716961065049,TIME_LIMIT,259675,0,0,8,9
3,12,3.157596e6,-1.6210724029905559,-0.8377716961065049,TIME_LIMIT,259712,0,0,37,11
3,12,3.158164e6,-1.6210518642565859,-0.8377716961065049,TIME_LIMIT,259748,0,0,31,16
3,12,3.158731e6,-1.6210518642565859,-0.8377716961065049,TIME_LIMIT,259786,0,0,23,28
3,12,3.159318e6,-1.6210481457912285,-0.8377716961065049,TIME_LIMIT,259835,0,0,28,14
3,12,3.159944e6,-1.6210481457912285,-0.8377716961065049,TIME_LIMIT,259871,0,0,42,31
3,12,3.160658e6,-1.62102918491499,-0.8377716961065049,TIME_LIMIT,259903,0,0,25,13
3,12,3.161225e6,-1.62102918491499,-0.8377716961065049,TIME_LIMIT,259939,0,0,43,32
3,12,3.161943e6,-1.620922178123606,-0.8377716961065049,TIME_LIMIT,259984,0,0,27,19
3,12,3.16265e6,-1.620922178123606,-0.8377716961065049,TIME_LIMIT,260027,0,0,40,15
3,12,3.163318e6,-1.6209214644295378,-0.8377716961065049,TIME_LIMIT,260059,0,0,26,11
3,12,3.163953e6,-1.6209214644295378,-0.8377716961065049,TIME_LIMIT,260096,0,0,43,29
3,12,3.164609e6,-1.6209120491749445,-0.8377716961065049,TIME_LIMIT,260134,0,0,45,29
3,12,3.165238e6,-1.6209120491749445,-0.8377716961065049,TIME_LIMIT,260169,0,0,39,19
3,12,3.165837e6,-1.6208794595545022,-0.8377716961065049,TIME_LIMIT,260223,0,0,30,15
3,12,3.166394e6,-1.6208794595545022,-0.8377716961065049,TIME_LIMIT,260254,0,0,40,22
3,12,3.166943e6,-1.6208775592918823,-0.8377716961065049,TIME_LIMIT,260308,0,0,23,16
3,12,3.167485e6,-1.6208775592918823,-0.8377716961065049,TIME_LIMIT,260340,0,0,42,20
3,12,3.167997e6,-1.620869309677657,-0.8377716961065049,TIME_LIMIT,260395,0,0,34,17
3,12,3.168471e6,-1.620869309677657,-0.8377716961065049,TIME_LIMIT,260427,0,0,40,22
3,12,3.16896e6,-1.6208399647124734,-0.8377716961065049,TIME_LIMIT,260482,0,0,34,14
3,12,3.169445e6,-1.6208399647124734,-0.8377716961065049,TIME_LIMIT,260517,0,0,34,26
3,12,3.169922e6,-1.6208369995378957,-0.8377716961065049,TIME_LIMIT,260569,0,0,34,10
3,12,3.170454e6,-1.6208369995378957,-0.8377716961065049,TIME_LIMIT,260601,0,0,31,20
3,12,3.171106e6,-1.620818282328506,-0.8377716961065049,TIME_LIMIT,260648,0,0,25,12
3,12,3.171649e6,-1.620818282328506,-0.8377716961065049,TIME_LIMIT,260683,0,0,41,25
3,12,3.17224e6,-1.6208088706371735,-0.8377716961065049,TIME_LIMIT,260738,0,0,27,17
3,12,3.172877e6,-1.6208088706371735,-0.8377716961065049,TIME_LIMIT,260768,0,0,38,51
3,12,3.173434e6,-1.6207988863685348,-0.8377716961065049,TIME_LIMIT,260819,0,0,21,6
3,12,3.174071e6,-1.6207988863685348,-0.8377716961065049,TIME_LIMIT,260852,0,0,37,30
3,12,3.174681e6,-1.6207973794624138,-0.8377716961065049,TIME_LIMIT,260902,0,0,29,15
3,12,3.175157e6,-1.6207973794624138,-0.8377716961065049,TIME_LIMIT,260932,0,0,39,33
3,12,3.175767e6,-1.6207628056992232,-0.8377716961065049,TIME_LIMIT,260982,0,0,34,6
3,12,3.176407e6,-1.6207628056992232,-0.8377716961065049,TIME_LIMIT,261018,0,0,35,21
3,12,3.176961e6,-1.620759666214314,-0.8377716961065049,TIME_LIMIT,261062,0,0,40,18
3,12,3.177543e6,-1.620759666214314,-0.8377716961065049,TIME_LIMIT,261099,0,0,20,25
3,12,3.178217e6,-1.620746109428058,-0.8377716961065049,TIME_LIMIT,261145,0,0,27,10
3,12,3.178838e6,-1.620746109428058,-0.8377716961065049,TIME_LIMIT,261177,0,0,36,47
3,12,3.179342e6,-1.6207245730040072,-0.8377716961065049,TIME_LIMIT,261206,0,0,25,14
3,12,3.179927e6,-1.6207245730040072,-0.8377716961065049,TIME_LIMIT,261235,0,0,51,42
3,12,3.180603e6,-1.620722681638156,-0.8377716961065049,TIME_LIMIT,261286,0,0,29,14
3,12,3.181234e6,-1.620722681638156,-0.8377716961065049,TIME_LIMIT,261325,0,0,19,9
3,12,3.181761e6,-1.6207143315488943,-0.8377716961065049,TIME_LIMIT,261380,0,0,12,9
3,12,3.182344e6,-1.6207143315488943,-0.8377716961065049,TIME_LIMIT,261409,0,0,47,64
3,12,3.183013e6,-1.6207102176328188,-0.8377716961065049,TIME_LIMIT,261462,0,0,17,9
3,12,3.183639e6,-1.6207102176328188,-0.8377716961065049,TIME_LIMIT,261506,0,0,42,24
3,12,3.184159e6,-1.6207026165971345,-0.8377716961065049,TIME_LIMIT,261547,0,0,35,18
3,12,3.184713e6,-1.6207026165971345,-0.8377716961065049,TIME_LIMIT,261580,0,0,34,36
3,12,3.185316e6,-1.6207019205725621,-0.8377716961065049,TIME_LIMIT,261629,0,0,29,17
3,12,3.185835e6,-1.6207019205725621,-0.8377716961065049,TIME_LIMIT,261659,0,0,21,6
3,12,3.186341e6,-1.6207008584077804,-0.8377716961065049,TIME_LIMIT,261714,0,0,22,7
3,12,3.186976e6,-1.6207008584077804,-0.8377716961065049,TIME_LIMIT,261750,0,0,32,55
3,12,3.187639e6,-1.6206973174679558,-0.8377716961065049,TIME_LIMIT,261804,0,0,19,14
3,12,3.188245e6,-1.6206973174679558,-0.8377716961065049,TIME_LIMIT,261838,0,0,38,18
3,12,3.188747e6,-1.6206609054894436,-0.8377716961065049,TIME_LIMIT,261890,0,0,36,23
3,12,3.189342e6,-1.6206609054894436,-0.8377716961065049,TIME_LIMIT,261922,0,0,42,28
3,12,3.189991e6,-1.6206594175517772,-0.8377716961065049,TIME_LIMIT,261969,0,0,20,7
3,12,3.190615e6,-1.6206594175517772,-0.8377716961065049,TIME_LIMIT,261998,0,0,39,68
3,12,3.191165e6,-1.6206580852110846,-0.8377716961065049,TIME_LIMIT,262050,0,0,36,23
3,12,3.191624e6,-1.6206580852110846,-0.8377716961065049,TIME_LIMIT,262082,0,0,41,30
3,12,3.19219e6,-1.6206561939705515,-0.8377716961065049,TIME_LIMIT,262134,0,0,12,8
3,12,3.19286e6,-1.6206561939705515,-0.8377716961065049,TIME_LIMIT,262171,0,0,39,23
3,12,3.193515e6,-1.6206434933383145,-0.8377716961065049,TIME_LIMIT,262217,0,0,20,12
3,12,3.194074e6,-1.6206434933383145,-0.8377716961065049,TIME_LIMIT,262250,0,0,41,34
3,12,3.194597e6,-1.6206379773639672,-0.8377716961065049,TIME_LIMIT,262299,0,0,42,15
3,12,3.195156e6,-1.6206379773639672,-0.8377716961065049,TIME_LIMIT,262333,0,0,32,22
3,12,3.195822e6,-1.6206310110863007,-0.8377716961065049,TIME_LIMIT,262362,0,0,34,15
3,12,3.196457e6,-1.6206310110863007,-0.8377716961065049,TIME_LIMIT,262398,0,0,27,20
3,12,3.197078e6,-1.62062214096222,-0.8377716961065049,TIME_LIMIT,262435,0,0,35,20
3,12,3.197636e6,-1.62062214096222,-0.8377716961065049,TIME_LIMIT,262469,0,0,34,32
3,12,3.198134e6,-1.6206206769081264,-0.8377716961065049,TIME_LIMIT,262514,0,0,28,11
3,12,3.198767e6,-1.6206206769081264,-0.8377716961065049,TIME_LIMIT,262552,0,0,45,30
3,12,3.199429e6,-1.6205900155169142,-0.8377716961065049,TIME_LIMIT,262605,0,0,33,15
3,12,3.200097e6,-1.6205900155169142,-0.8377716961065049,TIME_LIMIT,262639,0,0,30,9
3,12,3.200702e6,-1.6205873963741855,-0.8377716961065049,TIME_LIMIT,262680,0,0,28,9
3,12,3.201225e6,-1.6205873963741855,-0.8377716961065049,TIME_LIMIT,262713,0,0,31,36
3,12,3.201703e6,-1.620504619735168,-0.8377716961065049,TIME_LIMIT,262759,0,0,37,13
3,12,3.202302e6,-1.620504619735168,-0.8377716961065049,TIME_LIMIT,262799,0,0,29,13
3,12,3.20298e6,-1.620498330831037,-0.8377716961065049,TIME_LIMIT,262851,0,0,17,11
3,12,3.203629e6,-1.620498330831037,-0.8377716961065049,TIME_LIMIT,262881,0,0,49,27
3,12,3.204268e6,-1.6204618917216487,-0.8377716961065049,TIME_LIMIT,262932,0,0,31,9
3,12,3.204868e6,-1.6204618917216487,-0.8377716961065049,TIME_LIMIT,262969,0,0,30,17
3,12,3.205425e6,-1.6204605681641984,-0.8377716961065049,TIME_LIMIT,263009,0,0,13,5
3,12,3.205891e6,-1.6204605681641984,-0.8377716961065049,TIME_LIMIT,263043,0,0,39,25
3,12,3.206371e6,-1.620460001706393,-0.8377716961065049,TIME_LIMIT,263096,0,0,29,10
3,12,3.207036e6,-1.620460001706393,-0.8377716961065049,TIME_LIMIT,263129,0,0,43,49
3,12,3.207704e6,-1.6204445999032588,-0.8377716961065049,TIME_LIMIT,263179,0,0,29,30
3,12,3.208349e6,-1.6204445999032588,-0.8377716961065049,TIME_LIMIT,263218,0,0,23,24
3,12,3.208971e6,-1.6204289606805309,-0.8377716961065049,TIME_LIMIT,263269,0,0,34,18
3,12,3.209545e6,-1.6204289606805309,-0.8377716961065049,TIME_LIMIT,263302,0,0,38,24
3,12,3.210035e6,-1.6204041221851802,-0.8377716961065049,TIME_LIMIT,263356,0,0,32,11
3,12,3.21058e6,-1.6204041221851802,-0.8377716961065049,TIME_LIMIT,263396,0,0,49,24
3,12,3.211256e6,-1.6203830578672929,-0.8377716961065049,TIME_LIMIT,263451,0,0,30,14
3,12,3.211938e6,-1.6203830578672929,-0.8377716961065049,TIME_LIMIT,263486,0,0,17,17
3,12,3.212611e6,-1.6203776276339312,-0.8377716961065049,TIME_LIMIT,263521,0,0,26,12
3,12,3.21321e6,-1.6203776276339312,-0.8377716961065049,TIME_LIMIT,263551,0,0,41,27
3,12,3.213743e6,-1.6203705134095594,-0.8377716961065049,TIME_LIMIT,263606,0,0,32,10
3,12,3.214226e6,-1.6203705134095594,-0.8377716961065049,TIME_LIMIT,263637,0,0,43,25
3,12,3.21468e6,-1.6203557645805575,-0.8377716961065049,TIME_LIMIT,263689,0,0,22,9
3,12,3.215153e6,-1.6203557645805575,-0.8377716961065049,TIME_LIMIT,263719,0,0,29,28
3,12,3.215625e6,-1.6203525113886479,-0.8377716961065049,TIME_LIMIT,263771,0,0,33,6
3,12,3.216101e6,-1.6203525113886479,-0.8377716961065049,TIME_LIMIT,263801,0,0,40,17
3,12,3.216556e6,-1.6203477329343772,-0.8377716961065049,TIME_LIMIT,263847,0,0,23,12
3,12,3.217028e6,-1.6203477329343772,-0.8377716961065049,TIME_LIMIT,263885,0,0,37,22
3,12,3.217577e6,-1.6203416517619575,-0.8377716961065049,TIME_LIMIT,263922,0,0,35,20
3,12,3.218248e6,-1.6203416517619575,-0.8377716961065049,TIME_LIMIT,263954,0,0,39,24
3,12,3.218895e6,-1.6203192456510882,-0.8377716961065049,TIME_LIMIT,263997,0,0,20,11
3,12,3.219568e6,-1.6203192456510882,-0.8377716961065049,TIME_LIMIT,264025,0,0,25,34
3,12,3.220229e6,-1.6203183097469809,-0.8377716961065049,TIME_LIMIT,264075,0,0,21,9
3,12,3.220787e6,-1.6203183097469809,-0.8377716961065049,TIME_LIMIT,264107,0,0,27,15
3,12,3.221247e6,-1.6203087206951847,-0.8377716961065049,TIME_LIMIT,264160,0,0,31,12
3,12,3.221803e6,-1.6203087206951847,-0.8377716961065049,TIME_LIMIT,264200,0,0,37,20
3,12,3.222468e6,-1.6203078296154425,-0.8377716961065049,TIME_LIMIT,264234,0,0,20,18
3,12,3.223131e6,-1.6203078296154425,-0.8377716961065049,TIME_LIMIT,264265,0,0,39,48
3,12,3.223769e6,-1.6203072040080346,-0.8377716961065049,TIME_LIMIT,264313,0,0,30,14
3,12,3.224394e6,-1.6203072040080346,-0.8377716961065049,TIME_LIMIT,264349,0,0,23,37
3,12,3.224998e6,-1.6203069321061416,-0.8377716961065049,TIME_LIMIT,264402,0,0,20,11
3,12,3.22549e6,-1.6203069321061416,-0.8377716961065049,TIME_LIMIT,264430,0,0,45,25
3,12,3.225951e6,-1.6203054108675294,-0.8377716961065049,TIME_LIMIT,264489,0,0,31,19
3,12,3.226431e6,-1.6203054108675294,-0.8377716961065049,TIME_LIMIT,264520,0,0,45,43
3,12,3.226908e6,-1.6202885245692025,-0.8377716961065049,TIME_LIMIT,264574,0,0,31,12
3,12,3.227385e6,-1.6202885245692025,-0.8377716961065049,TIME_LIMIT,264605,0,0,23,12
3,12,3.227841e6,-1.6202875090624762,-0.8377716961065049,TIME_LIMIT,264655,0,0,27,9
3,12,3.228314e6,-1.6202875090624762,-0.8377716961065049,TIME_LIMIT,264695,0,0,27,18
3,12,3.22879e6,-1.620269006438232,-0.8377716961065049,TIME_LIMIT,264733,0,0,39,8
3,12,3.229266e6,-1.620269006438232,-0.8377716961065049,TIME_LIMIT,264769,0,0,35,22
3,12,3.229723e6,-1.6202677079257877,-0.8377716961065049,TIME_LIMIT,264817,0,0,27,7
3,12,3.230196e6,-1.6202677079257877,-0.8377716961065049,TIME_LIMIT,264844,0,0,21,18
3,12,3.230672e6,-1.6202664442260608,-0.8377716961065049,TIME_LIMIT,264893,0,0,26,8
3,12,3.231148e6,-1.6202664442260608,-0.8377716961065049,TIME_LIMIT,264922,0,0,38,20
3,12,3.231606e6,-1.6202395205115867,-0.8377716961065049,TIME_LIMIT,264976,0,0,26,8
3,12,3.232077e6,-1.6202395205115867,-0.8377716961065049,TIME_LIMIT,265011,0,0,35,19
3,12,3.232552e6,-1.6202367393119133,-0.8377716961065049,TIME_LIMIT,265063,0,0,31,10
3,12,3.233009e6,-1.6202367393119133,-0.8377716961065049,TIME_LIMIT,265094,0,0,47,29
3,12,3.233482e6,-1.6202121851805344,-0.8377716961065049,TIME_LIMIT,265144,0,0,33,19
3,12,3.233953e6,-1.6202121851805344,-0.8377716961065049,TIME_LIMIT,265187,0,0,39,26
3,12,3.234421e6,-1.6202091393737061,-0.8377716961065049,TIME_LIMIT,265231,0,0,36,14
3,12,3.234875e6,-1.6202091393737061,-0.8377716961065049,TIME_LIMIT,265269,0,0,28,12
3,12,3.23535e6,-1.6201985384333917,-0.8377716961065049,TIME_LIMIT,265321,0,0,28,17
3,12,3.235823e6,-1.6201985384333917,-0.8377716961065049,TIME_LIMIT,265352,0,0,36,17
3,12,3.236296e6,-1.6201558305731567,-0.8377716961065049,TIME_LIMIT,265408,0,0,18,14
3,12,3.236753e6,-1.6201558305731567,-0.8377716961065049,TIME_LIMIT,265435,0,0,28,21
3,12,3.237228e6,-1.6201496385494454,-0.8377716961065049,TIME_LIMIT,265490,0,0,35,15
3,12,3.237702e6,-1.6201496385494454,-0.8377716961065049,TIME_LIMIT,265516,0,0,42,39
3,12,3.238174e6,-1.6201331347792884,-0.8377716961065049,TIME_LIMIT,265569,0,0,22,14
3,12,3.23863e6,-1.6201331347792884,-0.8377716961065049,TIME_LIMIT,265596,0,0,24,12
3,12,3.239102e6,-1.6201150636599808,-0.8377716961065049,TIME_LIMIT,265641,0,0,16,5
3,12,3.239576e6,-1.6201150636599808,-0.8377716961065049,TIME_LIMIT,265673,0,0,33,20
3,12,3.240045e6,-1.6200590021388552,-0.8377716961065049,TIME_LIMIT,265723,0,0,15,9
3,12,3.240501e6,-1.6200590021388552,-0.8377716961065049,TIME_LIMIT,265764,0,0,37,8
3,12,3.240971e6,-1.6200575554017538,-0.8377716961065049,TIME_LIMIT,265801,0,0,33,12
3,12,3.241447e6,-1.6200575554017538,-0.8377716961065049,TIME_LIMIT,265829,0,0,33,20
3,12,3.241933e6,-1.6200415726396495,-0.8377716961065049,TIME_LIMIT,265879,0,0,13,11
3,12,3.242396e6,-1.6200415726396495,-0.8377716961065049,TIME_LIMIT,265918,0,0,30,41
3,12,3.242871e6,-1.6200387376085434,-0.8942501320265736,TIME_LIMIT,265967,0,0,24,21
3,12,3.243356e6,-1.6200387376085434,-0.8942501320265736,TIME_LIMIT,265996,0,0,23,33
3,12,3.243828e6,-1.6200352968743925,-0.8942501320265736,TIME_LIMIT,266050,0,0,31,16
3,12,3.244303e6,-1.6200352968743925,-0.8942501320265736,TIME_LIMIT,266080,0,0,36,18
3,12,3.244775e6,-1.6199913032811455,-0.8942501320265736,TIME_LIMIT,266133,0,0,25,16
3,12,3.245246e6,-1.6199913032811455,-0.8942501320265736,TIME_LIMIT,266162,0,0,38,24
3,12,3.245703e6,-1.6199653602116058,-0.8942501320265736,TIME_LIMIT,266214,0,0,18,14
3,12,3.246245e6,-1.6199653602116058,-0.8942501320265736,TIME_LIMIT,266236,0,0,32,7
3,12,3.246792e6,-1.6199253814797367,-0.8942501320265736,TIME_LIMIT,266285,0,0,19,9
3,12,3.247453e6,-1.6199253814797367,-0.8942501320265736,TIME_LIMIT,266320,0,0,51,58
3,12,3.248108e6,-1.6199204611541096,-0.8942501320265736,TIME_LIMIT,266374,0,0,36,17
3,12,3.248678e6,-1.6199204611541096,-0.8942501320265736,TIME_LIMIT,266408,0,0,41,34
3,12,3.249333e6,-1.6198960526228305,-0.8942501320265736,TIME_LIMIT,266458,0,0,30,13
3,12,3.249985e6,-1.6198960526228305,-0.8942501320265736,TIME_LIMIT,266489,0,0,32,17
3,12,3.250637e6,-1.6198906845000987,-0.8942501320265736,TIME_LIMIT,266535,0,0,29,10
3,12,3.251267e6,-1.6198906845000987,-0.8942501320265736,TIME_LIMIT,266566,0,0,34,32
3,12,3.251916e6,-1.6198887995359124,-0.8942501320265736,TIME_LIMIT,266618,0,0,28,14
3,12,3.252556e6,-1.6198887995359124,-0.8942501320265736,TIME_LIMIT,266649,0,0,29,22
3,12,3.253187e6,-1.6198288610333027,-0.8942501320265736,TIME_LIMIT,266702,0,0,31,14
3,12,3.253812e6,-1.6198288610333027,-0.8942501320265736,TIME_LIMIT,266736,0,0,40,30
3,12,3.254443e6,-1.6197934955082935,-0.8942501320265736,TIME_LIMIT,266791,0,0,34,17
3,12,3.255095e6,-1.6197934955082935,-0.8942501320265736,TIME_LIMIT,266833,0,0,40,16
3,12,3.255694e6,-1.6197819833114018,-0.8942501320265736,TIME_LIMIT,266876,0,0,35,11
3,12,3.256283e6,-1.6197819833114018,-0.8942501320265736,TIME_LIMIT,266913,0,0,38,27
3,12,3.256858e6,-1.6197742255173375,-0.8942501320265736,TIME_LIMIT,266971,0,0,26,9
3,12,3.25744e6,-1.6197742255173375,-0.8942501320265736,TIME_LIMIT,267015,0,0,41,24
3,12,3.257994e6,-1.6197589243978878,-0.8942501320265736,TIME_LIMIT,267067,0,0,28,14
3,12,3.258547e6,-1.6197589243978878,-0.8942501320265736,TIME_LIMIT,267107,0,0,39,22
3,12,3.259074e6,-1.6197417411012769,-0.8942501320265736,TIME_LIMIT,267147,0,0,41,13
3,12,3.259583e6,-1.6197417411012769,-0.8942501320265736,TIME_LIMIT,267181,0,0,28,21
3,12,3.260063e6,-1.619734287444497,-0.8942501320265736,TIME_LIMIT,267227,0,0,28,7
3,12,3.260554e6,-1.619734287444497,-0.8942501320265736,TIME_LIMIT,267265,0,0,38,21
3,12,3.261049e6,-1.619733808159515,-0.8942501320265736,TIME_LIMIT,267300,0,0,30,11
3,12,3.261539e6,-1.619733808159515,-0.8942501320265736,TIME_LIMIT,267335,0,0,43,81
3,12,3.262012e6,-1.6197303121238233,-0.8942501320265736,TIME_LIMIT,267371,0,0,28,30
3,12,3.262493e6,-1.6197303121238233,-0.8942501320265736,TIME_LIMIT,267405,0,0,32,16
3,12,3.262933e6,-1.6197276790086073,-0.8942501320265736,TIME_LIMIT,267455,0,0,31,17
3,12,3.263395e6,-1.6197276790086073,-0.8942501320265736,TIME_LIMIT,267487,0,0,19,28
3,12,3.263874e6,-1.6197223522162176,-0.8942501320265736,TIME_LIMIT,267537,0,0,16,12
3,12,3.264352e6,-1.6197223522162176,-0.8942501320265736,TIME_LIMIT,267567,0,0,27,23
3,12,3.264807e6,-1.6197213217961695,-0.8942501320265736,TIME_LIMIT,267627,0,0,37,13
3,12,3.265359e6,-1.6197213217961695,-0.8942501320265736,TIME_LIMIT,267654,0,0,39,28
3,12,3.266047e6,-1.6197173311813213,-0.8942501320265736,TIME_LIMIT,267704,0,0,30,19
3,12,3.266732e6,-1.6197173311813213,-0.8942501320265736,TIME_LIMIT,267729,0,0,34,20
3,12,3.267411e6,-1.6196718339316007,-0.8942501320265736,TIME_LIMIT,267773,0,0,27,12
3,12,3.268093e6,-1.6196718339316007,-0.8942501320265736,TIME_LIMIT,267809,0,0,39,23
3,12,3.268696e6,-1.6196633134196399,-0.8942501320265736,TIME_LIMIT,267847,0,0,37,20
3,12,3.269244e6,-1.6196633134196399,-0.8942501320265736,TIME_LIMIT,267876,0,0,32,43
3,12,3.26973e6,-1.6196391804063757,-0.8942501320265736,TIME_LIMIT,267929,0,0,33,19
3,12,3.270214e6,-1.6196391804063757,-0.8942501320265736,TIME_LIMIT,267962,0,0,39,21
3,12,3.27076e6,-1.6196321491172363,-0.8942501320265736,TIME_LIMIT,268015,0,0,36,12
3,12,3.271413e6,-1.6196321491172363,-0.8942501320265736,TIME_LIMIT,268057,0,0,44,22
3,12,3.27208e6,-1.619624158795078,-0.8942501320265736,TIME_LIMIT,268101,0,0,40,21
3,12,3.272735e6,-1.619624158795078,-0.8942501320265736,TIME_LIMIT,268129,0,0,35,39
3,12,3.273385e6,-1.6196234374438474,-0.8942501320265736,TIME_LIMIT,268175,0,0,30,5
3,12,3.273953e6,-1.6196234374438474,-0.8942501320265736,TIME_LIMIT,268213,0,0,28,22
3,12,3.27449e6,-1.6196199136255869,-0.8942501320265736,TIME_LIMIT,268264,0,0,30,12
3,12,3.274981e6,-1.6196199136255869,-0.8942501320265736,TIME_LIMIT,268304,0,0,39,26
3,12,3.275543e6,-1.6196084206426369,-0.8942501320265736,TIME_LIMIT,268346,0,0,32,22
3,12,3.276198e6,-1.6196084206426369,-0.8942501320265736,TIME_LIMIT,268376,0,0,47,31
3,12,3.276878e6,-1.6195926433013548,-0.8942501320265736,TIME_LIMIT,268435,0,0,35,18
3,12,3.277536e6,-1.6195926433013548,-0.8942501320265736,TIME_LIMIT,268475,0,0,38,15
3,12,3.278189e6,-1.6195901667849109,-0.8942501320265736,TIME_LIMIT,268514,0,0,37,13
3,12,3.278806e6,-1.6195901667849109,-0.8942501320265736,TIME_LIMIT,268542,0,0,39,31
3,12,3.279407e6,-1.6195482186352823,-0.8942501320265736,TIME_LIMIT,268588,0,0,25,10
3,12,3.279952e6,-1.6195482186352823,-0.8942501320265736,TIME_LIMIT,268615,0,0,34,21
3,12,3.280418e6,-1.6195473663759403,-0.8942501320265736,TIME_LIMIT,268666,0,0,25,11
3,12,3.28094e6,-1.6195473663759403,-0.8942501320265736,TIME_LIMIT,268694,0,0,26,32
3,12,3.281599e6,-1.6195179749678508,-0.8942501320265736,TIME_LIMIT,268756,0,0,30,11
3,12,3.28226e6,-1.6195179749678508,-0.8942501320265736,TIME_LIMIT,268782,0,0,43,38
3,12,3.282888e6,-1.6195057821094376,-0.8942501320265736,TIME_LIMIT,268841,0,0,26,18
3,12,3.283544e6,-1.6195057821094376,-0.8942501320265736,TIME_LIMIT,268880,0,0,38,19
3,12,3.284186e6,-1.61949832873809,-0.8942501320265736,TIME_LIMIT,268921,0,0,37,7
3,12,3.28481e6,-1.61949832873809,-0.8942501320265736,TIME_LIMIT,268959,0,0,39,66
3,12,3.285378e6,-1.6194882870179084,-0.8942501320265736,TIME_LIMIT,269015,0,0,29,15
3,12,3.285894e6,-1.6194882870179084,-0.8942501320265736,TIME_LIMIT,269048,0,0,38,21
3,12,3.286371e6,-1.6194827017575666,-0.8942501320265736,TIME_LIMIT,269096,0,0,29,14
3,12,3.286944e6,-1.6194827017575666,-0.8942501320265736,TIME_LIMIT,269130,0,0,17,16
3,12,3.287618e6,-1.619449759888932,-0.8942501320265736,TIME_LIMIT,269177,0,0,25,6
3,12,3.288277e6,-1.619449759888932,-0.8942501320265736,TIME_LIMIT,269205,0,0,41,21
3,12,3.288888e6,-1.61944643228973,-0.8942501320265736,TIME_LIMIT,269259,0,0,18,6
3,12,3.289404e6,-1.61944643228973,-0.8942501320265736,TIME_LIMIT,269292,0,0,22,14
3,12,3.2899e6,-1.6194327834712428,-0.8942501320265736,TIME_LIMIT,269344,0,0,34,10
3,12,3.290382e6,-1.6194327834712428,-0.8942501320265736,TIME_LIMIT,269365,0,0,41,31
3,12,3.290859e6,-1.6194298220087575,-0.8942501320265736,TIME_LIMIT,269413,0,0,28,10
3,12,3.29132e6,-1.6194298220087575,-0.8942501320265736,TIME_LIMIT,269448,0,0,38,25
3,12,3.291876e6,-1.6194257286823244,-0.8942501320265736,TIME_LIMIT,269500,0,0,30,15
3,12,3.29239e6,-1.6194257286823244,-0.8942501320265736,TIME_LIMIT,269530,0,0,33,23
3,12,3.292868e6,-1.619412467868532,-0.8942501320265736,TIME_LIMIT,269581,0,0,26,9
3,12,3.293364e6,-1.619412467868532,-0.8942501320265736,TIME_LIMIT,269616,0,0,28,18
3,12,3.293859e6,-1.6194016850091337,-0.8942501320265736,TIME_LIMIT,269668,0,0,34,13
3,12,3.294345e6,-1.6194016850091337,-0.8942501320265736,TIME_LIMIT,269704,0,0,38,29
3,12,3.294806e6,-1.6194009029170964,-0.8942501320265736,TIME_LIMIT,269752,0,0,33,18
3,12,3.295318e6,-1.6194009029170964,-0.8942501320265736,TIME_LIMIT,269788,0,0,35,22
3,12,3.295812e6,-1.619385370542657,-0.8942501320265736,TIME_LIMIT,269837,0,0,30,9
3,12,3.296283e6,-1.619385370542657,-0.8942501320265736,TIME_LIMIT,269870,0,0,47,27
3,12,3.296777e6,-1.6193672002953234,-0.8942501320265736,TIME_LIMIT,269919,0,0,29,18
3,12,3.297265e6,-1.6193672002953234,-0.8942501320265736,TIME_LIMIT,269957,0,0,44,63
3,12,3.297747e6,-1.6193590555190975,-0.8942501320265736,TIME_LIMIT,270012,0,0,33,18
3,12,3.298219e6,-1.6193590555190975,-0.8942501320265736,TIME_LIMIT,270049,0,0,25,32
3,12,3.298715e6,-1.6193525779727993,-0.8942501320265736,TIME_LIMIT,270098,0,0,30,15
3,12,3.299212e6,-1.6193525779727993,-0.8942501320265736,TIME_LIMIT,270129,0,0,45,53
3,12,3.299704e6,-1.619346551225914,-0.8942501320265736,TIME_LIMIT,270182,0,0,28,19
3,12,3.300179e6,-1.619346551225914,-0.8942501320265736,TIME_LIMIT,270217,0,0,33,19
3,12,3.300671e6,-1.6193396466023964,-0.8942501320265736,TIME_LIMIT,270262,0,0,15,13
3,12,3.301151e6,-1.6193396466023964,-0.8942501320265736,TIME_LIMIT,270291,0,0,29,28
3,12,3.301624e6,-1.619303704532104,-0.8942501320265736,TIME_LIMIT,270343,0,0,32,18
3,12,3.30212e6,-1.619303704532104,-0.8942501320265736,TIME_LIMIT,270380,0,0,40,25
3,12,3.302615e6,-1.6192870228139182,-0.8942501320265736,TIME_LIMIT,270433,0,0,25,13
3,12,3.303111e6,-1.6192870228139182,-0.8942501320265736,TIME_LIMIT,270471,0,0,38,27
3,12,3.303587e6,-1.619276101390072,-0.8942501320265736,TIME_LIMIT,270506,0,0,22,11
3,12,3.304078e6,-1.619276101390072,-0.8942501320265736,TIME_LIMIT,270545,0,0,30,34
3,12,3.304567e6,-1.619222858598892,-0.8942501320265736,TIME_LIMIT,270599,0,0,30,18
3,12,3.30506e6,-1.619222858598892,-0.8942501320265736,TIME_LIMIT,270637,0,0,34,14
3,12,3.305537e6,-1.6192096515015333,-0.8942501320265736,TIME_LIMIT,270677,0,0,19,8
3,12,3.306033e6,-1.6192096515015333,-0.8942501320265736,TIME_LIMIT,270707,0,0,33,51
3,12,3.306528e6,-1.6191981756797706,-0.8942501320265736,TIME_LIMIT,270765,0,0,31,14
3,12,3.307e6,-1.6191981756797706,-0.8942501320265736,TIME_LIMIT,270802,0,0,28,22
3,12,3.307487e6,-1.6191921354320242,-0.8942501320265736,TIME_LIMIT,270843,0,0,23,5
3,12,3.307981e6,-1.6191921354320242,-0.8942501320265736,TIME_LIMIT,270879,0,0,38,15
3,12,3.308473e6,-1.6191821805356361,-0.8942501320265736,TIME_LIMIT,270913,0,0,30,15
3,12,3.308953e6,-1.6191821805356361,-0.8942501320265736,TIME_LIMIT,270954,0,0,29,22
3,12,3.30945e6,-1.6191699644159767,-0.8942501320265736,TIME_LIMIT,271003,0,0,32,12
3,12,3.309941e6,-1.6191699644159767,-0.8942501320265736,TIME_LIMIT,271041,0,0,41,19
3,12,3.310405e6,-1.6191637955616582,-0.8942501320265736,TIME_LIMIT,271084,0,0,41,19
3,12,3.3109e6,-1.6191637955616582,-0.8942501320265736,TIME_LIMIT,271108,0,0,27,36
3,12,3.311394e6,-1.6191615328474585,-0.8942501320265736,TIME_LIMIT,271161,0,0,35,11
3,12,3.311889e6,-1.6191615328474585,-0.8942501320265736,TIME_LIMIT,271200,0,0,31,18
3,12,3.312363e6,-1.619144795575826,-0.8942501320265736,TIME_LIMIT,271232,0,0,27,7
3,12,3.312862e6,-1.619144795575826,-0.8942501320265736,TIME_LIMIT,271274,0,0,38,16
3,12,3.313347e6,-1.619140167990718,-0.8942501320265736,TIME_LIMIT,271307,0,0,27,16
3,12,3.313827e6,-1.619140167990718,-0.8942501320265736,TIME_LIMIT,271338,0,0,35,14
3,12,3.314304e6,-1.6191380109342062,-0.8942501320265736,TIME_LIMIT,271381,0,0,39,16
3,12,3.31482e6,-1.6191380109342062,-0.8942501320265736,TIME_LIMIT,271417,0,0,46,30
3,12,3.315313e6,-1.6191288721002774,-0.8942501320265736,TIME_LIMIT,271468,0,0,14,11
3,12,3.315789e6,-1.6191288721002774,-0.8942501320265736,TIME_LIMIT,271492,0,0,33,10
3,12,3.316282e6,-1.6191180217160355,-0.8942501320265736,TIME_LIMIT,271535,0,0,28,11
3,12,3.316767e6,-1.6191180217160355,-0.8942501320265736,TIME_LIMIT,271579,0,0,38,23
3,12,3.317239e6,-1.6190954241798525,-0.8942501320265736,TIME_LIMIT,271617,0,0,32,13
3,12,3.317713e6,-1.6190954241798525,-0.8942501320265736,TIME_LIMIT,271646,0,0,44,24
3,12,3.3182e6,-1.6190932346033047,-0.8942501320265736,TIME_LIMIT,271694,0,0,28,15
3,12,3.318693e6,-1.6190932346033047,-0.8942501320265736,TIME_LIMIT,271725,0,0,42,38
3,12,3.319168e6,-1.6190834418345161,-0.8942501320265736,TIME_LIMIT,271783,0,0,34,16
3,12,3.319658e6,-1.6190834418345161,-0.8942501320265736,TIME_LIMIT,271821,0,0,45,20
3,12,3.320143e6,-1.6190669685528423,-0.8942501320265736,TIME_LIMIT,271871,0,0,33,9
3,12,3.32063e6,-1.6190669685528423,-0.8942501320265736,TIME_LIMIT,271901,0,0,32,21
3,12,3.321108e6,-1.6190504791719558,-0.8942501320265736,TIME_LIMIT,271952,0,0,12,10
3,12,3.321604e6,-1.6190504791719558,-0.8942501320265736,TIME_LIMIT,271981,0,0,33,22
3,12,3.322097e6,-1.6190298163063446,-0.8942501320265736,TIME_LIMIT,272030,0,0,32,7
3,12,3.322572e6,-1.6190298163063446,-0.8942501320265736,TIME_LIMIT,272060,0,0,38,19
3,12,3.323064e6,-1.6190278458460332,-0.8942501320265736,TIME_LIMIT,272111,0,0,31,10
3,12,3.323547e6,-1.6190278458460332,-0.8942501320265736,TIME_LIMIT,272145,0,0,43,34
3,12,3.324041e6,-1.6190238290067995,-0.8942501320265736,TIME_LIMIT,272195,0,0,25,16
3,12,3.324516e6,-1.6190238290067995,-0.8942501320265736,TIME_LIMIT,272227,0,0,38,19
3,12,3.325012e6,-1.6190217825453854,-0.8942501320265736,TIME_LIMIT,272277,0,0,30,10
3,12,3.325508e6,-1.6190217825453854,-0.8942501320265736,TIME_LIMIT,272311,0,0,28,19
3,12,3.326e6,-1.6190191378901038,-0.8942501320265736,TIME_LIMIT,272367,0,0,29,15
3,12,3.326468e6,-1.6190191378901038,-0.8942501320265736,TIME_LIMIT,272399,0,0,33,15
3,12,3.326971e6,-1.6190136014870862,-0.8942501320265736,TIME_LIMIT,272448,0,0,34,10
3,12,3.327467e6,-1.6190136014870862,-0.8942501320265736,TIME_LIMIT,272487,0,0,50,70
3,12,3.327941e6,-1.61899431945738,-0.8942501320265736,TIME_LIMIT,272543,0,0,30,16
3,12,3.328436e6,-1.61899431945738,-0.8942501320265736,TIME_LIMIT,272576,0,0,29,30
3,12,3.328929e6,-1.6189816779180997,-0.8942501320265736,TIME_LIMIT,272633,0,0,34,11
3,12,3.329418e6,-1.6189816779180997,-0.8942501320265736,TIME_LIMIT,272659,0,0,40,45
3,12,3.329882e6,-1.6189799860781207,-0.8942501320265736,TIME_LIMIT,272711,0,0,18,5
3,12,3.330376e6,-1.6189799860781207,-0.8942501320265736,TIME_LIMIT,272744,0,0,27,22
3,12,3.330869e6,-1.6189582627417027,-0.8942501320265736,TIME_LIMIT,272798,0,0,30,15
3,12,3.331345e6,-1.6189582627417027,-0.8942501320265736,TIME_LIMIT,272830,0,0,40,59
3,12,3.331838e6,-1.618942116475462,-0.8942501320265736,TIME_LIMIT,272886,0,0,29,21
3,12,3.332332e6,-1.618942116475462,-0.8942501320265736,TIME_LIMIT,272917,0,0,37,22
3,12,3.33282e6,-1.6189418134978724,-0.8942501320265736,TIME_LIMIT,272965,0,0,30,9
3,12,3.333287e6,-1.6189418134978724,-0.8942501320265736,TIME_LIMIT,272993,0,0,33,23
3,12,3.333779e6,-1.6188944181043905,-0.8942501320265736,TIME_LIMIT,273040,0,0,29,13
3,12,3.334272e6,-1.6188944181043905,-0.8942501320265736,TIME_LIMIT,273076,0,0,40,25
3,12,3.334743e6,-1.6188929368341696,-0.8942501320265736,TIME_LIMIT,273126,0,0,26,10
3,12,3.335233e6,-1.6188929368341696,-0.8942501320265736,TIME_LIMIT,273157,0,0,38,34
3,12,3.335715e6,-1.6188783163557183,-0.8942501320265736,TIME_LIMIT,273204,0,0,30,13
3,12,3.336202e6,-1.6188783163557183,-0.8942501320265736,TIME_LIMIT,273230,0,0,45,40
3,12,3.336676e6,-1.6188733043533479,-0.8942501320265736,TIME_LIMIT,273277,0,0,32,8
3,12,3.337165e6,-1.6188733043533479,-0.8942501320265736,TIME_LIMIT,273312,0,0,37,22
3,12,3.337657e6,-1.618865645019605,-0.8942501320265736,TIME_LIMIT,273362,0,0,18,9
3,12,3.338133e6,-1.618865645019605,-0.8942501320265736,TIME_LIMIT,273396,0,0,28,13
3,12,3.338619e6,-1.6188283151014506,-0.8942501320265736,TIME_LIMIT,273448,0,0,32,11
3,12,3.339096e6,-1.6188283151014506,-0.8942501320265736,TIME_LIMIT,273480,0,0,36,14
3,12,3.339572e6,-1.6188078860207766,-0.8942501320265736,TIME_LIMIT,273521,0,0,33,15
3,12,3.340048e6,-1.6188078860207766,-0.8942501320265736,TIME_LIMIT,273561,0,0,33,19
3,12,3.340541e6,-1.6187847244412474,-0.8942501320265736,TIME_LIMIT,273605,0,0,30,15
3,12,3.341037e6,-1.6187847244412474,-0.8942501320265736,TIME_LIMIT,273635,0,0,46,31
3,12,3.341505e6,-1.618779437202897,-0.8942501320265736,TIME_LIMIT,273680,0,0,31,8
3,12,3.341996e6,-1.618779437202897,-0.8942501320265736,TIME_LIMIT,273709,0,0,40,22
3,12,3.342476e6,-1.6187714038210363,-0.8942501320265736,TIME_LIMIT,273759,0,0,31,10
3,12,3.342969e6,-1.6187714038210363,-0.8942501320265736,TIME_LIMIT,273792,0,0,40,28
3,12,3.343445e6,-1.6187683153591559,-0.8942501320265736,TIME_LIMIT,273843,0,0,16,7
3,12,3.343937e6,-1.6187683153591559,-0.8942501320265736,TIME_LIMIT,273879,0,0,34,15
3,12,3.34443e6,-1.6187681150308202,-0.8942501320265736,TIME_LIMIT,273931,0,0,27,10
3,12,3.344907e6,-1.6187681150308202,-0.8942501320265736,TIME_LIMIT,273973,0,0,34,18
3,12,3.345395e6,-1.6187548100787346,-0.8942501320265736,TIME_LIMIT,274023,0,0,30,18
3,12,3.34588e6,-1.6187548100787346,-0.8942501320265736,TIME_LIMIT,274052,0,0,46,50
3,12,3.346372e6,-1.6187351433544146,-0.8942501320265736,TIME_LIMIT,274106,0,0,30,11
3,12,3.346842e6,-1.6187351433544146,-0.8942501320265736,TIME_LIMIT,274134,0,0,27,31
3,12,3.347339e6,-1.6187201854035667,-0.8942501320265736,TIME_LIMIT,274178,0,0,27,8
3,12,3.34783e6,-1.6187201854035667,-0.8942501320265736,TIME_LIMIT,274207,0,0,31,16
3,12,3.348304e6,-1.6186961018890218,-0.8942501320265736,TIME_LIMIT,274259,0,0,28,13
3,12,3.348786e6,-1.6186961018890218,-0.8942501320265736,TIME_LIMIT,274296,0,0,50,37
3,12,3.349265e6,-1.618691486017482,-0.8942501320265736,TIME_LIMIT,274340,0,0,25,15
3,12,3.349765e6,-1.618691486017482,-0.8942501320265736,TIME_LIMIT,274385,0,0,35,26
3,12,3.35024e6,-1.6186876438789142,-0.8942501320265736,TIME_LIMIT,274421,0,0,44,15
3,12,3.350731e6,-1.6186876438789142,-0.8942501320265736,TIME_LIMIT,274449,0,0,34,25
3,12,3.35122e6,-1.6186791744536568,-0.8942501320265736,TIME_LIMIT,274499,0,0,30,14
3,12,3.351692e6,-1.6186791744536568,-0.8942501320265736,TIME_LIMIT,274532,0,0,38,33
3,12,3.352172e6,-1.6186718147387762,-0.8942501320265736,TIME_LIMIT,274590,0,0,36,10
3,12,3.352659e6,-1.6186718147387762,-0.8942501320265736,TIME_LIMIT,274624,0,0,24,18
3,12,3.353156e6,-1.618639195304166,-0.8942501320265736,TIME_LIMIT,274663,0,0,36,9
3,12,3.35363e6,-1.618639195304166,-0.8942501320265736,TIME_LIMIT,274699,0,0,34,31
3,12,3.354122e6,-1.618565218909798,-0.8942501320265736,TIME_LIMIT,274734,0,0,37,13
3,12,3.354613e6,-1.618565218909798,-0.8942501320265736,TIME_LIMIT,274774,0,0,36,16
3,12,3.355087e6,-1.618553499816493,-0.8942501320265736,TIME_LIMIT,274809,0,0,26,11
3,12,3.355573e6,-1.618553499816493,-0.8942501320265736,TIME_LIMIT,274847,0,0,44,47
3,12,3.356046e6,-1.618547880815922,-0.8942501320265736,TIME_LIMIT,274891,0,0,28,15
3,12,3.356515e6,-1.618547880815922,-0.8942501320265736,TIME_LIMIT,274921,0,0,42,18
3,12,3.357008e6,-1.6185393729364308,-0.8942501320265736,TIME_LIMIT,274966,0,0,17,5
3,12,3.357499e6,-1.6185393729364308,-0.8942501320265736,TIME_LIMIT,274998,0,0,46,23
3,12,3.357991e6,-1.6185297803623397,-0.8942501320265736,TIME_LIMIT,275046,0,0,29,8
3,12,3.358464e6,-1.6185297803623397,-0.8942501320265736,TIME_LIMIT,275076,0,0,35,24
3,12,3.358953e6,-1.618521880511759,-0.8942501320265736,TIME_LIMIT,275132,0,0,17,6
3,12,3.359437e6,-1.618521880511759,-0.8942501320265736,TIME_LIMIT,275165,0,0,39,39
3,12,3.35991e6,-1.6184926317082815,-0.8942501320265736,TIME_LIMIT,275220,0,0,32,16
3,12,3.360405e6,-1.6184926317082815,-0.8942501320265736,TIME_LIMIT,275257,0,0,27,36
3,12,3.360897e6,-1.6184835593489713,-0.8942501320265736,TIME_LIMIT,275294,0,0,35,20
3,12,3.361388e6,-1.6184835593489713,-0.8942501320265736,TIME_LIMIT,275325,0,0,25,13
3,12,3.361868e6,-1.6184681675895545,-0.8942501320265736,TIME_LIMIT,275373,0,0,26,10
3,12,3.362363e6,-1.6184681675895545,-0.8942501320265736,TIME_LIMIT,275408,0,0,16,16
3,12,3.362847e6,-1.6184656177196337,-0.8942501320265736,TIME_LIMIT,275453,0,0,18,11
3,12,3.363316e6,-1.6184656177196337,-0.8942501320265736,TIME_LIMIT,275482,0,0,28,27
3,12,3.363807e6,-1.6184523134539148,-0.8942501320265736,TIME_LIMIT,275532,0,0,28,17
3,12,3.364298e6,-1.6184523134539148,-0.8942501320265736,TIME_LIMIT,275559,0,0,31,30
3,12,3.364786e6,-1.6184305032231223,-0.8942501320265736,TIME_LIMIT,275620,0,0,36,18
3,12,3.365256e6,-1.6184305032231223,-0.8942501320265736,TIME_LIMIT,275647,0,0,31,22
3,12,3.365738e6,-1.6184164345883039,-0.8942501320265736,TIME_LIMIT,275696,0,0,29,10
3,12,3.366216e6,-1.6184164345883039,-0.8942501320265736,TIME_LIMIT,275725,0,0,27,21
3,12,3.366687e6,-1.6184087359210353,-0.8942501320265736,TIME_LIMIT,275773,0,0,27,11
3,12,3.367177e6,-1.6184087359210353,-0.8942501320265736,TIME_LIMIT,275808,0,0,33,17
3,12,3.367666e6,-1.618395678319024,-0.8942501320265736,TIME_LIMIT,275853,0,0,27,8
3,12,3.368137e6,-1.618395678319024,-0.8942501320265736,TIME_LIMIT,275883,0,0,44,38
3,12,3.368629e6,-1.6183952602955556,-0.8942501320265736,TIME_LIMIT,275930,0,0,34,9
3,12,3.369116e6,-1.6183952602955556,-0.8942501320265736,TIME_LIMIT,275965,0,0,41,42
3,12,3.369598e6,-1.6183848357506574,-0.8942501320265736,TIME_LIMIT,276020,0,0,34,12
3,12,3.370069e6,-1.6183848357506574,-0.8942501320265736,TIME_LIMIT,276053,0,0,31,27
3,12,3.37056e6,-1.618382013711253,-0.8942501320265736,TIME_LIMIT,276088,0,0,32,20
3,12,3.371049e6,-1.618382013711253,-0.8942501320265736,TIME_LIMIT,276120,0,0,32,47
3,12,3.371519e6,-1.6183779338165822,-0.8942501320265736,TIME_LIMIT,276174,0,0,30,18
3,12,3.372011e6,-1.6183779338165822,-0.8942501320265736,TIME_LIMIT,276206,0,0,25,19
3,12,3.372492e6,-1.618367132045809,-0.8942501320265736,TIME_LIMIT,276257,0,0,30,11
3,12,3.372968e6,-1.618367132045809,-0.8942501320265736,TIME_LIMIT,276290,0,0,34,22
3,12,3.37344e6,-1.6183572995380207,-0.8942501320265736,TIME_LIMIT,276343,0,0,30,13
3,12,3.37393e6,-1.6183572995380207,-0.8942501320265736,TIME_LIMIT,276381,0,0,28,25
3,12,3.374418e6,-1.61835136224615,-0.8942501320265736,TIME_LIMIT,276417,0,0,40,44
3,12,3.37489e6,-1.61835136224615,-0.8942501320265736,TIME_LIMIT,276447,0,0,45,43
3,12,3.375378e6,-1.6183359902400472,-0.8942501320265736,TIME_LIMIT,276497,0,0,26,7
3,12,3.375863e6,-1.6183359902400472,-0.8942501320265736,TIME_LIMIT,276529,0,0,35,57
3,12,3.376337e6,-1.6183322125374744,-0.8942501320265736,TIME_LIMIT,276579,0,0,16,11
3,12,3.376806e6,-1.6183322125374744,-0.8942501320265736,TIME_LIMIT,276609,0,0,40,21
3,12,3.377294e6,-1.6183312977671767,-0.8942501320265736,TIME_LIMIT,276668,0,0,32,9
3,12,3.377783e6,-1.6183312977671767,-0.8942501320265736,TIME_LIMIT,276703,0,0,38,26
3,12,3.378253e6,-1.6183178505088398,-0.8942501320265736,TIME_LIMIT,276747,0,0,35,10
3,12,3.378744e6,-1.6183178505088398,-0.8942501320265736,TIME_LIMIT,276790,0,0,42,37
3,12,3.379232e6,-1.6183106283908497,-0.8942501320265736,TIME_LIMIT,276831,0,0,36,21
3,12,3.379692e6,-1.6183106283908497,-0.8942501320265736,TIME_LIMIT,276861,0,0,39,19
3,12,3.380172e6,-1.6183072899692938,-0.8942501320265736,TIME_LIMIT,276905,0,0,20,6
3,12,3.38066e6,-1.6183072899692938,-0.8942501320265736,TIME_LIMIT,276936,0,0,36,20
3,12,3.381146e6,-1.6183055226323988,-0.8942501320265736,TIME_LIMIT,276988,0,0,32,10
3,12,3.381618e6,-1.6183055226323988,-0.8942501320265736,TIME_LIMIT,277034,0,0,36,21
3,12,3.382107e6,-1.6182777746133514,-0.8942501320265736,TIME_LIMIT,277070,0,0,37,18
3,12,3.382598e6,-1.6182777746133514,-0.8942501320265736,TIME_LIMIT,277107,0,0,52,34
3,12,3.383065e6,-1.6182379105154114,-0.8942501320265736,TIME_LIMIT,277159,0,0,23,8
3,12,3.383545e6,-1.6182379105154114,-0.8942501320265736,TIME_LIMIT,277188,0,0,42,45
3,12,3.384035e6,-1.6182347938545372,-0.8942501320265736,TIME_LIMIT,277246,0,0,35,12
3,12,3.384503e6,-1.6182347938545372,-0.8942501320265736,TIME_LIMIT,277274,0,0,31,33
3,12,3.384995e6,-1.6182332136559943,-0.8942501320265736,TIME_LIMIT,277324,0,0,29,13
3,12,3.385505e6,-1.6182332136559943,-0.8942501320265736,TIME_LIMIT,277355,0,0,33,19
3,12,3.385991e6,-1.6182271150126963,-0.8942501320265736,TIME_LIMIT,277399,0,0,20,15
3,12,3.386462e6,-1.6182271150126963,-0.8942501320265736,TIME_LIMIT,277432,0,0,35,22
3,12,3.386942e6,-1.6182255328176782,-0.8942501320265736,TIME_LIMIT,277482,0,0,21,12
3,12,3.387409e6,-1.6182255328176782,-0.8942501320265736,TIME_LIMIT,277516,0,0,36,21
3,12,3.38788e6,-1.6182177778359406,-0.8942501320265736,TIME_LIMIT,277570,0,0,33,16
3,12,3.388372e6,-1.6182177778359406,-0.8942501320265736,TIME_LIMIT,277598,0,0,51,19
3,12,3.388863e6,-1.618211573191331,-0.8942501320265736,TIME_LIMIT,277659,0,0,35,10
3,12,3.389331e6,-1.618211573191331,-0.8942501320265736,TIME_LIMIT,277688,0,0,34,16
3,12,3.38982e6,-1.6182061680457631,-0.8942501320265736,TIME_LIMIT,277733,0,0,30,13
3,12,3.39031e6,-1.6182061680457631,-0.8942501320265736,TIME_LIMIT,277766,0,0,33,31
3,12,3.390794e6,-1.6181828811139825,-0.8942501320265736,TIME_LIMIT,277823,0,0,19,12
3,12,3.391256e6,-1.6181828811139825,-0.8942501320265736,TIME_LIMIT,277857,0,0,41,24
3,12,3.391749e6,-1.618162409370494,-0.8942501320265736,TIME_LIMIT,277906,0,0,35,12
3,12,3.392236e6,-1.618162409370494,-0.8942501320265736,TIME_LIMIT,277936,0,0,35,17
3,12,3.392698e6,-1.6181508950840153,-0.8942501320265736,TIME_LIMIT,277989,0,0,28,15
3,12,3.393182e6,-1.6181508950840153,-0.8942501320265736,TIME_LIMIT,278023,0,0,28,28
3,12,3.393673e6,-1.6181338453510836,-0.8942501320265736,TIME_LIMIT,278068,0,0,39,12
3,12,3.394152e6,-1.6181338453510836,-0.8942501320265736,TIME_LIMIT,278099,0,0,32,28
3,12,3.394618e6,-1.618129317554921,-0.8942501320265736,TIME_LIMIT,278153,0,0,17,5
3,12,3.39511e6,-1.618129317554921,-0.8942501320265736,TIME_LIMIT,278189,0,0,22,21
3,12,3.395599e6,-1.6181276814085899,-0.8942501320265736,TIME_LIMIT,278222,0,0,31,13
3,12,3.396074e6,-1.6181276814085899,-0.8942501320265736,TIME_LIMIT,278256,0,0,45,48
3,12,3.396569e6,-1.6181241741100054,-0.8942501320265736,TIME_LIMIT,278305,0,0,30,15
3,12,3.39706e6,-1.6181241741100054,-0.8942501320265736,TIME_LIMIT,278338,0,0,26,19
3,12,3.397531e6,-1.618113215274031,-0.8942501320265736,TIME_LIMIT,278384,0,0,26,18
3,12,3.398013e6,-1.618113215274031,-0.8942501320265736,TIME_LIMIT,278418,0,0,31,13
3,12,3.398503e6,-1.6180872627925051,-0.8942501320265736,TIME_LIMIT,278461,0,0,32,12
3,12,3.398995e6,-1.6180872627925051,-0.8942501320265736,TIME_LIMIT,278486,0,0,26,28
3,12,3.399467e6,-1.6180860225505833,-0.8942501320265736,TIME_LIMIT,278534,0,0,25,18
3,12,3.399957e6,-1.6180860225505833,-0.8942501320265736,TIME_LIMIT,278570,0,0,39,14
3,12,3.400447e6,-1.6180851991666776,-0.8942501320265736,TIME_LIMIT,278612,0,0,42,14
3,12,3.400919e6,-1.6180851991666776,-0.8942501320265736,TIME_LIMIT,278643,0,0,38,29
3,12,3.401406e6,-1.6180762067877887,-0.8942501320265736,TIME_LIMIT,278700,0,0,34,9
3,12,3.401883e6,-1.6180762067877887,-0.8942501320265736,TIME_LIMIT,278735,0,0,24,10
3,12,3.402356e6,-1.6180631452529581,-0.8942501320265736,TIME_LIMIT,278790,0,0,14,10
3,12,3.402849e6,-1.6180631452529581,-0.8942501320265736,TIME_LIMIT,278817,0,0,42,23
3,12,3.403338e6,-1.6180483795241427,-0.8942501320265736,TIME_LIMIT,278864,0,0,26,10
3,12,3.403826e6,-1.6180483795241427,-0.8942501320265736,TIME_LIMIT,278901,0,0,38,25
3,12,3.404299e6,-1.6180448321573062,-0.8942501320265736,TIME_LIMIT,278933,0,0,20,12
3,12,3.404792e6,-1.6180448321573062,-0.8942501320265736,TIME_LIMIT,278963,0,0,26,42
3,12,3.405273e6,-1.6180232884567125,-0.8942501320265736,TIME_LIMIT,279012,0,0,29,17
3,12,3.405737e6,-1.6180232884567125,-0.8942501320265736,TIME_LIMIT,279047,0,0,25,36
3,12,3.406231e6,-1.6179941049191406,-0.8942501320265736,TIME_LIMIT,279098,0,0,33,21
3,12,3.406724e6,-1.6179941049191406,-0.8942501320265736,TIME_LIMIT,279135,0,0,29,19
3,12,3.407201e6,-1.6179926638296247,-0.8942501320265736,TIME_LIMIT,279177,0,0,29,25
3,12,3.407698e6,-1.6179926638296247,-0.8942501320265736,TIME_LIMIT,279200,0,0,38,27
3,12,3.408192e6,-1.6179800919204288,-0.8942501320265736,TIME_LIMIT,279251,0,0,31,11
3,12,3.408665e6,-1.6179800919204288,-0.8942501320265736,TIME_LIMIT,279283,0,0,26,28
3,12,3.409148e6,-1.6179790317103007,-0.8942501320265736,TIME_LIMIT,279334,0,0,36,10
3,12,3.409628e6,-1.6179790317103007,-0.8942501320265736,TIME_LIMIT,279364,0,0,37,15
3,12,3.410121e6,-1.6179741670558492,-0.8942501320265736,TIME_LIMIT,279409,0,0,28,8
3,12,3.410599e6,-1.6179741670558492,-0.8942501320265736,TIME_LIMIT,279443,0,0,37,20
3,12,3.411093e6,-1.6179668777756844,-0.8942501320265736,TIME_LIMIT,279496,0,0,33,14
3,12,3.41159e6,-1.6179668777756844,-0.8942501320265736,TIME_LIMIT,279536,0,0,38,17
3,12,3.412067e6,-1.6179490874223383,-0.8942501320265736,TIME_LIMIT,279578,0,0,34,17
3,12,3.412563e6,-1.6179490874223383,-0.8942501320265736,TIME_LIMIT,279614,0,0,36,20
3,12,3.413055e6,-1.6179390208576419,-0.8942501320265736,TIME_LIMIT,279652,0,0,34,21
3,12,3.413521e6,-1.6179390208576419,-0.8942501320265736,TIME_LIMIT,279686,0,0,28,16
3,12,3.414017e6,-1.6179326023934568,-0.8942501320265736,TIME_LIMIT,279738,0,0,21,14
3,12,3.41451e6,-1.6179326023934568,-0.8942501320265736,TIME_LIMIT,279770,0,0,40,16
3,12,3.414797e6,-1.6179216593592765,-0.8942501320265736,TIME_LIMIT,279815,0,0,30,6
3,12,3.415297e6,-1.6179216593592765,-0.8942501320265736,TIME_LIMIT,279850,0,0,41,27
3,12,3.415787e6,-1.6179086173613466,-0.8942501320265736,TIME_LIMIT,279902,0,0,23,9
3,12,3.416277e6,-1.6179086173613466,-0.8942501320265736,TIME_LIMIT,279934,0,0,26,19
3,12,3.416744e6,-1.617893477627785,-0.8942501320265736,TIME_LIMIT,279981,0,0,24,14
3,12,3.417227e6,-1.617893477627785,-0.8942501320265736,TIME_LIMIT,280017,0,0,20,23
3,12,3.417722e6,-1.617891802687057,-0.8942501320265736,TIME_LIMIT,280069,0,0,18,12
3,12,3.418202e6,-1.617891802687057,-0.8942501320265736,TIME_LIMIT,280101,0,0,42,19
3,12,3.418704e6,-1.6178888258428692,-0.8942501320265736,TIME_LIMIT,280153,0,0,18,11
3,12,3.419199e6,-1.6178888258428692,-0.8942501320265736,TIME_LIMIT,280179,0,0,28,20
3,12,3.419675e6,-1.6178778313079594,-0.8942501320265736,TIME_LIMIT,280229,0,0,14,8
3,12,3.420174e6,-1.6178778313079594,-0.8942501320265736,TIME_LIMIT,280265,0,0,27,26
3,12,3.420666e6,-1.6178698285571016,-0.8942501320265736,TIME_LIMIT,280325,0,0,34,12
3,12,3.421132e6,-1.6178698285571016,-0.8942501320265736,TIME_LIMIT,280367,0,0,28,22
3,12,3.421628e6,-1.617844642450087,-0.8942501320265736,TIME_LIMIT,280404,0,0,33,15
3,12,3.422124e6,-1.617844642450087,-0.8942501320265736,TIME_LIMIT,280440,0,0,45,35
3,12,3.422613e6,-1.617822176823912,-0.8942501320265736,TIME_LIMIT,280493,0,0,30,15
3,12,3.423074e6,-1.617822176823912,-0.8942501320265736,TIME_LIMIT,280529,0,0,31,18
3,12,3.423554e6,-1.617822007280048,-0.8942501320265736,TIME_LIMIT,280568,0,0,37,17
3,12,3.424035e6,-1.617822007280048,-0.8942501320265736,TIME_LIMIT,280600,0,0,48,30
3,12,3.424494e6,-1.61781072285291,-0.8942501320265736,TIME_LIMIT,280652,0,0,34,12
3,12,3.424985e6,-1.61781072285291,-0.8942501320265736,TIME_LIMIT,280693,0,0,33,13
3,12,3.425472e6,-1.6178080019256997,-0.8942501320265736,TIME_LIMIT,280729,0,0,17,9
3,12,3.425948e6,-1.6178080019256997,-0.8942501320265736,TIME_LIMIT,280774,0,0,46,25
3,12,3.426443e6,-1.6177903477875064,-0.8942501320265736,TIME_LIMIT,280819,0,0,39,20
3,12,3.426936e6,-1.6177903477875064,-0.8942501320265736,TIME_LIMIT,280856,0,0,30,24
3,12,3.427428e6,-1.6177736640781262,-0.8942501320265736,TIME_LIMIT,280889,0,0,29,15
3,12,3.427893e6,-1.6177736640781262,-0.8942501320265736,TIME_LIMIT,280920,0,0,30,18
3,12,3.42838e6,-1.6177722776112948,-0.8942501320265736,TIME_LIMIT,280962,0,0,35,10
3,12,3.428874e6,-1.6177722776112948,-0.8942501320265736,TIME_LIMIT,280997,0,0,41,17
3,12,3.429354e6,-1.6177676852699907,-0.8942501320265736,TIME_LIMIT,281056,0,0,28,16
3,12,3.429849e6,-1.6177676852699907,-0.8942501320265736,TIME_LIMIT,281089,0,0,43,22
3,12,3.430343e6,-1.6177592982290714,-0.8942501320265736,TIME_LIMIT,281145,0,0,33,9
3,12,3.430815e6,-1.6177592982290714,-0.8942501320265736,TIME_LIMIT,281178,0,0,35,29
3,12,3.431306e6,-1.6177506719102728,-0.8942501320265736,TIME_LIMIT,281230,0,0,31,12
3,12,3.431783e6,-1.6177506719102728,-0.8942501320265736,TIME_LIMIT,281270,0,0,36,20
3,12,3.432251e6,-1.6177345660519113,-0.8942501320265736,TIME_LIMIT,281313,0,0,39,9
3,12,3.432747e6,-1.6177345660519113,-0.8942501320265736,TIME_LIMIT,281343,0,0,41,47
3,12,3.433242e6,-1.6177322015422828,-0.8942501320265736,TIME_LIMIT,281395,0,0,16,11
3,12,3.433732e6,-1.6177322015422828,-0.8942501320265736,TIME_LIMIT,281433,0,0,20,18
3,12,3.434209e6,-1.6177151060415746,-0.8942501320265736,TIME_LIMIT,281469,0,0,33,12
3,12,3.434706e6,-1.6177151060415746,-0.8942501320265736,TIME_LIMIT,281501,0,0,43,26
3,12,3.4352e6,-1.6176994383746446,-0.8942501320265736,TIME_LIMIT,281561,0,0,39,25
3,12,3.435665e6,-1.6176994383746446,-0.8942501320265736,TIME_LIMIT,281594,0,0,40,21
3,12,3.436139e6,-1.6176821924751545,-0.8942501320265736,TIME_LIMIT,281628,0,0,18,10
3,12,3.436634e6,-1.6176821924751545,-0.8942501320265736,TIME_LIMIT,281663,0,0,36,25
3,12,3.437107e6,-1.617675251298296,-0.8942501320265736,TIME_LIMIT,281715,0,0,34,15
3,12,3.437585e6,-1.617675251298296,-0.8942501320265736,TIME_LIMIT,281749,0,0,33,42
3,12,3.438062e6,-1.6176599717680606,-0.8942501320265736,TIME_LIMIT,281795,0,0,20,17
3,12,3.438524e6,-1.6176599717680606,-0.8942501320265736,TIME_LIMIT,281829,0,0,56,25
3,12,3.439001e6,-1.6176361103712447,-0.8942501320265736,TIME_LIMIT,281885,0,0,28,9
3,12,3.439485e6,-1.6176361103712447,-0.8942501320265736,TIME_LIMIT,281925,0,0,36,12
3,12,3.439961e6,-1.617627740232057,-0.8942501320265736,TIME_LIMIT,281972,0,0,40,11
3,12,3.440459e6,-1.617627740232057,-0.8942501320265736,TIME_LIMIT,282004,0,0,37,44
3,12,3.440953e6,-1.6176141015313772,-0.8942501320265736,TIME_LIMIT,282056,0,0,18,14
3,12,3.441442e6,-1.6176141015313772,-0.8942501320265736,TIME_LIMIT,282092,0,0,35,14
3,12,3.441916e6,-1.6175921670346256,-0.8942501320265736,TIME_LIMIT,282147,0,0,15,7
3,12,3.442407e6,-1.6175921670346256,-0.8942501320265736,TIME_LIMIT,282176,0,0,30,23
3,12,3.442888e6,-1.6175889946188255,-0.8942501320265736,TIME_LIMIT,282229,0,0,29,15
3,12,3.443346e6,-1.6175889946188255,-0.8942501320265736,TIME_LIMIT,282264,0,0,19,21
3,12,3.443835e6,-1.6175859976726372,-0.8942501320265736,TIME_LIMIT,282307,0,0,25,7
3,12,3.444327e6,-1.6175859976726372,-0.8942501320265736,TIME_LIMIT,282335,0,0,35,21
3,12,3.444801e6,-1.6175819754949219,-0.8942501320265736,TIME_LIMIT,282390,0,0,36,14
3,12,3.445295e6,-1.6175819754949219,-0.8942501320265736,TIME_LIMIT,282421,0,0,43,33
3,12,3.445789e6,-1.6175641251299582,-0.8942501320265736,TIME_LIMIT,282473,0,0,17,9
3,12,3.446263e6,-1.6175641251299582,-0.8942501320265736,TIME_LIMIT,282499,0,0,36,22
3,12,3.44676e6,-1.617554069616939,-0.8942501320265736,TIME_LIMIT,282549,0,0,25,9
3,12,3.447246e6,-1.617554069616939,-0.8942501320265736,TIME_LIMIT,282577,0,0,44,36
3,12,3.447762e6,-1.6175506957097947,-0.8942501320265736,TIME_LIMIT,282635,0,0,31,10
3,12,3.448238e6,-1.6175506957097947,-0.8942501320265736,TIME_LIMIT,282668,0,0,49,24
3,12,3.448725e6,-1.6175466810965857,-0.8942501320265736,TIME_LIMIT,282716,0,0,27,12
3,12,3.449219e6,-1.6175466810965857,-0.8942501320265736,TIME_LIMIT,282746,0,0,33,41
3,12,3.449696e6,-1.617511275304951,-0.8942501320265736,TIME_LIMIT,282781,0,0,32,33
3,12,3.450192e6,-1.617511275304951,-0.8942501320265736,TIME_LIMIT,282810,0,0,30,37
3,12,3.450681e6,-1.6174880198366526,-0.8942501320265736,TIME_LIMIT,282864,0,0,26,22
3,12,3.451141e6,-1.6174880198366526,-0.8942501320265736,TIME_LIMIT,282890,0,0,31,35
3,12,3.451634e6,-1.6174672300192146,-0.8942501320265736,TIME_LIMIT,282946,0,0,16,9
3,12,3.45213e6,-1.6174672300192146,-0.8942501320265736,TIME_LIMIT,282981,0,0,39,20
3,12,3.452605e6,-1.6174545435329666,-0.8942501320265736,TIME_LIMIT,283032,0,0,26,16
3,12,3.453097e6,-1.6174545435329666,-0.8942501320265736,TIME_LIMIT,283071,0,0,14,29
3,12,3.453584e6,-1.6174236293108408,-0.8942501320265736,TIME_LIMIT,283113,0,0,17,13
3,12,3.454059e6,-1.6174236293108408,-0.8942501320265736,TIME_LIMIT,283140,0,0,36,44
3,12,3.454544e6,-1.6174171065218885,-0.8942501320265736,TIME_LIMIT,283188,0,0,29,5
3,12,3.45502e6,-1.6174171065218885,-0.8942501320265736,TIME_LIMIT,283216,0,0,33,23
3,12,3.455489e6,-1.617400419796672,-0.8942501320265736,TIME_LIMIT,283260,0,0,25,15
3,12,3.455946e6,-1.617400419796672,-0.8942501320265736,TIME_LIMIT,283292,0,0,47,23
3,12,3.456431e6,-1.6173933594809375,-0.8942501320265736,TIME_LIMIT,283346,0,0,18,7
3,12,3.456937e6,-1.6173933594809375,-0.8942501320265736,TIME_LIMIT,283378,0,0,28,50
3,12,3.457414e6,-1.6173428091357598,-0.8942501320265736,TIME_LIMIT,283432,0,0,20,15
3,12,3.457911e6,-1.6173428091357598,-0.8942501320265736,TIME_LIMIT,283475,0,0,28,11
3,12,3.458406e6,-1.6173401317115168,-0.8942501320265736,TIME_LIMIT,283525,0,0,29,16
3,12,3.458884e6,-1.6173401317115168,-0.8942501320265736,TIME_LIMIT,283567,0,0,40,30
3,12,3.459378e6,-1.6173191337484392,-0.8942501320265736,TIME_LIMIT,283608,0,0,35,17
3,12,3.45987e6,-1.6173191337484392,-0.8942501320265736,TIME_LIMIT,283641,0,0,36,19
3,12,3.460337e6,-1.617314253635054,-0.8942501320265736,TIME_LIMIT,283697,0,0,36,10
3,12,3.460834e6,-1.617314253635054,-0.8942501320265736,TIME_LIMIT,283732,0,0,29,20
3,12,3.461328e6,-1.617299596542424,-0.8942501320265736,TIME_LIMIT,283785,0,0,29,12
3,12,3.461803e6,-1.617299596542424,-0.8942501320265736,TIME_LIMIT,283817,0,0,34,23
3,12,3.4623e6,-1.6172932867819234,-0.8942501320265736,TIME_LIMIT,283870,0,0,23,14
3,12,3.462792e6,-1.6172932867819234,-0.8942501320265736,TIME_LIMIT,283900,0,0,41,31
3,12,3.463265e6,-1.6172837649768166,-0.8942501320265736,TIME_LIMIT,283946,0,0,32,3
3,12,3.463765e6,-1.6172837649768166,-0.8942501320265736,TIME_LIMIT,283982,0,0,29,34
3,12,3.464253e6,-1.6172666330334131,-0.8942501320265736,TIME_LIMIT,284032,0,0,30,10
3,12,3.464729e6,-1.6172666330334131,-0.8942501320265736,TIME_LIMIT,284064,0,0,28,19
3,12,3.465207e6,-1.617262307433337,-0.8942501320265736,TIME_LIMIT,284109,0,0,28,10
3,12,3.4657e6,-1.617262307433337,-0.8942501320265736,TIME_LIMIT,284145,0,0,20,19
3,12,3.466183e6,-1.6172471310063896,-0.8942501320265736,TIME_LIMIT,284181,0,0,30,19
3,12,3.466661e6,-1.6172471310063896,-0.8942501320265736,TIME_LIMIT,284218,0,0,38,34
3,12,3.46716e6,-1.617245724962306,-0.8942501320265736,TIME_LIMIT,284280,0,0,37,12
3,12,3.467657e6,-1.617245724962306,-0.8942501320265736,TIME_LIMIT,284313,0,0,40,17
3,12,3.468131e6,-1.6172348914326198,-0.8942501320265736,TIME_LIMIT,284357,0,0,20,18
3,12,3.468613e6,-1.6172348914326198,-0.8942501320265736,TIME_LIMIT,284395,0,0,40,27
3,12,3.469088e6,-1.6172182439112854,-0.8942501320265736,TIME_LIMIT,284441,0,0,27,5
3,12,3.469552e6,-1.6172182439112854,-0.8942501320265736,TIME_LIMIT,284470,0,0,18,12
3,12,3.470047e6,-1.617216122763176,-0.8942501320265736,TIME_LIMIT,284520,0,0,31,15
3,12,3.470541e6,-1.617216122763176,-0.8942501320265736,TIME_LIMIT,284553,0,0,21,19
3,12,3.471018e6,-1.6171986485374257,-0.8942501320265736,TIME_LIMIT,284595,0,0,34,8
3,12,3.471516e6,-1.6171986485374257,-0.8942501320265736,TIME_LIMIT,284633,0,0,26,12
3,12,3.472011e6,-1.6171972772934926,-0.8942501320265736,TIME_LIMIT,284688,0,0,26,23
3,12,3.472484e6,-1.6171972772934926,-0.8942501320265736,TIME_LIMIT,284720,0,0,31,14
3,12,3.472973e6,-1.61719560729595,-0.8942501320265736,TIME_LIMIT,284755,0,0,27,14
3,12,3.473451e6,-1.61719560729595,-0.8942501320265736,TIME_LIMIT,284786,0,0,25,29
3,12,3.473909e6,-1.6171889799495756,-0.8942501320265736,TIME_LIMIT,284839,0,0,28,15
3,12,3.474394e6,-1.6171889799495756,-0.8942501320265736,TIME_LIMIT,284865,0,0,28,20
3,12,3.474902e6,-1.617180928629574,-0.8942501320265736,TIME_LIMIT,284909,0,0,23,7
3,12,3.475379e6,-1.617180928629574,-0.8942501320265736,TIME_LIMIT,284948,0,0,30,17
3,12,3.475876e6,-1.6171766679882404,-0.8942501320265736,TIME_LIMIT,284983,0,0,27,17
3,12,3.476372e6,-1.6171766679882404,-0.8942501320265736,TIME_LIMIT,285014,0,0,33,20
3,12,3.476865e6,-1.6171633346767074,-0.8942501320265736,TIME_LIMIT,285066,0,0,18,10
3,12,3.477343e6,-1.6171633346767074,-0.8942501320265736,TIME_LIMIT,285104,0,0,38,28
3,12,3.477837e6,-1.6171624156975235,-0.8942501320265736,TIME_LIMIT,285150,0,0,27,10
3,12,3.478325e6,-1.6171624156975235,-0.8942501320265736,TIME_LIMIT,285176,0,0,32,28
3,12,3.478787e6,-1.617158768941423,-0.8942501320265736,TIME_LIMIT,285226,0,0,13,11
3,12,3.479284e6,-1.617158768941423,-0.8942501320265736,TIME_LIMIT,285265,0,0,28,17
3,12,3.479779e6,-1.6171493201015688,-0.8942501320265736,TIME_LIMIT,285314,0,0,33,27
3,12,3.480257e6,-1.6171493201015688,-0.8942501320265736,TIME_LIMIT,285353,0,0,34,20
3,12,3.480752e6,-1.617127442804037,-0.8942501320265736,TIME_LIMIT,285387,0,0,33,10
3,12,3.48128e6,-1.617127442804037,-0.8942501320265736,TIME_LIMIT,285431,0,0,35,15
3,12,3.481804e6,-1.6171143303252764,-0.8942501320265736,TIME_LIMIT,285463,0,0,28,18
3,12,3.482298e6,-1.6171143303252764,-0.8942501320265736,TIME_LIMIT,285503,0,0,35,32
3,12,3.482786e6,-1.6171119329747778,-0.8942501320265736,TIME_LIMIT,285551,0,0,31,11
3,12,3.48325e6,-1.6171119329747778,-0.8942501320265736,TIME_LIMIT,285580,0,0,37,21
3,12,3.483733e6,-1.6170965126228245,-0.8942501320265736,TIME_LIMIT,285628,0,0,29,10
3,12,3.484221e6,-1.6170965126228245,-0.8942501320265736,TIME_LIMIT,285673,0,0,39,12
3,12,3.484686e6,-1.6170894147241903,-0.8942501320265736,TIME_LIMIT,285707,0,0,42,14
3,12,3.485176e6,-1.6170894147241903,-0.8942501320265736,TIME_LIMIT,285735,0,0,31,26
3,12,3.485666e6,-1.6170893420030104,-0.8942501320265736,TIME_LIMIT,285781,0,0,32,18
3,12,3.486135e6,-1.6170893420030104,-0.8942501320265736,TIME_LIMIT,285811,0,0,31,26
3,12,3.486624e6,-1.6170726716283228,-0.8942501320265736,TIME_LIMIT,285866,0,0,33,12
3,12,3.487113e6,-1.6170726716283228,-0.8942501320265736,TIME_LIMIT,285892,0,0,39,40
3,12,3.48759e6,-1.617051309693034,-0.8942501320265736,TIME_LIMIT,285941,0,0,36,14
3,12,3.48805e6,-1.617051309693034,-0.8942501320265736,TIME_LIMIT,285975,0,0,41,50
3,12,3.488539e6,-1.6170330996736744,-0.8942501320265736,TIME_LIMIT,286025,0,0,25,10
3,12,3.489026e6,-1.6170330996736744,-0.8942501320265736,TIME_LIMIT,286062,0,0,43,25
3,12,3.489506e6,-1.6170322439234457,-0.8942501320265736,TIME_LIMIT,286124,0,0,39,11
3,12,3.489995e6,-1.6170322439234457,-0.8942501320265736,TIME_LIMIT,286161,0,0,45,28
3,12,3.490483e6,-1.6169962136710134,-0.8942501320265736,TIME_LIMIT,286213,0,0,18,9
3,12,3.490958e6,-1.6169962136710134,-0.8942501320265736,TIME_LIMIT,286249,0,0,32,26
3,12,3.491451e6,-1.6169906538466923,-0.8942501320265736,TIME_LIMIT,286302,0,0,33,15
3,12,3.491943e6,-1.6169906538466923,-0.8942501320265736,TIME_LIMIT,286346,0,0,43,10
3,12,3.492411e6,-1.6169672182669022,-0.8942501320265736,TIME_LIMIT,286387,0,0,31,13
3,12,3.492895e6,-1.6169672182669022,-0.8942501320265736,TIME_LIMIT,286413,0,0,28,34
3,12,3.493378e6,-1.6169645509991615,-0.8942501320265736,TIME_LIMIT,286469,0,0,35,9
3,12,3.493852e6,-1.6169645509991615,-0.8942501320265736,TIME_LIMIT,286503,0,0,39,53
3,12,3.494344e6,-1.616964329567225,-0.8942501320265736,TIME_LIMIT,286561,0,0,30,19
3,12,3.494839e6,-1.616964329567225,-0.8942501320265736,TIME_LIMIT,286603,0,0,36,19
3,12,3.495312e6,-1.6169480711649848,-0.8942501320265736,TIME_LIMIT,286640,0,0,34,7
3,12,3.495806e6,-1.6169480711649848,-0.8942501320265736,TIME_LIMIT,286672,0,0,24,39
3,12,3.496298e6,-1.6169218498315323,-0.8942501320265736,TIME_LIMIT,286730,0,0,27,17
3,12,3.49677e6,-1.6169218498315323,-0.8942501320265736,TIME_LIMIT,286767,0,0,35,20
3,12,3.497254e6,-1.6169023344448399,-0.8942501320265736,TIME_LIMIT,286825,0,0,31,8
3,12,3.497736e6,-1.6169023344448399,-0.8942501320265736,TIME_LIMIT,286857,0,0,40,18
3,12,3.498203e6,-1.6168921314924602,-0.8942501320265736,TIME_LIMIT,286907,0,0,24,11
3,12,3.498697e6,-1.6168921314924602,-0.8942501320265736,TIME_LIMIT,286939,0,0,32,22
3,12,3.499188e6,-1.6168787610795534,-0.8942501320265736,TIME_LIMIT,286989,0,0,30,8
3,12,3.499661e6,-1.6168787610795534,-0.8942501320265736,TIME_LIMIT,287021,0,0,35,34
3,12,3.500156e6,-1.6168732030526192,-0.8942501320265736,TIME_LIMIT,287066,0,0,40,13
3,12,3.500645e6,-1.6168732030526192,-0.8942501320265736,TIME_LIMIT,287103,0,0,34,17
3,12,3.501112e6,-1.6168632937038807,-0.8942501320265736,TIME_LIMIT,287138,0,0,30,17
3,12,3.501605e6,-1.6168632937038807,-0.8942501320265736,TIME_LIMIT,287182,0,0,43,40
3,12,3.502092e6,-1.616832148246071,-0.8942501320265736,TIME_LIMIT,287219,0,0,30,30
3,12,3.502557e6,-1.616832148246071,-0.8942501320265736,TIME_LIMIT,287261,0,0,49,24
3,12,3.50304e6,-1.616829082664157,-0.8942501320265736,TIME_LIMIT,287297,0,0,40,17
3,12,3.50352e6,-1.616829082664157,-0.8942501320265736,TIME_LIMIT,287332,0,0,42,27
3,12,3.50399e6,-1.6168288376974767,-0.8942501320265736,TIME_LIMIT,287383,0,0,19,7
3,12,3.504484e6,-1.6168288376974767,-0.8942501320265736,TIME_LIMIT,287414,0,0,29,27
3,12,3.504975e6,-1.6168231530181696,-0.8942501320265736,TIME_LIMIT,287458,0,0,23,15
3,12,3.505449e6,-1.6168231530181696,-0.8942501320265736,TIME_LIMIT,287488,0,0,16,15
3,12,3.505945e6,-1.6168131753427415,-0.8942501320265736,TIME_LIMIT,287544,0,0,14,10
3,12,3.506438e6,-1.6168131753427415,-0.8942501320265736,TIME_LIMIT,287578,0,0,42,39
3,12,3.506911e6,-1.6168097844115181,-0.8942501320265736,TIME_LIMIT,287633,0,0,33,14
3,12,3.507318e6,-1.6168097844115181,-0.8942501320265736,TIME_LIMIT,287670,0,0,37,36
3,12,3.507789e6,-1.6167777074721528,-0.8942501320265736,TIME_LIMIT,287731,0,0,15,10
3,12,3.508273e6,-1.6167777074721528,-0.8942501320265736,TIME_LIMIT,287762,0,0,29,11
3,12,3.508758e6,-1.6167767236208483,-0.8942501320265736,TIME_LIMIT,287808,0,0,26,11
3,12,3.509233e6,-1.6167767236208483,-0.8942501320265736,TIME_LIMIT,287844,0,0,29,31
3,12,3.509725e6,-1.6167737088065153,-0.8942501320265736,TIME_LIMIT,287902,0,0,37,14
3,12,3.510215e6,-1.6167737088065153,-0.8942501320265736,TIME_LIMIT,287934,0,0,35,25
3,12,3.510686e6,-1.6167688278190004,-0.8942501320265736,TIME_LIMIT,287978,0,0,20,7
3,12,3.511178e6,-1.6167688278190004,-0.8942501320265736,TIME_LIMIT,288006,0,0,36,16
3,12,3.511665e6,-1.6167640405132468,-0.8942501320265736,TIME_LIMIT,288054,0,0,31,10
3,12,3.51213e6,-1.6167640405132468,-0.8942501320265736,TIME_LIMIT,288091,0,0,48,33
3,12,3.51261e6,-1.6167640215548993,-0.8942501320265736,TIME_LIMIT,288150,0,0,19,14
3,12,3.51287e6,-1.6167640215548993,-0.8942501320265736,TIME_LIMIT,288191,0,0,38,12
3,12,3.513349e6,-1.6167628340679976,-0.8942501320265736,TIME_LIMIT,288233,0,0,35,20
3,12,3.513827e6,-1.6167628340679976,-0.8942501320265736,TIME_LIMIT,288265,0,0,41,33
3,12,3.514288e6,-1.6167387413210843,-0.8942501320265736,TIME_LIMIT,288308,0,0,22,14
3,12,3.514773e6,-1.6167387413210843,-0.8942501320265736,TIME_LIMIT,288352,0,0,53,29
3,12,3.515254e6,-1.6167386237367667,-0.8942501320265736,TIME_LIMIT,288407,0,0,30,11
3,12,3.515713e6,-1.6167386237367667,-0.8942501320265736,TIME_LIMIT,288442,0,0,37,43
3,12,3.516193e6,-1.6167375809423792,-0.8942501320265736,TIME_LIMIT,288480,0,0,24,21
3,12,3.516672e6,-1.6167375809423792,-0.8942501320265736,TIME_LIMIT,288517,0,0,28,15
3,12,3.517134e6,-1.6167200405885578,-0.8942501320265736,TIME_LIMIT,288557,0,0,35,8
3,12,3.517615e6,-1.6167200405885578,-0.8942501320265736,TIME_LIMIT,288590,0,0,34,21
3,12,3.518093e6,-1.6167151927849457,-0.8942501320265736,TIME_LIMIT,288630,0,0,24,8
3,12,3.518555e6,-1.6167151927849457,-0.8942501320265736,TIME_LIMIT,288665,0,0,40,20
3,12,3.519036e6,-1.6167007869501677,-0.8942501320265736,TIME_LIMIT,288717,0,0,32,13
3,12,3.519517e6,-1.6167007869501677,-0.8942501320265736,TIME_LIMIT,288754,0,0,25,39
3,12,3.519976e6,-1.6166962612248978,-0.8942501320265736,TIME_LIMIT,288804,0,0,28,11
3,12,3.520454e6,-1.6166962612248978,-0.8942501320265736,TIME_LIMIT,288828,0,0,40,21
3,12,3.520933e6,-1.6166894181096936,-0.8942501320265736,TIME_LIMIT,288879,0,0,30,10
3,12,3.521393e6,-1.6166894181096936,-0.8942501320265736,TIME_LIMIT,288916,0,0,38,59
3,12,3.521869e6,-1.6166841954568112,-0.8942501320265736,TIME_LIMIT,288974,0,0,38,9
3,12,3.522345e6,-1.6166841954568112,-0.8942501320265736,TIME_LIMIT,289008,0,0,40,25
3,12,3.522802e6,-1.6166682205806362,-0.8942501320265736,TIME_LIMIT,289061,0,0,28,16
3,12,3.52328e6,-1.6166682205806362,-0.8942501320265736,TIME_LIMIT,289084,0,0,36,33
3,12,3.523759e6,-1.6166666935417888,-0.8942501320265736,TIME_LIMIT,289137,0,0,31,16
3,12,3.524219e6,-1.6166666935417888,-0.8942501320265736,TIME_LIMIT,289175,0,0,52,36
3,12,3.524696e6,-1.6166652951608806,-0.8942501320265736,TIME_LIMIT,289229,0,0,38,20
3,12,3.525177e6,-1.6166652951608806,-0.8942501320265736,TIME_LIMIT,289259,0,0,46,40
3,12,3.525637e6,-1.6166604199559733,-0.8942501320265736,TIME_LIMIT,289309,0,0,27,13
3,12,3.526116e6,-1.6166604199559733,-0.8942501320265736,TIME_LIMIT,289339,0,0,28,15
3,12,3.526593e6,-1.616658387082546,-0.8942501320265736,TIME_LIMIT,289379,0,0,24,8
3,12,3.527052e6,-1.616658387082546,-0.8942501320265736,TIME_LIMIT,289416,0,0,33,13
3,12,3.527551e6,-1.61665155860808,-0.8942501320265736,TIME_LIMIT,289459,0,0,38,14
3,12,3.528028e6,-1.61665155860808,-0.8942501320265736,TIME_LIMIT,289492,0,0,40,8
3,12,3.528485e6,-1.616637835258231,-0.8942501320265736,TIME_LIMIT,289539,0,0,31,10
3,12,3.528962e6,-1.616637835258231,-0.8942501320265736,TIME_LIMIT,289569,0,0,33,15
3,12,3.529441e6,-1.6166188865305635,-0.8942501320265736,TIME_LIMIT,289617,0,0,27,10
3,12,3.529914e6,-1.6166188865305635,-0.8942501320265736,TIME_LIMIT,289645,0,0,43,16
3,12,3.530407e6,-1.6166035247141828,-0.8942501320265736,TIME_LIMIT,289696,0,0,30,14
3,12,3.53089e6,-1.6166035247141828,-0.8942501320265736,TIME_LIMIT,289727,0,0,41,18
3,12,3.531352e6,-1.6166015215246894,-0.8942501320265736,TIME_LIMIT,289776,0,0,30,20
3,12,3.531834e6,-1.6166015215246894,-0.8942501320265736,TIME_LIMIT,289803,0,0,42,45
3,12,3.532316e6,-1.6165915273680929,-0.8942501320265736,TIME_LIMIT,289851,0,0,27,10
3,12,3.532779e6,-1.6165915273680929,-0.8942501320265736,TIME_LIMIT,289886,0,0,26,18
3,12,3.533264e6,-1.6165901095312805,-0.8942501320265736,TIME_LIMIT,289934,0,0,26,19
3,12,3.533743e6,-1.6165901095312805,-0.8942501320265736,TIME_LIMIT,289971,0,0,42,15
3,12,3.534223e6,-1.6165689970900616,-0.8942501320265736,TIME_LIMIT,290008,0,0,38,20
3,12,3.534722e6,-1.6165689970900616,-0.8942501320265736,TIME_LIMIT,290046,0,0,33,19
3,12,3.535216e6,-1.6165685926374334,-0.8942501320265736,TIME_LIMIT,290079,0,0,31,10
3,12,3.535689e6,-1.6165685926374334,-0.8942501320265736,TIME_LIMIT,290105,0,0,45,77
3,12,3.536182e6,-1.6165670650937065,-0.8942501320265736,TIME_LIMIT,290157,0,0,37,11
3,12,3.53667e6,-1.6165670650937065,-0.8942501320265736,TIME_LIMIT,290194,0,0,14,16
3,12,3.537139e6,-1.6165583365468295,-0.8942501320265736,TIME_LIMIT,290243,0,0,25,15
3,12,3.53763e6,-1.6165583365468295,-0.8942501320265736,TIME_LIMIT,290274,0,0,37,22
3,12,3.538122e6,-1.616558270096732,-0.8942501320265736,TIME_LIMIT,290325,0,0,21,17
3,12,3.538594e6,-1.616558270096732,-0.8942501320265736,TIME_LIMIT,290367,0,0,41,15
3,12,3.539086e6,-1.616557853266017,-0.8942501320265736,TIME_LIMIT,290406,0,0,23,6
3,12,3.539575e6,-1.616557853266017,-0.8942501320265736,TIME_LIMIT,290448,0,0,42,32
3,12,3.540047e6,-1.6165510030826475,-0.8942501320265736,TIME_LIMIT,290486,0,0,38,17
3,12,3.540539e6,-1.6165510030826475,-0.8942501320265736,TIME_LIMIT,290522,0,0,26,27
3,12,3.541028e6,-1.616537805284992,-0.8942501320265736,TIME_LIMIT,290575,0,0,37,7
3,12,3.541499e6,-1.616537805284992,-0.8942501320265736,TIME_LIMIT,290608,0,0,15,10
3,12,3.54199e6,-1.6165353990276485,-0.8942501320265736,TIME_LIMIT,290642,0,0,39,14
3,12,3.542482e6,-1.6165353990276485,-0.8942501320265736,TIME_LIMIT,290670,0,0,45,43
3,12,3.542953e6,-1.6165196445929886,-0.8942501320265736,TIME_LIMIT,290723,0,0,16,9
3,12,3.543444e6,-1.6165196445929886,-0.8942501320265736,TIME_LIMIT,290764,0,0,48,23
3,12,3.543933e6,-1.6165066186842938,-0.8942501320265736,TIME_LIMIT,290820,0,0,33,11
3,12,3.544403e6,-1.6165066186842938,-0.8942501320265736,TIME_LIMIT,290862,0,0,35,29
3,12,3.544892e6,-1.6164937437059042,-0.8942501320265736,TIME_LIMIT,290898,0,0,21,13
3,12,3.545383e6,-1.6164937437059042,-0.8942501320265736,TIME_LIMIT,290933,0,0,42,30
3,12,3.545853e6,-1.616468998413485,-0.8942501320265736,TIME_LIMIT,290988,0,0,28,12
3,12,3.546343e6,-1.616468998413485,-0.8942501320265736,TIME_LIMIT,291027,0,0,33,5
3,12,3.546831e6,-1.6164602712954166,-0.8942501320265736,TIME_LIMIT,291056,0,0,30,13
3,12,3.547301e6,-1.6164602712954166,-0.8942501320265736,TIME_LIMIT,291089,0,0,37,23
3,12,3.54779e6,-1.6164579409438,-0.8942501320265736,TIME_LIMIT,291137,0,0,27,13
3,12,3.548278e6,-1.6164579409438,-0.8942501320265736,TIME_LIMIT,291163,0,0,44,31
3,12,3.548747e6,-1.6164262098516715,-0.8942501320265736,TIME_LIMIT,291214,0,0,33,18
3,12,3.549238e6,-1.6164262098516715,-0.8942501320265736,TIME_LIMIT,291246,0,0,41,29
3,12,3.549727e6,-1.6164239820666242,-0.8942501320265736,TIME_LIMIT,291298,0,0,33,17
3,12,3.550198e6,-1.6164239820666242,-0.8942501320265736,TIME_LIMIT,291341,0,0,39,34
3,12,3.550688e6,-1.6164009811401547,-0.8942501320265736,TIME_LIMIT,291393,0,0,29,7
3,12,3.551174e6,-1.6164009811401547,-0.8942501320265736,TIME_LIMIT,291423,0,0,43,43
3,12,3.551639e6,-1.6163973410254437,-0.8942501320265736,TIME_LIMIT,291480,0,0,21,12
3,12,3.552123e6,-1.6163973410254437,-0.8942501320265736,TIME_LIMIT,291514,0,0,33,31
3,12,3.552605e6,-1.6163942124011863,-0.8942501320265736,TIME_LIMIT,291567,0,0,35,10
3,12,3.553072e6,-1.6163942124011863,-0.8942501320265736,TIME_LIMIT,291596,0,0,39,26
3,12,3.553558e6,-1.6163790896831791,-0.8942501320265736,TIME_LIMIT,291642,0,0,31,6
3,12,3.55404e6,-1.6163790896831791,-0.8942501320265736,TIME_LIMIT,291672,0,0,31,23
3,12,3.554506e6,-1.6163782896775514,-0.8942501320265736,TIME_LIMIT,291726,0,0,21,9
3,12,3.554997e6,-1.6163782896775514,-0.8942501320265736,TIME_LIMIT,291760,0,0,41,59
3,12,3.555476e6,-1.616355667404414,-0.8942501320265736,TIME_LIMIT,291812,0,0,29,18
3,12,3.555936e6,-1.616355667404414,-0.8942501320265736,TIME_LIMIT,291849,0,0,40,17
3,12,3.556411e6,-1.6163376391393345,-0.8942501320265736,TIME_LIMIT,291889,0,0,18,12
3,12,3.556892e6,-1.6163376391393345,-0.8942501320265736,TIME_LIMIT,291912,0,0,43,45
3,12,3.557356e6,-1.6163214400247874,-0.8942501320265736,TIME_LIMIT,291965,0,0,30,20
3,12,3.557844e6,-1.6163214400247874,-0.8942501320265736,TIME_LIMIT,291999,0,0,42,40
3,12,3.558326e6,-1.6162967387956442,-0.8942501320265736,TIME_LIMIT,292049,0,0,31,10
3,12,3.558793e6,-1.6162967387956442,-0.8942501320265736,TIME_LIMIT,292086,0,0,34,13
3,12,3.559185e6,-1.6162964986726778,-0.8942501320265736,TIME_LIMIT,292128,0,0,23,10
3,12,3.559671e6,-1.6162964986726778,-0.8942501320265736,TIME_LIMIT,292163,0,0,36,15
3,12,3.560156e6,-1.6162820967253828,-0.8942501320265736,TIME_LIMIT,292194,0,0,29,13
3,12,3.560627e6,-1.6162820967253828,-0.8942501320265736,TIME_LIMIT,292227,0,0,46,33
3,12,3.561107e6,-1.6162817300554786,-0.8942501320265736,TIME_LIMIT,292267,0,0,27,18
3,12,3.561584e6,-1.6162817300554786,-0.8942501320265736,TIME_LIMIT,292300,0,0,33,17
3,12,3.562044e6,-1.616267137498206,-0.8942501320265736,TIME_LIMIT,292337,0,0,27,16
3,12,3.562529e6,-1.616267137498206,-0.8942501320265736,TIME_LIMIT,292375,0,0,22,72
3,12,3.563005e6,-1.6162649023156221,-0.8942501320265736,TIME_LIMIT,292425,0,0,30,29
3,12,3.563467e6,-1.6162649023156221,-0.8942501320265736,TIME_LIMIT,292464,0,0,31,30
3,12,3.563943e6,-1.6162450505224901,-0.8942501320265736,TIME_LIMIT,292494,0,0,27,17
3,12,3.564422e6,-1.6162450505224901,-0.8942501320265736,TIME_LIMIT,292522,0,0,48,40
3,12,3.56488e6,-1.6162322064353163,-0.8942501320265736,TIME_LIMIT,292572,0,0,31,10
3,12,3.565359e6,-1.6162322064353163,-0.8942501320265736,TIME_LIMIT,292604,0,0,50,55
3,12,3.565839e6,-1.6162299946618657,-0.8942501320265736,TIME_LIMIT,292656,0,0,33,16
3,12,3.566299e6,-1.6162299946618657,-0.8942501320265736,TIME_LIMIT,292692,0,0,35,36
3,12,3.566775e6,-1.6162130841769062,-0.8942501320265736,TIME_LIMIT,292739,0,0,14,12
3,12,3.567251e6,-1.6162130841769062,-0.8942501320265736,TIME_LIMIT,292775,0,0,27,15
3,12,3.567711e6,-1.6161988826867817,-0.8942501320265736,TIME_LIMIT,292827,0,0,30,14
3,12,3.568098e6,-1.6161988826867817,-0.8942501320265736,TIME_LIMIT,292862,0,0,39,36
3,12,3.568577e6,-1.6161803608159302,-0.8942501320265736,TIME_LIMIT,292913,0,0,27,10
3,12,3.569053e6,-1.6161803608159302,-0.8942501320265736,TIME_LIMIT,292945,0,0,18,26
3,12,3.569512e6,-1.61616975168318,-0.8942501320265736,TIME_LIMIT,293003,0,0,35,10
3,12,3.56999e6,-1.61616975168318,-0.8942501320265736,TIME_LIMIT,293044,0,0,29,28
3,12,3.570469e6,-1.616168786767661,-0.8942501320265736,TIME_LIMIT,293098,0,0,32,15
3,12,3.57093e6,-1.616168786767661,-0.8942501320265736,TIME_LIMIT,293125,0,0,38,36
3,12,3.571411e6,-1.616141143794375,-0.8942501320265736,TIME_LIMIT,293176,0,0,33,12
3,12,3.571888e6,-1.616141143794375,-0.8942501320265736,TIME_LIMIT,293209,0,0,40,39
3,12,3.572347e6,-1.6161200483867602,-0.8942501320265736,TIME_LIMIT,293267,0,0,28,19
3,12,3.572824e6,-1.6161200483867602,-0.8942501320265736,TIME_LIMIT,293299,0,0,38,20
3,12,3.573299e6,-1.6161033518432717,-0.8942501320265736,TIME_LIMIT,293351,0,0,18,8
3,12,3.573755e6,-1.6161033518432717,-0.8942501320265736,TIME_LIMIT,293381,0,0,25,13
3,12,3.574229e6,-1.616085137789909,-0.8942501320265736,TIME_LIMIT,293419,0,0,30,14
3,12,3.574704e6,-1.616085137789909,-0.8942501320265736,TIME_LIMIT,293450,0,0,25,34
3,12,3.575163e6,-1.6160642347968133,-0.8942501320265736,TIME_LIMIT,293499,0,0,30,20
3,12,3.57564e6,-1.6160642347968133,-0.8942501320265736,TIME_LIMIT,293533,0,0,38,26
3,12,3.576115e6,-1.616058003888237,-0.8942501320265736,TIME_LIMIT,293584,0,0,36,10
3,12,3.57658e6,-1.616058003888237,-0.8942501320265736,TIME_LIMIT,293629,0,0,27,24
3,12,3.577058e6,-1.6160488359710563,-0.8942501320265736,TIME_LIMIT,293678,0,0,27,14
3,12,3.577517e6,-1.6160488359710563,-0.8942501320265736,TIME_LIMIT,293719,0,0,26,40
3,12,3.577992e6,-1.6160372989339034,-0.8942501320265736,TIME_LIMIT,293759,0,0,31,18
3,12,3.578469e6,-1.6160372989339034,-0.8942501320265736,TIME_LIMIT,293800,0,0,21,27
3,12,3.578929e6,-1.61602824886943,-0.8942501320265736,TIME_LIMIT,293843,0,0,30,20
3,12,3.579409e6,-1.61602824886943,-0.8942501320265736,TIME_LIMIT,293883,0,0,45,27
3,12,3.579886e6,-1.6160215271789393,-0.8942501320265736,TIME_LIMIT,293935,0,0,30,10
3,12,3.580346e6,-1.6160215271789393,-0.8942501320265736,TIME_LIMIT,293964,0,0,32,15
3,12,3.580824e6,-1.6160012242624104,-0.8942501320265736,TIME_LIMIT,294008,0,0,41,12
3,12,3.581302e6,-1.6160012242624104,-0.8942501320265736,TIME_LIMIT,294049,0,0,31,10
3,12,3.581764e6,-1.6159971703854499,-0.8942501320265736,TIME_LIMIT,294078,0,0,27,16
3,12,3.582244e6,-1.6159971703854499,-0.8942501320265736,TIME_LIMIT,294109,0,0,26,15
3,12,3.582718e6,-1.6159864815550475,-0.8942501320265736,TIME_LIMIT,294159,0,0,28,8
3,12,3.583176e6,-1.6159864815550475,-0.8942501320265736,TIME_LIMIT,294186,0,0,34,25
3,12,3.58365e6,-1.6159807517628784,-0.8942501320265736,TIME_LIMIT,294232,0,0,27,12
3,12,3.584126e6,-1.6159807517628784,-0.8942501320265736,TIME_LIMIT,294266,0,0,35,22
3,12,3.584585e6,-1.615974578784555,-0.8942501320265736,TIME_LIMIT,294318,0,0,31,14
3,12,3.585063e6,-1.615974578784555,-0.8942501320265736,TIME_LIMIT,294364,0,0,50,28
3,12,3.585538e6,-1.615947941087893,-0.8942501320265736,TIME_LIMIT,294413,0,0,31,20
3,12,3.586001e6,-1.615947941087893,-0.8942501320265736,TIME_LIMIT,294457,0,0,38,18
3,12,3.586477e6,-1.615946621981908,-0.8942501320265736,TIME_LIMIT,294499,0,0,36,12
3,12,3.586953e6,-1.615946621981908,-0.8942501320265736,TIME_LIMIT,294529,0,0,30,37
3,12,3.587412e6,-1.6159304573376838,-0.8942501320265736,TIME_LIMIT,294580,0,0,18,10
3,12,3.587889e6,-1.6159304573376838,-0.8942501320265736,TIME_LIMIT,294614,0,0,34,25
3,12,3.588349e6,-1.6159276691519,-0.8942501320265736,TIME_LIMIT,294664,0,0,30,10
3,12,3.588824e6,-1.6159276691519,-0.8942501320265736,TIME_LIMIT,294688,0,0,36,15
3,12,3.589298e6,-1.6159249599840417,-0.8942501320265736,TIME_LIMIT,294736,0,0,26,14
3,12,3.589758e6,-1.6159249599840417,-0.8942501320265736,TIME_LIMIT,294768,0,0,41,63
3,12,3.590234e6,-1.615916252789165,-0.8942501320265736,TIME_LIMIT,294818,0,0,35,17
3,12,3.59071e6,-1.615916252789165,-0.8942501320265736,TIME_LIMIT,294852,0,0,42,22
3,12,3.591168e6,-1.6159141235441101,-0.8942501320265736,TIME_LIMIT,294907,0,0,28,14
3,12,3.591645e6,-1.6159141235441101,-0.8942501320265736,TIME_LIMIT,294944,0,0,39,28
3,12,3.592122e6,-1.6159139251428436,-0.8942501320265736,TIME_LIMIT,294988,0,0,34,17
3,12,3.592571e6,-1.6159139251428436,-0.8942501320265736,TIME_LIMIT,295032,0,0,31,17
3,12,3.593047e6,-1.615909499401603,-0.8942501320265736,TIME_LIMIT,295083,0,0,25,19
3,12,3.593523e6,-1.615909499401603,-0.8942501320265736,TIME_LIMIT,295116,0,0,42,59
3,12,3.593982e6,-1.615899499654546,-0.8942501320265736,TIME_LIMIT,295165,0,0,32,13
3,12,3.594459e6,-1.615899499654546,-0.8942501320265736,TIME_LIMIT,295198,0,0,32,43
3,12,3.594918e6,-1.6158939062724258,-0.8942501320265736,TIME_LIMIT,295252,0,0,36,15
3,12,3.595394e6,-1.6158939062724258,-0.8942501320265736,TIME_LIMIT,295280,0,0,32,22
3,12,3.595871e6,-1.6158721533367442,-0.8942501320265736,TIME_LIMIT,295328,0,0,35,10
3,12,3.596331e6,-1.6158721533367442,-0.8942501320265736,TIME_LIMIT,295354,0,0,21,21
3,12,3.596808e6,-1.6158361640102914,-0.8942501320265736,TIME_LIMIT,295403,0,0,20,6
3,12,3.597283e6,-1.6158361640102914,-0.8942501320265736,TIME_LIMIT,295433,0,0,35,24
3,12,3.597745e6,-1.6158165649156029,-0.8942501320265736,TIME_LIMIT,295489,0,0,32,15
3,12,3.598224e6,-1.6158165649156029,-0.8942501320265736,TIME_LIMIT,295516,0,0,19,36
3,12,3.598719e6,-1.6158112887475116,-0.8942501320265736,TIME_LIMIT,295564,0,0,29,16
3,12,3.59918e6,-1.6158112887475116,-0.8942501320265736,TIME_LIMIT,295601,0,0,40,20
3,12,3.599658e6,-1.615769104818987,-0.8942501320265736,TIME_LIMIT,295648,0,0,31,15
3,12,3.600003e6,-1.615769104818987,-0.8942501320265736,TIME_LIMIT,295683,0,0,22,22
