seed,dimension,time,lowerBound,upperBound,termination,LMOcalls,localTighteings,globalTightenings,list_active_set_size_cb,list_discarded_set_size_cb
4,12,380.0,-1.915379160383551,-0.5846059837156528,TIME_LIMIT,53,0,0,36,5
4,12,534.0,-1.915379160383551,-0.5846059837156528,TIME_LIMIT,75,0,0,40,5
4,12,801.0,-1.8852198803549074,-0.5846059837156528,TIME_LIMIT,120,0,0,26,5
4,12,1009.0,-1.8852198803549074,-0.5846059837156528,TIME_LIMIT,149,0,0,40,7
4,12,1364.0,-1.8837400145816325,-0.5846059837156528,TIME_LIMIT,194,0,0,30,10
4,12,1699.0,-1.8837400145816325,-0.5846059837156528,TIME_LIMIT,226,0,0,43,12
4,12,2291.0,-1.8525293000564615,-0.5846059837156528,TIME_LIMIT,282,0,0,38,11
4,12,2730.0,-1.8525293000564615,-0.5846059837156528,TIME_LIMIT,312,0,0,40,29
4,12,3363.0,-1.850144280432026,-0.5846059837156528,TIME_LIMIT,367,0,0,38,16
4,12,3526.0,-1.850144280432026,-0.5846059837156528,TIME_LIMIT,389,0,0,36,17
4,12,4081.0,-1.8493659589217966,-0.5846059837156528,TIME_LIMIT,441,0,0,32,10
4,12,4257.0,-1.8493659589217966,-0.5846059837156528,TIME_LIMIT,467,0,0,36,15
4,12,4715.0,-1.848547767064347,-0.5846059837156528,TIME_LIMIT,521,0,0,33,8
4,12,5162.0,-1.848547767064347,-0.5846059837156528,TIME_LIMIT,553,0,0,48,14
4,12,5787.0,-1.8235707546141315,-0.5846059837156528,TIME_LIMIT,606,0,0,30,11
4,12,6126.0,-1.8235707546141315,-0.5846059837156528,TIME_LIMIT,634,0,0,48,29
4,12,6823.0,-1.8218804375264106,-0.5846059837156528,TIME_LIMIT,685,0,0,29,12
4,12,7234.0,-1.8218804375264106,-0.5846059837156528,TIME_LIMIT,718,0,0,57,18
4,12,7821.0,-1.812928421376265,-0.5846059837156528,TIME_LIMIT,776,0,0,37,8
4,12,8418.0,-1.812928421376265,-0.5846059837156528,TIME_LIMIT,813,0,0,41,16
4,12,8903.0,-1.8120050035692747,-0.5846059837156528,TIME_LIMIT,868,0,0,38,6
4,12,9224.0,-1.8120050035692747,-0.5846059837156528,TIME_LIMIT,895,0,0,38,11
4,12,9952.0,-1.8112996334275893,-0.5846059837156528,TIME_LIMIT,950,0,0,33,9
4,12,10455.0,-1.8112996334275893,-0.5846059837156528,TIME_LIMIT,981,0,0,44,15
4,12,10899.0,-1.8087914458135474,-0.5846059837156528,TIME_LIMIT,1031,0,0,30,6
4,12,11269.0,-1.8087914458135474,-0.5846059837156528,TIME_LIMIT,1060,0,0,43,29
4,12,11793.0,-1.8081687000128586,-0.5846059837156528,TIME_LIMIT,1118,0,0,39,16
4,12,12202.0,-1.8081687000128586,-0.5846059837156528,TIME_LIMIT,1145,0,0,47,24
4,12,12553.0,-1.8067001567672496,-0.5846059837156528,TIME_LIMIT,1193,0,0,32,10
4,12,13018.0,-1.8067001567672496,-0.5846059837156528,TIME_LIMIT,1228,0,0,43,21
4,12,13677.0,-1.8002345688571582,-0.5846059837156528,TIME_LIMIT,1282,0,0,37,6
4,12,13977.0,-1.8002345688571582,-0.5846059837156528,TIME_LIMIT,1314,0,0,39,12
4,12,14564.0,-1.7977333980889414,-0.5846059837156528,TIME_LIMIT,1365,0,0,30,13
4,12,15220.0,-1.7977333980889414,-0.5846059837156528,TIME_LIMIT,1396,0,0,50,46
4,12,15910.0,-1.7969492476329716,-0.5846059837156528,TIME_LIMIT,1457,0,0,40,15
4,12,16349.0,-1.7969492476329716,-0.5846059837156528,TIME_LIMIT,1478,0,0,53,25
4,12,17037.0,-1.795405218948583,-0.5846059837156528,TIME_LIMIT,1538,0,0,22,5
4,12,17497.0,-1.795405218948583,-0.5846059837156528,TIME_LIMIT,1571,0,0,42,14
4,12,18117.0,-1.7929451862494314,-0.5846059837156528,TIME_LIMIT,1627,0,0,40,7
4,12,18797.0,-1.7929451862494314,-0.5846059837156528,TIME_LIMIT,1667,0,0,40,19
4,12,19504.0,-1.7820227516703127,-0.5846059837156528,TIME_LIMIT,1716,0,0,37,11
4,12,19868.0,-1.7820227516703127,-0.5846059837156528,TIME_LIMIT,1749,0,0,43,21
4,12,20376.0,-1.7774769084934579,-0.5846059837156528,TIME_LIMIT,1800,0,0,35,13
4,12,21073.0,-1.7774769084934579,-0.5846059837156528,TIME_LIMIT,1831,0,0,42,26
4,12,21817.0,-1.777351688922892,-0.5846059837156528,TIME_LIMIT,1882,0,0,33,8
4,12,22104.0,-1.777351688922892,-0.5846059837156528,TIME_LIMIT,1911,0,0,50,34
4,12,22857.0,-1.7765303690055916,-0.5846059837156528,TIME_LIMIT,1964,0,0,30,15
4,12,23613.0,-1.7765303690055916,-0.5846059837156528,TIME_LIMIT,1988,0,0,42,15
4,12,24136.0,-1.7760372192133882,-0.5846059837156528,TIME_LIMIT,2043,0,0,35,9
4,12,24477.0,-1.7760372192133882,-0.5846059837156528,TIME_LIMIT,2069,0,0,34,16
4,12,25175.0,-1.7751875951076186,-0.5846059837156528,TIME_LIMIT,2124,0,0,38,3
4,12,25543.0,-1.7751875951076186,-0.5846059837156528,TIME_LIMIT,2154,0,0,48,27
4,12,26049.0,-1.7746179552073005,-0.5846059837156528,TIME_LIMIT,2206,0,0,30,8
4,12,26825.0,-1.7746179552073005,-0.5846059837156528,TIME_LIMIT,2238,0,0,49,24
4,12,27375.0,-1.7742180206440579,-0.5846059837156528,TIME_LIMIT,2290,0,0,33,8
4,12,27783.0,-1.7742180206440579,-0.5846059837156528,TIME_LIMIT,2320,0,0,42,20
4,12,28567.0,-1.7740934528834678,-0.5846059837156528,TIME_LIMIT,2372,0,0,29,8
4,12,28845.0,-1.7740934528834678,-0.5846059837156528,TIME_LIMIT,2401,0,0,35,14
4,12,29662.0,-1.7733958400020318,-0.5846059837156528,TIME_LIMIT,2449,0,0,29,8
4,12,30281.0,-1.7733958400020318,-0.5846059837156528,TIME_LIMIT,2483,0,0,36,25
4,12,30967.0,-1.7731835743225948,-0.5846059837156528,TIME_LIMIT,2539,0,0,39,16
4,12,31316.0,-1.7731835743225948,-0.5846059837156528,TIME_LIMIT,2569,0,0,39,19
4,12,32046.0,-1.7724324570696073,-0.5846059837156528,TIME_LIMIT,2623,0,0,30,9
4,12,32810.0,-1.7724324570696073,-0.5846059837156528,TIME_LIMIT,2659,0,0,40,11
4,12,33172.0,-1.7724248105101974,-0.5846059837156528,TIME_LIMIT,2698,0,0,41,8
4,12,33781.0,-1.7724248105101974,-0.5846059837156528,TIME_LIMIT,2730,0,0,34,31
4,12,34309.0,-1.772010644729838,-0.5846059837156528,TIME_LIMIT,2785,0,0,38,15
4,12,34717.0,-1.772010644729838,-0.5846059837156528,TIME_LIMIT,2817,0,0,43,13
4,12,35291.0,-1.7719298936169945,-0.5846059837156528,TIME_LIMIT,2862,0,0,30,6
4,12,35975.0,-1.7719298936169945,-0.5846059837156528,TIME_LIMIT,2892,0,0,50,29
4,12,36665.0,-1.7707542946966568,-0.5846059837156528,TIME_LIMIT,2947,0,0,41,7
4,12,37433.0,-1.7707542946966568,-0.5846059837156528,TIME_LIMIT,2976,0,0,45,15
4,12,38152.0,-1.7696734960032248,-0.5846059837156528,TIME_LIMIT,3028,0,0,27,12
4,12,38937.0,-1.7696734960032248,-0.5846059837156528,TIME_LIMIT,3058,0,0,42,47
4,12,39698.0,-1.7627575922407865,-0.5846059837156528,TIME_LIMIT,3114,0,0,35,14
4,12,40473.0,-1.7627575922407865,-0.5846059837156528,TIME_LIMIT,3147,0,0,52,27
4,12,41275.0,-1.7614326563639353,-0.5846059837156528,TIME_LIMIT,3198,0,0,31,15
4,12,41631.0,-1.7614326563639353,-0.5846059837156528,TIME_LIMIT,3228,0,0,48,16
4,12,42417.0,-1.760769909179182,-0.5846059837156528,TIME_LIMIT,3287,0,0,33,9
4,12,43258.0,-1.760769909179182,-0.5846059837156528,TIME_LIMIT,3315,0,0,36,18
4,12,43929.0,-1.753993117282961,-0.5846059837156528,TIME_LIMIT,3376,0,0,40,7
4,12,44391.0,-1.753993117282961,-0.5846059837156528,TIME_LIMIT,3407,0,0,44,21
4,12,45134.0,-1.7514788613645327,-0.5846059837156528,TIME_LIMIT,3463,0,0,36,9
4,12,45819.0,-1.7514788613645327,-0.5846059837156528,TIME_LIMIT,3494,0,0,47,24
4,12,46629.0,-1.751322574621741,-0.5846059837156528,TIME_LIMIT,3547,0,0,32,10
4,12,47139.0,-1.751322574621741,-0.5846059837156528,TIME_LIMIT,3579,0,0,27,10
4,12,47926.0,-1.7501251042666501,-0.5846059837156528,TIME_LIMIT,3631,0,0,30,13
4,12,48685.0,-1.7501251042666501,-0.5846059837156528,TIME_LIMIT,3667,0,0,47,32
4,12,49435.0,-1.7494411662635954,-0.5846059837156528,TIME_LIMIT,3721,0,0,34,14
4,12,49919.0,-1.7494411662635954,-0.5846059837156528,TIME_LIMIT,3751,0,0,43,18
4,12,50663.0,-1.7493379664483413,-0.5846059837156528,TIME_LIMIT,3808,0,0,37,9
4,12,51062.0,-1.7493379664483413,-0.5846059837156528,TIME_LIMIT,3839,0,0,38,16
4,12,51789.0,-1.7493285965342467,-0.5846059837156528,TIME_LIMIT,3885,0,0,24,5
4,12,52522.0,-1.7493285965342467,-0.5846059837156528,TIME_LIMIT,3919,0,0,49,34
4,12,53213.0,-1.7485771245002892,-0.5846059837156528,TIME_LIMIT,3974,0,0,35,13
4,12,53653.0,-1.7485771245002892,-0.5846059837156528,TIME_LIMIT,4011,0,0,55,11
4,12,53957.0,-1.7478265488388862,-0.5846059837156528,TIME_LIMIT,4060,0,0,31,6
4,12,54612.0,-1.7478265488388862,-0.5846059837156528,TIME_LIMIT,4092,0,0,43,27
4,12,55321.0,-1.7478262702043201,-0.5846059837156528,TIME_LIMIT,4145,0,0,35,9
4,12,55976.0,-1.7478262702043201,-0.5846059837156528,TIME_LIMIT,4183,0,0,44,24
4,12,56678.0,-1.7476455724855386,-0.5846059837156528,TIME_LIMIT,4235,0,0,28,11
4,12,57019.0,-1.7476455724855386,-0.5846059837156528,TIME_LIMIT,4268,0,0,39,19
4,12,57667.0,-1.747383836563069,-0.5846059837156528,TIME_LIMIT,4318,0,0,29,15
4,12,58053.0,-1.747383836563069,-0.5846059837156528,TIME_LIMIT,4349,0,0,40,17
4,12,58736.0,-1.7472990054747823,-0.5846059837156528,TIME_LIMIT,4405,0,0,36,8
4,12,59393.0,-1.7472990054747823,-0.5846059837156528,TIME_LIMIT,4442,0,0,29,21
4,12,60005.0,-1.7469154076514795,-0.5846059837156528,TIME_LIMIT,4498,0,0,38,12
4,12,60448.0,-1.7469154076514795,-0.5846059837156528,TIME_LIMIT,4529,0,0,40,22
4,12,61106.0,-1.7466341265447578,-0.5846059837156528,TIME_LIMIT,4580,0,0,35,4
4,12,61730.0,-1.7466341265447578,-0.5846059837156528,TIME_LIMIT,4615,0,0,45,19
4,12,62337.0,-1.7458855385728607,-0.5846059837156528,TIME_LIMIT,4663,0,0,32,15
4,12,62781.0,-1.7458855385728607,-0.5846059837156528,TIME_LIMIT,4694,0,0,35,13
4,12,63285.0,-1.745805156476851,-0.5846059837156528,TIME_LIMIT,4743,0,0,29,12
4,12,63772.0,-1.745805156476851,-0.5846059837156528,TIME_LIMIT,4777,0,0,39,18
4,12,64323.0,-1.7456712842760869,-0.5846059837156528,TIME_LIMIT,4829,0,0,33,10
4,12,64887.0,-1.7456712842760869,-0.5846059837156528,TIME_LIMIT,4863,0,0,36,17
4,12,65338.0,-1.745281168466275,-0.5846059837156528,TIME_LIMIT,4919,0,0,36,7
4,12,65732.0,-1.745281168466275,-0.5846059837156528,TIME_LIMIT,4954,0,0,43,36
4,12,66282.0,-1.7449109790262793,-0.5846059837156528,TIME_LIMIT,5014,0,0,40,14
4,12,66752.0,-1.7449109790262793,-0.5846059837156528,TIME_LIMIT,5045,0,0,50,36
4,12,67322.0,-1.7446233302360235,-0.5846059837156528,TIME_LIMIT,5094,0,0,30,10
4,12,67890.0,-1.7446233302360235,-0.5846059837156528,TIME_LIMIT,5120,0,0,27,9
4,12,68466.0,-1.7440989267978184,-0.5846059837156528,TIME_LIMIT,5180,0,0,37,8
4,12,69007.0,-1.7440989267978184,-0.5846059837156528,TIME_LIMIT,5215,0,0,48,20
4,12,69574.0,-1.7440439852025986,-0.5846059837156528,TIME_LIMIT,5270,0,0,38,6
4,12,70085.0,-1.7440439852025986,-0.5846059837156528,TIME_LIMIT,5306,0,0,51,37
4,12,70624.0,-1.7438149631604278,-0.5846059837156528,TIME_LIMIT,5359,0,0,33,16
4,12,71007.0,-1.7438149631604278,-0.5846059837156528,TIME_LIMIT,5396,0,0,43,36
4,12,71598.0,-1.7437816997746682,-0.5846059837156528,TIME_LIMIT,5448,0,0,28,19
4,12,71973.0,-1.7437816997746682,-0.5846059837156528,TIME_LIMIT,5484,0,0,39,23
4,12,72395.0,-1.7432825839463153,-0.5846059837156528,TIME_LIMIT,5532,0,0,29,7
4,12,72965.0,-1.7432825839463153,-0.5846059837156528,TIME_LIMIT,5570,0,0,48,15
4,12,73442.0,-1.7431455958058497,-0.5846059837156528,TIME_LIMIT,5619,0,0,28,10
4,12,73806.0,-1.7431455958058497,-0.5846059837156528,TIME_LIMIT,5659,0,0,52,21
4,12,74376.0,-1.742921916943614,-0.5846059837156528,TIME_LIMIT,5711,0,0,41,6
4,12,74688.0,-1.742921916943614,-0.5846059837156528,TIME_LIMIT,5744,0,0,41,28
4,12,75273.0,-1.7428187433746194,-0.5846059837156528,TIME_LIMIT,5795,0,0,36,12
4,12,75584.0,-1.7428187433746194,-0.5846059837156528,TIME_LIMIT,5822,0,0,32,26
4,12,76126.0,-1.7421601310923922,-0.5846059837156528,TIME_LIMIT,5881,0,0,40,25
4,12,76531.0,-1.7421601310923922,-0.5846059837156528,TIME_LIMIT,5912,0,0,39,21
4,12,77119.0,-1.7408897198238258,-0.5846059837156528,TIME_LIMIT,5969,0,0,31,9
4,12,77704.0,-1.7408897198238258,-0.5846059837156528,TIME_LIMIT,5996,0,0,38,9
4,12,78215.0,-1.7404559985233354,-0.5846059837156528,TIME_LIMIT,6050,0,0,31,10
4,12,78757.0,-1.7404559985233354,-0.5846059837156528,TIME_LIMIT,6082,0,0,42,52
4,12,79324.0,-1.7391448629886759,-0.5846059837156528,TIME_LIMIT,6127,0,0,30,27
4,12,79908.0,-1.7391448629886759,-0.5846059837156528,TIME_LIMIT,6151,0,0,40,44
4,12,80386.0,-1.73909225635605,-0.5846059837156528,TIME_LIMIT,6208,0,0,29,4
4,12,80707.0,-1.73909225635605,-0.5846059837156528,TIME_LIMIT,6237,0,0,40,7
4,12,81151.0,-1.738511683166854,-0.5846059837156528,TIME_LIMIT,6287,0,0,32,5
4,12,81569.0,-1.738511683166854,-0.5846059837156528,TIME_LIMIT,6317,0,0,47,33
4,12,82147.0,-1.7372583348775048,-0.5846059837156528,TIME_LIMIT,6366,0,0,24,22
4,12,82508.0,-1.7372583348775048,-0.5846059837156528,TIME_LIMIT,6402,0,0,36,23
4,12,83054.0,-1.7366004586233506,-0.5846059837156528,TIME_LIMIT,6450,0,0,21,10
4,12,83670.0,-1.7366004586233506,-0.5846059837156528,TIME_LIMIT,6485,0,0,36,22
4,12,84352.0,-1.7348629434861598,-0.5846059837156528,TIME_LIMIT,6534,0,0,29,8
4,12,85034.0,-1.7348629434861598,-0.5846059837156528,TIME_LIMIT,6564,0,0,39,23
4,12,85670.0,-1.7312348354461793,-0.5846059837156528,TIME_LIMIT,6614,0,0,18,9
4,12,86174.0,-1.7312348354461793,-0.5846059837156528,TIME_LIMIT,6643,0,0,44,31
4,12,86760.0,-1.729197704380012,-0.5846059837156528,TIME_LIMIT,6694,0,0,19,4
4,12,87360.0,-1.729197704380012,-0.5846059837156528,TIME_LIMIT,6725,0,0,36,27
4,12,87940.0,-1.728073221689951,-0.5846059837156528,TIME_LIMIT,6779,0,0,39,16
4,12,88506.0,-1.728073221689951,-0.5846059837156528,TIME_LIMIT,6813,0,0,39,15
4,12,89087.0,-1.7274551037850783,-0.5846059837156528,TIME_LIMIT,6860,0,0,27,8
4,12,89533.0,-1.7274551037850783,-0.5846059837156528,TIME_LIMIT,6897,0,0,39,19
4,12,90103.0,-1.7272325273910956,-0.5846059837156528,TIME_LIMIT,6956,0,0,41,8
4,12,90648.0,-1.7272325273910956,-0.5846059837156528,TIME_LIMIT,6997,0,0,49,29
4,12,91263.0,-1.7260146699927619,-0.5846059837156528,TIME_LIMIT,7051,0,0,31,11
4,12,91911.0,-1.7260146699927619,-0.5846059837156528,TIME_LIMIT,7081,0,0,34,13
4,12,92516.0,-1.7256401862805355,-0.5846059837156528,TIME_LIMIT,7130,0,0,10,4
4,12,92911.0,-1.7256401862805355,-0.5846059837156528,TIME_LIMIT,7162,0,0,32,19
4,12,93473.0,-1.7249227083839818,-0.5846059837156528,TIME_LIMIT,7213,0,0,27,14
4,12,93982.0,-1.7249227083839818,-0.5846059837156528,TIME_LIMIT,7250,0,0,55,36
4,12,94576.0,-1.7248905271348685,-0.5846059837156528,TIME_LIMIT,7307,0,0,36,15
4,12,95105.0,-1.7248905271348685,-0.5846059837156528,TIME_LIMIT,7345,0,0,48,20
4,12,95693.0,-1.7243941962104696,-0.5846059837156528,TIME_LIMIT,7394,0,0,22,9
4,12,96293.0,-1.7243941962104696,-0.5846059837156528,TIME_LIMIT,7431,0,0,16,25
4,12,96868.0,-1.724360675007913,-0.5846059837156528,TIME_LIMIT,7486,0,0,34,12
4,12,97415.0,-1.724360675007913,-0.5846059837156528,TIME_LIMIT,7519,0,0,38,20
4,12,98007.0,-1.7240470260651637,-0.5846059837156528,TIME_LIMIT,7575,0,0,36,11
4,12,98578.0,-1.7240470260651637,-0.5846059837156528,TIME_LIMIT,7608,0,0,43,23
4,12,99244.0,-1.7237303131577872,-0.5846059837156528,TIME_LIMIT,7663,0,0,25,21
4,12,99912.0,-1.7237303131577872,-0.5846059837156528,TIME_LIMIT,7699,0,0,41,17
4,12,100564.0,-1.723593256389153,-0.5846059837156528,TIME_LIMIT,7750,0,0,32,7
4,12,101133.0,-1.723593256389153,-0.5846059837156528,TIME_LIMIT,7785,0,0,34,24
4,12,101676.0,-1.7234874201738564,-0.5846059837156528,TIME_LIMIT,7839,0,0,30,6
4,12,102258.0,-1.7234874201738564,-0.5846059837156528,TIME_LIMIT,7866,0,0,47,46
4,12,102838.0,-1.723046463957457,-0.5846059837156528,TIME_LIMIT,7926,0,0,31,12
4,12,103257.0,-1.723046463957457,-0.5846059837156528,TIME_LIMIT,7961,0,0,51,9
4,12,103776.0,-1.7223092166746017,-0.5846059837156528,TIME_LIMIT,8018,0,0,29,8
4,12,104156.0,-1.7223092166746017,-0.5846059837156528,TIME_LIMIT,8046,0,0,53,19
4,12,104721.0,-1.7222802351816267,-0.5846059837156528,TIME_LIMIT,8098,0,0,32,4
4,12,105289.0,-1.7222802351816267,-0.5846059837156528,TIME_LIMIT,8132,0,0,47,28
4,12,105858.0,-1.7220088036691124,-0.5846059837156528,TIME_LIMIT,8178,0,0,26,21
4,12,106455.0,-1.7220088036691124,-0.5846059837156528,TIME_LIMIT,8213,0,0,39,13
4,12,106996.0,-1.7219068325069462,-0.5846059837156528,TIME_LIMIT,8274,0,0,36,15
4,12,107567.0,-1.7219068325069462,-0.5846059837156528,TIME_LIMIT,8310,0,0,42,17
4,12,107977.0,-1.7215870710304428,-0.5846059837156528,TIME_LIMIT,8350,0,0,33,12
4,12,108488.0,-1.7215870710304428,-0.5846059837156528,TIME_LIMIT,8382,0,0,42,14
4,12,109084.0,-1.721351323986898,-0.5846059837156528,TIME_LIMIT,8435,0,0,33,9
4,12,109568.0,-1.721351323986898,-0.5846059837156528,TIME_LIMIT,8469,0,0,49,18
4,12,110188.0,-1.7210412117598282,-0.5846059837156528,TIME_LIMIT,8523,0,0,30,15
4,12,110679.0,-1.7210412117598282,-0.5846059837156528,TIME_LIMIT,8557,0,0,41,29
4,12,111267.0,-1.7205601459832243,-0.5846059837156528,TIME_LIMIT,8608,0,0,27,11
4,12,111755.0,-1.7205601459832243,-0.5846059837156528,TIME_LIMIT,8641,0,0,44,28
4,12,112362.0,-1.7202738615829813,-0.5846059837156528,TIME_LIMIT,8694,0,0,36,8
4,12,112936.0,-1.7202738615829813,-0.5846059837156528,TIME_LIMIT,8724,0,0,51,32
4,12,113553.0,-1.7198559121923276,-0.5846059837156528,TIME_LIMIT,8777,0,0,34,15
4,12,114099.0,-1.7198559121923276,-0.6191071274287612,TIME_LIMIT,8805,0,0,34,21
4,12,114669.0,-1.719596161210249,-0.6191071274287612,TIME_LIMIT,8864,0,0,32,11
4,12,115238.0,-1.719596161210249,-0.6191071274287612,TIME_LIMIT,8898,0,0,32,20
4,12,115835.0,-1.7193927341295066,-0.6191071274287612,TIME_LIMIT,8947,0,0,33,17
4,12,116379.0,-1.7193927341295066,-0.6191071274287612,TIME_LIMIT,8985,0,0,58,56
4,12,116947.0,-1.7193567805868284,-0.6191071274287612,TIME_LIMIT,9041,0,0,39,13
4,12,117512.0,-1.7193567805868284,-0.6191071274287612,TIME_LIMIT,9076,0,0,41,27
4,12,118095.0,-1.718796721404962,-0.6191071274287612,TIME_LIMIT,9129,0,0,33,14
4,12,118636.0,-1.718796721404962,-0.6191071274287612,TIME_LIMIT,9165,0,0,56,26
4,12,119205.0,-1.718608060500969,-0.6191071274287612,TIME_LIMIT,9216,0,0,33,21
4,12,119644.0,-1.718608060500969,-0.6191071274287612,TIME_LIMIT,9253,0,0,54,46
4,12,120317.0,-1.7185984627828916,-0.6191071274287612,TIME_LIMIT,9300,0,0,27,22
4,12,120623.0,-1.7185984627828916,-0.6191071274287612,TIME_LIMIT,9327,0,0,41,15
4,12,121266.0,-1.7185909165644593,-0.6191071274287612,TIME_LIMIT,9381,0,0,36,6
4,12,121769.0,-1.7185909165644593,-0.6191071274287612,TIME_LIMIT,9420,0,0,42,18
4,12,122357.0,-1.7183685435035467,-0.6191071274287612,TIME_LIMIT,9478,0,0,29,8
4,12,122940.0,-1.7183685435035467,-0.6191071274287612,TIME_LIMIT,9519,0,0,54,22
4,12,123283.0,-1.7180979899583428,-0.6191071274287612,TIME_LIMIT,9575,0,0,34,11
4,12,123730.0,-1.7180979899583428,-0.6191071274287612,TIME_LIMIT,9606,0,0,31,10
4,12,124272.0,-1.7180950039119403,-0.6191071274287612,TIME_LIMIT,9664,0,0,37,13
4,12,124869.0,-1.7180950039119403,-0.6191071274287612,TIME_LIMIT,9693,0,0,51,58
4,12,125441.0,-1.7169247498018951,-0.6191071274287612,TIME_LIMIT,9748,0,0,38,22
4,12,126035.0,-1.7169247498018951,-0.6191071274287612,TIME_LIMIT,9780,0,0,59,32
4,12,126591.0,-1.7155731133328604,-0.6191071274287612,TIME_LIMIT,9832,0,0,34,8
4,12,127178.0,-1.7155731133328604,-0.6191071274287612,TIME_LIMIT,9869,0,0,43,34
4,12,127748.0,-1.7155221622024184,-0.6191071274287612,TIME_LIMIT,9906,0,0,40,21
4,12,128211.0,-1.7155221622024184,-0.6191071274287612,TIME_LIMIT,9938,0,0,46,42
4,12,128780.0,-1.7151707708386719,-0.7922631346359809,TIME_LIMIT,9994,0,0,21,8
4,12,129442.0,-1.7151707708386719,-0.7922631346359809,TIME_LIMIT,10027,0,0,34,15
4,12,130118.0,-1.714977820645951,-0.7922631346359809,TIME_LIMIT,10082,0,0,37,17
4,12,130744.0,-1.714977820645951,-0.7922631346359809,TIME_LIMIT,10111,0,0,23,33
4,12,131334.0,-1.7149696819238542,-0.7922631346359809,TIME_LIMIT,10163,0,0,33,7
4,12,131893.0,-1.7149696819238542,-0.7922631346359809,TIME_LIMIT,10200,0,0,48,25
4,12,132470.0,-1.7149693670363693,-0.7922631346359809,TIME_LIMIT,10253,0,0,33,12
4,12,133034.0,-1.7149693670363693,-0.7922631346359809,TIME_LIMIT,10296,0,0,51,26
4,12,133604.0,-1.714493053864784,-0.7922631346359809,TIME_LIMIT,10346,0,0,35,17
4,12,133911.0,-1.714493053864784,-0.7922631346359809,TIME_LIMIT,10376,0,0,38,13
4,12,134544.0,-1.714487076225989,-0.7922631346359809,TIME_LIMIT,10426,0,0,40,13
4,12,135120.0,-1.714487076225989,-0.7922631346359809,TIME_LIMIT,10453,0,0,50,44
4,12,135661.0,-1.7143603191687937,-0.7922631346359809,TIME_LIMIT,10507,0,0,30,18
4,12,136165.0,-1.7143603191687937,-0.7922631346359809,TIME_LIMIT,10541,0,0,46,27
4,12,136742.0,-1.7142374778209843,-0.7922631346359809,TIME_LIMIT,10598,0,0,31,10
4,12,137312.0,-1.7142374778209843,-0.7922631346359809,TIME_LIMIT,10632,0,0,48,56
4,12,137881.0,-1.7140561668104817,-0.7922631346359809,TIME_LIMIT,10688,0,0,33,17
4,12,138484.0,-1.7140561668104817,-0.7922631346359809,TIME_LIMIT,10720,0,0,41,22
4,12,139025.0,-1.7136532418629549,-0.7922631346359809,TIME_LIMIT,10774,0,0,25,10
4,12,139596.0,-1.7136532418629549,-0.7922631346359809,TIME_LIMIT,10801,0,0,28,21
4,12,140163.0,-1.713635955047692,-0.7922631346359809,TIME_LIMIT,10857,0,0,33,24
4,12,140730.0,-1.713635955047692,-0.7922631346359809,TIME_LIMIT,10884,0,0,32,32
4,12,141377.0,-1.7135942416224732,-0.7922631346359809,TIME_LIMIT,10940,0,0,35,9
4,12,142066.0,-1.7135942416224732,-0.7922631346359809,TIME_LIMIT,10974,0,0,41,21
4,12,142679.0,-1.712599399309692,-0.7922631346359809,TIME_LIMIT,11024,0,0,37,10
4,12,142906.0,-1.712599399309692,-0.7922631346359809,TIME_LIMIT,11053,0,0,35,17
4,12,143393.0,-1.712543181115712,-0.7922631346359809,TIME_LIMIT,11113,0,0,40,17
4,12,143791.0,-1.712543181115712,-0.7922631346359809,TIME_LIMIT,11145,0,0,45,31
4,12,144370.0,-1.7121313982201767,-0.7922631346359809,TIME_LIMIT,11197,0,0,30,19
4,12,144975.0,-1.7121313982201767,-0.7922631346359809,TIME_LIMIT,11228,0,0,43,42
4,12,145516.0,-1.7117758919157282,-0.7922631346359809,TIME_LIMIT,11284,0,0,33,14
4,12,145898.0,-1.7117758919157282,-0.7922631346359809,TIME_LIMIT,11318,0,0,39,18
4,12,146399.0,-1.711643406182851,-0.7922631346359809,TIME_LIMIT,11374,0,0,30,12
4,12,146855.0,-1.711643406182851,-0.7922631346359809,TIME_LIMIT,11408,0,0,43,14
4,12,147396.0,-1.711608821298189,-0.7922631346359809,TIME_LIMIT,11458,0,0,31,13
4,12,147748.0,-1.711608821298189,-0.7922631346359809,TIME_LIMIT,11487,0,0,41,17
4,12,148333.0,-1.7115725174232348,-0.7922631346359809,TIME_LIMIT,11545,0,0,28,7
4,12,148635.0,-1.7115725174232348,-0.7922631346359809,TIME_LIMIT,11582,0,0,46,28
4,12,149203.0,-1.7113392205454319,-0.7922631346359809,TIME_LIMIT,11635,0,0,30,19
4,12,149772.0,-1.7113392205454319,-0.7922631346359809,TIME_LIMIT,11664,0,0,43,26
4,12,150343.0,-1.7111876429641006,-0.7922631346359809,TIME_LIMIT,11718,0,0,36,10
4,12,150681.0,-1.7111876429641006,-0.7922631346359809,TIME_LIMIT,11748,0,0,36,9
4,12,151030.0,-1.7111045677512873,-0.7922631346359809,TIME_LIMIT,11787,0,0,19,7
4,12,151569.0,-1.7111045677512873,-0.7922631346359809,TIME_LIMIT,11831,0,0,38,19
4,12,152147.0,-1.7110305729402988,-0.7922631346359809,TIME_LIMIT,11870,0,0,35,15
4,12,152741.0,-1.7110305729402988,-0.7922631346359809,TIME_LIMIT,11902,0,0,32,17
4,12,153310.0,-1.7109941026743491,-0.7922631346359809,TIME_LIMIT,11945,0,0,15,9
4,12,153851.0,-1.7109941026743491,-0.7922631346359809,TIME_LIMIT,11982,0,0,46,22
4,12,154422.0,-1.7109895411002174,-0.7922631346359809,TIME_LIMIT,12035,0,0,35,16
4,12,154662.0,-1.7109895411002174,-0.7922631346359809,TIME_LIMIT,12067,0,0,48,16
4,12,155270.0,-1.7105548607020977,-0.7922631346359809,TIME_LIMIT,12125,0,0,36,10
4,12,155850.0,-1.7105548607020977,-0.7922631346359809,TIME_LIMIT,12158,0,0,41,22
4,12,156436.0,-1.7099524237030308,-0.7922631346359809,TIME_LIMIT,12214,0,0,35,9
4,12,157004.0,-1.7099524237030308,-0.7922631346359809,TIME_LIMIT,12246,0,0,30,15
4,12,157597.0,-1.7094446703486754,-0.7922631346359809,TIME_LIMIT,12304,0,0,29,13
4,12,158174.0,-1.7094446703486754,-0.7922631346359809,TIME_LIMIT,12329,0,0,37,23
4,12,158666.0,-1.7085862587611134,-0.7922631346359809,TIME_LIMIT,12388,0,0,30,11
4,12,159229.0,-1.7085862587611134,-0.7922631346359809,TIME_LIMIT,12422,0,0,42,20
4,12,159769.0,-1.7082655716560706,-0.7922631346359809,TIME_LIMIT,12476,0,0,32,7
4,12,160084.0,-1.7082655716560706,-0.7922631346359809,TIME_LIMIT,12511,0,0,37,13
4,12,160675.0,-1.7079454109580052,-0.7922631346359809,TIME_LIMIT,12545,0,0,30,10
4,12,161184.0,-1.7079454109580052,-0.7922631346359809,TIME_LIMIT,12576,0,0,38,15
4,12,161751.0,-1.7078440504671786,-0.7922631346359809,TIME_LIMIT,12629,0,0,40,7
4,12,162353.0,-1.7078440504671786,-0.7922631346359809,TIME_LIMIT,12657,0,0,40,27
4,12,162897.0,-1.7074244191723567,-0.7922631346359809,TIME_LIMIT,12709,0,0,34,15
4,12,163388.0,-1.7074244191723567,-0.7922631346359809,TIME_LIMIT,12742,0,0,43,13
4,12,163792.0,-1.7069306168905924,-0.7922631346359809,TIME_LIMIT,12792,0,0,31,9
4,12,164350.0,-1.7069306168905924,-0.7922631346359809,TIME_LIMIT,12822,0,0,46,38
4,12,164945.0,-1.706584824617287,-0.7922631346359809,TIME_LIMIT,12873,0,0,32,25
4,12,165512.0,-1.706584824617287,-0.7922631346359809,TIME_LIMIT,12909,0,0,49,27
4,12,166052.0,-1.7057362519538568,-0.7922631346359809,TIME_LIMIT,12961,0,0,35,24
4,12,166660.0,-1.7057362519538568,-0.7922631346359809,TIME_LIMIT,12997,0,0,15,5
4,12,167359.0,-1.7055482296114357,-0.7922631346359809,TIME_LIMIT,13034,0,0,35,8
4,12,168018.0,-1.7055482296114357,-0.7922631346359809,TIME_LIMIT,13071,0,0,43,12
4,12,168587.0,-1.7049522819622576,-0.7922631346359809,TIME_LIMIT,13121,0,0,41,5
4,12,169129.0,-1.7049522819622576,-0.7922631346359809,TIME_LIMIT,13154,0,0,48,17
4,12,169680.0,-1.703588003616395,-0.7922631346359809,TIME_LIMIT,13203,0,0,32,10
4,12,170053.0,-1.703588003616395,-0.7922631346359809,TIME_LIMIT,13233,0,0,43,39
4,12,170656.0,-1.7031109327605698,-0.7922631346359809,TIME_LIMIT,13282,0,0,33,12
4,12,170962.0,-1.7031109327605698,-0.7922631346359809,TIME_LIMIT,13308,0,0,38,30
4,12,171526.0,-1.7025583023266244,-0.7922631346359809,TIME_LIMIT,13367,0,0,33,7
4,12,171786.0,-1.7025583023266244,-0.7922631346359809,TIME_LIMIT,13401,0,0,47,11
4,12,172381.0,-1.7023141706864937,-0.7922631346359809,TIME_LIMIT,13444,0,0,32,7
4,12,172726.0,-1.7023141706864937,-0.7922631346359809,TIME_LIMIT,13477,0,0,48,23
4,12,173326.0,-1.7021863280965035,-0.7922631346359809,TIME_LIMIT,13523,0,0,31,17
4,12,173901.0,-1.7021863280965035,-0.7922631346359809,TIME_LIMIT,13559,0,0,43,31
4,12,174468.0,-1.7018857629842743,-0.7922631346359809,TIME_LIMIT,13618,0,0,32,16
4,12,175038.0,-1.7018857629842743,-0.7922631346359809,TIME_LIMIT,13651,0,0,32,21
4,12,175579.0,-1.7004795653967066,-0.7922631346359809,TIME_LIMIT,13700,0,0,31,11
4,12,176156.0,-1.7004795653967066,-0.7922631346359809,TIME_LIMIT,13730,0,0,36,28
4,12,176826.0,-1.7002638828772885,-0.7922631346359809,TIME_LIMIT,13780,0,0,30,13
4,12,177408.0,-1.7002638828772885,-0.7922631346359809,TIME_LIMIT,13814,0,0,43,35
4,12,178026.0,-1.7000068517957727,-0.7922631346359809,TIME_LIMIT,13864,0,0,34,12
4,12,178625.0,-1.7000068517957727,-0.7922631346359809,TIME_LIMIT,13897,0,0,45,26
4,12,179185.0,-1.6997907766917886,-0.7922631346359809,TIME_LIMIT,13946,0,0,25,14
4,12,179764.0,-1.6997907766917886,-0.7922631346359809,TIME_LIMIT,13980,0,0,23,22
4,12,180316.0,-1.6997857253228905,-0.7922631346359809,TIME_LIMIT,14041,0,0,30,14
4,12,180873.0,-1.6997857253228905,-0.7922631346359809,TIME_LIMIT,14076,0,0,38,18
4,12,181455.0,-1.699782132782327,-0.7922631346359809,TIME_LIMIT,14131,0,0,35,10
4,12,182041.0,-1.699782132782327,-0.7922631346359809,TIME_LIMIT,14167,0,0,51,20
4,12,182646.0,-1.6994736744243675,-0.7922631346359809,TIME_LIMIT,14221,0,0,23,6
4,12,183199.0,-1.6994736744243675,-0.7922631346359809,TIME_LIMIT,14250,0,0,44,31
4,12,183782.0,-1.698983056182935,-0.7922631346359809,TIME_LIMIT,14302,0,0,34,12
4,12,184163.0,-1.698983056182935,-0.7922631346359809,TIME_LIMIT,14335,0,0,30,13
4,12,184741.0,-1.6986148083694472,-0.7922631346359809,TIME_LIMIT,14384,0,0,32,13
4,12,185323.0,-1.6986148083694472,-0.7922631346359809,TIME_LIMIT,14417,0,0,46,34
4,12,186018.0,-1.6982227852790293,-0.7922631346359809,TIME_LIMIT,14468,0,0,30,9
4,12,186683.0,-1.6982227852790293,-0.7922631346359809,TIME_LIMIT,14500,0,0,36,13
4,12,187249.0,-1.6981019034344904,-0.7922631346359809,TIME_LIMIT,14548,0,0,30,10
4,12,187840.0,-1.6981019034344904,-0.7922631346359809,TIME_LIMIT,14584,0,0,45,27
4,12,188419.0,-1.6978171016505017,-0.7922631346359809,TIME_LIMIT,14638,0,0,38,11
4,12,188992.0,-1.6978171016505017,-0.7922631346359809,TIME_LIMIT,14672,0,0,23,10
4,12,189487.0,-1.6972248376280084,-0.7922631346359809,TIME_LIMIT,14717,0,0,39,3
4,12,190075.0,-1.6972248376280084,-0.7922631346359809,TIME_LIMIT,14744,0,0,38,14
4,12,190631.0,-1.6970991728071363,-0.7922631346359809,TIME_LIMIT,14797,0,0,33,11
4,12,191213.0,-1.6970991728071363,-0.7922631346359809,TIME_LIMIT,14829,0,0,45,35
4,12,191824.0,-1.6969446175444494,-0.7922631346359809,TIME_LIMIT,14890,0,0,40,18
4,12,192407.0,-1.6969446175444494,-0.7922631346359809,TIME_LIMIT,14928,0,0,45,34
4,12,192961.0,-1.696395714358631,-0.7922631346359809,TIME_LIMIT,14984,0,0,34,9
4,12,193486.0,-1.696395714358631,-0.7922631346359809,TIME_LIMIT,15025,0,0,51,28
4,12,194037.0,-1.6960371521815518,-0.7922631346359809,TIME_LIMIT,15075,0,0,32,19
4,12,194660.0,-1.6960371521815518,-0.7922631346359809,TIME_LIMIT,15113,0,0,38,24
4,12,195342.0,-1.6953565416851526,-0.7922631346359809,TIME_LIMIT,15166,0,0,33,11
4,12,196005.0,-1.6953565416851526,-0.7922631346359809,TIME_LIMIT,15200,0,0,40,27
4,12,196573.0,-1.695178318307337,-0.7922631346359809,TIME_LIMIT,15249,0,0,34,20
4,12,197168.0,-1.695178318307337,-0.7922631346359809,TIME_LIMIT,15278,0,0,40,26
4,12,197753.0,-1.6950236155141913,-0.7922631346359809,TIME_LIMIT,15330,0,0,32,13
4,12,198332.0,-1.6950236155141913,-0.7922631346359809,TIME_LIMIT,15359,0,0,35,17
4,12,198856.0,-1.6950147597639584,-0.7922631346359809,TIME_LIMIT,15413,0,0,28,12
4,12,199467.0,-1.6950147597639584,-0.7922631346359809,TIME_LIMIT,15439,0,0,26,21
4,12,200048.0,-1.6949230729542666,-0.7922631346359809,TIME_LIMIT,15492,0,0,37,12
4,12,200365.0,-1.6949230729542666,-0.7922631346359809,TIME_LIMIT,15523,0,0,55,46
4,12,200952.0,-1.6948520519203454,-0.7922631346359809,TIME_LIMIT,15585,0,0,42,14
4,12,201552.0,-1.6948520519203454,-0.7922631346359809,TIME_LIMIT,15622,0,0,39,19
4,12,202104.0,-1.6947293990380279,-0.7922631346359809,TIME_LIMIT,15680,0,0,37,12
4,12,202688.0,-1.6947293990380279,-0.7922631346359809,TIME_LIMIT,15711,0,0,36,20
4,12,203292.0,-1.6945533304873688,-0.7922631346359809,TIME_LIMIT,15754,0,0,30,13
4,12,203819.0,-1.6945533304873688,-0.7922631346359809,TIME_LIMIT,15798,0,0,47,25
4,12,204444.0,-1.6943964239632263,-0.7922631346359809,TIME_LIMIT,15851,0,0,30,7
4,12,205124.0,-1.6943964239632263,-0.7922631346359809,TIME_LIMIT,15887,0,0,42,29
4,12,205782.0,-1.6941515523762822,-0.7922631346359809,TIME_LIMIT,15938,0,0,29,17
4,12,206290.0,-1.6941515523762822,-0.7922631346359809,TIME_LIMIT,15974,0,0,22,29
4,12,206881.0,-1.6939999426766514,-0.7922631346359809,TIME_LIMIT,16027,0,0,29,16
4,12,207473.0,-1.6939999426766514,-0.7922631346359809,TIME_LIMIT,16057,0,0,49,73
4,12,208058.0,-1.693460057055613,-0.7922631346359809,TIME_LIMIT,16113,0,0,34,14
4,12,208633.0,-1.693460057055613,-0.7922631346359809,TIME_LIMIT,16143,0,0,39,27
4,12,209224.0,-1.6934060690898307,-0.7922631346359809,TIME_LIMIT,16196,0,0,33,7
4,12,209791.0,-1.6934060690898307,-0.7922631346359809,TIME_LIMIT,16234,0,0,46,28
4,12,210371.0,-1.6932244158486203,-0.7922631346359809,TIME_LIMIT,16289,0,0,35,17
4,12,210954.0,-1.6932244158486203,-0.7922631346359809,TIME_LIMIT,16316,0,0,38,52
4,12,211534.0,-1.6928737675586236,-0.7922631346359809,TIME_LIMIT,16367,0,0,35,10
4,12,212068.0,-1.6928737675586236,-0.7922631346359809,TIME_LIMIT,16406,0,0,32,5
4,12,212324.0,-1.692866858128431,-0.7922631346359809,TIME_LIMIT,16438,0,0,36,16
4,12,212905.0,-1.692866858128431,-0.7922631346359809,TIME_LIMIT,16475,0,0,46,20
4,12,213457.0,-1.6927528546179462,-0.7922631346359809,TIME_LIMIT,16533,0,0,34,13
4,12,214036.0,-1.6927528546179462,-0.7922631346359809,TIME_LIMIT,16566,0,0,43,19
4,12,214683.0,-1.6925228809455182,-0.7922631346359809,TIME_LIMIT,16617,0,0,29,15
4,12,215355.0,-1.6925228809455182,-0.7922631346359809,TIME_LIMIT,16647,0,0,27,22
4,12,215966.0,-1.6924214983759789,-0.7922631346359809,TIME_LIMIT,16708,0,0,33,12
4,12,216530.0,-1.6924214983759789,-0.7922631346359809,TIME_LIMIT,16736,0,0,40,19
4,12,217122.0,-1.6922956530027158,-0.7922631346359809,TIME_LIMIT,16789,0,0,16,8
4,12,217684.0,-1.6922956530027158,-0.7922631346359809,TIME_LIMIT,16830,0,0,35,21
4,12,218267.0,-1.6922684579745668,-0.7922631346359809,TIME_LIMIT,16884,0,0,38,8
4,12,218765.0,-1.6922684579745668,-0.7922631346359809,TIME_LIMIT,16917,0,0,48,33
4,12,219340.0,-1.6922473270670317,-0.7922631346359809,TIME_LIMIT,16968,0,0,40,11
4,12,219930.0,-1.6922473270670317,-0.7922631346359809,TIME_LIMIT,17001,0,0,36,23
4,12,220528.0,-1.6921859987064698,-0.7922631346359809,TIME_LIMIT,17052,0,0,37,16
4,12,221078.0,-1.6921859987064698,-0.7922631346359809,TIME_LIMIT,17082,0,0,44,24
4,12,221659.0,-1.6919726280408487,-0.7922631346359809,TIME_LIMIT,17136,0,0,33,11
4,12,222270.0,-1.6919726280408487,-0.7922631346359809,TIME_LIMIT,17164,0,0,42,51
4,12,222851.0,-1.6919566064237777,-0.7922631346359809,TIME_LIMIT,17220,0,0,39,12
4,12,223404.0,-1.6919566064237777,-0.7922631346359809,TIME_LIMIT,17246,0,0,50,50
4,12,223984.0,-1.6918635125754324,-0.7922631346359809,TIME_LIMIT,17299,0,0,29,8
4,12,224565.0,-1.6918635125754324,-0.7922631346359809,TIME_LIMIT,17325,0,0,48,47
4,12,225146.0,-1.6917031110485854,-0.7922631346359809,TIME_LIMIT,17380,0,0,35,15
4,12,225805.0,-1.6917031110485854,-0.7922631346359809,TIME_LIMIT,17415,0,0,36,25
4,12,226466.0,-1.6916416767333076,-0.7922631346359809,TIME_LIMIT,17467,0,0,30,15
4,12,227086.0,-1.6916416767333076,-0.7922631346359809,TIME_LIMIT,17502,0,0,42,26
4,12,227646.0,-1.691533897889794,-0.7922631346359809,TIME_LIMIT,17548,0,0,27,17
4,12,228009.0,-1.691533897889794,-0.7922631346359809,TIME_LIMIT,17582,0,0,38,16
4,12,228486.0,-1.6914628831966074,-0.7922631346359809,TIME_LIMIT,17635,0,0,37,16
4,12,229074.0,-1.6914628831966074,-0.7922631346359809,TIME_LIMIT,17661,0,0,33,27
4,12,229656.0,-1.691397530776799,-0.7922631346359809,TIME_LIMIT,17713,0,0,35,13
4,12,230205.0,-1.691397530776799,-0.7922631346359809,TIME_LIMIT,17740,0,0,39,37
4,12,230784.0,-1.6911871985168538,-0.7922631346359809,TIME_LIMIT,17785,0,0,18,8
4,12,231358.0,-1.6911871985168538,-0.7922631346359809,TIME_LIMIT,17814,0,0,32,22
4,12,231949.0,-1.6910979644264728,-0.7922631346359809,TIME_LIMIT,17865,0,0,29,10
4,12,232517.0,-1.6910979644264728,-0.7922631346359809,TIME_LIMIT,17894,0,0,35,28
4,12,233100.0,-1.6910678161601396,-0.7922631346359809,TIME_LIMIT,17947,0,0,27,12
4,12,233571.0,-1.6910678161601396,-0.7922631346359809,TIME_LIMIT,17978,0,0,40,14
4,12,234183.0,-1.6904480739521526,-0.7922631346359809,TIME_LIMIT,18030,0,0,33,9
4,12,234760.0,-1.6904480739521526,-0.7922631346359809,TIME_LIMIT,18066,0,0,36,35
4,12,235315.0,-1.690446750873726,-0.7922631346359809,TIME_LIMIT,18104,0,0,40,19
4,12,235897.0,-1.690446750873726,-0.7922631346359809,TIME_LIMIT,18139,0,0,16,26
4,12,236474.0,-1.6901803301574758,-0.7922631346359809,TIME_LIMIT,18192,0,0,33,13
4,12,237097.0,-1.6901803301574758,-0.7922631346359809,TIME_LIMIT,18220,0,0,44,52
4,12,237835.0,-1.6901664948486774,-0.7922631346359809,TIME_LIMIT,18273,0,0,31,9
4,12,238620.0,-1.6901664948486774,-0.7922631346359809,TIME_LIMIT,18301,0,0,43,38
4,12,239328.0,-1.6901209646663755,-0.7922631346359809,TIME_LIMIT,18355,0,0,37,17
4,12,239909.0,-1.6901209646663755,-0.7922631346359809,TIME_LIMIT,18388,0,0,41,26
4,12,240515.0,-1.6900093975322967,-0.7922631346359809,TIME_LIMIT,18443,0,0,34,12
4,12,241113.0,-1.6900093975322967,-0.7922631346359809,TIME_LIMIT,18474,0,0,43,19
4,12,241561.0,-1.6896826173404347,-0.7922631346359809,TIME_LIMIT,18531,0,0,38,8
4,12,242166.0,-1.6896826173404347,-0.7922631346359809,TIME_LIMIT,18565,0,0,42,20
4,12,242734.0,-1.689681901702578,-0.7922631346359809,TIME_LIMIT,18618,0,0,24,8
4,12,243287.0,-1.689681901702578,-0.7922631346359809,TIME_LIMIT,18655,0,0,35,21
4,12,243868.0,-1.6896685520715562,-0.7922631346359809,TIME_LIMIT,18700,0,0,28,14
4,12,244443.0,-1.6896685520715562,-0.7922631346359809,TIME_LIMIT,18734,0,0,35,20
4,12,245042.0,-1.6895998618980959,-0.7922631346359809,TIME_LIMIT,18788,0,0,33,9
4,12,245624.0,-1.6895998618980959,-0.7922631346359809,TIME_LIMIT,18834,0,0,41,28
4,12,246183.0,-1.6894831253868523,-0.7922631346359809,TIME_LIMIT,18878,0,0,45,14
4,12,246764.0,-1.6894831253868523,-0.7922631346359809,TIME_LIMIT,18911,0,0,48,50
4,12,247342.0,-1.6894654942831793,-0.7922631346359809,TIME_LIMIT,18968,0,0,37,15
4,12,248011.0,-1.6894654942831793,-0.7922631346359809,TIME_LIMIT,19000,0,0,36,23
4,12,248790.0,-1.6894588943912447,-0.7922631346359809,TIME_LIMIT,19055,0,0,34,8
4,12,249576.0,-1.6894588943912447,-0.7922631346359809,TIME_LIMIT,19081,0,0,37,44
4,12,250206.0,-1.6893744792111896,-0.7922631346359809,TIME_LIMIT,19134,0,0,36,12
4,12,250812.0,-1.6893744792111896,-0.7922631346359809,TIME_LIMIT,19169,0,0,39,27
4,12,251201.0,-1.688970673418174,-0.7922631346359809,TIME_LIMIT,19226,0,0,33,10
4,12,251793.0,-1.688970673418174,-0.7922631346359809,TIME_LIMIT,19258,0,0,39,25
4,12,252354.0,-1.6887328199630185,-0.7922631346359809,TIME_LIMIT,19314,0,0,36,11
4,12,252933.0,-1.6887328199630185,-0.7922631346359809,TIME_LIMIT,19349,0,0,40,19
4,12,253556.0,-1.6885937501078165,-0.7922631346359809,TIME_LIMIT,19404,0,0,34,12
4,12,254139.0,-1.6885937501078165,-0.7922631346359809,TIME_LIMIT,19438,0,0,36,27
4,12,254693.0,-1.6884583836962792,-0.7922631346359809,TIME_LIMIT,19492,0,0,36,15
4,12,255286.0,-1.6884583836962792,-0.7922631346359809,TIME_LIMIT,19521,0,0,50,67
4,12,255901.0,-1.6882177511546266,-0.7922631346359809,TIME_LIMIT,19576,0,0,32,10
4,12,256452.0,-1.6882177511546266,-0.7922631346359809,TIME_LIMIT,19614,0,0,36,21
4,12,257034.0,-1.6882069998334777,-0.7922631346359809,TIME_LIMIT,19664,0,0,28,8
4,12,257486.0,-1.6882069998334777,-0.7922631346359809,TIME_LIMIT,19703,0,0,41,14
4,12,257905.0,-1.687744616905077,-0.7922631346359809,TIME_LIMIT,19757,0,0,35,7
4,12,258509.0,-1.687744616905077,-0.7922631346359809,TIME_LIMIT,19792,0,0,41,23
4,12,259277.0,-1.687610153352739,-0.7922631346359809,TIME_LIMIT,19830,0,0,30,16
4,12,260020.0,-1.687610153352739,-0.7922631346359809,TIME_LIMIT,19866,0,0,43,30
4,12,260749.0,-1.6875884694342667,-0.7922631346359809,TIME_LIMIT,19919,0,0,34,13
4,12,261357.0,-1.6875884694342667,-0.7922631346359809,TIME_LIMIT,19952,0,0,37,20
4,12,261953.0,-1.6874790947146794,-0.7922631346359809,TIME_LIMIT,19990,0,0,43,11
4,12,262406.0,-1.6874790947146794,-0.7922631346359809,TIME_LIMIT,20027,0,0,56,24
4,12,262973.0,-1.6872352972568154,-0.7922631346359809,TIME_LIMIT,20079,0,0,15,8
4,12,263559.0,-1.6872352972568154,-0.7922631346359809,TIME_LIMIT,20117,0,0,38,13
4,12,264191.0,-1.6872209013602513,-0.7922631346359809,TIME_LIMIT,20159,0,0,38,13
4,12,264741.0,-1.6872209013602513,-0.7922631346359809,TIME_LIMIT,20193,0,0,39,20
4,12,265325.0,-1.6866017054198834,-0.7922631346359809,TIME_LIMIT,20249,0,0,37,14
4,12,265940.0,-1.6866017054198834,-0.7922631346359809,TIME_LIMIT,20284,0,0,34,19
4,12,266344.0,-1.6865335562112107,-0.7922631346359809,TIME_LIMIT,20335,0,0,29,18
4,12,266810.0,-1.6865335562112107,-0.7922631346359809,TIME_LIMIT,20369,0,0,40,24
4,12,267389.0,-1.6860386242351273,-0.7922631346359809,TIME_LIMIT,20414,0,0,32,5
4,12,267945.0,-1.6860386242351273,-0.7922631346359809,TIME_LIMIT,20449,0,0,37,31
4,12,268527.0,-1.6857993528479034,-0.7922631346359809,TIME_LIMIT,20497,0,0,34,12
4,12,269210.0,-1.6857993528479034,-0.7922631346359809,TIME_LIMIT,20520,0,0,39,47
4,12,269986.0,-1.685769116363217,-0.7922631346359809,TIME_LIMIT,20577,0,0,28,8
4,12,270665.0,-1.685769116363217,-0.7922631346359809,TIME_LIMIT,20611,0,0,54,34
4,12,271344.0,-1.6857154935688308,-0.7922631346359809,TIME_LIMIT,20662,0,0,35,7
4,12,271933.0,-1.6857154935688308,-0.7922631346359809,TIME_LIMIT,20694,0,0,47,56
4,12,272541.0,-1.6849293059510606,-0.7922631346359809,TIME_LIMIT,20746,0,0,34,22
4,12,273143.0,-1.6849293059510606,-0.7922631346359809,TIME_LIMIT,20790,0,0,49,28
4,12,273726.0,-1.6847957856175624,-0.7922631346359809,TIME_LIMIT,20829,0,0,43,32
4,12,274325.0,-1.6847957856175624,-0.7922631346359809,TIME_LIMIT,20859,0,0,39,15
4,12,274904.0,-1.6847216800605092,-0.7922631346359809,TIME_LIMIT,20915,0,0,32,9
4,12,275487.0,-1.6847216800605092,-0.7922631346359809,TIME_LIMIT,20943,0,0,45,34
4,12,276057.0,-1.6846168648804896,-0.7922631346359809,TIME_LIMIT,21001,0,0,36,10
4,12,276671.0,-1.6846168648804896,-0.7922631346359809,TIME_LIMIT,21031,0,0,34,32
4,12,277251.0,-1.6845114126957812,-0.7922631346359809,TIME_LIMIT,21083,0,0,30,9
4,12,277805.0,-1.6845114126957812,-0.7922631346359809,TIME_LIMIT,21108,0,0,37,24
4,12,278407.0,-1.683747526397307,-0.7922631346359809,TIME_LIMIT,21159,0,0,31,7
4,12,279010.0,-1.683747526397307,-0.7922631346359809,TIME_LIMIT,21190,0,0,41,24
4,12,279591.0,-1.6833027454495408,-0.7922631346359809,TIME_LIMIT,21246,0,0,36,7
4,12,280146.0,-1.6833027454495408,-0.7922631346359809,TIME_LIMIT,21280,0,0,46,29
4,12,280754.0,-1.68318658637485,-0.7922631346359809,TIME_LIMIT,21329,0,0,32,12
4,12,281256.0,-1.68318658637485,-0.7922631346359809,TIME_LIMIT,21363,0,0,39,13
4,12,281875.0,-1.683055472513595,-0.7922631346359809,TIME_LIMIT,21415,0,0,29,16
4,12,282609.0,-1.683055472513595,-0.7922631346359809,TIME_LIMIT,21447,0,0,37,29
4,12,283392.0,-1.682200370471731,-0.7922631346359809,TIME_LIMIT,21496,0,0,31,15
4,12,284030.0,-1.682200370471731,-0.7922631346359809,TIME_LIMIT,21529,0,0,48,24
4,12,284631.0,-1.6821570203621188,-0.7922631346359809,TIME_LIMIT,21583,0,0,39,17
4,12,285258.0,-1.6821570203621188,-0.7922631346359809,TIME_LIMIT,21607,0,0,37,37
4,12,285856.0,-1.681504253308008,-0.7922631346359809,TIME_LIMIT,21663,0,0,29,18
4,12,286444.0,-1.681504253308008,-0.7922631346359809,TIME_LIMIT,21694,0,0,43,21
4,12,287044.0,-1.6813163325002032,-0.7922631346359809,TIME_LIMIT,21749,0,0,30,7
4,12,287626.0,-1.6813163325002032,-0.7922631346359809,TIME_LIMIT,21776,0,0,48,39
4,12,288209.0,-1.6812689759484098,-0.7922631346359809,TIME_LIMIT,21836,0,0,38,13
4,12,288796.0,-1.6812689759484098,-0.7922631346359809,TIME_LIMIT,21865,0,0,41,11
4,12,289255.0,-1.6811570074514826,-0.7922631346359809,TIME_LIMIT,21922,0,0,37,6
4,12,289681.0,-1.6811570074514826,-0.7922631346359809,TIME_LIMIT,21966,0,0,40,13
4,12,290264.0,-1.6811185339121226,-0.7922631346359809,TIME_LIMIT,22024,0,0,31,12
4,12,290848.0,-1.6811185339121226,-0.7922631346359809,TIME_LIMIT,22055,0,0,36,31
4,12,291448.0,-1.680988900027504,-0.7922631346359809,TIME_LIMIT,22107,0,0,30,9
4,12,292028.0,-1.680988900027504,-0.7922631346359809,TIME_LIMIT,22136,0,0,33,27
4,12,292609.0,-1.6809643121157858,-0.7922631346359809,TIME_LIMIT,22189,0,0,26,10
4,12,293194.0,-1.6809643121157858,-0.7922631346359809,TIME_LIMIT,22222,0,0,39,39
4,12,293789.0,-1.6809349719345963,-0.7922631346359809,TIME_LIMIT,22273,0,0,12,10
4,12,294370.0,-1.6809349719345963,-0.7922631346359809,TIME_LIMIT,22298,0,0,41,31
4,12,294952.0,-1.6809020923345577,-0.7922631346359809,TIME_LIMIT,22347,0,0,31,21
4,12,295505.0,-1.6809020923345577,-0.7922631346359809,TIME_LIMIT,22381,0,0,42,18
4,12,296085.0,-1.6807660408590859,-0.7922631346359809,TIME_LIMIT,22436,0,0,39,6
4,12,296413.0,-1.6807660408590859,-0.7922631346359809,TIME_LIMIT,22467,0,0,35,28
4,12,297118.0,-1.680709718809397,-0.7922631346359809,TIME_LIMIT,22512,0,0,26,5
4,12,297643.0,-1.680709718809397,-0.7922631346359809,TIME_LIMIT,22545,0,0,37,25
4,12,298419.0,-1.6806399850609255,-0.7922631346359809,TIME_LIMIT,22595,0,0,32,7
4,12,299049.0,-1.6806399850609255,-0.7922631346359809,TIME_LIMIT,22631,0,0,16,13
4,12,299621.0,-1.6806303726941108,-0.7922631346359809,TIME_LIMIT,22694,0,0,36,11
4,12,300224.0,-1.6806303726941108,-0.7922631346359809,TIME_LIMIT,22726,0,0,44,40
4,12,300787.0,-1.680300054438745,-0.7922631346359809,TIME_LIMIT,22784,0,0,34,9
4,12,301294.0,-1.680300054438745,-0.7922631346359809,TIME_LIMIT,22816,0,0,43,17
4,12,301850.0,-1.680196420489996,-0.7922631346359809,TIME_LIMIT,22868,0,0,33,9
4,12,302476.0,-1.680196420489996,-0.7922631346359809,TIME_LIMIT,22899,0,0,36,20
4,12,302849.0,-1.6801401282675452,-0.7922631346359809,TIME_LIMIT,22951,0,0,33,9
4,12,303402.0,-1.6801401282675452,-0.7922631346359809,TIME_LIMIT,22993,0,0,44,20
4,12,303925.0,-1.6799613620433678,-0.7922631346359809,TIME_LIMIT,23038,0,0,36,5
4,12,304495.0,-1.6799613620433678,-0.7922631346359809,TIME_LIMIT,23072,0,0,47,34
4,12,305072.0,-1.6799155764299574,-0.7922631346359809,TIME_LIMIT,23122,0,0,36,21
4,12,305657.0,-1.6799155764299574,-0.7922631346359809,TIME_LIMIT,23157,0,0,40,29
4,12,306241.0,-1.6792552588173963,-0.7922631346359809,TIME_LIMIT,23207,0,0,33,15
4,12,306842.0,-1.6792552588173963,-0.7922631346359809,TIME_LIMIT,23239,0,0,48,45
4,12,307419.0,-1.6791499921343056,-0.7922631346359809,TIME_LIMIT,23292,0,0,28,11
4,12,307927.0,-1.6791499921343056,-0.7922631346359809,TIME_LIMIT,23318,0,0,35,24
4,12,308503.0,-1.6791489238975068,-0.7922631346359809,TIME_LIMIT,23363,0,0,26,3
4,12,309080.0,-1.6791489238975068,-0.7922631346359809,TIME_LIMIT,23389,0,0,40,18
4,12,309666.0,-1.678417870228166,-0.7922631346359809,TIME_LIMIT,23443,0,0,35,9
4,12,310448.0,-1.678417870228166,-0.7922631346359809,TIME_LIMIT,23470,0,0,40,23
4,12,311228.0,-1.678393074240881,-0.7922631346359809,TIME_LIMIT,23528,0,0,31,18
4,12,311935.0,-1.678393074240881,-0.7922631346359809,TIME_LIMIT,23558,0,0,49,20
4,12,312512.0,-1.6783135220241114,-0.7922631346359809,TIME_LIMIT,23608,0,0,32,11
4,12,313116.0,-1.6783135220241114,-0.7922631346359809,TIME_LIMIT,23638,0,0,48,31
4,12,313709.0,-1.6782314738745419,-0.7922631346359809,TIME_LIMIT,23692,0,0,34,10
4,12,314170.0,-1.6782314738745419,-0.7922631346359809,TIME_LIMIT,23728,0,0,53,24
4,12,314752.0,-1.6780475618765078,-0.7922631346359809,TIME_LIMIT,23781,0,0,26,7
4,12,315353.0,-1.6780475618765078,-0.7922631346359809,TIME_LIMIT,23812,0,0,37,25
4,12,315932.0,-1.6780158485420313,-0.7922631346359809,TIME_LIMIT,23866,0,0,29,11
4,12,316318.0,-1.6780158485420313,-0.7922631346359809,TIME_LIMIT,23894,0,0,39,11
4,12,316880.0,-1.6779539863768138,-0.7922631346359809,TIME_LIMIT,23948,0,0,35,14
4,12,317495.0,-1.6779539863768138,-0.7922631346359809,TIME_LIMIT,23989,0,0,41,14
4,12,318074.0,-1.6779234340696845,-0.7922631346359809,TIME_LIMIT,24032,0,0,40,13
4,12,318527.0,-1.6779234340696845,-0.7922631346359809,TIME_LIMIT,24063,0,0,48,20
4,12,319132.0,-1.677658591632445,-0.7922631346359809,TIME_LIMIT,24115,0,0,23,11
4,12,319685.0,-1.677658591632445,-0.7922631346359809,TIME_LIMIT,24144,0,0,39,16
4,12,320325.0,-1.6775403829955362,-0.7922631346359809,TIME_LIMIT,24196,0,0,35,11
4,12,320900.0,-1.6775403829955362,-0.7922631346359809,TIME_LIMIT,24232,0,0,41,16
4,12,321536.0,-1.677435857835153,-0.7922631346359809,TIME_LIMIT,24287,0,0,35,8
4,12,322299.0,-1.677435857835153,-0.7922631346359809,TIME_LIMIT,24313,0,0,36,14
4,12,322921.0,-1.677119339940862,-0.7922631346359809,TIME_LIMIT,24367,0,0,32,17
4,12,323538.0,-1.677119339940862,-0.7922631346359809,TIME_LIMIT,24402,0,0,21,7
4,12,324141.0,-1.676647746272958,-0.7922631346359809,TIME_LIMIT,24442,0,0,36,13
4,12,324735.0,-1.676647746272958,-0.7922631346359809,TIME_LIMIT,24468,0,0,40,30
4,12,325315.0,-1.6765384832638817,-0.7922631346359809,TIME_LIMIT,24525,0,0,32,11
4,12,325915.0,-1.6765384832638817,-0.7922631346359809,TIME_LIMIT,24555,0,0,46,23
4,12,326496.0,-1.6764256489423566,-0.7922631346359809,TIME_LIMIT,24607,0,0,32,11
4,12,327076.0,-1.6764256489423566,-0.7922631346359809,TIME_LIMIT,24640,0,0,37,17
4,12,327703.0,-1.6762966976910014,-0.7922631346359809,TIME_LIMIT,24689,0,0,34,10
4,12,328131.0,-1.6762966976910014,-0.7922631346359809,TIME_LIMIT,24718,0,0,56,32
4,12,328713.0,-1.6762282458627293,-0.7922631346359809,TIME_LIMIT,24767,0,0,29,10
4,12,329296.0,-1.6762282458627293,-0.7922631346359809,TIME_LIMIT,24803,0,0,39,29
4,12,329696.0,-1.6761899606098032,-0.7922631346359809,TIME_LIMIT,24857,0,0,28,8
4,12,330246.0,-1.6761899606098032,-0.7922631346359809,TIME_LIMIT,24889,0,0,36,18
4,12,330935.0,-1.6759209338754342,-0.7922631346359809,TIME_LIMIT,24944,0,0,37,10
4,12,331709.0,-1.6759209338754342,-0.7922631346359809,TIME_LIMIT,24979,0,0,37,4
4,12,332375.0,-1.6756735875511213,-0.7922631346359809,TIME_LIMIT,25020,0,0,48,7
4,12,333052.0,-1.6756735875511213,-0.7922631346359809,TIME_LIMIT,25046,0,0,38,35
4,12,333632.0,-1.675441513192895,-0.7922631346359809,TIME_LIMIT,25102,0,0,34,9
4,12,334239.0,-1.675441513192895,-0.7922631346359809,TIME_LIMIT,25135,0,0,38,40
4,12,334832.0,-1.6751709485030704,-0.7922631346359809,TIME_LIMIT,25188,0,0,27,6
4,12,335410.0,-1.6751709485030704,-0.7922631346359809,TIME_LIMIT,25221,0,0,37,15
4,12,335972.0,-1.6750524587240738,-0.7922631346359809,TIME_LIMIT,25271,0,0,32,15
4,12,336594.0,-1.6750524587240738,-0.7922631346359809,TIME_LIMIT,25302,0,0,42,28
4,12,337181.0,-1.6748764504585418,-0.7922631346359809,TIME_LIMIT,25354,0,0,30,8
4,12,337739.0,-1.6748764504585418,-0.7922631346359809,TIME_LIMIT,25391,0,0,37,14
4,12,338095.0,-1.674866619933283,-0.7922631346359809,TIME_LIMIT,25426,0,0,26,5
4,12,338710.0,-1.674866619933283,-0.7922631346359809,TIME_LIMIT,25458,0,0,41,19
4,12,339271.0,-1.674780049656267,-0.8395976366095339,TIME_LIMIT,25512,0,0,32,11
4,12,339709.0,-1.674780049656267,-0.8395976366095339,TIME_LIMIT,25546,0,0,39,46
4,12,340290.0,-1.6743825254641835,-0.8395976366095339,TIME_LIMIT,25601,0,0,35,17
4,12,340874.0,-1.6743825254641835,-0.8395976366095339,TIME_LIMIT,25632,0,0,43,20
4,12,341455.0,-1.6743609610805172,-0.8395976366095339,TIME_LIMIT,25680,0,0,32,12
4,12,342229.0,-1.6743609610805172,-0.8395976366095339,TIME_LIMIT,25713,0,0,53,34
4,12,343013.0,-1.6741174628578368,-0.8395976366095339,TIME_LIMIT,25767,0,0,27,21
4,12,343704.0,-1.6741174628578368,-0.8395976366095339,TIME_LIMIT,25795,0,0,41,46
4,12,344325.0,-1.673950053567026,-0.8395976366095339,TIME_LIMIT,25852,0,0,35,14
4,12,344935.0,-1.673950053567026,-0.8395976366095339,TIME_LIMIT,25885,0,0,49,37
4,12,345530.0,-1.6738620628400533,-0.8395976366095339,TIME_LIMIT,25941,0,0,39,13
4,12,346089.0,-1.6738620628400533,-0.8395976366095339,TIME_LIMIT,25976,0,0,46,25
4,12,346606.0,-1.6735530532070273,-0.8395976366095339,TIME_LIMIT,26034,0,0,31,8
4,12,347213.0,-1.6735530532070273,-0.8395976366095339,TIME_LIMIT,26073,0,0,34,25
4,12,347807.0,-1.6735437759352447,-0.8395976366095339,TIME_LIMIT,26110,0,0,33,7
4,12,348337.0,-1.6735437759352447,-0.8395976366095339,TIME_LIMIT,26144,0,0,48,24
4,12,348933.0,-1.6732466380333602,-0.8395976366095339,TIME_LIMIT,26195,0,0,31,9
4,12,349569.0,-1.6732466380333602,-0.8395976366095339,TIME_LIMIT,26221,0,0,37,24
4,12,350165.0,-1.6731813603296377,-0.8395976366095339,TIME_LIMIT,26269,0,0,32,12
4,12,350724.0,-1.6731813603296377,-0.8395976366095339,TIME_LIMIT,26307,0,0,35,29
4,12,351196.0,-1.6731581549419312,-0.8395976366095339,TIME_LIMIT,26364,0,0,34,8
4,12,351790.0,-1.6731581549419312,-0.8395976366095339,TIME_LIMIT,26392,0,0,36,36
4,12,352494.0,-1.6728730649730406,-0.8395976366095339,TIME_LIMIT,26445,0,0,27,10
4,12,353280.0,-1.6728730649730406,-0.8395976366095339,TIME_LIMIT,26471,0,0,36,15
4,12,354031.0,-1.672865922629644,-0.8395976366095339,TIME_LIMIT,26530,0,0,34,9
4,12,354673.0,-1.672865922629644,-0.8395976366095339,TIME_LIMIT,26561,0,0,36,22
4,12,355281.0,-1.6728225087326,-0.8395976366095339,TIME_LIMIT,26609,0,0,30,9
4,12,355855.0,-1.6728225087326,-0.8395976366095339,TIME_LIMIT,26639,0,0,38,17
4,12,356450.0,-1.6726782740102075,-0.8395976366095339,TIME_LIMIT,26689,0,0,34,6
4,12,357033.0,-1.6726782740102075,-0.8395976366095339,TIME_LIMIT,26717,0,0,43,47
4,12,357646.0,-1.672411138294225,-0.8395976366095339,TIME_LIMIT,26765,0,0,35,10
4,12,358259.0,-1.672411138294225,-0.8395976366095339,TIME_LIMIT,26797,0,0,53,24
4,12,358861.0,-1.6724069178325134,-0.8395976366095339,TIME_LIMIT,26847,0,0,27,7
4,12,359469.0,-1.6724069178325134,-0.8395976366095339,TIME_LIMIT,26879,0,0,41,18
4,12,360063.0,-1.6723918803930788,-0.8395976366095339,TIME_LIMIT,26926,0,0,27,9
4,12,360659.0,-1.6723918803930788,-0.8395976366095339,TIME_LIMIT,26952,0,0,38,37
4,12,361252.0,-1.6723236556698826,-0.8395976366095339,TIME_LIMIT,27004,0,0,37,12
4,12,361813.0,-1.6723236556698826,-0.8395976366095339,TIME_LIMIT,27037,0,0,18,20
4,12,362628.0,-1.6720293271144615,-0.8395976366095339,TIME_LIMIT,27093,0,0,33,10
4,12,363370.0,-1.6720293271144615,-0.8395976366095339,TIME_LIMIT,27125,0,0,41,20
4,12,364108.0,-1.6720075453195493,-0.8395976366095339,TIME_LIMIT,27173,0,0,27,7
4,12,364497.0,-1.6720075453195493,-0.8395976366095339,TIME_LIMIT,27205,0,0,42,18
4,12,365114.0,-1.6717627664587729,-0.8395976366095339,TIME_LIMIT,27254,0,0,34,13
4,12,365688.0,-1.6717627664587729,-0.8395976366095339,TIME_LIMIT,27288,0,0,47,26
4,12,366290.0,-1.67174180171446,-0.8395976366095339,TIME_LIMIT,27327,0,0,35,12
4,12,366818.0,-1.67174180171446,-0.8395976366095339,TIME_LIMIT,27367,0,0,37,19
4,12,367344.0,-1.6715659450715432,-0.8395976366095339,TIME_LIMIT,27422,0,0,37,12
4,12,367864.0,-1.6715659450715432,-0.8395976366095339,TIME_LIMIT,27450,0,0,36,20
4,12,368491.0,-1.6712853747060115,-0.8395976366095339,TIME_LIMIT,27500,0,0,30,7
4,12,369091.0,-1.6712853747060115,-0.8395976366095339,TIME_LIMIT,27536,0,0,49,67
4,12,369678.0,-1.6712759013425456,-0.8395976366095339,TIME_LIMIT,27589,0,0,22,9
4,12,370288.0,-1.6712759013425456,-0.8395976366095339,TIME_LIMIT,27615,0,0,45,35
4,12,370886.0,-1.6711965610391937,-0.8395976366095339,TIME_LIMIT,27665,0,0,29,14
4,12,371351.0,-1.6711965610391937,-0.8395976366095339,TIME_LIMIT,27702,0,0,47,21
4,12,371955.0,-1.6711076600356538,-0.8395976366095339,TIME_LIMIT,27754,0,0,31,22
4,12,372550.0,-1.6711076600356538,-0.8395976366095339,TIME_LIMIT,27789,0,0,50,40
4,12,373150.0,-1.6709412708522609,-0.8395976366095339,TIME_LIMIT,27839,0,0,35,25
4,12,373660.0,-1.6709412708522609,-0.8395976366095339,TIME_LIMIT,27876,0,0,48,22
4,12,374282.0,-1.670918434828069,-0.8395976366095339,TIME_LIMIT,27929,0,0,31,8
4,12,375015.0,-1.670918434828069,-0.8395976366095339,TIME_LIMIT,27962,0,0,49,34
4,12,375659.0,-1.6708814272119439,-0.8395976366095339,TIME_LIMIT,28015,0,0,31,12
4,12,376390.0,-1.6708814272119439,-0.8395976366095339,TIME_LIMIT,28040,0,0,37,15
4,12,376968.0,-1.6708145442899194,-0.8395976366095339,TIME_LIMIT,28093,0,0,36,11
4,12,377568.0,-1.6708145442899194,-0.8395976366095339,TIME_LIMIT,28126,0,0,40,22
4,12,378163.0,-1.670783403649678,-0.8395976366095339,TIME_LIMIT,28175,0,0,31,17
4,12,378728.0,-1.670783403649678,-0.8395976366095339,TIME_LIMIT,28199,0,0,41,25
4,12,379313.0,-1.6705928301851338,-0.8395976366095339,TIME_LIMIT,28252,0,0,36,7
4,12,379894.0,-1.6705928301851338,-0.8395976366095339,TIME_LIMIT,28275,0,0,30,21
4,12,380500.0,-1.6705287734159364,-0.8395976366095339,TIME_LIMIT,28326,0,0,33,4
4,12,381102.0,-1.6705287734159364,-0.8395976366095339,TIME_LIMIT,28361,0,0,46,20
4,12,381701.0,-1.670513794015088,-0.8395976366095339,TIME_LIMIT,28418,0,0,39,7
4,12,382175.0,-1.670513794015088,-0.8395976366095339,TIME_LIMIT,28449,0,0,40,15
4,12,382482.0,-1.6704274520558202,-0.8395976366095339,TIME_LIMIT,28499,0,0,35,8
4,12,383083.0,-1.6704274520558202,-0.8395976366095339,TIME_LIMIT,28526,0,0,40,19
4,12,383680.0,-1.6701960093830879,-0.8395976366095339,TIME_LIMIT,28576,0,0,33,10
4,12,384244.0,-1.6701960093830879,-0.8395976366095339,TIME_LIMIT,28616,0,0,54,23
4,12,384893.0,-1.670140629643151,-0.8395976366095339,TIME_LIMIT,28675,0,0,19,6
4,12,385620.0,-1.670140629643151,-0.8395976366095339,TIME_LIMIT,28707,0,0,44,32
4,12,386334.0,-1.6698918354144983,-0.8395976366095339,TIME_LIMIT,28763,0,0,34,14
4,12,386852.0,-1.6698918354144983,-0.8395976366095339,TIME_LIMIT,28793,0,0,30,12
4,12,387368.0,-1.6698512718378886,-0.8395976366095339,TIME_LIMIT,28843,0,0,31,13
4,12,387943.0,-1.6698512718378886,-0.8395976366095339,TIME_LIMIT,28877,0,0,32,18
4,12,388543.0,-1.6697018696883605,-0.8395976366095339,TIME_LIMIT,28922,0,0,26,7
4,12,389126.0,-1.6697018696883605,-0.8395976366095339,TIME_LIMIT,28966,0,0,45,48
4,12,389677.0,-1.6696749788404104,-0.8395976366095339,TIME_LIMIT,29015,0,0,35,5
4,12,390303.0,-1.6696749788404104,-0.8395976366095339,TIME_LIMIT,29054,0,0,45,22
4,12,390894.0,-1.6694622606309226,-0.8395976366095339,TIME_LIMIT,29104,0,0,22,5
4,12,391465.0,-1.6694622606309226,-0.8643751174232266,TIME_LIMIT,29136,0,0,37,24
4,12,392092.0,-1.6693822597206796,-0.8643751174232266,TIME_LIMIT,29186,0,0,27,8
4,12,392690.0,-1.6693822597206796,-0.8643751174232266,TIME_LIMIT,29225,0,0,45,21
4,12,393258.0,-1.6693332905410603,-0.8643751174232266,TIME_LIMIT,29278,0,0,35,23
4,12,393881.0,-1.6693332905410603,-0.8643751174232266,TIME_LIMIT,29302,0,0,36,34
4,12,394476.0,-1.6693060857669404,-0.8643751174232266,TIME_LIMIT,29352,0,0,14,12
4,12,395079.0,-1.6693060857669404,-0.8643751174232266,TIME_LIMIT,29387,0,0,39,24
4,12,395647.0,-1.669233244110469,-0.8643751174232266,TIME_LIMIT,29425,0,0,31,20
4,12,396245.0,-1.669233244110469,-0.8643751174232266,TIME_LIMIT,29453,0,0,48,30
4,12,397002.0,-1.6691995666021184,-0.8643751174232266,TIME_LIMIT,29505,0,0,33,11
4,12,397702.0,-1.6691995666021184,-0.8643751174232266,TIME_LIMIT,29539,0,0,38,38
4,12,398426.0,-1.6688787046494782,-0.8643751174232266,TIME_LIMIT,29589,0,0,34,13
4,12,399037.0,-1.6688787046494782,-0.8643751174232266,TIME_LIMIT,29622,0,0,20,8
4,12,399611.0,-1.6688512255555596,-0.8643751174232266,TIME_LIMIT,29676,0,0,27,10
4,12,400213.0,-1.6688512255555596,-0.8643751174232266,TIME_LIMIT,29705,0,0,43,50
4,12,400835.0,-1.668577997897254,-0.8643751174232266,TIME_LIMIT,29757,0,0,28,27
4,12,401387.0,-1.668577997897254,-0.8643751174232266,TIME_LIMIT,29789,0,0,23,13
4,12,401992.0,-1.6684710396305724,-0.8643751174232266,TIME_LIMIT,29846,0,0,37,8
4,12,402588.0,-1.6684710396305724,-0.8643751174232266,TIME_LIMIT,29876,0,0,34,17
4,12,403164.0,-1.668403352813241,-0.8643751174232266,TIME_LIMIT,29935,0,0,33,14
4,12,403781.0,-1.668403352813241,-0.8643751174232266,TIME_LIMIT,29967,0,0,30,24
4,12,404380.0,-1.6682925171205234,-0.8643751174232266,TIME_LIMIT,30016,0,0,23,11
4,12,404961.0,-1.6682925171205234,-0.8643751174232266,TIME_LIMIT,30039,0,0,35,22
4,12,405612.0,-1.6682590182041341,-0.8643751174232266,TIME_LIMIT,30089,0,0,29,15
4,12,406057.0,-1.6682590182041341,-0.8643751174232266,TIME_LIMIT,30120,0,0,44,20
4,12,406656.0,-1.6680806199838794,-0.8643751174232266,TIME_LIMIT,30169,0,0,30,6
4,12,407190.0,-1.6680806199838794,-0.8643751174232266,TIME_LIMIT,30201,0,0,34,21
4,12,407811.0,-1.667960008406492,-0.8643751174232266,TIME_LIMIT,30252,0,0,24,16
4,12,408408.0,-1.667960008406492,-0.8643751174232266,TIME_LIMIT,30286,0,0,39,25
4,12,408976.0,-1.6678040621086674,-0.8643751174232266,TIME_LIMIT,30340,0,0,33,9
4,12,409569.0,-1.6678040621086674,-0.8643751174232266,TIME_LIMIT,30377,0,0,55,26
4,12,410188.0,-1.6678019233813892,-0.8643751174232266,TIME_LIMIT,30427,0,0,37,15
4,12,410880.0,-1.6678019233813892,-0.8643751174232266,TIME_LIMIT,30460,0,0,33,22
4,12,411619.0,-1.667762451049496,-0.8643751174232266,TIME_LIMIT,30509,0,0,25,7
4,12,412325.0,-1.667762451049496,-0.8643751174232266,TIME_LIMIT,30538,0,0,37,32
4,12,412904.0,-1.6675511488004913,-0.8643751174232266,TIME_LIMIT,30593,0,0,38,10
4,12,413507.0,-1.6675511488004913,-0.8643751174232266,TIME_LIMIT,30622,0,0,45,17
4,12,414098.0,-1.667531901833879,-0.8643751174232266,TIME_LIMIT,30676,0,0,29,12
4,12,414652.0,-1.667531901833879,-0.8643751174232266,TIME_LIMIT,30718,0,0,17,24
4,12,415230.0,-1.667233483119535,-0.8643751174232266,TIME_LIMIT,30755,0,0,45,25
4,12,415858.0,-1.667233483119535,-0.8643751174232266,TIME_LIMIT,30787,0,0,42,19
4,12,416420.0,-1.6670407781953624,-0.8643751174232266,TIME_LIMIT,30837,0,0,35,13
4,12,417020.0,-1.6670407781953624,-0.8643751174232266,TIME_LIMIT,30868,0,0,43,18
4,12,417644.0,-1.6666003459792404,-0.8643751174232266,TIME_LIMIT,30920,0,0,33,18
4,12,418211.0,-1.6666003459792404,-0.8643751174232266,TIME_LIMIT,30950,0,0,46,37
4,12,418809.0,-1.6665167317262444,-0.8643751174232266,TIME_LIMIT,31002,0,0,33,14
4,12,419234.0,-1.6665167317262444,-0.8643751174232266,TIME_LIMIT,31041,0,0,37,25
4,12,419849.0,-1.666311755392994,-0.8643751174232266,TIME_LIMIT,31093,0,0,33,12
4,12,420418.0,-1.666311755392994,-0.8643751174232266,TIME_LIMIT,31130,0,0,37,44
4,12,420998.0,-1.6661597911219832,-0.8643751174232266,TIME_LIMIT,31185,0,0,34,9
4,12,421589.0,-1.6661597911219832,-0.8643751174232266,TIME_LIMIT,31215,0,0,45,46
4,12,422242.0,-1.6660471976554874,-0.8643751174232266,TIME_LIMIT,31267,0,0,34,7
4,12,422713.0,-1.6660471976554874,-0.8643751174232266,TIME_LIMIT,31298,0,0,38,20
4,12,423458.0,-1.6660379536847634,-0.8643751174232266,TIME_LIMIT,31346,0,0,31,10
4,12,424021.0,-1.6660379536847634,-0.8643751174232266,TIME_LIMIT,31384,0,0,47,26
4,12,424628.0,-1.6656538873125548,-0.8643751174232266,TIME_LIMIT,31437,0,0,24,12
4,12,425200.0,-1.6656538873125548,-0.8643751174232266,TIME_LIMIT,31466,0,0,44,41
4,12,425794.0,-1.6655110631797845,-0.8643751174232266,TIME_LIMIT,31525,0,0,40,22
4,12,426393.0,-1.6655110631797845,-0.8643751174232266,TIME_LIMIT,31557,0,0,39,24
4,12,426952.0,-1.6653470786055808,-0.8643751174232266,TIME_LIMIT,31605,0,0,26,11
4,12,427581.0,-1.6653470786055808,-0.8643751174232266,TIME_LIMIT,31637,0,0,51,49
4,12,428177.0,-1.6652536153210782,-0.8643751174232266,TIME_LIMIT,31690,0,0,33,14
4,12,428759.0,-1.6652536153210782,-0.8643751174232266,TIME_LIMIT,31727,0,0,37,32
4,12,429366.0,-1.6651156791001755,-0.8643751174232266,TIME_LIMIT,31781,0,0,30,9
4,12,429813.0,-1.6651156791001755,-0.8643751174232266,TIME_LIMIT,31817,0,0,41,28
4,12,430412.0,-1.6651014925333636,-0.8643751174232266,TIME_LIMIT,31873,0,0,37,20
4,12,430974.0,-1.6651014925333636,-0.8643751174232266,TIME_LIMIT,31908,0,0,38,28
4,12,431616.0,-1.6648898899110252,-0.8643751174232266,TIME_LIMIT,31956,0,0,31,14
4,12,432343.0,-1.6648898899110252,-0.8643751174232266,TIME_LIMIT,31988,0,0,47,60
4,12,433044.0,-1.6646954401019078,-0.8643751174232266,TIME_LIMIT,32040,0,0,32,17
4,12,433507.0,-1.6646954401019078,-0.8643751174232266,TIME_LIMIT,32071,0,0,44,14
4,12,434125.0,-1.6646115505324015,-0.8643751174232266,TIME_LIMIT,32115,0,0,31,8
4,12,434699.0,-1.6646115505324015,-0.8643751174232266,TIME_LIMIT,32144,0,0,42,34
4,12,435323.0,-1.6643464215737114,-0.8643751174232266,TIME_LIMIT,32198,0,0,31,12
4,12,435912.0,-1.6643464215737114,-0.8643751174232266,TIME_LIMIT,32225,0,0,27,17
4,12,436377.0,-1.6642640917900509,-0.8643751174232266,TIME_LIMIT,32284,0,0,31,12
4,12,437004.0,-1.6642640917900509,-0.8643751174232266,TIME_LIMIT,32315,0,0,39,23
4,12,437535.0,-1.6641836813659858,-0.8643751174232266,TIME_LIMIT,32369,0,0,26,10
4,12,438136.0,-1.6641836813659858,-0.8643751174232266,TIME_LIMIT,32415,0,0,42,28
4,12,438733.0,-1.6640309391852914,-0.8643751174232266,TIME_LIMIT,32448,0,0,39,14
4,12,439341.0,-1.6640309391852914,-0.8643751174232266,TIME_LIMIT,32479,0,0,30,11
4,12,439957.0,-1.663661334885382,-0.8643751174232266,TIME_LIMIT,32524,0,0,41,11
4,12,440434.0,-1.663661334885382,-0.8643751174232266,TIME_LIMIT,32564,0,0,44,24
4,12,441033.0,-1.6635331586847808,-0.8643751174232266,TIME_LIMIT,32618,0,0,36,9
4,12,441722.0,-1.6635331586847808,-0.8643751174232266,TIME_LIMIT,32656,0,0,47,18
4,12,442458.0,-1.6635004624138852,-0.8643751174232266,TIME_LIMIT,32711,0,0,37,18
4,12,443186.0,-1.6635004624138852,-0.8643751174232266,TIME_LIMIT,32737,0,0,39,31
4,12,443804.0,-1.663358014852525,-0.8643751174232266,TIME_LIMIT,32783,0,0,29,18
4,12,444403.0,-1.663358014852525,-0.8643751174232266,TIME_LIMIT,32814,0,0,42,20
4,12,444905.0,-1.6633210062033714,-0.8643751174232266,TIME_LIMIT,32864,0,0,35,9
4,12,445497.0,-1.6633210062033714,-0.8643751174232266,TIME_LIMIT,32895,0,0,36,20
4,12,446079.0,-1.6632387773436754,-0.8643751174232266,TIME_LIMIT,32945,0,0,28,9
4,12,446527.0,-1.6632387773436754,-0.8643751174232266,TIME_LIMIT,32982,0,0,44,13
4,12,447102.0,-1.6632322396311834,-0.8643751174232266,TIME_LIMIT,33038,0,0,37,12
4,12,447703.0,-1.6632322396311834,-0.8643751174232266,TIME_LIMIT,33069,0,0,43,28
4,12,448335.0,-1.6631373077635314,-0.8643751174232266,TIME_LIMIT,33119,0,0,32,10
4,12,448898.0,-1.6631373077635314,-0.8643751174232266,TIME_LIMIT,33151,0,0,51,87
4,12,449497.0,-1.6630461669107015,-0.8643751174232266,TIME_LIMIT,33207,0,0,31,14
4,12,450096.0,-1.6630461669107015,-0.8643751174232266,TIME_LIMIT,33241,0,0,49,23
4,12,450629.0,-1.6629424922882916,-0.8643751174232266,TIME_LIMIT,33303,0,0,43,8
4,12,451009.0,-1.6629424922882916,-0.8643751174232266,TIME_LIMIT,33332,0,0,44,19
4,12,451699.0,-1.6628452847149362,-0.8643751174232266,TIME_LIMIT,33391,0,0,36,12
4,12,452363.0,-1.6628452847149362,-0.8643751174232266,TIME_LIMIT,33429,0,0,42,25
4,12,453031.0,-1.6628259687608102,-0.8643751174232266,TIME_LIMIT,33482,0,0,23,7
4,12,453652.0,-1.6628259687608102,-0.8643751174232266,TIME_LIMIT,33519,0,0,39,25
4,12,454263.0,-1.6628048380025195,-0.8643751174232266,TIME_LIMIT,33566,0,0,30,16
4,12,454838.0,-1.6628048380025195,-0.8643751174232266,TIME_LIMIT,33589,0,0,42,33
4,12,455429.0,-1.6626215397023498,-0.8643751174232266,TIME_LIMIT,33639,0,0,34,13
4,12,456018.0,-1.6626215397023498,-0.8643751174232266,TIME_LIMIT,33666,0,0,37,24
4,12,456608.0,-1.6624118721227796,-0.8643751174232266,TIME_LIMIT,33723,0,0,34,9
4,12,457207.0,-1.6624118721227796,-0.8643751174232266,TIME_LIMIT,33755,0,0,44,24
4,12,457816.0,-1.662284158375601,-0.8643751174232266,TIME_LIMIT,33812,0,0,37,7
4,12,458403.0,-1.662284158375601,-0.8643751174232266,TIME_LIMIT,33847,0,0,40,26
4,12,459001.0,-1.6622667671222413,-0.8643751174232266,TIME_LIMIT,33895,0,0,25,8
4,12,459599.0,-1.6622667671222413,-0.8643751174232266,TIME_LIMIT,33920,0,0,39,41
4,12,460194.0,-1.6622460987938232,-0.8643751174232266,TIME_LIMIT,33974,0,0,27,9
4,12,460793.0,-1.6622460987938232,-0.8643751174232266,TIME_LIMIT,34011,0,0,40,30
4,12,461392.0,-1.6620456687527536,-0.8643751174232266,TIME_LIMIT,34065,0,0,32,9
4,12,461951.0,-1.6620456687527536,-0.8643751174232266,TIME_LIMIT,34096,0,0,36,13
4,12,462596.0,-1.6620222879018913,-0.8643751174232266,TIME_LIMIT,34154,0,0,31,13
4,12,463327.0,-1.6620222879018913,-0.8643751174232266,TIME_LIMIT,34187,0,0,25,23
4,12,464033.0,-1.661917882506681,-0.8643751174232266,TIME_LIMIT,34242,0,0,35,6
4,12,464717.0,-1.661917882506681,-0.8643751174232266,TIME_LIMIT,34271,0,0,42,37
4,12,465333.0,-1.6618338415397078,-0.8643751174232266,TIME_LIMIT,34326,0,0,38,15
4,12,465898.0,-1.6618338415397078,-0.8643751174232266,TIME_LIMIT,34351,0,0,42,13
4,12,466491.0,-1.6618221361214394,-0.8643751174232266,TIME_LIMIT,34404,0,0,33,5
4,12,466854.0,-1.6618221361214394,-0.8643751174232266,TIME_LIMIT,34440,0,0,45,22
4,12,467339.0,-1.6616655659996358,-0.8643751174232266,TIME_LIMIT,34498,0,0,35,11
4,12,467957.0,-1.6616655659996358,-0.8643751174232266,TIME_LIMIT,34527,0,0,35,19
4,12,468528.0,-1.6616635368706612,-0.8643751174232266,TIME_LIMIT,34578,0,0,25,9
4,12,469128.0,-1.6616635368706612,-0.8643751174232266,TIME_LIMIT,34608,0,0,33,20
4,12,469758.0,-1.661644752111431,-0.8643751174232266,TIME_LIMIT,34666,0,0,33,10
4,12,470323.0,-1.661644752111431,-0.8643751174232266,TIME_LIMIT,34702,0,0,50,54
4,12,470923.0,-1.661639298076826,-0.8643751174232266,TIME_LIMIT,34753,0,0,32,17
4,12,471528.0,-1.661639298076826,-0.8643751174232266,TIME_LIMIT,34785,0,0,44,29
4,12,472119.0,-1.6614713978260884,-0.8643751174232266,TIME_LIMIT,34835,0,0,29,14
4,12,472718.0,-1.6614713978260884,-0.8643751174232266,TIME_LIMIT,34877,0,0,30,10
4,12,473316.0,-1.661408779814216,-0.8643751174232266,TIME_LIMIT,34917,0,0,35,8
4,12,473905.0,-1.661408779814216,-0.8643751174232266,TIME_LIMIT,34943,0,0,36,40
4,12,474559.0,-1.6613725820647778,-0.8643751174232266,TIME_LIMIT,34987,0,0,25,9
4,12,475289.0,-1.6613725820647778,-0.8643751174232266,TIME_LIMIT,35020,0,0,42,26
4,12,475975.0,-1.660785531542853,-0.8643751174232266,TIME_LIMIT,35074,0,0,36,15
4,12,476646.0,-1.660785531542853,-0.8643751174232266,TIME_LIMIT,35107,0,0,45,39
4,12,477221.0,-1.6606615689059465,-0.8643751174232266,TIME_LIMIT,35158,0,0,25,16
4,12,477818.0,-1.6606615689059465,-0.8643751174232266,TIME_LIMIT,35187,0,0,36,26
4,12,478448.0,-1.6606357729639516,-0.8643751174232266,TIME_LIMIT,35241,0,0,40,23
4,12,479009.0,-1.6606357729639516,-0.8643751174232266,TIME_LIMIT,35268,0,0,40,25
4,12,479622.0,-1.6606352572587,-0.8643751174232266,TIME_LIMIT,35322,0,0,30,8
4,12,480055.0,-1.6606352572587,-0.8643751174232266,TIME_LIMIT,35356,0,0,46,39
4,12,480653.0,-1.6606214851456373,-0.8643751174232266,TIME_LIMIT,35414,0,0,30,19
4,12,481233.0,-1.6606214851456373,-0.8643751174232266,TIME_LIMIT,35440,0,0,40,17
4,12,481849.0,-1.6605963574942542,-0.8643751174232266,TIME_LIMIT,35490,0,0,35,13
4,12,482486.0,-1.6605963574942542,-0.8643751174232266,TIME_LIMIT,35526,0,0,45,23
4,12,483056.0,-1.6604205123955242,-0.8643751174232266,TIME_LIMIT,35576,0,0,33,9
4,12,483684.0,-1.6604205123955242,-0.8643751174232266,TIME_LIMIT,35601,0,0,37,25
4,12,484273.0,-1.660389750736989,-0.8643751174232266,TIME_LIMIT,35651,0,0,31,7
4,12,484844.0,-1.660389750736989,-0.8643751174232266,TIME_LIMIT,35684,0,0,34,15
4,12,485441.0,-1.660282608966533,-0.8643751174232266,TIME_LIMIT,35737,0,0,35,11
4,12,485976.0,-1.660282608966533,-0.8643751174232266,TIME_LIMIT,35768,0,0,39,27
4,12,486576.0,-1.6602457189192161,-0.8643751174232266,TIME_LIMIT,35827,0,0,33,11
4,12,487173.0,-1.6602457189192161,-0.8643751174232266,TIME_LIMIT,35855,0,0,35,20
4,12,487747.0,-1.660208195537059,-0.8643751174232266,TIME_LIMIT,35909,0,0,19,6
4,12,488364.0,-1.660208195537059,-0.8643751174232266,TIME_LIMIT,35937,0,0,20,19
4,12,488961.0,-1.6600085846587127,-0.8643751174232266,TIME_LIMIT,35990,0,0,34,7
4,12,489528.0,-1.6600085846587127,-0.8643751174232266,TIME_LIMIT,36019,0,0,31,17
4,12,490123.0,-1.6599182645613513,-0.8643751174232266,TIME_LIMIT,36076,0,0,35,16
4,12,490720.0,-1.6599182645613513,-0.8643751174232266,TIME_LIMIT,36109,0,0,37,14
4,12,491410.0,-1.6599152737034402,-0.8643751174232266,TIME_LIMIT,36155,0,0,32,11
4,12,492143.0,-1.6599152737034402,-0.8643751174232266,TIME_LIMIT,36190,0,0,37,23
4,12,492871.0,-1.6598674499318335,-0.8643751174232266,TIME_LIMIT,36243,0,0,32,10
4,12,493208.0,-1.6598674499318335,-0.8643751174232266,TIME_LIMIT,36275,0,0,41,20
4,12,493819.0,-1.6597464734638157,-0.8643751174232266,TIME_LIMIT,36330,0,0,38,9
4,12,494429.0,-1.6597464734638157,-0.8643751174232266,TIME_LIMIT,36363,0,0,39,47
4,12,494997.0,-1.6596254866626896,-0.8643751174232266,TIME_LIMIT,36416,0,0,22,11
4,12,495583.0,-1.6596254866626896,-0.8643751174232266,TIME_LIMIT,36452,0,0,21,25
4,12,496166.0,-1.6594954362748597,-0.8643751174232266,TIME_LIMIT,36506,0,0,39,15
4,12,496761.0,-1.6594954362748597,-0.8643751174232266,TIME_LIMIT,36538,0,0,31,23
4,12,497358.0,-1.6593630147352443,-0.8643751174232266,TIME_LIMIT,36588,0,0,39,5
4,12,497874.0,-1.6593630147352443,-0.8643751174232266,TIME_LIMIT,36628,0,0,48,37
4,12,498499.0,-1.6591947029142828,-0.8643751174232266,TIME_LIMIT,36681,0,0,32,19
4,12,499096.0,-1.6591947029142828,-0.8643751174232266,TIME_LIMIT,36720,0,0,24,14
4,12,499666.0,-1.6591557757692121,-0.8643751174232266,TIME_LIMIT,36765,0,0,26,8
4,12,500266.0,-1.6591557757692121,-0.8643751174232266,TIME_LIMIT,36799,0,0,54,27
4,12,500891.0,-1.6591331963376812,-0.8643751174232266,TIME_LIMIT,36855,0,0,36,8
4,12,501280.0,-1.6591331963376812,-0.8643751174232266,TIME_LIMIT,36895,0,0,47,40
4,12,501878.0,-1.6590028860658563,-0.8643751174232266,TIME_LIMIT,36949,0,0,35,15
4,12,502384.0,-1.6590028860658563,-0.8643751174232266,TIME_LIMIT,36979,0,0,50,21
4,12,503009.0,-1.6589001877135716,-0.8643751174232266,TIME_LIMIT,37033,0,0,35,13
4,12,503491.0,-1.6589001877135716,-0.8643751174232266,TIME_LIMIT,37062,0,0,45,20
4,12,504095.0,-1.6587422200902389,-0.8643751174232266,TIME_LIMIT,37116,0,0,36,8
4,12,504694.0,-1.6587422200902389,-0.8643751174232266,TIME_LIMIT,37152,0,0,39,29
4,12,505290.0,-1.658653583412955,-0.8643751174232266,TIME_LIMIT,37201,0,0,21,12
4,12,505887.0,-1.658653583412955,-0.8643751174232266,TIME_LIMIT,37232,0,0,44,36
4,12,506483.0,-1.6585801704860703,-0.8643751174232266,TIME_LIMIT,37288,0,0,31,13
4,12,507053.0,-1.6585801704860703,-0.8643751174232266,TIME_LIMIT,37319,0,0,34,13
4,12,507673.0,-1.6583959531613643,-0.8643751174232266,TIME_LIMIT,37369,0,0,33,9
4,12,508274.0,-1.6583959531613643,-0.8643751174232266,TIME_LIMIT,37398,0,0,35,30
4,12,508840.0,-1.6581913848805663,-0.8643751174232266,TIME_LIMIT,37443,0,0,30,13
4,12,509439.0,-1.6581913848805663,-0.8643751174232266,TIME_LIMIT,37474,0,0,39,25
4,12,510035.0,-1.6581003143013624,-0.8643751174232266,TIME_LIMIT,37527,0,0,34,14
4,12,510565.0,-1.6581003143013624,-0.8643751174232266,TIME_LIMIT,37564,0,0,45,26
4,12,511231.0,-1.6580713248439864,-0.8643751174232266,TIME_LIMIT,37613,0,0,33,12
4,12,511976.0,-1.6580713248439864,-0.8643751174232266,TIME_LIMIT,37651,0,0,40,23
4,12,512643.0,-1.6579551106167048,-0.8643751174232266,TIME_LIMIT,37707,0,0,29,7
4,12,513223.0,-1.6579551106167048,-0.8643751174232266,TIME_LIMIT,37730,0,0,37,26
4,12,513825.0,-1.6579078371489135,-0.8643751174232266,TIME_LIMIT,37777,0,0,32,18
4,12,514394.0,-1.6579078371489135,-0.8643751174232266,TIME_LIMIT,37802,0,0,47,38
4,12,514979.0,-1.6577635093313654,-0.8643751174232266,TIME_LIMIT,37856,0,0,22,18
4,12,515601.0,-1.6577635093313654,-0.8643751174232266,TIME_LIMIT,37881,0,0,51,45
4,12,516161.0,-1.657723301051545,-0.8643751174232266,TIME_LIMIT,37940,0,0,35,11
4,12,516803.0,-1.657723301051545,-0.8643751174232266,TIME_LIMIT,37974,0,0,40,13
4,12,517419.0,-1.6576791890688234,-0.8643751174232266,TIME_LIMIT,38033,0,0,33,12
4,12,517983.0,-1.6576791890688234,-0.8643751174232266,TIME_LIMIT,38062,0,0,42,20
4,12,518584.0,-1.6576737321856319,-0.8643751174232266,TIME_LIMIT,38114,0,0,33,17
4,12,519081.0,-1.6576737321856319,-0.8643751174232266,TIME_LIMIT,38150,0,0,36,32
4,12,519703.0,-1.6575705862831158,-0.8643751174232266,TIME_LIMIT,38193,0,0,30,12
4,12,520265.0,-1.6575705862831158,-0.8643751174232266,TIME_LIMIT,38222,0,0,36,25
4,12,520844.0,-1.657522541401272,-0.8643751174232266,TIME_LIMIT,38273,0,0,30,17
4,12,521431.0,-1.657522541401272,-0.8643751174232266,TIME_LIMIT,38300,0,0,30,18
4,12,522017.0,-1.6572169559649859,-0.8643751174232266,TIME_LIMIT,38353,0,0,29,9
4,12,522612.0,-1.6572169559649859,-0.8643751174232266,TIME_LIMIT,38379,0,0,40,21
4,12,523213.0,-1.6571629806128316,-0.8643751174232266,TIME_LIMIT,38432,0,0,33,8
4,12,523715.0,-1.6571629806128316,-0.8643751174232266,TIME_LIMIT,38468,0,0,42,15
4,12,524334.0,-1.6570875392037043,-0.8643751174232266,TIME_LIMIT,38518,0,0,30,6
4,12,524898.0,-1.6570875392037043,-0.8643751174232266,TIME_LIMIT,38548,0,0,32,10
4,12,525497.0,-1.6570309983828533,-0.8643751174232266,TIME_LIMIT,38581,0,0,33,6
4,12,526064.0,-1.6570309983828533,-0.8643751174232266,TIME_LIMIT,38614,0,0,41,20
4,12,526685.0,-1.6570000206834004,-0.8643751174232266,TIME_LIMIT,38672,0,0,37,10
4,12,527278.0,-1.6570000206834004,-0.8643751174232266,TIME_LIMIT,38703,0,0,42,28
4,12,527844.0,-1.6569610786833149,-0.8643751174232266,TIME_LIMIT,38756,0,0,34,8
4,12,528443.0,-1.6569610786833149,-0.8643751174232266,TIME_LIMIT,38786,0,0,35,22
4,12,529034.0,-1.6568279693862613,-0.8643751174232266,TIME_LIMIT,38841,0,0,38,11
4,12,529652.0,-1.6568279693862613,-0.8643751174232266,TIME_LIMIT,38873,0,0,32,19
4,12,530346.0,-1.6567224956054618,-0.8643751174232266,TIME_LIMIT,38929,0,0,33,6
4,12,531055.0,-1.6567224956054618,-0.8643751174232266,TIME_LIMIT,38955,0,0,39,48
4,12,531687.0,-1.6562976132570424,-0.8643751174232266,TIME_LIMIT,39009,0,0,31,7
4,12,532298.0,-1.6562976132570424,-0.8643751174232266,TIME_LIMIT,39044,0,0,35,22
4,12,532901.0,-1.6561915744928473,-0.8643751174232266,TIME_LIMIT,39094,0,0,32,14
4,12,533471.0,-1.6561915744928473,-0.8643751174232266,TIME_LIMIT,39121,0,0,30,30
4,12,534059.0,-1.6561756102005636,-0.8643751174232266,TIME_LIMIT,39174,0,0,39,11
4,12,534534.0,-1.6561756102005636,-0.8643751174232266,TIME_LIMIT,39207,0,0,34,31
4,12,534863.0,-1.6561219566963357,-0.8643751174232266,TIME_LIMIT,39252,0,0,31,11
4,12,535419.0,-1.6561219566963357,-0.8643751174232266,TIME_LIMIT,39279,0,0,44,54
4,12,536044.0,-1.655860778361908,-0.8643751174232266,TIME_LIMIT,39337,0,0,34,13
4,12,536641.0,-1.655860778361908,-0.8643751174232266,TIME_LIMIT,39366,0,0,45,25
4,12,537219.0,-1.6557594238354458,-0.8643751174232266,TIME_LIMIT,39416,0,0,29,8
4,12,537825.0,-1.6557594238354458,-0.8643751174232266,TIME_LIMIT,39447,0,0,44,32
4,12,538426.0,-1.6556482024930714,-0.8643751174232266,TIME_LIMIT,39501,0,0,25,13
4,12,538995.0,-1.6556482024930714,-0.8643751174232266,TIME_LIMIT,39536,0,0,40,23
4,12,539605.0,-1.6555957861038955,-0.8643751174232266,TIME_LIMIT,39588,0,0,27,8
4,12,540177.0,-1.6555957861038955,-0.8643751174232266,TIME_LIMIT,39614,0,0,37,39
4,12,540777.0,-1.6555732641555962,-0.8643751174232266,TIME_LIMIT,39659,0,0,34,18
4,12,541366.0,-1.6555732641555962,-0.8643751174232266,TIME_LIMIT,39688,0,0,37,57
4,12,541926.0,-1.6555677200146866,-0.8643751174232266,TIME_LIMIT,39740,0,0,29,10
4,12,542467.0,-1.6555677200146866,-0.8643751174232266,TIME_LIMIT,39782,0,0,52,29
4,12,543026.0,-1.655342963425035,-0.8643751174232266,TIME_LIMIT,39834,0,0,23,17
4,12,543456.0,-1.655342963425035,-0.8643751174232266,TIME_LIMIT,39865,0,0,37,15
4,12,544043.0,-1.6552628208244222,-0.8643751174232266,TIME_LIMIT,39919,0,0,33,12
4,12,544623.0,-1.6552628208244222,-0.8643751174232266,TIME_LIMIT,39950,0,0,50,31
4,12,545231.0,-1.6552466412490416,-0.8643751174232266,TIME_LIMIT,40008,0,0,35,13
4,12,545831.0,-1.6552466412490416,-0.8643751174232266,TIME_LIMIT,40040,0,0,32,15
4,12,546402.0,-1.655181904491678,-0.8643751174232266,TIME_LIMIT,40087,0,0,30,10
4,12,547028.0,-1.655181904491678,-0.8643751174232266,TIME_LIMIT,40111,0,0,34,22
4,12,547625.0,-1.6549907578239846,-0.8643751174232266,TIME_LIMIT,40165,0,0,35,7
4,12,548192.0,-1.6549907578239846,-0.8643751174232266,TIME_LIMIT,40201,0,0,49,48
4,12,548788.0,-1.6549387234128916,-0.8643751174232266,TIME_LIMIT,40255,0,0,32,17
4,12,549364.0,-1.6549387234128916,-0.8643751174232266,TIME_LIMIT,40289,0,0,34,13
4,12,550002.0,-1.6547885131327271,-0.8643751174232266,TIME_LIMIT,40340,0,0,34,5
4,12,550703.0,-1.6547885131327271,-0.8643751174232266,TIME_LIMIT,40363,0,0,42,62
4,12,551457.0,-1.6546760284607671,-0.8643751174232266,TIME_LIMIT,40420,0,0,37,11
4,12,552063.0,-1.6546760284607671,-0.8643751174232266,TIME_LIMIT,40451,0,0,47,31
4,12,552670.0,-1.6545247534424186,-0.8643751174232266,TIME_LIMIT,40502,0,0,32,12
4,12,552991.0,-1.6545247534424186,-0.8643751174232266,TIME_LIMIT,40536,0,0,46,23
4,12,553588.0,-1.6545040661542514,-0.8643751174232266,TIME_LIMIT,40591,0,0,39,11
4,12,554174.0,-1.6545040661542514,-0.8643751174232266,TIME_LIMIT,40624,0,0,51,23
4,12,554742.0,-1.6544902976501097,-0.8643751174232266,TIME_LIMIT,40684,0,0,39,13
4,12,555390.0,-1.6544902976501097,-0.8643751174232266,TIME_LIMIT,40722,0,0,34,14
4,12,555989.0,-1.6544744836618632,-0.8643751174232266,TIME_LIMIT,40750,0,0,28,18
4,12,556581.0,-1.6544744836618632,-0.8643751174232266,TIME_LIMIT,40783,0,0,36,25
4,12,557171.0,-1.6542090027881504,-0.8643751174232266,TIME_LIMIT,40835,0,0,35,11
4,12,557739.0,-1.6542090027881504,-0.8643751174232266,TIME_LIMIT,40875,0,0,30,12
4,12,558339.0,-1.6541191098039885,-0.8643751174232266,TIME_LIMIT,40915,0,0,28,8
4,12,558959.0,-1.6541191098039885,-0.8643751174232266,TIME_LIMIT,40947,0,0,41,26
4,12,559544.0,-1.6539019137671938,-0.8643751174232266,TIME_LIMIT,41003,0,0,33,16
4,12,560163.0,-1.6539019137671938,-0.8643751174232266,TIME_LIMIT,41037,0,0,39,26
4,12,560773.0,-1.6538559853280332,-0.8643751174232266,TIME_LIMIT,41072,0,0,39,27
4,12,561349.0,-1.6538559853280332,-0.8643751174232266,TIME_LIMIT,41113,0,0,25,13
4,12,561951.0,-1.6537471506777188,-0.8643751174232266,TIME_LIMIT,41158,0,0,38,11
4,12,562551.0,-1.6537471506777188,-0.8643751174232266,TIME_LIMIT,41185,0,0,36,25
4,12,563143.0,-1.6536061711168468,-0.8643751174232266,TIME_LIMIT,41240,0,0,32,14
4,12,563738.0,-1.6536061711168468,-0.8643751174232266,TIME_LIMIT,41268,0,0,48,23
4,12,564339.0,-1.653567802863473,-0.8643751174232266,TIME_LIMIT,41322,0,0,28,9
4,12,564911.0,-1.653567802863473,-0.8643751174232266,TIME_LIMIT,41360,0,0,50,29
4,12,565507.0,-1.6534637892991868,-0.8643751174232266,TIME_LIMIT,41419,0,0,33,11
4,12,566190.0,-1.6534637892991868,-0.8643751174232266,TIME_LIMIT,41449,0,0,33,21
4,12,566851.0,-1.6534323184350566,-0.8643751174232266,TIME_LIMIT,41498,0,0,26,8
4,12,567169.0,-1.6534323184350566,-0.8643751174232266,TIME_LIMIT,41523,0,0,42,31
4,12,567856.0,-1.6534206073764952,-0.8643751174232266,TIME_LIMIT,41578,0,0,31,15
4,12,568463.0,-1.6534206073764952,-0.8643751174232266,TIME_LIMIT,41602,0,0,48,30
4,12,569031.0,-1.6533615619977409,-0.8643751174232266,TIME_LIMIT,41653,0,0,29,12
4,12,569627.0,-1.6533615619977409,-0.8643751174232266,TIME_LIMIT,41686,0,0,42,27
4,12,570215.0,-1.6533256435028771,-0.8643751174232266,TIME_LIMIT,41738,0,0,34,14
4,12,570577.0,-1.6533256435028771,-0.8643751174232266,TIME_LIMIT,41774,0,0,37,20
4,12,571186.0,-1.653252159123074,-0.8643751174232266,TIME_LIMIT,41832,0,0,39,10
4,12,571788.0,-1.653252159123074,-0.8643751174232266,TIME_LIMIT,41870,0,0,32,16
4,12,572361.0,-1.6530633337752345,-0.8643751174232266,TIME_LIMIT,41917,0,0,30,11
4,12,572984.0,-1.6530633337752345,-0.8643751174232266,TIME_LIMIT,41955,0,0,46,26
4,12,573576.0,-1.6529591198220035,-0.8643751174232266,TIME_LIMIT,42007,0,0,35,5
4,12,574147.0,-1.6529591198220035,-0.8643751174232266,TIME_LIMIT,42034,0,0,37,29
4,12,574744.0,-1.652732981530169,-0.8643751174232266,TIME_LIMIT,42077,0,0,29,10
4,12,575335.0,-1.652732981530169,-0.8643751174232266,TIME_LIMIT,42108,0,0,40,38
4,12,575933.0,-1.6526978690892558,-0.8643751174232266,TIME_LIMIT,42158,0,0,29,9
4,12,576534.0,-1.6526978690892558,-0.8643751174232266,TIME_LIMIT,42184,0,0,18,18
4,12,577126.0,-1.6526930016894021,-0.8643751174232266,TIME_LIMIT,42239,0,0,29,19
4,12,577718.0,-1.6526930016894021,-0.8643751174232266,TIME_LIMIT,42277,0,0,37,17
4,12,578284.0,-1.6526532409576984,-0.8643751174232266,TIME_LIMIT,42329,0,0,32,6
4,12,578855.0,-1.6526532409576984,-0.8643751174232266,TIME_LIMIT,42357,0,0,37,22
4,12,579448.0,-1.6525996512090262,-0.8643751174232266,TIME_LIMIT,42405,0,0,24,9
4,12,580108.0,-1.6525996512090262,-0.8643751174232266,TIME_LIMIT,42431,0,0,22,36
4,12,580812.0,-1.652581802979537,-0.8643751174232266,TIME_LIMIT,42482,0,0,31,27
4,12,581533.0,-1.652581802979537,-0.8643751174232266,TIME_LIMIT,42512,0,0,36,22
4,12,582117.0,-1.65238723386851,-0.8643751174232266,TIME_LIMIT,42565,0,0,28,13
4,12,582581.0,-1.65238723386851,-0.8643751174232266,TIME_LIMIT,42599,0,0,33,30
4,12,583180.0,-1.65237462297753,-0.8643751174232266,TIME_LIMIT,42646,0,0,27,11
4,12,583770.0,-1.65237462297753,-0.8643751174232266,TIME_LIMIT,42679,0,0,36,17
4,12,584320.0,-1.652349488408149,-0.8643751174232266,TIME_LIMIT,42727,0,0,34,5
4,12,584897.0,-1.652349488408149,-0.8643751174232266,TIME_LIMIT,42758,0,0,46,20
4,12,585484.0,-1.6522768221765243,-0.8643751174232266,TIME_LIMIT,42815,0,0,37,14
4,12,586076.0,-1.6522768221765243,-0.8643751174232266,TIME_LIMIT,42848,0,0,29,28
4,12,586675.0,-1.6521398425332186,-0.8643751174232266,TIME_LIMIT,42899,0,0,19,8
4,12,587285.0,-1.6521398425332186,-0.8643751174232266,TIME_LIMIT,42921,0,0,42,33
4,12,587864.0,-1.652091876489607,-0.8643751174232266,TIME_LIMIT,42974,0,0,28,18
4,12,588466.0,-1.652091876489607,-0.8643751174232266,TIME_LIMIT,43010,0,0,42,24
4,12,589063.0,-1.651832683208925,-0.8643751174232266,TIME_LIMIT,43063,0,0,36,8
4,12,589684.0,-1.651832683208925,-0.8643751174232266,TIME_LIMIT,43096,0,0,49,42
4,12,590275.0,-1.651756137520921,-0.8643751174232266,TIME_LIMIT,43147,0,0,23,21
4,12,590846.0,-1.651756137520921,-0.8643751174232266,TIME_LIMIT,43183,0,0,47,41
4,12,591447.0,-1.6517210334731018,-0.8643751174232266,TIME_LIMIT,43233,0,0,27,11
4,12,592067.0,-1.6517210334731018,-0.8643751174232266,TIME_LIMIT,43268,0,0,41,28
4,12,592633.0,-1.6515851324481883,-0.8643751174232266,TIME_LIMIT,43327,0,0,30,13
4,12,593232.0,-1.6515851324481883,-0.8643751174232266,TIME_LIMIT,43362,0,0,45,15
4,12,593857.0,-1.6514094749897392,-0.8643751174232266,TIME_LIMIT,43412,0,0,34,12
4,12,594456.0,-1.6514094749897392,-0.8643751174232266,TIME_LIMIT,43453,0,0,46,17
4,12,595057.0,-1.6512107668672962,-0.8643751174232266,TIME_LIMIT,43501,0,0,29,8
4,12,595654.0,-1.6512107668672962,-0.8643751174232266,TIME_LIMIT,43529,0,0,38,35
4,12,596217.0,-1.6511247884122595,-0.8643751174232266,TIME_LIMIT,43585,0,0,30,18
4,12,596884.0,-1.6511247884122595,-0.8643751174232266,TIME_LIMIT,43621,0,0,37,29
4,12,597545.0,-1.6509992153883213,-0.8643751174232266,TIME_LIMIT,43671,0,0,26,9
4,12,598280.0,-1.6509992153883213,-0.8643751174232266,TIME_LIMIT,43707,0,0,51,46
4,12,598936.0,-1.6509669254947281,-0.8643751174232266,TIME_LIMIT,43764,0,0,36,6
4,12,599404.0,-1.6509669254947281,-0.8643751174232266,TIME_LIMIT,43800,0,0,47,32
4,12,599973.0,-1.6508592228981165,-0.8643751174232266,TIME_LIMIT,43853,0,0,31,12
4,12,600502.0,-1.6508592228981165,-0.8643751174232266,TIME_LIMIT,43887,0,0,38,22
4,12,601057.0,-1.650742666221633,-0.8643751174232266,TIME_LIMIT,43940,0,0,24,15
4,12,601649.0,-1.650742666221633,-0.8643751174232266,TIME_LIMIT,43969,0,0,46,33
4,12,602267.0,-1.6506900986295052,-0.8643751174232266,TIME_LIMIT,44024,0,0,33,13
4,12,602837.0,-1.6506900986295052,-0.8643751174232266,TIME_LIMIT,44051,0,0,35,24
4,12,603446.0,-1.650639398079313,-0.8643751174232266,TIME_LIMIT,44101,0,0,32,8
4,12,604023.0,-1.650639398079313,-0.8643751174232266,TIME_LIMIT,44134,0,0,61,38
4,12,604624.0,-1.6506214507322365,-0.8643751174232266,TIME_LIMIT,44188,0,0,37,11
4,12,605106.0,-1.6506214507322365,-0.8643751174232266,TIME_LIMIT,44227,0,0,29,9
4,12,605705.0,-1.6506212546567351,-0.8643751174232266,TIME_LIMIT,44279,0,0,26,5
4,12,606324.0,-1.6506212546567351,-0.8643751174232266,TIME_LIMIT,44312,0,0,40,19
4,12,606894.0,-1.6505928070278713,-0.8643751174232266,TIME_LIMIT,44366,0,0,29,17
4,12,607491.0,-1.6505928070278713,-0.8643751174232266,TIME_LIMIT,44400,0,0,18,16
4,12,608048.0,-1.6504815410633507,-0.8643751174232266,TIME_LIMIT,44452,0,0,33,13
4,12,608664.0,-1.6504815410633507,-0.8643751174232266,TIME_LIMIT,44484,0,0,34,30
4,12,609260.0,-1.6504038676291073,-0.8643751174232266,TIME_LIMIT,44544,0,0,33,11
4,12,609827.0,-1.6504038676291073,-0.8643751174232266,TIME_LIMIT,44582,0,0,19,21
4,12,610435.0,-1.6503264632946546,-0.8643751174232266,TIME_LIMIT,44632,0,0,27,13
4,12,611049.0,-1.6503264632946546,-0.8643751174232266,TIME_LIMIT,44659,0,0,47,42
4,12,611618.0,-1.650210305150946,-0.8643751174232266,TIME_LIMIT,44711,0,0,13,7
4,12,612219.0,-1.650210305150946,-0.8643751174232266,TIME_LIMIT,44745,0,0,29,24
4,12,612812.0,-1.6500691623088173,-0.8643751174232266,TIME_LIMIT,44794,0,0,29,13
4,12,613293.0,-1.6500691623088173,-0.8643751174232266,TIME_LIMIT,44826,0,0,37,14
4,12,613954.0,-1.65004384589904,-0.8643751174232266,TIME_LIMIT,44878,0,0,26,11
4,12,614657.0,-1.65004384589904,-0.8643751174232266,TIME_LIMIT,44907,0,0,21,27
4,12,615385.0,-1.6500168447921792,-0.8643751174232266,TIME_LIMIT,44962,0,0,38,11
4,12,615971.0,-1.6500168447921792,-0.8643751174232266,TIME_LIMIT,44997,0,0,41,21
4,12,616578.0,-1.6499813997855841,-0.8643751174232266,TIME_LIMIT,45049,0,0,34,18
4,12,617179.0,-1.6499813997855841,-0.8643751174232266,TIME_LIMIT,45078,0,0,38,62
4,12,617745.0,-1.6499644247458858,-0.8643751174232266,TIME_LIMIT,45125,0,0,26,14
4,12,618335.0,-1.6499644247458858,-0.8643751174232266,TIME_LIMIT,45156,0,0,42,26
4,12,618891.0,-1.6497524635022598,-0.8643751174232266,TIME_LIMIT,45208,0,0,25,11
4,12,619419.0,-1.6497524635022598,-0.8643751174232266,TIME_LIMIT,45240,0,0,23,15
4,12,619883.0,-1.6496349409637343,-0.8643751174232266,TIME_LIMIT,45294,0,0,22,10
4,12,620454.0,-1.6496349409637343,-0.8643751174232266,TIME_LIMIT,45333,0,0,41,27
4,12,621073.0,-1.64961182907528,-0.8643751174232266,TIME_LIMIT,45377,0,0,31,15
4,12,621675.0,-1.64961182907528,-0.8643751174232266,TIME_LIMIT,45409,0,0,40,34
4,12,622246.0,-1.6495961866729854,-0.8643751174232266,TIME_LIMIT,45460,0,0,30,10
4,12,622827.0,-1.6495961866729854,-0.8643751174232266,TIME_LIMIT,45494,0,0,46,35
4,12,623409.0,-1.649351453006266,-0.8643751174232266,TIME_LIMIT,45542,0,0,32,13
4,12,624017.0,-1.649351453006266,-0.8643751174232266,TIME_LIMIT,45568,0,0,25,27
4,12,624618.0,-1.649327785541609,-0.8643751174232266,TIME_LIMIT,45628,0,0,33,11
4,12,625123.0,-1.649327785541609,-0.8643751174232266,TIME_LIMIT,45668,0,0,49,18
4,12,625746.0,-1.6491022470326413,-0.8643751174232266,TIME_LIMIT,45722,0,0,30,10
4,12,626312.0,-1.6491022470326413,-0.8643751174232266,TIME_LIMIT,45753,0,0,46,22
4,12,626911.0,-1.6490698452128536,-0.8643751174232266,TIME_LIMIT,45808,0,0,35,11
4,12,627481.0,-1.6490698452128536,-0.8643751174232266,TIME_LIMIT,45842,0,0,37,25
4,12,628099.0,-1.6490413913394892,-0.8643751174232266,TIME_LIMIT,45891,0,0,29,9
4,12,628710.0,-1.6490413913394892,-0.8643751174232266,TIME_LIMIT,45924,0,0,44,36
4,12,629279.0,-1.6490321189204116,-0.8643751174232266,TIME_LIMIT,45968,0,0,27,8
4,12,629836.0,-1.6490321189204116,-0.8643751174232266,TIME_LIMIT,45998,0,0,45,24
4,12,630428.0,-1.649019613299956,-0.8643751174232266,TIME_LIMIT,46047,0,0,34,19
4,12,631028.0,-1.649019613299956,-0.8643751174232266,TIME_LIMIT,46078,0,0,43,22
4,12,631623.0,-1.6489202708710504,-0.8643751174232266,TIME_LIMIT,46137,0,0,37,11
4,12,632169.0,-1.6489202708710504,-0.8643751174232266,TIME_LIMIT,46174,0,0,54,25
4,12,632805.0,-1.6487374367376992,-0.8643751174232266,TIME_LIMIT,46225,0,0,35,11
4,12,633462.0,-1.6487374367376992,-0.8643751174232266,TIME_LIMIT,46248,0,0,40,51
4,12,634167.0,-1.648480278910834,-0.8643751174232266,TIME_LIMIT,46299,0,0,25,7
4,12,634504.0,-1.648480278910834,-0.8643751174232266,TIME_LIMIT,46331,0,0,50,20
4,12,635178.0,-1.648406023557805,-0.8643751174232266,TIME_LIMIT,46379,0,0,30,8
4,12,635784.0,-1.648406023557805,-0.8643751174232266,TIME_LIMIT,46406,0,0,36,27
4,12,636349.0,-1.6483718470301902,-0.8643751174232266,TIME_LIMIT,46456,0,0,29,8
4,12,636981.0,-1.6483718470301902,-0.8643751174232266,TIME_LIMIT,46488,0,0,35,22
4,12,637541.0,-1.6483647977891638,-0.8643751174232266,TIME_LIMIT,46545,0,0,20,9
4,12,638125.0,-1.6483647977891638,-0.8643751174232266,TIME_LIMIT,46581,0,0,40,16
4,12,638707.0,-1.6483284910172313,-0.8643751174232266,TIME_LIMIT,46631,0,0,35,12
4,12,639296.0,-1.6483284910172313,-0.8643751174232266,TIME_LIMIT,46664,0,0,45,51
4,12,639882.0,-1.6483167791424138,-0.8643751174232266,TIME_LIMIT,46716,0,0,35,17
4,12,640472.0,-1.6483167791424138,-0.8643751174232266,TIME_LIMIT,46757,0,0,58,29
4,12,641059.0,-1.6481975623951797,-0.8643751174232266,TIME_LIMIT,46811,0,0,34,13
4,12,641638.0,-1.6481975623951797,-0.8643751174232266,TIME_LIMIT,46841,0,0,43,20
4,12,642194.0,-1.6481576346297904,-0.8643751174232266,TIME_LIMIT,46889,0,0,30,11
4,12,642778.0,-1.6481576346297904,-0.8643751174232266,TIME_LIMIT,46923,0,0,45,42
4,12,643366.0,-1.6480976715030005,-0.8643751174232266,TIME_LIMIT,46972,0,0,30,13
4,12,643952.0,-1.6480976715030005,-0.8643751174232266,TIME_LIMIT,47007,0,0,41,21
4,12,644536.0,-1.6479493119496946,-0.8643751174232266,TIME_LIMIT,47057,0,0,33,6
4,12,645121.0,-1.6479493119496946,-0.8643751174232266,TIME_LIMIT,47083,0,0,39,33
4,12,645673.0,-1.6478795187718314,-0.8643751174232266,TIME_LIMIT,47136,0,0,27,10
4,12,646272.0,-1.6478795187718314,-0.8643751174232266,TIME_LIMIT,47161,0,0,34,13
4,12,646872.0,-1.6478316706115306,-0.8643751174232266,TIME_LIMIT,47218,0,0,39,12
4,12,647431.0,-1.6478316706115306,-0.8643751174232266,TIME_LIMIT,47242,0,0,27,20
4,12,648013.0,-1.647776690280884,-0.8643751174232266,TIME_LIMIT,47295,0,0,30,9
4,12,648571.0,-1.647776690280884,-0.8643751174232266,TIME_LIMIT,47330,0,0,41,20
4,12,649185.0,-1.6477130696417404,-0.8643751174232266,TIME_LIMIT,47381,0,0,35,13
4,12,649771.0,-1.6477130696417404,-0.8643751174232266,TIME_LIMIT,47409,0,0,32,29
4,12,650328.0,-1.647541172356549,-0.8643751174232266,TIME_LIMIT,47458,0,0,26,18
4,12,650910.0,-1.647541172356549,-0.8643751174232266,TIME_LIMIT,47488,0,0,46,34
4,12,651509.0,-1.6474855237807595,-0.8643751174232266,TIME_LIMIT,47542,0,0,33,9
4,12,652080.0,-1.6474855237807595,-0.8643751174232266,TIME_LIMIT,47578,0,0,15,23
4,12,652666.0,-1.6473084120659713,-0.8643751174232266,TIME_LIMIT,47614,0,0,43,25
4,12,653218.0,-1.6473084120659713,-0.8643751174232266,TIME_LIMIT,47643,0,0,37,17
4,12,653803.0,-1.6472253887448511,-0.8643751174232266,TIME_LIMIT,47691,0,0,26,9
4,12,654391.0,-1.6472253887448511,-0.8643751174232266,TIME_LIMIT,47720,0,0,47,17
4,12,654953.0,-1.6469502392277613,-0.8643751174232266,TIME_LIMIT,47782,0,0,41,15
4,12,655664.0,-1.6469502392277613,-0.8643751174232266,TIME_LIMIT,47810,0,0,34,10
4,12,656383.0,-1.6468297139162986,-0.8643751174232266,TIME_LIMIT,47860,0,0,29,8
4,12,657051.0,-1.6468297139162986,-0.8643751174232266,TIME_LIMIT,47885,0,0,34,25
4,12,657665.0,-1.6466633284987595,-0.8643751174232266,TIME_LIMIT,47930,0,0,29,7
4,12,658211.0,-1.6466633284987595,-0.8643751174232266,TIME_LIMIT,47966,0,0,42,20
4,12,658809.0,-1.6466364622044543,-0.8643751174232266,TIME_LIMIT,48018,0,0,35,6
4,12,659400.0,-1.6466364622044543,-0.8643751174232266,TIME_LIMIT,48046,0,0,39,12
4,12,659955.0,-1.6466223631909627,-0.8643751174232266,TIME_LIMIT,48093,0,0,32,11
4,12,660571.0,-1.6466223631909627,-0.8643751174232266,TIME_LIMIT,48123,0,0,39,21
4,12,661125.0,-1.6466006187006672,-0.8643751174232266,TIME_LIMIT,48173,0,0,35,10
4,12,661515.0,-1.6466006187006672,-0.8643751174232266,TIME_LIMIT,48202,0,0,43,7
4,12,662099.0,-1.646597537727711,-0.8643751174232266,TIME_LIMIT,48255,0,0,36,9
4,12,662685.0,-1.646597537727711,-0.8643751174232266,TIME_LIMIT,48288,0,0,47,28
4,12,663170.0,-1.646594952035848,-0.8643751174232266,TIME_LIMIT,48339,0,0,32,10
4,12,663728.0,-1.646594952035848,-0.8643751174232266,TIME_LIMIT,48368,0,0,34,34
4,12,664308.0,-1.646576615433952,-0.8643751174232266,TIME_LIMIT,48422,0,0,37,12
4,12,664863.0,-1.646576615433952,-0.8643751174232266,TIME_LIMIT,48452,0,0,38,15
4,12,665481.0,-1.6465345952151385,-0.8643751174232266,TIME_LIMIT,48498,0,0,29,11
4,12,666066.0,-1.6465345952151385,-0.8643751174232266,TIME_LIMIT,48531,0,0,40,14
4,12,666621.0,-1.6465311931075115,-0.8643751174232266,TIME_LIMIT,48582,0,0,24,9
4,12,667232.0,-1.6465311931075115,-0.8643751174232266,TIME_LIMIT,48615,0,0,18,18
4,12,667849.0,-1.6465139454612048,-0.8643751174232266,TIME_LIMIT,48665,0,0,35,10
4,12,668403.0,-1.6465139454612048,-0.8643751174232266,TIME_LIMIT,48700,0,0,44,54
4,12,668991.0,-1.6465135446146342,-0.8643751174232266,TIME_LIMIT,48752,0,0,29,14
4,12,669543.0,-1.6465135446146342,-0.8643751174232266,TIME_LIMIT,48783,0,0,49,27
4,12,670127.0,-1.6463661832968741,-0.8643751174232266,TIME_LIMIT,48831,0,0,33,23
4,12,670739.0,-1.6463661832968741,-0.8643751174232266,TIME_LIMIT,48864,0,0,38,18
4,12,671332.0,-1.6463577525854391,-0.8643751174232266,TIME_LIMIT,48911,0,0,34,10
4,12,671794.0,-1.6463577525854391,-0.8643751174232266,TIME_LIMIT,48944,0,0,36,12
4,12,672379.0,-1.6461481582975455,-0.8643751174232266,TIME_LIMIT,48988,0,0,27,17
4,12,672984.0,-1.6461481582975455,-0.8643751174232266,TIME_LIMIT,49014,0,0,47,25
4,12,673506.0,-1.6460921440573315,-0.8643751174232266,TIME_LIMIT,49072,0,0,39,12
4,12,674092.0,-1.6460921440573315,-0.8643751174232266,TIME_LIMIT,49100,0,0,17,14
4,12,674644.0,-1.646090335733654,-0.8643751174232266,TIME_LIMIT,49160,0,0,39,11
4,12,675230.0,-1.646090335733654,-0.8643751174232266,TIME_LIMIT,49188,0,0,46,39
4,12,675729.0,-1.6460420746930555,-0.8643751174232266,TIME_LIMIT,49239,0,0,17,7
4,12,676316.0,-1.6460420746930555,-0.8643751174232266,TIME_LIMIT,49270,0,0,33,26
4,12,676991.0,-1.6460330946491488,-0.8643751174232266,TIME_LIMIT,49321,0,0,30,17
4,12,677708.0,-1.6460330946491488,-0.8643751174232266,TIME_LIMIT,49349,0,0,41,31
4,12,678411.0,-1.645965690806063,-0.8643751174232266,TIME_LIMIT,49407,0,0,35,16
4,12,678991.0,-1.645965690806063,-0.8643751174232266,TIME_LIMIT,49432,0,0,35,24
4,12,679590.0,-1.6458688239961912,-0.8643751174232266,TIME_LIMIT,49485,0,0,33,15
4,12,680155.0,-1.6458688239961912,-0.8643751174232266,TIME_LIMIT,49518,0,0,39,24
4,12,680749.0,-1.6457214250836547,-0.8643751174232266,TIME_LIMIT,49567,0,0,26,7
4,12,681334.0,-1.6457214250836547,-0.8643751174232266,TIME_LIMIT,49597,0,0,41,26
4,12,681900.0,-1.64560876249239,-0.8643751174232266,TIME_LIMIT,49651,0,0,34,12
4,12,682394.0,-1.64560876249239,-0.8643751174232266,TIME_LIMIT,49689,0,0,41,28
4,12,682979.0,-1.6456082936039134,-0.8643751174232266,TIME_LIMIT,49741,0,0,30,7
4,12,683565.0,-1.6456082936039134,-0.8643751174232266,TIME_LIMIT,49778,0,0,30,14
4,12,684146.0,-1.6456071060168715,-0.8643751174232266,TIME_LIMIT,49822,0,0,23,8
4,12,684726.0,-1.6456071060168715,-0.8643751174232266,TIME_LIMIT,49852,0,0,31,17
4,12,685176.0,-1.6455921766796548,-0.8643751174232266,TIME_LIMIT,49894,0,0,34,7
4,12,685760.0,-1.6455921766796548,-0.8643751174232266,TIME_LIMIT,49926,0,0,42,38
4,12,686318.0,-1.6455413004863932,-0.8643751174232266,TIME_LIMIT,49978,0,0,34,14
4,12,686929.0,-1.6455413004863932,-0.8643751174232266,TIME_LIMIT,50011,0,0,40,27
4,12,687512.0,-1.6454317651168242,-0.8643751174232266,TIME_LIMIT,50062,0,0,18,8
4,12,688069.0,-1.6454317651168242,-0.8643751174232266,TIME_LIMIT,50091,0,0,46,45
4,12,688652.0,-1.645390620539391,-0.8643751174232266,TIME_LIMIT,50138,0,0,31,19
4,12,689214.0,-1.645390620539391,-0.8643751174232266,TIME_LIMIT,50173,0,0,51,48
4,12,689822.0,-1.6453540872666719,-0.8643751174232266,TIME_LIMIT,50230,0,0,39,12
4,12,690406.0,-1.6453540872666719,-0.8643751174232266,TIME_LIMIT,50266,0,0,31,13
4,12,690962.0,-1.6453030741865127,-0.8643751174232266,TIME_LIMIT,50310,0,0,39,14
4,12,691546.0,-1.6453030741865127,-0.8643751174232266,TIME_LIMIT,50344,0,0,40,40
4,12,692130.0,-1.645148995620991,-0.8643751174232266,TIME_LIMIT,50398,0,0,32,9
4,12,692714.0,-1.645148995620991,-0.8643751174232266,TIME_LIMIT,50430,0,0,34,27
4,12,693300.0,-1.645051431774169,-0.8643751174232266,TIME_LIMIT,50475,0,0,25,16
4,12,693850.0,-1.645051431774169,-0.8643751174232266,TIME_LIMIT,50507,0,0,33,11
4,12,694435.0,-1.6450356873290433,-0.8643751174232266,TIME_LIMIT,50556,0,0,29,15
4,12,695046.0,-1.6450356873290433,-0.8643751174232266,TIME_LIMIT,50582,0,0,34,23
4,12,695603.0,-1.6450303890293358,-0.8643751174232266,TIME_LIMIT,50635,0,0,27,8
4,12,696189.0,-1.6450303890293358,-0.8643751174232266,TIME_LIMIT,50665,0,0,35,17
4,12,696743.0,-1.6450235160339794,-0.8643751174232266,TIME_LIMIT,50714,0,0,31,10
4,12,697330.0,-1.6450235160339794,-0.8643751174232266,TIME_LIMIT,50743,0,0,41,29
4,12,697915.0,-1.6449286015683613,-0.8643751174232266,TIME_LIMIT,50797,0,0,34,18
4,12,698557.0,-1.6449286015683613,-0.8643751174232266,TIME_LIMIT,50832,0,0,54,24
4,12,699240.0,-1.6448999668529345,-0.8643751174232266,TIME_LIMIT,50883,0,0,25,8
4,12,699953.0,-1.6448999668529345,-0.8643751174232266,TIME_LIMIT,50914,0,0,34,18
4,12,700539.0,-1.6448466354393405,-0.8643751174232266,TIME_LIMIT,50969,0,0,34,18
4,12,701133.0,-1.6448466354393405,-0.8643751174232266,TIME_LIMIT,51009,0,0,38,32
4,12,701707.0,-1.644718426241352,-0.8643751174232266,TIME_LIMIT,51065,0,0,31,16
4,12,702300.0,-1.644718426241352,-0.8643751174232266,TIME_LIMIT,51095,0,0,34,15
4,12,702880.0,-1.6446807538251371,-0.8643751174232266,TIME_LIMIT,51137,0,0,26,9
4,12,703207.0,-1.6446807538251371,-0.8643751174232266,TIME_LIMIT,51170,0,0,41,12
4,12,703804.0,-1.6446632391842078,-0.8643751174232266,TIME_LIMIT,51219,0,0,34,10
4,12,704358.0,-1.6446632391842078,-0.8643751174232266,TIME_LIMIT,51254,0,0,39,19
4,12,704941.0,-1.6445517052194334,-0.8643751174232266,TIME_LIMIT,51309,0,0,35,12
4,12,705557.0,-1.6445517052194334,-0.8643751174232266,TIME_LIMIT,51344,0,0,48,31
4,12,706132.0,-1.6445302617167483,-0.8643751174232266,TIME_LIMIT,51392,0,0,27,9
4,12,706718.0,-1.6445302617167483,-0.8643751174232266,TIME_LIMIT,51420,0,0,44,39
4,12,707268.0,-1.6443867802494254,-0.8643751174232266,TIME_LIMIT,51473,0,0,31,13
4,12,707820.0,-1.6443867802494254,-0.8643751174232266,TIME_LIMIT,51508,0,0,36,27
4,12,708397.0,-1.6443739567937832,-0.8643751174232266,TIME_LIMIT,51560,0,0,27,9
4,12,708982.0,-1.6443739567937832,-0.8643751174232266,TIME_LIMIT,51589,0,0,41,40
4,12,709563.0,-1.6443695510047556,-0.8643751174232266,TIME_LIMIT,51643,0,0,31,15
4,12,710091.0,-1.6443695510047556,-0.8643751174232266,TIME_LIMIT,51678,0,0,51,51
4,12,710691.0,-1.6442416111550997,-0.8643751174232266,TIME_LIMIT,51732,0,0,30,19
4,12,711252.0,-1.6442416111550997,-0.8643751174232266,TIME_LIMIT,51777,0,0,38,11
4,12,711835.0,-1.6439937358983254,-0.8643751174232266,TIME_LIMIT,51819,0,0,36,20
4,12,712387.0,-1.6439937358983254,-0.8643751174232266,TIME_LIMIT,51846,0,0,38,26
4,12,712970.0,-1.6439901889183528,-0.8643751174232266,TIME_LIMIT,51900,0,0,34,6
4,12,713552.0,-1.6439901889183528,-0.8643751174232266,TIME_LIMIT,51934,0,0,46,50
4,12,714148.0,-1.6438464047458687,-0.8643751174232266,TIME_LIMIT,51985,0,0,29,13
4,12,714851.0,-1.6438464047458687,-0.8643751174232266,TIME_LIMIT,52009,0,0,43,45
4,12,715497.0,-1.6438193757975645,-0.8643751174232266,TIME_LIMIT,52060,0,0,34,22
4,12,716171.0,-1.6438193757975645,-0.8643751174232266,TIME_LIMIT,52100,0,0,39,13
4,12,716776.0,-1.6437752857074779,-0.8643751174232266,TIME_LIMIT,52141,0,0,20,7
4,12,717338.0,-1.6437752857074779,-0.8643751174232266,TIME_LIMIT,52175,0,0,41,16
4,12,717931.0,-1.6437693810683471,-0.8643751174232266,TIME_LIMIT,52224,0,0,29,9
4,12,718519.0,-1.6437693810683471,-0.8643751174232266,TIME_LIMIT,52255,0,0,39,17
4,12,719012.0,-1.6435805930515783,-0.8643751174232266,TIME_LIMIT,52310,0,0,27,14
4,12,719598.0,-1.6435805930515783,-0.8643751174232266,TIME_LIMIT,52340,0,0,35,16
4,12,720185.0,-1.643533081611143,-0.8643751174232266,TIME_LIMIT,52389,0,0,36,4
4,12,720784.0,-1.643533081611143,-0.8643751174232266,TIME_LIMIT,52417,0,0,44,10
4,12,721349.0,-1.6434774059508996,-0.8643751174232266,TIME_LIMIT,52476,0,0,34,8
4,12,721959.0,-1.6434774059508996,-0.8643751174232266,TIME_LIMIT,52513,0,0,45,34
4,12,722559.0,-1.643436377965619,-0.8643751174232266,TIME_LIMIT,52563,0,0,38,16
4,12,723112.0,-1.643436377965619,-0.8643751174232266,TIME_LIMIT,52602,0,0,39,13
4,12,723720.0,-1.6433758314394578,-0.8643751174232266,TIME_LIMIT,52648,0,0,27,11
4,12,724295.0,-1.6433758314394578,-0.8643751174232266,TIME_LIMIT,52677,0,0,46,41
4,12,724894.0,-1.6433626200147342,-0.8643751174232266,TIME_LIMIT,52728,0,0,29,13
4,12,725343.0,-1.6433626200147342,-0.8643751174232266,TIME_LIMIT,52757,0,0,33,26
4,12,725921.0,-1.6433047627895028,-0.8643751174232266,TIME_LIMIT,52811,0,0,29,14
4,12,726496.0,-1.6433047627895028,-0.8643751174232266,TIME_LIMIT,52848,0,0,35,10
4,12,727102.0,-1.6432964594526382,-0.8643751174232266,TIME_LIMIT,52887,0,0,37,6
4,12,727652.0,-1.6432964594526382,-0.8643751174232266,TIME_LIMIT,52923,0,0,41,21
4,12,728258.0,-1.6430671285741425,-0.8643751174232266,TIME_LIMIT,52977,0,0,36,10
4,12,728851.0,-1.6430671285741425,-0.8643751174232266,TIME_LIMIT,53010,0,0,51,36
4,12,729433.0,-1.64297349143785,-0.8643751174232266,TIME_LIMIT,53065,0,0,31,30
4,12,729972.0,-1.64297349143785,-0.8643751174232266,TIME_LIMIT,53094,0,0,53,25
4,12,730527.0,-1.642899974891018,-0.8643751174232266,TIME_LIMIT,53147,0,0,37,9
4,12,731124.0,-1.642899974891018,-0.8643751174232266,TIME_LIMIT,53178,0,0,41,30
4,12,731680.0,-1.6428520991527362,-0.8643751174232266,TIME_LIMIT,53225,0,0,27,11
4,12,732299.0,-1.6428520991527362,-0.8643751174232266,TIME_LIMIT,53260,0,0,39,20
4,12,732714.0,-1.6427844281043233,-0.8643751174232266,TIME_LIMIT,53312,0,0,25,4
4,12,733271.0,-1.6427844281043233,-0.8643751174232266,TIME_LIMIT,53351,0,0,48,24
4,12,733849.0,-1.6427530173668927,-0.8643751174232266,TIME_LIMIT,53402,0,0,31,9
4,12,734431.0,-1.6427530173668927,-0.8643751174232266,TIME_LIMIT,53427,0,0,28,27
4,12,734998.0,-1.642726034430541,-0.8643751174232266,TIME_LIMIT,53477,0,0,33,13
4,12,735424.0,-1.642726034430541,-0.8643751174232266,TIME_LIMIT,53504,0,0,44,33
4,12,736104.0,-1.6426593693656233,-0.8643751174232266,TIME_LIMIT,53560,0,0,17,7
4,12,736775.0,-1.6426593693656233,-0.8643751174232266,TIME_LIMIT,53593,0,0,17,28
4,12,737463.0,-1.6423587303029146,-0.8643751174232266,TIME_LIMIT,53643,0,0,33,18
4,12,738074.0,-1.6423587303029146,-0.8643751174232266,TIME_LIMIT,53675,0,0,43,23
4,12,738649.0,-1.6422909352007071,-0.8643751174232266,TIME_LIMIT,53729,0,0,30,7
4,12,739235.0,-1.6422909352007071,-0.8643751174232266,TIME_LIMIT,53769,0,0,53,18
4,12,739791.0,-1.6422721012849455,-0.8643751174232266,TIME_LIMIT,53821,0,0,33,12
4,12,740403.0,-1.6422721012849455,-0.8643751174232266,TIME_LIMIT,53846,0,0,38,21
4,12,741021.0,-1.6419952781620883,-0.8643751174232266,TIME_LIMIT,53890,0,0,23,8
4,12,741578.0,-1.6419952781620883,-0.8643751174232266,TIME_LIMIT,53927,0,0,36,17
4,12,742185.0,-1.6418180626899705,-0.8643751174232266,TIME_LIMIT,53976,0,0,31,11
4,12,742757.0,-1.6418180626899705,-0.8643751174232266,TIME_LIMIT,54024,0,0,34,15
4,12,743358.0,-1.6417435347441727,-0.8643751174232266,TIME_LIMIT,54059,0,0,33,16
4,12,743941.0,-1.6417435347441727,-0.8643751174232266,TIME_LIMIT,54084,0,0,41,39
4,12,744515.0,-1.6417253765382298,-0.8643751174232266,TIME_LIMIT,54134,0,0,35,11
4,12,745097.0,-1.6417253765382298,-0.8643751174232266,TIME_LIMIT,54164,0,0,55,54
4,12,745676.0,-1.641715625972186,-0.8643751174232266,TIME_LIMIT,54224,0,0,44,24
4,12,746078.0,-1.641715625972186,-0.8643751174232266,TIME_LIMIT,54255,0,0,29,10
4,12,746678.0,-1.6417043411625687,-0.8643751174232266,TIME_LIMIT,54300,0,0,27,12
4,12,747232.0,-1.6417043411625687,-0.8643751174232266,TIME_LIMIT,54334,0,0,39,14
4,12,747814.0,-1.641631354375035,-0.8643751174232266,TIME_LIMIT,54384,0,0,35,12
4,12,748424.0,-1.641631354375035,-0.8643751174232266,TIME_LIMIT,54421,0,0,42,30
4,12,749003.0,-1.641630177321912,-0.8643751174232266,TIME_LIMIT,54472,0,0,26,13
4,12,749584.0,-1.641630177321912,-0.8643751174232266,TIME_LIMIT,54503,0,0,38,13
4,12,750134.0,-1.6416288781458894,-0.8643751174232266,TIME_LIMIT,54559,0,0,35,21
4,12,750744.0,-1.6416288781458894,-0.8643751174232266,TIME_LIMIT,54593,0,0,37,41
4,12,751336.0,-1.6415867467071037,-0.8643751174232266,TIME_LIMIT,54645,0,0,28,16
4,12,751891.0,-1.6415867467071037,-0.8643751174232266,TIME_LIMIT,54684,0,0,42,20
4,12,752486.0,-1.6414605165403537,-0.8643751174232266,TIME_LIMIT,54746,0,0,40,12
4,12,753085.0,-1.6414605165403537,-0.8643751174232266,TIME_LIMIT,54782,0,0,34,14
4,12,753691.0,-1.6412401149421765,-0.8643751174232266,TIME_LIMIT,54839,0,0,29,14
4,12,754284.0,-1.6412401149421765,-0.8643751174232266,TIME_LIMIT,54871,0,0,41,38
4,12,754854.0,-1.641193117098191,-0.8643751174232266,TIME_LIMIT,54917,0,0,32,26
4,12,755446.0,-1.641193117098191,-0.8643751174232266,TIME_LIMIT,54949,0,0,44,27
4,12,755998.0,-1.6411733741535577,-0.8643751174232266,TIME_LIMIT,54998,0,0,34,14
4,12,756579.0,-1.6411733741535577,-0.8643751174232266,TIME_LIMIT,55031,0,0,41,25
4,12,757238.0,-1.6411682391928033,-0.8643751174232266,TIME_LIMIT,55090,0,0,40,9
4,12,757921.0,-1.6411682391928033,-0.8643751174232266,TIME_LIMIT,55117,0,0,42,58
4,12,758621.0,-1.6411672428567643,-0.8643751174232266,TIME_LIMIT,55171,0,0,34,17
4,12,759229.0,-1.6411672428567643,-0.8643751174232266,TIME_LIMIT,55199,0,0,34,25
4,12,759820.0,-1.641046130086909,-0.8643751174232266,TIME_LIMIT,55249,0,0,34,15
4,12,760279.0,-1.641046130086909,-0.8643751174232266,TIME_LIMIT,55283,0,0,45,25
4,12,760860.0,-1.6410412163277155,-0.8643751174232266,TIME_LIMIT,55334,0,0,35,11
4,12,761406.0,-1.6410412163277155,-0.8643751174232266,TIME_LIMIT,55367,0,0,41,20
4,12,762003.0,-1.6410101469995033,-0.8643751174232266,TIME_LIMIT,55419,0,0,25,10
4,12,762592.0,-1.6410101469995033,-0.8643751174232266,TIME_LIMIT,55449,0,0,38,14
4,12,763171.0,-1.64100433133146,-0.8643751174232266,TIME_LIMIT,55503,0,0,26,12
4,12,763755.0,-1.64100433133146,-0.8643751174232266,TIME_LIMIT,55538,0,0,46,65
4,12,764343.0,-1.640922944726572,-0.8643751174232266,TIME_LIMIT,55588,0,0,30,14
4,12,764919.0,-1.640922944726572,-0.8643751174232266,TIME_LIMIT,55622,0,0,31,19
4,12,765469.0,-1.6408928217184366,-0.8643751174232266,TIME_LIMIT,55657,0,0,32,13
4,12,766046.0,-1.6408928217184366,-0.8643751174232266,TIME_LIMIT,55687,0,0,49,24
4,12,766627.0,-1.6407697310293634,-0.8643751174232266,TIME_LIMIT,55736,0,0,30,8
4,12,767200.0,-1.6407697310293634,-0.8643751174232266,TIME_LIMIT,55769,0,0,42,20
4,12,767777.0,-1.6406785439071319,-0.8643751174232266,TIME_LIMIT,55822,0,0,31,15
4,12,768329.0,-1.6406785439071319,-0.8643751174232266,TIME_LIMIT,55857,0,0,42,25
4,12,768908.0,-1.6406780864565347,-0.8643751174232266,TIME_LIMIT,55909,0,0,29,13
4,12,769503.0,-1.6406780864565347,-0.8643751174232266,TIME_LIMIT,55941,0,0,36,28
4,12,770062.0,-1.640500957564852,-0.8643751174232266,TIME_LIMIT,55986,0,0,29,5
4,12,770641.0,-1.640500957564852,-0.8643751174232266,TIME_LIMIT,56014,0,0,25,33
4,12,771188.0,-1.6404378265742243,-0.8643751174232266,TIME_LIMIT,56071,0,0,39,9
4,12,771767.0,-1.6404378265742243,-0.8643751174232266,TIME_LIMIT,56103,0,0,34,19
4,12,772342.0,-1.640384050896148,-0.8643751174232266,TIME_LIMIT,56153,0,0,30,10
4,12,772894.0,-1.640384050896148,-0.8643751174232266,TIME_LIMIT,56184,0,0,35,24
4,12,773570.0,-1.6403202056576602,-0.8643751174232266,TIME_LIMIT,56235,0,0,30,14
4,12,774212.0,-1.6403202056576602,-0.8643751174232266,TIME_LIMIT,56263,0,0,27,22
4,12,774893.0,-1.6402599275427872,-0.8643751174232266,TIME_LIMIT,56320,0,0,39,13
4,12,775496.0,-1.6402599275427872,-0.8643751174232266,TIME_LIMIT,56356,0,0,37,39
4,12,776059.0,-1.640259070281161,-0.8643751174232266,TIME_LIMIT,56405,0,0,26,9
4,12,776643.0,-1.640259070281161,-0.8643751174232266,TIME_LIMIT,56442,0,0,18,27
4,12,777196.0,-1.6401917942487727,-0.8643751174232266,TIME_LIMIT,56498,0,0,33,18
4,12,777773.0,-1.6401917942487727,-0.8643751174232266,TIME_LIMIT,56529,0,0,15,20
4,12,778375.0,-1.6401750853048191,-0.8643751174232266,TIME_LIMIT,56577,0,0,30,9
4,12,778924.0,-1.6401750853048191,-0.8643751174232266,TIME_LIMIT,56611,0,0,41,20
4,12,779503.0,-1.6401467989250795,-0.8643751174232266,TIME_LIMIT,56661,0,0,26,15
4,12,780054.0,-1.6401467989250795,-0.8643751174232266,TIME_LIMIT,56693,0,0,38,31
4,12,780652.0,-1.640103313469843,-0.8643751174232266,TIME_LIMIT,56746,0,0,33,20
4,12,781194.0,-1.640103313469843,-0.8643751174232266,TIME_LIMIT,56784,0,0,49,34
4,12,781772.0,-1.6401018442582267,-0.8643751174232266,TIME_LIMIT,56831,0,0,30,11
4,12,782347.0,-1.6401018442582267,-0.8643751174232266,TIME_LIMIT,56855,0,0,42,38
4,12,782905.0,-1.6400147135145426,-0.8643751174232266,TIME_LIMIT,56907,0,0,31,13
4,12,783499.0,-1.6400147135145426,-0.8643751174232266,TIME_LIMIT,56938,0,0,38,15
4,12,784049.0,-1.6400132376620657,-0.8643751174232266,TIME_LIMIT,56988,0,0,32,16
4,12,784448.0,-1.6400132376620657,-0.8643751174232266,TIME_LIMIT,57017,0,0,45,34
4,12,785023.0,-1.6398298833969862,-0.8643751174232266,TIME_LIMIT,57064,0,0,28,16
4,12,785584.0,-1.6398298833969862,-0.8643751174232266,TIME_LIMIT,57095,0,0,38,20
4,12,786175.0,-1.6397962683819427,-0.8643751174232266,TIME_LIMIT,57146,0,0,34,13
4,12,786753.0,-1.6397962683819427,-0.8643751174232266,TIME_LIMIT,57171,0,0,30,31
4,12,787320.0,-1.6397482597863589,-0.8643751174232266,TIME_LIMIT,57230,0,0,33,12
4,12,787900.0,-1.6397482597863589,-0.8643751174232266,TIME_LIMIT,57268,0,0,45,30
4,12,788474.0,-1.6396443000454048,-0.8643751174232266,TIME_LIMIT,57315,0,0,26,11
4,12,789052.0,-1.6396443000454048,-0.8643751174232266,TIME_LIMIT,57351,0,0,45,35
4,12,789630.0,-1.6395818652779914,-0.8643751174232266,TIME_LIMIT,57400,0,0,29,8
4,12,790180.0,-1.6395818652779914,-0.8643751174232266,TIME_LIMIT,57442,0,0,47,23
4,12,790769.0,-1.63946534241122,-0.8643751174232266,TIME_LIMIT,57501,0,0,37,7
4,12,791234.0,-1.63946534241122,-0.8643751174232266,TIME_LIMIT,57537,0,0,18,15
4,12,791819.0,-1.6392631004003404,-0.8643751174232266,TIME_LIMIT,57590,0,0,32,13
4,12,792398.0,-1.6392631004003404,-0.8643751174232266,TIME_LIMIT,57618,0,0,38,37
4,12,792976.0,-1.6392016437862966,-0.8643751174232266,TIME_LIMIT,57676,0,0,32,8
4,12,793529.0,-1.6392016437862966,-0.8643751174232266,TIME_LIMIT,57707,0,0,35,24
4,12,794103.0,-1.6391907525140932,-0.8643751174232266,TIME_LIMIT,57761,0,0,37,17
4,12,794733.0,-1.6391907525140932,-0.8643751174232266,TIME_LIMIT,57786,0,0,33,19
4,12,795408.0,-1.6391268382803115,-0.8643751174232266,TIME_LIMIT,57838,0,0,29,15
4,12,796138.0,-1.6391268382803115,-0.8643751174232266,TIME_LIMIT,57868,0,0,39,12
4,12,796721.0,-1.6391116544857247,-0.8643751174232266,TIME_LIMIT,57910,0,0,25,11
4,12,797043.0,-1.6391116544857247,-0.8643751174232266,TIME_LIMIT,57938,0,0,39,26
4,12,797604.0,-1.6391096216196077,-0.8643751174232266,TIME_LIMIT,57988,0,0,28,14
4,12,798188.0,-1.6391096216196077,-0.8643751174232266,TIME_LIMIT,58020,0,0,33,45
4,12,798740.0,-1.63908085214071,-0.8643751174232266,TIME_LIMIT,58079,0,0,40,11
4,12,799306.0,-1.63908085214071,-0.8643751174232266,TIME_LIMIT,58118,0,0,37,28
4,12,799853.0,-1.6389066653654898,-0.8643751174232266,TIME_LIMIT,58171,0,0,37,14
4,12,800457.0,-1.6389066653654898,-0.8643751174232266,TIME_LIMIT,58204,0,0,49,42
4,12,801032.0,-1.6388191703605846,-0.8643751174232266,TIME_LIMIT,58263,0,0,40,14
4,12,801507.0,-1.6388191703605846,-0.8643751174232266,TIME_LIMIT,58295,0,0,35,22
4,12,802027.0,-1.638717649751478,-0.8643751174232266,TIME_LIMIT,58350,0,0,37,5
4,12,802625.0,-1.638717649751478,-0.8643751174232266,TIME_LIMIT,58387,0,0,33,25
4,12,803174.0,-1.6386615861319265,-0.8643751174232266,TIME_LIMIT,58443,0,0,36,14
4,12,803755.0,-1.6386615861319265,-0.8643751174232266,TIME_LIMIT,58476,0,0,46,17
4,12,804330.0,-1.6386191095039566,-0.8643751174232266,TIME_LIMIT,58526,0,0,35,9
4,12,804882.0,-1.6386191095039566,-0.8643751174232266,TIME_LIMIT,58562,0,0,39,17
4,12,805480.0,-1.6385293362221833,-0.8643751174232266,TIME_LIMIT,58614,0,0,35,15
4,12,806030.0,-1.6385293362221833,-0.8643751174232266,TIME_LIMIT,58646,0,0,35,36
4,12,806609.0,-1.6384887186771655,-0.8643751174232266,TIME_LIMIT,58697,0,0,33,26
4,12,807189.0,-1.6384887186771655,-0.8643751174232266,TIME_LIMIT,58724,0,0,50,40
4,12,807758.0,-1.6384350855417305,-0.8643751174232266,TIME_LIMIT,58776,0,0,29,14
4,12,808335.0,-1.6384350855417305,-0.8643751174232266,TIME_LIMIT,58813,0,0,41,17
4,12,808888.0,-1.6383836105610972,-0.8643751174232266,TIME_LIMIT,58866,0,0,33,7
4,12,809464.0,-1.6383836105610972,-0.8643751174232266,TIME_LIMIT,58900,0,0,37,14
4,12,810015.0,-1.6383557702444451,-0.8643751174232266,TIME_LIMIT,58941,0,0,24,16
4,12,810593.0,-1.6383557702444451,-0.8643751174232266,TIME_LIMIT,58974,0,0,35,26
4,12,811193.0,-1.6383300343648022,-0.8643751174232266,TIME_LIMIT,59023,0,0,34,18
4,12,811841.0,-1.6383300343648022,-0.8643751174232266,TIME_LIMIT,59063,0,0,38,15
4,12,812516.0,-1.6382322054275695,-0.8643751174232266,TIME_LIMIT,59100,0,0,35,13
4,12,813159.0,-1.6382322054275695,-0.8643751174232266,TIME_LIMIT,59128,0,0,27,19
4,12,813765.0,-1.6382131392366746,-0.8643751174232266,TIME_LIMIT,59177,0,0,35,11
4,12,814363.0,-1.6382131392366746,-0.8643751174232266,TIME_LIMIT,59213,0,0,41,19
4,12,814924.0,-1.6382067677994592,-0.8643751174232266,TIME_LIMIT,59260,0,0,27,16
4,12,815510.0,-1.6382067677994592,-0.8643751174232266,TIME_LIMIT,59287,0,0,40,40
4,12,816057.0,-1.6381804584498216,-0.8643751174232266,TIME_LIMIT,59337,0,0,36,11
4,12,816663.0,-1.6381804584498216,-0.8643751174232266,TIME_LIMIT,59371,0,0,38,35
4,12,817235.0,-1.6381578758247832,-0.8643751174232266,TIME_LIMIT,59419,0,0,28,5
4,12,817792.0,-1.6381578758247832,-0.8643751174232266,TIME_LIMIT,59450,0,0,45,36
4,12,818380.0,-1.6381152612573193,-0.8643751174232266,TIME_LIMIT,59504,0,0,15,5
4,12,818760.0,-1.6381152612573193,-0.8643751174232266,TIME_LIMIT,59536,0,0,37,30
4,12,819337.0,-1.638069373392688,-0.8643751174232266,TIME_LIMIT,59593,0,0,37,12
4,12,819916.0,-1.638069373392688,-0.8643751174232266,TIME_LIMIT,59624,0,0,41,29
4,12,820463.0,-1.6380260282413164,-0.8643751174232266,TIME_LIMIT,59681,0,0,40,10
4,12,821044.0,-1.6380260282413164,-0.8643751174232266,TIME_LIMIT,59711,0,0,28,13
4,12,821615.0,-1.6378893419732887,-0.8643751174232266,TIME_LIMIT,59759,0,0,24,13
4,12,822191.0,-1.6378893419732887,-0.8643751174232266,TIME_LIMIT,59793,0,0,45,10
4,12,822768.0,-1.6377160078231827,-0.8643751174232266,TIME_LIMIT,59838,0,0,31,11
4,12,823316.0,-1.6377160078231827,-0.8643751174232266,TIME_LIMIT,59864,0,0,37,23
4,12,823908.0,-1.6376953016671558,-0.8643751174232266,TIME_LIMIT,59915,0,0,34,21
4,12,824469.0,-1.6376953016671558,-0.8643751174232266,TIME_LIMIT,59937,0,0,41,39
4,12,825047.0,-1.6376892760563149,-0.8643751174232266,TIME_LIMIT,59990,0,0,35,9
4,12,825624.0,-1.6376892760563149,-0.8643751174232266,TIME_LIMIT,60015,0,0,40,17
4,12,826178.0,-1.6376624295753257,-0.8643751174232266,TIME_LIMIT,60074,0,0,39,5
4,12,826781.0,-1.6376624295753257,-0.8643751174232266,TIME_LIMIT,60110,0,0,32,24
4,12,827327.0,-1.6376554048468173,-0.8643751174232266,TIME_LIMIT,60157,0,0,23,10
4,12,827908.0,-1.6376554048468173,-0.8643751174232266,TIME_LIMIT,60189,0,0,37,30
4,12,828454.0,-1.637439460745722,-0.8643751174232266,TIME_LIMIT,60242,0,0,31,10
4,12,829036.0,-1.637439460745722,-0.8643751174232266,TIME_LIMIT,60280,0,0,39,18
4,12,829632.0,-1.6373439993189551,-0.8643751174232266,TIME_LIMIT,60318,0,0,39,22
4,12,830183.0,-1.6373439993189551,-0.8643751174232266,TIME_LIMIT,60346,0,0,44,32
4,12,830779.0,-1.6372275801288558,-0.8643751174232266,TIME_LIMIT,60395,0,0,31,11
4,12,831328.0,-1.6372275801288558,-0.8643751174232266,TIME_LIMIT,60421,0,0,41,28
4,12,831907.0,-1.637202183393856,-0.8643751174232266,TIME_LIMIT,60473,0,0,34,11
4,12,832485.0,-1.637202183393856,-0.8643751174232266,TIME_LIMIT,60512,0,0,55,35
4,12,833115.0,-1.6371546779218655,-0.8643751174232266,TIME_LIMIT,60572,0,0,37,17
4,12,833789.0,-1.6371546779218655,-0.8643751174232266,TIME_LIMIT,60600,0,0,38,27
4,12,834439.0,-1.6371477323347183,-0.8643751174232266,TIME_LIMIT,60649,0,0,23,16
4,12,835097.0,-1.6371477323347183,-0.8643751174232266,TIME_LIMIT,60686,0,0,47,26
4,12,835660.0,-1.6370990603723192,-0.8643751174232266,TIME_LIMIT,60732,0,0,26,16
4,12,836253.0,-1.6370990603723192,-0.8643751174232266,TIME_LIMIT,60764,0,0,29,37
4,12,836835.0,-1.6370183394760824,-0.8643751174232266,TIME_LIMIT,60812,0,0,30,8
4,12,837382.0,-1.6370183394760824,-0.8643751174232266,TIME_LIMIT,60840,0,0,36,27
4,12,837976.0,-1.6369929024326202,-0.8643751174232266,TIME_LIMIT,60888,0,0,30,8
4,12,838438.0,-1.6369929024326202,-0.8643751174232266,TIME_LIMIT,60919,0,0,38,21
4,12,839039.0,-1.6369837121502744,-0.8643751174232266,TIME_LIMIT,60970,0,0,34,7
4,12,839624.0,-1.6369837121502744,-0.8643751174232266,TIME_LIMIT,61001,0,0,32,14
4,12,840224.0,-1.6369150780717876,-0.8643751174232266,TIME_LIMIT,61047,0,0,26,5
4,12,840773.0,-1.6369150780717876,-0.8643751174232266,TIME_LIMIT,61079,0,0,22,54
4,12,841354.0,-1.6369086947260865,-0.8643751174232266,TIME_LIMIT,61130,0,0,31,21
4,12,841901.0,-1.6369086947260865,-0.8643751174232266,TIME_LIMIT,61160,0,0,41,40
4,12,842483.0,-1.6368103553069633,-0.8643751174232266,TIME_LIMIT,61221,0,0,13,10
4,12,842943.0,-1.6368103553069633,-0.8643751174232266,TIME_LIMIT,61253,0,0,39,15
4,12,843517.0,-1.6368095047564295,-0.8643751174232266,TIME_LIMIT,61300,0,0,24,7
4,12,844069.0,-1.6368095047564295,-0.8643751174232266,TIME_LIMIT,61333,0,0,34,22
4,12,844641.0,-1.6367528509128348,-0.8643751174232266,TIME_LIMIT,61390,0,0,34,9
4,12,845194.0,-1.6367528509128348,-0.8643751174232266,TIME_LIMIT,61424,0,0,34,26
4,12,845620.0,-1.6367262536407976,-0.8643751174232266,TIME_LIMIT,61477,0,0,26,9
4,12,846192.0,-1.6367262536407976,-0.8643751174232266,TIME_LIMIT,61506,0,0,43,21
4,12,846743.0,-1.6366113875210095,-0.8643751174232266,TIME_LIMIT,61557,0,0,35,9
4,12,847318.0,-1.6366113875210095,-0.8643751174232266,TIME_LIMIT,61593,0,0,26,10
4,12,847874.0,-1.6365765163291257,-0.8643751174232266,TIME_LIMIT,61639,0,0,23,17
4,12,848470.0,-1.6365765163291257,-0.8643751174232266,TIME_LIMIT,61669,0,0,42,39
4,12,849046.0,-1.6365587012056542,-0.8643751174232266,TIME_LIMIT,61724,0,0,41,19
4,12,849596.0,-1.6365587012056542,-0.8643751174232266,TIME_LIMIT,61760,0,0,46,20
4,12,850174.0,-1.6365514495683573,-0.8643751174232266,TIME_LIMIT,61814,0,0,25,10
4,12,850746.0,-1.6365514495683573,-0.8643751174232266,TIME_LIMIT,61853,0,0,44,11
4,12,851321.0,-1.6364967402451935,-0.8643751174232266,TIME_LIMIT,61881,0,0,32,17
4,12,851901.0,-1.6364967402451935,-0.8643751174232266,TIME_LIMIT,61920,0,0,48,23
4,12,852448.0,-1.6364552956419232,-0.8643751174232266,TIME_LIMIT,61971,0,0,31,10
4,12,853026.0,-1.6364552956419232,-0.8643751174232266,TIME_LIMIT,62004,0,0,32,14
4,12,853575.0,-1.6363279620341242,-0.8643751174232266,TIME_LIMIT,62049,0,0,14,8
4,12,854188.0,-1.6363279620341242,-0.8643751174232266,TIME_LIMIT,62082,0,0,30,17
4,12,854831.0,-1.6362197716456752,-0.8643751174232266,TIME_LIMIT,62138,0,0,34,12
4,12,855508.0,-1.6362197716456752,-0.8643751174232266,TIME_LIMIT,62168,0,0,43,19
4,12,856172.0,-1.6359729391698732,-0.8643751174232266,TIME_LIMIT,62225,0,0,37,14
4,12,856736.0,-1.6359729391698732,-0.8643751174232266,TIME_LIMIT,62257,0,0,33,27
4,12,857322.0,-1.6359290320815947,-0.8643751174232266,TIME_LIMIT,62307,0,0,34,15
4,12,857874.0,-1.6359290320815947,-0.8643751174232266,TIME_LIMIT,62334,0,0,23,12
4,12,858323.0,-1.635881989847443,-0.8643751174232266,TIME_LIMIT,62382,0,0,35,7
4,12,858899.0,-1.635881989847443,-0.8643751174232266,TIME_LIMIT,62412,0,0,38,25
4,12,859502.0,-1.6358503488227825,-0.8643751174232266,TIME_LIMIT,62462,0,0,27,11
4,12,860047.0,-1.6358503488227825,-0.8643751174232266,TIME_LIMIT,62491,0,0,41,27
4,12,860631.0,-1.6358462102700588,-0.8643751174232266,TIME_LIMIT,62537,0,0,28,8
4,12,861185.0,-1.6358462102700588,-0.8643751174232266,TIME_LIMIT,62570,0,0,40,22
4,12,861782.0,-1.6357903904294355,-0.8643751174232266,TIME_LIMIT,62619,0,0,29,20
4,12,862335.0,-1.6357903904294355,-0.8643751174232266,TIME_LIMIT,62653,0,0,42,33
4,12,862914.0,-1.6357647736532395,-0.8643751174232266,TIME_LIMIT,62706,0,0,36,13
4,12,863491.0,-1.6357647736532395,-0.8643751174232266,TIME_LIMIT,62736,0,0,43,54
4,12,864054.0,-1.6355458383921777,-0.8643751174232266,TIME_LIMIT,62794,0,0,30,18
4,12,864643.0,-1.6355458383921777,-0.8643751174232266,TIME_LIMIT,62827,0,0,35,15
4,12,865199.0,-1.6354904378958917,-0.8643751174232266,TIME_LIMIT,62879,0,0,13,5
4,12,865759.0,-1.6354904378958917,-0.8643751174232266,TIME_LIMIT,62914,0,0,43,24
4,12,866313.0,-1.635440839357537,-0.8643751174232266,TIME_LIMIT,62971,0,0,37,12
4,12,866711.0,-1.635440839357537,-0.8643751174232266,TIME_LIMIT,63000,0,0,43,18
4,12,867295.0,-1.635386342347459,-0.8643751174232266,TIME_LIMIT,63049,0,0,37,15
4,12,867844.0,-1.635386342347459,-0.8643751174232266,TIME_LIMIT,63075,0,0,30,15
4,12,868395.0,-1.6353666459297758,-0.8643751174232266,TIME_LIMIT,63134,0,0,38,9
4,12,868947.0,-1.6353666459297758,-0.8643751174232266,TIME_LIMIT,63166,0,0,41,19
4,12,869554.0,-1.6353547641964261,-0.8643751174232266,TIME_LIMIT,63215,0,0,25,14
4,12,870099.0,-1.6353547641964261,-0.8643751174232266,TIME_LIMIT,63246,0,0,33,17
4,12,870678.0,-1.6353353272321485,-0.8643751174232266,TIME_LIMIT,63283,0,0,14,7
4,12,871252.0,-1.6353353272321485,-0.8643751174232266,TIME_LIMIT,63309,0,0,47,19
4,12,871802.0,-1.6353136625050726,-0.8643751174232266,TIME_LIMIT,63359,0,0,34,7
4,12,872375.0,-1.6353136625050726,-0.8643751174232266,TIME_LIMIT,63393,0,0,37,19
4,12,872953.0,-1.6351043092560682,-0.8643751174232266,TIME_LIMIT,63443,0,0,32,10
4,12,873654.0,-1.6351043092560682,-0.8643751174232266,TIME_LIMIT,63470,0,0,35,25
4,12,874293.0,-1.6349972234492949,-0.8643751174232266,TIME_LIMIT,63518,0,0,18,5
4,12,874784.0,-1.6349972234492949,-0.8643751174232266,TIME_LIMIT,63551,0,0,50,23
4,12,875397.0,-1.6349934884099107,-0.8643751174232266,TIME_LIMIT,63597,0,0,28,8
4,12,875969.0,-1.6349934884099107,-0.8643751174232266,TIME_LIMIT,63635,0,0,36,20
4,12,876560.0,-1.6349242159132573,-0.8643751174232266,TIME_LIMIT,63684,0,0,32,9
4,12,877146.0,-1.6349242159132573,-0.8643751174232266,TIME_LIMIT,63708,0,0,39,34
4,12,877716.0,-1.6348627543623364,-0.8643751174232266,TIME_LIMIT,63763,0,0,30,9
4,12,878303.0,-1.6348627543623364,-0.8643751174232266,TIME_LIMIT,63800,0,0,47,30
4,12,878877.0,-1.6348474708874365,-0.8643751174232266,TIME_LIMIT,63852,0,0,36,10
4,12,879451.0,-1.6348474708874365,-0.8643751174232266,TIME_LIMIT,63885,0,0,39,41
4,12,879996.0,-1.6347010427597364,-0.8643751174232266,TIME_LIMIT,63932,0,0,11,5
4,12,880581.0,-1.6347010427597364,-0.8643751174232266,TIME_LIMIT,63960,0,0,39,20
4,12,881167.0,-1.6345874473014077,-0.8643751174232266,TIME_LIMIT,64009,0,0,32,21
4,12,881707.0,-1.6345874473014077,-0.8643751174232266,TIME_LIMIT,64037,0,0,42,21
4,12,882319.0,-1.6345299577458094,-0.8643751174232266,TIME_LIMIT,64089,0,0,34,10
4,12,882864.0,-1.6345299577458094,-0.8643751174232266,TIME_LIMIT,64127,0,0,34,18
4,12,883464.0,-1.6345262887930596,-0.8643751174232266,TIME_LIMIT,64185,0,0,37,11
4,12,884001.0,-1.6345262887930596,-0.8643751174232266,TIME_LIMIT,64217,0,0,38,15
4,12,884570.0,-1.6345044777357223,-0.8643751174232266,TIME_LIMIT,64275,0,0,39,7
4,12,885140.0,-1.6345044777357223,-0.8643751174232266,TIME_LIMIT,64302,0,0,48,42
4,12,885685.0,-1.634460053803886,-0.8643751174232266,TIME_LIMIT,64360,0,0,20,18
4,12,886264.0,-1.634460053803886,-0.8643751174232266,TIME_LIMIT,64390,0,0,36,21
4,12,886899.0,-1.6344542996658493,-0.8643751174232266,TIME_LIMIT,64442,0,0,32,8
4,12,887571.0,-1.6344542996658493,-0.8643751174232266,TIME_LIMIT,64480,0,0,42,13
4,12,888216.0,-1.6343610631490988,-0.8643751174232266,TIME_LIMIT,64530,0,0,28,19
4,12,888839.0,-1.6343610631490988,-0.8643751174232266,TIME_LIMIT,64565,0,0,49,31
4,12,889436.0,-1.6341706394056819,-0.8643751174232266,TIME_LIMIT,64620,0,0,33,15
4,12,889997.0,-1.6341706394056819,-0.8643751174232266,TIME_LIMIT,64644,0,0,35,45
4,12,890587.0,-1.634165837614825,-0.8643751174232266,TIME_LIMIT,64696,0,0,33,9
4,12,891133.0,-1.634165837614825,-0.8643751174232266,TIME_LIMIT,64730,0,0,33,35
4,12,891732.0,-1.6341221928233542,-0.8643751174232266,TIME_LIMIT,64783,0,0,35,19
4,12,892299.0,-1.6341221928233542,-0.8643751174232266,TIME_LIMIT,64807,0,0,36,13
4,12,892838.0,-1.634120472713055,-0.8643751174232266,TIME_LIMIT,64858,0,0,31,7
4,12,893426.0,-1.634120472713055,-0.8643751174232266,TIME_LIMIT,64886,0,0,33,16
4,12,893978.0,-1.633963682338284,-0.8643751174232266,TIME_LIMIT,64934,0,0,34,18
4,12,894544.0,-1.633963682338284,-0.8643751174232266,TIME_LIMIT,64958,0,0,29,26
4,12,895080.0,-1.6339339869251694,-0.8643751174232266,TIME_LIMIT,65012,0,0,30,11
4,12,895659.0,-1.6339339869251694,-0.8643751174232266,TIME_LIMIT,65047,0,0,32,17
4,12,896244.0,-1.6339200671475629,-0.9181611211733337,TIME_LIMIT,65095,0,0,25,13
4,12,896636.0,-1.6339200671475629,-0.9181611211733337,TIME_LIMIT,65129,0,0,31,22
4,12,897200.0,-1.633853685379763,-0.9181611211733337,TIME_LIMIT,65175,0,0,32,21
4,12,897777.0,-1.633853685379763,-0.9181611211733337,TIME_LIMIT,65201,0,0,44,38
4,12,898343.0,-1.633823107435841,-0.9181611211733337,TIME_LIMIT,65256,0,0,38,19
4,12,898911.0,-1.633823107435841,-0.9181611211733337,TIME_LIMIT,65286,0,0,14,34
4,12,899448.0,-1.6337872369680158,-0.9181611211733337,TIME_LIMIT,65337,0,0,32,10
4,12,900014.0,-1.6337872369680158,-0.9181611211733337,TIME_LIMIT,65370,0,0,42,26
4,12,900394.0,-1.6337574427665735,-0.9181611211733337,TIME_LIMIT,65422,0,0,30,7
4,12,900907.0,-1.6337574427665735,-0.9181611211733337,TIME_LIMIT,65459,0,0,44,16
4,12,901420.0,-1.6336690200331982,-0.9181611211733337,TIME_LIMIT,65512,0,0,27,8
4,12,902089.0,-1.6336690200331982,-0.9181611211733337,TIME_LIMIT,65542,0,0,38,27
4,12,902733.0,-1.6334196518633985,-0.9181611211733337,TIME_LIMIT,65591,0,0,23,11
4,12,903360.0,-1.6334196518633985,-0.9181611211733337,TIME_LIMIT,65625,0,0,42,17
4,12,903929.0,-1.6334192010855493,-0.9181611211733337,TIME_LIMIT,65671,0,0,32,5
4,12,904518.0,-1.6334192010855493,-0.9181611211733337,TIME_LIMIT,65699,0,0,37,37
4,12,905071.0,-1.6334013376158962,-0.9181611211733337,TIME_LIMIT,65747,0,0,29,9
4,12,905653.0,-1.6334013376158962,-0.9181611211733337,TIME_LIMIT,65782,0,0,30,23
4,12,906232.0,-1.6333071683873743,-0.9181611211733337,TIME_LIMIT,65834,0,0,34,11
4,12,906781.0,-1.6333071683873743,-0.9181611211733337,TIME_LIMIT,65871,0,0,33,38
4,12,907377.0,-1.633236327103554,-0.9181611211733337,TIME_LIMIT,65926,0,0,36,21
4,12,907915.0,-1.633236327103554,-0.9181611211733337,TIME_LIMIT,65955,0,0,43,41
4,12,908483.0,-1.6331104731136608,-0.9181611211733337,TIME_LIMIT,66005,0,0,32,14
4,12,909055.0,-1.6331104731136608,-0.9181611211733337,TIME_LIMIT,66033,0,0,44,40
4,12,909622.0,-1.632971497161206,-0.9181611211733337,TIME_LIMIT,66082,0,0,17,15
4,12,910187.0,-1.632971497161206,-0.9181611211733337,TIME_LIMIT,66108,0,0,37,18
4,12,910727.0,-1.6329711894322845,-0.9181611211733337,TIME_LIMIT,66165,0,0,34,5
4,12,911326.0,-1.6329711894322845,-0.9181611211733337,TIME_LIMIT,66189,0,0,37,18
4,12,911812.0,-1.6329630655433156,-0.9181611211733337,TIME_LIMIT,66244,0,0,36,8
4,12,912089.0,-1.6329630655433156,-0.9181611211733337,TIME_LIMIT,66274,0,0,43,25
4,12,912651.0,-1.6328828264723314,-0.9181611211733337,TIME_LIMIT,66323,0,0,26,10
4,12,912978.0,-1.6328828264723314,-0.9181611211733337,TIME_LIMIT,66347,0,0,28,18
4,12,913337.0,-1.6328140454224327,-0.9181611211733337,TIME_LIMIT,66390,0,0,26,5
4,12,913896.0,-1.6328140454224327,-0.9181611211733337,TIME_LIMIT,66431,0,0,42,14
4,12,914460.0,-1.632732218041801,-0.9181611211733337,TIME_LIMIT,66479,0,0,26,20
4,12,915026.0,-1.632732218041801,-0.9181611211733337,TIME_LIMIT,66504,0,0,31,30
4,12,915588.0,-1.6326611137524945,-0.9181611211733337,TIME_LIMIT,66556,0,0,34,18
4,12,916166.0,-1.6326611137524945,-0.9181611211733337,TIME_LIMIT,66583,0,0,47,56
4,12,916723.0,-1.6325926461076017,-0.9181611211733337,TIME_LIMIT,66635,0,0,34,13
4,12,917287.0,-1.6325926461076017,-0.9181611211733337,TIME_LIMIT,66674,0,0,33,23
4,12,917823.0,-1.632564484494088,-0.9181611211733337,TIME_LIMIT,66723,0,0,28,13
4,12,918398.0,-1.632564484494088,-0.9181611211733337,TIME_LIMIT,66754,0,0,44,17
4,12,919065.0,-1.632563202838538,-0.9181611211733337,TIME_LIMIT,66811,0,0,36,15
4,12,919700.0,-1.632563202838538,-0.9181611211733337,TIME_LIMIT,66845,0,0,53,37
4,12,920380.0,-1.6325415582924663,-0.9181611211733337,TIME_LIMIT,66900,0,0,36,14
4,12,921002.0,-1.6325415582924663,-0.9181611211733337,TIME_LIMIT,66933,0,0,46,14
4,12,921459.0,-1.6324897558157085,-0.9181611211733337,TIME_LIMIT,66993,0,0,39,9
4,12,922051.0,-1.6324897558157085,-0.9181611211733337,TIME_LIMIT,67027,0,0,28,32
4,12,922610.0,-1.632456889878319,-0.9181611211733337,TIME_LIMIT,67062,0,0,45,20
4,12,923186.0,-1.632456889878319,-0.9181611211733337,TIME_LIMIT,67101,0,0,43,29
4,12,923786.0,-1.6323901489054953,-0.9181611211733337,TIME_LIMIT,67147,0,0,33,10
4,12,924324.0,-1.6323901489054953,-0.9181611211733337,TIME_LIMIT,67189,0,0,35,24
4,12,924917.0,-1.632364399515361,-0.9181611211733337,TIME_LIMIT,67226,0,0,33,20
4,12,925505.0,-1.632364399515361,-0.9181611211733337,TIME_LIMIT,67255,0,0,30,25
4,12,926071.0,-1.6322633786022573,-0.9181611211733337,TIME_LIMIT,67303,0,0,31,13
4,12,926609.0,-1.6322633786022573,-0.9181611211733337,TIME_LIMIT,67340,0,0,36,17
4,12,927178.0,-1.632250258598114,-0.9181611211733337,TIME_LIMIT,67388,0,0,28,16
4,12,927740.0,-1.632250258598114,-0.9181611211733337,TIME_LIMIT,67422,0,0,39,22
4,12,928314.0,-1.6322194831408208,-0.9181611211733337,TIME_LIMIT,67467,0,0,23,10
4,12,928878.0,-1.6322194831408208,-0.9181611211733337,TIME_LIMIT,67492,0,0,33,17
4,12,929406.0,-1.6321612642344454,-0.9181611211733337,TIME_LIMIT,67548,0,0,34,7
4,12,929933.0,-1.6321612642344454,-0.9181611211733337,TIME_LIMIT,67587,0,0,42,30
4,12,930507.0,-1.632154126185923,-0.9181611211733337,TIME_LIMIT,67641,0,0,35,16
4,12,931073.0,-1.632154126185923,-0.9181611211733337,TIME_LIMIT,67676,0,0,21,19
4,12,931615.0,-1.632136658480625,-0.9181611211733337,TIME_LIMIT,67736,0,0,40,7
4,12,932212.0,-1.632136658480625,-0.9181611211733337,TIME_LIMIT,67767,0,0,40,19
4,12,932750.0,-1.6320221402382313,-0.9181611211733337,TIME_LIMIT,67817,0,0,32,13
4,12,933314.0,-1.6320221402382313,-0.9181611211733337,TIME_LIMIT,67850,0,0,42,28
4,12,933854.0,-1.6319055571535208,-0.9181611211733337,TIME_LIMIT,67908,0,0,26,12
4,12,934453.0,-1.6319055571535208,-0.9181611211733337,TIME_LIMIT,67942,0,0,45,31
4,12,935020.0,-1.6318791426245964,-0.9181611211733337,TIME_LIMIT,67994,0,0,32,11
4,12,935537.0,-1.6318791426245964,-0.9181611211733337,TIME_LIMIT,68029,0,0,45,12
4,12,936042.0,-1.63187447753134,-0.9181611211733337,TIME_LIMIT,68083,0,0,17,6
4,12,936611.0,-1.63187447753134,-0.9181611211733337,TIME_LIMIT,68110,0,0,47,75
4,12,937194.0,-1.6318493996310077,-0.9181611211733337,TIME_LIMIT,68157,0,0,31,19
4,12,937871.0,-1.6318493996310077,-0.9181611211733337,TIME_LIMIT,68187,0,0,43,30
4,12,938545.0,-1.6318313590716294,-0.9181611211733337,TIME_LIMIT,68239,0,0,34,17
4,12,938782.0,-1.6318313590716294,-0.9181611211733337,TIME_LIMIT,68269,0,0,33,22
4,12,939377.0,-1.6318089082110152,-0.9181611211733337,TIME_LIMIT,68318,0,0,28,8
4,12,939795.0,-1.6318089082110152,-0.9181611211733337,TIME_LIMIT,68355,0,0,41,24
4,12,940352.0,-1.63173691655458,-0.9181611211733337,TIME_LIMIT,68408,0,0,31,13
4,12,940938.0,-1.63173691655458,-0.9181611211733337,TIME_LIMIT,68443,0,0,40,17
4,12,941516.0,-1.6316688675535966,-0.9181611211733337,TIME_LIMIT,68499,0,0,38,5
4,12,942072.0,-1.6316688675535966,-0.9181611211733337,TIME_LIMIT,68526,0,0,46,66
4,12,942648.0,-1.6316591972716226,-0.9181611211733337,TIME_LIMIT,68577,0,0,31,17
4,12,943217.0,-1.6316591972716226,-0.9181611211733337,TIME_LIMIT,68614,0,0,44,31
4,12,943785.0,-1.631652621954121,-0.9181611211733337,TIME_LIMIT,68660,0,0,28,31
4,12,944328.0,-1.631652621954121,-0.9181611211733337,TIME_LIMIT,68692,0,0,39,33
4,12,944927.0,-1.6316091721977273,-0.9181611211733337,TIME_LIMIT,68746,0,0,35,18
4,12,945468.0,-1.6316091721977273,-0.9181611211733337,TIME_LIMIT,68780,0,0,40,30
4,12,946037.0,-1.6315369598352758,-0.9181611211733337,TIME_LIMIT,68839,0,0,29,16
4,12,946608.0,-1.6315369598352758,-0.9181611211733337,TIME_LIMIT,68870,0,0,39,20
4,12,947170.0,-1.631500706026592,-0.9181611211733337,TIME_LIMIT,68920,0,0,29,7
4,12,947743.0,-1.631500706026592,-0.9181611211733337,TIME_LIMIT,68945,0,0,41,31
4,12,948280.0,-1.63133043907184,-0.9181611211733337,TIME_LIMIT,69001,0,0,35,10
4,12,948845.0,-1.63133043907184,-0.9181611211733337,TIME_LIMIT,69044,0,0,44,9
4,12,949417.0,-1.6313011796386065,-0.9181611211733337,TIME_LIMIT,69085,0,0,35,17
4,12,949984.0,-1.6313011796386065,-0.9181611211733337,TIME_LIMIT,69114,0,0,34,25
4,12,950494.0,-1.6312740585629468,-0.9181611211733337,TIME_LIMIT,69172,0,0,32,17
4,12,951065.0,-1.6312740585629468,-0.9181611211733337,TIME_LIMIT,69204,0,0,41,38
4,12,951664.0,-1.6312717659610094,-0.9181611211733337,TIME_LIMIT,69250,0,0,17,7
4,12,952206.0,-1.6312717659610094,-0.9181611211733337,TIME_LIMIT,69283,0,0,41,34
4,12,952770.0,-1.6312464478491697,-0.9181611211733337,TIME_LIMIT,69339,0,0,37,9
4,12,953313.0,-1.6312464478491697,-0.9181611211733337,TIME_LIMIT,69372,0,0,32,28
4,12,953910.0,-1.63121614859829,-0.9181611211733337,TIME_LIMIT,69427,0,0,30,13
4,12,954451.0,-1.63121614859829,-0.9181611211733337,TIME_LIMIT,69459,0,0,42,16
4,12,955020.0,-1.6312096783196475,-0.9181611211733337,TIME_LIMIT,69515,0,0,36,11
4,12,955556.0,-1.6312096783196475,-0.9181611211733337,TIME_LIMIT,69542,0,0,40,47
4,12,956122.0,-1.631202635894671,-0.9181611211733337,TIME_LIMIT,69590,0,0,32,14
4,12,956732.0,-1.631202635894671,-0.9181611211733337,TIME_LIMIT,69623,0,0,42,27
4,12,957249.0,-1.6311018773391848,-0.9181611211733337,TIME_LIMIT,69681,0,0,31,10
4,12,957887.0,-1.6311018773391848,-0.9181611211733337,TIME_LIMIT,69707,0,0,49,30
4,12,958562.0,-1.6310937315205774,-0.9181611211733337,TIME_LIMIT,69758,0,0,31,8
4,12,959037.0,-1.6310937315205774,-0.9181611211733337,TIME_LIMIT,69795,0,0,40,16
4,12,959538.0,-1.6310676239324946,-0.9181611211733337,TIME_LIMIT,69844,0,0,28,12
4,12,960092.0,-1.6310676239324946,-0.9181611211733337,TIME_LIMIT,69875,0,0,33,28
4,12,960677.0,-1.631025546111295,-0.9181611211733337,TIME_LIMIT,69929,0,0,33,10
4,12,961250.0,-1.631025546111295,-0.9181611211733337,TIME_LIMIT,69955,0,0,39,26
4,12,961793.0,-1.6310129721444797,-0.9181611211733337,TIME_LIMIT,70012,0,0,35,22
4,12,962367.0,-1.6310129721444797,-0.9181611211733337,TIME_LIMIT,70046,0,0,50,38
4,12,962940.0,-1.6309944414117639,-0.9181611211733337,TIME_LIMIT,70098,0,0,29,11
4,12,963518.0,-1.6309944414117639,-0.9181611211733337,TIME_LIMIT,70127,0,0,37,39
4,12,964086.0,-1.630924417454955,-0.9181611211733337,TIME_LIMIT,70179,0,0,35,16
4,12,964678.0,-1.630924417454955,-0.9181611211733337,TIME_LIMIT,70204,0,0,49,23
4,12,965218.0,-1.63092402659431,-0.9181611211733337,TIME_LIMIT,70259,0,0,29,18
4,12,965759.0,-1.63092402659431,-0.9181611211733337,TIME_LIMIT,70298,0,0,31,21
4,12,966301.0,-1.6308522484639372,-0.9181611211733337,TIME_LIMIT,70348,0,0,32,10
4,12,966900.0,-1.6308522484639372,-0.9181611211733337,TIME_LIMIT,70372,0,0,41,32
4,12,967469.0,-1.6307973675871594,-0.9181611211733337,TIME_LIMIT,70420,0,0,32,5
4,12,968051.0,-1.6307973675871594,-0.9181611211733337,TIME_LIMIT,70455,0,0,31,27
4,12,968622.0,-1.6307820201964425,-0.9181611211733337,TIME_LIMIT,70492,0,0,40,21
4,12,969188.0,-1.6307820201964425,-0.9181611211733337,TIME_LIMIT,70527,0,0,40,13
4,12,969757.0,-1.6306533449267193,-0.9181611211733337,TIME_LIMIT,70580,0,0,27,10
4,12,970295.0,-1.6306533449267193,-0.9181611211733337,TIME_LIMIT,70605,0,0,22,13
4,12,970873.0,-1.6304244616260457,-0.9181611211733337,TIME_LIMIT,70660,0,0,18,9
4,12,971444.0,-1.6304244616260457,-0.9181611211733337,TIME_LIMIT,70686,0,0,34,40
4,12,972013.0,-1.630337527685745,-0.9181611211733337,TIME_LIMIT,70733,0,0,29,16
4,12,972582.0,-1.630337527685745,-0.9181611211733337,TIME_LIMIT,70757,0,0,41,31
4,12,973125.0,-1.6303232877371756,-0.9181611211733337,TIME_LIMIT,70809,0,0,30,13
4,12,973721.0,-1.6303232877371756,-0.9181611211733337,TIME_LIMIT,70844,0,0,37,14
4,12,974259.0,-1.6302721752204663,-0.9181611211733337,TIME_LIMIT,70893,0,0,31,12
4,12,974826.0,-1.6302721752204663,-0.9181611211733337,TIME_LIMIT,70927,0,0,31,14
4,12,975364.0,-1.6302502287559875,-0.9181611211733337,TIME_LIMIT,70982,0,0,34,10
4,12,975936.0,-1.6302502287559875,-0.9181611211733337,TIME_LIMIT,71009,0,0,36,23
4,12,976553.0,-1.630152575426998,-0.9181611211733337,TIME_LIMIT,71056,0,0,26,4
4,12,977225.0,-1.630152575426998,-0.9181611211733337,TIME_LIMIT,71086,0,0,33,18
4,12,977902.0,-1.6300536580718419,-0.9181611211733337,TIME_LIMIT,71136,0,0,13,11
4,12,978499.0,-1.6300536580718419,-0.9181611211733337,TIME_LIMIT,71173,0,0,31,15
4,12,979098.0,-1.6300075986542095,-0.9181611211733337,TIME_LIMIT,71215,0,0,39,9
4,12,979659.0,-1.6300075986542095,-0.9181611211733337,TIME_LIMIT,71247,0,0,43,16
4,12,980241.0,-1.6299365943067983,-0.9181611211733337,TIME_LIMIT,71294,0,0,27,11
4,12,980599.0,-1.6299365943067983,-0.9181611211733337,TIME_LIMIT,71327,0,0,38,37
4,12,981172.0,-1.629845447474036,-0.9181611211733337,TIME_LIMIT,71381,0,0,39,9
4,12,981768.0,-1.629845447474036,-0.9181611211733337,TIME_LIMIT,71410,0,0,35,24
4,12,982308.0,-1.629821505362667,-0.9181611211733337,TIME_LIMIT,71463,0,0,31,23
4,12,982888.0,-1.629821505362667,-0.9181611211733337,TIME_LIMIT,71496,0,0,32,25
4,12,983453.0,-1.6297950648395352,-0.9181611211733337,TIME_LIMIT,71539,0,0,28,10
4,12,984018.0,-1.6297950648395352,-0.9181611211733337,TIME_LIMIT,71570,0,0,48,34
4,12,984555.0,-1.629739376907475,-0.9181611211733337,TIME_LIMIT,71620,0,0,32,9
4,12,985126.0,-1.629739376907475,-0.9181611211733337,TIME_LIMIT,71656,0,0,46,20
4,12,985694.0,-1.6296550175253808,-0.9181611211733337,TIME_LIMIT,71711,0,0,37,15
4,12,986261.0,-1.6296550175253808,-0.9181611211733337,TIME_LIMIT,71744,0,0,46,29
4,12,986825.0,-1.6296444046812553,-0.9181611211733337,TIME_LIMIT,71798,0,0,32,11
4,12,987365.0,-1.6296444046812553,-0.9181611211733337,TIME_LIMIT,71833,0,0,39,23
4,12,987854.0,-1.6295731693636897,-0.9181611211733337,TIME_LIMIT,71887,0,0,31,17
4,12,988420.0,-1.6295731693636897,-0.9181611211733337,TIME_LIMIT,71918,0,0,36,23
4,12,988958.0,-1.6294888295572083,-0.9181611211733337,TIME_LIMIT,71970,0,0,22,7
4,12,989531.0,-1.6294888295572083,-0.9181611211733337,TIME_LIMIT,71998,0,0,22,14
4,12,990101.0,-1.629478395136232,-0.9181611211733337,TIME_LIMIT,72052,0,0,32,15
4,12,990671.0,-1.629478395136232,-0.9181611211733337,TIME_LIMIT,72089,0,0,37,16
4,12,991208.0,-1.6294688408639297,-0.9181611211733337,TIME_LIMIT,72141,0,0,28,15
4,12,991775.0,-1.6294688408639297,-0.9181611211733337,TIME_LIMIT,72172,0,0,49,26
4,12,992346.0,-1.629423195445548,-0.9181611211733337,TIME_LIMIT,72228,0,0,31,9
4,12,992955.0,-1.629423195445548,-0.9181611211733337,TIME_LIMIT,72258,0,0,30,21
4,12,993630.0,-1.6294148412309704,-0.9181611211733337,TIME_LIMIT,72309,0,0,28,12
4,12,994275.0,-1.6294148412309704,-0.9181611211733337,TIME_LIMIT,72340,0,0,42,25
4,12,994909.0,-1.6292969725776714,-0.9181611211733337,TIME_LIMIT,72395,0,0,29,12
4,12,995471.0,-1.6292969725776714,-0.9181611211733337,TIME_LIMIT,72427,0,0,39,29
4,12,996054.0,-1.6292762341707707,-0.9181611211733337,TIME_LIMIT,72479,0,0,33,10
4,12,996556.0,-1.6292762341707707,-0.9181611211733337,TIME_LIMIT,72518,0,0,36,17
4,12,997136.0,-1.6292612025755244,-0.9181611211733337,TIME_LIMIT,72568,0,0,31,13
4,12,997683.0,-1.6292612025755244,-0.9181611211733337,TIME_LIMIT,72600,0,0,41,39
4,12,998286.0,-1.629204617853174,-0.9181611211733337,TIME_LIMIT,72645,0,0,22,7
4,12,998827.0,-1.629204617853174,-0.9181611211733337,TIME_LIMIT,72680,0,0,47,18
4,12,999397.0,-1.6291065807232168,-0.9181611211733337,TIME_LIMIT,72735,0,0,29,10
4,12,999966.0,-1.6291065807232168,-0.9181611211733337,TIME_LIMIT,72770,0,0,25,23
4,12,1.000536e6,-1.6291031097644821,-0.9181611211733337,TIME_LIMIT,72822,0,0,34,9
4,12,1.001101e6,-1.6291031097644821,-0.9181611211733337,TIME_LIMIT,72853,0,0,21,15
4,12,1.001642e6,-1.6289881650305411,-0.9181611211733337,TIME_LIMIT,72900,0,0,35,13
4,12,1.002257e6,-1.6289881650305411,-0.9181611211733337,TIME_LIMIT,72940,0,0,50,25
4,12,1.002804e6,-1.6289852681763257,-0.9181611211733337,TIME_LIMIT,72997,0,0,39,16
4,12,1.003356e6,-1.6289852681763257,-0.9181611211733337,TIME_LIMIT,73035,0,0,51,15
4,12,1.003896e6,-1.6289778064347775,-0.9181611211733337,TIME_LIMIT,73087,0,0,34,8
4,12,1.004492e6,-1.6289778064347775,-0.9181611211733337,TIME_LIMIT,73120,0,0,41,19
4,12,1.005035e6,-1.6288303536803392,-0.9181611211733337,TIME_LIMIT,73171,0,0,29,7
4,12,1.005601e6,-1.6288303536803392,-0.9181611211733337,TIME_LIMIT,73199,0,0,31,12
4,12,1.006143e6,-1.6287840173885684,-0.9181611211733337,TIME_LIMIT,73248,0,0,35,7
4,12,1.006775e6,-1.6287840173885684,-0.9181611211733337,TIME_LIMIT,73271,0,0,43,27
4,12,1.007343e6,-1.6286807016257479,-0.9181611211733337,TIME_LIMIT,73321,0,0,34,11
4,12,1.007854e6,-1.6286807016257479,-0.9181611211733337,TIME_LIMIT,73354,0,0,37,19
4,12,1.008178e6,-1.6286072026122653,-0.9181611211733337,TIME_LIMIT,73401,0,0,30,6
4,12,1.008767e6,-1.6286072026122653,-0.9181611211733337,TIME_LIMIT,73435,0,0,35,16
4,12,1.009352e6,-1.628595803849085,-0.9181611211733337,TIME_LIMIT,73492,0,0,35,13
4,12,1.009892e6,-1.628595803849085,-0.9181611211733337,TIME_LIMIT,73527,0,0,46,23
4,12,1.010458e6,-1.6285793300381055,-0.9181611211733337,TIME_LIMIT,73578,0,0,28,11
4,12,1.011041e6,-1.6285793300381055,-0.9181611211733337,TIME_LIMIT,73609,0,0,35,22
4,12,1.011617e6,-1.6285755335781729,-0.9181611211733337,TIME_LIMIT,73660,0,0,32,11
4,12,1.012257e6,-1.6285755335781729,-0.9181611211733337,TIME_LIMIT,73685,0,0,40,10
4,12,1.012927e6,-1.6285724463303526,-0.9181611211733337,TIME_LIMIT,73736,0,0,36,5
4,12,1.013573e6,-1.6285724463303526,-0.9181611211733337,TIME_LIMIT,73766,0,0,29,25
4,12,1.014194e6,-1.628560904932629,-0.9181611211733337,TIME_LIMIT,73817,0,0,30,6
4,12,1.014764e6,-1.628560904932629,-0.9181611211733337,TIME_LIMIT,73851,0,0,37,32
4,12,1.015362e6,-1.6285345431991367,-0.9181611211733337,TIME_LIMIT,73900,0,0,23,12
4,12,1.01595e6,-1.6285345431991367,-0.9181611211733337,TIME_LIMIT,73934,0,0,55,37
4,12,1.0165e6,-1.6285117370271782,-0.9181611211733337,TIME_LIMIT,73985,0,0,27,11
4,12,1.017088e6,-1.6285117370271782,-0.9181611211733337,TIME_LIMIT,74013,0,0,38,37
4,12,1.017583e6,-1.628492125644001,-0.9181611211733337,TIME_LIMIT,74069,0,0,34,8
4,12,1.018123e6,-1.628492125644001,-0.9181611211733337,TIME_LIMIT,74102,0,0,40,22
4,12,1.018712e6,-1.6284911780766538,-0.9181611211733337,TIME_LIMIT,74149,0,0,25,13
4,12,1.019295e6,-1.6284911780766538,-0.9181611211733337,TIME_LIMIT,74183,0,0,20,22
4,12,1.019834e6,-1.6284534556272174,-0.9181611211733337,TIME_LIMIT,74237,0,0,29,9
4,12,1.0204e6,-1.6284534556272174,-0.9181611211733337,TIME_LIMIT,74272,0,0,31,16
4,12,1.020914e6,-1.6284378948773528,-0.9181611211733337,TIME_LIMIT,74333,0,0,42,12
4,12,1.02151e6,-1.6284378948773528,-0.9181611211733337,TIME_LIMIT,74367,0,0,40,22
4,12,1.022049e6,-1.628420790591878,-0.9181611211733337,TIME_LIMIT,74427,0,0,35,15
4,12,1.022616e6,-1.628420790591878,-0.9181611211733337,TIME_LIMIT,74454,0,0,47,46
4,12,1.023161e6,-1.6283587272359745,-0.9181611211733337,TIME_LIMIT,74506,0,0,32,17
4,12,1.023754e6,-1.6283587272359745,-0.9181611211733337,TIME_LIMIT,74539,0,0,46,17
4,12,1.024186e6,-1.6282977160735292,-0.9181611211733337,TIME_LIMIT,74597,0,0,39,17
4,12,1.024727e6,-1.6282977160735292,-0.9181611211733337,TIME_LIMIT,74629,0,0,44,59
4,12,1.025299e6,-1.6282245114341307,-0.9181611211733337,TIME_LIMIT,74682,0,0,33,18
4,12,1.025865e6,-1.6282245114341307,-0.9181611211733337,TIME_LIMIT,74713,0,0,48,43
4,12,1.026435e6,-1.6281949529557722,-0.9181611211733337,TIME_LIMIT,74764,0,0,36,31
4,12,1.026971e6,-1.6281949529557722,-0.9181611211733337,TIME_LIMIT,74800,0,0,34,22
4,12,1.02754e6,-1.6280770001677796,-0.9181611211733337,TIME_LIMIT,74851,0,0,29,7
4,12,1.028112e6,-1.6280770001677796,-0.9181611211733337,TIME_LIMIT,74885,0,0,54,54
4,12,1.028681e6,-1.6279674992554543,-0.9181611211733337,TIME_LIMIT,74940,0,0,16,14
4,12,1.029244e6,-1.6279674992554543,-0.9181611211733337,TIME_LIMIT,74977,0,0,44,20
4,12,1.029781e6,-1.6278266503232994,-0.9181611211733337,TIME_LIMIT,75026,0,0,24,13
4,12,1.030352e6,-1.6278266503232994,-0.9181611211733337,TIME_LIMIT,75060,0,0,40,34
4,12,1.030969e6,-1.6278118312228018,-0.9181611211733337,TIME_LIMIT,75115,0,0,34,12
4,12,1.031639e6,-1.6278118312228018,-0.9181611211733337,TIME_LIMIT,75143,0,0,41,31
4,12,1.032288e6,-1.6277384327602638,-0.9181611211733337,TIME_LIMIT,75196,0,0,26,12
4,12,1.032922e6,-1.6277384327602638,-0.9181611211733337,TIME_LIMIT,75223,0,0,49,26
4,12,1.033489e6,-1.6276521041607082,-0.9181611211733337,TIME_LIMIT,75267,0,0,15,7
4,12,1.03408e6,-1.6276521041607082,-0.9181611211733337,TIME_LIMIT,75301,0,0,43,38
4,12,1.034631e6,-1.6275157336217188,-0.9181611211733337,TIME_LIMIT,75354,0,0,19,12
4,12,1.035208e6,-1.6275157336217188,-0.9181611211733337,TIME_LIMIT,75395,0,0,45,25
4,12,1.0358e6,-1.6275002380182817,-0.9181611211733337,TIME_LIMIT,75450,0,0,37,15
4,12,1.036352e6,-1.6275002380182817,-0.9181611211733337,TIME_LIMIT,75478,0,0,38,19
4,12,1.036922e6,-1.62747091305454,-0.9181611211733337,TIME_LIMIT,75527,0,0,33,9
4,12,1.03749e6,-1.62747091305454,-0.9181611211733337,TIME_LIMIT,75565,0,0,37,17
4,12,1.038067e6,-1.6274223292288141,-0.9181611211733337,TIME_LIMIT,75617,0,0,31,7
4,12,1.038606e6,-1.6274223292288141,-0.9181611211733337,TIME_LIMIT,75649,0,0,37,31
4,12,1.039172e6,-1.6274017365663291,-0.9181611211733337,TIME_LIMIT,75696,0,0,31,7
4,12,1.039726e6,-1.6274017365663291,-0.9181611211733337,TIME_LIMIT,75732,0,0,35,21
4,12,1.040311e6,-1.6273678750948715,-0.9181611211733337,TIME_LIMIT,75785,0,0,30,18
4,12,1.040852e6,-1.6273678750948715,-0.9181611211733337,TIME_LIMIT,75818,0,0,46,47
4,12,1.041422e6,-1.627216210970319,-0.9181611211733337,TIME_LIMIT,75871,0,0,35,29
4,12,1.04198e6,-1.627216210970319,-0.9181611211733337,TIME_LIMIT,75902,0,0,41,30
4,12,1.042561e6,-1.627131321805015,-0.9181611211733337,TIME_LIMIT,75951,0,0,32,9
4,12,1.043126e6,-1.627131321805015,-0.9181611211733337,TIME_LIMIT,75991,0,0,33,22
4,12,1.043664e6,-1.6271239243011733,-0.9181611211733337,TIME_LIMIT,76025,0,0,33,11
4,12,1.044028e6,-1.6271239243011733,-0.9181611211733337,TIME_LIMIT,76057,0,0,38,36
4,12,1.044596e6,-1.627075872475752,-0.9181611211733337,TIME_LIMIT,76110,0,0,34,10
4,12,1.045177e6,-1.627075872475752,-0.9181611211733337,TIME_LIMIT,76146,0,0,39,18
4,12,1.045723e6,-1.6269833570466323,-0.9181611211733337,TIME_LIMIT,76196,0,0,27,9
4,12,1.046303e6,-1.6269833570466323,-0.9181611211733337,TIME_LIMIT,76237,0,0,45,35
4,12,1.046866e6,-1.6268494846828594,-0.9181611211733337,TIME_LIMIT,76291,0,0,29,21
4,12,1.047434e6,-1.6268494846828594,-0.9181611211733337,TIME_LIMIT,76324,0,0,30,34
4,12,1.047971e6,-1.626832886220838,-0.9181611211733337,TIME_LIMIT,76376,0,0,34,11
4,12,1.048539e6,-1.626832886220838,-0.9181611211733337,TIME_LIMIT,76405,0,0,29,16
4,12,1.049111e6,-1.6267259788401291,-0.9181611211733337,TIME_LIMIT,76457,0,0,29,12
4,12,1.049775e6,-1.6267259788401291,-0.9181611211733337,TIME_LIMIT,76494,0,0,36,16
4,12,1.05037e6,-1.6267153145667443,-0.9181611211733337,TIME_LIMIT,76552,0,0,19,6
4,12,1.051052e6,-1.6267153145667443,-0.9181611211733337,TIME_LIMIT,76584,0,0,35,18
4,12,1.051643e6,-1.6265898308495428,-0.9181611211733337,TIME_LIMIT,76640,0,0,34,11
4,12,1.052236e6,-1.6265898308495428,-0.9181611211733337,TIME_LIMIT,76678,0,0,41,22
4,12,1.05282e6,-1.6265632862143033,-0.9181611211733337,TIME_LIMIT,76710,0,0,45,30
4,12,1.053373e6,-1.6265632862143033,-0.9181611211733337,TIME_LIMIT,76740,0,0,38,28
4,12,1.053993e6,-1.626509746123788,-0.9181611211733337,TIME_LIMIT,76791,0,0,11,10
4,12,1.054539e6,-1.626509746123788,-0.9181611211733337,TIME_LIMIT,76828,0,0,40,53
4,12,1.055143e6,-1.6265068516633818,-0.9181611211733337,TIME_LIMIT,76889,0,0,34,10
4,12,1.055681e6,-1.6265068516633818,-0.9181611211733337,TIME_LIMIT,76918,0,0,36,21
4,12,1.056251e6,-1.6265054879356136,-0.9181611211733337,TIME_LIMIT,76971,0,0,28,8
4,12,1.056825e6,-1.6265054879356136,-0.9181611211733337,TIME_LIMIT,77008,0,0,33,22
4,12,1.057394e6,-1.6264839001280984,-0.9181611211733337,TIME_LIMIT,77043,0,0,33,25
4,12,1.057933e6,-1.6264839001280984,-0.9181611211733337,TIME_LIMIT,77080,0,0,37,16
4,12,1.058504e6,-1.6264763827424236,-0.9181611211733337,TIME_LIMIT,77130,0,0,30,10
4,12,1.059065e6,-1.6264763827424236,-0.9181611211733337,TIME_LIMIT,77164,0,0,47,25
4,12,1.059644e6,-1.6264717633707728,-0.9181611211733337,TIME_LIMIT,77216,0,0,29,12
4,12,1.060212e6,-1.6264717633707728,-0.9181611211733337,TIME_LIMIT,77249,0,0,34,22
4,12,1.06075e6,-1.626465025902547,-0.9181611211733337,TIME_LIMIT,77298,0,0,15,4
4,12,1.06135e6,-1.626465025902547,-0.9181611211733337,TIME_LIMIT,77325,0,0,43,44
4,12,1.06189e6,-1.6263927201231876,-0.9181611211733337,TIME_LIMIT,77371,0,0,13,8
4,12,1.062456e6,-1.6263927201231876,-0.9181611211733337,TIME_LIMIT,77402,0,0,37,36
4,12,1.062996e6,-1.626366973253319,-0.9181611211733337,TIME_LIMIT,77459,0,0,41,9
4,12,1.063601e6,-1.626366973253319,-0.9181611211733337,TIME_LIMIT,77494,0,0,40,35
4,12,1.064138e6,-1.6263641906139397,-0.9181611211733337,TIME_LIMIT,77538,0,0,29,8
4,12,1.064707e6,-1.6263641906139397,-0.9181611211733337,TIME_LIMIT,77564,0,0,47,32
4,12,1.065247e6,-1.626363004318982,-0.9181611211733337,TIME_LIMIT,77616,0,0,33,9
4,12,1.065847e6,-1.626363004318982,-0.9181611211733337,TIME_LIMIT,77645,0,0,31,22
4,12,1.066385e6,-1.6263515787742149,-0.9181611211733337,TIME_LIMIT,77703,0,0,33,17
4,12,1.066951e6,-1.6263515787742149,-0.9181611211733337,TIME_LIMIT,77732,0,0,38,7
4,12,1.06749e6,-1.6262949933136246,-0.9181611211733337,TIME_LIMIT,77779,0,0,30,14
4,12,1.068058e6,-1.6262949933136246,-0.9181611211733337,TIME_LIMIT,77809,0,0,34,61
4,12,1.068665e6,-1.6262777253201421,-0.9181611211733337,TIME_LIMIT,77863,0,0,36,27
4,12,1.069308e6,-1.6262777253201421,-0.9181611211733337,TIME_LIMIT,77895,0,0,37,19
4,12,1.069979e6,-1.6261708189349764,-0.9181611211733337,TIME_LIMIT,77941,0,0,32,9
4,12,1.070609e6,-1.6261708189349764,-0.9181611211733337,TIME_LIMIT,77971,0,0,45,30
4,12,1.071213e6,-1.6260821312410494,-0.9181611211733337,TIME_LIMIT,78026,0,0,30,8
4,12,1.071776e6,-1.6260821312410494,-0.9181611211733337,TIME_LIMIT,78052,0,0,32,29
4,12,1.072364e6,-1.6260797892328243,-0.9181611211733337,TIME_LIMIT,78103,0,0,31,9
4,12,1.072919e6,-1.6260797892328243,-0.9181611211733337,TIME_LIMIT,78137,0,0,41,35
4,12,1.073498e6,-1.6260548022242203,-0.9181611211733337,TIME_LIMIT,78197,0,0,29,20
4,12,1.073963e6,-1.6260548022242203,-0.9181611211733337,TIME_LIMIT,78234,0,0,43,25
4,12,1.074509e6,-1.6259263671592001,-0.9181611211733337,TIME_LIMIT,78281,0,0,29,5
4,12,1.075107e6,-1.6259263671592001,-0.9181611211733337,TIME_LIMIT,78312,0,0,39,38
4,12,1.075675e6,-1.625888661647804,-0.9181611211733337,TIME_LIMIT,78363,0,0,33,17
4,12,1.076222e6,-1.625888661647804,-0.9181611211733337,TIME_LIMIT,78394,0,0,45,36
4,12,1.076821e6,-1.6258744585838312,-0.9181611211733337,TIME_LIMIT,78449,0,0,40,11
4,12,1.07736e6,-1.6258744585838312,-0.9181611211733337,TIME_LIMIT,78474,0,0,42,19
4,12,1.077925e6,-1.6257394875567694,-0.9181611211733337,TIME_LIMIT,78523,0,0,20,6
4,12,1.078471e6,-1.6257394875567694,-0.9181611211733337,TIME_LIMIT,78558,0,0,41,39
4,12,1.07891e6,-1.6256692770044172,-0.9181611211733337,TIME_LIMIT,78596,0,0,35,12
4,12,1.079477e6,-1.6256692770044172,-0.9181611211733337,TIME_LIMIT,78626,0,0,34,26
4,12,1.080019e6,-1.6255974118384018,-0.9181611211733337,TIME_LIMIT,78680,0,0,33,17
4,12,1.080589e6,-1.6255974118384018,-0.9181611211733337,TIME_LIMIT,78708,0,0,44,30
4,12,1.081159e6,-1.6255848849236274,-0.9181611211733337,TIME_LIMIT,78756,0,0,35,12
4,12,1.081726e6,-1.6255848849236274,-0.9181611211733337,TIME_LIMIT,78784,0,0,44,18
4,12,1.082245e6,-1.6255202630692882,-0.9181611211733337,TIME_LIMIT,78841,0,0,36,6
4,12,1.082814e6,-1.6255202630692882,-0.9181611211733337,TIME_LIMIT,78878,0,0,47,28
4,12,1.083384e6,-1.6254956956349595,-0.9181611211733337,TIME_LIMIT,78913,0,0,44,20
4,12,1.083954e6,-1.6254956956349595,-0.9181611211733337,TIME_LIMIT,78941,0,0,30,20
4,12,1.084494e6,-1.6254514967355156,-0.9181611211733337,TIME_LIMIT,78996,0,0,32,16
4,12,1.085064e6,-1.6254514967355156,-0.9181611211733337,TIME_LIMIT,79030,0,0,42,16
4,12,1.085634e6,-1.625444159909979,-0.9181611211733337,TIME_LIMIT,79082,0,0,29,12
4,12,1.086205e6,-1.625444159909979,-0.9181611211733337,TIME_LIMIT,79112,0,0,41,31
4,12,1.086743e6,-1.6254312666113993,-0.9181611211733337,TIME_LIMIT,79168,0,0,37,12
4,12,1.087264e6,-1.6254312666113993,-0.9181611211733337,TIME_LIMIT,79207,0,0,36,19
4,12,1.0878e6,-1.6253060227646572,-0.9181611211733337,TIME_LIMIT,79257,0,0,29,11
4,12,1.088434e6,-1.6253060227646572,-0.9181611211733337,TIME_LIMIT,79287,0,0,42,26
4,12,1.089071e6,-1.625286117647661,-0.9181611211733337,TIME_LIMIT,79335,0,0,31,12
4,12,1.089746e6,-1.625286117647661,-0.9181611211733337,TIME_LIMIT,79372,0,0,43,33
4,12,1.090371e6,-1.6252541957061077,-0.9181611211733337,TIME_LIMIT,79422,0,0,21,13
4,12,1.090975e6,-1.6252541957061077,-0.9181611211733337,TIME_LIMIT,79457,0,0,43,18
4,12,1.091541e6,-1.6252480117949766,-0.9181611211733337,TIME_LIMIT,79502,0,0,21,27
4,12,1.092e6,-1.6252480117949766,-0.9181611211733337,TIME_LIMIT,79538,0,0,39,31
4,12,1.092434e6,-1.6252286122273933,-0.9181611211733337,TIME_LIMIT,79592,0,0,35,13
4,12,1.093052e6,-1.6252286122273933,-0.9181611211733337,TIME_LIMIT,79624,0,0,37,22
4,12,1.093599e6,-1.6251415483978844,-0.9181611211733337,TIME_LIMIT,79677,0,0,33,10
4,12,1.094175e6,-1.6251415483978844,-0.9181611211733337,TIME_LIMIT,79708,0,0,19,25
4,12,1.094743e6,-1.6249955417711714,-0.9181611211733337,TIME_LIMIT,79759,0,0,27,12
4,12,1.095313e6,-1.6249955417711714,-0.9181611211733337,TIME_LIMIT,79794,0,0,50,22
4,12,1.095854e6,-1.6249740144648068,-0.9181611211733337,TIME_LIMIT,79848,0,0,29,9
4,12,1.09643e6,-1.6249740144648068,-0.9181611211733337,TIME_LIMIT,79879,0,0,28,14
4,12,1.097013e6,-1.6249282320667804,-0.9181611211733337,TIME_LIMIT,79926,0,0,32,6
4,12,1.097583e6,-1.6249282320667804,-0.9181611211733337,TIME_LIMIT,79956,0,0,42,27
4,12,1.098122e6,-1.624869465355445,-0.9181611211733337,TIME_LIMIT,80008,0,0,29,6
4,12,1.098628e6,-1.624869465355445,-0.9181611211733337,TIME_LIMIT,80038,0,0,45,29
4,12,1.099172e6,-1.6248436726267008,-0.9181611211733337,TIME_LIMIT,80083,0,0,28,29
4,12,1.099736e6,-1.6248436726267008,-0.9181611211733337,TIME_LIMIT,80113,0,0,39,14
4,12,1.100274e6,-1.6248212724885214,-0.9181611211733337,TIME_LIMIT,80163,0,0,16,7
4,12,1.100872e6,-1.6248212724885214,-0.9181611211733337,TIME_LIMIT,80189,0,0,31,21
4,12,1.101414e6,-1.624810974650105,-0.9181611211733337,TIME_LIMIT,80238,0,0,28,7
4,12,1.101978e6,-1.624810974650105,-0.9181611211733337,TIME_LIMIT,80265,0,0,26,16
4,12,1.102514e6,-1.6247428979983358,-0.9181611211733337,TIME_LIMIT,80319,0,0,30,10
4,12,1.103105e6,-1.6247428979983358,-0.9181611211733337,TIME_LIMIT,80354,0,0,40,26
4,12,1.103642e6,-1.624695317776326,-0.9181611211733337,TIME_LIMIT,80405,0,0,37,15
4,12,1.104209e6,-1.624695317776326,-0.9181611211733337,TIME_LIMIT,80439,0,0,31,43
4,12,1.104692e6,-1.624694059637438,-0.9181611211733337,TIME_LIMIT,80493,0,0,31,10
4,12,1.105259e6,-1.624694059637438,-0.9181611211733337,TIME_LIMIT,80527,0,0,39,29
4,12,1.105834e6,-1.6246733961586295,-0.9181611211733337,TIME_LIMIT,80581,0,0,33,13
4,12,1.106507e6,-1.6246733961586295,-0.9181611211733337,TIME_LIMIT,80613,0,0,45,21
4,12,1.107147e6,-1.6246725876340966,-0.9181611211733337,TIME_LIMIT,80669,0,0,34,8
4,12,1.107807e6,-1.6246725876340966,-0.9181611211733337,TIME_LIMIT,80703,0,0,30,20
4,12,1.108382e6,-1.6246568117851135,-0.9181611211733337,TIME_LIMIT,80753,0,0,34,22
4,12,1.108978e6,-1.6246568117851135,-0.9181611211733337,TIME_LIMIT,80788,0,0,41,23
4,12,1.10953e6,-1.6246035491068793,-0.9181611211733337,TIME_LIMIT,80842,0,0,28,2
4,12,1.110112e6,-1.6246035491068793,-0.9181611211733337,TIME_LIMIT,80872,0,0,35,21
4,12,1.110659e6,-1.624436627739098,-0.9181611211733337,TIME_LIMIT,80925,0,0,33,14
4,12,1.111257e6,-1.624436627739098,-0.9181611211733337,TIME_LIMIT,80951,0,0,50,35
4,12,1.111796e6,-1.624248568897424,-0.9181611211733337,TIME_LIMIT,81000,0,0,36,8
4,12,1.112364e6,-1.624248568897424,-0.9181611211733337,TIME_LIMIT,81037,0,0,33,18
4,12,1.112932e6,-1.6241862066779509,-0.9181611211733337,TIME_LIMIT,81091,0,0,39,15
4,12,1.113498e6,-1.6241862066779509,-0.9181611211733337,TIME_LIMIT,81118,0,0,33,19
4,12,1.114038e6,-1.624167096424041,-0.9181611211733337,TIME_LIMIT,81168,0,0,23,13
4,12,1.114604e6,-1.624167096424041,-0.9181611211733337,TIME_LIMIT,81202,0,0,46,29
4,12,1.115173e6,-1.6241575038677023,-0.9181611211733337,TIME_LIMIT,81255,0,0,38,15
4,12,1.115741e6,-1.6241575038677023,-0.9181611211733337,TIME_LIMIT,81284,0,0,36,23
4,12,1.116279e6,-1.6240420599638927,-0.9181611211733337,TIME_LIMIT,81335,0,0,31,10
4,12,1.116849e6,-1.6240420599638927,-0.9181611211733337,TIME_LIMIT,81380,0,0,51,37
4,12,1.117445e6,-1.6240300741808709,-0.9181611211733337,TIME_LIMIT,81430,0,0,32,16
4,12,1.117985e6,-1.6240300741808709,-0.9181611211733337,TIME_LIMIT,81460,0,0,32,40
4,12,1.118554e6,-1.6239956331039271,-0.9181611211733337,TIME_LIMIT,81515,0,0,33,9
4,12,1.119089e6,-1.6239956331039271,-0.9181611211733337,TIME_LIMIT,81543,0,0,36,16
4,12,1.119685e6,-1.6239758224943441,-0.9181611211733337,TIME_LIMIT,81595,0,0,35,12
4,12,1.120225e6,-1.6239758224943441,-0.9181611211733337,TIME_LIMIT,81630,0,0,38,32
4,12,1.120791e6,-1.6239441148740894,-0.9181611211733337,TIME_LIMIT,81681,0,0,31,11
4,12,1.12133e6,-1.6239441148740894,-0.9181611211733337,TIME_LIMIT,81717,0,0,38,38
4,12,1.121895e6,-1.6239405031713763,-0.9181611211733337,TIME_LIMIT,81751,0,0,35,21
4,12,1.12251e6,-1.6239405031713763,-0.9181611211733337,TIME_LIMIT,81785,0,0,37,22
4,12,1.123181e6,-1.6239304309821556,-0.9181611211733337,TIME_LIMIT,81835,0,0,28,13
4,12,1.123825e6,-1.6239304309821556,-0.9181611211733337,TIME_LIMIT,81865,0,0,35,57
4,12,1.124456e6,-1.6239140616863268,-0.9181611211733337,TIME_LIMIT,81913,0,0,28,12
4,12,1.125021e6,-1.6239140616863268,-0.9181611211733337,TIME_LIMIT,81953,0,0,43,24
4,12,1.125612e6,-1.6235901222087625,-0.9181611211733337,TIME_LIMIT,82000,0,0,28,16
4,12,1.126167e6,-1.6235901222087625,-0.9181611211733337,TIME_LIMIT,82036,0,0,33,21
4,12,1.126746e6,-1.6235047166174876,-0.9181611211733337,TIME_LIMIT,82084,0,0,26,12
4,12,1.127308e6,-1.6235047166174876,-0.9181611211733337,TIME_LIMIT,82114,0,0,39,36
4,12,1.127893e6,-1.6234200137044625,-0.9181611211733337,TIME_LIMIT,82167,0,0,31,12
4,12,1.128432e6,-1.6234200137044625,-0.9181611211733337,TIME_LIMIT,82199,0,0,23,31
4,12,1.129022e6,-1.6234068740956153,-0.9181611211733337,TIME_LIMIT,82248,0,0,24,10
4,12,1.129598e6,-1.6234068740956153,-0.9181611211733337,TIME_LIMIT,82279,0,0,34,30
4,12,1.130135e6,-1.6232940814195755,-0.9181611211733337,TIME_LIMIT,82328,0,0,28,19
4,12,1.130701e6,-1.6232940814195755,-0.9181611211733337,TIME_LIMIT,82360,0,0,35,20
4,12,1.131275e6,-1.6232810284644565,-0.9181611211733337,TIME_LIMIT,82409,0,0,22,12
4,12,1.131854e6,-1.6232810284644565,-0.9181611211733337,TIME_LIMIT,82438,0,0,35,49
4,12,1.132392e6,-1.6232640564063543,-0.9181611211733337,TIME_LIMIT,82486,0,0,29,12
4,12,1.132959e6,-1.6232640564063543,-0.9181611211733337,TIME_LIMIT,82518,0,0,35,21
4,12,1.133508e6,-1.6232140430992836,-0.9181611211733337,TIME_LIMIT,82573,0,0,31,18
4,12,1.134091e6,-1.6232140430992836,-0.9181611211733337,TIME_LIMIT,82599,0,0,30,19
4,12,1.134628e6,-1.6231628337968114,-0.9181611211733337,TIME_LIMIT,82649,0,0,33,6
4,12,1.135195e6,-1.6231628337968114,-0.9181611211733337,TIME_LIMIT,82681,0,0,35,15
4,12,1.135769e6,-1.623131225367281,-0.9181611211733337,TIME_LIMIT,82726,0,0,29,9
4,12,1.136338e6,-1.623131225367281,-0.9181611211733337,TIME_LIMIT,82758,0,0,41,54
4,12,1.136971e6,-1.6231138397474358,-0.9181611211733337,TIME_LIMIT,82805,0,0,30,21
4,12,1.137635e6,-1.6231138397474358,-0.9181611211733337,TIME_LIMIT,82840,0,0,51,21
4,12,1.138274e6,-1.6231120530076504,-0.9181611211733337,TIME_LIMIT,82892,0,0,32,6
4,12,1.138891e6,-1.6231120530076504,-0.9181611211733337,TIME_LIMIT,82917,0,0,33,26
4,12,1.139453e6,-1.6230948233131686,-0.9181611211733337,TIME_LIMIT,82968,0,0,28,14
4,12,1.140084e6,-1.6230948233131686,-0.9181611211733337,TIME_LIMIT,83004,0,0,53,21
4,12,1.140638e6,-1.6230558643699349,-0.9181611211733337,TIME_LIMIT,83052,0,0,26,14
4,12,1.141214e6,-1.6230558643699349,-0.9181611211733337,TIME_LIMIT,83080,0,0,40,48
4,12,1.141758e6,-1.623031063691526,-0.9181611211733337,TIME_LIMIT,83135,0,0,28,13
4,12,1.142355e6,-1.623031063691526,-0.9181611211733337,TIME_LIMIT,83159,0,0,39,48
4,12,1.142891e6,-1.6229947561734068,-0.9181611211733337,TIME_LIMIT,83213,0,0,34,13
4,12,1.143465e6,-1.6229947561734068,-0.9181611211733337,TIME_LIMIT,83245,0,0,45,19
4,12,1.144056e6,-1.6229782000680784,-0.9181611211733337,TIME_LIMIT,83297,0,0,35,4
4,12,1.144561e6,-1.6229782000680784,-0.9181611211733337,TIME_LIMIT,83334,0,0,34,12
4,12,1.145099e6,-1.6229642743151593,-0.9181611211733337,TIME_LIMIT,83382,0,0,35,8
4,12,1.145667e6,-1.6229642743151593,-0.9181611211733337,TIME_LIMIT,83416,0,0,46,51
4,12,1.146235e6,-1.6229599513910744,-0.9181611211733337,TIME_LIMIT,83465,0,0,30,17
4,12,1.146803e6,-1.6229599513910744,-0.9181611211733337,TIME_LIMIT,83498,0,0,37,24
4,12,1.147339e6,-1.6229581151804202,-0.9181611211733337,TIME_LIMIT,83548,0,0,32,6
4,12,1.147908e6,-1.6229581151804202,-0.9181611211733337,TIME_LIMIT,83583,0,0,38,25
4,12,1.148503e6,-1.6226171701971825,-0.9181611211733337,TIME_LIMIT,83633,0,0,15,9
4,12,1.149041e6,-1.6226171701971825,-0.9181611211733337,TIME_LIMIT,83663,0,0,22,33
4,12,1.149608e6,-1.6226141642393574,-0.9181611211733337,TIME_LIMIT,83710,0,0,31,11
4,12,1.150149e6,-1.6226141642393574,-0.9181611211733337,TIME_LIMIT,83745,0,0,52,45
4,12,1.150743e6,-1.6225805027252842,-0.9181611211733337,TIME_LIMIT,83798,0,0,36,19
4,12,1.151282e6,-1.6225805027252842,-0.9181611211733337,TIME_LIMIT,83831,0,0,18,28
4,12,1.151844e6,-1.6224339580713805,-0.9181611211733337,TIME_LIMIT,83884,0,0,33,10
4,12,1.152393e6,-1.6224339580713805,-0.9181611211733337,TIME_LIMIT,83922,0,0,46,25
4,12,1.152979e6,-1.6224207241277935,-0.9181611211733337,TIME_LIMIT,83973,0,0,27,8
4,12,1.153518e6,-1.6224207241277935,-0.9181611211733337,TIME_LIMIT,84003,0,0,34,24
4,12,1.154083e6,-1.6222859317063847,-0.9181611211733337,TIME_LIMIT,84043,0,0,24,6
4,12,1.154622e6,-1.6222859317063847,-0.9181611211733337,TIME_LIMIT,84069,0,0,45,28
4,12,1.155194e6,-1.6222550696322182,-0.9181611211733337,TIME_LIMIT,84123,0,0,32,14
4,12,1.155849e6,-1.6222550696322182,-0.9181611211733337,TIME_LIMIT,84161,0,0,42,14
4,12,1.156517e6,-1.62223824069807,-0.9181611211733337,TIME_LIMIT,84205,0,0,39,6
4,12,1.157044e6,-1.62223824069807,-0.9181611211733337,TIME_LIMIT,84237,0,0,52,32
4,12,1.157641e6,-1.6222135180715447,-0.9181611211733337,TIME_LIMIT,84287,0,0,29,11
4,12,1.158242e6,-1.6222135180715447,-0.9181611211733337,TIME_LIMIT,84314,0,0,42,29
4,12,1.158808e6,-1.6222111610747887,-0.9181611211733337,TIME_LIMIT,84366,0,0,32,22
4,12,1.1594e6,-1.6222111610747887,-0.9181611211733337,TIME_LIMIT,84397,0,0,41,17
4,12,1.159947e6,-1.6221996939519012,-0.9181611211733337,TIME_LIMIT,84445,0,0,32,11
4,12,1.160539e6,-1.6221996939519012,-0.9181611211733337,TIME_LIMIT,84475,0,0,36,21
4,12,1.161089e6,-1.6221734277240496,-0.9181611211733337,TIME_LIMIT,84530,0,0,37,9
4,12,1.161657e6,-1.6221734277240496,-0.9181611211733337,TIME_LIMIT,84555,0,0,36,20
4,12,1.162219e6,-1.622164132010088,-0.9181611211733337,TIME_LIMIT,84604,0,0,32,7
4,12,1.1628e6,-1.622164132010088,-0.9181611211733337,TIME_LIMIT,84640,0,0,37,15
4,12,1.163339e6,-1.6221385473000336,-0.9181611211733337,TIME_LIMIT,84690,0,0,28,15
4,12,1.163908e6,-1.6221385473000336,-0.9181611211733337,TIME_LIMIT,84720,0,0,44,26
4,12,1.164467e6,-1.622113957889918,-0.9181611211733337,TIME_LIMIT,84773,0,0,21,7
4,12,1.16505e6,-1.622113957889918,-0.9181611211733337,TIME_LIMIT,84802,0,0,39,30
4,12,1.16559e6,-1.622045223139946,-0.9181611211733337,TIME_LIMIT,84857,0,0,16,13
4,12,1.166158e6,-1.622045223139946,-0.9181611211733337,TIME_LIMIT,84898,0,0,40,20
4,12,1.16676e6,-1.6219113729299899,-0.9181611211733337,TIME_LIMIT,84946,0,0,28,7
4,12,1.167299e6,-1.6219113729299899,-0.9181611211733337,TIME_LIMIT,84975,0,0,45,33
4,12,1.167863e6,-1.6218619960711145,-0.9181611211733337,TIME_LIMIT,85025,0,0,24,18
4,12,1.168405e6,-1.6218619960711145,-0.9181611211733337,TIME_LIMIT,85060,0,0,41,60
4,12,1.169009e6,-1.6218067937195821,-0.9181611211733337,TIME_LIMIT,85109,0,0,30,19
4,12,1.169549e6,-1.6218067937195821,-0.9181611211733337,TIME_LIMIT,85143,0,0,41,25
4,12,1.170118e6,-1.6216556687978672,-0.9181611211733337,TIME_LIMIT,85194,0,0,30,11
4,12,1.170612e6,-1.6216556687978672,-0.9181611211733337,TIME_LIMIT,85232,0,0,46,25
4,12,1.171183e6,-1.6215901070318381,-0.9181611211733337,TIME_LIMIT,85278,0,0,22,5
4,12,1.171753e6,-1.6215901070318381,-0.9181611211733337,TIME_LIMIT,85311,0,0,26,31
4,12,1.172292e6,-1.6215614921724406,-0.9181611211733337,TIME_LIMIT,85359,0,0,27,11
4,12,1.172859e6,-1.6215614921724406,-0.9181611211733337,TIME_LIMIT,85388,0,0,29,28
4,12,1.173397e6,-1.6215540366810672,-0.9181611211733337,TIME_LIMIT,85440,0,0,33,16
4,12,1.174101e6,-1.6215540366810672,-0.9181611211733337,TIME_LIMIT,85477,0,0,37,31
4,12,1.174777e6,-1.6215522409958807,-0.9181611211733337,TIME_LIMIT,85521,0,0,32,18
4,12,1.17546e6,-1.6215522409958807,-0.9181611211733337,TIME_LIMIT,85557,0,0,35,29
4,12,1.176077e6,-1.6215402196031177,-0.9181611211733337,TIME_LIMIT,85612,0,0,33,12
4,12,1.176644e6,-1.6215402196031177,-0.9181611211733337,TIME_LIMIT,85644,0,0,38,63
4,12,1.177232e6,-1.621529308715501,-0.9181611211733337,TIME_LIMIT,85698,0,0,32,11
4,12,1.177788e6,-1.621529308715501,-0.9181611211733337,TIME_LIMIT,85734,0,0,46,33
4,12,1.178368e6,-1.6214501937880823,-0.9181611211733337,TIME_LIMIT,85781,0,0,26,6
4,12,1.178975e6,-1.6214501937880823,-0.9181611211733337,TIME_LIMIT,85814,0,0,23,34
4,12,1.179539e6,-1.6213789560255707,-0.9181611211733337,TIME_LIMIT,85870,0,0,33,13
4,12,1.180077e6,-1.6213789560255707,-0.9181611211733337,TIME_LIMIT,85898,0,0,29,40
4,12,1.18068e6,-1.6213601032769578,-0.9181611211733337,TIME_LIMIT,85947,0,0,33,21
4,12,1.181222e6,-1.6213601032769578,-0.9181611211733337,TIME_LIMIT,85977,0,0,40,34
4,12,1.181787e6,-1.6211999678176876,-0.9181611211733337,TIME_LIMIT,86031,0,0,35,11
4,12,1.182327e6,-1.6211999678176876,-0.9181611211733337,TIME_LIMIT,86060,0,0,47,30
4,12,1.182971e6,-1.6211881305270381,-0.9181611211733337,TIME_LIMIT,86109,0,0,20,8
4,12,1.183455e6,-1.6211881305270381,-0.9181611211733337,TIME_LIMIT,86148,0,0,47,13
4,12,1.183993e6,-1.6211535449014713,-0.9181611211733337,TIME_LIMIT,86199,0,0,31,13
4,12,1.184557e6,-1.6211535449014713,-0.9181611211733337,TIME_LIMIT,86233,0,0,36,19
4,12,1.185136e6,-1.6210970288689002,-0.9181611211733337,TIME_LIMIT,86282,0,0,33,11
4,12,1.185704e6,-1.6210970288689002,-0.9181611211733337,TIME_LIMIT,86318,0,0,38,18
4,12,1.186033e6,-1.6210881200125544,-0.9181611211733337,TIME_LIMIT,86351,0,0,31,17
4,12,1.186602e6,-1.6210881200125544,-0.9181611211733337,TIME_LIMIT,86383,0,0,39,17
4,12,1.187179e6,-1.621052947756885,-0.9181611211733337,TIME_LIMIT,86434,0,0,35,12
4,12,1.18775e6,-1.621052947756885,-0.9181611211733337,TIME_LIMIT,86466,0,0,42,27
4,12,1.188316e6,-1.6210049091951495,-0.9181611211733337,TIME_LIMIT,86517,0,0,33,8
4,12,1.188853e6,-1.6210049091951495,-0.9181611211733337,TIME_LIMIT,86549,0,0,38,28
4,12,1.189418e6,-1.6209866339434953,-0.9181611211733337,TIME_LIMIT,86592,0,0,30,12
4,12,1.19004e6,-1.6209866339434953,-0.9181611211733337,TIME_LIMIT,86626,0,0,26,10
4,12,1.190757e6,-1.6209596387946257,-0.9181611211733337,TIME_LIMIT,86676,0,0,30,16
4,12,1.191431e6,-1.6209596387946257,-0.9181611211733337,TIME_LIMIT,86714,0,0,36,21
4,12,1.19207e6,-1.6209367579774825,-0.9181611211733337,TIME_LIMIT,86759,0,0,26,6
4,12,1.192643e6,-1.6209367579774825,-0.9181611211733337,TIME_LIMIT,86793,0,0,49,31
4,12,1.193236e6,-1.620894904897486,-0.9181611211733337,TIME_LIMIT,86846,0,0,31,10
4,12,1.193798e6,-1.620894904897486,-0.9181611211733337,TIME_LIMIT,86873,0,0,35,20
4,12,1.194377e6,-1.6208266134238345,-0.9181611211733337,TIME_LIMIT,86924,0,0,31,14
4,12,1.194947e6,-1.6208266134238345,-0.9181611211733337,TIME_LIMIT,86956,0,0,28,13
4,12,1.195524e6,-1.6207296159833433,-0.9181611211733337,TIME_LIMIT,86991,0,0,25,9
4,12,1.196065e6,-1.6207296159833433,-0.9181611211733337,TIME_LIMIT,87026,0,0,54,21
4,12,1.196668e6,-1.6207118127735745,-0.9181611211733337,TIME_LIMIT,87074,0,0,28,6
4,12,1.197205e6,-1.6207118127735745,-0.9181611211733337,TIME_LIMIT,87101,0,0,31,15
4,12,1.197701e6,-1.6206346539495626,-0.9181611211733337,TIME_LIMIT,87151,0,0,29,12
4,12,1.198268e6,-1.6206346539495626,-0.9181611211733337,TIME_LIMIT,87176,0,0,42,33
4,12,1.198841e6,-1.6203902196377498,-0.9181611211733337,TIME_LIMIT,87232,0,0,27,10
4,12,1.199408e6,-1.6203902196377498,-0.9181611211733337,TIME_LIMIT,87262,0,0,30,26
4,12,1.199945e6,-1.620360518108794,-0.9181611211733337,TIME_LIMIT,87314,0,0,31,14
4,12,1.200514e6,-1.620360518108794,-0.9181611211733337,TIME_LIMIT,87339,0,0,25,32
4,12,1.201052e6,-1.6203073377910142,-0.9181611211733337,TIME_LIMIT,87400,0,0,33,9
4,12,1.201676e6,-1.6203073377910142,-0.9181611211733337,TIME_LIMIT,87432,0,0,36,21
4,12,1.202351e6,-1.620293774762488,-0.9181611211733337,TIME_LIMIT,87482,0,0,34,27
4,12,1.203065e6,-1.620293774762488,-0.9181611211733337,TIME_LIMIT,87518,0,0,40,37
4,12,1.203693e6,-1.6202787091514401,-0.9181611211733337,TIME_LIMIT,87558,0,0,37,18
4,12,1.204299e6,-1.6202787091514401,-0.9181611211733337,TIME_LIMIT,87591,0,0,47,35
4,12,1.204896e6,-1.6202093155689954,-0.9181611211733337,TIME_LIMIT,87641,0,0,35,16
4,12,1.205454e6,-1.6202093155689954,-0.9181611211733337,TIME_LIMIT,87674,0,0,27,24
4,12,1.206035e6,-1.6201864019500514,-0.9181611211733337,TIME_LIMIT,87712,0,0,42,13
4,12,1.206592e6,-1.6201864019500514,-0.9181611211733337,TIME_LIMIT,87740,0,0,23,29
4,12,1.20719e6,-1.6201570202284359,-0.9181611211733337,TIME_LIMIT,87792,0,0,31,10
4,12,1.20773e6,-1.6201570202284359,-0.9181611211733337,TIME_LIMIT,87825,0,0,43,21
4,12,1.208318e6,-1.620122153773918,-0.9181611211733337,TIME_LIMIT,87873,0,0,35,6
4,12,1.208876e6,-1.620122153773918,-0.9181611211733337,TIME_LIMIT,87907,0,0,48,26
4,12,1.209443e6,-1.620099832141339,-0.9181611211733337,TIME_LIMIT,87961,0,0,35,10
4,12,1.209984e6,-1.620099832141339,-0.9181611211733337,TIME_LIMIT,87988,0,0,45,48
4,12,1.210575e6,-1.6200992597777122,-0.9181611211733337,TIME_LIMIT,88041,0,0,25,6
4,12,1.21113e6,-1.6200992597777122,-0.9181611211733337,TIME_LIMIT,88073,0,0,52,43
4,12,1.211697e6,-1.6200675455709854,-0.9181611211733337,TIME_LIMIT,88133,0,0,35,15
4,12,1.212236e6,-1.6200675455709854,-0.9181611211733337,TIME_LIMIT,88169,0,0,51,25
4,12,1.212843e6,-1.620023500991612,-0.9181611211733337,TIME_LIMIT,88223,0,0,30,22
4,12,1.213383e6,-1.620023500991612,-0.9181611211733337,TIME_LIMIT,88260,0,0,45,36
4,12,1.213952e6,-1.6200073847257517,-0.9181611211733337,TIME_LIMIT,88316,0,0,39,17
4,12,1.214491e6,-1.6200073847257517,-0.9181611211733337,TIME_LIMIT,88348,0,0,41,26
4,12,1.215094e6,-1.6199967030834748,-0.9181611211733337,TIME_LIMIT,88402,0,0,35,12
4,12,1.215634e6,-1.6199967030834748,-0.9181611211733337,TIME_LIMIT,88434,0,0,39,19
4,12,1.2162e6,-1.6199950126388278,-0.9181611211733337,TIME_LIMIT,88489,0,0,13,8
4,12,1.216738e6,-1.6199950126388278,-0.9181611211733337,TIME_LIMIT,88523,0,0,44,17
4,12,1.217362e6,-1.6199893456858667,-0.9181611211733337,TIME_LIMIT,88562,0,0,41,13
4,12,1.217903e6,-1.6199893456858667,-0.9181611211733337,TIME_LIMIT,88598,0,0,40,22
4,12,1.218471e6,-1.6199745102354184,-0.9181611211733337,TIME_LIMIT,88655,0,0,40,14
4,12,1.219008e6,-1.6199745102354184,-0.9181611211733337,TIME_LIMIT,88687,0,0,36,26
4,12,1.219467e6,-1.6199041580426055,-0.9181611211733337,TIME_LIMIT,88735,0,0,28,11
4,12,1.220142e6,-1.6199041580426055,-0.9181611211733337,TIME_LIMIT,88767,0,0,45,37
4,12,1.220814e6,-1.619871425918763,-0.9181611211733337,TIME_LIMIT,88817,0,0,31,12
4,12,1.221537e6,-1.619871425918763,-0.9181611211733337,TIME_LIMIT,88861,0,0,44,14
4,12,1.222152e6,-1.619793768042343,-0.9181611211733337,TIME_LIMIT,88896,0,0,36,18
4,12,1.222752e6,-1.619793768042343,-0.9181611211733337,TIME_LIMIT,88935,0,0,45,18
4,12,1.223315e6,-1.6197717507358895,-0.9181611211733337,TIME_LIMIT,88984,0,0,34,10
4,12,1.223907e6,-1.6197717507358895,-0.9181611211733337,TIME_LIMIT,89015,0,0,40,44
4,12,1.224458e6,-1.6197324442748258,-0.9181611211733337,TIME_LIMIT,89065,0,0,26,7
4,12,1.225067e6,-1.6197324442748258,-0.9181611211733337,TIME_LIMIT,89091,0,0,42,34
4,12,1.225605e6,-1.6196953010875395,-0.9181611211733337,TIME_LIMIT,89143,0,0,31,17
4,12,1.226218e6,-1.6196953010875395,-0.9181611211733337,TIME_LIMIT,89173,0,0,41,23
4,12,1.226796e6,-1.619562456294412,-0.9181611211733337,TIME_LIMIT,89218,0,0,29,10
4,12,1.227353e6,-1.619562456294412,-0.9181611211733337,TIME_LIMIT,89258,0,0,44,21
4,12,1.227889e6,-1.6194667488623882,-0.9181611211733337,TIME_LIMIT,89297,0,0,25,16
4,12,1.228457e6,-1.6194667488623882,-0.9181611211733337,TIME_LIMIT,89339,0,0,42,13
4,12,1.229037e6,-1.6194429182933503,-0.9181611211733337,TIME_LIMIT,89380,0,0,36,6
4,12,1.229604e6,-1.6194429182933503,-0.9181611211733337,TIME_LIMIT,89410,0,0,36,29
4,12,1.230148e6,-1.6194180902435145,-0.9181611211733337,TIME_LIMIT,89466,0,0,33,13
4,12,1.230715e6,-1.6194180902435145,-0.9181611211733337,TIME_LIMIT,89495,0,0,45,40
4,12,1.231289e6,-1.619413014052811,-0.9181611211733337,TIME_LIMIT,89544,0,0,31,9
4,12,1.231855e6,-1.619413014052811,-0.9181611211733337,TIME_LIMIT,89580,0,0,44,33
4,12,1.232392e6,-1.6192478727312287,-0.9181611211733337,TIME_LIMIT,89636,0,0,38,17
4,12,1.232976e6,-1.6192478727312287,-0.9181611211733337,TIME_LIMIT,89658,0,0,37,27
4,12,1.23353e6,-1.6192343890580343,-0.9181611211733337,TIME_LIMIT,89717,0,0,43,7
4,12,1.234094e6,-1.6192343890580343,-0.9181611211733337,TIME_LIMIT,89746,0,0,35,30
4,12,1.23436e6,-1.6192004121492247,-0.9181611211733337,TIME_LIMIT,89798,0,0,30,12
4,12,1.234927e6,-1.6192004121492247,-0.9181611211733337,TIME_LIMIT,89834,0,0,38,16
4,12,1.2355e6,-1.6191654985327326,-0.9181611211733337,TIME_LIMIT,89878,0,0,29,13
4,12,1.236068e6,-1.6191654985327326,-0.9181611211733337,TIME_LIMIT,89903,0,0,14,28
4,12,1.236608e6,-1.6191551119547174,-0.9181611211733337,TIME_LIMIT,89954,0,0,35,9
4,12,1.237175e6,-1.6191551119547174,-0.9181611211733337,TIME_LIMIT,89987,0,0,39,21
4,12,1.237713e6,-1.619095334467272,-0.9181611211733337,TIME_LIMIT,90035,0,0,34,17
4,12,1.238415e6,-1.619095334467272,-0.9181611211733337,TIME_LIMIT,90064,0,0,33,13
4,12,1.239087e6,-1.6190687724370554,-0.9181611211733337,TIME_LIMIT,90114,0,0,31,9
4,12,1.239793e6,-1.6190687724370554,-0.9181611211733337,TIME_LIMIT,90145,0,0,33,18
4,12,1.240374e6,-1.619068098951209,-0.9181611211733337,TIME_LIMIT,90197,0,0,30,11
4,12,1.24097e6,-1.619068098951209,-0.9181611211733337,TIME_LIMIT,90223,0,0,39,23
4,12,1.24153e6,-1.6190301241994975,-0.9181611211733337,TIME_LIMIT,90273,0,0,30,10
4,12,1.242113e6,-1.6190301241994975,-0.9181611211733337,TIME_LIMIT,90303,0,0,44,29
4,12,1.242663e6,-1.6190011078083812,-0.9181611211733337,TIME_LIMIT,90354,0,0,30,9
4,12,1.243273e6,-1.6190011078083812,-0.9181611211733337,TIME_LIMIT,90386,0,0,43,18
4,12,1.243814e6,-1.6189900615478272,-0.9181611211733337,TIME_LIMIT,90434,0,0,30,11
4,12,1.244377e6,-1.6189900615478272,-0.9181611211733337,TIME_LIMIT,90464,0,0,35,18
4,12,1.244952e6,-1.6189055969296202,-0.9181611211733337,TIME_LIMIT,90517,0,0,34,8
4,12,1.245518e6,-1.6189055969296202,-0.9181611211733337,TIME_LIMIT,90544,0,0,31,32
4,12,1.246056e6,-1.6188939565550486,-0.9181611211733337,TIME_LIMIT,90594,0,0,16,17
4,12,1.246622e6,-1.6188939565550486,-0.9181611211733337,TIME_LIMIT,90622,0,0,36,15
4,12,1.24712e6,-1.6188831199941487,-0.9181611211733337,TIME_LIMIT,90667,0,0,30,11
4,12,1.247664e6,-1.6188831199941487,-0.9181611211733337,TIME_LIMIT,90703,0,0,50,17
4,12,1.248228e6,-1.6188784684144433,-0.9181611211733337,TIME_LIMIT,90757,0,0,32,14
4,12,1.248768e6,-1.6188784684144433,-0.9181611211733337,TIME_LIMIT,90789,0,0,41,32
4,12,1.249377e6,-1.618836906021018,-0.9181611211733337,TIME_LIMIT,90844,0,0,27,13
4,12,1.249917e6,-1.618836906021018,-0.9181611211733337,TIME_LIMIT,90878,0,0,24,27
4,12,1.250475e6,-1.6187144701522405,-0.9181611211733337,TIME_LIMIT,90939,0,0,39,14
4,12,1.251017e6,-1.6187144701522405,-0.9181611211733337,TIME_LIMIT,90963,0,0,35,18
4,12,1.251615e6,-1.6186610466703348,-0.9181611211733337,TIME_LIMIT,91009,0,0,24,5
4,12,1.252155e6,-1.6186610466703348,-0.9181611211733337,TIME_LIMIT,91039,0,0,42,32
4,12,1.252719e6,-1.6186181740154735,-0.9181611211733337,TIME_LIMIT,91087,0,0,30,10
4,12,1.253285e6,-1.6186181740154735,-0.9181611211733337,TIME_LIMIT,91118,0,0,41,32
4,12,1.253862e6,-1.6185991347629975,-0.9181611211733337,TIME_LIMIT,91170,0,0,33,15
4,12,1.254401e6,-1.6185991347629975,-0.9181611211733337,TIME_LIMIT,91201,0,0,44,30
4,12,1.254965e6,-1.6184752951824153,-0.9181611211733337,TIME_LIMIT,91251,0,0,35,7
4,12,1.255505e6,-1.6184752951824153,-0.9181611211733337,TIME_LIMIT,91278,0,0,33,25
4,12,1.256121e6,-1.6183920161763512,-0.9181611211733337,TIME_LIMIT,91325,0,0,25,9
4,12,1.2568e6,-1.6183920161763512,-0.9181611211733337,TIME_LIMIT,91356,0,0,44,17
4,12,1.257512e6,-1.6183653587336626,-0.9181611211733337,TIME_LIMIT,91407,0,0,33,9
4,12,1.258144e6,-1.6183653587336626,-0.9181611211733337,TIME_LIMIT,91447,0,0,43,22
4,12,1.258685e6,-1.6183067772571111,-0.9181611211733337,TIME_LIMIT,91500,0,0,36,16
4,12,1.259287e6,-1.6183067772571111,-0.9181611211733337,TIME_LIMIT,91534,0,0,41,19
4,12,1.259843e6,-1.618210978771174,-0.9181611211733337,TIME_LIMIT,91585,0,0,25,10
4,12,1.260448e6,-1.618210978771174,-0.9181611211733337,TIME_LIMIT,91622,0,0,44,23
4,12,1.260993e6,-1.6182014009728305,-0.9181611211733337,TIME_LIMIT,91674,0,0,28,13
4,12,1.261601e6,-1.6182014009728305,-0.9181611211733337,TIME_LIMIT,91704,0,0,37,47
4,12,1.262141e6,-1.6181860707475106,-0.9181611211733337,TIME_LIMIT,91752,0,0,27,16
4,12,1.262731e6,-1.6181860707475106,-0.9181611211733337,TIME_LIMIT,91783,0,0,49,30
4,12,1.263284e6,-1.618147977220073,-0.9181611211733337,TIME_LIMIT,91832,0,0,34,11
4,12,1.263852e6,-1.618147977220073,-0.9181611211733337,TIME_LIMIT,91862,0,0,41,24
4,12,1.264412e6,-1.618144871937632,-0.9181611211733337,TIME_LIMIT,91919,0,0,41,11
4,12,1.265018e6,-1.618144871937632,-0.9181611211733337,TIME_LIMIT,91956,0,0,43,27
4,12,1.265566e6,-1.6180102643309027,-0.9181611211733337,TIME_LIMIT,92003,0,0,27,7
4,12,1.266135e6,-1.6180102643309027,-0.9181611211733337,TIME_LIMIT,92033,0,0,45,35
4,12,1.266672e6,-1.6180053986980385,-0.9181611211733337,TIME_LIMIT,92088,0,0,16,13
4,12,1.267276e6,-1.6180053986980385,-0.9181611211733337,TIME_LIMIT,92118,0,0,34,15
4,12,1.267812e6,-1.6179725394172113,-0.9181611211733337,TIME_LIMIT,92168,0,0,32,19
4,12,1.268383e6,-1.6179725394172113,-0.9181611211733337,TIME_LIMIT,92197,0,0,46,16
4,12,1.268968e6,-1.6179629150854133,-0.9181611211733337,TIME_LIMIT,92244,0,0,30,8
4,12,1.269577e6,-1.6179629150854133,-0.9181611211733337,TIME_LIMIT,92280,0,0,39,19
4,12,1.270114e6,-1.6179453039702747,-0.9181611211733337,TIME_LIMIT,92340,0,0,34,11
4,12,1.270683e6,-1.6179453039702747,-0.9181611211733337,TIME_LIMIT,92367,0,0,41,24
4,12,1.271223e6,-1.6178282962442279,-0.9181611211733337,TIME_LIMIT,92423,0,0,35,14
4,12,1.271791e6,-1.6178282962442279,-0.9181611211733337,TIME_LIMIT,92460,0,0,45,37
4,12,1.272463e6,-1.6177856007648599,-0.9181611211733337,TIME_LIMIT,92515,0,0,35,18
4,12,1.273177e6,-1.6177856007648599,-0.9181611211733337,TIME_LIMIT,92545,0,0,41,23
4,12,1.273843e6,-1.6177602970485514,-0.9181611211733337,TIME_LIMIT,92595,0,0,29,4
4,12,1.274465e6,-1.6177602970485514,-0.9181611211733337,TIME_LIMIT,92625,0,0,47,43
4,12,1.275039e6,-1.6177599259351827,-0.9181611211733337,TIME_LIMIT,92677,0,0,33,12
4,12,1.275636e6,-1.6177599259351827,-0.9181611211733337,TIME_LIMIT,92707,0,0,46,25
4,12,1.2762e6,-1.6177499525838552,-0.9181611211733337,TIME_LIMIT,92761,0,0,34,16
4,12,1.276787e6,-1.6177499525838552,-0.9181611211733337,TIME_LIMIT,92794,0,0,39,29
4,12,1.277346e6,-1.6177477609609667,-0.9181611211733337,TIME_LIMIT,92840,0,0,29,11
4,12,1.277936e6,-1.6177477609609667,-0.9181611211733337,TIME_LIMIT,92865,0,0,31,56
4,12,1.278475e6,-1.6177161853227222,-0.9181611211733337,TIME_LIMIT,92922,0,0,34,12
4,12,1.279074e6,-1.6177161853227222,-0.9181611211733337,TIME_LIMIT,92958,0,0,21,24
4,12,1.279617e6,-1.6176711168399684,-0.9181611211733337,TIME_LIMIT,93011,0,0,34,15
4,12,1.280185e6,-1.6176711168399684,-0.9181611211733337,TIME_LIMIT,93038,0,0,50,44
4,12,1.280722e6,-1.6176325608663933,-0.9181611211733337,TIME_LIMIT,93091,0,0,32,16
4,12,1.281321e6,-1.6176325608663933,-0.9181611211733337,TIME_LIMIT,93130,0,0,48,21
4,12,1.281864e6,-1.61761001566044,-0.9181611211733337,TIME_LIMIT,93182,0,0,32,8
4,12,1.282432e6,-1.61761001566044,-0.9181611211733337,TIME_LIMIT,93209,0,0,41,44
4,12,1.282971e6,-1.6175988535143253,-0.9181611211733337,TIME_LIMIT,93268,0,0,40,17
4,12,1.283576e6,-1.6175988535143253,-0.9181611211733337,TIME_LIMIT,93300,0,0,43,26
4,12,1.284113e6,-1.6175725376379964,-0.9181611211733337,TIME_LIMIT,93354,0,0,36,10
4,12,1.284678e6,-1.6175725376379964,-0.9181611211733337,TIME_LIMIT,93381,0,0,27,17
4,12,1.285219e6,-1.6175089230431434,-0.9181611211733337,TIME_LIMIT,93430,0,0,31,8
4,12,1.285827e6,-1.6175089230431434,-0.9181611211733337,TIME_LIMIT,93455,0,0,39,15
4,12,1.286364e6,-1.617493038834669,-0.9181611211733337,TIME_LIMIT,93507,0,0,30,10
4,12,1.286931e6,-1.617493038834669,-0.9181611211733337,TIME_LIMIT,93540,0,0,32,18
4,12,1.287469e6,-1.6174569692977918,-0.9181611211733337,TIME_LIMIT,93591,0,0,26,9
4,12,1.288035e6,-1.6174569692977918,-0.9181611211733337,TIME_LIMIT,93617,0,0,31,37
4,12,1.288693e6,-1.617382140323124,-0.9181611211733337,TIME_LIMIT,93666,0,0,28,14
4,12,1.2894e6,-1.617382140323124,-0.9181611211733337,TIME_LIMIT,93691,0,0,27,20
4,12,1.290078e6,-1.6173262327217035,-0.9181611211733337,TIME_LIMIT,93735,0,0,32,4
4,12,1.290703e6,-1.6173262327217035,-0.9181611211733337,TIME_LIMIT,93765,0,0,29,19
4,12,1.291278e6,-1.6173135024435732,-0.9181611211733337,TIME_LIMIT,93811,0,0,27,11
4,12,1.291874e6,-1.6173135024435732,-0.9181611211733337,TIME_LIMIT,93854,0,0,30,12
4,12,1.292435e6,-1.6172735107690994,-0.9181611211733337,TIME_LIMIT,93893,0,0,32,10
4,12,1.293017e6,-1.6172735107690994,-0.9181611211733337,TIME_LIMIT,93923,0,0,50,43
4,12,1.293565e6,-1.617260562641112,-0.9181611211733337,TIME_LIMIT,93982,0,0,37,15
4,12,1.294174e6,-1.617260562641112,-0.9181611211733337,TIME_LIMIT,94016,0,0,33,17
4,12,1.294719e6,-1.6172219773988235,-0.9181611211733337,TIME_LIMIT,94067,0,0,25,12
4,12,1.295118e6,-1.6172219773988235,-0.9181611211733337,TIME_LIMIT,94104,0,0,45,24
4,12,1.295678e6,-1.6171833493058052,-0.9181611211733337,TIME_LIMIT,94152,0,0,31,11
4,12,1.296262e6,-1.6171833493058052,-0.9181611211733337,TIME_LIMIT,94198,0,0,39,10
4,12,1.2968e6,-1.6171313459426562,-0.9181611211733337,TIME_LIMIT,94236,0,0,37,14
4,12,1.297367e6,-1.6171313459426562,-0.9181611211733337,TIME_LIMIT,94270,0,0,43,36
4,12,1.297929e6,-1.6171218900300295,-0.9181611211733337,TIME_LIMIT,94320,0,0,30,10
4,12,1.298514e6,-1.6171218900300295,-0.9181611211733337,TIME_LIMIT,94358,0,0,45,21
4,12,1.299057e6,-1.6171192528647593,-0.9181611211733337,TIME_LIMIT,94405,0,0,30,11
4,12,1.29961e6,-1.6171192528647593,-0.9181611211733337,TIME_LIMIT,94441,0,0,38,21
4,12,1.300113e6,-1.616999070016529,-0.9181611211733337,TIME_LIMIT,94473,0,0,32,11
4,12,1.30066e6,-1.616999070016529,-0.9181611211733337,TIME_LIMIT,94504,0,0,38,26
4,12,1.301229e6,-1.6169588229767946,-0.9181611211733337,TIME_LIMIT,94552,0,0,30,8
4,12,1.301768e6,-1.6169588229767946,-0.9181611211733337,TIME_LIMIT,94579,0,0,35,26
4,12,1.302376e6,-1.616822286273261,-0.9181611211733337,TIME_LIMIT,94640,0,0,32,17
4,12,1.302917e6,-1.616822286273261,-0.9181611211733337,TIME_LIMIT,94668,0,0,51,41
4,12,1.303505e6,-1.6168203867585325,-0.9181611211733337,TIME_LIMIT,94724,0,0,17,11
4,12,1.304043e6,-1.6168203867585325,-0.9181611211733337,TIME_LIMIT,94754,0,0,38,23
4,12,1.304613e6,-1.6167863985937978,-0.9181611211733337,TIME_LIMIT,94809,0,0,37,13
4,12,1.305232e6,-1.6167863985937978,-0.9181611211733337,TIME_LIMIT,94838,0,0,45,24
4,12,1.305948e6,-1.6166534538340454,-0.9181611211733337,TIME_LIMIT,94886,0,0,20,6
4,12,1.306618e6,-1.6166534538340454,-0.9181611211733337,TIME_LIMIT,94916,0,0,38,21
4,12,1.307269e6,-1.6166353038849255,-0.9181611211733337,TIME_LIMIT,94966,0,0,33,6
4,12,1.30788e6,-1.6166353038849255,-0.9181611211733337,TIME_LIMIT,94992,0,0,46,35
4,12,1.308484e6,-1.6166264507984618,-0.9181611211733337,TIME_LIMIT,95046,0,0,35,14
4,12,1.309047e6,-1.6166264507984618,-0.9181611211733337,TIME_LIMIT,95075,0,0,42,65
4,12,1.309626e6,-1.616622514409793,-0.9181611211733337,TIME_LIMIT,95125,0,0,30,8
4,12,1.310177e6,-1.616622514409793,-0.9181611211733337,TIME_LIMIT,95154,0,0,33,28
4,12,1.310783e6,-1.6166210072687413,-0.9181611211733337,TIME_LIMIT,95207,0,0,30,10
4,12,1.311324e6,-1.6166210072687413,-0.9181611211733337,TIME_LIMIT,95238,0,0,50,48
4,12,1.311934e6,-1.6165555730152914,-0.9181611211733337,TIME_LIMIT,95291,0,0,32,14
4,12,1.31251e6,-1.6165555730152914,-0.9181611211733337,TIME_LIMIT,95332,0,0,38,18
4,12,1.313073e6,-1.6164750223924855,-0.9181611211733337,TIME_LIMIT,95381,0,0,31,13
4,12,1.313612e6,-1.6164750223924855,-0.9181611211733337,TIME_LIMIT,95411,0,0,24,30
4,12,1.314179e6,-1.6162982885327954,-0.9181611211733337,TIME_LIMIT,95463,0,0,34,13
4,12,1.314545e6,-1.6162982885327954,-0.9181611211733337,TIME_LIMIT,95494,0,0,27,18
4,12,1.315109e6,-1.6162436253667534,-0.9181611211733337,TIME_LIMIT,95541,0,0,28,10
4,12,1.315551e6,-1.6162436253667534,-0.9181611211733337,TIME_LIMIT,95575,0,0,40,14
4,12,1.315983e6,-1.6162111256416714,-0.9181611211733337,TIME_LIMIT,95629,0,0,28,13
4,12,1.316539e6,-1.6162111256416714,-0.9181611211733337,TIME_LIMIT,95663,0,0,38,18
4,12,1.317091e6,-1.6161326094192914,-0.9181611211733337,TIME_LIMIT,95711,0,0,26,11
4,12,1.317659e6,-1.6161326094192914,-0.9181611211733337,TIME_LIMIT,95733,0,0,35,27
4,12,1.318197e6,-1.6161271784084292,-0.9181611211733337,TIME_LIMIT,95785,0,0,18,4
4,12,1.318806e6,-1.6161271784084292,-0.9181611211733337,TIME_LIMIT,95816,0,0,39,27
4,12,1.319345e6,-1.6160737718503575,-0.9181611211733337,TIME_LIMIT,95865,0,0,34,4
4,12,1.319911e6,-1.6160737718503575,-0.9181611211733337,TIME_LIMIT,95896,0,0,37,25
4,12,1.32041e6,-1.6160730316328724,-0.9181611211733337,TIME_LIMIT,95947,0,0,30,4
4,12,1.321014e6,-1.6160730316328724,-0.9181611211733337,TIME_LIMIT,95974,0,0,40,18
4,12,1.321555e6,-1.6160712930999084,-0.9181611211733337,TIME_LIMIT,96030,0,0,38,8
4,12,1.322122e6,-1.6160712930999084,-0.9181611211733337,TIME_LIMIT,96063,0,0,49,33
4,12,1.322659e6,-1.6159683785289645,-0.9181611211733337,TIME_LIMIT,96111,0,0,33,16
4,12,1.323226e6,-1.6159683785289645,-0.9181611211733337,TIME_LIMIT,96145,0,0,44,60
4,12,1.323858e6,-1.6159668417841024,-0.9181611211733337,TIME_LIMIT,96199,0,0,31,20
4,12,1.324575e6,-1.6159668417841024,-0.9181611211733337,TIME_LIMIT,96224,0,0,40,45
4,12,1.325252e6,-1.6159370230409498,-0.9181611211733337,TIME_LIMIT,96276,0,0,37,9
4,12,1.325888e6,-1.6159370230409498,-0.9181611211733337,TIME_LIMIT,96307,0,0,37,18
4,12,1.32646e6,-1.6158953232128375,-0.9181611211733337,TIME_LIMIT,96363,0,0,36,11
4,12,1.32705e6,-1.6158953232128375,-0.9181611211733337,TIME_LIMIT,96388,0,0,38,9
4,12,1.327606e6,-1.6158703655948126,-0.9181611211733337,TIME_LIMIT,96438,0,0,30,5
4,12,1.328187e6,-1.6158703655948126,-0.9181611211733337,TIME_LIMIT,96465,0,0,42,19
4,12,1.328605e6,-1.6158619249137687,-0.9181611211733337,TIME_LIMIT,96523,0,0,29,12
4,12,1.329173e6,-1.6158619249137687,-0.9181611211733337,TIME_LIMIT,96556,0,0,41,34
4,12,1.32974e6,-1.6158540331082414,-0.9181611211733337,TIME_LIMIT,96614,0,0,38,11
4,12,1.330115e6,-1.6158540331082414,-0.9181611211733337,TIME_LIMIT,96642,0,0,36,16
4,12,1.33065e6,-1.615823394559678,-0.9181611211733337,TIME_LIMIT,96688,0,0,26,8
4,12,1.33126e6,-1.615823394559678,-0.9181611211733337,TIME_LIMIT,96720,0,0,32,17
4,12,1.331797e6,-1.6157502990514108,-0.9181611211733337,TIME_LIMIT,96768,0,0,33,10
4,12,1.332366e6,-1.6157502990514108,-0.9181611211733337,TIME_LIMIT,96801,0,0,40,10
4,12,1.332904e6,-1.6156709062984362,-0.9181611211733337,TIME_LIMIT,96857,0,0,38,15
4,12,1.333518e6,-1.6156709062984362,-0.9181611211733337,TIME_LIMIT,96886,0,0,51,59
4,12,1.334057e6,-1.6156695503331486,-0.9181611211733337,TIME_LIMIT,96939,0,0,34,20
4,12,1.334623e6,-1.6156695503331486,-0.9181611211733337,TIME_LIMIT,96969,0,0,27,14
4,12,1.335179e6,-1.6156689686071397,-0.9181611211733337,TIME_LIMIT,97021,0,0,36,10
4,12,1.335769e6,-1.6156689686071397,-0.9181611211733337,TIME_LIMIT,97054,0,0,54,60
4,12,1.336308e6,-1.615651141628154,-0.9181611211733337,TIME_LIMIT,97111,0,0,34,19
4,12,1.336874e6,-1.615651141628154,-0.9181611211733337,TIME_LIMIT,97140,0,0,39,20
4,12,1.337455e6,-1.6155940498537207,-0.9181611211733337,TIME_LIMIT,97193,0,0,36,9
4,12,1.338021e6,-1.6155940498537207,-0.9181611211733337,TIME_LIMIT,97222,0,0,38,37
4,12,1.33856e6,-1.6155922234263032,-0.9181611211733337,TIME_LIMIT,97272,0,0,30,16
4,12,1.339128e6,-1.6155922234263032,-0.9181611211733337,TIME_LIMIT,97311,0,0,43,26
4,12,1.339705e6,-1.6155691538334356,-0.9181611211733337,TIME_LIMIT,97358,0,0,15,14
4,12,1.340271e6,-1.6155691538334356,-0.9181611211733337,TIME_LIMIT,97390,0,0,37,23
4,12,1.34081e6,-1.6155475799302994,-0.9181611211733337,TIME_LIMIT,97439,0,0,33,10
4,12,1.341378e6,-1.6155475799302994,-0.9181611211733337,TIME_LIMIT,97472,0,0,35,27
4,12,1.341921e6,-1.6155049347818042,-0.9181611211733337,TIME_LIMIT,97520,0,0,24,17
4,12,1.342587e6,-1.6155049347818042,-0.9181611211733337,TIME_LIMIT,97548,0,0,37,28
4,12,1.343268e6,-1.6154690069835078,-0.9181611211733337,TIME_LIMIT,97601,0,0,31,15
4,12,1.343981e6,-1.6154690069835078,-0.9181611211733337,TIME_LIMIT,97639,0,0,43,16
4,12,1.344583e6,-1.6154667843501163,-0.9181611211733337,TIME_LIMIT,97689,0,0,28,10
4,12,1.345186e6,-1.6154667843501163,-0.9181611211733337,TIME_LIMIT,97723,0,0,47,43
4,12,1.345755e6,-1.615451889047009,-0.9181611211733337,TIME_LIMIT,97776,0,0,37,13
4,12,1.346369e6,-1.615451889047009,-0.9181611211733337,TIME_LIMIT,97808,0,0,42,26
4,12,1.346927e6,-1.6154315455643191,-0.9181611211733337,TIME_LIMIT,97865,0,0,35,11
4,12,1.347474e6,-1.6154315455643191,-0.9181611211733337,TIME_LIMIT,97895,0,0,32,14
4,12,1.34806e6,-1.615407778373259,-0.9181611211733337,TIME_LIMIT,97943,0,0,31,16
4,12,1.348626e6,-1.615407778373259,-0.9181611211733337,TIME_LIMIT,97975,0,0,29,30
4,12,1.349193e6,-1.61540365302229,-0.9181611211733337,TIME_LIMIT,98028,0,0,30,9
4,12,1.349752e6,-1.61540365302229,-0.9181611211733337,TIME_LIMIT,98062,0,0,49,41
4,12,1.350367e6,-1.6153680158339323,-0.9181611211733337,TIME_LIMIT,98112,0,0,31,11
4,12,1.350823e6,-1.6153680158339323,-0.9181611211733337,TIME_LIMIT,98149,0,0,44,23
4,12,1.351361e6,-1.6153379631657356,-0.9181611211733337,TIME_LIMIT,98195,0,0,29,15
4,12,1.351758e6,-1.6153379631657356,-0.9181611211733337,TIME_LIMIT,98223,0,0,37,31
4,12,1.352292e6,-1.6153296803080002,-0.9181611211733337,TIME_LIMIT,98273,0,0,34,16
4,12,1.352863e6,-1.6153296803080002,-0.9181611211733337,TIME_LIMIT,98308,0,0,37,78
4,12,1.353399e6,-1.6152611720869878,-0.9181611211733337,TIME_LIMIT,98365,0,0,33,14
4,12,1.353967e6,-1.6152611720869878,-0.9181611211733337,TIME_LIMIT,98394,0,0,34,29
4,12,1.354564e6,-1.6152144731002291,-0.9181611211733337,TIME_LIMIT,98448,0,0,39,18
4,12,1.355156e6,-1.6152144731002291,-0.9181611211733337,TIME_LIMIT,98477,0,0,36,36
4,12,1.355694e6,-1.6151827177696918,-0.9181611211733337,TIME_LIMIT,98530,0,0,31,7
4,12,1.356268e6,-1.6151827177696918,-0.9181611211733337,TIME_LIMIT,98569,0,0,39,18
4,12,1.356825e6,-1.6151541198989374,-0.9181611211733337,TIME_LIMIT,98619,0,0,31,16
4,12,1.357392e6,-1.6151541198989374,-0.9181611211733337,TIME_LIMIT,98650,0,0,43,29
4,12,1.357931e6,-1.6151525288877553,-0.9181611211733337,TIME_LIMIT,98706,0,0,32,13
4,12,1.35847e6,-1.6151525288877553,-0.9181611211733337,TIME_LIMIT,98752,0,0,42,13
4,12,1.358857e6,-1.6150539981712133,-0.9181611211733337,TIME_LIMIT,98791,0,0,37,12
4,12,1.359401e6,-1.6150539981712133,-0.9181611211733337,TIME_LIMIT,98820,0,0,32,15
4,12,1.359969e6,-1.6150355676206103,-0.9181611211733337,TIME_LIMIT,98870,0,0,30,11
4,12,1.360507e6,-1.6150355676206103,-0.9181611211733337,TIME_LIMIT,98898,0,0,40,43
4,12,1.361075e6,-1.6150350682830048,-0.9181611211733337,TIME_LIMIT,98950,0,0,16,7
4,12,1.361745e6,-1.6150350682830048,-0.9181611211733337,TIME_LIMIT,98981,0,0,39,25
4,12,1.362459e6,-1.6150113740037462,-0.9181611211733337,TIME_LIMIT,99035,0,0,34,15
4,12,1.36313e6,-1.6150113740037462,-0.9181611211733337,TIME_LIMIT,99072,0,0,40,18
4,12,1.363742e6,-1.614998791188897,-0.9181611211733337,TIME_LIMIT,99123,0,0,27,7
4,12,1.364306e6,-1.614998791188897,-0.9181611211733337,TIME_LIMIT,99154,0,0,34,22
4,12,1.364896e6,-1.6149759610952035,-0.9181611211733337,TIME_LIMIT,99203,0,0,28,12
4,12,1.365454e6,-1.6149759610952035,-0.9181611211733337,TIME_LIMIT,99232,0,0,43,39
4,12,1.366031e6,-1.614958964303346,-0.9181611211733337,TIME_LIMIT,99284,0,0,30,12
4,12,1.366609e6,-1.614958964303346,-0.9181611211733337,TIME_LIMIT,99321,0,0,49,68
4,12,1.367176e6,-1.6149062391382667,-0.9181611211733337,TIME_LIMIT,99378,0,0,36,13
4,12,1.367716e6,-1.6149062391382667,-0.9181611211733337,TIME_LIMIT,99410,0,0,35,15
4,12,1.368322e6,-1.6148547537934808,-0.9181611211733337,TIME_LIMIT,99464,0,0,36,12
4,12,1.368861e6,-1.6148547537934808,-0.9181611211733337,TIME_LIMIT,99496,0,0,34,14
4,12,1.369428e6,-1.6148357219536775,-0.9181611211733337,TIME_LIMIT,99540,0,0,32,12
4,12,1.369967e6,-1.6148357219536775,-0.9181611211733337,TIME_LIMIT,99573,0,0,39,20
4,12,1.370572e6,-1.6148354845716448,-0.9181611211733337,TIME_LIMIT,99622,0,0,33,9
4,12,1.370967e6,-1.6148354845716448,-0.9181611211733337,TIME_LIMIT,99660,0,0,37,19
4,12,1.371475e6,-1.6148320558479128,-0.9181611211733337,TIME_LIMIT,99714,0,0,20,6
4,12,1.372016e6,-1.6148320558479128,-0.9181611211733337,TIME_LIMIT,99759,0,0,45,9
4,12,1.372532e6,-1.6147537656844022,-0.9181611211733337,TIME_LIMIT,99797,0,0,32,9
4,12,1.373099e6,-1.6147537656844022,-0.9181611211733337,TIME_LIMIT,99826,0,0,40,37
4,12,1.373638e6,-1.6147258816655368,-0.9181611211733337,TIME_LIMIT,99877,0,0,27,21
4,12,1.374203e6,-1.6147258816655368,-0.9181611211733337,TIME_LIMIT,99907,0,0,26,26
4,12,1.374779e6,-1.6146072133231555,-0.9181611211733337,TIME_LIMIT,99956,0,0,29,11
4,12,1.375346e6,-1.6146072133231555,-0.9181611211733337,TIME_LIMIT,99988,0,0,39,28
4,12,1.375884e6,-1.614551183648424,-0.9181611211733337,TIME_LIMIT,100045,0,0,38,7
4,12,1.376452e6,-1.614551183648424,-0.9181611211733337,TIME_LIMIT,100077,0,0,32,13
4,12,1.376991e6,-1.6144906363094995,-0.9181611211733337,TIME_LIMIT,100129,0,0,28,14
4,12,1.377563e6,-1.6144906363094995,-0.9181611211733337,TIME_LIMIT,100158,0,0,36,20
4,12,1.378283e6,-1.614474069508141,-0.9181611211733337,TIME_LIMIT,100205,0,0,27,7
4,12,1.378956e6,-1.614474069508141,-0.9181611211733337,TIME_LIMIT,100239,0,0,37,32
4,12,1.379627e6,-1.6144136946224155,-0.9181611211733337,TIME_LIMIT,100296,0,0,37,8
4,12,1.380198e6,-1.6144136946224155,-0.9181611211733337,TIME_LIMIT,100322,0,0,32,24
4,12,1.380796e6,-1.6143409142109535,-0.9181611211733337,TIME_LIMIT,100376,0,0,30,15
4,12,1.38135e6,-1.6143409142109535,-0.9181611211733337,TIME_LIMIT,100414,0,0,35,27
4,12,1.381933e6,-1.6142386528313515,-0.9181611211733337,TIME_LIMIT,100465,0,0,35,6
4,12,1.382478e6,-1.6142386528313515,-0.9181611211733337,TIME_LIMIT,100493,0,0,42,47
4,12,1.383084e6,-1.6141469539763407,-0.9181611211733337,TIME_LIMIT,100547,0,0,35,11
4,12,1.383624e6,-1.6141469539763407,-0.9181611211733337,TIME_LIMIT,100580,0,0,44,18
4,12,1.384213e6,-1.6141230230804766,-0.9181611211733337,TIME_LIMIT,100630,0,0,32,7
4,12,1.384773e6,-1.6141230230804766,-0.9181611211733337,TIME_LIMIT,100656,0,0,40,25
4,12,1.38534e6,-1.6141136653054917,-0.9181611211733337,TIME_LIMIT,100711,0,0,35,11
4,12,1.38588e6,-1.6141136653054917,-0.9181611211733337,TIME_LIMIT,100750,0,0,35,13
4,12,1.386463e6,-1.6141084916468351,-0.9181611211733337,TIME_LIMIT,100794,0,0,23,13
4,12,1.387021e6,-1.6141084916468351,-0.9181611211733337,TIME_LIMIT,100826,0,0,43,21
4,12,1.38756e6,-1.614106969031641,-0.9181611211733337,TIME_LIMIT,100878,0,0,27,12
4,12,1.387956e6,-1.614106969031641,-0.9181611211733337,TIME_LIMIT,100912,0,0,42,23
4,12,1.388536e6,-1.614095413863278,-0.9181611211733337,TIME_LIMIT,100961,0,0,32,2
4,12,1.389123e6,-1.614095413863278,-0.9181611211733337,TIME_LIMIT,100996,0,0,46,21
4,12,1.389688e6,-1.6140890117848616,-0.9181611211733337,TIME_LIMIT,101048,0,0,28,15
4,12,1.390229e6,-1.6140890117848616,-0.9181611211733337,TIME_LIMIT,101092,0,0,42,23
4,12,1.390779e6,-1.6140670893135716,-0.9181611211733337,TIME_LIMIT,101133,0,0,43,13
4,12,1.391363e6,-1.6140670893135716,-0.9181611211733337,TIME_LIMIT,101164,0,0,40,20
4,12,1.391901e6,-1.6140456299043613,-0.9181611211733337,TIME_LIMIT,101212,0,0,24,6
4,12,1.392469e6,-1.6140456299043613,-0.9181611211733337,TIME_LIMIT,101242,0,0,34,22
4,12,1.393046e6,-1.6140058672045645,-0.9181611211733337,TIME_LIMIT,101294,0,0,34,7
4,12,1.393649e6,-1.6140058672045645,-0.9181611211733337,TIME_LIMIT,101324,0,0,33,47
4,12,1.394189e6,-1.6140049375605168,-0.9181611211733337,TIME_LIMIT,101378,0,0,29,14
4,12,1.394757e6,-1.6140049375605168,-0.9181611211733337,TIME_LIMIT,101410,0,0,33,24
4,12,1.395297e6,-1.6139954663046734,-0.9181611211733337,TIME_LIMIT,101469,0,0,37,10
4,12,1.395966e6,-1.6139954663046734,-0.9181611211733337,TIME_LIMIT,101509,0,0,42,41
4,12,1.396649e6,-1.6139872277088885,-0.9181611211733337,TIME_LIMIT,101563,0,0,32,10
4,12,1.397363e6,-1.6139872277088885,-0.9181611211733337,TIME_LIMIT,101593,0,0,28,11
4,12,1.398012e6,-1.613942082402264,-0.9181611211733337,TIME_LIMIT,101643,0,0,26,13
4,12,1.398608e6,-1.613942082402264,-0.9181611211733337,TIME_LIMIT,101675,0,0,32,16
4,12,1.399169e6,-1.6138745951258082,-0.9181611211733337,TIME_LIMIT,101706,0,0,34,29
4,12,1.399755e6,-1.6138745951258082,-0.9181611211733337,TIME_LIMIT,101738,0,0,43,29
4,12,1.400305e6,-1.6138582060618947,-0.9181611211733337,TIME_LIMIT,101791,0,0,33,13
4,12,1.40087e6,-1.6138582060618947,-0.9181611211733337,TIME_LIMIT,101826,0,0,43,24
4,12,1.401454e6,-1.613842524964947,-0.9181611211733337,TIME_LIMIT,101882,0,0,33,13
4,12,1.402003e6,-1.613842524964947,-0.9181611211733337,TIME_LIMIT,101910,0,0,37,18
4,12,1.402612e6,-1.613839145202321,-0.9181611211733337,TIME_LIMIT,101960,0,0,30,10
4,12,1.403152e6,-1.613839145202321,-0.9181611211733337,TIME_LIMIT,101993,0,0,38,36
4,12,1.403722e6,-1.6138168527583314,-0.9181611211733337,TIME_LIMIT,102037,0,0,30,13
4,12,1.404261e6,-1.6138168527583314,-0.9181611211733337,TIME_LIMIT,102071,0,0,46,18
4,12,1.404871e6,-1.6138040547429497,-0.9181611211733337,TIME_LIMIT,102119,0,0,33,5
4,12,1.40541e6,-1.6138040547429497,-0.9181611211733337,TIME_LIMIT,102152,0,0,49,34
4,12,1.405976e6,-1.6138035966539916,-0.9181611211733337,TIME_LIMIT,102204,0,0,33,12
4,12,1.406517e6,-1.6138035966539916,-0.9181611211733337,TIME_LIMIT,102231,0,0,41,28
4,12,1.407124e6,-1.6137675803257892,-0.9181611211733337,TIME_LIMIT,102282,0,0,25,6
4,12,1.407663e6,-1.6137675803257892,-0.9181611211733337,TIME_LIMIT,102317,0,0,36,25
4,12,1.408231e6,-1.6137573098826337,-0.9181611211733337,TIME_LIMIT,102369,0,0,32,9
4,12,1.408769e6,-1.6137573098826337,-0.9181611211733337,TIME_LIMIT,102398,0,0,36,22
4,12,1.40935e6,-1.6136821320350043,-0.9181611211733337,TIME_LIMIT,102450,0,0,30,13
4,12,1.409918e6,-1.6136821320350043,-0.9181611211733337,TIME_LIMIT,102482,0,0,37,25
4,12,1.410461e6,-1.613677644072074,-0.9181611211733337,TIME_LIMIT,102533,0,0,31,10
4,12,1.411063e6,-1.613677644072074,-0.9181611211733337,TIME_LIMIT,102565,0,0,32,15
4,12,1.411622e6,-1.61366288301332,-0.9181611211733337,TIME_LIMIT,102618,0,0,36,12
4,12,1.412191e6,-1.61366288301332,-0.9181611211733337,TIME_LIMIT,102652,0,0,32,26
4,12,1.412731e6,-1.6136459212463001,-0.9181611211733337,TIME_LIMIT,102711,0,0,38,16
4,12,1.413297e6,-1.6136459212463001,-0.9181611211733337,TIME_LIMIT,102736,0,0,31,13
4,12,1.413853e6,-1.6136032577040424,-0.9181611211733337,TIME_LIMIT,102787,0,0,36,8
4,12,1.414599e6,-1.6136032577040424,-0.9181611211733337,TIME_LIMIT,102818,0,0,47,36
4,12,1.41531e6,-1.6135871477411121,-0.9181611211733337,TIME_LIMIT,102870,0,0,30,6
4,12,1.416008e6,-1.6135871477411121,-0.9181611211733337,TIME_LIMIT,102904,0,0,36,29
4,12,1.416586e6,-1.6135742721518769,-0.9181611211733337,TIME_LIMIT,102951,0,0,25,10
4,12,1.41717e6,-1.6135742721518769,-0.9181611211733337,TIME_LIMIT,102987,0,0,30,29
4,12,1.417767e6,-1.6135150329434218,-0.9181611211733337,TIME_LIMIT,103038,0,0,21,14
4,12,1.418321e6,-1.6135150329434218,-0.9181611211733337,TIME_LIMIT,103068,0,0,40,32
4,12,1.418898e6,-1.6135007632805505,-0.9181611211733337,TIME_LIMIT,103124,0,0,36,14
4,12,1.419507e6,-1.6135007632805505,-0.9181611211733337,TIME_LIMIT,103154,0,0,37,13
4,12,1.420076e6,-1.6133962300861613,-0.9181611211733337,TIME_LIMIT,103203,0,0,29,5
4,12,1.420653e6,-1.6133962300861613,-0.9181611211733337,TIME_LIMIT,103237,0,0,39,18
4,12,1.421268e6,-1.6133384237944037,-0.9181611211733337,TIME_LIMIT,103283,0,0,32,8
4,12,1.421809e6,-1.6133384237944037,-0.9181611211733337,TIME_LIMIT,103312,0,0,19,25
4,12,1.422392e6,-1.613330596965549,-0.9181611211733337,TIME_LIMIT,103359,0,0,31,13
4,12,1.422963e6,-1.613330596965549,-0.9181611211733337,TIME_LIMIT,103398,0,0,47,49
4,12,1.423567e6,-1.613236622968093,-0.9181611211733337,TIME_LIMIT,103449,0,0,35,11
4,12,1.424106e6,-1.613236622968093,-0.9181611211733337,TIME_LIMIT,103491,0,0,44,24
4,12,1.424644e6,-1.6132073514715497,-0.9181611211733337,TIME_LIMIT,103523,0,0,42,21
4,12,1.425262e6,-1.6132073514715497,-0.9181611211733337,TIME_LIMIT,103551,0,0,37,15
4,12,1.425801e6,-1.6131792330343475,-0.9181611211733337,TIME_LIMIT,103602,0,0,27,6
4,12,1.426232e6,-1.6131792330343475,-0.9181611211733337,TIME_LIMIT,103637,0,0,38,16
4,12,1.4268e6,-1.613171614439675,-0.9181611211733337,TIME_LIMIT,103690,0,0,31,13
4,12,1.427383e6,-1.613171614439675,-0.9181611211733337,TIME_LIMIT,103721,0,0,34,16
4,12,1.427791e6,-1.6131669184000554,-0.9181611211733337,TIME_LIMIT,103767,0,0,40,6
4,12,1.428332e6,-1.6131669184000554,-0.9181611211733337,TIME_LIMIT,103803,0,0,36,36
4,12,1.428916e6,-1.6131010330772473,-0.9181611211733337,TIME_LIMIT,103857,0,0,31,12
4,12,1.429504e6,-1.6131010330772473,-0.9181611211733337,TIME_LIMIT,103886,0,0,33,30
4,12,1.430111e6,-1.6130618452954093,-0.9181611211733337,TIME_LIMIT,103943,0,0,35,10
4,12,1.430616e6,-1.6130618452954093,-0.9181611211733337,TIME_LIMIT,103974,0,0,39,20
4,12,1.431172e6,-1.6130267340610123,-0.9181611211733337,TIME_LIMIT,104022,0,0,24,8
4,12,1.431759e6,-1.6130267340610123,-0.9181611211733337,TIME_LIMIT,104055,0,0,36,22
4,12,1.432386e6,-1.6130222478998955,-0.9181611211733337,TIME_LIMIT,104104,0,0,32,19
4,12,1.433138e6,-1.6130222478998955,-0.9181611211733337,TIME_LIMIT,104133,0,0,42,26
4,12,1.433847e6,-1.6129397760675965,-0.9181611211733337,TIME_LIMIT,104183,0,0,20,10
4,12,1.434499e6,-1.6129397760675965,-0.9181611211733337,TIME_LIMIT,104214,0,0,45,62
4,12,1.435073e6,-1.6128784453885892,-0.9181611211733337,TIME_LIMIT,104270,0,0,38,23
4,12,1.435699e6,-1.6128784453885892,-0.9181611211733337,TIME_LIMIT,104297,0,0,51,36
4,12,1.436267e6,-1.6127887769056755,-0.9181611211733337,TIME_LIMIT,104350,0,0,33,14
4,12,1.436864e6,-1.6127887769056755,-0.9181611211733337,TIME_LIMIT,104385,0,0,38,23
4,12,1.437417e6,-1.6127543666459654,-0.9181611211733337,TIME_LIMIT,104439,0,0,32,15
4,12,1.437996e6,-1.6127543666459654,-0.9181611211733337,TIME_LIMIT,104478,0,0,39,25
4,12,1.438597e6,-1.6127303204549062,-0.9181611211733337,TIME_LIMIT,104524,0,0,26,10
4,12,1.439151e6,-1.6127303204549062,-0.9181611211733337,TIME_LIMIT,104552,0,0,28,18
4,12,1.439799e6,-1.6126573219631726,-0.9181611211733337,TIME_LIMIT,104608,0,0,37,14
4,12,1.440354e6,-1.6126573219631726,-0.9181611211733337,TIME_LIMIT,104638,0,0,43,23
4,12,1.44094e6,-1.6126338994921217,-0.9181611211733337,TIME_LIMIT,104684,0,0,28,15
4,12,1.441483e6,-1.6126338994921217,-0.9181611211733337,TIME_LIMIT,104715,0,0,29,12
4,12,1.442029e6,-1.6125774907003143,-0.9181611211733337,TIME_LIMIT,104770,0,0,31,14
4,12,1.442596e6,-1.6125774907003143,-0.9181611211733337,TIME_LIMIT,104806,0,0,45,19
4,12,1.443136e6,-1.6125425211983262,-0.9181611211733337,TIME_LIMIT,104857,0,0,38,10
4,12,1.443741e6,-1.6125425211983262,-0.9181611211733337,TIME_LIMIT,104891,0,0,34,28
4,12,1.444345e6,-1.6125342669989304,-0.9181611211733337,TIME_LIMIT,104943,0,0,31,19
4,12,1.444912e6,-1.6125342669989304,-0.9181611211733337,TIME_LIMIT,104977,0,0,35,33
4,12,1.44545e6,-1.6124126149446447,-0.9181611211733337,TIME_LIMIT,105011,0,0,33,17
4,12,1.446029e6,-1.6124126149446447,-0.9181611211733337,TIME_LIMIT,105050,0,0,48,39
4,12,1.446608e6,-1.612366585441233,-0.9181611211733337,TIME_LIMIT,105105,0,0,35,14
4,12,1.447157e6,-1.612366585441233,-0.9181611211733337,TIME_LIMIT,105140,0,0,45,56
4,12,1.447745e6,-1.6123279786168825,-0.9181611211733337,TIME_LIMIT,105193,0,0,32,16
4,12,1.448302e6,-1.6123279786168825,-0.9181611211733337,TIME_LIMIT,105227,0,0,46,48
4,12,1.448902e6,-1.612296404324722,-0.9181611211733337,TIME_LIMIT,105279,0,0,32,12
4,12,1.449616e6,-1.612296404324722,-0.9181611211733337,TIME_LIMIT,105314,0,0,41,51
4,12,1.450395e6,-1.6122625095121053,-0.9181611211733337,TIME_LIMIT,105350,0,0,34,21
4,12,1.451062e6,-1.6122625095121053,-0.9181611211733337,TIME_LIMIT,105381,0,0,46,38
4,12,1.451675e6,-1.6122218177210388,-0.9181611211733337,TIME_LIMIT,105432,0,0,31,17
4,12,1.452246e6,-1.6122218177210388,-0.9181611211733337,TIME_LIMIT,105460,0,0,40,24
4,12,1.45284e6,-1.612203151706189,-0.9181611211733337,TIME_LIMIT,105513,0,0,31,11
4,12,1.453401e6,-1.612203151706189,-0.9181611211733337,TIME_LIMIT,105548,0,0,42,22
4,12,1.453965e6,-1.612179959771223,-0.9181611211733337,TIME_LIMIT,105602,0,0,38,16
4,12,1.454551e6,-1.612179959771223,-0.9181611211733337,TIME_LIMIT,105635,0,0,28,17
4,12,1.455093e6,-1.6121770993976008,-0.9181611211733337,TIME_LIMIT,105684,0,0,34,5
4,12,1.455686e6,-1.6121770993976008,-0.9181611211733337,TIME_LIMIT,105711,0,0,47,54
4,12,1.456283e6,-1.6121613940698252,-0.9181611211733337,TIME_LIMIT,105766,0,0,32,16
4,12,1.45687e6,-1.6121613940698252,-0.9181611211733337,TIME_LIMIT,105795,0,0,45,26
4,12,1.45743e6,-1.6121435191669873,-0.9181611211733337,TIME_LIMIT,105853,0,0,34,8
4,12,1.457995e6,-1.6121435191669873,-0.9181611211733337,TIME_LIMIT,105898,0,0,41,13
4,12,1.458612e6,-1.6121342997170778,-0.9181611211733337,TIME_LIMIT,105933,0,0,22,9
4,12,1.45915e6,-1.6121342997170778,-0.9181611211733337,TIME_LIMIT,105963,0,0,47,28
4,12,1.459719e6,-1.6120842931847408,-0.9181611211733337,TIME_LIMIT,106014,0,0,36,11
4,12,1.460302e6,-1.6120842931847408,-0.9181611211733337,TIME_LIMIT,106048,0,0,27,34
4,12,1.46087e6,-1.6120072162305519,-0.9181611211733337,TIME_LIMIT,106103,0,0,33,13
4,12,1.461412e6,-1.6120072162305519,-0.9181611211733337,TIME_LIMIT,106134,0,0,29,13
4,12,1.461979e6,-1.611992767583063,-0.9181611211733337,TIME_LIMIT,106180,0,0,30,10
4,12,1.462566e6,-1.611992767583063,-0.9181611211733337,TIME_LIMIT,106209,0,0,30,24
4,12,1.463121e6,-1.6118966404603594,-0.9181611211733337,TIME_LIMIT,106263,0,0,33,10
4,12,1.463695e6,-1.6118966404603594,-0.9181611211733337,TIME_LIMIT,106295,0,0,40,38
4,12,1.464253e6,-1.611895098200546,-0.9181611211733337,TIME_LIMIT,106345,0,0,29,16
4,12,1.464837e6,-1.611895098200546,-0.9181611211733337,TIME_LIMIT,106370,0,0,44,29
4,12,1.465491e6,-1.6118710741726365,-0.9181611211733337,TIME_LIMIT,106429,0,0,38,8
4,12,1.466241e6,-1.6118710741726365,-0.9181611211733337,TIME_LIMIT,106460,0,0,37,29
4,12,1.466953e6,-1.6118336289769812,-0.9181611211733337,TIME_LIMIT,106511,0,0,31,11
4,12,1.467588e6,-1.6118336289769812,-0.9181611211733337,TIME_LIMIT,106538,0,0,30,21
4,12,1.468174e6,-1.6118251882789312,-0.9181611211733337,TIME_LIMIT,106590,0,0,27,9
4,12,1.46879e6,-1.6118251882789312,-0.9181611211733337,TIME_LIMIT,106622,0,0,37,33
4,12,1.469356e6,-1.6116272637926534,-0.9181611211733337,TIME_LIMIT,106673,0,0,35,11
4,12,1.469927e6,-1.6116272637926534,-0.9181611211733337,TIME_LIMIT,106702,0,0,40,16
4,12,1.470546e6,-1.6116070567633387,-0.9181611211733337,TIME_LIMIT,106756,0,0,20,14
4,12,1.471088e6,-1.6116070567633387,-0.9181611211733337,TIME_LIMIT,106786,0,0,45,38
4,12,1.471676e6,-1.6116003829917507,-0.9181611211733337,TIME_LIMIT,106839,0,0,29,16
4,12,1.472263e6,-1.6116003829917507,-0.9181611211733337,TIME_LIMIT,106864,0,0,44,36
4,12,1.472829e6,-1.6115970585804842,-0.9181611211733337,TIME_LIMIT,106919,0,0,37,9
4,12,1.473386e6,-1.6115970585804842,-0.9181611211733337,TIME_LIMIT,106946,0,0,38,21
4,12,1.473953e6,-1.611583370725277,-0.9181611211733337,TIME_LIMIT,106996,0,0,34,4
4,12,1.474537e6,-1.611583370725277,-0.9181611211733337,TIME_LIMIT,107033,0,0,36,6
4,12,1.475076e6,-1.6115740846882873,-0.9181611211733337,TIME_LIMIT,107068,0,0,34,11
4,12,1.475645e6,-1.6115740846882873,-0.9181611211733337,TIME_LIMIT,107092,0,0,30,20
4,12,1.476204e6,-1.6114919970214252,-0.9181611211733337,TIME_LIMIT,107149,0,0,31,8
4,12,1.476818e6,-1.6114919970214252,-0.9181611211733337,TIME_LIMIT,107183,0,0,41,40
4,12,1.477378e6,-1.6114878633860379,-0.9181611211733337,TIME_LIMIT,107239,0,0,33,16
4,12,1.477965e6,-1.6114878633860379,-0.9181611211733337,TIME_LIMIT,107269,0,0,44,49
4,12,1.478534e6,-1.6114635956699208,-0.9181611211733337,TIME_LIMIT,107325,0,0,18,14
4,12,1.479137e6,-1.6114635956699208,-0.9181611211733337,TIME_LIMIT,107359,0,0,43,48
4,12,1.479685e6,-1.6114483532034591,-0.9181611211733337,TIME_LIMIT,107413,0,0,19,9
4,12,1.480268e6,-1.6114483532034591,-0.9181611211733337,TIME_LIMIT,107440,0,0,30,25
4,12,1.480842e6,-1.6114039746166668,-0.9181611211733337,TIME_LIMIT,107497,0,0,32,12
4,12,1.481382e6,-1.6114039746166668,-0.9181611211733337,TIME_LIMIT,107539,0,0,45,25
4,12,1.481948e6,-1.6113936094238017,-0.9181611211733337,TIME_LIMIT,107589,0,0,31,11
4,12,1.482488e6,-1.6113936094238017,-0.9181611211733337,TIME_LIMIT,107625,0,0,35,33
4,12,1.483027e6,-1.6113727860527396,-0.9181611211733337,TIME_LIMIT,107678,0,0,26,7
4,12,1.483697e6,-1.6113727860527396,-0.9181611211733337,TIME_LIMIT,107710,0,0,34,29
4,12,1.484437e6,-1.6113129344380825,-0.9181611211733337,TIME_LIMIT,107757,0,0,24,8
4,12,1.485188e6,-1.6113129344380825,-0.9181611211733337,TIME_LIMIT,107792,0,0,28,15
4,12,1.48581e6,-1.6113029311595877,-0.9181611211733337,TIME_LIMIT,107850,0,0,36,13
4,12,1.48644e6,-1.6113029311595877,-0.9181611211733337,TIME_LIMIT,107881,0,0,33,27
4,12,1.487011e6,-1.6112727739061,-0.9181611211733337,TIME_LIMIT,107936,0,0,33,9
4,12,1.487601e6,-1.6112727739061,-0.9181611211733337,TIME_LIMIT,107964,0,0,44,44
4,12,1.488171e6,-1.6112501486406232,-0.9181611211733337,TIME_LIMIT,108016,0,0,35,17
4,12,1.488719e6,-1.6112501486406232,-0.9181611211733337,TIME_LIMIT,108045,0,0,36,33
4,12,1.48935e6,-1.6112336775914118,-0.9181611211733337,TIME_LIMIT,108091,0,0,27,13
4,12,1.48991e6,-1.6112336775914118,-0.9181611211733337,TIME_LIMIT,108121,0,0,44,27
4,12,1.490536e6,-1.6111843985971899,-0.9181611211733337,TIME_LIMIT,108172,0,0,30,7
4,12,1.491094e6,-1.6111843985971899,-0.9181611211733337,TIME_LIMIT,108198,0,0,32,39
4,12,1.491667e6,-1.6111623846367427,-0.9181611211733337,TIME_LIMIT,108252,0,0,22,10
4,12,1.492226e6,-1.6111623846367427,-0.9181611211733337,TIME_LIMIT,108289,0,0,44,22
4,12,1.492821e6,-1.6111395748058748,-0.9181611211733337,TIME_LIMIT,108339,0,0,29,9
4,12,1.49338e6,-1.6111395748058748,-0.9181611211733337,TIME_LIMIT,108376,0,0,18,14
4,12,1.493917e6,-1.6111315928906556,-0.9181611211733337,TIME_LIMIT,108431,0,0,23,9
4,12,1.494486e6,-1.6111315928906556,-0.9181611211733337,TIME_LIMIT,108465,0,0,45,29
4,12,1.495093e6,-1.6110920373865316,-0.9181611211733337,TIME_LIMIT,108512,0,0,30,28
4,12,1.495679e6,-1.6110920373865316,-0.9181611211733337,TIME_LIMIT,108551,0,0,38,15
4,12,1.49622e6,-1.6110892135189199,-0.9181611211733337,TIME_LIMIT,108587,0,0,27,15
4,12,1.49679e6,-1.6110892135189199,-0.9181611211733337,TIME_LIMIT,108615,0,0,34,45
4,12,1.497331e6,-1.6110756097321828,-0.9181611211733337,TIME_LIMIT,108667,0,0,24,13
4,12,1.497989e6,-1.6110756097321828,-0.9181611211733337,TIME_LIMIT,108702,0,0,38,21
4,12,1.498702e6,-1.6110701302894777,-0.9181611211733337,TIME_LIMIT,108754,0,0,34,11
4,12,1.499408e6,-1.6110701302894777,-0.9181611211733337,TIME_LIMIT,108781,0,0,33,35
4,12,1.500071e6,-1.6110018966067845,-0.9181611211733337,TIME_LIMIT,108820,0,0,27,12
4,12,1.500668e6,-1.6110018966067845,-0.9181611211733337,TIME_LIMIT,108850,0,0,36,14
4,12,1.501302e6,-1.610896459028016,-0.9181611211733337,TIME_LIMIT,108898,0,0,24,10
4,12,1.501866e6,-1.610896459028016,-0.9181611211733337,TIME_LIMIT,108926,0,0,47,35
4,12,1.502467e6,-1.6108005922409896,-0.9181611211733337,TIME_LIMIT,108977,0,0,38,9
4,12,1.503014e6,-1.6108005922409896,-0.9181611211733337,TIME_LIMIT,109009,0,0,51,47
4,12,1.50363e6,-1.6107274943472765,-0.9181611211733337,TIME_LIMIT,109055,0,0,31,18
4,12,1.504173e6,-1.6107274943472765,-0.9181611211733337,TIME_LIMIT,109091,0,0,40,20
4,12,1.504714e6,-1.6106792008670456,-0.9181611211733337,TIME_LIMIT,109139,0,0,18,9
4,12,1.505331e6,-1.6106792008670456,-0.9181611211733337,TIME_LIMIT,109163,0,0,40,52
4,12,1.50589e6,-1.6106674997110166,-0.9181611211733337,TIME_LIMIT,109214,0,0,30,8
4,12,1.506479e6,-1.6106674997110166,-0.9181611211733337,TIME_LIMIT,109253,0,0,42,33
4,12,1.507048e6,-1.6106435044799579,-0.9181611211733337,TIME_LIMIT,109290,0,0,24,24
4,12,1.507458e6,-1.6106435044799579,-0.9181611211733337,TIME_LIMIT,109322,0,0,42,20
4,12,1.507998e6,-1.6106261864584255,-0.9181611211733337,TIME_LIMIT,109366,0,0,28,6
4,12,1.508566e6,-1.6106261864584255,-0.9181611211733337,TIME_LIMIT,109398,0,0,41,32
4,12,1.509106e6,-1.6105801033070202,-0.9181611211733337,TIME_LIMIT,109443,0,0,29,10
4,12,1.509718e6,-1.6105801033070202,-0.9181611211733337,TIME_LIMIT,109480,0,0,42,19
4,12,1.51028e6,-1.6105675815782847,-0.9181611211733337,TIME_LIMIT,109530,0,0,35,8
4,12,1.510868e6,-1.6105675815782847,-0.9181611211733337,TIME_LIMIT,109558,0,0,34,33
4,12,1.511437e6,-1.6105459503189816,-0.9181611211733337,TIME_LIMIT,109610,0,0,31,13
4,12,1.511994e6,-1.6105459503189816,-0.9181611211733337,TIME_LIMIT,109644,0,0,41,34
4,12,1.512566e6,-1.610542504864176,-0.9181611211733337,TIME_LIMIT,109695,0,0,27,17
4,12,1.513112e6,-1.610542504864176,-0.9181611211733337,TIME_LIMIT,109728,0,0,42,36
4,12,1.513741e6,-1.6105022619322604,-0.9181611211733337,TIME_LIMIT,109776,0,0,32,12
4,12,1.514282e6,-1.6105022619322604,-0.9181611211733337,TIME_LIMIT,109816,0,0,37,31
4,12,1.514784e6,-1.6104060821906883,-0.9181611211733337,TIME_LIMIT,109853,0,0,38,23
4,12,1.515353e6,-1.6104060821906883,-0.9181611211733337,TIME_LIMIT,109884,0,0,31,16
4,12,1.515895e6,-1.610383689984128,-0.9181611211733337,TIME_LIMIT,109931,0,0,24,18
4,12,1.516551e6,-1.610383689984128,-0.9181611211733337,TIME_LIMIT,109959,0,0,34,48
4,12,1.517261e6,-1.6103749139099133,-0.9181611211733337,TIME_LIMIT,110012,0,0,34,11
4,12,1.518014e6,-1.6103749139099133,-0.9181611211733337,TIME_LIMIT,110043,0,0,41,48
4,12,1.518667e6,-1.610315770181186,-0.9181611211733337,TIME_LIMIT,110097,0,0,31,13
4,12,1.519252e6,-1.610315770181186,-0.9181611211733337,TIME_LIMIT,110127,0,0,38,29
4,12,1.519846e6,-1.610273571213012,-0.9181611211733337,TIME_LIMIT,110183,0,0,33,7
4,12,1.520462e6,-1.610273571213012,-0.9181611211733337,TIME_LIMIT,110209,0,0,44,36
4,12,1.521042e6,-1.6102643210177303,-0.9181611211733337,TIME_LIMIT,110263,0,0,30,9
4,12,1.521605e6,-1.6102643210177303,-0.9181611211733337,TIME_LIMIT,110297,0,0,36,28
4,12,1.522209e6,-1.6102625187471225,-0.9181611211733337,TIME_LIMIT,110342,0,0,26,14
4,12,1.522602e6,-1.6102625187471225,-0.9181611211733337,TIME_LIMIT,110373,0,0,34,15
4,12,1.523169e6,-1.6102329155057609,-0.9181611211733337,TIME_LIMIT,110426,0,0,27,12
4,12,1.523602e6,-1.6102329155057609,-0.9181611211733337,TIME_LIMIT,110453,0,0,42,41
4,12,1.52422e6,-1.6102244414122395,-0.9181611211733337,TIME_LIMIT,110502,0,0,27,9
4,12,1.524762e6,-1.6102244414122395,-0.9181611211733337,TIME_LIMIT,110538,0,0,41,28
4,12,1.525349e6,-1.6101935142481636,-0.9181611211733337,TIME_LIMIT,110589,0,0,28,7
4,12,1.525886e6,-1.6101935142481636,-0.9181611211733337,TIME_LIMIT,110625,0,0,41,28
4,12,1.526496e6,-1.6101644733054652,-0.9181611211733337,TIME_LIMIT,110681,0,0,35,6
4,12,1.527053e6,-1.6101644733054652,-0.9181611211733337,TIME_LIMIT,110713,0,0,34,12
4,12,1.527515e6,-1.610160260308919,-0.9181611211733337,TIME_LIMIT,110764,0,0,26,7
4,12,1.528098e6,-1.610160260308919,-0.9181611211733337,TIME_LIMIT,110806,0,0,41,24
4,12,1.528687e6,-1.6101570361076016,-0.9181611211733337,TIME_LIMIT,110862,0,0,35,10
4,12,1.529256e6,-1.6101570361076016,-0.9181611211733337,TIME_LIMIT,110892,0,0,47,47
4,12,1.529815e6,-1.610152460438049,-0.9181611211733337,TIME_LIMIT,110947,0,0,35,10
4,12,1.530354e6,-1.610152460438049,-0.9181611211733337,TIME_LIMIT,110977,0,0,35,24
4,12,1.530971e6,-1.6101450280059972,-0.9181611211733337,TIME_LIMIT,111024,0,0,30,5
4,12,1.531526e6,-1.6101450280059972,-0.9181611211733337,TIME_LIMIT,111057,0,0,35,22
4,12,1.532094e6,-1.6101047173448153,-0.9181611211733337,TIME_LIMIT,111110,0,0,34,10
4,12,1.532635e6,-1.6101047173448153,-0.9181611211733337,TIME_LIMIT,111149,0,0,37,25
4,12,1.533204e6,-1.6099801619461447,-0.9181611211733337,TIME_LIMIT,111196,0,0,20,8
4,12,1.533912e6,-1.6099801619461447,-0.9181611211733337,TIME_LIMIT,111230,0,0,38,36
4,12,1.534644e6,-1.6099739772670325,-0.9181611211733337,TIME_LIMIT,111282,0,0,32,12
4,12,1.535382e6,-1.6099739772670325,-0.9181611211733337,TIME_LIMIT,111312,0,0,46,20
4,12,1.535964e6,-1.6097976535211562,-0.9181611211733337,TIME_LIMIT,111358,0,0,26,7
4,12,1.536571e6,-1.6097976535211562,-0.9181611211733337,TIME_LIMIT,111391,0,0,41,25
4,12,1.537161e6,-1.6097650950495246,-0.9181611211733337,TIME_LIMIT,111445,0,0,38,11
4,12,1.537751e6,-1.6097650950495246,-0.9181611211733337,TIME_LIMIT,111480,0,0,45,35
4,12,1.538303e6,-1.6097238974091848,-0.9181611211733337,TIME_LIMIT,111534,0,0,28,14
4,12,1.538919e6,-1.6097238974091848,-0.9181611211733337,TIME_LIMIT,111577,0,0,39,6
4,12,1.539476e6,-1.609704349754465,-0.9181611211733337,TIME_LIMIT,111608,0,0,26,17
4,12,1.540014e6,-1.609704349754465,-0.9181611211733337,TIME_LIMIT,111632,0,0,35,30
4,12,1.540633e6,-1.6096944618506694,-0.9181611211733337,TIME_LIMIT,111685,0,0,36,9
4,12,1.541173e6,-1.6096944618506694,-0.9181611211733337,TIME_LIMIT,111715,0,0,26,18
4,12,1.541545e6,-1.6096871367805492,-0.9181611211733337,TIME_LIMIT,111767,0,0,26,10
4,12,1.542086e6,-1.6096871367805492,-0.9181611211733337,TIME_LIMIT,111804,0,0,49,22
4,12,1.542701e6,-1.609674819165285,-0.9181611211733337,TIME_LIMIT,111865,0,0,37,16
4,12,1.543245e6,-1.609674819165285,-0.9181611211733337,TIME_LIMIT,111895,0,0,44,27
4,12,1.543831e6,-1.609580689390944,-0.9181611211733337,TIME_LIMIT,111945,0,0,25,7
4,12,1.544391e6,-1.609580689390944,-0.9181611211733337,TIME_LIMIT,111977,0,0,41,25
4,12,1.544975e6,-1.6095639452429178,-0.9181611211733337,TIME_LIMIT,112030,0,0,26,18
4,12,1.545545e6,-1.6095639452429178,-0.9181611211733337,TIME_LIMIT,112066,0,0,43,47
4,12,1.546084e6,-1.609518194589817,-0.9181611211733337,TIME_LIMIT,112116,0,0,33,15
4,12,1.546672e6,-1.609518194589817,-0.9181611211733337,TIME_LIMIT,112151,0,0,40,20
4,12,1.547236e6,-1.6094825740771483,-0.9181611211733337,TIME_LIMIT,112197,0,0,26,9
4,12,1.547828e6,-1.6094825740771483,-0.9181611211733337,TIME_LIMIT,112230,0,0,37,20
4,12,1.54839e6,-1.6094816705527113,-0.9181611211733337,TIME_LIMIT,112277,0,0,30,11
4,12,1.549008e6,-1.6094816705527113,-0.9181611211733337,TIME_LIMIT,112304,0,0,34,19
4,12,1.549566e6,-1.6094336365196977,-0.9181611211733337,TIME_LIMIT,112365,0,0,36,9
4,12,1.550104e6,-1.6094336365196977,-0.9181611211733337,TIME_LIMIT,112397,0,0,37,28
4,12,1.550666e6,-1.6093531249039992,-0.9181611211733337,TIME_LIMIT,112452,0,0,30,13
4,12,1.551206e6,-1.6093531249039992,-0.9181611211733337,TIME_LIMIT,112478,0,0,45,25
4,12,1.551806e6,-1.6093252854750484,-0.9181611211733337,TIME_LIMIT,112530,0,0,15,6
4,12,1.552582e6,-1.6093252854750484,-0.9181611211733337,TIME_LIMIT,112555,0,0,34,21
4,12,1.553301e6,-1.6093082401586125,-0.9181611211733337,TIME_LIMIT,112599,0,0,25,10
4,12,1.554011e6,-1.6093082401586125,-0.9181611211733337,TIME_LIMIT,112632,0,0,37,24
4,12,1.554589e6,-1.6092511437805144,-0.9181611211733337,TIME_LIMIT,112679,0,0,25,13
4,12,1.555192e6,-1.6092511437805144,-0.9181611211733337,TIME_LIMIT,112707,0,0,33,29
4,12,1.555776e6,-1.6092101160195553,-0.9181611211733337,TIME_LIMIT,112758,0,0,27,4
4,12,1.55637e6,-1.6092101160195553,-0.9181611211733337,TIME_LIMIT,112795,0,0,36,17
4,12,1.55695e6,-1.6092036857328231,-0.9181611211733337,TIME_LIMIT,112846,0,0,32,15
4,12,1.557499e6,-1.6092036857328231,-0.9181611211733337,TIME_LIMIT,112881,0,0,41,28
4,12,1.558073e6,-1.6091910917104593,-0.9181611211733337,TIME_LIMIT,112931,0,0,14,5
4,12,1.558684e6,-1.6091910917104593,-0.9181611211733337,TIME_LIMIT,112967,0,0,40,17
4,12,1.559272e6,-1.6091817997729858,-0.9181611211733337,TIME_LIMIT,113014,0,0,28,12
4,12,1.559834e6,-1.6091817997729858,-0.9181611211733337,TIME_LIMIT,113046,0,0,53,28
4,12,1.560457e6,-1.6091543646999544,-0.9181611211733337,TIME_LIMIT,113096,0,0,29,19
4,12,1.561063e6,-1.6091543646999544,-0.9181611211733337,TIME_LIMIT,113133,0,0,40,23
4,12,1.561599e6,-1.6091035746980067,-0.9181611211733337,TIME_LIMIT,113189,0,0,31,11
4,12,1.562067e6,-1.6091035746980067,-0.9181611211733337,TIME_LIMIT,113229,0,0,31,18
4,12,1.562636e6,-1.6090505648710596,-0.9181611211733337,TIME_LIMIT,113275,0,0,26,15
4,12,1.563197e6,-1.6090505648710596,-0.9181611211733337,TIME_LIMIT,113310,0,0,36,23
4,12,1.563762e6,-1.6090456955715342,-0.9181611211733337,TIME_LIMIT,113362,0,0,31,12
4,12,1.56458e6,-1.6090456955715342,-0.9181611211733337,TIME_LIMIT,113398,0,0,39,23
4,12,1.565288e6,-1.6090189983392675,-0.9181611211733337,TIME_LIMIT,113443,0,0,26,15
4,12,1.565939e6,-1.6090189983392675,-0.9181611211733337,TIME_LIMIT,113470,0,0,39,15
4,12,1.566512e6,-1.6089654833031999,-0.9181611211733337,TIME_LIMIT,113523,0,0,26,14
4,12,1.567104e6,-1.6089654833031999,-0.9181611211733337,TIME_LIMIT,113559,0,0,38,20
4,12,1.567683e6,-1.6089387470212135,-0.9181611211733337,TIME_LIMIT,113606,0,0,32,10
4,12,1.56824e6,-1.6089387470212135,-0.9181611211733337,TIME_LIMIT,113635,0,0,46,14
4,12,1.568855e6,-1.6089383565447923,-0.9181611211733337,TIME_LIMIT,113686,0,0,29,8
4,12,1.569311e6,-1.6089383565447923,-0.9181611211733337,TIME_LIMIT,113714,0,0,30,17
4,12,1.569851e6,-1.6089012634524065,-0.9181611211733337,TIME_LIMIT,113764,0,0,31,14
4,12,1.570496e6,-1.6089012634524065,-0.9181611211733337,TIME_LIMIT,113789,0,0,43,54
4,12,1.571058e6,-1.6088821680010883,-0.9181611211733337,TIME_LIMIT,113837,0,0,32,15
4,12,1.571635e6,-1.6088821680010883,-0.9181611211733337,TIME_LIMIT,113869,0,0,41,18
4,12,1.572173e6,-1.6088481806532622,-0.9181611211733337,TIME_LIMIT,113908,0,0,27,15
4,12,1.572748e6,-1.6088481806532622,-0.9181611211733337,TIME_LIMIT,113940,0,0,30,22
4,12,1.573325e6,-1.6088381923887836,-0.9181611211733337,TIME_LIMIT,113988,0,0,26,14
4,12,1.573864e6,-1.6088381923887836,-0.9181611211733337,TIME_LIMIT,114018,0,0,38,36
4,12,1.574454e6,-1.6088276263511403,-0.9181611211733337,TIME_LIMIT,114075,0,0,34,8
4,12,1.575043e6,-1.6088276263511403,-0.9181611211733337,TIME_LIMIT,114121,0,0,25,9
4,12,1.575615e6,-1.6087941594945798,-0.9181611211733337,TIME_LIMIT,114149,0,0,36,14
4,12,1.57617e6,-1.6087941594945798,-0.9181611211733337,TIME_LIMIT,114175,0,0,22,23
4,12,1.57671e6,-1.6087545018021228,-0.9181611211733337,TIME_LIMIT,114232,0,0,32,14
4,12,1.577328e6,-1.6087545018021228,-0.9181611211733337,TIME_LIMIT,114260,0,0,44,37
4,12,1.577872e6,-1.6087439004290216,-0.9181611211733337,TIME_LIMIT,114314,0,0,39,11
4,12,1.578454e6,-1.6087439004290216,-0.9181611211733337,TIME_LIMIT,114345,0,0,30,25
4,12,1.57901e6,-1.6086774853096997,-0.9181611211733337,TIME_LIMIT,114402,0,0,35,10
4,12,1.579604e6,-1.6086774853096997,-0.9181611211733337,TIME_LIMIT,114432,0,0,44,39
4,12,1.580146e6,-1.608660882107942,-0.9181611211733337,TIME_LIMIT,114486,0,0,35,11
4,12,1.580685e6,-1.608660882107942,-0.9181611211733337,TIME_LIMIT,114521,0,0,31,19
4,12,1.581255e6,-1.6086206827061218,-0.9181611211733337,TIME_LIMIT,114564,0,0,42,13
4,12,1.5818e6,-1.6086206827061218,-0.9181611211733337,TIME_LIMIT,114590,0,0,34,47
4,12,1.582547e6,-1.608484880051036,-0.9181611211733337,TIME_LIMIT,114640,0,0,32,18
4,12,1.583257e6,-1.608484880051036,-0.9181611211733337,TIME_LIMIT,114684,0,0,40,6
4,12,1.583976e6,-1.6084212311005621,-0.9181611211733337,TIME_LIMIT,114714,0,0,32,17
4,12,1.584574e6,-1.6084212311005621,-0.9181611211733337,TIME_LIMIT,114744,0,0,30,17
4,12,1.585169e6,-1.6083414047616589,-0.9181611211733337,TIME_LIMIT,114799,0,0,15,9
4,12,1.585769e6,-1.6083414047616589,-0.9181611211733337,TIME_LIMIT,114830,0,0,42,34
4,12,1.586327e6,-1.6082924850476343,-0.9181611211733337,TIME_LIMIT,114883,0,0,30,12
4,12,1.586907e6,-1.6082924850476343,-0.9181611211733337,TIME_LIMIT,114908,0,0,37,33
4,12,1.587514e6,-1.6082896234592374,-0.9181611211733337,TIME_LIMIT,114953,0,0,26,8
4,12,1.588029e6,-1.6082896234592374,-0.9181611211733337,TIME_LIMIT,114981,0,0,36,13
4,12,1.588612e6,-1.608282694391371,-0.9181611211733337,TIME_LIMIT,115028,0,0,27,4
4,12,1.589186e6,-1.608282694391371,-0.9181611211733337,TIME_LIMIT,115059,0,0,34,19
4,12,1.589752e6,-1.608256845823391,-0.9181611211733337,TIME_LIMIT,115113,0,0,36,16
4,12,1.590293e6,-1.608256845823391,-0.9181611211733337,TIME_LIMIT,115144,0,0,39,25
4,12,1.590905e6,-1.6082494418512043,-0.9181611211733337,TIME_LIMIT,115199,0,0,35,12
4,12,1.59147e6,-1.6082494418512043,-0.9181611211733337,TIME_LIMIT,115227,0,0,38,20
4,12,1.592008e6,-1.60823346073608,-0.9181611211733337,TIME_LIMIT,115277,0,0,31,10
4,12,1.59258e6,-1.60823346073608,-0.9181611211733337,TIME_LIMIT,115312,0,0,36,42
4,12,1.593156e6,-1.6081856236950036,-0.9181611211733337,TIME_LIMIT,115363,0,0,35,9
4,12,1.593737e6,-1.6081856236950036,-0.9181611211733337,TIME_LIMIT,115390,0,0,45,44
4,12,1.594278e6,-1.6081035288426788,-0.9181611211733337,TIME_LIMIT,115442,0,0,33,10
4,12,1.594871e6,-1.6081035288426788,-0.9181611211733337,TIME_LIMIT,115476,0,0,41,25
4,12,1.595461e6,-1.6079554725316811,-0.9181611211733337,TIME_LIMIT,115528,0,0,33,14
4,12,1.596022e6,-1.6079554725316811,-0.9181611211733337,TIME_LIMIT,115556,0,0,19,14
4,12,1.596627e6,-1.6078997681538199,-0.9181611211733337,TIME_LIMIT,115602,0,0,27,6
4,12,1.597169e6,-1.6078997681538199,-0.9181611211733337,TIME_LIMIT,115633,0,0,44,41
4,12,1.597736e6,-1.6078193294257481,-0.9181611211733337,TIME_LIMIT,115692,0,0,39,15
4,12,1.598393e6,-1.6078193294257481,-0.9181611211733337,TIME_LIMIT,115725,0,0,42,29
4,12,1.599142e6,-1.6077826838366183,-0.9181611211733337,TIME_LIMIT,115781,0,0,36,10
4,12,1.599854e6,-1.6077826838366183,-0.9181611211733337,TIME_LIMIT,115816,0,0,17,19
4,12,1.600491e6,-1.607768432755457,-0.9181611211733337,TIME_LIMIT,115872,0,0,35,11
4,12,1.6011e6,-1.607768432755457,-0.9181611211733337,TIME_LIMIT,115913,0,0,37,15
4,12,1.601691e6,-1.607697502597575,-0.9181611211733337,TIME_LIMIT,115952,0,0,36,9
4,12,1.602283e6,-1.607697502597575,-0.9181611211733337,TIME_LIMIT,115977,0,0,39,19
4,12,1.602834e6,-1.6076559235487209,-0.9181611211733337,TIME_LIMIT,116026,0,0,35,11
4,12,1.603424e6,-1.6076559235487209,-0.9181611211733337,TIME_LIMIT,116057,0,0,20,26
4,12,1.603993e6,-1.6076082024360465,-0.9181611211733337,TIME_LIMIT,116112,0,0,33,15
4,12,1.60457e6,-1.6076082024360465,-0.9181611211733337,TIME_LIMIT,116154,0,0,42,20
4,12,1.605186e6,-1.6075989213387702,-0.9181611211733337,TIME_LIMIT,116193,0,0,37,14
4,12,1.605726e6,-1.6075989213387702,-0.9181611211733337,TIME_LIMIT,116227,0,0,41,27
4,12,1.606295e6,-1.6075737690756655,-0.9181611211733337,TIME_LIMIT,116283,0,0,20,12
4,12,1.606836e6,-1.6075737690756655,-0.9181611211733337,TIME_LIMIT,116318,0,0,36,17
4,12,1.607419e6,-1.6075519214619503,-0.9181611211733337,TIME_LIMIT,116373,0,0,18,6
4,12,1.607987e6,-1.6075519214619503,-0.9181611211733337,TIME_LIMIT,116405,0,0,46,26
4,12,1.608544e6,-1.607516815961557,-0.9181611211733337,TIME_LIMIT,116459,0,0,36,10
4,12,1.609138e6,-1.607516815961557,-0.9181611211733337,TIME_LIMIT,116489,0,0,41,21
4,12,1.609721e6,-1.6075107730932885,-0.9181611211733337,TIME_LIMIT,116546,0,0,34,15
4,12,1.610308e6,-1.6075107730932885,-0.9181611211733337,TIME_LIMIT,116583,0,0,40,17
4,12,1.610848e6,-1.607472587858458,-0.9181611211733337,TIME_LIMIT,116629,0,0,28,13
4,12,1.611431e6,-1.607472587858458,-0.9181611211733337,TIME_LIMIT,116655,0,0,42,36
4,12,1.612023e6,-1.6074340126150013,-0.9181611211733337,TIME_LIMIT,116705,0,0,34,11
4,12,1.612564e6,-1.6074340126150013,-0.9181611211733337,TIME_LIMIT,116728,0,0,40,32
4,12,1.613129e6,-1.6073966386703797,-0.9181611211733337,TIME_LIMIT,116785,0,0,17,9
4,12,1.613713e6,-1.6073966386703797,-0.9181611211733337,TIME_LIMIT,116816,0,0,28,16
4,12,1.614279e6,-1.6073722362270435,-0.9181611211733337,TIME_LIMIT,116866,0,0,33,6
4,12,1.614817e6,-1.6073722362270435,-0.9181611211733337,TIME_LIMIT,116892,0,0,33,31
4,12,1.615355e6,-1.6073684878856007,-0.9181611211733337,TIME_LIMIT,116949,0,0,38,8
4,12,1.615928e6,-1.6073684878856007,-0.9181611211733337,TIME_LIMIT,116978,0,0,46,47
4,12,1.616554e6,-1.607362865116391,-0.9181611211733337,TIME_LIMIT,117037,0,0,37,14
4,12,1.617308e6,-1.607362865116391,-0.9181611211733337,TIME_LIMIT,117062,0,0,42,36
4,12,1.618051e6,-1.6073459459789108,-0.9181611211733337,TIME_LIMIT,117115,0,0,32,26
4,12,1.618682e6,-1.6073459459789108,-0.9181611211733337,TIME_LIMIT,117139,0,0,35,40
4,12,1.619325e6,-1.607342150860621,-0.9181611211733337,TIME_LIMIT,117185,0,0,23,18
4,12,1.619917e6,-1.607342150860621,-0.9181611211733337,TIME_LIMIT,117214,0,0,37,21
4,12,1.620518e6,-1.6073262044959353,-0.9181611211733337,TIME_LIMIT,117269,0,0,35,20
4,12,1.621073e6,-1.6073262044959353,-0.9181611211733337,TIME_LIMIT,117298,0,0,39,27
4,12,1.621714e6,-1.6073051956582385,-0.9181611211733337,TIME_LIMIT,117345,0,0,34,19
4,12,1.62226e6,-1.6073051956582385,-0.9181611211733337,TIME_LIMIT,117378,0,0,41,27
4,12,1.622815e6,-1.6072603271208048,-0.9181611211733337,TIME_LIMIT,117426,0,0,31,8
4,12,1.623434e6,-1.6072603271208048,-0.9181611211733337,TIME_LIMIT,117455,0,0,32,29
4,12,1.623972e6,-1.6072362271001104,-0.9181611211733337,TIME_LIMIT,117505,0,0,25,7
4,12,1.624544e6,-1.6072362271001104,-0.9181611211733337,TIME_LIMIT,117534,0,0,18,25
4,12,1.625086e6,-1.6072125415339962,-0.9181611211733337,TIME_LIMIT,117582,0,0,34,6
4,12,1.625722e6,-1.6072125415339962,-0.9181611211733337,TIME_LIMIT,117616,0,0,40,20
4,12,1.626263e6,-1.6072053550501681,-0.9181611211733337,TIME_LIMIT,117667,0,0,34,8
4,12,1.626805e6,-1.6072053550501681,-0.9181611211733337,TIME_LIMIT,117707,0,0,34,24
4,12,1.627391e6,-1.6071503650822714,-0.9181611211733337,TIME_LIMIT,117743,0,0,36,16
4,12,1.627936e6,-1.6071503650822714,-0.9181611211733337,TIME_LIMIT,117772,0,0,37,22
4,12,1.628602e6,-1.6071175663108002,-0.9181611211733337,TIME_LIMIT,117822,0,0,31,5
4,12,1.629313e6,-1.6071175663108002,-0.9181611211733337,TIME_LIMIT,117855,0,0,41,22
4,12,1.630019e6,-1.607113576628412,-0.9181611211733337,TIME_LIMIT,117903,0,0,29,15
4,12,1.630685e6,-1.607113576628412,-0.9181611211733337,TIME_LIMIT,117931,0,0,39,31
4,12,1.63127e6,-1.6071087641399242,-0.9181611211733337,TIME_LIMIT,117979,0,0,32,13
4,12,1.631904e6,-1.6071087641399242,-0.9181611211733337,TIME_LIMIT,118014,0,0,24,25
4,12,1.632475e6,-1.6070792559300489,-0.9181611211733337,TIME_LIMIT,118071,0,0,31,12
4,12,1.633077e6,-1.6070792559300489,-0.9181611211733337,TIME_LIMIT,118104,0,0,40,18
4,12,1.633655e6,-1.6070272438389412,-0.9181611211733337,TIME_LIMIT,118154,0,0,33,9
4,12,1.634233e6,-1.6070272438389412,-0.9181611211733337,TIME_LIMIT,118185,0,0,41,20
4,12,1.634814e6,-1.6069855168722071,-0.9181611211733337,TIME_LIMIT,118237,0,0,32,14
4,12,1.635402e6,-1.6069855168722071,-0.9181611211733337,TIME_LIMIT,118268,0,0,42,37
4,12,1.635971e6,-1.606920795179151,-0.9181611211733337,TIME_LIMIT,118316,0,0,32,11
4,12,1.63653e6,-1.606920795179151,-0.9181611211733337,TIME_LIMIT,118344,0,0,41,43
4,12,1.637096e6,-1.606844194178268,-0.9181611211733337,TIME_LIMIT,118389,0,0,23,10
4,12,1.637685e6,-1.606844194178268,-0.9181611211733337,TIME_LIMIT,118423,0,0,42,19
4,12,1.638246e6,-1.6068379761106975,-0.9181611211733337,TIME_LIMIT,118477,0,0,33,9
4,12,1.638836e6,-1.6068379761106975,-0.9181611211733337,TIME_LIMIT,118512,0,0,47,16
4,12,1.639374e6,-1.6068319682015235,-0.9181611211733337,TIME_LIMIT,118564,0,0,33,12
4,12,1.639984e6,-1.6068319682015235,-0.9181611211733337,TIME_LIMIT,118593,0,0,42,17
4,12,1.64058e6,-1.6068298160473085,-0.9181611211733337,TIME_LIMIT,118634,0,0,20,16
4,12,1.64113e6,-1.6068298160473085,-0.9181611211733337,TIME_LIMIT,118668,0,0,28,30
4,12,1.641712e6,-1.606824124617531,-0.9181611211733337,TIME_LIMIT,118718,0,0,18,9
4,12,1.642295e6,-1.606824124617531,-0.9181611211733337,TIME_LIMIT,118749,0,0,44,39
4,12,1.642865e6,-1.606764211416623,-0.9181611211733337,TIME_LIMIT,118797,0,0,29,11
4,12,1.643409e6,-1.606764211416623,-0.9181611211733337,TIME_LIMIT,118826,0,0,43,29
4,12,1.643991e6,-1.606740386457687,-0.9181611211733337,TIME_LIMIT,118872,0,0,29,6
4,12,1.644623e6,-1.606740386457687,-0.9181611211733337,TIME_LIMIT,118907,0,0,28,15
4,12,1.645169e6,-1.6067326331383862,-0.9181611211733337,TIME_LIMIT,118956,0,0,27,11
4,12,1.645753e6,-1.6067326331383862,-0.9181611211733337,TIME_LIMIT,118995,0,0,45,33
4,12,1.646308e6,-1.606714410217394,-0.9181611211733337,TIME_LIMIT,119048,0,0,27,6
4,12,1.646885e6,-1.606714410217394,-0.9181611211733337,TIME_LIMIT,119079,0,0,36,14
4,12,1.64744e6,-1.606677103401346,-0.9181611211733337,TIME_LIMIT,119129,0,0,27,12
4,12,1.648055e6,-1.606677103401346,-0.9181611211733337,TIME_LIMIT,119155,0,0,42,44
4,12,1.648773e6,-1.6066489586718473,-0.9181611211733337,TIME_LIMIT,119207,0,0,30,11
4,12,1.649461e6,-1.6066489586718473,-0.9181611211733337,TIME_LIMIT,119240,0,0,40,28
4,12,1.650144e6,-1.6066135995545132,-0.9181611211733337,TIME_LIMIT,119292,0,0,36,21
4,12,1.650723e6,-1.6066135995545132,-0.9181611211733337,TIME_LIMIT,119320,0,0,44,47
4,12,1.651295e6,-1.6065309653973103,-0.9181611211733337,TIME_LIMIT,119375,0,0,27,12
4,12,1.651897e6,-1.6065309653973103,-0.9181611211733337,TIME_LIMIT,119406,0,0,41,40
4,12,1.652451e6,-1.6065253401989872,-0.9181611211733337,TIME_LIMIT,119463,0,0,38,11
4,12,1.653037e6,-1.6065253401989872,-0.9181611211733337,TIME_LIMIT,119493,0,0,33,32
4,12,1.653622e6,-1.6065187301474906,-0.9181611211733337,TIME_LIMIT,119537,0,0,29,11
4,12,1.654199e6,-1.6065187301474906,-0.9181611211733337,TIME_LIMIT,119573,0,0,40,40
4,12,1.654764e6,-1.606440033167003,-0.9181611211733337,TIME_LIMIT,119626,0,0,30,17
4,12,1.655363e6,-1.606440033167003,-0.9181611211733337,TIME_LIMIT,119663,0,0,47,30
4,12,1.655952e6,-1.6064351547382627,-0.9181611211733337,TIME_LIMIT,119715,0,0,35,18
4,12,1.656513e6,-1.6064351547382627,-0.9181611211733337,TIME_LIMIT,119746,0,0,39,25
4,12,1.657098e6,-1.6064171652353902,-0.9181611211733337,TIME_LIMIT,119794,0,0,35,10
4,12,1.657707e6,-1.6064171652353902,-0.9181611211733337,TIME_LIMIT,119825,0,0,51,25
4,12,1.658276e6,-1.6064134801458454,-0.9181611211733337,TIME_LIMIT,119880,0,0,36,22
4,12,1.658874e6,-1.6064134801458454,-0.9181611211733337,TIME_LIMIT,119906,0,0,33,23
4,12,1.65942e6,-1.6063897786656256,-0.9181611211733337,TIME_LIMIT,119952,0,0,30,6
4,12,1.660029e6,-1.6063897786656256,-0.9181611211733337,TIME_LIMIT,119981,0,0,48,40
4,12,1.660591e6,-1.6063580246106564,-0.9181611211733337,TIME_LIMIT,120029,0,0,28,17
4,12,1.661098e6,-1.6063580246106564,-0.9181611211733337,TIME_LIMIT,120065,0,0,47,33
4,12,1.661693e6,-1.6063352891375395,-0.9181611211733337,TIME_LIMIT,120108,0,0,29,10
4,12,1.662264e6,-1.6063352891375395,-0.9181611211733337,TIME_LIMIT,120133,0,0,40,67
4,12,1.66287e6,-1.606299826991089,-0.9181611211733337,TIME_LIMIT,120191,0,0,31,13
4,12,1.663414e6,-1.606299826991089,-0.9181611211733337,TIME_LIMIT,120217,0,0,40,37
4,12,1.663984e6,-1.6062668400536333,-0.9181611211733337,TIME_LIMIT,120267,0,0,35,11
4,12,1.664597e6,-1.6062668400536333,-0.9181611211733337,TIME_LIMIT,120294,0,0,46,23
4,12,1.665167e6,-1.6062591283732306,-0.9181611211733337,TIME_LIMIT,120349,0,0,32,17
4,12,1.66576e6,-1.6062591283732306,-0.9181611211733337,TIME_LIMIT,120382,0,0,42,21
4,12,1.666302e6,-1.6062449227339073,-0.9181611211733337,TIME_LIMIT,120432,0,0,27,16
4,12,1.666849e6,-1.6062449227339073,-0.9181611211733337,TIME_LIMIT,120463,0,0,50,40
4,12,1.667596e6,-1.6062350194906654,-0.9181611211733337,TIME_LIMIT,120513,0,0,29,15
4,12,1.66831e6,-1.6062350194906654,-0.9181611211733337,TIME_LIMIT,120539,0,0,43,27
4,12,1.66907e6,-1.6062189656823465,-0.9181611211733337,TIME_LIMIT,120591,0,0,27,14
4,12,1.669671e6,-1.6062189656823465,-0.9181611211733337,TIME_LIMIT,120620,0,0,46,37
4,12,1.670275e6,-1.606112179603173,-0.9181611211733337,TIME_LIMIT,120677,0,0,34,8
4,12,1.670857e6,-1.606112179603173,-0.9181611211733337,TIME_LIMIT,120713,0,0,51,31
4,12,1.671411e6,-1.6060894099647727,-0.9181611211733337,TIME_LIMIT,120766,0,0,33,12
4,12,1.671988e6,-1.6060894099647727,-0.9181611211733337,TIME_LIMIT,120802,0,0,39,10
4,12,1.672541e6,-1.6060854563052402,-0.9181611211733337,TIME_LIMIT,120840,0,0,27,7
4,12,1.673196e6,-1.6060854563052402,-0.9181611211733337,TIME_LIMIT,120879,0,0,40,28
4,12,1.673736e6,-1.6060812981757444,-0.9181611211733337,TIME_LIMIT,120934,0,0,34,20
4,12,1.674014e6,-1.6060812981757444,-0.9181611211733337,TIME_LIMIT,120962,0,0,40,36
4,12,1.674612e6,-1.60601559219095,-0.9181611211733337,TIME_LIMIT,121014,0,0,15,6
4,12,1.675186e6,-1.60601559219095,-0.9181611211733337,TIME_LIMIT,121046,0,0,34,19
4,12,1.67574e6,-1.6059945925456074,-0.9181611211733337,TIME_LIMIT,121103,0,0,39,11
4,12,1.676334e6,-1.6059945925456074,-0.9181611211733337,TIME_LIMIT,121129,0,0,28,32
4,12,1.676923e6,-1.605978852158802,-0.9181611211733337,TIME_LIMIT,121175,0,0,30,5
4,12,1.677509e6,-1.605978852158802,-0.9181611211733337,TIME_LIMIT,121204,0,0,23,19
4,12,1.678072e6,-1.6059771071072158,-0.9181611211733337,TIME_LIMIT,121252,0,0,26,9
4,12,1.678641e6,-1.6059771071072158,-0.9181611211733337,TIME_LIMIT,121282,0,0,35,47
4,12,1.679232e6,-1.605945917737677,-0.9181611211733337,TIME_LIMIT,121333,0,0,29,23
4,12,1.679773e6,-1.605945917737677,-0.9181611211733337,TIME_LIMIT,121363,0,0,47,38
4,12,1.680341e6,-1.605942413837616,-0.9181611211733337,TIME_LIMIT,121405,0,0,29,22
4,12,1.680917e6,-1.605942413837616,-0.9181611211733337,TIME_LIMIT,121433,0,0,43,13
4,12,1.681534e6,-1.6058793596832133,-0.9181611211733337,TIME_LIMIT,121483,0,0,26,9
4,12,1.682077e6,-1.6058793596832133,-0.9181611211733337,TIME_LIMIT,121524,0,0,35,16
4,12,1.682615e6,-1.6058477370170026,-0.9181611211733337,TIME_LIMIT,121575,0,0,33,16
4,12,1.683184e6,-1.6058477370170026,-0.9181611211733337,TIME_LIMIT,121606,0,0,48,35
4,12,1.683766e6,-1.6058396354403173,-0.9181611211733337,TIME_LIMIT,121658,0,0,34,15
4,12,1.684354e6,-1.6058396354403173,-0.9181611211733337,TIME_LIMIT,121684,0,0,43,24
4,12,1.684933e6,-1.605826743747047,-0.9181611211733337,TIME_LIMIT,121735,0,0,32,18
4,12,1.685491e6,-1.605826743747047,-0.9181611211733337,TIME_LIMIT,121761,0,0,22,3
4,12,1.686083e6,-1.6058030669460994,-0.9181611211733337,TIME_LIMIT,121817,0,0,40,8
4,12,1.686789e6,-1.6058030669460994,-0.9181611211733337,TIME_LIMIT,121851,0,0,41,23
4,12,1.687537e6,-1.6057656033007615,-0.9181611211733337,TIME_LIMIT,121900,0,0,19,17
4,12,1.688146e6,-1.6057656033007615,-0.9181611211733337,TIME_LIMIT,121930,0,0,27,12
4,12,1.688752e6,-1.6057401207093527,-0.9181611211733337,TIME_LIMIT,121975,0,0,29,18
4,12,1.689382e6,-1.6057401207093527,-0.9181611211733337,TIME_LIMIT,122005,0,0,43,28
4,12,1.689951e6,-1.6057256438193528,-0.9181611211733337,TIME_LIMIT,122057,0,0,28,7
4,12,1.690515e6,-1.6057256438193528,-0.9181611211733337,TIME_LIMIT,122093,0,0,64,48
4,12,1.691097e6,-1.6057249234431632,-0.9181611211733337,TIME_LIMIT,122156,0,0,38,18
4,12,1.691717e6,-1.6057249234431632,-0.9181611211733337,TIME_LIMIT,122183,0,0,21,7
4,12,1.692301e6,-1.6057159895609927,-0.9181611211733337,TIME_LIMIT,122231,0,0,28,11
4,12,1.692843e6,-1.6057159895609927,-0.9181611211733337,TIME_LIMIT,122270,0,0,38,42
4,12,1.693434e6,-1.6057102697703232,-0.9181611211733337,TIME_LIMIT,122319,0,0,30,21
4,12,1.694033e6,-1.6057102697703232,-0.9181611211733337,TIME_LIMIT,122358,0,0,38,30
4,12,1.694599e6,-1.6057099558957033,-0.9181611211733337,TIME_LIMIT,122396,0,0,27,15
4,12,1.695213e6,-1.6057099558957033,-0.9181611211733337,TIME_LIMIT,122430,0,0,43,13
4,12,1.695794e6,-1.6056678407242184,-0.9181611211733337,TIME_LIMIT,122483,0,0,30,8
4,12,1.696357e6,-1.6056678407242184,-0.9181611211733337,TIME_LIMIT,122520,0,0,24,20
4,12,1.696925e6,-1.6056010959678797,-0.9181611211733337,TIME_LIMIT,122571,0,0,29,7
4,12,1.697496e6,-1.6056010959678797,-0.9181611211733337,TIME_LIMIT,122602,0,0,50,31
4,12,1.69811e6,-1.6055783345617418,-0.9181611211733337,TIME_LIMIT,122652,0,0,17,9
4,12,1.698651e6,-1.6055783345617418,-0.9181611211733337,TIME_LIMIT,122687,0,0,41,22
4,12,1.699193e6,-1.6055025286521407,-0.9181611211733337,TIME_LIMIT,122740,0,0,34,13
4,12,1.699811e6,-1.6055025286521407,-0.9181611211733337,TIME_LIMIT,122772,0,0,54,74
4,12,1.700357e6,-1.6054681097815844,-0.9181611211733337,TIME_LIMIT,122826,0,0,31,28
4,12,1.700954e6,-1.6054681097815844,-0.9181611211733337,TIME_LIMIT,122859,0,0,40,21
4,12,1.701317e6,-1.6054498968574902,-0.9181611211733337,TIME_LIMIT,122915,0,0,37,8
4,12,1.701931e6,-1.6054498968574902,-0.9181611211733337,TIME_LIMIT,122945,0,0,38,18
4,12,1.702473e6,-1.605431416087581,-0.9181611211733337,TIME_LIMIT,122992,0,0,26,11
4,12,1.703035e6,-1.605431416087581,-0.9181611211733337,TIME_LIMIT,123023,0,0,43,51
4,12,1.703604e6,-1.6053857052241935,-0.9181611211733337,TIME_LIMIT,123071,0,0,30,14
4,12,1.704034e6,-1.6053857052241935,-0.9181611211733337,TIME_LIMIT,123102,0,0,42,30
4,12,1.704585e6,-1.6053385337394577,-0.9181611211733337,TIME_LIMIT,123153,0,0,36,8
4,12,1.705337e6,-1.6053385337394577,-0.9181611211733337,TIME_LIMIT,123190,0,0,54,58
4,12,1.706047e6,-1.6052718648794901,-0.9181611211733337,TIME_LIMIT,123242,0,0,20,13
4,12,1.706731e6,-1.6052718648794901,-0.9181611211733337,TIME_LIMIT,123268,0,0,55,53
4,12,1.70737e6,-1.6052234820688929,-0.9181611211733337,TIME_LIMIT,123324,0,0,33,14
4,12,1.707946e6,-1.6052234820688929,-0.9181611211733337,TIME_LIMIT,123353,0,0,42,15
4,12,1.708545e6,-1.605223186070158,-0.9181611211733337,TIME_LIMIT,123401,0,0,31,6
4,12,1.709106e6,-1.605223186070158,-0.9181611211733337,TIME_LIMIT,123436,0,0,42,28
4,12,1.709657e6,-1.605183717982427,-0.9181611211733337,TIME_LIMIT,123487,0,0,33,21
4,12,1.710298e6,-1.605183717982427,-0.9181611211733337,TIME_LIMIT,123522,0,0,43,37
4,12,1.71084e6,-1.6051310144865856,-0.9181611211733337,TIME_LIMIT,123574,0,0,29,7
4,12,1.711374e6,-1.6051310144865856,-0.9181611211733337,TIME_LIMIT,123606,0,0,41,21
4,12,1.712006e6,-1.6051287147634223,-0.9181611211733337,TIME_LIMIT,123655,0,0,32,4
4,12,1.712568e6,-1.6051287147634223,-0.9181611211733337,TIME_LIMIT,123683,0,0,33,18
4,12,1.713144e6,-1.605098441842735,-0.9181611211733337,TIME_LIMIT,123738,0,0,28,18
4,12,1.713702e6,-1.605098441842735,-0.9181611211733337,TIME_LIMIT,123764,0,0,39,15
4,12,1.7143e6,-1.6050623544914782,-0.9181611211733337,TIME_LIMIT,123822,0,0,38,8
4,12,1.714877e6,-1.6050623544914782,-0.9181611211733337,TIME_LIMIT,123855,0,0,36,20
4,12,1.715417e6,-1.6050202215588518,-0.9181611211733337,TIME_LIMIT,123906,0,0,33,8
4,12,1.716008e6,-1.6050202215588518,-0.9181611211733337,TIME_LIMIT,123935,0,0,41,42
4,12,1.716604e6,-1.6050157696284442,-0.9181611211733337,TIME_LIMIT,123979,0,0,27,7
4,12,1.717174e6,-1.6050157696284442,-0.9181611211733337,TIME_LIMIT,124013,0,0,49,40
4,12,1.717765e6,-1.6049508902130982,-0.9181611211733337,TIME_LIMIT,124063,0,0,28,19
4,12,1.718336e6,-1.6049508902130982,-0.9181611211733337,TIME_LIMIT,124099,0,0,40,35
4,12,1.71893e6,-1.6049116567957207,-0.9181611211733337,TIME_LIMIT,124154,0,0,36,10
4,12,1.719469e6,-1.6049116567957207,-0.9181611211733337,TIME_LIMIT,124184,0,0,43,27
4,12,1.720031e6,-1.6048766280441047,-0.9181611211733337,TIME_LIMIT,124232,0,0,25,7
4,12,1.72065e6,-1.6048766280441047,-0.9181611211733337,TIME_LIMIT,124263,0,0,38,11
4,12,1.721241e6,-1.6048613692879894,-0.9181611211733337,TIME_LIMIT,124313,0,0,30,8
4,12,1.721835e6,-1.6048613692879894,-0.9181611211733337,TIME_LIMIT,124345,0,0,27,27
4,12,1.722398e6,-1.6048026661897241,-0.9181611211733337,TIME_LIMIT,124390,0,0,17,11
4,12,1.722951e6,-1.6048026661897241,-0.9181611211733337,TIME_LIMIT,124424,0,0,33,17
4,12,1.723599e6,-1.6047978061630714,-0.9181611211733337,TIME_LIMIT,124462,0,0,35,9
4,12,1.724301e6,-1.6047978061630714,-0.9181611211733337,TIME_LIMIT,124489,0,0,38,21
4,12,1.725097e6,-1.6047660669817458,-0.9181611211733337,TIME_LIMIT,124539,0,0,30,10
4,12,1.725766e6,-1.6047660669817458,-0.9181611211733337,TIME_LIMIT,124576,0,0,48,31
4,12,1.726355e6,-1.604764670392517,-0.9181611211733337,TIME_LIMIT,124621,0,0,25,7
4,12,1.726988e6,-1.604764670392517,-0.9181611211733337,TIME_LIMIT,124656,0,0,41,27
4,12,1.727578e6,-1.6046930542962377,-0.9181611211733337,TIME_LIMIT,124704,0,0,29,8
4,12,1.728164e6,-1.6046930542962377,-0.9181611211733337,TIME_LIMIT,124735,0,0,47,21
4,12,1.728764e6,-1.6046354498819864,-0.9181611211733337,TIME_LIMIT,124790,0,0,34,12
4,12,1.729334e6,-1.6046354498819864,-0.9181611211733337,TIME_LIMIT,124817,0,0,39,24
4,12,1.729906e6,-1.6046207150004432,-0.9181611211733337,TIME_LIMIT,124871,0,0,35,10
4,12,1.730521e6,-1.6046207150004432,-0.9181611211733337,TIME_LIMIT,124911,0,0,35,40
4,12,1.73109e6,-1.6046078785776028,-0.9181611211733337,TIME_LIMIT,124942,0,0,34,21
4,12,1.731634e6,-1.6046078785776028,-0.9181611211733337,TIME_LIMIT,124973,0,0,44,18
4,12,1.732172e6,-1.6045868989804573,-0.9181611211733337,TIME_LIMIT,125027,0,0,35,9
4,12,1.732788e6,-1.6045868989804573,-0.9181611211733337,TIME_LIMIT,125059,0,0,50,63
4,12,1.73333e6,-1.6045382487984419,-0.9181611211733337,TIME_LIMIT,125111,0,0,28,10
4,12,1.733683e6,-1.6045382487984419,-0.9181611211733337,TIME_LIMIT,125140,0,0,41,17
4,12,1.734224e6,-1.6045282861442915,-0.9181611211733337,TIME_LIMIT,125191,0,0,16,6
4,12,1.734793e6,-1.6045282861442915,-0.9181611211733337,TIME_LIMIT,125222,0,0,41,23
4,12,1.735384e6,-1.6045237952596132,-0.9181611211733337,TIME_LIMIT,125267,0,0,29,12
4,12,1.735924e6,-1.6045237952596132,-0.9181611211733337,TIME_LIMIT,125301,0,0,42,27
4,12,1.736491e6,-1.6045155022556312,-0.9181611211733337,TIME_LIMIT,125350,0,0,29,11
4,12,1.737069e6,-1.6045155022556312,-0.9181611211733337,TIME_LIMIT,125382,0,0,38,40
4,12,1.737617e6,-1.6044316433036254,-0.9181611211733337,TIME_LIMIT,125429,0,0,26,14
4,12,1.738183e6,-1.6044316433036254,-0.9181611211733337,TIME_LIMIT,125457,0,0,36,18
4,12,1.738723e6,-1.6044288968637366,-0.9181611211733337,TIME_LIMIT,125506,0,0,28,11
4,12,1.739338e6,-1.6044288968637366,-0.9181611211733337,TIME_LIMIT,125540,0,0,28,22
4,12,1.739881e6,-1.6044195695073753,-0.9181611211733337,TIME_LIMIT,125593,0,0,35,13
4,12,1.740438e6,-1.6044195695073753,-0.9181611211733337,TIME_LIMIT,125623,0,0,33,28
4,12,1.741011e6,-1.6044098905942605,-0.9181611211733337,TIME_LIMIT,125673,0,0,33,9
4,12,1.741575e6,-1.6044098905942605,-0.9181611211733337,TIME_LIMIT,125703,0,0,44,40
4,12,1.742275e6,-1.6043888351048952,-0.9181611211733337,TIME_LIMIT,125748,0,0,25,11
4,12,1.74302e6,-1.6043888351048952,-0.9181611211733337,TIME_LIMIT,125780,0,0,33,28
4,12,1.743739e6,-1.6043880114545062,-0.9181611211733337,TIME_LIMIT,125832,0,0,33,10
4,12,1.744415e6,-1.6043880114545062,-0.9181611211733337,TIME_LIMIT,125869,0,0,43,19
4,12,1.744994e6,-1.6043626580701107,-0.9181611211733337,TIME_LIMIT,125912,0,0,29,15
4,12,1.745597e6,-1.6043626580701107,-0.9181611211733337,TIME_LIMIT,125942,0,0,45,37
4,12,1.74616e6,-1.6043402101129483,-0.9181611211733337,TIME_LIMIT,125996,0,0,34,19
4,12,1.746716e6,-1.6043402101129483,-0.9181611211733337,TIME_LIMIT,126031,0,0,44,24
4,12,1.747293e6,-1.6042800465151759,-0.9181611211733337,TIME_LIMIT,126082,0,0,33,10
4,12,1.747886e6,-1.6042800465151759,-0.9181611211733337,TIME_LIMIT,126116,0,0,38,33
4,12,1.748456e6,-1.6042767750211824,-0.9181611211733337,TIME_LIMIT,126172,0,0,38,14
4,12,1.749001e6,-1.6042767750211824,-0.9181611211733337,TIME_LIMIT,126206,0,0,40,41
4,12,1.749588e6,-1.604246678252762,-0.9181611211733337,TIME_LIMIT,126263,0,0,37,15
4,12,1.750157e6,-1.604246678252762,-0.9181611211733337,TIME_LIMIT,126301,0,0,52,21
4,12,1.750698e6,-1.6041977756832912,-0.9181611211733337,TIME_LIMIT,126350,0,0,33,12
4,12,1.751271e6,-1.6041977756832912,-0.9181611211733337,TIME_LIMIT,126374,0,0,37,33
4,12,1.751876e6,-1.6041939201723088,-0.9181611211733337,TIME_LIMIT,126430,0,0,34,10
4,12,1.752434e6,-1.6041939201723088,-0.9181611211733337,TIME_LIMIT,126460,0,0,43,30
4,12,1.753002e6,-1.6041784640432795,-0.9181611211733337,TIME_LIMIT,126513,0,0,36,7
4,12,1.753562e6,-1.6041784640432795,-0.9181611211733337,TIME_LIMIT,126547,0,0,41,22
4,12,1.754178e6,-1.6041413328712315,-0.9181611211733337,TIME_LIMIT,126602,0,0,30,19
4,12,1.754741e6,-1.6041413328712315,-0.9181611211733337,TIME_LIMIT,126632,0,0,33,40
4,12,1.7553e6,-1.6041376491008204,-0.9181611211733337,TIME_LIMIT,126692,0,0,36,13
4,12,1.755907e6,-1.6041376491008204,-0.9181611211733337,TIME_LIMIT,126719,0,0,40,13
4,12,1.756482e6,-1.6041327494963664,-0.9181611211733337,TIME_LIMIT,126765,0,0,13,1
4,12,1.757075e6,-1.6041327494963664,-0.9181611211733337,TIME_LIMIT,126797,0,0,35,28
4,12,1.757631e6,-1.6041177797107995,-0.9181611211733337,TIME_LIMIT,126847,0,0,27,12
4,12,1.75822e6,-1.6041177797107995,-0.9181611211733337,TIME_LIMIT,126877,0,0,40,24
4,12,1.758789e6,-1.6041124688644535,-0.9181611211733337,TIME_LIMIT,126930,0,0,34,13
4,12,1.75933e6,-1.6041124688644535,-0.9181611211733337,TIME_LIMIT,126958,0,0,43,74
4,12,1.759899e6,-1.6041110951181643,-0.9181611211733337,TIME_LIMIT,127012,0,0,18,15
4,12,1.760442e6,-1.6041110951181643,-0.9181611211733337,TIME_LIMIT,127041,0,0,35,24
4,12,1.761156e6,-1.6041030955152802,-0.9181611211733337,TIME_LIMIT,127089,0,0,27,12
4,12,1.761938e6,-1.6041030955152802,-0.9181611211733337,TIME_LIMIT,127127,0,0,32,23
4,12,1.762651e6,-1.6040930672089755,-0.9181611211733337,TIME_LIMIT,127172,0,0,30,11
4,12,1.763245e6,-1.6040930672089755,-0.9181611211733337,TIME_LIMIT,127208,0,0,42,47
4,12,1.763853e6,-1.6040119083098237,-0.9181611211733337,TIME_LIMIT,127259,0,0,31,21
4,12,1.764419e6,-1.6040119083098237,-0.9181611211733337,TIME_LIMIT,127293,0,0,43,26
4,12,1.765052e6,-1.6039801658385093,-0.9181611211733337,TIME_LIMIT,127340,0,0,29,17
4,12,1.765613e6,-1.6039801658385093,-0.9181611211733337,TIME_LIMIT,127377,0,0,38,15
4,12,1.766182e6,-1.6039589864165344,-0.9181611211733337,TIME_LIMIT,127425,0,0,31,9
4,12,1.766778e6,-1.6039589864165344,-0.9181611211733337,TIME_LIMIT,127467,0,0,36,17
4,12,1.76728e6,-1.603920614399468,-0.9181611211733337,TIME_LIMIT,127512,0,0,48,16
4,12,1.767848e6,-1.603920614399468,-0.9181611211733337,TIME_LIMIT,127544,0,0,32,23
4,12,1.768437e6,-1.6038941912143236,-0.9181611211733337,TIME_LIMIT,127592,0,0,29,13
4,12,1.768995e6,-1.6038941912143236,-0.9181611211733337,TIME_LIMIT,127628,0,0,44,29
4,12,1.769563e6,-1.6038905476763388,-0.9181611211733337,TIME_LIMIT,127677,0,0,32,15
4,12,1.770134e6,-1.6038905476763388,-0.9181611211733337,TIME_LIMIT,127710,0,0,34,43
4,12,1.770718e6,-1.603879913276516,-0.9181611211733337,TIME_LIMIT,127757,0,0,31,6
4,12,1.771297e6,-1.603879913276516,-0.9181611211733337,TIME_LIMIT,127793,0,0,36,21
4,12,1.771836e6,-1.6038762293295992,-0.9181611211733337,TIME_LIMIT,127845,0,0,28,7
4,12,1.772449e6,-1.6038762293295992,-0.9181611211733337,TIME_LIMIT,127884,0,0,30,23
4,12,1.772989e6,-1.6038736222363783,-0.9181611211733337,TIME_LIMIT,127922,0,0,33,31
4,12,1.773485e6,-1.6038736222363783,-0.9181611211733337,TIME_LIMIT,127959,0,0,46,22
4,12,1.774055e6,-1.6038596154289575,-0.9181611211733337,TIME_LIMIT,128010,0,0,29,13
4,12,1.774379e6,-1.6038596154289575,-0.9181611211733337,TIME_LIMIT,128041,0,0,32,19
4,12,1.774918e6,-1.6038027818402858,-0.9181611211733337,TIME_LIMIT,128087,0,0,29,13
4,12,1.775671e6,-1.6038027818402858,-0.9181611211733337,TIME_LIMIT,128121,0,0,40,26
4,12,1.776381e6,-1.6037945468112382,-0.9181611211733337,TIME_LIMIT,128170,0,0,33,19
4,12,1.777134e6,-1.6037945468112382,-0.9181611211733337,TIME_LIMIT,128204,0,0,37,38
4,12,1.777724e6,-1.6037905864466224,-0.9181611211733337,TIME_LIMIT,128258,0,0,33,14
4,12,1.778188e6,-1.6037905864466224,-0.9181611211733337,TIME_LIMIT,128285,0,0,37,12
4,12,1.778608e6,-1.6037089816750447,-0.9181611211733337,TIME_LIMIT,128331,0,0,30,8
4,12,1.779209e6,-1.6037089816750447,-0.9181611211733337,TIME_LIMIT,128365,0,0,36,9
4,12,1.779765e6,-1.6037053631379985,-0.9181611211733337,TIME_LIMIT,128401,0,0,31,5
4,12,1.780371e6,-1.6037053631379985,-0.9181611211733337,TIME_LIMIT,128427,0,0,43,26
4,12,1.780958e6,-1.6037048553538684,-0.9181611211733337,TIME_LIMIT,128475,0,0,32,13
4,12,1.781499e6,-1.6037048553538684,-0.9181611211733337,TIME_LIMIT,128510,0,0,33,33
4,12,1.78212e6,-1.6036968489990815,-0.9181611211733337,TIME_LIMIT,128565,0,0,33,22
4,12,1.782663e6,-1.6036968489990815,-0.9181611211733337,TIME_LIMIT,128604,0,0,40,35
4,12,1.783228e6,-1.603651159961981,-0.9181611211733337,TIME_LIMIT,128655,0,0,18,5
4,12,1.783769e6,-1.603651159961981,-0.9181611211733337,TIME_LIMIT,128685,0,0,41,26
4,12,1.784369e6,-1.6036228190352226,-0.9181611211733337,TIME_LIMIT,128737,0,0,32,8
4,12,1.78495e6,-1.6036228190352226,-0.9181611211733337,TIME_LIMIT,128776,0,0,44,14
4,12,1.785519e6,-1.6035780552349246,-0.9181611211733337,TIME_LIMIT,128831,0,0,42,15
4,12,1.786089e6,-1.6035780552349246,-0.9181611211733337,TIME_LIMIT,128871,0,0,40,18
4,12,1.786697e6,-1.603550463088166,-0.9181611211733337,TIME_LIMIT,128926,0,0,36,10
4,12,1.787235e6,-1.603550463088166,-0.9181611211733337,TIME_LIMIT,128952,0,0,46,50
4,12,1.787808e6,-1.6035475163776007,-0.9181611211733337,TIME_LIMIT,129008,0,0,33,11
4,12,1.788192e6,-1.6035475163776007,-0.9181611211733337,TIME_LIMIT,129034,0,0,39,13
4,12,1.788812e6,-1.6035261983643168,-0.9181611211733337,TIME_LIMIT,129083,0,0,33,12
4,12,1.789353e6,-1.6035261983643168,-0.9181611211733337,TIME_LIMIT,129114,0,0,38,54
4,12,1.789923e6,-1.6035110005194653,-0.9181611211733337,TIME_LIMIT,129163,0,0,30,16
4,12,1.790464e6,-1.6035110005194653,-0.9181611211733337,TIME_LIMIT,129191,0,0,44,19
4,12,1.791053e6,-1.6034787000656532,-0.9181611211733337,TIME_LIMIT,129241,0,0,25,11
4,12,1.791627e6,-1.6034787000656532,-0.9181611211733337,TIME_LIMIT,129271,0,0,37,42
4,12,1.792185e6,-1.6034779821465726,-0.9181611211733337,TIME_LIMIT,129325,0,0,34,9
4,12,1.792778e6,-1.6034779821465726,-0.9181611211733337,TIME_LIMIT,129356,0,0,36,50
4,12,1.793317e6,-1.6034654686379017,-0.9181611211733337,TIME_LIMIT,129406,0,0,30,9
4,12,1.793986e6,-1.6034654686379017,-0.9181611211733337,TIME_LIMIT,129432,0,0,32,11
4,12,1.794739e6,-1.6034590183902895,-0.9181611211733337,TIME_LIMIT,129490,0,0,34,9
4,12,1.795477e6,-1.6034590183902895,-0.9181611211733337,TIME_LIMIT,129522,0,0,47,29
4,12,1.796094e6,-1.6033839996185553,-0.9181611211733337,TIME_LIMIT,129572,0,0,30,12
4,12,1.796722e6,-1.6033839996185553,-0.9181611211733337,TIME_LIMIT,129606,0,0,37,31
4,12,1.797323e6,-1.603383332319713,-0.9181611211733337,TIME_LIMIT,129653,0,0,30,11
4,12,1.79794e6,-1.603383332319713,-0.9181611211733337,TIME_LIMIT,129683,0,0,44,47
4,12,1.798513e6,-1.60336767890461,-0.9181611211733337,TIME_LIMIT,129741,0,0,38,10
4,12,1.799107e6,-1.60336767890461,-0.9181611211733337,TIME_LIMIT,129771,0,0,40,16
4,12,1.799694e6,-1.6033159123800342,-0.9181611211733337,TIME_LIMIT,129818,0,0,32,8
4,12,1.800213e6,-1.6033159123800342,-0.9181611211733337,TIME_LIMIT,129852,0,0,45,22
4,12,1.800823e6,-1.6033131908075304,-0.9181611211733337,TIME_LIMIT,129899,0,0,29,8
4,12,1.801407e6,-1.6033131908075304,-0.9181611211733337,TIME_LIMIT,129924,0,0,42,35
4,12,1.801949e6,-1.6033125883377213,-0.9181611211733337,TIME_LIMIT,129973,0,0,28,11
4,12,1.802519e6,-1.6033125883377213,-0.9181611211733337,TIME_LIMIT,130004,0,0,39,20
4,12,1.803105e6,-1.6032013643866752,-0.9181611211733337,TIME_LIMIT,130065,0,0,21,5
4,12,1.803647e6,-1.6032013643866752,-0.9181611211733337,TIME_LIMIT,130090,0,0,39,23
4,12,1.804219e6,-1.603125479874465,-0.9181611211733337,TIME_LIMIT,130146,0,0,37,11
4,12,1.804777e6,-1.603125479874465,-0.9181611211733337,TIME_LIMIT,130181,0,0,39,31
4,12,1.80537e6,-1.6030765187805525,-0.9181611211733337,TIME_LIMIT,130237,0,0,29,14
4,12,1.806053e6,-1.6030765187805525,-0.9181611211733337,TIME_LIMIT,130271,0,0,41,32
4,12,1.806758e6,-1.6030696284413084,-0.9181611211733337,TIME_LIMIT,130326,0,0,24,13
4,12,1.807507e6,-1.6030696284413084,-0.9181611211733337,TIME_LIMIT,130353,0,0,34,7
4,12,1.808098e6,-1.6030657949629044,-0.9181611211733337,TIME_LIMIT,130405,0,0,38,8
4,12,1.808669e6,-1.6030657949629044,-0.9181611211733337,TIME_LIMIT,130442,0,0,56,54
4,12,1.809287e6,-1.6030035811854673,-0.9181611211733337,TIME_LIMIT,130487,0,0,27,19
4,12,1.809855e6,-1.6030035811854673,-0.9181611211733337,TIME_LIMIT,130514,0,0,40,45
4,12,1.810441e6,-1.6029712943295698,-0.9181611211733337,TIME_LIMIT,130565,0,0,31,10
4,12,1.811048e6,-1.6029712943295698,-0.9181611211733337,TIME_LIMIT,130600,0,0,32,17
4,12,1.811587e6,-1.6029544019575312,-0.9181611211733337,TIME_LIMIT,130651,0,0,32,19
4,12,1.812159e6,-1.6029544019575312,-0.9181611211733337,TIME_LIMIT,130676,0,0,39,16
4,12,1.812763e6,-1.6029277818682957,-0.9181611211733337,TIME_LIMIT,130726,0,0,27,10
4,12,1.813331e6,-1.6029277818682957,-0.9181611211733337,TIME_LIMIT,130756,0,0,30,15
4,12,1.81387e6,-1.6029125226340881,-0.9181611211733337,TIME_LIMIT,130806,0,0,32,12
4,12,1.814413e6,-1.6029125226340881,-0.9181611211733337,TIME_LIMIT,130836,0,0,33,31
4,12,1.815048e6,-1.6028841983130508,-0.9181611211733337,TIME_LIMIT,130882,0,0,29,12
4,12,1.815587e6,-1.6028841983130508,-0.9181611211733337,TIME_LIMIT,130920,0,0,36,22
4,12,1.816177e6,-1.6028528500642956,-0.9181611211733337,TIME_LIMIT,130972,0,0,31,14
4,12,1.816721e6,-1.6028528500642956,-0.9181611211733337,TIME_LIMIT,130998,0,0,37,40
4,12,1.817302e6,-1.6028497776569282,-0.9181611211733337,TIME_LIMIT,131048,0,0,34,8
4,12,1.817878e6,-1.6028497776569282,-0.9181611211733337,TIME_LIMIT,131082,0,0,33,27
4,12,1.818438e6,-1.6027199282397586,-0.9181611211733337,TIME_LIMIT,131132,0,0,26,13
4,12,1.818977e6,-1.6027199282397586,-0.9181611211733337,TIME_LIMIT,131162,0,0,34,30
4,12,1.819569e6,-1.6027095046643502,-0.9181611211733337,TIME_LIMIT,131217,0,0,35,11
4,12,1.820271e6,-1.6027095046643502,-0.9181611211733337,TIME_LIMIT,131259,0,0,13,10
4,12,1.821025e6,-1.602687254687242,-0.9181611211733337,TIME_LIMIT,131298,0,0,28,10
4,12,1.821723e6,-1.602687254687242,-0.9181611211733337,TIME_LIMIT,131325,0,0,43,15
4,12,1.822329e6,-1.6026636626539636,-0.9181611211733337,TIME_LIMIT,131377,0,0,31,9
4,12,1.822938e6,-1.6026636626539636,-0.9181611211733337,TIME_LIMIT,131405,0,0,32,19
4,12,1.823509e6,-1.602586770597857,-0.9181611211733337,TIME_LIMIT,131459,0,0,34,12
4,12,1.824102e6,-1.602586770597857,-0.9181611211733337,TIME_LIMIT,131496,0,0,43,36
4,12,1.824673e6,-1.6024474162731532,-0.9181611211733337,TIME_LIMIT,131545,0,0,33,17
4,12,1.825163e6,-1.6024474162731532,-0.9181611211733337,TIME_LIMIT,131576,0,0,29,21
4,12,1.825702e6,-1.6024063799755661,-0.9181611211733337,TIME_LIMIT,131626,0,0,33,7
4,12,1.826272e6,-1.6024063799755661,-0.9181611211733337,TIME_LIMIT,131660,0,0,45,32
4,12,1.826852e6,-1.6022755824582133,-0.9181611211733337,TIME_LIMIT,131717,0,0,27,9
4,12,1.827392e6,-1.6022755824582133,-0.9181611211733337,TIME_LIMIT,131747,0,0,38,29
4,12,1.827986e6,-1.6022615131185831,-0.9181611211733337,TIME_LIMIT,131798,0,0,35,11
4,12,1.82853e6,-1.6022615131185831,-0.9181611211733337,TIME_LIMIT,131837,0,0,48,31
4,12,1.82912e6,-1.6021976611185336,-0.9181611211733337,TIME_LIMIT,131891,0,0,30,15
4,12,1.82969e6,-1.6021976611185336,-0.9181611211733337,TIME_LIMIT,131925,0,0,49,44
4,12,1.830231e6,-1.6021525271986652,-0.9181611211733337,TIME_LIMIT,131979,0,0,36,14
4,12,1.830821e6,-1.6021525271986652,-0.9181611211733337,TIME_LIMIT,132012,0,0,39,35
4,12,1.831233e6,-1.6021339863300164,-0.9181611211733337,TIME_LIMIT,132065,0,0,35,9
4,12,1.831801e6,-1.6021339863300164,-0.9181611211733337,TIME_LIMIT,132091,0,0,32,38
4,12,1.83234e6,-1.6021236528198974,-0.9181611211733337,TIME_LIMIT,132143,0,0,26,16
4,12,1.832882e6,-1.6021236528198974,-0.9181611211733337,TIME_LIMIT,132172,0,0,44,48
4,12,1.8335e6,-1.6021172313369967,-0.9181611211733337,TIME_LIMIT,132225,0,0,29,9
4,12,1.834043e6,-1.6021172313369967,-0.9181611211733337,TIME_LIMIT,132259,0,0,32,20
4,12,1.834583e6,-1.60210494767375,-0.9181611211733337,TIME_LIMIT,132314,0,0,28,18
4,12,1.835181e6,-1.60210494767375,-0.9181611211733337,TIME_LIMIT,132346,0,0,40,20
4,12,1.83576e6,-1.6021012819316285,-0.9181611211733337,TIME_LIMIT,132404,0,0,22,9
4,12,1.836328e6,-1.6021012819316285,-0.9181611211733337,TIME_LIMIT,132437,0,0,30,11
4,12,1.836909e6,-1.6020602204290928,-0.9181611211733337,TIME_LIMIT,132482,0,0,27,15
4,12,1.837454e6,-1.6020602204290928,-0.9181611211733337,TIME_LIMIT,132511,0,0,45,25
4,12,1.83805e6,-1.6019826666469534,-0.9181611211733337,TIME_LIMIT,132557,0,0,28,14
4,12,1.838773e6,-1.6019826666469534,-0.9181611211733337,TIME_LIMIT,132593,0,0,37,15
4,12,1.839479e6,-1.6019005405277722,-0.9181611211733337,TIME_LIMIT,132639,0,0,32,12
4,12,1.84021e6,-1.6019005405277722,-0.9181611211733337,TIME_LIMIT,132664,0,0,37,33
4,12,1.840808e6,-1.601871856941967,-0.9181611211733337,TIME_LIMIT,132711,0,0,23,17
4,12,1.841449e6,-1.601871856941967,-0.9181611211733337,TIME_LIMIT,132738,0,0,40,17
4,12,1.842042e6,-1.6018672493863662,-0.9181611211733337,TIME_LIMIT,132795,0,0,35,14
4,12,1.842607e6,-1.6018672493863662,-0.9181611211733337,TIME_LIMIT,132825,0,0,40,16
4,12,1.843194e6,-1.6018599927390955,-0.9181611211733337,TIME_LIMIT,132874,0,0,26,12
4,12,1.843786e6,-1.6018599927390955,-0.9181611211733337,TIME_LIMIT,132909,0,0,37,23
4,12,1.844349e6,-1.6018566953786046,-0.9181611211733337,TIME_LIMIT,132960,0,0,31,13
4,12,1.844937e6,-1.6018566953786046,-0.9181611211733337,TIME_LIMIT,132994,0,0,42,23
4,12,1.845542e6,-1.6018456374827252,-0.9181611211733337,TIME_LIMIT,133048,0,0,32,13
4,12,1.846114e6,-1.6018456374827252,-0.9181611211733337,TIME_LIMIT,133079,0,0,46,22
4,12,1.846661e6,-1.6018412612169464,-0.9181611211733337,TIME_LIMIT,133134,0,0,36,16
4,12,1.847229e6,-1.6018412612169464,-0.9181611211733337,TIME_LIMIT,133164,0,0,42,51
4,12,1.847878e6,-1.6018045761907733,-0.9181611211733337,TIME_LIMIT,133217,0,0,36,15
4,12,1.848423e6,-1.6018045761907733,-0.9181611211733337,TIME_LIMIT,133250,0,0,33,34
4,12,1.849026e6,-1.6018040971740735,-0.9181611211733337,TIME_LIMIT,133300,0,0,13,9
4,12,1.849568e6,-1.6018040971740735,-0.9181611211733337,TIME_LIMIT,133329,0,0,39,19
4,12,1.850155e6,-1.6017970100769419,-0.9181611211733337,TIME_LIMIT,133379,0,0,32,10
4,12,1.850726e6,-1.6017970100769419,-0.9181611211733337,TIME_LIMIT,133409,0,0,21,21
4,12,1.85129e6,-1.6017670435123783,-0.9181611211733337,TIME_LIMIT,133452,0,0,25,11
4,12,1.851831e6,-1.6017670435123783,-0.9181611211733337,TIME_LIMIT,133480,0,0,40,53
4,12,1.852451e6,-1.6017514668101718,-0.9181611211733337,TIME_LIMIT,133529,0,0,34,16
4,12,1.853011e6,-1.6017514668101718,-0.9181611211733337,TIME_LIMIT,133567,0,0,42,20
4,12,1.853602e6,-1.6017451994327345,-0.9181611211733337,TIME_LIMIT,133614,0,0,33,9
4,12,1.854156e6,-1.6017451994327345,-0.9181611211733337,TIME_LIMIT,133646,0,0,37,35
4,12,1.854725e6,-1.6017315122639273,-0.9181611211733337,TIME_LIMIT,133698,0,0,34,10
4,12,1.855293e6,-1.6017315122639273,-0.9181611211733337,TIME_LIMIT,133728,0,0,45,16
4,12,1.855835e6,-1.6016562774958911,-0.9181611211733337,TIME_LIMIT,133777,0,0,15,7
4,12,1.856406e6,-1.6016562774958911,-0.9181611211733337,TIME_LIMIT,133814,0,0,47,45
4,12,1.856947e6,-1.6016271283645098,-0.9181611211733337,TIME_LIMIT,133868,0,0,38,18
4,12,1.857632e6,-1.6016271283645098,-0.9181611211733337,TIME_LIMIT,133899,0,0,36,17
4,12,1.858426e6,-1.601622160703144,-0.9181611211733337,TIME_LIMIT,133947,0,0,32,10
4,12,1.859148e6,-1.601622160703144,-0.9181611211733337,TIME_LIMIT,133978,0,0,34,22
4,12,1.859726e6,-1.6016165535595288,-0.9181611211733337,TIME_LIMIT,134032,0,0,29,8
4,12,1.860329e6,-1.6016165535595288,-0.9181611211733337,TIME_LIMIT,134065,0,0,43,28
4,12,1.860899e6,-1.601596002905104,-0.9181611211733337,TIME_LIMIT,134110,0,0,27,13
4,12,1.861494e6,-1.601596002905104,-0.9181611211733337,TIME_LIMIT,134140,0,0,29,25
4,12,1.862052e6,-1.6015713789082477,-0.9181611211733337,TIME_LIMIT,134192,0,0,14,3
4,12,1.862663e6,-1.6015713789082477,-0.9181611211733337,TIME_LIMIT,134224,0,0,37,28
4,12,1.863255e6,-1.6015604742734517,-0.9181611211733337,TIME_LIMIT,134276,0,0,34,15
4,12,1.863829e6,-1.6015604742734517,-0.9181611211733337,TIME_LIMIT,134313,0,0,39,15
4,12,1.864424e6,-1.6014930714886266,-0.9181611211733337,TIME_LIMIT,134368,0,0,26,15
4,12,1.865031e6,-1.6014930714886266,-0.9181611211733337,TIME_LIMIT,134404,0,0,50,38
4,12,1.865592e6,-1.6014695987536771,-0.9181611211733337,TIME_LIMIT,134461,0,0,37,12
4,12,1.866189e6,-1.6014695987536771,-0.9181611211733337,TIME_LIMIT,134498,0,0,47,27
4,12,1.866778e6,-1.6014459562130208,-0.9181611211733337,TIME_LIMIT,134552,0,0,37,20
4,12,1.86732e6,-1.6014459562130208,-0.9181611211733337,TIME_LIMIT,134579,0,0,40,25
4,12,1.86789e6,-1.6014308411486502,-0.9181611211733337,TIME_LIMIT,134628,0,0,29,8
4,12,1.868479e6,-1.6014308411486502,-0.9181611211733337,TIME_LIMIT,134662,0,0,45,30
4,12,1.869023e6,-1.6014271667116668,-0.9181611211733337,TIME_LIMIT,134710,0,0,31,13
4,12,1.869597e6,-1.6014271667116668,-0.9181611211733337,TIME_LIMIT,134741,0,0,36,18
4,12,1.870139e6,-1.6014122443886154,-0.9181611211733337,TIME_LIMIT,134793,0,0,33,21
4,12,1.870755e6,-1.6014122443886154,-0.9181611211733337,TIME_LIMIT,134822,0,0,41,52
4,12,1.871297e6,-1.6013790556346352,-0.9181611211733337,TIME_LIMIT,134873,0,0,25,11
4,12,1.871838e6,-1.6013790556346352,-0.9181611211733337,TIME_LIMIT,134905,0,0,51,25
4,12,1.872407e6,-1.6013767905152128,-0.9181611211733337,TIME_LIMIT,134961,0,0,30,18
4,12,1.872996e6,-1.6013767905152128,-0.9181611211733337,TIME_LIMIT,134993,0,0,31,28
4,12,1.873567e6,-1.601359701255493,-0.9181611211733337,TIME_LIMIT,135040,0,0,31,3
4,12,1.874104e6,-1.601359701255493,-0.9181611211733337,TIME_LIMIT,135074,0,0,41,43
4,12,1.874646e6,-1.6013340402061214,-0.9181611211733337,TIME_LIMIT,135125,0,0,26,14
4,12,1.875217e6,-1.6013340402061214,-0.9181611211733337,TIME_LIMIT,135157,0,0,41,29
4,12,1.875876e6,-1.6013299488734636,-0.9181611211733337,TIME_LIMIT,135216,0,0,33,17
4,12,1.876586e6,-1.6013299488734636,-0.9181611211733337,TIME_LIMIT,135244,0,0,42,51
4,12,1.877364e6,-1.6013282300683194,-0.9181611211733337,TIME_LIMIT,135292,0,0,27,15
4,12,1.877962e6,-1.6013282300683194,-0.9181611211733337,TIME_LIMIT,135320,0,0,33,24
4,12,1.87857e6,-1.6013202802089253,-0.9181611211733337,TIME_LIMIT,135379,0,0,34,7
4,12,1.87914e6,-1.6013202802089253,-0.9181611211733337,TIME_LIMIT,135411,0,0,29,14
4,12,1.879706e6,-1.6013126343774169,-0.9181611211733337,TIME_LIMIT,135458,0,0,19,8
4,12,1.880288e6,-1.6013126343774169,-0.9181611211733337,TIME_LIMIT,135499,0,0,45,15
4,12,1.880887e6,-1.6012493290851089,-0.9181611211733337,TIME_LIMIT,135552,0,0,29,7
4,12,1.881457e6,-1.6012493290851089,-0.9181611211733337,TIME_LIMIT,135577,0,0,34,45
4,12,1.882027e6,-1.6011952399642062,-0.9181611211733337,TIME_LIMIT,135632,0,0,31,15
4,12,1.882616e6,-1.6011952399642062,-0.9181611211733337,TIME_LIMIT,135659,0,0,34,40
4,12,1.883185e6,-1.601150033674422,-0.9181611211733337,TIME_LIMIT,135709,0,0,33,12
4,12,1.883669e6,-1.601150033674422,-0.9181611211733337,TIME_LIMIT,135740,0,0,30,24
4,12,1.884211e6,-1.6011200244153263,-0.9181611211733337,TIME_LIMIT,135787,0,0,28,13
4,12,1.884801e6,-1.6011200244153263,-0.9181611211733337,TIME_LIMIT,135819,0,0,24,18
4,12,1.885408e6,-1.6011089005049106,-0.9181611211733337,TIME_LIMIT,135872,0,0,29,13
4,12,1.885948e6,-1.6011089005049106,-0.9181611211733337,TIME_LIMIT,135901,0,0,39,68
4,12,1.886488e6,-1.601060392804058,-0.9181611211733337,TIME_LIMIT,135958,0,0,29,17
4,12,1.887106e6,-1.601060392804058,-0.9181611211733337,TIME_LIMIT,135995,0,0,44,41
4,12,1.887648e6,-1.6010547095217171,-0.9181611211733337,TIME_LIMIT,136027,0,0,41,21
4,12,1.88822e6,-1.6010547095217171,-0.9181611211733337,TIME_LIMIT,136063,0,0,38,58
4,12,1.888788e6,-1.6010117313638121,-0.9181611211733337,TIME_LIMIT,136117,0,0,30,22
4,12,1.889368e6,-1.6010117313638121,-0.9181611211733337,TIME_LIMIT,136147,0,0,51,46
4,12,1.889939e6,-1.600989947482039,-0.9181611211733337,TIME_LIMIT,136196,0,0,36,18
4,12,1.890481e6,-1.600989947482039,-0.9181611211733337,TIME_LIMIT,136231,0,0,42,32
4,12,1.891068e6,-1.6009297861117602,-0.9181611211733337,TIME_LIMIT,136283,0,0,30,14
4,12,1.89164e6,-1.6009297861117602,-0.9181611211733337,TIME_LIMIT,136314,0,0,40,22
4,12,1.892147e6,-1.600861106832025,-0.9181611211733337,TIME_LIMIT,136367,0,0,34,9
4,12,1.892687e6,-1.600861106832025,-0.9181611211733337,TIME_LIMIT,136408,0,0,43,19
4,12,1.893258e6,-1.600860265871518,-0.9181611211733337,TIME_LIMIT,136456,0,0,18,6
4,12,1.893867e6,-1.600860265871518,-0.9181611211733337,TIME_LIMIT,136487,0,0,35,18
4,12,1.894401e6,-1.600797253679387,-0.9181611211733337,TIME_LIMIT,136535,0,0,31,12
4,12,1.895112e6,-1.600797253679387,-0.9181611211733337,TIME_LIMIT,136568,0,0,33,22
4,12,1.895826e6,-1.600720224331318,-0.9181611211733337,TIME_LIMIT,136621,0,0,30,15
4,12,1.896408e6,-1.600720224331318,-0.9181611211733337,TIME_LIMIT,136652,0,0,41,29
4,12,1.896979e6,-1.600717931579615,-0.9181611211733337,TIME_LIMIT,136697,0,0,24,22
4,12,1.897577e6,-1.600717931579615,-0.9181611211733337,TIME_LIMIT,136732,0,0,42,26
4,12,1.898141e6,-1.6006447742938228,-0.9181611211733337,TIME_LIMIT,136766,0,0,22,10
4,12,1.898509e6,-1.6006447742938228,-0.9181611211733337,TIME_LIMIT,136797,0,0,30,14
4,12,1.899057e6,-1.600643152966933,-0.9181611211733337,TIME_LIMIT,136841,0,0,28,13
4,12,1.899639e6,-1.600643152966933,-0.9181611211733337,TIME_LIMIT,136875,0,0,36,19
4,12,1.900218e6,-1.6006332799064105,-0.9181611211733337,TIME_LIMIT,136933,0,0,23,7
4,12,1.900758e6,-1.6006332799064105,-0.9181611211733337,TIME_LIMIT,136961,0,0,34,14
4,12,1.901347e6,-1.6005729824795725,-0.9181611211733337,TIME_LIMIT,137016,0,0,30,4
4,12,1.901798e6,-1.6005729824795725,-0.9181611211733337,TIME_LIMIT,137053,0,0,22,18
4,12,1.902368e6,-1.6005572436229383,-0.9181611211733337,TIME_LIMIT,137105,0,0,33,9
4,12,1.902908e6,-1.6005572436229383,-0.9181611211733337,TIME_LIMIT,137132,0,0,37,28
4,12,1.903471e6,-1.6005554747348538,-0.9181611211733337,TIME_LIMIT,137184,0,0,35,5
4,12,1.904063e6,-1.6005554747348538,-0.9181611211733337,TIME_LIMIT,137216,0,0,44,15
4,12,1.904605e6,-1.600537454148673,-0.9181611211733337,TIME_LIMIT,137265,0,0,31,11
4,12,1.904983e6,-1.600537454148673,-0.9181611211733337,TIME_LIMIT,137297,0,0,37,41
4,12,1.905479e6,-1.6005007140997818,-0.9181611211733337,TIME_LIMIT,137353,0,0,34,15
4,12,1.906054e6,-1.6005007140997818,-0.9181611211733337,TIME_LIMIT,137378,0,0,45,47
4,12,1.906625e6,-1.600462364807223,-0.9181611211733337,TIME_LIMIT,137434,0,0,16,12
4,12,1.907169e6,-1.600462364807223,-0.9181611211733337,TIME_LIMIT,137467,0,0,43,49
4,12,1.907741e6,-1.6004435936118768,-0.9181611211733337,TIME_LIMIT,137523,0,0,26,16
4,12,1.908326e6,-1.6004435936118768,-0.9181611211733337,TIME_LIMIT,137550,0,0,40,36
4,12,1.908867e6,-1.60043032064989,-0.9181611211733337,TIME_LIMIT,137608,0,0,38,8
4,12,1.909409e6,-1.60043032064989,-0.9181611211733337,TIME_LIMIT,137635,0,0,31,25
4,12,1.910026e6,-1.6004297695188554,-0.9181611211733337,TIME_LIMIT,137685,0,0,31,11
4,12,1.910568e6,-1.6004297695188554,-0.9181611211733337,TIME_LIMIT,137717,0,0,34,20
4,12,1.91114e6,-1.6002983191394273,-0.9181611211733337,TIME_LIMIT,137766,0,0,32,10
4,12,1.911682e6,-1.6002983191394273,-0.9181611211733337,TIME_LIMIT,137792,0,0,41,17
4,12,1.912222e6,-1.600277594830365,-0.9181611211733337,TIME_LIMIT,137843,0,0,28,11
4,12,1.912884e6,-1.600277594830365,-0.9181611211733337,TIME_LIMIT,137869,0,0,36,23
4,12,1.913599e6,-1.6002537045791048,-0.9181611211733337,TIME_LIMIT,137916,0,0,21,9
4,12,1.91431e6,-1.6002537045791048,-0.9181611211733337,TIME_LIMIT,137958,0,0,56,26
4,12,1.914969e6,-1.600227336202752,-0.9181611211733337,TIME_LIMIT,138009,0,0,30,16
4,12,1.91555e6,-1.600227336202752,-0.9181611211733337,TIME_LIMIT,138039,0,0,45,18
4,12,1.916115e6,-1.6002144766034443,-0.9181611211733337,TIME_LIMIT,138090,0,0,21,9
4,12,1.91671e6,-1.6002144766034443,-0.9181611211733337,TIME_LIMIT,138132,0,0,39,19
4,12,1.917286e6,-1.6002131957118284,-0.9181611211733337,TIME_LIMIT,138184,0,0,32,15
4,12,1.917898e6,-1.6002131957118284,-0.9181611211733337,TIME_LIMIT,138214,0,0,30,15
4,12,1.918446e6,-1.6002117322471938,-0.9181611211733337,TIME_LIMIT,138259,0,0,30,11
4,12,1.918986e6,-1.6002117322471938,-0.9181611211733337,TIME_LIMIT,138286,0,0,41,36
4,12,1.919605e6,-1.60020242980384,-0.9181611211733337,TIME_LIMIT,138340,0,0,16,7
4,12,1.920146e6,-1.60020242980384,-0.9181611211733337,TIME_LIMIT,138373,0,0,18,11
4,12,1.920688e6,-1.6001888051820918,-0.9181611211733337,TIME_LIMIT,138423,0,0,25,14
4,12,1.921294e6,-1.6001888051820918,-0.9181611211733337,TIME_LIMIT,138459,0,0,18,9
4,12,1.92188e6,-1.6001873467597532,-0.9181611211733337,TIME_LIMIT,138507,0,0,29,9
4,12,1.922418e6,-1.6001873467597532,-0.9181611211733337,TIME_LIMIT,138540,0,0,41,29
4,12,1.92295e6,-1.600176353763349,-0.9181611211733337,TIME_LIMIT,138591,0,0,29,11
4,12,1.923494e6,-1.600176353763349,-0.9181611211733337,TIME_LIMIT,138623,0,0,51,39
4,12,1.924076e6,-1.6001685698336199,-0.9181611211733337,TIME_LIMIT,138679,0,0,33,17
4,12,1.924648e6,-1.6001685698336199,-0.9181611211733337,TIME_LIMIT,138711,0,0,37,27
4,12,1.925227e6,-1.6001398522949,-0.9181611211733337,TIME_LIMIT,138760,0,0,36,16
4,12,1.925797e6,-1.6001398522949,-0.9181611211733337,TIME_LIMIT,138793,0,0,40,32
4,12,1.926383e6,-1.600105848180147,-0.9181611211733337,TIME_LIMIT,138843,0,0,30,12
4,12,1.926925e6,-1.600105848180147,-0.9181611211733337,TIME_LIMIT,138870,0,0,33,32
4,12,1.927494e6,-1.6001052687693127,-0.9181611211733337,TIME_LIMIT,138921,0,0,33,15
4,12,1.928036e6,-1.6001052687693127,-0.9181611211733337,TIME_LIMIT,138953,0,0,27,26
4,12,1.928576e6,-1.600080286642493,-0.9181611211733337,TIME_LIMIT,139005,0,0,29,11
4,12,1.929317e6,-1.600080286642493,-0.9181611211733337,TIME_LIMIT,139036,0,0,35,20
4,12,1.930026e6,-1.6000073172737608,-0.9181611211733337,TIME_LIMIT,139085,0,0,28,11
4,12,1.930731e6,-1.6000073172737608,-0.9181611211733337,TIME_LIMIT,139115,0,0,39,20
4,12,1.931353e6,-1.6000060134628502,-0.9181611211733337,TIME_LIMIT,139162,0,0,14,8
4,12,1.931926e6,-1.6000060134628502,-0.9181611211733337,TIME_LIMIT,139200,0,0,35,19
4,12,1.932454e6,-1.6000059812557788,-0.9181611211733337,TIME_LIMIT,139237,0,0,31,13
4,12,1.93305e6,-1.6000059812557788,-0.9181611211733337,TIME_LIMIT,139269,0,0,41,45
4,12,1.933604e6,-1.599979238322919,-0.9181611211733337,TIME_LIMIT,139323,0,0,20,16
4,12,1.934162e6,-1.599979238322919,-0.9181611211733337,TIME_LIMIT,139352,0,0,47,24
4,12,1.934767e6,-1.5999692978357494,-0.9181611211733337,TIME_LIMIT,139406,0,0,35,13
4,12,1.93531e6,-1.5999692978357494,-0.9181611211733337,TIME_LIMIT,139437,0,0,45,39
4,12,1.935909e6,-1.5999691159289937,-0.9181611211733337,TIME_LIMIT,139486,0,0,33,12
4,12,1.936469e6,-1.5999691159289937,-0.9181611211733337,TIME_LIMIT,139522,0,0,39,43
4,12,1.937009e6,-1.599938640209988,-0.9181611211733337,TIME_LIMIT,139575,0,0,28,16
4,12,1.937581e6,-1.599938640209988,-0.9181611211733337,TIME_LIMIT,139606,0,0,46,44
4,12,1.938152e6,-1.5999382874705181,-0.9181611211733337,TIME_LIMIT,139661,0,0,31,18
4,12,1.938664e6,-1.5999382874705181,-0.9181611211733337,TIME_LIMIT,139692,0,0,31,29
4,12,1.939202e6,-1.5999372598863095,-0.9181611211733337,TIME_LIMIT,139740,0,0,31,8
4,12,1.939772e6,-1.5999372598863095,-0.9181611211733337,TIME_LIMIT,139770,0,0,34,38
4,12,1.940347e6,-1.5999238902375206,-0.9181611211733337,TIME_LIMIT,139819,0,0,31,12
4,12,1.940933e6,-1.5999238902375206,-0.9181611211733337,TIME_LIMIT,139845,0,0,36,24
4,12,1.941476e6,-1.5999015210221466,-0.9181611211733337,TIME_LIMIT,139898,0,0,37,11
4,12,1.942017e6,-1.5999015210221466,-0.9181611211733337,TIME_LIMIT,139936,0,0,28,24
4,12,1.942632e6,-1.5998789435553962,-0.9181611211733337,TIME_LIMIT,139987,0,0,36,13
4,12,1.943174e6,-1.5998789435553962,-0.9181611211733337,TIME_LIMIT,140023,0,0,40,26
4,12,1.943716e6,-1.5998783035707538,-0.9181611211733337,TIME_LIMIT,140069,0,0,32,14
4,12,1.944286e6,-1.5998783035707538,-0.9181611211733337,TIME_LIMIT,140106,0,0,42,26
4,12,1.944872e6,-1.5998730797562377,-0.9181611211733337,TIME_LIMIT,140155,0,0,36,5
4,12,1.945416e6,-1.5998730797562377,-0.9181611211733337,TIME_LIMIT,140202,0,0,39,12
4,12,1.945987e6,-1.599868226928829,-0.9181611211733337,TIME_LIMIT,140235,0,0,35,18
4,12,1.946528e6,-1.599868226928829,-0.9181611211733337,TIME_LIMIT,140268,0,0,44,65
4,12,1.947099e6,-1.5998477242266347,-0.9181611211733337,TIME_LIMIT,140320,0,0,31,30
4,12,1.947772e6,-1.5998477242266347,-0.9181611211733337,TIME_LIMIT,140357,0,0,40,28
4,12,1.94848e6,-1.5998409641503537,-0.9181611211733337,TIME_LIMIT,140404,0,0,29,13
4,12,1.949235e6,-1.5998409641503537,-0.9181611211733337,TIME_LIMIT,140436,0,0,32,25
4,12,1.949824e6,-1.5998303519999575,-0.9181611211733337,TIME_LIMIT,140480,0,0,25,12
4,12,1.950395e6,-1.5998303519999575,-0.9181611211733337,TIME_LIMIT,140524,0,0,40,13
4,12,1.950885e6,-1.5998298545739826,-0.9181611211733337,TIME_LIMIT,140564,0,0,36,7
4,12,1.951472e6,-1.5998298545739826,-0.9181611211733337,TIME_LIMIT,140592,0,0,22,14
4,12,1.952023e6,-1.5997402241843028,-0.9181611211733337,TIME_LIMIT,140637,0,0,23,6
4,12,1.952571e6,-1.5997402241843028,-0.9181611211733337,TIME_LIMIT,140670,0,0,36,34
4,12,1.95315e6,-1.5997064354051358,-0.9181611211733337,TIME_LIMIT,140723,0,0,22,5
4,12,1.95374e6,-1.5997064354051358,-0.9181611211733337,TIME_LIMIT,140761,0,0,34,21
4,12,1.954309e6,-1.5997008231985763,-0.9181611211733337,TIME_LIMIT,140817,0,0,34,12
4,12,1.954854e6,-1.5997008231985763,-0.9181611211733337,TIME_LIMIT,140852,0,0,43,40
4,12,1.955435e6,-1.5996812837702237,-0.9181611211733337,TIME_LIMIT,140902,0,0,31,11
4,12,1.956005e6,-1.5996812837702237,-0.9181611211733337,TIME_LIMIT,140929,0,0,33,11
4,12,1.956548e6,-1.5996733544413317,-0.9181611211733337,TIME_LIMIT,140978,0,0,24,7
4,12,1.957094e6,-1.5996733544413317,-0.9181611211733337,TIME_LIMIT,141005,0,0,34,25
4,12,1.957722e6,-1.5996729957886535,-0.9181611211733337,TIME_LIMIT,141053,0,0,30,12
4,12,1.958267e6,-1.5996729957886535,-0.9181611211733337,TIME_LIMIT,141085,0,0,36,15
4,12,1.958808e6,-1.5996595097461375,-0.9181611211733337,TIME_LIMIT,141140,0,0,33,13
4,12,1.959406e6,-1.5996595097461375,-0.9181611211733337,TIME_LIMIT,141176,0,0,41,17
4,12,1.959963e6,-1.5996308790232747,-0.9181611211733337,TIME_LIMIT,141222,0,0,21,11
4,12,1.960533e6,-1.5996308790232747,-0.9181611211733337,TIME_LIMIT,141250,0,0,35,20
4,12,1.961084e6,-1.5995995757781436,-0.9181611211733337,TIME_LIMIT,141303,0,0,30,6
4,12,1.961693e6,-1.5995995757781436,-0.9181611211733337,TIME_LIMIT,141330,0,0,35,29
4,12,1.962205e6,-1.5995969386477107,-0.9181611211733337,TIME_LIMIT,141390,0,0,35,4
4,12,1.962778e6,-1.5995969386477107,-0.9181611211733337,TIME_LIMIT,141411,0,0,39,38
4,12,1.96332e6,-1.5995945082935863,-0.9181611211733337,TIME_LIMIT,141466,0,0,34,11
4,12,1.963937e6,-1.5995945082935863,-0.9181611211733337,TIME_LIMIT,141499,0,0,45,18
4,12,1.964476e6,-1.5995927684813622,-0.9181611211733337,TIME_LIMIT,141549,0,0,30,11
4,12,1.965018e6,-1.5995927684813622,-0.9181611211733337,TIME_LIMIT,141583,0,0,39,20
4,12,1.965625e6,-1.5995348438321646,-0.9181611211733337,TIME_LIMIT,141640,0,0,36,10
4,12,1.966169e6,-1.5995348438321646,-0.9181611211733337,TIME_LIMIT,141673,0,0,33,21
4,12,1.966848e6,-1.5994986510650038,-0.9181611211733337,TIME_LIMIT,141714,0,0,17,12
4,12,1.967594e6,-1.5994986510650038,-0.9181611211733337,TIME_LIMIT,141743,0,0,38,21
4,12,1.968305e6,-1.599492989544174,-0.9181611211733337,TIME_LIMIT,141794,0,0,24,8
4,12,1.968868e6,-1.599492989544174,-0.9181611211733337,TIME_LIMIT,141824,0,0,27,16
4,12,1.969495e6,-1.599475956909879,-0.9181611211733337,TIME_LIMIT,141869,0,0,30,7
4,12,1.970061e6,-1.599475956909879,-0.9181611211733337,TIME_LIMIT,141896,0,0,33,12
4,12,1.970625e6,-1.5994625705298544,-0.9181611211733337,TIME_LIMIT,141949,0,0,31,16
4,12,1.971205e6,-1.5994625705298544,-0.9181611211733337,TIME_LIMIT,141989,0,0,42,18
4,12,1.971794e6,-1.5994189887343224,-0.9181611211733337,TIME_LIMIT,142041,0,0,29,16
4,12,1.972333e6,-1.5994189887343224,-0.9181611211733337,TIME_LIMIT,142073,0,0,41,23
4,12,1.972903e6,-1.5994109323220562,-0.9181611211733337,TIME_LIMIT,142129,0,0,37,11
4,12,1.973496e6,-1.5994109323220562,-0.9181611211733337,TIME_LIMIT,142161,0,0,36,20
4,12,1.974066e6,-1.5993819396142899,-0.9181611211733337,TIME_LIMIT,142214,0,0,35,7
4,12,1.974607e6,-1.5993819396142899,-0.9181611211733337,TIME_LIMIT,142242,0,0,38,30
4,12,1.975149e6,-1.599377954116313,-0.9181611211733337,TIME_LIMIT,142293,0,0,28,11
4,12,1.975767e6,-1.599377954116313,-0.9181611211733337,TIME_LIMIT,142331,0,0,20,18
4,12,1.97631e6,-1.5993416907752673,-0.9181611211733337,TIME_LIMIT,142381,0,0,13,9
4,12,1.976851e6,-1.5993416907752673,-0.9181611211733337,TIME_LIMIT,142410,0,0,31,28
4,12,1.977422e6,-1.5992772842503364,-0.9181611211733337,TIME_LIMIT,142461,0,0,32,8
4,12,1.978009e6,-1.5992772842503364,-0.9181611211733337,TIME_LIMIT,142491,0,0,39,26
4,12,1.978548e6,-1.599267953960077,-0.9181611211733337,TIME_LIMIT,142543,0,0,24,11
4,12,1.979122e6,-1.599267953960077,-0.9181611211733337,TIME_LIMIT,142570,0,0,35,19
4,12,1.979676e6,-1.599209681434671,-0.9181611211733337,TIME_LIMIT,142616,0,0,28,16
4,12,1.980247e6,-1.599209681434671,-0.9181611211733337,TIME_LIMIT,142649,0,0,36,24
4,12,1.980817e6,-1.5991557614026881,-0.9181611211733337,TIME_LIMIT,142696,0,0,34,17
4,12,1.98136e6,-1.5991557614026881,-0.9181611211733337,TIME_LIMIT,142734,0,0,33,10
4,12,1.981657e6,-1.5991350197264786,-0.9181611211733337,TIME_LIMIT,142768,0,0,29,12
4,12,1.982274e6,-1.5991350197264786,-0.9181611211733337,TIME_LIMIT,142803,0,0,38,30
4,12,1.982816e6,-1.5990912415338077,-0.9181611211733337,TIME_LIMIT,142839,0,0,36,18
4,12,1.983387e6,-1.5990912415338077,-0.9181611211733337,TIME_LIMIT,142875,0,0,41,35
4,12,1.983928e6,-1.599040163848882,-0.9181611211733337,TIME_LIMIT,142916,0,0,31,29
4,12,1.98447e6,-1.599040163848882,-0.9181611211733337,TIME_LIMIT,142941,0,0,27,20
4,12,1.985195e6,-1.5990350231118207,-0.9181611211733337,TIME_LIMIT,142987,0,0,24,7
4,12,1.985903e6,-1.5990350231118207,-0.9181611211733337,TIME_LIMIT,143018,0,0,37,21
4,12,1.986611e6,-1.599034039358759,-0.9181611211733337,TIME_LIMIT,143061,0,0,31,7
4,12,1.987223e6,-1.599034039358759,-0.9181611211733337,TIME_LIMIT,143097,0,0,48,41
4,12,1.987796e6,-1.5990172020283615,-0.9181611211733337,TIME_LIMIT,143145,0,0,20,19
4,12,1.98836e6,-1.5990172020283615,-0.9181611211733337,TIME_LIMIT,143173,0,0,45,30
4,12,1.988954e6,-1.5990171853881094,-0.9181611211733337,TIME_LIMIT,143224,0,0,19,7
4,12,1.989506e6,-1.5990171853881094,-0.9181611211733337,TIME_LIMIT,143266,0,0,36,29
4,12,1.990097e6,-1.5989805346828672,-0.9181611211733337,TIME_LIMIT,143300,0,0,32,17
4,12,1.99067e6,-1.5989805346828672,-0.9181611211733337,TIME_LIMIT,143337,0,0,37,12
4,12,1.991211e6,-1.598970066926827,-0.9181611211733337,TIME_LIMIT,143376,0,0,31,8
4,12,1.991798e6,-1.598970066926827,-0.9181611211733337,TIME_LIMIT,143402,0,0,39,31
4,12,1.99237e6,-1.5989447121808416,-0.9181611211733337,TIME_LIMIT,143451,0,0,29,16
4,12,1.992914e6,-1.5989447121808416,-0.9181611211733337,TIME_LIMIT,143479,0,0,51,45
4,12,1.993488e6,-1.5988937865839454,-0.9181611211733337,TIME_LIMIT,143528,0,0,30,17
4,12,1.993882e6,-1.5988937865839454,-0.9181611211733337,TIME_LIMIT,143563,0,0,36,15
4,12,1.994424e6,-1.5988718923370189,-0.9181611211733337,TIME_LIMIT,143607,0,0,27,6
4,12,1.994997e6,-1.5988718923370189,-0.9181611211733337,TIME_LIMIT,143642,0,0,41,29
4,12,1.995539e6,-1.598864737621852,-0.9181611211733337,TIME_LIMIT,143698,0,0,35,10
4,12,1.996125e6,-1.598864737621852,-0.9181611211733337,TIME_LIMIT,143733,0,0,38,27
4,12,1.996697e6,-1.5988363132715788,-0.9181611211733337,TIME_LIMIT,143785,0,0,29,14
4,12,1.997256e6,-1.5988363132715788,-0.9181611211733337,TIME_LIMIT,143819,0,0,38,17
4,12,1.997828e6,-1.5988141678368033,-0.9181611211733337,TIME_LIMIT,143864,0,0,27,7
4,12,1.998373e6,-1.5988141678368033,-0.9181611211733337,TIME_LIMIT,143894,0,0,57,66
4,12,1.999014e6,-1.5987667830368801,-0.9181611211733337,TIME_LIMIT,143947,0,0,33,16
4,12,1.999636e6,-1.5987667830368801,-0.9181611211733337,TIME_LIMIT,143984,0,0,43,19
4,12,2.000214e6,-1.5987389771422076,-0.9181611211733337,TIME_LIMIT,144040,0,0,30,9
4,12,2.000875e6,-1.5987389771422076,-0.9181611211733337,TIME_LIMIT,144077,0,0,16,25
4,12,2.00152e6,-1.5987116287829488,-0.9181611211733337,TIME_LIMIT,144129,0,0,34,18
4,12,2.00209e6,-1.5987116287829488,-0.9181611211733337,TIME_LIMIT,144158,0,0,35,12
4,12,2.002676e6,-1.598691823973748,-0.9181611211733337,TIME_LIMIT,144205,0,0,31,8
4,12,2.003229e6,-1.598691823973748,-0.9181611211733337,TIME_LIMIT,144234,0,0,47,46
4,12,2.003783e6,-1.598687072045692,-0.9181611211733337,TIME_LIMIT,144283,0,0,29,13
4,12,2.004396e6,-1.598687072045692,-0.9181611211733337,TIME_LIMIT,144312,0,0,39,18
4,12,2.004938e6,-1.5986703624457599,-0.9181611211733337,TIME_LIMIT,144368,0,0,27,5
4,12,2.005547e6,-1.5986703624457599,-0.9181611211733337,TIME_LIMIT,144402,0,0,25,47
4,12,2.006138e6,-1.5986381721857768,-0.9181611211733337,TIME_LIMIT,144452,0,0,27,14
4,12,2.006679e6,-1.5986381721857768,-0.9181611211733337,TIME_LIMIT,144482,0,0,41,26
4,12,2.007217e6,-1.5986026911061193,-0.9181611211733337,TIME_LIMIT,144527,0,0,28,12
4,12,2.007818e6,-1.5986026911061193,-0.9181611211733337,TIME_LIMIT,144559,0,0,25,23
4,12,2.008378e6,-1.5985745193986496,-0.9181611211733337,TIME_LIMIT,144604,0,0,28,6
4,12,2.008918e6,-1.5985745193986496,-0.9181611211733337,TIME_LIMIT,144631,0,0,34,30
4,12,2.009509e6,-1.5985380707392849,-0.9181611211733337,TIME_LIMIT,144677,0,0,30,10
4,12,2.010097e6,-1.5985380707392849,-0.9181611211733337,TIME_LIMIT,144707,0,0,32,17
4,12,2.010639e6,-1.598528172594597,-0.9181611211733337,TIME_LIMIT,144756,0,0,32,11
4,12,2.011211e6,-1.598528172594597,-0.9181611211733337,TIME_LIMIT,144780,0,0,46,45
4,12,2.011753e6,-1.5984797406781612,-0.9181611211733337,TIME_LIMIT,144826,0,0,31,16
4,12,2.012368e6,-1.5984797406781612,-0.9181611211733337,TIME_LIMIT,144866,0,0,54,41
4,12,2.01291e6,-1.5984473951855636,-0.9181611211733337,TIME_LIMIT,144917,0,0,35,12
4,12,2.013453e6,-1.5984473951855636,-0.9181611211733337,TIME_LIMIT,144948,0,0,33,12
4,12,2.014022e6,-1.598436048001237,-0.9181611211733337,TIME_LIMIT,144993,0,0,34,11
4,12,2.01461e6,-1.598436048001237,-0.9181611211733337,TIME_LIMIT,145023,0,0,44,17
4,12,2.015153e6,-1.5984173977482559,-0.9181611211733337,TIME_LIMIT,145073,0,0,31,7
4,12,2.015621e6,-1.5984173977482559,-0.9181611211733337,TIME_LIMIT,145107,0,0,45,33
4,12,2.016191e6,-1.5984075980062384,-0.9181611211733337,TIME_LIMIT,145159,0,0,37,5
4,12,2.016733e6,-1.5984075980062384,-0.9181611211733337,TIME_LIMIT,145190,0,0,31,26
4,12,2.017395e6,-1.5983684002869276,-0.9181611211733337,TIME_LIMIT,145238,0,0,17,11
4,12,2.018149e6,-1.5983684002869276,-0.9181611211733337,TIME_LIMIT,145270,0,0,36,17
4,12,2.018862e6,-1.5983560315952823,-0.9181611211733337,TIME_LIMIT,145324,0,0,37,15
4,12,2.019462e6,-1.5983560315952823,-0.9181611211733337,TIME_LIMIT,145355,0,0,41,22
4,12,2.020074e6,-1.5983158481545556,-0.9181611211733337,TIME_LIMIT,145410,0,0,34,17
4,12,2.020646e6,-1.5983158481545556,-0.9181611211733337,TIME_LIMIT,145438,0,0,27,16
4,12,2.021212e6,-1.5982396050929255,-0.9181611211733337,TIME_LIMIT,145491,0,0,27,10
4,12,2.021768e6,-1.5982396050929255,-0.9181611211733337,TIME_LIMIT,145518,0,0,29,19
4,12,2.022357e6,-1.598238550146587,-0.9181611211733337,TIME_LIMIT,145561,0,0,19,7
4,12,2.022898e6,-1.598238550146587,-0.9181611211733337,TIME_LIMIT,145602,0,0,48,44
4,12,2.023469e6,-1.598232502409998,-0.9181611211733337,TIME_LIMIT,145659,0,0,26,6
4,12,2.024058e6,-1.598232502409998,-0.9181611211733337,TIME_LIMIT,145687,0,0,40,17
4,12,2.024577e6,-1.5982282997127246,-0.9181611211733337,TIME_LIMIT,145740,0,0,27,8
4,12,2.025151e6,-1.5982282997127246,-0.9181611211733337,TIME_LIMIT,145775,0,0,36,45
4,12,2.025696e6,-1.598214562090518,-0.9181611211733337,TIME_LIMIT,145824,0,0,31,8
4,12,2.026283e6,-1.598214562090518,-0.9181611211733337,TIME_LIMIT,145852,0,0,34,21
4,12,2.026854e6,-1.5981375750874163,-0.9181611211733337,TIME_LIMIT,145907,0,0,36,12
4,12,2.027397e6,-1.5981375750874163,-0.9181611211733337,TIME_LIMIT,145937,0,0,40,27
4,12,2.027939e6,-1.598063832128528,-0.9181611211733337,TIME_LIMIT,145988,0,0,31,10
4,12,2.028561e6,-1.598063832128528,-0.9181611211733337,TIME_LIMIT,146030,0,0,43,28
4,12,2.029105e6,-1.5980485306149623,-0.9181611211733337,TIME_LIMIT,146061,0,0,40,18
4,12,2.02965e6,-1.5980485306149623,-0.9181611211733337,TIME_LIMIT,146093,0,0,35,16
4,12,2.03024e6,-1.5980437534772522,-0.9181611211733337,TIME_LIMIT,146148,0,0,34,14
4,12,2.03081e6,-1.5980437534772522,-0.9181611211733337,TIME_LIMIT,146180,0,0,21,19
4,12,2.031351e6,-1.5980317571325042,-0.9181611211733337,TIME_LIMIT,146242,0,0,37,28
4,12,2.031922e6,-1.5980317571325042,-0.9181611211733337,TIME_LIMIT,146271,0,0,38,16
4,12,2.032501e6,-1.598026771168502,-0.9181611211733337,TIME_LIMIT,146313,0,0,25,6
4,12,2.033074e6,-1.598026771168502,-0.9181611211733337,TIME_LIMIT,146345,0,0,30,17
4,12,2.033618e6,-1.5980135369994735,-0.9181611211733337,TIME_LIMIT,146389,0,0,31,7
4,12,2.03416e6,-1.5980135369994735,-0.9181611211733337,TIME_LIMIT,146420,0,0,24,20
4,12,2.034732e6,-1.597944120288298,-0.9181611211733337,TIME_LIMIT,146480,0,0,33,6
4,12,2.035335e6,-1.597944120288298,-0.9181611211733337,TIME_LIMIT,146508,0,0,36,25
4,12,2.035965e6,-1.5979034054961128,-0.9181611211733337,TIME_LIMIT,146562,0,0,33,9
4,12,2.036676e6,-1.5979034054961128,-0.9181611211733337,TIME_LIMIT,146594,0,0,43,28
4,12,2.037395e6,-1.5979021354389507,-0.9181611211733337,TIME_LIMIT,146635,0,0,27,10
4,12,2.037989e6,-1.5979021354389507,-0.9181611211733337,TIME_LIMIT,146664,0,0,40,33
4,12,2.038565e6,-1.5978191999668914,-0.9181611211733337,TIME_LIMIT,146715,0,0,36,10
4,12,2.039168e6,-1.5978191999668914,-0.9181611211733337,TIME_LIMIT,146747,0,0,26,25
4,12,2.039733e6,-1.597811679478772,-0.9181611211733337,TIME_LIMIT,146792,0,0,24,11
4,12,2.040285e6,-1.597811679478772,-0.9181611211733337,TIME_LIMIT,146833,0,0,45,37
4,12,2.040865e6,-1.597801234402083,-0.9181611211733337,TIME_LIMIT,146872,0,0,40,36
4,12,2.041491e6,-1.597801234402083,-0.9181611211733337,TIME_LIMIT,146903,0,0,37,23
4,12,2.041934e6,-1.597798821358836,-0.9181611211733337,TIME_LIMIT,146950,0,0,23,9
4,12,2.042476e6,-1.597798821358836,-0.9181611211733337,TIME_LIMIT,146982,0,0,40,22
4,12,2.043095e6,-1.5977544220261022,-0.9181611211733337,TIME_LIMIT,147027,0,0,24,21
4,12,2.043637e6,-1.5977544220261022,-0.9181611211733337,TIME_LIMIT,147057,0,0,40,15
4,12,2.044178e6,-1.5977245818189416,-0.9181611211733337,TIME_LIMIT,147112,0,0,35,19
4,12,2.044755e6,-1.5977245818189416,-0.9181611211733337,TIME_LIMIT,147151,0,0,33,14
4,12,2.045361e6,-1.597702190335824,-0.9181611211733337,TIME_LIMIT,147202,0,0,27,11
4,12,2.04592e6,-1.597702190335824,-0.9181611211733337,TIME_LIMIT,147230,0,0,43,28
4,12,2.046492e6,-1.5976426126066001,-0.9181611211733337,TIME_LIMIT,147282,0,0,27,11
4,12,2.046863e6,-1.5976426126066001,-0.9181611211733337,TIME_LIMIT,147311,0,0,47,31
4,12,2.04748e6,-1.5975974279447174,-0.9181611211733337,TIME_LIMIT,147360,0,0,29,20
4,12,2.048025e6,-1.5975974279447174,-0.9181611211733337,TIME_LIMIT,147389,0,0,36,38
4,12,2.048568e6,-1.5975894489247633,-0.9181611211733337,TIME_LIMIT,147445,0,0,37,12
4,12,2.049139e6,-1.5975894489247633,-0.9181611211733337,TIME_LIMIT,147477,0,0,34,37
4,12,2.049706e6,-1.597576592946981,-0.9181611211733337,TIME_LIMIT,147537,0,0,38,12
4,12,2.050403e6,-1.597576592946981,-0.9181611211733337,TIME_LIMIT,147573,0,0,38,39
4,12,2.051152e6,-1.5975593450986962,-0.9181611211733337,TIME_LIMIT,147622,0,0,30,15
4,12,2.051857e6,-1.5975593450986962,-0.9181611211733337,TIME_LIMIT,147656,0,0,38,16
4,12,2.052445e6,-1.5975501802815817,-0.9181611211733337,TIME_LIMIT,147705,0,0,34,19
4,12,2.053058e6,-1.5975501802815817,-0.9181611211733337,TIME_LIMIT,147737,0,0,38,28
4,12,2.053634e6,-1.5974846263193145,-0.9181611211733337,TIME_LIMIT,147790,0,0,23,9
4,12,2.054112e6,-1.5974846263193145,-0.9181611211733337,TIME_LIMIT,147827,0,0,44,18
4,12,2.054663e6,-1.5974017844088169,-0.9181611211733337,TIME_LIMIT,147877,0,0,33,7
4,12,2.055287e6,-1.5974017844088169,-0.9181611211733337,TIME_LIMIT,147905,0,0,37,14
4,12,2.055829e6,-1.597398823995111,-0.9181611211733337,TIME_LIMIT,147956,0,0,30,11
4,12,2.056327e6,-1.597398823995111,-0.9181611211733337,TIME_LIMIT,147991,0,0,42,35
4,12,2.056949e6,-1.5973981117487166,-0.9181611211733337,TIME_LIMIT,148039,0,0,32,11
4,12,2.05749e6,-1.5973981117487166,-0.9181611211733337,TIME_LIMIT,148067,0,0,33,25
4,12,2.058031e6,-1.5973755863689554,-0.9181611211733337,TIME_LIMIT,148114,0,0,22,6
4,12,2.058603e6,-1.5973755863689554,-0.9181611211733337,TIME_LIMIT,148142,0,0,38,31
4,12,2.059196e6,-1.5973564558346953,-0.9181611211733337,TIME_LIMIT,148192,0,0,32,7
4,12,2.059736e6,-1.5973564558346953,-0.9181611211733337,TIME_LIMIT,148221,0,0,39,28
4,12,2.060307e6,-1.5973534310096889,-0.9181611211733337,TIME_LIMIT,148276,0,0,30,14
4,12,2.06085e6,-1.5973534310096889,-0.9181611211733337,TIME_LIMIT,148313,0,0,22,26
4,12,2.061442e6,-1.5973394510542738,-0.9181611211733337,TIME_LIMIT,148362,0,0,28,16
4,12,2.062015e6,-1.5973394510542738,-0.9181611211733337,TIME_LIMIT,148389,0,0,37,23
4,12,2.062559e6,-1.5972984712159994,-0.9181611211733337,TIME_LIMIT,148442,0,0,13,6
4,12,2.0631e6,-1.5972984712159994,-0.9181611211733337,TIME_LIMIT,148473,0,0,41,23
4,12,2.063669e6,-1.5972928864664675,-0.9181611211733337,TIME_LIMIT,148524,0,0,34,14
4,12,2.064338e6,-1.5972928864664675,-0.9181611211733337,TIME_LIMIT,148567,0,0,58,47
4,12,2.065046e6,-1.5972594950600614,-0.9181611211733337,TIME_LIMIT,148612,0,0,30,11
4,12,2.065807e6,-1.5972594950600614,-0.9181611211733337,TIME_LIMIT,148648,0,0,39,29
4,12,2.066401e6,-1.5971930527206226,-0.9181611211733337,TIME_LIMIT,148704,0,0,38,12
4,12,2.066969e6,-1.5971930527206226,-0.9181611211733337,TIME_LIMIT,148737,0,0,39,26
4,12,2.067563e6,-1.5971893947841944,-0.9181611211733337,TIME_LIMIT,148783,0,0,25,11
4,12,2.068119e6,-1.5971893947841944,-0.9181611211733337,TIME_LIMIT,148816,0,0,43,22
4,12,2.068667e6,-1.5971715192938882,-0.9181611211733337,TIME_LIMIT,148863,0,0,30,7
4,12,2.06926e6,-1.5971715192938882,-0.9181611211733337,TIME_LIMIT,148888,0,0,41,38
4,12,2.06984e6,-1.5971088691804542,-0.9181611211733337,TIME_LIMIT,148941,0,0,29,19
4,12,2.070382e6,-1.5971088691804542,-0.9181611211733337,TIME_LIMIT,148969,0,0,22,11
4,12,2.070982e6,-1.5970768653515393,-0.9181611211733337,TIME_LIMIT,149026,0,0,38,14
4,12,2.071547e6,-1.5970768653515393,-0.9181611211733337,TIME_LIMIT,149058,0,0,41,51
4,12,2.072088e6,-1.5970623799002712,-0.9181611211733337,TIME_LIMIT,149116,0,0,35,9
4,12,2.072661e6,-1.5970623799002712,-0.9181611211733337,TIME_LIMIT,149146,0,0,21,10
4,12,2.073224e6,-1.597006108009393,-0.9181611211733337,TIME_LIMIT,149195,0,0,24,9
4,12,2.073793e6,-1.597006108009393,-0.9181611211733337,TIME_LIMIT,149219,0,0,39,54
4,12,2.074364e6,-1.5969579756487493,-0.9181611211733337,TIME_LIMIT,149275,0,0,33,9
4,12,2.074908e6,-1.5969579756487493,-0.9181611211733337,TIME_LIMIT,149307,0,0,41,16
4,12,2.075523e6,-1.5969404653849404,-0.9181611211733337,TIME_LIMIT,149364,0,0,34,15
4,12,2.076065e6,-1.5969404653849404,-0.9181611211733337,TIME_LIMIT,149390,0,0,36,23
4,12,2.076607e6,-1.59692701280215,-0.9181611211733337,TIME_LIMIT,149446,0,0,33,10
4,12,2.077179e6,-1.59692701280215,-0.9181611211733337,TIME_LIMIT,149480,0,0,42,27
4,12,2.077787e6,-1.5969105376817183,-0.9181611211733337,TIME_LIMIT,149536,0,0,37,11
4,12,2.07833e6,-1.5969105376817183,-0.9181611211733337,TIME_LIMIT,149566,0,0,36,23
4,12,2.078902e6,-1.5968938846083207,-0.9181611211733337,TIME_LIMIT,149612,0,0,33,20
4,12,2.079447e6,-1.5968938846083207,-0.9181611211733337,TIME_LIMIT,149636,0,0,35,49
4,12,2.080031e6,-1.5968364131913262,-0.9181611211733337,TIME_LIMIT,149687,0,0,33,16
4,12,2.080604e6,-1.5968364131913262,-0.9181611211733337,TIME_LIMIT,149720,0,0,38,21
4,12,2.081148e6,-1.5967683083809399,-0.9181611211733337,TIME_LIMIT,149767,0,0,29,21
4,12,2.081726e6,-1.5967683083809399,-0.9181611211733337,TIME_LIMIT,149795,0,0,38,40
4,12,2.082304e6,-1.596722036755502,-0.9181611211733337,TIME_LIMIT,149848,0,0,26,14
4,12,2.083014e6,-1.596722036755502,-0.9181611211733337,TIME_LIMIT,149879,0,0,44,42
4,12,2.083724e6,-1.596666919904673,-0.9181611211733337,TIME_LIMIT,149940,0,0,41,16
4,12,2.084455e6,-1.596666919904673,-0.9181611211733337,TIME_LIMIT,149968,0,0,29,19
4,12,2.085036e6,-1.5966217093488433,-0.9181611211733337,TIME_LIMIT,150014,0,0,31,9
4,12,2.085649e6,-1.5966217093488433,-0.9181611211733337,TIME_LIMIT,150040,0,0,34,17
4,12,2.086245e6,-1.5966121445289776,-0.9181611211733337,TIME_LIMIT,150092,0,0,30,12
4,12,2.086803e6,-1.5966121445289776,-0.9181611211733337,TIME_LIMIT,150120,0,0,47,48
4,12,2.08735e6,-1.5965884661194918,-0.9181611211733337,TIME_LIMIT,150170,0,0,29,17
4,12,2.087973e6,-1.5965884661194918,-0.9181611211733337,TIME_LIMIT,150201,0,0,35,19
4,12,2.088516e6,-1.5965689951208228,-0.9181611211733337,TIME_LIMIT,150253,0,0,32,10
4,12,2.089058e6,-1.5965689951208228,-0.9181611211733337,TIME_LIMIT,150289,0,0,40,17
4,12,2.089697e6,-1.5965681442680162,-0.9181611211733337,TIME_LIMIT,150341,0,0,34,7
4,12,2.090241e6,-1.5965681442680162,-0.9181611211733337,TIME_LIMIT,150378,0,0,42,16
4,12,2.090783e6,-1.5965672049752608,-0.9181611211733337,TIME_LIMIT,150424,0,0,32,11
4,12,2.091354e6,-1.5965672049752608,-0.9181611211733337,TIME_LIMIT,150458,0,0,45,22
4,12,2.091945e6,-1.5965607808988684,-0.9181611211733337,TIME_LIMIT,150507,0,0,21,11
4,12,2.092487e6,-1.5965607808988684,-0.9181611211733337,TIME_LIMIT,150540,0,0,34,21
4,12,2.093056e6,-1.5965562017795252,-0.9181611211733337,TIME_LIMIT,150593,0,0,29,15
4,12,2.0936e6,-1.5965562017795252,-0.9181611211733337,TIME_LIMIT,150617,0,0,33,39
4,12,2.094187e6,-1.5964762402978403,-0.9181611211733337,TIME_LIMIT,150675,0,0,38,9
4,12,2.094585e6,-1.5964762402978403,-0.9181611211733337,TIME_LIMIT,150709,0,0,32,12
4,12,2.095125e6,-1.596439410857157,-0.9181611211733337,TIME_LIMIT,150752,0,0,25,14
4,12,2.095698e6,-1.596439410857157,-0.9181611211733337,TIME_LIMIT,150781,0,0,42,29
4,12,2.096289e6,-1.5964158531822927,-0.9181611211733337,TIME_LIMIT,150841,0,0,38,11
4,12,2.09683e6,-1.5964158531822927,-0.9181611211733337,TIME_LIMIT,150869,0,0,18,9
4,12,2.097402e6,-1.596394466162776,-0.9181611211733337,TIME_LIMIT,150917,0,0,27,13
4,12,2.097952e6,-1.596394466162776,-0.9181611211733337,TIME_LIMIT,150952,0,0,35,25
4,12,2.098534e6,-1.5963773258290834,-0.9181611211733337,TIME_LIMIT,151006,0,0,29,19
4,12,2.099109e6,-1.5963773258290834,-0.9181611211733337,TIME_LIMIT,151039,0,0,43,30
4,12,2.099652e6,-1.5963716333561,-0.9181611211733337,TIME_LIMIT,151099,0,0,40,9
4,12,2.100193e6,-1.5963716333561,-0.9181611211733337,TIME_LIMIT,151137,0,0,41,30
4,12,2.100763e6,-1.5963708667994136,-0.9181611211733337,TIME_LIMIT,151185,0,0,31,8
4,12,2.101424e6,-1.5963708667994136,-0.9181611211733337,TIME_LIMIT,151232,0,0,44,22
4,12,2.102134e6,-1.5963495644919439,-0.9181611211733337,TIME_LIMIT,151267,0,0,36,18
4,12,2.102876e6,-1.5963495644919439,-0.9181611211733337,TIME_LIMIT,151295,0,0,33,21
4,12,2.103467e6,-1.5962607731916099,-0.9181611211733337,TIME_LIMIT,151344,0,0,13,7
4,12,2.104045e6,-1.5962607731916099,-0.9181611211733337,TIME_LIMIT,151376,0,0,38,13
4,12,2.104646e6,-1.596246267788413,-0.9181611211733337,TIME_LIMIT,151426,0,0,35,10
4,12,2.105214e6,-1.596246267788413,-0.9181611211733337,TIME_LIMIT,151451,0,0,34,53
4,12,2.10577e6,-1.596222904539622,-0.9181611211733337,TIME_LIMIT,151501,0,0,23,14
4,12,2.10639e6,-1.596222904539622,-0.9181611211733337,TIME_LIMIT,151535,0,0,39,41
4,12,2.106933e6,-1.596158072483268,-0.9181611211733337,TIME_LIMIT,151583,0,0,32,11
4,12,2.107475e6,-1.596158072483268,-0.9181611211733337,TIME_LIMIT,151614,0,0,17,16
4,12,2.108096e6,-1.5961288085384142,-0.9181611211733337,TIME_LIMIT,151664,0,0,30,17
4,12,2.108458e6,-1.5961288085384142,-0.9181611211733337,TIME_LIMIT,151697,0,0,32,18
4,12,2.108987e6,-1.5961261214841858,-0.9181611211733337,TIME_LIMIT,151754,0,0,35,10
4,12,2.109563e6,-1.5961261214841858,-0.9181611211733337,TIME_LIMIT,151780,0,0,39,68
4,12,2.110149e6,-1.5961238546946364,-0.9181611211733337,TIME_LIMIT,151834,0,0,24,12
4,12,2.110689e6,-1.5961238546946364,-0.9181611211733337,TIME_LIMIT,151869,0,0,43,25
4,12,2.11126e6,-1.596117171061076,-0.9181611211733337,TIME_LIMIT,151917,0,0,32,19
4,12,2.111804e6,-1.596117171061076,-0.9181611211733337,TIME_LIMIT,151948,0,0,40,18
4,12,2.112387e6,-1.5961094025667002,-0.9181611211733337,TIME_LIMIT,152000,0,0,26,9
4,12,2.112959e6,-1.5961094025667002,-0.9181611211733337,TIME_LIMIT,152024,0,0,38,17
4,12,2.113503e6,-1.5960631137890766,-0.9181611211733337,TIME_LIMIT,152069,0,0,31,4
4,12,2.114045e6,-1.5960631137890766,-0.9181611211733337,TIME_LIMIT,152104,0,0,46,44
4,12,2.114662e6,-1.5960570245893804,-0.9181611211733337,TIME_LIMIT,152156,0,0,32,24
4,12,2.115204e6,-1.5960570245893804,-0.9181611211733337,TIME_LIMIT,152182,0,0,31,27
4,12,2.115745e6,-1.5960496995906757,-0.9181611211733337,TIME_LIMIT,152237,0,0,35,11
4,12,2.116345e6,-1.5960496995906757,-0.9181611211733337,TIME_LIMIT,152271,0,0,36,14
4,12,2.116906e6,-1.5960279636916028,-0.9181611211733337,TIME_LIMIT,152309,0,0,33,10
4,12,2.117454e6,-1.5960279636916028,-0.9181611211733337,TIME_LIMIT,152335,0,0,34,27
4,12,2.118041e6,-1.5960074441078649,-0.9181611211733337,TIME_LIMIT,152385,0,0,33,8
4,12,2.118584e6,-1.5960074441078649,-0.9181611211733337,TIME_LIMIT,152421,0,0,47,21
4,12,2.11915e6,-1.5959852283937594,-0.9181611211733337,TIME_LIMIT,152475,0,0,38,10
4,12,2.1199e6,-1.5959852283937594,-0.9181611211733337,TIME_LIMIT,152504,0,0,47,19
4,12,2.120613e6,-1.5959839502677895,-0.9181611211733337,TIME_LIMIT,152557,0,0,18,6
4,12,2.121284e6,-1.5959839502677895,-0.9181611211733337,TIME_LIMIT,152588,0,0,45,52
4,12,2.121939e6,-1.5959459455870328,-0.9181611211733337,TIME_LIMIT,152632,0,0,23,14
4,12,2.122515e6,-1.5959459455870328,-0.9181611211733337,TIME_LIMIT,152666,0,0,47,22
4,12,2.123082e6,-1.595937698670408,-0.9181611211733337,TIME_LIMIT,152723,0,0,28,9
4,12,2.123432e6,-1.595937698670408,-0.9181611211733337,TIME_LIMIT,152751,0,0,29,10
4,12,2.123988e6,-1.595906579963917,-0.9181611211733337,TIME_LIMIT,152794,0,0,20,8
4,12,2.124542e6,-1.595906579963917,-0.9181611211733337,TIME_LIMIT,152825,0,0,35,13
4,12,2.125134e6,-1.5958757127124807,-0.9181611211733337,TIME_LIMIT,152874,0,0,31,11
4,12,2.125753e6,-1.5958757127124807,-0.9181611211733337,TIME_LIMIT,152902,0,0,39,14
4,12,2.126295e6,-1.5958561759959802,-0.9181611211733337,TIME_LIMIT,152951,0,0,31,11
4,12,2.126898e6,-1.5958561759959802,-0.9181611211733337,TIME_LIMIT,152974,0,0,38,23
4,12,2.127459e6,-1.5958483475388041,-0.9181611211733337,TIME_LIMIT,153020,0,0,26,3
4,12,2.128002e6,-1.5958483475388041,-0.9181611211733337,TIME_LIMIT,153054,0,0,38,20
4,12,2.12846e6,-1.5958339544041507,-0.9181611211733337,TIME_LIMIT,153101,0,0,27,9
4,12,2.128904e6,-1.5958339544041507,-0.9181611211733337,TIME_LIMIT,153138,0,0,38,29
4,12,2.129496e6,-1.5958232439157454,-0.9181611211733337,TIME_LIMIT,153193,0,0,35,8
4,12,2.13009e6,-1.5958232439157454,-0.9181611211733337,TIME_LIMIT,153228,0,0,40,29
4,12,2.130633e6,-1.5958183383633173,-0.9181611211733337,TIME_LIMIT,153280,0,0,15,11
4,12,2.13119e6,-1.5958183383633173,-0.9181611211733337,TIME_LIMIT,153310,0,0,36,23
4,12,2.131794e6,-1.5958145362533003,-0.9181611211733337,TIME_LIMIT,153361,0,0,28,6
4,12,2.132262e6,-1.5958145362533003,-0.9181611211733337,TIME_LIMIT,153396,0,0,35,36
4,12,2.132804e6,-1.5957594774407426,-0.9181611211733337,TIME_LIMIT,153447,0,0,33,14
4,12,2.133347e6,-1.5957594774407426,-0.9181611211733337,TIME_LIMIT,153485,0,0,39,14
4,12,2.133966e6,-1.5957167333086335,-0.9181611211733337,TIME_LIMIT,153532,0,0,33,13
4,12,2.134508e6,-1.5957167333086335,-0.9181611211733337,TIME_LIMIT,153561,0,0,25,29
4,12,2.135045e6,-1.5957039766093142,-0.9181611211733337,TIME_LIMIT,153611,0,0,27,9
4,12,2.13561e6,-1.5957039766093142,-0.9181611211733337,TIME_LIMIT,153648,0,0,40,25
4,12,2.136145e6,-1.595658902855166,-0.9181611211733337,TIME_LIMIT,153701,0,0,27,9
4,12,2.136704e6,-1.595658902855166,-0.9181611211733337,TIME_LIMIT,153734,0,0,15,21
4,12,2.137381e6,-1.595654565935202,-0.9181611211733337,TIME_LIMIT,153793,0,0,28,13
4,12,2.138089e6,-1.595654565935202,-0.9181611211733337,TIME_LIMIT,153820,0,0,33,19
4,12,2.138713e6,-1.5956268128574422,-0.9181611211733337,TIME_LIMIT,153880,0,0,38,10
4,12,2.139302e6,-1.5956268128574422,-0.9181611211733337,TIME_LIMIT,153904,0,0,33,17
4,12,2.139906e6,-1.5956154001018252,-0.9181611211733337,TIME_LIMIT,153950,0,0,19,4
4,12,2.140472e6,-1.5956154001018252,-0.9181611211733337,TIME_LIMIT,153986,0,0,41,19
4,12,2.141027e6,-1.5955997529007602,-0.9181611211733337,TIME_LIMIT,154031,0,0,29,5
4,12,2.141609e6,-1.5955997529007602,-0.9181611211733337,TIME_LIMIT,154064,0,0,43,21
4,12,2.1422e6,-1.5955581438752584,-0.9181611211733337,TIME_LIMIT,154111,0,0,27,8
4,12,2.142743e6,-1.5955581438752584,-0.9181611211733337,TIME_LIMIT,154139,0,0,45,50
4,12,2.143284e6,-1.5955145156692936,-0.9181611211733337,TIME_LIMIT,154195,0,0,31,14
4,12,2.143903e6,-1.5955145156692936,-0.9181611211733337,TIME_LIMIT,154223,0,0,39,26
4,12,2.144448e6,-1.5954930975209483,-0.9181611211733337,TIME_LIMIT,154265,0,0,27,6
4,12,2.144987e6,-1.5954930975209483,-0.9181611211733337,TIME_LIMIT,154296,0,0,28,12
4,12,2.145562e6,-1.5954872325481466,-0.9181611211733337,TIME_LIMIT,154349,0,0,34,12
4,12,2.146155e6,-1.5954872325481466,-0.9181611211733337,TIME_LIMIT,154381,0,0,39,23
4,12,2.146696e6,-1.5954641789078052,-0.9181611211733337,TIME_LIMIT,154426,0,0,21,10
4,12,2.14727e6,-1.5954641789078052,-0.9181611211733337,TIME_LIMIT,154456,0,0,40,33
4,12,2.147813e6,-1.5954381486623255,-0.9181611211733337,TIME_LIMIT,154504,0,0,33,9
4,12,2.148377e6,-1.5954381486623255,-0.9181611211733337,TIME_LIMIT,154536,0,0,40,26
4,12,2.14895e6,-1.5954318233443063,-0.9181611211733337,TIME_LIMIT,154581,0,0,26,10
4,12,2.149491e6,-1.5954318233443063,-0.9181611211733337,TIME_LIMIT,154603,0,0,39,37
4,12,2.150034e6,-1.5954306476251052,-0.9181611211733337,TIME_LIMIT,154661,0,0,36,10
4,12,2.150606e6,-1.5954306476251052,-0.9181611211733337,TIME_LIMIT,154697,0,0,56,28
4,12,2.15123e6,-1.59538953761106,-0.9181611211733337,TIME_LIMIT,154748,0,0,26,18
4,12,2.151945e6,-1.59538953761106,-0.9181611211733337,TIME_LIMIT,154780,0,0,47,22
4,12,2.152697e6,-1.5953775015418494,-0.9181611211733337,TIME_LIMIT,154835,0,0,36,11
4,12,2.153328e6,-1.5953775015418494,-0.9181611211733337,TIME_LIMIT,154871,0,0,16,21
4,12,2.153915e6,-1.5953402942146206,-0.9181611211733337,TIME_LIMIT,154926,0,0,25,13
4,12,2.15452e6,-1.5953402942146206,-0.9181611211733337,TIME_LIMIT,154950,0,0,36,14
4,12,2.155087e6,-1.5953179133992028,-0.9181611211733337,TIME_LIMIT,155003,0,0,24,9
4,12,2.155645e6,-1.5953179133992028,-0.9181611211733337,TIME_LIMIT,155037,0,0,44,30
4,12,2.156228e6,-1.5952754389667372,-0.9181611211733337,TIME_LIMIT,155091,0,0,37,13
4,12,2.156818e6,-1.5952754389667372,-0.9181611211733337,TIME_LIMIT,155123,0,0,42,29
4,12,2.157361e6,-1.595260810003562,-0.9181611211733337,TIME_LIMIT,155171,0,0,35,15
4,12,2.157952e6,-1.595260810003562,-0.9181611211733337,TIME_LIMIT,155199,0,0,41,43
4,12,2.158536e6,-1.5952455885949832,-0.9181611211733337,TIME_LIMIT,155246,0,0,27,6
4,12,2.159079e6,-1.5952455885949832,-0.9181611211733337,TIME_LIMIT,155284,0,0,32,8
4,12,2.159649e6,-1.5952002386243467,-0.9181611211733337,TIME_LIMIT,155317,0,0,30,12
4,12,2.160191e6,-1.5952002386243467,-0.9181611211733337,TIME_LIMIT,155350,0,0,43,22
4,12,2.160782e6,-1.59518916900754,-0.9181611211733337,TIME_LIMIT,155404,0,0,33,9
4,12,2.161326e6,-1.59518916900754,-0.9181611211733337,TIME_LIMIT,155440,0,0,41,16
4,12,2.161934e6,-1.5951802709015312,-0.9181611211733337,TIME_LIMIT,155492,0,0,35,13
4,12,2.16249e6,-1.5951802709015312,-0.9181611211733337,TIME_LIMIT,155526,0,0,40,24
4,12,2.163062e6,-1.5951020072576332,-0.9181611211733337,TIME_LIMIT,155575,0,0,32,10
4,12,2.163634e6,-1.5951020072576332,-0.9181611211733337,TIME_LIMIT,155604,0,0,30,28
4,12,2.164175e6,-1.5950754068356374,-0.9181611211733337,TIME_LIMIT,155659,0,0,38,8
4,12,2.164734e6,-1.5950754068356374,-0.9181611211733337,TIME_LIMIT,155686,0,0,30,10
4,12,2.165336e6,-1.5950737505012158,-0.9181611211733337,TIME_LIMIT,155732,0,0,25,13
4,12,2.165917e6,-1.5950737505012158,-0.9181611211733337,TIME_LIMIT,155768,0,0,44,24
4,12,2.16646e6,-1.5950645445463805,-0.9181611211733337,TIME_LIMIT,155825,0,0,37,15
4,12,2.167076e6,-1.5950645445463805,-0.9181611211733337,TIME_LIMIT,155858,0,0,34,13
4,12,2.167619e6,-1.5950595576111735,-0.9181611211733337,TIME_LIMIT,155895,0,0,33,10
4,12,2.16816e6,-1.5950595576111735,-0.9181611211733337,TIME_LIMIT,155923,0,0,36,39
4,12,2.168733e6,-1.59503550219068,-0.9181611211733337,TIME_LIMIT,155970,0,0,25,11
4,12,2.169278e6,-1.59503550219068,-0.9181611211733337,TIME_LIMIT,155997,0,0,32,15
4,12,2.169899e6,-1.5950199183185652,-0.9181611211733337,TIME_LIMIT,156049,0,0,28,8
4,12,2.170653e6,-1.5950199183185652,-0.9181611211733337,TIME_LIMIT,156078,0,0,44,44
4,12,2.171365e6,-1.5950048386821845,-0.9181611211733337,TIME_LIMIT,156133,0,0,26,15
4,12,2.17202e6,-1.5950048386821845,-0.9181611211733337,TIME_LIMIT,156156,0,0,33,25
4,12,2.172636e6,-1.5949939651452136,-0.9181611211733337,TIME_LIMIT,156206,0,0,27,12
4,12,2.173215e6,-1.5949939651452136,-0.9181611211733337,TIME_LIMIT,156233,0,0,38,28
4,12,2.173787e6,-1.594955689207409,-0.9181611211733337,TIME_LIMIT,156292,0,0,39,17
4,12,2.174379e6,-1.594955689207409,-0.9181611211733337,TIME_LIMIT,156324,0,0,34,18
4,12,2.174798e6,-1.5949429341510954,-0.9181611211733337,TIME_LIMIT,156363,0,0,37,13
4,12,2.175407e6,-1.5949429341510954,-0.9181611211733337,TIME_LIMIT,156398,0,0,48,27
4,12,2.175966e6,-1.594933648837038,-0.9181611211733337,TIME_LIMIT,156452,0,0,31,9
4,12,2.176507e6,-1.594933648837038,-0.9181611211733337,TIME_LIMIT,156489,0,0,46,34
4,12,2.177124e6,-1.5949269259292125,-0.9181611211733337,TIME_LIMIT,156541,0,0,30,8
4,12,2.17767e6,-1.5949269259292125,-0.9181611211733337,TIME_LIMIT,156575,0,0,36,33
4,12,2.17821e6,-1.5949074815273936,-0.9181611211733337,TIME_LIMIT,156628,0,0,33,10
4,12,2.178786e6,-1.5949074815273936,-0.9181611211733337,TIME_LIMIT,156656,0,0,45,44
4,12,2.179374e6,-1.5948842646798826,-0.9181611211733337,TIME_LIMIT,156712,0,0,33,24
4,12,2.179918e6,-1.5948842646798826,-0.9181611211733337,TIME_LIMIT,156752,0,0,50,31
4,12,2.180488e6,-1.5948526843453266,-0.9181611211733337,TIME_LIMIT,156802,0,0,24,17
4,12,2.18103e6,-1.5948526843453266,-0.9181611211733337,TIME_LIMIT,156832,0,0,42,28
4,12,2.181619e6,-1.5947243117219254,-0.9181611211733337,TIME_LIMIT,156879,0,0,28,12
4,12,2.182192e6,-1.5947243117219254,-0.9181611211733337,TIME_LIMIT,156908,0,0,39,20
4,12,2.182735e6,-1.5947155886604725,-0.9181611211733337,TIME_LIMIT,156962,0,0,31,7
4,12,2.183276e6,-1.5947155886604725,-0.9181611211733337,TIME_LIMIT,156998,0,0,37,43
4,12,2.183895e6,-1.5947103799882,-0.9181611211733337,TIME_LIMIT,157048,0,0,32,21
4,12,2.184436e6,-1.5947103799882,-0.9181611211733337,TIME_LIMIT,157082,0,0,36,34
4,12,2.184979e6,-1.5947077367044378,-0.9181611211733337,TIME_LIMIT,157129,0,0,32,7
4,12,2.185567e6,-1.5947077367044378,-0.9181611211733337,TIME_LIMIT,157164,0,0,40,23
4,12,2.186143e6,-1.5946808336934934,-0.9181611211733337,TIME_LIMIT,157215,0,0,33,16
4,12,2.186686e6,-1.5946808336934934,-0.9181611211733337,TIME_LIMIT,157240,0,0,36,25
4,12,2.187259e6,-1.594634364006428,-0.9181611211733337,TIME_LIMIT,157299,0,0,39,17
4,12,2.187801e6,-1.594634364006428,-0.9181611211733337,TIME_LIMIT,157333,0,0,34,32
4,12,2.188346e6,-1.5946253525200365,-0.9181611211733337,TIME_LIMIT,157382,0,0,27,12
4,12,2.189039e6,-1.5946253525200365,-0.9181611211733337,TIME_LIMIT,157402,0,0,31,34
4,12,2.189789e6,-1.594559928299946,-0.9181611211733337,TIME_LIMIT,157452,0,0,28,7
4,12,2.190491e6,-1.594559928299946,-0.9181611211733337,TIME_LIMIT,157488,0,0,41,18
4,12,2.191077e6,-1.5945016465090334,-0.9181611211733337,TIME_LIMIT,157539,0,0,31,11
4,12,2.191686e6,-1.5945016465090334,-0.9181611211733337,TIME_LIMIT,157566,0,0,35,19
4,12,2.192255e6,-1.5944673661857411,-0.9181611211733337,TIME_LIMIT,157614,0,0,24,11
4,12,2.192816e6,-1.5944673661857411,-0.9181611211733337,TIME_LIMIT,157651,0,0,33,10
4,12,2.1934e6,-1.5944223108174913,-0.9181611211733337,TIME_LIMIT,157695,0,0,36,17
4,12,2.193954e6,-1.5944223108174913,-0.9181611211733337,TIME_LIMIT,157720,0,0,37,17
4,12,2.194545e6,-1.5944182503009772,-0.9181611211733337,TIME_LIMIT,157769,0,0,29,7
4,12,2.195118e6,-1.5944182503009772,-0.9181611211733337,TIME_LIMIT,157797,0,0,38,18
4,12,2.195662e6,-1.5943991882535904,-0.9181611211733337,TIME_LIMIT,157843,0,0,23,13
4,12,2.196251e6,-1.5943991882535904,-0.9181611211733337,TIME_LIMIT,157877,0,0,28,40
4,12,2.196825e6,-1.5943796753957857,-0.9181611211733337,TIME_LIMIT,157927,0,0,28,33
4,12,2.197366e6,-1.5943796753957857,-0.9181611211733337,TIME_LIMIT,157953,0,0,34,31
4,12,2.197927e6,-1.5943544783727857,-0.9181611211733337,TIME_LIMIT,158002,0,0,32,19
4,12,2.198544e6,-1.5943544783727857,-0.9181611211733337,TIME_LIMIT,158032,0,0,36,13
4,12,2.199086e6,-1.594294321413223,-0.9181611211733337,TIME_LIMIT,158084,0,0,33,17
4,12,2.199631e6,-1.594294321413223,-0.9181611211733337,TIME_LIMIT,158114,0,0,36,22
4,12,2.200204e6,-1.5942888352087807,-0.9181611211733337,TIME_LIMIT,158167,0,0,32,9
4,12,2.200794e6,-1.5942888352087807,-0.9181611211733337,TIME_LIMIT,158203,0,0,40,23
4,12,2.201337e6,-1.5942879530784249,-0.9181611211733337,TIME_LIMIT,158249,0,0,24,12
4,12,2.201914e6,-1.5942879530784249,-0.9181611211733337,TIME_LIMIT,158281,0,0,46,43
4,12,2.202518e6,-1.5942772565832648,-0.9181611211733337,TIME_LIMIT,158333,0,0,35,12
4,12,2.203079e6,-1.5942772565832648,-0.9181611211733337,TIME_LIMIT,158358,0,0,41,33
4,12,2.203619e6,-1.594277197818949,-0.9181611211733337,TIME_LIMIT,158408,0,0,30,11
4,12,2.204193e6,-1.594277197818949,-0.9181611211733337,TIME_LIMIT,158442,0,0,23,16
4,12,2.204737e6,-1.5942638489350827,-0.9181611211733337,TIME_LIMIT,158498,0,0,37,9
4,12,2.205307e6,-1.5942638489350827,-0.9181611211733337,TIME_LIMIT,158533,0,0,35,15
4,12,2.206099e6,-1.5942254728101217,-0.9181611211733337,TIME_LIMIT,158592,0,0,38,24
4,12,2.206722e6,-1.5942254728101217,-0.9181611211733337,TIME_LIMIT,158618,0,0,42,28
4,12,2.207399e6,-1.5942151594928395,-0.9181611211733337,TIME_LIMIT,158664,0,0,30,4
4,12,2.20798e6,-1.5942151594928395,-0.9181611211733337,TIME_LIMIT,158704,0,0,26,14
4,12,2.208588e6,-1.5941991237362336,-0.9181611211733337,TIME_LIMIT,158751,0,0,9,6
4,12,2.209157e6,-1.5941991237362336,-0.9181611211733337,TIME_LIMIT,158780,0,0,45,15
4,12,2.209721e6,-1.594176143106885,-0.9181611211733337,TIME_LIMIT,158834,0,0,35,8
4,12,2.210329e6,-1.594176143106885,-0.9181611211733337,TIME_LIMIT,158866,0,0,37,16
4,12,2.21092e6,-1.5941419035999465,-0.9181611211733337,TIME_LIMIT,158912,0,0,25,8
4,12,2.211464e6,-1.5941419035999465,-0.9181611211733337,TIME_LIMIT,158946,0,0,37,23
4,12,2.212035e6,-1.5940581913052043,-0.9181611211733337,TIME_LIMIT,158996,0,0,27,15
4,12,2.212625e6,-1.5940581913052043,-0.9181611211733337,TIME_LIMIT,159033,0,0,36,20
4,12,2.213168e6,-1.5940281646388257,-0.9181611211733337,TIME_LIMIT,159063,0,0,29,10
4,12,2.213575e6,-1.5940281646388257,-0.9181611211733337,TIME_LIMIT,159106,0,0,49,24
4,12,2.214119e6,-1.594014093694753,-0.9181611211733337,TIME_LIMIT,159162,0,0,37,8
4,12,2.214694e6,-1.594014093694753,-0.9181611211733337,TIME_LIMIT,159194,0,0,41,26
4,12,2.21528e6,-1.5940042710110958,-0.9181611211733337,TIME_LIMIT,159243,0,0,32,3
4,12,2.215821e6,-1.5940042710110958,-0.9181611211733337,TIME_LIMIT,159274,0,0,41,36
4,12,2.216361e6,-1.59400235065438,-0.9181611211733337,TIME_LIMIT,159323,0,0,31,9
4,12,2.216977e6,-1.59400235065438,-0.9181611211733337,TIME_LIMIT,159351,0,0,27,34
4,12,2.217521e6,-1.5939135690037773,-0.9181611211733337,TIME_LIMIT,159400,0,0,32,15
4,12,2.218065e6,-1.5939135690037773,-0.9181611211733337,TIME_LIMIT,159441,0,0,36,34
4,12,2.21864e6,-1.593909529111332,-0.9181611211733337,TIME_LIMIT,159480,0,0,36,30
4,12,2.219228e6,-1.593909529111332,-0.9181611211733337,TIME_LIMIT,159512,0,0,30,16
4,12,2.219769e6,-1.5938795560075825,-0.9181611211733337,TIME_LIMIT,159564,0,0,33,12
4,12,2.22034e6,-1.5938795560075825,-0.9181611211733337,TIME_LIMIT,159596,0,0,38,22
4,12,2.220883e6,-1.5938548160399975,-0.9181611211733337,TIME_LIMIT,159641,0,0,23,11
4,12,2.221466e6,-1.5938548160399975,-0.9181611211733337,TIME_LIMIT,159671,0,0,38,27
4,12,2.22204e6,-1.593841224466353,-0.9181611211733337,TIME_LIMIT,159721,0,0,35,14
4,12,2.222428e6,-1.593841224466353,-0.9181611211733337,TIME_LIMIT,159760,0,0,43,9
4,12,2.223e6,-1.5938209196326492,-0.9181611211733337,TIME_LIMIT,159807,0,0,30,10
4,12,2.22354e6,-1.5938209196326492,-0.9181611211733337,TIME_LIMIT,159839,0,0,39,24
4,12,2.224191e6,-1.5938082898958577,-0.9181611211733337,TIME_LIMIT,159885,0,0,30,15
4,12,2.224938e6,-1.5938082898958577,-0.9181611211733337,TIME_LIMIT,159916,0,0,34,7
4,12,2.225652e6,-1.5937971114477234,-0.9181611211733337,TIME_LIMIT,159966,0,0,30,8
4,12,2.226262e6,-1.5937971114477234,-0.9181611211733337,TIME_LIMIT,160003,0,0,35,13
4,12,2.226836e6,-1.5937484757031746,-0.9181611211733337,TIME_LIMIT,160056,0,0,29,9
4,12,2.227442e6,-1.5937484757031746,-0.9181611211733337,TIME_LIMIT,160092,0,0,42,32
4,12,2.228008e6,-1.5937131527180197,-0.9181611211733337,TIME_LIMIT,160144,0,0,27,9
4,12,2.228562e6,-1.5937131527180197,-0.9181611211733337,TIME_LIMIT,160177,0,0,30,23
4,12,2.229148e6,-1.5935760889473085,-0.9181611211733337,TIME_LIMIT,160223,0,0,17,6
4,12,2.229739e6,-1.5935760889473085,-0.9181611211733337,TIME_LIMIT,160257,0,0,32,20
4,12,2.230285e6,-1.5935524663175176,-0.9181611211733337,TIME_LIMIT,160309,0,0,37,22
4,12,2.230857e6,-1.5935524663175176,-0.9181611211733337,TIME_LIMIT,160336,0,0,30,21
4,12,2.231444e6,-1.5935445950726006,-0.9181611211733337,TIME_LIMIT,160390,0,0,32,12
4,12,2.231878e6,-1.5935445950726006,-0.9181611211733337,TIME_LIMIT,160424,0,0,41,12
4,12,2.23242e6,-1.5934769565476057,-0.9181611211733337,TIME_LIMIT,160469,0,0,26,8
4,12,2.232959e6,-1.5934769565476057,-0.9181611211733337,TIME_LIMIT,160505,0,0,35,14
4,12,2.23358e6,-1.5934766868759505,-0.9181611211733337,TIME_LIMIT,160540,0,0,36,14
4,12,2.234126e6,-1.5934766868759505,-0.9181611211733337,TIME_LIMIT,160570,0,0,33,18
4,12,2.234666e6,-1.593476018165545,-0.9181611211733337,TIME_LIMIT,160625,0,0,30,14
4,12,2.235241e6,-1.593476018165545,-0.9181611211733337,TIME_LIMIT,160659,0,0,38,19
4,12,2.235828e6,-1.5934594049196251,-0.9181611211733337,TIME_LIMIT,160705,0,0,24,5
4,12,2.236372e6,-1.5934594049196251,-0.9181611211733337,TIME_LIMIT,160731,0,0,50,42
4,12,2.236946e6,-1.5934314460286816,-0.9181611211733337,TIME_LIMIT,160785,0,0,28,14
4,12,2.237488e6,-1.5934314460286816,-0.9181611211733337,TIME_LIMIT,160826,0,0,34,11
4,12,2.238099e6,-1.5934105225296658,-0.9181611211733337,TIME_LIMIT,160861,0,0,40,11
4,12,2.238671e6,-1.5934105225296658,-0.9181611211733337,TIME_LIMIT,160894,0,0,34,26
4,12,2.239213e6,-1.593388933705465,-0.9181611211733337,TIME_LIMIT,160940,0,0,28,7
4,12,2.239781e6,-1.593388933705465,-0.9181611211733337,TIME_LIMIT,160965,0,0,36,34
4,12,2.240345e6,-1.5933722971659632,-0.9181611211733337,TIME_LIMIT,161016,0,0,32,22
4,12,2.240916e6,-1.5933722971659632,-0.9181611211733337,TIME_LIMIT,161055,0,0,47,21
4,12,2.241461e6,-1.5933461963937277,-0.9181611211733337,TIME_LIMIT,161109,0,0,20,15
4,12,2.242035e6,-1.5933461963937277,-0.9181611211733337,TIME_LIMIT,161136,0,0,46,33
4,12,2.24265e6,-1.5932681392393753,-0.9181611211733337,TIME_LIMIT,161188,0,0,35,5
4,12,2.243361e6,-1.5932681392393753,-0.9181611211733337,TIME_LIMIT,161217,0,0,37,15
4,12,2.244066e6,-1.593256117678136,-0.9181611211733337,TIME_LIMIT,161262,0,0,22,10
4,12,2.24477e6,-1.593256117678136,-0.9181611211733337,TIME_LIMIT,161290,0,0,37,39
4,12,2.245349e6,-1.5932554433628312,-0.9181611211733337,TIME_LIMIT,161345,0,0,29,12
4,12,2.245849e6,-1.5932554433628312,-0.9181611211733337,TIME_LIMIT,161373,0,0,37,21
4,12,2.246458e6,-1.5932467752988355,-0.9181611211733337,TIME_LIMIT,161425,0,0,38,15
4,12,2.247052e6,-1.5932467752988355,-0.9181611211733337,TIME_LIMIT,161458,0,0,35,23
4,12,2.247602e6,-1.5932305991601527,-0.9181611211733337,TIME_LIMIT,161505,0,0,32,8
4,12,2.247992e6,-1.5932305991601527,-0.9181611211733337,TIME_LIMIT,161537,0,0,40,26
4,12,2.248423e6,-1.5932127420287767,-0.9181611211733337,TIME_LIMIT,161590,0,0,34,19
4,12,2.248965e6,-1.5932127420287767,-0.9181611211733337,TIME_LIMIT,161618,0,0,44,42
4,12,2.249584e6,-1.5931626561782901,-0.9181611211733337,TIME_LIMIT,161668,0,0,28,15
4,12,2.250152e6,-1.5931626561782901,-0.9181611211733337,TIME_LIMIT,161705,0,0,41,26
4,12,2.250738e6,-1.5931478983540224,-0.9181611211733337,TIME_LIMIT,161754,0,0,30,15
4,12,2.251312e6,-1.5931478983540224,-0.9181611211733337,TIME_LIMIT,161786,0,0,43,23
4,12,2.251858e6,-1.5931235923284532,-0.9181611211733337,TIME_LIMIT,161837,0,0,28,11
4,12,2.2524e6,-1.5931235923284532,-0.9181611211733337,TIME_LIMIT,161872,0,0,52,34
4,12,2.253017e6,-1.5930909781067886,-0.9181611211733337,TIME_LIMIT,161923,0,0,30,11
4,12,2.253558e6,-1.5930909781067886,-0.9181611211733337,TIME_LIMIT,161963,0,0,35,14
4,12,2.2541e6,-1.593027473968004,-0.9181611211733337,TIME_LIMIT,161999,0,0,37,15
4,12,2.254641e6,-1.593027473968004,-0.9181611211733337,TIME_LIMIT,162034,0,0,41,35
4,12,2.255258e6,-1.5930065964256936,-0.9181611211733337,TIME_LIMIT,162082,0,0,29,9
4,12,2.255801e6,-1.5930065964256936,-0.9181611211733337,TIME_LIMIT,162114,0,0,47,25
4,12,2.256341e6,-1.592975698431787,-0.9181611211733337,TIME_LIMIT,162168,0,0,33,9
4,12,2.256915e6,-1.592975698431787,-0.9181611211733337,TIME_LIMIT,162209,0,0,42,27
4,12,2.257455e6,-1.5929504924548357,-0.9181611211733337,TIME_LIMIT,162258,0,0,33,13
4,12,2.258125e6,-1.5929504924548357,-0.9181611211733337,TIME_LIMIT,162286,0,0,45,27
4,12,2.258877e6,-1.5929275596392978,-0.9181611211733337,TIME_LIMIT,162341,0,0,29,9
4,12,2.259591e6,-1.5929275596392978,-0.9181611211733337,TIME_LIMIT,162372,0,0,43,28
4,12,2.260188e6,-1.5929124614005878,-0.9181611211733337,TIME_LIMIT,162423,0,0,28,8
4,12,2.260796e6,-1.5929124614005878,-0.9181611211733337,TIME_LIMIT,162457,0,0,36,24
4,12,2.261367e6,-1.5929119388423225,-0.9181611211733337,TIME_LIMIT,162509,0,0,31,22
4,12,2.261933e6,-1.5929119388423225,-0.9181611211733337,TIME_LIMIT,162533,0,0,41,29
4,12,2.262517e6,-1.5928717164497934,-0.9181611211733337,TIME_LIMIT,162582,0,0,17,7
4,12,2.263106e6,-1.5928717164497934,-0.9181611211733337,TIME_LIMIT,162615,0,0,35,9
4,12,2.26365e6,-1.5928296358045237,-0.9181611211733337,TIME_LIMIT,162661,0,0,30,15
4,12,2.264237e6,-1.5928296358045237,-0.9181611211733337,TIME_LIMIT,162694,0,0,42,50
4,12,2.26481e6,-1.592815215275159,-0.9181611211733337,TIME_LIMIT,162746,0,0,31,13
4,12,2.265354e6,-1.592815215275159,-0.9181611211733337,TIME_LIMIT,162770,0,0,33,32
4,12,2.265948e6,-1.5928086249775089,-0.9181611211733337,TIME_LIMIT,162815,0,0,29,12
4,12,2.266524e6,-1.5928086249775089,-0.9181611211733337,TIME_LIMIT,162841,0,0,36,19
4,12,2.267112e6,-1.5928021863684825,-0.9181611211733337,TIME_LIMIT,162879,0,0,17,8
4,12,2.267656e6,-1.5928021863684825,-0.9181611211733337,TIME_LIMIT,162903,0,0,35,16
4,12,2.268229e6,-1.5927853392112417,-0.9652713506234872,TIME_LIMIT,162952,0,0,28,10
4,12,2.268772e6,-1.5927853392112417,-0.9652713506234872,TIME_LIMIT,162976,0,0,33,24
4,12,2.269361e6,-1.592766786683705,-0.9652713506234872,TIME_LIMIT,163022,0,0,24,18
4,12,2.269905e6,-1.592766786683705,-0.9652713506234872,TIME_LIMIT,163048,0,0,31,25
4,12,2.270479e6,-1.592760788321054,-0.9652713506234872,TIME_LIMIT,163091,0,0,31,12
4,12,2.270818e6,-1.592760788321054,-0.9652713506234872,TIME_LIMIT,163120,0,0,35,15
4,12,2.271436e6,-1.592744402478321,-0.9652713506234872,TIME_LIMIT,163164,0,0,28,14
4,12,2.271978e6,-1.592744402478321,-0.9652713506234872,TIME_LIMIT,163190,0,0,32,25
4,12,2.272523e6,-1.5927408860416474,-0.9652713506234872,TIME_LIMIT,163236,0,0,27,12
4,12,2.273098e6,-1.5927408860416474,-0.9652713506234872,TIME_LIMIT,163268,0,0,48,48
4,12,2.273689e6,-1.5926999116079366,-0.9652713506234872,TIME_LIMIT,163319,0,0,36,19
4,12,2.274237e6,-1.5926999116079366,-0.9652713506234872,TIME_LIMIT,163353,0,0,40,26
4,12,2.274778e6,-1.5926718324697426,-0.9652713506234872,TIME_LIMIT,163404,0,0,29,17
4,12,2.275374e6,-1.5926718324697426,-0.9652713506234872,TIME_LIMIT,163443,0,0,21,20
4,12,2.275942e6,-1.59263092259006,-0.9652713506234872,TIME_LIMIT,163493,0,0,26,10
4,12,2.276484e6,-1.59263092259006,-0.9652713506234872,TIME_LIMIT,163524,0,0,32,21
4,12,2.277059e6,-1.5925708013127264,-0.9652713506234872,TIME_LIMIT,163575,0,0,33,11
4,12,2.277603e6,-1.5925708013127264,-0.9652713506234872,TIME_LIMIT,163599,0,0,37,19
4,12,2.278183e6,-1.592546503927528,-0.9652713506234872,TIME_LIMIT,163644,0,0,18,6
4,12,2.27894e6,-1.592546503927528,-0.9652713506234872,TIME_LIMIT,163675,0,0,31,29
4,12,2.27965e6,-1.5925362078546719,-0.9652713506234872,TIME_LIMIT,163712,0,0,28,24
4,12,2.280326e6,-1.5925362078546719,-0.9652713506234872,TIME_LIMIT,163739,0,0,37,27
4,12,2.280904e6,-1.5925220557406525,-0.9652713506234872,TIME_LIMIT,163786,0,0,28,10
4,12,2.281507e6,-1.5925220557406525,-0.9652713506234872,TIME_LIMIT,163815,0,0,39,28
4,12,2.282095e6,-1.592519170665327,-0.9652713506234872,TIME_LIMIT,163861,0,0,25,12
4,12,2.282669e6,-1.592519170665327,-0.9652713506234872,TIME_LIMIT,163897,0,0,31,27
4,12,2.28325e6,-1.5925178544560459,-0.9652713506234872,TIME_LIMIT,163940,0,0,28,11
4,12,2.283837e6,-1.5925178544560459,-0.9652713506234872,TIME_LIMIT,163977,0,0,41,29
4,12,2.284385e6,-1.5925072352049845,-0.9652713506234872,TIME_LIMIT,164029,0,0,33,12
4,12,2.284997e6,-1.5925072352049845,-0.9652713506234872,TIME_LIMIT,164061,0,0,41,20
4,12,2.28554e6,-1.5924741759229202,-0.9652713506234872,TIME_LIMIT,164116,0,0,32,9
4,12,2.286132e6,-1.5924741759229202,-0.9652713506234872,TIME_LIMIT,164146,0,0,34,35
4,12,2.286734e6,-1.5924714862745413,-0.9652713506234872,TIME_LIMIT,164175,0,0,37,31
4,12,2.287297e6,-1.5924714862745413,-0.9652713506234872,TIME_LIMIT,164209,0,0,42,36
4,12,2.287847e6,-1.5924479073353972,-0.9652713506234872,TIME_LIMIT,164256,0,0,32,11
4,12,2.288389e6,-1.5924479073353972,-0.9652713506234872,TIME_LIMIT,164286,0,0,42,27
4,12,2.28896e6,-1.5924102182739672,-0.9652713506234872,TIME_LIMIT,164342,0,0,36,12
4,12,2.289528e6,-1.5924102182739672,-0.9652713506234872,TIME_LIMIT,164371,0,0,27,27
4,12,2.290088e6,-1.5924093574043499,-0.9652713506234872,TIME_LIMIT,164419,0,0,29,11
4,12,2.290678e6,-1.5924093574043499,-0.9652713506234872,TIME_LIMIT,164444,0,0,27,14
4,12,2.291223e6,-1.592398716383579,-0.9652713506234872,TIME_LIMIT,164497,0,0,23,12
4,12,2.291755e6,-1.592398716383579,-0.9652713506234872,TIME_LIMIT,164532,0,0,16,19
4,12,2.292298e6,-1.5923616457670386,-0.9652713506234872,TIME_LIMIT,164579,0,0,19,5
4,12,2.292869e6,-1.5923616457670386,-0.9652713506234872,TIME_LIMIT,164613,0,0,39,12
4,12,2.29341e6,-1.5922645583892057,-0.9652713506234872,TIME_LIMIT,164657,0,0,29,5
4,12,2.293953e6,-1.5922645583892057,-0.9652713506234872,TIME_LIMIT,164686,0,0,44,35
4,12,2.294553e6,-1.5922454468832425,-0.9652713506234872,TIME_LIMIT,164735,0,0,28,11
4,12,2.295304e6,-1.5922454468832425,-0.9652713506234872,TIME_LIMIT,164764,0,0,39,28
4,12,2.296015e6,-1.5921972330605014,-0.9652713506234872,TIME_LIMIT,164813,0,0,26,5
4,12,2.296663e6,-1.5921972330605014,-0.9652713506234872,TIME_LIMIT,164841,0,0,45,18
4,12,2.297279e6,-1.592196294363007,-0.9652713506234872,TIME_LIMIT,164900,0,0,36,11
4,12,2.297855e6,-1.592196294363007,-0.9652713506234872,TIME_LIMIT,164926,0,0,39,29
4,12,2.298421e6,-1.592180285381761,-0.9652713506234872,TIME_LIMIT,164976,0,0,24,12
4,12,2.299013e6,-1.592180285381761,-0.9652713506234872,TIME_LIMIT,165005,0,0,49,29
4,12,2.299585e6,-1.5921753010924324,-0.9652713506234872,TIME_LIMIT,165065,0,0,28,11
4,12,2.300154e6,-1.5921753010924324,-0.9652713506234872,TIME_LIMIT,165101,0,0,24,19
4,12,2.300609e6,-1.5921347523927698,-0.9652713506234872,TIME_LIMIT,165157,0,0,37,10
4,12,2.301166e6,-1.5921347523927698,-0.9652713506234872,TIME_LIMIT,165196,0,0,47,24
4,12,2.301739e6,-1.5921142599683433,-0.9652713506234872,TIME_LIMIT,165246,0,0,24,10
4,12,2.302304e6,-1.5921142599683433,-0.9652713506234872,TIME_LIMIT,165272,0,0,35,30
4,12,2.302873e6,-1.5920981409962012,-0.9652713506234872,TIME_LIMIT,165317,0,0,29,7
4,12,2.303443e6,-1.5920981409962012,-0.9652713506234872,TIME_LIMIT,165352,0,0,28,31
4,12,2.304035e6,-1.5920768630251494,-0.9652713506234872,TIME_LIMIT,165381,0,0,32,29
4,12,2.30458e6,-1.5920768630251494,-0.9652713506234872,TIME_LIMIT,165417,0,0,48,42
4,12,2.305121e6,-1.592061876405164,-0.9652713506234872,TIME_LIMIT,165461,0,0,25,15
4,12,2.305718e6,-1.592061876405164,-0.9652713506234872,TIME_LIMIT,165496,0,0,38,39
4,12,2.306288e6,-1.592009369289229,-0.9652713506234872,TIME_LIMIT,165547,0,0,32,18
4,12,2.30683e6,-1.592009369289229,-0.9652713506234872,TIME_LIMIT,165583,0,0,42,23
4,12,2.3074e6,-1.5920023303422117,-0.9652713506234872,TIME_LIMIT,165638,0,0,37,6
4,12,2.307968e6,-1.5920023303422117,-0.9652713506234872,TIME_LIMIT,165665,0,0,32,12
4,12,2.30853e6,-1.5919483855368728,-0.9652713506234872,TIME_LIMIT,165716,0,0,30,15
4,12,2.308925e6,-1.5919483855368728,-0.9652713506234872,TIME_LIMIT,165745,0,0,27,9
4,12,2.309221e6,-1.5919477939113285,-0.9652713506234872,TIME_LIMIT,165786,0,0,22,6
4,12,2.309765e6,-1.5919477939113285,-0.9652713506234872,TIME_LIMIT,165823,0,0,35,32
4,12,2.310385e6,-1.591884318729187,-0.9652713506234872,TIME_LIMIT,165871,0,0,29,9
4,12,2.310928e6,-1.591884318729187,-0.9652713506234872,TIME_LIMIT,165906,0,0,42,17
4,12,2.311472e6,-1.5918749006203905,-0.9652713506234872,TIME_LIMIT,165956,0,0,28,10
4,12,2.312015e6,-1.5918749006203905,-0.9652713506234872,TIME_LIMIT,165986,0,0,43,46
4,12,2.312633e6,-1.591823727316152,-0.9652713506234872,TIME_LIMIT,166038,0,0,38,29
4,12,2.313179e6,-1.591823727316152,-0.9652713506234872,TIME_LIMIT,166063,0,0,28,17
4,12,2.313719e6,-1.5917904573212691,-0.9652713506234872,TIME_LIMIT,166113,0,0,28,11
4,12,2.314296e6,-1.5917904573212691,-0.9652713506234872,TIME_LIMIT,166140,0,0,34,27
4,12,2.31484e6,-1.5917779225790867,-0.9652713506234872,TIME_LIMIT,166192,0,0,29,6
4,12,2.31554e6,-1.5917779225790867,-0.9652713506234872,TIME_LIMIT,166233,0,0,43,29
4,12,2.316287e6,-1.591760899948769,-0.9652713506234872,TIME_LIMIT,166285,0,0,30,12
4,12,2.316593e6,-1.591760899948769,-0.9652713506234872,TIME_LIMIT,166315,0,0,43,22
4,12,2.317235e6,-1.591758415679979,-0.9652713506234872,TIME_LIMIT,166358,0,0,26,11
4,12,2.317812e6,-1.591758415679979,-0.9652713506234872,TIME_LIMIT,166393,0,0,36,24
4,12,2.318401e6,-1.5917514042182035,-0.9652713506234872,TIME_LIMIT,166445,0,0,32,10
4,12,2.318973e6,-1.5917514042182035,-0.9652713506234872,TIME_LIMIT,166485,0,0,30,7
4,12,2.319388e6,-1.5917355322045512,-0.9652713506234872,TIME_LIMIT,166526,0,0,14,7
4,12,2.319973e6,-1.5917355322045512,-0.9652713506234872,TIME_LIMIT,166550,0,0,40,58
4,12,2.320538e6,-1.5917346114385829,-0.9652713506234872,TIME_LIMIT,166599,0,0,33,9
4,12,2.321113e6,-1.5917346114385829,-0.9652713506234872,TIME_LIMIT,166629,0,0,30,23
4,12,2.321713e6,-1.5917163426178322,-0.9652713506234872,TIME_LIMIT,166679,0,0,26,19
4,12,2.32231e6,-1.5917163426178322,-0.9652713506234872,TIME_LIMIT,166721,0,0,40,17
4,12,2.322855e6,-1.59170805490561,-0.9652713506234872,TIME_LIMIT,166761,0,0,39,14
4,12,2.323431e6,-1.59170805490561,-0.9652713506234872,TIME_LIMIT,166789,0,0,42,23
4,12,2.324019e6,-1.5916393235582262,-0.9652713506234872,TIME_LIMIT,166837,0,0,25,9
4,12,2.324607e6,-1.5916393235582262,-0.9652713506234872,TIME_LIMIT,166861,0,0,35,33
4,12,2.325148e6,-1.5915831086580152,-0.9652713506234872,TIME_LIMIT,166909,0,0,15,6
4,12,2.325723e6,-1.5915831086580152,-0.9652713506234872,TIME_LIMIT,166935,0,0,36,49
4,12,2.326305e6,-1.5915774148515265,-0.9652713506234872,TIME_LIMIT,166983,0,0,29,12
4,12,2.326893e6,-1.5915774148515265,-0.9652713506234872,TIME_LIMIT,167019,0,0,35,20
4,12,2.327467e6,-1.591567143087106,-0.9652713506234872,TIME_LIMIT,167070,0,0,33,13
4,12,2.328011e6,-1.591567143087106,-0.9652713506234872,TIME_LIMIT,167099,0,0,30,23
4,12,2.328553e6,-1.59154154104857,-0.9652713506234872,TIME_LIMIT,167145,0,0,24,5
4,12,2.329142e6,-1.59154154104857,-0.9652713506234872,TIME_LIMIT,167171,0,0,33,20
4,12,2.329716e6,-1.5915008933766857,-0.9652713506234872,TIME_LIMIT,167222,0,0,36,11
4,12,2.330286e6,-1.5915008933766857,-0.9652713506234872,TIME_LIMIT,167253,0,0,36,32
4,12,2.330835e6,-1.5914878390156832,-0.9652713506234872,TIME_LIMIT,167302,0,0,25,11
4,12,2.331448e6,-1.5914878390156832,-0.9652713506234872,TIME_LIMIT,167329,0,0,31,36
4,12,2.33199e6,-1.59147097934496,-0.9652713506234872,TIME_LIMIT,167373,0,0,28,16
4,12,2.332533e6,-1.59147097934496,-0.9652713506234872,TIME_LIMIT,167405,0,0,48,58
4,12,2.333104e6,-1.5914285911491266,-0.9652713506234872,TIME_LIMIT,167458,0,0,32,24
4,12,2.333648e6,-1.5914285911491266,-0.9652713506234872,TIME_LIMIT,167496,0,0,31,19
4,12,2.334347e6,-1.591411075901767,-0.9652713506234872,TIME_LIMIT,167534,0,0,38,7
4,12,2.33505e6,-1.591411075901767,-0.9652713506234872,TIME_LIMIT,167565,0,0,46,19
4,12,2.335794e6,-1.591356282300199,-0.9652713506234872,TIME_LIMIT,167620,0,0,38,12
4,12,2.336375e6,-1.591356282300199,-0.9652713506234872,TIME_LIMIT,167651,0,0,43,23
4,12,2.336941e6,-1.5913550859728793,-0.9652713506234872,TIME_LIMIT,167700,0,0,31,11
4,12,2.337537e6,-1.5913550859728793,-0.9652713506234872,TIME_LIMIT,167733,0,0,53,36
4,12,2.338089e6,-1.5913372873178295,-0.9652713506234872,TIME_LIMIT,167782,0,0,29,19
4,12,2.338645e6,-1.5913372873178295,-0.9652713506234872,TIME_LIMIT,167811,0,0,37,15
4,12,2.33923e6,-1.5913301419953727,-0.9652713506234872,TIME_LIMIT,167861,0,0,14,8
4,12,2.339814e6,-1.5913301419953727,-0.9652713506234872,TIME_LIMIT,167888,0,0,30,11
4,12,2.340373e6,-1.591303662576036,-0.9652713506234872,TIME_LIMIT,167939,0,0,19,11
4,12,2.340945e6,-1.591303662576036,-0.9652713506234872,TIME_LIMIT,167969,0,0,42,31
4,12,2.341521e6,-1.591220591500427,-0.9652713506234872,TIME_LIMIT,168022,0,0,31,18
4,12,2.342097e6,-1.591220591500427,-0.9652713506234872,TIME_LIMIT,168052,0,0,34,27
4,12,2.342656e6,-1.5911724209877538,-0.9652713506234872,TIME_LIMIT,168099,0,0,31,10
4,12,2.343261e6,-1.5911724209877538,-0.9652713506234872,TIME_LIMIT,168133,0,0,46,24
4,12,2.343818e6,-1.5911351347791123,-0.9652713506234872,TIME_LIMIT,168187,0,0,35,8
4,12,2.34436e6,-1.5911351347791123,-0.9652713506234872,TIME_LIMIT,168217,0,0,37,21
4,12,2.3449e6,-1.5911333973839488,-0.9652713506234872,TIME_LIMIT,168263,0,0,22,15
4,12,2.345504e6,-1.5911333973839488,-0.9652713506234872,TIME_LIMIT,168287,0,0,39,17
4,12,2.345989e6,-1.5911263615354432,-0.9652713506234872,TIME_LIMIT,168344,0,0,36,11
4,12,2.346535e6,-1.5911263615354432,-0.9652713506234872,TIME_LIMIT,168371,0,0,39,36
4,12,2.347076e6,-1.5911178996656679,-0.9652713506234872,TIME_LIMIT,168418,0,0,30,9
4,12,2.347675e6,-1.5911178996656679,-0.9652713506234872,TIME_LIMIT,168445,0,0,38,27
4,12,2.348232e6,-1.5910971206832545,-0.9652713506234872,TIME_LIMIT,168495,0,0,31,12
4,12,2.348777e6,-1.5910971206832545,-0.9652713506234872,TIME_LIMIT,168524,0,0,48,36
4,12,2.349319e6,-1.591082059946761,-0.9652713506234872,TIME_LIMIT,168571,0,0,28,12
4,12,2.349938e6,-1.591082059946761,-0.9652713506234872,TIME_LIMIT,168609,0,0,37,24
4,12,2.350412e6,-1.5910143136600894,-0.9652713506234872,TIME_LIMIT,168664,0,0,35,7
4,12,2.350958e6,-1.5910143136600894,-0.9652713506234872,TIME_LIMIT,168694,0,0,43,32
4,12,2.351501e6,-1.590902465969831,-0.9652713506234872,TIME_LIMIT,168720,0,0,34,13
4,12,2.352117e6,-1.590902465969831,-0.9652713506234872,TIME_LIMIT,168744,0,0,40,36
4,12,2.35266e6,-1.5908932548600712,-0.9652713506234872,TIME_LIMIT,168792,0,0,29,13
4,12,2.353203e6,-1.5908932548600712,-0.9652713506234872,TIME_LIMIT,168821,0,0,43,19
4,12,2.353745e6,-1.5908564699206411,-0.9652713506234872,TIME_LIMIT,168871,0,0,31,5
4,12,2.354319e6,-1.5908564699206411,-0.9652713506234872,TIME_LIMIT,168905,0,0,33,19
4,12,2.354959e6,-1.590835164615612,-0.9652713506234872,TIME_LIMIT,168961,0,0,35,13
4,12,2.35567e6,-1.590835164615612,-0.9652713506234872,TIME_LIMIT,168993,0,0,40,31
4,12,2.356422e6,-1.5908257580394842,-0.9652713506234872,TIME_LIMIT,169039,0,0,28,12
4,12,2.357037e6,-1.5908257580394842,-0.9652713506234872,TIME_LIMIT,169075,0,0,36,18
4,12,2.357611e6,-1.5908122747808366,-0.9652713506234872,TIME_LIMIT,169120,0,0,34,9
4,12,2.358089e6,-1.5908122747808366,-0.9652713506234872,TIME_LIMIT,169150,0,0,41,21
4,12,2.358663e6,-1.5908056157361632,-0.9652713506234872,TIME_LIMIT,169202,0,0,35,9
4,12,2.359252e6,-1.5908056157361632,-0.9652713506234872,TIME_LIMIT,169232,0,0,45,43
4,12,2.359809e6,-1.5907782869415414,-0.9652713506234872,TIME_LIMIT,169290,0,0,22,14
4,12,2.36036e6,-1.5907782869415414,-0.9652713506234872,TIME_LIMIT,169324,0,0,49,47
4,12,2.36098e6,-1.5907770420473388,-0.9652713506234872,TIME_LIMIT,169376,0,0,29,12
4,12,2.361523e6,-1.5907770420473388,-0.9652713506234872,TIME_LIMIT,169405,0,0,35,16
4,12,2.362123e6,-1.5907698328711566,-0.9652713506234872,TIME_LIMIT,169455,0,0,34,11
4,12,2.362689e6,-1.5907698328711566,-0.9652713506234872,TIME_LIMIT,169489,0,0,42,26
4,12,2.363262e6,-1.590716474831809,-0.9652713506234872,TIME_LIMIT,169544,0,0,32,14
4,12,2.363849e6,-1.590716474831809,-0.9652713506234872,TIME_LIMIT,169575,0,0,30,12
4,12,2.364398e6,-1.5907143762366407,-0.9652713506234872,TIME_LIMIT,169628,0,0,23,18
4,12,2.365019e6,-1.5907143762366407,-0.9652713506234872,TIME_LIMIT,169659,0,0,47,34
4,12,2.365563e6,-1.5907104488223078,-0.9652713506234872,TIME_LIMIT,169717,0,0,36,11
4,12,2.366112e6,-1.5907104488223078,-0.9652713506234872,TIME_LIMIT,169748,0,0,35,20
4,12,2.366692e6,-1.5907052155953074,-0.9652713506234872,TIME_LIMIT,169796,0,0,29,11
4,12,2.367306e6,-1.5907052155953074,-0.9652713506234872,TIME_LIMIT,169825,0,0,33,20
4,12,2.36785e6,-1.5907049318095674,-0.9652713506234872,TIME_LIMIT,169871,0,0,21,11
4,12,2.368393e6,-1.5907049318095674,-0.9652713506234872,TIME_LIMIT,169896,0,0,20,28
4,12,2.368966e6,-1.590702072868175,-0.9652713506234872,TIME_LIMIT,169943,0,0,28,13
4,12,2.369511e6,-1.590702072868175,-0.9652713506234872,TIME_LIMIT,169979,0,0,21,18
4,12,2.370229e6,-1.5906948919730877,-0.9652713506234872,TIME_LIMIT,170031,0,0,33,10
4,12,2.371001e6,-1.5906948919730877,-0.9652713506234872,TIME_LIMIT,170064,0,0,34,28
4,12,2.371686e6,-1.5906945925566367,-0.9652713506234872,TIME_LIMIT,170101,0,0,35,30
4,12,2.372275e6,-1.5906945925566367,-0.9652713506234872,TIME_LIMIT,170136,0,0,37,27
4,12,2.372849e6,-1.5906708583095717,-0.9652713506234872,TIME_LIMIT,170189,0,0,33,7
4,12,2.373449e6,-1.5906708583095717,-0.9652713506234872,TIME_LIMIT,170219,0,0,35,28
4,12,2.374016e6,-1.5906703883984028,-0.9652713506234872,TIME_LIMIT,170268,0,0,33,12
4,12,2.374569e6,-1.5906703883984028,-0.9652713506234872,TIME_LIMIT,170305,0,0,33,9
4,12,2.37519e6,-1.5906498944111196,-0.9652713506234872,TIME_LIMIT,170347,0,0,40,11
4,12,2.375735e6,-1.5906498944111196,-0.9652713506234872,TIME_LIMIT,170377,0,0,34,17
4,12,2.37632e6,-1.5906466624150717,-0.9652713506234872,TIME_LIMIT,170430,0,0,28,8
4,12,2.376863e6,-1.5906466624150717,-0.9652713506234872,TIME_LIMIT,170458,0,0,49,34
4,12,2.377449e6,-1.5906396838834362,-0.9652713506234872,TIME_LIMIT,170515,0,0,39,15
4,12,2.378025e6,-1.5906396838834362,-0.9652713506234872,TIME_LIMIT,170543,0,0,35,22
4,12,2.378572e6,-1.5906290217735624,-0.9652713506234872,TIME_LIMIT,170585,0,0,26,7
4,12,2.379192e6,-1.5906290217735624,-0.9652713506234872,TIME_LIMIT,170611,0,0,36,15
4,12,2.379725e6,-1.5906151611501387,-0.9652713506234872,TIME_LIMIT,170667,0,0,33,12
4,12,2.380269e6,-1.5906151611501387,-0.9652713506234872,TIME_LIMIT,170693,0,0,34,30
4,12,2.380811e6,-1.5906146301851298,-0.9652713506234872,TIME_LIMIT,170747,0,0,28,15
4,12,2.381431e6,-1.5906146301851298,-0.9652713506234872,TIME_LIMIT,170777,0,0,38,59
4,12,2.381976e6,-1.590599618124751,-0.9652713506234872,TIME_LIMIT,170829,0,0,33,19
4,12,2.382472e6,-1.590599618124751,-0.9652713506234872,TIME_LIMIT,170855,0,0,39,43
4,12,2.383023e6,-1.5905889215679743,-0.9652713506234872,TIME_LIMIT,170909,0,0,35,8
4,12,2.383632e6,-1.5905889215679743,-0.9652713506234872,TIME_LIMIT,170930,0,0,16,15
4,12,2.384172e6,-1.59055580256215,-0.9652713506234872,TIME_LIMIT,170983,0,0,34,8
4,12,2.384716e6,-1.59055580256215,-0.9652713506234872,TIME_LIMIT,171014,0,0,39,16
4,12,2.385282e6,-1.5905121478688786,-0.9652713506234872,TIME_LIMIT,171058,0,0,22,10
4,12,2.385876e6,-1.5905121478688786,-0.9652713506234872,TIME_LIMIT,171092,0,0,37,15
4,12,2.386425e6,-1.5905108882347754,-0.9652713506234872,TIME_LIMIT,171143,0,0,32,16
4,12,2.386969e6,-1.5905108882347754,-0.9652713506234872,TIME_LIMIT,171172,0,0,50,34
4,12,2.387588e6,-1.5904757114409798,-0.9652713506234872,TIME_LIMIT,171225,0,0,32,15
4,12,2.388131e6,-1.5904757114409798,-0.9652713506234872,TIME_LIMIT,171259,0,0,42,29
4,12,2.388675e6,-1.590451269746788,-0.9652713506234872,TIME_LIMIT,171313,0,0,32,14
4,12,2.389217e6,-1.590451269746788,-0.9652713506234872,TIME_LIMIT,171342,0,0,55,37
4,12,2.389791e6,-1.5904291212247643,-0.9652713506234872,TIME_LIMIT,171386,0,0,32,19
4,12,2.390419e6,-1.5904291212247643,-0.9652713506234872,TIME_LIMIT,171418,0,0,45,28
4,12,2.391131e6,-1.5904111303692996,-0.9652713506234872,TIME_LIMIT,171466,0,0,23,15
4,12,2.391888e6,-1.5904111303692996,-0.9652713506234872,TIME_LIMIT,171497,0,0,42,45
4,12,2.39252e6,-1.5904080273213421,-0.9652713506234872,TIME_LIMIT,171550,0,0,32,16
4,12,2.392995e6,-1.5904080273213421,-0.9652713506234872,TIME_LIMIT,171586,0,0,43,15
4,12,2.393571e6,-1.5903431572868618,-0.9652713506234872,TIME_LIMIT,171628,0,0,27,5
4,12,2.394104e6,-1.5903431572868618,-0.9652713506234872,TIME_LIMIT,171665,0,0,34,19
4,12,2.394668e6,-1.5903391073290603,-0.9652713506234872,TIME_LIMIT,171717,0,0,31,7
4,12,2.395159e6,-1.5903391073290603,-0.9652713506234872,TIME_LIMIT,171744,0,0,32,37
4,12,2.39565e6,-1.5902919553233101,-0.9652713506234872,TIME_LIMIT,171792,0,0,27,13
4,12,2.396192e6,-1.5902919553233101,-0.9652713506234872,TIME_LIMIT,171826,0,0,32,28
4,12,2.39681e6,-1.590272870580825,-0.9652713506234872,TIME_LIMIT,171876,0,0,35,14
4,12,2.397356e6,-1.590272870580825,-0.9652713506234872,TIME_LIMIT,171903,0,0,41,40
4,12,2.397896e6,-1.5902343584524417,-0.9652713506234872,TIME_LIMIT,171952,0,0,32,14
4,12,2.398541e6,-1.5902343584524417,-0.9652713506234872,TIME_LIMIT,171985,0,0,21,14
4,12,2.399091e6,-1.5901826256817617,-0.9652713506234872,TIME_LIMIT,172035,0,0,33,8
4,12,2.399674e6,-1.5901826256817617,-0.9652713506234872,TIME_LIMIT,172057,0,0,48,40
4,12,2.400216e6,-1.5901730753984524,-0.9652713506234872,TIME_LIMIT,172105,0,0,34,8
4,12,2.40079e6,-1.5901730753984524,-0.9652713506234872,TIME_LIMIT,172130,0,0,41,32
4,12,2.401335e6,-1.5901592853812618,-0.9652713506234872,TIME_LIMIT,172188,0,0,27,14
4,12,2.401921e6,-1.5901592853812618,-0.9652713506234872,TIME_LIMIT,172217,0,0,44,49
4,12,2.402529e6,-1.590154461772846,-0.9652713506234872,TIME_LIMIT,172270,0,0,35,13
4,12,2.403074e6,-1.590154461772846,-0.9652713506234872,TIME_LIMIT,172302,0,0,35,39
4,12,2.403648e6,-1.5901308097621036,-0.9652713506234872,TIME_LIMIT,172348,0,0,27,14
4,12,2.404206e6,-1.5901308097621036,-0.9652713506234872,TIME_LIMIT,172372,0,0,37,37
4,12,2.40478e6,-1.5900893434250964,-0.9652713506234872,TIME_LIMIT,172429,0,0,33,17
4,12,2.405186e6,-1.5900893434250964,-0.9652713506234872,TIME_LIMIT,172456,0,0,36,11
4,12,2.405628e6,-1.5900643141031108,-0.9652713506234872,TIME_LIMIT,172509,0,0,32,10
4,12,2.406238e6,-1.5900643141031108,-0.9652713506234872,TIME_LIMIT,172542,0,0,41,41
4,12,2.406814e6,-1.590046034962511,-0.9652713506234872,TIME_LIMIT,172586,0,0,25,8
4,12,2.407359e6,-1.590046034962511,-0.9652713506234872,TIME_LIMIT,172621,0,0,38,22
4,12,2.407946e6,-1.590034880943039,-0.9652713506234872,TIME_LIMIT,172673,0,0,28,12
4,12,2.408525e6,-1.590034880943039,-0.9652713506234872,TIME_LIMIT,172708,0,0,39,31
4,12,2.409068e6,-1.590003153075721,-0.9652713506234872,TIME_LIMIT,172756,0,0,31,21
4,12,2.409609e6,-1.590003153075721,-0.9652713506234872,TIME_LIMIT,172783,0,0,37,44
4,12,2.410151e6,-1.5899967382191105,-0.9652713506234872,TIME_LIMIT,172836,0,0,34,22
4,12,2.410816e6,-1.5899967382191105,-0.9652713506234872,TIME_LIMIT,172863,0,0,48,28
4,12,2.411526e6,-1.5899727118667166,-0.9652713506234872,TIME_LIMIT,172913,0,0,29,10
4,12,2.412237e6,-1.5899727118667166,-0.9652713506234872,TIME_LIMIT,172947,0,0,43,32
4,12,2.412923e6,-1.5899372824643532,-0.9652713506234872,TIME_LIMIT,173004,0,0,38,13
4,12,2.4135e6,-1.5899372824643532,-0.9652713506234872,TIME_LIMIT,173045,0,0,44,29
4,12,2.414071e6,-1.5899363760740026,-0.9652713506234872,TIME_LIMIT,173097,0,0,31,23
4,12,2.414637e6,-1.5899363760740026,-0.9652713506234872,TIME_LIMIT,173130,0,0,46,22
4,12,2.415235e6,-1.5899027503505923,-0.9652713506234872,TIME_LIMIT,173174,0,0,27,9
4,12,2.415792e6,-1.5899027503505923,-0.9652713506234872,TIME_LIMIT,173211,0,0,51,42
4,12,2.416347e6,-1.5898976764234956,-0.9652713506234872,TIME_LIMIT,173269,0,0,33,19
4,12,2.416968e6,-1.5898976764234956,-0.9652713506234872,TIME_LIMIT,173292,0,0,39,16
4,12,2.417518e6,-1.5898961402121037,-0.9652713506234872,TIME_LIMIT,173337,0,0,30,7
4,12,2.418101e6,-1.5898961402121037,-0.9652713506234872,TIME_LIMIT,173367,0,0,39,15
4,12,2.418667e6,-1.589824918573411,-0.9652713506234872,TIME_LIMIT,173416,0,0,30,13
4,12,2.419255e6,-1.589824918573411,-0.9652713506234872,TIME_LIMIT,173455,0,0,50,29
4,12,2.419816e6,-1.5897896075252074,-0.9652713506234872,TIME_LIMIT,173510,0,0,34,12
4,12,2.420409e6,-1.5897896075252074,-0.9652713506234872,TIME_LIMIT,173542,0,0,42,45
4,12,2.420999e6,-1.5897783048582168,-0.9652713506234872,TIME_LIMIT,173600,0,0,33,11
4,12,2.421587e6,-1.5897783048582168,-0.9652713506234872,TIME_LIMIT,173631,0,0,33,20
4,12,2.422139e6,-1.5897654537604478,-0.9652713506234872,TIME_LIMIT,173681,0,0,25,6
4,12,2.422695e6,-1.5897654537604478,-0.9652713506234872,TIME_LIMIT,173718,0,0,50,55
4,12,2.42328e6,-1.5897638322004417,-0.9652713506234872,TIME_LIMIT,173770,0,0,24,15
4,12,2.423835e6,-1.5897638322004417,-0.9652713506234872,TIME_LIMIT,173800,0,0,37,20
4,12,2.424426e6,-1.5897594417188574,-0.9652713506234872,TIME_LIMIT,173843,0,0,24,7
4,12,2.425012e6,-1.5897594417188574,-0.9652713506234872,TIME_LIMIT,173870,0,0,40,42
4,12,2.42557e6,-1.5897435773613782,-0.9652713506234872,TIME_LIMIT,173924,0,0,32,14
4,12,2.426125e6,-1.5897435773613782,-0.9652713506234872,TIME_LIMIT,173951,0,0,31,23
4,12,2.426704e6,-1.5897348217648233,-0.9652713506234872,TIME_LIMIT,174000,0,0,32,9
4,12,2.42718e6,-1.5897348217648233,-0.9652713506234872,TIME_LIMIT,174034,0,0,41,25
4,12,2.427732e6,-1.5896995348542315,-0.9652713506234872,TIME_LIMIT,174081,0,0,32,13
4,12,2.428321e6,-1.5896995348542315,-0.9652713506234872,TIME_LIMIT,174113,0,0,36,28
4,12,2.428878e6,-1.5896880356257115,-0.9652713506234872,TIME_LIMIT,174170,0,0,35,11
4,12,2.429472e6,-1.5896880356257115,-0.9652713506234872,TIME_LIMIT,174203,0,0,37,27
4,12,2.430055e6,-1.5896770977535888,-0.9652713506234872,TIME_LIMIT,174252,0,0,15,10
4,12,2.430613e6,-1.5896770977535888,-0.9652713506234872,TIME_LIMIT,174275,0,0,37,39
4,12,2.43117e6,-1.5896745069039897,-0.9652713506234872,TIME_LIMIT,174333,0,0,39,10
4,12,2.431726e6,-1.5896745069039897,-0.9652713506234872,TIME_LIMIT,174372,0,0,24,48
4,12,2.432311e6,-1.5896364367866012,-0.9652713506234872,TIME_LIMIT,174423,0,0,30,18
4,12,2.432919e6,-1.5896364367866012,-0.9652713506234872,TIME_LIMIT,174454,0,0,39,21
4,12,2.433626e6,-1.5896121961157883,-0.9652713506234872,TIME_LIMIT,174500,0,0,17,3
4,12,2.43438e6,-1.5896121961157883,-0.9652713506234872,TIME_LIMIT,174529,0,0,40,27
4,12,2.435034e6,-1.5895689117863163,-0.9652713506234872,TIME_LIMIT,174580,0,0,33,8
4,12,2.435619e6,-1.5895689117863163,-0.9652713506234872,TIME_LIMIT,174608,0,0,43,53
4,12,2.436196e6,-1.5895653409553365,-0.9652713506234872,TIME_LIMIT,174663,0,0,30,15
4,12,2.4368e6,-1.5895653409553365,-0.9652713506234872,TIME_LIMIT,174699,0,0,46,23
4,12,2.437366e6,-1.5895423733667484,-0.9652713506234872,TIME_LIMIT,174753,0,0,31,7
4,12,2.437923e6,-1.5895423733667484,-0.9652713506234872,TIME_LIMIT,174777,0,0,30,22
4,12,2.438533e6,-1.589537120773295,-0.9652713506234872,TIME_LIMIT,174825,0,0,27,17
4,12,2.439116e6,-1.589537120773295,-0.9652713506234872,TIME_LIMIT,174856,0,0,38,20
4,12,2.439646e6,-1.589527900505918,-0.9652713506234872,TIME_LIMIT,174910,0,0,27,13
4,12,2.440214e6,-1.589527900505918,-0.9652713506234872,TIME_LIMIT,174941,0,0,47,23
4,12,2.440767e6,-1.5895194940814248,-0.9652713506234872,TIME_LIMIT,174989,0,0,32,17
4,12,2.441276e6,-1.5895194940814248,-0.9652713506234872,TIME_LIMIT,175021,0,0,42,19
4,12,2.441902e6,-1.5895159150679061,-0.9652713506234872,TIME_LIMIT,175068,0,0,30,17
4,12,2.442485e6,-1.5895159150679061,-0.9652713506234872,TIME_LIMIT,175103,0,0,45,20
4,12,2.443085e6,-1.5895065047680386,-0.9652713506234872,TIME_LIMIT,175152,0,0,31,10
4,12,2.443615e6,-1.5895065047680386,-0.9652713506234872,TIME_LIMIT,175186,0,0,42,22
4,12,2.444204e6,-1.5894918911103872,-0.9652713506234872,TIME_LIMIT,175237,0,0,32,6
4,12,2.444763e6,-1.5894918911103872,-0.9652713506234872,TIME_LIMIT,175272,0,0,42,31
4,12,2.44532e6,-1.589457858196477,-0.9652713506234872,TIME_LIMIT,175322,0,0,33,10
4,12,2.445948e6,-1.589457858196477,-0.9652713506234872,TIME_LIMIT,175346,0,0,45,52
4,12,2.446538e6,-1.5894483270479938,-0.9652713506234872,TIME_LIMIT,175401,0,0,34,25
4,12,2.447096e6,-1.5894483270479938,-0.9652713506234872,TIME_LIMIT,175428,0,0,35,27
4,12,2.447566e6,-1.589445846359907,-0.9652713506234872,TIME_LIMIT,175481,0,0,34,9
4,12,2.448121e6,-1.589445846359907,-0.9652713506234872,TIME_LIMIT,175512,0,0,36,19
4,12,2.448742e6,-1.589444080035644,-0.9652713506234872,TIME_LIMIT,175565,0,0,36,14
4,12,2.449293e6,-1.589444080035644,-0.9652713506234872,TIME_LIMIT,175597,0,0,35,21
4,12,2.449887e6,-1.589439224205903,-0.9652713506234872,TIME_LIMIT,175634,0,0,21,12
4,12,2.450445e6,-1.589439224205903,-0.9652713506234872,TIME_LIMIT,175663,0,0,45,47
4,12,2.451053e6,-1.5894336190257294,-0.9652713506234872,TIME_LIMIT,175719,0,0,36,23
4,12,2.451612e6,-1.5894336190257294,-0.9652713506234872,TIME_LIMIT,175751,0,0,16,30
4,12,2.452169e6,-1.5893320546435568,-0.9652713506234872,TIME_LIMIT,175796,0,0,26,15
4,12,2.452761e6,-1.5893320546435568,-0.9652713506234872,TIME_LIMIT,175825,0,0,37,26
4,12,2.453264e6,-1.5892894216122024,-0.9652713506234872,TIME_LIMIT,175880,0,0,34,13
4,12,2.45389e6,-1.5892894216122024,-0.9652713506234872,TIME_LIMIT,175917,0,0,44,34
4,12,2.454444e6,-1.5892017026306369,-0.9652713506234872,TIME_LIMIT,175970,0,0,36,21
4,12,2.455001e6,-1.5892017026306369,-0.9652713506234872,TIME_LIMIT,176004,0,0,42,20
4,12,2.455447e6,-1.5891959322256555,-0.9652713506234872,TIME_LIMIT,176053,0,0,31,8
4,12,2.456005e6,-1.5891959322256555,-0.9652713506234872,TIME_LIMIT,176090,0,0,51,37
4,12,2.456627e6,-1.5891900911822354,-0.9652713506234872,TIME_LIMIT,176143,0,0,33,10
4,12,2.457177e6,-1.5891900911822354,-0.9652713506234872,TIME_LIMIT,176177,0,0,39,25
4,12,2.457755e6,-1.5891519460301982,-0.9652713506234872,TIME_LIMIT,176227,0,0,27,22
4,12,2.458326e6,-1.5891519460301982,-0.9652713506234872,TIME_LIMIT,176260,0,0,45,31
4,12,2.458913e6,-1.5891510317265798,-0.9652713506234872,TIME_LIMIT,176309,0,0,33,13
4,12,2.459472e6,-1.5891510317265798,-0.9652713506234872,TIME_LIMIT,176338,0,0,34,20
4,12,2.460027e6,-1.5891388600413057,-0.9652713506234872,TIME_LIMIT,176387,0,0,25,8
4,12,2.46061e6,-1.5891388600413057,-0.9652713506234872,TIME_LIMIT,176410,0,0,20,34
4,12,2.461167e6,-1.589104384176851,-0.9652713506234872,TIME_LIMIT,176460,0,0,33,14
4,12,2.461879e6,-1.589104384176851,-0.9652713506234872,TIME_LIMIT,176493,0,0,23,27
4,12,2.462584e6,-1.5890938328012207,-0.9652713506234872,TIME_LIMIT,176548,0,0,32,11
4,12,2.463317e6,-1.5890938328012207,-0.9652713506234872,TIME_LIMIT,176582,0,0,22,17
4,12,2.463909e6,-1.5890533851922302,-0.9652713506234872,TIME_LIMIT,176634,0,0,20,11
4,12,2.46449e6,-1.5890533851922302,-0.9652713506234872,TIME_LIMIT,176667,0,0,24,16
4,12,2.465059e6,-1.5890342814978973,-0.9652713506234872,TIME_LIMIT,176715,0,0,31,19
4,12,2.465661e6,-1.5890342814978973,-0.9652713506234872,TIME_LIMIT,176741,0,0,39,32
4,12,2.466218e6,-1.589026081717425,-0.9652713506234872,TIME_LIMIT,176793,0,0,35,12
4,12,2.466813e6,-1.589026081717425,-0.9652713506234872,TIME_LIMIT,176821,0,0,46,43
4,12,2.467396e6,-1.5890200363584561,-0.9652713506234872,TIME_LIMIT,176870,0,0,35,25
4,12,2.467826e6,-1.5890200363584561,-0.9652713506234872,TIME_LIMIT,176902,0,0,37,49
4,12,2.468438e6,-1.5889943413168235,-0.9652713506234872,TIME_LIMIT,176947,0,0,26,9
4,12,2.468991e6,-1.5889943413168235,-0.9652713506234872,TIME_LIMIT,176975,0,0,33,23
4,12,2.469547e6,-1.5889866168324454,-0.9652713506234872,TIME_LIMIT,177026,0,0,32,13
4,12,2.470139e6,-1.5889866168324454,-0.9652713506234872,TIME_LIMIT,177055,0,0,38,20
4,12,2.470722e6,-1.5889755241339214,-0.9652713506234872,TIME_LIMIT,177104,0,0,30,10
4,12,2.471319e6,-1.5889755241339214,-0.9652713506234872,TIME_LIMIT,177136,0,0,44,13
4,12,2.471869e6,-1.5889153120778647,-0.9652713506234872,TIME_LIMIT,177187,0,0,12,5
4,12,2.472422e6,-1.5889153120778647,-0.9652713506234872,TIME_LIMIT,177220,0,0,42,36
4,12,2.473006e6,-1.5889001406282235,-0.9652713506234872,TIME_LIMIT,177250,0,0,33,21
4,12,2.473563e6,-1.5889001406282235,-0.9652713506234872,TIME_LIMIT,177275,0,0,37,14
4,12,2.474156e6,-1.5888906380632486,-0.9652713506234872,TIME_LIMIT,177325,0,0,32,8
4,12,2.47474e6,-1.5888906380632486,-0.9652713506234872,TIME_LIMIT,177352,0,0,26,13
4,12,2.475323e6,-1.5888725366373555,-0.9652713506234872,TIME_LIMIT,177400,0,0,26,7
4,12,2.475885e6,-1.5888725366373555,-0.9652713506234872,TIME_LIMIT,177422,0,0,34,19
4,12,2.476437e6,-1.5888718862471107,-0.9652713506234872,TIME_LIMIT,177475,0,0,37,12
4,12,2.477026e6,-1.5888718862471107,-0.9652713506234872,TIME_LIMIT,177508,0,0,40,16
4,12,2.477582e6,-1.5887779538618116,-0.9652713506234872,TIME_LIMIT,177556,0,0,30,7
4,12,2.478173e6,-1.5887779538618116,-0.9652713506234872,TIME_LIMIT,177590,0,0,23,4
4,12,2.478727e6,-1.5887688625192464,-0.9652713506234872,TIME_LIMIT,177639,0,0,34,14
4,12,2.479355e6,-1.5887688625192464,-0.9652713506234872,TIME_LIMIT,177663,0,0,38,14
4,12,2.479909e6,-1.5887655782051244,-0.9652713506234872,TIME_LIMIT,177713,0,0,27,13
4,12,2.480374e6,-1.5887655782051244,-0.9652713506234872,TIME_LIMIT,177751,0,0,35,21
4,12,2.480933e6,-1.588758335684398,-0.9652713506234872,TIME_LIMIT,177804,0,0,35,8
4,12,2.481414e6,-1.588758335684398,-0.9652713506234872,TIME_LIMIT,177838,0,0,36,36
4,12,2.482007e6,-1.5887550003701432,-0.9652713506234872,TIME_LIMIT,177887,0,0,31,8
4,12,2.482611e6,-1.5887550003701432,-0.9652713506234872,TIME_LIMIT,177912,0,0,28,13
4,12,2.483194e6,-1.588708520772466,-0.9652713506234872,TIME_LIMIT,177957,0,0,17,6
4,12,2.483755e6,-1.588708520772466,-0.9652713506234872,TIME_LIMIT,177984,0,0,37,26
4,12,2.484308e6,-1.588708520772466,-0.9652713506234872,TIME_LIMIT,178028,0,0,30,18
4,12,2.484896e6,-1.588708520772466,-0.9652713506234872,TIME_LIMIT,178069,0,0,44,28
4,12,2.485451e6,-1.588660163807065,-0.9652713506234872,TIME_LIMIT,178124,0,0,27,13
4,12,2.486002e6,-1.588660163807065,-0.9652713506234872,TIME_LIMIT,178152,0,0,37,12
4,12,2.48666e6,-1.5886449751193876,-0.9652713506234872,TIME_LIMIT,178204,0,0,35,9
4,12,2.487365e6,-1.5886449751193876,-0.9652713506234872,TIME_LIMIT,178236,0,0,30,26
4,12,2.488073e6,-1.5886426782502334,-0.9652713506234872,TIME_LIMIT,178285,0,0,31,12
4,12,2.488512e6,-1.5886426782502334,-0.9652713506234872,TIME_LIMIT,178322,0,0,40,23
4,12,2.489142e6,-1.5886332121055682,-0.9652713506234872,TIME_LIMIT,178372,0,0,32,15
4,12,2.489613e6,-1.5886332121055682,-0.9652713506234872,TIME_LIMIT,178403,0,0,52,48
4,12,2.490188e6,-1.5886289025579936,-0.9652713506234872,TIME_LIMIT,178451,0,0,29,13
4,12,2.490793e6,-1.5886289025579936,-0.9652713506234872,TIME_LIMIT,178484,0,0,54,53
4,12,2.491348e6,-1.5886242405157054,-0.9652713506234872,TIME_LIMIT,178535,0,0,32,12
4,12,2.491973e6,-1.5886242405157054,-0.9652713506234872,TIME_LIMIT,178573,0,0,56,79
4,12,2.492529e6,-1.5885854768046694,-0.9652713506234872,TIME_LIMIT,178610,0,0,35,33
4,12,2.493101e6,-1.5885854768046694,-0.9652713506234872,TIME_LIMIT,178640,0,0,28,28
4,12,2.493673e6,-1.5885211566298225,-0.9652713506234872,TIME_LIMIT,178687,0,0,15,13
4,12,2.494261e6,-1.5885211566298225,-0.9652713506234872,TIME_LIMIT,178720,0,0,46,32
4,12,2.494845e6,-1.5885106618979095,-0.9652713506234872,TIME_LIMIT,178767,0,0,35,13
4,12,2.495436e6,-1.5885106618979095,-0.9652713506234872,TIME_LIMIT,178796,0,0,37,24
4,12,2.496018e6,-1.588505742620689,-0.9652713506234872,TIME_LIMIT,178846,0,0,31,8
4,12,2.496596e6,-1.588505742620689,-0.9652713506234872,TIME_LIMIT,178870,0,0,43,36
4,12,2.497162e6,-1.5884864785749897,-0.9652713506234872,TIME_LIMIT,178925,0,0,36,16
4,12,2.497716e6,-1.5884864785749897,-0.9652713506234872,TIME_LIMIT,178960,0,0,36,28
4,12,2.498291e6,-1.5884783116588461,-0.9652713506234872,TIME_LIMIT,179020,0,0,37,10
4,12,2.498849e6,-1.5884783116588461,-0.9652713506234872,TIME_LIMIT,179051,0,0,39,29
4,12,2.499428e6,-1.5884765720710472,-0.9652713506234872,TIME_LIMIT,179107,0,0,31,7
4,12,2.499994e6,-1.5884765720710472,-0.9652713506234872,TIME_LIMIT,179133,0,0,40,41
4,12,2.500592e6,-1.58846937647449,-0.9652713506234872,TIME_LIMIT,179186,0,0,34,16
4,12,2.501031e6,-1.58846937647449,-0.9652713506234872,TIME_LIMIT,179217,0,0,43,28
4,12,2.501612e6,-1.5884261423847263,-0.9652713506234872,TIME_LIMIT,179266,0,0,28,8
4,12,2.50217e6,-1.5884261423847263,-0.9652713506234872,TIME_LIMIT,179295,0,0,45,39
4,12,2.502726e6,-1.5884143450081871,-0.9652713506234872,TIME_LIMIT,179344,0,0,27,10
4,12,2.50328e6,-1.5884143450081871,-0.9652713506234872,TIME_LIMIT,179370,0,0,33,21
4,12,2.503904e6,-1.5883969848508204,-0.9652713506234872,TIME_LIMIT,179415,0,0,28,9
4,12,2.50446e6,-1.5883969848508204,-0.9652713506234872,TIME_LIMIT,179441,0,0,37,23
4,12,2.505051e6,-1.5883858449782968,-0.9652713506234872,TIME_LIMIT,179490,0,0,35,11
4,12,2.505634e6,-1.5883858449782968,-0.9652713506234872,TIME_LIMIT,179521,0,0,38,20
4,12,2.506189e6,-1.5883774837448326,-0.9652713506234872,TIME_LIMIT,179574,0,0,36,26
4,12,2.506746e6,-1.5883774837448326,-0.9652713506234872,TIME_LIMIT,179603,0,0,16,18
4,12,2.507313e6,-1.588341090011577,-0.9652713506234872,TIME_LIMIT,179659,0,0,36,16
4,12,2.507836e6,-1.588341090011577,-0.9652713506234872,TIME_LIMIT,179692,0,0,36,24
4,12,2.508419e6,-1.5883402590168243,-0.9652713506234872,TIME_LIMIT,179741,0,0,32,8
4,12,2.509009e6,-1.5883402590168243,-0.9652713506234872,TIME_LIMIT,179775,0,0,53,59
4,12,2.509561e6,-1.5882930571100888,-0.9652713506234872,TIME_LIMIT,179834,0,0,37,12
4,12,2.510116e6,-1.5882930571100888,-0.9652713506234872,TIME_LIMIT,179865,0,0,34,36
4,12,2.510705e6,-1.5882930439370262,-0.9652713506234872,TIME_LIMIT,179913,0,0,23,4
4,12,2.511274e6,-1.5882930439370262,-0.9652713506234872,TIME_LIMIT,179940,0,0,33,18
4,12,2.51185e6,-1.5882902279230091,-0.9652713506234872,TIME_LIMIT,179989,0,0,20,5
4,12,2.512402e6,-1.5882902279230091,-0.9652713506234872,TIME_LIMIT,180021,0,0,49,33
4,12,2.513027e6,-1.5882606134144241,-0.9652713506234872,TIME_LIMIT,180070,0,0,30,20
4,12,2.513582e6,-1.5882606134144241,-0.9652713506234872,TIME_LIMIT,180105,0,0,44,32
4,12,2.514138e6,-1.5882063388832026,-0.9652713506234872,TIME_LIMIT,180159,0,0,25,14
4,12,2.514727e6,-1.5882063388832026,-0.9652713506234872,TIME_LIMIT,180189,0,0,38,20
4,12,2.515278e6,-1.5881282374730836,-0.9652713506234872,TIME_LIMIT,180238,0,0,30,14
4,12,2.515831e6,-1.5881282374730836,-0.9652713506234872,TIME_LIMIT,180273,0,0,32,14
4,12,2.516486e6,-1.588117946005804,-0.9652713506234872,TIME_LIMIT,180323,0,0,32,12
4,12,2.517239e6,-1.588117946005804,-0.9652713506234872,TIME_LIMIT,180356,0,0,35,25
4,12,2.517794e6,-1.5881159016965807,-0.9652713506234872,TIME_LIMIT,180408,0,0,23,8
4,12,2.51847e6,-1.5881159016965807,-0.9652713506234872,TIME_LIMIT,180443,0,0,44,54
4,12,2.519048e6,-1.5881034792044586,-0.9652713506234872,TIME_LIMIT,180497,0,0,36,17
4,12,2.51956e6,-1.5881034792044586,-0.9652713506234872,TIME_LIMIT,180537,0,0,46,47
4,12,2.520124e6,-1.5880366815505744,-0.9652713506234872,TIME_LIMIT,180584,0,0,31,14
4,12,2.52068e6,-1.5880366815505744,-0.9652713506234872,TIME_LIMIT,180611,0,0,32,19
4,12,2.521273e6,-1.5880162092763717,-0.9652713506234872,TIME_LIMIT,180660,0,0,12,11
4,12,2.521866e6,-1.5880162092763717,-0.9652713506234872,TIME_LIMIT,180693,0,0,43,50
4,12,2.522419e6,-1.5879968935654156,-0.9652713506234872,TIME_LIMIT,180741,0,0,29,15
4,12,2.522997e6,-1.5879968935654156,-0.9652713506234872,TIME_LIMIT,180770,0,0,38,32
4,12,2.523579e6,-1.5879597288730043,-0.9652713506234872,TIME_LIMIT,180817,0,0,25,13
4,12,2.524138e6,-1.5879597288730043,-0.9652713506234872,TIME_LIMIT,180853,0,0,47,27
4,12,2.524718e6,-1.5879073924043243,-0.9652713506234872,TIME_LIMIT,180902,0,0,34,4
4,12,2.525315e6,-1.5879073924043243,-0.9652713506234872,TIME_LIMIT,180934,0,0,38,17
4,12,2.525885e6,-1.5879008169635214,-0.9652713506234872,TIME_LIMIT,180991,0,0,35,9
4,12,2.526464e6,-1.5879008169635214,-0.9652713506234872,TIME_LIMIT,181026,0,0,34,14
4,12,2.527032e6,-1.587855001884448,-0.9652713506234872,TIME_LIMIT,181062,0,0,29,2
4,12,2.527658e6,-1.587855001884448,-0.9652713506234872,TIME_LIMIT,181092,0,0,49,62
4,12,2.528211e6,-1.5878502294967662,-0.9652713506234872,TIME_LIMIT,181136,0,0,25,15
4,12,2.528769e6,-1.5878502294967662,-0.9652713506234872,TIME_LIMIT,181163,0,0,19,11
4,12,2.529325e6,-1.5878243521813689,-0.9652713506234872,TIME_LIMIT,181206,0,0,26,8
4,12,2.529912e6,-1.5878243521813689,-0.9652713506234872,TIME_LIMIT,181240,0,0,38,16
4,12,2.530516e6,-1.587782660416938,-0.9652713506234872,TIME_LIMIT,181289,0,0,29,11
4,12,2.531091e6,-1.587782660416938,-0.9652713506234872,TIME_LIMIT,181317,0,0,24,11
4,12,2.53168e6,-1.587778599503529,-0.9652713506234872,TIME_LIMIT,181369,0,0,28,17
4,12,2.532266e6,-1.587778599503529,-0.9652713506234872,TIME_LIMIT,181402,0,0,47,40
4,12,2.532824e6,-1.5877646024274221,-0.9652713506234872,TIME_LIMIT,181453,0,0,34,27
4,12,2.53338e6,-1.5877646024274221,-0.9652713506234872,TIME_LIMIT,181489,0,0,40,20
4,12,2.533934e6,-1.5877584639755689,-0.9652713506234872,TIME_LIMIT,181534,0,0,22,11
4,12,2.534561e6,-1.5877584639755689,-0.9652713506234872,TIME_LIMIT,181564,0,0,39,18
4,12,2.535141e6,-1.5877298661393728,-0.9652713506234872,TIME_LIMIT,181613,0,0,30,12
4,12,2.535733e6,-1.5877298661393728,-0.9652713506234872,TIME_LIMIT,181642,0,0,32,22
4,12,2.536317e6,-1.5877214547212615,-0.9652713506234872,TIME_LIMIT,181690,0,0,30,11
4,12,2.536877e6,-1.5877214547212615,-0.9652713506234872,TIME_LIMIT,181721,0,0,23,25
4,12,2.537434e6,-1.587717193469045,-0.9652713506234872,TIME_LIMIT,181773,0,0,35,10
4,12,2.538009e6,-1.587717193469045,-0.9652713506234872,TIME_LIMIT,181810,0,0,16,12
4,12,2.538637e6,-1.5877108209982127,-0.9652713506234872,TIME_LIMIT,181846,0,0,33,19
4,12,2.539205e6,-1.5877108209982127,-0.9652713506234872,TIME_LIMIT,181870,0,0,27,12
4,12,2.539576e6,-1.5877077765711067,-0.9652713506234872,TIME_LIMIT,181919,0,0,33,5
4,12,2.54016e6,-1.5877077765711067,-0.9652713506234872,TIME_LIMIT,181950,0,0,46,44
4,12,2.540716e6,-1.5876867799251129,-0.9652713506234872,TIME_LIMIT,181998,0,0,30,8
4,12,2.541273e6,-1.5876867799251129,-0.9652713506234872,TIME_LIMIT,182030,0,0,35,23
4,12,2.541826e6,-1.5876781345736344,-0.9652713506234872,TIME_LIMIT,182082,0,0,33,12
4,12,2.54241e6,-1.5876781345736344,-0.9652713506234872,TIME_LIMIT,182111,0,0,44,69
4,12,2.54305e6,-1.5876395160194825,-0.9652713506234872,TIME_LIMIT,182164,0,0,33,17
4,12,2.543708e6,-1.5876395160194825,-0.9652713506234872,TIME_LIMIT,182199,0,0,33,16
4,12,2.544418e6,-1.587527204452122,-0.9652713506234872,TIME_LIMIT,182251,0,0,26,11
4,12,2.54505e6,-1.587527204452122,-0.9652713506234872,TIME_LIMIT,182286,0,0,43,13
4,12,2.545664e6,-1.5874561018170315,-0.9652713506234872,TIME_LIMIT,182331,0,0,27,11
4,12,2.546239e6,-1.5874561018170315,-0.9652713506234872,TIME_LIMIT,182358,0,0,42,22
4,12,2.546811e6,-1.5874391980811344,-0.9652713506234872,TIME_LIMIT,182411,0,0,29,7
4,12,2.54738e6,-1.5874391980811344,-0.9652713506234872,TIME_LIMIT,182435,0,0,39,25
4,12,2.547985e6,-1.5874022111852455,-0.9652713506234872,TIME_LIMIT,182486,0,0,31,16
4,12,2.548563e6,-1.5874022111852455,-0.9652713506234872,TIME_LIMIT,182517,0,0,43,28
4,12,2.549117e6,-1.5873839099122802,-0.9652713506234872,TIME_LIMIT,182569,0,0,33,6
4,12,2.549707e6,-1.5873839099122802,-0.9652713506234872,TIME_LIMIT,182606,0,0,45,40
4,12,2.550293e6,-1.5873801716054847,-0.9652713506234872,TIME_LIMIT,182656,0,0,22,11
4,12,2.550849e6,-1.5873801716054847,-0.9652713506234872,TIME_LIMIT,182682,0,0,38,12
4,12,2.551439e6,-1.5873654031209132,-0.9652713506234872,TIME_LIMIT,182732,0,0,32,10
4,12,2.551992e6,-1.5873654031209132,-0.9652713506234872,TIME_LIMIT,182767,0,0,46,44
4,12,2.552603e6,-1.5873053511007542,-0.9652713506234872,TIME_LIMIT,182814,0,0,35,14
4,12,2.553171e6,-1.5873053511007542,-0.9652713506234872,TIME_LIMIT,182843,0,0,36,20
4,12,2.553724e6,-1.587277643509279,-0.9652713506234872,TIME_LIMIT,182890,0,0,30,16
4,12,2.55435e6,-1.587277643509279,-0.9652713506234872,TIME_LIMIT,182921,0,0,37,49
4,12,2.554905e6,-1.5872546391731897,-0.9652713506234872,TIME_LIMIT,182974,0,0,31,12
4,12,2.555462e6,-1.5872546391731897,-0.9652713506234872,TIME_LIMIT,183008,0,0,40,23
4,12,2.556017e6,-1.5872416760169785,-0.9652713506234872,TIME_LIMIT,183047,0,0,29,11
4,12,2.556616e6,-1.5872416760169785,-0.9652713506234872,TIME_LIMIT,183078,0,0,44,27
4,12,2.557191e6,-1.587228739598546,-0.9652713506234872,TIME_LIMIT,183127,0,0,30,11
4,12,2.557745e6,-1.587228739598546,-0.9652713506234872,TIME_LIMIT,183157,0,0,30,17
4,12,2.558335e6,-1.5872191027467284,-0.9652713506234872,TIME_LIMIT,183208,0,0,27,12
4,12,2.558925e6,-1.5872191027467284,-0.9652713506234872,TIME_LIMIT,183240,0,0,50,27
4,12,2.559482e6,-1.587218591496431,-0.9652713506234872,TIME_LIMIT,183293,0,0,32,14
4,12,2.560041e6,-1.587218591496431,-0.9652713506234872,TIME_LIMIT,183327,0,0,43,53
4,12,2.560616e6,-1.5871961216892836,-0.9652713506234872,TIME_LIMIT,183377,0,0,32,15
4,12,2.561215e6,-1.5871961216892836,-0.9652713506234872,TIME_LIMIT,183408,0,0,31,15
4,12,2.5618e6,-1.5871711628042122,-0.9652713506234872,TIME_LIMIT,183456,0,0,12,3
4,12,2.562384e6,-1.5871711628042122,-0.9652713506234872,TIME_LIMIT,183485,0,0,35,16
4,12,2.562949e6,-1.5871445462312064,-0.9652713506234872,TIME_LIMIT,183536,0,0,31,7
4,12,2.563546e6,-1.5871445462312064,-0.9652713506234872,TIME_LIMIT,183574,0,0,31,30
4,12,2.564113e6,-1.5871376497346052,-0.9652713506234872,TIME_LIMIT,183623,0,0,31,8
4,12,2.56471e6,-1.5871376497346052,-0.9652713506234872,TIME_LIMIT,183651,0,0,34,27
4,12,2.565273e6,-1.5871196566446344,-0.9652713506234872,TIME_LIMIT,183703,0,0,29,7
4,12,2.565884e6,-1.5871196566446344,-0.9652713506234872,TIME_LIMIT,183729,0,0,36,23
4,12,2.56646e6,-1.5871193027942843,-0.9652713506234872,TIME_LIMIT,183777,0,0,31,11
4,12,2.567031e6,-1.5871193027942843,-0.9652713506234872,TIME_LIMIT,183806,0,0,41,23
4,12,2.567597e6,-1.5871114746895023,-0.9652713506234872,TIME_LIMIT,183867,0,0,38,8
4,12,2.568193e6,-1.5871114746895023,-0.9652713506234872,TIME_LIMIT,183895,0,0,47,77
4,12,2.568794e6,-1.5870870475616126,-0.9652713506234872,TIME_LIMIT,183938,0,0,29,9
4,12,2.569355e6,-1.5870870475616126,-0.9652713506234872,TIME_LIMIT,183969,0,0,36,38
4,12,2.569997e6,-1.5870790804460224,-0.9652713506234872,TIME_LIMIT,184022,0,0,38,13
4,12,2.570561e6,-1.5870790804460224,-0.9652713506234872,TIME_LIMIT,184052,0,0,41,48
4,12,2.571139e6,-1.5870701682363806,-0.9652713506234872,TIME_LIMIT,184109,0,0,36,16
4,12,2.571707e6,-1.5870701682363806,-0.9652713506234872,TIME_LIMIT,184140,0,0,38,39
4,12,2.572323e6,-1.5870698056493362,-0.9652713506234872,TIME_LIMIT,184187,0,0,30,21
4,12,2.572735e6,-1.5870698056493362,-0.9652713506234872,TIME_LIMIT,184216,0,0,38,12
4,12,2.573369e6,-1.5870678869742318,-0.9652713506234872,TIME_LIMIT,184266,0,0,32,11
4,12,2.574083e6,-1.5870678869742318,-0.9652713506234872,TIME_LIMIT,184299,0,0,45,50
4,12,2.574837e6,-1.5870651916966323,-0.9652713506234872,TIME_LIMIT,184358,0,0,33,12
4,12,2.575506e6,-1.5870651916966323,-0.9652713506234872,TIME_LIMIT,184383,0,0,31,15
4,12,2.576129e6,-1.5870072668181294,-0.9652713506234872,TIME_LIMIT,184435,0,0,27,12
4,12,2.576499e6,-1.5870072668181294,-0.9652713506234872,TIME_LIMIT,184464,0,0,38,17
4,12,2.577076e6,-1.5870054906904787,-0.9652713506234872,TIME_LIMIT,184512,0,0,20,4
4,12,2.577676e6,-1.5870054906904787,-0.9652713506234872,TIME_LIMIT,184541,0,0,35,28
4,12,2.578236e6,-1.5869870437106477,-0.9652713506234872,TIME_LIMIT,184588,0,0,29,14
4,12,2.578824e6,-1.5869870437106477,-0.9652713506234872,TIME_LIMIT,184625,0,0,35,29
4,12,2.579423e6,-1.5869758844428958,-0.9652713506234872,TIME_LIMIT,184680,0,0,34,18
4,12,2.579922e6,-1.5869758844428958,-0.9652713506234872,TIME_LIMIT,184718,0,0,42,23
4,12,2.580344e6,-1.5869577772363364,-0.9652713506234872,TIME_LIMIT,184764,0,0,29,7
4,12,2.580948e6,-1.5869577772363364,-0.9652713506234872,TIME_LIMIT,184793,0,0,41,20
4,12,2.58151e6,-1.586953700454322,-0.9652713506234872,TIME_LIMIT,184849,0,0,25,7
4,12,2.58211e6,-1.586953700454322,-0.9652713506234872,TIME_LIMIT,184881,0,0,29,19
4,12,2.582727e6,-1.5869392456443554,-0.9652713506234872,TIME_LIMIT,184927,0,0,29,14
4,12,2.583293e6,-1.5869392456443554,-0.9652713506234872,TIME_LIMIT,184966,0,0,45,22
4,12,2.583878e6,-1.5868988732214517,-0.9652713506234872,TIME_LIMIT,185014,0,0,28,16
4,12,2.58448e6,-1.5868988732214517,-0.9652713506234872,TIME_LIMIT,185045,0,0,45,23
4,12,2.585045e6,-1.5868699246048867,-0.9652713506234872,TIME_LIMIT,185097,0,0,35,14
4,12,2.585616e6,-1.5868699246048867,-0.9652713506234872,TIME_LIMIT,185130,0,0,27,27
4,12,2.586178e6,-1.5868641810624686,-0.9652713506234872,TIME_LIMIT,185181,0,0,33,9
4,12,2.586805e6,-1.5868641810624686,-0.9652713506234872,TIME_LIMIT,185214,0,0,34,34
4,12,2.587385e6,-1.5868301573979275,-0.9652713506234872,TIME_LIMIT,185254,0,0,39,5
4,12,2.587953e6,-1.5868301573979275,-0.9652713506234872,TIME_LIMIT,185287,0,0,35,31
4,12,2.588546e6,-1.5868277503359518,-0.9652713506234872,TIME_LIMIT,185345,0,0,39,11
4,12,2.589135e6,-1.5868277503359518,-0.9652713506234872,TIME_LIMIT,185375,0,0,32,19
4,12,2.589702e6,-1.5867807372625933,-0.9652713506234872,TIME_LIMIT,185424,0,0,30,10
4,12,2.590273e6,-1.5867807372625933,-0.9652713506234872,TIME_LIMIT,185449,0,0,35,25
4,12,2.590862e6,-1.5867733619201707,-0.9652713506234872,TIME_LIMIT,185501,0,0,36,10
4,12,2.591462e6,-1.5867733619201707,-0.9652713506234872,TIME_LIMIT,185530,0,0,36,17
4,12,2.592041e6,-1.586769665305468,-0.9652713506234872,TIME_LIMIT,185582,0,0,36,7
4,12,2.592625e6,-1.586769665305468,-0.9652713506234872,TIME_LIMIT,185615,0,0,41,30
4,12,2.593189e6,-1.5867443798539929,-0.9652713506234872,TIME_LIMIT,185662,0,0,33,23
4,12,2.59379e6,-1.5867443798539929,-0.9652713506234872,TIME_LIMIT,185687,0,0,31,35
4,12,2.594361e6,-1.5867433365612913,-0.9652713506234872,TIME_LIMIT,185743,0,0,33,14
4,12,2.594924e6,-1.5867433365612913,-0.9652713506234872,TIME_LIMIT,185775,0,0,48,25
4,12,2.595488e6,-1.5867414493874605,-0.9652713506234872,TIME_LIMIT,185817,0,0,24,12
4,12,2.596224e6,-1.5867414493874605,-0.9652713506234872,TIME_LIMIT,185847,0,0,46,38
4,12,2.596942e6,-1.5867093335070497,-0.9652713506234872,TIME_LIMIT,185903,0,0,34,10
4,12,2.597663e6,-1.5867093335070497,-0.9652713506234872,TIME_LIMIT,185935,0,0,24,7
4,12,2.598257e6,-1.586656013515102,-0.9652713506234872,TIME_LIMIT,185986,0,0,27,9
4,12,2.59889e6,-1.586656013515102,-0.9652713506234872,TIME_LIMIT,186019,0,0,36,15
4,12,2.599477e6,-1.5866265802336286,-0.9652713506234872,TIME_LIMIT,186057,0,0,32,5
4,12,2.600054e6,-1.5866265802336286,-0.9652713506234872,TIME_LIMIT,186092,0,0,37,26
4,12,2.600621e6,-1.586607108832697,-0.9652713506234872,TIME_LIMIT,186140,0,0,18,10
4,12,2.601257e6,-1.586607108832697,-0.9652713506234872,TIME_LIMIT,186166,0,0,41,21
4,12,2.601819e6,-1.5866048741437668,-0.9652713506234872,TIME_LIMIT,186221,0,0,28,12
4,12,2.602416e6,-1.5866048741437668,-0.9652713506234872,TIME_LIMIT,186256,0,0,17,5
4,12,2.603026e6,-1.586588137900835,-0.9652713506234872,TIME_LIMIT,186296,0,0,34,8
4,12,2.603587e6,-1.586588137900835,-0.9652713506234872,TIME_LIMIT,186335,0,0,45,23
4,12,2.604157e6,-1.5865650241337852,-0.9652713506234872,TIME_LIMIT,186385,0,0,26,9
4,12,2.604753e6,-1.5865650241337852,-0.9652713506234872,TIME_LIMIT,186416,0,0,38,13
4,12,2.605359e6,-1.5865619986874941,-0.9652713506234872,TIME_LIMIT,186465,0,0,29,9
4,12,2.605957e6,-1.5865619986874941,-0.9652713506234872,TIME_LIMIT,186484,0,0,53,57
4,12,2.606519e6,-1.5865503426765613,-0.9652713506234872,TIME_LIMIT,186542,0,0,33,8
4,12,2.607111e6,-1.5865503426765613,-0.9652713506234872,TIME_LIMIT,186583,0,0,33,18
4,12,2.607725e6,-1.5865435483038621,-0.9652713506234872,TIME_LIMIT,186619,0,0,19,11
4,12,2.60829e6,-1.5865435483038621,-0.9652713506234872,TIME_LIMIT,186650,0,0,48,35
4,12,2.60886e6,-1.5865201076749385,-0.9652713506234872,TIME_LIMIT,186702,0,0,32,7
4,12,2.609419e6,-1.5865201076749385,-0.9652713506234872,TIME_LIMIT,186733,0,0,37,27
4,12,2.609951e6,-1.5865046859712715,-0.9652713506234872,TIME_LIMIT,186781,0,0,26,14
4,12,2.610532e6,-1.5865046859712715,-0.9652713506234872,TIME_LIMIT,186816,0,0,29,24
4,12,2.611164e6,-1.5864340889277937,-0.9652713506234872,TIME_LIMIT,186866,0,0,35,10
4,12,2.611754e6,-1.5864340889277937,-0.9652713506234872,TIME_LIMIT,186902,0,0,36,34
4,12,2.612318e6,-1.5864238018091845,-0.9652713506234872,TIME_LIMIT,186952,0,0,30,17
4,12,2.612921e6,-1.5864238018091845,-0.9652713506234872,TIME_LIMIT,186981,0,0,45,27
4,12,2.613488e6,-1.586417401134894,-0.9652713506234872,TIME_LIMIT,187033,0,0,32,12
4,12,2.614082e6,-1.586417401134894,-0.9652713506234872,TIME_LIMIT,187067,0,0,41,17
4,12,2.614669e6,-1.5863922561735826,-0.9652713506234872,TIME_LIMIT,187119,0,0,38,8
4,12,2.615303e6,-1.5863922561735826,-0.9652713506234872,TIME_LIMIT,187144,0,0,32,10
4,12,2.615765e6,-1.5863559591612428,-0.9652713506234872,TIME_LIMIT,187198,0,0,34,7
4,12,2.616373e6,-1.5863559591612428,-0.9652713506234872,TIME_LIMIT,187232,0,0,37,28
4,12,2.616943e6,-1.5863347977846032,-0.9652713506234872,TIME_LIMIT,187283,0,0,26,7
4,12,2.61751e6,-1.5863347977846032,-0.9652713506234872,TIME_LIMIT,187316,0,0,33,20
4,12,2.61811e6,-1.5862316136822006,-0.9652713506234872,TIME_LIMIT,187373,0,0,22,8
4,12,2.618717e6,-1.5862316136822006,-0.9652713506234872,TIME_LIMIT,187400,0,0,42,59
4,12,2.61934e6,-1.5862112080255815,-0.9652713506234872,TIME_LIMIT,187452,0,0,33,12
4,12,2.619916e6,-1.5862112080255815,-0.9652713506234872,TIME_LIMIT,187477,0,0,44,40
4,12,2.620482e6,-1.5862050079531216,-0.9652713506234872,TIME_LIMIT,187534,0,0,27,9
4,12,2.621073e6,-1.5862050079531216,-0.9652713506234872,TIME_LIMIT,187566,0,0,34,43
4,12,2.621637e6,-1.5861945155618427,-0.9652713506234872,TIME_LIMIT,187616,0,0,27,14
4,12,2.622229e6,-1.5861945155618427,-0.9652713506234872,TIME_LIMIT,187645,0,0,37,22
4,12,2.622816e6,-1.586119206726946,-0.9652713506234872,TIME_LIMIT,187698,0,0,35,16
4,12,2.623453e6,-1.586119206726946,-0.9652713506234872,TIME_LIMIT,187732,0,0,44,30
4,12,2.624025e6,-1.586111130909769,-0.9652713506234872,TIME_LIMIT,187787,0,0,34,14
4,12,2.624593e6,-1.586111130909769,-0.9652713506234872,TIME_LIMIT,187827,0,0,40,28
4,12,2.625148e6,-1.5860635753171985,-0.9652713506234872,TIME_LIMIT,187868,0,0,25,10
4,12,2.625746e6,-1.5860635753171985,-0.9652713506234872,TIME_LIMIT,187891,0,0,30,18
4,12,2.626317e6,-1.5860201313037685,-0.9652713506234872,TIME_LIMIT,187936,0,0,25,12
4,12,2.626921e6,-1.5860201313037685,-0.9652713506234872,TIME_LIMIT,187967,0,0,43,49
4,12,2.627642e6,-1.5860144103717515,-0.9652713506234872,TIME_LIMIT,188019,0,0,35,11
4,12,2.628411e6,-1.5860144103717515,-0.9652713506234872,TIME_LIMIT,188056,0,0,45,37
4,12,2.629075e6,-1.5859914363564644,-0.9652713506234872,TIME_LIMIT,188102,0,0,28,11
4,12,2.629672e6,-1.5859914363564644,-0.9652713506234872,TIME_LIMIT,188135,0,0,45,23
4,12,2.630255e6,-1.5859427293044224,-0.9652713506234872,TIME_LIMIT,188193,0,0,33,18
4,12,2.630873e6,-1.5859427293044224,-0.9652713506234872,TIME_LIMIT,188219,0,0,38,40
4,12,2.631452e6,-1.585931077544986,-0.9652713506234872,TIME_LIMIT,188271,0,0,30,15
4,12,2.632014e6,-1.585931077544986,-0.9652713506234872,TIME_LIMIT,188304,0,0,26,36
4,12,2.632622e6,-1.585929800980567,-0.9652713506234872,TIME_LIMIT,188353,0,0,30,10
4,12,2.633219e6,-1.585929800980567,-0.9652713506234872,TIME_LIMIT,188384,0,0,31,55
4,12,2.63381e6,-1.5859157930540726,-0.9652713506234872,TIME_LIMIT,188438,0,0,31,17
4,12,2.634379e6,-1.5859157930540726,-0.9652713506234872,TIME_LIMIT,188478,0,0,46,32
4,12,2.63494e6,-1.5859156079594379,-0.9652713506234872,TIME_LIMIT,188530,0,0,27,12
4,12,2.635539e6,-1.5859156079594379,-0.9652713506234872,TIME_LIMIT,188556,0,0,48,52
4,12,2.636144e6,-1.5859121177716298,-0.9652713506234872,TIME_LIMIT,188610,0,0,28,20
4,12,2.636601e6,-1.5859121177716298,-0.9652713506234872,TIME_LIMIT,188642,0,0,19,6
4,12,2.637192e6,-1.5858883759049778,-0.9652713506234872,TIME_LIMIT,188689,0,0,25,14
4,12,2.637761e6,-1.5858883759049778,-0.9652713506234872,TIME_LIMIT,188721,0,0,38,23
4,12,2.638325e6,-1.585858912985147,-0.9652713506234872,TIME_LIMIT,188771,0,0,30,13
4,12,2.638962e6,-1.585858912985147,-0.9652713506234872,TIME_LIMIT,188802,0,0,42,28
4,12,2.639523e6,-1.5858555740401108,-0.9652713506234872,TIME_LIMIT,188853,0,0,32,12
4,12,2.64008e6,-1.5858555740401108,-0.9652713506234872,TIME_LIMIT,188881,0,0,20,29
4,12,2.640646e6,-1.5858396632297016,-0.9652713506234872,TIME_LIMIT,188936,0,0,31,12
4,12,2.641246e6,-1.5858396632297016,-0.9652713506234872,TIME_LIMIT,188964,0,0,34,33
4,12,2.641851e6,-1.5858045223529011,-0.9652713506234872,TIME_LIMIT,189011,0,0,29,12
4,12,2.642415e6,-1.5858045223529011,-0.9652713506234872,TIME_LIMIT,189043,0,0,40,23
4,12,2.643006e6,-1.5857645684770671,-0.9652713506234872,TIME_LIMIT,189089,0,0,28,13
4,12,2.643629e6,-1.5857645684770671,-0.9652713506234872,TIME_LIMIT,189120,0,0,38,18
4,12,2.644198e6,-1.5857600843659183,-0.9652713506234872,TIME_LIMIT,189174,0,0,23,8
4,12,2.644757e6,-1.5857600843659183,-0.9652713506234872,TIME_LIMIT,189202,0,0,40,14
4,12,2.645323e6,-1.5857303156414775,-0.9652713506234872,TIME_LIMIT,189260,0,0,32,11
4,12,2.645959e6,-1.5857303156414775,-0.9652713506234872,TIME_LIMIT,189291,0,0,39,16
4,12,2.646521e6,-1.5857100617357884,-0.9652713506234872,TIME_LIMIT,189347,0,0,36,11
4,12,2.647105e6,-1.5857100617357884,-0.9652713506234872,TIME_LIMIT,189384,0,0,38,23
4,12,2.64768e6,-1.5856914910790774,-0.9652713506234872,TIME_LIMIT,189432,0,0,31,17
4,12,2.648277e6,-1.5856914910790774,-0.9652713506234872,TIME_LIMIT,189464,0,0,32,17
4,12,2.648835e6,-1.5856418476535847,-0.9652713506234872,TIME_LIMIT,189501,0,0,32,11
4,12,2.649297e6,-1.5856418476535847,-0.9652713506234872,TIME_LIMIT,189537,0,0,39,24
4,12,2.649885e6,-1.5856275072695518,-0.9652713506234872,TIME_LIMIT,189584,0,0,25,14
4,12,2.650453e6,-1.5856275072695518,-0.9652713506234872,TIME_LIMIT,189620,0,0,44,27
4,12,2.651024e6,-1.5856214107046724,-0.9652713506234872,TIME_LIMIT,189676,0,0,34,15
4,12,2.651656e6,-1.5856214107046724,-0.9652713506234872,TIME_LIMIT,189706,0,0,30,23
4,12,2.652223e6,-1.585618563706736,-0.9652713506234872,TIME_LIMIT,189755,0,0,31,8
4,12,2.652803e6,-1.585618563706736,-0.9652713506234872,TIME_LIMIT,189784,0,0,26,38
4,12,2.65336e6,-1.5856181077071947,-0.9652713506234872,TIME_LIMIT,189832,0,0,23,10
4,12,2.653986e6,-1.5856181077071947,-0.9652713506234872,TIME_LIMIT,189865,0,0,41,15
4,12,2.654557e6,-1.5856059087733856,-0.9652713506234872,TIME_LIMIT,189914,0,0,31,15
4,12,2.655165e6,-1.5856059087733856,-0.9652713506234872,TIME_LIMIT,189943,0,0,42,17
4,12,2.655738e6,-1.585596880639916,-0.9652713506234872,TIME_LIMIT,189989,0,0,32,12
4,12,2.65634e6,-1.585596880639916,-0.9652713506234872,TIME_LIMIT,190017,0,0,36,22
4,12,2.656908e6,-1.5855950206375322,-0.9652713506234872,TIME_LIMIT,190068,0,0,38,17
4,12,2.657475e6,-1.5855950206375322,-0.9652713506234872,TIME_LIMIT,190100,0,0,31,11
4,12,2.658037e6,-1.5855793181633118,-0.9652713506234872,TIME_LIMIT,190135,0,0,29,9
4,12,2.65865e6,-1.5855793181633118,-0.9652713506234872,TIME_LIMIT,190168,0,0,45,42
4,12,2.659394e6,-1.585554145813018,-0.9652713506234872,TIME_LIMIT,190218,0,0,31,16
4,12,2.66011e6,-1.585554145813018,-0.9652713506234872,TIME_LIMIT,190252,0,0,33,30
4,12,2.660821e6,-1.5855335987481056,-0.9652713506234872,TIME_LIMIT,190302,0,0,31,13
4,12,2.661454e6,-1.5855335987481056,-0.9652713506234872,TIME_LIMIT,190336,0,0,23,13
4,12,2.662043e6,-1.5855054185508604,-0.9652713506234872,TIME_LIMIT,190391,0,0,28,20
4,12,2.662635e6,-1.5855054185508604,-0.9652713506234872,TIME_LIMIT,190421,0,0,40,33
4,12,2.663235e6,-1.5854908432524357,-0.9652713506234872,TIME_LIMIT,190478,0,0,31,12
4,12,2.663835e6,-1.5854908432524357,-0.9652713506234872,TIME_LIMIT,190508,0,0,39,39
4,12,2.66444e6,-1.5854852953261327,-0.9652713506234872,TIME_LIMIT,190553,0,0,23,20
4,12,2.664996e6,-1.5854852953261327,-0.9652713506234872,TIME_LIMIT,190584,0,0,37,14
4,12,2.665599e6,-1.5854158148207673,-0.9652713506234872,TIME_LIMIT,190631,0,0,17,6
4,12,2.666208e6,-1.5854158148207673,-0.9652713506234872,TIME_LIMIT,190668,0,0,36,26
4,12,2.666781e6,-1.585390562766718,-0.9652713506234872,TIME_LIMIT,190720,0,0,29,12
4,12,2.667359e6,-1.585390562766718,-0.9652713506234872,TIME_LIMIT,190756,0,0,40,15
4,12,2.667868e6,-1.5853731282444528,-0.9652713506234872,TIME_LIMIT,190801,0,0,34,5
4,12,2.668389e6,-1.5853731282444528,-0.9652713506234872,TIME_LIMIT,190831,0,0,39,15
4,12,2.668996e6,-1.5853560317178028,-0.9652713506234872,TIME_LIMIT,190880,0,0,29,9
4,12,2.66955e6,-1.5853560317178028,-0.9652713506234872,TIME_LIMIT,190913,0,0,43,36
4,12,2.67017e6,-1.5853193802238426,-0.9652713506234872,TIME_LIMIT,190967,0,0,33,8
4,12,2.670749e6,-1.5853193802238426,-0.9652713506234872,TIME_LIMIT,190996,0,0,27,16
4,12,2.671318e6,-1.5852957528149023,-0.9652713506234872,TIME_LIMIT,191046,0,0,32,11
4,12,2.671877e6,-1.5852957528149023,-0.9652713506234872,TIME_LIMIT,191082,0,0,45,17
4,12,2.672474e6,-1.5852734780105924,-0.9652713506234872,TIME_LIMIT,191128,0,0,31,10
4,12,2.673061e6,-1.5852734780105924,-0.9652713506234872,TIME_LIMIT,191165,0,0,27,15
4,12,2.673642e6,-1.5852568960183266,-0.9652713506234872,TIME_LIMIT,191218,0,0,38,7
4,12,2.67413e6,-1.5852568960183266,-0.9652713506234872,TIME_LIMIT,191254,0,0,55,66
4,12,2.674745e6,-1.5852476169117629,-0.9652713506234872,TIME_LIMIT,191302,0,0,27,13
4,12,2.675298e6,-1.5852476169117629,-0.9652713506234872,TIME_LIMIT,191326,0,0,40,32
4,12,2.6759e6,-1.5852451978490931,-0.9652713506234872,TIME_LIMIT,191382,0,0,31,8
4,12,2.676478e6,-1.5852451978490931,-0.9652713506234872,TIME_LIMIT,191414,0,0,37,11
4,12,2.677052e6,-1.5852082548558541,-0.9652713506234872,TIME_LIMIT,191467,0,0,35,13
4,12,2.677635e6,-1.5852082548558541,-0.9652713506234872,TIME_LIMIT,191499,0,0,37,22
4,12,2.678238e6,-1.585187490708955,-0.9652713506234872,TIME_LIMIT,191551,0,0,33,11
4,12,2.678839e6,-1.585187490708955,-0.9652713506234872,TIME_LIMIT,191580,0,0,39,18
4,12,2.67941e6,-1.585180025183586,-0.9652713506234872,TIME_LIMIT,191628,0,0,23,7
4,12,2.679966e6,-1.585180025183586,-0.9652713506234872,TIME_LIMIT,191659,0,0,41,36
4,12,2.680565e6,-1.5851673870313006,-0.9652713506234872,TIME_LIMIT,191716,0,0,28,6
4,12,2.681148e6,-1.5851673870313006,-0.9652713506234872,TIME_LIMIT,191746,0,0,41,21
4,12,2.681727e6,-1.585125689175496,-0.9652713506234872,TIME_LIMIT,191796,0,0,30,15
4,12,2.682284e6,-1.585125689175496,-0.9652713506234872,TIME_LIMIT,191823,0,0,25,7
4,12,2.682896e6,-1.585122624945898,-0.9652713506234872,TIME_LIMIT,191872,0,0,29,14
4,12,2.683465e6,-1.585122624945898,-0.9652713506234872,TIME_LIMIT,191901,0,0,45,27
4,12,2.684066e6,-1.58510725503801,-0.9652713506234872,TIME_LIMIT,191954,0,0,31,7
4,12,2.68463e6,-1.58510725503801,-0.9652713506234872,TIME_LIMIT,191988,0,0,33,20
4,12,2.68523e6,-1.5851049840306624,-0.9652713506234872,TIME_LIMIT,192048,0,0,37,7
4,12,2.6858e6,-1.5851049840306624,-0.9652713506234872,TIME_LIMIT,192080,0,0,47,41
4,12,2.686366e6,-1.5850981283003325,-0.9652713506234872,TIME_LIMIT,192128,0,0,30,8
4,12,2.686694e6,-1.5850981283003325,-0.9652713506234872,TIME_LIMIT,192166,0,0,33,24
4,12,2.686948e6,-1.585052662878309,-0.9652713506234872,TIME_LIMIT,192210,0,0,29,11
4,12,2.687693e6,-1.585052662878309,-0.9652713506234872,TIME_LIMIT,192240,0,0,34,21
4,12,2.688422e6,-1.5850362406243839,-0.9652713506234872,TIME_LIMIT,192288,0,0,21,8
4,12,2.689172e6,-1.5850362406243839,-0.9652713506234872,TIME_LIMIT,192323,0,0,41,10
4,12,2.689726e6,-1.584996798093813,-0.9652713506234872,TIME_LIMIT,192383,0,0,38,11
4,12,2.690312e6,-1.584996798093813,-0.9652713506234872,TIME_LIMIT,192415,0,0,44,27
4,12,2.690901e6,-1.5849910480534388,-0.9652713506234872,TIME_LIMIT,192469,0,0,35,6
4,12,2.691514e6,-1.5849910480534388,-0.9652713506234872,TIME_LIMIT,192498,0,0,37,29
4,12,2.692085e6,-1.5849602789472361,-0.9652713506234872,TIME_LIMIT,192542,0,0,22,7
4,12,2.692657e6,-1.5849602789472361,-0.9652713506234872,TIME_LIMIT,192573,0,0,42,36
4,12,2.693226e6,-1.584956599684471,-0.9652713506234872,TIME_LIMIT,192629,0,0,39,19
4,12,2.693862e6,-1.584956599684471,-0.9652713506234872,TIME_LIMIT,192666,0,0,32,13
4,12,2.694429e6,-1.5849294169337302,-0.9652713506234872,TIME_LIMIT,192696,0,0,25,6
4,12,2.695042e6,-1.5849294169337302,-0.9652713506234872,TIME_LIMIT,192721,0,0,35,21
4,12,2.695615e6,-1.584914428968974,-0.9652713506234872,TIME_LIMIT,192774,0,0,27,14
4,12,2.696216e6,-1.584914428968974,-0.9652713506234872,TIME_LIMIT,192805,0,0,18,32
4,12,2.696825e6,-1.584876347073727,-0.9652713506234872,TIME_LIMIT,192845,0,0,27,13
4,12,2.69738e6,-1.584876347073727,-0.9652713506234872,TIME_LIMIT,192879,0,0,32,34
4,12,2.697972e6,-1.5848594541571046,-0.9652713506234872,TIME_LIMIT,192937,0,0,35,12
4,12,2.698587e6,-1.5848594541571046,-0.9652713506234872,TIME_LIMIT,192961,0,0,39,38
4,12,2.699178e6,-1.5848458766117248,-0.9652713506234872,TIME_LIMIT,193021,0,0,36,9
4,12,2.699769e6,-1.5848458766117248,-0.9652713506234872,TIME_LIMIT,193050,0,0,35,30
4,12,2.700333e6,-1.5848387441260516,-0.9652713506234872,TIME_LIMIT,193100,0,0,33,6
4,12,2.700937e6,-1.5848387441260516,-0.9652713506234872,TIME_LIMIT,193130,0,0,42,20
4,12,2.701504e6,-1.5848232981656831,-0.9652713506234872,TIME_LIMIT,193181,0,0,23,13
4,12,2.702067e6,-1.5848232981656831,-0.9652713506234872,TIME_LIMIT,193213,0,0,40,16
4,12,2.702665e6,-1.584797440005351,-0.9652713506234872,TIME_LIMIT,193261,0,0,33,5
4,12,2.703301e6,-1.584797440005351,-0.9652713506234872,TIME_LIMIT,193294,0,0,39,26
4,12,2.703868e6,-1.5847735549942397,-0.9652713506234872,TIME_LIMIT,193344,0,0,29,11
4,12,2.704429e6,-1.5847735549942397,-0.9652713506234872,TIME_LIMIT,193375,0,0,44,21
4,12,2.705023e6,-1.5847653813895581,-0.9652713506234872,TIME_LIMIT,193427,0,0,34,13
4,12,2.705612e6,-1.5847653813895581,-0.9652713506234872,TIME_LIMIT,193453,0,0,39,44
4,12,2.70621e6,-1.5847623154453858,-0.9652713506234872,TIME_LIMIT,193512,0,0,32,13
4,12,2.706771e6,-1.5847623154453858,-0.9652713506234872,TIME_LIMIT,193541,0,0,42,33
4,12,2.707379e6,-1.5847616891615084,-0.9652713506234872,TIME_LIMIT,193591,0,0,35,5
4,12,2.707984e6,-1.5847616891615084,-0.9652713506234872,TIME_LIMIT,193618,0,0,30,32
4,12,2.70858e6,-1.584728176908182,-0.9652713506234872,TIME_LIMIT,193668,0,0,26,12
4,12,2.70915e6,-1.584728176908182,-0.9652713506234872,TIME_LIMIT,193695,0,0,39,57
4,12,2.709721e6,-1.5846912786983511,-0.9652713506234872,TIME_LIMIT,193753,0,0,31,13
4,12,2.710289e6,-1.5846912786983511,-0.9652713506234872,TIME_LIMIT,193793,0,0,33,30
4,12,2.710945e6,-1.5846513659780148,-0.9652713506234872,TIME_LIMIT,193828,0,0,36,14
4,12,2.711516e6,-1.5846513659780148,-0.9652713506234872,TIME_LIMIT,193854,0,0,51,55
4,12,2.712087e6,-1.5845874343077964,-0.9652713506234872,TIME_LIMIT,193914,0,0,34,19
4,12,2.712645e6,-1.5845874343077964,-0.9652713506234872,TIME_LIMIT,193947,0,0,27,23
4,12,2.71325e6,-1.584583536928325,-0.9652713506234872,TIME_LIMIT,193998,0,0,25,11
4,12,2.71381e6,-1.584583536928325,-0.9652713506234872,TIME_LIMIT,194030,0,0,42,25
4,12,2.714549e6,-1.5845812975005458,-0.9652713506234872,TIME_LIMIT,194085,0,0,31,17
4,12,2.715287e6,-1.5845812975005458,-0.9652713506234872,TIME_LIMIT,194114,0,0,46,32
4,12,2.716073e6,-1.584574695600975,-0.9652713506234872,TIME_LIMIT,194170,0,0,35,8
4,12,2.716664e6,-1.584574695600975,-0.9652713506234872,TIME_LIMIT,194205,0,0,38,14
4,12,2.717256e6,-1.5845419363886943,-0.9652713506234872,TIME_LIMIT,194243,0,0,35,14
4,12,2.717845e6,-1.5845419363886943,-0.9652713506234872,TIME_LIMIT,194273,0,0,40,38
4,12,2.718423e6,-1.5845232733313017,-0.9652713506234872,TIME_LIMIT,194324,0,0,33,13
4,12,2.719025e6,-1.5845232733313017,-0.9652713506234872,TIME_LIMIT,194363,0,0,43,29
4,12,2.719634e6,-1.584496635289347,-0.9652713506234872,TIME_LIMIT,194397,0,0,36,15
4,12,2.720203e6,-1.584496635289347,-0.9652713506234872,TIME_LIMIT,194429,0,0,39,34
4,12,2.720812e6,-1.584430629423071,-0.9652713506234872,TIME_LIMIT,194484,0,0,26,10
4,12,2.721401e6,-1.584430629423071,-0.9652713506234872,TIME_LIMIT,194508,0,0,50,48
4,12,2.721972e6,-1.5844276102957875,-0.9652713506234872,TIME_LIMIT,194562,0,0,33,11
4,12,2.722575e6,-1.5844276102957875,-0.9652713506234872,TIME_LIMIT,194589,0,0,53,64
4,12,2.723149e6,-1.5844098925434507,-0.9652713506234872,TIME_LIMIT,194645,0,0,35,16
4,12,2.723776e6,-1.5844098925434507,-0.9652713506234872,TIME_LIMIT,194675,0,0,37,15
4,12,2.724357e6,-1.5844047911611219,-0.9652713506234872,TIME_LIMIT,194728,0,0,31,7
4,12,2.724926e6,-1.5844047911611219,-0.9652713506234872,TIME_LIMIT,194751,0,0,31,25
4,12,2.725534e6,-1.5844004236213376,-0.9652713506234872,TIME_LIMIT,194800,0,0,33,12
4,12,2.726123e6,-1.5844004236213376,-0.9652713506234872,TIME_LIMIT,194824,0,0,36,21
4,12,2.72669e6,-1.5843514381397847,-0.9652713506234872,TIME_LIMIT,194870,0,0,29,12
4,12,2.727264e6,-1.5843514381397847,-0.9652713506234872,TIME_LIMIT,194916,0,0,47,30
4,12,2.727845e6,-1.584341816267685,-0.9652713506234872,TIME_LIMIT,194951,0,0,44,21
4,12,2.728429e6,-1.584341816267685,-0.9652713506234872,TIME_LIMIT,194985,0,0,42,18
4,12,2.729038e6,-1.584334368292498,-0.9652713506234872,TIME_LIMIT,195040,0,0,38,13
4,12,2.729647e6,-1.584334368292498,-0.9652713506234872,TIME_LIMIT,195070,0,0,35,24
4,12,2.730215e6,-1.5843290974965125,-0.9652713506234872,TIME_LIMIT,195125,0,0,37,9
4,12,2.730773e6,-1.5843290974965125,-0.9652713506234872,TIME_LIMIT,195156,0,0,47,27
4,12,2.731388e6,-1.584315880962543,-0.9652713506234872,TIME_LIMIT,195208,0,0,31,6
4,12,2.731939e6,-1.584315880962543,-0.9652713506234872,TIME_LIMIT,195242,0,0,49,60
4,12,2.73252e6,-1.5842952130823353,-0.9652713506234872,TIME_LIMIT,195292,0,0,27,20
4,12,2.733078e6,-1.5842952130823353,-0.9652713506234872,TIME_LIMIT,195324,0,0,35,17
4,12,2.733653e6,-1.5842839750221254,-0.9652713506234872,TIME_LIMIT,195371,0,0,30,14
4,12,2.734245e6,-1.5842839750221254,-0.9652713506234872,TIME_LIMIT,195400,0,0,42,32
4,12,2.734858e6,-1.5842790682664625,-0.9652713506234872,TIME_LIMIT,195447,0,0,15,11
4,12,2.735421e6,-1.5842790682664625,-0.9652713506234872,TIME_LIMIT,195490,0,0,34,12
4,12,2.735989e6,-1.58426893145722,-0.9652713506234872,TIME_LIMIT,195528,0,0,35,10
4,12,2.736592e6,-1.58426893145722,-0.9652713506234872,TIME_LIMIT,195551,0,0,40,30
4,12,2.737152e6,-1.5842635693307998,-0.9652713506234872,TIME_LIMIT,195600,0,0,31,20
4,12,2.737755e6,-1.5842635693307998,-0.9652713506234872,TIME_LIMIT,195631,0,0,32,23
4,12,2.738322e6,-1.5842531306637997,-0.9652713506234872,TIME_LIMIT,195678,0,0,26,5
4,12,2.738925e6,-1.5842531306637997,-0.9652713506234872,TIME_LIMIT,195709,0,0,34,24
4,12,2.739496e6,-1.5842439675852606,-0.9652713506234872,TIME_LIMIT,195756,0,0,31,12
4,12,2.740058e6,-1.5842439675852606,-0.9652713506234872,TIME_LIMIT,195786,0,0,40,24
4,12,2.740624e6,-1.5842215592615025,-0.9652713506234872,TIME_LIMIT,195842,0,0,38,11
4,12,2.741321e6,-1.5842215592615025,-0.9652713506234872,TIME_LIMIT,195880,0,0,36,21
4,12,2.74211e6,-1.584187829867308,-0.9652713506234872,TIME_LIMIT,195918,0,0,30,16
4,12,2.742867e6,-1.584187829867308,-0.9652713506234872,TIME_LIMIT,195943,0,0,40,38
4,12,2.74348e6,-1.5841665763108648,-0.9652713506234872,TIME_LIMIT,195997,0,0,34,9
4,12,2.74407e6,-1.5841665763108648,-0.9652713506234872,TIME_LIMIT,196026,0,0,35,33
4,12,2.74468e6,-1.5841570140229924,-0.9652713506234872,TIME_LIMIT,196077,0,0,30,7
4,12,2.745252e6,-1.5841570140229924,-0.9652713506234872,TIME_LIMIT,196106,0,0,44,44
4,12,2.745808e6,-1.5841533969686554,-0.9652713506234872,TIME_LIMIT,196159,0,0,31,10
4,12,2.746373e6,-1.5841533969686554,-0.9652713506234872,TIME_LIMIT,196194,0,0,31,26
4,12,2.746869e6,-1.5841473229979648,-0.9652713506234872,TIME_LIMIT,196247,0,0,31,12
4,12,2.747462e6,-1.5841473229979648,-0.9652713506234872,TIME_LIMIT,196273,0,0,34,47
4,12,2.748068e6,-1.5841386418724597,-0.9652713506234872,TIME_LIMIT,196324,0,0,27,12
4,12,2.74867e6,-1.5841386418724597,-0.9652713506234872,TIME_LIMIT,196361,0,0,38,23
4,12,2.749236e6,-1.5841324788319222,-0.9652713506234872,TIME_LIMIT,196418,0,0,27,14
4,12,2.749838e6,-1.5841324788319222,-0.9652713506234872,TIME_LIMIT,196454,0,0,48,45
4,12,2.750402e6,-1.5841265850537292,-0.9652713506234872,TIME_LIMIT,196503,0,0,15,9
4,12,2.751068e6,-1.5841265850537292,-0.9652713506234872,TIME_LIMIT,196546,0,0,46,26
4,12,2.75165e6,-1.584116455028265,-0.9652713506234872,TIME_LIMIT,196595,0,0,32,12
4,12,2.752236e6,-1.584116455028265,-0.9652713506234872,TIME_LIMIT,196625,0,0,54,32
4,12,2.752817e6,-1.5840878098240734,-0.9652713506234872,TIME_LIMIT,196672,0,0,31,5
4,12,2.753418e6,-1.5840878098240734,-0.9652713506234872,TIME_LIMIT,196698,0,0,37,38
4,12,2.753986e6,-1.5840822678238986,-0.9652713506234872,TIME_LIMIT,196751,0,0,11,9
4,12,2.754557e6,-1.5840822678238986,-0.9652713506234872,TIME_LIMIT,196783,0,0,17,45
4,12,2.755178e6,-1.584063566431841,-0.9652713506234872,TIME_LIMIT,196840,0,0,32,19
4,12,2.755749e6,-1.584063566431841,-0.9652713506234872,TIME_LIMIT,196871,0,0,27,25
4,12,2.756374e6,-1.584053106465109,-0.9652713506234872,TIME_LIMIT,196918,0,0,27,15
4,12,2.756962e6,-1.584053106465109,-0.9652713506234872,TIME_LIMIT,196945,0,0,47,52
4,12,2.757519e6,-1.584038930983862,-0.9652713506234872,TIME_LIMIT,196997,0,0,32,16
4,12,2.758086e6,-1.584038930983862,-0.9652713506234872,TIME_LIMIT,197024,0,0,33,20
4,12,2.758687e6,-1.584035410597526,-0.9652713506234872,TIME_LIMIT,197068,0,0,28,10
4,12,2.759271e6,-1.584035410597526,-0.9652713506234872,TIME_LIMIT,197107,0,0,39,25
4,12,2.75985e6,-1.5840348044074317,-0.9652713506234872,TIME_LIMIT,197161,0,0,33,13
4,12,2.760448e6,-1.5840348044074317,-0.9652713506234872,TIME_LIMIT,197189,0,0,33,17
4,12,2.761049e6,-1.584034619896167,-0.9652713506234872,TIME_LIMIT,197245,0,0,38,10
4,12,2.76156e6,-1.584034619896167,-0.9652713506234872,TIME_LIMIT,197276,0,0,40,21
4,12,2.762116e6,-1.584032313006119,-0.9652713506234872,TIME_LIMIT,197324,0,0,31,8
4,12,2.762723e6,-1.584032313006119,-0.9652713506234872,TIME_LIMIT,197361,0,0,41,18
4,12,2.763282e6,-1.58401094214847,-0.9652713506234872,TIME_LIMIT,197410,0,0,23,7
4,12,2.763888e6,-1.58401094214847,-0.9652713506234872,TIME_LIMIT,197445,0,0,40,24
4,12,2.764478e6,-1.584001161795909,-0.9652713506234872,TIME_LIMIT,197489,0,0,29,10
4,12,2.765052e6,-1.584001161795909,-0.9652713506234872,TIME_LIMIT,197527,0,0,35,28
4,12,2.765619e6,-1.5839992293568521,-0.9652713506234872,TIME_LIMIT,197582,0,0,18,6
4,12,2.7662e6,-1.5839992293568521,-0.9652713506234872,TIME_LIMIT,197612,0,0,35,29
4,12,2.766816e6,-1.5839628786546676,-0.9652713506234872,TIME_LIMIT,197667,0,0,34,10
4,12,2.7674e6,-1.5839628786546676,-0.9652713506234872,TIME_LIMIT,197701,0,0,30,25
4,12,2.767994e6,-1.5839440173288222,-0.9652713506234872,TIME_LIMIT,197750,0,0,33,14
4,12,2.768277e6,-1.5839440173288222,-0.9652713506234872,TIME_LIMIT,197782,0,0,39,15
4,12,2.768849e6,-1.5839425270802625,-0.9652713506234872,TIME_LIMIT,197834,0,0,35,5
4,12,2.769302e6,-1.5839425270802625,-0.9652713506234872,TIME_LIMIT,197873,0,0,32,22
4,12,2.769872e6,-1.5839211872140155,-0.9652713506234872,TIME_LIMIT,197920,0,0,30,17
4,12,2.770469e6,-1.5839211872140155,-0.9652713506234872,TIME_LIMIT,197947,0,0,37,30
4,12,2.771101e6,-1.5838664233288662,-0.9652713506234872,TIME_LIMIT,197997,0,0,30,11
4,12,2.771848e6,-1.5838664233288662,-0.9652713506234872,TIME_LIMIT,198025,0,0,15,13
4,12,2.772604e6,-1.5838609186592205,-0.9652713506234872,TIME_LIMIT,198078,0,0,37,8
4,12,2.773321e6,-1.5838609186592205,-0.9652713506234872,TIME_LIMIT,198106,0,0,39,26
4,12,2.773925e6,-1.5838147714685107,-0.9652713506234872,TIME_LIMIT,198163,0,0,39,8
4,12,2.774508e6,-1.5838147714685107,-0.9652713506234872,TIME_LIMIT,198194,0,0,36,15
4,12,2.775105e6,-1.5838087510869696,-0.9652713506234872,TIME_LIMIT,198253,0,0,40,8
4,12,2.775671e6,-1.5838087510869696,-0.9652713506234872,TIME_LIMIT,198282,0,0,42,29
4,12,2.776297e6,-1.5837824719456373,-0.9652713506234872,TIME_LIMIT,198335,0,0,30,10
4,12,2.77688e6,-1.5837824719456373,-0.9652713506234872,TIME_LIMIT,198363,0,0,35,23
4,12,2.777458e6,-1.5837495019000432,-0.9652713506234872,TIME_LIMIT,198414,0,0,21,16
4,12,2.778049e6,-1.5837495019000432,-0.9652713506234872,TIME_LIMIT,198447,0,0,40,23
4,12,2.77866e6,-1.5837044085426883,-0.9652713506234872,TIME_LIMIT,198499,0,0,31,12
4,12,2.779274e6,-1.5837044085426883,-0.9652713506234872,TIME_LIMIT,198535,0,0,38,22
4,12,2.779845e6,-1.5836965665740146,-0.9652713506234872,TIME_LIMIT,198584,0,0,30,9
4,12,2.780422e6,-1.5836965665740146,-0.9652713506234872,TIME_LIMIT,198611,0,0,41,20
4,12,2.781008e6,-1.583695662791526,-0.9652713506234872,TIME_LIMIT,198661,0,0,38,9
4,12,2.781632e6,-1.583695662791526,-0.9652713506234872,TIME_LIMIT,198691,0,0,44,16
4,12,2.782221e6,-1.583665124583171,-0.9652713506234872,TIME_LIMIT,198739,0,0,30,7
4,12,2.782602e6,-1.583665124583171,-0.9652713506234872,TIME_LIMIT,198773,0,0,37,10
4,12,2.783221e6,-1.5836645642105989,-0.9652713506234872,TIME_LIMIT,198825,0,0,30,17
4,12,2.783794e6,-1.5836645642105989,-0.9652713506234872,TIME_LIMIT,198852,0,0,48,55
4,12,2.78437e6,-1.583659285410939,-0.9652713506234872,TIME_LIMIT,198902,0,0,21,12
4,12,2.784937e6,-1.583659285410939,-0.9652713506234872,TIME_LIMIT,198936,0,0,33,14
4,12,2.785576e6,-1.5836522921883893,-0.9652713506234872,TIME_LIMIT,198984,0,0,29,10
4,12,2.786144e6,-1.5836522921883893,-0.9652713506234872,TIME_LIMIT,199016,0,0,45,25
4,12,2.786741e6,-1.583649480134168,-0.9652713506234872,TIME_LIMIT,199073,0,0,33,12
4,12,2.787345e6,-1.583649480134168,-0.9652713506234872,TIME_LIMIT,199105,0,0,33,17
4,12,2.787904e6,-1.5836033980307491,-0.9652713506234872,TIME_LIMIT,199159,0,0,35,12
4,12,2.788508e6,-1.5836033980307491,-0.9652713506234872,TIME_LIMIT,199191,0,0,36,22
4,12,2.7891e6,-1.583584275284221,-0.9652713506234872,TIME_LIMIT,199240,0,0,29,7
4,12,2.789686e6,-1.583584275284221,-0.9652713506234872,TIME_LIMIT,199277,0,0,47,26
4,12,2.790267e6,-1.5835528026412495,-0.9652713506234872,TIME_LIMIT,199332,0,0,30,6
4,12,2.790893e6,-1.5835528026412495,-0.9652713506234872,TIME_LIMIT,199375,0,0,35,12
4,12,2.791499e6,-1.5835493525942528,-0.9652713506234872,TIME_LIMIT,199423,0,0,30,9
4,12,2.792059e6,-1.5835493525942528,-0.9652713506234872,TIME_LIMIT,199453,0,0,36,41
4,12,2.792638e6,-1.5835204526369357,-0.9652713506234872,TIME_LIMIT,199503,0,0,32,11
4,12,2.793221e6,-1.5835204526369357,-0.9652713506234872,TIME_LIMIT,199539,0,0,43,53
4,12,2.793838e6,-1.5835066556728365,-0.9652713506234872,TIME_LIMIT,199592,0,0,27,14
4,12,2.79443e6,-1.5835066556728365,-0.9652713506234872,TIME_LIMIT,199621,0,0,30,16
4,12,2.795021e6,-1.5835052300612489,-0.9652713506234872,TIME_LIMIT,199672,0,0,31,7
4,12,2.795601e6,-1.5835052300612489,-0.9652713506234872,TIME_LIMIT,199704,0,0,33,30
4,12,2.796208e6,-1.583500210222816,-0.9652713506234872,TIME_LIMIT,199751,0,0,29,7
4,12,2.796781e6,-1.583500210222816,-0.9652713506234872,TIME_LIMIT,199780,0,0,37,44
4,12,2.79739e6,-1.5834764051373882,-0.9652713506234872,TIME_LIMIT,199832,0,0,36,15
4,12,2.797946e6,-1.5834764051373882,-0.9652713506234872,TIME_LIMIT,199854,0,0,29,19
4,12,2.798557e6,-1.5834456307496279,-0.9652713506234872,TIME_LIMIT,199900,0,0,28,9
4,12,2.799158e6,-1.5834456307496279,-0.9652713506234872,TIME_LIMIT,199936,0,0,36,33
4,12,2.799731e6,-1.5834456185158132,-0.9652713506234872,TIME_LIMIT,199992,0,0,37,7
4,12,2.800302e6,-1.5834456185158132,-0.9652713506234872,TIME_LIMIT,200014,0,0,33,21
4,12,2.800868e6,-1.5834361064685987,-0.9652713506234872,TIME_LIMIT,200061,0,0,26,12
4,12,2.80147e6,-1.5834361064685987,-0.9652713506234872,TIME_LIMIT,200084,0,0,28,17
4,12,2.802147e6,-1.5834310308019603,-0.9652713506234872,TIME_LIMIT,200134,0,0,29,12
4,12,2.802901e6,-1.5834310308019603,-0.9652713506234872,TIME_LIMIT,200166,0,0,35,22
4,12,2.803655e6,-1.5834301705941651,-0.9652713506234872,TIME_LIMIT,200216,0,0,15,8
4,12,2.804306e6,-1.5834301705941651,-0.9652713506234872,TIME_LIMIT,200247,0,0,39,23
4,12,2.804942e6,-1.5834147928203346,-0.9652713506234872,TIME_LIMIT,200301,0,0,27,13
4,12,2.805518e6,-1.5834147928203346,-0.9652713506234872,TIME_LIMIT,200335,0,0,35,32
4,12,2.806116e6,-1.583384328320465,-0.9652713506234872,TIME_LIMIT,200388,0,0,30,8
4,12,2.806676e6,-1.583384328320465,-0.9652713506234872,TIME_LIMIT,200421,0,0,53,37
4,12,2.807287e6,-1.583372795240333,-0.9652713506234872,TIME_LIMIT,200474,0,0,34,7
4,12,2.8079e6,-1.583372795240333,-0.9652713506234872,TIME_LIMIT,200507,0,0,39,19
4,12,2.808496e6,-1.5833647967177298,-0.9652713506234872,TIME_LIMIT,200556,0,0,29,12
4,12,2.809094e6,-1.5833647967177298,-0.9652713506234872,TIME_LIMIT,200589,0,0,40,28
4,12,2.809665e6,-1.583361530265922,-0.9652713506234872,TIME_LIMIT,200642,0,0,32,16
4,12,2.810271e6,-1.583361530265922,-0.9652713506234872,TIME_LIMIT,200665,0,0,42,14
4,12,2.810881e6,-1.583360545098989,-0.9652713506234872,TIME_LIMIT,200718,0,0,33,9
4,12,2.811441e6,-1.583360545098989,-0.9652713506234872,TIME_LIMIT,200747,0,0,32,14
4,12,2.812064e6,-1.583341357001074,-0.9652713506234872,TIME_LIMIT,200799,0,0,27,10
4,12,2.812627e6,-1.583341357001074,-0.9652713506234872,TIME_LIMIT,200827,0,0,35,28
4,12,2.813231e6,-1.5833408591469782,-0.9652713506234872,TIME_LIMIT,200885,0,0,15,9
4,12,2.813804e6,-1.5833408591469782,-0.9652713506234872,TIME_LIMIT,200925,0,0,33,30
4,12,2.814359e6,-1.5833028564347236,-0.9652713506234872,TIME_LIMIT,200978,0,0,29,11
4,12,2.814969e6,-1.5833028564347236,-0.9652713506234872,TIME_LIMIT,201012,0,0,35,21
4,12,2.815559e6,-1.5832700534619035,-0.9652713506234872,TIME_LIMIT,201062,0,0,26,6
4,12,2.816168e6,-1.5832700534619035,-0.9652713506234872,TIME_LIMIT,201092,0,0,38,24
4,12,2.816749e6,-1.5832599789684771,-0.9652713506234872,TIME_LIMIT,201145,0,0,14,7
4,12,2.817332e6,-1.5832599789684771,-0.9652713506234872,TIME_LIMIT,201180,0,0,46,30
4,12,2.817957e6,-1.5832493564295458,-0.9652713506234872,TIME_LIMIT,201229,0,0,31,9
4,12,2.818539e6,-1.5832493564295458,-0.9652713506234872,TIME_LIMIT,201258,0,0,46,50
4,12,2.819116e6,-1.583235377189193,-0.9652713506234872,TIME_LIMIT,201310,0,0,33,12
4,12,2.819686e6,-1.583235377189193,-0.9652713506234872,TIME_LIMIT,201342,0,0,43,36
4,12,2.820269e6,-1.5832282182877204,-0.9652713506234872,TIME_LIMIT,201399,0,0,28,9
4,12,2.820857e6,-1.5832282182877204,-0.9652713506234872,TIME_LIMIT,201435,0,0,30,13
4,12,2.821414e6,-1.58322653986573,-0.9652713506234872,TIME_LIMIT,201486,0,0,34,12
4,12,2.822008e6,-1.58322653986573,-0.9652713506234872,TIME_LIMIT,201519,0,0,34,17
4,12,2.82259e6,-1.5832222435818102,-0.9652713506234872,TIME_LIMIT,201568,0,0,31,12
4,12,2.823156e6,-1.5832222435818102,-0.9652713506234872,TIME_LIMIT,201592,0,0,40,30
4,12,2.823772e6,-1.5832171590601622,-0.9652713506234872,TIME_LIMIT,201640,0,0,28,12
4,12,2.824382e6,-1.5832171590601622,-0.9652713506234872,TIME_LIMIT,201665,0,0,43,45
4,12,2.824947e6,-1.5832035886426754,-0.9652713506234872,TIME_LIMIT,201715,0,0,26,19
4,12,2.825396e6,-1.5832035886426754,-0.9652713506234872,TIME_LIMIT,201745,0,0,36,18
4,12,2.825982e6,-1.5831992346416517,-0.9652713506234872,TIME_LIMIT,201794,0,0,32,6
4,12,2.826568e6,-1.5831992346416517,-0.9652713506234872,TIME_LIMIT,201827,0,0,38,15
4,12,2.827163e6,-1.583177996147425,-0.9652713506234872,TIME_LIMIT,201873,0,0,27,4
4,12,2.827717e6,-1.583177996147425,-0.9652713506234872,TIME_LIMIT,201903,0,0,33,18
4,12,2.828343e6,-1.583139827097646,-0.9652713506234872,TIME_LIMIT,201952,0,0,32,7
4,12,2.828901e6,-1.583139827097646,-0.9652713506234872,TIME_LIMIT,201978,0,0,36,16
4,12,2.829495e6,-1.583091315068197,-0.9652713506234872,TIME_LIMIT,202031,0,0,35,6
4,12,2.830051e6,-1.583091315068197,-0.9652713506234872,TIME_LIMIT,202062,0,0,38,41
4,12,2.830607e6,-1.5830835227603837,-0.9652713506234872,TIME_LIMIT,202111,0,0,33,17
4,12,2.831208e6,-1.5830835227603837,-0.9652713506234872,TIME_LIMIT,202144,0,0,43,34
4,12,2.831936e6,-1.5830789032349368,-0.9652713506234872,TIME_LIMIT,202193,0,0,31,10
4,12,2.832672e6,-1.5830789032349368,-0.9652713506234872,TIME_LIMIT,202225,0,0,30,21
4,12,2.833413e6,-1.5830686041796145,-0.9652713506234872,TIME_LIMIT,202277,0,0,31,10
4,12,2.834033e6,-1.5830686041796145,-0.9652713506234872,TIME_LIMIT,202314,0,0,22,17
4,12,2.834719e6,-1.5830506914212599,-0.9652713506234872,TIME_LIMIT,202363,0,0,28,13
4,12,2.835293e6,-1.5830506914212599,-0.9652713506234872,TIME_LIMIT,202396,0,0,26,11
4,12,2.835854e6,-1.5830394686028888,-0.9652713506234872,TIME_LIMIT,202451,0,0,13,13
4,12,2.836405e6,-1.5830394686028888,-0.9652713506234872,TIME_LIMIT,202488,0,0,37,18
4,12,2.837004e6,-1.5830229151940152,-0.9652713506234872,TIME_LIMIT,202537,0,0,27,11
4,12,2.837592e6,-1.5830229151940152,-0.9652713506234872,TIME_LIMIT,202569,0,0,37,8
4,12,2.838205e6,-1.5830134776879685,-0.9652713506234872,TIME_LIMIT,202617,0,0,29,11
4,12,2.838819e6,-1.5830134776879685,-0.9652713506234872,TIME_LIMIT,202643,0,0,40,24
4,12,2.839375e6,-1.583000006522232,-0.9652713506234872,TIME_LIMIT,202692,0,0,34,12
4,12,2.839935e6,-1.583000006522232,-0.9652713506234872,TIME_LIMIT,202713,0,0,31,26
4,12,2.840559e6,-1.5829917686609856,-0.9652713506234872,TIME_LIMIT,202760,0,0,26,5
4,12,2.841117e6,-1.5829917686609856,-0.9652713506234872,TIME_LIMIT,202785,0,0,27,19
4,12,2.841495e6,-1.5829895124035773,-0.9652713506234872,TIME_LIMIT,202825,0,0,25,5
4,12,2.842083e6,-1.5829895124035773,-0.9652713506234872,TIME_LIMIT,202852,0,0,33,23
4,12,2.842702e6,-1.5829569612661387,-0.9652713506234872,TIME_LIMIT,202905,0,0,27,10
4,12,2.843275e6,-1.5829569612661387,-0.9652713506234872,TIME_LIMIT,202941,0,0,35,19
4,12,2.843836e6,-1.5828985459681564,-0.9652713506234872,TIME_LIMIT,202993,0,0,32,13
4,12,2.844399e6,-1.5828985459681564,-0.9652713506234872,TIME_LIMIT,203024,0,0,38,22
4,12,2.844986e6,-1.5828810893186578,-0.9652713506234872,TIME_LIMIT,203071,0,0,27,17
4,12,2.845602e6,-1.5828810893186578,-0.9652713506234872,TIME_LIMIT,203097,0,0,35,19
4,12,2.846174e6,-1.582871720828437,-0.9652713506234872,TIME_LIMIT,203154,0,0,34,10
4,12,2.846745e6,-1.582871720828437,-0.9652713506234872,TIME_LIMIT,203189,0,0,35,23
4,12,2.847375e6,-1.5828667573418231,-0.9652713506234872,TIME_LIMIT,203242,0,0,27,10
4,12,2.84797e6,-1.5828667573418231,-0.9652713506234872,TIME_LIMIT,203273,0,0,37,19
4,12,2.84853e6,-1.5828643532166744,-0.9652713506234872,TIME_LIMIT,203328,0,0,37,11
4,12,2.849092e6,-1.5828643532166744,-0.9652713506234872,TIME_LIMIT,203354,0,0,35,21
4,12,2.849695e6,-1.5828453893049794,-0.9652713506234872,TIME_LIMIT,203403,0,0,27,14
4,12,2.850254e6,-1.5828453893049794,-0.9652713506234872,TIME_LIMIT,203445,0,0,29,13
4,12,2.850899e6,-1.5828435212749121,-0.9652713506234872,TIME_LIMIT,203480,0,0,27,14
4,12,2.851492e6,-1.5828435212749121,-0.9652713506234872,TIME_LIMIT,203512,0,0,43,13
4,12,2.852057e6,-1.582827665074883,-0.9652713506234872,TIME_LIMIT,203560,0,0,34,6
4,12,2.852619e6,-1.582827665074883,-0.9652713506234872,TIME_LIMIT,203594,0,0,40,12
4,12,2.853196e6,-1.582818566016665,-0.9652713506234872,TIME_LIMIT,203648,0,0,33,8
4,12,2.85382e6,-1.582818566016665,-0.9652713506234872,TIME_LIMIT,203681,0,0,43,44
4,12,2.854386e6,-1.5828184794253377,-0.9652713506234872,TIME_LIMIT,203729,0,0,30,17
4,12,2.854992e6,-1.5828184794253377,-0.9652713506234872,TIME_LIMIT,203764,0,0,47,15
4,12,2.855563e6,-1.5828060596188693,-0.9652713506234872,TIME_LIMIT,203815,0,0,33,8
4,12,2.856163e6,-1.5828060596188693,-0.9652713506234872,TIME_LIMIT,203845,0,0,36,27
4,12,2.856799e6,-1.582801104034865,-0.9652713506234872,TIME_LIMIT,203900,0,0,35,12
4,12,2.857393e6,-1.582801104034865,-0.9652713506234872,TIME_LIMIT,203929,0,0,40,40
4,12,2.858047e6,-1.582758547304104,-0.9652713506234872,TIME_LIMIT,203977,0,0,30,16
4,12,2.858781e6,-1.582758547304104,-0.9652713506234872,TIME_LIMIT,204004,0,0,38,18
4,12,2.859561e6,-1.5827561368905343,-0.9652713506234872,TIME_LIMIT,204057,0,0,31,12
4,12,2.860313e6,-1.5827561368905343,-0.9652713506234872,TIME_LIMIT,204093,0,0,36,25
4,12,2.860959e6,-1.5827305365743691,-0.9652713506234872,TIME_LIMIT,204147,0,0,34,9
4,12,2.861569e6,-1.5827305365743691,-0.9652713506234872,TIME_LIMIT,204181,0,0,40,34
4,12,2.862138e6,-1.5827252294243566,-0.9652713506234872,TIME_LIMIT,204228,0,0,31,23
4,12,2.862701e6,-1.5827252294243566,-0.9652713506234872,TIME_LIMIT,204267,0,0,43,58
4,12,2.863288e6,-1.5827131433329138,-0.9652713506234872,TIME_LIMIT,204320,0,0,32,17
4,12,2.8639e6,-1.5827131433329138,-0.9652713506234872,TIME_LIMIT,204346,0,0,42,33
4,12,2.864497e6,-1.5826950990062176,-0.9652713506234872,TIME_LIMIT,204402,0,0,36,4
4,12,2.865102e6,-1.5826950990062176,-0.9652713506234872,TIME_LIMIT,204431,0,0,18,16
4,12,2.865659e6,-1.5826905580283468,-0.9652713506234872,TIME_LIMIT,204480,0,0,31,13
4,12,2.866246e6,-1.5826905580283468,-0.9652713506234872,TIME_LIMIT,204501,0,0,36,31
4,12,2.866828e6,-1.5826619634242243,-0.9652713506234872,TIME_LIMIT,204552,0,0,31,9
4,12,2.867405e6,-1.5826619634242243,-0.9652713506234872,TIME_LIMIT,204582,0,0,34,15
4,12,2.867967e6,-1.5826610551454938,-0.9652713506234872,TIME_LIMIT,204632,0,0,32,9
4,12,2.868615e6,-1.5826610551454938,-0.9652713506234872,TIME_LIMIT,204668,0,0,47,46
4,12,2.86925e6,-1.58265872484837,-0.9652713506234872,TIME_LIMIT,204718,0,0,31,15
4,12,2.869881e6,-1.58265872484837,-0.9652713506234872,TIME_LIMIT,204749,0,0,24,45
4,12,2.870439e6,-1.5826587070555977,-0.9652713506234872,TIME_LIMIT,204806,0,0,37,13
4,12,2.871041e6,-1.5826587070555977,-0.9652713506234872,TIME_LIMIT,204848,0,0,46,24
4,12,2.871596e6,-1.5826489046437222,-0.9652713506234872,TIME_LIMIT,204897,0,0,17,8
4,12,2.872187e6,-1.5826489046437222,-0.9652713506234872,TIME_LIMIT,204925,0,0,33,16
4,12,2.872756e6,-1.582629939246596,-0.9652713506234872,TIME_LIMIT,204974,0,0,17,2
4,12,2.873311e6,-1.582629939246596,-0.9652713506234872,TIME_LIMIT,205009,0,0,38,20
4,12,2.873915e6,-1.582612439340949,-0.9652713506234872,TIME_LIMIT,205057,0,0,35,11
4,12,2.874501e6,-1.582612439340949,-0.9652713506234872,TIME_LIMIT,205097,0,0,34,25
4,12,2.875136e6,-1.5826103116748997,-0.9652713506234872,TIME_LIMIT,205130,0,0,31,15
4,12,2.8757e6,-1.5826103116748997,-0.9652713506234872,TIME_LIMIT,205171,0,0,40,14
4,12,2.876308e6,-1.5825977979299612,-0.9652713506234872,TIME_LIMIT,205211,0,0,31,5
4,12,2.876948e6,-1.5825977979299612,-0.9652713506234872,TIME_LIMIT,205244,0,0,36,21
4,12,2.87753e6,-1.582549567308169,-0.9652713506234872,TIME_LIMIT,205295,0,0,34,12
4,12,2.878142e6,-1.582549567308169,-0.9652713506234872,TIME_LIMIT,205326,0,0,40,48
4,12,2.878747e6,-1.5825476824634588,-0.9652713506234872,TIME_LIMIT,205374,0,0,31,23
4,12,2.879374e6,-1.5825476824634588,-0.9652713506234872,TIME_LIMIT,205415,0,0,38,19
4,12,2.879964e6,-1.5825235002049602,-0.9652713506234872,TIME_LIMIT,205443,0,0,34,17
4,12,2.88055e6,-1.5825235002049602,-0.9652713506234872,TIME_LIMIT,205477,0,0,31,7
4,12,2.881173e6,-1.5825217149797182,-0.9652713506234872,TIME_LIMIT,205513,0,0,35,12
4,12,2.881783e6,-1.5825217149797182,-0.9652713506234872,TIME_LIMIT,205544,0,0,32,14
4,12,2.88242e6,-1.5824912943936769,-0.9652713506234872,TIME_LIMIT,205582,0,0,37,19
4,12,2.883048e6,-1.5824912943936769,-0.9652713506234872,TIME_LIMIT,205621,0,0,40,26
4,12,2.883602e6,-1.582486729243526,-0.9652713506234872,TIME_LIMIT,205670,0,0,32,8
4,12,2.884191e6,-1.582486729243526,-0.9652713506234872,TIME_LIMIT,205694,0,0,33,24
4,12,2.884769e6,-1.5824605699256504,-0.9652713506234872,TIME_LIMIT,205743,0,0,34,5
4,12,2.885335e6,-1.5824605699256504,-0.9652713506234872,TIME_LIMIT,205772,0,0,42,25
4,12,2.885926e6,-1.5824551886458686,-0.9652713506234872,TIME_LIMIT,205825,0,0,23,10
4,12,2.886483e6,-1.5824551886458686,-0.9652713506234872,TIME_LIMIT,205857,0,0,38,49
4,12,2.887113e6,-1.5824510262417806,-0.9652713506234872,TIME_LIMIT,205903,0,0,28,17
4,12,2.887507e6,-1.5824510262417806,-0.9652713506234872,TIME_LIMIT,205944,0,0,43,14
4,12,2.887918e6,-1.582433150095142,-0.9652713506234872,TIME_LIMIT,205991,0,0,26,13
4,12,2.888557e6,-1.582433150095142,-0.9652713506234872,TIME_LIMIT,206022,0,0,28,49
4,12,2.889151e6,-1.5824312398860283,-0.9652713506234872,TIME_LIMIT,206064,0,0,27,9
4,12,2.889703e6,-1.5824312398860283,-0.9652713506234872,TIME_LIMIT,206088,0,0,43,17
4,12,2.890254e6,-1.582423350741944,-0.9652713506234872,TIME_LIMIT,206145,0,0,33,8
4,12,2.890847e6,-1.582423350741944,-0.9652713506234872,TIME_LIMIT,206171,0,0,47,40
4,12,2.891493e6,-1.5823731868671442,-0.9652713506234872,TIME_LIMIT,206224,0,0,32,21
4,12,2.892238e6,-1.5823731868671442,-0.9652713506234872,TIME_LIMIT,206254,0,0,45,15
4,12,2.893023e6,-1.5823256534070362,-0.9652713506234872,TIME_LIMIT,206299,0,0,33,19
4,12,2.893722e6,-1.5823256534070362,-0.9652713506234872,TIME_LIMIT,206332,0,0,34,16
4,12,2.894342e6,-1.5823193656610384,-0.9652713506234872,TIME_LIMIT,206380,0,0,33,10
4,12,2.894924e6,-1.5823193656610384,-0.9652713506234872,TIME_LIMIT,206411,0,0,39,9
4,12,2.89553e6,-1.5823181353309301,-0.9652713506234872,TIME_LIMIT,206450,0,0,30,11
4,12,2.896008e6,-1.5823181353309301,-0.9652713506234872,TIME_LIMIT,206488,0,0,45,27
4,12,2.896599e6,-1.5822969306316055,-0.9652713506234872,TIME_LIMIT,206539,0,0,31,14
4,12,2.897235e6,-1.5822969306316055,-0.9652713506234872,TIME_LIMIT,206571,0,0,41,27
4,12,2.89779e6,-1.582271614978526,-0.9652713506234872,TIME_LIMIT,206622,0,0,28,14
4,12,2.898317e6,-1.582271614978526,-0.9652713506234872,TIME_LIMIT,206658,0,0,41,19
4,12,2.898933e6,-1.582269643636263,-0.9652713506234872,TIME_LIMIT,206708,0,0,31,9
4,12,2.899549e6,-1.582269643636263,-0.9652713506234872,TIME_LIMIT,206740,0,0,50,83
4,12,2.90014e6,-1.5822612185075122,-0.9652713506234872,TIME_LIMIT,206797,0,0,20,11
4,12,2.90073e6,-1.5822612185075122,-0.9652713506234872,TIME_LIMIT,206827,0,0,38,17
4,12,2.901334e6,-1.5821888203693928,-0.9652713506234872,TIME_LIMIT,206873,0,0,30,5
4,12,2.901922e6,-1.5821888203693928,-0.9652713506234872,TIME_LIMIT,206909,0,0,41,17
4,12,2.902554e6,-1.5821871563400334,-0.9652713506234872,TIME_LIMIT,206955,0,0,13,7
4,12,2.90311e6,-1.5821871563400334,-0.9652713506234872,TIME_LIMIT,206987,0,0,39,13
4,12,2.903704e6,-1.5821858099251889,-0.9652713506234872,TIME_LIMIT,207039,0,0,25,11
4,12,2.904328e6,-1.5821858099251889,-0.9652713506234872,TIME_LIMIT,207070,0,0,39,26
4,12,2.904943e6,-1.5821782332012835,-0.9652713506234872,TIME_LIMIT,207117,0,0,28,22
4,12,2.905553e6,-1.5821782332012835,-0.9652713506234872,TIME_LIMIT,207160,0,0,21,12
4,12,2.906131e6,-1.5821689028292893,-0.9652713506234872,TIME_LIMIT,207197,0,0,31,8
4,12,2.906687e6,-1.5821689028292893,-0.9652713506234872,TIME_LIMIT,207230,0,0,48,51
4,12,2.907289e6,-1.5821517846854318,-0.9652713506234872,TIME_LIMIT,207277,0,0,33,12
4,12,2.907846e6,-1.5821517846854318,-0.9652713506234872,TIME_LIMIT,207312,0,0,45,22
4,12,2.908484e6,-1.5821436989821898,-0.9652713506234872,TIME_LIMIT,207359,0,0,30,6
4,12,2.909049e6,-1.5821436989821898,-0.9652713506234872,TIME_LIMIT,207392,0,0,44,31
4,12,2.909666e6,-1.582141885964342,-0.9652713506234872,TIME_LIMIT,207441,0,0,32,21
4,12,2.910237e6,-1.582141885964342,-0.9652713506234872,TIME_LIMIT,207470,0,0,38,45
4,12,2.910798e6,-1.582131018862133,-0.9652713506234872,TIME_LIMIT,207519,0,0,33,11
4,12,2.911471e6,-1.582131018862133,-0.9652713506234872,TIME_LIMIT,207553,0,0,38,17
4,12,2.91206e6,-1.5820958383376962,-0.9652713506234872,TIME_LIMIT,207610,0,0,37,15
4,12,2.912617e6,-1.5820958383376962,-0.9652713506234872,TIME_LIMIT,207644,0,0,38,21
4,12,2.913172e6,-1.5820941379095799,-0.9652713506234872,TIME_LIMIT,207694,0,0,30,22
4,12,2.913793e6,-1.5820941379095799,-0.9652713506234872,TIME_LIMIT,207725,0,0,42,36
4,12,2.914393e6,-1.5820725842648111,-0.9652713506234872,TIME_LIMIT,207777,0,0,38,4
4,12,2.914983e6,-1.5820725842648111,-0.9652713506234872,TIME_LIMIT,207813,0,0,30,36
4,12,2.915588e6,-1.5820566715037006,-0.9652713506234872,TIME_LIMIT,207863,0,0,28,11
4,12,2.916146e6,-1.5820566715037006,-0.9652713506234872,TIME_LIMIT,207898,0,0,34,18
4,12,2.916746e6,-1.5820243475819311,-0.9652713506234872,TIME_LIMIT,207951,0,0,28,17
4,12,2.917336e6,-1.5820243475819311,-0.9652713506234872,TIME_LIMIT,207985,0,0,42,18
4,12,2.917971e6,-1.5820190190500816,-0.9652713506234872,TIME_LIMIT,208038,0,0,26,16
4,12,2.918536e6,-1.5820190190500816,-0.9652713506234872,TIME_LIMIT,208070,0,0,42,44
4,12,2.919123e6,-1.5820185311124701,-0.9652713506234872,TIME_LIMIT,208123,0,0,31,16
4,12,2.919677e6,-1.5820185311124701,-0.9652713506234872,TIME_LIMIT,208145,0,0,44,61
4,12,2.920314e6,-1.581993388621614,-0.9652713506234872,TIME_LIMIT,208200,0,0,19,11
4,12,2.920923e6,-1.581993388621614,-0.9652713506234872,TIME_LIMIT,208237,0,0,39,20
4,12,2.921539e6,-1.581987754503859,-0.9652713506234872,TIME_LIMIT,208288,0,0,30,14
4,12,2.922116e6,-1.581987754503859,-0.9652713506234872,TIME_LIMIT,208316,0,0,37,36
4,12,2.922674e6,-1.5819762271185105,-0.9652713506234872,TIME_LIMIT,208364,0,0,22,13
4,12,2.923258e6,-1.5819762271185105,-0.9652713506234872,TIME_LIMIT,208397,0,0,37,18
4,12,2.923845e6,-1.5819691508581546,-0.9652713506234872,TIME_LIMIT,208447,0,0,32,15
4,12,2.924326e6,-1.5819691508581546,-0.9652713506234872,TIME_LIMIT,208482,0,0,50,22
4,12,2.924967e6,-1.5819500901984418,-0.9652713506234872,TIME_LIMIT,208535,0,0,34,11
4,12,2.925569e6,-1.5819500901984418,-0.9652713506234872,TIME_LIMIT,208566,0,0,39,27
4,12,2.926124e6,-1.5819386784457832,-0.9652713506234872,TIME_LIMIT,208616,0,0,31,11
4,12,2.926684e6,-1.5819386784457832,-0.9652713506234872,TIME_LIMIT,208654,0,0,38,26
4,12,2.927232e6,-1.5819296504754803,-0.9652713506234872,TIME_LIMIT,208711,0,0,27,8
4,12,2.927863e6,-1.5819296504754803,-0.9652713506234872,TIME_LIMIT,208744,0,0,29,10
4,12,2.928459e6,-1.5819214577269114,-0.9652713506234872,TIME_LIMIT,208798,0,0,33,13
4,12,2.929018e6,-1.5819214577269114,-0.9652713506234872,TIME_LIMIT,208825,0,0,40,30
4,12,2.929619e6,-1.581845230792742,-0.9652713506234872,TIME_LIMIT,208882,0,0,32,13
4,12,2.930176e6,-1.581845230792742,-0.9652713506234872,TIME_LIMIT,208911,0,0,41,39
4,12,2.930778e6,-1.581816443806076,-0.9652713506234872,TIME_LIMIT,208965,0,0,12,15
4,12,2.931394e6,-1.581816443806076,-0.9652713506234872,TIME_LIMIT,208996,0,0,37,19
4,12,2.931959e6,-1.5817769901856849,-0.9652713506234872,TIME_LIMIT,209046,0,0,25,12
4,12,2.932579e6,-1.5817769901856849,-0.9652713506234872,TIME_LIMIT,209076,0,0,45,29
4,12,2.933131e6,-1.581773704275141,-0.9652713506234872,TIME_LIMIT,209123,0,0,33,12
4,12,2.933684e6,-1.581773704275141,-0.9652713506234872,TIME_LIMIT,209159,0,0,24,64
4,12,2.93449e6,-1.5817733743347286,-0.9652713506234872,TIME_LIMIT,209208,0,0,27,31
4,12,2.935228e6,-1.5817733743347286,-0.9652713506234872,TIME_LIMIT,209241,0,0,46,30
4,12,2.93598e6,-1.5817365431896102,-0.9652713506234872,TIME_LIMIT,209292,0,0,25,15
4,12,2.936624e6,-1.5817365431896102,-0.9652713506234872,TIME_LIMIT,209321,0,0,44,42
4,12,2.937203e6,-1.581728717704345,-0.9652713506234872,TIME_LIMIT,209364,0,0,34,14
4,12,2.93781e6,-1.581728717704345,-0.9652713506234872,TIME_LIMIT,209389,0,0,36,12
4,12,2.938375e6,-1.5817284934614033,-0.9652713506234872,TIME_LIMIT,209443,0,0,35,10
4,12,2.938934e6,-1.5817284934614033,-0.9652713506234872,TIME_LIMIT,209474,0,0,30,19
4,12,2.939576e6,-1.581727617996837,-0.9652713506234872,TIME_LIMIT,209523,0,0,28,18
4,12,2.940146e6,-1.581727617996837,-0.9652713506234872,TIME_LIMIT,209559,0,0,47,20
4,12,2.94079e6,-1.5817209514100319,-0.9652713506234872,TIME_LIMIT,209614,0,0,36,11
4,12,2.941401e6,-1.5817209514100319,-0.9652713506234872,TIME_LIMIT,209642,0,0,26,15
4,12,2.942009e6,-1.5817208517350394,-0.9652713506234872,TIME_LIMIT,209700,0,0,18,6
4,12,2.942632e6,-1.5817208517350394,-0.9652713506234872,TIME_LIMIT,209732,0,0,38,21
4,12,2.94319e6,-1.5816759582651612,-0.9652713506234872,TIME_LIMIT,209784,0,0,27,11
4,12,2.943743e6,-1.5816759582651612,-0.9652713506234872,TIME_LIMIT,209813,0,0,19,27
4,12,2.944412e6,-1.5816283472376844,-0.9652713506234872,TIME_LIMIT,209861,0,0,17,13
4,12,2.944971e6,-1.5816283472376844,-0.9652713506234872,TIME_LIMIT,209891,0,0,33,17
4,12,2.945577e6,-1.5816256886197428,-0.9652713506234872,TIME_LIMIT,209944,0,0,38,14
4,12,2.946134e6,-1.5816256886197428,-0.9652713506234872,TIME_LIMIT,209970,0,0,31,34
4,12,2.94672e6,-1.5815585445060292,-0.9652713506234872,TIME_LIMIT,210026,0,0,37,15
4,12,2.947368e6,-1.5815585445060292,-0.9652713506234872,TIME_LIMIT,210059,0,0,36,42
4,12,2.947945e6,-1.5815123517980894,-0.9652713506234872,TIME_LIMIT,210109,0,0,29,14
4,12,2.948525e6,-1.5815123517980894,-0.9652713506234872,TIME_LIMIT,210137,0,0,46,53
4,12,2.949084e6,-1.5815041922345678,-0.9652713506234872,TIME_LIMIT,210189,0,0,34,11
4,12,2.949574e6,-1.5815041922345678,-0.9652713506234872,TIME_LIMIT,210218,0,0,43,22
4,12,2.950129e6,-1.5814806346761412,-0.9652713506234872,TIME_LIMIT,210265,0,0,17,9
4,12,2.950702e6,-1.5814806346761412,-0.9652713506234872,TIME_LIMIT,210286,0,0,25,23
4,12,2.951316e6,-1.5814600007141004,-0.9652713506234872,TIME_LIMIT,210334,0,0,29,11
4,12,2.951877e6,-1.5814600007141004,-0.9652713506234872,TIME_LIMIT,210371,0,0,26,17
4,12,2.952505e6,-1.581454657941816,-0.9652713506234872,TIME_LIMIT,210422,0,0,30,12
4,12,2.953064e6,-1.581454657941816,-0.9652713506234872,TIME_LIMIT,210456,0,0,37,22
4,12,2.953641e6,-1.5814482902664708,-0.9652713506234872,TIME_LIMIT,210511,0,0,33,15
4,12,2.954247e6,-1.5814482902664708,-0.9652713506234872,TIME_LIMIT,210543,0,0,27,17
4,12,2.954853e6,-1.5814352265642775,-0.9652713506234872,TIME_LIMIT,210591,0,0,31,13
4,12,2.955445e6,-1.5814352265642775,-0.9652713506234872,TIME_LIMIT,210620,0,0,29,19
4,12,2.956031e6,-1.581418743982496,-0.9652713506234872,TIME_LIMIT,210668,0,0,32,10
4,12,2.956617e6,-1.581418743982496,-0.9652713506234872,TIME_LIMIT,210699,0,0,42,42
4,12,2.957233e6,-1.5814115422573125,-0.9652713506234872,TIME_LIMIT,210752,0,0,40,21
4,12,2.957826e6,-1.5814115422573125,-0.9652713506234872,TIME_LIMIT,210780,0,0,35,25
4,12,2.958382e6,-1.5813911374151994,-0.9652713506234872,TIME_LIMIT,210826,0,0,29,12
4,12,2.958984e6,-1.5813911374151994,-0.9652713506234872,TIME_LIMIT,210862,0,0,45,37
4,12,2.959539e6,-1.5813904347035628,-0.9652713506234872,TIME_LIMIT,210912,0,0,32,17
4,12,2.960171e6,-1.5813904347035628,-0.9652713506234872,TIME_LIMIT,210941,0,0,34,20
4,12,2.960831e6,-1.5813865691190603,-0.9652713506234872,TIME_LIMIT,210990,0,0,27,8
4,12,2.961405e6,-1.5813865691190603,-0.9652713506234872,TIME_LIMIT,211019,0,0,47,25
4,12,2.96196e6,-1.581382078882158,-0.9652713506234872,TIME_LIMIT,211064,0,0,28,9
4,12,2.962543e6,-1.581382078882158,-0.9652713506234872,TIME_LIMIT,211098,0,0,33,24
4,12,2.963116e6,-1.581369962437937,-0.9652713506234872,TIME_LIMIT,211132,0,0,27,10
4,12,2.963721e6,-1.581369962437937,-0.9652713506234872,TIME_LIMIT,211176,0,0,41,24
4,12,2.964302e6,-1.581364204286878,-0.9652713506234872,TIME_LIMIT,211224,0,0,14,9
4,12,2.964863e6,-1.581364204286878,-0.9652713506234872,TIME_LIMIT,211259,0,0,40,18
4,12,2.965453e6,-1.5813362635533108,-0.9652713506234872,TIME_LIMIT,211294,0,0,30,9
4,12,2.966043e6,-1.5813362635533108,-0.9652713506234872,TIME_LIMIT,211325,0,0,42,22
4,12,2.966594e6,-1.5813322629269475,-0.9652713506234872,TIME_LIMIT,211374,0,0,31,10
4,12,2.96726e6,-1.5813322629269475,-0.9652713506234872,TIME_LIMIT,211406,0,0,40,18
4,12,2.967998e6,-1.5813280691507907,-0.9652713506234872,TIME_LIMIT,211455,0,0,28,10
4,12,2.968757e6,-1.5813280691507907,-0.9652713506234872,TIME_LIMIT,211486,0,0,39,16
4,12,2.969464e6,-1.581294565494651,-0.9652713506234872,TIME_LIMIT,211540,0,0,37,11
4,12,2.970045e6,-1.581294565494651,-0.9652713506234872,TIME_LIMIT,211579,0,0,32,16
4,12,2.97066e6,-1.5812933784197971,-0.9652713506234872,TIME_LIMIT,211628,0,0,33,9
4,12,2.971235e6,-1.5812933784197971,-0.9652713506234872,TIME_LIMIT,211662,0,0,44,22
4,12,2.9718e6,-1.5812652532616946,-0.9652713506234872,TIME_LIMIT,211712,0,0,36,9
4,12,2.972288e6,-1.5812652532616946,-0.9652713506234872,TIME_LIMIT,211742,0,0,31,13
4,12,2.972905e6,-1.5812402478817258,-0.9652713506234872,TIME_LIMIT,211786,0,0,30,7
4,12,2.973474e6,-1.5812402478817258,-0.9652713506234872,TIME_LIMIT,211823,0,0,37,32
4,12,2.974047e6,-1.5812366629430084,-0.9652713506234872,TIME_LIMIT,211861,0,0,31,10
4,12,2.974631e6,-1.5812366629430084,-0.9652713506234872,TIME_LIMIT,211897,0,0,40,22
4,12,2.975222e6,-1.5812365156828663,-0.9652713506234872,TIME_LIMIT,211944,0,0,28,13
4,12,2.97582e6,-1.5812365156828663,-0.9652713506234872,TIME_LIMIT,211979,0,0,40,23
4,12,2.976379e6,-1.5812186529910812,-0.9652713506234872,TIME_LIMIT,212035,0,0,16,14
4,12,2.976979e6,-1.5812186529910812,-0.9652713506234872,TIME_LIMIT,212072,0,0,49,16
4,12,2.977586e6,-1.5811717528104732,-0.9652713506234872,TIME_LIMIT,212124,0,0,33,17
4,12,2.978176e6,-1.5811717528104732,-0.9652713506234872,TIME_LIMIT,212155,0,0,41,22
4,12,2.978834e6,-1.581099824884617,-0.9652713506234872,TIME_LIMIT,212203,0,0,32,8
4,12,2.979435e6,-1.581099824884617,-0.9652713506234872,TIME_LIMIT,212245,0,0,35,17
4,12,2.980019e6,-1.5810921803870281,-0.9652713506234872,TIME_LIMIT,212288,0,0,39,12
4,12,2.980643e6,-1.5810921803870281,-0.9652713506234872,TIME_LIMIT,212322,0,0,31,45
4,12,2.981202e6,-1.5810855476751369,-0.9652713506234872,TIME_LIMIT,212370,0,0,22,11
4,12,2.981857e6,-1.5810855476751369,-0.9652713506234872,TIME_LIMIT,212401,0,0,40,40
4,12,2.982411e6,-1.581066185709957,-0.9652713506234872,TIME_LIMIT,212451,0,0,30,13
4,12,2.983012e6,-1.581066185709957,-0.9652713506234872,TIME_LIMIT,212483,0,0,28,17
4,12,2.983569e6,-1.5810567743384119,-0.9652713506234872,TIME_LIMIT,212535,0,0,31,24
4,12,2.98415e6,-1.5810567743384119,-0.9652713506234872,TIME_LIMIT,212565,0,0,32,19
4,12,2.984728e6,-1.5810390604240805,-0.9652713506234872,TIME_LIMIT,212618,0,0,27,13
4,12,2.985321e6,-1.5810390604240805,-0.9652713506234872,TIME_LIMIT,212649,0,0,32,13
4,12,2.985873e6,-1.5809990851833133,-0.9652713506234872,TIME_LIMIT,212712,0,0,39,23
4,12,2.986431e6,-1.5809990851833133,-0.9652713506234872,TIME_LIMIT,212751,0,0,44,31
4,12,2.987032e6,-1.5809782140933246,-0.9652713506234872,TIME_LIMIT,212803,0,0,33,19
4,12,2.98759e6,-1.5809782140933246,-0.9652713506234872,TIME_LIMIT,212837,0,0,31,16
4,12,2.988225e6,-1.5809767133037176,-0.9652713506234872,TIME_LIMIT,212886,0,0,31,14
4,12,2.988613e6,-1.5809767133037176,-0.9652713506234872,TIME_LIMIT,212915,0,0,42,35
4,12,2.989173e6,-1.5809737722691208,-0.9652713506234872,TIME_LIMIT,212963,0,0,29,12
4,12,2.989713e6,-1.5809737722691208,-0.9652713506234872,TIME_LIMIT,212997,0,0,50,32
4,12,2.990296e6,-1.5809371109853225,-0.9652713506234872,TIME_LIMIT,213054,0,0,30,8
4,12,2.990847e6,-1.5809371109853225,-0.9652713506234872,TIME_LIMIT,213082,0,0,38,26
4,12,2.991396e6,-1.5809041300279394,-0.9652713506234872,TIME_LIMIT,213135,0,0,35,11
4,12,2.992001e6,-1.5809041300279394,-0.9652713506234872,TIME_LIMIT,213164,0,0,23,39
4,12,2.992604e6,-1.5808835931893013,-0.9652713506234872,TIME_LIMIT,213214,0,0,36,10
4,12,2.993188e6,-1.5808835931893013,-0.9652713506234872,TIME_LIMIT,213244,0,0,32,43
4,12,2.993809e6,-1.580877424435427,-0.9652713506234872,TIME_LIMIT,213296,0,0,28,12
4,12,2.994352e6,-1.580877424435427,-0.9652713506234872,TIME_LIMIT,213326,0,0,31,25
4,12,2.994897e6,-1.5808688997357279,-0.9652713506234872,TIME_LIMIT,213383,0,0,38,8
4,12,2.995507e6,-1.5808688997357279,-0.9652713506234872,TIME_LIMIT,213413,0,0,42,14
4,12,2.996067e6,-1.5808522594414158,-0.9652713506234872,TIME_LIMIT,213464,0,0,21,8
4,12,2.996694e6,-1.5808522594414158,-0.9652713506234872,TIME_LIMIT,213497,0,0,49,16
4,12,2.997233e6,-1.5808111336768484,-0.9652713506234872,TIME_LIMIT,213546,0,0,31,8
4,12,2.997772e6,-1.5808111336768484,-0.9652713506234872,TIME_LIMIT,213583,0,0,41,39
4,12,2.99831e6,-1.5808003120410814,-0.9652713506234872,TIME_LIMIT,213634,0,0,28,17
4,12,2.998849e6,-1.5808003120410814,-0.9652713506234872,TIME_LIMIT,213664,0,0,49,49
4,12,2.999387e6,-1.5807896248012419,-0.9652713506234872,TIME_LIMIT,213715,0,0,31,16
4,12,2.99996e6,-1.5807896248012419,-0.9652713506234872,TIME_LIMIT,213747,0,0,50,31
4,12,3.000498e6,-1.5807874000475934,-0.9652713506234872,TIME_LIMIT,213803,0,0,29,7
4,12,3.001038e6,-1.5807874000475934,-0.9652713506234872,TIME_LIMIT,213827,0,0,21,24
4,12,3.001576e6,-1.5807642691104273,-0.9652713506234872,TIME_LIMIT,213875,0,0,28,5
4,12,3.002114e6,-1.5807642691104273,-0.9652713506234872,TIME_LIMIT,213900,0,0,34,28
4,12,3.00269e6,-1.5807633124643405,-0.9652713506234872,TIME_LIMIT,213950,0,0,32,15
4,12,3.003243e6,-1.5807633124643405,-0.9652713506234872,TIME_LIMIT,213989,0,0,24,13
4,12,3.003784e6,-1.5807512894250553,-0.9652713506234872,TIME_LIMIT,214031,0,0,41,10
4,12,3.004321e6,-1.5807512894250553,-0.9652713506234872,TIME_LIMIT,214067,0,0,25,16
4,12,3.004859e6,-1.580742123474286,-0.9652713506234872,TIME_LIMIT,214122,0,0,21,13
4,12,3.005398e6,-1.580742123474286,-0.9652713506234872,TIME_LIMIT,214157,0,0,38,57
4,12,3.005969e6,-1.5807231056556597,-0.9652713506234872,TIME_LIMIT,214209,0,0,34,10
4,12,3.006522e6,-1.5807231056556597,-0.9652713506234872,TIME_LIMIT,214235,0,0,37,31
4,12,3.007083e6,-1.5807201993468263,-0.9652713506234872,TIME_LIMIT,214287,0,0,28,11
4,12,3.007622e6,-1.5807201993468263,-0.9652713506234872,TIME_LIMIT,214319,0,0,40,58
4,12,3.008159e6,-1.5807120965177326,-0.9652713506234872,TIME_LIMIT,214368,0,0,32,23
4,12,3.00873e6,-1.5807120965177326,-0.9652713506234872,TIME_LIMIT,214399,0,0,45,43
4,12,3.009269e6,-1.580710186502056,-0.9652713506234872,TIME_LIMIT,214451,0,0,36,15
4,12,3.009808e6,-1.580710186502056,-0.9652713506234872,TIME_LIMIT,214492,0,0,29,16
4,12,3.010372e6,-1.5806631929619968,-0.9652713506234872,TIME_LIMIT,214543,0,0,34,30
4,12,3.010922e6,-1.5806631929619968,-0.9652713506234872,TIME_LIMIT,214585,0,0,40,27
4,12,3.01146e6,-1.5806303171184064,-0.9652713506234872,TIME_LIMIT,214619,0,0,31,25
4,12,3.012032e6,-1.5806303171184064,-0.9652713506234872,TIME_LIMIT,214659,0,0,41,34
4,12,3.01257e6,-1.5806130533721738,-0.9652713506234872,TIME_LIMIT,214693,0,0,34,14
4,12,3.01311e6,-1.5806130533721738,-0.9652713506234872,TIME_LIMIT,214724,0,0,39,21
4,12,3.013649e6,-1.5805844667065843,-0.9652713506234872,TIME_LIMIT,214774,0,0,33,12
4,12,3.014219e6,-1.5805844667065843,-0.9652713506234872,TIME_LIMIT,214798,0,0,42,34
4,12,3.014756e6,-1.5805654114781669,-0.9652713506234872,TIME_LIMIT,214852,0,0,17,3
4,12,3.015327e6,-1.5805654114781669,-0.9652713506234872,TIME_LIMIT,214878,0,0,42,43
4,12,3.015864e6,-1.5805651070886517,-0.9652713506234872,TIME_LIMIT,214926,0,0,32,9
4,12,3.016405e6,-1.5805651070886517,-0.9652713506234872,TIME_LIMIT,214968,0,0,39,13
4,12,3.016945e6,-1.580512346171083,-0.9652713506234872,TIME_LIMIT,215005,0,0,37,15
4,12,3.017485e6,-1.580512346171083,-0.9652713506234872,TIME_LIMIT,215038,0,0,39,35
4,12,3.018058e6,-1.580494250981159,-0.9652713506234872,TIME_LIMIT,215093,0,0,35,15
4,12,3.018597e6,-1.580494250981159,-0.9652713506234872,TIME_LIMIT,215126,0,0,38,32
4,12,3.019136e6,-1.58046940238933,-0.9652713506234872,TIME_LIMIT,215155,0,0,33,11
4,12,3.019676e6,-1.58046940238933,-0.9652713506234872,TIME_LIMIT,215184,0,0,39,14
4,12,3.020212e6,-1.5804390741189545,-0.9652713506234872,TIME_LIMIT,215233,0,0,24,6
4,12,3.020752e6,-1.5804390741189545,-0.9652713506234872,TIME_LIMIT,215264,0,0,47,18
4,12,3.021324e6,-1.580405472947898,-0.9652713506234872,TIME_LIMIT,215319,0,0,31,5
4,12,3.021865e6,-1.580405472947898,-0.9652713506234872,TIME_LIMIT,215350,0,0,30,37
4,12,3.022403e6,-1.580390786889589,-0.9652713506234872,TIME_LIMIT,215404,0,0,15,8
4,12,3.022939e6,-1.580390786889589,-0.9652713506234872,TIME_LIMIT,215438,0,0,40,20
4,12,3.023475e6,-1.5803883390329023,-0.9652713506234872,TIME_LIMIT,215482,0,0,26,12
4,12,3.024013e6,-1.5803883390329023,-0.9652713506234872,TIME_LIMIT,215524,0,0,45,27
4,12,3.024584e6,-1.5803708535394385,-0.9652713506234872,TIME_LIMIT,215576,0,0,33,16
4,12,3.025122e6,-1.5803708535394385,-0.9652713506234872,TIME_LIMIT,215606,0,0,37,25
4,12,3.025662e6,-1.5803664468147087,-0.9652713506234872,TIME_LIMIT,215654,0,0,27,18
4,12,3.0262e6,-1.5803664468147087,-0.9652713506234872,TIME_LIMIT,215682,0,0,33,22
4,12,3.026737e6,-1.5803652747695311,-0.9652713506234872,TIME_LIMIT,215730,0,0,32,15
4,12,3.027309e6,-1.5803652747695311,-0.9652713506234872,TIME_LIMIT,215755,0,0,30,29
4,12,3.027845e6,-1.5803301653794255,-0.9652713506234872,TIME_LIMIT,215810,0,0,36,18
4,12,3.028385e6,-1.5803301653794255,-0.9652713506234872,TIME_LIMIT,215841,0,0,33,28
4,12,3.028929e6,-1.5803136046564936,-0.9652713506234872,TIME_LIMIT,215893,0,0,31,12
4,12,3.029472e6,-1.5803136046564936,-0.9652713506234872,TIME_LIMIT,215927,0,0,44,47
4,12,3.03001e6,-1.5803089584577146,-0.9652713506234872,TIME_LIMIT,215979,0,0,19,13
4,12,3.030583e6,-1.5803089584577146,-0.9652713506234872,TIME_LIMIT,216007,0,0,42,36
4,12,3.031121e6,-1.580281309170391,-0.9652713506234872,TIME_LIMIT,216062,0,0,30,9
4,12,3.031658e6,-1.580281309170391,-0.9652713506234872,TIME_LIMIT,216092,0,0,36,26
4,12,3.032197e6,-1.5802785233213246,-0.9652713506234872,TIME_LIMIT,216145,0,0,26,10
4,12,3.032738e6,-1.5802785233213246,-0.9652713506234872,TIME_LIMIT,216182,0,0,54,33
4,12,3.033276e6,-1.5802442651723303,-0.9652713506234872,TIME_LIMIT,216233,0,0,37,7
4,12,3.033865e6,-1.5802442651723303,-0.9652713506234872,TIME_LIMIT,216265,0,0,44,47
4,12,3.034405e6,-1.5802319967331837,-0.9652713506234872,TIME_LIMIT,216320,0,0,30,18
4,12,3.034944e6,-1.5802319967331837,-0.9652713506234872,TIME_LIMIT,216357,0,0,43,7
4,12,3.035481e6,-1.5802313546863258,-0.9652713506234872,TIME_LIMIT,216414,0,0,37,15
4,12,3.036019e6,-1.5802313546863258,-0.9652713506234872,TIME_LIMIT,216448,0,0,46,48
4,12,3.036592e6,-1.580221265775897,-0.9652713506234872,TIME_LIMIT,216500,0,0,33,12
4,12,3.03697e6,-1.580221265775897,-0.9652713506234872,TIME_LIMIT,216531,0,0,34,17
4,12,3.037506e6,-1.580219373728846,-0.9652713506234872,TIME_LIMIT,216576,0,0,25,16
4,12,3.038044e6,-1.580219373728846,-0.9652713506234872,TIME_LIMIT,216608,0,0,30,42
4,12,3.038614e6,-1.5802015374077683,-0.9652713506234872,TIME_LIMIT,216660,0,0,37,12
4,12,3.03915e6,-1.5802015374077683,-0.9652713506234872,TIME_LIMIT,216693,0,0,42,15
4,12,3.03969e6,-1.580161738279875,-0.9652713506234872,TIME_LIMIT,216738,0,0,30,12
4,12,3.040232e6,-1.580161738279875,-0.9652713506234872,TIME_LIMIT,216760,0,0,40,58
4,12,3.040773e6,-1.580160095050022,-0.9652713506234872,TIME_LIMIT,216807,0,0,26,18
4,12,3.041312e6,-1.580160095050022,-0.9652713506234872,TIME_LIMIT,216844,0,0,38,24
4,12,3.041884e6,-1.5801428738350924,-0.9652713506234872,TIME_LIMIT,216894,0,0,34,12
4,12,3.04242e6,-1.5801428738350924,-0.9652713506234872,TIME_LIMIT,216925,0,0,34,26
4,12,3.042958e6,-1.580105213514406,-0.9652713506234872,TIME_LIMIT,216963,0,0,34,13
4,12,3.0435e6,-1.580105213514406,-0.9652713506234872,TIME_LIMIT,216990,0,0,43,26
4,12,3.044041e6,-1.580100658522023,-0.9652713506234872,TIME_LIMIT,217044,0,0,34,15
4,12,3.04463e6,-1.580100658522023,-0.9652713506234872,TIME_LIMIT,217076,0,0,15,11
4,12,3.045169e6,-1.5800937211937807,-0.9652713506234872,TIME_LIMIT,217119,0,0,29,7
4,12,3.045709e6,-1.5800937211937807,-0.9652713506234872,TIME_LIMIT,217155,0,0,42,16
4,12,3.04625e6,-1.580081636831822,-0.9652713506234872,TIME_LIMIT,217203,0,0,36,16
4,12,3.046787e6,-1.580081636831822,-0.9652713506234872,TIME_LIMIT,217226,0,0,31,25
4,12,3.047326e6,-1.5800712615848629,-0.9652713506234872,TIME_LIMIT,217278,0,0,35,13
4,12,3.047916e6,-1.5800712615848629,-0.9652713506234872,TIME_LIMIT,217310,0,0,29,12
4,12,3.048468e6,-1.580062351378278,-0.9652713506234872,TIME_LIMIT,217359,0,0,26,12
4,12,3.049006e6,-1.580062351378278,-0.9652713506234872,TIME_LIMIT,217386,0,0,29,17
4,12,3.049544e6,-1.5800538566660545,-0.9652713506234872,TIME_LIMIT,217433,0,0,31,10
4,12,3.05008e6,-1.5800538566660545,-0.9652713506234872,TIME_LIMIT,217467,0,0,33,14
4,12,3.050619e6,-1.5800427886999981,-0.9652713506234872,TIME_LIMIT,217507,0,0,38,10
4,12,3.051191e6,-1.5800427886999981,-0.9652713506234872,TIME_LIMIT,217535,0,0,19,17
4,12,3.051765e6,-1.5800353907660845,-0.9652713506234872,TIME_LIMIT,217584,0,0,32,6
4,12,3.052308e6,-1.5800353907660845,-0.9652713506234872,TIME_LIMIT,217619,0,0,30,19
4,12,3.052849e6,-1.5800260518893385,-0.9652713506234872,TIME_LIMIT,217663,0,0,28,3
4,12,3.053391e6,-1.5800260518893385,-0.9652713506234872,TIME_LIMIT,217693,0,0,44,50
4,12,3.053929e6,-1.5800213091651414,-0.9652713506234872,TIME_LIMIT,217744,0,0,35,16
4,12,3.054503e6,-1.5800213091651414,-0.9652713506234872,TIME_LIMIT,217778,0,0,57,45
4,12,3.055042e6,-1.5800195181056587,-0.9652713506234872,TIME_LIMIT,217834,0,0,36,12
4,12,3.055616e6,-1.5800195181056587,-0.9652713506234872,TIME_LIMIT,217864,0,0,47,32
4,12,3.056153e6,-1.5800074308193097,-0.9652713506234872,TIME_LIMIT,217916,0,0,30,13
4,12,3.056692e6,-1.5800074308193097,-0.9652713506234872,TIME_LIMIT,217943,0,0,35,24
4,12,3.057227e6,-1.5799921770559013,-0.9652713506234872,TIME_LIMIT,217995,0,0,17,9
4,12,3.057797e6,-1.5799921770559013,-0.9652713506234872,TIME_LIMIT,218021,0,0,39,20
4,12,3.058335e6,-1.5799688640280414,-0.9652713506234872,TIME_LIMIT,218072,0,0,29,13
4,12,3.058878e6,-1.5799688640280414,-0.9652713506234872,TIME_LIMIT,218112,0,0,35,47
4,12,3.059422e6,-1.5799552959277803,-0.9652713506234872,TIME_LIMIT,218162,0,0,32,16
4,12,3.059963e6,-1.5799552959277803,-0.9652713506234872,TIME_LIMIT,218193,0,0,38,34
4,12,3.060532e6,-1.5799513528627052,-0.9652713506234872,TIME_LIMIT,218244,0,0,14,11
4,12,3.061072e6,-1.5799513528627052,-0.9652713506234872,TIME_LIMIT,218278,0,0,41,14
4,12,3.061612e6,-1.5799350766073255,-0.9652713506234872,TIME_LIMIT,218337,0,0,35,11
4,12,3.062154e6,-1.5799350766073255,-0.9652713506234872,TIME_LIMIT,218374,0,0,43,24
4,12,3.062692e6,-1.579917776894682,-0.9652713506234872,TIME_LIMIT,218416,0,0,28,15
4,12,3.063231e6,-1.579917776894682,-0.9652713506234872,TIME_LIMIT,218447,0,0,39,24
4,12,3.063802e6,-1.5799153884766124,-0.9652713506234872,TIME_LIMIT,218501,0,0,24,13
4,12,3.064342e6,-1.5799153884766124,-0.9652713506234872,TIME_LIMIT,218535,0,0,29,23
4,12,3.064882e6,-1.5798933793951204,-0.9652713506234872,TIME_LIMIT,218587,0,0,16,10
4,12,3.065423e6,-1.5798933793951204,-0.9652713506234872,TIME_LIMIT,218618,0,0,33,17
4,12,3.065963e6,-1.5798666705097417,-0.9652713506234872,TIME_LIMIT,218662,0,0,22,8
4,12,3.066501e6,-1.5798666705097417,-0.9652713506234872,TIME_LIMIT,218708,0,0,41,18
4,12,3.067073e6,-1.5798349777411849,-0.9652713506234872,TIME_LIMIT,218742,0,0,12,11
4,12,3.067611e6,-1.5798349777411849,-0.9652713506234872,TIME_LIMIT,218776,0,0,33,8
4,12,3.068151e6,-1.5798319238691996,-0.9652713506234872,TIME_LIMIT,218826,0,0,22,8
4,12,3.068692e6,-1.5798319238691996,-0.9652713506234872,TIME_LIMIT,218853,0,0,37,47
4,12,3.069232e6,-1.5797741724063912,-0.9652713506234872,TIME_LIMIT,218901,0,0,33,16
4,12,3.069771e6,-1.5797741724063912,-0.9652713506234872,TIME_LIMIT,218935,0,0,42,26
4,12,3.070343e6,-1.57974754894491,-0.9652713506234872,TIME_LIMIT,218983,0,0,33,8
4,12,3.070882e6,-1.57974754894491,-0.9652713506234872,TIME_LIMIT,219007,0,0,40,41
4,12,3.071421e6,-1.5797353315914697,-0.9652713506234872,TIME_LIMIT,219057,0,0,35,9
4,12,3.071961e6,-1.5797353315914697,-0.9652713506234872,TIME_LIMIT,219088,0,0,35,41
4,12,3.0725e6,-1.5797035685735334,-0.9652713506234872,TIME_LIMIT,219135,0,0,30,19
4,12,3.073041e6,-1.5797035685735334,-0.9652713506234872,TIME_LIMIT,219165,0,0,39,25
4,12,3.073611e6,-1.579677890352752,-0.9652713506234872,TIME_LIMIT,219211,0,0,13,10
4,12,3.074005e6,-1.579677890352752,-0.9652713506234872,TIME_LIMIT,219243,0,0,43,19
4,12,3.074548e6,-1.5796771121051811,-0.9652713506234872,TIME_LIMIT,219292,0,0,22,8
4,12,3.075119e6,-1.5796771121051811,-0.9652713506234872,TIME_LIMIT,219320,0,0,36,21
4,12,3.075657e6,-1.579650429447514,-0.9652713506234872,TIME_LIMIT,219368,0,0,20,6
4,12,3.076198e6,-1.579650429447514,-0.9652713506234872,TIME_LIMIT,219400,0,0,46,30
4,12,3.076737e6,-1.5796486545511639,-0.9652713506234872,TIME_LIMIT,219445,0,0,28,11
4,12,3.077277e6,-1.5796486545511639,-0.9652713506234872,TIME_LIMIT,219474,0,0,36,20
4,12,3.077816e6,-1.579636058870601,-0.9652713506234872,TIME_LIMIT,219522,0,0,32,5
4,12,3.078385e6,-1.579636058870601,-0.9652713506234872,TIME_LIMIT,219551,0,0,42,51
4,12,3.078921e6,-1.5796134959968828,-0.9652713506234872,TIME_LIMIT,219599,0,0,28,10
4,12,3.07946e6,-1.5796134959968828,-0.9652713506234872,TIME_LIMIT,219634,0,0,47,37
4,12,3.08e6,-1.5796005946963254,-0.9652713506234872,TIME_LIMIT,219685,0,0,32,11
4,12,3.080539e6,-1.5796005946963254,-0.9652713506234872,TIME_LIMIT,219714,0,0,35,35
4,12,3.081077e6,-1.5795648652161864,-0.9652713506234872,TIME_LIMIT,219767,0,0,33,14
4,12,3.081648e6,-1.5795648652161864,-0.9652713506234872,TIME_LIMIT,219812,0,0,45,15
4,12,3.082185e6,-1.579551291670509,-0.9652713506234872,TIME_LIMIT,219849,0,0,35,13
4,12,3.082723e6,-1.579551291670509,-0.9652713506234872,TIME_LIMIT,219876,0,0,34,28
4,12,3.083263e6,-1.5795333326390886,-0.9652713506234872,TIME_LIMIT,219923,0,0,29,9
4,12,3.083804e6,-1.5795333326390886,-0.9652713506234872,TIME_LIMIT,219959,0,0,49,35
4,12,3.084342e6,-1.5795131602296373,-0.9652713506234872,TIME_LIMIT,220009,0,0,30,8
4,12,3.084913e6,-1.5795131602296373,-0.9652713506234872,TIME_LIMIT,220037,0,0,43,35
4,12,3.085467e6,-1.5794982989673136,-0.9652713506234872,TIME_LIMIT,220090,0,0,32,8
4,12,3.086012e6,-1.5794982989673136,-0.9652713506234872,TIME_LIMIT,220122,0,0,39,20
4,12,3.08655e6,-1.5794696196691722,-0.9652713506234872,TIME_LIMIT,220171,0,0,33,10
4,12,3.087018e6,-1.5794696196691722,-0.9652713506234872,TIME_LIMIT,220202,0,0,41,29
4,12,3.087558e6,-1.5794691489706343,-0.9652713506234872,TIME_LIMIT,220249,0,0,29,9
4,12,3.088083e6,-1.5794691489706343,-0.9652713506234872,TIME_LIMIT,220284,0,0,52,24
4,12,3.088623e6,-1.5794628215150226,-0.9652713506234872,TIME_LIMIT,220335,0,0,28,17
4,12,3.08908e6,-1.5794628215150226,-0.9652713506234872,TIME_LIMIT,220369,0,0,41,23
4,12,3.08965e6,-1.5794575091089378,-0.9652713506234872,TIME_LIMIT,220418,0,0,20,10
4,12,3.090113e6,-1.5794575091089378,-0.9652713506234872,TIME_LIMIT,220448,0,0,45,23
4,12,3.090655e6,-1.5794281384745288,-0.9652713506234872,TIME_LIMIT,220496,0,0,22,11
4,12,3.091195e6,-1.5794281384745288,-0.9652713506234872,TIME_LIMIT,220522,0,0,44,51
4,12,3.091767e6,-1.5794212550479727,-0.9652713506234872,TIME_LIMIT,220569,0,0,18,17
4,12,3.092305e6,-1.5794212550479727,-0.9652713506234872,TIME_LIMIT,220597,0,0,33,24
4,12,3.092808e6,-1.5794192417615442,-0.9652713506234872,TIME_LIMIT,220651,0,0,32,8
4,12,3.093386e6,-1.5794192417615442,-0.9652713506234872,TIME_LIMIT,220684,0,0,35,23
4,12,3.093925e6,-1.5793900836816557,-0.9652713506234872,TIME_LIMIT,220734,0,0,32,8
4,12,3.094464e6,-1.5793900836816557,-0.9652713506234872,TIME_LIMIT,220761,0,0,32,34
4,12,3.095002e6,-1.5793742196833953,-0.9652713506234872,TIME_LIMIT,220813,0,0,32,12
4,12,3.095575e6,-1.5793742196833953,-0.9652713506234872,TIME_LIMIT,220837,0,0,32,31
4,12,3.096115e6,-1.5793705342723128,-0.9652713506234872,TIME_LIMIT,220884,0,0,30,10
4,12,3.09666e6,-1.5793705342723128,-0.9652713506234872,TIME_LIMIT,220917,0,0,39,14
4,12,3.097229e6,-1.5793687444721227,-0.9652713506234872,TIME_LIMIT,220972,0,0,31,9
4,12,3.09772e6,-1.5793687444721227,-0.9652713506234872,TIME_LIMIT,221005,0,0,32,20
4,12,3.098259e6,-1.5793464732126568,-0.9652713506234872,TIME_LIMIT,221045,0,0,25,3
4,12,3.0988e6,-1.5793464732126568,-0.9652713506234872,TIME_LIMIT,221083,0,0,37,13
4,12,3.099372e6,-1.5793415786319194,-0.9652713506234872,TIME_LIMIT,221117,0,0,32,11
4,12,3.099913e6,-1.5793415786319194,-0.9652713506234872,TIME_LIMIT,221153,0,0,39,28
4,12,3.100452e6,-1.579341357445647,-0.9652713506234872,TIME_LIMIT,221204,0,0,32,11
4,12,3.100995e6,-1.579341357445647,-0.9652713506234872,TIME_LIMIT,221237,0,0,45,45
4,12,3.101534e6,-1.5793236104454227,-0.9652713506234872,TIME_LIMIT,221282,0,0,30,29
4,12,3.102073e6,-1.5793236104454227,-0.9652713506234872,TIME_LIMIT,221307,0,0,33,39
4,12,3.102643e6,-1.5793197603599598,-0.9652713506234872,TIME_LIMIT,221362,0,0,34,6
4,12,3.103181e6,-1.5793197603599598,-0.9652713506234872,TIME_LIMIT,221400,0,0,30,19
4,12,3.103719e6,-1.579310114364841,-0.9652713506234872,TIME_LIMIT,221440,0,0,33,9
4,12,3.104261e6,-1.579310114364841,-0.9652713506234872,TIME_LIMIT,221471,0,0,48,34
4,12,3.104799e6,-1.5792766149448707,-0.9652713506234872,TIME_LIMIT,221520,0,0,30,7
4,12,3.10534e6,-1.5792766149448707,-0.9652713506234872,TIME_LIMIT,221555,0,0,44,45
4,12,3.10588e6,-1.5792704754715754,-0.9652713506234872,TIME_LIMIT,221611,0,0,33,12
4,12,3.106453e6,-1.5792704754715754,-0.9652713506234872,TIME_LIMIT,221639,0,0,53,40
4,12,3.106992e6,-1.5792662751868212,-0.9652713506234872,TIME_LIMIT,221694,0,0,30,8
4,12,3.107532e6,-1.5792662751868212,-0.9652713506234872,TIME_LIMIT,221721,0,0,21,15
4,12,3.108072e6,-1.5792456274843558,-0.9652713506234872,TIME_LIMIT,221778,0,0,27,13
4,12,3.108612e6,-1.5792456274843558,-0.9652713506234872,TIME_LIMIT,221812,0,0,19,12
4,12,3.109151e6,-1.579244857428265,-0.9652713506234872,TIME_LIMIT,221860,0,0,32,19
4,12,3.109721e6,-1.579244857428265,-0.9652713506234872,TIME_LIMIT,221886,0,0,33,25
4,12,3.11026e6,-1.5792247629648326,-0.9652713506234872,TIME_LIMIT,221939,0,0,27,10
4,12,3.110801e6,-1.5792247629648326,-0.9652713506234872,TIME_LIMIT,221973,0,0,30,43
4,12,3.11134e6,-1.5792189314246696,-0.9652713506234872,TIME_LIMIT,222022,0,0,28,15
4,12,3.111884e6,-1.5792189314246696,-0.9652713506234872,TIME_LIMIT,222050,0,0,37,74
4,12,3.112424e6,-1.579211433138705,-0.9652713506234872,TIME_LIMIT,222102,0,0,32,18
4,12,3.112888e6,-1.579211433138705,-0.9652713506234872,TIME_LIMIT,222133,0,0,35,18
4,12,3.113428e6,-1.5791935344347956,-0.9652713506234872,TIME_LIMIT,222185,0,0,25,13
4,12,3.114e6,-1.5791935344347956,-0.9652713506234872,TIME_LIMIT,222211,0,0,34,22
4,12,3.114542e6,-1.579176640658928,-0.9652713506234872,TIME_LIMIT,222266,0,0,32,6
4,12,3.115081e6,-1.579176640658928,-0.9652713506234872,TIME_LIMIT,222305,0,0,37,15
4,12,3.115622e6,-1.5791179276388965,-0.9652713506234872,TIME_LIMIT,222341,0,0,35,6
4,12,3.116164e6,-1.5791179276388965,-0.9652713506234872,TIME_LIMIT,222365,0,0,32,28
4,12,3.116704e6,-1.579099231334853,-0.9652713506234872,TIME_LIMIT,222418,0,0,21,8
4,12,3.117275e6,-1.579099231334853,-0.9652713506234872,TIME_LIMIT,222452,0,0,52,50
4,12,3.117813e6,-1.5790890441486103,-0.9652713506234872,TIME_LIMIT,222508,0,0,35,11
4,12,3.118354e6,-1.5790890441486103,-0.9652713506234872,TIME_LIMIT,222544,0,0,35,24
4,12,3.118895e6,-1.579010293629029,-0.9652713506234872,TIME_LIMIT,222596,0,0,28,13
4,12,3.119439e6,-1.579010293629029,-0.9652713506234872,TIME_LIMIT,222628,0,0,42,32
4,12,3.119979e6,-1.5789835094003644,-0.9652713506234872,TIME_LIMIT,222677,0,0,30,6
4,12,3.120551e6,-1.5789835094003644,-0.9652713506234872,TIME_LIMIT,222710,0,0,34,37
4,12,3.121089e6,-1.5789826184745015,-0.9652713506234872,TIME_LIMIT,222757,0,0,23,3
4,12,3.121629e6,-1.5789826184745015,-0.9652713506234872,TIME_LIMIT,222789,0,0,39,27
4,12,3.122168e6,-1.5789764487724427,-0.9652713506234872,TIME_LIMIT,222834,0,0,25,12
4,12,3.122713e6,-1.5789764487724427,-0.9652713506234872,TIME_LIMIT,222871,0,0,34,23
4,12,3.123256e6,-1.5789686675864643,-0.9652713506234872,TIME_LIMIT,222920,0,0,15,9
4,12,3.123827e6,-1.5789686675864643,-0.9652713506234872,TIME_LIMIT,222946,0,0,36,22
4,12,3.124368e6,-1.5789056976038636,-0.9652713506234872,TIME_LIMIT,222997,0,0,35,8
4,12,3.124876e6,-1.5789056976038636,-0.9652713506234872,TIME_LIMIT,223033,0,0,38,11
4,12,3.125346e6,-1.5788784872668618,-0.9652713506234872,TIME_LIMIT,223064,0,0,28,9
4,12,3.125887e6,-1.5788784872668618,-0.9652713506234872,TIME_LIMIT,223097,0,0,42,24
4,12,3.126425e6,-1.5788667565210797,-0.9652713506234872,TIME_LIMIT,223150,0,0,30,9
4,12,3.126986e6,-1.5788667565210797,-0.9652713506234872,TIME_LIMIT,223191,0,0,31,10
4,12,3.127525e6,-1.5788622224328506,-0.9652713506234872,TIME_LIMIT,223229,0,0,34,13
4,12,3.128064e6,-1.5788622224328506,-0.9652713506234872,TIME_LIMIT,223259,0,0,37,13
4,12,3.128633e6,-1.5788556583069868,-0.9652713506234872,TIME_LIMIT,223299,0,0,25,6
4,12,3.129173e6,-1.5788556583069868,-0.9652713506234872,TIME_LIMIT,223335,0,0,33,12
4,12,3.129713e6,-1.578847913511964,-0.9652713506234872,TIME_LIMIT,223371,0,0,31,10
4,12,3.130252e6,-1.578847913511964,-0.9652713506234872,TIME_LIMIT,223405,0,0,36,23
4,12,3.130827e6,-1.5788286894677848,-0.9652713506234872,TIME_LIMIT,223458,0,0,32,9
4,12,3.131367e6,-1.5788286894677848,-0.9652713506234872,TIME_LIMIT,223489,0,0,30,73
4,12,3.131907e6,-1.5787991740385385,-0.9652713506234872,TIME_LIMIT,223539,0,0,30,30
4,12,3.1324e6,-1.5787991740385385,-0.9652713506234872,TIME_LIMIT,223575,0,0,26,16
4,12,3.132973e6,-1.5787983246242414,-0.9652713506234872,TIME_LIMIT,223626,0,0,35,8
4,12,3.133511e6,-1.5787983246242414,-0.9652713506234872,TIME_LIMIT,223658,0,0,33,9
4,12,3.134051e6,-1.5787904843182257,-0.9652713506234872,TIME_LIMIT,223703,0,0,38,13
4,12,3.13463e6,-1.5787904843182257,-0.9652713506234872,TIME_LIMIT,223744,0,0,41,21
4,12,3.135169e6,-1.5787864472540487,-0.9652713506234872,TIME_LIMIT,223787,0,0,41,10
4,12,3.135708e6,-1.5787864472540487,-0.9652713506234872,TIME_LIMIT,223816,0,0,34,22
4,12,3.136278e6,-1.578781025750985,-0.9652713506234872,TIME_LIMIT,223875,0,0,36,6
4,12,3.136819e6,-1.578781025750985,-0.9652713506234872,TIME_LIMIT,223912,0,0,42,50
4,12,3.137362e6,-1.578778762692498,-0.9652713506234872,TIME_LIMIT,223967,0,0,37,22
4,12,3.1379e6,-1.578778762692498,-0.9652713506234872,TIME_LIMIT,223995,0,0,36,38
4,12,3.138475e6,-1.578727983379833,-0.9652713506234872,TIME_LIMIT,224041,0,0,16,8
4,12,3.139015e6,-1.578727983379833,-0.9652713506234872,TIME_LIMIT,224070,0,0,42,27
4,12,3.139585e6,-1.5786669983092325,-0.9652713506234872,TIME_LIMIT,224119,0,0,29,11
4,12,3.140125e6,-1.5786669983092325,-0.9652713506234872,TIME_LIMIT,224158,0,0,30,35
4,12,3.140665e6,-1.5786475856314326,-0.9652713506234872,TIME_LIMIT,224206,0,0,30,20
4,12,3.141207e6,-1.5786475856314326,-0.9652713506234872,TIME_LIMIT,224250,0,0,49,27
4,12,3.141748e6,-1.578634955641054,-0.9652713506234872,TIME_LIMIT,224304,0,0,36,12
4,12,3.142289e6,-1.578634955641054,-0.9652713506234872,TIME_LIMIT,224328,0,0,28,27
4,12,3.142828e6,-1.5786320258405848,-0.9652713506234872,TIME_LIMIT,224374,0,0,28,10
4,12,3.1434e6,-1.5786320258405848,-0.9652713506234872,TIME_LIMIT,224404,0,0,24,47
4,12,3.14394e6,-1.5786263471918744,-0.9652713506234872,TIME_LIMIT,224456,0,0,29,10
4,12,3.144481e6,-1.5786263471918744,-0.9652713506234872,TIME_LIMIT,224489,0,0,41,21
4,12,3.145018e6,-1.5786116994088801,-0.9652713506234872,TIME_LIMIT,224538,0,0,31,8
4,12,3.145558e6,-1.5786116994088801,-0.9652713506234872,TIME_LIMIT,224571,0,0,40,14
4,12,3.146095e6,-1.5786003364914707,-0.9652713506234872,TIME_LIMIT,224624,0,0,33,8
4,12,3.146667e6,-1.5786003364914707,-0.9652713506234872,TIME_LIMIT,224657,0,0,39,33
4,12,3.147207e6,-1.5785710520074454,-0.9652713506234872,TIME_LIMIT,224709,0,0,36,11
4,12,3.147749e6,-1.5785710520074454,-0.9652713506234872,TIME_LIMIT,224744,0,0,50,26
4,12,3.148289e6,-1.578550567467903,-0.9652713506234872,TIME_LIMIT,224804,0,0,41,15
4,12,3.148833e6,-1.578550567467903,-0.9652713506234872,TIME_LIMIT,224835,0,0,48,46
4,12,3.149369e6,-1.5784706514536655,-0.9652713506234872,TIME_LIMIT,224890,0,0,36,14
4,12,3.149942e6,-1.5784706514536655,-0.9652713506234872,TIME_LIMIT,224916,0,0,43,19
4,12,3.150481e6,-1.5784606907331264,-0.9652713506234872,TIME_LIMIT,224972,0,0,18,4
4,12,3.151019e6,-1.5784606907331264,-0.9652713506234872,TIME_LIMIT,225004,0,0,33,27
4,12,3.151472e6,-1.5784425936365687,-0.9652713506234872,TIME_LIMIT,225040,0,0,30,7
4,12,3.152012e6,-1.5784425936365687,-0.9652713506234872,TIME_LIMIT,225071,0,0,34,20
4,12,3.152553e6,-1.5784313003464108,-0.9652713506234872,TIME_LIMIT,225114,0,0,30,10
4,12,3.153098e6,-1.5784313003464108,-0.9652713506234872,TIME_LIMIT,225138,0,0,48,68
4,12,3.153636e6,-1.5784166005200098,-0.9652713506234872,TIME_LIMIT,225190,0,0,33,11
4,12,3.154176e6,-1.5784166005200098,-0.9652713506234872,TIME_LIMIT,225228,0,0,42,48
4,12,3.154749e6,-1.5784110734132737,-0.9652713506234872,TIME_LIMIT,225266,0,0,37,15
4,12,3.155288e6,-1.5784110734132737,-0.9652713506234872,TIME_LIMIT,225300,0,0,32,27
4,12,3.155829e6,-1.5783932321303416,-0.9652713506234872,TIME_LIMIT,225349,0,0,30,14
4,12,3.156369e6,-1.5783932321303416,-0.9652713506234872,TIME_LIMIT,225381,0,0,40,17
4,12,3.156911e6,-1.5783699322720521,-0.9652713506234872,TIME_LIMIT,225430,0,0,30,10
4,12,3.15745e6,-1.5783699322720521,-0.9652713506234872,TIME_LIMIT,225457,0,0,36,23
4,12,3.157988e6,-1.5783485606584247,-0.9652713506234872,TIME_LIMIT,225517,0,0,26,11
4,12,3.158562e6,-1.5783485606584247,-0.9652713506234872,TIME_LIMIT,225540,0,0,47,51
4,12,3.159103e6,-1.5783432262046089,-0.9652713506234872,TIME_LIMIT,225598,0,0,34,16
4,12,3.159624e6,-1.5783432262046089,-0.9652713506234872,TIME_LIMIT,225632,0,0,40,18
4,12,3.160164e6,-1.5783212358757388,-0.9652713506234872,TIME_LIMIT,225683,0,0,35,6
4,12,3.160708e6,-1.5783212358757388,-0.9652713506234872,TIME_LIMIT,225718,0,0,43,25
4,12,3.161246e6,-1.5782879847005449,-0.9652713506234872,TIME_LIMIT,225770,0,0,33,8
4,12,3.161785e6,-1.5782879847005449,-0.9652713506234872,TIME_LIMIT,225798,0,0,33,19
4,12,3.162356e6,-1.578274220363469,-0.9652713506234872,TIME_LIMIT,225844,0,0,14,8
4,12,3.162898e6,-1.578274220363469,-0.9652713506234872,TIME_LIMIT,225878,0,0,37,26
4,12,3.163439e6,-1.5782541588528929,-0.9652713506234872,TIME_LIMIT,225927,0,0,32,10
4,12,3.163982e6,-1.5782541588528929,-0.9652713506234872,TIME_LIMIT,225956,0,0,38,33
4,12,3.164525e6,-1.5782535981278614,-0.9652713506234872,TIME_LIMIT,226008,0,0,26,12
4,12,3.165062e6,-1.5782535981278614,-0.9652713506234872,TIME_LIMIT,226039,0,0,42,20
4,12,3.165634e6,-1.578239216983363,-0.9652713506234872,TIME_LIMIT,226089,0,0,34,10
4,12,3.166175e6,-1.578239216983363,-0.9652713506234872,TIME_LIMIT,226121,0,0,49,26
4,12,3.166715e6,-1.578238907184033,-0.9652713506234872,TIME_LIMIT,226168,0,0,24,15
4,12,3.167258e6,-1.578238907184033,-0.9652713506234872,TIME_LIMIT,226211,0,0,47,32
4,12,3.167797e6,-1.578232961029496,-0.9652713506234872,TIME_LIMIT,226265,0,0,38,9
4,12,3.168356e6,-1.578232961029496,-0.9652713506234872,TIME_LIMIT,226301,0,0,27,22
4,12,3.16893e6,-1.5782259800260972,-0.9652713506234872,TIME_LIMIT,226355,0,0,34,10
4,12,3.169471e6,-1.5782259800260972,-0.9652713506234872,TIME_LIMIT,226387,0,0,47,27
4,12,3.170012e6,-1.5781982631730676,-0.9652713506234872,TIME_LIMIT,226431,0,0,32,13
4,12,3.170556e6,-1.5781982631730676,-0.9652713506234872,TIME_LIMIT,226465,0,0,47,57
4,12,3.171094e6,-1.5781972829402011,-0.9652713506234872,TIME_LIMIT,226515,0,0,21,9
4,12,3.171636e6,-1.5781972829402011,-0.9652713506234872,TIME_LIMIT,226543,0,0,48,48
4,12,3.172212e6,-1.5781607898679817,-0.9652713506234872,TIME_LIMIT,226596,0,0,38,10
4,12,3.172785e6,-1.5781607898679817,-0.9652713506234872,TIME_LIMIT,226625,0,0,26,43
4,12,3.173327e6,-1.5781531372682847,-0.9652713506234872,TIME_LIMIT,226675,0,0,31,13
4,12,3.173866e6,-1.5781531372682847,-0.9652713506234872,TIME_LIMIT,226717,0,0,39,19
4,12,3.174406e6,-1.5781326230502353,-0.9652713506234872,TIME_LIMIT,226757,0,0,31,9
4,12,3.174946e6,-1.5781326230502353,-0.9652713506234872,TIME_LIMIT,226782,0,0,40,23
4,12,3.175486e6,-1.5780908978691266,-0.9652713506234872,TIME_LIMIT,226830,0,0,19,7
4,12,3.175965e6,-1.5780908978691266,-0.9652713506234872,TIME_LIMIT,226859,0,0,43,22
4,12,3.176507e6,-1.5780703791339272,-0.9652713506234872,TIME_LIMIT,226906,0,0,31,20
4,12,3.177047e6,-1.5780703791339272,-0.9652713506234872,TIME_LIMIT,226939,0,0,43,41
4,12,3.177619e6,-1.5780614821383185,-0.9652713506234872,TIME_LIMIT,226992,0,0,31,13
4,12,3.178078e6,-1.5780614821383185,-0.9652713506234872,TIME_LIMIT,227028,0,0,41,20
4,12,3.178649e6,-1.5780567886762389,-0.9652713506234872,TIME_LIMIT,227069,0,0,25,12
4,12,3.179188e6,-1.5780567886762389,-0.9652713506234872,TIME_LIMIT,227108,0,0,31,14
4,12,3.179761e6,-1.578046412526973,-0.9652713506234872,TIME_LIMIT,227162,0,0,38,15
4,12,3.180302e6,-1.578046412526973,-0.9652713506234872,TIME_LIMIT,227197,0,0,43,37
4,12,3.18084e6,-1.5780284133511617,-0.9652713506234872,TIME_LIMIT,227245,0,0,28,17
4,12,3.18138e6,-1.5780284133511617,-0.9652713506234872,TIME_LIMIT,227277,0,0,37,23
4,12,3.181919e6,-1.5780207940359925,-0.9652713506234872,TIME_LIMIT,227324,0,0,26,6
4,12,3.182493e6,-1.5780207940359925,-0.9652713506234872,TIME_LIMIT,227354,0,0,33,33
4,12,3.183034e6,-1.5780161159019879,-0.9652713506234872,TIME_LIMIT,227407,0,0,34,12
4,12,3.183577e6,-1.5780161159019879,-0.9652713506234872,TIME_LIMIT,227448,0,0,32,9
4,12,3.184117e6,-1.578015123448877,-0.9652713506234872,TIME_LIMIT,227481,0,0,30,21
4,12,3.184655e6,-1.578015123448877,-0.9652713506234872,TIME_LIMIT,227520,0,0,38,10
4,12,3.185192e6,-1.5779977215211551,-0.9652713506234872,TIME_LIMIT,227557,0,0,31,14
4,12,3.185767e6,-1.5779977215211551,-0.9652713506234872,TIME_LIMIT,227581,0,0,44,55
4,12,3.186308e6,-1.5779792186095596,-0.9652713506234872,TIME_LIMIT,227628,0,0,30,10
4,12,3.186848e6,-1.5779792186095596,-0.9652713506234872,TIME_LIMIT,227660,0,0,36,23
4,12,3.187389e6,-1.5779685001767212,-0.9652713506234872,TIME_LIMIT,227710,0,0,16,6
4,12,3.187927e6,-1.5779685001767212,-0.9652713506234872,TIME_LIMIT,227737,0,0,29,19
4,12,3.188466e6,-1.5779675453059925,-0.9652713506234872,TIME_LIMIT,227780,0,0,27,5
4,12,3.189007e6,-1.5779675453059925,-0.9652713506234872,TIME_LIMIT,227813,0,0,48,51
4,12,3.189578e6,-1.5779566891638388,-0.9652713506234872,TIME_LIMIT,227865,0,0,31,13
4,12,3.190119e6,-1.5779566891638388,-0.9652713506234872,TIME_LIMIT,227891,0,0,43,51
4,12,3.19066e6,-1.577946587261578,-0.9652713506234872,TIME_LIMIT,227944,0,0,29,11
4,12,3.191203e6,-1.577946587261578,-0.9652713506234872,TIME_LIMIT,227974,0,0,36,16
4,12,3.191743e6,-1.5779428339674735,-0.9652713506234872,TIME_LIMIT,228031,0,0,37,8
4,12,3.192283e6,-1.5779428339674735,-0.9652713506234872,TIME_LIMIT,228064,0,0,33,26
4,12,3.192855e6,-1.577934166602612,-0.9652713506234872,TIME_LIMIT,228124,0,0,34,17
4,12,3.193396e6,-1.577934166602612,-0.9652713506234872,TIME_LIMIT,228152,0,0,28,40
4,12,3.193937e6,-1.5778932497792855,-0.9652713506234872,TIME_LIMIT,228198,0,0,29,14
4,12,3.194481e6,-1.5778932497792855,-0.9652713506234872,TIME_LIMIT,228228,0,0,44,30
4,12,3.195023e6,-1.5778900666113405,-0.9652713506234872,TIME_LIMIT,228282,0,0,37,22
4,12,3.195562e6,-1.5778900666113405,-0.9652713506234872,TIME_LIMIT,228312,0,0,41,29
4,12,3.196102e6,-1.5778574193057733,-0.9652713506234872,TIME_LIMIT,228364,0,0,27,13
4,12,3.196674e6,-1.5778574193057733,-0.9652713506234872,TIME_LIMIT,228393,0,0,50,33
4,12,3.197213e6,-1.5778559438704511,-0.9652713506234872,TIME_LIMIT,228447,0,0,35,12
4,12,3.197755e6,-1.5778559438704511,-0.9652713506234872,TIME_LIMIT,228479,0,0,33,26
4,12,3.198297e6,-1.5778411547016349,-0.9652713506234872,TIME_LIMIT,228527,0,0,30,12
4,12,3.198815e6,-1.5778411547016349,-0.9652713506234872,TIME_LIMIT,228566,0,0,49,17
4,12,3.199355e6,-1.5778053351183619,-0.9652713506234872,TIME_LIMIT,228614,0,0,29,14
4,12,3.199898e6,-1.5778053351183619,-0.9652713506234872,TIME_LIMIT,228646,0,0,41,51
4,12,3.200439e6,-1.5778009781469609,-0.9652713506234872,TIME_LIMIT,228697,0,0,33,9
4,12,3.201011e6,-1.5778009781469609,-0.9652713506234872,TIME_LIMIT,228728,0,0,48,36
4,12,3.201552e6,-1.5777957007967849,-0.9652713506234872,TIME_LIMIT,228776,0,0,31,18
4,12,3.202098e6,-1.5777957007967849,-0.9652713506234872,TIME_LIMIT,228811,0,0,41,20
4,12,3.202639e6,-1.5777896546684236,-0.9652713506234872,TIME_LIMIT,228866,0,0,34,10
4,12,3.20318e6,-1.5777896546684236,-0.9652713506234872,TIME_LIMIT,228895,0,0,32,20
4,12,3.203718e6,-1.577755857881201,-0.9652713506234872,TIME_LIMIT,228943,0,0,22,5
4,12,3.20429e6,-1.577755857881201,-0.9652713506234872,TIME_LIMIT,228975,0,0,36,21
4,12,3.20483e6,-1.5777530462628024,-0.9652713506234872,TIME_LIMIT,229024,0,0,31,11
4,12,3.205372e6,-1.5777530462628024,-0.9652713506234872,TIME_LIMIT,229060,0,0,38,12
4,12,3.205913e6,-1.5777472422762295,-0.9652713506234872,TIME_LIMIT,229104,0,0,29,8
4,12,3.206458e6,-1.5777472422762295,-0.9652713506234872,TIME_LIMIT,229138,0,0,41,40
4,12,3.206996e6,-1.577722998611079,-0.9652713506234872,TIME_LIMIT,229184,0,0,28,15
4,12,3.207536e6,-1.577722998611079,-0.9652713506234872,TIME_LIMIT,229223,0,0,36,18
4,12,3.208107e6,-1.5776940320947739,-0.9652713506234872,TIME_LIMIT,229260,0,0,34,9
4,12,3.20865e6,-1.5776940320947739,-0.9652713506234872,TIME_LIMIT,229289,0,0,47,54
4,12,3.209188e6,-1.5776901026974055,-0.9652713506234872,TIME_LIMIT,229339,0,0,30,13
4,12,3.20975e6,-1.5776901026974055,-0.9652713506234872,TIME_LIMIT,229374,0,0,43,35
4,12,3.210289e6,-1.5776455199826835,-0.9652713506234872,TIME_LIMIT,229423,0,0,27,11
4,12,3.210828e6,-1.5776455199826835,-0.9652713506234872,TIME_LIMIT,229453,0,0,32,26
4,12,3.211368e6,-1.5776197257895415,-0.9652713506234872,TIME_LIMIT,229513,0,0,36,14
4,12,3.211943e6,-1.5776197257895415,-0.9652713506234872,TIME_LIMIT,229544,0,0,38,19
4,12,3.212483e6,-1.5775969145838566,-0.9652713506234872,TIME_LIMIT,229593,0,0,30,8
4,12,3.213023e6,-1.5775969145838566,-0.9652713506234872,TIME_LIMIT,229619,0,0,19,8
4,12,3.213598e6,-1.5775902172977987,-0.9652713506234872,TIME_LIMIT,229668,0,0,10,6
4,12,3.214138e6,-1.5775902172977987,-0.9652713506234872,TIME_LIMIT,229691,0,0,33,25
4,12,3.214676e6,-1.5775900194391617,-0.9652713506234872,TIME_LIMIT,229738,0,0,27,12
4,12,3.215216e6,-1.5775900194391617,-0.9652713506234872,TIME_LIMIT,229775,0,0,37,27
4,12,3.215791e6,-1.577558666727485,-0.9652713506234872,TIME_LIMIT,229826,0,0,32,8
4,12,3.216114e6,-1.577558666727485,-0.9652713506234872,TIME_LIMIT,229862,0,0,48,34
4,12,3.216657e6,-1.5775551984818985,-0.9652713506234872,TIME_LIMIT,229910,0,0,30,9
4,12,3.217237e6,-1.5775551984818985,-0.9652713506234872,TIME_LIMIT,229936,0,0,47,47
4,12,3.217777e6,-1.5775444401153194,-0.9652713506234872,TIME_LIMIT,229984,0,0,22,10
4,12,3.21835e6,-1.5775444401153194,-0.9652713506234872,TIME_LIMIT,230018,0,0,40,21
4,12,3.218891e6,-1.577535989662328,-0.9652713506234872,TIME_LIMIT,230066,0,0,25,18
4,12,3.219434e6,-1.577535989662328,-0.9652713506234872,TIME_LIMIT,230098,0,0,24,15
4,12,3.219975e6,-1.577533216908744,-0.9652713506234872,TIME_LIMIT,230151,0,0,35,7
4,12,3.220515e6,-1.577533216908744,-0.9652713506234872,TIME_LIMIT,230182,0,0,41,48
4,12,3.22109e6,-1.577504303101474,-0.9652713506234872,TIME_LIMIT,230236,0,0,33,21
4,12,3.221632e6,-1.577504303101474,-0.9652713506234872,TIME_LIMIT,230277,0,0,41,27
4,12,3.222205e6,-1.5774800077947675,-0.9652713506234872,TIME_LIMIT,230319,0,0,36,19
4,12,3.222747e6,-1.5774800077947675,-0.9652713506234872,TIME_LIMIT,230349,0,0,35,23
4,12,3.223287e6,-1.577465739064021,-0.9652713506234872,TIME_LIMIT,230393,0,0,30,6
4,12,3.223831e6,-1.577465739064021,-0.9652713506234872,TIME_LIMIT,230421,0,0,41,36
4,12,3.22437e6,-1.5774452976277946,-0.9652713506234872,TIME_LIMIT,230472,0,0,27,11
4,12,3.224914e6,-1.5774452976277946,-0.9652713506234872,TIME_LIMIT,230499,0,0,37,28
4,12,3.225451e6,-1.5774198523515315,-0.9652713506234872,TIME_LIMIT,230547,0,0,29,16
4,12,3.226041e6,-1.5774198523515315,-0.9652713506234872,TIME_LIMIT,230574,0,0,43,42
4,12,3.226589e6,-1.577418119487642,-0.9652713506234872,TIME_LIMIT,230621,0,0,20,9
4,12,3.227133e6,-1.577418119487642,-0.9652713506234872,TIME_LIMIT,230643,0,0,37,26
4,12,3.227676e6,-1.5774179599534488,-0.9652713506234872,TIME_LIMIT,230690,0,0,28,13
4,12,3.228218e6,-1.5774179599534488,-0.9652713506234872,TIME_LIMIT,230721,0,0,38,49
4,12,3.228757e6,-1.5773906182105648,-0.9652713506234872,TIME_LIMIT,230760,0,0,40,15
4,12,3.2293e6,-1.5773906182105648,-0.9652713506234872,TIME_LIMIT,230790,0,0,37,23
4,12,3.229872e6,-1.577376652115861,-0.9652713506234872,TIME_LIMIT,230845,0,0,29,16
4,12,3.230414e6,-1.577376652115861,-0.9652713506234872,TIME_LIMIT,230873,0,0,44,24
4,12,3.230953e6,-1.5773633980899235,-0.9652713506234872,TIME_LIMIT,230927,0,0,19,10
4,12,3.231494e6,-1.5773633980899235,-0.9652713506234872,TIME_LIMIT,230956,0,0,37,19
4,12,3.232035e6,-1.5773413598887325,-0.9652713506234872,TIME_LIMIT,231005,0,0,31,10
4,12,3.232577e6,-1.5773413598887325,-0.9652713506234872,TIME_LIMIT,231039,0,0,42,29
4,12,3.233118e6,-1.5773299857132677,-0.9652713506234872,TIME_LIMIT,231092,0,0,29,12
4,12,3.233562e6,-1.5773299857132677,-0.9652713506234872,TIME_LIMIT,231125,0,0,40,36
4,12,3.234104e6,-1.5772785818044543,-0.9652713506234872,TIME_LIMIT,231182,0,0,42,18
4,12,3.234644e6,-1.5772785818044543,-0.9652713506234872,TIME_LIMIT,231210,0,0,41,14
4,12,3.235218e6,-1.5772709379819612,-0.9652713506234872,TIME_LIMIT,231263,0,0,28,9
4,12,3.235761e6,-1.5772709379819612,-0.9652713506234872,TIME_LIMIT,231296,0,0,36,23
4,12,3.236302e6,-1.5772484144051233,-0.9652713506234872,TIME_LIMIT,231343,0,0,27,7
4,12,3.236846e6,-1.5772484144051233,-0.9652713506234872,TIME_LIMIT,231377,0,0,42,22
4,12,3.237386e6,-1.5772375630964568,-0.9652713506234872,TIME_LIMIT,231422,0,0,13,7
4,12,3.237929e6,-1.5772375630964568,-0.9652713506234872,TIME_LIMIT,231452,0,0,37,24
4,12,3.238469e6,-1.5772361083057433,-0.9652713506234872,TIME_LIMIT,231504,0,0,32,22
4,12,3.239044e6,-1.5772361083057433,-0.9652713506234872,TIME_LIMIT,231533,0,0,34,19
4,12,3.239602e6,-1.5772358764779144,-0.9652713506234872,TIME_LIMIT,231580,0,0,27,10
4,12,3.240147e6,-1.5772358764779144,-0.9652713506234872,TIME_LIMIT,231614,0,0,35,40
4,12,3.240692e6,-1.5772214025728761,-0.9652713506234872,TIME_LIMIT,231668,0,0,35,9
4,12,3.241234e6,-1.5772214025728761,-0.9652713506234872,TIME_LIMIT,231696,0,0,40,25
4,12,3.241774e6,-1.5772118605396803,-0.9652713506234872,TIME_LIMIT,231751,0,0,37,3
4,12,3.242318e6,-1.5772118605396803,-0.9652713506234872,TIME_LIMIT,231777,0,0,47,31
4,12,3.242897e6,-1.5772085225215646,-0.9652713506234872,TIME_LIMIT,231833,0,0,36,7
4,12,3.243441e6,-1.5772085225215646,-0.9652713506234872,TIME_LIMIT,231865,0,0,45,18
4,12,3.243981e6,-1.577195070604708,-0.9652713506234872,TIME_LIMIT,231914,0,0,29,8
4,12,3.244525e6,-1.577195070604708,-0.9652713506234872,TIME_LIMIT,231945,0,0,38,37
4,12,3.245066e6,-1.5771927882726264,-0.9652713506234872,TIME_LIMIT,231991,0,0,21,14
4,12,3.245606e6,-1.5771927882726264,-0.9652713506234872,TIME_LIMIT,232020,0,0,28,23
4,12,3.246146e6,-1.577188780696671,-0.9652713506234872,TIME_LIMIT,232051,0,0,34,18
4,12,3.246721e6,-1.577188780696671,-0.9652713506234872,TIME_LIMIT,232078,0,0,34,22
4,12,3.247264e6,-1.5771884489013743,-0.9652713506234872,TIME_LIMIT,232124,0,0,29,8
4,12,3.247805e6,-1.5771884489013743,-0.9652713506234872,TIME_LIMIT,232151,0,0,36,50
4,12,3.248346e6,-1.5771883906875042,-0.9652713506234872,TIME_LIMIT,232202,0,0,32,11
4,12,3.248888e6,-1.5771883906875042,-0.9652713506234872,TIME_LIMIT,232233,0,0,45,25
4,12,3.249429e6,-1.5771826017259554,-0.9652713506234872,TIME_LIMIT,232284,0,0,28,19
4,12,3.24993e6,-1.5771826017259554,-0.9652713506234872,TIME_LIMIT,232315,0,0,39,19
4,12,3.250313e6,-1.5771617668080535,-0.9652713506234872,TIME_LIMIT,232361,0,0,24,5
4,12,3.250872e6,-1.5771617668080535,-0.9652713506234872,TIME_LIMIT,232392,0,0,34,15
4,12,3.251416e6,-1.5771556106468032,-0.9652713506234872,TIME_LIMIT,232438,0,0,34,8
4,12,3.251958e6,-1.5771556106468032,-0.9652713506234872,TIME_LIMIT,232476,0,0,50,20
4,12,3.252494e6,-1.577122312628663,-0.9652713506234872,TIME_LIMIT,232527,0,0,29,8
4,12,3.253033e6,-1.577122312628663,-0.9652713506234872,TIME_LIMIT,232556,0,0,25,14
4,12,3.253606e6,-1.577104396821815,-0.9652713506234872,TIME_LIMIT,232606,0,0,19,8
4,12,3.254146e6,-1.577104396821815,-0.9652713506234872,TIME_LIMIT,232643,0,0,37,14
4,12,3.254722e6,-1.5770962134672974,-0.9652713506234872,TIME_LIMIT,232695,0,0,33,12
4,12,3.255266e6,-1.5770962134672974,-0.9652713506234872,TIME_LIMIT,232722,0,0,32,41
4,12,3.255807e6,-1.5770712939372604,-0.9652713506234872,TIME_LIMIT,232774,0,0,18,12
4,12,3.256347e6,-1.5770712939372604,-0.9652713506234872,TIME_LIMIT,232802,0,0,24,8
4,12,3.256886e6,-1.5770671470017485,-0.9652713506234872,TIME_LIMIT,232849,0,0,17,2
4,12,3.257461e6,-1.5770671470017485,-0.9652713506234872,TIME_LIMIT,232871,0,0,34,47
4,12,3.258002e6,-1.577056445547418,-0.9652713506234872,TIME_LIMIT,232923,0,0,34,11
4,12,3.25858e6,-1.577056445547418,-0.9652713506234872,TIME_LIMIT,232952,0,0,35,17
4,12,3.259119e6,-1.5770521737851653,-0.9652713506234872,TIME_LIMIT,233005,0,0,34,9
4,12,3.259662e6,-1.5770521737851653,-0.9652713506234872,TIME_LIMIT,233035,0,0,37,18
4,12,3.260202e6,-1.5770473324300804,-0.9652713506234872,TIME_LIMIT,233080,0,0,22,12
4,12,3.260741e6,-1.5770473324300804,-0.9652713506234872,TIME_LIMIT,233113,0,0,44,17
4,12,3.261282e6,-1.5770465675842418,-0.9652713506234872,TIME_LIMIT,233161,0,0,27,13
4,12,3.261857e6,-1.5770465675842418,-0.9652713506234872,TIME_LIMIT,233186,0,0,38,39
4,12,3.262433e6,-1.5770425342598704,-0.9652713506234872,TIME_LIMIT,233240,0,0,36,11
4,12,3.262971e6,-1.5770425342598704,-0.9652713506234872,TIME_LIMIT,233270,0,0,35,14
4,12,3.263466e6,-1.577031412881414,-0.9652713506234872,TIME_LIMIT,233311,0,0,32,4
4,12,3.264006e6,-1.577031412881414,-0.9652713506234872,TIME_LIMIT,233347,0,0,18,9
4,12,3.264531e6,-1.5770144872437393,-0.9652713506234872,TIME_LIMIT,233391,0,0,37,11
4,12,3.265073e6,-1.5770144872437393,-0.9652713506234872,TIME_LIMIT,233418,0,0,35,22
4,12,3.26561e6,-1.576999766632465,-0.9652713506234872,TIME_LIMIT,233470,0,0,29,17
4,12,3.266155e6,-1.576999766632465,-0.9652713506234872,TIME_LIMIT,233504,0,0,36,52
4,12,3.266729e6,-1.5769907348844783,-0.9652713506234872,TIME_LIMIT,233557,0,0,32,10
4,12,3.26727e6,-1.5769907348844783,-0.9652713506234872,TIME_LIMIT,233585,0,0,31,29
4,12,3.267812e6,-1.576987123965561,-0.9652713506234872,TIME_LIMIT,233634,0,0,35,15
4,12,3.268354e6,-1.576987123965561,-0.9652713506234872,TIME_LIMIT,233669,0,0,33,20
4,12,3.268893e6,-1.5769829704033242,-0.9652713506234872,TIME_LIMIT,233717,0,0,29,10
4,12,3.269436e6,-1.5769829704033242,-0.9652713506234872,TIME_LIMIT,233749,0,0,44,33
4,12,3.269977e6,-1.5769684235417538,-0.9652713506234872,TIME_LIMIT,233798,0,0,25,13
4,12,3.270551e6,-1.5769684235417538,-0.9652713506234872,TIME_LIMIT,233826,0,0,44,34
4,12,3.271094e6,-1.5769659257846322,-0.9652713506234872,TIME_LIMIT,233881,0,0,41,18
4,12,3.271636e6,-1.5769659257846322,-0.9652713506234872,TIME_LIMIT,233911,0,0,39,39
4,12,3.272177e6,-1.5769364586241943,-0.9652713506234872,TIME_LIMIT,233961,0,0,32,8
4,12,3.272718e6,-1.5769364586241943,-0.9652713506234872,TIME_LIMIT,233993,0,0,41,18
4,12,3.273239e6,-1.5768998764127904,-0.9652713506234872,TIME_LIMIT,234050,0,0,39,19
4,12,3.273781e6,-1.5768998764127904,-0.9652713506234872,TIME_LIMIT,234082,0,0,46,43
4,12,3.274323e6,-1.5768771751764434,-0.9652713506234872,TIME_LIMIT,234141,0,0,33,19
4,12,3.274897e6,-1.5768771751764434,-0.9652713506234872,TIME_LIMIT,234170,0,0,33,22
4,12,3.275438e6,-1.5768595560766914,-0.9652713506234872,TIME_LIMIT,234220,0,0,25,13
4,12,3.275974e6,-1.5768595560766914,-0.9652713506234872,TIME_LIMIT,234249,0,0,29,21
4,12,3.276515e6,-1.5768578312259032,-0.9652713506234872,TIME_LIMIT,234295,0,0,28,11
4,12,3.277061e6,-1.5768578312259032,-0.9652713506234872,TIME_LIMIT,234323,0,0,42,19
4,12,3.277609e6,-1.5768269357183051,-0.9652713506234872,TIME_LIMIT,234370,0,0,16,9
4,12,3.278149e6,-1.5768269357183051,-0.9652713506234872,TIME_LIMIT,234408,0,0,43,33
4,12,3.278721e6,-1.5767800343322114,-0.9652713506234872,TIME_LIMIT,234457,0,0,28,20
4,12,3.27926e6,-1.5767800343322114,-0.9652713506234872,TIME_LIMIT,234490,0,0,18,18
4,12,3.279799e6,-1.5767297574583439,-0.9652713506234872,TIME_LIMIT,234542,0,0,32,9
4,12,3.280342e6,-1.5767297574583439,-0.9652713506234872,TIME_LIMIT,234578,0,0,46,43
4,12,3.280886e6,-1.5767134839975065,-0.9652713506234872,TIME_LIMIT,234631,0,0,31,10
4,12,3.281428e6,-1.5767134839975065,-0.9652713506234872,TIME_LIMIT,234663,0,0,42,16
4,12,3.281967e6,-1.5767110847173655,-0.9652713506234872,TIME_LIMIT,234712,0,0,23,10
4,12,3.282551e6,-1.5767110847173655,-0.9652713506234872,TIME_LIMIT,234746,0,0,54,35
4,12,3.283097e6,-1.576699039114946,-0.9652713506234872,TIME_LIMIT,234796,0,0,35,9
4,12,3.283607e6,-1.576699039114946,-0.9652713506234872,TIME_LIMIT,234837,0,0,38,10
4,12,3.284101e6,-1.5766904206399273,-0.9652713506234872,TIME_LIMIT,234873,0,0,37,10
4,12,3.284644e6,-1.5766904206399273,-0.9652713506234872,TIME_LIMIT,234916,0,0,38,23
4,12,3.285185e6,-1.576690235948469,-0.9652713506234872,TIME_LIMIT,234968,0,0,33,15
4,12,3.285728e6,-1.576690235948469,-0.9652713506234872,TIME_LIMIT,234995,0,0,41,64
4,12,3.286273e6,-1.576680259517759,-0.9652713506234872,TIME_LIMIT,235051,0,0,18,14
4,12,3.286814e6,-1.576680259517759,-0.9652713506234872,TIME_LIMIT,235083,0,0,32,27
4,12,3.287353e6,-1.5766776761429953,-0.9652713506234872,TIME_LIMIT,235132,0,0,29,10
4,12,3.287928e6,-1.5766776761429953,-0.9652713506234872,TIME_LIMIT,235173,0,0,45,32
4,12,3.288468e6,-1.5766636803879694,-0.9652713506234872,TIME_LIMIT,235226,0,0,34,8
4,12,3.289011e6,-1.5766636803879694,-0.9652713506234872,TIME_LIMIT,235257,0,0,47,33
4,12,3.289551e6,-1.5766564832103485,-0.9652713506234872,TIME_LIMIT,235313,0,0,17,10
4,12,3.290095e6,-1.5766564832103485,-0.9652713506234872,TIME_LIMIT,235352,0,0,39,30
4,12,3.290636e6,-1.5766148562290834,-0.9652713506234872,TIME_LIMIT,235403,0,0,17,10
4,12,3.291177e6,-1.5766148562290834,-0.9652713506234872,TIME_LIMIT,235437,0,0,47,23
4,12,3.291718e6,-1.576612262903432,-0.9652713506234872,TIME_LIMIT,235492,0,0,21,13
4,12,3.292322e6,-1.576612262903432,-0.9652713506234872,TIME_LIMIT,235518,0,0,35,19
4,12,3.292864e6,-1.5765945423781758,-0.9652713506234872,TIME_LIMIT,235561,0,0,29,12
4,12,3.293406e6,-1.5765945423781758,-0.9652713506234872,TIME_LIMIT,235584,0,0,42,48
4,12,3.29395e6,-1.576574263729677,-0.9652713506234872,TIME_LIMIT,235633,0,0,32,15
4,12,3.294497e6,-1.576574263729677,-0.9652713506234872,TIME_LIMIT,235668,0,0,43,14
4,12,3.295042e6,-1.5765662489972811,-0.9652713506234872,TIME_LIMIT,235720,0,0,31,8
4,12,3.295586e6,-1.5765662489972811,-0.9652713506234872,TIME_LIMIT,235757,0,0,17,21
4,12,3.296201e6,-1.576543063179393,-0.9652713506234872,TIME_LIMIT,235811,0,0,25,13
4,12,3.296752e6,-1.576543063179393,-0.9652713506234872,TIME_LIMIT,235843,0,0,42,32
4,12,3.297298e6,-1.57653183641593,-0.9652713506234872,TIME_LIMIT,235894,0,0,31,13
4,12,3.297842e6,-1.57653183641593,-0.9652713506234872,TIME_LIMIT,235932,0,0,22,35
4,12,3.29839e6,-1.5765231335025727,-0.9652713506234872,TIME_LIMIT,235980,0,0,25,16
4,12,3.298936e6,-1.5765231335025727,-0.9652713506234872,TIME_LIMIT,236012,0,0,47,25
4,12,3.299479e6,-1.576508959211916,-0.9652713506234872,TIME_LIMIT,236065,0,0,32,22
4,12,3.300093e6,-1.576508959211916,-0.9652713506234872,TIME_LIMIT,236096,0,0,35,23
4,12,3.300636e6,-1.5765068292664879,-0.9652713506234872,TIME_LIMIT,236145,0,0,30,11
4,12,3.301183e6,-1.5765068292664879,-0.9652713506234872,TIME_LIMIT,236179,0,0,39,23
4,12,3.301731e6,-1.576497032597925,-0.9652713506234872,TIME_LIMIT,236234,0,0,28,16
4,12,3.302277e6,-1.576497032597925,-0.9652713506234872,TIME_LIMIT,236261,0,0,36,29
4,12,3.302822e6,-1.5764871305521089,-0.9652713506234872,TIME_LIMIT,236310,0,0,34,17
4,12,3.303381e6,-1.5764871305521089,-0.9652713506234872,TIME_LIMIT,236339,0,0,40,22
4,12,3.303952e6,-1.5764864955866096,-0.9652713506234872,TIME_LIMIT,236391,0,0,17,4
4,12,3.304531e6,-1.5764864955866096,-0.9652713506234872,TIME_LIMIT,236424,0,0,35,18
4,12,3.305079e6,-1.57644856263992,-0.9652713506234872,TIME_LIMIT,236470,0,0,31,14
4,12,3.305625e6,-1.57644856263992,-0.9652713506234872,TIME_LIMIT,236505,0,0,49,34
4,12,3.306172e6,-1.5764449300763332,-0.9652713506234872,TIME_LIMIT,236558,0,0,16,4
4,12,3.306719e6,-1.5764449300763332,-0.9652713506234872,TIME_LIMIT,236590,0,0,13,10
4,12,3.307263e6,-1.5764358462704409,-0.9652713506234872,TIME_LIMIT,236633,0,0,35,22
4,12,3.307807e6,-1.5764358462704409,-0.9652713506234872,TIME_LIMIT,236657,0,0,34,14
4,12,3.308387e6,-1.5764227871611174,-0.9652713506234872,TIME_LIMIT,236711,0,0,27,12
4,12,3.308929e6,-1.5764227871611174,-0.9652713506234872,TIME_LIMIT,236739,0,0,17,18
4,12,3.309473e6,-1.5764220418346935,-0.9652713506234872,TIME_LIMIT,236789,0,0,28,6
4,12,3.310018e6,-1.5764220418346935,-0.9652713506234872,TIME_LIMIT,236819,0,0,34,23
4,12,3.310562e6,-1.5763867013101434,-0.9652713506234872,TIME_LIMIT,236872,0,0,37,12
4,12,3.311108e6,-1.5763867013101434,-0.9652713506234872,TIME_LIMIT,236900,0,0,41,20
4,12,3.311654e6,-1.5763662606341098,-0.9652713506234872,TIME_LIMIT,236949,0,0,28,8
4,12,3.312199e6,-1.5763662606341098,-0.9652713506234872,TIME_LIMIT,236984,0,0,39,26
4,12,3.312775e6,-1.5763486993785996,-0.9652713506234872,TIME_LIMIT,237043,0,0,28,7
4,12,3.313321e6,-1.5763486993785996,-0.9652713506234872,TIME_LIMIT,237074,0,0,39,19
4,12,3.313867e6,-1.5763094050885136,-0.9652713506234872,TIME_LIMIT,237129,0,0,37,15
4,12,3.314415e6,-1.5763094050885136,-0.9652713506234872,TIME_LIMIT,237161,0,0,41,21
4,12,3.314958e6,-1.5762971569443007,-0.9652713506234872,TIME_LIMIT,237212,0,0,34,7
4,12,3.315503e6,-1.5762971569443007,-0.9652713506234872,TIME_LIMIT,237243,0,0,37,12
4,12,3.316047e6,-1.5762967590542463,-0.9652713506234872,TIME_LIMIT,237287,0,0,27,11
4,12,3.316485e6,-1.5762967590542463,-0.9652713506234872,TIME_LIMIT,237326,0,0,40,18
4,12,3.317028e6,-1.57629136616365,-0.9652713506234872,TIME_LIMIT,237379,0,0,35,15
4,12,3.317573e6,-1.57629136616365,-0.9652713506234872,TIME_LIMIT,237410,0,0,30,16
4,12,3.318118e6,-1.5762843050290416,-0.9652713506234872,TIME_LIMIT,237452,0,0,18,11
4,12,3.318696e6,-1.5762843050290416,-0.9652713506234872,TIME_LIMIT,237478,0,0,30,38
4,12,3.319239e6,-1.5762804987889512,-0.9652713506234872,TIME_LIMIT,237529,0,0,31,7
4,12,3.319786e6,-1.5762804987889512,-0.9652713506234872,TIME_LIMIT,237564,0,0,42,40
4,12,3.320327e6,-1.5762629918908668,-0.9652713506234872,TIME_LIMIT,237613,0,0,25,11
4,12,3.320872e6,-1.5762629918908668,-0.9652713506234872,TIME_LIMIT,237641,0,0,41,50
4,12,3.321415e6,-1.5762497900007713,-0.9652713506234872,TIME_LIMIT,237698,0,0,38,12
4,12,3.321957e6,-1.5762497900007713,-0.9652713506234872,TIME_LIMIT,237732,0,0,34,12
4,12,3.322503e6,-1.5762322699974893,-0.9652713506234872,TIME_LIMIT,237776,0,0,29,13
4,12,3.323077e6,-1.5762322699974893,-0.9652713506234872,TIME_LIMIT,237808,0,0,34,18
4,12,3.32362e6,-1.576228013387141,-0.9652713506234872,TIME_LIMIT,237854,0,0,17,4
4,12,3.324165e6,-1.576228013387141,-0.9652713506234872,TIME_LIMIT,237886,0,0,21,25
4,12,3.324709e6,-1.5762056466355143,-0.9652713506234872,TIME_LIMIT,237938,0,0,28,18
4,12,3.325253e6,-1.5762056466355143,-0.9652713506234872,TIME_LIMIT,237965,0,0,39,36
4,12,3.325798e6,-1.576138737368812,-0.9652713506234872,TIME_LIMIT,238011,0,0,27,19
4,12,3.326345e6,-1.576138737368812,-0.9652713506234872,TIME_LIMIT,238051,0,0,42,18
4,12,3.326931e6,-1.5761151497906505,-0.9652713506234872,TIME_LIMIT,238106,0,0,35,7
4,12,3.327479e6,-1.5761151497906505,-0.9652713506234872,TIME_LIMIT,238142,0,0,37,19
4,12,3.328023e6,-1.5760953284329429,-0.9652713506234872,TIME_LIMIT,238194,0,0,32,9
4,12,3.328585e6,-1.5760953284329429,-0.9652713506234872,TIME_LIMIT,238229,0,0,45,41
4,12,3.329139e6,-1.5760915686825294,-0.9652713506234872,TIME_LIMIT,238284,0,0,29,15
4,12,3.329688e6,-1.5760915686825294,-0.9652713506234872,TIME_LIMIT,238314,0,0,19,10
4,12,3.330242e6,-1.5760858298318041,-0.9652713506234872,TIME_LIMIT,238365,0,0,27,13
4,12,3.330779e6,-1.5760858298318041,-0.9652713506234872,TIME_LIMIT,238397,0,0,39,18
4,12,3.331331e6,-1.5760829196371808,-0.9652713506234872,TIME_LIMIT,238445,0,0,25,11
4,12,3.33192e6,-1.5760829196371808,-0.9652713506234872,TIME_LIMIT,238473,0,0,41,37
4,12,3.332475e6,-1.5760230441294438,-0.9652713506234872,TIME_LIMIT,238522,0,0,31,12
4,12,3.333025e6,-1.5760230441294438,-0.9652713506234872,TIME_LIMIT,238554,0,0,27,28
4,12,3.333607e6,-1.5760141258744427,-0.9652713506234872,TIME_LIMIT,238610,0,0,33,11
4,12,3.334162e6,-1.5760141258744427,-0.9652713506234872,TIME_LIMIT,238640,0,0,38,18
4,12,3.334705e6,-1.5759887016849914,-0.9652713506234872,TIME_LIMIT,238694,0,0,36,10
4,12,3.335246e6,-1.5759887016849914,-0.9652713506234872,TIME_LIMIT,238724,0,0,33,27
4,12,3.335823e6,-1.5759650180956604,-0.9652713506234872,TIME_LIMIT,238774,0,0,31,12
4,12,3.336369e6,-1.5759650180956604,-0.9652713506234872,TIME_LIMIT,238805,0,0,33,19
4,12,3.336918e6,-1.5759469413235119,-0.9652713506234872,TIME_LIMIT,238859,0,0,33,12
4,12,3.337497e6,-1.5759469413235119,-0.9652713506234872,TIME_LIMIT,238894,0,0,26,21
4,12,3.338038e6,-1.5759414733189958,-0.9652713506234872,TIME_LIMIT,238943,0,0,25,9
4,12,3.338579e6,-1.5759414733189958,-0.9652713506234872,TIME_LIMIT,238967,0,0,53,34
4,12,3.339117e6,-1.5759411887465573,-0.9652713506234872,TIME_LIMIT,239014,0,0,24,11
4,12,3.339658e6,-1.5759411887465573,-0.9652713506234872,TIME_LIMIT,239043,0,0,38,21
4,12,3.340231e6,-1.5759304708032713,-0.9652713506234872,TIME_LIMIT,239100,0,0,33,14
4,12,3.340771e6,-1.5759304708032713,-0.9652713506234872,TIME_LIMIT,239128,0,0,30,22
4,12,3.341349e6,-1.5759293972566306,-0.9652713506234872,TIME_LIMIT,239174,0,0,26,15
4,12,3.341892e6,-1.5759293972566306,-0.9652713506234872,TIME_LIMIT,239210,0,0,35,18
4,12,3.342435e6,-1.5759281582278517,-0.9652713506234872,TIME_LIMIT,239262,0,0,33,7
4,12,3.342977e6,-1.5759281582278517,-0.9652713506234872,TIME_LIMIT,239290,0,0,37,50
4,12,3.343517e6,-1.575917381585915,-0.9652713506234872,TIME_LIMIT,239342,0,0,32,18
4,12,3.344055e6,-1.575917381585915,-0.9652713506234872,TIME_LIMIT,239370,0,0,35,23
4,12,3.344627e6,-1.5758976158911953,-0.9652713506234872,TIME_LIMIT,239422,0,0,34,4
4,12,3.345203e6,-1.5758976158911953,-0.9652713506234872,TIME_LIMIT,239453,0,0,43,35
4,12,3.345743e6,-1.5758957147742885,-0.9652713506234872,TIME_LIMIT,239506,0,0,23,13
4,12,3.346288e6,-1.5758957147742885,-0.9652713506234872,TIME_LIMIT,239532,0,0,53,54
4,12,3.346828e6,-1.5758910914952486,-0.9652713506234872,TIME_LIMIT,239583,0,0,30,8
4,12,3.347367e6,-1.5758910914952486,-0.9652713506234872,TIME_LIMIT,239614,0,0,40,20
4,12,3.347906e6,-1.5758910117890133,-0.9652713506234872,TIME_LIMIT,239660,0,0,32,6
4,12,3.348449e6,-1.5758910117890133,-0.9652713506234872,TIME_LIMIT,239693,0,0,37,20
4,12,3.349023e6,-1.5758531821638817,-0.9652713506234872,TIME_LIMIT,239740,0,0,31,15
4,12,3.349566e6,-1.5758531821638817,-0.9652713506234872,TIME_LIMIT,239770,0,0,35,26
4,12,3.350107e6,-1.5758109257355286,-0.9652713506234872,TIME_LIMIT,239816,0,0,26,9
4,12,3.350649e6,-1.5758109257355286,-0.9652713506234872,TIME_LIMIT,239844,0,0,44,34
4,12,3.35119e6,-1.5758064753753793,-0.9652713506234872,TIME_LIMIT,239887,0,0,33,21
4,12,3.351731e6,-1.5758064753753793,-0.9652713506234872,TIME_LIMIT,239919,0,0,45,30
4,12,3.352271e6,-1.5757901180821674,-0.9652713506234872,TIME_LIMIT,239967,0,0,29,5
4,12,3.352812e6,-1.5757901180821674,-0.9652713506234872,TIME_LIMIT,240005,0,0,44,25
4,12,3.353384e6,-1.5757848164230723,-0.9652713506234872,TIME_LIMIT,240053,0,0,24,11
4,12,3.353927e6,-1.5757848164230723,-0.9652713506234872,TIME_LIMIT,240085,0,0,29,46
4,12,3.35447e6,-1.5757794634435638,-0.9652713506234872,TIME_LIMIT,240140,0,0,26,9
4,12,3.355013e6,-1.5757794634435638,-0.9652713506234872,TIME_LIMIT,240174,0,0,43,75
4,12,3.355553e6,-1.575756717808793,-0.9652713506234872,TIME_LIMIT,240235,0,0,35,19
4,12,3.356094e6,-1.575756717808793,-0.9652713506234872,TIME_LIMIT,240272,0,0,55,40
4,12,3.356635e6,-1.5757564142101697,-0.9652713506234872,TIME_LIMIT,240333,0,0,38,17
4,12,3.357174e6,-1.5757564142101697,-0.9652713506234872,TIME_LIMIT,240360,0,0,26,20
4,12,3.35775e6,-1.575735282442414,-0.9652713506234872,TIME_LIMIT,240403,0,0,26,9
4,12,3.358292e6,-1.575735282442414,-0.9652713506234872,TIME_LIMIT,240430,0,0,33,44
4,12,3.358834e6,-1.5757249784506695,-0.9652713506234872,TIME_LIMIT,240473,0,0,26,25
4,12,3.359376e6,-1.5757249784506695,-0.9652713506234872,TIME_LIMIT,240505,0,0,42,21
4,12,3.35992e6,-1.5757232361042082,-0.9652713506234872,TIME_LIMIT,240558,0,0,13,3
4,12,3.360462e6,-1.5757232361042082,-0.9652713506234872,TIME_LIMIT,240588,0,0,27,30
4,12,3.360998e6,-1.5757152112342392,-0.9652713506234872,TIME_LIMIT,240644,0,0,35,8
4,12,3.36154e6,-1.5757152112342392,-0.9652713506234872,TIME_LIMIT,240669,0,0,42,27
4,12,3.362111e6,-1.5757136275866919,-0.9652713506234872,TIME_LIMIT,240721,0,0,33,11
4,12,3.362467e6,-1.5757136275866919,-0.9652713506234872,TIME_LIMIT,240757,0,0,36,24
4,12,3.363003e6,-1.5756993321594532,-0.9652713506234872,TIME_LIMIT,240813,0,0,36,10
4,12,3.363545e6,-1.5756993321594532,-0.9652713506234872,TIME_LIMIT,240839,0,0,24,20
4,12,3.364087e6,-1.575695475659906,-0.9652713506234872,TIME_LIMIT,240888,0,0,31,12
4,12,3.364628e6,-1.575695475659906,-0.9652713506234872,TIME_LIMIT,240917,0,0,34,16
4,12,3.365203e6,-1.575690555229437,-0.9652713506234872,TIME_LIMIT,240961,0,0,29,8
4,12,3.365746e6,-1.575690555229437,-0.9652713506234872,TIME_LIMIT,240997,0,0,43,50
4,12,3.366286e6,-1.57568072279685,-0.9652713506234872,TIME_LIMIT,241041,0,0,24,16
4,12,3.366828e6,-1.57568072279685,-0.9652713506234872,TIME_LIMIT,241067,0,0,26,18
4,12,3.367373e6,-1.5756704723081056,-0.9652713506234872,TIME_LIMIT,241124,0,0,38,8
4,12,3.367916e6,-1.5756704723081056,-0.9652713506234872,TIME_LIMIT,241158,0,0,44,53
4,12,3.368456e6,-1.5756283558606483,-0.9652713506234872,TIME_LIMIT,241214,0,0,32,12
4,12,3.369e6,-1.5756283558606483,-0.9652713506234872,TIME_LIMIT,241246,0,0,43,36
4,12,3.369573e6,-1.5756208780034577,-0.9652713506234872,TIME_LIMIT,241302,0,0,32,14
4,12,3.370118e6,-1.5756208780034577,-0.9652713506234872,TIME_LIMIT,241338,0,0,37,28
4,12,3.370658e6,-1.5756050794265595,-0.9652713506234872,TIME_LIMIT,241396,0,0,35,15
4,12,3.371205e6,-1.5756050794265595,-0.9652713506234872,TIME_LIMIT,241429,0,0,43,27
4,12,3.371748e6,-1.575564794741031,-0.9652713506234872,TIME_LIMIT,241479,0,0,32,10
4,12,3.372291e6,-1.575564794741031,-0.9652713506234872,TIME_LIMIT,241507,0,0,32,30
4,12,3.372831e6,-1.5755464611411112,-0.9652713506234872,TIME_LIMIT,241559,0,0,31,16
4,12,3.373372e6,-1.5755464611411112,-0.9652713506234872,TIME_LIMIT,241589,0,0,40,25
4,12,3.373946e6,-1.5755430413634937,-0.9652713506234872,TIME_LIMIT,241635,0,0,25,7
4,12,3.374491e6,-1.5755430413634937,-0.9652713506234872,TIME_LIMIT,241668,0,0,23,21
4,12,3.375054e6,-1.5755063445401893,-0.9652713506234872,TIME_LIMIT,241720,0,0,12,6
4,12,3.375598e6,-1.5755063445401893,-0.9652713506234872,TIME_LIMIT,241747,0,0,37,30
4,12,3.376142e6,-1.5754903131518552,-0.9652713506234872,TIME_LIMIT,241800,0,0,31,10
4,12,3.376682e6,-1.5754903131518552,-0.9652713506234872,TIME_LIMIT,241834,0,0,41,30
4,12,3.377224e6,-1.575472369095614,-0.9652713506234872,TIME_LIMIT,241893,0,0,34,15
4,12,3.377768e6,-1.575472369095614,-0.9652713506234872,TIME_LIMIT,241927,0,0,43,31
4,12,3.378341e6,-1.5754504483404812,-0.9652713506234872,TIME_LIMIT,241986,0,0,32,9
4,12,3.378918e6,-1.5754504483404812,-0.9652713506234872,TIME_LIMIT,242023,0,0,48,20
4,12,3.379458e6,-1.5754434215353457,-0.9652713506234872,TIME_LIMIT,242073,0,0,32,9
4,12,3.379999e6,-1.5754434215353457,-0.9652713506234872,TIME_LIMIT,242104,0,0,33,13
4,12,3.380541e6,-1.5754386607034583,-0.9652713506234872,TIME_LIMIT,242151,0,0,31,8
4,12,3.381083e6,-1.5754386607034583,-0.9652713506234872,TIME_LIMIT,242177,0,0,36,35
4,12,3.381623e6,-1.575430079615441,-0.9652713506234872,TIME_LIMIT,242225,0,0,28,17
4,12,3.382162e6,-1.575430079615441,-0.9652713506234872,TIME_LIMIT,242254,0,0,35,28
4,12,3.382741e6,-1.5754248349673146,-0.9652713506234872,TIME_LIMIT,242299,0,0,21,4
4,12,3.383166e6,-1.5754248349673146,-0.9652713506234872,TIME_LIMIT,242329,0,0,18,15
4,12,3.383707e6,-1.5754238294476728,-0.9652713506234872,TIME_LIMIT,242375,0,0,28,9
4,12,3.384248e6,-1.5754238294476728,-0.9652713506234872,TIME_LIMIT,242404,0,0,40,35
4,12,3.384789e6,-1.5754124762080988,-0.9652713506234872,TIME_LIMIT,242455,0,0,19,10
4,12,3.385362e6,-1.5754124762080988,-0.9652713506234872,TIME_LIMIT,242487,0,0,41,30
4,12,3.385906e6,-1.5754112971627268,-0.9652713506234872,TIME_LIMIT,242540,0,0,29,20
4,12,3.386486e6,-1.5754112971627268,-0.9652713506234872,TIME_LIMIT,242563,0,0,22,24
4,12,3.386961e6,-1.5754021225338577,-0.9652713506234872,TIME_LIMIT,242618,0,0,33,8
4,12,3.3875e6,-1.5754021225338577,-0.9652713506234872,TIME_LIMIT,242650,0,0,40,15
4,12,3.388042e6,-1.5753999565159131,-0.9652713506234872,TIME_LIMIT,242703,0,0,32,11
4,12,3.388585e6,-1.5753999565159131,-0.9652713506234872,TIME_LIMIT,242747,0,0,41,22
4,12,3.389129e6,-1.575393991855068,-0.9652713506234872,TIME_LIMIT,242783,0,0,35,36
4,12,3.389669e6,-1.575393991855068,-0.9652713506234872,TIME_LIMIT,242822,0,0,43,23
4,12,3.39021e6,-1.5753734804931434,-0.9652713506234872,TIME_LIMIT,242862,0,0,41,11
4,12,3.390752e6,-1.5753734804931434,-0.9652713506234872,TIME_LIMIT,242891,0,0,40,29
4,12,3.391327e6,-1.5753702477949902,-0.9652713506234872,TIME_LIMIT,242945,0,0,32,13
4,12,3.391867e6,-1.5753702477949902,-0.9652713506234872,TIME_LIMIT,242978,0,0,48,21
4,12,3.39241e6,-1.5753700739340615,-0.9652713506234872,TIME_LIMIT,243026,0,0,29,11
4,12,3.392952e6,-1.5753700739340615,-0.9652713506234872,TIME_LIMIT,243057,0,0,40,30
4,12,3.393493e6,-1.5753348773629152,-0.9652713506234872,TIME_LIMIT,243100,0,0,25,13
4,12,3.394034e6,-1.5753348773629152,-0.9652713506234872,TIME_LIMIT,243134,0,0,40,25
4,12,3.394573e6,-1.5753344082943816,-0.9652713506234872,TIME_LIMIT,243184,0,0,24,11
4,12,3.395113e6,-1.5753344082943816,-0.9652713506234872,TIME_LIMIT,243213,0,0,39,26
4,12,3.395654e6,-1.575332283242307,-0.9652713506234872,TIME_LIMIT,243261,0,0,34,14
4,12,3.396229e6,-1.575332283242307,-0.9652713506234872,TIME_LIMIT,243291,0,0,38,18
4,12,3.396771e6,-1.5753255890822686,-0.9652713506234872,TIME_LIMIT,243343,0,0,29,11
4,12,3.39729e6,-1.5753255890822686,-0.9652713506234872,TIME_LIMIT,243380,0,0,39,26
4,12,3.397788e6,-1.5753059174248853,-0.9652713506234872,TIME_LIMIT,243431,0,0,33,6
4,12,3.39833e6,-1.5753059174248853,-0.9652713506234872,TIME_LIMIT,243461,0,0,43,35
4,12,3.398873e6,-1.5752939435751834,-0.9652713506234872,TIME_LIMIT,243510,0,0,31,20
4,12,3.399415e6,-1.5752939435751834,-0.9652713506234872,TIME_LIMIT,243548,0,0,48,21
4,12,3.399956e6,-1.575270073418416,-0.9652713506234872,TIME_LIMIT,243600,0,0,35,7
4,12,3.400496e6,-1.575270073418416,-0.9652713506234872,TIME_LIMIT,243626,0,0,42,35
4,12,3.401036e6,-1.5752590851300587,-0.9652713506234872,TIME_LIMIT,243679,0,0,35,12
4,12,3.401576e6,-1.5752590851300587,-0.9652713506234872,TIME_LIMIT,243708,0,0,30,38
4,12,3.402149e6,-1.5752512424562304,-0.9652713506234872,TIME_LIMIT,243760,0,0,34,8
4,12,3.402692e6,-1.5752512424562304,-0.9652713506234872,TIME_LIMIT,243794,0,0,37,20
4,12,3.403235e6,-1.5752407930490784,-0.9652713506234872,TIME_LIMIT,243845,0,0,30,6
4,12,3.403681e6,-1.5752407930490784,-0.9652713506234872,TIME_LIMIT,243883,0,0,36,18
4,12,3.404196e6,-1.5752370097474342,-0.9652713506234872,TIME_LIMIT,243938,0,0,32,12
4,12,3.404736e6,-1.5752370097474342,-0.9652713506234872,TIME_LIMIT,243959,0,0,40,35
4,12,3.405276e6,-1.5752356854963832,-0.9652713506234872,TIME_LIMIT,244012,0,0,33,10
4,12,3.405818e6,-1.5752356854963832,-0.9652713506234872,TIME_LIMIT,244040,0,0,37,19
4,12,3.406359e6,-1.575222999209921,-0.9652713506234872,TIME_LIMIT,244087,0,0,29,9
4,12,3.4069e6,-1.575222999209921,-0.9652713506234872,TIME_LIMIT,244118,0,0,42,34
4,12,3.40744e6,-1.5751948272374914,-0.9652713506234872,TIME_LIMIT,244173,0,0,35,11
4,12,3.407985e6,-1.5751948272374914,-0.9652713506234872,TIME_LIMIT,244201,0,0,52,51
4,12,3.408529e6,-1.5751781087004202,-0.9652713506234872,TIME_LIMIT,244257,0,0,38,20
4,12,3.409111e6,-1.5751781087004202,-0.9652713506234872,TIME_LIMIT,244294,0,0,45,25
4,12,3.409653e6,-1.5751669453193111,-0.9652713506234872,TIME_LIMIT,244351,0,0,39,12
4,12,3.410198e6,-1.5751669453193111,-0.9652713506234872,TIME_LIMIT,244380,0,0,44,29
4,12,3.410737e6,-1.5751481551015356,-0.9652713506234872,TIME_LIMIT,244433,0,0,35,5
4,12,3.41128e6,-1.5751481551015356,-0.9652713506234872,TIME_LIMIT,244461,0,0,19,31
4,12,3.411821e6,-1.5751007786891682,-0.9652713506234872,TIME_LIMIT,244511,0,0,23,13
4,12,3.412364e6,-1.5751007786891682,-0.9652713506234872,TIME_LIMIT,244539,0,0,36,22
4,12,3.412908e6,-1.575099618527507,-0.9652713506234872,TIME_LIMIT,244589,0,0,29,15
4,12,3.413483e6,-1.575099618527507,-0.9652713506234872,TIME_LIMIT,244619,0,0,35,15
4,12,3.414025e6,-1.575083668417246,-0.9652713506234872,TIME_LIMIT,244676,0,0,29,13
4,12,3.41457e6,-1.575083668417246,-0.9652713506234872,TIME_LIMIT,244704,0,0,47,56
4,12,3.415111e6,-1.575083668417246,-0.9652713506234872,TIME_LIMIT,244750,0,0,32,22
4,12,3.415654e6,-1.575083668417246,-0.9652713506234872,TIME_LIMIT,244785,0,0,24,17
4,12,3.416214e6,-1.5750711354430822,-0.9652713506234872,TIME_LIMIT,244836,0,0,32,13
4,12,3.416756e6,-1.5750711354430822,-0.9652713506234872,TIME_LIMIT,244859,0,0,33,21
4,12,3.417287e6,-1.575047298323078,-0.9652713506234872,TIME_LIMIT,244911,0,0,30,5
4,12,3.417829e6,-1.575047298323078,-0.9652713506234872,TIME_LIMIT,244942,0,0,36,28
4,12,3.418401e6,-1.5750425092250204,-0.9652713506234872,TIME_LIMIT,244992,0,0,30,11
4,12,3.418943e6,-1.5750425092250204,-0.9652713506234872,TIME_LIMIT,245022,0,0,39,27
4,12,3.419484e6,-1.5750352348028078,-0.9652713506234872,TIME_LIMIT,245073,0,0,26,17
4,12,3.420056e6,-1.5750352348028078,-0.9652713506234872,TIME_LIMIT,245104,0,0,50,35
4,12,3.420603e6,-1.5750329924425552,-0.9652713506234872,TIME_LIMIT,245162,0,0,34,20
4,12,3.421144e6,-1.5750329924425552,-0.9652713506234872,TIME_LIMIT,245196,0,0,30,23
4,12,3.421685e6,-1.5750161623637464,-0.9652713506234872,TIME_LIMIT,245237,0,0,30,12
4,12,3.422229e6,-1.5750161623637464,-0.9652713506234872,TIME_LIMIT,245271,0,0,48,46
4,12,3.422771e6,-1.575008393426427,-0.9652713506234872,TIME_LIMIT,245324,0,0,30,8
4,12,3.423344e6,-1.575008393426427,-0.9652713506234872,TIME_LIMIT,245358,0,0,32,12
4,12,3.42392e6,-1.5750048959622454,-0.9652713506234872,TIME_LIMIT,245400,0,0,36,17
4,12,3.424281e6,-1.5750048959622454,-0.9652713506234872,TIME_LIMIT,245432,0,0,41,39
4,12,3.424824e6,-1.5749839215108206,-0.9652713506234872,TIME_LIMIT,245484,0,0,31,13
4,12,3.425366e6,-1.5749839215108206,-0.9652713506234872,TIME_LIMIT,245514,0,0,37,21
4,12,3.425905e6,-1.5749748416945724,-0.9652713506234872,TIME_LIMIT,245563,0,0,28,13
4,12,3.426366e6,-1.5749748416945724,-0.9652713506234872,TIME_LIMIT,245600,0,0,38,18
4,12,3.426905e6,-1.5749730315294759,-0.9652713506234872,TIME_LIMIT,245650,0,0,27,8
4,12,3.427475e6,-1.5749730315294759,-0.9652713506234872,TIME_LIMIT,245681,0,0,19,21
4,12,3.427994e6,-1.5749715153376396,-0.9652713506234872,TIME_LIMIT,245736,0,0,32,4
4,12,3.42857e6,-1.5749715153376396,-0.9652713506234872,TIME_LIMIT,245760,0,0,35,24
4,12,3.429112e6,-1.574960011513564,-0.9652713506234872,TIME_LIMIT,245822,0,0,34,8
4,12,3.429655e6,-1.574960011513564,-0.9652713506234872,TIME_LIMIT,245864,0,0,40,18
4,12,3.430194e6,-1.5749421315015428,-0.9652713506234872,TIME_LIMIT,245916,0,0,31,13
4,12,3.430737e6,-1.5749421315015428,-0.9652713506234872,TIME_LIMIT,245946,0,0,35,18
4,12,3.431186e6,-1.5749312048728272,-0.9652713506234872,TIME_LIMIT,245994,0,0,31,12
4,12,3.431729e6,-1.5749312048728272,-0.9652713506234872,TIME_LIMIT,246028,0,0,35,21
4,12,3.432272e6,-1.5749279129703397,-0.9652713506234872,TIME_LIMIT,246085,0,0,28,10
4,12,3.432816e6,-1.5749279129703397,-0.9652713506234872,TIME_LIMIT,246119,0,0,44,40
4,12,3.433357e6,-1.5748933228256743,-0.9652713506234872,TIME_LIMIT,246167,0,0,33,12
4,12,3.433899e6,-1.5748933228256743,-0.9652713506234872,TIME_LIMIT,246191,0,0,31,20
4,12,3.43444e6,-1.5748835737199927,-0.9652713506234872,TIME_LIMIT,246243,0,0,29,12
4,12,3.434983e6,-1.5748835737199927,-0.9652713506234872,TIME_LIMIT,246269,0,0,32,33
4,12,3.435558e6,-1.574853758492195,-0.9652713506234872,TIME_LIMIT,246322,0,0,32,11
4,12,3.4361e6,-1.574853758492195,-0.9652713506234872,TIME_LIMIT,246351,0,0,42,18
4,12,3.436642e6,-1.5748229864767462,-0.9652713506234872,TIME_LIMIT,246403,0,0,27,13
4,12,3.437182e6,-1.5748229864767462,-0.9652713506234872,TIME_LIMIT,246433,0,0,26,20
4,12,3.437723e6,-1.5748048645165171,-0.9652713506234872,TIME_LIMIT,246479,0,0,28,15
4,12,3.438263e6,-1.5748048645165171,-0.9652713506234872,TIME_LIMIT,246519,0,0,27,12
4,12,3.438803e6,-1.5747633373987922,-0.9652713506234872,TIME_LIMIT,246557,0,0,33,15
4,12,3.439347e6,-1.5747633373987922,-0.9652713506234872,TIME_LIMIT,246585,0,0,47,49
4,12,3.439888e6,-1.5747423122316895,-0.9652713506234872,TIME_LIMIT,246643,0,0,33,13
4,12,3.440464e6,-1.5747423122316895,-0.9652713506234872,TIME_LIMIT,246677,0,0,41,23
4,12,3.441006e6,-1.5747397909486474,-0.9652713506234872,TIME_LIMIT,246726,0,0,26,11
4,12,3.441551e6,-1.5747397909486474,-0.9652713506234872,TIME_LIMIT,246756,0,0,48,48
4,12,3.442093e6,-1.5747215152723195,-0.9652713506234872,TIME_LIMIT,246807,0,0,29,8
4,12,3.442637e6,-1.5747215152723195,-0.9652713506234872,TIME_LIMIT,246841,0,0,38,24
4,12,3.443178e6,-1.5747043223353878,-0.9652713506234872,TIME_LIMIT,246892,0,0,31,5
4,12,3.443721e6,-1.5747043223353878,-0.9652713506234872,TIME_LIMIT,246929,0,0,45,41
4,12,3.444262e6,-1.5746960833606316,-0.9652713506234872,TIME_LIMIT,246981,0,0,31,24
4,12,3.444838e6,-1.5746960833606316,-0.9652713506234872,TIME_LIMIT,247009,0,0,26,26
4,12,3.44538e6,-1.574665012795933,-0.9652713506234872,TIME_LIMIT,247061,0,0,18,8
4,12,3.445921e6,-1.574665012795933,-0.9652713506234872,TIME_LIMIT,247091,0,0,34,33
4,12,3.446466e6,-1.5746500155744774,-0.9652713506234872,TIME_LIMIT,247146,0,0,28,13
4,12,3.447009e6,-1.5746500155744774,-0.9652713506234872,TIME_LIMIT,247180,0,0,45,42
4,12,3.447551e6,-1.5746414981006218,-0.9652713506234872,TIME_LIMIT,247225,0,0,33,24
4,12,3.448094e6,-1.5746414981006218,-0.9652713506234872,TIME_LIMIT,247256,0,0,50,50
4,12,3.448636e6,-1.5746409109185922,-0.9652713506234872,TIME_LIMIT,247308,0,0,35,21
4,12,3.449176e6,-1.5746409109185922,-0.9652713506234872,TIME_LIMIT,247341,0,0,30,22
4,12,3.449749e6,-1.5746315997333449,-0.9652713506234872,TIME_LIMIT,247395,0,0,33,14
4,12,3.450129e6,-1.5746315997333449,-0.9652713506234872,TIME_LIMIT,247427,0,0,33,24
4,12,3.450635e6,-1.5746278898619168,-0.9652713506234872,TIME_LIMIT,247479,0,0,32,11
4,12,3.451178e6,-1.5746278898619168,-0.9652713506234872,TIME_LIMIT,247520,0,0,27,48
4,12,3.451717e6,-1.5746230286154177,-0.9652713506234872,TIME_LIMIT,247573,0,0,35,11
4,12,3.452261e6,-1.5746230286154177,-0.9652713506234872,TIME_LIMIT,247603,0,0,32,16
4,12,3.452712e6,-1.5746223003160216,-0.9652713506234872,TIME_LIMIT,247659,0,0,30,8
4,12,3.453252e6,-1.5746223003160216,-0.9652713506234872,TIME_LIMIT,247686,0,0,43,41
4,12,3.453796e6,-1.574607448194087,-0.9652713506234872,TIME_LIMIT,247734,0,0,31,8
4,12,3.45434e6,-1.574607448194087,-0.9652713506234872,TIME_LIMIT,247761,0,0,55,56
4,12,3.454883e6,-1.5746029720704224,-0.9652713506234872,TIME_LIMIT,247818,0,0,29,15
4,12,3.455458e6,-1.5746029720704224,-0.9652713506234872,TIME_LIMIT,247848,0,0,33,25
4,12,3.455999e6,-1.5745874626854317,-0.9652713506234872,TIME_LIMIT,247893,0,0,23,16
4,12,3.45654e6,-1.5745874626854317,-0.9652713506234872,TIME_LIMIT,247926,0,0,41,24
4,12,3.457077e6,-1.5745422781369698,-0.9652713506234872,TIME_LIMIT,247968,0,0,29,3
4,12,3.45764e6,-1.5745422781369698,-0.9652713506234872,TIME_LIMIT,248000,0,0,44,39
4,12,3.45818e6,-1.5745380316179298,-0.9652713506234872,TIME_LIMIT,248054,0,0,35,9
4,12,3.458723e6,-1.5745380316179298,-0.9652713506234872,TIME_LIMIT,248087,0,0,48,40
4,12,3.459264e6,-1.5745242444831182,-0.9652713506234872,TIME_LIMIT,248145,0,0,36,10
4,12,3.459806e6,-1.5745242444831182,-0.9652713506234872,TIME_LIMIT,248177,0,0,25,32
4,12,3.460379e6,-1.5745139444614251,-0.9652713506234872,TIME_LIMIT,248230,0,0,33,10
4,12,3.460921e6,-1.5745139444614251,-0.9652713506234872,TIME_LIMIT,248262,0,0,39,33
4,12,3.461497e6,-1.574513657563055,-0.9652713506234872,TIME_LIMIT,248311,0,0,27,7
4,12,3.462039e6,-1.574513657563055,-0.9652713506234872,TIME_LIMIT,248341,0,0,32,21
4,12,3.462582e6,-1.5744606553775653,-0.9652713506234872,TIME_LIMIT,248398,0,0,34,16
4,12,3.463126e6,-1.5744606553775653,-0.9652713506234872,TIME_LIMIT,248427,0,0,28,22
4,12,3.463668e6,-1.5744557008347895,-0.9652713506234872,TIME_LIMIT,248472,0,0,18,9
4,12,3.464212e6,-1.5744557008347895,-0.9652713506234872,TIME_LIMIT,248502,0,0,45,59
4,12,3.464753e6,-1.5744544412906838,-0.9652713506234872,TIME_LIMIT,248554,0,0,36,21
4,12,3.465366e6,-1.5744544412906838,-0.9652713506234872,TIME_LIMIT,248583,0,0,30,12
4,12,3.465906e6,-1.5744493117000937,-0.9652713506234872,TIME_LIMIT,248629,0,0,24,5
4,12,3.46645e6,-1.5744493117000937,-0.9652713506234872,TIME_LIMIT,248658,0,0,46,39
4,12,3.466992e6,-1.5744335276206407,-0.9652713506234872,TIME_LIMIT,248712,0,0,35,15
4,12,3.467536e6,-1.5744335276206407,-0.9652713506234872,TIME_LIMIT,248742,0,0,37,27
4,12,3.468077e6,-1.574428147844069,-0.9652713506234872,TIME_LIMIT,248792,0,0,29,7
4,12,3.46862e6,-1.574428147844069,-0.9652713506234872,TIME_LIMIT,248824,0,0,41,20
4,12,3.469198e6,-1.5743936491491253,-0.9652713506234872,TIME_LIMIT,248880,0,0,34,11
4,12,3.46974e6,-1.5743936491491253,-0.9652713506234872,TIME_LIMIT,248908,0,0,39,24
4,12,3.470314e6,-1.5743843104134523,-0.9652713506234872,TIME_LIMIT,248955,0,0,29,12
4,12,3.470854e6,-1.5743843104134523,-0.9652713506234872,TIME_LIMIT,248999,0,0,41,12
4,12,3.47137e6,-1.5743542026063653,-0.9652713506234872,TIME_LIMIT,249040,0,0,41,9
4,12,3.471911e6,-1.5743542026063653,-0.9652713506234872,TIME_LIMIT,249067,0,0,36,35
4,12,3.472453e6,-1.5742951613694947,-0.9652713506234872,TIME_LIMIT,249116,0,0,29,10
4,12,3.472996e6,-1.5742951613694947,-0.9652713506234872,TIME_LIMIT,249143,0,0,40,42
4,12,3.473541e6,-1.574286981298737,-0.9652713506234872,TIME_LIMIT,249194,0,0,35,9
4,12,3.474084e6,-1.574286981298737,-0.9652713506234872,TIME_LIMIT,249225,0,0,44,17
4,12,3.474625e6,-1.5742753853880127,-0.9652713506234872,TIME_LIMIT,249277,0,0,26,11
4,12,3.475164e6,-1.5742753853880127,-0.9652713506234872,TIME_LIMIT,249319,0,0,32,13
4,12,3.475704e6,-1.574258088471872,-0.9652713506234872,TIME_LIMIT,249350,0,0,30,15
4,12,3.476277e6,-1.574258088471872,-0.9652713506234872,TIME_LIMIT,249378,0,0,38,28
4,12,3.476818e6,-1.5742564919972086,-0.9652713506234872,TIME_LIMIT,249430,0,0,31,11
4,12,3.477362e6,-1.5742564919972086,-0.9652713506234872,TIME_LIMIT,249466,0,0,38,23
4,12,3.477905e6,-1.5742521806022254,-0.9652713506234872,TIME_LIMIT,249515,0,0,32,16
4,12,3.478446e6,-1.5742521806022254,-0.9652713506234872,TIME_LIMIT,249548,0,0,35,32
4,12,3.478986e6,-1.57423651056299,-0.9652713506234872,TIME_LIMIT,249596,0,0,31,9
4,12,3.479529e6,-1.57423651056299,-0.9652713506234872,TIME_LIMIT,249635,0,0,45,22
4,12,3.480072e6,-1.5742280336751562,-0.9652713506234872,TIME_LIMIT,249686,0,0,27,8
4,12,3.480615e6,-1.5742280336751562,-0.9652713506234872,TIME_LIMIT,249713,0,0,31,23
4,12,3.48119e6,-1.5742228192391137,-0.9652713506234872,TIME_LIMIT,249764,0,0,30,4
4,12,3.481733e6,-1.5742228192391137,-0.9652713506234872,TIME_LIMIT,249803,0,0,21,27
4,12,3.482274e6,-1.5741999083184741,-0.9652713506234872,TIME_LIMIT,249835,0,0,41,43
4,12,3.482818e6,-1.5741999083184741,-0.9652713506234872,TIME_LIMIT,249871,0,0,47,21
4,12,3.48336e6,-1.5741894668691472,-0.9652713506234872,TIME_LIMIT,249917,0,0,13,7
4,12,3.483904e6,-1.5741894668691472,-0.9652713506234872,TIME_LIMIT,249946,0,0,36,15
4,12,3.484445e6,-1.5741539068155874,-0.9652713506234872,TIME_LIMIT,249993,0,0,27,8
4,12,3.484973e6,-1.5741539068155874,-0.9652713506234872,TIME_LIMIT,250029,0,0,41,22
4,12,3.485513e6,-1.5741122772946792,-0.9652713506234872,TIME_LIMIT,250078,0,0,32,5
4,12,3.486055e6,-1.5741122772946792,-0.9652713506234872,TIME_LIMIT,250111,0,0,34,18
4,12,3.486403e6,-1.5740903930342143,-0.9652713506234872,TIME_LIMIT,250153,0,0,27,10
4,12,3.486945e6,-1.5740903930342143,-0.9652713506234872,TIME_LIMIT,250180,0,0,41,31
4,12,3.487489e6,-1.5740427843785285,-0.9652713506234872,TIME_LIMIT,250229,0,0,35,11
4,12,3.488035e6,-1.5740427843785285,-0.9652713506234872,TIME_LIMIT,250260,0,0,45,21
4,12,3.488575e6,-1.5740407051087009,-0.9652713506234872,TIME_LIMIT,250309,0,0,29,11
4,12,3.489115e6,-1.5740407051087009,-0.9652713506234872,TIME_LIMIT,250348,0,0,33,22
4,12,3.489652e6,-1.5740299363195926,-0.9652713506234872,TIME_LIMIT,250398,0,0,32,8
4,12,3.49019e6,-1.5740299363195926,-0.9652713506234872,TIME_LIMIT,250432,0,0,28,27
4,12,3.490578e6,-1.5740092548472775,-0.9652713506234872,TIME_LIMIT,250484,0,0,36,14
4,12,3.491121e6,-1.5740092548472775,-0.9652713506234872,TIME_LIMIT,250517,0,0,40,24
4,12,3.491667e6,-1.5740000045709088,-0.9652713506234872,TIME_LIMIT,250568,0,0,30,10
4,12,3.49221e6,-1.5740000045709088,-0.9652713506234872,TIME_LIMIT,250597,0,0,41,24
4,12,3.492749e6,-1.573988506851988,-0.9652713506234872,TIME_LIMIT,250644,0,0,27,4
4,12,3.493289e6,-1.573988506851988,-0.9652713506234872,TIME_LIMIT,250673,0,0,29,28
4,12,3.49383e6,-1.5739842442207246,-0.9652713506234872,TIME_LIMIT,250722,0,0,25,9
4,12,3.494406e6,-1.5739842442207246,-0.9652713506234872,TIME_LIMIT,250751,0,0,31,25
4,12,3.494945e6,-1.5739706864440437,-0.9652713506234872,TIME_LIMIT,250799,0,0,27,12
4,12,3.495491e6,-1.5739706864440437,-0.9652713506234872,TIME_LIMIT,250826,0,0,51,25
4,12,3.496032e6,-1.5739456668727902,-0.9652713506234872,TIME_LIMIT,250880,0,0,32,12
4,12,3.496575e6,-1.5739456668727902,-0.9652713506234872,TIME_LIMIT,250914,0,0,21,20
4,12,3.497114e6,-1.5739301523343996,-0.9652713506234872,TIME_LIMIT,250966,0,0,29,10
4,12,3.497658e6,-1.5739301523343996,-0.9652713506234872,TIME_LIMIT,250998,0,0,21,50
4,12,3.498199e6,-1.5739144345711442,-0.9652713506234872,TIME_LIMIT,251050,0,0,35,21
4,12,3.498741e6,-1.5739144345711442,-0.9652713506234872,TIME_LIMIT,251086,0,0,39,38
4,12,3.499299e6,-1.5739009872672876,-0.9652713506234872,TIME_LIMIT,251141,0,0,37,9
4,12,3.499875e6,-1.5739009872672876,-0.9652713506234872,TIME_LIMIT,251165,0,0,48,55
4,12,3.500415e6,-1.573895490088528,-0.9652713506234872,TIME_LIMIT,251214,0,0,29,11
4,12,3.500956e6,-1.573895490088528,-0.9652713506234872,TIME_LIMIT,251245,0,0,34,36
4,12,3.501496e6,-1.5738903752936961,-0.9652713506234872,TIME_LIMIT,251293,0,0,17,15
4,12,3.502039e6,-1.5738903752936961,-0.9652713506234872,TIME_LIMIT,251325,0,0,34,19
4,12,3.502603e6,-1.57387014418395,-0.9652713506234872,TIME_LIMIT,251377,0,0,31,8
4,12,3.503156e6,-1.57387014418395,-0.9652713506234872,TIME_LIMIT,251410,0,0,28,13
4,12,3.503475e6,-1.5738426619823815,-0.9652713506234872,TIME_LIMIT,251451,0,0,37,10
4,12,3.504051e6,-1.5738426619823815,-0.9652713506234872,TIME_LIMIT,251480,0,0,36,17
4,12,3.504595e6,-1.5738394795533852,-0.9652713506234872,TIME_LIMIT,251531,0,0,30,11
4,12,3.505136e6,-1.5738394795533852,-0.9652713506234872,TIME_LIMIT,251566,0,0,35,55
4,12,3.50568e6,-1.5737781268410058,-0.9652713506234872,TIME_LIMIT,251623,0,0,36,10
4,12,3.506221e6,-1.5737781268410058,-0.9652713506234872,TIME_LIMIT,251653,0,0,40,17
4,12,3.506802e6,-1.5737762104626938,-0.9652713506234872,TIME_LIMIT,251703,0,0,35,11
4,12,3.507345e6,-1.5737762104626938,-0.9652713506234872,TIME_LIMIT,251735,0,0,34,50
4,12,3.507887e6,-1.5737639524339777,-0.9652713506234872,TIME_LIMIT,251784,0,0,35,8
4,12,3.508428e6,-1.5737639524339777,-0.9652713506234872,TIME_LIMIT,251819,0,0,45,18
4,12,3.508969e6,-1.5737346685538744,-0.9652713506234872,TIME_LIMIT,251873,0,0,33,10
4,12,3.509458e6,-1.5737346685538744,-0.9652713506234872,TIME_LIMIT,251910,0,0,44,30
4,12,3.510013e6,-1.5737301882080243,-0.9652713506234872,TIME_LIMIT,251960,0,0,29,14
4,12,3.510272e6,-1.5737301882080243,-0.9652713506234872,TIME_LIMIT,251990,0,0,42,17
4,12,3.510816e6,-1.5737168585155887,-0.9652713506234872,TIME_LIMIT,252044,0,0,25,9
4,12,3.511356e6,-1.5737168585155887,-0.9652713506234872,TIME_LIMIT,252080,0,0,39,18
4,12,3.51193e6,-1.5737167592442023,-0.9652713506234872,TIME_LIMIT,252128,0,0,29,14
4,12,3.512476e6,-1.5737167592442023,-0.9652713506234872,TIME_LIMIT,252152,0,0,48,49
4,12,3.51302e6,-1.573716479622038,-0.9652713506234872,TIME_LIMIT,252208,0,0,35,17
4,12,3.513563e6,-1.573716479622038,-0.9652713506234872,TIME_LIMIT,252239,0,0,34,27
4,12,3.513885e6,-1.5737016163249182,-0.9652713506234872,TIME_LIMIT,252284,0,0,30,8
4,12,3.514425e6,-1.5737016163249182,-0.9652713506234872,TIME_LIMIT,252315,0,0,19,13
4,12,3.514964e6,-1.5736982785065825,-0.9652713506234872,TIME_LIMIT,252363,0,0,30,9
4,12,3.515507e6,-1.5736982785065825,-0.9652713506234872,TIME_LIMIT,252393,0,0,43,32
4,12,3.51608e6,-1.5736982586451003,-0.9652713506234872,TIME_LIMIT,252441,0,0,31,11
4,12,3.516623e6,-1.5736982586451003,-0.9652713506234872,TIME_LIMIT,252476,0,0,40,26
4,12,3.517166e6,-1.5736966993353991,-0.9652713506234872,TIME_LIMIT,252519,0,0,25,11
4,12,3.517708e6,-1.5736966993353991,-0.9652713506234872,TIME_LIMIT,252555,0,0,50,13
4,12,3.518248e6,-1.5736759789864236,-0.9652713506234872,TIME_LIMIT,252607,0,0,31,11
4,12,3.518792e6,-1.5736759789864236,-0.9652713506234872,TIME_LIMIT,252642,0,0,36,23
4,12,3.519335e6,-1.5736755829806537,-0.9652713506234872,TIME_LIMIT,252691,0,0,32,13
4,12,3.519877e6,-1.5736755829806537,-0.9652713506234872,TIME_LIMIT,252729,0,0,34,24
4,12,3.52042e6,-1.5736611578216542,-0.9652713506234872,TIME_LIMIT,252776,0,0,44,22
4,12,3.520961e6,-1.5736611578216542,-0.9652713506234872,TIME_LIMIT,252808,0,0,33,19
4,12,3.521536e6,-1.5736222266053836,-0.9652713506234872,TIME_LIMIT,252864,0,0,31,9
4,12,3.52208e6,-1.5736222266053836,-0.9652713506234872,TIME_LIMIT,252891,0,0,48,42
4,12,3.522621e6,-1.5736153492179734,-0.9652713506234872,TIME_LIMIT,252948,0,0,40,14
4,12,3.523164e6,-1.5736153492179734,-0.9652713506234872,TIME_LIMIT,252981,0,0,35,24
4,12,3.523704e6,-1.5735863885947976,-0.9652713506234872,TIME_LIMIT,253030,0,0,29,14
4,12,3.524051e6,-1.5735863885947976,-0.9652713506234872,TIME_LIMIT,253065,0,0,36,22
4,12,3.524592e6,-1.5735779273218464,-0.9652713506234872,TIME_LIMIT,253117,0,0,31,8
4,12,3.52517e6,-1.5735779273218464,-0.9652713506234872,TIME_LIMIT,253150,0,0,27,15
4,12,3.525714e6,-1.573572800660504,-0.9652713506234872,TIME_LIMIT,253203,0,0,27,8
4,12,3.526255e6,-1.573572800660504,-0.9652713506234872,TIME_LIMIT,253240,0,0,39,18
4,12,3.526797e6,-1.57357258441226,-0.9652713506234872,TIME_LIMIT,253290,0,0,30,10
4,12,3.527338e6,-1.57357258441226,-0.9652713506234872,TIME_LIMIT,253322,0,0,37,27
4,12,3.527882e6,-1.5735653701581047,-0.9652713506234872,TIME_LIMIT,253375,0,0,34,17
4,12,3.528424e6,-1.5735653701581047,-0.9652713506234872,TIME_LIMIT,253411,0,0,32,13
4,12,3.528967e6,-1.5735338974891053,-0.9652713506234872,TIME_LIMIT,253450,0,0,23,9
4,12,3.52951e6,-1.5735338974891053,-0.9652713506234872,TIME_LIMIT,253478,0,0,34,29
4,12,3.530054e6,-1.5735217255336853,-0.9652713506234872,TIME_LIMIT,253528,0,0,30,22
4,12,3.530593e6,-1.5735217255336853,-0.9652713506234872,TIME_LIMIT,253558,0,0,32,23
4,12,3.53117e6,-1.573521266059255,-0.9652713506234872,TIME_LIMIT,253602,0,0,25,6
4,12,3.531715e6,-1.573521266059255,-0.9652713506234872,TIME_LIMIT,253636,0,0,39,34
4,12,3.532255e6,-1.5735039590957345,-0.9652713506234872,TIME_LIMIT,253688,0,0,33,8
4,12,3.5328e6,-1.5735039590957345,-0.9652713506234872,TIME_LIMIT,253719,0,0,41,54
4,12,3.533343e6,-1.5734998123658352,-0.9652713506234872,TIME_LIMIT,253766,0,0,31,24
4,12,3.533887e6,-1.5734998123658352,-0.9652713506234872,TIME_LIMIT,253793,0,0,38,20
4,12,3.534429e6,-1.573482348738294,-0.9652713506234872,TIME_LIMIT,253840,0,0,26,8
4,12,3.534972e6,-1.573482348738294,-0.9652713506234872,TIME_LIMIT,253875,0,0,41,24
4,12,3.535514e6,-1.573474677419735,-0.9652713506234872,TIME_LIMIT,253924,0,0,30,12
4,12,3.536055e6,-1.573474677419735,-0.9652713506234872,TIME_LIMIT,253951,0,0,29,29
4,12,3.536633e6,-1.5734660046990085,-0.9652713506234872,TIME_LIMIT,253999,0,0,29,24
4,12,3.537177e6,-1.5734660046990085,-0.9652713506234872,TIME_LIMIT,254037,0,0,44,31
4,12,3.537719e6,-1.5734252030876001,-0.9652713506234872,TIME_LIMIT,254094,0,0,30,13
4,12,3.538261e6,-1.5734252030876001,-0.9652713506234872,TIME_LIMIT,254133,0,0,46,26
4,12,3.538805e6,-1.5734210110826474,-0.9652713506234872,TIME_LIMIT,254168,0,0,39,23
4,12,3.539348e6,-1.5734210110826474,-0.9652713506234872,TIME_LIMIT,254199,0,0,31,26
4,12,3.539668e6,-1.5733962608110201,-0.9652713506234872,TIME_LIMIT,254241,0,0,27,4
4,12,3.540125e6,-1.5733962608110201,-0.9652713506234872,TIME_LIMIT,254269,0,0,45,35
4,12,3.540678e6,-1.5733910019453894,-0.9652713506234872,TIME_LIMIT,254311,0,0,23,14
4,12,3.541221e6,-1.5733910019453894,-0.9652713506234872,TIME_LIMIT,254345,0,0,32,24
4,12,3.541764e6,-1.5733885316561513,-0.9652713506234872,TIME_LIMIT,254390,0,0,33,8
4,12,3.542304e6,-1.5733885316561513,-0.9652713506234872,TIME_LIMIT,254422,0,0,44,23
4,12,3.542846e6,-1.5733866797406635,-0.9652713506234872,TIME_LIMIT,254474,0,0,31,12
4,12,3.543421e6,-1.5733866797406635,-0.9652713506234872,TIME_LIMIT,254507,0,0,43,34
4,12,3.543975e6,-1.5733772588368065,-0.9652713506234872,TIME_LIMIT,254558,0,0,36,15
4,12,3.54454e6,-1.5733772588368065,-0.9652713506234872,TIME_LIMIT,254592,0,0,41,19
4,12,3.545082e6,-1.5733690693875937,-0.9652713506234872,TIME_LIMIT,254639,0,0,28,8
4,12,3.545624e6,-1.5733690693875937,-0.9652713506234872,TIME_LIMIT,254674,0,0,42,21
4,12,3.546165e6,-1.5733543545567612,-0.9652713506234872,TIME_LIMIT,254723,0,0,36,8
4,12,3.546707e6,-1.5733543545567612,-0.9652713506234872,TIME_LIMIT,254752,0,0,43,19
4,12,3.547245e6,-1.5733526887859597,-0.9652713506234872,TIME_LIMIT,254803,0,0,33,4
4,12,3.547826e6,-1.5733526887859597,-0.9652713506234872,TIME_LIMIT,254828,0,0,38,50
4,12,3.548368e6,-1.573349064153691,-0.9652713506234872,TIME_LIMIT,254880,0,0,22,13
4,12,3.548943e6,-1.573349064153691,-0.9652713506234872,TIME_LIMIT,254912,0,0,35,22
4,12,3.549482e6,-1.5733413250078419,-0.9652713506234872,TIME_LIMIT,254957,0,0,28,12
4,12,3.550023e6,-1.5733413250078419,-0.9652713506234872,TIME_LIMIT,254989,0,0,41,36
4,12,3.550567e6,-1.5733139565873961,-0.9652713506234872,TIME_LIMIT,255038,0,0,35,29
4,12,3.551111e6,-1.5733139565873961,-0.9652713506234872,TIME_LIMIT,255073,0,0,39,23
4,12,3.551691e6,-1.5733138817584686,-0.9652713506234872,TIME_LIMIT,255129,0,0,36,11
4,12,3.552234e6,-1.5733138817584686,-0.9652713506234872,TIME_LIMIT,255159,0,0,37,40
4,12,3.552775e6,-1.573307838347792,-0.9652713506234872,TIME_LIMIT,255211,0,0,32,10
4,12,3.553317e6,-1.573307838347792,-0.9652713506234872,TIME_LIMIT,255238,0,0,30,25
4,12,3.553858e6,-1.5733067458700785,-0.9652713506234872,TIME_LIMIT,255282,0,0,22,6
4,12,3.5544e6,-1.5733067458700785,-0.9652713506234872,TIME_LIMIT,255308,0,0,31,35
4,12,3.554974e6,-1.5732820814698638,-0.9652713506234872,TIME_LIMIT,255361,0,0,15,9
4,12,3.55552e6,-1.5732820814698638,-0.9652713506234872,TIME_LIMIT,255392,0,0,40,17
4,12,3.556063e6,-1.5732714564319272,-0.9652713506234872,TIME_LIMIT,255441,0,0,36,8
4,12,3.556604e6,-1.5732714564319272,-0.9652713506234872,TIME_LIMIT,255466,0,0,38,32
4,12,3.557148e6,-1.5732512159556207,-0.9652713506234872,TIME_LIMIT,255518,0,0,30,11
4,12,3.557693e6,-1.5732512159556207,-0.9652713506234872,TIME_LIMIT,255549,0,0,31,36
4,12,3.558234e6,-1.573233400699634,-0.9652713506234872,TIME_LIMIT,255602,0,0,30,14
4,12,3.558776e6,-1.573233400699634,-0.9652713506234872,TIME_LIMIT,255633,0,0,46,48
4,12,3.559317e6,-1.5732307234040754,-0.9652713506234872,TIME_LIMIT,255688,0,0,34,21
4,12,3.559859e6,-1.5732307234040754,-0.9652713506234872,TIME_LIMIT,255723,0,0,35,42
4,12,3.560433e6,-1.5732246020266325,-0.9652713506234872,TIME_LIMIT,255766,0,0,25,13
4,12,3.560976e6,-1.5732246020266325,-0.9652713506234872,TIME_LIMIT,255805,0,0,43,28
4,12,3.561521e6,-1.5732071585614043,-0.9652713506234872,TIME_LIMIT,255856,0,0,38,9
4,12,3.56206e6,-1.5732071585614043,-0.9652713506234872,TIME_LIMIT,255890,0,0,36,24
4,12,3.562601e6,-1.5731792250097403,-0.9652713506234872,TIME_LIMIT,255940,0,0,27,14
4,12,3.56314e6,-1.5731792250097403,-0.9652713506234872,TIME_LIMIT,255977,0,0,27,16
4,12,3.56368e6,-1.5731781821677264,-0.9652713506234872,TIME_LIMIT,256015,0,0,29,11
4,12,3.564224e6,-1.5731781821677264,-0.9652713506234872,TIME_LIMIT,256037,0,0,34,27
4,12,3.564766e6,-1.573178161414226,-0.9652713506234872,TIME_LIMIT,256085,0,0,24,11
4,12,3.565309e6,-1.573178161414226,-0.9652713506234872,TIME_LIMIT,256116,0,0,26,53
4,12,3.565852e6,-1.5731755155936773,-0.9652713506234872,TIME_LIMIT,256166,0,0,29,11
4,12,3.56643e6,-1.5731755155936773,-0.9652713506234872,TIME_LIMIT,256200,0,0,39,39
4,12,3.566974e6,-1.5731720965196758,-0.9652713506234872,TIME_LIMIT,256252,0,0,32,16
4,12,3.567517e6,-1.5731720965196758,-0.9652713506234872,TIME_LIMIT,256283,0,0,43,39
4,12,3.568058e6,-1.5731712140128797,-0.9652713506234872,TIME_LIMIT,256334,0,0,25,14
4,12,3.568603e6,-1.5731712140128797,-0.9652713506234872,TIME_LIMIT,256365,0,0,40,63
4,12,3.569143e6,-1.5731612400589214,-0.9652713506234872,TIME_LIMIT,256421,0,0,39,16
4,12,3.569685e6,-1.5731612400589214,-0.9652713506234872,TIME_LIMIT,256452,0,0,40,24
4,12,3.570228e6,-1.5731578431733408,-0.9652713506234872,TIME_LIMIT,256499,0,0,29,7
4,12,3.570768e6,-1.5731578431733408,-0.9652713506234872,TIME_LIMIT,256528,0,0,32,42
4,12,3.571309e6,-1.5731496651361825,-0.9652713506234872,TIME_LIMIT,256573,0,0,25,12
4,12,3.571885e6,-1.5731496651361825,-0.9652713506234872,TIME_LIMIT,256604,0,0,17,25
4,12,3.572426e6,-1.5731401067145632,-0.9652713506234872,TIME_LIMIT,256655,0,0,33,8
4,12,3.572966e6,-1.5731401067145632,-0.9652713506234872,TIME_LIMIT,256685,0,0,33,18
4,12,3.573507e6,-1.5731400653140029,-0.9652713506234872,TIME_LIMIT,256735,0,0,24,12
4,12,3.574053e6,-1.5731400653140029,-0.9652713506234872,TIME_LIMIT,256762,0,0,35,26
4,12,3.574595e6,-1.5731339994902318,-0.9652713506234872,TIME_LIMIT,256808,0,0,27,15
4,12,3.57514e6,-1.5731339994902318,-0.9652713506234872,TIME_LIMIT,256837,0,0,41,17
4,12,3.575682e6,-1.573129440613005,-0.9652713506234872,TIME_LIMIT,256884,0,0,29,9
4,12,3.576225e6,-1.573129440613005,-0.9652713506234872,TIME_LIMIT,256922,0,0,41,42
4,12,3.576767e6,-1.5731191352896396,-0.9652713506234872,TIME_LIMIT,256955,0,0,38,20
4,12,3.577309e6,-1.5731191352896396,-0.9652713506234872,TIME_LIMIT,256983,0,0,35,18
4,12,3.577884e6,-1.5731111554599297,-0.9652713506234872,TIME_LIMIT,257029,0,0,27,6
4,12,3.578426e6,-1.5731111554599297,-0.9652713506234872,TIME_LIMIT,257058,0,0,33,16
4,12,3.57897e6,-1.5730948300519862,-0.9652713506234872,TIME_LIMIT,257108,0,0,32,10
4,12,3.579514e6,-1.5730948300519862,-0.9652713506234872,TIME_LIMIT,257142,0,0,52,41
4,12,3.580057e6,-1.573084608460784,-0.9652713506234872,TIME_LIMIT,257194,0,0,28,16
4,12,3.580619e6,-1.573084608460784,-0.9652713506234872,TIME_LIMIT,257223,0,0,30,11
4,12,3.58116e6,-1.5730672468017153,-0.9652713506234872,TIME_LIMIT,257273,0,0,33,9
4,12,3.581704e6,-1.5730672468017153,-0.9652713506234872,TIME_LIMIT,257300,0,0,35,22
4,12,3.582245e6,-1.5730441497126872,-0.9652713506234872,TIME_LIMIT,257348,0,0,13,14
4,12,3.582788e6,-1.5730441497126872,-0.9652713506234872,TIME_LIMIT,257382,0,0,17,7
4,12,3.583331e6,-1.573042575027538,-0.9652713506234872,TIME_LIMIT,257436,0,0,35,10
4,12,3.583907e6,-1.573042575027538,-0.9652713506234872,TIME_LIMIT,257464,0,0,38,24
4,12,3.584447e6,-1.5730359700550394,-0.9652713506234872,TIME_LIMIT,257512,0,0,29,8
4,12,3.584986e6,-1.5730359700550394,-0.9652713506234872,TIME_LIMIT,257539,0,0,35,38
4,12,3.585559e6,-1.5730333722447016,-0.9652713506234872,TIME_LIMIT,257591,0,0,34,9
4,12,3.586103e6,-1.5730333722447016,-0.9652713506234872,TIME_LIMIT,257624,0,0,43,24
4,12,3.586648e6,-1.5730262450218038,-0.9652713506234872,TIME_LIMIT,257674,0,0,34,29
4,12,3.587193e6,-1.5730262450218038,-0.9652713506234872,TIME_LIMIT,257705,0,0,27,23
4,12,3.587735e6,-1.573018329491134,-0.9652713506234872,TIME_LIMIT,257753,0,0,29,11
4,12,3.58828e6,-1.573018329491134,-0.9652713506234872,TIME_LIMIT,257792,0,0,41,25
4,12,3.588821e6,-1.5730180274701888,-0.9652713506234872,TIME_LIMIT,257845,0,0,30,13
4,12,3.589398e6,-1.5730180274701888,-0.9652713506234872,TIME_LIMIT,257881,0,0,32,15
4,12,3.589973e6,-1.57301044317088,-0.9652713506234872,TIME_LIMIT,257926,0,0,29,7
4,12,3.590519e6,-1.57301044317088,-0.9652713506234872,TIME_LIMIT,257957,0,0,44,65
4,12,3.591061e6,-1.5729907300017005,-0.9652713506234872,TIME_LIMIT,258008,0,0,34,8
4,12,3.591602e6,-1.5729907300017005,-0.9652713506234872,TIME_LIMIT,258036,0,0,38,19
4,12,3.592144e6,-1.572952751636388,-0.9652713506234872,TIME_LIMIT,258085,0,0,14,10
4,12,3.592694e6,-1.572952751636388,-0.9652713506234872,TIME_LIMIT,258113,0,0,46,22
4,12,3.593267e6,-1.5729481836783903,-0.9652713506234872,TIME_LIMIT,258160,0,0,30,7
4,12,3.593807e6,-1.5729481836783903,-0.9652713506234872,TIME_LIMIT,258188,0,0,47,23
4,12,3.594348e6,-1.572914975570086,-0.9652713506234872,TIME_LIMIT,258242,0,0,37,12
4,12,3.594891e6,-1.572914975570086,-0.9652713506234872,TIME_LIMIT,258268,0,0,43,30
4,12,3.595434e6,-1.5729018306024816,-0.9652713506234872,TIME_LIMIT,258316,0,0,32,7
4,12,3.59601e6,-1.5729018306024816,-0.9652713506234872,TIME_LIMIT,258341,0,0,37,55
4,12,3.596587e6,-1.5728869032645185,-0.9652713506234872,TIME_LIMIT,258384,0,0,27,14
4,12,3.597134e6,-1.5728869032645185,-0.9652713506234872,TIME_LIMIT,258414,0,0,41,21
4,12,3.597678e6,-1.5728726469136902,-0.9652713506234872,TIME_LIMIT,258470,0,0,36,13
4,12,3.598221e6,-1.5728726469136902,-0.9652713506234872,TIME_LIMIT,258505,0,0,33,21
4,12,3.59876e6,-1.5728462918924744,-0.9652713506234872,TIME_LIMIT,258554,0,0,31,15
4,12,3.599305e6,-1.5728462918924744,-0.9652713506234872,TIME_LIMIT,258583,0,0,38,28
4,12,3.599849e6,-1.5728158017237792,-0.9652713506234872,TIME_LIMIT,258638,0,0,30,14
4,12,3.600002e6,-1.5728158017237792,-0.9652713506234872,TIME_LIMIT,258658,0,0,37,18
