seed,dimension,time,lowerBound,upperBound,termination,LMOcalls,localTighteings,globalTightenings,list_active_set_size_cb,list_discarded_set_size_cb
5,12,266.0,-2.0120985419984185,-0.08200371328855212,TIME_LIMIT,46,0,0,22,9
5,12,443.0,-2.0120985419984185,-0.08200371328855212,TIME_LIMIT,72,0,0,31,13
5,12,669.0,-1.9820145834165501,-0.08200371328855212,TIME_LIMIT,111,0,0,23,8
5,12,900.0,-1.9820145834165501,-0.08200371328855212,TIME_LIMIT,138,0,0,17,9
5,12,1169.0,-1.9807056415857973,-0.08200371328855212,TIME_LIMIT,183,0,0,28,11
5,12,1285.0,-1.9807056415857973,-0.08200371328855212,TIME_LIMIT,208,0,0,28,8
5,12,1463.0,-1.9540778720943497,-0.14382988271148026,TIME_LIMIT,248,0,0,8,6
5,12,1747.0,-1.9540778720943497,-0.14382988271148026,TIME_LIMIT,285,0,0,33,15
5,12,2040.0,-1.9519756598336613,-0.14382988271148026,TIME_LIMIT,318,0,0,32,11
5,12,2360.0,-1.9519756598336613,-0.759911113736496,TIME_LIMIT,348,0,0,22,14
5,12,2769.0,-1.949124284040019,-0.759911113736496,TIME_LIMIT,401,0,0,20,9
5,12,3015.0,-1.949124284040019,-0.759911113736496,TIME_LIMIT,434,0,0,18,16
5,12,3402.0,-1.949086233978755,-0.759911113736496,TIME_LIMIT,482,0,0,26,18
5,12,3611.0,-1.949086233978755,-0.759911113736496,TIME_LIMIT,521,0,0,24,7
5,12,3838.0,-1.927210314519906,-0.759911113736496,TIME_LIMIT,550,0,0,28,8
5,12,4204.0,-1.927210314519906,-0.759911113736496,TIME_LIMIT,588,0,0,33,17
5,12,4477.0,-1.9252093270700414,-0.759911113736496,TIME_LIMIT,620,0,0,25,9
5,12,4771.0,-1.9252093270700414,-0.759911113736496,TIME_LIMIT,656,0,0,40,24
5,12,5185.0,-1.923068141198531,-0.759911113736496,TIME_LIMIT,705,0,0,16,10
5,12,5390.0,-1.923068141198531,-0.759911113736496,TIME_LIMIT,732,0,0,16,9
5,12,5872.0,-1.9220579765988166,-0.759911113736496,TIME_LIMIT,782,0,0,22,8
5,12,6218.0,-1.9220579765988166,-0.759911113736496,TIME_LIMIT,812,0,0,37,19
5,12,6563.0,-1.9183573920622632,-0.759911113736496,TIME_LIMIT,862,0,0,23,16
5,12,6761.0,-1.9183573920622632,-0.759911113736496,TIME_LIMIT,884,0,0,32,9
5,12,7095.0,-1.9181414843005424,-0.759911113736496,TIME_LIMIT,929,0,0,27,12
5,12,7334.0,-1.9181414843005424,-0.759911113736496,TIME_LIMIT,959,0,0,30,13
5,12,7833.0,-1.9178908007698332,-0.759911113736496,TIME_LIMIT,1015,0,0,34,14
5,12,8067.0,-1.9178908007698332,-0.759911113736496,TIME_LIMIT,1047,0,0,17,15
5,12,8465.0,-1.9149984407067857,-0.8684952254958895,TIME_LIMIT,1083,0,0,23,14
5,12,8927.0,-1.9149984407067857,-0.8684952254958895,TIME_LIMIT,1114,0,0,33,15
5,12,9226.0,-1.8980188529018935,-0.8684952254958895,TIME_LIMIT,1161,0,0,28,9
5,12,9670.0,-1.8980188529018935,-0.8684952254958895,TIME_LIMIT,1191,0,0,44,24
5,12,10170.0,-1.8977745263036883,-0.8684952254958895,TIME_LIMIT,1243,0,0,25,12
5,12,10525.0,-1.8977745263036883,-0.8684952254958895,TIME_LIMIT,1279,0,0,41,14
5,12,11066.0,-1.8950223393202565,-0.8684952254958895,TIME_LIMIT,1323,0,0,29,16
5,12,11330.0,-1.8950223393202565,-0.8684952254958895,TIME_LIMIT,1348,0,0,42,30
5,12,11807.0,-1.8936455121662596,-0.8684952254958895,TIME_LIMIT,1406,0,0,25,12
5,12,12281.0,-1.8936455121662596,-0.8684952254958895,TIME_LIMIT,1450,0,0,39,17
5,12,12599.0,-1.8933797583328444,-0.8684952254958895,TIME_LIMIT,1486,0,0,28,4
5,12,12888.0,-1.8933797583328444,-0.8684952254958895,TIME_LIMIT,1523,0,0,33,14
5,12,13261.0,-1.8926495696901846,-0.8684952254958895,TIME_LIMIT,1560,0,0,30,9
5,12,13627.0,-1.8926495696901846,-0.8684952254958895,TIME_LIMIT,1591,0,0,36,27
5,12,14172.0,-1.8905263131891765,-0.8684952254958895,TIME_LIMIT,1651,0,0,31,13
5,12,14608.0,-1.8905263131891765,-0.8684952254958895,TIME_LIMIT,1695,0,0,39,21
5,12,14825.0,-1.8895026326327213,-0.8684952254958895,TIME_LIMIT,1726,0,0,25,15
5,12,15141.0,-1.8895026326327213,-0.8684952254958895,TIME_LIMIT,1755,0,0,19,15
5,12,15663.0,-1.8891711959883652,-0.8684952254958895,TIME_LIMIT,1811,0,0,17,10
5,12,16166.0,-1.8891711959883652,-0.8684952254958895,TIME_LIMIT,1841,0,0,35,17
5,12,16734.0,-1.8887256745677239,-0.8684952254958895,TIME_LIMIT,1899,0,0,22,12
5,12,17124.0,-1.8887256745677239,-0.8684952254958895,TIME_LIMIT,1930,0,0,20,6
5,12,17566.0,-1.8878868051873863,-0.8684952254958895,TIME_LIMIT,1965,0,0,26,10
5,12,17894.0,-1.8878868051873863,-0.8684952254958895,TIME_LIMIT,2005,0,0,30,12
5,12,18253.0,-1.8847159349049274,-0.8684952254958895,TIME_LIMIT,2050,0,0,36,16
5,12,18806.0,-1.8847159349049274,-0.8684952254958895,TIME_LIMIT,2084,0,0,29,20
5,12,19214.0,-1.8819459647553425,-0.8684952254958895,TIME_LIMIT,2134,0,0,24,11
5,12,19477.0,-1.8819459647553425,-0.8684952254958895,TIME_LIMIT,2166,0,0,32,20
5,12,19955.0,-1.881754068272841,-0.8684952254958895,TIME_LIMIT,2209,0,0,41,16
5,12,20390.0,-1.881754068272841,-0.8684952254958895,TIME_LIMIT,2241,0,0,30,19
5,12,20698.0,-1.8795558822212592,-0.8684952254958895,TIME_LIMIT,2293,0,0,31,11
5,12,20901.0,-1.8795558822212592,-0.8684952254958895,TIME_LIMIT,2319,0,0,38,13
5,12,21293.0,-1.8790108880018652,-0.8684952254958895,TIME_LIMIT,2370,0,0,20,7
5,12,21489.0,-1.8790108880018652,-0.8684952254958895,TIME_LIMIT,2396,0,0,34,15
5,12,21840.0,-1.8711747466130166,-0.8684952254958895,TIME_LIMIT,2441,0,0,24,11
5,12,22263.0,-1.8711747466130166,-0.8684952254958895,TIME_LIMIT,2471,0,0,28,14
5,12,22806.0,-1.8699009621780427,-0.8684952254958895,TIME_LIMIT,2529,0,0,24,12
5,12,23058.0,-1.8699009621780427,-0.8684952254958895,TIME_LIMIT,2563,0,0,32,21
5,12,23519.0,-1.8697222557026052,-0.8684952254958895,TIME_LIMIT,2612,0,0,31,15
5,12,23939.0,-1.8697222557026052,-0.8684952254958895,TIME_LIMIT,2645,0,0,49,31
5,12,24395.0,-1.868217580424334,-0.8684952254958895,TIME_LIMIT,2700,0,0,33,10
5,12,24902.0,-1.868217580424334,-0.8684952254958895,TIME_LIMIT,2735,0,0,35,18
5,12,25414.0,-1.8680964981926667,-0.8684952254958895,TIME_LIMIT,2784,0,0,27,20
5,12,25746.0,-1.8680964981926667,-0.8684952254958895,TIME_LIMIT,2816,0,0,37,11
5,12,26287.0,-1.8674164818624026,-0.8684952254958895,TIME_LIMIT,2865,0,0,32,11
5,12,26835.0,-1.8674164818624026,-0.8684952254958895,TIME_LIMIT,2901,0,0,43,30
5,12,27378.0,-1.8643928312113949,-0.8684952254958895,TIME_LIMIT,2955,0,0,30,22
5,12,27689.0,-1.8643928312113949,-0.8684952254958895,TIME_LIMIT,2982,0,0,23,37
5,12,28223.0,-1.8639825169576933,-0.8684952254958895,TIME_LIMIT,3041,0,0,40,10
5,12,28766.0,-1.8639825169576933,-0.8684952254958895,TIME_LIMIT,3077,0,0,36,19
5,12,29308.0,-1.863396902021798,-0.8684952254958895,TIME_LIMIT,3113,0,0,35,6
5,12,29618.0,-1.863396902021798,-0.8684952254958895,TIME_LIMIT,3139,0,0,21,13
5,12,30065.0,-1.8633959674627418,-0.8684952254958895,TIME_LIMIT,3196,0,0,37,11
5,12,30609.0,-1.8633959674627418,-0.8684952254958895,TIME_LIMIT,3230,0,0,40,23
5,12,31036.0,-1.8632644755139876,-0.8684952254958895,TIME_LIMIT,3285,0,0,29,9
5,12,31347.0,-1.8632644755139876,-0.8684952254958895,TIME_LIMIT,3321,0,0,25,20
5,12,31891.0,-1.8627837618515701,-0.8684952254958895,TIME_LIMIT,3377,0,0,30,13
5,12,32441.0,-1.8627837618515701,-0.8684952254958895,TIME_LIMIT,3409,0,0,42,17
5,12,32985.0,-1.8623890705643729,-0.8684952254958895,TIME_LIMIT,3459,0,0,30,18
5,12,33561.0,-1.8623890705643729,-0.8684952254958895,TIME_LIMIT,3490,0,0,30,19
5,12,34103.0,-1.8621170821713224,-0.8684952254958895,TIME_LIMIT,3533,0,0,27,6
5,12,34645.0,-1.8621170821713224,-0.8684952254958895,TIME_LIMIT,3567,0,0,23,11
5,12,35191.0,-1.8608633270762536,-0.8684952254958895,TIME_LIMIT,3616,0,0,16,13
5,12,35734.0,-1.8608633270762536,-0.8684952254958895,TIME_LIMIT,3647,0,0,27,34
5,12,36278.0,-1.8600738644097905,-0.8684952254958895,TIME_LIMIT,3703,0,0,21,12
5,12,36760.0,-1.8600738644097905,-0.8684952254958895,TIME_LIMIT,3738,0,0,46,38
5,12,37311.0,-1.859959902978717,-0.8684952254958895,TIME_LIMIT,3790,0,0,33,22
5,12,37832.0,-1.859959902978717,-0.8684952254958895,TIME_LIMIT,3827,0,0,49,22
5,12,38218.0,-1.8595587352220435,-0.8684952254958895,TIME_LIMIT,3883,0,0,36,14
5,12,38760.0,-1.8595587352220435,-0.8684952254958895,TIME_LIMIT,3922,0,0,39,17
5,12,38939.0,-1.858682546187467,-0.8684952254958895,TIME_LIMIT,3955,0,0,25,9
5,12,39287.0,-1.858682546187467,-0.8684952254958895,TIME_LIMIT,3985,0,0,25,13
5,12,39830.0,-1.857776240367975,-0.8684952254958895,TIME_LIMIT,4032,0,0,25,10
5,12,40056.0,-1.857776240367975,-0.8684952254958895,TIME_LIMIT,4057,0,0,31,20
5,12,40434.0,-1.8562669174773454,-0.8684952254958895,TIME_LIMIT,4109,0,0,31,12
5,12,40978.0,-1.8562669174773454,-0.8684952254958895,TIME_LIMIT,4139,0,0,19,14
5,12,41523.0,-1.8549128595951632,-0.8684952254958895,TIME_LIMIT,4195,0,0,33,9
5,12,42068.0,-1.8549128595951632,-0.8684952254958895,TIME_LIMIT,4224,0,0,36,14
5,12,42504.0,-1.8544699515043794,-0.8684952254958895,TIME_LIMIT,4274,0,0,22,7
5,12,42943.0,-1.8544699515043794,-0.8684952254958895,TIME_LIMIT,4314,0,0,10,13
5,12,43218.0,-1.852091229186125,-0.8684952254958895,TIME_LIMIT,4350,0,0,32,22
5,12,43476.0,-1.852091229186125,-0.8684952254958895,TIME_LIMIT,4380,0,0,38,20
5,12,43990.0,-1.8515782134470595,-0.8684952254958895,TIME_LIMIT,4430,0,0,19,9
5,12,44389.0,-1.8515782134470595,-0.8684952254958895,TIME_LIMIT,4461,0,0,36,21
5,12,44931.0,-1.8505886948611034,-0.8684952254958895,TIME_LIMIT,4517,0,0,29,10
5,12,45186.0,-1.8505886948611034,-0.8684952254958895,TIME_LIMIT,4547,0,0,33,11
5,12,45701.0,-1.849007390825763,-0.8684952254958895,TIME_LIMIT,4592,0,0,18,5
5,12,46221.0,-1.849007390825763,-0.8684952254958895,TIME_LIMIT,4640,0,0,29,24
5,12,46638.0,-1.8468850098607799,-0.8684952254958895,TIME_LIMIT,4684,0,0,39,12
5,12,47136.0,-1.8468850098607799,-0.8684952254958895,TIME_LIMIT,4718,0,0,38,23
5,12,47677.0,-1.8452978614696176,-0.8684952254958895,TIME_LIMIT,4766,0,0,24,20
5,12,47939.0,-1.8452978614696176,-0.8684952254958895,TIME_LIMIT,4793,0,0,30,21
5,12,48482.0,-1.8451403845466852,-0.8684952254958895,TIME_LIMIT,4839,0,0,29,18
5,12,48655.0,-1.8451403845466852,-0.8684952254958895,TIME_LIMIT,4865,0,0,24,5
5,12,48998.0,-1.844476980199099,-0.8684952254958895,TIME_LIMIT,4911,0,0,13,11
5,12,49541.0,-1.844476980199099,-0.8684952254958895,TIME_LIMIT,4943,0,0,44,37
5,12,50083.0,-1.844472161881906,-0.8684952254958895,TIME_LIMIT,4994,0,0,22,10
5,12,50476.0,-1.844472161881906,-0.8684952254958895,TIME_LIMIT,5022,0,0,31,16
5,12,50804.0,-1.8442363124735026,-0.8684952254958895,TIME_LIMIT,5069,0,0,12,8
5,12,51347.0,-1.8442363124735026,-0.8684952254958895,TIME_LIMIT,5098,0,0,38,40
5,12,51889.0,-1.8424041052972822,-0.8684952254958895,TIME_LIMIT,5154,0,0,33,18
5,12,52434.0,-1.8424041052972822,-0.8684952254958895,TIME_LIMIT,5185,0,0,27,23
5,12,52976.0,-1.841742316084936,-0.8684952254958895,TIME_LIMIT,5246,0,0,38,20
5,12,53515.0,-1.841742316084936,-0.8684952254958895,TIME_LIMIT,5286,0,0,37,26
5,12,54007.0,-1.8416405573124457,-0.8684952254958895,TIME_LIMIT,5336,0,0,34,10
5,12,54212.0,-1.8416405573124457,-0.8684952254958895,TIME_LIMIT,5363,0,0,37,17
5,12,54755.0,-1.8415847268987777,-0.8684952254958895,TIME_LIMIT,5416,0,0,31,11
5,12,55297.0,-1.8415847268987777,-0.8684952254958895,TIME_LIMIT,5448,0,0,21,14
5,12,55840.0,-1.8412530423639168,-0.8684952254958895,TIME_LIMIT,5500,0,0,17,11
5,12,56376.0,-1.8412530423639168,-0.8684952254958895,TIME_LIMIT,5530,0,0,34,18
5,12,56919.0,-1.841127869274079,-0.8684952254958895,TIME_LIMIT,5587,0,0,31,9
5,12,57337.0,-1.841127869274079,-0.8684952254958895,TIME_LIMIT,5617,0,0,34,27
5,12,57900.0,-1.8407221340644715,-0.8684952254958895,TIME_LIMIT,5669,0,0,31,14
5,12,58386.0,-1.8407221340644715,-0.8684952254958895,TIME_LIMIT,5704,0,0,38,26
5,12,58930.0,-1.8396670353089395,-0.8684952254958895,TIME_LIMIT,5753,0,0,30,11
5,12,59472.0,-1.8396670353089395,-0.8684952254958895,TIME_LIMIT,5785,0,0,37,33
5,12,60014.0,-1.8396517626577007,-0.8684952254958895,TIME_LIMIT,5840,0,0,26,16
5,12,60535.0,-1.8396517626577007,-0.8684952254958895,TIME_LIMIT,5884,0,0,32,34
5,12,61078.0,-1.8389945634038523,-0.8684952254958895,TIME_LIMIT,5923,0,0,36,18
5,12,61637.0,-1.8389945634038523,-0.8684952254958895,TIME_LIMIT,5954,0,0,34,17
5,12,62146.0,-1.8387627226694432,-0.8684952254958895,TIME_LIMIT,6008,0,0,25,9
5,12,62681.0,-1.8387627226694432,-0.8684952254958895,TIME_LIMIT,6042,0,0,37,26
5,12,63223.0,-1.8385846152213865,-0.8684952254958895,TIME_LIMIT,6092,0,0,18,10
5,12,63480.0,-1.8385846152213865,-0.8684952254958895,TIME_LIMIT,6120,0,0,29,28
5,12,64022.0,-1.838295255343236,-0.8684952254958895,TIME_LIMIT,6182,0,0,39,16
5,12,64565.0,-1.838295255343236,-0.8684952254958895,TIME_LIMIT,6219,0,0,32,23
5,12,65098.0,-1.837877086850824,-0.8684952254958895,TIME_LIMIT,6265,0,0,42,19
5,12,65678.0,-1.837877086850824,-0.8684952254958895,TIME_LIMIT,6301,0,0,18,9
5,12,66160.0,-1.837872726391746,-0.8684952254958895,TIME_LIMIT,6355,0,0,32,11
5,12,66703.0,-1.837872726391746,-0.8684952254958895,TIME_LIMIT,6391,0,0,18,13
5,12,67246.0,-1.8376710706837518,-0.8684952254958895,TIME_LIMIT,6435,0,0,15,6
5,12,67794.0,-1.8376710706837518,-0.8684952254958895,TIME_LIMIT,6470,0,0,45,30
5,12,68339.0,-1.8369735336930906,-0.8684952254958895,TIME_LIMIT,6525,0,0,33,14
5,12,68881.0,-1.8369735336930906,-0.8684952254958895,TIME_LIMIT,6556,0,0,32,23
5,12,69496.0,-1.836744437610124,-0.8684952254958895,TIME_LIMIT,6606,0,0,30,11
5,12,70038.0,-1.836744437610124,-0.8684952254958895,TIME_LIMIT,6636,0,0,39,18
5,12,70580.0,-1.836600141856824,-0.8684952254958895,TIME_LIMIT,6687,0,0,30,12
5,12,71123.0,-1.836600141856824,-0.8684952254958895,TIME_LIMIT,6713,0,0,35,38
5,12,71667.0,-1.8364665477308808,-0.8684952254958895,TIME_LIMIT,6768,0,0,32,11
5,12,72128.0,-1.8364665477308808,-0.8684952254958895,TIME_LIMIT,6803,0,0,27,18
5,12,72670.0,-1.836289893633789,-0.8684952254958895,TIME_LIMIT,6853,0,0,28,23
5,12,72867.0,-1.836289893633789,-0.8684952254958895,TIME_LIMIT,6876,0,0,37,22
5,12,73255.0,-1.8355703629094136,-0.8684952254958895,TIME_LIMIT,6928,0,0,22,7
5,12,73799.0,-1.8355703629094136,-0.8684952254958895,TIME_LIMIT,6970,0,0,44,19
5,12,74341.0,-1.8355007218377832,-0.8684952254958895,TIME_LIMIT,7007,0,0,17,13
5,12,74869.0,-1.8355007218377832,-0.8684952254958895,TIME_LIMIT,7046,0,0,35,17
5,12,75201.0,-1.8348518787886494,-0.8684952254958895,TIME_LIMIT,7085,0,0,28,16
5,12,75551.0,-1.8348518787886494,-0.8684952254958895,TIME_LIMIT,7120,0,0,26,12
5,12,75902.0,-1.8333610625770806,-0.8684952254958895,TIME_LIMIT,7160,0,0,31,15
5,12,76241.0,-1.8333610625770806,-0.8684952254958895,TIME_LIMIT,7189,0,0,26,12
5,12,76617.0,-1.8332899966851322,-0.8684952254958895,TIME_LIMIT,7240,0,0,14,6
5,12,77051.0,-1.8332899966851322,-0.8684952254958895,TIME_LIMIT,7272,0,0,35,17
5,12,77597.0,-1.8323658944516117,-0.8684952254958895,TIME_LIMIT,7320,0,0,28,20
5,12,78143.0,-1.8323658944516117,-0.8684952254958895,TIME_LIMIT,7356,0,0,51,42
5,12,78718.0,-1.8322306655758378,-0.8684952254958895,TIME_LIMIT,7415,0,0,30,18
5,12,79262.0,-1.8322306655758378,-0.8684952254958895,TIME_LIMIT,7449,0,0,23,15
5,12,79808.0,-1.8315154381567533,-0.8684952254958895,TIME_LIMIT,7504,0,0,28,10
5,12,80223.0,-1.8315154381567533,-0.8684952254958895,TIME_LIMIT,7534,0,0,28,16
5,12,80741.0,-1.8308745413251122,-0.8684952254958895,TIME_LIMIT,7588,0,0,23,15
5,12,81083.0,-1.8308745413251122,-0.8684952254958895,TIME_LIMIT,7625,0,0,45,16
5,12,81625.0,-1.830729780019352,-0.8684952254958895,TIME_LIMIT,7680,0,0,35,14
5,12,82170.0,-1.830729780019352,-0.8684952254958895,TIME_LIMIT,7718,0,0,41,26
5,12,82711.0,-1.8306953434661593,-0.8684952254958895,TIME_LIMIT,7774,0,0,19,9
5,12,83254.0,-1.8306953434661593,-0.8684952254958895,TIME_LIMIT,7808,0,0,21,12
5,12,83800.0,-1.8302080288464895,-0.8684952254958895,TIME_LIMIT,7860,0,0,22,16
5,12,84344.0,-1.8302080288464895,-0.8684952254958895,TIME_LIMIT,7885,0,0,43,34
5,12,84887.0,-1.8287839153426408,-0.8684952254958895,TIME_LIMIT,7937,0,0,30,24
5,12,85431.0,-1.8287839153426408,-0.8684952254958895,TIME_LIMIT,7978,0,0,38,16
5,12,85973.0,-1.8287401399051895,-0.8684952254958895,TIME_LIMIT,8018,0,0,39,26
5,12,86457.0,-1.8287401399051895,-0.8684952254958895,TIME_LIMIT,8052,0,0,38,21
5,12,87005.0,-1.8281969460685348,-0.8684952254958895,TIME_LIMIT,8105,0,0,31,7
5,12,87529.0,-1.8281969460685348,-0.8684952254958895,TIME_LIMIT,8136,0,0,22,13
5,12,88076.0,-1.825634328083963,-0.8684952254958895,TIME_LIMIT,8181,0,0,21,13
5,12,88618.0,-1.825634328083963,-0.8684952254958895,TIME_LIMIT,8220,0,0,36,24
5,12,88933.0,-1.8248773504934497,-0.8684952254958895,TIME_LIMIT,8255,0,0,31,24
5,12,89453.0,-1.8248773504934497,-0.8684952254958895,TIME_LIMIT,8291,0,0,30,18
5,12,89824.0,-1.823863083495676,-0.8684952254958895,TIME_LIMIT,8330,0,0,22,10
5,12,90366.0,-1.823863083495676,-0.8684952254958895,TIME_LIMIT,8367,0,0,29,14
5,12,90511.0,-1.823366923405863,-0.8684952254958895,TIME_LIMIT,8401,0,0,14,3
5,12,91053.0,-1.823366923405863,-0.8684952254958895,TIME_LIMIT,8435,0,0,35,25
5,12,91596.0,-1.8231225089120013,-0.8684952254958895,TIME_LIMIT,8488,0,0,27,13
5,12,91984.0,-1.8231225089120013,-0.8684952254958895,TIME_LIMIT,8519,0,0,32,13
5,12,92493.0,-1.822249107924876,-0.8684952254958895,TIME_LIMIT,8574,0,0,32,14
5,12,92965.0,-1.822249107924876,-0.8684952254958895,TIME_LIMIT,8606,0,0,44,19
5,12,93516.0,-1.8217508584566346,-0.8684952254958895,TIME_LIMIT,8652,0,0,29,14
5,12,93899.0,-1.8217508584566346,-0.8684952254958895,TIME_LIMIT,8684,0,0,44,25
5,12,94392.0,-1.8213198270800959,-0.8684952254958895,TIME_LIMIT,8742,0,0,17,18
5,12,94620.0,-1.8213198270800959,-0.8684952254958895,TIME_LIMIT,8771,0,0,30,13
5,12,94952.0,-1.821301131187392,-0.8684952254958895,TIME_LIMIT,8822,0,0,31,12
5,12,95268.0,-1.821301131187392,-0.8684952254958895,TIME_LIMIT,8853,0,0,44,26
5,12,95812.0,-1.8208836177944845,-0.8684952254958895,TIME_LIMIT,8904,0,0,29,12
5,12,96060.0,-1.8208836177944845,-0.8684952254958895,TIME_LIMIT,8932,0,0,46,27
5,12,96602.0,-1.819338786194525,-0.8684952254958895,TIME_LIMIT,8978,0,0,29,16
5,12,96979.0,-1.819338786194525,-0.8684952254958895,TIME_LIMIT,9014,0,0,40,10
5,12,97293.0,-1.819211340331439,-0.8684952254958895,TIME_LIMIT,9049,0,0,10,13
5,12,97528.0,-1.819211340331439,-0.8684952254958895,TIME_LIMIT,9078,0,0,37,29
5,12,98070.0,-1.8184276948397013,-0.8684952254958895,TIME_LIMIT,9134,0,0,27,20
5,12,98623.0,-1.8184276948397013,-0.8684952254958895,TIME_LIMIT,9166,0,0,38,28
5,12,99167.0,-1.8181654288257931,-0.8684952254958895,TIME_LIMIT,9222,0,0,27,14
5,12,99484.0,-1.8181654288257931,-0.8684952254958895,TIME_LIMIT,9256,0,0,38,22
5,12,100026.0,-1.8168569074027203,-0.8684952254958895,TIME_LIMIT,9307,0,0,27,14
5,12,100243.0,-1.8168569074027203,-0.8684952254958895,TIME_LIMIT,9337,0,0,40,25
5,12,100788.0,-1.8166525322783291,-0.8684952254958895,TIME_LIMIT,9387,0,0,28,11
5,12,101331.0,-1.8166525322783291,-0.8684952254958895,TIME_LIMIT,9424,0,0,34,15
5,12,101756.0,-1.8161564071991347,-0.8684952254958895,TIME_LIMIT,9464,0,0,30,8
5,12,102299.0,-1.8161564071991347,-0.8684952254958895,TIME_LIMIT,9495,0,0,36,23
5,12,102862.0,-1.8159634331880503,-0.8684952254958895,TIME_LIMIT,9542,0,0,27,12
5,12,103407.0,-1.8159634331880503,-0.8684952254958895,TIME_LIMIT,9576,0,0,46,44
5,12,103950.0,-1.8157200867141896,-0.8684952254958895,TIME_LIMIT,9627,0,0,22,7
5,12,104495.0,-1.8157200867141896,-0.8684952254958895,TIME_LIMIT,9660,0,0,38,45
5,12,105037.0,-1.8154967628895258,-0.8684952254958895,TIME_LIMIT,9712,0,0,26,17
5,12,105421.0,-1.8154967628895258,-0.8684952254958895,TIME_LIMIT,9747,0,0,30,8
5,12,105962.0,-1.8151475985374836,-0.8684952254958895,TIME_LIMIT,9777,0,0,25,13
5,12,106550.0,-1.8151475985374836,-0.8684952254958895,TIME_LIMIT,9807,0,0,17,12
5,12,107092.0,-1.8151324987929474,-0.8684952254958895,TIME_LIMIT,9840,0,0,27,14
5,12,107382.0,-1.8151324987929474,-0.8684952254958895,TIME_LIMIT,9867,0,0,33,18
5,12,107927.0,-1.8150565207838465,-0.8684952254958895,TIME_LIMIT,9923,0,0,26,16
5,12,108470.0,-1.8150565207838465,-0.8684952254958895,TIME_LIMIT,9951,0,0,41,42
5,12,109009.0,-1.8149509620364315,-0.8684952254958895,TIME_LIMIT,10004,0,0,18,9
5,12,109316.0,-1.8149509620364315,-0.8684952254958895,TIME_LIMIT,10035,0,0,38,25
5,12,109897.0,-1.8146079816354719,-0.8684952254958895,TIME_LIMIT,10081,0,0,25,10
5,12,110439.0,-1.8146079816354719,-0.8684952254958895,TIME_LIMIT,10112,0,0,34,24
5,12,111013.0,-1.8144663199290163,-0.8684952254958895,TIME_LIMIT,10169,0,0,34,14
5,12,111555.0,-1.8144663199290163,-0.8684952254958895,TIME_LIMIT,10207,0,0,33,12
5,12,112095.0,-1.814096969030352,-0.8684952254958895,TIME_LIMIT,10245,0,0,27,5
5,12,112385.0,-1.814096969030352,-0.8684952254958895,TIME_LIMIT,10280,0,0,34,16
5,12,112926.0,-1.8135166491983066,-0.8684952254958895,TIME_LIMIT,10331,0,0,30,9
5,12,113510.0,-1.8135166491983066,-0.8684952254958895,TIME_LIMIT,10364,0,0,38,20
5,12,114051.0,-1.8132389043340462,-0.8684952254958895,TIME_LIMIT,10420,0,0,33,14
5,12,114536.0,-1.8132389043340462,-0.8684952254958895,TIME_LIMIT,10448,0,0,33,20
5,12,115078.0,-1.8131965015157416,-0.8684952254958895,TIME_LIMIT,10501,0,0,19,5
5,12,115620.0,-1.8131965015157416,-0.8684952254958895,TIME_LIMIT,10532,0,0,26,20
5,12,116161.0,-1.8127205903105035,-0.8684952254958895,TIME_LIMIT,10588,0,0,32,9
5,12,116707.0,-1.8127205903105035,-0.8684952254958895,TIME_LIMIT,10627,0,0,39,27
5,12,117249.0,-1.812515426296374,-0.8684952254958895,TIME_LIMIT,10678,0,0,28,14
5,12,117792.0,-1.812515426296374,-0.8684952254958895,TIME_LIMIT,10714,0,0,39,40
5,12,118334.0,-1.812360250553088,-0.8684952254958895,TIME_LIMIT,10763,0,0,27,16
5,12,118718.0,-1.812360250553088,-0.8684952254958895,TIME_LIMIT,10795,0,0,38,20
5,12,119260.0,-1.812345911733185,-0.8684952254958895,TIME_LIMIT,10846,0,0,24,14
5,12,119626.0,-1.812345911733185,-0.8684952254958895,TIME_LIMIT,10878,0,0,35,24
5,12,120169.0,-1.8120368956580246,-0.8684952254958895,TIME_LIMIT,10924,0,0,24,10
5,12,120558.0,-1.8120368956580246,-0.8684952254958895,TIME_LIMIT,10961,0,0,42,17
5,12,121099.0,-1.8118874787624861,-0.8684952254958895,TIME_LIMIT,11012,0,0,21,15
5,12,121651.0,-1.8118874787624861,-0.8684952254958895,TIME_LIMIT,11043,0,0,27,32
5,12,122193.0,-1.8118141469102285,-0.8684952254958895,TIME_LIMIT,11097,0,0,22,23
5,12,122736.0,-1.8118141469102285,-0.8684952254958895,TIME_LIMIT,11134,0,0,34,13
5,12,123243.0,-1.811722350995072,-0.8684952254958895,TIME_LIMIT,11173,0,0,43,25
5,12,123785.0,-1.811722350995072,-0.8684952254958895,TIME_LIMIT,11205,0,0,27,20
5,12,124325.0,-1.8115916418985052,-0.8684952254958895,TIME_LIMIT,11258,0,0,34,8
5,12,124709.0,-1.8115916418985052,-0.8684952254958895,TIME_LIMIT,11288,0,0,21,17
5,12,125248.0,-1.8110751923849857,-0.8684952254958895,TIME_LIMIT,11340,0,0,30,17
5,12,125789.0,-1.8110751923849857,-0.8684952254958895,TIME_LIMIT,11382,0,0,38,13
5,12,126297.0,-1.8107308911950524,-0.8684952254958895,TIME_LIMIT,11423,0,0,32,12
5,12,126840.0,-1.8107308911950524,-0.8684952254958895,TIME_LIMIT,11457,0,0,27,17
5,12,127416.0,-1.8104633951128608,-0.8684952254958895,TIME_LIMIT,11513,0,0,35,12
5,12,127961.0,-1.8104633951128608,-0.8684952254958895,TIME_LIMIT,11545,0,0,20,24
5,12,128503.0,-1.8101837203074087,-0.8684952254958895,TIME_LIMIT,11594,0,0,18,15
5,12,129041.0,-1.8101837203074087,-0.8684952254958895,TIME_LIMIT,11631,0,0,45,36
5,12,129593.0,-1.8101744027340736,-0.8684952254958895,TIME_LIMIT,11682,0,0,16,6
5,12,130109.0,-1.8101744027340736,-0.8684952254958895,TIME_LIMIT,11724,0,0,39,25
5,12,130652.0,-1.810039045287518,-0.8684952254958895,TIME_LIMIT,11774,0,0,26,19
5,12,131197.0,-1.810039045287518,-0.8684952254958895,TIME_LIMIT,11803,0,0,37,30
5,12,131739.0,-1.809889058402609,-0.8684952254958895,TIME_LIMIT,11845,0,0,25,14
5,12,132225.0,-1.809889058402609,-0.8684952254958895,TIME_LIMIT,11881,0,0,35,31
5,12,132769.0,-1.8098763145942591,-0.8684952254958895,TIME_LIMIT,11928,0,0,26,12
5,12,133306.0,-1.8098763145942591,-0.8684952254958895,TIME_LIMIT,11975,0,0,38,19
5,12,133847.0,-1.8096556125774146,-0.8684952254958895,TIME_LIMIT,12010,0,0,17,0
5,12,134393.0,-1.8096556125774146,-0.8684952254958895,TIME_LIMIT,12048,0,0,32,16
5,12,134935.0,-1.8094055339957569,-0.8684952254958895,TIME_LIMIT,12083,0,0,19,6
5,12,135478.0,-1.8094055339957569,-0.8684952254958895,TIME_LIMIT,12119,0,0,36,30
5,12,136018.0,-1.8088308764605225,-0.8684952254958895,TIME_LIMIT,12147,0,0,37,29
5,12,136531.0,-1.8088308764605225,-0.8684952254958895,TIME_LIMIT,12180,0,0,39,30
5,12,137074.0,-1.808739414975803,-0.8684952254958895,TIME_LIMIT,12226,0,0,27,10
5,12,137617.0,-1.808739414975803,-0.8684952254958895,TIME_LIMIT,12258,0,0,40,40
5,12,138163.0,-1.8082992006008827,-0.8684952254958895,TIME_LIMIT,12311,0,0,26,16
5,12,138705.0,-1.8082992006008827,-0.8684952254958895,TIME_LIMIT,12340,0,0,28,16
5,12,139229.0,-1.8081802187058735,-0.8684952254958895,TIME_LIMIT,12395,0,0,23,13
5,12,139772.0,-1.8081802187058735,-0.8684952254958895,TIME_LIMIT,12433,0,0,19,20
5,12,140313.0,-1.8080444387544645,-0.8684952254958895,TIME_LIMIT,12489,0,0,13,12
5,12,140857.0,-1.8080444387544645,-0.8684952254958895,TIME_LIMIT,12517,0,0,44,55
5,12,141439.0,-1.8077055472491599,-0.8684952254958895,TIME_LIMIT,12583,0,0,31,18
5,12,141994.0,-1.8077055472491599,-0.8684952254958895,TIME_LIMIT,12623,0,0,32,23
5,12,142537.0,-1.8076707176225393,-0.8684952254958895,TIME_LIMIT,12674,0,0,23,20
5,12,142996.0,-1.8076707176225393,-0.8684952254958895,TIME_LIMIT,12720,0,0,36,18
5,12,143573.0,-1.8072902788051424,-0.8684952254958895,TIME_LIMIT,12757,0,0,39,17
5,12,144114.0,-1.8072902788051424,-0.8684952254958895,TIME_LIMIT,12789,0,0,21,12
5,12,144652.0,-1.8071994222272407,-0.8684952254958895,TIME_LIMIT,12822,0,0,25,11
5,12,145044.0,-1.8071994222272407,-0.8684952254958895,TIME_LIMIT,12850,0,0,39,22
5,12,145573.0,-1.8071801534686418,-0.8684952254958895,TIME_LIMIT,12903,0,0,26,6
5,12,146115.0,-1.8071801534686418,-0.8684952254958895,TIME_LIMIT,12934,0,0,41,27
5,12,146658.0,-1.8071377733039264,-0.8684952254958895,TIME_LIMIT,12981,0,0,18,8
5,12,147200.0,-1.8071377733039264,-0.8684952254958895,TIME_LIMIT,13007,0,0,30,22
5,12,147748.0,-1.806729089211688,-0.8684952254958895,TIME_LIMIT,13054,0,0,25,6
5,12,148279.0,-1.806729089211688,-0.8684952254958895,TIME_LIMIT,13096,0,0,28,11
5,12,148857.0,-1.8066385488189434,-0.8684952254958895,TIME_LIMIT,13145,0,0,21,12
5,12,149399.0,-1.8066385488189434,-0.8684952254958895,TIME_LIMIT,13179,0,0,35,23
5,12,149942.0,-1.8065303884493207,-0.8684952254958895,TIME_LIMIT,13236,0,0,40,19
5,12,150519.0,-1.8065303884493207,-0.8684952254958895,TIME_LIMIT,13266,0,0,42,22
5,12,151069.0,-1.8064014653201226,-0.8684952254958895,TIME_LIMIT,13323,0,0,34,14
5,12,151333.0,-1.8064014653201226,-0.8684952254958895,TIME_LIMIT,13353,0,0,38,30
5,12,151877.0,-1.8063917091016606,-0.8684952254958895,TIME_LIMIT,13409,0,0,19,14
5,12,152326.0,-1.8063917091016606,-0.8684952254958895,TIME_LIMIT,13450,0,0,41,33
5,12,152869.0,-1.8063254150818608,-0.8684952254958895,TIME_LIMIT,13501,0,0,20,22
5,12,153412.0,-1.8063254150818608,-0.8684952254958895,TIME_LIMIT,13541,0,0,29,11
5,12,153954.0,-1.805944128717069,-0.8684952254958895,TIME_LIMIT,13596,0,0,22,10
5,12,154343.0,-1.805944128717069,-0.8684952254958895,TIME_LIMIT,13635,0,0,28,14
5,12,154886.0,-1.8055493097031299,-0.8684952254958895,TIME_LIMIT,13688,0,0,35,13
5,12,155430.0,-1.8055493097031299,-0.8684952254958895,TIME_LIMIT,13724,0,0,40,23
5,12,155934.0,-1.8055473325882003,-0.8684952254958895,TIME_LIMIT,13777,0,0,35,13
5,12,156476.0,-1.8055473325882003,-0.8684952254958895,TIME_LIMIT,13807,0,0,26,11
5,12,157019.0,-1.8051844834752901,-0.8684952254958895,TIME_LIMIT,13857,0,0,27,16
5,12,157564.0,-1.8051844834752901,-0.8684952254958895,TIME_LIMIT,13897,0,0,34,14
5,12,157863.0,-1.8050480303188448,-0.8684952254958895,TIME_LIMIT,13925,0,0,34,12
5,12,158404.0,-1.8050480303188448,-0.8684952254958895,TIME_LIMIT,13957,0,0,29,22
5,12,158946.0,-1.8048201944946662,-0.8684952254958895,TIME_LIMIT,14004,0,0,28,16
5,12,159238.0,-1.8048201944946662,-0.8684952254958895,TIME_LIMIT,14035,0,0,37,15
5,12,159779.0,-1.8046272332293456,-0.8684952254958895,TIME_LIMIT,14083,0,0,24,11
5,12,160368.0,-1.8046272332293456,-0.8684952254958895,TIME_LIMIT,14119,0,0,26,13
5,12,160746.0,-1.8041772693027094,-0.8684952254958895,TIME_LIMIT,14153,0,0,31,10
5,12,161288.0,-1.8041772693027094,-0.8684952254958895,TIME_LIMIT,14182,0,0,35,26
5,12,161831.0,-1.8039494997187615,-0.8684952254958895,TIME_LIMIT,14244,0,0,33,17
5,12,162295.0,-1.8039494997187615,-0.8684952254958895,TIME_LIMIT,14281,0,0,36,27
5,12,162838.0,-1.803845967548574,-0.8684952254958895,TIME_LIMIT,14319,0,0,33,16
5,12,163348.0,-1.803845967548574,-0.8684952254958895,TIME_LIMIT,14359,0,0,41,33
5,12,163890.0,-1.8038449979785112,-0.8684952254958895,TIME_LIMIT,14412,0,0,34,11
5,12,164400.0,-1.8038449979785112,-0.8684952254958895,TIME_LIMIT,14447,0,0,22,28
5,12,164943.0,-1.8033108072750106,-0.8684952254958895,TIME_LIMIT,14500,0,0,30,14
5,12,165497.0,-1.8033108072750106,-0.8684952254958895,TIME_LIMIT,14534,0,0,31,14
5,12,165796.0,-1.8028183068242332,-0.8684952254958895,TIME_LIMIT,14563,0,0,25,14
5,12,166303.0,-1.8028183068242332,-0.8684952254958895,TIME_LIMIT,14600,0,0,17,4
5,12,166619.0,-1.8027823690365616,-0.8684952254958895,TIME_LIMIT,14638,0,0,21,5
5,12,167162.0,-1.8027823690365616,-0.8684952254958895,TIME_LIMIT,14672,0,0,44,35
5,12,167703.0,-1.8026721615026706,-0.8684952254958895,TIME_LIMIT,14726,0,0,24,12
5,12,168188.0,-1.8026721615026706,-0.8684952254958895,TIME_LIMIT,14762,0,0,38,12
5,12,168502.0,-1.802512950587289,-0.8684952254958895,TIME_LIMIT,14797,0,0,31,6
5,12,168953.0,-1.802512950587289,-0.8684952254958895,TIME_LIMIT,14828,0,0,17,20
5,12,169495.0,-1.8023985935119227,-0.8684952254958895,TIME_LIMIT,14882,0,0,34,13
5,12,169856.0,-1.8023985935119227,-0.8684952254958895,TIME_LIMIT,14920,0,0,21,8
5,12,170302.0,-1.8017262456938938,-0.8684952254958895,TIME_LIMIT,14966,0,0,30,17
5,12,170752.0,-1.8017262456938938,-0.8684952254958895,TIME_LIMIT,14997,0,0,35,27
5,12,171283.0,-1.8013840404461081,-0.8684952254958895,TIME_LIMIT,15051,0,0,31,8
5,12,171627.0,-1.8013840404461081,-0.8684952254958895,TIME_LIMIT,15086,0,0,28,6
5,12,171941.0,-1.8009403207428742,-0.8684952254958895,TIME_LIMIT,15122,0,0,23,9
5,12,172483.0,-1.8009403207428742,-0.8684952254958895,TIME_LIMIT,15150,0,0,35,23
5,12,173024.0,-1.7998975300989546,-0.8684952254958895,TIME_LIMIT,15197,0,0,31,16
5,12,173568.0,-1.7998975300989546,-0.8684952254958895,TIME_LIMIT,15234,0,0,31,25
5,12,173924.0,-1.7995740902985924,-0.8684952254958895,TIME_LIMIT,15270,0,0,36,17
5,12,174465.0,-1.7995740902985924,-0.8684952254958895,TIME_LIMIT,15301,0,0,42,44
5,12,175006.0,-1.7991279069537356,-0.8684952254958895,TIME_LIMIT,15354,0,0,31,14
5,12,175548.0,-1.7991279069537356,-0.8684952254958895,TIME_LIMIT,15386,0,0,33,24
5,12,176090.0,-1.798078900128905,-0.8684952254958895,TIME_LIMIT,15430,0,0,31,6
5,12,176632.0,-1.798078900128905,-0.8684952254958895,TIME_LIMIT,15466,0,0,34,15
5,12,177171.0,-1.797636217544687,-0.8684952254958895,TIME_LIMIT,15513,0,0,34,18
5,12,177640.0,-1.797636217544687,-0.8684952254958895,TIME_LIMIT,15551,0,0,37,21
5,12,178185.0,-1.7975899478504909,-0.8684952254958895,TIME_LIMIT,15603,0,0,24,16
5,12,178729.0,-1.7975899478504909,-0.8684952254958895,TIME_LIMIT,15632,0,0,21,21
5,12,179272.0,-1.7962179756774868,-0.8684952254958895,TIME_LIMIT,15681,0,0,25,13
5,12,179814.0,-1.7962179756774868,-0.8684952254958895,TIME_LIMIT,15711,0,0,26,14
5,12,180373.0,-1.796159698667514,-0.8684952254958895,TIME_LIMIT,15756,0,0,25,14
5,12,180845.0,-1.796159698667514,-0.8684952254958895,TIME_LIMIT,15782,0,0,37,29
5,12,181395.0,-1.7961253750828279,-0.8684952254958895,TIME_LIMIT,15836,0,0,34,12
5,12,181940.0,-1.7961253750828279,-0.8684952254958895,TIME_LIMIT,15862,0,0,48,22
5,12,182481.0,-1.7960303851895527,-0.8684952254958895,TIME_LIMIT,15915,0,0,33,13
5,12,182856.0,-1.7960303851895527,-0.8684952254958895,TIME_LIMIT,15945,0,0,31,26
5,12,183347.0,-1.7959114921150687,-0.8684952254958895,TIME_LIMIT,15998,0,0,29,15
5,12,183914.0,-1.7959114921150687,-0.8684952254958895,TIME_LIMIT,16035,0,0,17,29
5,12,184469.0,-1.7956765934133172,-0.8684952254958895,TIME_LIMIT,16083,0,0,23,19
5,12,185013.0,-1.7956765934133172,-0.8684952254958895,TIME_LIMIT,16116,0,0,33,50
5,12,185554.0,-1.7952313386204155,-0.8684952254958895,TIME_LIMIT,16170,0,0,37,15
5,12,185990.0,-1.7952313386204155,-0.8684952254958895,TIME_LIMIT,16202,0,0,21,12
5,12,186506.0,-1.7950801942524541,-0.8684952254958895,TIME_LIMIT,16258,0,0,13,12
5,12,187049.0,-1.7950801942524541,-0.8684952254958895,TIME_LIMIT,16294,0,0,35,20
5,12,187632.0,-1.7946829457524036,-0.8684952254958895,TIME_LIMIT,16348,0,0,26,17
5,12,188178.0,-1.7946829457524036,-0.8684952254958895,TIME_LIMIT,16388,0,0,45,32
5,12,188720.0,-1.7946729343833923,-0.8684952254958895,TIME_LIMIT,16439,0,0,22,9
5,12,189261.0,-1.7946729343833923,-0.8684952254958895,TIME_LIMIT,16479,0,0,40,13
5,12,189801.0,-1.7945607926705953,-0.8684952254958895,TIME_LIMIT,16521,0,0,22,7
5,12,190343.0,-1.7945607926705953,-0.8684952254958895,TIME_LIMIT,16561,0,0,42,25
5,12,190753.0,-1.794375205078927,-0.8684952254958895,TIME_LIMIT,16602,0,0,28,6
5,12,191283.0,-1.794375205078927,-0.8684952254958895,TIME_LIMIT,16634,0,0,41,20
5,12,191802.0,-1.7937539329737608,-0.8684952254958895,TIME_LIMIT,16690,0,0,27,14
5,12,192345.0,-1.7937539329737608,-0.8684952254958895,TIME_LIMIT,16722,0,0,26,16
5,12,192885.0,-1.7935346324258172,-0.8684952254958895,TIME_LIMIT,16775,0,0,30,19
5,12,193289.0,-1.7935346324258172,-0.8684952254958895,TIME_LIMIT,16806,0,0,17,14
5,12,193568.0,-1.7930703122605802,-0.8684952254958895,TIME_LIMIT,16854,0,0,21,7
5,12,194110.0,-1.7930703122605802,-0.8684952254958895,TIME_LIMIT,16892,0,0,24,14
5,12,194654.0,-1.7927063771018934,-0.8684952254958895,TIME_LIMIT,16931,0,0,24,13
5,12,195195.0,-1.7927063771018934,-0.8684952254958895,TIME_LIMIT,16975,0,0,38,20
5,12,195735.0,-1.792613506536859,-0.8684952254958895,TIME_LIMIT,17014,0,0,17,9
5,12,196186.0,-1.792613506536859,-0.8684952254958895,TIME_LIMIT,17052,0,0,39,25
5,12,196728.0,-1.7924978045361757,-0.8684952254958895,TIME_LIMIT,17107,0,0,35,21
5,12,197270.0,-1.7924978045361757,-0.8684952254958895,TIME_LIMIT,17146,0,0,37,17
5,12,197725.0,-1.7923383707002565,-0.8684952254958895,TIME_LIMIT,17181,0,0,30,16
5,12,198000.0,-1.7923383707002565,-0.8684952254958895,TIME_LIMIT,17216,0,0,24,8
5,12,198544.0,-1.7921984486092297,-0.8684952254958895,TIME_LIMIT,17270,0,0,12,12
5,12,199086.0,-1.7921984486092297,-0.8684952254958895,TIME_LIMIT,17304,0,0,29,8
5,12,199627.0,-1.7921944472636901,-0.8684952254958895,TIME_LIMIT,17354,0,0,21,19
5,12,200172.0,-1.7921944472636901,-0.8684952254958895,TIME_LIMIT,17384,0,0,36,57
5,12,200713.0,-1.791428164847742,-0.8684952254958895,TIME_LIMIT,17431,0,0,31,12
5,12,201254.0,-1.791428164847742,-0.8684952254958895,TIME_LIMIT,17464,0,0,42,40
5,12,201794.0,-1.7910246678620403,-0.8684952254958895,TIME_LIMIT,17523,0,0,37,13
5,12,202306.0,-1.7910246678620403,-0.8684952254958895,TIME_LIMIT,17557,0,0,36,29
5,12,202850.0,-1.7908888693252254,-0.8684952254958895,TIME_LIMIT,17606,0,0,25,15
5,12,203394.0,-1.7908888693252254,-0.8684952254958895,TIME_LIMIT,17655,0,0,43,10
5,12,203935.0,-1.7907988791826117,-0.8684952254958895,TIME_LIMIT,17701,0,0,39,14
5,12,204476.0,-1.7907988791826117,-0.8684952254958895,TIME_LIMIT,17736,0,0,45,37
5,12,205017.0,-1.790796440503825,-0.8684952254958895,TIME_LIMIT,17789,0,0,19,15
5,12,205562.0,-1.790796440503825,-0.8684952254958895,TIME_LIMIT,17825,0,0,31,20
5,12,206137.0,-1.7906200182072267,-0.8684952254958895,TIME_LIMIT,17864,0,0,37,23
5,12,206678.0,-1.7906200182072267,-0.8684952254958895,TIME_LIMIT,17903,0,0,21,22
5,12,207134.0,-1.7905797085397293,-0.8684952254958895,TIME_LIMIT,17945,0,0,20,9
5,12,207675.0,-1.7905797085397293,-0.8684952254958895,TIME_LIMIT,17974,0,0,35,19
5,12,208204.0,-1.7905197994791497,-0.8684952254958895,TIME_LIMIT,18039,0,0,23,13
5,12,208586.0,-1.7905197994791497,-0.8684952254958895,TIME_LIMIT,18072,0,0,37,36
5,12,209130.0,-1.7903764891496698,-0.8684952254958895,TIME_LIMIT,18124,0,0,22,5
5,12,209672.0,-1.7903764891496698,-0.8684952254958895,TIME_LIMIT,18157,0,0,22,13
5,12,210214.0,-1.7899634617216982,-0.8684952254958895,TIME_LIMIT,18208,0,0,21,14
5,12,210756.0,-1.7899634617216982,-0.8684952254958895,TIME_LIMIT,18249,0,0,40,24
5,12,211295.0,-1.7897907709899443,-0.8684952254958895,TIME_LIMIT,18290,0,0,24,5
5,12,211556.0,-1.7897907709899443,-0.8684952254958895,TIME_LIMIT,18322,0,0,39,19
5,12,212052.0,-1.789776209421713,-0.8684952254958895,TIME_LIMIT,18374,0,0,31,22
5,12,212598.0,-1.789776209421713,-0.8684952254958895,TIME_LIMIT,18410,0,0,33,31
5,12,213142.0,-1.7897529693112264,-0.8684952254958895,TIME_LIMIT,18467,0,0,33,17
5,12,213684.0,-1.7897529693112264,-0.8684952254958895,TIME_LIMIT,18496,0,0,48,53
5,12,214225.0,-1.7891116264890081,-0.8684952254958895,TIME_LIMIT,18550,0,0,35,23
5,12,214628.0,-1.7891116264890081,-0.8684952254958895,TIME_LIMIT,18575,0,0,42,26
5,12,215170.0,-1.789073784182779,-0.8684952254958895,TIME_LIMIT,18624,0,0,31,6
5,12,215566.0,-1.789073784182779,-0.8684952254958895,TIME_LIMIT,18667,0,0,34,18
5,12,216117.0,-1.7886267092950374,-0.8684952254958895,TIME_LIMIT,18702,0,0,19,7
5,12,216659.0,-1.7886267092950374,-0.8684952254958895,TIME_LIMIT,18732,0,0,36,17
5,12,217201.0,-1.7886088611810818,-0.8684952254958895,TIME_LIMIT,18782,0,0,17,9
5,12,217741.0,-1.7886088611810818,-0.8684952254958895,TIME_LIMIT,18819,0,0,44,38
5,12,218283.0,-1.7886078443932736,-0.8684952254958895,TIME_LIMIT,18871,0,0,26,17
5,12,218715.0,-1.7886078443932736,-0.8684952254958895,TIME_LIMIT,18906,0,0,42,31
5,12,219269.0,-1.7884666163564573,-0.8684952254958895,TIME_LIMIT,18956,0,0,13,6
5,12,219818.0,-1.7884666163564573,-0.8684952254958895,TIME_LIMIT,18997,0,0,33,25
5,12,220358.0,-1.7883937890754176,-0.8684952254958895,TIME_LIMIT,19032,0,0,38,24
5,12,220873.0,-1.7883937890754176,-0.8684952254958895,TIME_LIMIT,19068,0,0,25,16
5,12,221415.0,-1.7883296734446879,-0.8684952254958895,TIME_LIMIT,19120,0,0,14,13
5,12,221958.0,-1.7883296734446879,-0.8684952254958895,TIME_LIMIT,19152,0,0,29,34
5,12,222499.0,-1.788270432085447,-0.8684952254958895,TIME_LIMIT,19207,0,0,19,5
5,12,223075.0,-1.788270432085447,-0.8684952254958895,TIME_LIMIT,19234,0,0,36,26
5,12,223616.0,-1.7881813401641447,-0.8684952254958895,TIME_LIMIT,19287,0,0,34,8
5,12,224157.0,-1.7881813401641447,-0.8684952254958895,TIME_LIMIT,19317,0,0,35,29
5,12,224699.0,-1.7881569825352148,-0.8684952254958895,TIME_LIMIT,19369,0,0,33,13
5,12,225243.0,-1.7881569825352148,-0.8684952254958895,TIME_LIMIT,19400,0,0,33,21
5,12,225786.0,-1.7881244895367387,-0.8684952254958895,TIME_LIMIT,19455,0,0,21,8
5,12,226372.0,-1.7881244895367387,-0.8684952254958895,TIME_LIMIT,19487,0,0,45,36
5,12,226940.0,-1.7880931524491266,-0.8684952254958895,TIME_LIMIT,19543,0,0,31,22
5,12,227484.0,-1.7880931524491266,-0.8684952254958895,TIME_LIMIT,19588,0,0,49,36
5,12,227930.0,-1.787975743099138,-0.8684952254958895,TIME_LIMIT,19629,0,0,22,13
5,12,228317.0,-1.787975743099138,-0.8684952254958895,TIME_LIMIT,19670,0,0,16,5
5,12,228544.0,-1.7878845604620843,-0.8684952254958895,TIME_LIMIT,19703,0,0,15,8
5,12,229087.0,-1.7878845604620843,-0.8684952254958895,TIME_LIMIT,19741,0,0,44,26
5,12,229630.0,-1.7876507522675704,-0.8684952254958895,TIME_LIMIT,19796,0,0,35,18
5,12,230213.0,-1.7876507522675704,-0.8684952254958895,TIME_LIMIT,19831,0,0,48,60
5,12,230757.0,-1.7876462179742734,-0.8684952254958895,TIME_LIMIT,19881,0,0,27,18
5,12,231298.0,-1.7876462179742734,-0.8684952254958895,TIME_LIMIT,19925,0,0,33,11
5,12,231840.0,-1.7873044954662198,-0.8684952254958895,TIME_LIMIT,19961,0,0,39,18
5,12,232341.0,-1.7873044954662198,-0.9913228285863721,TIME_LIMIT,19995,0,0,24,18
5,12,232885.0,-1.7870376591927484,-0.9913228285863721,TIME_LIMIT,20049,0,0,24,13
5,12,233231.0,-1.7870376591927484,-0.9913228285863721,TIME_LIMIT,20077,0,0,34,20
5,12,233777.0,-1.7870218667771136,-0.9913228285863721,TIME_LIMIT,20126,0,0,27,11
5,12,234319.0,-1.7870218667771136,-0.9913228285863721,TIME_LIMIT,20157,0,0,37,23
5,12,234860.0,-1.7869717232420355,-0.9913228285863721,TIME_LIMIT,20213,0,0,35,13
5,12,235217.0,-1.7869717232420355,-0.9913228285863721,TIME_LIMIT,20250,0,0,37,14
5,12,235757.0,-1.786724384771195,-0.9913228285863721,TIME_LIMIT,20306,0,0,16,11
5,12,236300.0,-1.786724384771195,-0.9913228285863721,TIME_LIMIT,20334,0,0,38,25
5,12,236841.0,-1.7866326963044028,-0.9913228285863721,TIME_LIMIT,20390,0,0,28,10
5,12,237385.0,-1.7866326963044028,-0.9913228285863721,TIME_LIMIT,20421,0,0,15,19
5,12,237927.0,-1.7865133847003192,-0.9913228285863721,TIME_LIMIT,20469,0,0,26,14
5,12,238469.0,-1.7865133847003192,-0.9913228285863721,TIME_LIMIT,20510,0,0,22,3
5,12,239010.0,-1.7864388806781433,-0.9913228285863721,TIME_LIMIT,20552,0,0,33,14
5,12,239552.0,-1.7864388806781433,-0.9913228285863721,TIME_LIMIT,20591,0,0,31,19
5,12,240093.0,-1.7862677025298759,-0.9913228285863721,TIME_LIMIT,20643,0,0,32,20
5,12,240529.0,-1.7862677025298759,-0.9913228285863721,TIME_LIMIT,20674,0,0,30,26
5,12,240876.0,-1.7861356617217927,-0.9913228285863721,TIME_LIMIT,20725,0,0,16,6
5,12,241419.0,-1.7861356617217927,-0.9913228285863721,TIME_LIMIT,20759,0,0,21,12
5,12,241960.0,-1.785830596376135,-0.9913228285863721,TIME_LIMIT,20815,0,0,17,12
5,12,242500.0,-1.785830596376135,-0.9913228285863721,TIME_LIMIT,20857,0,0,39,31
5,12,243040.0,-1.7855536449983969,-0.9913228285863721,TIME_LIMIT,20894,0,0,28,13
5,12,243358.0,-1.7855536449983969,-0.9913228285863721,TIME_LIMIT,20922,0,0,37,19
5,12,243897.0,-1.7855099845645395,-0.9913228285863721,TIME_LIMIT,20969,0,0,29,5
5,12,244444.0,-1.7855099845645395,-0.9913228285863721,TIME_LIMIT,21002,0,0,27,14
5,12,244984.0,-1.785478272385787,-0.9913228285863721,TIME_LIMIT,21056,0,0,31,10
5,12,245526.0,-1.785478272385787,-0.9913228285863721,TIME_LIMIT,21092,0,0,37,21
5,12,246101.0,-1.785382558703655,-0.9913228285863721,TIME_LIMIT,21141,0,0,28,16
5,12,246378.0,-1.785382558703655,-0.9913228285863721,TIME_LIMIT,21171,0,0,42,17
5,12,246918.0,-1.7850928514814675,-0.9913228285863721,TIME_LIMIT,21224,0,0,30,15
5,12,247464.0,-1.7850928514814675,-0.9913228285863721,TIME_LIMIT,21253,0,0,43,42
5,12,248009.0,-1.7850312418053942,-0.9913228285863721,TIME_LIMIT,21309,0,0,27,16
5,12,248552.0,-1.7850312418053942,-0.9913228285863721,TIME_LIMIT,21343,0,0,30,28
5,12,249094.0,-1.7850154045319468,-0.9913228285863721,TIME_LIMIT,21399,0,0,32,16
5,12,249637.0,-1.7850154045319468,-0.9913228285863721,TIME_LIMIT,21428,0,0,36,22
5,12,250099.0,-1.7846132245234818,-0.9913228285863721,TIME_LIMIT,21483,0,0,25,13
5,12,250643.0,-1.7846132245234818,-0.9913228285863721,TIME_LIMIT,21518,0,0,48,24
5,12,251187.0,-1.7845996579049572,-0.9913228285863721,TIME_LIMIT,21569,0,0,26,15
5,12,251730.0,-1.7845996579049572,-0.9913228285863721,TIME_LIMIT,21609,0,0,45,25
5,12,252275.0,-1.7840094407712195,-0.9913228285863721,TIME_LIMIT,21647,0,0,32,14
5,12,252773.0,-1.7840094407712195,-0.9913228285863721,TIME_LIMIT,21690,0,0,22,15
5,12,253313.0,-1.7839806717634503,-0.9913228285863721,TIME_LIMIT,21735,0,0,33,15
5,12,253782.0,-1.7839806717634503,-0.9913228285863721,TIME_LIMIT,21772,0,0,41,22
5,12,254358.0,-1.7834381500636316,-0.9913228285863721,TIME_LIMIT,21825,0,0,26,8
5,12,254904.0,-1.7834381500636316,-0.9913228285863721,TIME_LIMIT,21857,0,0,28,21
5,12,255444.0,-1.7831188279473262,-0.9913228285863721,TIME_LIMIT,21904,0,0,27,14
5,12,255986.0,-1.7831188279473262,-0.9913228285863721,TIME_LIMIT,21936,0,0,34,18
5,12,256434.0,-1.7830987901150028,-0.9913228285863721,TIME_LIMIT,21987,0,0,17,11
5,12,256977.0,-1.7830987901150028,-0.9913228285863721,TIME_LIMIT,22021,0,0,45,18
5,12,257552.0,-1.7830727566696158,-0.9913228285863721,TIME_LIMIT,22079,0,0,27,9
5,12,258100.0,-1.7830727566696158,-0.9913228285863721,TIME_LIMIT,22114,0,0,27,19
5,12,258655.0,-1.782980303092934,-0.9913228285863721,TIME_LIMIT,22157,0,0,38,17
5,12,259198.0,-1.782980303092934,-0.9913228285863721,TIME_LIMIT,22187,0,0,42,26
5,12,259739.0,-1.782763412774605,-0.9913228285863721,TIME_LIMIT,22241,0,0,29,8
5,12,260279.0,-1.782763412774605,-0.9913228285863721,TIME_LIMIT,22276,0,0,35,17
5,12,260822.0,-1.782692619930414,-0.9913228285863721,TIME_LIMIT,22334,0,0,39,18
5,12,261344.0,-1.782692619930414,-0.9913228285863721,TIME_LIMIT,22368,0,0,32,12
5,12,261899.0,-1.78255982635435,-0.9913228285863721,TIME_LIMIT,22426,0,0,26,15
5,12,262442.0,-1.78255982635435,-0.9913228285863721,TIME_LIMIT,22458,0,0,31,21
5,12,262984.0,-1.7823007166326414,-0.9913228285863721,TIME_LIMIT,22515,0,0,33,15
5,12,263470.0,-1.7823007166326414,-0.9913228285863721,TIME_LIMIT,22560,0,0,37,17
5,12,263923.0,-1.7821421961224135,-0.9913228285863721,TIME_LIMIT,22598,0,0,15,9
5,12,264464.0,-1.7821421961224135,-0.9913228285863721,TIME_LIMIT,22634,0,0,41,35
5,12,265005.0,-1.7820268805085921,-0.9913228285863721,TIME_LIMIT,22689,0,0,31,18
5,12,265540.0,-1.7820268805085921,-0.9913228285863721,TIME_LIMIT,22722,0,0,19,18
5,12,266080.0,-1.78191143430117,-0.9913228285863721,TIME_LIMIT,22771,0,0,26,11
5,12,266622.0,-1.78191143430117,-0.9913228285863721,TIME_LIMIT,22804,0,0,37,42
5,12,267160.0,-1.781760655338909,-0.9913228285863721,TIME_LIMIT,22854,0,0,19,13
5,12,267702.0,-1.781760655338909,-0.9913228285863721,TIME_LIMIT,22880,0,0,33,12
5,12,268277.0,-1.781645245442229,-0.9913228285863721,TIME_LIMIT,22932,0,0,22,9
5,12,268853.0,-1.781645245442229,-0.9913228285863721,TIME_LIMIT,22973,0,0,37,18
5,12,269299.0,-1.7816119869385856,-0.9913228285863721,TIME_LIMIT,23015,0,0,44,15
5,12,269842.0,-1.7816119869385856,-0.9913228285863721,TIME_LIMIT,23047,0,0,36,40
5,12,270384.0,-1.781583244923495,-0.9913228285863721,TIME_LIMIT,23100,0,0,12,17
5,12,270926.0,-1.781583244923495,-0.9913228285863721,TIME_LIMIT,23130,0,0,40,51
5,12,271466.0,-1.7814397082812299,-0.9913228285863721,TIME_LIMIT,23187,0,0,19,10
5,12,272043.0,-1.7814397082812299,-0.9913228285863721,TIME_LIMIT,23211,0,0,26,6
5,12,272588.0,-1.7814147879370528,-0.9913228285863721,TIME_LIMIT,23257,0,0,25,12
5,12,273130.0,-1.7814147879370528,-0.9913228285863721,TIME_LIMIT,23295,0,0,38,12
5,12,273671.0,-1.7812422738656593,-0.9913228285863721,TIME_LIMIT,23329,0,0,32,16
5,12,274094.0,-1.7812422738656593,-0.9913228285863721,TIME_LIMIT,23359,0,0,11,23
5,12,274635.0,-1.7812323476388812,-0.9913228285863721,TIME_LIMIT,23404,0,0,23,14
5,12,275169.0,-1.7812323476388812,-0.9913228285863721,TIME_LIMIT,23444,0,0,43,32
5,12,275709.0,-1.7811468251676714,-0.9913228285863721,TIME_LIMIT,23500,0,0,29,19
5,12,276254.0,-1.7811468251676714,-0.9913228285863721,TIME_LIMIT,23539,0,0,36,22
5,12,276796.0,-1.7810874001610166,-0.9913228285863721,TIME_LIMIT,23587,0,0,28,12
5,12,277240.0,-1.7810874001610166,-0.9913228285863721,TIME_LIMIT,23621,0,0,36,16
5,12,277776.0,-1.780999571861076,-0.9913228285863721,TIME_LIMIT,23665,0,0,38,18
5,12,278315.0,-1.780999571861076,-0.9913228285863721,TIME_LIMIT,23704,0,0,24,11
5,12,278815.0,-1.7808407004486861,-0.9913228285863721,TIME_LIMIT,23763,0,0,13,9
5,12,279358.0,-1.7808407004486861,-0.9913228285863721,TIME_LIMIT,23793,0,0,39,30
5,12,279825.0,-1.7807883211967304,-0.9913228285863721,TIME_LIMIT,23850,0,0,35,22
5,12,280367.0,-1.7807883211967304,-0.9913228285863721,TIME_LIMIT,23879,0,0,24,13
5,12,280908.0,-1.780747061050706,-0.9913228285863721,TIME_LIMIT,23930,0,0,31,25
5,12,281333.0,-1.780747061050706,-0.9913228285863721,TIME_LIMIT,23969,0,0,45,29
5,12,281907.0,-1.7805579295114815,-0.9913228285863721,TIME_LIMIT,24026,0,0,34,19
5,12,282452.0,-1.7805579295114815,-0.9913228285863721,TIME_LIMIT,24064,0,0,40,25
5,12,282999.0,-1.7805093472099713,-0.9913228285863721,TIME_LIMIT,24123,0,0,37,12
5,12,283542.0,-1.7805093472099713,-0.9913228285863721,TIME_LIMIT,24158,0,0,38,28
5,12,284085.0,-1.780462198777563,-0.9913228285863721,TIME_LIMIT,24211,0,0,31,8
5,12,284625.0,-1.780462198777563,-0.9913228285863721,TIME_LIMIT,24248,0,0,37,18
5,12,285166.0,-1.78042663506358,-0.9913228285863721,TIME_LIMIT,24293,0,0,25,9
5,12,285594.0,-1.78042663506358,-0.9913228285863721,TIME_LIMIT,24326,0,0,48,35
5,12,286135.0,-1.7804129918303166,-0.9913228285863721,TIME_LIMIT,24381,0,0,18,10
5,12,286715.0,-1.7804129918303166,-0.9913228285863721,TIME_LIMIT,24416,0,0,47,18
5,12,287257.0,-1.7803823497248734,-0.9913228285863721,TIME_LIMIT,24465,0,0,29,14
5,12,287799.0,-1.7803823497248734,-0.9913228285863721,TIME_LIMIT,24503,0,0,31,6
5,12,288340.0,-1.7802110265258115,-0.9913228285863721,TIME_LIMIT,24530,0,0,33,36
5,12,288883.0,-1.7802110265258115,-0.9913228285863721,TIME_LIMIT,24566,0,0,40,23
5,12,289426.0,-1.7801881884868316,-0.9913228285863721,TIME_LIMIT,24603,0,0,30,12
5,12,289971.0,-1.7801881884868316,-0.9913228285863721,TIME_LIMIT,24626,0,0,32,34
5,12,290513.0,-1.779908782808609,-0.9913228285863721,TIME_LIMIT,24678,0,0,29,15
5,12,290861.0,-1.779908782808609,-0.9913228285863721,TIME_LIMIT,24706,0,0,30,18
5,12,291404.0,-1.7796263504819816,-0.9913228285863721,TIME_LIMIT,24753,0,0,16,7
5,12,291854.0,-1.7796263504819816,-0.9913228285863721,TIME_LIMIT,24791,0,0,44,29
5,12,292397.0,-1.779499518085468,-0.9913228285863721,TIME_LIMIT,24845,0,0,31,24
5,12,292938.0,-1.779499518085468,-0.9913228285863721,TIME_LIMIT,24874,0,0,48,41
5,12,293480.0,-1.7793745666935763,-0.9913228285863721,TIME_LIMIT,24927,0,0,29,21
5,12,294026.0,-1.7793745666935763,-0.9913228285863721,TIME_LIMIT,24956,0,0,37,36
5,12,294568.0,-1.7793635761245403,-0.9913228285863721,TIME_LIMIT,25003,0,0,29,11
5,12,295110.0,-1.7793635761245403,-0.9913228285863721,TIME_LIMIT,25034,0,0,21,15
5,12,295652.0,-1.779353635818747,-0.9913228285863721,TIME_LIMIT,25083,0,0,28,27
5,12,296194.0,-1.779353635818747,-0.9913228285863721,TIME_LIMIT,25110,0,0,44,29
5,12,296736.0,-1.7792474497583732,-0.9913228285863721,TIME_LIMIT,25167,0,0,34,15
5,12,297297.0,-1.7792474497583732,-0.9913228285863721,TIME_LIMIT,25201,0,0,45,20
5,12,297840.0,-1.7791231577823754,-0.9913228285863721,TIME_LIMIT,25254,0,0,36,8
5,12,298384.0,-1.7791231577823754,-0.9913228285863721,TIME_LIMIT,25292,0,0,32,23
5,12,298857.0,-1.7791194780632993,-0.9913228285863721,TIME_LIMIT,25328,0,0,20,9
5,12,299057.0,-1.7791194780632993,-0.9913228285863721,TIME_LIMIT,25353,0,0,20,8
5,12,299597.0,-1.7790513771179342,-0.9913228285863721,TIME_LIMIT,25402,0,0,27,10
5,12,300140.0,-1.7790513771179342,-0.9913228285863721,TIME_LIMIT,25441,0,0,51,30
5,12,300698.0,-1.7789576852731643,-0.9913228285863721,TIME_LIMIT,25493,0,0,29,19
5,12,301260.0,-1.7789576852731643,-0.9913228285863721,TIME_LIMIT,25532,0,0,40,20
5,12,301801.0,-1.7788847803414438,-0.9913228285863721,TIME_LIMIT,25568,0,0,14,7
5,12,302346.0,-1.7788847803414438,-0.9913228285863721,TIME_LIMIT,25601,0,0,48,39
5,12,302888.0,-1.7786976576415738,-0.9913228285863721,TIME_LIMIT,25647,0,0,28,10
5,12,303429.0,-1.7786976576415738,-0.9913228285863721,TIME_LIMIT,25679,0,0,28,27
5,12,303971.0,-1.7783556979384445,-0.9913228285863721,TIME_LIMIT,25729,0,0,12,4
5,12,304550.0,-1.7783556979384445,-0.9913228285863721,TIME_LIMIT,25763,0,0,18,12
5,12,305092.0,-1.778308694966148,-0.9913228285863721,TIME_LIMIT,25800,0,0,30,10
5,12,305635.0,-1.778308694966148,-0.9913228285863721,TIME_LIMIT,25832,0,0,34,24
5,12,306176.0,-1.7781193583883328,-0.9913228285863721,TIME_LIMIT,25879,0,0,32,17
5,12,306715.0,-1.7781193583883328,-0.9913228285863721,TIME_LIMIT,25912,0,0,33,7
5,12,307106.0,-1.7779868360666877,-0.9913228285863721,TIME_LIMIT,25945,0,0,25,5
5,12,307654.0,-1.7779868360666877,-0.9913228285863721,TIME_LIMIT,25979,0,0,28,25
5,12,308230.0,-1.777931468190298,-0.9913228285863721,TIME_LIMIT,26023,0,0,19,7
5,12,308772.0,-1.777931468190298,-0.9913228285863721,TIME_LIMIT,26052,0,0,23,13
5,12,309312.0,-1.777918789838551,-0.9913228285863721,TIME_LIMIT,26099,0,0,28,11
5,12,309691.0,-1.777918789838551,-0.9913228285863721,TIME_LIMIT,26130,0,0,23,16
5,12,310232.0,-1.7778764113639396,-0.9913228285863721,TIME_LIMIT,26183,0,0,19,8
5,12,310772.0,-1.7778764113639396,-0.9913228285863721,TIME_LIMIT,26217,0,0,31,16
5,12,311231.0,-1.777850847736284,-0.9913228285863721,TIME_LIMIT,26269,0,0,31,8
5,12,311779.0,-1.777850847736284,-0.9913228285863721,TIME_LIMIT,26287,0,0,40,29
5,12,312320.0,-1.7777906669827095,-0.9913228285863721,TIME_LIMIT,26339,0,0,23,6
5,12,312860.0,-1.7777906669827095,-0.9913228285863721,TIME_LIMIT,26368,0,0,18,30
5,12,313402.0,-1.7775382275551115,-0.9913228285863721,TIME_LIMIT,26418,0,0,32,16
5,12,313943.0,-1.7775382275551115,-0.9913228285863721,TIME_LIMIT,26460,0,0,34,17
5,12,314485.0,-1.7775218328775533,-0.9913228285863721,TIME_LIMIT,26498,0,0,35,17
5,12,315027.0,-1.7775218328775533,-0.9913228285863721,TIME_LIMIT,26531,0,0,36,21
5,12,315569.0,-1.7775151952817414,-0.9913228285863721,TIME_LIMIT,26581,0,0,32,13
5,12,316109.0,-1.7775151952817414,-0.9913228285863721,TIME_LIMIT,26623,0,0,29,12
5,12,316651.0,-1.7774599954571795,-0.9913228285863721,TIME_LIMIT,26659,0,0,21,9
5,12,317193.0,-1.7774599954571795,-0.9913228285863721,TIME_LIMIT,26696,0,0,28,16
5,12,317736.0,-1.7771331798235204,-0.9913228285863721,TIME_LIMIT,26742,0,0,29,13
5,12,318281.0,-1.7771331798235204,-0.9913228285863721,TIME_LIMIT,26773,0,0,41,43
5,12,318801.0,-1.7770662598329672,-0.9913228285863721,TIME_LIMIT,26828,0,0,30,14
5,12,319223.0,-1.7770662598329672,-0.9913228285863721,TIME_LIMIT,26863,0,0,36,19
5,12,319715.0,-1.7770442978571306,-0.9913228285863721,TIME_LIMIT,26908,0,0,24,10
5,12,320257.0,-1.7770442978571306,-0.9913228285863721,TIME_LIMIT,26941,0,0,41,24
5,12,320799.0,-1.7768380961529189,-0.9913228285863721,TIME_LIMIT,26997,0,0,12,9
5,12,321344.0,-1.7768380961529189,-0.9913228285863721,TIME_LIMIT,27033,0,0,36,26
5,12,321891.0,-1.7767875628831162,-0.9913228285863721,TIME_LIMIT,27086,0,0,11,8
5,12,322432.0,-1.7767875628831162,-0.9913228285863721,TIME_LIMIT,27123,0,0,34,23
5,12,322754.0,-1.776752113187999,-0.9913228285863721,TIME_LIMIT,27156,0,0,23,14
5,12,323294.0,-1.776752113187999,-0.9913228285863721,TIME_LIMIT,27197,0,0,12,21
5,12,323836.0,-1.776340422726297,-0.9913228285863721,TIME_LIMIT,27234,0,0,35,32
5,12,324379.0,-1.776340422726297,-0.9913228285863721,TIME_LIMIT,27265,0,0,34,25
5,12,324922.0,-1.7761901475630177,-0.9913228285863721,TIME_LIMIT,27313,0,0,16,9
5,12,325466.0,-1.7761901475630177,-0.9913228285863721,TIME_LIMIT,27346,0,0,15,19
5,12,326008.0,-1.7761678010399795,-0.9913228285863721,TIME_LIMIT,27395,0,0,18,7
5,12,326550.0,-1.7761678010399795,-0.9913228285863721,TIME_LIMIT,27425,0,0,34,12
5,12,327093.0,-1.7759115918867938,-0.9913228285863721,TIME_LIMIT,27477,0,0,33,12
5,12,327635.0,-1.7759115918867938,-0.9913228285863721,TIME_LIMIT,27506,0,0,34,23
5,12,328149.0,-1.7756922451990171,-0.9913228285863721,TIME_LIMIT,27561,0,0,26,7
5,12,328690.0,-1.7756922451990171,-0.9913228285863721,TIME_LIMIT,27595,0,0,29,20
5,12,329234.0,-1.775635208630364,-0.9913228285863721,TIME_LIMIT,27632,0,0,34,9
5,12,329459.0,-1.775635208630364,-0.9913228285863721,TIME_LIMIT,27657,0,0,21,20
5,12,330002.0,-1.775376526481272,-0.9913228285863721,TIME_LIMIT,27710,0,0,18,8
5,12,330544.0,-1.775376526481272,-0.9913228285863721,TIME_LIMIT,27743,0,0,34,13
5,12,331086.0,-1.7751901475826708,-0.9913228285863721,TIME_LIMIT,27789,0,0,12,9
5,12,331364.0,-1.7751901475826708,-0.9913228285863721,TIME_LIMIT,27823,0,0,31,18
5,12,331905.0,-1.7747163513219943,-0.9913228285863721,TIME_LIMIT,27870,0,0,25,11
5,12,332449.0,-1.7747163513219943,-0.9913228285863721,TIME_LIMIT,27901,0,0,41,34
5,12,332993.0,-1.7744586335496138,-0.9913228285863721,TIME_LIMIT,27942,0,0,19,14
5,12,333538.0,-1.7744586335496138,-0.9913228285863721,TIME_LIMIT,27971,0,0,32,21
5,12,334081.0,-1.7742544173838313,-0.9913228285863721,TIME_LIMIT,28025,0,0,19,10
5,12,334632.0,-1.7742544173838313,-0.9913228285863721,TIME_LIMIT,28059,0,0,34,18
5,12,335110.0,-1.7739833428290417,-0.9913228285863721,TIME_LIMIT,28100,0,0,32,4
5,12,335667.0,-1.7739833428290417,-0.9913228285863721,TIME_LIMIT,28132,0,0,39,34
5,12,336240.0,-1.7739229947527373,-0.9913228285863721,TIME_LIMIT,28189,0,0,39,15
5,12,336706.0,-1.7739229947527373,-0.9913228285863721,TIME_LIMIT,28229,0,0,20,16
5,12,337258.0,-1.7737656563071724,-0.9913228285863721,TIME_LIMIT,28275,0,0,14,11
5,12,337815.0,-1.7737656563071724,-0.9913228285863721,TIME_LIMIT,28303,0,0,40,20
5,12,338369.0,-1.7735769624104913,-0.9913228285863721,TIME_LIMIT,28354,0,0,29,12
5,12,338924.0,-1.7735769624104913,-0.9913228285863721,TIME_LIMIT,28389,0,0,44,22
5,12,339487.0,-1.7732983661813182,-0.9913228285863721,TIME_LIMIT,28424,0,0,37,26
5,12,340053.0,-1.7732983661813182,-0.9913228285863721,TIME_LIMIT,28455,0,0,25,22
5,12,340607.0,-1.7730900388036264,-0.9913228285863721,TIME_LIMIT,28502,0,0,11,15
5,12,341163.0,-1.7730900388036264,-0.9913228285863721,TIME_LIMIT,28540,0,0,47,22
5,12,341633.0,-1.7728026419117093,-0.9913228285863721,TIME_LIMIT,28593,0,0,17,12
5,12,342184.0,-1.7728026419117093,-0.9913228285863721,TIME_LIMIT,28627,0,0,36,19
5,12,342736.0,-1.7726068889684161,-0.9913228285863721,TIME_LIMIT,28681,0,0,18,8
5,12,343326.0,-1.7726068889684161,-0.9913228285863721,TIME_LIMIT,28716,0,0,36,25
5,12,343882.0,-1.7722494139704437,-0.9913228285863721,TIME_LIMIT,28756,0,0,39,24
5,12,344426.0,-1.7722494139704437,-0.9913228285863721,TIME_LIMIT,28788,0,0,25,15
5,12,344979.0,-1.7718345058562375,-0.9913228285863721,TIME_LIMIT,28839,0,0,23,23
5,12,345533.0,-1.7718345058562375,-0.9913228285863721,TIME_LIMIT,28878,0,0,42,25
5,12,346084.0,-1.7717002292312265,-0.9913228285863721,TIME_LIMIT,28909,0,0,43,22
5,12,346647.0,-1.7717002292312265,-0.9913228285863721,TIME_LIMIT,28941,0,0,27,17
5,12,347233.0,-1.7716594918512967,-0.9913228285863721,TIME_LIMIT,28989,0,0,12,5
5,12,347786.0,-1.7716594918512967,-0.9913228285863721,TIME_LIMIT,29015,0,0,45,51
5,12,348337.0,-1.7714092355318085,-0.9913228285863721,TIME_LIMIT,29070,0,0,35,19
5,12,348877.0,-1.7714092355318085,-0.9913228285863721,TIME_LIMIT,29107,0,0,38,17
5,12,349428.0,-1.7713678462113764,-0.9913228285863721,TIME_LIMIT,29156,0,0,32,17
5,12,349982.0,-1.7713678462113764,-0.9913228285863721,TIME_LIMIT,29195,0,0,41,30
5,12,350533.0,-1.7712567651115436,-0.9913228285863721,TIME_LIMIT,29254,0,0,39,17
5,12,351086.0,-1.7712567651115436,-0.9913228285863721,TIME_LIMIT,29286,0,0,40,30
5,12,351626.0,-1.7712037855671785,-0.9913228285863721,TIME_LIMIT,29334,0,0,32,23
5,12,352178.0,-1.7712037855671785,-0.9913228285863721,TIME_LIMIT,29359,0,0,26,16
5,12,352729.0,-1.7711785691344917,-0.9913228285863721,TIME_LIMIT,29419,0,0,25,22
5,12,352980.0,-1.7711785691344917,-0.9913228285863721,TIME_LIMIT,29451,0,0,36,20
5,12,353534.0,-1.7710135750768161,-0.9913228285863721,TIME_LIMIT,29500,0,0,22,10
5,12,354090.0,-1.7710135750768161,-0.9913228285863721,TIME_LIMIT,29536,0,0,38,28
5,12,354563.0,-1.7709333834255898,-0.9913228285863721,TIME_LIMIT,29584,0,0,18,7
5,12,355115.0,-1.7709333834255898,-0.9913228285863721,TIME_LIMIT,29626,0,0,41,19
5,12,355670.0,-1.7708942051145335,-0.9913228285863721,TIME_LIMIT,29667,0,0,29,11
5,12,356222.0,-1.7708942051145335,-0.9913228285863721,TIME_LIMIT,29698,0,0,29,33
5,12,356774.0,-1.7708732574292536,-0.9913228285863721,TIME_LIMIT,29746,0,0,32,13
5,12,357291.0,-1.7708732574292536,-0.9913228285863721,TIME_LIMIT,29777,0,0,42,24
5,12,357754.0,-1.770350703715654,-0.9913228285863721,TIME_LIMIT,29830,0,0,29,18
5,12,358308.0,-1.770350703715654,-0.9913228285863721,TIME_LIMIT,29864,0,0,18,23
5,12,358863.0,-1.7703332200583817,-0.9913228285863721,TIME_LIMIT,29924,0,0,21,8
5,12,359178.0,-1.7703332200583817,-0.9913228285863721,TIME_LIMIT,29964,0,0,23,19
5,12,359716.0,-1.7701718007788196,-0.9913228285863721,TIME_LIMIT,30013,0,0,27,14
5,12,360274.0,-1.7701718007788196,-0.9913228285863721,TIME_LIMIT,30044,0,0,38,31
5,12,360828.0,-1.7699563845297228,-0.9913228285863721,TIME_LIMIT,30102,0,0,38,12
5,12,361381.0,-1.7699563845297228,-0.9913228285863721,TIME_LIMIT,30139,0,0,39,20
5,12,361935.0,-1.769552740031202,-0.9913228285863721,TIME_LIMIT,30173,0,0,34,12
5,12,362488.0,-1.769552740031202,-0.9913228285863721,TIME_LIMIT,30208,0,0,34,32
5,12,363041.0,-1.7695172236667638,-0.9913228285863721,TIME_LIMIT,30258,0,0,23,12
5,12,363592.0,-1.7695172236667638,-0.9913228285863721,TIME_LIMIT,30304,0,0,39,42
5,12,364093.0,-1.769424920930655,-0.9913228285863721,TIME_LIMIT,30346,0,0,28,10
5,12,364475.0,-1.769424920930655,-0.9913228285863721,TIME_LIMIT,30375,0,0,29,9
5,12,365026.0,-1.7692318043014346,-0.9913228285863721,TIME_LIMIT,30426,0,0,28,9
5,12,365583.0,-1.7692318043014346,-0.9913228285863721,TIME_LIMIT,30463,0,0,32,15
5,12,365928.0,-1.7691596807646266,-0.9913228285863721,TIME_LIMIT,30503,0,0,17,8
5,12,366481.0,-1.7691596807646266,-0.9913228285863721,TIME_LIMIT,30530,0,0,29,19
5,12,367036.0,-1.7687668742353513,-0.9913228285863721,TIME_LIMIT,30580,0,0,18,9
5,12,367446.0,-1.7687668742353513,-0.9913228285863721,TIME_LIMIT,30610,0,0,35,18
5,12,368001.0,-1.7686458461187125,-0.9913228285863721,TIME_LIMIT,30662,0,0,31,9
5,12,368557.0,-1.7686458461187125,-0.9913228285863721,TIME_LIMIT,30697,0,0,46,43
5,12,369109.0,-1.7684165784956623,-0.9913228285863721,TIME_LIMIT,30751,0,0,29,15
5,12,369664.0,-1.7684165784956623,-0.9913228285863721,TIME_LIMIT,30781,0,0,47,67
5,12,370217.0,-1.7683587496922342,-0.9913228285863721,TIME_LIMIT,30831,0,0,17,9
5,12,370643.0,-1.7683587496922342,-0.9913228285863721,TIME_LIMIT,30860,0,0,43,24
5,12,371199.0,-1.7683037147257756,-0.9913228285863721,TIME_LIMIT,30908,0,0,29,10
5,12,371757.0,-1.7683037147257756,-0.9913228285863721,TIME_LIMIT,30936,0,0,38,40
5,12,372309.0,-1.7679566184316264,-0.9913228285863721,TIME_LIMIT,30986,0,0,30,26
5,12,372862.0,-1.7679566184316264,-0.9913228285863721,TIME_LIMIT,31017,0,0,26,19
5,12,373417.0,-1.7677887450888945,-0.9913228285863721,TIME_LIMIT,31083,0,0,39,16
5,12,373904.0,-1.7677887450888945,-0.9913228285863721,TIME_LIMIT,31122,0,0,48,51
5,12,374457.0,-1.767627612226129,-0.9913228285863721,TIME_LIMIT,31176,0,0,19,13
5,12,375024.0,-1.767627612226129,-0.9913228285863721,TIME_LIMIT,31209,0,0,37,29
5,12,375581.0,-1.767585702498669,-0.9913228285863721,TIME_LIMIT,31262,0,0,14,12
5,12,376135.0,-1.767585702498669,-0.9913228285863721,TIME_LIMIT,31303,0,0,23,25
5,12,376688.0,-1.767467753102064,-0.9913228285863721,TIME_LIMIT,31362,0,0,31,17
5,12,377000.0,-1.767467753102064,-0.9913228285863721,TIME_LIMIT,31393,0,0,20,17
5,12,377552.0,-1.7672699743831368,-0.9913228285863721,TIME_LIMIT,31439,0,0,21,20
5,12,378107.0,-1.7672699743831368,-0.9913228285863721,TIME_LIMIT,31473,0,0,45,32
5,12,378695.0,-1.7672699447755629,-0.9913228285863721,TIME_LIMIT,31530,0,0,28,22
5,12,379247.0,-1.7672699447755629,-0.9913228285863721,TIME_LIMIT,31569,0,0,41,38
5,12,379802.0,-1.7672094627016064,-0.9913228285863721,TIME_LIMIT,31619,0,0,30,15
5,12,380270.0,-1.7672094627016064,-0.9913228285863721,TIME_LIMIT,31666,0,0,46,30
5,12,380823.0,-1.7671872834272861,-0.9913228285863721,TIME_LIMIT,31698,0,0,33,22
5,12,381377.0,-1.7671872834272861,-0.9913228285863721,TIME_LIMIT,31731,0,0,42,52
5,12,381941.0,-1.7669830371933104,-0.9913228285863721,TIME_LIMIT,31791,0,0,35,13
5,12,382224.0,-1.7669830371933104,-0.9913228285863721,TIME_LIMIT,31819,0,0,23,10
5,12,382725.0,-1.7668989318850228,-0.9913228285863721,TIME_LIMIT,31870,0,0,36,3
5,12,383281.0,-1.7668989318850228,-0.9913228285863721,TIME_LIMIT,31909,0,0,40,35
5,12,383835.0,-1.7668837815199616,-0.9913228285863721,TIME_LIMIT,31968,0,0,39,26
5,12,384388.0,-1.7668837815199616,-0.9913228285863721,TIME_LIMIT,32004,0,0,35,22
5,12,384943.0,-1.7668437338836585,-0.9913228285863721,TIME_LIMIT,32051,0,0,24,18
5,12,385505.0,-1.7668437338836585,-0.9913228285863721,TIME_LIMIT,32088,0,0,46,21
5,12,386088.0,-1.7667277637605516,-0.9913228285863721,TIME_LIMIT,32145,0,0,36,22
5,12,386362.0,-1.7667277637605516,-0.9913228285863721,TIME_LIMIT,32172,0,0,33,15
5,12,386727.0,-1.7666138568910537,-0.9913228285863721,TIME_LIMIT,32222,0,0,24,5
5,12,387267.0,-1.7666138568910537,-0.9913228285863721,TIME_LIMIT,32248,0,0,32,20
5,12,387821.0,-1.7666126889916443,-0.9913228285863721,TIME_LIMIT,32301,0,0,28,13
5,12,388227.0,-1.7666126889916443,-0.9913228285863721,TIME_LIMIT,32337,0,0,27,23
5,12,388768.0,-1.7661788637107867,-0.9913228285863721,TIME_LIMIT,32388,0,0,27,16
5,12,389331.0,-1.7661788637107867,-0.9913228285863721,TIME_LIMIT,32420,0,0,36,31
5,12,389880.0,-1.7660998504440395,-0.9913228285863721,TIME_LIMIT,32465,0,0,28,13
5,12,390234.0,-1.7660998504440395,-0.9913228285863721,TIME_LIMIT,32497,0,0,40,25
5,12,390875.0,-1.7660637207687697,-0.9913228285863721,TIME_LIMIT,32549,0,0,27,8
5,12,391580.0,-1.7660637207687697,-0.9913228285863721,TIME_LIMIT,32579,0,0,20,14
5,12,392262.0,-1.765653413103405,-0.9913228285863721,TIME_LIMIT,32639,0,0,24,10
5,12,392826.0,-1.765653413103405,-0.9913228285863721,TIME_LIMIT,32671,0,0,38,41
5,12,393548.0,-1.7655683254250347,-0.9913228285863721,TIME_LIMIT,32719,0,0,20,10
5,12,394288.0,-1.7655683254250347,-0.9913228285863721,TIME_LIMIT,32751,0,0,30,26
5,12,394968.0,-1.7651995946755439,-0.9913228285863721,TIME_LIMIT,32804,0,0,35,8
5,12,395612.0,-1.7651995946755439,-0.9913228285863721,TIME_LIMIT,32835,0,0,51,62
5,12,396244.0,-1.7651710813869235,-0.9913228285863721,TIME_LIMIT,32889,0,0,19,9
5,12,396879.0,-1.7651710813869235,-0.9913228285863721,TIME_LIMIT,32922,0,0,48,30
5,12,397534.0,-1.7650341398710505,-0.9913228285863721,TIME_LIMIT,32972,0,0,32,19
5,12,397933.0,-1.7650341398710505,-0.9913228285863721,TIME_LIMIT,33010,0,0,32,16
5,12,398645.0,-1.7649014388691306,-0.9913228285863721,TIME_LIMIT,33060,0,0,28,25
5,12,399060.0,-1.7649014388691306,-0.9913228285863721,TIME_LIMIT,33092,0,0,19,6
5,12,399804.0,-1.7648905267269652,-0.9913228285863721,TIME_LIMIT,33146,0,0,28,8
5,12,400519.0,-1.7648905267269652,-0.9913228285863721,TIME_LIMIT,33180,0,0,39,20
5,12,401218.0,-1.7647420069664328,-0.9913228285863721,TIME_LIMIT,33227,0,0,24,16
5,12,401808.0,-1.7647420069664328,-0.9913228285863721,TIME_LIMIT,33256,0,0,23,20
5,12,402438.0,-1.7647271082612883,-0.9913228285863721,TIME_LIMIT,33308,0,0,18,7
5,12,402983.0,-1.7647271082612883,-0.9913228285863721,TIME_LIMIT,33341,0,0,29,9
5,12,403680.0,-1.7647190283196381,-0.9913228285863721,TIME_LIMIT,33395,0,0,35,14
5,12,404371.0,-1.7647190283196381,-0.9913228285863721,TIME_LIMIT,33437,0,0,34,15
5,12,405058.0,-1.7646901085476627,-0.9913228285863721,TIME_LIMIT,33479,0,0,41,11
5,12,405506.0,-1.7646901085476627,-0.9913228285863721,TIME_LIMIT,33507,0,0,15,6
5,12,406070.0,-1.7645118151589472,-0.9913228285863721,TIME_LIMIT,33553,0,0,29,12
5,12,406795.0,-1.7645118151589472,-0.9913228285863721,TIME_LIMIT,33596,0,0,38,33
5,12,407309.0,-1.7643466036209878,-0.9913228285863721,TIME_LIMIT,33635,0,0,35,12
5,12,407890.0,-1.7643466036209878,-0.9913228285863721,TIME_LIMIT,33670,0,0,32,17
5,12,408567.0,-1.7642929839439065,-0.9913228285863721,TIME_LIMIT,33711,0,0,19,11
5,12,409262.0,-1.7642929839439065,-0.9913228285863721,TIME_LIMIT,33740,0,0,31,22
5,12,409935.0,-1.7642880493582205,-0.9913228285863721,TIME_LIMIT,33783,0,0,10,5
5,12,410663.0,-1.7642880493582205,-0.9913228285863721,TIME_LIMIT,33819,0,0,35,28
5,12,411183.0,-1.7641754260112674,-0.9913228285863721,TIME_LIMIT,33863,0,0,36,12
5,12,411839.0,-1.7641754260112674,-0.9913228285863721,TIME_LIMIT,33898,0,0,28,11
5,12,412438.0,-1.7641712460097099,-0.9913228285863721,TIME_LIMIT,33946,0,0,31,14
5,12,413137.0,-1.7641712460097099,-0.9913228285863721,TIME_LIMIT,33976,0,0,42,29
5,12,413838.0,-1.7641641674708217,-0.9913228285863721,TIME_LIMIT,34025,0,0,25,12
5,12,414318.0,-1.7641641674708217,-0.9913228285863721,TIME_LIMIT,34060,0,0,29,34
5,12,415039.0,-1.7641219126639165,-0.9913228285863721,TIME_LIMIT,34110,0,0,13,12
5,12,415754.0,-1.7641219126639165,-0.9913228285863721,TIME_LIMIT,34143,0,0,26,21
5,12,416446.0,-1.76377268016957,-0.9913228285863721,TIME_LIMIT,34197,0,0,26,17
5,12,417120.0,-1.76377268016957,-0.9913228285863721,TIME_LIMIT,34230,0,0,36,31
5,12,417829.0,-1.7636489547147798,-0.9913228285863721,TIME_LIMIT,34268,0,0,31,26
5,12,418528.0,-1.7636489547147798,-0.9913228285863721,TIME_LIMIT,34302,0,0,37,21
5,12,419217.0,-1.7636388913813177,-0.9913228285863721,TIME_LIMIT,34347,0,0,27,19
5,12,419883.0,-1.7636388913813177,-0.9913228285863721,TIME_LIMIT,34373,0,0,38,50
5,12,420586.0,-1.7632479260475957,-0.9913228285863721,TIME_LIMIT,34440,0,0,34,18
5,12,421342.0,-1.7632479260475957,-0.9913228285863721,TIME_LIMIT,34473,0,0,43,18
5,12,422031.0,-1.7631313233942758,-0.9913228285863721,TIME_LIMIT,34531,0,0,31,8
5,12,422729.0,-1.7631313233942758,-0.9913228285863721,TIME_LIMIT,34569,0,0,26,24
5,12,423404.0,-1.7631172408531344,-0.9913228285863721,TIME_LIMIT,34607,0,0,34,18
5,12,424017.0,-1.7631172408531344,-0.9913228285863721,TIME_LIMIT,34641,0,0,20,22
5,12,424710.0,-1.7630256794017876,-0.9913228285863721,TIME_LIMIT,34699,0,0,26,15
5,12,425410.0,-1.7630256794017876,-0.9913228285863721,TIME_LIMIT,34737,0,0,32,20
5,12,426113.0,-1.762762504393605,-0.9913228285863721,TIME_LIMIT,34776,0,0,14,4
5,12,426802.0,-1.762762504393605,-0.9913228285863721,TIME_LIMIT,34815,0,0,23,11
5,12,427529.0,-1.762546302470212,-0.9913228285863721,TIME_LIMIT,34865,0,0,35,12
5,12,427993.0,-1.762546302470212,-0.9913228285863721,TIME_LIMIT,34895,0,0,43,18
5,12,428705.0,-1.7620964665340633,-0.9913228285863721,TIME_LIMIT,34945,0,0,29,6
5,12,429407.0,-1.7620964665340633,-0.9913228285863721,TIME_LIMIT,34982,0,0,20,23
5,12,430102.0,-1.7620325968142687,-0.9913228285863721,TIME_LIMIT,35033,0,0,27,12
5,12,430791.0,-1.7620325968142687,-0.9913228285863721,TIME_LIMIT,35079,0,0,39,20
5,12,431493.0,-1.7617527380634082,-0.9913228285863721,TIME_LIMIT,35130,0,0,29,18
5,12,432236.0,-1.7617527380634082,-0.9913228285863721,TIME_LIMIT,35172,0,0,39,16
5,12,432942.0,-1.761704839477378,-0.9913228285863721,TIME_LIMIT,35210,0,0,38,17
5,12,433649.0,-1.761704839477378,-0.9913228285863721,TIME_LIMIT,35244,0,0,19,19
5,12,434362.0,-1.7615668810507714,-0.9913228285863721,TIME_LIMIT,35298,0,0,18,8
5,12,435073.0,-1.7615668810507714,-0.9913228285863721,TIME_LIMIT,35333,0,0,27,22
5,12,435765.0,-1.761493775895241,-0.9913228285863721,TIME_LIMIT,35392,0,0,29,14
5,12,436463.0,-1.761493775895241,-0.9913228285863721,TIME_LIMIT,35420,0,0,47,35
5,12,437153.0,-1.7612490116273494,-0.9913228285863721,TIME_LIMIT,35470,0,0,29,9
5,12,437857.0,-1.7612490116273494,-0.9913228285863721,TIME_LIMIT,35505,0,0,52,29
5,12,438562.0,-1.7612431338431267,-0.9913228285863721,TIME_LIMIT,35559,0,0,20,6
5,12,439266.0,-1.7612431338431267,-0.9913228285863721,TIME_LIMIT,35595,0,0,19,15
5,12,439956.0,-1.7611388355631201,-0.9913228285863721,TIME_LIMIT,35641,0,0,30,15
5,12,440652.0,-1.7611388355631201,-0.9913228285863721,TIME_LIMIT,35673,0,0,48,42
5,12,441352.0,-1.7610691485584502,-0.9913228285863721,TIME_LIMIT,35728,0,0,31,15
5,12,441874.0,-1.7610691485584502,-0.9913228285863721,TIME_LIMIT,35774,0,0,25,16
5,12,442580.0,-1.761029893892214,-0.9913228285863721,TIME_LIMIT,35815,0,0,34,12
5,12,443276.0,-1.761029893892214,-0.9913228285863721,TIME_LIMIT,35845,0,0,33,21
5,12,443981.0,-1.7609113853635057,-0.9913228285863721,TIME_LIMIT,35899,0,0,28,26
5,12,444680.0,-1.7609113853635057,-0.9913228285863721,TIME_LIMIT,35929,0,0,18,20
5,12,445374.0,-1.7607768109418314,-0.9913228285863721,TIME_LIMIT,35985,0,0,33,15
5,12,445918.0,-1.7607768109418314,-0.9913228285863721,TIME_LIMIT,36021,0,0,18,29
5,12,446615.0,-1.7606746690411936,-0.9913228285863721,TIME_LIMIT,36067,0,0,31,9
5,12,447319.0,-1.7606746690411936,-0.9913228285863721,TIME_LIMIT,36094,0,0,24,22
5,12,448022.0,-1.7606334650420445,-0.9913228285863721,TIME_LIMIT,36144,0,0,21,8
5,12,448712.0,-1.7606334650420445,-0.9913228285863721,TIME_LIMIT,36177,0,0,38,22
5,12,449414.0,-1.7605391229175598,-0.9913228285863721,TIME_LIMIT,36231,0,0,17,15
5,12,450113.0,-1.7605391229175598,-0.9913228285863721,TIME_LIMIT,36271,0,0,24,20
5,12,450807.0,-1.7605386379887606,-0.9913228285863721,TIME_LIMIT,36328,0,0,17,6
5,12,451486.0,-1.7605386379887606,-0.9913228285863721,TIME_LIMIT,36363,0,0,44,16
5,12,452182.0,-1.7604774054037373,-0.9913228285863721,TIME_LIMIT,36407,0,0,16,6
5,12,452880.0,-1.7604774054037373,-0.9913228285863721,TIME_LIMIT,36444,0,0,31,19
5,12,453584.0,-1.7600955662441005,-0.9913228285863721,TIME_LIMIT,36490,0,0,28,15
5,12,454164.0,-1.7600955662441005,-0.9913228285863721,TIME_LIMIT,36527,0,0,25,20
5,12,454862.0,-1.7599434484701104,-0.9913228285863721,TIME_LIMIT,36580,0,0,20,10
5,12,455547.0,-1.7599434484701104,-0.9913228285863721,TIME_LIMIT,36614,0,0,50,44
5,12,456242.0,-1.7598195774309886,-0.9913228285863721,TIME_LIMIT,36661,0,0,29,18
5,12,456797.0,-1.7598195774309886,-0.9913228285863721,TIME_LIMIT,36696,0,0,17,16
5,12,457484.0,-1.7596336796254057,-0.9913228285863721,TIME_LIMIT,36747,0,0,29,13
5,12,458180.0,-1.7596336796254057,-0.9913228285863721,TIME_LIMIT,36773,0,0,25,39
5,12,458862.0,-1.759630707944217,-0.9913228285863721,TIME_LIMIT,36824,0,0,18,9
5,12,459547.0,-1.759630707944217,-0.9913228285863721,TIME_LIMIT,36849,0,0,33,27
5,12,460275.0,-1.759513449145251,-0.9913228285863721,TIME_LIMIT,36908,0,0,11,9
5,12,460950.0,-1.759513449145251,-0.9913228285863721,TIME_LIMIT,36947,0,0,28,15
5,12,461642.0,-1.7595089823456906,-0.9913228285863721,TIME_LIMIT,36980,0,0,32,18
5,12,462289.0,-1.7595089823456906,-0.9913228285863721,TIME_LIMIT,37019,0,0,26,22
5,12,462983.0,-1.759471129981354,-0.9913228285863721,TIME_LIMIT,37068,0,0,28,15
5,12,463695.0,-1.759471129981354,-0.9913228285863721,TIME_LIMIT,37092,0,0,33,24
5,12,464399.0,-1.7594299893196996,-0.9913228285863721,TIME_LIMIT,37143,0,0,23,9
5,12,465082.0,-1.7594299893196996,-0.9913228285863721,TIME_LIMIT,37182,0,0,21,10
5,12,465529.0,-1.7594023456670929,-0.9913228285863721,TIME_LIMIT,37221,0,0,20,7
5,12,466213.0,-1.7594023456670929,-0.9913228285863721,TIME_LIMIT,37255,0,0,29,30
5,12,466894.0,-1.7593855114435888,-0.9913228285863721,TIME_LIMIT,37306,0,0,22,15
5,12,467588.0,-1.7593855114435888,-0.9913228285863721,TIME_LIMIT,37343,0,0,23,11
5,12,468265.0,-1.7592371974775816,-0.9913228285863721,TIME_LIMIT,37394,0,0,16,11
5,12,468947.0,-1.7592371974775816,-0.9913228285863721,TIME_LIMIT,37437,0,0,18,7
5,12,469621.0,-1.7592171899570712,-0.9913228285863721,TIME_LIMIT,37475,0,0,21,7
5,12,470299.0,-1.7592171899570712,-0.9913228285863721,TIME_LIMIT,37512,0,0,39,14
5,12,470975.0,-1.7591410341120324,-0.9913228285863721,TIME_LIMIT,37550,0,0,24,12
5,12,471639.0,-1.7591410341120324,-0.9913228285863721,TIME_LIMIT,37597,0,0,42,13
5,12,472318.0,-1.7590229881072894,-0.9913228285863721,TIME_LIMIT,37633,0,0,23,14
5,12,472803.0,-1.7590229881072894,-0.9913228285863721,TIME_LIMIT,37659,0,0,14,8
5,12,473475.0,-1.7590192799305036,-0.9913228285863721,TIME_LIMIT,37702,0,0,23,12
5,12,474146.0,-1.7590192799305036,-0.9913228285863721,TIME_LIMIT,37744,0,0,35,18
5,12,474806.0,-1.7590162041762638,-0.9913228285863721,TIME_LIMIT,37782,0,0,32,11
5,12,475397.0,-1.7590162041762638,-0.9913228285863721,TIME_LIMIT,37820,0,0,42,30
5,12,476066.0,-1.7590152914533967,-0.9913228285863721,TIME_LIMIT,37873,0,0,23,8
5,12,476739.0,-1.7590152914533967,-0.9913228285863721,TIME_LIMIT,37912,0,0,25,13
5,12,477406.0,-1.7588727834445073,-0.9913228285863721,TIME_LIMIT,37945,0,0,27,13
5,12,478078.0,-1.7588727834445073,-0.9913228285863721,TIME_LIMIT,37979,0,0,23,21
5,12,478751.0,-1.7588524232980107,-0.9913228285863721,TIME_LIMIT,38029,0,0,36,12
5,12,479423.0,-1.7588524232980107,-0.9913228285863721,TIME_LIMIT,38064,0,0,18,8
5,12,480087.0,-1.758803244628827,-0.9913228285863721,TIME_LIMIT,38103,0,0,13,6
5,12,480750.0,-1.758803244628827,-0.9913228285863721,TIME_LIMIT,38137,0,0,30,15
5,12,481415.0,-1.7587344330758623,-0.9913228285863721,TIME_LIMIT,38185,0,0,23,10
5,12,482075.0,-1.7587344330758623,-0.9913228285863721,TIME_LIMIT,38215,0,0,31,15
5,12,482495.0,-1.7587276909983427,-0.9913228285863721,TIME_LIMIT,38252,0,0,17,3
5,12,483153.0,-1.7587276909983427,-0.9913228285863721,TIME_LIMIT,38297,0,0,37,24
5,12,483809.0,-1.7586387016654768,-0.9913228285863721,TIME_LIMIT,38333,0,0,22,7
5,12,484267.0,-1.7586387016654768,-0.9913228285863721,TIME_LIMIT,38360,0,0,33,21
5,12,484934.0,-1.7584122784540528,-0.9913228285863721,TIME_LIMIT,38414,0,0,34,11
5,12,485602.0,-1.7584122784540528,-0.9913228285863721,TIME_LIMIT,38446,0,0,33,49
5,12,486264.0,-1.758274518863879,-0.9913228285863721,TIME_LIMIT,38502,0,0,24,22
5,12,486928.0,-1.758274518863879,-0.9913228285863721,TIME_LIMIT,38536,0,0,25,16
5,12,487592.0,-1.7582241877817308,-0.9913228285863721,TIME_LIMIT,38586,0,0,27,12
5,12,488255.0,-1.7582241877817308,-0.9913228285863721,TIME_LIMIT,38622,0,0,49,40
5,12,488915.0,-1.758199413250518,-0.9913228285863721,TIME_LIMIT,38673,0,0,26,20
5,12,489574.0,-1.758199413250518,-0.9913228285863721,TIME_LIMIT,38703,0,0,43,59
5,12,490224.0,-1.7581315329387017,-0.9913228285863721,TIME_LIMIT,38754,0,0,17,14
5,12,490886.0,-1.7581315329387017,-0.9913228285863721,TIME_LIMIT,38782,0,0,40,48
5,12,491547.0,-1.7581261032278634,-0.9913228285863721,TIME_LIMIT,38834,0,0,16,9
5,12,492223.0,-1.7581261032278634,-0.9913228285863721,TIME_LIMIT,38862,0,0,28,15
5,12,492886.0,-1.7579292313868935,-0.9913228285863721,TIME_LIMIT,38915,0,0,30,13
5,12,493546.0,-1.7579292313868935,-0.9913228285863721,TIME_LIMIT,38951,0,0,39,21
5,12,494206.0,-1.7578840203171424,-0.9913228285863721,TIME_LIMIT,38997,0,0,25,16
5,12,494872.0,-1.7578840203171424,-0.9913228285863721,TIME_LIMIT,39027,0,0,33,40
5,12,495553.0,-1.7578015607451338,-0.9913228285863721,TIME_LIMIT,39083,0,0,32,15
5,12,496234.0,-1.7578015607451338,-0.9913228285863721,TIME_LIMIT,39116,0,0,37,31
5,12,496915.0,-1.7577552481264092,-0.9913228285863721,TIME_LIMIT,39164,0,0,30,13
5,12,497573.0,-1.7577552481264092,-0.9913228285863721,TIME_LIMIT,39198,0,0,29,9
5,12,498245.0,-1.7576826251725386,-0.9913228285863721,TIME_LIMIT,39239,0,0,20,18
5,12,498938.0,-1.7576826251725386,-0.9913228285863721,TIME_LIMIT,39281,0,0,36,22
5,12,499603.0,-1.757544982010769,-0.9913228285863721,TIME_LIMIT,39329,0,0,41,13
5,12,500090.0,-1.757544982010769,-0.9913228285863721,TIME_LIMIT,39355,0,0,35,31
5,12,500757.0,-1.7573189114158123,-0.9913228285863721,TIME_LIMIT,39408,0,0,24,15
5,12,501447.0,-1.7573189114158123,-0.9913228285863721,TIME_LIMIT,39430,0,0,41,37
5,12,502183.0,-1.7572055688248684,-0.9913228285863721,TIME_LIMIT,39490,0,0,35,13
5,12,502920.0,-1.7572055688248684,-0.9913228285863721,TIME_LIMIT,39530,0,0,31,17
5,12,503615.0,-1.7571209193881656,-0.9913228285863721,TIME_LIMIT,39581,0,0,35,16
5,12,504323.0,-1.7571209193881656,-0.9913228285863721,TIME_LIMIT,39622,0,0,32,23
5,12,505035.0,-1.7570729763268795,-0.9913228285863721,TIME_LIMIT,39664,0,0,33,13
5,12,505751.0,-1.7570729763268795,-0.9913228285863721,TIME_LIMIT,39699,0,0,50,28
5,12,506468.0,-1.7570199818089678,-0.9913228285863721,TIME_LIMIT,39751,0,0,29,15
5,12,507019.0,-1.7570199818089678,-0.9913228285863721,TIME_LIMIT,39785,0,0,34,30
5,12,507743.0,-1.7567501173751976,-0.9913228285863721,TIME_LIMIT,39831,0,0,22,8
5,12,508445.0,-1.7567501173751976,-0.9913228285863721,TIME_LIMIT,39868,0,0,40,38
5,12,509168.0,-1.7567476945029625,-0.9913228285863721,TIME_LIMIT,39914,0,0,42,22
5,12,509881.0,-1.7567476945029625,-0.9913228285863721,TIME_LIMIT,39953,0,0,21,13
5,12,510593.0,-1.7567031505014699,-0.9913228285863721,TIME_LIMIT,39993,0,0,22,6
5,12,511310.0,-1.7567031505014699,-0.9913228285863721,TIME_LIMIT,40031,0,0,29,19
5,12,512034.0,-1.7566714691744674,-0.9913228285863721,TIME_LIMIT,40081,0,0,34,12
5,12,512764.0,-1.7566714691744674,-0.9913228285863721,TIME_LIMIT,40109,0,0,26,21
5,12,513495.0,-1.7565351263984916,-0.9913228285863721,TIME_LIMIT,40164,0,0,35,13
5,12,513911.0,-1.7565351263984916,-0.9913228285863721,TIME_LIMIT,40192,0,0,41,35
5,12,514692.0,-1.7565094157783578,-0.9913228285863721,TIME_LIMIT,40247,0,0,31,15
5,12,515426.0,-1.7565094157783578,-0.9913228285863721,TIME_LIMIT,40288,0,0,35,14
5,12,516084.0,-1.7564741757617957,-0.9913228285863721,TIME_LIMIT,40322,0,0,30,10
5,12,516824.0,-1.7564741757617957,-0.9913228285863721,TIME_LIMIT,40359,0,0,42,23
5,12,517556.0,-1.7564248716752624,-0.9913228285863721,TIME_LIMIT,40411,0,0,35,17
5,12,518330.0,-1.7564248716752624,-0.9913228285863721,TIME_LIMIT,40444,0,0,29,19
5,12,518911.0,-1.7563931320213075,-0.9913228285863721,TIME_LIMIT,40486,0,0,35,16
5,12,519640.0,-1.7563931320213075,-0.9913228285863721,TIME_LIMIT,40523,0,0,36,33
5,12,520374.0,-1.7563742800505988,-0.9913228285863721,TIME_LIMIT,40565,0,0,27,11
5,12,521107.0,-1.7563742800505988,-0.9913228285863721,TIME_LIMIT,40591,0,0,41,38
5,12,521836.0,-1.7563687965175414,-0.9913228285863721,TIME_LIMIT,40642,0,0,34,24
5,12,522547.0,-1.7563687965175414,-0.9913228285863721,TIME_LIMIT,40672,0,0,41,24
5,12,523272.0,-1.7563275330443355,-0.9913228285863721,TIME_LIMIT,40720,0,0,30,14
5,12,523999.0,-1.7563275330443355,-0.9913228285863721,TIME_LIMIT,40758,0,0,24,22
5,12,524729.0,-1.7562787190549638,-0.9913228285863721,TIME_LIMIT,40808,0,0,33,29
5,12,525395.0,-1.7562787190549638,-0.9913228285863721,TIME_LIMIT,40844,0,0,44,44
5,12,526116.0,-1.7562714813881766,-0.9913228285863721,TIME_LIMIT,40897,0,0,15,11
5,12,526836.0,-1.7562714813881766,-0.9913228285863721,TIME_LIMIT,40929,0,0,40,29
5,12,527550.0,-1.7561029473039074,-0.9913228285863721,TIME_LIMIT,40980,0,0,28,22
5,12,528262.0,-1.7561029473039074,-0.9913228285863721,TIME_LIMIT,41016,0,0,37,16
5,12,528978.0,-1.7560523360411842,-1.0131736175856578,TIME_LIMIT,41070,0,0,35,13
5,12,529701.0,-1.7560523360411842,-1.0131736175856578,TIME_LIMIT,41108,0,0,30,13
5,12,530366.0,-1.7560455373771062,-1.0131736175856578,TIME_LIMIT,41147,0,0,38,25
5,12,531096.0,-1.7560455373771062,-1.0131736175856578,TIME_LIMIT,41182,0,0,36,22
5,12,531805.0,-1.7558834899357962,-1.0131736175856578,TIME_LIMIT,41212,0,0,27,8
5,12,532501.0,-1.7558834899357962,-1.0131736175856578,TIME_LIMIT,41247,0,0,23,15
5,12,533194.0,-1.755781391667818,-1.0131736175856578,TIME_LIMIT,41298,0,0,12,17
5,12,533903.0,-1.755781391667818,-1.0131736175856578,TIME_LIMIT,41334,0,0,24,17
5,12,534623.0,-1.7557233229440319,-1.0131736175856578,TIME_LIMIT,41384,0,0,15,9
5,12,535017.0,-1.7557233229440319,-1.0131736175856578,TIME_LIMIT,41415,0,0,42,42
5,12,535716.0,-1.7556003690188515,-1.0131736175856578,TIME_LIMIT,41472,0,0,34,18
5,12,536414.0,-1.7556003690188515,-1.0131736175856578,TIME_LIMIT,41509,0,0,20,9
5,12,536804.0,-1.7555307336349886,-1.0131736175856578,TIME_LIMIT,41547,0,0,30,12
5,12,537149.0,-1.7555307336349886,-1.0131736175856578,TIME_LIMIT,41577,0,0,34,24
5,12,537834.0,-1.7555273904458326,-1.0931610449562763,TIME_LIMIT,41629,0,0,30,8
5,12,538553.0,-1.7555273904458326,-1.0931610449562763,TIME_LIMIT,41667,0,0,31,22
5,12,539225.0,-1.7554598932348904,-1.0931610449562763,TIME_LIMIT,41709,0,0,40,17
5,12,539871.0,-1.7554598932348904,-1.0931610449562763,TIME_LIMIT,41748,0,0,32,20
5,12,540520.0,-1.755410189921682,-1.0931610449562763,TIME_LIMIT,41797,0,0,27,9
5,12,541175.0,-1.755410189921682,-1.0931610449562763,TIME_LIMIT,41840,0,0,35,20
5,12,541845.0,-1.7553996239517546,-1.0931610449562763,TIME_LIMIT,41877,0,0,28,14
5,12,542475.0,-1.7553996239517546,-1.0931610449562763,TIME_LIMIT,41910,0,0,40,16
5,12,543075.0,-1.7551469650773963,-1.0931610449562763,TIME_LIMIT,41957,0,0,21,7
5,12,543663.0,-1.7551469650773963,-1.0931610449562763,TIME_LIMIT,41982,0,0,18,16
5,12,544248.0,-1.7550470576018173,-1.0931610449562763,TIME_LIMIT,42025,0,0,21,12
5,12,544847.0,-1.7550470576018173,-1.0931610449562763,TIME_LIMIT,42061,0,0,40,18
5,12,545431.0,-1.7548946245725487,-1.0931610449562763,TIME_LIMIT,42111,0,0,27,13
5,12,546011.0,-1.7548946245725487,-1.0931610449562763,TIME_LIMIT,42144,0,0,47,53
5,12,546590.0,-1.7548929493617498,-1.0931610449562763,TIME_LIMIT,42198,0,0,33,15
5,12,547162.0,-1.7548929493617498,-1.0931610449562763,TIME_LIMIT,42235,0,0,31,16
5,12,547734.0,-1.7548615180290403,-1.0931610449562763,TIME_LIMIT,42268,0,0,25,11
5,12,548308.0,-1.7548615180290403,-1.0931610449562763,TIME_LIMIT,42305,0,0,32,21
5,12,548873.0,-1.754699766673882,-1.0931610449562763,TIME_LIMIT,42346,0,0,29,11
5,12,549424.0,-1.754699766673882,-1.0931610449562763,TIME_LIMIT,42379,0,0,27,16
5,12,549987.0,-1.7546191883451707,-1.0931610449562763,TIME_LIMIT,42433,0,0,28,20
5,12,550552.0,-1.7546191883451707,-1.0931610449562763,TIME_LIMIT,42471,0,0,41,31
5,12,551112.0,-1.7545404208331785,-1.0931610449562763,TIME_LIMIT,42528,0,0,18,10
5,12,551669.0,-1.7545404208331785,-1.0931610449562763,TIME_LIMIT,42566,0,0,51,36
5,12,552227.0,-1.7545179751540598,-1.0931610449562763,TIME_LIMIT,42614,0,0,13,10
5,12,552793.0,-1.7545179751540598,-1.0931610449562763,TIME_LIMIT,42644,0,0,41,30
5,12,553353.0,-1.754493032312967,-1.0931610449562763,TIME_LIMIT,42695,0,0,24,21
5,12,553916.0,-1.754493032312967,-1.0931610449562763,TIME_LIMIT,42724,0,0,41,13
5,12,554480.0,-1.754425134990053,-1.0931610449562763,TIME_LIMIT,42771,0,0,20,5
5,12,554959.0,-1.754425134990053,-1.0931610449562763,TIME_LIMIT,42801,0,0,36,29
5,12,555524.0,-1.754376444746764,-1.0931610449562763,TIME_LIMIT,42856,0,0,31,17
5,12,556090.0,-1.754376444746764,-1.0931610449562763,TIME_LIMIT,42886,0,0,16,5
5,12,556654.0,-1.7541082452475136,-1.0931610449562763,TIME_LIMIT,42927,0,0,24,8
5,12,557204.0,-1.7541082452475136,-1.0931610449562763,TIME_LIMIT,42961,0,0,41,55
5,12,557768.0,-1.7540754263199851,-1.0931610449562763,TIME_LIMIT,43009,0,0,31,30
5,12,558336.0,-1.7540754263199851,-1.0931610449562763,TIME_LIMIT,43043,0,0,30,12
5,12,558704.0,-1.7539903197010036,-1.0931610449562763,TIME_LIMIT,43078,0,0,26,8
5,12,559268.0,-1.7539903197010036,-1.0931610449562763,TIME_LIMIT,43110,0,0,54,45
5,12,559825.0,-1.7538969601569085,-1.0931610449562763,TIME_LIMIT,43166,0,0,33,10
5,12,560388.0,-1.7538969601569085,-1.0931610449562763,TIME_LIMIT,43200,0,0,27,20
5,12,560960.0,-1.7537442349921806,-1.0931610449562763,TIME_LIMIT,43249,0,0,19,9
5,12,561512.0,-1.7537442349921806,-1.0931610449562763,TIME_LIMIT,43281,0,0,41,36
5,12,562076.0,-1.7537297983430045,-1.0931610449562763,TIME_LIMIT,43329,0,0,27,25
5,12,562641.0,-1.7537297983430045,-1.0931610449562763,TIME_LIMIT,43364,0,0,33,16
5,12,563204.0,-1.7536820651472655,-1.0931610449562763,TIME_LIMIT,43415,0,0,29,15
5,12,563594.0,-1.7536820651472655,-1.0931610449562763,TIME_LIMIT,43458,0,0,35,15
5,12,563839.0,-1.7534105900377817,-1.0931610449562763,TIME_LIMIT,43495,0,0,19,5
5,12,564399.0,-1.7534105900377817,-1.0931610449562763,TIME_LIMIT,43532,0,0,34,18
5,12,564965.0,-1.7534067149204566,-1.0931610449562763,TIME_LIMIT,43573,0,0,24,13
5,12,565527.0,-1.7534067149204566,-1.0931610449562763,TIME_LIMIT,43603,0,0,44,30
5,12,566090.0,-1.7534012919847495,-1.0931610449562763,TIME_LIMIT,43660,0,0,34,18
5,12,566657.0,-1.7534012919847495,-1.0931610449562763,TIME_LIMIT,43689,0,0,42,17
5,12,567221.0,-1.7533768247873274,-1.0931610449562763,TIME_LIMIT,43739,0,0,27,11
5,12,567608.0,-1.7533768247873274,-1.0931610449562763,TIME_LIMIT,43783,0,0,33,16
5,12,567935.0,-1.7533625768591004,-1.0931610449562763,TIME_LIMIT,43820,0,0,23,4
5,12,568502.0,-1.7533625768591004,-1.0931610449562763,TIME_LIMIT,43845,0,0,39,20
5,12,569093.0,-1.75335276220533,-1.0931610449562763,TIME_LIMIT,43892,0,0,27,12
5,12,569749.0,-1.75335276220533,-1.0931610449562763,TIME_LIMIT,43921,0,0,39,21
5,12,570411.0,-1.75332495935939,-1.0931610449562763,TIME_LIMIT,43971,0,0,29,12
5,12,570993.0,-1.75332495935939,-1.0931610449562763,TIME_LIMIT,44005,0,0,43,32
5,12,571576.0,-1.7533212457505167,-1.0931610449562763,TIME_LIMIT,44060,0,0,17,11
5,12,572153.0,-1.7533212457505167,-1.0931610449562763,TIME_LIMIT,44095,0,0,36,21
5,12,572745.0,-1.7531682147594245,-1.0931610449562763,TIME_LIMIT,44152,0,0,13,17
5,12,573306.0,-1.7531682147594245,-1.0931610449562763,TIME_LIMIT,44192,0,0,41,19
5,12,573928.0,-1.7530932401828097,-1.0931610449562763,TIME_LIMIT,44241,0,0,32,19
5,12,574490.0,-1.7530932401828097,-1.0931610449562763,TIME_LIMIT,44281,0,0,38,15
5,12,575064.0,-1.7530537784709588,-1.0931610449562763,TIME_LIMIT,44322,0,0,25,8
5,12,575615.0,-1.7530537784709588,-1.0931610449562763,TIME_LIMIT,44358,0,0,40,42
5,12,576176.0,-1.752991825782702,-1.0931610449562763,TIME_LIMIT,44406,0,0,27,12
5,12,576796.0,-1.752991825782702,-1.0931610449562763,TIME_LIMIT,44445,0,0,41,18
5,12,577482.0,-1.7527845895835217,-1.0931610449562763,TIME_LIMIT,44496,0,0,23,16
5,12,578085.0,-1.7527845895835217,-1.0931610449562763,TIME_LIMIT,44521,0,0,37,30
5,12,578678.0,-1.7527835656831399,-1.0931610449562763,TIME_LIMIT,44570,0,0,28,13
5,12,579254.0,-1.7527835656831399,-1.0931610449562763,TIME_LIMIT,44606,0,0,42,25
5,12,579831.0,-1.7527438217815565,-1.0931610449562763,TIME_LIMIT,44663,0,0,16,9
5,12,580420.0,-1.7527438217815565,-1.0931610449562763,TIME_LIMIT,44704,0,0,36,15
5,12,580816.0,-1.752613613654077,-1.0931610449562763,TIME_LIMIT,44740,0,0,21,12
5,12,581378.0,-1.752613613654077,-1.0931610449562763,TIME_LIMIT,44772,0,0,26,26
5,12,581956.0,-1.7524985795509722,-1.0931610449562763,TIME_LIMIT,44819,0,0,28,23
5,12,582523.0,-1.7524985795509722,-1.0931610449562763,TIME_LIMIT,44852,0,0,33,27
5,12,583085.0,-1.752454973312876,-1.0931610449562763,TIME_LIMIT,44892,0,0,37,14
5,12,583650.0,-1.752454973312876,-1.0931610449562763,TIME_LIMIT,44929,0,0,20,7
5,12,584215.0,-1.7523990979194035,-1.0931610449562763,TIME_LIMIT,44976,0,0,12,17
5,12,584796.0,-1.7523990979194035,-1.0931610449562763,TIME_LIMIT,45016,0,0,26,12
5,12,585455.0,-1.7523551438469502,-1.0931610449562763,TIME_LIMIT,45074,0,0,19,10
5,12,586081.0,-1.7523551438469502,-1.0931610449562763,TIME_LIMIT,45112,0,0,30,9
5,12,586674.0,-1.7523434256578692,-1.0931610449562763,TIME_LIMIT,45151,0,0,31,6
5,12,586983.0,-1.7523434256578692,-1.0931610449562763,TIME_LIMIT,45174,0,0,35,24
5,12,587563.0,-1.752239028074114,-1.0931610449562763,TIME_LIMIT,45216,0,0,25,4
5,12,588087.0,-1.752239028074114,-1.0931610449562763,TIME_LIMIT,45257,0,0,27,32
5,12,588665.0,-1.752208907319299,-1.0931610449562763,TIME_LIMIT,45309,0,0,29,14
5,12,589218.0,-1.752208907319299,-1.0931610449562763,TIME_LIMIT,45335,0,0,40,16
5,12,589733.0,-1.7521731103551328,-1.0931610449562763,TIME_LIMIT,45388,0,0,35,9
5,12,590228.0,-1.7521731103551328,-1.0931610449562763,TIME_LIMIT,45417,0,0,44,31
5,12,590794.0,-1.7521504619244972,-1.0931610449562763,TIME_LIMIT,45465,0,0,22,12
5,12,591359.0,-1.7521504619244972,-1.0931610449562763,TIME_LIMIT,45492,0,0,31,18
5,12,591961.0,-1.7521104348125784,-1.0931610449562763,TIME_LIMIT,45545,0,0,19,8
5,12,592533.0,-1.7521104348125784,-1.0931610449562763,TIME_LIMIT,45584,0,0,36,22
5,12,593096.0,-1.7520839137211757,-1.0931610449562763,TIME_LIMIT,45641,0,0,35,18
5,12,593662.0,-1.7520839137211757,-1.0931610449562763,TIME_LIMIT,45671,0,0,16,11
5,12,594217.0,-1.7520681730187717,-1.0931610449562763,TIME_LIMIT,45719,0,0,17,12
5,12,594871.0,-1.7520681730187717,-1.0931610449562763,TIME_LIMIT,45763,0,0,42,18
5,12,595541.0,-1.7520252404793832,-1.0931610449562763,TIME_LIMIT,45795,0,0,14,6
5,12,596159.0,-1.7520252404793832,-1.0931610449562763,TIME_LIMIT,45828,0,0,41,36
5,12,596752.0,-1.7518426252291142,-1.0931610449562763,TIME_LIMIT,45882,0,0,21,14
5,12,597332.0,-1.7518426252291142,-1.0931610449562763,TIME_LIMIT,45914,0,0,25,26
5,12,597932.0,-1.751808496041246,-1.0931610449562763,TIME_LIMIT,45964,0,0,34,24
5,12,598504.0,-1.751808496041246,-1.0931610449562763,TIME_LIMIT,45998,0,0,37,23
5,12,599069.0,-1.7517446906044665,-1.0931610449562763,TIME_LIMIT,46039,0,0,39,16
5,12,599670.0,-1.7517446906044665,-1.0931610449562763,TIME_LIMIT,46072,0,0,20,18
5,12,600229.0,-1.7517339713225666,-1.0931610449562763,TIME_LIMIT,46108,0,0,35,25
5,12,600794.0,-1.7517339713225666,-1.0931610449562763,TIME_LIMIT,46138,0,0,16,19
5,12,601358.0,-1.7516071519860466,-1.0931610449562763,TIME_LIMIT,46191,0,0,32,7
5,12,601960.0,-1.7516071519860466,-1.0931610449562763,TIME_LIMIT,46228,0,0,27,17
5,12,602525.0,-1.751544266676533,-1.0931610449562763,TIME_LIMIT,46269,0,0,12,9
5,12,603090.0,-1.751544266676533,-1.0931610449562763,TIME_LIMIT,46307,0,0,23,13
5,12,603685.0,-1.7515264219250755,-1.0931610449562763,TIME_LIMIT,46356,0,0,34,22
5,12,604249.0,-1.7515264219250755,-1.0931610449562763,TIME_LIMIT,46385,0,0,19,16
5,12,604759.0,-1.75144014484807,-1.0931610449562763,TIME_LIMIT,46440,0,0,34,10
5,12,605215.0,-1.75144014484807,-1.0931610449562763,TIME_LIMIT,46475,0,0,41,24
5,12,605782.0,-1.7514015864321522,-1.0931610449562763,TIME_LIMIT,46530,0,0,29,20
5,12,606401.0,-1.7514015864321522,-1.0931610449562763,TIME_LIMIT,46557,0,0,30,26
5,12,607021.0,-1.7513852704183908,-1.0931610449562763,TIME_LIMIT,46614,0,0,24,13
5,12,607661.0,-1.7513852704183908,-1.0931610449562763,TIME_LIMIT,46659,0,0,22,11
5,12,608258.0,-1.7513749230829159,-1.0931610449562763,TIME_LIMIT,46696,0,0,36,13
5,12,608845.0,-1.7513749230829159,-1.0931610449562763,TIME_LIMIT,46729,0,0,42,33
5,12,609443.0,-1.7509966916688997,-1.0931610449562763,TIME_LIMIT,46777,0,0,29,17
5,12,610040.0,-1.7509966916688997,-1.0931610449562763,TIME_LIMIT,46807,0,0,34,21
5,12,610610.0,-1.7509169519673893,-1.0931610449562763,TIME_LIMIT,46862,0,0,33,12
5,12,611174.0,-1.7509169519673893,-1.0931610449562763,TIME_LIMIT,46893,0,0,15,8
5,12,611771.0,-1.7508846010932653,-1.0931610449562763,TIME_LIMIT,46942,0,0,31,10
5,12,612336.0,-1.7508846010932653,-1.0931610449562763,TIME_LIMIT,46980,0,0,32,11
5,12,612933.0,-1.7508107671786213,-1.0931610449562763,TIME_LIMIT,47021,0,0,37,14
5,12,613514.0,-1.7508107671786213,-1.0931610449562763,TIME_LIMIT,47053,0,0,47,44
5,12,614101.0,-1.7507443232957922,-1.0931610449562763,TIME_LIMIT,47105,0,0,18,13
5,12,614512.0,-1.7507443232957922,-1.0931610449562763,TIME_LIMIT,47141,0,0,42,19
5,12,614927.0,-1.7506494597897189,-1.0931610449562763,TIME_LIMIT,47195,0,0,18,6
5,12,615476.0,-1.7506494597897189,-1.0931610449562763,TIME_LIMIT,47231,0,0,22,20
5,12,615899.0,-1.7505697295696985,-1.0931610449562763,TIME_LIMIT,47270,0,0,31,22
5,12,616588.0,-1.7505697295696985,-1.0931610449562763,TIME_LIMIT,47297,0,0,37,20
5,12,617255.0,-1.750555044025822,-1.0931610449562763,TIME_LIMIT,47352,0,0,22,7
5,12,617868.0,-1.750555044025822,-1.0931610449562763,TIME_LIMIT,47381,0,0,33,11
5,12,618461.0,-1.75037178000664,-1.0931610449562763,TIME_LIMIT,47427,0,0,23,13
5,12,619041.0,-1.75037178000664,-1.0931610449562763,TIME_LIMIT,47460,0,0,38,30
5,12,619630.0,-1.7503589621682218,-1.0931610449562763,TIME_LIMIT,47512,0,0,26,10
5,12,620247.0,-1.7503589621682218,-1.0931610449562763,TIME_LIMIT,47543,0,0,24,12
5,12,620812.0,-1.7502669494410439,-1.0931610449562763,TIME_LIMIT,47601,0,0,32,17
5,12,621397.0,-1.7502669494410439,-1.0931610449562763,TIME_LIMIT,47642,0,0,32,15
5,12,621894.0,-1.7502639620596225,-1.0931610449562763,TIME_LIMIT,47676,0,0,29,13
5,12,622457.0,-1.7502639620596225,-1.0931610449562763,TIME_LIMIT,47708,0,0,45,31
5,12,623021.0,-1.7499897592538842,-1.0931610449562763,TIME_LIMIT,47761,0,0,35,20
5,12,623627.0,-1.7499897592538842,-1.0931610449562763,TIME_LIMIT,47795,0,0,41,33
5,12,624194.0,-1.7499828336650032,-1.0931610449562763,TIME_LIMIT,47844,0,0,31,10
5,12,624758.0,-1.7499828336650032,-1.0931610449562763,TIME_LIMIT,47881,0,0,28,20
5,12,625322.0,-1.7497680052134945,-1.0931610449562763,TIME_LIMIT,47917,0,0,36,13
5,12,625922.0,-1.7497680052134945,-1.0931610449562763,TIME_LIMIT,47957,0,0,47,31
5,12,626488.0,-1.7497124529132437,-1.0931610449562763,TIME_LIMIT,48006,0,0,30,13
5,12,627050.0,-1.7497124529132437,-1.0931610449562763,TIME_LIMIT,48043,0,0,35,12
5,12,627609.0,-1.7495107209528484,-1.0931610449562763,TIME_LIMIT,48076,0,0,23,14
5,12,628174.0,-1.7495107209528484,-1.0931610449562763,TIME_LIMIT,48116,0,0,45,18
5,12,628854.0,-1.7494602212911605,-1.0931610449562763,TIME_LIMIT,48161,0,0,39,24
5,12,629172.0,-1.7494602212911605,-1.0931610449562763,TIME_LIMIT,48192,0,0,39,15
5,12,629797.0,-1.7494324625461886,-1.0931610449562763,TIME_LIMIT,48238,0,0,23,13
5,12,630383.0,-1.7494324625461886,-1.0931610449562763,TIME_LIMIT,48277,0,0,18,16
5,12,630969.0,-1.7493949665852533,-1.0931610449562763,TIME_LIMIT,48317,0,0,20,12
5,12,631540.0,-1.7493949665852533,-1.0931610449562763,TIME_LIMIT,48356,0,0,46,19
5,12,632142.0,-1.7493738152941454,-1.0931610449562763,TIME_LIMIT,48408,0,0,16,7
5,12,632709.0,-1.7493738152941454,-1.0931610449562763,TIME_LIMIT,48436,0,0,46,20
5,12,633272.0,-1.7493622381275733,-1.0931610449562763,TIME_LIMIT,48485,0,0,26,7
5,12,633873.0,-1.7493622381275733,-1.0931610449562763,TIME_LIMIT,48524,0,0,32,22
5,12,634278.0,-1.7493592055196487,-1.0931610449562763,TIME_LIMIT,48560,0,0,19,19
5,12,634841.0,-1.7493592055196487,-1.0931610449562763,TIME_LIMIT,48594,0,0,33,17
5,12,635412.0,-1.749301531456208,-1.0931610449562763,TIME_LIMIT,48641,0,0,29,9
5,12,636018.0,-1.749301531456208,-1.0931610449562763,TIME_LIMIT,48671,0,0,35,22
5,12,636585.0,-1.749269267186162,-1.0931610449562763,TIME_LIMIT,48718,0,0,11,9
5,12,637137.0,-1.749269267186162,-1.0931610449562763,TIME_LIMIT,48752,0,0,36,17
5,12,637700.0,-1.7492142663467867,-1.0931610449562763,TIME_LIMIT,48804,0,0,28,13
5,12,638300.0,-1.7492142663467867,-1.0931610449562763,TIME_LIMIT,48836,0,0,32,21
5,12,638870.0,-1.7491978536656925,-1.0931610449562763,TIME_LIMIT,48887,0,0,12,11
5,12,639438.0,-1.7491978536656925,-1.0931610449562763,TIME_LIMIT,48926,0,0,29,17
5,12,640001.0,-1.7491770711360421,-1.0931610449562763,TIME_LIMIT,48957,0,0,30,16
5,12,640603.0,-1.7491770711360421,-1.0931610449562763,TIME_LIMIT,49004,0,0,45,25
5,12,641081.0,-1.7491587762596748,-1.0931610449562763,TIME_LIMIT,49042,0,0,45,23
5,12,641603.0,-1.7491587762596748,-1.0931610449562763,TIME_LIMIT,49082,0,0,33,12
5,12,642161.0,-1.749154028198895,-1.0931610449562763,TIME_LIMIT,49120,0,0,25,17
5,12,642455.0,-1.749154028198895,-1.0931610449562763,TIME_LIMIT,49151,0,0,25,17
5,12,643041.0,-1.749130621546506,-1.0931610449562763,TIME_LIMIT,49207,0,0,28,9
5,12,643724.0,-1.749130621546506,-1.0931610449562763,TIME_LIMIT,49236,0,0,35,19
5,12,644389.0,-1.7490822457092317,-1.0931610449562763,TIME_LIMIT,49286,0,0,16,5
5,12,644986.0,-1.7490822457092317,-1.0931610449562763,TIME_LIMIT,49314,0,0,51,31
5,12,645573.0,-1.7489601549103058,-1.0931610449562763,TIME_LIMIT,49371,0,0,38,16
5,12,646149.0,-1.7489601549103058,-1.0931610449562763,TIME_LIMIT,49407,0,0,40,23
5,12,646732.0,-1.7489356829832943,-1.0931610449562763,TIME_LIMIT,49439,0,0,31,9
5,12,647297.0,-1.7489356829832943,-1.0931610449562763,TIME_LIMIT,49471,0,0,47,32
5,12,647870.0,-1.7488385352516873,-1.0931610449562763,TIME_LIMIT,49518,0,0,27,8
5,12,648439.0,-1.7488385352516873,-1.0931610449562763,TIME_LIMIT,49557,0,0,47,37
5,12,649006.0,-1.7487844466775662,-1.0931610449562763,TIME_LIMIT,49613,0,0,33,12
5,12,649573.0,-1.7487844466775662,-1.0931610449562763,TIME_LIMIT,49649,0,0,34,29
5,12,650162.0,-1.748714471025401,-1.0931610449562763,TIME_LIMIT,49701,0,0,31,21
5,12,650749.0,-1.748714471025401,-1.0931610449562763,TIME_LIMIT,49737,0,0,40,28
5,12,651316.0,-1.7486695120193845,-1.0931610449562763,TIME_LIMIT,49778,0,0,23,14
5,12,651904.0,-1.7486695120193845,-1.0931610449562763,TIME_LIMIT,49805,0,0,31,13
5,12,652507.0,-1.7485875924752476,-1.0931610449562763,TIME_LIMIT,49855,0,0,16,8
5,12,653068.0,-1.7485875924752476,-1.0931610449562763,TIME_LIMIT,49890,0,0,25,18
5,12,653632.0,-1.7485537857303217,-1.0931610449562763,TIME_LIMIT,49933,0,0,29,6
5,12,654196.0,-1.7485537857303217,-1.0931610449562763,TIME_LIMIT,49961,0,0,28,16
5,12,654769.0,-1.7484838583391407,-1.0931610449562763,TIME_LIMIT,50005,0,0,29,14
5,12,655484.0,-1.7484838583391407,-1.0931610449562763,TIME_LIMIT,50037,0,0,23,15
5,12,656163.0,-1.7484473366092688,-1.0931610449562763,TIME_LIMIT,50086,0,0,30,11
5,12,656759.0,-1.7484473366092688,-1.0931610449562763,TIME_LIMIT,50125,0,0,38,8
5,12,657307.0,-1.7484456964572317,-1.0931610449562763,TIME_LIMIT,50163,0,0,35,24
5,12,657887.0,-1.7484456964572317,-1.0931610449562763,TIME_LIMIT,50197,0,0,42,39
5,12,658452.0,-1.7484345531548302,-1.0931610449562763,TIME_LIMIT,50250,0,0,37,22
5,12,658929.0,-1.7484345531548302,-1.0931610449562763,TIME_LIMIT,50285,0,0,25,17
5,12,659502.0,-1.7484153007857917,-1.0931610449562763,TIME_LIMIT,50331,0,0,17,11
5,12,660055.0,-1.7484153007857917,-1.0931610449562763,TIME_LIMIT,50364,0,0,38,25
5,12,660652.0,-1.748410537864554,-1.0931610449562763,TIME_LIMIT,50418,0,0,33,10
5,12,661219.0,-1.748410537864554,-1.0931610449562763,TIME_LIMIT,50458,0,0,39,18
5,12,661757.0,-1.7483979414654747,-1.0931610449562763,TIME_LIMIT,50503,0,0,21,6
5,12,662380.0,-1.7483979414654747,-1.0931610449562763,TIME_LIMIT,50542,0,0,23,12
5,12,662677.0,-1.7483308784187879,-1.0931610449562763,TIME_LIMIT,50574,0,0,13,9
5,12,663243.0,-1.7483308784187879,-1.0931610449562763,TIME_LIMIT,50614,0,0,20,40
5,12,663808.0,-1.748304321583154,-1.0931610449562763,TIME_LIMIT,50668,0,0,30,23
5,12,664218.0,-1.748304321583154,-1.0931610449562763,TIME_LIMIT,50706,0,0,12,8
5,12,664722.0,-1.7482802555372852,-1.0931610449562763,TIME_LIMIT,50747,0,0,32,14
5,12,665375.0,-1.7482802555372852,-1.0931610449562763,TIME_LIMIT,50775,0,0,38,28
5,12,666065.0,-1.7482046621106193,-1.0931610449562763,TIME_LIMIT,50826,0,0,30,12
5,12,666685.0,-1.7482046621106193,-1.0931610449562763,TIME_LIMIT,50858,0,0,19,24
5,12,667279.0,-1.7481293137524103,-1.0931610449562763,TIME_LIMIT,50912,0,0,31,11
5,12,667855.0,-1.7481293137524103,-1.0931610449562763,TIME_LIMIT,50942,0,0,50,36
5,12,668431.0,-1.748070386440639,-1.0931610449562763,TIME_LIMIT,50996,0,0,20,14
5,12,669031.0,-1.748070386440639,-1.0931610449562763,TIME_LIMIT,51022,0,0,24,24
5,12,669596.0,-1.7478631992549405,-1.0931610449562763,TIME_LIMIT,51076,0,0,27,12
5,12,670071.0,-1.7478631992549405,-1.0931610449562763,TIME_LIMIT,51111,0,0,23,22
5,12,670670.0,-1.7475949171634826,-1.0931610449562763,TIME_LIMIT,51165,0,0,17,8
5,12,671236.0,-1.7475949171634826,-1.0931610449562763,TIME_LIMIT,51198,0,0,35,15
5,12,671801.0,-1.7475941919658209,-1.0931610449562763,TIME_LIMIT,51235,0,0,33,23
5,12,672365.0,-1.7475941919658209,-1.0931610449562763,TIME_LIMIT,51270,0,0,36,24
5,12,672927.0,-1.7475857616747632,-1.0931610449562763,TIME_LIMIT,51305,0,0,38,18
5,12,673601.0,-1.7475857616747632,-1.0931610449562763,TIME_LIMIT,51333,0,0,20,16
5,12,674280.0,-1.7475529266140486,-1.0931610449562763,TIME_LIMIT,51380,0,0,21,16
5,12,674879.0,-1.7475529266140486,-1.0931610449562763,TIME_LIMIT,51409,0,0,19,19
5,12,675387.0,-1.7473912115504673,-1.0931610449562763,TIME_LIMIT,51458,0,0,13,10
5,12,675971.0,-1.7473912115504673,-1.0931610449562763,TIME_LIMIT,51502,0,0,38,18
5,12,676549.0,-1.7473788547719704,-1.0931610449562763,TIME_LIMIT,51536,0,0,23,3
5,12,677150.0,-1.7473788547719704,-1.0931610449562763,TIME_LIMIT,51567,0,0,27,40
5,12,677715.0,-1.747331547527172,-1.0931610449562763,TIME_LIMIT,51628,0,0,35,15
5,12,678266.0,-1.747331547527172,-1.0931610449562763,TIME_LIMIT,51657,0,0,41,39
5,12,678868.0,-1.7473175026796959,-1.0931610449562763,TIME_LIMIT,51713,0,0,33,14
5,12,679435.0,-1.7473175026796959,-1.0931610449562763,TIME_LIMIT,51746,0,0,36,28
5,12,679996.0,-1.747234561579194,-1.0931610449562763,TIME_LIMIT,51804,0,0,33,11
5,12,680564.0,-1.747234561579194,-1.0931610449562763,TIME_LIMIT,51831,0,0,40,53
5,12,681136.0,-1.7471410238428993,-1.0931610449562763,TIME_LIMIT,51883,0,0,31,6
5,12,681815.0,-1.7471410238428993,-1.0931610449562763,TIME_LIMIT,51925,0,0,17,14
5,12,682475.0,-1.747116753282223,-1.0931610449562763,TIME_LIMIT,51955,0,0,23,14
5,12,683069.0,-1.747116753282223,-1.0931610449562763,TIME_LIMIT,51994,0,0,33,20
5,12,683664.0,-1.7470999426701366,-1.0931610449562763,TIME_LIMIT,52031,0,0,28,12
5,12,684254.0,-1.7470999426701366,-1.0931610449562763,TIME_LIMIT,52067,0,0,23,15
5,12,684687.0,-1.7470716534811095,-1.0931610449562763,TIME_LIMIT,52107,0,0,30,8
5,12,685280.0,-1.7470716534811095,-1.0931610449562763,TIME_LIMIT,52142,0,0,46,19
5,12,685861.0,-1.7468448405371138,-1.0931610449562763,TIME_LIMIT,52199,0,0,28,12
5,12,686422.0,-1.7468448405371138,-1.0931610449562763,TIME_LIMIT,52229,0,0,38,20
5,12,687994.0,-1.7468446274599412,-1.0931610449562763,TIME_LIMIT,52286,0,0,27,16
5,12,688558.0,-1.7468446274599412,-1.0931610449562763,TIME_LIMIT,52319,0,0,33,32
5,12,689076.0,-1.7467255645840611,-1.0931610449562763,TIME_LIMIT,52373,0,0,27,17
5,12,689613.0,-1.7467255645840611,-1.0931610449562763,TIME_LIMIT,52411,0,0,23,14
5,12,690222.0,-1.7466247160935522,-1.0931610449562763,TIME_LIMIT,52446,0,0,33,26
5,12,690856.0,-1.7466247160935522,-1.0931610449562763,TIME_LIMIT,52482,0,0,34,21
5,12,691416.0,-1.7465566520317286,-1.0931610449562763,TIME_LIMIT,52530,0,0,19,15
5,12,691952.0,-1.7465566520317286,-1.0931610449562763,TIME_LIMIT,52566,0,0,39,20
5,12,692484.0,-1.746534032987256,-1.0931610449562763,TIME_LIMIT,52616,0,0,18,6
5,12,693021.0,-1.746534032987256,-1.0931610449562763,TIME_LIMIT,52650,0,0,15,13
5,12,693541.0,-1.746525240040446,-1.0931610449562763,TIME_LIMIT,52698,0,0,14,9
5,12,694096.0,-1.746525240040446,-1.0931610449562763,TIME_LIMIT,52750,0,0,37,20
5,12,694661.0,-1.7464464075620338,-1.0931610449562763,TIME_LIMIT,52780,0,0,37,23
5,12,695173.0,-1.7464464075620338,-1.0931610449562763,TIME_LIMIT,52805,0,0,31,21
5,12,695684.0,-1.7463773815802495,-1.0931610449562763,TIME_LIMIT,52860,0,0,30,11
5,12,695961.0,-1.7463773815802495,-1.0931610449562763,TIME_LIMIT,52887,0,0,17,10
5,12,696498.0,-1.7463190242964373,-1.0931610449562763,TIME_LIMIT,52936,0,0,27,8
5,12,697011.0,-1.7463190242964373,-1.0931610449562763,TIME_LIMIT,52962,0,0,39,24
5,12,697558.0,-1.746289554737432,-1.0931610449562763,TIME_LIMIT,53012,0,0,29,11
5,12,698099.0,-1.746289554737432,-1.0931610449562763,TIME_LIMIT,53041,0,0,36,20
5,12,698633.0,-1.7458822411381245,-1.0931610449562763,TIME_LIMIT,53098,0,0,41,24
5,12,699312.0,-1.7458822411381245,-1.0931610449562763,TIME_LIMIT,53134,0,0,36,44
5,12,700015.0,-1.7458773154900922,-1.0931610449562763,TIME_LIMIT,53185,0,0,30,22
5,12,700690.0,-1.7458773154900922,-1.0931610449562763,TIME_LIMIT,53218,0,0,20,9
5,12,701245.0,-1.7457683816380918,-1.0931610449562763,TIME_LIMIT,53251,0,0,29,14
5,12,701811.0,-1.7457683816380918,-1.0931610449562763,TIME_LIMIT,53283,0,0,48,27
5,12,702348.0,-1.745716117068046,-1.0931610449562763,TIME_LIMIT,53335,0,0,36,7
5,12,702880.0,-1.745716117068046,-1.0931610449562763,TIME_LIMIT,53365,0,0,21,20
5,12,703416.0,-1.7456795899075466,-1.0931610449562763,TIME_LIMIT,53412,0,0,13,15
5,12,703937.0,-1.7456795899075466,-1.0931610449562763,TIME_LIMIT,53443,0,0,34,28
5,12,704497.0,-1.7456662661034652,-1.0931610449562763,TIME_LIMIT,53491,0,0,30,16
5,12,705011.0,-1.7456662661034652,-1.0931610449562763,TIME_LIMIT,53523,0,0,37,22
5,12,705536.0,-1.7456362779074333,-1.0931610449562763,TIME_LIMIT,53576,0,0,31,19
5,12,706098.0,-1.7456362779074333,-1.0931610449562763,TIME_LIMIT,53609,0,0,39,30
5,12,706613.0,-1.7456344717558063,-1.0931610449562763,TIME_LIMIT,53663,0,0,28,17
5,12,707136.0,-1.7456344717558063,-1.0931610449562763,TIME_LIMIT,53701,0,0,25,15
5,12,707593.0,-1.745616301417113,-1.0931610449562763,TIME_LIMIT,53736,0,0,23,10
5,12,708106.0,-1.745616301417113,-1.0931610449562763,TIME_LIMIT,53780,0,0,41,8
5,12,708632.0,-1.7454666574353979,-1.0931610449562763,TIME_LIMIT,53816,0,0,32,15
5,12,709329.0,-1.7454666574353979,-1.0931610449562763,TIME_LIMIT,53850,0,0,37,19
5,12,710017.0,-1.7454081483073842,-1.0931610449562763,TIME_LIMIT,53897,0,0,31,13
5,12,710694.0,-1.7454081483073842,-1.0931610449562763,TIME_LIMIT,53926,0,0,37,26
5,12,711262.0,-1.7452277571780375,-1.0931610449562763,TIME_LIMIT,53979,0,0,19,4
5,12,711806.0,-1.7452277571780375,-1.0931610449562763,TIME_LIMIT,54009,0,0,39,40
5,12,712342.0,-1.7451960110628217,-1.0931610449562763,TIME_LIMIT,54058,0,0,12,12
5,12,712888.0,-1.7451960110628217,-1.0931610449562763,TIME_LIMIT,54093,0,0,39,28
5,12,713411.0,-1.7451421169451136,-1.0931610449562763,TIME_LIMIT,54141,0,0,30,15
5,12,713969.0,-1.7451421169451136,-1.0931610449562763,TIME_LIMIT,54175,0,0,45,34
5,12,714495.0,-1.7450751474503596,-1.0931610449562763,TIME_LIMIT,54224,0,0,21,21
5,12,715006.0,-1.7450751474503596,-1.0931610449562763,TIME_LIMIT,54262,0,0,38,18
5,12,715559.0,-1.7449812547418018,-1.0931610449562763,TIME_LIMIT,54299,0,0,32,15
5,12,716093.0,-1.7449812547418018,-1.0931610449562763,TIME_LIMIT,54332,0,0,50,22
5,12,716605.0,-1.744916886424508,-1.0931610449562763,TIME_LIMIT,54389,0,0,28,12
5,12,717116.0,-1.744916886424508,-1.0931610449562763,TIME_LIMIT,54423,0,0,38,21
5,12,717642.0,-1.7448846125131579,-1.0931610449562763,TIME_LIMIT,54488,0,0,22,11
5,12,718166.0,-1.7448846125131579,-1.0931610449562763,TIME_LIMIT,54523,0,0,43,38
5,12,718846.0,-1.7447524065588378,-1.0931610449562763,TIME_LIMIT,54576,0,0,36,20
5,12,719552.0,-1.7447524065588378,-1.0931610449562763,TIME_LIMIT,54618,0,0,34,15
5,12,720081.0,-1.7447337331956447,-1.0931610449562763,TIME_LIMIT,54655,0,0,19,7
5,12,720677.0,-1.7447337331956447,-1.0931610449562763,TIME_LIMIT,54689,0,0,39,26
5,12,721222.0,-1.7446983112888788,-1.0931610449562763,TIME_LIMIT,54728,0,0,30,15
5,12,721762.0,-1.7446983112888788,-1.0931610449562763,TIME_LIMIT,54761,0,0,34,29
5,12,722307.0,-1.7446892022047737,-1.0931610449562763,TIME_LIMIT,54809,0,0,10,7
5,12,722831.0,-1.7446892022047737,-1.0931610449562763,TIME_LIMIT,54843,0,0,40,25
5,12,723387.0,-1.7446703992884418,-1.0931610449562763,TIME_LIMIT,54898,0,0,32,11
5,12,723921.0,-1.7446703992884418,-1.0931610449562763,TIME_LIMIT,54933,0,0,44,27
5,12,724432.0,-1.7446551292005341,-1.0931610449562763,TIME_LIMIT,54989,0,0,19,8
5,12,724974.0,-1.7446551292005341,-1.0931610449562763,TIME_LIMIT,55019,0,0,25,40
5,12,725521.0,-1.7446158652255166,-1.0931610449562763,TIME_LIMIT,55077,0,0,36,21
5,12,726036.0,-1.7446158652255166,-1.0931610449562763,TIME_LIMIT,55106,0,0,41,24
5,12,726548.0,-1.7445560123935278,-1.0931610449562763,TIME_LIMIT,55156,0,0,26,15
5,12,727074.0,-1.7445560123935278,-1.0931610449562763,TIME_LIMIT,55189,0,0,42,20
5,12,727517.0,-1.7445113901612816,-1.0931610449562763,TIME_LIMIT,55240,0,0,49,16
5,12,728165.0,-1.7445113901612816,-1.0931610449562763,TIME_LIMIT,55284,0,0,21,9
5,12,728645.0,-1.7444011999279623,-1.0931610449562763,TIME_LIMIT,55320,0,0,32,11
5,12,729355.0,-1.7444011999279623,-1.0931610449562763,TIME_LIMIT,55348,0,0,40,47
5,12,729986.0,-1.7441297406489888,-1.0931610449562763,TIME_LIMIT,55397,0,0,25,12
5,12,730533.0,-1.7441297406489888,-1.0931610449562763,TIME_LIMIT,55428,0,0,27,22
5,12,731086.0,-1.74406534247241,-1.0931610449562763,TIME_LIMIT,55471,0,0,21,13
5,12,731619.0,-1.74406534247241,-1.0931610449562763,TIME_LIMIT,55503,0,0,29,18
5,12,732046.0,-1.7440044192880637,-1.0931610449562763,TIME_LIMIT,55545,0,0,35,17
5,12,732419.0,-1.7440044192880637,-1.0931610449562763,TIME_LIMIT,55590,0,0,38,13
5,12,732938.0,-1.7439895020701737,-1.0931610449562763,TIME_LIMIT,55619,0,0,33,8
5,12,733487.0,-1.7439895020701737,-1.0931610449562763,TIME_LIMIT,55646,0,0,43,19
5,12,734032.0,-1.7439375279591454,-1.0931610449562763,TIME_LIMIT,55697,0,0,35,11
5,12,734543.0,-1.7439375279591454,-1.0931610449562763,TIME_LIMIT,55741,0,0,14,20
5,12,735066.0,-1.7437316048034042,-1.0931610449562763,TIME_LIMIT,55779,0,0,22,12
5,12,735616.0,-1.7437316048034042,-1.0931610449562763,TIME_LIMIT,55804,0,0,42,45
5,12,736141.0,-1.7436989517145396,-1.0931610449562763,TIME_LIMIT,55856,0,0,16,9
5,12,736655.0,-1.7436989517145396,-1.0931610449562763,TIME_LIMIT,55882,0,0,35,24
5,12,737169.0,-1.7434785378598312,-1.0931610449562763,TIME_LIMIT,55940,0,0,18,8
5,12,737694.0,-1.7434785378598312,-1.0931610449562763,TIME_LIMIT,55981,0,0,44,46
5,12,738330.0,-1.743452462142242,-1.0931610449562763,TIME_LIMIT,56024,0,0,29,15
5,12,739012.0,-1.743452462142242,-1.0931610449562763,TIME_LIMIT,56057,0,0,18,12
5,12,739716.0,-1.7434095087957346,-1.0931610449562763,TIME_LIMIT,56106,0,0,31,15
5,12,740307.0,-1.7434095087957346,-1.0931610449562763,TIME_LIMIT,56137,0,0,39,23
5,12,740851.0,-1.743243066807043,-1.0931610449562763,TIME_LIMIT,56196,0,0,23,8
5,12,741068.0,-1.743243066807043,-1.0931610449562763,TIME_LIMIT,56223,0,0,40,32
5,12,741640.0,-1.7431390171929022,-1.0931610449562763,TIME_LIMIT,56270,0,0,29,7
5,12,742166.0,-1.7431390171929022,-1.0931610449562763,TIME_LIMIT,56312,0,0,39,20
5,12,742693.0,-1.7430105727351948,-1.0931610449562763,TIME_LIMIT,56346,0,0,39,15
5,12,743095.0,-1.7430105727351948,-1.0931610449562763,TIME_LIMIT,56377,0,0,34,9
5,12,743617.0,-1.742991217917913,-1.0931610449562763,TIME_LIMIT,56427,0,0,25,9
5,12,744128.0,-1.742991217917913,-1.0931610449562763,TIME_LIMIT,56465,0,0,48,47
5,12,744680.0,-1.742970742988626,-1.0931610449562763,TIME_LIMIT,56499,0,0,36,37
5,12,745215.0,-1.742970742988626,-1.0931610449562763,TIME_LIMIT,56537,0,0,26,15
5,12,745591.0,-1.742836038778434,-1.0931610449562763,TIME_LIMIT,56571,0,0,30,13
5,12,746140.0,-1.742836038778434,-1.0931610449562763,TIME_LIMIT,56602,0,0,30,18
5,12,746658.0,-1.7428107694217028,-1.0931610449562763,TIME_LIMIT,56650,0,0,14,8
5,12,747184.0,-1.7428107694217028,-1.0931610449562763,TIME_LIMIT,56681,0,0,28,41
5,12,747819.0,-1.742690017819485,-1.0931610449562763,TIME_LIMIT,56735,0,0,30,16
5,12,748499.0,-1.742690017819485,-1.0931610449562763,TIME_LIMIT,56770,0,0,21,26
5,12,749207.0,-1.7425979218145966,-1.0931610449562763,TIME_LIMIT,56815,0,0,24,9
5,12,749801.0,-1.7425979218145966,-1.0931610449562763,TIME_LIMIT,56849,0,0,35,33
5,12,750349.0,-1.742570243012875,-1.0931610449562763,TIME_LIMIT,56905,0,0,31,12
5,12,750958.0,-1.742570243012875,-1.0931610449562763,TIME_LIMIT,56943,0,0,34,13
5,12,751497.0,-1.7423599096084041,-1.0931610449562763,TIME_LIMIT,56989,0,0,44,10
5,12,752024.0,-1.7423599096084041,-1.0931610449562763,TIME_LIMIT,57014,0,0,39,31
5,12,752563.0,-1.742304018361908,-1.0931610449562763,TIME_LIMIT,57066,0,0,33,17
5,12,753119.0,-1.742304018361908,-1.0931610449562763,TIME_LIMIT,57101,0,0,31,20
5,12,753629.0,-1.7422990889288485,-1.0931610449562763,TIME_LIMIT,57152,0,0,27,18
5,12,754150.0,-1.7422990889288485,-1.0931610449562763,TIME_LIMIT,57187,0,0,29,18
5,12,754717.0,-1.742293186962376,-1.0931610449562763,TIME_LIMIT,57237,0,0,31,14
5,12,755231.0,-1.742293186962376,-1.0931610449562763,TIME_LIMIT,57266,0,0,35,21
5,12,755752.0,-1.742228044885855,-1.0931610449562763,TIME_LIMIT,57317,0,0,34,11
5,12,756308.0,-1.742228044885855,-1.0931610449562763,TIME_LIMIT,57354,0,0,35,18
5,12,756840.0,-1.742188128186567,-1.0931610449562763,TIME_LIMIT,57388,0,0,29,9
5,12,757352.0,-1.742188128186567,-1.0931610449562763,TIME_LIMIT,57420,0,0,32,25
5,12,757879.0,-1.742156195735912,-1.0931610449562763,TIME_LIMIT,57471,0,0,21,15
5,12,758391.0,-1.742156195735912,-1.0931610449562763,TIME_LIMIT,57500,0,0,32,39
5,12,758949.0,-1.7420914752665781,-1.0931610449562763,TIME_LIMIT,57556,0,0,20,12
5,12,759628.0,-1.7420914752665781,-1.0931610449562763,TIME_LIMIT,57588,0,0,29,31
5,12,760333.0,-1.7420517786250773,-1.0931610449562763,TIME_LIMIT,57642,0,0,37,14
5,12,760979.0,-1.7420517786250773,-1.0931610449562763,TIME_LIMIT,57680,0,0,32,23
5,12,761529.0,-1.7419730251662444,-1.0931610449562763,TIME_LIMIT,57721,0,0,35,12
5,12,762083.0,-1.7419730251662444,-1.0931610449562763,TIME_LIMIT,57760,0,0,36,22
5,12,762369.0,-1.7419308912868012,-1.0931610449562763,TIME_LIMIT,57795,0,0,30,13
5,12,762818.0,-1.7419308912868012,-1.0931610449562763,TIME_LIMIT,57823,0,0,37,43
5,12,763347.0,-1.7418860708535588,-1.0931610449562763,TIME_LIMIT,57875,0,0,31,10
5,12,763908.0,-1.7418860708535588,-1.0931610449562763,TIME_LIMIT,57907,0,0,42,35
5,12,764441.0,-1.741863925251565,-1.0931610449562763,TIME_LIMIT,57962,0,0,32,17
5,12,764955.0,-1.741863925251565,-1.0931610449562763,TIME_LIMIT,57996,0,0,26,24
5,12,765484.0,-1.7418527119191196,-1.0931610449562763,TIME_LIMIT,58052,0,0,21,15
5,12,766041.0,-1.7418527119191196,-1.0931610449562763,TIME_LIMIT,58089,0,0,49,18
5,12,766555.0,-1.7418281455825486,-1.0931610449562763,TIME_LIMIT,58140,0,0,35,6
5,12,767064.0,-1.7418281455825486,-1.0931610449562763,TIME_LIMIT,58168,0,0,36,34
5,12,767606.0,-1.741667938842382,-1.0931610449562763,TIME_LIMIT,58219,0,0,26,10
5,12,768153.0,-1.741667938842382,-1.0931610449562763,TIME_LIMIT,58251,0,0,34,21
5,12,768661.0,-1.7416256624230457,-1.0931610449562763,TIME_LIMIT,58303,0,0,32,13
5,12,769187.0,-1.7416256624230457,-1.0931610449562763,TIME_LIMIT,58330,0,0,20,46
5,12,769730.0,-1.7416086138736346,-1.0931610449562763,TIME_LIMIT,58383,0,0,26,18
5,12,770259.0,-1.7416086138736346,-1.0931610449562763,TIME_LIMIT,58414,0,0,21,13
5,12,770785.0,-1.7415564542226676,-1.0931610449562763,TIME_LIMIT,58464,0,0,17,7
5,12,771300.0,-1.7415564542226676,-1.0931610449562763,TIME_LIMIT,58495,0,0,45,45
5,12,771811.0,-1.7414192476491164,-1.0931610449562763,TIME_LIMIT,58552,0,0,30,16
5,12,772357.0,-1.7414192476491164,-1.0931610449562763,TIME_LIMIT,58582,0,0,23,13
5,12,773038.0,-1.7413685849101865,-1.0931610449562763,TIME_LIMIT,58614,0,0,27,14
5,12,773607.0,-1.7413685849101865,-1.0931610449562763,TIME_LIMIT,58649,0,0,41,13
5,12,774295.0,-1.7413580888843585,-1.0931610449562763,TIME_LIMIT,58692,0,0,28,11
5,12,774779.0,-1.7413580888843585,-1.0931610449562763,TIME_LIMIT,58730,0,0,45,24
5,12,775327.0,-1.7413309303616924,-1.0931610449562763,TIME_LIMIT,58783,0,0,29,13
5,12,775881.0,-1.7413309303616924,-1.0931610449562763,TIME_LIMIT,58818,0,0,30,21
5,12,776421.0,-1.7411014995078589,-1.0931610449562763,TIME_LIMIT,58862,0,0,27,15
5,12,776946.0,-1.7411014995078589,-1.0931610449562763,TIME_LIMIT,58885,0,0,32,29
5,12,777468.0,-1.7410244648294313,-1.0931610449562763,TIME_LIMIT,58936,0,0,13,11
5,12,778027.0,-1.7410244648294313,-1.0931610449562763,TIME_LIMIT,58971,0,0,31,15
5,12,778561.0,-1.7410011678750312,-1.0931610449562763,TIME_LIMIT,59002,0,0,24,12
5,12,779071.0,-1.7410011678750312,-1.0931610449562763,TIME_LIMIT,59024,0,0,42,37
5,12,779608.0,-1.7409842175802854,-1.0931610449562763,TIME_LIMIT,59071,0,0,23,7
5,12,780159.0,-1.7409842175802854,-1.0931610449562763,TIME_LIMIT,59100,0,0,35,33
5,12,780671.0,-1.7408972931598086,-1.0931610449562763,TIME_LIMIT,59151,0,0,26,13
5,12,781195.0,-1.7408972931598086,-1.0931610449562763,TIME_LIMIT,59183,0,0,39,25
5,12,781734.0,-1.7408235632913094,-1.0931610449562763,TIME_LIMIT,59240,0,0,31,13
5,12,782265.0,-1.7408235632913094,-1.0931610449562763,TIME_LIMIT,59271,0,0,36,32
5,12,782791.0,-1.7407662206508827,-1.0931610449562763,TIME_LIMIT,59322,0,0,25,14
5,12,783307.0,-1.7407662206508827,-1.0931610449562763,TIME_LIMIT,59361,0,0,35,11
5,12,783818.0,-1.740611765006658,-1.0931610449562763,TIME_LIMIT,59391,0,0,26,8
5,12,784399.0,-1.740611765006658,-1.0931610449562763,TIME_LIMIT,59430,0,0,52,35
5,12,785081.0,-1.7403683636485794,-1.0931610449562763,TIME_LIMIT,59487,0,0,22,15
5,12,785767.0,-1.7403683636485794,-1.0931610449562763,TIME_LIMIT,59518,0,0,40,66
5,12,786417.0,-1.7403193619220783,-1.0931610449562763,TIME_LIMIT,59577,0,0,34,18
5,12,786982.0,-1.7403193619220783,-1.0931610449562763,TIME_LIMIT,59604,0,0,36,14
5,12,787529.0,-1.7401335919977954,-1.0931610449562763,TIME_LIMIT,59652,0,0,26,10
5,12,788073.0,-1.7401335919977954,-1.0931610449562763,TIME_LIMIT,59684,0,0,50,44
5,12,788619.0,-1.7400006170134925,-1.0931610449562763,TIME_LIMIT,59738,0,0,30,19
5,12,789148.0,-1.7400006170134925,-1.0931610449562763,TIME_LIMIT,59778,0,0,41,24
5,12,789701.0,-1.7399982950644266,-1.0931610449562763,TIME_LIMIT,59819,0,0,17,5
5,12,790134.0,-1.7399982950644266,-1.0931610449562763,TIME_LIMIT,59850,0,0,41,33
5,12,790644.0,-1.739921589753507,-1.0931610449562763,TIME_LIMIT,59908,0,0,21,6
5,12,791183.0,-1.739921589753507,-1.0931610449562763,TIME_LIMIT,59940,0,0,43,29
5,12,791733.0,-1.739821640968792,-1.0931610449562763,TIME_LIMIT,59989,0,0,29,25
5,12,792247.0,-1.739821640968792,-1.0931610449562763,TIME_LIMIT,60030,0,0,30,20
5,12,792772.0,-1.739767240966405,-1.0931610449562763,TIME_LIMIT,60071,0,0,39,5
5,12,793287.0,-1.739767240966405,-1.0931610449562763,TIME_LIMIT,60115,0,0,50,41
5,12,793796.0,-1.739756981774053,-1.0931610449562763,TIME_LIMIT,60151,0,0,31,23
5,12,794322.0,-1.739756981774053,-1.0931610449562763,TIME_LIMIT,60193,0,0,23,9
5,12,795019.0,-1.7397092140934207,-1.0931610449562763,TIME_LIMIT,60239,0,0,18,12
5,12,795463.0,-1.7397092140934207,-1.0931610449562763,TIME_LIMIT,60266,0,0,27,13
5,12,796124.0,-1.7395335794123692,-1.0931610449562763,TIME_LIMIT,60305,0,0,19,11
5,12,796692.0,-1.7395335794123692,-1.0931610449562763,TIME_LIMIT,60346,0,0,38,27
5,12,797237.0,-1.7394046750689693,-1.0931610449562763,TIME_LIMIT,60381,0,0,35,21
5,12,797775.0,-1.7394046750689693,-1.0931610449562763,TIME_LIMIT,60414,0,0,38,23
5,12,798343.0,-1.7392997921606252,-1.0931610449562763,TIME_LIMIT,60454,0,0,28,5
5,12,798868.0,-1.7392997921606252,-1.0931610449562763,TIME_LIMIT,60480,0,0,35,40
5,12,799390.0,-1.739286547239155,-1.0931610449562763,TIME_LIMIT,60527,0,0,26,16
5,12,799964.0,-1.739286547239155,-1.0931610449562763,TIME_LIMIT,60565,0,0,39,28
5,12,800475.0,-1.7391653127180602,-1.0931610449562763,TIME_LIMIT,60600,0,0,32,22
5,12,800988.0,-1.7391653127180602,-1.0931610449562763,TIME_LIMIT,60633,0,0,41,25
5,12,801560.0,-1.7390042415123512,-1.0931610449562763,TIME_LIMIT,60689,0,0,39,9
5,12,801906.0,-1.7390042415123512,-1.0931610449562763,TIME_LIMIT,60732,0,0,36,18
5,12,802417.0,-1.7388698655062074,-1.0931610449562763,TIME_LIMIT,60762,0,0,30,12
5,12,802941.0,-1.7388698655062074,-1.0931610449562763,TIME_LIMIT,60794,0,0,31,10
5,12,803451.0,-1.7388677775996308,-1.0931610449562763,TIME_LIMIT,60825,0,0,23,9
5,12,803981.0,-1.7388677775996308,-1.0931610449562763,TIME_LIMIT,60856,0,0,31,20
5,12,804720.0,-1.7388616634757958,-1.0931610449562763,TIME_LIMIT,60906,0,0,34,14
5,12,805398.0,-1.7388616634757958,-1.0931610449562763,TIME_LIMIT,60940,0,0,31,14
5,12,806062.0,-1.7387382169431587,-1.0931610449562763,TIME_LIMIT,60977,0,0,30,18
5,12,806626.0,-1.7387382169431587,-1.0931610449562763,TIME_LIMIT,61010,0,0,31,22
5,12,807162.0,-1.738712954854368,-1.0931610449562763,TIME_LIMIT,61063,0,0,29,15
5,12,807693.0,-1.738712954854368,-1.0931610449562763,TIME_LIMIT,61092,0,0,21,18
5,12,808222.0,-1.738670627767063,-1.0931610449562763,TIME_LIMIT,61147,0,0,29,17
5,12,808762.0,-1.738670627767063,-1.0931610449562763,TIME_LIMIT,61177,0,0,27,28
5,12,809326.0,-1.7386229848735073,-1.0931610449562763,TIME_LIMIT,61230,0,0,32,15
5,12,809596.0,-1.7386229848735073,-1.0931610449562763,TIME_LIMIT,61260,0,0,38,21
5,12,810025.0,-1.7385758016877042,-1.0931610449562763,TIME_LIMIT,61304,0,0,17,7
5,12,810602.0,-1.7385758016877042,-1.0931610449562763,TIME_LIMIT,61337,0,0,21,19
5,12,811163.0,-1.7385568847468928,-1.0931610449562763,TIME_LIMIT,61384,0,0,37,9
5,12,811673.0,-1.7385568847468928,-1.0931610449562763,TIME_LIMIT,61411,0,0,44,35
5,12,812186.0,-1.7384727068225274,-1.0931610449562763,TIME_LIMIT,61465,0,0,24,10
5,12,812713.0,-1.7384727068225274,-1.0931610449562763,TIME_LIMIT,61494,0,0,31,21
5,12,813179.0,-1.7384669319789203,-1.0931610449562763,TIME_LIMIT,61548,0,0,34,8
5,12,813762.0,-1.7384669319789203,-1.0931610449562763,TIME_LIMIT,61574,0,0,35,24
5,12,814434.0,-1.7384648886286433,-1.0931610449562763,TIME_LIMIT,61620,0,0,26,10
5,12,815137.0,-1.7384648886286433,-1.0931610449562763,TIME_LIMIT,61653,0,0,34,39
5,12,815759.0,-1.7384130513556588,-1.0931610449562763,TIME_LIMIT,61708,0,0,28,14
5,12,816317.0,-1.7384130513556588,-1.0931610449562763,TIME_LIMIT,61744,0,0,20,20
5,12,816871.0,-1.7382624242011988,-1.0931610449562763,TIME_LIMIT,61794,0,0,34,18
5,12,817406.0,-1.7382624242011988,-1.0931610449562763,TIME_LIMIT,61818,0,0,23,20
5,12,817941.0,-1.7382623318027084,-1.0931610449562763,TIME_LIMIT,61870,0,0,15,8
5,12,818478.0,-1.7382623318027084,-1.0931610449562763,TIME_LIMIT,61903,0,0,37,21
5,12,819035.0,-1.7382140766148693,-1.0931610449562763,TIME_LIMIT,61952,0,0,23,9
5,12,819295.0,-1.7382140766148693,-1.0931610449562763,TIME_LIMIT,61984,0,0,42,19
5,12,819805.0,-1.7381606833797076,-1.0931610449562763,TIME_LIMIT,62033,0,0,25,11
5,12,820333.0,-1.7381606833797076,-1.0931610449562763,TIME_LIMIT,62066,0,0,40,27
5,12,820893.0,-1.737802456493514,-1.0931610449562763,TIME_LIMIT,62117,0,0,34,15
5,12,821406.0,-1.737802456493514,-1.0931610449562763,TIME_LIMIT,62146,0,0,40,20
5,12,821931.0,-1.737737418085454,-1.0931610449562763,TIME_LIMIT,62194,0,0,26,7
5,12,822447.0,-1.737737418085454,-1.0931610449562763,TIME_LIMIT,62227,0,0,49,28
5,12,822958.0,-1.7376785166115054,-1.0931610449562763,TIME_LIMIT,62275,0,0,11,11
5,12,823539.0,-1.7376785166115054,-1.0931610449562763,TIME_LIMIT,62306,0,0,34,26
5,12,823985.0,-1.7376016810529356,-1.0931610449562763,TIME_LIMIT,62355,0,0,21,10
5,12,824664.0,-1.7376016810529356,-1.0931610449562763,TIME_LIMIT,62386,0,0,34,27
5,12,825310.0,-1.7375951837500752,-1.0931610449562763,TIME_LIMIT,62430,0,0,27,9
5,12,825881.0,-1.7375951837500752,-1.0931610449562763,TIME_LIMIT,62461,0,0,21,13
5,12,826427.0,-1.7375661262510422,-1.0931610449562763,TIME_LIMIT,62513,0,0,20,7
5,12,826966.0,-1.7375661262510422,-1.0931610449562763,TIME_LIMIT,62552,0,0,14,20
5,12,827517.0,-1.737516492082332,-1.0931610449562763,TIME_LIMIT,62607,0,0,18,8
5,12,828045.0,-1.737516492082332,-1.0931610449562763,TIME_LIMIT,62645,0,0,19,34
5,12,828587.0,-1.7374085229797158,-1.0931610449562763,TIME_LIMIT,62702,0,0,25,9
5,12,829119.0,-1.7374085229797158,-1.0931610449562763,TIME_LIMIT,62735,0,0,37,21
5,12,829640.0,-1.7373307068036739,-1.0931610449562763,TIME_LIMIT,62787,0,0,28,8
5,12,830009.0,-1.7373307068036739,-1.0931610449562763,TIME_LIMIT,62825,0,0,44,24
5,12,830585.0,-1.7372423936056625,-1.0931610449562763,TIME_LIMIT,62879,0,0,33,15
5,12,831063.0,-1.7372423936056625,-1.0931610449562763,TIME_LIMIT,62910,0,0,32,25
5,12,831575.0,-1.737230264684733,-1.0931610449562763,TIME_LIMIT,62958,0,0,31,13
5,12,832097.0,-1.737230264684733,-1.0931610449562763,TIME_LIMIT,62985,0,0,45,39
5,12,832658.0,-1.7370984798216662,-1.0931610449562763,TIME_LIMIT,63039,0,0,33,11
5,12,833169.0,-1.7370984798216662,-1.0931610449562763,TIME_LIMIT,63084,0,0,42,28
5,12,833681.0,-1.7369496311081067,-1.0931610449562763,TIME_LIMIT,63118,0,0,29,16
5,12,834103.0,-1.7369496311081067,-1.0931610449562763,TIME_LIMIT,63152,0,0,47,28
5,12,834634.0,-1.7368941047781332,-1.0931610449562763,TIME_LIMIT,63203,0,0,27,16
5,12,835294.0,-1.7368941047781332,-1.0931610449562763,TIME_LIMIT,63238,0,0,32,34
5,12,835968.0,-1.736745303512877,-1.0931610449562763,TIME_LIMIT,63284,0,0,27,16
5,12,836646.0,-1.736745303512877,-1.0931610449562763,TIME_LIMIT,63320,0,0,42,31
5,12,837228.0,-1.7367040678318675,-1.0931610449562763,TIME_LIMIT,63374,0,0,36,14
5,12,837763.0,-1.7367040678318675,-1.0931610449562763,TIME_LIMIT,63410,0,0,40,35
5,12,838304.0,-1.736598688162934,-1.0931610449562763,TIME_LIMIT,63464,0,0,37,6
5,12,838856.0,-1.736598688162934,-1.0931610449562763,TIME_LIMIT,63494,0,0,38,36
5,12,839381.0,-1.7365675091608475,-1.0931610449562763,TIME_LIMIT,63545,0,0,30,13
5,12,839912.0,-1.7365675091608475,-1.0931610449562763,TIME_LIMIT,63580,0,0,34,22
5,12,840459.0,-1.7365548402295876,-1.0931610449562763,TIME_LIMIT,63631,0,0,11,11
5,12,840820.0,-1.7365548402295876,-1.0931610449562763,TIME_LIMIT,63661,0,0,40,23
5,12,841332.0,-1.7365390399398628,-1.0931610449562763,TIME_LIMIT,63704,0,0,27,9
5,12,841853.0,-1.7365390399398628,-1.0931610449562763,TIME_LIMIT,63738,0,0,38,27
5,12,842379.0,-1.7365319398711059,-1.0931610449562763,TIME_LIMIT,63783,0,0,29,8
5,12,842892.0,-1.7365319398711059,-1.0931610449562763,TIME_LIMIT,63824,0,0,36,16
5,12,843403.0,-1.736469722051201,-1.0931610449562763,TIME_LIMIT,63866,0,0,21,8
5,12,843976.0,-1.736469722051201,-1.0931610449562763,TIME_LIMIT,63907,0,0,27,32
5,12,844490.0,-1.7363176016909125,-1.0931610449562763,TIME_LIMIT,63958,0,0,29,16
5,12,845002.0,-1.7363176016909125,-1.0931610449562763,TIME_LIMIT,63994,0,0,15,27
5,12,845530.0,-1.7362754022558313,-1.0931610449562763,TIME_LIMIT,64047,0,0,11,9
5,12,846087.0,-1.7362754022558313,-1.0931610449562763,TIME_LIMIT,64076,0,0,32,25
5,12,846601.0,-1.7361983847210511,-1.0931610449562763,TIME_LIMIT,64133,0,0,32,20
5,12,847112.0,-1.7361983847210511,-1.0931610449562763,TIME_LIMIT,64171,0,0,26,13
5,12,847640.0,-1.7361737090724105,-1.0931610449562763,TIME_LIMIT,64219,0,0,31,11
5,12,848081.0,-1.7361737090724105,-1.0931610449562763,TIME_LIMIT,64256,0,0,39,29
5,12,848695.0,-1.7361449172296455,-1.0931610449562763,TIME_LIMIT,64299,0,0,29,10
5,12,849367.0,-1.7361449172296455,-1.0931610449562763,TIME_LIMIT,64338,0,0,31,11
5,12,850064.0,-1.7361444701190374,-1.0931610449562763,TIME_LIMIT,64374,0,0,32,16
5,12,850664.0,-1.7361444701190374,-1.0931610449562763,TIME_LIMIT,64411,0,0,44,33
5,12,851210.0,-1.7361405744717588,-1.0931610449562763,TIME_LIMIT,64466,0,0,29,13
5,12,851768.0,-1.7361405744717588,-1.0931610449562763,TIME_LIMIT,64503,0,0,32,16
5,12,852309.0,-1.7360605874643582,-1.0931610449562763,TIME_LIMIT,64546,0,0,37,19
5,12,852842.0,-1.7360605874643582,-1.0931610449562763,TIME_LIMIT,64582,0,0,42,38
5,12,853366.0,-1.7360266970857605,-1.0931610449562763,TIME_LIMIT,64629,0,0,23,8
5,12,853924.0,-1.7360266970857605,-1.0931610449562763,TIME_LIMIT,64666,0,0,29,21
5,12,854457.0,-1.736024093560549,-1.0931610449562763,TIME_LIMIT,64711,0,0,26,9
5,12,854971.0,-1.736024093560549,-1.0931610449562763,TIME_LIMIT,64749,0,0,33,17
5,12,855511.0,-1.735868220720114,-1.0931610449562763,TIME_LIMIT,64782,0,0,28,16
5,12,856059.0,-1.735868220720114,-1.0931610449562763,TIME_LIMIT,64815,0,0,39,24
5,12,856570.0,-1.7358580887033723,-1.0931610449562763,TIME_LIMIT,64863,0,0,30,12
5,12,857081.0,-1.7358580887033723,-1.0931610449562763,TIME_LIMIT,64893,0,0,23,12
5,12,857608.0,-1.735697812847998,-1.0931610449562763,TIME_LIMIT,64936,0,0,11,9
5,12,858170.0,-1.735697812847998,-1.0931610449562763,TIME_LIMIT,64969,0,0,37,10
5,12,858525.0,-1.7354981634386881,-1.0931610449562763,TIME_LIMIT,65009,0,0,31,14
5,12,858972.0,-1.7354981634386881,-1.0931610449562763,TIME_LIMIT,65037,0,0,43,20
5,12,859485.0,-1.7354797436864458,-1.0931610449562763,TIME_LIMIT,65090,0,0,32,11
5,12,859949.0,-1.7354797436864458,-1.0931610449562763,TIME_LIMIT,65124,0,0,38,25
5,12,860483.0,-1.735316907981919,-1.0931610449562763,TIME_LIMIT,65166,0,0,20,5
5,12,860997.0,-1.735316907981919,-1.0931610449562763,TIME_LIMIT,65194,0,0,35,31
5,12,861523.0,-1.735302141277513,-1.0931610449562763,TIME_LIMIT,65246,0,0,15,15
5,12,861958.0,-1.735302141277513,-1.0931610449562763,TIME_LIMIT,65279,0,0,42,26
5,12,862513.0,-1.7352707341863938,-1.0931610449562763,TIME_LIMIT,65330,0,0,30,13
5,12,863026.0,-1.7352707341863938,-1.0931610449562763,TIME_LIMIT,65359,0,0,24,32
5,12,863552.0,-1.7351783253615058,-1.0931610449562763,TIME_LIMIT,65412,0,0,23,11
5,12,864069.0,-1.7351783253615058,-1.0931610449562763,TIME_LIMIT,65451,0,0,30,26
5,12,864581.0,-1.735067782880759,-1.0931610449562763,TIME_LIMIT,65504,0,0,35,15
5,12,865177.0,-1.735067782880759,-1.0931610449562763,TIME_LIMIT,65539,0,0,36,24
5,12,865881.0,-1.7346987926933115,-1.0931610449562763,TIME_LIMIT,65575,0,0,12,15
5,12,866353.0,-1.7346987926933115,-1.0931610449562763,TIME_LIMIT,65604,0,0,20,12
5,12,867015.0,-1.7346399797583303,-1.0931610449562763,TIME_LIMIT,65648,0,0,25,10
5,12,867573.0,-1.7346399797583303,-1.0931610449562763,TIME_LIMIT,65679,0,0,36,18
5,12,868123.0,-1.7346251487593884,-1.0931610449562763,TIME_LIMIT,65739,0,0,42,11
5,12,868661.0,-1.7346251487593884,-1.0931610449562763,TIME_LIMIT,65766,0,0,41,34
5,12,869207.0,-1.7345956313692685,-1.0931610449562763,TIME_LIMIT,65826,0,0,30,11
5,12,869730.0,-1.7345956313692685,-1.0931610449562763,TIME_LIMIT,65860,0,0,40,29
5,12,870291.0,-1.7345690388641872,-1.0931610449562763,TIME_LIMIT,65909,0,0,21,14
5,12,870845.0,-1.7345690388641872,-1.0931610449562763,TIME_LIMIT,65941,0,0,33,25
5,12,871358.0,-1.7343755908512952,-1.0931610449562763,TIME_LIMIT,65994,0,0,34,11
5,12,871771.0,-1.7343755908512952,-1.0931610449562763,TIME_LIMIT,66029,0,0,24,19
5,12,872328.0,-1.7343516491214046,-1.0931610449562763,TIME_LIMIT,66061,0,0,29,12
5,12,872843.0,-1.7343516491214046,-1.0931610449562763,TIME_LIMIT,66091,0,0,35,35
5,12,873369.0,-1.7343059330181914,-1.0931610449562763,TIME_LIMIT,66141,0,0,26,7
5,12,873875.0,-1.7343059330181914,-1.0931610449562763,TIME_LIMIT,66175,0,0,39,28
5,12,874430.0,-1.734089299035524,-1.0931610449562763,TIME_LIMIT,66225,0,0,26,10
5,12,874963.0,-1.734089299035524,-1.0931610449562763,TIME_LIMIT,66264,0,0,25,11
5,12,875477.0,-1.7340761799685802,-1.0931610449562763,TIME_LIMIT,66300,0,0,12,4
5,12,875998.0,-1.7340761799685802,-1.0931610449562763,TIME_LIMIT,66342,0,0,32,28
5,12,876574.0,-1.7340692835468745,-1.0931610449562763,TIME_LIMIT,66397,0,0,13,16
5,12,877121.0,-1.7340692835468745,-1.0931610449562763,TIME_LIMIT,66424,0,0,40,41
5,12,877634.0,-1.7340649183771915,-1.0931610449562763,TIME_LIMIT,66476,0,0,35,8
5,12,878149.0,-1.7340649183771915,-1.0931610449562763,TIME_LIMIT,66514,0,0,33,18
5,12,878697.0,-1.7337755068270884,-1.0931610449562763,TIME_LIMIT,66558,0,0,24,17
5,12,879235.0,-1.7337755068270884,-1.0931610449562763,TIME_LIMIT,66591,0,0,35,31
5,12,879749.0,-1.7337552918516757,-1.0931610449562763,TIME_LIMIT,66627,0,0,37,18
5,12,880261.0,-1.7337552918516757,-1.0931610449562763,TIME_LIMIT,66664,0,0,17,20
5,12,880783.0,-1.73368933100291,-1.0931610449562763,TIME_LIMIT,66714,0,0,11,18
5,12,881344.0,-1.73368933100291,-1.0931610449562763,TIME_LIMIT,66744,0,0,22,18
5,12,881857.0,-1.7336498178159636,-1.0931610449562763,TIME_LIMIT,66790,0,0,24,16
5,12,882381.0,-1.7336498178159636,-1.0931610449562763,TIME_LIMIT,66820,0,0,36,21
5,12,882906.0,-1.7335341804007225,-1.0931610449562763,TIME_LIMIT,66868,0,0,28,6
5,12,883419.0,-1.7335341804007225,-1.0931610449562763,TIME_LIMIT,66908,0,0,29,20
5,12,883964.0,-1.7334583758127102,-1.0931610449562763,TIME_LIMIT,66950,0,0,28,17
5,12,884658.0,-1.7334583758127102,-1.0931610449562763,TIME_LIMIT,66997,0,0,21,10
5,12,885339.0,-1.733438273224896,-1.0931610449562763,TIME_LIMIT,67040,0,0,34,12
5,12,885991.0,-1.733438273224896,-1.0931610449562763,TIME_LIMIT,67072,0,0,40,20
5,12,886543.0,-1.7334378611155625,-1.0931610449562763,TIME_LIMIT,67123,0,0,34,11
5,12,887107.0,-1.7334378611155625,-1.0931610449562763,TIME_LIMIT,67165,0,0,45,56
5,12,887589.0,-1.733368380434643,-1.0931610449562763,TIME_LIMIT,67213,0,0,40,12
5,12,888126.0,-1.733368380434643,-1.0931610449562763,TIME_LIMIT,67242,0,0,24,25
5,12,888660.0,-1.7333205494516213,-1.0931610449562763,TIME_LIMIT,67287,0,0,27,9
5,12,889223.0,-1.7333205494516213,-1.0931610449562763,TIME_LIMIT,67323,0,0,39,10
5,12,889752.0,-1.7333152274075427,-1.0931610449562763,TIME_LIMIT,67359,0,0,34,21
5,12,890257.0,-1.7333152274075427,-1.0931610449562763,TIME_LIMIT,67396,0,0,18,16
5,12,890809.0,-1.7333110528977704,-1.0931610449562763,TIME_LIMIT,67452,0,0,36,10
5,12,891348.0,-1.7333110528977704,-1.0931610449562763,TIME_LIMIT,67493,0,0,38,19
5,12,891845.0,-1.7333004115937098,-1.0931610449562763,TIME_LIMIT,67536,0,0,32,10
5,12,892308.0,-1.7333004115937098,-1.0931610449562763,TIME_LIMIT,67572,0,0,43,25
5,12,892819.0,-1.7332698088151879,-1.0931610449562763,TIME_LIMIT,67624,0,0,32,15
5,12,893388.0,-1.7332698088151879,-1.0931610449562763,TIME_LIMIT,67655,0,0,35,21
5,12,893904.0,-1.7332444959628943,-1.0931610449562763,TIME_LIMIT,67704,0,0,16,13
5,12,894419.0,-1.7332444959628943,-1.0931610449562763,TIME_LIMIT,67737,0,0,20,12
5,12,894947.0,-1.7332426555080511,-1.0931610449562763,TIME_LIMIT,67783,0,0,31,18
5,12,895485.0,-1.7332426555080511,-1.0931610449562763,TIME_LIMIT,67819,0,0,33,22
5,12,896017.0,-1.7332395406530963,-1.0931610449562763,TIME_LIMIT,67855,0,0,22,13
5,12,896533.0,-1.7332395406530963,-1.0931610449562763,TIME_LIMIT,67882,0,0,50,65
5,12,897059.0,-1.7332357544320085,-1.0931610449562763,TIME_LIMIT,67937,0,0,22,12
5,12,897579.0,-1.7332357544320085,-1.0931610449562763,TIME_LIMIT,67969,0,0,39,36
5,12,898130.0,-1.7332013069920285,-1.0931610449562763,TIME_LIMIT,68019,0,0,28,6
5,12,898477.0,-1.7332013069920285,-1.0931610449562763,TIME_LIMIT,68054,0,0,35,33
5,12,898989.0,-1.7331375994253835,-1.0931610449562763,TIME_LIMIT,68108,0,0,30,14
5,12,899502.0,-1.7331375994253835,-1.0931610449562763,TIME_LIMIT,68147,0,0,39,12
5,12,900076.0,-1.7329552921125357,-1.0931610449562763,TIME_LIMIT,68193,0,0,25,17
5,12,900588.0,-1.7329552921125357,-1.0931610449562763,TIME_LIMIT,68226,0,0,38,20
5,12,901102.0,-1.732824187426272,-1.0931610449562763,TIME_LIMIT,68275,0,0,24,17
5,12,901628.0,-1.732824187426272,-1.0931610449562763,TIME_LIMIT,68307,0,0,22,15
5,12,902138.0,-1.7326647110811029,-1.0931610449562763,TIME_LIMIT,68359,0,0,29,11
5,12,902653.0,-1.7326647110811029,-1.0931610449562763,TIME_LIMIT,68388,0,0,35,18
5,12,903286.0,-1.732621974003065,-1.0931610449562763,TIME_LIMIT,68441,0,0,24,13
5,12,903681.0,-1.732621974003065,-1.0931610449562763,TIME_LIMIT,68474,0,0,28,26
5,12,904365.0,-1.7326122168677982,-1.0931610449562763,TIME_LIMIT,68520,0,0,26,15
5,12,905003.0,-1.7326122168677982,-1.0931610449562763,TIME_LIMIT,68548,0,0,30,30
5,12,905564.0,-1.7325893076773593,-1.0931610449562763,TIME_LIMIT,68592,0,0,26,13
5,12,906105.0,-1.7325893076773593,-1.0931610449562763,TIME_LIMIT,68615,0,0,29,18
5,12,906642.0,-1.7325596984602074,-1.0931610449562763,TIME_LIMIT,68661,0,0,30,8
5,12,907174.0,-1.7325596984602074,-1.0931610449562763,TIME_LIMIT,68690,0,0,36,55
5,12,907708.0,-1.7324407661427843,-1.0931610449562763,TIME_LIMIT,68746,0,0,35,12
5,12,908231.0,-1.7324407661427843,-1.0931610449562763,TIME_LIMIT,68777,0,0,38,45
5,12,908794.0,-1.7323822684548473,-1.0931610449562763,TIME_LIMIT,68828,0,0,31,11
5,12,909319.0,-1.7323822684548473,-1.0931610449562763,TIME_LIMIT,68861,0,0,33,22
5,12,909832.0,-1.7323257015004314,-1.0931610449562763,TIME_LIMIT,68904,0,0,29,13
5,12,910392.0,-1.7323257015004314,-1.0931610449562763,TIME_LIMIT,68944,0,0,26,8
5,12,910906.0,-1.7323142481691642,-1.0931610449562763,TIME_LIMIT,68984,0,0,25,12
5,12,911432.0,-1.7323142481691642,-1.0931610449562763,TIME_LIMIT,69025,0,0,29,19
5,12,911947.0,-1.7323023467693812,-1.0931610449562763,TIME_LIMIT,69069,0,0,35,13
5,12,912506.0,-1.7323023467693812,-1.0931610449562763,TIME_LIMIT,69108,0,0,26,9
5,12,913034.0,-1.7322734217422466,-1.0931610449562763,TIME_LIMIT,69143,0,0,28,8
5,12,913548.0,-1.7322734217422466,-1.0931610449562763,TIME_LIMIT,69178,0,0,33,19
5,12,913970.0,-1.7322647189851335,-1.0931610449562763,TIME_LIMIT,69218,0,0,28,11
5,12,914527.0,-1.7322647189851335,-1.0931610449562763,TIME_LIMIT,69242,0,0,24,17
5,12,915042.0,-1.7322461638304285,-1.0931610449562763,TIME_LIMIT,69295,0,0,31,18
5,12,915572.0,-1.7322461638304285,-1.0931610449562763,TIME_LIMIT,69327,0,0,43,20
5,12,916086.0,-1.732147280250481,-1.0931610449562763,TIME_LIMIT,69373,0,0,28,7
5,12,916636.0,-1.732147280250481,-1.0931610449562763,TIME_LIMIT,69411,0,0,37,16
5,12,917158.0,-1.7321413880522147,-1.0931610449562763,TIME_LIMIT,69458,0,0,31,12
5,12,917687.0,-1.7321413880522147,-1.0931610449562763,TIME_LIMIT,69485,0,0,45,45
5,12,918200.0,-1.7320525129095876,-1.0931610449562763,TIME_LIMIT,69542,0,0,36,19
5,12,918716.0,-1.7320525129095876,-1.0931610449562763,TIME_LIMIT,69581,0,0,47,28
5,12,919243.0,-1.7320030560415487,-1.0931610449562763,TIME_LIMIT,69631,0,0,27,13
5,12,919897.0,-1.7320030560415487,-1.0931610449562763,TIME_LIMIT,69673,0,0,16,16
5,12,920580.0,-1.7318917128951672,-1.0931610449562763,TIME_LIMIT,69724,0,0,17,13
5,12,921257.0,-1.7318917128951672,-1.0931610449562763,TIME_LIMIT,69752,0,0,13,19
5,12,921843.0,-1.7317934672492765,-1.0931610449562763,TIME_LIMIT,69795,0,0,27,14
5,12,922390.0,-1.7317934672492765,-1.0931610449562763,TIME_LIMIT,69827,0,0,36,22
5,12,922926.0,-1.7317561817004778,-1.0931610449562763,TIME_LIMIT,69866,0,0,36,14
5,12,923484.0,-1.7317561817004778,-1.0931610449562763,TIME_LIMIT,69903,0,0,39,35
5,12,924014.0,-1.7316846088853106,-1.0931610449562763,TIME_LIMIT,69952,0,0,29,22
5,12,924541.0,-1.7316846088853106,-1.0931610449562763,TIME_LIMIT,69987,0,0,38,28
5,12,925102.0,-1.7315980839714493,-1.0931610449562763,TIME_LIMIT,70040,0,0,32,22
5,12,925631.0,-1.7315980839714493,-1.0931610449562763,TIME_LIMIT,70084,0,0,21,27
5,12,926145.0,-1.7315944720348784,-1.0931610449562763,TIME_LIMIT,70136,0,0,19,7
5,12,926687.0,-1.7315944720348784,-1.0931610449562763,TIME_LIMIT,70164,0,0,22,20
5,12,927236.0,-1.7315203115306865,-1.0931610449562763,TIME_LIMIT,70222,0,0,21,11
5,12,927748.0,-1.7315203115306865,-1.0931610449562763,TIME_LIMIT,70252,0,0,27,12
5,12,928262.0,-1.7314933701921003,-1.0931610449562763,TIME_LIMIT,70299,0,0,27,11
5,12,928803.0,-1.7314933701921003,-1.0931610449562763,TIME_LIMIT,70335,0,0,30,33
5,12,929350.0,-1.7314409548141307,-1.0931610449562763,TIME_LIMIT,70386,0,0,34,19
5,12,929862.0,-1.7314409548141307,-1.0931610449562763,TIME_LIMIT,70420,0,0,41,26
5,12,930373.0,-1.7314138458834551,-1.0931610449562763,TIME_LIMIT,70469,0,0,29,16
5,12,930946.0,-1.7314138458834551,-1.0931610449562763,TIME_LIMIT,70506,0,0,20,8
5,12,931460.0,-1.7313745654335966,-1.0931610449562763,TIME_LIMIT,70540,0,0,20,14
5,12,931977.0,-1.7313745654335966,-1.0931610449562763,TIME_LIMIT,70577,0,0,20,10
5,12,932490.0,-1.7313654979841073,-1.0931610449562763,TIME_LIMIT,70611,0,0,31,23
5,12,932921.0,-1.7313654979841073,-1.0931610449562763,TIME_LIMIT,70647,0,0,34,13
5,12,933166.0,-1.7313527938720394,-1.0931610449562763,TIME_LIMIT,70678,0,0,21,6
5,12,933813.0,-1.7313527938720394,-1.0931610449562763,TIME_LIMIT,70713,0,0,32,31
5,12,934494.0,-1.731336404241909,-1.0931610449562763,TIME_LIMIT,70771,0,0,37,12
5,12,934870.0,-1.731336404241909,-1.0931610449562763,TIME_LIMIT,70807,0,0,37,21
5,12,935529.0,-1.7313088052720416,-1.0931610449562763,TIME_LIMIT,70848,0,0,20,10
5,12,935963.0,-1.7313088052720416,-1.0931610449562763,TIME_LIMIT,70879,0,0,26,11
5,12,936525.0,-1.7312848740794726,-1.0931610449562763,TIME_LIMIT,70927,0,0,29,14
5,12,937065.0,-1.7312848740794726,-1.0931610449562763,TIME_LIMIT,70958,0,0,37,33
5,12,937606.0,-1.7312523323709839,-1.0931610449562763,TIME_LIMIT,71003,0,0,27,19
5,12,938146.0,-1.7312523323709839,-1.0931610449562763,TIME_LIMIT,71034,0,0,11,16
5,12,938708.0,-1.7311888982750165,-1.0931610449562763,TIME_LIMIT,71068,0,0,30,27
5,12,939223.0,-1.7311888982750165,-1.0931610449562763,TIME_LIMIT,71105,0,0,19,17
5,12,939734.0,-1.7311468234901033,-1.0931610449562763,TIME_LIMIT,71152,0,0,27,11
5,12,940291.0,-1.7311468234901033,-1.0931610449562763,TIME_LIMIT,71186,0,0,38,36
5,12,940807.0,-1.7310884982243695,-1.0931610449562763,TIME_LIMIT,71238,0,0,34,12
5,12,941267.0,-1.7310884982243695,-1.0931610449562763,TIME_LIMIT,71276,0,0,39,11
5,12,941781.0,-1.731086113898993,-1.0931610449562763,TIME_LIMIT,71328,0,0,23,14
5,12,942339.0,-1.731086113898993,-1.0931610449562763,TIME_LIMIT,71360,0,0,38,26
5,12,942868.0,-1.7310286319348396,-1.0931610449562763,TIME_LIMIT,71407,0,0,27,23
5,12,943382.0,-1.7310286319348396,-1.0931610449562763,TIME_LIMIT,71435,0,0,37,41
5,12,943897.0,-1.730989461425711,-1.0931610449562763,TIME_LIMIT,71483,0,0,27,24
5,12,944427.0,-1.730989461425711,-1.0931610449562763,TIME_LIMIT,71509,0,0,42,38
5,12,945068.0,-1.7309890981341307,-1.0931610449562763,TIME_LIMIT,71555,0,0,21,14
5,12,945750.0,-1.7309890981341307,-1.0931610449562763,TIME_LIMIT,71592,0,0,37,23
5,12,946433.0,-1.730916330633619,-1.0931610449562763,TIME_LIMIT,71639,0,0,30,20
5,12,947030.0,-1.730916330633619,-1.0931610449562763,TIME_LIMIT,71674,0,0,23,16
5,12,947581.0,-1.7308997493920038,-1.0931610449562763,TIME_LIMIT,71726,0,0,35,27
5,12,948121.0,-1.7308997493920038,-1.0931610449562763,TIME_LIMIT,71766,0,0,39,11
5,12,948691.0,-1.73089666186894,-1.0931610449562763,TIME_LIMIT,71800,0,0,24,15
5,12,949217.0,-1.73089666186894,-1.0931610449562763,TIME_LIMIT,71831,0,0,30,34
5,12,949780.0,-1.730777444316872,-1.0931610449562763,TIME_LIMIT,71883,0,0,33,11
5,12,950294.0,-1.730777444316872,-1.0931610449562763,TIME_LIMIT,71919,0,0,34,14
5,12,950822.0,-1.7307663255678893,-1.0931610449562763,TIME_LIMIT,71971,0,0,33,12
5,12,951370.0,-1.7307663255678893,-1.0931610449562763,TIME_LIMIT,71996,0,0,40,42
5,12,951901.0,-1.7307415965101387,-1.0931610449562763,TIME_LIMIT,72047,0,0,16,6
5,12,952427.0,-1.7307415965101387,-1.0931610449562763,TIME_LIMIT,72080,0,0,41,28
5,12,952942.0,-1.7307231476279554,-1.0931610449562763,TIME_LIMIT,72136,0,0,25,14
5,12,953353.0,-1.7307231476279554,-1.0931610449562763,TIME_LIMIT,72172,0,0,37,26
5,12,953867.0,-1.730682369660872,-1.0931610449562763,TIME_LIMIT,72219,0,0,20,8
5,12,954291.0,-1.730682369660872,-1.0931610449562763,TIME_LIMIT,72247,0,0,33,17
5,12,955034.0,-1.7306660008634607,-1.0931610449562763,TIME_LIMIT,72295,0,0,7,5
5,12,955715.0,-1.7306660008634607,-1.0931610449562763,TIME_LIMIT,72328,0,0,36,27
5,12,956314.0,-1.730613120595215,-1.0931610449562763,TIME_LIMIT,72371,0,0,27,14
5,12,956879.0,-1.730613120595215,-1.0931610449562763,TIME_LIMIT,72411,0,0,30,15
5,12,957271.0,-1.7305521615513821,-1.0931610449562763,TIME_LIMIT,72440,0,0,19,17
5,12,957820.0,-1.7305521615513821,-1.0931610449562763,TIME_LIMIT,72467,0,0,22,11
5,12,958220.0,-1.730445392052956,-1.0931610449562763,TIME_LIMIT,72512,0,0,9,7
5,12,958760.0,-1.730445392052956,-1.0931610449562763,TIME_LIMIT,72542,0,0,41,37
5,12,959324.0,-1.7303528869637177,-1.0931610449562763,TIME_LIMIT,72587,0,0,18,9
5,12,959836.0,-1.7303528869637177,-1.0931610449562763,TIME_LIMIT,72622,0,0,27,11
5,12,960348.0,-1.7303271343896507,-1.0931610449562763,TIME_LIMIT,72677,0,0,30,10
5,12,960846.0,-1.7303271343896507,-1.0931610449562763,TIME_LIMIT,72708,0,0,32,14
5,12,961392.0,-1.7303267801050062,-1.0931610449562763,TIME_LIMIT,72758,0,0,17,14
5,12,961909.0,-1.7303267801050062,-1.0931610449562763,TIME_LIMIT,72793,0,0,35,26
5,12,962422.0,-1.7302908709032554,-1.0931610449562763,TIME_LIMIT,72844,0,0,24,11
5,12,962938.0,-1.7302908709032554,-1.0931610449562763,TIME_LIMIT,72875,0,0,22,18
5,12,963486.0,-1.730199795589379,-1.0931610449562763,TIME_LIMIT,72926,0,0,35,13
5,12,964159.0,-1.730199795589379,-1.0931610449562763,TIME_LIMIT,72962,0,0,18,6
5,12,964836.0,-1.7301707324273512,-1.0931610449562763,TIME_LIMIT,73000,0,0,32,19
5,12,965516.0,-1.7301707324273512,-1.0931610449562763,TIME_LIMIT,73029,0,0,25,10
5,12,966072.0,-1.7301365340389865,-1.0931610449562763,TIME_LIMIT,73087,0,0,38,13
5,12,966620.0,-1.7301365340389865,-1.0931610449562763,TIME_LIMIT,73120,0,0,40,23
5,12,967170.0,-1.7301180244683454,-1.0931610449562763,TIME_LIMIT,73172,0,0,29,27
5,12,967722.0,-1.7301180244683454,-1.0931610449562763,TIME_LIMIT,73211,0,0,26,11
5,12,968205.0,-1.730085168847647,-1.0931610449562763,TIME_LIMIT,73240,0,0,24,12
5,12,968722.0,-1.730085168847647,-1.0931610449562763,TIME_LIMIT,73281,0,0,20,21
5,12,969236.0,-1.7300351780970769,-1.0931610449562763,TIME_LIMIT,73329,0,0,29,20
5,12,969746.0,-1.7300351780970769,-1.0931610449562763,TIME_LIMIT,73372,0,0,38,20
5,12,970315.0,-1.7300346808684708,-1.0931610449562763,TIME_LIMIT,73406,0,0,29,6
5,12,970837.0,-1.7300346808684708,-1.0931610449562763,TIME_LIMIT,73439,0,0,30,38
5,12,971351.0,-1.7299805256741672,-1.0931610449562763,TIME_LIMIT,73488,0,0,22,8
5,12,971865.0,-1.7299805256741672,-1.0931610449562763,TIME_LIMIT,73520,0,0,49,46
5,12,972392.0,-1.7299013214644905,-1.0931610449562763,TIME_LIMIT,73576,0,0,37,13
5,12,972940.0,-1.7299013214644905,-1.0931610449562763,TIME_LIMIT,73607,0,0,20,10
5,12,973614.0,-1.7298620035218784,-1.0931610449562763,TIME_LIMIT,73659,0,0,21,10
5,12,974309.0,-1.7298620035218784,-1.0931610449562763,TIME_LIMIT,73695,0,0,47,30
5,12,974965.0,-1.729751869693759,-1.0931610449562763,TIME_LIMIT,73746,0,0,18,16
5,12,975521.0,-1.729751869693759,-1.0931610449562763,TIME_LIMIT,73784,0,0,36,18
5,12,976068.0,-1.7296500973408568,-1.0931610449562763,TIME_LIMIT,73824,0,0,31,16
5,12,976626.0,-1.7296500973408568,-1.0931610449562763,TIME_LIMIT,73858,0,0,40,20
5,12,977160.0,-1.7295518135867816,-1.0931610449562763,TIME_LIMIT,73897,0,0,17,12
5,12,977682.0,-1.7295518135867816,-1.0931610449562763,TIME_LIMIT,73931,0,0,36,14
5,12,978258.0,-1.7295290798845275,-1.0931610449562763,TIME_LIMIT,73979,0,0,28,15
5,12,978775.0,-1.7295290798845275,-1.0931610449562763,TIME_LIMIT,74013,0,0,26,12
5,12,979288.0,-1.7294179560790797,-1.0931610449562763,TIME_LIMIT,74059,0,0,31,11
5,12,979852.0,-1.7294179560790797,-1.0931610449562763,TIME_LIMIT,74093,0,0,40,30
5,12,980381.0,-1.7293740410351297,-1.0931610449562763,TIME_LIMIT,74142,0,0,34,14
5,12,980755.0,-1.7293740410351297,-1.0931610449562763,TIME_LIMIT,74165,0,0,38,11
5,12,981281.0,-1.7293704103876066,-1.0931610449562763,TIME_LIMIT,74214,0,0,29,8
5,12,981797.0,-1.7293704103876066,-1.0931610449562763,TIME_LIMIT,74246,0,0,52,41
5,12,982331.0,-1.7293604134997498,-1.0931610449562763,TIME_LIMIT,74302,0,0,36,13
5,12,983004.0,-1.7293604134997498,-1.0931610449562763,TIME_LIMIT,74327,0,0,19,26
5,12,983702.0,-1.7291708518498905,-1.0931610449562763,TIME_LIMIT,74374,0,0,23,9
5,12,984359.0,-1.7291708518498905,-1.0931610449562763,TIME_LIMIT,74410,0,0,22,25
5,12,984912.0,-1.7291597074487761,-1.0931610449562763,TIME_LIMIT,74454,0,0,23,12
5,12,985470.0,-1.7291597074487761,-1.0931610449562763,TIME_LIMIT,74480,0,0,36,27
5,12,986009.0,-1.7290878430438512,-1.0931610449562763,TIME_LIMIT,74538,0,0,20,11
5,12,986477.0,-1.7290878430438512,-1.0931610449562763,TIME_LIMIT,74577,0,0,35,23
5,12,987005.0,-1.729080540282231,-1.0931610449562763,TIME_LIMIT,74628,0,0,19,15
5,12,987570.0,-1.729080540282231,-1.0931610449562763,TIME_LIMIT,74660,0,0,40,23
5,12,988098.0,-1.7290599917527258,-1.0931610449562763,TIME_LIMIT,74708,0,0,26,16
5,12,988611.0,-1.7290599917527258,-1.0931610449562763,TIME_LIMIT,74735,0,0,30,40
5,12,989156.0,-1.7289660094756134,-1.0931610449562763,TIME_LIMIT,74783,0,0,10,12
5,12,989689.0,-1.7289660094756134,-1.0931610449562763,TIME_LIMIT,74814,0,0,42,34
5,12,990216.0,-1.7289607658806923,-1.0931610449562763,TIME_LIMIT,74867,0,0,32,10
5,12,990729.0,-1.7289607658806923,-1.0931610449562763,TIME_LIMIT,74898,0,0,36,23
5,12,991117.0,-1.7288639749172057,-1.0931610449562763,TIME_LIMIT,74951,0,0,34,12
5,12,991632.0,-1.7288639749172057,-1.0931610449562763,TIME_LIMIT,74983,0,0,37,37
5,12,992284.0,-1.7286613389043568,-1.0931610449562763,TIME_LIMIT,75042,0,0,35,9
5,12,992981.0,-1.7286613389043568,-1.0931610449562763,TIME_LIMIT,75079,0,0,37,20
5,12,993659.0,-1.7286109586629883,-1.0931610449562763,TIME_LIMIT,75115,0,0,19,8
5,12,994223.0,-1.7286109586629883,-1.0931610449562763,TIME_LIMIT,75149,0,0,29,19
5,12,994772.0,-1.7286104916494602,-1.0931610449562763,TIME_LIMIT,75187,0,0,19,8
5,12,995329.0,-1.7286104916494602,-1.0931610449562763,TIME_LIMIT,75227,0,0,31,39
5,12,995865.0,-1.7285758438525356,-1.0931610449562763,TIME_LIMIT,75279,0,0,26,7
5,12,996390.0,-1.7285758438525356,-1.0931610449562763,TIME_LIMIT,75310,0,0,39,31
5,12,996938.0,-1.7285713773110636,-1.0931610449562763,TIME_LIMIT,75369,0,0,38,12
5,12,997486.0,-1.7285713773110636,-1.0931610449562763,TIME_LIMIT,75405,0,0,47,25
5,12,997999.0,-1.7285482463911594,-1.0931610449562763,TIME_LIMIT,75457,0,0,35,14
5,12,998530.0,-1.7285482463911594,-1.0931610449562763,TIME_LIMIT,75496,0,0,36,14
5,12,998910.0,-1.7284942995883328,-1.0931610449562763,TIME_LIMIT,75530,0,0,26,12
5,12,999426.0,-1.7284942995883328,-1.0931610449562763,TIME_LIMIT,75581,0,0,47,20
5,12,999940.0,-1.7283621506092814,-1.0931610449562763,TIME_LIMIT,75615,0,0,24,6
5,12,1.000467e6,-1.7283621506092814,-1.0931610449562763,TIME_LIMIT,75647,0,0,21,20
5,12,1.000983e6,-1.7281655052282106,-1.0931610449562763,TIME_LIMIT,75702,0,0,35,12
5,12,1.001504e6,-1.7281655052282106,-1.0931610449562763,TIME_LIMIT,75736,0,0,36,24
5,12,1.002181e6,-1.7280884713813933,-1.0931610449562763,TIME_LIMIT,75787,0,0,29,6
5,12,1.002864e6,-1.7280884713813933,-1.0931610449562763,TIME_LIMIT,75815,0,0,16,26
5,12,1.003492e6,-1.7280512315291434,-1.0931610449562763,TIME_LIMIT,75866,0,0,26,14
5,12,1.00404e6,-1.7280512315291434,-1.0931610449562763,TIME_LIMIT,75899,0,0,40,28
5,12,1.004583e6,-1.7279458474004428,-1.0931610449562763,TIME_LIMIT,75954,0,0,37,14
5,12,1.005119e6,-1.7279458474004428,-1.0931610449562763,TIME_LIMIT,75989,0,0,17,45
5,12,1.005667e6,-1.7279346793829633,-1.0931610449562763,TIME_LIMIT,76038,0,0,26,17
5,12,1.00621e6,-1.7279346793829633,-1.0931610449562763,TIME_LIMIT,76079,0,0,27,12
5,12,1.006747e6,-1.7279295999348223,-1.0931610449562763,TIME_LIMIT,76123,0,0,24,11
5,12,1.007276e6,-1.7279295999348223,-1.0931610449562763,TIME_LIMIT,76165,0,0,37,31
5,12,1.007804e6,-1.7278555806239824,-1.0931610449562763,TIME_LIMIT,76206,0,0,16,22
5,12,1.008354e6,-1.7278555806239824,-1.0931610449562763,TIME_LIMIT,76239,0,0,24,33
5,12,1.00887e6,-1.7278173352567014,-1.0931610449562763,TIME_LIMIT,76296,0,0,31,13
5,12,1.009398e6,-1.7278173352567014,-1.0931610449562763,TIME_LIMIT,76340,0,0,45,32
5,12,1.009941e6,-1.727792000849096,-1.0931610449562763,TIME_LIMIT,76387,0,0,30,12
5,12,1.010475e6,-1.727792000849096,-1.0931610449562763,TIME_LIMIT,76422,0,0,41,40
5,12,1.010987e6,-1.727743432396851,-1.0931610449562763,TIME_LIMIT,76475,0,0,32,14
5,12,1.011518e6,-1.727743432396851,-1.0931610449562763,TIME_LIMIT,76509,0,0,24,30
5,12,1.012035e6,-1.727743432396851,-1.0931610449562763,TIME_LIMIT,76559,0,0,27,18
5,12,1.012607e6,-1.727743432396851,-1.0931610449562763,TIME_LIMIT,76598,0,0,40,30
5,12,1.013302e6,-1.727678962357409,-1.0931610449562763,TIME_LIMIT,76654,0,0,18,6
5,12,1.013985e6,-1.727678962357409,-1.0931610449562763,TIME_LIMIT,76684,0,0,26,15
5,12,1.014614e6,-1.7276285607496724,-1.0931610449562763,TIME_LIMIT,76735,0,0,28,11
5,12,1.015152e6,-1.7276285607496724,-1.0931610449562763,TIME_LIMIT,76770,0,0,47,40
5,12,1.015705e6,-1.7275922233398953,-1.0931610449562763,TIME_LIMIT,76822,0,0,31,16
5,12,1.016242e6,-1.7275922233398953,-1.0931610449562763,TIME_LIMIT,76858,0,0,44,27
5,12,1.016775e6,-1.7275788238258558,-1.0931610449562763,TIME_LIMIT,76908,0,0,25,14
5,12,1.017297e6,-1.7275788238258558,-1.0931610449562763,TIME_LIMIT,76946,0,0,21,19
5,12,1.017873e6,-1.727396018776043,-1.0931610449562763,TIME_LIMIT,76998,0,0,32,9
5,12,1.018389e6,-1.727396018776043,-1.0931610449562763,TIME_LIMIT,77035,0,0,33,15
5,12,1.018904e6,-1.7272903406472113,-1.0931610449562763,TIME_LIMIT,77071,0,0,32,17
5,12,1.019465e6,-1.7272903406472113,-1.0931610449562763,TIME_LIMIT,77107,0,0,33,23
5,12,1.019995e6,-1.7272054277642317,-1.0931610449562763,TIME_LIMIT,77143,0,0,17,15
5,12,1.020508e6,-1.7272054277642317,-1.0931610449562763,TIME_LIMIT,77178,0,0,39,26
5,12,1.021025e6,-1.7271707595918298,-1.0931610449562763,TIME_LIMIT,77227,0,0,31,15
5,12,1.021604e6,-1.7271707595918298,-1.0931610449562763,TIME_LIMIT,77247,0,0,25,14
5,12,1.02212e6,-1.7271556828658505,-1.0931610449562763,TIME_LIMIT,77302,0,0,30,14
5,12,1.022637e6,-1.7271556828658505,-1.0931610449562763,TIME_LIMIT,77338,0,0,43,36
5,12,1.023162e6,-1.7271532194654566,-1.0931610449562763,TIME_LIMIT,77390,0,0,31,9
5,12,1.023726e6,-1.7271532194654566,-1.0931610449562763,TIME_LIMIT,77420,0,0,38,44
5,12,1.024242e6,-1.7271389672261082,-1.0931610449562763,TIME_LIMIT,77475,0,0,30,15
5,12,1.024757e6,-1.7271389672261082,-1.0931610449562763,TIME_LIMIT,77505,0,0,36,18
5,12,1.025273e6,-1.72694280818484,-1.0931610449562763,TIME_LIMIT,77559,0,0,15,9
5,12,1.025803e6,-1.72694280818484,-1.0931610449562763,TIME_LIMIT,77590,0,0,22,28
5,12,1.026447e6,-1.726774586701788,-1.0931610449562763,TIME_LIMIT,77636,0,0,21,11
5,12,1.027149e6,-1.726774586701788,-1.0931610449562763,TIME_LIMIT,77668,0,0,21,20
5,12,1.027846e6,-1.7267249684534778,-1.0931610449562763,TIME_LIMIT,77717,0,0,33,8
5,12,1.028417e6,-1.7267249684534778,-1.0931610449562763,TIME_LIMIT,77748,0,0,37,22
5,12,1.028967e6,-1.7266962734417362,-1.0931610449562763,TIME_LIMIT,77802,0,0,31,15
5,12,1.029509e6,-1.7266962734417362,-1.0931610449562763,TIME_LIMIT,77831,0,0,35,25
5,12,1.030059e6,-1.726671767388533,-1.0931610449562763,TIME_LIMIT,77881,0,0,27,14
5,12,1.030588e6,-1.726671767388533,-1.0931610449562763,TIME_LIMIT,77916,0,0,42,36
5,12,1.031141e6,-1.7265802932914183,-1.0931610449562763,TIME_LIMIT,77968,0,0,29,19
5,12,1.031662e6,-1.7265802932914183,-1.0931610449562763,TIME_LIMIT,78007,0,0,46,19
5,12,1.032192e6,-1.7265712284946904,-1.0931610449562763,TIME_LIMIT,78055,0,0,26,18
5,12,1.032753e6,-1.7265712284946904,-1.0931610449562763,TIME_LIMIT,78093,0,0,36,28
5,12,1.033314e6,-1.7264932749085913,-1.0931610449562763,TIME_LIMIT,78136,0,0,23,10
5,12,1.033842e6,-1.7264932749085913,-1.0931610449562763,TIME_LIMIT,78173,0,0,41,26
5,12,1.034358e6,-1.7264320573552268,-1.0931610449562763,TIME_LIMIT,78203,0,0,40,41
5,12,1.03489e6,-1.7264320573552268,-1.0931610449562763,TIME_LIMIT,78238,0,0,34,19
5,12,1.035437e6,-1.7264092415879304,-1.0931610449562763,TIME_LIMIT,78285,0,0,25,10
5,12,1.035967e6,-1.7264092415879304,-1.0931610449562763,TIME_LIMIT,78323,0,0,38,23
5,12,1.036483e6,-1.726366937407793,-1.0931610449562763,TIME_LIMIT,78371,0,0,30,18
5,12,1.037018e6,-1.726366937407793,-1.0931610449562763,TIME_LIMIT,78404,0,0,22,23
5,12,1.037558e6,-1.7263527929646507,-1.0931610449562763,TIME_LIMIT,78462,0,0,37,15
5,12,1.038088e6,-1.7263527929646507,-1.0931610449562763,TIME_LIMIT,78496,0,0,34,22
5,12,1.038605e6,-1.726331157014221,-1.0931610449562763,TIME_LIMIT,78554,0,0,36,14
5,12,1.039209e6,-1.726331157014221,-1.0931610449562763,TIME_LIMIT,78583,0,0,25,14
5,12,1.039731e6,-1.7262863646543314,-1.0931610449562763,TIME_LIMIT,78630,0,0,34,9
5,12,1.040262e6,-1.7262863646543314,-1.0931610449562763,TIME_LIMIT,78661,0,0,47,19
5,12,1.040777e6,-1.7262736938464298,-1.0931610449562763,TIME_LIMIT,78709,0,0,29,14
5,12,1.041292e6,-1.7262736938464298,-1.0931610449562763,TIME_LIMIT,78745,0,0,43,33
5,12,1.041827e6,-1.7262701202530393,-1.0931610449562763,TIME_LIMIT,78793,0,0,25,16
5,12,1.042491e6,-1.7262701202530393,-1.0931610449562763,TIME_LIMIT,78830,0,0,33,18
5,12,1.043171e6,-1.7261336365967113,-1.0931610449562763,TIME_LIMIT,78881,0,0,24,14
5,12,1.043847e6,-1.7261336365967113,-1.0931610449562763,TIME_LIMIT,78920,0,0,36,22
5,12,1.044434e6,-1.7261056716962235,-1.0931610449562763,TIME_LIMIT,78951,0,0,16,7
5,12,1.044994e6,-1.7261056716962235,-1.0931610449562763,TIME_LIMIT,78981,0,0,37,32
5,12,1.045551e6,-1.7260837396982778,-1.0931610449562763,TIME_LIMIT,79035,0,0,27,12
5,12,1.046092e6,-1.7260837396982778,-1.0931610449562763,TIME_LIMIT,79064,0,0,33,41
5,12,1.046634e6,-1.7260717009279674,-1.0931610449562763,TIME_LIMIT,79117,0,0,17,9
5,12,1.0472e6,-1.7260717009279674,-1.0931610449562763,TIME_LIMIT,79141,0,0,36,57
5,12,1.047716e6,-1.725955988587268,-1.0931610449562763,TIME_LIMIT,79190,0,0,21,5
5,12,1.048245e6,-1.725955988587268,-1.0931610449562763,TIME_LIMIT,79227,0,0,17,23
5,12,1.048808e6,-1.7258790729673863,-1.0931610449562763,TIME_LIMIT,79265,0,0,33,27
5,12,1.049325e6,-1.7258790729673863,-1.0931610449562763,TIME_LIMIT,79298,0,0,36,25
5,12,1.049839e6,-1.7258050181218025,-1.0931610449562763,TIME_LIMIT,79351,0,0,17,10
5,12,1.05037e6,-1.7258050181218025,-1.0931610449562763,TIME_LIMIT,79379,0,0,33,21
5,12,1.050907e6,-1.7258030779607603,-1.0931610449562763,TIME_LIMIT,79434,0,0,31,17
5,12,1.051451e6,-1.7258030779607603,-1.0931610449562763,TIME_LIMIT,79466,0,0,35,22
5,12,1.051966e6,-1.725779962251859,-1.0931610449562763,TIME_LIMIT,79516,0,0,34,13
5,12,1.052497e6,-1.725779962251859,-1.0931610449562763,TIME_LIMIT,79553,0,0,43,42
5,12,1.053011e6,-1.7257660045315049,-1.0931610449562763,TIME_LIMIT,79606,0,0,34,18
5,12,1.053574e6,-1.7257660045315049,-1.0931610449562763,TIME_LIMIT,79642,0,0,36,19
5,12,1.054087e6,-1.7257033993638922,-1.0931610449562763,TIME_LIMIT,79692,0,0,14,9
5,12,1.054618e6,-1.7257033993638922,-1.0931610449562763,TIME_LIMIT,79725,0,0,41,27
5,12,1.055133e6,-1.7256568232962004,-1.0931610449562763,TIME_LIMIT,79774,0,0,28,17
5,12,1.055695e6,-1.7256568232962004,-1.0931610449562763,TIME_LIMIT,79806,0,0,24,18
5,12,1.056223e6,-1.725569308698633,-1.0931610449562763,TIME_LIMIT,79858,0,0,30,12
5,12,1.056739e6,-1.725569308698633,-1.0931610449562763,TIME_LIMIT,79905,0,0,34,18
5,12,1.057253e6,-1.7255110245700767,-1.0931610449562763,TIME_LIMIT,79948,0,0,29,19
5,12,1.057812e6,-1.7255110245700767,-1.0931610449562763,TIME_LIMIT,79983,0,0,24,16
5,12,1.058341e6,-1.725467709842655,-1.0931610449562763,TIME_LIMIT,80034,0,0,25,15
5,12,1.058857e6,-1.725467709842655,-1.0931610449562763,TIME_LIMIT,80072,0,0,21,12
5,12,1.059372e6,-1.725463467663636,-1.0931610449562763,TIME_LIMIT,80109,0,0,12,7
5,12,1.059883e6,-1.725463467663636,-1.0931610449562763,TIME_LIMIT,80149,0,0,23,16
5,12,1.060412e6,-1.725446688863256,-1.0931610449562763,TIME_LIMIT,80186,0,0,30,17
5,12,1.061074e6,-1.725446688863256,-1.0931610449562763,TIME_LIMIT,80222,0,0,29,11
5,12,1.061751e6,-1.7254023727378518,-1.0931610449562763,TIME_LIMIT,80263,0,0,15,11
5,12,1.062423e6,-1.7254023727378518,-1.0931610449562763,TIME_LIMIT,80299,0,0,35,33
5,12,1.063008e6,-1.7253990549357325,-1.0931610449562763,TIME_LIMIT,80348,0,0,34,22
5,12,1.063558e6,-1.7253990549357325,-1.0931610449562763,TIME_LIMIT,80378,0,0,25,16
5,12,1.064098e6,-1.7253318791740448,-1.0931610449562763,TIME_LIMIT,80417,0,0,23,20
5,12,1.06465e6,-1.7253318791740448,-1.0931610449562763,TIME_LIMIT,80461,0,0,43,38
5,12,1.065179e6,-1.7252789309256074,-1.0931610449562763,TIME_LIMIT,80497,0,0,39,22
5,12,1.065739e6,-1.7252789309256074,-1.0931610449562763,TIME_LIMIT,80534,0,0,33,24
5,12,1.066253e6,-1.7250286655525633,-1.0931610449562763,TIME_LIMIT,80575,0,0,22,11
5,12,1.066783e6,-1.7250286655525633,-1.0931610449562763,TIME_LIMIT,80614,0,0,17,28
5,12,1.067335e6,-1.7249853876224293,-1.0931610449562763,TIME_LIMIT,80665,0,0,26,13
5,12,1.06786e6,-1.7249853876224293,-1.0931610449562763,TIME_LIMIT,80705,0,0,36,18
5,12,1.068374e6,-1.7249840199614315,-1.0931610449562763,TIME_LIMIT,80749,0,0,13,8
5,12,1.068747e6,-1.7249840199614315,-1.0931610449562763,TIME_LIMIT,80785,0,0,32,14
5,12,1.069258e6,-1.7249518450314494,-1.0931610449562763,TIME_LIMIT,80827,0,0,35,6
5,12,1.069819e6,-1.7249518450314494,-1.0931610449562763,TIME_LIMIT,80867,0,0,42,20
5,12,1.07035e6,-1.7249318019039737,-1.0931610449562763,TIME_LIMIT,80918,0,0,31,11
5,12,1.070866e6,-1.7249318019039737,-1.0931610449562763,TIME_LIMIT,80946,0,0,38,24
5,12,1.07138e6,-1.7249156858405505,-1.0931610449562763,TIME_LIMIT,80993,0,0,16,13
5,12,1.071956e6,-1.7249156858405505,-1.0931610449562763,TIME_LIMIT,81022,0,0,30,19
5,12,1.072473e6,-1.7248529523346596,-1.0931610449562763,TIME_LIMIT,81074,0,0,23,14
5,12,1.072988e6,-1.7248529523346596,-1.0931610449562763,TIME_LIMIT,81107,0,0,43,19
5,12,1.073501e6,-1.7248477405251306,-1.0931610449562763,TIME_LIMIT,81159,0,0,33,9
5,12,1.074074e6,-1.7248477405251306,-1.0931610449562763,TIME_LIMIT,81190,0,0,31,22
5,12,1.074592e6,-1.7248219734283483,-1.0931610449562763,TIME_LIMIT,81241,0,0,25,10
5,12,1.075108e6,-1.7248219734283483,-1.0931610449562763,TIME_LIMIT,81283,0,0,42,29
5,12,1.075622e6,-1.7248214825738508,-1.0931610449562763,TIME_LIMIT,81316,0,0,32,26
5,12,1.076181e6,-1.7248214825738508,-1.0931610449562763,TIME_LIMIT,81348,0,0,39,47
5,12,1.076715e6,-1.7248175536209855,-1.0931610449562763,TIME_LIMIT,81405,0,0,25,18
5,12,1.077231e6,-1.7248175536209855,-1.0931610449562763,TIME_LIMIT,81435,0,0,25,17
5,12,1.077743e6,-1.7247206869808296,-1.0931610449562763,TIME_LIMIT,81490,0,0,14,4
5,12,1.07827e6,-1.7247206869808296,-1.0931610449562763,TIME_LIMIT,81523,0,0,25,8
5,12,1.078667e6,-1.7247203346265532,-1.0931610449562763,TIME_LIMIT,81556,0,0,31,21
5,12,1.07925e6,-1.7247203346265532,-1.0931610449562763,TIME_LIMIT,81598,0,0,25,15
5,12,1.079922e6,-1.7246982790098047,-1.0931610449562763,TIME_LIMIT,81636,0,0,21,19
5,12,1.080596e6,-1.7246982790098047,-1.0931610449562763,TIME_LIMIT,81664,0,0,38,26
5,12,1.081253e6,-1.7246895633956492,-1.0931610449562763,TIME_LIMIT,81712,0,0,28,10
5,12,1.081804e6,-1.7246895633956492,-1.0931610449562763,TIME_LIMIT,81746,0,0,43,38
5,12,1.082349e6,-1.724682357188717,-1.0931610449562763,TIME_LIMIT,81795,0,0,32,17
5,12,1.082887e6,-1.724682357188717,-1.0931610449562763,TIME_LIMIT,81822,0,0,24,21
5,12,1.083433e6,-1.724647883212172,-1.0931610449562763,TIME_LIMIT,81872,0,0,18,6
5,12,1.08396e6,-1.724647883212172,-1.0931610449562763,TIME_LIMIT,81901,0,0,14,13
5,12,1.084519e6,-1.7246313815000804,-1.0931610449562763,TIME_LIMIT,81945,0,0,16,4
5,12,1.085035e6,-1.7246313815000804,-1.0931610449562763,TIME_LIMIT,81973,0,0,38,23
5,12,1.085564e6,-1.7246071802503937,-1.0931610449562763,TIME_LIMIT,82021,0,0,30,16
5,12,1.086125e6,-1.7246071802503937,-1.0931610449562763,TIME_LIMIT,82060,0,0,37,14
5,12,1.086588e6,-1.7245580098404878,-1.0931610449562763,TIME_LIMIT,82098,0,0,37,13
5,12,1.087105e6,-1.7245580098404878,-1.0931610449562763,TIME_LIMIT,82126,0,0,25,18
5,12,1.087623e6,-1.724514043251514,-1.0931610449562763,TIME_LIMIT,82175,0,0,26,12
5,12,1.08818e6,-1.724514043251514,-1.0931610449562763,TIME_LIMIT,82215,0,0,37,13
5,12,1.088717e6,-1.7244406433419885,-1.0931610449562763,TIME_LIMIT,82254,0,0,27,10
5,12,1.089234e6,-1.7244406433419885,-1.0931610449562763,TIME_LIMIT,82282,0,0,38,19
5,12,1.089749e6,-1.7244297585199289,-1.0931610449562763,TIME_LIMIT,82328,0,0,29,8
5,12,1.090301e6,-1.7244297585199289,-1.0931610449562763,TIME_LIMIT,82350,0,0,32,24
5,12,1.090846e6,-1.7243946582023528,-1.0931610449562763,TIME_LIMIT,82401,0,0,30,12
5,12,1.091362e6,-1.7243946582023528,-1.0931610449562763,TIME_LIMIT,82425,0,0,34,41
5,12,1.091892e6,-1.7243918188802507,-1.0931610449562763,TIME_LIMIT,82477,0,0,35,19
5,12,1.09241e6,-1.7243918188802507,-1.0931610449562763,TIME_LIMIT,82520,0,0,22,7
5,12,1.092876e6,-1.7242053961561006,-1.0931610449562763,TIME_LIMIT,82554,0,0,28,15
5,12,1.093397e6,-1.7242053961561006,-1.0931610449562763,TIME_LIMIT,82585,0,0,45,64
5,12,1.093913e6,-1.72420493451972,-1.0931610449562763,TIME_LIMIT,82635,0,0,30,14
5,12,1.094429e6,-1.72420493451972,-1.0931610449562763,TIME_LIMIT,82678,0,0,31,25
5,12,1.095005e6,-1.7241556467592114,-1.0931610449562763,TIME_LIMIT,82728,0,0,27,18
5,12,1.095523e6,-1.7241556467592114,-1.0931610449562763,TIME_LIMIT,82765,0,0,45,26
5,12,1.096039e6,-1.7241211299072385,-1.0931610449562763,TIME_LIMIT,82824,0,0,28,14
5,12,1.096554e6,-1.7241211299072385,-1.0931610449562763,TIME_LIMIT,82852,0,0,30,20
5,12,1.097085e6,-1.7240925934725555,-1.0931610449562763,TIME_LIMIT,82898,0,0,16,8
5,12,1.097603e6,-1.7240925934725555,-1.0931610449562763,TIME_LIMIT,82932,0,0,32,33
5,12,1.098254e6,-1.7240741244052484,-1.0931610449562763,TIME_LIMIT,82987,0,0,22,10
5,12,1.098928e6,-1.7240741244052484,-1.0931610449562763,TIME_LIMIT,83020,0,0,33,19
5,12,1.09963e6,-1.7240697898992752,-1.0931610449562763,TIME_LIMIT,83049,0,0,37,22
5,12,1.100201e6,-1.7240697898992752,-1.0931610449562763,TIME_LIMIT,83079,0,0,36,35
5,12,1.100749e6,-1.7240686650208075,-1.0931610449562763,TIME_LIMIT,83125,0,0,26,11
5,12,1.101306e6,-1.7240686650208075,-1.0931610449562763,TIME_LIMIT,83163,0,0,37,18
5,12,1.101848e6,-1.724048789502609,-1.0931610449562763,TIME_LIMIT,83197,0,0,25,18
5,12,1.102306e6,-1.724048789502609,-1.0931610449562763,TIME_LIMIT,83228,0,0,43,16
5,12,1.102845e6,-1.7240320633547874,-1.0931610449562763,TIME_LIMIT,83279,0,0,32,10
5,12,1.10339e6,-1.7240320633547874,-1.0931610449562763,TIME_LIMIT,83309,0,0,32,24
5,12,1.10389e6,-1.7240234793445492,-1.0931610449562763,TIME_LIMIT,83363,0,0,24,4
5,12,1.104164e6,-1.7240234793445492,-1.0931610449562763,TIME_LIMIT,83393,0,0,37,18
5,12,1.104726e6,-1.723965135835656,-1.0931610449562763,TIME_LIMIT,83438,0,0,26,12
5,12,1.105268e6,-1.723965135835656,-1.0931610449562763,TIME_LIMIT,83475,0,0,46,44
5,12,1.105786e6,-1.723931508829943,-1.0931610449562763,TIME_LIMIT,83528,0,0,26,11
5,12,1.106317e6,-1.723931508829943,-1.0931610449562763,TIME_LIMIT,83563,0,0,34,12
5,12,1.106864e6,-1.7239226630344102,-1.0931610449562763,TIME_LIMIT,83616,0,0,31,13
5,12,1.107397e6,-1.7239226630344102,-1.0931610449562763,TIME_LIMIT,83658,0,0,42,25
5,12,1.107915e6,-1.7239168857179619,-1.0931610449562763,TIME_LIMIT,83693,0,0,37,23
5,12,1.108351e6,-1.7239168857179619,-1.0931610449562763,TIME_LIMIT,83729,0,0,42,34
5,12,1.108891e6,-1.7238732174300628,-1.0931610449562763,TIME_LIMIT,83775,0,0,29,26
5,12,1.109444e6,-1.7238732174300628,-1.0931610449562763,TIME_LIMIT,83806,0,0,32,26
5,12,1.109964e6,-1.7238032201344717,-1.0931610449562763,TIME_LIMIT,83855,0,0,23,15
5,12,1.11048e6,-1.7238032201344717,-1.0931610449562763,TIME_LIMIT,83878,0,0,26,21
5,12,1.111054e6,-1.7237896362437553,-1.0931610449562763,TIME_LIMIT,83930,0,0,29,13
5,12,1.111619e6,-1.7237896362437553,-1.0931610449562763,TIME_LIMIT,83967,0,0,23,22
5,12,1.112136e6,-1.7237841421273281,-1.0931610449562763,TIME_LIMIT,84022,0,0,34,13
5,12,1.112652e6,-1.7237841421273281,-1.0931610449562763,TIME_LIMIT,84053,0,0,19,13
5,12,1.113182e6,-1.7237818495646489,-1.0931610449562763,TIME_LIMIT,84102,0,0,14,12
5,12,1.113712e6,-1.7237818495646489,-1.0931610449562763,TIME_LIMIT,84145,0,0,38,17
5,12,1.114386e6,-1.7236836091292167,-1.0931610449562763,TIME_LIMIT,84183,0,0,26,15
5,12,1.115059e6,-1.7236836091292167,-1.0931610449562763,TIME_LIMIT,84219,0,0,24,18
5,12,1.115648e6,-1.7236395764830044,-1.0931610449562763,TIME_LIMIT,84271,0,0,34,18
5,12,1.116228e6,-1.7236395764830044,-1.0931610449562763,TIME_LIMIT,84311,0,0,41,19
5,12,1.116774e6,-1.72362376177998,-1.0931610449562763,TIME_LIMIT,84352,0,0,30,9
5,12,1.117344e6,-1.72362376177998,-1.0931610449562763,TIME_LIMIT,84383,0,0,43,25
5,12,1.117905e6,-1.723550732143857,-1.0931610449562763,TIME_LIMIT,84436,0,0,27,17
5,12,1.118445e6,-1.723550732143857,-1.0931610449562763,TIME_LIMIT,84471,0,0,25,10
5,12,1.11897e6,-1.7234696395558704,-1.0931610449562763,TIME_LIMIT,84520,0,0,25,11
5,12,1.119408e6,-1.7234696395558704,-1.0931610449562763,TIME_LIMIT,84560,0,0,27,10
5,12,1.119924e6,-1.7234662889170227,-1.0931610449562763,TIME_LIMIT,84605,0,0,28,11
5,12,1.120441e6,-1.7234662889170227,-1.0931610449562763,TIME_LIMIT,84633,0,0,43,34
5,12,1.120991e6,-1.7234265389826873,-1.0931610449562763,TIME_LIMIT,84688,0,0,33,12
5,12,1.121534e6,-1.7234265389826873,-1.0931610449562763,TIME_LIMIT,84722,0,0,38,35
5,12,1.122051e6,-1.7234034546277297,-1.0931610449562763,TIME_LIMIT,84781,0,0,19,10
5,12,1.12257e6,-1.7234034546277297,-1.0931610449562763,TIME_LIMIT,84816,0,0,38,29
5,12,1.12312e6,-1.7233698193113927,-1.0931610449562763,TIME_LIMIT,84865,0,0,15,10
5,12,1.123674e6,-1.7233698193113927,-1.0931610449562763,TIME_LIMIT,84898,0,0,36,40
5,12,1.12419e6,-1.7233679697650501,-1.0931610449562763,TIME_LIMIT,84956,0,0,14,11
5,12,1.124708e6,-1.7233679697650501,-1.0931610449562763,TIME_LIMIT,84996,0,0,35,30
5,12,1.125267e6,-1.7233256282712492,-1.0931610449562763,TIME_LIMIT,85046,0,0,18,10
5,12,1.125798e6,-1.7233256282712492,-1.0931610449562763,TIME_LIMIT,85083,0,0,34,15
5,12,1.126314e6,-1.723311110017503,-1.0931610449562763,TIME_LIMIT,85123,0,0,42,12
5,12,1.126827e6,-1.723311110017503,-1.0931610449562763,TIME_LIMIT,85150,0,0,33,19
5,12,1.127344e6,-1.7232539884021074,-1.0931610449562763,TIME_LIMIT,85207,0,0,21,10
5,12,1.127944e6,-1.7232539884021074,-1.0931610449562763,TIME_LIMIT,85237,0,0,31,17
5,12,1.128617e6,-1.7231529539511603,-1.0931610449562763,TIME_LIMIT,85290,0,0,38,7
5,12,1.129264e6,-1.7231529539511603,-1.0931610449562763,TIME_LIMIT,85326,0,0,23,24
5,12,1.129896e6,-1.723121154532841,-1.0931610449562763,TIME_LIMIT,85376,0,0,29,19
5,12,1.13046e6,-1.723121154532841,-1.0931610449562763,TIME_LIMIT,85408,0,0,47,53
5,12,1.131001e6,-1.723064958486749,-1.0931610449562763,TIME_LIMIT,85461,0,0,27,26
5,12,1.131522e6,-1.723064958486749,-1.0931610449562763,TIME_LIMIT,85509,0,0,41,24
5,12,1.13205e6,-1.7230251170372142,-1.0931610449562763,TIME_LIMIT,85552,0,0,33,22
5,12,1.132525e6,-1.7230251170372142,-1.0931610449562763,TIME_LIMIT,85586,0,0,50,36
5,12,1.133071e6,-1.7230218460448632,-1.0931610449562763,TIME_LIMIT,85639,0,0,35,21
5,12,1.133621e6,-1.7230218460448632,-1.0931610449562763,TIME_LIMIT,85670,0,0,33,21
5,12,1.134138e6,-1.7229941386457135,-1.0931610449562763,TIME_LIMIT,85720,0,0,26,17
5,12,1.13468e6,-1.7229941386457135,-1.0931610449562763,TIME_LIMIT,85749,0,0,30,30
5,12,1.135216e6,-1.7228086630100308,-1.0931610449562763,TIME_LIMIT,85797,0,0,29,17
5,12,1.135748e6,-1.7228086630100308,-1.0931610449562763,TIME_LIMIT,85836,0,0,44,39
5,12,1.136265e6,-1.7227894129835353,-1.0931610449562763,TIME_LIMIT,85884,0,0,14,17
5,12,1.136828e6,-1.7227894129835353,-1.0931610449562763,TIME_LIMIT,85921,0,0,33,74
5,12,1.137359e6,-1.7227806457088146,-1.0931610449562763,TIME_LIMIT,85974,0,0,18,14
5,12,1.137876e6,-1.7227806457088146,-1.0931610449562763,TIME_LIMIT,86010,0,0,33,19
5,12,1.138243e6,-1.7227575852336332,-1.0931610449562763,TIME_LIMIT,86049,0,0,32,15
5,12,1.138773e6,-1.7227575852336332,-1.0931610449562763,TIME_LIMIT,86080,0,0,38,21
5,12,1.139345e6,-1.7227516148673279,-1.0931610449562763,TIME_LIMIT,86134,0,0,31,18
5,12,1.140019e6,-1.7227516148673279,-1.0931610449562763,TIME_LIMIT,86173,0,0,49,32
5,12,1.1407e6,-1.7227348213023368,-1.0931610449562763,TIME_LIMIT,86226,0,0,25,10
5,12,1.141352e6,-1.7227348213023368,-1.0931610449562763,TIME_LIMIT,86256,0,0,25,44
5,12,1.141901e6,-1.7227312954941016,-1.0931610449562763,TIME_LIMIT,86312,0,0,34,16
5,12,1.142445e6,-1.7227312954941016,-1.0931610449562763,TIME_LIMIT,86353,0,0,40,18
5,12,1.142985e6,-1.7226545653738294,-1.0931610449562763,TIME_LIMIT,86395,0,0,35,10
5,12,1.143536e6,-1.7226545653738294,-1.0931610449562763,TIME_LIMIT,86438,0,0,39,18
5,12,1.14406e6,-1.7225994348852156,-1.0931610449562763,TIME_LIMIT,86472,0,0,32,9
5,12,1.144628e6,-1.7225994348852156,-1.0931610449562763,TIME_LIMIT,86509,0,0,30,43
5,12,1.145143e6,-1.7225781041924464,-1.0931610449562763,TIME_LIMIT,86562,0,0,39,27
5,12,1.145651e6,-1.7225781041924464,-1.0931610449562763,TIME_LIMIT,86600,0,0,38,22
5,12,1.146216e6,-1.7225539812425834,-1.0931610449562763,TIME_LIMIT,86650,0,0,26,7
5,12,1.146732e6,-1.7225539812425834,-1.0931610449562763,TIME_LIMIT,86683,0,0,38,20
5,12,1.147249e6,-1.7224866222516786,-1.0931610449562763,TIME_LIMIT,86734,0,0,15,9
5,12,1.14778e6,-1.7224866222516786,-1.0931610449562763,TIME_LIMIT,86773,0,0,32,26
5,12,1.14834e6,-1.7224609354634666,-1.0931610449562763,TIME_LIMIT,86814,0,0,24,10
5,12,1.148857e6,-1.7224609354634666,-1.0931610449562763,TIME_LIMIT,86853,0,0,41,21
5,12,1.149372e6,-1.7223865320708687,-1.0931610449562763,TIME_LIMIT,86896,0,0,13,12
5,12,1.149904e6,-1.7223865320708687,-1.0931610449562763,TIME_LIMIT,86931,0,0,37,10
5,12,1.150428e6,-1.7223688951250862,-1.0931610449562763,TIME_LIMIT,86970,0,0,37,13
5,12,1.151099e6,-1.7223688951250862,-1.0931610449562763,TIME_LIMIT,87002,0,0,40,24
5,12,1.151776e6,-1.7223345508395205,-1.0931610449562763,TIME_LIMIT,87054,0,0,29,7
5,12,1.15246e6,-1.7223345508395205,-1.0931610449562763,TIME_LIMIT,87086,0,0,43,27
5,12,1.152914e6,-1.72232665891686,-1.0931610449562763,TIME_LIMIT,87126,0,0,14,6
5,12,1.15348e6,-1.72232665891686,-1.0931610449562763,TIME_LIMIT,87156,0,0,43,34
5,12,1.154021e6,-1.7223260706263852,-1.0931610449562763,TIME_LIMIT,87206,0,0,27,12
5,12,1.154563e6,-1.7223260706263852,-1.0931610449562763,TIME_LIMIT,87242,0,0,33,26
5,12,1.155089e6,-1.7223168092029364,-1.0931610449562763,TIME_LIMIT,87291,0,0,31,11
5,12,1.155595e6,-1.7223168092029364,-1.0931610449562763,TIME_LIMIT,87323,0,0,38,27
5,12,1.156156e6,-1.7223062414768693,-1.0931610449562763,TIME_LIMIT,87374,0,0,23,4
5,12,1.156672e6,-1.7223062414768693,-1.0931610449562763,TIME_LIMIT,87403,0,0,33,30
5,12,1.157188e6,-1.7222999760797306,-1.0931610449562763,TIME_LIMIT,87446,0,0,25,14
5,12,1.157765e6,-1.7222999760797306,-1.0931610449562763,TIME_LIMIT,87480,0,0,47,29
5,12,1.15828e6,-1.7222316855785658,-1.0931610449562763,TIME_LIMIT,87534,0,0,30,12
5,12,1.158797e6,-1.7222316855785658,-1.0931610449562763,TIME_LIMIT,87570,0,0,38,64
5,12,1.15934e6,-1.7222199737716253,-1.0931610449562763,TIME_LIMIT,87627,0,0,22,15
5,12,1.159892e6,-1.7222199737716253,-1.0931610449562763,TIME_LIMIT,87663,0,0,34,13
5,12,1.16041e6,-1.7222085314898388,-1.0931610449562763,TIME_LIMIT,87692,0,0,33,18
5,12,1.160708e6,-1.7222085314898388,-1.0931610449562763,TIME_LIMIT,87719,0,0,16,16
5,12,1.161016e6,-1.7220835423280936,-1.0931610449562763,TIME_LIMIT,87764,0,0,7,3
5,12,1.161547e6,-1.7220835423280936,-1.0931610449562763,TIME_LIMIT,87795,0,0,35,21
5,12,1.162123e6,-1.722069899610036,-1.0931610449562763,TIME_LIMIT,87837,0,0,40,12
5,12,1.162797e6,-1.722069899610036,-1.0931610449562763,TIME_LIMIT,87869,0,0,38,24
5,12,1.163472e6,-1.7220585342646564,-1.0931610449562763,TIME_LIMIT,87918,0,0,15,10
5,12,1.164105e6,-1.7220585342646564,-1.0931610449562763,TIME_LIMIT,87956,0,0,13,14
5,12,1.164661e6,-1.7220277931421388,-1.0931610449562763,TIME_LIMIT,88004,0,0,18,10
5,12,1.165208e6,-1.7220277931421388,-1.0931610449562763,TIME_LIMIT,88033,0,0,42,51
5,12,1.165755e6,-1.7220201202523493,-1.0931610449562763,TIME_LIMIT,88087,0,0,18,7
5,12,1.166303e6,-1.7220201202523493,-1.0931610449562763,TIME_LIMIT,88120,0,0,24,16
5,12,1.166831e6,-1.7219236721275464,-1.0931610449562763,TIME_LIMIT,88171,0,0,15,9
5,12,1.167395e6,-1.7219236721275464,-1.0931610449562763,TIME_LIMIT,88203,0,0,28,31
5,12,1.16791e6,-1.72187842073598,-1.0931610449562763,TIME_LIMIT,88253,0,0,34,10
5,12,1.168441e6,-1.72187842073598,-1.0931610449562763,TIME_LIMIT,88287,0,0,36,22
5,12,1.169003e6,-1.7218640381535861,-1.0931610449562763,TIME_LIMIT,88343,0,0,37,11
5,12,1.169521e6,-1.7218640381535861,-1.0931610449562763,TIME_LIMIT,88371,0,0,34,48
5,12,1.170036e6,-1.7218252813056705,-1.0931610449562763,TIME_LIMIT,88417,0,0,30,10
5,12,1.170569e6,-1.7218252813056705,-1.0931610449562763,TIME_LIMIT,88445,0,0,47,45
5,12,1.171131e6,-1.721819690428215,-1.0931610449562763,TIME_LIMIT,88497,0,0,33,8
5,12,1.17165e6,-1.721819690428215,-1.0931610449562763,TIME_LIMIT,88531,0,0,28,16
5,12,1.172165e6,-1.7218147060902274,-1.0931610449562763,TIME_LIMIT,88585,0,0,32,10
5,12,1.172698e6,-1.7218147060902274,-1.0931610449562763,TIME_LIMIT,88622,0,0,32,29
5,12,1.173217e6,-1.7218134384916277,-1.0931610449562763,TIME_LIMIT,88667,0,0,17,8
5,12,1.173875e6,-1.7218134384916277,-1.0931610449562763,TIME_LIMIT,88711,0,0,36,15
5,12,1.174554e6,-1.7217498889667118,-1.0931610449562763,TIME_LIMIT,88749,0,0,35,19
5,12,1.175246e6,-1.7217498889667118,-1.0931610449562763,TIME_LIMIT,88783,0,0,45,24
5,12,1.175809e6,-1.7217465507506098,-1.0931610449562763,TIME_LIMIT,88826,0,0,37,17
5,12,1.176356e6,-1.7217465507506098,-1.0931610449562763,TIME_LIMIT,88854,0,0,27,40
5,12,1.176895e6,-1.721744311367886,-1.0931610449562763,TIME_LIMIT,88895,0,0,15,13
5,12,1.177452e6,-1.721744311367886,-1.0931610449562763,TIME_LIMIT,88926,0,0,43,25
5,12,1.177993e6,-1.7216906293930683,-1.0931610449562763,TIME_LIMIT,88981,0,0,30,11
5,12,1.178557e6,-1.7216906293930683,-1.0931610449562763,TIME_LIMIT,89013,0,0,48,30
5,12,1.179074e6,-1.7216427816347033,-1.0931610449562763,TIME_LIMIT,89066,0,0,31,7
5,12,1.179605e6,-1.7216427816347033,-1.0931610449562763,TIME_LIMIT,89100,0,0,23,19
5,12,1.180165e6,-1.7216293662709539,-1.0931610449562763,TIME_LIMIT,89157,0,0,31,16
5,12,1.180687e6,-1.7216293662709539,-1.0931610449562763,TIME_LIMIT,89183,0,0,37,26
5,12,1.181203e6,-1.7216029080367068,-1.0931610449562763,TIME_LIMIT,89230,0,0,15,6
5,12,1.181607e6,-1.7216029080367068,-1.0931610449562763,TIME_LIMIT,89261,0,0,35,23
5,12,1.182168e6,-1.7216027098241762,-1.0931610449562763,TIME_LIMIT,89314,0,0,25,16
5,12,1.182701e6,-1.7216027098241762,-1.0931610449562763,TIME_LIMIT,89345,0,0,45,59
5,12,1.183219e6,-1.721595945306759,-1.0931610449562763,TIME_LIMIT,89401,0,0,21,12
5,12,1.183757e6,-1.721595945306759,-1.0931610449562763,TIME_LIMIT,89427,0,0,27,24
5,12,1.184273e6,-1.7215734038533934,-1.0931610449562763,TIME_LIMIT,89482,0,0,35,10
5,12,1.18492e6,-1.7215734038533934,-1.0931610449562763,TIME_LIMIT,89515,0,0,23,16
5,12,1.185513e6,-1.7215674944300714,-1.0931610449562763,TIME_LIMIT,89563,0,0,25,16
5,12,1.186188e6,-1.7215674944300714,-1.0931610449562763,TIME_LIMIT,89593,0,0,41,40
5,12,1.18679e6,-1.7215576218309343,-1.0931610449562763,TIME_LIMIT,89650,0,0,28,13
5,12,1.187339e6,-1.7215576218309343,-1.0931610449562763,TIME_LIMIT,89688,0,0,20,17
5,12,1.187897e6,-1.7215426532986395,-1.0931610449562763,TIME_LIMIT,89736,0,0,25,10
5,12,1.188401e6,-1.7215426532986395,-1.0931610449562763,TIME_LIMIT,89768,0,0,26,6
5,12,1.188933e6,-1.7215403403616658,-1.0931610449562763,TIME_LIMIT,89814,0,0,17,6
5,12,1.189466e6,-1.7215403403616658,-1.0931610449562763,TIME_LIMIT,89863,0,0,43,15
5,12,1.190039e6,-1.7214552996639292,-1.0931610449562763,TIME_LIMIT,89901,0,0,36,11
5,12,1.190555e6,-1.7214552996639292,-1.0931610449562763,TIME_LIMIT,89933,0,0,21,10
5,12,1.191105e6,-1.7214379390712073,-1.0931610449562763,TIME_LIMIT,89981,0,0,20,11
5,12,1.191651e6,-1.7214379390712073,-1.0931610449562763,TIME_LIMIT,90012,0,0,25,21
5,12,1.192169e6,-1.721430542381521,-1.0931610449562763,TIME_LIMIT,90062,0,0,29,17
5,12,1.192686e6,-1.721430542381521,-1.0931610449562763,TIME_LIMIT,90091,0,0,40,24
5,12,1.193263e6,-1.72142855903569,-1.0931610449562763,TIME_LIMIT,90146,0,0,32,11
5,12,1.193781e6,-1.72142855903569,-1.0931610449562763,TIME_LIMIT,90180,0,0,23,11
5,12,1.194298e6,-1.7214262609385973,-1.0931610449562763,TIME_LIMIT,90231,0,0,29,10
5,12,1.194816e6,-1.7214262609385973,-1.0931610449562763,TIME_LIMIT,90256,0,0,32,21
5,12,1.195348e6,-1.72130072152093,-1.0931610449562763,TIME_LIMIT,90311,0,0,26,12
5,12,1.196017e6,-1.72130072152093,-1.0931610449562763,TIME_LIMIT,90345,0,0,34,51
5,12,1.196684e6,-1.7212893658981767,-1.0931610449562763,TIME_LIMIT,90386,0,0,24,22
5,12,1.197356e6,-1.7212893658981767,-1.0931610449562763,TIME_LIMIT,90418,0,0,20,22
5,12,1.197976e6,-1.7212785261778638,-1.0931610449562763,TIME_LIMIT,90473,0,0,26,9
5,12,1.198529e6,-1.7212785261778638,-1.0931610449562763,TIME_LIMIT,90505,0,0,28,14
5,12,1.199072e6,-1.7212706605326755,-1.0931610449562763,TIME_LIMIT,90552,0,0,23,14
5,12,1.199615e6,-1.7212706605326755,-1.0931610449562763,TIME_LIMIT,90580,0,0,32,24
5,12,1.200166e6,-1.721119986114571,-1.0931610449562763,TIME_LIMIT,90634,0,0,36,8
5,12,1.200696e6,-1.721119986114571,-1.0931610449562763,TIME_LIMIT,90667,0,0,37,26
5,12,1.201238e6,-1.721111630598098,-1.0931610449562763,TIME_LIMIT,90722,0,0,30,19
5,12,1.201788e6,-1.721111630598098,-1.0931610449562763,TIME_LIMIT,90759,0,0,27,14
5,12,1.202322e6,-1.7210790159071698,-1.0931610449562763,TIME_LIMIT,90816,0,0,21,7
5,12,1.20285e6,-1.7210790159071698,-1.0931610449562763,TIME_LIMIT,90862,0,0,42,19
5,12,1.2034e6,-1.7210553850542114,-1.0931610449562763,TIME_LIMIT,90900,0,0,31,19
5,12,1.203919e6,-1.7210553850542114,-1.0931610449562763,TIME_LIMIT,90941,0,0,52,39
5,12,1.20445e6,-1.7210547949637076,-1.0931610449562763,TIME_LIMIT,90989,0,0,31,15
5,12,1.205008e6,-1.7210547949637076,-1.0931610449562763,TIME_LIMIT,91023,0,0,42,23
5,12,1.205531e6,-1.7210453951202793,-1.0931610449562763,TIME_LIMIT,91069,0,0,28,12
5,12,1.206047e6,-1.7210453951202793,-1.0931610449562763,TIME_LIMIT,91096,0,0,28,14
5,12,1.206578e6,-1.7210359434703286,-1.0931610449562763,TIME_LIMIT,91143,0,0,24,14
5,12,1.207097e6,-1.7210359434703286,-1.0931610449562763,TIME_LIMIT,91181,0,0,25,14
5,12,1.207691e6,-1.720961862923462,-1.0931610449562763,TIME_LIMIT,91211,0,0,23,12
5,12,1.208365e6,-1.720961862923462,-1.0931610449562763,TIME_LIMIT,91235,0,0,23,33
5,12,1.209052e6,-1.7209315875947397,-1.0931610449562763,TIME_LIMIT,91288,0,0,20,7
5,12,1.209605e6,-1.7209315875947397,-1.0931610449562763,TIME_LIMIT,91319,0,0,17,5
5,12,1.209868e6,-1.7209260326345643,-1.0931610449562763,TIME_LIMIT,91355,0,0,27,9
5,12,1.21041e6,-1.7209260326345643,-1.0931610449562763,TIME_LIMIT,91385,0,0,44,29
5,12,1.210947e6,-1.7208807008707745,-1.0931610449562763,TIME_LIMIT,91440,0,0,15,10
5,12,1.211484e6,-1.7208807008707745,-1.0931610449562763,TIME_LIMIT,91475,0,0,29,39
5,12,1.212029e6,-1.7208137171727238,-1.0931610449562763,TIME_LIMIT,91530,0,0,29,15
5,12,1.212576e6,-1.7208137171727238,-1.0931610449562763,TIME_LIMIT,91568,0,0,27,16
5,12,1.213111e6,-1.7207693775663164,-1.0931610449562763,TIME_LIMIT,91620,0,0,16,5
5,12,1.213629e6,-1.7207693775663164,-1.0931610449562763,TIME_LIMIT,91647,0,0,41,15
5,12,1.21418e6,-1.7206913563154904,-1.0931610449562763,TIME_LIMIT,91699,0,0,31,14
5,12,1.214723e6,-1.7206913563154904,-1.0931610449562763,TIME_LIMIT,91729,0,0,33,21
5,12,1.215238e6,-1.720661962075754,-1.0931610449562763,TIME_LIMIT,91776,0,0,23,13
5,12,1.215753e6,-1.720661962075754,-1.0931610449562763,TIME_LIMIT,91811,0,0,42,38
5,12,1.216326e6,-1.7206012476256407,-1.0931610449562763,TIME_LIMIT,91862,0,0,20,10
5,12,1.216844e6,-1.7206012476256407,-1.0931610449562763,TIME_LIMIT,91891,0,0,36,23
5,12,1.21736e6,-1.7205623809581876,-1.0931610449562763,TIME_LIMIT,91939,0,0,25,11
5,12,1.217877e6,-1.7205623809581876,-1.0931610449562763,TIME_LIMIT,91973,0,0,29,15
5,12,1.218244e6,-1.7205610542462912,-1.0931610449562763,TIME_LIMIT,92010,0,0,30,12
5,12,1.218809e6,-1.7205610542462912,-1.0931610449562763,TIME_LIMIT,92036,0,0,18,55
5,12,1.219481e6,-1.7205152110809296,-1.0931610449562763,TIME_LIMIT,92098,0,0,36,18
5,12,1.220168e6,-1.7205152110809296,-1.0931610449562763,TIME_LIMIT,92133,0,0,39,27
5,12,1.220807e6,-1.7205085178136468,-1.0931610449562763,TIME_LIMIT,92184,0,0,30,9
5,12,1.221363e6,-1.7205085178136468,-1.0931610449562763,TIME_LIMIT,92214,0,0,52,48
5,12,1.221908e6,-1.7204923732628563,-1.0931610449562763,TIME_LIMIT,92265,0,0,28,12
5,12,1.222396e6,-1.7204923732628563,-1.0931610449562763,TIME_LIMIT,92310,0,0,22,9
5,12,1.222946e6,-1.7204729308724696,-1.0931610449562763,TIME_LIMIT,92346,0,0,26,9
5,12,1.223475e6,-1.7204729308724696,-1.0931610449562763,TIME_LIMIT,92380,0,0,30,19
5,12,1.223854e6,-1.7204309662496038,-1.0931610449562763,TIME_LIMIT,92420,0,0,29,10
5,12,1.224404e6,-1.7204309662496038,-1.0931610449562763,TIME_LIMIT,92452,0,0,37,20
5,12,1.22492e6,-1.7203359814442736,-1.0931610449562763,TIME_LIMIT,92509,0,0,34,11
5,12,1.225236e6,-1.7203359814442736,-1.0931610449562763,TIME_LIMIT,92544,0,0,45,32
5,12,1.225797e6,-1.7203353631886298,-1.0931610449562763,TIME_LIMIT,92602,0,0,16,12
5,12,1.22633e6,-1.7203353631886298,-1.0931610449562763,TIME_LIMIT,92637,0,0,14,21
5,12,1.226846e6,-1.7203328138174887,-1.0931610449562763,TIME_LIMIT,92673,0,0,31,23
5,12,1.227385e6,-1.7203328138174887,-1.0931610449562763,TIME_LIMIT,92706,0,0,40,27
5,12,1.227925e6,-1.7203058210497946,-1.0931610449562763,TIME_LIMIT,92756,0,0,28,10
5,12,1.22846e6,-1.7203058210497946,-1.0931610449562763,TIME_LIMIT,92783,0,0,34,23
5,12,1.228979e6,-1.7202441177605736,-1.0931610449562763,TIME_LIMIT,92835,0,0,33,12
5,12,1.229495e6,-1.7202441177605736,-1.0931610449562763,TIME_LIMIT,92871,0,0,11,10
5,12,1.230063e6,-1.7201774841349575,-1.0931610449562763,TIME_LIMIT,92908,0,0,29,5
5,12,1.230755e6,-1.7201774841349575,-1.0931610449562763,TIME_LIMIT,92946,0,0,40,29
5,12,1.231426e6,-1.7201734558712005,-1.0931610449562763,TIME_LIMIT,92979,0,0,23,7
5,12,1.232062e6,-1.7201734558712005,-1.0931610449562763,TIME_LIMIT,93013,0,0,37,26
5,12,1.232612e6,-1.7201362750161595,-1.0931610449562763,TIME_LIMIT,93045,0,0,35,8
5,12,1.232965e6,-1.7201362750161595,-1.0931610449562763,TIME_LIMIT,93083,0,0,28,21
5,12,1.233509e6,-1.7201186527240662,-1.0931610449562763,TIME_LIMIT,93119,0,0,29,13
5,12,1.234046e6,-1.7201186527240662,-1.0931610449562763,TIME_LIMIT,93150,0,0,26,14
5,12,1.234574e6,-1.7201121591755377,-1.0931610449562763,TIME_LIMIT,93199,0,0,21,1
5,12,1.235138e6,-1.7201121591755377,-1.0931610449562763,TIME_LIMIT,93229,0,0,47,40
5,12,1.235674e6,-1.7200953500575171,-1.0931610449562763,TIME_LIMIT,93287,0,0,19,8
5,12,1.23619e6,-1.7200953500575171,-1.0931610449562763,TIME_LIMIT,93322,0,0,32,23
5,12,1.236729e6,-1.7200229579478379,-1.0931610449562763,TIME_LIMIT,93354,0,0,27,26
5,12,1.237287e6,-1.7200229579478379,-1.0931610449562763,TIME_LIMIT,93384,0,0,42,22
5,12,1.237807e6,-1.7200121924181584,-1.0931610449562763,TIME_LIMIT,93435,0,0,14,8
5,12,1.238324e6,-1.7200121924181584,-1.0931610449562763,TIME_LIMIT,93469,0,0,23,28
5,12,1.238885e6,-1.7198665123777728,-1.0931610449562763,TIME_LIMIT,93520,0,0,22,7
5,12,1.239416e6,-1.7198665123777728,-1.0931610449562763,TIME_LIMIT,93563,0,0,37,15
5,12,1.239934e6,-1.7198322401466524,-1.0931610449562763,TIME_LIMIT,93602,0,0,40,15
5,12,1.240451e6,-1.7198322401466524,-1.0931610449562763,TIME_LIMIT,93633,0,0,36,21
5,12,1.240966e6,-1.719827064486059,-1.0931610449562763,TIME_LIMIT,93686,0,0,27,9
5,12,1.241595e6,-1.719827064486059,-1.0931610449562763,TIME_LIMIT,93714,0,0,38,20
5,12,1.242266e6,-1.719802999596674,-1.0931610449562763,TIME_LIMIT,93769,0,0,26,8
5,12,1.242941e6,-1.719802999596674,-1.0931610449562763,TIME_LIMIT,93795,0,0,21,31
5,12,1.243543e6,-1.7197997294584435,-1.0931610449562763,TIME_LIMIT,93849,0,0,29,19
5,12,1.244117e6,-1.7197997294584435,-1.0931610449562763,TIME_LIMIT,93881,0,0,33,23
5,12,1.244662e6,-1.7196991748147665,-1.0931610449562763,TIME_LIMIT,93932,0,0,28,16
5,12,1.245208e6,-1.7196991748147665,-1.0931610449562763,TIME_LIMIT,93967,0,0,21,19
5,12,1.245738e6,-1.7196714187701045,-1.0931610449562763,TIME_LIMIT,94014,0,0,17,6
5,12,1.246028e6,-1.7196714187701045,-1.0931610449562763,TIME_LIMIT,94050,0,0,36,15
5,12,1.246605e6,-1.71966499580928,-1.0931610449562763,TIME_LIMIT,94099,0,0,20,14
5,12,1.247123e6,-1.71966499580928,-1.0931610449562763,TIME_LIMIT,94134,0,0,39,17
5,12,1.247641e6,-1.719664362569618,-1.0931610449562763,TIME_LIMIT,94185,0,0,16,9
5,12,1.248203e6,-1.719664362569618,-1.0931610449562763,TIME_LIMIT,94217,0,0,21,38
5,12,1.248737e6,-1.7196559355276009,-1.0931610449562763,TIME_LIMIT,94272,0,0,13,10
5,12,1.249256e6,-1.7196559355276009,-1.0931610449562763,TIME_LIMIT,94307,0,0,38,17
5,12,1.249777e6,-1.7196495883104053,-1.0931610449562763,TIME_LIMIT,94342,0,0,27,25
5,12,1.250273e6,-1.7196495883104053,-1.0931610449562763,TIME_LIMIT,94384,0,0,17,6
5,12,1.250789e6,-1.71964923336847,-1.0931610449562763,TIME_LIMIT,94420,0,0,33,12
5,12,1.251102e6,-1.71964923336847,-1.0931610449562763,TIME_LIMIT,94456,0,0,34,6
5,12,1.251619e6,-1.7196466288934125,-1.0931610449562763,TIME_LIMIT,94500,0,0,13,7
5,12,1.252137e6,-1.7196466288934125,-1.0931610449562763,TIME_LIMIT,94541,0,0,37,24
5,12,1.252722e6,-1.719585584918893,-1.0931610449562763,TIME_LIMIT,94576,0,0,21,16
5,12,1.253416e6,-1.719585584918893,-1.0931610449562763,TIME_LIMIT,94613,0,0,15,4
5,12,1.254089e6,-1.719541041506574,-1.0931610449562763,TIME_LIMIT,94649,0,0,20,11
5,12,1.254712e6,-1.719541041506574,-1.0931610449562763,TIME_LIMIT,94688,0,0,31,25
5,12,1.255262e6,-1.7195256928731482,-1.0931610449562763,TIME_LIMIT,94740,0,0,27,24
5,12,1.255827e6,-1.7195256928731482,-1.0931610449562763,TIME_LIMIT,94772,0,0,36,29
5,12,1.256366e6,-1.719511992316912,-1.0931610449562763,TIME_LIMIT,94828,0,0,31,18
5,12,1.256904e6,-1.719511992316912,-1.0931610449562763,TIME_LIMIT,94861,0,0,23,20
5,12,1.257435e6,-1.7195020426872765,-1.0931610449562763,TIME_LIMIT,94897,0,0,36,17
5,12,1.25797e6,-1.7195020426872765,-1.0931610449562763,TIME_LIMIT,94943,0,0,38,15
5,12,1.258516e6,-1.7194325220497706,-1.0931610449562763,TIME_LIMIT,94976,0,0,19,14
5,12,1.258883e6,-1.7194325220497706,-1.0931610449562763,TIME_LIMIT,95011,0,0,38,26
5,12,1.259402e6,-1.7193710261646595,-1.0931610449562763,TIME_LIMIT,95060,0,0,11,5
5,12,1.259976e6,-1.7193710261646595,-1.0931610449562763,TIME_LIMIT,95106,0,0,24,13
5,12,1.260418e6,-1.7193692029978753,-1.0931610449562763,TIME_LIMIT,95144,0,0,24,9
5,12,1.260936e6,-1.7193692029978753,-1.0931610449562763,TIME_LIMIT,95180,0,0,35,21
5,12,1.261477e6,-1.7193467471836075,-1.0931610449562763,TIME_LIMIT,95228,0,0,28,16
5,12,1.262037e6,-1.7193467471836075,-1.0931610449562763,TIME_LIMIT,95268,0,0,23,27
5,12,1.262567e6,-1.7193377357021236,-1.0931610449562763,TIME_LIMIT,95317,0,0,26,16
5,12,1.263085e6,-1.7193377357021236,-1.0931610449562763,TIME_LIMIT,95343,0,0,41,39
5,12,1.263604e6,-1.7192934304948089,-1.0931610449562763,TIME_LIMIT,95394,0,0,23,20
5,12,1.264174e6,-1.7192934304948089,-1.0931610449562763,TIME_LIMIT,95425,0,0,38,23
5,12,1.264845e6,-1.7192621117426907,-1.0931610449562763,TIME_LIMIT,95471,0,0,27,11
5,12,1.265538e6,-1.7192621117426907,-1.0931610449562763,TIME_LIMIT,95508,0,0,34,19
5,12,1.266174e6,-1.7192239771135962,-1.0931610449562763,TIME_LIMIT,95562,0,0,31,12
5,12,1.266727e6,-1.7192239771135962,-1.0931610449562763,TIME_LIMIT,95598,0,0,33,17
5,12,1.267274e6,-1.7192206912411747,-1.0931610449562763,TIME_LIMIT,95633,0,0,32,31
5,12,1.267851e6,-1.7192206912411747,-1.0931610449562763,TIME_LIMIT,95671,0,0,38,17
5,12,1.268415e6,-1.7191790128155378,-1.0931610449562763,TIME_LIMIT,95703,0,0,22,10
5,12,1.268946e6,-1.7191790128155378,-1.0931610449562763,TIME_LIMIT,95734,0,0,44,30
5,12,1.269499e6,-1.719170487121762,-1.0931610449562763,TIME_LIMIT,95785,0,0,26,13
5,12,1.270033e6,-1.719170487121762,-1.0931610449562763,TIME_LIMIT,95821,0,0,26,23
5,12,1.27055e6,-1.719153362941668,-1.0931610449562763,TIME_LIMIT,95868,0,0,13,14
5,12,1.271115e6,-1.719153362941668,-1.0931610449562763,TIME_LIMIT,95901,0,0,32,35
5,12,1.271633e6,-1.7191365893729735,-1.0931610449562763,TIME_LIMIT,95954,0,0,31,17
5,12,1.272163e6,-1.7191365893729735,-1.0931610449562763,TIME_LIMIT,95990,0,0,29,15
5,12,1.272683e6,-1.719119957063933,-1.0931610449562763,TIME_LIMIT,96025,0,0,31,22
5,12,1.273243e6,-1.719119957063933,-1.0931610449562763,TIME_LIMIT,96062,0,0,30,9
5,12,1.273761e6,-1.7190163928294393,-1.0931610449562763,TIME_LIMIT,96092,0,0,25,10
5,12,1.27433e6,-1.7190163928294393,-1.0931610449562763,TIME_LIMIT,96122,0,0,45,35
5,12,1.274893e6,-1.7190066164260402,-1.0931610449562763,TIME_LIMIT,96168,0,0,30,10
5,12,1.275429e6,-1.7190066164260402,-1.0931610449562763,TIME_LIMIT,96204,0,0,32,26
5,12,1.275947e6,-1.7190053483980012,-1.0931610449562763,TIME_LIMIT,96261,0,0,14,12
5,12,1.276465e6,-1.7190053483980012,-1.0931610449562763,TIME_LIMIT,96299,0,0,25,15
5,12,1.276873e6,-1.7189248433865356,-1.0931610449562763,TIME_LIMIT,96340,0,0,29,16
5,12,1.277393e6,-1.7189248433865356,-1.0931610449562763,TIME_LIMIT,96375,0,0,42,22
5,12,1.278074e6,-1.7189135645888374,-1.0931610449562763,TIME_LIMIT,96421,0,0,24,19
5,12,1.278752e6,-1.7189135645888374,-1.0931610449562763,TIME_LIMIT,96444,0,0,17,10
5,12,1.279418e6,-1.7188913083263933,-1.0931610449562763,TIME_LIMIT,96492,0,0,27,7
5,12,1.279973e6,-1.7188913083263933,-1.0931610449562763,TIME_LIMIT,96529,0,0,43,33
5,12,1.280535e6,-1.7188612564816739,-1.0931610449562763,TIME_LIMIT,96583,0,0,32,23
5,12,1.281098e6,-1.7188612564816739,-1.0931610449562763,TIME_LIMIT,96617,0,0,45,30
5,12,1.281636e6,-1.7188357756433112,-1.0931610449562763,TIME_LIMIT,96670,0,0,24,5
5,12,1.282163e6,-1.7188357756433112,-1.0931610449562763,TIME_LIMIT,96703,0,0,19,16
5,12,1.282724e6,-1.718719438924427,-1.0931610449562763,TIME_LIMIT,96755,0,0,34,14
5,12,1.28326e6,-1.718719438924427,-1.0931610449562763,TIME_LIMIT,96792,0,0,33,17
5,12,1.283779e6,-1.7186940980531606,-1.0931610449562763,TIME_LIMIT,96832,0,0,26,6
5,12,1.284326e6,-1.7186940980531606,-1.0931610449562763,TIME_LIMIT,96866,0,0,47,42
5,12,1.284861e6,-1.7186919405231025,-1.0931610449562763,TIME_LIMIT,96922,0,0,36,15
5,12,1.285394e6,-1.7186919405231025,-1.0931610449562763,TIME_LIMIT,96956,0,0,46,18
5,12,1.285913e6,-1.7186873489022316,-1.0931610449562763,TIME_LIMIT,97005,0,0,22,11
5,12,1.286471e6,-1.7186873489022316,-1.0931610449562763,TIME_LIMIT,97040,0,0,29,23
5,12,1.286996e6,-1.7185860720891462,-1.0931610449562763,TIME_LIMIT,97094,0,0,34,14
5,12,1.28751e6,-1.7185860720891462,-1.0931610449562763,TIME_LIMIT,97124,0,0,27,16
5,12,1.288038e6,-1.7185806462417388,-1.0931610449562763,TIME_LIMIT,97157,0,0,12,8
5,12,1.288601e6,-1.7185806462417388,-1.0931610449562763,TIME_LIMIT,97191,0,0,41,24
5,12,1.289118e6,-1.7185716248816447,-1.0931610449562763,TIME_LIMIT,97245,0,0,27,12
5,12,1.289637e6,-1.7185716248816447,-1.0931610449562763,TIME_LIMIT,97282,0,0,35,19
5,12,1.29017e6,-1.7185560134281708,-1.0931610449562763,TIME_LIMIT,97320,0,0,32,24
5,12,1.290687e6,-1.7185560134281708,-1.0931610449562763,TIME_LIMIT,97360,0,0,28,15
5,12,1.291298e6,-1.7185553167398229,-1.0931610449562763,TIME_LIMIT,97394,0,0,32,23
5,12,1.291972e6,-1.7185553167398229,-1.0931610449562763,TIME_LIMIT,97432,0,0,43,25
5,12,1.292665e6,-1.7185475687837575,-1.0931610449562763,TIME_LIMIT,97469,0,0,30,23
5,12,1.293263e6,-1.7185475687837575,-1.0931610449562763,TIME_LIMIT,97504,0,0,31,13
5,12,1.293808e6,-1.7185256683205408,-1.0931610449562763,TIME_LIMIT,97539,0,0,28,20
5,12,1.29435e6,-1.7185256683205408,-1.0931610449562763,TIME_LIMIT,97568,0,0,41,18
5,12,1.294885e6,-1.7184728928571464,-1.0931610449562763,TIME_LIMIT,97615,0,0,26,20
5,12,1.295434e6,-1.7184728928571464,-1.0931610449562763,TIME_LIMIT,97654,0,0,32,19
5,12,1.295957e6,-1.7184199436872072,-1.0931610449562763,TIME_LIMIT,97689,0,0,21,14
5,12,1.296483e6,-1.7184199436872072,-1.0931610449562763,TIME_LIMIT,97721,0,0,34,16
5,12,1.297045e6,-1.7183885806637362,-1.0931610449562763,TIME_LIMIT,97770,0,0,32,18
5,12,1.297582e6,-1.7183885806637362,-1.0931610449562763,TIME_LIMIT,97801,0,0,33,27
5,12,1.298099e6,-1.7183679583033653,-1.0931610449562763,TIME_LIMIT,97852,0,0,17,7
5,12,1.298647e6,-1.7183679583033653,-1.0931610449562763,TIME_LIMIT,97886,0,0,25,27
5,12,1.299176e6,-1.7182909266630408,-1.0931610449562763,TIME_LIMIT,97935,0,0,22,16
5,12,1.299707e6,-1.7182909266630408,-1.0931610449562763,TIME_LIMIT,97967,0,0,33,22
5,12,1.300226e6,-1.7182809361952274,-1.0931610449562763,TIME_LIMIT,98019,0,0,34,19
5,12,1.300788e6,-1.7182809361952274,-1.0931610449562763,TIME_LIMIT,98052,0,0,31,33
5,12,1.301306e6,-1.7182751700649463,-1.0931610449562763,TIME_LIMIT,98108,0,0,35,16
5,12,1.301822e6,-1.7182751700649463,-1.0931610449562763,TIME_LIMIT,98150,0,0,27,9
5,12,1.302353e6,-1.718272091806813,-1.0931610449562763,TIME_LIMIT,98178,0,0,30,15
5,12,1.302915e6,-1.718272091806813,-1.0931610449562763,TIME_LIMIT,98214,0,0,36,18
5,12,1.303433e6,-1.7182626905268517,-1.0931610449562763,TIME_LIMIT,98250,0,0,30,26
5,12,1.303949e6,-1.7182626905268517,-1.0931610449562763,TIME_LIMIT,98285,0,0,20,8
5,12,1.304424e6,-1.7182541124850321,-1.0931610449562763,TIME_LIMIT,98324,0,0,14,19
5,12,1.304958e6,-1.7182541124850321,-1.0931610449562763,TIME_LIMIT,98350,0,0,37,23
5,12,1.305565e6,-1.7182210756771121,-1.0931610449562763,TIME_LIMIT,98403,0,0,23,7
5,12,1.306235e6,-1.7182210756771121,-1.0931610449562763,TIME_LIMIT,98443,0,0,42,23
5,12,1.306905e6,-1.7182067508748622,-1.0931610449562763,TIME_LIMIT,98478,0,0,31,16
5,12,1.307533e6,-1.7182067508748622,-1.0931610449562763,TIME_LIMIT,98510,0,0,41,63
5,12,1.308083e6,-1.7181365331288032,-1.0931610449562763,TIME_LIMIT,98565,0,0,36,15
5,12,1.308627e6,-1.7181365331288032,-1.0931610449562763,TIME_LIMIT,98595,0,0,39,22
5,12,1.309161e6,-1.7181146504338831,-1.0931610449562763,TIME_LIMIT,98642,0,0,15,3
5,12,1.309707e6,-1.7181146504338831,-1.0931610449562763,TIME_LIMIT,98681,0,0,31,18
5,12,1.310236e6,-1.7181056086728739,-1.0931610449562763,TIME_LIMIT,98720,0,0,27,10
5,12,1.310761e6,-1.7181056086728739,-1.0931610449562763,TIME_LIMIT,98756,0,0,29,10
5,12,1.311318e6,-1.7180345031266364,-1.0931610449562763,TIME_LIMIT,98788,0,0,32,18
5,12,1.311845e6,-1.7180345031266364,-1.0931610449562763,TIME_LIMIT,98817,0,0,44,35
5,12,1.312379e6,-1.7179456350309876,-1.0931610449562763,TIME_LIMIT,98870,0,0,30,16
5,12,1.312809e6,-1.7179456350309876,-1.0931610449562763,TIME_LIMIT,98905,0,0,46,19
5,12,1.31337e6,-1.7179149112405192,-1.0931610449562763,TIME_LIMIT,98955,0,0,19,10
5,12,1.313891e6,-1.7179149112405192,-1.0931610449562763,TIME_LIMIT,98992,0,0,39,31
5,12,1.31441e6,-1.717878422649467,-1.0931610449562763,TIME_LIMIT,99045,0,0,12,11
5,12,1.31495e6,-1.717878422649467,-1.0931610449562763,TIME_LIMIT,99077,0,0,20,7
5,12,1.315503e6,-1.7178155263538182,-1.0931610449562763,TIME_LIMIT,99136,0,0,29,15
5,12,1.316022e6,-1.7178155263538182,-1.0931610449562763,TIME_LIMIT,99166,0,0,37,15
5,12,1.31654e6,-1.7178091067465417,-1.0931610449562763,TIME_LIMIT,99219,0,0,23,4
5,12,1.3171e6,-1.7178091067465417,-1.0931610449562763,TIME_LIMIT,99258,0,0,20,13
5,12,1.317632e6,-1.7178028065284048,-1.0931610449562763,TIME_LIMIT,99298,0,0,39,24
5,12,1.318152e6,-1.7178028065284048,-1.0931610449562763,TIME_LIMIT,99335,0,0,43,17
5,12,1.31867e6,-1.7177565671350548,-1.0931610449562763,TIME_LIMIT,99381,0,0,27,16
5,12,1.319186e6,-1.7177565671350548,-1.0931610449562763,TIME_LIMIT,99410,0,0,18,17
5,12,1.31976e6,-1.717685329157054,-1.0931610449562763,TIME_LIMIT,99459,0,0,17,8
5,12,1.320455e6,-1.717685329157054,-1.0931610449562763,TIME_LIMIT,99487,0,0,44,47
5,12,1.321116e6,-1.717619844245153,-1.0931610449562763,TIME_LIMIT,99538,0,0,26,20
5,12,1.321742e6,-1.717619844245153,-1.0931610449562763,TIME_LIMIT,99566,0,0,20,31
5,12,1.322295e6,-1.7175888323919934,-1.0931610449562763,TIME_LIMIT,99607,0,0,20,7
5,12,1.322652e6,-1.7175888323919934,-1.0931610449562763,TIME_LIMIT,99640,0,0,39,26
5,12,1.323192e6,-1.7175886889471563,-1.0931610449562763,TIME_LIMIT,99688,0,0,25,14
5,12,1.323727e6,-1.7175886889471563,-1.0931610449562763,TIME_LIMIT,99719,0,0,40,35
5,12,1.324254e6,-1.7175707187357818,-1.0931610449562763,TIME_LIMIT,99768,0,0,27,16
5,12,1.324836e6,-1.7175707187357818,-1.0931610449562763,TIME_LIMIT,99800,0,0,31,23
5,12,1.325355e6,-1.7175296795547688,-1.0931610449562763,TIME_LIMIT,99851,0,0,12,6
5,12,1.325872e6,-1.7175296795547688,-1.0931610449562763,TIME_LIMIT,99886,0,0,22,10
5,12,1.326431e6,-1.7174999973831675,-1.0931610449562763,TIME_LIMIT,99928,0,0,24,17
5,12,1.326969e6,-1.7174999973831675,-1.0931610449562763,TIME_LIMIT,99966,0,0,16,15
5,12,1.327485e6,-1.7174671476942855,-1.0931610449562763,TIME_LIMIT,100003,0,0,28,20
5,12,1.328005e6,-1.7174671476942855,-1.0931610449562763,TIME_LIMIT,100036,0,0,34,30
5,12,1.328566e6,-1.7174643297856587,-1.0931610449562763,TIME_LIMIT,100084,0,0,22,14
5,12,1.329082e6,-1.7174643297856587,-1.0931610449562763,TIME_LIMIT,100124,0,0,40,22
5,12,1.329617e6,-1.7174231732374765,-1.0931610449562763,TIME_LIMIT,100160,0,0,16,10
5,12,1.330137e6,-1.7174231732374765,-1.0931610449562763,TIME_LIMIT,100191,0,0,29,22
5,12,1.330696e6,-1.717412515063405,-1.0931610449562763,TIME_LIMIT,100244,0,0,30,12
5,12,1.331172e6,-1.717412515063405,-1.0931610449562763,TIME_LIMIT,100288,0,0,43,25
5,12,1.331691e6,-1.71740179485425,-1.0931610449562763,TIME_LIMIT,100341,0,0,27,16
5,12,1.332225e6,-1.71740179485425,-1.0931610449562763,TIME_LIMIT,100376,0,0,30,10
5,12,1.332744e6,-1.7173925401834589,-1.0931610449562763,TIME_LIMIT,100425,0,0,31,12
5,12,1.333361e6,-1.7173925401834589,-1.0931610449562763,TIME_LIMIT,100460,0,0,42,26
5,12,1.334035e6,-1.717327330993655,-1.0931610449562763,TIME_LIMIT,100519,0,0,30,12
5,12,1.334634e6,-1.717327330993655,-1.0931610449562763,TIME_LIMIT,100558,0,0,37,17
5,12,1.335263e6,-1.7172652649287932,-1.0931610449562763,TIME_LIMIT,100602,0,0,26,18
5,12,1.335818e6,-1.7172652649287932,-1.0931610449562763,TIME_LIMIT,100632,0,0,23,18
5,12,1.336364e6,-1.7172154110601368,-1.0931610449562763,TIME_LIMIT,100684,0,0,31,9
5,12,1.336909e6,-1.7172154110601368,-1.0931610449562763,TIME_LIMIT,100731,0,0,48,21
5,12,1.337443e6,-1.7171802988063665,-1.0931610449562763,TIME_LIMIT,100776,0,0,32,23
5,12,1.337988e6,-1.7171802988063665,-1.0931610449562763,TIME_LIMIT,100809,0,0,40,37
5,12,1.338549e6,-1.7171214182305488,-1.0931610449562763,TIME_LIMIT,100863,0,0,18,15
5,12,1.339074e6,-1.7171214182305488,-1.0931610449562763,TIME_LIMIT,100887,0,0,32,23
5,12,1.339591e6,-1.7171195858533614,-1.0931610449562763,TIME_LIMIT,100936,0,0,20,11
5,12,1.340169e6,-1.7171195858533614,-1.0931610449562763,TIME_LIMIT,100961,0,0,30,22
5,12,1.340707e6,-1.7169883224306028,-1.0931610449562763,TIME_LIMIT,101008,0,0,25,16
5,12,1.341225e6,-1.7169883224306028,-1.0931610449562763,TIME_LIMIT,101049,0,0,39,15
5,12,1.341743e6,-1.7169761341818544,-1.0931610449562763,TIME_LIMIT,101078,0,0,32,14
5,12,1.342304e6,-1.7169761341818544,-1.0931610449562763,TIME_LIMIT,101117,0,0,36,25
5,12,1.34284e6,-1.716963889024098,-1.0931610449562763,TIME_LIMIT,101154,0,0,33,15
5,12,1.343359e6,-1.716963889024098,-1.0931610449562763,TIME_LIMIT,101182,0,0,36,15
5,12,1.343876e6,-1.7168981835412416,-1.0931610449562763,TIME_LIMIT,101230,0,0,29,13
5,12,1.344438e6,-1.7168981835412416,-1.0931610449562763,TIME_LIMIT,101259,0,0,40,32
5,12,1.344972e6,-1.7168895988048438,-1.0931610449562763,TIME_LIMIT,101298,0,0,20,11
5,12,1.34549e6,-1.7168895988048438,-1.0931610449562763,TIME_LIMIT,101329,0,0,18,29
5,12,1.346015e6,-1.716857401073527,-1.0931610449562763,TIME_LIMIT,101359,0,0,37,17
5,12,1.346572e6,-1.716857401073527,-1.0931610449562763,TIME_LIMIT,101398,0,0,33,13
5,12,1.347216e6,-1.7168277145013944,-1.0931610449562763,TIME_LIMIT,101447,0,0,27,14
5,12,1.347913e6,-1.7168277145013944,-1.0931610449562763,TIME_LIMIT,101477,0,0,49,33
5,12,1.348575e6,-1.7168247153550105,-1.0931610449562763,TIME_LIMIT,101533,0,0,32,8
5,12,1.34915e6,-1.7168247153550105,-1.0931610449562763,TIME_LIMIT,101563,0,0,17,25
5,12,1.349698e6,-1.7168236389382039,-1.0931610449562763,TIME_LIMIT,101611,0,0,16,12
5,12,1.350258e6,-1.7168236389382039,-1.0931610449562763,TIME_LIMIT,101643,0,0,31,13
5,12,1.350791e6,-1.7168055471194523,-1.0931610449562763,TIME_LIMIT,101696,0,0,30,17
5,12,1.351323e6,-1.7168055471194523,-1.0931610449562763,TIME_LIMIT,101730,0,0,18,11
5,12,1.351872e6,-1.7168044512577074,-1.0931610449562763,TIME_LIMIT,101759,0,0,20,8
5,12,1.352476e6,-1.7168044512577074,-1.0931610449562763,TIME_LIMIT,101790,0,0,43,37
5,12,1.352994e6,-1.7167442407181392,-1.0931610449562763,TIME_LIMIT,101842,0,0,20,13
5,12,1.353507e6,-1.7167442407181392,-1.0931610449562763,TIME_LIMIT,101879,0,0,35,16
5,12,1.353898e6,-1.7167239597492123,-1.0931610449562763,TIME_LIMIT,101912,0,0,24,9
5,12,1.35427e6,-1.7167239597492123,-1.0931610449562763,TIME_LIMIT,101939,0,0,38,18
5,12,1.354788e6,-1.7166947659121425,-1.0931610449562763,TIME_LIMIT,101990,0,0,18,14
5,12,1.355304e6,-1.7166947659121425,-1.0931610449562763,TIME_LIMIT,102019,0,0,32,18
5,12,1.355883e6,-1.716639270601357,-1.0931610449562763,TIME_LIMIT,102067,0,0,23,7
5,12,1.356403e6,-1.716639270601357,-1.0931610449562763,TIME_LIMIT,102107,0,0,37,19
5,12,1.35692e6,-1.7165382639248854,-1.0931610449562763,TIME_LIMIT,102136,0,0,16,7
5,12,1.357458e6,-1.7165382639248854,-1.0931610449562763,TIME_LIMIT,102173,0,0,32,25
5,12,1.358013e6,-1.7165129929848624,-1.0931610449562763,TIME_LIMIT,102217,0,0,21,9
5,12,1.358545e6,-1.7165129929848624,-1.0931610449562763,TIME_LIMIT,102247,0,0,47,34
5,12,1.359064e6,-1.7164781415671755,-1.0931610449562763,TIME_LIMIT,102296,0,0,31,7
5,12,1.359583e6,-1.7164781415671755,-1.0931610449562763,TIME_LIMIT,102324,0,0,33,24
5,12,1.360111e6,-1.716447268347173,-1.0931610449562763,TIME_LIMIT,102375,0,0,21,9
5,12,1.360805e6,-1.716447268347173,-1.0931610449562763,TIME_LIMIT,102407,0,0,25,27
5,12,1.361475e6,-1.716436285940558,-1.0931610449562763,TIME_LIMIT,102458,0,0,31,30
5,12,1.362132e6,-1.716436285940558,-1.0931610449562763,TIME_LIMIT,102487,0,0,42,26
5,12,1.362624e6,-1.7164345521255988,-1.0931610449562763,TIME_LIMIT,102545,0,0,35,7
5,12,1.363174e6,-1.7164345521255988,-1.0931610449562763,TIME_LIMIT,102570,0,0,24,11
5,12,1.363715e6,-1.716372928283147,-1.0931610449562763,TIME_LIMIT,102618,0,0,25,6
5,12,1.36427e6,-1.716372928283147,-1.0931610449562763,TIME_LIMIT,102646,0,0,24,19
5,12,1.3648e6,-1.7163686243259644,-1.0931610449562763,TIME_LIMIT,102696,0,0,27,10
5,12,1.365364e6,-1.7163686243259644,-1.0931610449562763,TIME_LIMIT,102728,0,0,42,28
5,12,1.365882e6,-1.7162674787744647,-1.0931610449562763,TIME_LIMIT,102778,0,0,17,7
5,12,1.366402e6,-1.7162674787744647,-1.0931610449562763,TIME_LIMIT,102819,0,0,36,41
5,12,1.366961e6,-1.7162251323540487,-1.0931610449562763,TIME_LIMIT,102870,0,0,34,26
5,12,1.367498e6,-1.7162251323540487,-1.0931610449562763,TIME_LIMIT,102904,0,0,29,15
5,12,1.367995e6,-1.7161323829865192,-1.0931610449562763,TIME_LIMIT,102958,0,0,35,14
5,12,1.368512e6,-1.7161323829865192,-1.0931610449562763,TIME_LIMIT,103000,0,0,39,12
5,12,1.368875e6,-1.7160728715216114,-1.0931610449562763,TIME_LIMIT,103040,0,0,35,18
5,12,1.369438e6,-1.7160728715216114,-1.0931610449562763,TIME_LIMIT,103067,0,0,35,30
5,12,1.369952e6,-1.7160609555244968,-1.0931610449562763,TIME_LIMIT,103125,0,0,30,15
5,12,1.37047e6,-1.7160609555244968,-1.0931610449562763,TIME_LIMIT,103162,0,0,25,19
5,12,1.371027e6,-1.7160357117688347,-1.0931610449562763,TIME_LIMIT,103193,0,0,18,12
5,12,1.371563e6,-1.7160357117688347,-1.0931610449562763,TIME_LIMIT,103224,0,0,40,11
5,12,1.372079e6,-1.7160129310028622,-1.0931610449562763,TIME_LIMIT,103271,0,0,30,14
5,12,1.372597e6,-1.7160129310028622,-1.0931610449562763,TIME_LIMIT,103300,0,0,25,30
5,12,1.373115e6,-1.7159712102767615,-1.0931610449562763,TIME_LIMIT,103351,0,0,31,14
5,12,1.373666e6,-1.7159712102767615,-1.0931610449562763,TIME_LIMIT,103383,0,0,37,12
5,12,1.374333e6,-1.7158967210213016,-1.0931610449562763,TIME_LIMIT,103435,0,0,27,14
5,12,1.374998e6,-1.7158967210213016,-1.0931610449562763,TIME_LIMIT,103470,0,0,39,21
5,12,1.375646e6,-1.7158423005269081,-1.0931610449562763,TIME_LIMIT,103515,0,0,24,13
5,12,1.376008e6,-1.7158423005269081,-1.0931610449562763,TIME_LIMIT,103547,0,0,33,10
5,12,1.376563e6,-1.7158374817234348,-1.0931610449562763,TIME_LIMIT,103603,0,0,35,12
5,12,1.377107e6,-1.7158374817234348,-1.0931610449562763,TIME_LIMIT,103633,0,0,27,21
5,12,1.377648e6,-1.7158368245356845,-1.0931610449562763,TIME_LIMIT,103678,0,0,32,15
5,12,1.378179e6,-1.7158368245356845,-1.0931610449562763,TIME_LIMIT,103720,0,0,44,25
5,12,1.378748e6,-1.7158341402391184,-1.0931610449562763,TIME_LIMIT,103771,0,0,30,13
5,12,1.37928e6,-1.7158341402391184,-1.0931610449562763,TIME_LIMIT,103803,0,0,10,11
5,12,1.379795e6,-1.7158312981676656,-1.0931610449562763,TIME_LIMIT,103842,0,0,24,12
5,12,1.380341e6,-1.7158312981676656,-1.0931610449562763,TIME_LIMIT,103876,0,0,47,27
5,12,1.380892e6,-1.7158293908591467,-1.0931610449562763,TIME_LIMIT,103925,0,0,17,4
5,12,1.381411e6,-1.7158293908591467,-1.0931610449562763,TIME_LIMIT,103964,0,0,35,11
5,12,1.38193e6,-1.715791900114364,-1.0931610449562763,TIME_LIMIT,104007,0,0,34,19
5,12,1.382477e6,-1.715791900114364,-1.0931610449562763,TIME_LIMIT,104041,0,0,28,23
5,12,1.383014e6,-1.7157781716875824,-1.0931610449562763,TIME_LIMIT,104091,0,0,31,13
5,12,1.383548e6,-1.7157781716875824,-1.0931610449562763,TIME_LIMIT,104119,0,0,47,25
5,12,1.384068e6,-1.7157231676173499,-1.0931610449562763,TIME_LIMIT,104177,0,0,35,10
5,12,1.384586e6,-1.7157231676173499,-1.0931610449562763,TIME_LIMIT,104212,0,0,25,19
5,12,1.385108e6,-1.7157003547176668,-1.0931610449562763,TIME_LIMIT,104258,0,0,30,8
5,12,1.385785e6,-1.7157003547176668,-1.0931610449562763,TIME_LIMIT,104291,0,0,30,25
5,12,1.38647e6,-1.715694451030648,-1.0931610449562763,TIME_LIMIT,104345,0,0,34,12
5,12,1.387121e6,-1.715694451030648,-1.0931610449562763,TIME_LIMIT,104375,0,0,27,12
5,12,1.387682e6,-1.7156860791006034,-1.0931610449562763,TIME_LIMIT,104425,0,0,28,15
5,12,1.388235e6,-1.7156860791006034,-1.0931610449562763,TIME_LIMIT,104460,0,0,51,29
5,12,1.388777e6,-1.71566140173,-1.0931610449562763,TIME_LIMIT,104514,0,0,37,23
5,12,1.389329e6,-1.71566140173,-1.0931610449562763,TIME_LIMIT,104542,0,0,24,35
5,12,1.389857e6,-1.7156415710743345,-1.0931610449562763,TIME_LIMIT,104594,0,0,18,8
5,12,1.390422e6,-1.7156415710743345,-1.0931610449562763,TIME_LIMIT,104622,0,0,40,12
5,12,1.39094e6,-1.7156378061718387,-1.0931610449562763,TIME_LIMIT,104674,0,0,35,6
5,12,1.391459e6,-1.7156378061718387,-1.0931610449562763,TIME_LIMIT,104700,0,0,31,25
5,12,1.392037e6,-1.7156060039946213,-1.0931610449562763,TIME_LIMIT,104749,0,0,29,18
5,12,1.392555e6,-1.7156060039946213,-1.0931610449562763,TIME_LIMIT,104785,0,0,34,19
5,12,1.393074e6,-1.7155650934154163,-1.0931610449562763,TIME_LIMIT,104821,0,0,32,17
5,12,1.39359e6,-1.7155650934154163,-1.0931610449562763,TIME_LIMIT,104852,0,0,20,16
5,12,1.394167e6,-1.7155182555836312,-1.0931610449562763,TIME_LIMIT,104901,0,0,27,11
5,12,1.394687e6,-1.7155182555836312,-1.0931610449562763,TIME_LIMIT,104927,0,0,45,44
5,12,1.395205e6,-1.7154883336978117,-1.0931610449562763,TIME_LIMIT,104985,0,0,15,12
5,12,1.395503e6,-1.7154883336978117,-1.0931610449562763,TIME_LIMIT,105012,0,0,18,6
5,12,1.396065e6,-1.7154738143899402,-1.0931610449562763,TIME_LIMIT,105059,0,0,32,9
5,12,1.396602e6,-1.7154738143899402,-1.0931610449562763,TIME_LIMIT,105095,0,0,32,47
5,12,1.397122e6,-1.715437411206068,-1.0931610449562763,TIME_LIMIT,105150,0,0,27,12
5,12,1.397513e6,-1.715437411206068,-1.0931610449562763,TIME_LIMIT,105177,0,0,27,13
5,12,1.398032e6,-1.71542779986414,-1.0931610449562763,TIME_LIMIT,105226,0,0,23,8
5,12,1.39857e6,-1.71542779986414,-1.0931610449562763,TIME_LIMIT,105263,0,0,21,11
5,12,1.399243e6,-1.7154084375169938,-1.0931610449562763,TIME_LIMIT,105314,0,0,12,7
5,12,1.399908e6,-1.7154084375169938,-1.0931610449562763,TIME_LIMIT,105358,0,0,33,21
5,12,1.400579e6,-1.7153821354955592,-1.0931610449562763,TIME_LIMIT,105396,0,0,21,4
5,12,1.401136e6,-1.7153821354955592,-1.0931610449562763,TIME_LIMIT,105434,0,0,37,32
5,12,1.401683e6,-1.7153642729110767,-1.0931610449562763,TIME_LIMIT,105491,0,0,17,9
5,12,1.402183e6,-1.7153642729110767,-1.0931610449562763,TIME_LIMIT,105527,0,0,44,20
5,12,1.402717e6,-1.7152790450696178,-1.0931610449562763,TIME_LIMIT,105580,0,0,33,10
5,12,1.403243e6,-1.7152790450696178,-1.0931610449562763,TIME_LIMIT,105613,0,0,30,15
5,12,1.403786e6,-1.7152711776649463,-1.0931610449562763,TIME_LIMIT,105669,0,0,34,13
5,12,1.404311e6,-1.7152711776649463,-1.0931610449562763,TIME_LIMIT,105701,0,0,34,24
5,12,1.404871e6,-1.7152079457966998,-1.0931610449562763,TIME_LIMIT,105745,0,0,23,7
5,12,1.405391e6,-1.7152079457966998,-1.0931610449562763,TIME_LIMIT,105782,0,0,22,16
5,12,1.40591e6,-1.715206955094288,-1.0931610449562763,TIME_LIMIT,105829,0,0,15,4
5,12,1.406404e6,-1.715206955094288,-1.0931610449562763,TIME_LIMIT,105855,0,0,30,27
5,12,1.406939e6,-1.7151401192004014,-1.0931610449562763,TIME_LIMIT,105905,0,0,32,30
5,12,1.40746e6,-1.7151401192004014,-1.0931610449562763,TIME_LIMIT,105942,0,0,32,13
5,12,1.407718e6,-1.7151067977952352,-1.0931610449562763,TIME_LIMIT,105972,0,0,29,16
5,12,1.408274e6,-1.7151067977952352,-1.0931610449562763,TIME_LIMIT,106006,0,0,55,28
5,12,1.408799e6,-1.7150241830796686,-1.0931610449562763,TIME_LIMIT,106060,0,0,37,11
5,12,1.40922e6,-1.7150241830796686,-1.0931610449562763,TIME_LIMIT,106101,0,0,33,14
5,12,1.409665e6,-1.7149380252310387,-1.0931610449562763,TIME_LIMIT,106133,0,0,23,16
5,12,1.410217e6,-1.7149380252310387,-1.0931610449562763,TIME_LIMIT,106172,0,0,31,10
5,12,1.410702e6,-1.7149183253166362,-1.0931610449562763,TIME_LIMIT,106208,0,0,22,3
5,12,1.411219e6,-1.7149183253166362,-1.0931610449562763,TIME_LIMIT,106240,0,0,38,29
5,12,1.411754e6,-1.7148965221646606,-1.0931610449562763,TIME_LIMIT,106289,0,0,16,10
5,12,1.412056e6,-1.7148965221646606,-1.0931610449562763,TIME_LIMIT,106317,0,0,30,15
5,12,1.412578e6,-1.7148854756239025,-1.0931610449562763,TIME_LIMIT,106370,0,0,36,14
5,12,1.413213e6,-1.7148854756239025,-1.0931610449562763,TIME_LIMIT,106391,0,0,31,21
5,12,1.413886e6,-1.7148662927942488,-1.0931610449562763,TIME_LIMIT,106441,0,0,24,20
5,12,1.414567e6,-1.7148662927942488,-1.0931610449562763,TIME_LIMIT,106469,0,0,32,30
5,12,1.415158e6,-1.7148545433530642,-1.0931610449562763,TIME_LIMIT,106525,0,0,28,15
5,12,1.415716e6,-1.7148545433530642,-1.0931610449562763,TIME_LIMIT,106563,0,0,28,31
5,12,1.416267e6,-1.7147306166461078,-1.0931610449562763,TIME_LIMIT,106615,0,0,25,10
5,12,1.416809e6,-1.7147306166461078,-1.0931610449562763,TIME_LIMIT,106642,0,0,22,18
5,12,1.417361e6,-1.7146865020765314,-1.0931610449562763,TIME_LIMIT,106694,0,0,17,9
5,12,1.417915e6,-1.7146865020765314,-1.0931610449562763,TIME_LIMIT,106734,0,0,36,24
5,12,1.41848e6,-1.7146584784822099,-1.0931610449562763,TIME_LIMIT,106786,0,0,28,23
5,12,1.418997e6,-1.7146584784822099,-1.0931610449562763,TIME_LIMIT,106821,0,0,20,11
5,12,1.419408e6,-1.7146428047639597,-1.0931610449562763,TIME_LIMIT,106860,0,0,13,2
5,12,1.419958e6,-1.7146428047639597,-1.0931610449562763,TIME_LIMIT,106885,0,0,38,36
5,12,1.420476e6,-1.7146330603316606,-1.0931610449562763,TIME_LIMIT,106942,0,0,37,10
5,12,1.421012e6,-1.7146330603316606,-1.0931610449562763,TIME_LIMIT,106976,0,0,26,16
5,12,1.42155e6,-1.714511906284144,-1.0931610449562763,TIME_LIMIT,107030,0,0,18,3
5,12,1.422096e6,-1.714511906284144,-1.0931610449562763,TIME_LIMIT,107063,0,0,33,15
5,12,1.422613e6,-1.714491275413321,-1.0931610449562763,TIME_LIMIT,107117,0,0,28,12
5,12,1.423131e6,-1.714491275413321,-1.0931610449562763,TIME_LIMIT,107151,0,0,23,31
5,12,1.423708e6,-1.7144656145598454,-1.0931610449562763,TIME_LIMIT,107200,0,0,20,6
5,12,1.424234e6,-1.7144656145598454,-1.0931610449562763,TIME_LIMIT,107233,0,0,25,19
5,12,1.424792e6,-1.7144597959456138,-1.0931610449562763,TIME_LIMIT,107280,0,0,27,13
5,12,1.425309e6,-1.7144597959456138,-1.0931610449562763,TIME_LIMIT,107304,0,0,16,16
5,12,1.425827e6,-1.7144141616505757,-1.0931610449562763,TIME_LIMIT,107359,0,0,22,8
5,12,1.42642e6,-1.7144141616505757,-1.0931610449562763,TIME_LIMIT,107393,0,0,37,28
5,12,1.427093e6,-1.714414146802941,-1.0931610449562763,TIME_LIMIT,107448,0,0,33,14
5,12,1.427757e6,-1.714414146802941,-1.0931610449562763,TIME_LIMIT,107470,0,0,36,22
5,12,1.428389e6,-1.7143958545305351,-1.0931610449562763,TIME_LIMIT,107518,0,0,11,5
5,12,1.428946e6,-1.7143958545305351,-1.0931610449562763,TIME_LIMIT,107560,0,0,36,17
5,12,1.429516e6,-1.7143767488755703,-1.0931610449562763,TIME_LIMIT,107593,0,0,16,10
5,12,1.430062e6,-1.7143767488755703,-1.0931610449562763,TIME_LIMIT,107624,0,0,32,21
5,12,1.430647e6,-1.714346997259987,-1.0931610449562763,TIME_LIMIT,107680,0,0,35,16
5,12,1.431179e6,-1.714346997259987,-1.0931610449562763,TIME_LIMIT,107716,0,0,26,9
5,12,1.431498e6,-1.7143150589924436,-1.0931610449562763,TIME_LIMIT,107748,0,0,16,6
5,12,1.432059e6,-1.7143150589924436,-1.0931610449562763,TIME_LIMIT,107780,0,0,51,44
5,12,1.432579e6,-1.7143144628960387,-1.0931610449562763,TIME_LIMIT,107834,0,0,37,9
5,12,1.433097e6,-1.7143144628960387,-1.0931610449562763,TIME_LIMIT,107862,0,0,36,25
5,12,1.433658e6,-1.7143126979817571,-1.0931610449562763,TIME_LIMIT,107907,0,0,26,16
5,12,1.434195e6,-1.7143126979817571,-1.0931610449562763,TIME_LIMIT,107942,0,0,44,27
5,12,1.434715e6,-1.714262970516151,-1.0931610449562763,TIME_LIMIT,107993,0,0,30,16
5,12,1.43524e6,-1.714262970516151,-1.0931610449562763,TIME_LIMIT,108036,0,0,23,14
5,12,1.435707e6,-1.7142163257577523,-1.0931610449562763,TIME_LIMIT,108075,0,0,35,8
5,12,1.436227e6,-1.7142163257577523,-1.0931610449562763,TIME_LIMIT,108104,0,0,23,27
5,12,1.436759e6,-1.7141845194684047,-1.0931610449562763,TIME_LIMIT,108162,0,0,15,19
5,12,1.437297e6,-1.7141845194684047,-1.0931610449562763,TIME_LIMIT,108192,0,0,39,48
5,12,1.437856e6,-1.7141510622360285,-1.0931610449562763,TIME_LIMIT,108245,0,0,26,20
5,12,1.438374e6,-1.7141510622360285,-1.0931610449562763,TIME_LIMIT,108279,0,0,39,32
5,12,1.438891e6,-1.7141158569390467,-1.0931610449562763,TIME_LIMIT,108332,0,0,15,11
5,12,1.43941e6,-1.7141158569390467,-1.0931610449562763,TIME_LIMIT,108360,0,0,13,10
5,12,1.439934e6,-1.7141005167134729,-1.0931610449562763,TIME_LIMIT,108410,0,0,26,5
5,12,1.440468e6,-1.7141005167134729,-1.0931610449562763,TIME_LIMIT,108445,0,0,37,19
5,12,1.441112e6,-1.7140701180426874,-1.0931610449562763,TIME_LIMIT,108501,0,0,32,12
5,12,1.441768e6,-1.7140701180426874,-1.0931610449562763,TIME_LIMIT,108530,0,0,36,32
5,12,1.442375e6,-1.7140251734988992,-1.0931610449562763,TIME_LIMIT,108578,0,0,25,13
5,12,1.442932e6,-1.7140251734988992,-1.0931610449562763,TIME_LIMIT,108611,0,0,41,45
5,12,1.443479e6,-1.713966932241954,-1.0931610449562763,TIME_LIMIT,108668,0,0,31,20
5,12,1.444019e6,-1.713966932241954,-1.0931610449562763,TIME_LIMIT,108694,0,0,23,37
5,12,1.444558e6,-1.7139302090030408,-1.0931610449562763,TIME_LIMIT,108749,0,0,25,16
5,12,1.445102e6,-1.7139302090030408,-1.0931610449562763,TIME_LIMIT,108786,0,0,37,26
5,12,1.445647e6,-1.713930107425405,-1.0931610449562763,TIME_LIMIT,108832,0,0,25,23
5,12,1.446193e6,-1.713930107425405,-1.0931610449562763,TIME_LIMIT,108859,0,0,28,22
5,12,1.446712e6,-1.7139096981464395,-1.0931610449562763,TIME_LIMIT,108903,0,0,34,23
5,12,1.447239e6,-1.7139096981464395,-1.0931610449562763,TIME_LIMIT,108932,0,0,29,33
5,12,1.447809e6,-1.713891633971626,-1.0931610449562763,TIME_LIMIT,108979,0,0,30,10
5,12,1.448329e6,-1.713891633971626,-1.0931610449562763,TIME_LIMIT,109016,0,0,21,14
5,12,1.448848e6,-1.7138911751798873,-1.0931610449562763,TIME_LIMIT,109053,0,0,33,17
5,12,1.449386e6,-1.7138911751798873,-1.0931610449562763,TIME_LIMIT,109087,0,0,26,23
5,12,1.44993e6,-1.7138670937696316,-1.0931610449562763,TIME_LIMIT,109146,0,0,13,9
5,12,1.450465e6,-1.7138670937696316,-1.0931610449562763,TIME_LIMIT,109177,0,0,20,22
5,12,1.450986e6,-1.7138389348069916,-1.0931610449562763,TIME_LIMIT,109224,0,0,33,17
5,12,1.451552e6,-1.7138389348069916,-1.0931610449562763,TIME_LIMIT,109259,0,0,20,13
5,12,1.452069e6,-1.7138245523525206,-1.0931610449562763,TIME_LIMIT,109305,0,0,26,8
5,12,1.452589e6,-1.7138245523525206,-1.0931610449562763,TIME_LIMIT,109339,0,0,44,30
5,12,1.453124e6,-1.713795086434043,-1.0931610449562763,TIME_LIMIT,109391,0,0,26,7
5,12,1.453644e6,-1.713795086434043,-1.0931610449562763,TIME_LIMIT,109430,0,0,40,22
5,12,1.45422e6,-1.7137934625774998,-1.0931610449562763,TIME_LIMIT,109467,0,0,35,17
5,12,1.454892e6,-1.7137934625774998,-1.0931610449562763,TIME_LIMIT,109497,0,0,42,30
5,12,1.455573e6,-1.7137864194031462,-1.0931610449562763,TIME_LIMIT,109553,0,0,19,9
5,12,1.456204e6,-1.7137864194031462,-1.0931610449562763,TIME_LIMIT,109587,0,0,34,20
5,12,1.456756e6,-1.713765929879412,-1.0931610449562763,TIME_LIMIT,109633,0,0,18,13
5,12,1.457298e6,-1.713765929879412,-1.0931610449562763,TIME_LIMIT,109665,0,0,30,18
5,12,1.457836e6,-1.713761651813466,-1.0931610449562763,TIME_LIMIT,109712,0,0,14,8
5,12,1.458385e6,-1.713761651813466,-1.0931610449562763,TIME_LIMIT,109747,0,0,36,21
5,12,1.458913e6,-1.7137304200142442,-1.0931610449562763,TIME_LIMIT,109802,0,0,33,12
5,12,1.459451e6,-1.7137304200142442,-1.0931610449562763,TIME_LIMIT,109841,0,0,34,19
5,12,1.45997e6,-1.7136493326658917,-1.0931610449562763,TIME_LIMIT,109896,0,0,12,10
5,12,1.460489e6,-1.7136493326658917,-1.0931610449562763,TIME_LIMIT,109930,0,0,31,26
5,12,1.461053e6,-1.713649061463533,-1.0931610449562763,TIME_LIMIT,109989,0,0,37,14
5,12,1.461587e6,-1.713649061463533,-1.0931610449562763,TIME_LIMIT,110024,0,0,29,27
5,12,1.462107e6,-1.7136461326213255,-1.0931610449562763,TIME_LIMIT,110072,0,0,22,11
5,12,1.462628e6,-1.7136461326213255,-1.0931610449562763,TIME_LIMIT,110104,0,0,19,15
5,12,1.463189e6,-1.71359469089208,-1.0931610449562763,TIME_LIMIT,110155,0,0,15,11
5,12,1.463708e6,-1.71359469089208,-1.0931610449562763,TIME_LIMIT,110183,0,0,23,23
5,12,1.464244e6,-1.713568573331305,-1.0931610449562763,TIME_LIMIT,110242,0,0,19,8
5,12,1.464787e6,-1.713568573331305,-1.0931610449562763,TIME_LIMIT,110277,0,0,43,18
5,12,1.465326e6,-1.713423415879196,-1.0931610449562763,TIME_LIMIT,110334,0,0,20,7
5,12,1.465848e6,-1.713423415879196,-1.0931610449562763,TIME_LIMIT,110364,0,0,30,20
5,12,1.466365e6,-1.713411810253528,-1.0931610449562763,TIME_LIMIT,110416,0,0,14,6
5,12,1.466898e6,-1.713411810253528,-1.0931610449562763,TIME_LIMIT,110446,0,0,22,11
5,12,1.467439e6,-1.7133975707627673,-1.0931610449562763,TIME_LIMIT,110496,0,0,29,15
5,12,1.468114e6,-1.7133975707627673,-1.0931610449562763,TIME_LIMIT,110529,0,0,35,12
5,12,1.468778e6,-1.7133632810323915,-1.0931610449562763,TIME_LIMIT,110579,0,0,18,9
5,12,1.469429e6,-1.7133632810323915,-1.0931610449562763,TIME_LIMIT,110610,0,0,39,31
5,12,1.470003e6,-1.713304391826357,-1.0931610449562763,TIME_LIMIT,110657,0,0,28,18
5,12,1.470552e6,-1.713304391826357,-1.0931610449562763,TIME_LIMIT,110691,0,0,30,13
5,12,1.471097e6,-1.7132196053502708,-1.0931610449562763,TIME_LIMIT,110752,0,0,21,12
5,12,1.471631e6,-1.7132196053502708,-1.0931610449562763,TIME_LIMIT,110801,0,0,47,50
5,12,1.472159e6,-1.7131519032249432,-1.0931610449562763,TIME_LIMIT,110835,0,0,20,12
5,12,1.472739e6,-1.7131519032249432,-1.0931610449562763,TIME_LIMIT,110864,0,0,20,17
5,12,1.473257e6,-1.713149527600644,-1.0931610449562763,TIME_LIMIT,110914,0,0,30,19
5,12,1.473777e6,-1.713149527600644,-1.0931610449562763,TIME_LIMIT,110953,0,0,34,17
5,12,1.474338e6,-1.7131332640689314,-1.0931610449562763,TIME_LIMIT,110992,0,0,28,15
5,12,1.474858e6,-1.7131332640689314,-1.0931610449562763,TIME_LIMIT,111024,0,0,39,23
5,12,1.475391e6,-1.7130913951848932,-1.0931610449562763,TIME_LIMIT,111073,0,0,21,5
5,12,1.475912e6,-1.7130913951848932,-1.0931610449562763,TIME_LIMIT,111120,0,0,35,17
5,12,1.476474e6,-1.7130843459850273,-1.0931610449562763,TIME_LIMIT,111154,0,0,15,15
5,12,1.476893e6,-1.7130843459850273,-1.0931610449562763,TIME_LIMIT,111193,0,0,23,9
5,12,1.477412e6,-1.7129492652818763,-1.0931610449562763,TIME_LIMIT,111241,0,0,28,20
5,12,1.477933e6,-1.7129492652818763,-1.0931610449562763,TIME_LIMIT,111278,0,0,46,36
5,12,1.478494e6,-1.7129121250968604,-1.0931610449562763,TIME_LIMIT,111329,0,0,13,7
5,12,1.479034e6,-1.7129121250968604,-1.0931610449562763,TIME_LIMIT,111367,0,0,22,13
5,12,1.479557e6,-1.7128354412162767,-1.0931610449562763,TIME_LIMIT,111404,0,0,17,7
5,12,1.480078e6,-1.7128354412162767,-1.0931610449562763,TIME_LIMIT,111436,0,0,22,11
5,12,1.480598e6,-1.7127889421641205,-1.0931610449562763,TIME_LIMIT,111486,0,0,19,11
5,12,1.481219e6,-1.7127889421641205,-1.0931610449562763,TIME_LIMIT,111525,0,0,29,20
5,12,1.481909e6,-1.712770882994183,-1.0931610449562763,TIME_LIMIT,111565,0,0,38,18
5,12,1.482568e6,-1.712770882994183,-1.0931610449562763,TIME_LIMIT,111594,0,0,21,30
5,12,1.483159e6,-1.712719964587448,-1.0931610449562763,TIME_LIMIT,111643,0,0,14,20
5,12,1.48371e6,-1.712719964587448,-1.0931610449562763,TIME_LIMIT,111677,0,0,32,19
5,12,1.484252e6,-1.7127188757119358,-1.0931610449562763,TIME_LIMIT,111714,0,0,32,22
5,12,1.484795e6,-1.7127188757119358,-1.0931610449562763,TIME_LIMIT,111746,0,0,25,19
5,12,1.485339e6,-1.7126736070891821,-1.0931610449562763,TIME_LIMIT,111797,0,0,21,15
5,12,1.485885e6,-1.7126736070891821,-1.0931610449562763,TIME_LIMIT,111832,0,0,26,17
5,12,1.486425e6,-1.7126570664273708,-1.0931610449562763,TIME_LIMIT,111882,0,0,18,7
5,12,1.486946e6,-1.7126570664273708,-1.0931610449562763,TIME_LIMIT,111917,0,0,27,13
5,12,1.487477e6,-1.7125341070128206,-1.0931610449562763,TIME_LIMIT,111968,0,0,25,14
5,12,1.488043e6,-1.7125341070128206,-1.0931610449562763,TIME_LIMIT,112009,0,0,39,26
5,12,1.488563e6,-1.7124795466312999,-1.0931610449562763,TIME_LIMIT,112061,0,0,23,13
5,12,1.489086e6,-1.7124795466312999,-1.0931610449562763,TIME_LIMIT,112095,0,0,24,30
5,12,1.489619e6,-1.7124724341470767,-1.0931610449562763,TIME_LIMIT,112141,0,0,19,9
5,12,1.490165e6,-1.7124724341470767,-1.0931610449562763,TIME_LIMIT,112173,0,0,25,28
5,12,1.4907e6,-1.7124255055132755,-1.0931610449562763,TIME_LIMIT,112225,0,0,29,16
5,12,1.49122e6,-1.7124255055132755,-1.0931610449562763,TIME_LIMIT,112258,0,0,26,28
5,12,1.491763e6,-1.7124178584293102,-1.0931610449562763,TIME_LIMIT,112303,0,0,37,19
5,12,1.492298e6,-1.7124178584293102,-1.0931610449562763,TIME_LIMIT,112339,0,0,32,9
5,12,1.492815e6,-1.712408392500175,-1.0931610449562763,TIME_LIMIT,112370,0,0,10,2
5,12,1.49335e6,-1.712408392500175,-1.0931610449562763,TIME_LIMIT,112404,0,0,30,38
5,12,1.493872e6,-1.7123982995306752,-1.0931610449562763,TIME_LIMIT,112437,0,0,13,21
5,12,1.494356e6,-1.7123982995306752,-1.0931610449562763,TIME_LIMIT,112475,0,0,40,25
5,12,1.495027e6,-1.7123330409743451,-1.0931610449562763,TIME_LIMIT,112527,0,0,25,12
5,12,1.495693e6,-1.7123330409743451,-1.0931610449562763,TIME_LIMIT,112554,0,0,17,17
5,12,1.496345e6,-1.712310951130781,-1.0931610449562763,TIME_LIMIT,112603,0,0,25,11
5,12,1.496948e6,-1.712310951130781,-1.0931610449562763,TIME_LIMIT,112631,0,0,31,24
5,12,1.497497e6,-1.7122936840806022,-1.0931610449562763,TIME_LIMIT,112679,0,0,26,8
5,12,1.498036e6,-1.7122936840806022,-1.0931610449562763,TIME_LIMIT,112720,0,0,25,12
5,12,1.498574e6,-1.7122242777948435,-1.0931610449562763,TIME_LIMIT,112760,0,0,27,11
5,12,1.499106e6,-1.7122242777948435,-1.0931610449562763,TIME_LIMIT,112800,0,0,40,22
5,12,1.499685e6,-1.7121975880542215,-1.0931610449562763,TIME_LIMIT,112836,0,0,35,14
5,12,1.500205e6,-1.7121975880542215,-1.0931610449562763,TIME_LIMIT,112869,0,0,20,15
5,12,1.500705e6,-1.7121304924864067,-1.0931610449562763,TIME_LIMIT,112917,0,0,33,12
5,12,1.501265e6,-1.7121304924864067,-1.0931610449562763,TIME_LIMIT,112954,0,0,30,47
5,12,1.501783e6,-1.7121096018882718,-1.0931610449562763,TIME_LIMIT,112982,0,0,31,27
5,12,1.502304e6,-1.7121096018882718,-1.0931610449562763,TIME_LIMIT,113016,0,0,51,33
5,12,1.502876e6,-1.7121009274803456,-1.0931610449562763,TIME_LIMIT,113072,0,0,29,18
5,12,1.503442e6,-1.7121009274803456,-1.0931610449562763,TIME_LIMIT,113115,0,0,21,16
5,12,1.503963e6,-1.7120819179217843,-1.0931610449562763,TIME_LIMIT,113150,0,0,26,8
5,12,1.504484e6,-1.7120819179217843,-1.0931610449562763,TIME_LIMIT,113173,0,0,22,18
5,12,1.505014e6,-1.7120755905378677,-1.0931610449562763,TIME_LIMIT,113224,0,0,31,9
5,12,1.505564e6,-1.7120755905378677,-1.0931610449562763,TIME_LIMIT,113258,0,0,29,18
5,12,1.506084e6,-1.712014541120553,-1.0931610449562763,TIME_LIMIT,113309,0,0,13,11
5,12,1.506603e6,-1.712014541120553,-1.0931610449562763,TIME_LIMIT,113340,0,0,37,16
5,12,1.50712e6,-1.7119760324537412,-1.0931610449562763,TIME_LIMIT,113385,0,0,26,10
5,12,1.507605e6,-1.7119760324537412,-1.0931610449562763,TIME_LIMIT,113421,0,0,39,31
5,12,1.508252e6,-1.711957612976018,-1.0931610449562763,TIME_LIMIT,113474,0,0,16,11
5,12,1.508989e6,-1.711957612976018,-1.0931610449562763,TIME_LIMIT,113500,0,0,27,19
5,12,1.50966e6,-1.7119361665817763,-1.0931610449562763,TIME_LIMIT,113547,0,0,18,9
5,12,1.510227e6,-1.7119361665817763,-1.0931610449562763,TIME_LIMIT,113590,0,0,44,21
5,12,1.510777e6,-1.7118728841209618,-1.0931610449562763,TIME_LIMIT,113630,0,0,34,20
5,12,1.511322e6,-1.7118728841209618,-1.0931610449562763,TIME_LIMIT,113674,0,0,38,6
5,12,1.511877e6,-1.7118386437273296,-1.0931610449562763,TIME_LIMIT,113710,0,0,27,15
5,12,1.512407e6,-1.7118386437273296,-1.0931610449562763,TIME_LIMIT,113743,0,0,46,36
5,12,1.512933e6,-1.7118335890276895,-1.0931610449562763,TIME_LIMIT,113801,0,0,30,14
5,12,1.513501e6,-1.7118335890276895,-1.0931610449562763,TIME_LIMIT,113832,0,0,22,32
5,12,1.51393e6,-1.7118158244172805,-1.0931610449562763,TIME_LIMIT,113887,0,0,37,7
5,12,1.514449e6,-1.7118158244172805,-1.0931610449562763,TIME_LIMIT,113914,0,0,19,12
5,12,1.51497e6,-1.7117862341156533,-1.0931610449562763,TIME_LIMIT,113972,0,0,31,13
5,12,1.515505e6,-1.7117862341156533,-1.0931610449562763,TIME_LIMIT,114001,0,0,22,39
5,12,1.51604e6,-1.7117860297784413,-1.0931610449562763,TIME_LIMIT,114054,0,0,28,15
5,12,1.51656e6,-1.7117860297784413,-1.0931610449562763,TIME_LIMIT,114092,0,0,26,20
5,12,1.517122e6,-1.7117686382361355,-1.0931610449562763,TIME_LIMIT,114136,0,0,28,9
5,12,1.517642e6,-1.7117686382361355,-1.0931610449562763,TIME_LIMIT,114177,0,0,24,27
5,12,1.518159e6,-1.7117154153628416,-1.0931610449562763,TIME_LIMIT,114214,0,0,36,30
5,12,1.518677e6,-1.7117154153628416,-1.0931610449562763,TIME_LIMIT,114247,0,0,37,20
5,12,1.519256e6,-1.7117036647800055,-1.0931610449562763,TIME_LIMIT,114298,0,0,31,10
5,12,1.51973e6,-1.7117036647800055,-1.0931610449562763,TIME_LIMIT,114340,0,0,38,13
5,12,1.520251e6,-1.711669891422302,-1.0931610449562763,TIME_LIMIT,114371,0,0,21,13
5,12,1.52077e6,-1.711669891422302,-1.0931610449562763,TIME_LIMIT,114403,0,0,41,23
5,12,1.521293e6,-1.711611755633463,-1.0931610449562763,TIME_LIMIT,114460,0,0,35,17
5,12,1.521906e6,-1.711611755633463,-1.0931610449562763,TIME_LIMIT,114489,0,0,35,33
5,12,1.522599e6,-1.7116062709150048,-1.0931610449562763,TIME_LIMIT,114542,0,0,33,17
5,12,1.523256e6,-1.7116062709150048,-1.0931610449562763,TIME_LIMIT,114574,0,0,44,25
5,12,1.523854e6,-1.711602632616726,-1.0931610449562763,TIME_LIMIT,114623,0,0,31,12
5,12,1.524402e6,-1.711602632616726,-1.0931610449562763,TIME_LIMIT,114662,0,0,37,17
5,12,1.524943e6,-1.711594399158558,-1.0931610449562763,TIME_LIMIT,114700,0,0,28,12
5,12,1.525502e6,-1.711594399158558,-1.0931610449562763,TIME_LIMIT,114729,0,0,42,30
5,12,1.526031e6,-1.7115855959254762,-1.0931610449562763,TIME_LIMIT,114780,0,0,31,17
5,12,1.526561e6,-1.7115855959254762,-1.0931610449562763,TIME_LIMIT,114812,0,0,42,31
5,12,1.527126e6,-1.711581757325778,-1.0931610449562763,TIME_LIMIT,114869,0,0,35,16
5,12,1.527644e6,-1.711581757325778,-1.0931610449562763,TIME_LIMIT,114903,0,0,36,16
5,12,1.528179e6,-1.7115411787604577,-1.0931610449562763,TIME_LIMIT,114945,0,0,23,5
5,12,1.528741e6,-1.7115411787604577,-1.0931610449562763,TIME_LIMIT,114974,0,0,36,25
5,12,1.529261e6,-1.7115392355341368,-1.0931610449562763,TIME_LIMIT,115024,0,0,25,11
5,12,1.52978e6,-1.7115392355341368,-1.0931610449562763,TIME_LIMIT,115056,0,0,35,38
5,12,1.5303e6,-1.7114626501763384,-1.0931610449562763,TIME_LIMIT,115107,0,0,18,10
5,12,1.530864e6,-1.7114626501763384,-1.0931610449562763,TIME_LIMIT,115137,0,0,46,40
5,12,1.531399e6,-1.7113624760891732,-1.0931610449562763,TIME_LIMIT,115195,0,0,29,15
5,12,1.531918e6,-1.7113624760891732,-1.0931610449562763,TIME_LIMIT,115228,0,0,18,21
5,12,1.53245e6,-1.711344452741337,-1.0931610449562763,TIME_LIMIT,115264,0,0,35,21
5,12,1.532996e6,-1.711344452741337,-1.0931610449562763,TIME_LIMIT,115304,0,0,38,19
5,12,1.533515e6,-1.7113410699017595,-1.0931610449562763,TIME_LIMIT,115343,0,0,36,11
5,12,1.534051e6,-1.7113410699017595,-1.0931610449562763,TIME_LIMIT,115373,0,0,39,27
5,12,1.53457e6,-1.7113379330255518,-1.0931610449562763,TIME_LIMIT,115421,0,0,26,8
5,12,1.53509e6,-1.7113379330255518,-1.0931610449562763,TIME_LIMIT,115455,0,0,41,21
5,12,1.535739e6,-1.7113368167520528,-1.0931610449562763,TIME_LIMIT,115507,0,0,33,22
5,12,1.53641e6,-1.7113368167520528,-1.0931610449562763,TIME_LIMIT,115532,0,0,26,18
5,12,1.537083e6,-1.7112411835133752,-1.0931610449562763,TIME_LIMIT,115579,0,0,18,7
5,12,1.537651e6,-1.7112411835133752,-1.0931610449562763,TIME_LIMIT,115612,0,0,40,23
5,12,1.538197e6,-1.7112197116645522,-1.0931610449562763,TIME_LIMIT,115659,0,0,30,5
5,12,1.538737e6,-1.7112197116645522,-1.0931610449562763,TIME_LIMIT,115684,0,0,33,44
5,12,1.539274e6,-1.7111378222114582,-1.0931610449562763,TIME_LIMIT,115739,0,0,35,16
5,12,1.539816e6,-1.7111378222114582,-1.0931610449562763,TIME_LIMIT,115766,0,0,23,23
5,12,1.540346e6,-1.71112868228231,-1.0931610449562763,TIME_LIMIT,115817,0,0,34,11
5,12,1.540873e6,-1.71112868228231,-1.0931610449562763,TIME_LIMIT,115850,0,0,34,18
5,12,1.541437e6,-1.711096358240728,-1.0931610449562763,TIME_LIMIT,115898,0,0,25,15
5,12,1.541852e6,-1.711096358240728,-1.0931610449562763,TIME_LIMIT,115937,0,0,31,16
5,12,1.542372e6,-1.7110811590127952,-1.0931610449562763,TIME_LIMIT,115982,0,0,12,11
5,12,1.542918e6,-1.7110811590127952,-1.0931610449562763,TIME_LIMIT,116021,0,0,33,24
5,12,1.543454e6,-1.7110791588579672,-1.0931610449562763,TIME_LIMIT,116076,0,0,33,11
5,12,1.54399e6,-1.7110791588579672,-1.0931610449562763,TIME_LIMIT,116113,0,0,33,26
5,12,1.544461e6,-1.7110448740330857,-1.0931610449562763,TIME_LIMIT,116158,0,0,39,13
5,12,1.545011e6,-1.7110448740330857,-1.0931610449562763,TIME_LIMIT,116197,0,0,40,11
5,12,1.545546e6,-1.7110386235753947,-1.0931610449562763,TIME_LIMIT,116232,0,0,21,7
5,12,1.546065e6,-1.7110386235753947,-1.0931610449562763,TIME_LIMIT,116267,0,0,38,23
5,12,1.546583e6,-1.7110086791629078,-1.0931610449562763,TIME_LIMIT,116316,0,0,32,16
5,12,1.547146e6,-1.7110086791629078,-1.0931610449562763,TIME_LIMIT,116346,0,0,38,33
5,12,1.547684e6,-1.7109413631309032,-1.0931610449562763,TIME_LIMIT,116394,0,0,27,16
5,12,1.548204e6,-1.7109413631309032,-1.0931610449562763,TIME_LIMIT,116436,0,0,23,11
5,12,1.548722e6,-1.710885544379948,-1.0931610449562763,TIME_LIMIT,116472,0,0,44,22
5,12,1.549242e6,-1.710885544379948,-1.0931610449562763,TIME_LIMIT,116507,0,0,13,23
5,12,1.549844e6,-1.7108686775810895,-1.0931610449562763,TIME_LIMIT,116547,0,0,22,8
5,12,1.550541e6,-1.7108686775810895,-1.0931610449562763,TIME_LIMIT,116580,0,0,36,19
5,12,1.551199e6,-1.7107374931061907,-1.0931610449562763,TIME_LIMIT,116632,0,0,19,9
5,12,1.551809e6,-1.7107374931061907,-1.0931610449562763,TIME_LIMIT,116665,0,0,34,24
5,12,1.552363e6,-1.7106521140910507,-1.0931610449562763,TIME_LIMIT,116723,0,0,32,11
5,12,1.55291e6,-1.7106521140910507,-1.0931610449562763,TIME_LIMIT,116757,0,0,42,21
5,12,1.553474e6,-1.7106442255401415,-1.0931610449562763,TIME_LIMIT,116815,0,0,33,13
5,12,1.554011e6,-1.7106442255401415,-1.0931610449562763,TIME_LIMIT,116846,0,0,26,41
5,12,1.554542e6,-1.7106234148603419,-1.0931610449562763,TIME_LIMIT,116894,0,0,27,45
5,12,1.555104e6,-1.7106234148603419,-1.0931610449562763,TIME_LIMIT,116930,0,0,43,46
5,12,1.555622e6,-1.710577649366879,-1.0931610449562763,TIME_LIMIT,116978,0,0,28,11
5,12,1.556141e6,-1.710577649366879,-1.0931610449562763,TIME_LIMIT,117008,0,0,26,25
5,12,1.55672e6,-1.7105509484989225,-1.0931610449562763,TIME_LIMIT,117059,0,0,27,6
5,12,1.557244e6,-1.7105509484989225,-1.0931610449562763,TIME_LIMIT,117103,0,0,46,24
5,12,1.557764e6,-1.7105184331756826,-1.0931610449562763,TIME_LIMIT,117151,0,0,13,10
5,12,1.558284e6,-1.7105184331756826,-1.0931610449562763,TIME_LIMIT,117183,0,0,23,18
5,12,1.558843e6,-1.7105088866977436,-1.0931610449562763,TIME_LIMIT,117231,0,0,25,9
5,12,1.559378e6,-1.7105088866977436,-1.0931610449562763,TIME_LIMIT,117266,0,0,24,12
5,12,1.559898e6,-1.7104914353535647,-1.0931610449562763,TIME_LIMIT,117314,0,0,25,14
5,12,1.560437e6,-1.7104914353535647,-1.0931610449562763,TIME_LIMIT,117341,0,0,30,23
5,12,1.560979e6,-1.7104699726285741,-1.0931610449562763,TIME_LIMIT,117391,0,0,30,10
5,12,1.561499e6,-1.7104699726285741,-1.0931610449562763,TIME_LIMIT,117422,0,0,36,40
5,12,1.562034e6,-1.7104449547845586,-1.0931610449562763,TIME_LIMIT,117472,0,0,28,31
5,12,1.562552e6,-1.7104449547845586,-1.0931610449562763,TIME_LIMIT,117497,0,0,35,21
5,12,1.56308e6,-1.710440241334884,-1.0931610449562763,TIME_LIMIT,117545,0,0,18,8
5,12,1.563746e6,-1.710440241334884,-1.0931610449562763,TIME_LIMIT,117582,0,0,34,28
5,12,1.564416e6,-1.710423736203641,-1.0931610449562763,TIME_LIMIT,117628,0,0,31,18
5,12,1.565068e6,-1.710423736203641,-1.0931610449562763,TIME_LIMIT,117660,0,0,24,28
5,12,1.565649e6,-1.7104102688627865,-1.0931610449562763,TIME_LIMIT,117709,0,0,29,12
5,12,1.566197e6,-1.7104102688627865,-1.0931610449562763,TIME_LIMIT,117751,0,0,13,27
5,12,1.566738e6,-1.710360608578109,-1.0931610449562763,TIME_LIMIT,117783,0,0,30,26
5,12,1.567274e6,-1.710360608578109,-1.0931610449562763,TIME_LIMIT,117815,0,0,34,18
5,12,1.567806e6,-1.710337911517369,-1.0931610449562763,TIME_LIMIT,117867,0,0,30,15
5,12,1.56835e6,-1.710337911517369,-1.0931610449562763,TIME_LIMIT,117894,0,0,30,28
5,12,1.568898e6,-1.7103207231387578,-1.0931610449562763,TIME_LIMIT,117953,0,0,30,14
5,12,1.569441e6,-1.7103207231387578,-1.0931610449562763,TIME_LIMIT,117980,0,0,38,24
5,12,1.56996e6,-1.7101853538221785,-1.0931610449562763,TIME_LIMIT,118033,0,0,32,8
5,12,1.570496e6,-1.7101853538221785,-1.0931610449562763,TIME_LIMIT,118065,0,0,36,39
5,12,1.571058e6,-1.7100922020128275,-1.0931610449562763,TIME_LIMIT,118115,0,0,16,14
5,12,1.571582e6,-1.7100922020128275,-1.0931610449562763,TIME_LIMIT,118148,0,0,22,35
5,12,1.572101e6,-1.7100440163832702,-1.0931610449562763,TIME_LIMIT,118200,0,0,15,8
5,12,1.572648e6,-1.7100440163832702,-1.0931610449562763,TIME_LIMIT,118235,0,0,20,27
5,12,1.573183e6,-1.7100048262752676,-1.0931610449562763,TIME_LIMIT,118270,0,0,32,26
5,12,1.573703e6,-1.7100048262752676,-1.0931610449562763,TIME_LIMIT,118302,0,0,51,38
5,12,1.574238e6,-1.7099711924246817,-1.0931610449562763,TIME_LIMIT,118358,0,0,26,19
5,12,1.574802e6,-1.7099711924246817,-1.0931610449562763,TIME_LIMIT,118402,0,0,21,14
5,12,1.575357e6,-1.70996315881132,-1.0931610449562763,TIME_LIMIT,118435,0,0,26,9
5,12,1.575885e6,-1.70996315881132,-1.0931610449562763,TIME_LIMIT,118466,0,0,41,27
5,12,1.576405e6,-1.7099161327156935,-1.0931610449562763,TIME_LIMIT,118520,0,0,32,14
5,12,1.576941e6,-1.7099161327156935,-1.0931610449562763,TIME_LIMIT,118551,0,0,37,20
5,12,1.577485e6,-1.7099014863579267,-1.0931610449562763,TIME_LIMIT,118597,0,0,27,13
5,12,1.57816e6,-1.7099014863579267,-1.0931610449562763,TIME_LIMIT,118629,0,0,25,22
5,12,1.578823e6,-1.709880298297722,-1.0931610449562763,TIME_LIMIT,118664,0,0,37,22
5,12,1.579441e6,-1.709880298297722,-1.0931610449562763,TIME_LIMIT,118699,0,0,39,30
5,12,1.579999e6,-1.7098725601519844,-1.0931610449562763,TIME_LIMIT,118748,0,0,14,8
5,12,1.58057e6,-1.7098725601519844,-1.0931610449562763,TIME_LIMIT,118780,0,0,44,45
5,12,1.58114e6,-1.7098545267181715,-1.0931610449562763,TIME_LIMIT,118839,0,0,30,16
5,12,1.5817e6,-1.7098545267181715,-1.0931610449562763,TIME_LIMIT,118874,0,0,41,27
5,12,1.582228e6,-1.7098192814364885,-1.0931610449562763,TIME_LIMIT,118924,0,0,23,14
5,12,1.582791e6,-1.7098192814364885,-1.0931610449562763,TIME_LIMIT,118945,0,0,20,26
5,12,1.58331e6,-1.7097547547481995,-1.0931610449562763,TIME_LIMIT,118992,0,0,27,12
5,12,1.583847e6,-1.7097547547481995,-1.0931610449562763,TIME_LIMIT,119024,0,0,41,35
5,12,1.584409e6,-1.7097456221589973,-1.0931610449562763,TIME_LIMIT,119078,0,0,23,16
5,12,1.58493e6,-1.7097456221589973,-1.0931610449562763,TIME_LIMIT,119112,0,0,40,24
5,12,1.585445e6,-1.7096988905598336,-1.0931610449562763,TIME_LIMIT,119158,0,0,29,13
5,12,1.585965e6,-1.7096988905598336,-1.0931610449562763,TIME_LIMIT,119198,0,0,37,34
5,12,1.586541e6,-1.7096858116649611,-1.0931610449562763,TIME_LIMIT,119253,0,0,22,16
5,12,1.586923e6,-1.7096858116649611,-1.0931610449562763,TIME_LIMIT,119282,0,0,25,15
5,12,1.587492e6,-1.7096681793623862,-1.0931610449562763,TIME_LIMIT,119329,0,0,28,9
5,12,1.588026e6,-1.7096681793623862,-1.0931610449562763,TIME_LIMIT,119358,0,0,30,17
5,12,1.588546e6,-1.7096453458552725,-1.0931610449562763,TIME_LIMIT,119406,0,0,29,15
5,12,1.589105e6,-1.7096453458552725,-1.0931610449562763,TIME_LIMIT,119438,0,0,30,24
5,12,1.589783e6,-1.7096428410432998,-1.0931610449562763,TIME_LIMIT,119495,0,0,18,13
5,12,1.590444e6,-1.7096428410432998,-1.0931610449562763,TIME_LIMIT,119527,0,0,20,35
5,12,1.591085e6,-1.709640783088729,-1.0931610449562763,TIME_LIMIT,119579,0,0,27,15
5,12,1.591661e6,-1.709640783088729,-1.0931610449562763,TIME_LIMIT,119614,0,0,31,28
5,12,1.592211e6,-1.7096295018647918,-1.0931610449562763,TIME_LIMIT,119666,0,0,33,10
5,12,1.592756e6,-1.7096295018647918,-1.0931610449562763,TIME_LIMIT,119700,0,0,36,19
5,12,1.593299e6,-1.709576979044058,-1.0931610449562763,TIME_LIMIT,119750,0,0,24,10
5,12,1.593837e6,-1.709576979044058,-1.0931610449562763,TIME_LIMIT,119781,0,0,47,48
5,12,1.594417e6,-1.709576979044058,-1.0931610449562763,TIME_LIMIT,119835,0,0,28,14
5,12,1.594936e6,-1.709576979044058,-1.0931610449562763,TIME_LIMIT,119868,0,0,29,17
5,12,1.595457e6,-1.7095162066491338,-1.0931610449562763,TIME_LIMIT,119917,0,0,34,13
5,12,1.596019e6,-1.7095162066491338,-1.0931610449562763,TIME_LIMIT,119944,0,0,23,17
5,12,1.596537e6,-1.7095127095885538,-1.0931610449562763,TIME_LIMIT,119986,0,0,24,12
5,12,1.597056e6,-1.7095127095885538,-1.0931610449562763,TIME_LIMIT,120017,0,0,42,51
5,12,1.597594e6,-1.7094826734024993,-1.0931610449562763,TIME_LIMIT,120071,0,0,12,11
5,12,1.598155e6,-1.7094826734024993,-1.0931610449562763,TIME_LIMIT,120095,0,0,31,13
5,12,1.598675e6,-1.7094804976563618,-1.0931610449562763,TIME_LIMIT,120144,0,0,33,7
5,12,1.599194e6,-1.7094804976563618,-1.0931610449562763,TIME_LIMIT,120174,0,0,42,31
5,12,1.599727e6,-1.7094733533393776,-1.0931610449562763,TIME_LIMIT,120228,0,0,19,10
5,12,1.600292e6,-1.7094733533393776,-1.0931610449562763,TIME_LIMIT,120255,0,0,23,19
5,12,1.60081e6,-1.709460377191187,-1.0931610449562763,TIME_LIMIT,120307,0,0,29,10
5,12,1.601332e6,-1.709460377191187,-1.0931610449562763,TIME_LIMIT,120346,0,0,42,10
5,12,1.601852e6,-1.7094380621980978,-1.0931610449562763,TIME_LIMIT,120381,0,0,35,11
5,12,1.602372e6,-1.7094380621980978,-1.0931610449562763,TIME_LIMIT,120419,0,0,41,21
5,12,1.603021e6,-1.709404023420217,-1.0931610449562763,TIME_LIMIT,120465,0,0,29,20
5,12,1.603713e6,-1.709404023420217,-1.0931610449562763,TIME_LIMIT,120493,0,0,35,52
5,12,1.604368e6,-1.7094029372701907,-1.0931610449562763,TIME_LIMIT,120544,0,0,34,14
5,12,1.604944e6,-1.7094029372701907,-1.0931610449562763,TIME_LIMIT,120579,0,0,31,16
5,12,1.605502e6,-1.7093935001386047,-1.0931610449562763,TIME_LIMIT,120630,0,0,32,14
5,12,1.606045e6,-1.7093935001386047,-1.0931610449562763,TIME_LIMIT,120662,0,0,39,19
5,12,1.606603e6,-1.7093866661889419,-1.0931610449562763,TIME_LIMIT,120708,0,0,20,9
5,12,1.607147e6,-1.7093866661889419,-1.0931610449562763,TIME_LIMIT,120738,0,0,26,13
5,12,1.607708e6,-1.7093732800557557,-1.0931610449562763,TIME_LIMIT,120794,0,0,33,11
5,12,1.60823e6,-1.7093732800557557,-1.0931610449562763,TIME_LIMIT,120826,0,0,35,13
5,12,1.608749e6,-1.7093572823325345,-1.0931610449562763,TIME_LIMIT,120873,0,0,26,12
5,12,1.609292e6,-1.7093572823325345,-1.0931610449562763,TIME_LIMIT,120905,0,0,35,13
5,12,1.609845e6,-1.7093431110791257,-1.0931610449562763,TIME_LIMIT,120952,0,0,33,17
5,12,1.610365e6,-1.7093431110791257,-1.0931610449562763,TIME_LIMIT,120986,0,0,37,20
5,12,1.610885e6,-1.7092959387934004,-1.0931610449562763,TIME_LIMIT,121033,0,0,27,8
5,12,1.611429e6,-1.7092959387934004,-1.0931610449562763,TIME_LIMIT,121074,0,0,39,24
5,12,1.611968e6,-1.7092836915198337,-1.0931610449562763,TIME_LIMIT,121113,0,0,42,13
5,12,1.612503e6,-1.7092836915198337,-1.0931610449562763,TIME_LIMIT,121153,0,0,36,20
5,12,1.613022e6,-1.7092578625719672,-1.0931610449562763,TIME_LIMIT,121191,0,0,32,14
5,12,1.613575e6,-1.7092578625719672,-1.0931610449562763,TIME_LIMIT,121227,0,0,17,11
5,12,1.613832e6,-1.70918917401594,-1.0931610449562763,TIME_LIMIT,121254,0,0,24,9
5,12,1.61435e6,-1.70918917401594,-1.0931610449562763,TIME_LIMIT,121284,0,0,23,14
5,12,1.614866e6,-1.7091739212978845,-1.0931610449562763,TIME_LIMIT,121336,0,0,32,11
5,12,1.615401e6,-1.7091739212978845,-1.0931610449562763,TIME_LIMIT,121371,0,0,45,30
5,12,1.61592e6,-1.709123066000984,-1.0931610449562763,TIME_LIMIT,121429,0,0,21,11
5,12,1.616566e6,-1.709123066000984,-1.0931610449562763,TIME_LIMIT,121459,0,0,34,25
5,12,1.617235e6,-1.7091110382892218,-1.0931610449562763,TIME_LIMIT,121510,0,0,26,11
5,12,1.61789e6,-1.7091110382892218,-1.0931610449562763,TIME_LIMIT,121549,0,0,38,16
5,12,1.618472e6,-1.7090708834571156,-1.0931610449562763,TIME_LIMIT,121588,0,0,34,15
5,12,1.618865e6,-1.7090708834571156,-1.0931610449562763,TIME_LIMIT,121619,0,0,26,14
5,12,1.619212e6,-1.7090561346101005,-1.0931610449562763,TIME_LIMIT,121658,0,0,19,11
5,12,1.61962e6,-1.7090561346101005,-1.0931610449562763,TIME_LIMIT,121692,0,0,19,9
5,12,1.620161e6,-1.708903621715947,-1.0931610449562763,TIME_LIMIT,121745,0,0,33,11
5,12,1.620691e6,-1.708903621715947,-1.0931610449562763,TIME_LIMIT,121784,0,0,23,16
5,12,1.621252e6,-1.7088286755731612,-1.0931610449562763,TIME_LIMIT,121834,0,0,42,16
5,12,1.62179e6,-1.7088286755731612,-1.0931610449562763,TIME_LIMIT,121859,0,0,20,40
5,12,1.622313e6,-1.7088004210396583,-1.0931610449562763,TIME_LIMIT,121911,0,0,26,11
5,12,1.622865e6,-1.7088004210396583,-1.0931610449562763,TIME_LIMIT,121944,0,0,44,40
5,12,1.623393e6,-1.708795771556124,-1.0931610449562763,TIME_LIMIT,121991,0,0,29,18
5,12,1.623909e6,-1.708795771556124,-1.0931610449562763,TIME_LIMIT,122019,0,0,46,46
5,12,1.624425e6,-1.7087696459736585,-1.0931610449562763,TIME_LIMIT,122071,0,0,25,17
5,12,1.624992e6,-1.7087696459736585,-1.0931610449562763,TIME_LIMIT,122105,0,0,31,13
5,12,1.625515e6,-1.708703624791333,-1.0931610449562763,TIME_LIMIT,122136,0,0,26,10
5,12,1.62603e6,-1.708703624791333,-1.0931610449562763,TIME_LIMIT,122172,0,0,32,26
5,12,1.626546e6,-1.7086650540383093,-1.0931610449562763,TIME_LIMIT,122217,0,0,24,8
5,12,1.627107e6,-1.7086650540383093,-1.0931610449562763,TIME_LIMIT,122241,0,0,38,46
5,12,1.627641e6,-1.7086461756354963,-1.0931610449562763,TIME_LIMIT,122288,0,0,21,21
5,12,1.628161e6,-1.7086461756354963,-1.0931610449562763,TIME_LIMIT,122322,0,0,44,33
5,12,1.628679e6,-1.7086331730285789,-1.0931610449562763,TIME_LIMIT,122372,0,0,26,15
5,12,1.629197e6,-1.7086331730285789,-1.0931610449562763,TIME_LIMIT,122403,0,0,37,16
5,12,1.629779e6,-1.7085631267587513,-1.0931610449562763,TIME_LIMIT,122454,0,0,14,15
5,12,1.630447e6,-1.7085631267587513,-1.0931610449562763,TIME_LIMIT,122491,0,0,31,26
5,12,1.631123e6,-1.7085546214275624,-1.0931610449562763,TIME_LIMIT,122548,0,0,32,20
5,12,1.631751e6,-1.7085546214275624,-1.0931610449562763,TIME_LIMIT,122573,0,0,30,21
5,12,1.632304e6,-1.7084466393534814,-1.0931610449562763,TIME_LIMIT,122627,0,0,32,8
5,12,1.632851e6,-1.7084466393534814,-1.0931610449562763,TIME_LIMIT,122657,0,0,45,44
5,12,1.633388e6,-1.7084350585743995,-1.0931610449562763,TIME_LIMIT,122710,0,0,31,17
5,12,1.633917e6,-1.7084350585743995,-1.0931610449562763,TIME_LIMIT,122741,0,0,33,25
5,12,1.634455e6,-1.7083484102011934,-1.0931610449562763,TIME_LIMIT,122787,0,0,29,7
5,12,1.635017e6,-1.7083484102011934,-1.0931610449562763,TIME_LIMIT,122826,0,0,28,17
5,12,1.635538e6,-1.7082963319339655,-1.0931610449562763,TIME_LIMIT,122856,0,0,31,23
5,12,1.636055e6,-1.7082963319339655,-1.0931610449562763,TIME_LIMIT,122898,0,0,36,27
5,12,1.636614e6,-1.708201169819482,-1.0931610449562763,TIME_LIMIT,122936,0,0,18,13
5,12,1.637145e6,-1.708201169819482,-1.0931610449562763,TIME_LIMIT,122976,0,0,40,9
5,12,1.637661e6,-1.7081744249148625,-1.0931610449562763,TIME_LIMIT,123010,0,0,36,19
5,12,1.638181e6,-1.7081744249148625,-1.0931610449562763,TIME_LIMIT,123048,0,0,41,21
5,12,1.638738e6,-1.7081579763474897,-1.0931610449562763,TIME_LIMIT,123099,0,0,26,21
5,12,1.639256e6,-1.7081579763474897,-1.0931610449562763,TIME_LIMIT,123142,0,0,39,21
5,12,1.639773e6,-1.7081128117760964,-1.0931610449562763,TIME_LIMIT,123184,0,0,28,13
5,12,1.640329e6,-1.7081128117760964,-1.0931610449562763,TIME_LIMIT,123218,0,0,40,43
5,12,1.640868e6,-1.7080832081357749,-1.0931610449562763,TIME_LIMIT,123268,0,0,26,20
5,12,1.641389e6,-1.7080832081357749,-1.0931610449562763,TIME_LIMIT,123306,0,0,27,46
5,12,1.641906e6,-1.7080780939800329,-1.0931610449562763,TIME_LIMIT,123354,0,0,27,18
5,12,1.642422e6,-1.7080780939800329,-1.0931610449562763,TIME_LIMIT,123385,0,0,31,16
5,12,1.642944e6,-1.70807467612458,-1.0931610449562763,TIME_LIMIT,123437,0,0,33,17
5,12,1.643424e6,-1.70807467612458,-1.0931610449562763,TIME_LIMIT,123468,0,0,42,21
5,12,1.644089e6,-1.7080596321667982,-1.0931610449562763,TIME_LIMIT,123517,0,0,27,10
5,12,1.644741e6,-1.7080596321667982,-1.0931610449562763,TIME_LIMIT,123549,0,0,34,17
5,12,1.645353e6,-1.7080368667284602,-1.0931610449562763,TIME_LIMIT,123602,0,0,32,14
5,12,1.645904e6,-1.7080368667284602,-1.0931610449562763,TIME_LIMIT,123634,0,0,29,11
5,12,1.646447e6,-1.708035043085346,-1.0931610449562763,TIME_LIMIT,123676,0,0,16,12
5,12,1.646987e6,-1.708035043085346,-1.0931610449562763,TIME_LIMIT,123716,0,0,38,13
5,12,1.647517e6,-1.708012540322378,-1.0931610449562763,TIME_LIMIT,123753,0,0,20,10
5,12,1.648042e6,-1.708012540322378,-1.0931610449562763,TIME_LIMIT,123790,0,0,32,37
5,12,1.648618e6,-1.708004977244983,-1.0931610449562763,TIME_LIMIT,123834,0,0,28,12
5,12,1.649134e6,-1.708004977244983,-1.0931610449562763,TIME_LIMIT,123861,0,0,30,18
5,12,1.649654e6,-1.707993482749604,-1.0931610449562763,TIME_LIMIT,123916,0,0,32,18
5,12,1.650211e6,-1.707993482749604,-1.0931610449562763,TIME_LIMIT,123938,0,0,30,28
5,12,1.650727e6,-1.7078787357739245,-1.0931610449562763,TIME_LIMIT,123995,0,0,11,12
5,12,1.651245e6,-1.7078787357739245,-1.0931610449562763,TIME_LIMIT,124021,0,0,40,35
5,12,1.651777e6,-1.7077491198475843,-1.0931610449562763,TIME_LIMIT,124071,0,0,27,13
5,12,1.652337e6,-1.7077491198475843,-1.0931610449562763,TIME_LIMIT,124098,0,0,30,40
5,12,1.652861e6,-1.7076467987124175,-1.0931610449562763,TIME_LIMIT,124140,0,0,15,8
5,12,1.653402e6,-1.7076467987124175,-1.0931610449562763,TIME_LIMIT,124165,0,0,42,35
5,12,1.653945e6,-1.7076055036618865,-1.0931610449562763,TIME_LIMIT,124216,0,0,9,12
5,12,1.654492e6,-1.7076055036618865,-1.0931610449562763,TIME_LIMIT,124250,0,0,40,31
5,12,1.65501e6,-1.7075451724712436,-1.0931610449562763,TIME_LIMIT,124301,0,0,26,22
5,12,1.655526e6,-1.7075451724712436,-1.0931610449562763,TIME_LIMIT,124341,0,0,41,17
5,12,1.656041e6,-1.7075247480332896,-1.0931610449562763,TIME_LIMIT,124378,0,0,33,9
5,12,1.656577e6,-1.7075247480332896,-1.0931610449562763,TIME_LIMIT,124405,0,0,29,27
5,12,1.657245e6,-1.7075078702229012,-1.0931610449562763,TIME_LIMIT,124460,0,0,31,12
5,12,1.657924e6,-1.7075078702229012,-1.0931610449562763,TIME_LIMIT,124495,0,0,49,26
5,12,1.658564e6,-1.7075074388665117,-1.0931610449562763,TIME_LIMIT,124549,0,0,31,13
5,12,1.659122e6,-1.7075074388665117,-1.0931610449562763,TIME_LIMIT,124577,0,0,26,21
5,12,1.659706e6,-1.7074448452994606,-1.0931610449562763,TIME_LIMIT,124618,0,0,20,11
5,12,1.660249e6,-1.7074448452994606,-1.0931610449562763,TIME_LIMIT,124656,0,0,31,13
5,12,1.660787e6,-1.7074254379708111,-1.0931610449562763,TIME_LIMIT,124698,0,0,29,13
5,12,1.66133e6,-1.7074254379708111,-1.0931610449562763,TIME_LIMIT,124729,0,0,47,64
5,12,1.661888e6,-1.7074141042234723,-1.0931610449562763,TIME_LIMIT,124779,0,0,12,7
5,12,1.662407e6,-1.7074141042234723,-1.0931610449562763,TIME_LIMIT,124814,0,0,43,38
5,12,1.662924e6,-1.707392043770761,-1.0931610449562763,TIME_LIMIT,124867,0,0,27,18
5,12,1.663482e6,-1.707392043770761,-1.0931610449562763,TIME_LIMIT,124897,0,0,20,11
5,12,1.663997e6,-1.7072623031720244,-1.0931610449562763,TIME_LIMIT,124949,0,0,36,10
5,12,1.664406e6,-1.7072623031720244,-1.0931610449562763,TIME_LIMIT,124978,0,0,26,12
5,12,1.664919e6,-1.7072392546621216,-1.0931610449562763,TIME_LIMIT,125023,0,0,26,14
5,12,1.665526e6,-1.7072392546621216,-1.0931610449562763,TIME_LIMIT,125054,0,0,33,45
5,12,1.666056e6,-1.7072346199865986,-1.0931610449562763,TIME_LIMIT,125103,0,0,27,14
5,12,1.66657e6,-1.7072346199865986,-1.0931610449562763,TIME_LIMIT,125134,0,0,33,33
5,12,1.667088e6,-1.7071767252386019,-1.0931610449562763,TIME_LIMIT,125198,0,0,36,16
5,12,1.667592e6,-1.7071767252386019,-1.0931610449562763,TIME_LIMIT,125227,0,0,44,18
5,12,1.668106e6,-1.707176430043345,-1.0931610449562763,TIME_LIMIT,125279,0,0,31,8
5,12,1.668623e6,-1.707176430043345,-1.0931610449562763,TIME_LIMIT,125309,0,0,32,21
5,12,1.669137e6,-1.707140171426557,-1.0931610449562763,TIME_LIMIT,125359,0,0,20,6
5,12,1.669668e6,-1.707140171426557,-1.0931610449562763,TIME_LIMIT,125393,0,0,49,44
5,12,1.670292e6,-1.7071260740124798,-1.0931610449562763,TIME_LIMIT,125446,0,0,27,20
5,12,1.670959e6,-1.7071260740124798,-1.0931610449562763,TIME_LIMIT,125474,0,0,40,33
5,12,1.671614e6,-1.707078361870587,-1.0931610449562763,TIME_LIMIT,125529,0,0,25,8
5,12,1.672209e6,-1.707078361870587,-1.0931610449562763,TIME_LIMIT,125560,0,0,52,15
5,12,1.672773e6,-1.7070443272557836,-1.0931610449562763,TIME_LIMIT,125612,0,0,14,11
5,12,1.673321e6,-1.7070443272557836,-1.0931610449562763,TIME_LIMIT,125635,0,0,42,33
5,12,1.673864e6,-1.7070219842530385,-1.0931610449562763,TIME_LIMIT,125690,0,0,20,10
5,12,1.674393e6,-1.7070219842530385,-1.0931610449562763,TIME_LIMIT,125732,0,0,39,23
5,12,1.674935e6,-1.7070081064692935,-1.0931610449562763,TIME_LIMIT,125764,0,0,33,21
5,12,1.675467e6,-1.7070081064692935,-1.0931610449562763,TIME_LIMIT,125799,0,0,41,30
5,12,1.675994e6,-1.7069894409477646,-1.0931610449562763,TIME_LIMIT,125849,0,0,26,10
5,12,1.67653e6,-1.7069894409477646,-1.0931610449562763,TIME_LIMIT,125879,0,0,30,18
5,12,1.677041e6,-1.7069431095052392,-1.0931610449562763,TIME_LIMIT,125924,0,0,35,9
5,12,1.677557e6,-1.7069431095052392,-1.0931610449562763,TIME_LIMIT,125962,0,0,45,40
5,12,1.678073e6,-1.7069070741530434,-1.0931610449562763,TIME_LIMIT,126009,0,0,28,23
5,12,1.678606e6,-1.7069070741530434,-1.0931610449562763,TIME_LIMIT,126040,0,0,38,15
5,12,1.679141e6,-1.7068811720289885,-1.0931610449562763,TIME_LIMIT,126086,0,0,26,12
5,12,1.679594e6,-1.7068811720289885,-1.0931610449562763,TIME_LIMIT,126138,0,0,36,19
5,12,1.680123e6,-1.7068790292353244,-1.0931610449562763,TIME_LIMIT,126168,0,0,35,27
5,12,1.680677e6,-1.7068790292353244,-1.0931610449562763,TIME_LIMIT,126195,0,0,33,63
5,12,1.681196e6,-1.7068650451658973,-1.0931610449562763,TIME_LIMIT,126256,0,0,27,27
5,12,1.681711e6,-1.7068650451658973,-1.0931610449562763,TIME_LIMIT,126284,0,0,27,21
5,12,1.682223e6,-1.7068557949846164,-1.0931610449562763,TIME_LIMIT,126328,0,0,14,6
5,12,1.682739e6,-1.7068557949846164,-1.0931610449562763,TIME_LIMIT,126363,0,0,31,26
5,12,1.683305e6,-1.7068433514083938,-1.0931610449562763,TIME_LIMIT,126416,0,0,32,14
5,12,1.683978e6,-1.7068433514083938,-1.0931610449562763,TIME_LIMIT,126446,0,0,22,16
5,12,1.684633e6,-1.7068356837927339,-1.0931610449562763,TIME_LIMIT,126505,0,0,31,15
5,12,1.68527e6,-1.7068356837927339,-1.0931610449562763,TIME_LIMIT,126538,0,0,29,49
5,12,1.685816e6,-1.7068316378339787,-1.0931610449562763,TIME_LIMIT,126587,0,0,27,24
5,12,1.686356e6,-1.7068316378339787,-1.0931610449562763,TIME_LIMIT,126630,0,0,43,25
5,12,1.686908e6,-1.7067939500971263,-1.0931610449562763,TIME_LIMIT,126683,0,0,29,17
5,12,1.687446e6,-1.7067939500971263,-1.0931610449562763,TIME_LIMIT,126728,0,0,39,13
5,12,1.687974e6,-1.7066875169919156,-1.0931610449562763,TIME_LIMIT,126757,0,0,22,26
5,12,1.688518e6,-1.7066875169919156,-1.0931610449562763,TIME_LIMIT,126783,0,0,39,38
5,12,1.68905e6,-1.706656195587808,-1.0931610449562763,TIME_LIMIT,126839,0,0,30,13
5,12,1.689565e6,-1.706656195587808,-1.0931610449562763,TIME_LIMIT,126871,0,0,32,24
5,12,1.690118e6,-1.7066486645460954,-1.0931610449562763,TIME_LIMIT,126915,0,0,10,7
5,12,1.690655e6,-1.7066486645460954,-1.0931610449562763,TIME_LIMIT,126950,0,0,32,22
5,12,1.691168e6,-1.706646656608264,-1.0931610449562763,TIME_LIMIT,126990,0,0,17,8
5,12,1.691685e6,-1.706646656608264,-1.0931610449562763,TIME_LIMIT,127024,0,0,42,30
5,12,1.692222e6,-1.7066463608130176,-1.0931610449562763,TIME_LIMIT,127057,0,0,37,18
5,12,1.692754e6,-1.7066463608130176,-1.0931610449562763,TIME_LIMIT,127091,0,0,35,13
5,12,1.693284e6,-1.70664283139099,-1.0931610449562763,TIME_LIMIT,127128,0,0,34,11
5,12,1.6938e6,-1.70664283139099,-1.0931610449562763,TIME_LIMIT,127162,0,0,27,12
5,12,1.694277e6,-1.7066397083927995,-1.0931610449562763,TIME_LIMIT,127202,0,0,27,14
5,12,1.694793e6,-1.7066397083927995,-1.0931610449562763,TIME_LIMIT,127239,0,0,33,22
5,12,1.695309e6,-1.706637147358211,-1.0931610449562763,TIME_LIMIT,127288,0,0,19,10
5,12,1.695823e6,-1.706637147358211,-1.0931610449562763,TIME_LIMIT,127324,0,0,24,12
5,12,1.69623e6,-1.70657428171059,-1.0931610449562763,TIME_LIMIT,127363,0,0,12,10
5,12,1.696753e6,-1.70657428171059,-1.0931610449562763,TIME_LIMIT,127401,0,0,22,25
5,12,1.697412e6,-1.7065593933146914,-1.0931610449562763,TIME_LIMIT,127455,0,0,19,6
5,12,1.698074e6,-1.7065593933146914,-1.0931610449562763,TIME_LIMIT,127491,0,0,25,14
5,12,1.698717e6,-1.70646610180234,-1.0931610449562763,TIME_LIMIT,127534,0,0,25,9
5,12,1.69929e6,-1.70646610180234,-1.0931610449562763,TIME_LIMIT,127577,0,0,33,17
5,12,1.69983e6,-1.7063843537575913,-1.0931610449562763,TIME_LIMIT,127620,0,0,36,16
5,12,1.700367e6,-1.7063843537575913,-1.0931610449562763,TIME_LIMIT,127649,0,0,30,19
5,12,1.700832e6,-1.7063750422807469,-1.0931610449562763,TIME_LIMIT,127686,0,0,25,6
5,12,1.701361e6,-1.7063750422807469,-1.0931610449562763,TIME_LIMIT,127719,0,0,30,23
5,12,1.701861e6,-1.7063010020086344,-1.0931610449562763,TIME_LIMIT,127764,0,0,14,6
5,12,1.702391e6,-1.7063010020086344,-1.0931610449562763,TIME_LIMIT,127793,0,0,30,15
5,12,1.702795e6,-1.7062906768974708,-1.0931610449562763,TIME_LIMIT,127845,0,0,32,8
5,12,1.703193e6,-1.7062906768974708,-1.0931610449562763,TIME_LIMIT,127877,0,0,38,29
5,12,1.703762e6,-1.7061878776262587,-1.0931610449562763,TIME_LIMIT,127929,0,0,29,8
5,12,1.704282e6,-1.7061878776262587,-1.0931610449562763,TIME_LIMIT,127964,0,0,30,17
5,12,1.704796e6,-1.7061609973113936,-1.0931610449562763,TIME_LIMIT,128020,0,0,21,5
5,12,1.705308e6,-1.7061609973113936,-1.0931610449562763,TIME_LIMIT,128053,0,0,36,31
5,12,1.705866e6,-1.7061411626096739,-1.0931610449562763,TIME_LIMIT,128091,0,0,29,11
5,12,1.706383e6,-1.7061411626096739,-1.0931610449562763,TIME_LIMIT,128123,0,0,32,25
5,12,1.706913e6,-1.7060817167378293,-1.0931610449562763,TIME_LIMIT,128169,0,0,43,15
5,12,1.707447e6,-1.7060817167378293,-1.0931610449562763,TIME_LIMIT,128202,0,0,39,51
5,12,1.707987e6,-1.706081350307468,-1.0931610449562763,TIME_LIMIT,128249,0,0,23,13
5,12,1.708499e6,-1.706081350307468,-1.0931610449562763,TIME_LIMIT,128280,0,0,32,9
5,12,1.709013e6,-1.7060433303214264,-1.0931610449562763,TIME_LIMIT,128316,0,0,25,20
5,12,1.709528e6,-1.7060433303214264,-1.0931610449562763,TIME_LIMIT,128347,0,0,23,10
5,12,1.710058e6,-1.7060409440950273,-1.0931610449562763,TIME_LIMIT,128402,0,0,33,13
5,12,1.710712e6,-1.7060409440950273,-1.0931610449562763,TIME_LIMIT,128443,0,0,37,38
5,12,1.711373e6,-1.7060234817859958,-1.0931610449562763,TIME_LIMIT,128480,0,0,21,20
5,12,1.712021e6,-1.7060234817859958,-1.0931610449562763,TIME_LIMIT,128513,0,0,37,18
5,12,1.712401e6,-1.7059836994009732,-1.0931610449562763,TIME_LIMIT,128552,0,0,19,11
5,12,1.712943e6,-1.7059836994009732,-1.0931610449562763,TIME_LIMIT,128583,0,0,32,18
5,12,1.713484e6,-1.7059691482152106,-1.0931610449562763,TIME_LIMIT,128621,0,0,34,14
5,12,1.71402e6,-1.7059691482152106,-1.0931610449562763,TIME_LIMIT,128654,0,0,40,45
5,12,1.714545e6,-1.7058826445703998,-1.0931610449562763,TIME_LIMIT,128706,0,0,17,16
5,12,1.715068e6,-1.7058826445703998,-1.0931610449562763,TIME_LIMIT,128728,0,0,35,29
5,12,1.715643e6,-1.7058412514436638,-1.0931610449562763,TIME_LIMIT,128779,0,0,32,10
5,12,1.716157e6,-1.7058412514436638,-1.0931610449562763,TIME_LIMIT,128812,0,0,43,29
5,12,1.716673e6,-1.7058205647292954,-1.0931610449562763,TIME_LIMIT,128861,0,0,27,11
5,12,1.717229e6,-1.7058205647292954,-1.0931610449562763,TIME_LIMIT,128898,0,0,29,13
5,12,1.717708e6,-1.7057790301379248,-1.0931610449562763,TIME_LIMIT,128928,0,0,30,8
5,12,1.718054e6,-1.7057790301379248,-1.0931610449562763,TIME_LIMIT,128955,0,0,17,9
5,12,1.718583e6,-1.7056411543728076,-1.0931610449562763,TIME_LIMIT,129003,0,0,30,12
5,12,1.719139e6,-1.7056411543728076,-1.0931610449562763,TIME_LIMIT,129043,0,0,38,21
5,12,1.719662e6,-1.7055827059830546,-1.0931610449562763,TIME_LIMIT,129084,0,0,29,12
5,12,1.71986e6,-1.7055827059830546,-1.0931610449562763,TIME_LIMIT,129107,0,0,27,12
5,12,1.720353e6,-1.7055466916302333,-1.0931610449562763,TIME_LIMIT,129149,0,0,18,5
5,12,1.720878e6,-1.7055466916302333,-1.0931610449562763,TIME_LIMIT,129173,0,0,31,15
5,12,1.72142e6,-1.7054583487913493,-1.0931610449562763,TIME_LIMIT,129217,0,0,12,3
5,12,1.721842e6,-1.7054583487913493,-1.0931610449562763,TIME_LIMIT,129253,0,0,34,20
5,12,1.722355e6,-1.7054407162527307,-1.0931610449562763,TIME_LIMIT,129294,0,0,22,9
5,12,1.722869e6,-1.7054407162527307,-1.0931610449562763,TIME_LIMIT,129329,0,0,21,18
5,12,1.723381e6,-1.7054328422909877,-1.0931610449562763,TIME_LIMIT,129379,0,0,15,8
5,12,1.724013e6,-1.7054328422909877,-1.0931610449562763,TIME_LIMIT,129414,0,0,20,17
5,12,1.724678e6,-1.7054105149013392,-1.0931610449562763,TIME_LIMIT,129469,0,0,34,10
5,12,1.725325e6,-1.7054105149013392,-1.0931610449562763,TIME_LIMIT,129501,0,0,35,48
5,12,1.725927e6,-1.7052925737707603,-1.0931610449562763,TIME_LIMIT,129556,0,0,32,8
5,12,1.726473e6,-1.7052925737707603,-1.0931610449562763,TIME_LIMIT,129588,0,0,28,29
5,12,1.727016e6,-1.7052684502706268,-1.0931610449562763,TIME_LIMIT,129644,0,0,23,12
5,12,1.727575e6,-1.7052684502706268,-1.0931610449562763,TIME_LIMIT,129690,0,0,30,27
5,12,1.728103e6,-1.7052645032453155,-1.0931610449562763,TIME_LIMIT,129723,0,0,39,18
5,12,1.728524e6,-1.7052645032453155,-1.0931610449562763,TIME_LIMIT,129753,0,0,33,30
5,12,1.729063e6,-1.7051246456534892,-1.0931610449562763,TIME_LIMIT,129803,0,0,23,13
5,12,1.729624e6,-1.7051246456534892,-1.0931610449562763,TIME_LIMIT,129833,0,0,43,29
5,12,1.730139e6,-1.7051211053546136,-1.0931610449562763,TIME_LIMIT,129888,0,0,32,20
5,12,1.730654e6,-1.7051211053546136,-1.0931610449562763,TIME_LIMIT,129921,0,0,44,44
5,12,1.731209e6,-1.7050664070929242,-1.0931610449562763,TIME_LIMIT,129973,0,0,29,13
5,12,1.731733e6,-1.7050664070929242,-1.0931610449562763,TIME_LIMIT,130001,0,0,32,22
5,12,1.732261e6,-1.7050075994290974,-1.0931610449562763,TIME_LIMIT,130054,0,0,21,14
5,12,1.732778e6,-1.7050075994290974,-1.0931610449562763,TIME_LIMIT,130087,0,0,49,65
5,12,1.733336e6,-1.7049881926000077,-1.0931610449562763,TIME_LIMIT,130140,0,0,16,14
5,12,1.733851e6,-1.7049881926000077,-1.0931610449562763,TIME_LIMIT,130168,0,0,27,21
5,12,1.734363e6,-1.7048759487099823,-1.0931610449562763,TIME_LIMIT,130219,0,0,28,8
5,12,1.734885e6,-1.7048759487099823,-1.0931610449562763,TIME_LIMIT,130243,0,0,38,28
5,12,1.735447e6,-1.7048746947967055,-1.0931610449562763,TIME_LIMIT,130294,0,0,24,10
5,12,1.735964e6,-1.7048746947967055,-1.0931610449562763,TIME_LIMIT,130329,0,0,43,25
5,12,1.736478e6,-1.704864791349819,-1.0931610449562763,TIME_LIMIT,130374,0,0,13,10
5,12,1.73691e6,-1.704864791349819,-1.0931610449562763,TIME_LIMIT,130411,0,0,15,20
5,12,1.737425e6,-1.7047300409598587,-1.0931610449562763,TIME_LIMIT,130455,0,0,20,17
5,12,1.738095e6,-1.7047300409598587,-1.0931610449562763,TIME_LIMIT,130484,0,0,43,21
5,12,1.738756e6,-1.7046665337721583,-1.0931610449562763,TIME_LIMIT,130538,0,0,29,11
5,12,1.739404e6,-1.7046665337721583,-1.0931610449562763,TIME_LIMIT,130572,0,0,34,32
5,12,1.740003e6,-1.7046662521161526,-1.0931610449562763,TIME_LIMIT,130621,0,0,32,7
5,12,1.740552e6,-1.7046662521161526,-1.0931610449562763,TIME_LIMIT,130663,0,0,40,17
5,12,1.741094e6,-1.7046208296056715,-1.0931610449562763,TIME_LIMIT,130699,0,0,16,8
5,12,1.741633e6,-1.7046208296056715,-1.0931610449562763,TIME_LIMIT,130730,0,0,15,24
5,12,1.742163e6,-1.7046020069638392,-1.0931610449562763,TIME_LIMIT,130771,0,0,17,18
5,12,1.742691e6,-1.7046020069638392,-1.0931610449562763,TIME_LIMIT,130799,0,0,24,25
5,12,1.743262e6,-1.704569542589395,-1.0931610449562763,TIME_LIMIT,130857,0,0,31,14
5,12,1.743832e6,-1.704569542589395,-1.0931610449562763,TIME_LIMIT,130888,0,0,25,17
5,12,1.744347e6,-1.7045294030381073,-1.0931610449562763,TIME_LIMIT,130933,0,0,28,16
5,12,1.744903e6,-1.7045294030381073,-1.0931610449562763,TIME_LIMIT,130966,0,0,40,29
5,12,1.745417e6,-1.7044413221926074,-1.0931610449562763,TIME_LIMIT,131010,0,0,21,6
5,12,1.745934e6,-1.7044413221926074,-1.0931610449562763,TIME_LIMIT,131050,0,0,50,46
5,12,1.746449e6,-1.7044369875887435,-1.0931610449562763,TIME_LIMIT,131107,0,0,34,16
5,12,1.747019e6,-1.7044369875887435,-1.0931610449562763,TIME_LIMIT,131152,0,0,40,13
5,12,1.747534e6,-1.7044069645755098,-1.0931610449562763,TIME_LIMIT,131188,0,0,32,12
5,12,1.747995e6,-1.7044069645755098,-1.0931610449562763,TIME_LIMIT,131225,0,0,47,25
5,12,1.74851e6,-1.7043634333459372,-1.0931610449562763,TIME_LIMIT,131277,0,0,31,15
5,12,1.749067e6,-1.7043634333459372,-1.0931610449562763,TIME_LIMIT,131314,0,0,40,32
5,12,1.749582e6,-1.7043430959778478,-1.0931610449562763,TIME_LIMIT,131367,0,0,25,19
5,12,1.750107e6,-1.7043430959778478,-1.0931610449562763,TIME_LIMIT,131402,0,0,31,35
5,12,1.750638e6,-1.704342682727892,-1.0931610449562763,TIME_LIMIT,131440,0,0,26,15
5,12,1.751151e6,-1.704342682727892,-1.0931610449562763,TIME_LIMIT,131471,0,0,33,16
5,12,1.751768e6,-1.704243649312321,-1.0931610449562763,TIME_LIMIT,131509,0,0,38,13
5,12,1.752291e6,-1.704243649312321,-1.0931610449562763,TIME_LIMIT,131546,0,0,37,49
5,12,1.752942e6,-1.7042073730193301,-1.0931610449562763,TIME_LIMIT,131602,0,0,29,12
5,12,1.753562e6,-1.7042073730193301,-1.0931610449562763,TIME_LIMIT,131635,0,0,32,31
5,12,1.754114e6,-1.7041761957176957,-1.0931610449562763,TIME_LIMIT,131669,0,0,26,15
5,12,1.754657e6,-1.7041761957176957,-1.0931610449562763,TIME_LIMIT,131697,0,0,35,23
5,12,1.755195e6,-1.7040882027291357,-1.0931610449562763,TIME_LIMIT,131741,0,0,20,8
5,12,1.755725e6,-1.7040882027291357,-1.0931610449562763,TIME_LIMIT,131785,0,0,42,15
5,12,1.756268e6,-1.704073291666999,-1.0931610449562763,TIME_LIMIT,131820,0,0,25,14
5,12,1.756794e6,-1.704073291666999,-1.0931610449562763,TIME_LIMIT,131853,0,0,15,8
5,12,1.757339e6,-1.7040619064343017,-1.0931610449562763,TIME_LIMIT,131905,0,0,29,16
5,12,1.757869e6,-1.7040619064343017,-1.0931610449562763,TIME_LIMIT,131936,0,0,36,28
5,12,1.758382e6,-1.7039731022334315,-1.0931610449562763,TIME_LIMIT,131988,0,0,34,15
5,12,1.758911e6,-1.7039731022334315,-1.0931610449562763,TIME_LIMIT,132014,0,0,32,17
5,12,1.7594e6,-1.7039306385994313,-1.0931610449562763,TIME_LIMIT,132058,0,0,19,7
5,12,1.759929e6,-1.7039306385994313,-1.0931610449562763,TIME_LIMIT,132090,0,0,34,31
5,12,1.760443e6,-1.7039233918756604,-1.0931610449562763,TIME_LIMIT,132145,0,0,35,13
5,12,1.760968e6,-1.7039233918756604,-1.0931610449562763,TIME_LIMIT,132184,0,0,25,24
5,12,1.761511e6,-1.7038976365293503,-1.0931610449562763,TIME_LIMIT,132219,0,0,29,10
5,12,1.762028e6,-1.7038976365293503,-1.0931610449562763,TIME_LIMIT,132258,0,0,30,15
5,12,1.762542e6,-1.703869494764037,-1.0931610449562763,TIME_LIMIT,132295,0,0,30,11
5,12,1.763081e6,-1.703869494764037,-1.0931610449562763,TIME_LIMIT,132333,0,0,35,18
5,12,1.763623e6,-1.7038631476941717,-1.0931610449562763,TIME_LIMIT,132365,0,0,28,13
5,12,1.764139e6,-1.7038631476941717,-1.0931610449562763,TIME_LIMIT,132404,0,0,40,50
5,12,1.764653e6,-1.7038573872035239,-1.0931610449562763,TIME_LIMIT,132457,0,0,20,6
5,12,1.765165e6,-1.7038573872035239,-1.0931610449562763,TIME_LIMIT,132483,0,0,27,15
5,12,1.765676e6,-1.7037982045809505,-1.0931610449562763,TIME_LIMIT,132530,0,0,16,4
5,12,1.766335e6,-1.7037982045809505,-1.0931610449562763,TIME_LIMIT,132559,0,0,28,29
5,12,1.766992e6,-1.7037892940323116,-1.0931610449562763,TIME_LIMIT,132607,0,0,30,16
5,12,1.767651e6,-1.7037892940323116,-1.0931610449562763,TIME_LIMIT,132645,0,0,44,23
5,12,1.768206e6,-1.7037860104106624,-1.0931610449562763,TIME_LIMIT,132693,0,0,24,8
5,12,1.768749e6,-1.7037860104106624,-1.0931610449562763,TIME_LIMIT,132717,0,0,28,19
5,12,1.769285e6,-1.7037291245487969,-1.0931610449562763,TIME_LIMIT,132767,0,0,23,9
5,12,1.769819e6,-1.7037291245487969,-1.0931610449562763,TIME_LIMIT,132789,0,0,22,15
5,12,1.77034e6,-1.7036948442878348,-1.0931610449562763,TIME_LIMIT,132842,0,0,28,10
5,12,1.770879e6,-1.7036948442878348,-1.0931610449562763,TIME_LIMIT,132873,0,0,47,39
5,12,1.771438e6,-1.703691959263207,-1.0931610449562763,TIME_LIMIT,132928,0,0,32,24
5,12,1.771952e6,-1.703691959263207,-1.0931610449562763,TIME_LIMIT,132956,0,0,27,16
5,12,1.772466e6,-1.7036606685206395,-1.0931610449562763,TIME_LIMIT,133010,0,0,21,8
5,12,1.773011e6,-1.7036606685206395,-1.0931610449562763,TIME_LIMIT,133038,0,0,33,30
5,12,1.773537e6,-1.703605828333942,-1.0931610449562763,TIME_LIMIT,133092,0,0,19,8
5,12,1.774068e6,-1.703605828333942,-1.0931610449562763,TIME_LIMIT,133123,0,0,44,38
5,12,1.774581e6,-1.7035999887435713,-1.0931610449562763,TIME_LIMIT,133175,0,0,30,17
5,12,1.775131e6,-1.7035999887435713,-1.0931610449562763,TIME_LIMIT,133210,0,0,18,11
5,12,1.77565e6,-1.7035799567851189,-1.0931610449562763,TIME_LIMIT,133259,0,0,33,18
5,12,1.776164e6,-1.7035799567851189,-1.0931610449562763,TIME_LIMIT,133289,0,0,27,16
5,12,1.77668e6,-1.703563903762294,-1.0931610449562763,TIME_LIMIT,133341,0,0,35,15
5,12,1.777233e6,-1.703563903762294,-1.0931610449562763,TIME_LIMIT,133364,0,0,25,30
5,12,1.777764e6,-1.7035245647527573,-1.0931610449562763,TIME_LIMIT,133412,0,0,21,7
5,12,1.778279e6,-1.7035245647527573,-1.0931610449562763,TIME_LIMIT,133450,0,0,39,15
5,12,1.778794e6,-1.7035063300153828,-1.0931610449562763,TIME_LIMIT,133487,0,0,33,10
5,12,1.779237e6,-1.7035063300153828,-1.0931610449562763,TIME_LIMIT,133527,0,0,38,32
5,12,1.779806e6,-1.70348912979775,-1.0931610449562763,TIME_LIMIT,133576,0,0,23,14
5,12,1.780473e6,-1.70348912979775,-1.0931610449562763,TIME_LIMIT,133608,0,0,38,33
5,12,1.78112e6,-1.7034402940592088,-1.0931610449562763,TIME_LIMIT,133656,0,0,28,15
5,12,1.78175e6,-1.7034402940592088,-1.0931610449562763,TIME_LIMIT,133681,0,0,24,47
5,12,1.782316e6,-1.703422012089563,-1.0931610449562763,TIME_LIMIT,133736,0,0,32,19
5,12,1.782862e6,-1.703422012089563,-1.0931610449562763,TIME_LIMIT,133769,0,0,31,16
5,12,1.7834e6,-1.7033930400126616,-1.0931610449562763,TIME_LIMIT,133824,0,0,33,15
5,12,1.783934e6,-1.7033930400126616,-1.0931610449562763,TIME_LIMIT,133856,0,0,42,19
5,12,1.784454e6,-1.7033326876908548,-1.0931610449562763,TIME_LIMIT,133904,0,0,26,11
5,12,1.785011e6,-1.7033326876908548,-1.0931610449562763,TIME_LIMIT,133934,0,0,32,15
5,12,1.785527e6,-1.703316404804136,-1.0931610449562763,TIME_LIMIT,133985,0,0,25,12
5,12,1.786057e6,-1.703316404804136,-1.0931610449562763,TIME_LIMIT,134020,0,0,41,14
5,12,1.786615e6,-1.7033157500726246,-1.0931610449562763,TIME_LIMIT,134071,0,0,34,14
5,12,1.787129e6,-1.7033157500726246,-1.0931610449562763,TIME_LIMIT,134101,0,0,40,20
5,12,1.787642e6,-1.7033137066452022,-1.0931610449562763,TIME_LIMIT,134149,0,0,29,15
5,12,1.788155e6,-1.7033137066452022,-1.0931610449562763,TIME_LIMIT,134177,0,0,41,27
5,12,1.78871e6,-1.7033081298347497,-1.0931610449562763,TIME_LIMIT,134222,0,0,16,12
5,12,1.78924e6,-1.7033081298347497,-1.0931610449562763,TIME_LIMIT,134261,0,0,43,27
5,12,1.789756e6,-1.7033036787256064,-1.0931610449562763,TIME_LIMIT,134310,0,0,15,9
5,12,1.790282e6,-1.7033036787256064,-1.0931610449562763,TIME_LIMIT,134347,0,0,37,26
5,12,1.790825e6,-1.7033004817905784,-1.0931610449562763,TIME_LIMIT,134390,0,0,29,18
5,12,1.791339e6,-1.7033004817905784,-1.0931610449562763,TIME_LIMIT,134418,0,0,29,20
5,12,1.791857e6,-1.7032951939328058,-1.0931610449562763,TIME_LIMIT,134465,0,0,16,12
5,12,1.79235e6,-1.7032951939328058,-1.0931610449562763,TIME_LIMIT,134498,0,0,25,36
5,12,1.792878e6,-1.7032862984471808,-1.0931610449562763,TIME_LIMIT,134554,0,0,20,9
5,12,1.79352e6,-1.7032862984471808,-1.0931610449562763,TIME_LIMIT,134588,0,0,22,30
5,12,1.794182e6,-1.7032862321555693,-1.0931610449562763,TIME_LIMIT,134638,0,0,17,28
5,12,1.794831e6,-1.7032862321555693,-1.0931610449562763,TIME_LIMIT,134676,0,0,52,27
5,12,1.795413e6,-1.7032822856231378,-1.0931610449562763,TIME_LIMIT,134727,0,0,27,17
5,12,1.79596e6,-1.7032822856231378,-1.0931610449562763,TIME_LIMIT,134757,0,0,35,22
5,12,1.7965e6,-1.7032083434148921,-1.0931610449562763,TIME_LIMIT,134814,0,0,16,6
5,12,1.797052e6,-1.7032083434148921,-1.0931610449562763,TIME_LIMIT,134842,0,0,38,30
5,12,1.797577e6,-1.7032021686930578,-1.0931610449562763,TIME_LIMIT,134896,0,0,32,12
5,12,1.798124e6,-1.7032021686930578,-1.0931610449562763,TIME_LIMIT,134924,0,0,37,18
5,12,1.798657e6,-1.703192185825063,-1.0931610449562763,TIME_LIMIT,134976,0,0,27,15
5,12,1.79917e6,-1.703192185825063,-1.0931610449562763,TIME_LIMIT,135006,0,0,34,19
5,12,1.799693e6,-1.7031314622613123,-1.0931610449562763,TIME_LIMIT,135051,0,0,22,6
5,12,1.800111e6,-1.7031314622613123,-1.0931610449562763,TIME_LIMIT,135092,0,0,43,29
5,12,1.800622e6,-1.7030970239293495,-1.0931610449562763,TIME_LIMIT,135125,0,0,27,12
5,12,1.801137e6,-1.7030970239293495,-1.0931610449562763,TIME_LIMIT,135153,0,0,18,25
5,12,1.801651e6,-1.7030344184495327,-1.0931610449562763,TIME_LIMIT,135210,0,0,38,11
5,12,1.802131e6,-1.7030344184495327,-1.0931610449562763,TIME_LIMIT,135248,0,0,30,20
5,12,1.802645e6,-1.7030329857610669,-1.0931610449562763,TIME_LIMIT,135296,0,0,12,9
5,12,1.803174e6,-1.7030329857610669,-1.0931610449562763,TIME_LIMIT,135330,0,0,40,20
5,12,1.803689e6,-1.7030255183907326,-1.0931610449562763,TIME_LIMIT,135378,0,0,17,5
5,12,1.80425e6,-1.7030255183907326,-1.0931610449562763,TIME_LIMIT,135406,0,0,43,47
5,12,1.804763e6,-1.7030179322167276,-1.0931610449562763,TIME_LIMIT,135456,0,0,17,13
5,12,1.805275e6,-1.7030179322167276,-1.0931610449562763,TIME_LIMIT,135495,0,0,35,27
5,12,1.80579e6,-1.703011163812128,-1.0931610449562763,TIME_LIMIT,135528,0,0,31,26
5,12,1.806304e6,-1.703011163812128,-1.0931610449562763,TIME_LIMIT,135564,0,0,21,27
5,12,1.80693e6,-1.7029713393228783,-1.0931610449562763,TIME_LIMIT,135614,0,0,29,20
5,12,1.80749e6,-1.7029713393228783,-1.0931610449562763,TIME_LIMIT,135648,0,0,39,16
5,12,1.80816e6,-1.7028944986266288,-1.0931610449562763,TIME_LIMIT,135692,0,0,27,7
5,12,1.808773e6,-1.7028944986266288,-1.0931610449562763,TIME_LIMIT,135720,0,0,26,8
5,12,1.809317e6,-1.7028437340613929,-1.0931610449562763,TIME_LIMIT,135753,0,0,29,12
5,12,1.809558e6,-1.7028437340613929,-1.0931610449562763,TIME_LIMIT,135782,0,0,36,25
5,12,1.810095e6,-1.7028334655153958,-1.0931610449562763,TIME_LIMIT,135828,0,0,25,12
5,12,1.810633e6,-1.7028334655153958,-1.0931610449562763,TIME_LIMIT,135860,0,0,43,27
5,12,1.811161e6,-1.7028216663374487,-1.0931610449562763,TIME_LIMIT,135913,0,0,14,5
5,12,1.811705e6,-1.7028216663374487,-1.0931610449562763,TIME_LIMIT,135949,0,0,27,30
5,12,1.812251e6,-1.7028081736970537,-1.0931610449562763,TIME_LIMIT,135994,0,0,19,15
5,12,1.812768e6,-1.7028081736970537,-1.0931610449562763,TIME_LIMIT,136023,0,0,24,21
5,12,1.813299e6,-1.7028062600152278,-1.0931610449562763,TIME_LIMIT,136061,0,0,20,14
5,12,1.813622e6,-1.7028062600152278,-1.0931610449562763,TIME_LIMIT,136085,0,0,24,18
5,12,1.814064e6,-1.702767737383277,-1.0931610449562763,TIME_LIMIT,136135,0,0,28,9
5,12,1.814577e6,-1.702767737383277,-1.0931610449562763,TIME_LIMIT,136169,0,0,31,13
5,12,1.815092e6,-1.7027089900215417,-1.0931610449562763,TIME_LIMIT,136204,0,0,17,14
5,12,1.815663e6,-1.7027089900215417,-1.0931610449562763,TIME_LIMIT,136235,0,0,45,40
5,12,1.816206e6,-1.70270092122435,-1.0931610449562763,TIME_LIMIT,136290,0,0,33,20
5,12,1.816721e6,-1.70270092122435,-1.0931610449562763,TIME_LIMIT,136334,0,0,42,25
5,12,1.817236e6,-1.7026829059336073,-1.0931610449562763,TIME_LIMIT,136365,0,0,31,18
5,12,1.817791e6,-1.7026829059336073,-1.0931610449562763,TIME_LIMIT,136402,0,0,34,39
5,12,1.818306e6,-1.7025851920393191,-1.0931610449562763,TIME_LIMIT,136455,0,0,37,14
5,12,1.818821e6,-1.7025851920393191,-1.0931610449562763,TIME_LIMIT,136491,0,0,22,23
5,12,1.819348e6,-1.7025304892380488,-1.0931610449562763,TIME_LIMIT,136538,0,0,25,14
5,12,1.819863e6,-1.7025304892380488,-1.0931610449562763,TIME_LIMIT,136573,0,0,29,32
5,12,1.820488e6,-1.7025178489356236,-1.0931610449562763,TIME_LIMIT,136619,0,0,34,18
5,12,1.821148e6,-1.7025178489356236,-1.0931610449562763,TIME_LIMIT,136646,0,0,28,21
5,12,1.821824e6,-1.702483175494442,-1.0931610449562763,TIME_LIMIT,136693,0,0,10,4
5,12,1.822427e6,-1.702483175494442,-1.0931610449562763,TIME_LIMIT,136724,0,0,30,18
5,12,1.82297e6,-1.7024800310605865,-1.0931610449562763,TIME_LIMIT,136773,0,0,11,14
5,12,1.823529e6,-1.7024800310605865,-1.0931610449562763,TIME_LIMIT,136805,0,0,34,28
5,12,1.824065e6,-1.7024543962498262,-1.0931610449562763,TIME_LIMIT,136853,0,0,28,8
5,12,1.824596e6,-1.7024543962498262,-1.0931610449562763,TIME_LIMIT,136888,0,0,22,44
5,12,1.825122e6,-1.7023564339099215,-1.0931610449562763,TIME_LIMIT,136942,0,0,22,23
5,12,1.825681e6,-1.7023564339099215,-1.0931610449562763,TIME_LIMIT,136976,0,0,21,11
5,12,1.82619e6,-1.7023498567041386,-1.0931610449562763,TIME_LIMIT,137015,0,0,33,17
5,12,1.826703e6,-1.7023498567041386,-1.0931610449562763,TIME_LIMIT,137041,0,0,31,17
5,12,1.827273e6,-1.7023415507309,-1.0931610449562763,TIME_LIMIT,137094,0,0,35,19
5,12,1.827786e6,-1.7023415507309,-1.0931610449562763,TIME_LIMIT,137132,0,0,18,16
5,12,1.82831e6,-1.7023374429228961,-1.0931610449562763,TIME_LIMIT,137182,0,0,9,5
5,12,1.82877e6,-1.7023374429228961,-1.0931610449562763,TIME_LIMIT,137222,0,0,30,11
5,12,1.829306e6,-1.7022804869247816,-1.0931610449562763,TIME_LIMIT,137261,0,0,30,7
5,12,1.829822e6,-1.7022804869247816,-1.0931610449562763,TIME_LIMIT,137298,0,0,50,29
5,12,1.830334e6,-1.7022447802815066,-1.0931610449562763,TIME_LIMIT,137355,0,0,25,14
5,12,1.830848e6,-1.7022447802815066,-1.0931610449562763,TIME_LIMIT,137390,0,0,40,15
5,12,1.831404e6,-1.702225389670076,-1.0931610449562763,TIME_LIMIT,137444,0,0,16,10
5,12,1.831859e6,-1.702225389670076,-1.0931610449562763,TIME_LIMIT,137472,0,0,30,28
5,12,1.832388e6,-1.7022173655379575,-1.0931610449562763,TIME_LIMIT,137527,0,0,21,11
5,12,1.832901e6,-1.7022173655379575,-1.0931610449562763,TIME_LIMIT,137548,0,0,21,33
5,12,1.833416e6,-1.7022073738945738,-1.0931610449562763,TIME_LIMIT,137598,0,0,33,13
5,12,1.834011e6,-1.7022073738945738,-1.0931610449562763,TIME_LIMIT,137631,0,0,24,19
5,12,1.834674e6,-1.7021885814877635,-1.0931610449562763,TIME_LIMIT,137682,0,0,33,8
5,12,1.83532e6,-1.7021885814877635,-1.0931610449562763,TIME_LIMIT,137719,0,0,47,47
5,12,1.835936e6,-1.7021798950390483,-1.0931610449562763,TIME_LIMIT,137764,0,0,40,37
5,12,1.8365e6,-1.7021798950390483,-1.0931610449562763,TIME_LIMIT,137803,0,0,20,13
5,12,1.836793e6,-1.7021147820794744,-1.0931610449562763,TIME_LIMIT,137839,0,0,31,12
5,12,1.83733e6,-1.7021147820794744,-1.0931610449562763,TIME_LIMIT,137879,0,0,17,14
5,12,1.837861e6,-1.7021092683276862,-1.0931610449562763,TIME_LIMIT,137928,0,0,21,10
5,12,1.838392e6,-1.7021092683276862,-1.0931610449562763,TIME_LIMIT,137969,0,0,18,11
5,12,1.838948e6,-1.7020718746374437,-1.0931610449562763,TIME_LIMIT,137997,0,0,27,29
5,12,1.839462e6,-1.7020718746374437,-1.0931610449562763,TIME_LIMIT,138027,0,0,34,19
5,12,1.839992e6,-1.7020190157534951,-1.0931610449562763,TIME_LIMIT,138073,0,0,27,17
5,12,1.840531e6,-1.7020190157534951,-1.0931610449562763,TIME_LIMIT,138108,0,0,36,23
5,12,1.84106e6,-1.7019648432219452,-1.0931610449562763,TIME_LIMIT,138155,0,0,27,12
5,12,1.841574e6,-1.7019648432219452,-1.0931610449562763,TIME_LIMIT,138188,0,0,20,22
5,12,1.842086e6,-1.7019584887014532,-1.0931610449562763,TIME_LIMIT,138241,0,0,33,24
5,12,1.842625e6,-1.7019584887014532,-1.0931610449562763,TIME_LIMIT,138266,0,0,26,16
5,12,1.843156e6,-1.7019365110200497,-1.0931610449562763,TIME_LIMIT,138321,0,0,29,15
5,12,1.843687e6,-1.7019365110200497,-1.0931610449562763,TIME_LIMIT,138356,0,0,31,24
5,12,1.844203e6,-1.7019142664078164,-1.0931610449562763,TIME_LIMIT,138404,0,0,30,19
5,12,1.844759e6,-1.7019142664078164,-1.0931610449562763,TIME_LIMIT,138440,0,0,38,15
5,12,1.845272e6,-1.7019032404772616,-1.0931610449562763,TIME_LIMIT,138477,0,0,17,8
5,12,1.845785e6,-1.7019032404772616,-1.0931610449562763,TIME_LIMIT,138516,0,0,38,36
5,12,1.846298e6,-1.7018702243402422,-1.0931610449562763,TIME_LIMIT,138561,0,0,14,15
5,12,1.846812e6,-1.7018702243402422,-1.0931610449562763,TIME_LIMIT,138590,0,0,41,37
5,12,1.847404e6,-1.7018255014804409,-1.0931610449562763,TIME_LIMIT,138640,0,0,32,11
5,12,1.848064e6,-1.7018255014804409,-1.0931610449562763,TIME_LIMIT,138671,0,0,31,21
5,12,1.848715e6,-1.7017921328494208,-1.0931610449562763,TIME_LIMIT,138702,0,0,31,18
5,12,1.849334e6,-1.7017921328494208,-1.0931610449562763,TIME_LIMIT,138744,0,0,43,17
5,12,1.849878e6,-1.7017366115338488,-1.0931610449562763,TIME_LIMIT,138779,0,0,20,5
5,12,1.850418e6,-1.7017366115338488,-1.0931610449562763,TIME_LIMIT,138808,0,0,25,13
5,12,1.850952e6,-1.7017229334846489,-1.0931610449562763,TIME_LIMIT,138864,0,0,18,10
5,12,1.851502e6,-1.7017229334846489,-1.0931610449562763,TIME_LIMIT,138906,0,0,22,14
5,12,1.851909e6,-1.7017076821337747,-1.0931610449562763,TIME_LIMIT,138944,0,0,38,13
5,12,1.852467e6,-1.7017076821337747,-1.0931610449562763,TIME_LIMIT,138985,0,0,38,24
5,12,1.852995e6,-1.7016477977885829,-1.0931610449562763,TIME_LIMIT,139037,0,0,26,13
5,12,1.853511e6,-1.7016477977885829,-1.0931610449562763,TIME_LIMIT,139076,0,0,39,15
5,12,1.854054e6,-1.7015947179181652,-1.0931610449562763,TIME_LIMIT,139110,0,0,17,12
5,12,1.854582e6,-1.7015947179181652,-1.0931610449562763,TIME_LIMIT,139140,0,0,46,43
5,12,1.855095e6,-1.7015880035725308,-1.0931610449562763,TIME_LIMIT,139194,0,0,28,17
5,12,1.855611e6,-1.7015880035725308,-1.0931610449562763,TIME_LIMIT,139231,0,0,44,54
5,12,1.856178e6,-1.7015808642088872,-1.0931610449562763,TIME_LIMIT,139279,0,0,23,23
5,12,1.856695e6,-1.7015808642088872,-1.0931610449562763,TIME_LIMIT,139308,0,0,39,27
5,12,1.857209e6,-1.7015682227290578,-1.0931610449562763,TIME_LIMIT,139359,0,0,12,11
5,12,1.857724e6,-1.7015682227290578,-1.0931610449562763,TIME_LIMIT,139398,0,0,28,13
5,12,1.858283e6,-1.7015616218555054,-1.0931610449562763,TIME_LIMIT,139432,0,0,19,9
5,12,1.858799e6,-1.7015616218555054,-1.0931610449562763,TIME_LIMIT,139465,0,0,33,19
5,12,1.859313e6,-1.701399434414348,-1.0931610449562763,TIME_LIMIT,139501,0,0,26,12
5,12,1.859841e6,-1.701399434414348,-1.0931610449562763,TIME_LIMIT,139538,0,0,37,22
5,12,1.860355e6,-1.701338221544543,-1.0931610449562763,TIME_LIMIT,139586,0,0,30,12
5,12,1.860937e6,-1.701338221544543,-1.0931610449562763,TIME_LIMIT,139618,0,0,42,23
5,12,1.861597e6,-1.7013136770834345,-1.0931610449562763,TIME_LIMIT,139666,0,0,29,8
5,12,1.862247e6,-1.7013136770834345,-1.0931610449562763,TIME_LIMIT,139695,0,0,20,29
5,12,1.862868e6,-1.7012997599706479,-1.0931610449562763,TIME_LIMIT,139748,0,0,17,12
5,12,1.863412e6,-1.7012997599706479,-1.0931610449562763,TIME_LIMIT,139780,0,0,41,33
5,12,1.863967e6,-1.7012658127407225,-1.0931610449562763,TIME_LIMIT,139829,0,0,27,17
5,12,1.864482e6,-1.7012658127407225,-1.0931610449562763,TIME_LIMIT,139865,0,0,42,36
5,12,1.865014e6,-1.7012463132936535,-1.0931610449562763,TIME_LIMIT,139921,0,0,24,12
5,12,1.865537e6,-1.7012463132936535,-1.0931610449562763,TIME_LIMIT,139950,0,0,25,18
5,12,1.866095e6,-1.701242168644405,-1.0931610449562763,TIME_LIMIT,139999,0,0,13,6
5,12,1.866607e6,-1.701242168644405,-1.0931610449562763,TIME_LIMIT,140032,0,0,39,22
5,12,1.867119e6,-1.7011412239802917,-1.0931610449562763,TIME_LIMIT,140087,0,0,34,10
5,12,1.867677e6,-1.7011412239802917,-1.0931610449562763,TIME_LIMIT,140115,0,0,17,11
5,12,1.868207e6,-1.7011185656413546,-1.0931610449562763,TIME_LIMIT,140165,0,0,16,6
5,12,1.86872e6,-1.7011185656413546,-1.0931610449562763,TIME_LIMIT,140205,0,0,37,43
5,12,1.869234e6,-1.7010219147792793,-1.0931610449562763,TIME_LIMIT,140238,0,0,38,12
5,12,1.869627e6,-1.7010219147792793,-1.0931610449562763,TIME_LIMIT,140270,0,0,28,11
5,12,1.870175e6,-1.7009602130912547,-1.0931610449562763,TIME_LIMIT,140316,0,0,27,12
5,12,1.87069e6,-1.7009602130912547,-1.0931610449562763,TIME_LIMIT,140354,0,0,35,31
5,12,1.871204e6,-1.7009476903981582,-1.0931610449562763,TIME_LIMIT,140390,0,0,36,36
5,12,1.871758e6,-1.7009476903981582,-1.0931610449562763,TIME_LIMIT,140423,0,0,23,14
5,12,1.872273e6,-1.7009339318480348,-1.0931610449562763,TIME_LIMIT,140473,0,0,28,8
5,12,1.872785e6,-1.7009339318480348,-1.0931610449562763,TIME_LIMIT,140505,0,0,44,17
5,12,1.873298e6,-1.7009338575005326,-1.0931610449562763,TIME_LIMIT,140556,0,0,22,13
5,12,1.873824e6,-1.7009338575005326,-1.0931610449562763,TIME_LIMIT,140591,0,0,20,21
5,12,1.874409e6,-1.700916339492663,-1.0931610449562763,TIME_LIMIT,140636,0,0,25,15
5,12,1.875069e6,-1.700916339492663,-1.0931610449562763,TIME_LIMIT,140662,0,0,51,58
5,12,1.875716e6,-1.7008524668990697,-1.0931610449562763,TIME_LIMIT,140712,0,0,29,15
5,12,1.876335e6,-1.7008524668990697,-1.0931610449562763,TIME_LIMIT,140744,0,0,32,8
5,12,1.87688e6,-1.7008493921739574,-1.0931610449562763,TIME_LIMIT,140789,0,0,30,14
5,12,1.877421e6,-1.7008493921739574,-1.0931610449562763,TIME_LIMIT,140821,0,0,14,12
5,12,1.877973e6,-1.700815742252009,-1.0931610449562763,TIME_LIMIT,140872,0,0,19,9
5,12,1.878506e6,-1.700815742252009,-1.0931610449562763,TIME_LIMIT,140900,0,0,42,14
5,12,1.879027e6,-1.7007998179544406,-1.0931610449562763,TIME_LIMIT,140952,0,0,29,7
5,12,1.879578e6,-1.7007998179544406,-1.0931610449562763,TIME_LIMIT,140985,0,0,34,15
5,12,1.88009e6,-1.7007884925830685,-1.0931610449562763,TIME_LIMIT,141026,0,0,42,12
5,12,1.880601e6,-1.7007884925830685,-1.0931610449562763,TIME_LIMIT,141063,0,0,37,14
5,12,1.881154e6,-1.7007828773291545,-1.0931610449562763,TIME_LIMIT,141099,0,0,35,8
5,12,1.881684e6,-1.7007828773291545,-1.0931610449562763,TIME_LIMIT,141128,0,0,21,9
5,12,1.882155e6,-1.7007709420721635,-1.0931610449562763,TIME_LIMIT,141174,0,0,13,4
5,12,1.882665e6,-1.7007709420721635,-1.0931610449562763,TIME_LIMIT,141207,0,0,34,15
5,12,1.88322e6,-1.7007306876742978,-1.0931610449562763,TIME_LIMIT,141255,0,0,30,20
5,12,1.883733e6,-1.7007306876742978,-1.0931610449562763,TIME_LIMIT,141291,0,0,28,37
5,12,1.884246e6,-1.700728426029335,-1.0931610449562763,TIME_LIMIT,141324,0,0,30,25
5,12,1.884771e6,-1.700728426029335,-1.0931610449562763,TIME_LIMIT,141351,0,0,19,15
5,12,1.885316e6,-1.7006969712721907,-1.0931610449562763,TIME_LIMIT,141402,0,0,29,12
5,12,1.885846e6,-1.7006969712721907,-1.0931610449562763,TIME_LIMIT,141430,0,0,35,23
5,12,1.886341e6,-1.7006947325199133,-1.0931610449562763,TIME_LIMIT,141484,0,0,26,11
5,12,1.886857e6,-1.7006947325199133,-1.0931610449562763,TIME_LIMIT,141511,0,0,31,23
5,12,1.887366e6,-1.7006632023783517,-1.0931610449562763,TIME_LIMIT,141562,0,0,22,12
5,12,1.887898e6,-1.7006632023783517,-1.0931610449562763,TIME_LIMIT,141595,0,0,45,38
5,12,1.888559e6,-1.7005825326451778,-1.0931610449562763,TIME_LIMIT,141649,0,0,22,10
5,12,1.889205e6,-1.7005825326451778,-1.0931610449562763,TIME_LIMIT,141680,0,0,23,21
5,12,1.889802e6,-1.7005362330330136,-1.0931610449562763,TIME_LIMIT,141726,0,0,22,11
5,12,1.890345e6,-1.7005362330330136,-1.0931610449562763,TIME_LIMIT,141753,0,0,30,17
5,12,1.890879e6,-1.700531338671925,-1.0931610449562763,TIME_LIMIT,141801,0,0,27,11
5,12,1.891411e6,-1.700531338671925,-1.0931610449562763,TIME_LIMIT,141826,0,0,37,12
5,12,1.891959e6,-1.700487338965808,-1.0931610449562763,TIME_LIMIT,141880,0,0,18,10
5,12,1.892486e6,-1.700487338965808,-1.0931610449562763,TIME_LIMIT,141921,0,0,41,16
5,12,1.893042e6,-1.7004519384709977,-1.0931610449562763,TIME_LIMIT,141966,0,0,38,12
5,12,1.893555e6,-1.7004519384709977,-1.0931610449562763,TIME_LIMIT,142010,0,0,42,23
5,12,1.89407e6,-1.7004276515593135,-1.0931610449562763,TIME_LIMIT,142063,0,0,13,13
5,12,1.894626e6,-1.7004276515593135,-1.0931610449562763,TIME_LIMIT,142091,0,0,35,41
5,12,1.895138e6,-1.7003779967843937,-1.0931610449562763,TIME_LIMIT,142145,0,0,31,11
5,12,1.895668e6,-1.7003779967843937,-1.0931610449562763,TIME_LIMIT,142179,0,0,32,32
5,12,1.896182e6,-1.7003758992397036,-1.0931610449562763,TIME_LIMIT,142230,0,0,18,7
5,12,1.896738e6,-1.7003758992397036,-1.0931610449562763,TIME_LIMIT,142265,0,0,37,18
5,12,1.897252e6,-1.7003611899322164,-1.0931610449562763,TIME_LIMIT,142313,0,0,31,12
5,12,1.897768e6,-1.7003611899322164,-1.0931610449562763,TIME_LIMIT,142348,0,0,21,23
5,12,1.898282e6,-1.7003255319095822,-1.0931610449562763,TIME_LIMIT,142401,0,0,14,8
5,12,1.898838e6,-1.7003255319095822,-1.0931610449562763,TIME_LIMIT,142433,0,0,37,28
5,12,1.899251e6,-1.7003146266342875,-1.0931610449562763,TIME_LIMIT,142467,0,0,38,16
5,12,1.899762e6,-1.7003146266342875,-1.0931610449562763,TIME_LIMIT,142492,0,0,12,2
5,12,1.900202e6,-1.7002639185260549,-1.0931610449562763,TIME_LIMIT,142529,0,0,26,5
5,12,1.900719e6,-1.7002639185260549,-1.0931610449562763,TIME_LIMIT,142568,0,0,46,39
5,12,1.901249e6,-1.7002304706306781,-1.0931610449562763,TIME_LIMIT,142619,0,0,30,17
5,12,1.901916e6,-1.7002304706306781,-1.0931610449562763,TIME_LIMIT,142650,0,0,37,20
5,12,1.902571e6,-1.7002194556955434,-1.0931610449562763,TIME_LIMIT,142700,0,0,29,9
5,12,1.903228e6,-1.7002194556955434,-1.0931610449562763,TIME_LIMIT,142741,0,0,36,29
5,12,1.90378e6,-1.7001698338117435,-1.0931610449562763,TIME_LIMIT,142792,0,0,36,18
5,12,1.904323e6,-1.7001698338117435,-1.0931610449562763,TIME_LIMIT,142822,0,0,27,24
5,12,1.90486e6,-1.7001521589235167,-1.0931610449562763,TIME_LIMIT,142875,0,0,16,11
5,12,1.905389e6,-1.7001521589235167,-1.0931610449562763,TIME_LIMIT,142905,0,0,31,40
5,12,1.905913e6,-1.7001421322285128,-1.0931610449562763,TIME_LIMIT,142958,0,0,28,14
5,12,1.90648e6,-1.7001421322285128,-1.0931610449562763,TIME_LIMIT,142993,0,0,29,26
5,12,1.907009e6,-1.7001412620935341,-1.0931610449562763,TIME_LIMIT,143033,0,0,34,26
5,12,1.90752e6,-1.7001412620935341,-1.0931610449562763,TIME_LIMIT,143071,0,0,27,14
5,12,1.908071e6,-1.7001078027866954,-1.0931610449562763,TIME_LIMIT,143112,0,0,36,8
5,12,1.90859e6,-1.7001078027866954,-1.0931610449562763,TIME_LIMIT,143142,0,0,40,23
5,12,1.909015e6,-1.7000960956578783,-1.0931610449562763,TIME_LIMIT,143192,0,0,27,13
5,12,1.90953e6,-1.7000960956578783,-1.0931610449562763,TIME_LIMIT,143229,0,0,28,20
5,12,1.910064e6,-1.700075232302601,-1.0931610449562763,TIME_LIMIT,143271,0,0,23,7
5,12,1.910598e6,-1.700075232302601,-1.0931610449562763,TIME_LIMIT,143306,0,0,15,18
5,12,1.911113e6,-1.7000624031534788,-1.0931610449562763,TIME_LIMIT,143349,0,0,16,3
5,12,1.911626e6,-1.7000624031534788,-1.0931610449562763,TIME_LIMIT,143390,0,0,41,20
5,12,1.912181e6,-1.7000466948441069,-1.0931610449562763,TIME_LIMIT,143445,0,0,27,14
5,12,1.912713e6,-1.7000466948441069,-1.0931610449562763,TIME_LIMIT,143475,0,0,32,9
5,12,1.913225e6,-1.7000273625952775,-1.0931610449562763,TIME_LIMIT,143521,0,0,28,13
5,12,1.913739e6,-1.7000273625952775,-1.0931610449562763,TIME_LIMIT,143550,0,0,40,30
5,12,1.914253e6,-1.6999974180909514,-1.0931610449562763,TIME_LIMIT,143608,0,0,29,11
5,12,1.914815e6,-1.6999974180909514,-1.0931610449562763,TIME_LIMIT,143639,0,0,42,20
5,12,1.915477e6,-1.699975410566286,-1.0931610449562763,TIME_LIMIT,143687,0,0,29,10
5,12,1.916125e6,-1.699975410566286,-1.0931610449562763,TIME_LIMIT,143722,0,0,35,29
5,12,1.916774e6,-1.6999708120340642,-1.0931610449562763,TIME_LIMIT,143777,0,0,27,18
5,12,1.917127e6,-1.6999708120340642,-1.0931610449562763,TIME_LIMIT,143814,0,0,47,38
5,12,1.917668e6,-1.6999126256973718,-1.0931610449562763,TIME_LIMIT,143871,0,0,33,12
5,12,1.918206e6,-1.6999126256973718,-1.0931610449562763,TIME_LIMIT,143906,0,0,42,40
5,12,1.918742e6,-1.6998962985604948,-1.0931610449562763,TIME_LIMIT,143964,0,0,33,12
5,12,1.919289e6,-1.6998962985604948,-1.0931610449562763,TIME_LIMIT,143999,0,0,37,24
5,12,1.919847e6,-1.6998746174990416,-1.0931610449562763,TIME_LIMIT,144064,0,0,36,9
5,12,1.92036e6,-1.6998746174990416,-1.0931610449562763,TIME_LIMIT,144098,0,0,37,19
5,12,1.920874e6,-1.6998139685529083,-1.0931610449562763,TIME_LIMIT,144150,0,0,33,13
5,12,1.921414e6,-1.6998139685529083,-1.0931610449562763,TIME_LIMIT,144181,0,0,45,37
5,12,1.921939e6,-1.6997520147404634,-1.0931610449562763,TIME_LIMIT,144232,0,0,17,14
5,12,1.922453e6,-1.6997520147404634,-1.0931610449562763,TIME_LIMIT,144261,0,0,38,47
5,12,1.922963e6,-1.699746719228929,-1.0931610449562763,TIME_LIMIT,144306,0,0,19,11
5,12,1.92352e6,-1.699746719228929,-1.0931610449562763,TIME_LIMIT,144336,0,0,33,28
5,12,1.92405e6,-1.6997315187633297,-1.0931610449562763,TIME_LIMIT,144389,0,0,32,17
5,12,1.924568e6,-1.6997315187633297,-1.0931610449562763,TIME_LIMIT,144421,0,0,22,27
5,12,1.925082e6,-1.6997051471132885,-1.0931610449562763,TIME_LIMIT,144477,0,0,33,17
5,12,1.925635e6,-1.6997051471132885,-1.0931610449562763,TIME_LIMIT,144512,0,0,35,16
5,12,1.926148e6,-1.6996818608067614,-1.0931610449562763,TIME_LIMIT,144560,0,0,21,15
5,12,1.926563e6,-1.6996818608067614,-1.0931610449562763,TIME_LIMIT,144586,0,0,29,19
5,12,1.927075e6,-1.6996706653604041,-1.0931610449562763,TIME_LIMIT,144629,0,0,19,9
5,12,1.927587e6,-1.6996706653604041,-1.0931610449562763,TIME_LIMIT,144667,0,0,31,15
5,12,1.928107e6,-1.6996630404278736,-1.0931610449562763,TIME_LIMIT,144698,0,0,15,7
5,12,1.928783e6,-1.6996630404278736,-1.0931610449562763,TIME_LIMIT,144727,0,0,37,30
5,12,1.929444e6,-1.6996519948533,-1.0931610449562763,TIME_LIMIT,144782,0,0,28,17
5,12,1.93009e6,-1.6996519948533,-1.0931610449562763,TIME_LIMIT,144822,0,0,44,50
5,12,1.930647e6,-1.6996511093877595,-1.0931610449562763,TIME_LIMIT,144866,0,0,31,13
5,12,1.931188e6,-1.6996511093877595,-1.0931610449562763,TIME_LIMIT,144902,0,0,32,10
5,12,1.931725e6,-1.6996472725035177,-1.0931610449562763,TIME_LIMIT,144939,0,0,31,9
5,12,1.93226e6,-1.6996472725035177,-1.0931610449562763,TIME_LIMIT,144973,0,0,31,42
5,12,1.932784e6,-1.6996455928889482,-1.0931610449562763,TIME_LIMIT,145016,0,0,41,23
5,12,1.933323e6,-1.6996455928889482,-1.0931610449562763,TIME_LIMIT,145052,0,0,47,21
5,12,1.933865e6,-1.6996410697987738,-1.0931610449562763,TIME_LIMIT,145096,0,0,30,15
5,12,1.9344e6,-1.6996410697987738,-1.0931610449562763,TIME_LIMIT,145135,0,0,37,36
5,12,1.934913e6,-1.699631253704021,-1.0931610449562763,TIME_LIMIT,145182,0,0,27,11
5,12,1.935434e6,-1.699631253704021,-1.0931610449562763,TIME_LIMIT,145211,0,0,26,12
5,12,1.935978e6,-1.6996145677692984,-1.0931610449562763,TIME_LIMIT,145262,0,0,24,8
5,12,1.93629e6,-1.6996145677692984,-1.0931610449562763,TIME_LIMIT,145285,0,0,25,19
5,12,1.93674e6,-1.6995800123778146,-1.0931610449562763,TIME_LIMIT,145332,0,0,23,5
5,12,1.937267e6,-1.6995800123778146,-1.0931610449562763,TIME_LIMIT,145364,0,0,18,8
5,12,1.937824e6,-1.6995729498647747,-1.0931610449562763,TIME_LIMIT,145394,0,0,34,12
5,12,1.938179e6,-1.6995729498647747,-1.0931610449562763,TIME_LIMIT,145429,0,0,27,31
5,12,1.938693e6,-1.699572839416696,-1.0931610449562763,TIME_LIMIT,145480,0,0,28,12
5,12,1.939207e6,-1.699572839416696,-1.0931610449562763,TIME_LIMIT,145515,0,0,37,62
5,12,1.93978e6,-1.6995644638513787,-1.0931610449562763,TIME_LIMIT,145572,0,0,35,29
5,12,1.940254e6,-1.6995644638513787,-1.0931610449562763,TIME_LIMIT,145610,0,0,34,30
5,12,1.940768e6,-1.6995275315074092,-1.0931610449562763,TIME_LIMIT,145664,0,0,19,9
5,12,1.941281e6,-1.6995275315074092,-1.0931610449562763,TIME_LIMIT,145701,0,0,23,8
5,12,1.941793e6,-1.699526486111071,-1.0931610449562763,TIME_LIMIT,145740,0,0,34,13
5,12,1.942319e6,-1.699526486111071,-1.0931610449562763,TIME_LIMIT,145777,0,0,40,28
5,12,1.942982e6,-1.6995146334796005,-1.0931610449562763,TIME_LIMIT,145830,0,0,29,18
5,12,1.943641e6,-1.6995146334796005,-1.0931610449562763,TIME_LIMIT,145863,0,0,44,22
5,12,1.94428e6,-1.6995080630339165,-1.0931610449562763,TIME_LIMIT,145909,0,0,27,7
5,12,1.944856e6,-1.6995080630339165,-1.0931610449562763,TIME_LIMIT,145942,0,0,23,30
5,12,1.945401e6,-1.6994706343329908,-1.0931610449562763,TIME_LIMIT,145993,0,0,15,7
5,12,1.945939e6,-1.6994706343329908,-1.0931610449562763,TIME_LIMIT,146030,0,0,45,34
5,12,1.946474e6,-1.699467398504472,-1.0931610449562763,TIME_LIMIT,146080,0,0,23,18
5,12,1.946999e6,-1.699467398504472,-1.0931610449562763,TIME_LIMIT,146115,0,0,40,30
5,12,1.947518e6,-1.6994545583757172,-1.0931610449562763,TIME_LIMIT,146169,0,0,31,8
5,12,1.948062e6,-1.6994545583757172,-1.0931610449562763,TIME_LIMIT,146204,0,0,26,20
5,12,1.948605e6,-1.6994476809526886,-1.0931610449562763,TIME_LIMIT,146245,0,0,28,14
5,12,1.94912e6,-1.6994476809526886,-1.0931610449562763,TIME_LIMIT,146281,0,0,21,17
5,12,1.94966e6,-1.6994228781671072,-1.0931610449562763,TIME_LIMIT,146326,0,0,32,4
5,12,1.95019e6,-1.6994228781671072,-1.0931610449562763,TIME_LIMIT,146354,0,0,31,21
5,12,1.950703e6,-1.6993563424446607,-1.0931610449562763,TIME_LIMIT,146401,0,0,29,10
5,12,1.951217e6,-1.6993563424446607,-1.0931610449562763,TIME_LIMIT,146434,0,0,40,21
5,12,1.951753e6,-1.6993538443423568,-1.0931610449562763,TIME_LIMIT,146481,0,0,18,13
5,12,1.952285e6,-1.6993538443423568,-1.0931610449562763,TIME_LIMIT,146518,0,0,42,26
5,12,1.952816e6,-1.69932636563085,-1.0931610449562763,TIME_LIMIT,146569,0,0,29,12
5,12,1.953333e6,-1.69932636563085,-1.0931610449562763,TIME_LIMIT,146600,0,0,31,33
5,12,1.953888e6,-1.6992626647221476,-1.0931610449562763,TIME_LIMIT,146643,0,0,27,13
5,12,1.954129e6,-1.6992626647221476,-1.0931610449562763,TIME_LIMIT,146668,0,0,24,13
5,12,1.954643e6,-1.6992580411086862,-1.0931610449562763,TIME_LIMIT,146711,0,0,19,10
5,12,1.955156e6,-1.6992580411086862,-1.0931610449562763,TIME_LIMIT,146745,0,0,39,21
5,12,1.95567e6,-1.6992296722674267,-1.0931610449562763,TIME_LIMIT,146792,0,0,27,9
5,12,1.956183e6,-1.6992296722674267,-1.0931610449562763,TIME_LIMIT,146823,0,0,28,15
5,12,1.95682e6,-1.699128866930099,-1.0931610449562763,TIME_LIMIT,146874,0,0,26,17
5,12,1.957501e6,-1.699128866930099,-1.0931610449562763,TIME_LIMIT,146902,0,0,33,30
5,12,1.95815e6,-1.699112253095721,-1.0931610449562763,TIME_LIMIT,146947,0,0,28,9
5,12,1.958718e6,-1.699112253095721,-1.0931610449562763,TIME_LIMIT,146986,0,0,17,11
5,12,1.959263e6,-1.6990723558864558,-1.0931610449562763,TIME_LIMIT,147028,0,0,37,20
5,12,1.959803e6,-1.6990723558864558,-1.0931610449562763,TIME_LIMIT,147065,0,0,47,30
5,12,1.960342e6,-1.699055906157544,-1.0931610449562763,TIME_LIMIT,147122,0,0,21,12
5,12,1.960871e6,-1.699055906157544,-1.0931610449562763,TIME_LIMIT,147147,0,0,35,37
5,12,1.961414e6,-1.6990468950590196,-1.0931610449562763,TIME_LIMIT,147191,0,0,14,5
5,12,1.961938e6,-1.6990468950590196,-1.0931610449562763,TIME_LIMIT,147226,0,0,27,21
5,12,1.962496e6,-1.6990257073524937,-1.0931610449562763,TIME_LIMIT,147276,0,0,15,10
5,12,1.96301e6,-1.6990257073524937,-1.0931610449562763,TIME_LIMIT,147303,0,0,32,38
5,12,1.963524e6,-1.6990082180456687,-1.0931610449562763,TIME_LIMIT,147359,0,0,28,20
5,12,1.964081e6,-1.6990082180456687,-1.0931610449562763,TIME_LIMIT,147387,0,0,41,37
5,12,1.964597e6,-1.6989465757149451,-1.0931610449562763,TIME_LIMIT,147445,0,0,30,11
5,12,1.965109e6,-1.6989465757149451,-1.0931610449562763,TIME_LIMIT,147478,0,0,44,45
5,12,1.965639e6,-1.698891505938691,-1.0931610449562763,TIME_LIMIT,147530,0,0,33,18
5,12,1.966197e6,-1.698891505938691,-1.0931610449562763,TIME_LIMIT,147561,0,0,15,22
5,12,1.966712e6,-1.6988733158142426,-1.0931610449562763,TIME_LIMIT,147609,0,0,29,19
5,12,1.967225e6,-1.6988733158142426,-1.0931610449562763,TIME_LIMIT,147646,0,0,37,11
5,12,1.967741e6,-1.6988498678854276,-1.0931610449562763,TIME_LIMIT,147678,0,0,24,7
5,12,1.968296e6,-1.6988498678854276,-1.0931610449562763,TIME_LIMIT,147709,0,0,22,21
5,12,1.968809e6,-1.6988345887094796,-1.0931610449562763,TIME_LIMIT,147759,0,0,23,16
5,12,1.969322e6,-1.6988345887094796,-1.0931610449562763,TIME_LIMIT,147782,0,0,26,15
5,12,1.969855e6,-1.6988287655526535,-1.0931610449562763,TIME_LIMIT,147835,0,0,27,11
5,12,1.97037e6,-1.6988287655526535,-1.0931610449562763,TIME_LIMIT,147871,0,0,52,52
5,12,1.971011e6,-1.6988180993706727,-1.0931610449562763,TIME_LIMIT,147922,0,0,31,15
5,12,1.97167e6,-1.6988180993706727,-1.0931610449562763,TIME_LIMIT,147958,0,0,33,13
5,12,1.972323e6,-1.6987604008262334,-1.0931610449562763,TIME_LIMIT,148000,0,0,30,11
5,12,1.972898e6,-1.6987604008262334,-1.0931610449562763,TIME_LIMIT,148046,0,0,36,14
5,12,1.973444e6,-1.6987512832601015,-1.0931610449562763,TIME_LIMIT,148088,0,0,32,17
5,12,1.974002e6,-1.6987512832601015,-1.0931610449562763,TIME_LIMIT,148124,0,0,35,18
5,12,1.974539e6,-1.6987398614968987,-1.0931610449562763,TIME_LIMIT,148163,0,0,32,22
5,12,1.975066e6,-1.6987398614968987,-1.0931610449562763,TIME_LIMIT,148192,0,0,31,25
5,12,1.975617e6,-1.6987252132026125,-1.0931610449562763,TIME_LIMIT,148239,0,0,20,10
5,12,1.976139e6,-1.6987252132026125,-1.0931610449562763,TIME_LIMIT,148273,0,0,30,24
5,12,1.976654e6,-1.6987069002867587,-1.0931610449562763,TIME_LIMIT,148322,0,0,26,25
5,12,1.977191e6,-1.6987069002867587,-1.0931610449562763,TIME_LIMIT,148359,0,0,38,33
5,12,1.977721e6,-1.698692203673003,-1.0931610449562763,TIME_LIMIT,148406,0,0,16,13
5,12,1.978265e6,-1.698692203673003,-1.0931610449562763,TIME_LIMIT,148430,0,0,39,31
5,12,1.978816e6,-1.6986682287841863,-1.0931610449562763,TIME_LIMIT,148480,0,0,29,14
5,12,1.979371e6,-1.6986682287841863,-1.0931610449562763,TIME_LIMIT,148521,0,0,39,24
5,12,1.979828e6,-1.698659225059237,-1.0931610449562763,TIME_LIMIT,148559,0,0,37,11
5,12,1.980342e6,-1.698659225059237,-1.0931610449562763,TIME_LIMIT,148586,0,0,25,15
5,12,1.980859e6,-1.6986254565279963,-1.0931610449562763,TIME_LIMIT,148640,0,0,26,10
5,12,1.981414e6,-1.6986254565279963,-1.0931610449562763,TIME_LIMIT,148677,0,0,32,18
5,12,1.981928e6,-1.6986148402672254,-1.0931610449562763,TIME_LIMIT,148716,0,0,29,11
5,12,1.982441e6,-1.6986148402672254,-1.0931610449562763,TIME_LIMIT,148753,0,0,34,18
5,12,1.982954e6,-1.6985850135244438,-1.0931610449562763,TIME_LIMIT,148789,0,0,21,7
5,12,1.983485e6,-1.6985850135244438,-1.0931610449562763,TIME_LIMIT,148819,0,0,28,25
5,12,1.984072e6,-1.6985641510789353,-1.0931610449562763,TIME_LIMIT,148870,0,0,31,24
5,12,1.98475e6,-1.6985641510789353,-1.0931610449562763,TIME_LIMIT,148909,0,0,40,20
5,12,1.985395e6,-1.698563305310295,-1.0931610449562763,TIME_LIMIT,148948,0,0,36,13
5,12,1.986007e6,-1.698563305310295,-1.0931610449562763,TIME_LIMIT,148990,0,0,33,16
5,12,1.986554e6,-1.6985238230270763,-1.0931610449562763,TIME_LIMIT,149023,0,0,36,13
5,12,1.987094e6,-1.6985238230270763,-1.0931610449562763,TIME_LIMIT,149055,0,0,34,22
5,12,1.98763e6,-1.6985080069126643,-1.0931610449562763,TIME_LIMIT,149107,0,0,26,19
5,12,1.988176e6,-1.6985080069126643,-1.0931610449562763,TIME_LIMIT,149146,0,0,32,16
5,12,1.988699e6,-1.6984417701641874,-1.0931610449562763,TIME_LIMIT,149188,0,0,30,5
5,12,1.98926e6,-1.6984417701641874,-1.0931610449562763,TIME_LIMIT,149221,0,0,35,12
5,12,1.989775e6,-1.6984368787557658,-1.0931610449562763,TIME_LIMIT,149263,0,0,37,7
5,12,1.99029e6,-1.6984368787557658,-1.0931610449562763,TIME_LIMIT,149290,0,0,47,39
5,12,1.990847e6,-1.6983997269006654,-1.0931610449562763,TIME_LIMIT,149344,0,0,30,13
5,12,1.991365e6,-1.6983997269006654,-1.0931610449562763,TIME_LIMIT,149369,0,0,34,57
5,12,1.991879e6,-1.698393931168118,-1.0931610449562763,TIME_LIMIT,149424,0,0,35,13
5,12,1.992408e6,-1.698393931168118,-1.0931610449562763,TIME_LIMIT,149459,0,0,48,23
5,12,1.992965e6,-1.6983639593137871,-1.0931610449562763,TIME_LIMIT,149512,0,0,27,11
5,12,1.99348e6,-1.6983639593137871,-1.0931610449562763,TIME_LIMIT,149552,0,0,25,16
5,12,1.993992e6,-1.698363069782232,-1.0931610449562763,TIME_LIMIT,149584,0,0,14,8
5,12,1.994506e6,-1.698363069782232,-1.0931610449562763,TIME_LIMIT,149616,0,0,34,31
5,12,1.995061e6,-1.6983630478800105,-1.0931610449562763,TIME_LIMIT,149670,0,0,36,17
5,12,1.995575e6,-1.6983630478800105,-1.0931610449562763,TIME_LIMIT,149711,0,0,37,23
5,12,1.996088e6,-1.6982942145349518,-1.0931610449562763,TIME_LIMIT,149747,0,0,17,10
5,12,1.99662e6,-1.6982942145349518,-1.0931610449562763,TIME_LIMIT,149779,0,0,35,29
5,12,1.997136e6,-1.6982915755213708,-1.0931610449562763,TIME_LIMIT,149827,0,0,34,12
5,12,1.997774e6,-1.6982915755213708,-1.0931610449562763,TIME_LIMIT,149859,0,0,28,17
5,12,1.998435e6,-1.69828809921929,-1.0931610449562763,TIME_LIMIT,149902,0,0,25,8
5,12,1.999076e6,-1.69828809921929,-1.0931610449562763,TIME_LIMIT,149938,0,0,33,18
5,12,1.999523e6,-1.6982862466407525,-1.0931610449562763,TIME_LIMIT,149982,0,0,34,13
5,12,1.999939e6,-1.6982862466407525,-1.0931610449562763,TIME_LIMIT,150015,0,0,45,42
5,12,2.000485e6,-1.698279763522575,-1.0931610449562763,TIME_LIMIT,150065,0,0,25,16
5,12,2.001042e6,-1.698279763522575,-1.0931610449562763,TIME_LIMIT,150100,0,0,23,14
5,12,2.001577e6,-1.6982538134369096,-1.0931610449562763,TIME_LIMIT,150130,0,0,21,16
5,12,2.002104e6,-1.6982538134369096,-1.0931610449562763,TIME_LIMIT,150161,0,0,30,21
5,12,2.002664e6,-1.6982373232056984,-1.0931610449562763,TIME_LIMIT,150209,0,0,27,13
5,12,2.003065e6,-1.6982373232056984,-1.0931610449562763,TIME_LIMIT,150240,0,0,37,24
5,12,2.00358e6,-1.698183288194911,-1.0931610449562763,TIME_LIMIT,150290,0,0,16,10
5,12,2.004137e6,-1.698183288194911,-1.0931610449562763,TIME_LIMIT,150320,0,0,38,30
5,12,2.004651e6,-1.697984436097642,-1.0931610449562763,TIME_LIMIT,150367,0,0,28,12
5,12,2.005165e6,-1.697984436097642,-1.0931610449562763,TIME_LIMIT,150408,0,0,32,24
5,12,2.00568e6,-1.6979435859896592,-1.0931610449562763,TIME_LIMIT,150462,0,0,20,11
5,12,2.006235e6,-1.6979435859896592,-1.0931610449562763,TIME_LIMIT,150491,0,0,25,26
5,12,2.006748e6,-1.69790992827403,-1.0931610449562763,TIME_LIMIT,150525,0,0,27,6
5,12,2.007279e6,-1.69790992827403,-1.0931610449562763,TIME_LIMIT,150565,0,0,43,43
5,12,2.007793e6,-1.6978625558549039,-1.0931610449562763,TIME_LIMIT,150599,0,0,31,39
5,12,2.008347e6,-1.6978625558549039,-1.0931610449562763,TIME_LIMIT,150640,0,0,18,12
5,12,2.008861e6,-1.6978314234854153,-1.0931610449562763,TIME_LIMIT,150668,0,0,29,8
5,12,2.009375e6,-1.6978314234854153,-1.0931610449562763,TIME_LIMIT,150701,0,0,41,39
5,12,2.009888e6,-1.6978257640689414,-1.0931610449562763,TIME_LIMIT,150754,0,0,16,10
5,12,2.010401e6,-1.6978257640689414,-1.0931610449562763,TIME_LIMIT,150793,0,0,39,19
5,12,2.01102e6,-1.6978168005807797,-1.0931610449562763,TIME_LIMIT,150850,0,0,20,11
5,12,2.011698e6,-1.6978168005807797,-1.0931610449562763,TIME_LIMIT,150882,0,0,35,23
5,12,2.012343e6,-1.6977761506129727,-1.0931610449562763,TIME_LIMIT,150927,0,0,31,9
5,12,2.012939e6,-1.6977761506129727,-1.0931610449562763,TIME_LIMIT,150967,0,0,40,24
5,12,2.013487e6,-1.6977591647151558,-1.0931610449562763,TIME_LIMIT,151018,0,0,30,16
5,12,2.014025e6,-1.6977591647151558,-1.0931610449562763,TIME_LIMIT,151050,0,0,38,28
5,12,2.01456e6,-1.697745878773442,-1.0931610449562763,TIME_LIMIT,151102,0,0,35,6
5,12,2.015084e6,-1.697745878773442,-1.0931610449562763,TIME_LIMIT,151131,0,0,40,58
5,12,2.015614e6,-1.6977453260487962,-1.0931610449562763,TIME_LIMIT,151180,0,0,31,22
5,12,2.016176e6,-1.6977453260487962,-1.0931610449562763,TIME_LIMIT,151208,0,0,36,18
5,12,2.016693e6,-1.697723456883671,-1.0931610449562763,TIME_LIMIT,151256,0,0,27,12
5,12,2.017209e6,-1.697723456883671,-1.0931610449562763,TIME_LIMIT,151293,0,0,35,42
5,12,2.017767e6,-1.6977125641236006,-1.0931610449562763,TIME_LIMIT,151332,0,0,31,21
5,12,2.018282e6,-1.6977125641236006,-1.0931610449562763,TIME_LIMIT,151359,0,0,19,11
5,12,2.018797e6,-1.6976571980968493,-1.0931610449562763,TIME_LIMIT,151410,0,0,21,8
5,12,2.019312e6,-1.6976571980968493,-1.0931610449562763,TIME_LIMIT,151451,0,0,36,15
5,12,2.019865e6,-1.697603497924863,-1.0931610449562763,TIME_LIMIT,151489,0,0,27,13
5,12,2.020379e6,-1.697603497924863,-1.0931610449562763,TIME_LIMIT,151525,0,0,34,27
5,12,2.020907e6,-1.697576636535776,-1.0931610449562763,TIME_LIMIT,151574,0,0,23,10
5,12,2.021448e6,-1.697576636535776,-1.0931610449562763,TIME_LIMIT,151609,0,0,32,19
5,12,2.021977e6,-1.6975411706809347,-1.0931610449562763,TIME_LIMIT,151654,0,0,27,14
5,12,2.02249e6,-1.6975411706809347,-1.0931610449562763,TIME_LIMIT,151689,0,0,35,11
5,12,2.023001e6,-1.6975354692700237,-1.0931610449562763,TIME_LIMIT,151726,0,0,35,12
5,12,2.023514e6,-1.6975354692700237,-1.0931610449562763,TIME_LIMIT,151766,0,0,41,33
5,12,2.02404e6,-1.69752570509783,-1.0931610449562763,TIME_LIMIT,151798,0,0,37,35
5,12,2.024702e6,-1.69752570509783,-1.0931610449562763,TIME_LIMIT,151823,0,0,36,31
5,12,2.025379e6,-1.6975219099082282,-1.0931610449562763,TIME_LIMIT,151867,0,0,24,16
5,12,2.026021e6,-1.6975219099082282,-1.0931610449562763,TIME_LIMIT,151900,0,0,30,22
5,12,2.026578e6,-1.6975139151171543,-1.0931610449562763,TIME_LIMIT,151955,0,0,32,19
5,12,2.027118e6,-1.6975139151171543,-1.0931610449562763,TIME_LIMIT,151989,0,0,27,13
5,12,2.027655e6,-1.6975016924942206,-1.0931610449562763,TIME_LIMIT,152049,0,0,19,10
5,12,2.028189e6,-1.6975016924942206,-1.0931610449562763,TIME_LIMIT,152090,0,0,43,24
5,12,2.02871e6,-1.697497299955883,-1.0931610449562763,TIME_LIMIT,152126,0,0,11,3
5,12,2.029234e6,-1.697497299955883,-1.0931610449562763,TIME_LIMIT,152155,0,0,22,20
5,12,2.029769e6,-1.6974844861263412,-1.0931610449562763,TIME_LIMIT,152204,0,0,26,12
5,12,2.030326e6,-1.6974844861263412,-1.0931610449562763,TIME_LIMIT,152241,0,0,36,46
5,12,2.030841e6,-1.6974725057482563,-1.0931610449562763,TIME_LIMIT,152278,0,0,35,18
5,12,2.031355e6,-1.6974725057482563,-1.0931610449562763,TIME_LIMIT,152311,0,0,37,25
5,12,2.031713e6,-1.6974589723512181,-1.0931610449562763,TIME_LIMIT,152343,0,0,15,8
5,12,2.032236e6,-1.6974589723512181,-1.0931610449562763,TIME_LIMIT,152368,0,0,33,15
5,12,2.032768e6,-1.6974416306644398,-1.0931610449562763,TIME_LIMIT,152422,0,0,20,7
5,12,2.033285e6,-1.6974416306644398,-1.0931610449562763,TIME_LIMIT,152451,0,0,39,37
5,12,2.033841e6,-1.6974377360109085,-1.0931610449562763,TIME_LIMIT,152510,0,0,26,17
5,12,2.034355e6,-1.6974377360109085,-1.0931610449562763,TIME_LIMIT,152536,0,0,31,19
5,12,2.034869e6,-1.6974313304485413,-1.0931610449562763,TIME_LIMIT,152584,0,0,19,13
5,12,2.035382e6,-1.6974313304485413,-1.0931610449562763,TIME_LIMIT,152622,0,0,36,13
5,12,2.035937e6,-1.697420410646224,-1.0931610449562763,TIME_LIMIT,152649,0,0,26,10
5,12,2.036451e6,-1.697420410646224,-1.0931610449562763,TIME_LIMIT,152686,0,0,45,21
5,12,2.036965e6,-1.697392249958789,-1.0931610449562763,TIME_LIMIT,152739,0,0,21,9
5,12,2.037497e6,-1.697392249958789,-1.0931610449562763,TIME_LIMIT,152781,0,0,40,21
5,12,2.038012e6,-1.6973908459255922,-1.0931610449562763,TIME_LIMIT,152816,0,0,37,24
5,12,2.03862e6,-1.6973908459255922,-1.0931610449562763,TIME_LIMIT,152846,0,0,23,25
5,12,2.039286e6,-1.697367190545563,-1.0931610449562763,TIME_LIMIT,152893,0,0,26,14
5,12,2.039932e6,-1.697367190545563,-1.0931610449562763,TIME_LIMIT,152922,0,0,27,33
5,12,2.040535e6,-1.6973460479829354,-1.0931610449562763,TIME_LIMIT,152967,0,0,24,12
5,12,2.041081e6,-1.6973460479829354,-1.0931610449562763,TIME_LIMIT,152998,0,0,40,29
5,12,2.041622e6,-1.697306362580094,-1.0931610449562763,TIME_LIMIT,153046,0,0,30,19
5,12,2.042177e6,-1.697306362580094,-1.0931610449562763,TIME_LIMIT,153078,0,0,17,42
5,12,2.042713e6,-1.6972899554559473,-1.0931610449562763,TIME_LIMIT,153130,0,0,8,11
5,12,2.043245e6,-1.6972899554559473,-1.0931610449562763,TIME_LIMIT,153167,0,0,24,47
5,12,2.043802e6,-1.6972826160082317,-1.0931610449562763,TIME_LIMIT,153220,0,0,26,26
5,12,2.044317e6,-1.6972826160082317,-1.0931610449562763,TIME_LIMIT,153247,0,0,21,8
5,12,2.04483e6,-1.6972693293467727,-1.0931610449562763,TIME_LIMIT,153283,0,0,18,2
5,12,2.045374e6,-1.6972693293467727,-1.0931610449562763,TIME_LIMIT,153319,0,0,30,21
5,12,2.0459e6,-1.6972619025962354,-1.0931610449562763,TIME_LIMIT,153355,0,0,28,8
5,12,2.046431e6,-1.6972619025962354,-1.0931610449562763,TIME_LIMIT,153384,0,0,38,29
5,12,2.046946e6,-1.6972228834066159,-1.0931610449562763,TIME_LIMIT,153431,0,0,16,11
5,12,2.047504e6,-1.6972228834066159,-1.0931610449562763,TIME_LIMIT,153468,0,0,26,18
5,12,2.048022e6,-1.6972126141596429,-1.0931610449562763,TIME_LIMIT,153510,0,0,32,12
5,12,2.048536e6,-1.6972126141596429,-1.0931610449562763,TIME_LIMIT,153554,0,0,34,38
5,12,2.04905e6,-1.6971487492638313,-1.0931610449562763,TIME_LIMIT,153592,0,0,21,16
5,12,2.049608e6,-1.6971487492638313,-1.0931610449562763,TIME_LIMIT,153627,0,0,41,39
5,12,2.050124e6,-1.6971159263859321,-1.0931610449562763,TIME_LIMIT,153677,0,0,28,10
5,12,2.050641e6,-1.6971159263859321,-1.0931610449562763,TIME_LIMIT,153715,0,0,21,14
5,12,2.051169e6,-1.6971030295559637,-1.0931610449562763,TIME_LIMIT,153758,0,0,21,9
5,12,2.051686e6,-1.6971030295559637,-1.0931610449562763,TIME_LIMIT,153796,0,0,36,12
5,12,2.05229e6,-1.697085179447975,-1.0931610449562763,TIME_LIMIT,153833,0,0,33,16
5,12,2.052951e6,-1.697085179447975,-1.0931610449562763,TIME_LIMIT,153859,0,0,21,22
5,12,2.053597e6,-1.6970281395080946,-1.0931610449562763,TIME_LIMIT,153905,0,0,13,10
5,12,2.0542e6,-1.6970281395080946,-1.0931610449562763,TIME_LIMIT,153945,0,0,43,33
5,12,2.054746e6,-1.6970255788516018,-1.0931610449562763,TIME_LIMIT,153985,0,0,40,20
5,12,2.05529e6,-1.6970255788516018,-1.0931610449562763,TIME_LIMIT,154017,0,0,34,29
5,12,2.055845e6,-1.697013898554941,-1.0931610449562763,TIME_LIMIT,154067,0,0,25,12
5,12,2.056375e6,-1.697013898554941,-1.0931610449562763,TIME_LIMIT,154099,0,0,16,8
5,12,2.056953e6,-1.6969792796473666,-1.0931610449562763,TIME_LIMIT,154140,0,0,33,20
5,12,2.057512e6,-1.6969792796473666,-1.0931610449562763,TIME_LIMIT,154166,0,0,35,38
5,12,2.058029e6,-1.696967221526632,-1.0931610449562763,TIME_LIMIT,154217,0,0,31,14
5,12,2.058543e6,-1.696967221526632,-1.0931610449562763,TIME_LIMIT,154253,0,0,36,27
5,12,2.059102e6,-1.6969290953767584,-1.0931610449562763,TIME_LIMIT,154286,0,0,29,28
5,12,2.059617e6,-1.6969290953767584,-1.0931610449562763,TIME_LIMIT,154319,0,0,28,26
5,12,2.060128e6,-1.696912018373954,-1.0931610449562763,TIME_LIMIT,154353,0,0,17,5
5,12,2.060659e6,-1.696912018373954,-1.0931610449562763,TIME_LIMIT,154388,0,0,43,45
5,12,2.061217e6,-1.6968916502426816,-1.0931610449562763,TIME_LIMIT,154447,0,0,37,17
5,12,2.061734e6,-1.6968916502426816,-1.0931610449562763,TIME_LIMIT,154477,0,0,47,12
5,12,2.062249e6,-1.6968369708757824,-1.0931610449562763,TIME_LIMIT,154533,0,0,32,9
5,12,2.062782e6,-1.6968369708757824,-1.0931610449562763,TIME_LIMIT,154567,0,0,17,29
5,12,2.063333e6,-1.6968333226239354,-1.0931610449562763,TIME_LIMIT,154614,0,0,20,10
5,12,2.063845e6,-1.6968333226239354,-1.0931610449562763,TIME_LIMIT,154649,0,0,42,24
5,12,2.064357e6,-1.6968059573689747,-1.0931610449562763,TIME_LIMIT,154701,0,0,15,10
5,12,2.064887e6,-1.6968059573689747,-1.0931610449562763,TIME_LIMIT,154743,0,0,41,23
5,12,2.065403e6,-1.6967926125119135,-1.0931610449562763,TIME_LIMIT,154780,0,0,36,12
5,12,2.066047e6,-1.6967926125119135,-1.0931610449562763,TIME_LIMIT,154817,0,0,44,23
5,12,2.06671e6,-1.6967848467266522,-1.0931610449562763,TIME_LIMIT,154877,0,0,33,20
5,12,2.067353e6,-1.6967848467266522,-1.0931610449562763,TIME_LIMIT,154920,0,0,22,14
5,12,2.067824e6,-1.6967752350686778,-1.0931610449562763,TIME_LIMIT,154959,0,0,18,5
5,12,2.068375e6,-1.6967752350686778,-1.0931610449562763,TIME_LIMIT,154990,0,0,23,17
5,12,2.068919e6,-1.6967641108368952,-1.0931610449562763,TIME_LIMIT,155037,0,0,26,14
5,12,2.069455e6,-1.6967641108368952,-1.0931610449562763,TIME_LIMIT,155074,0,0,43,27
5,12,2.069984e6,-1.6967489671076106,-1.0931610449562763,TIME_LIMIT,155121,0,0,21,8
5,12,2.070504e6,-1.6967489671076106,-1.0931610449562763,TIME_LIMIT,155157,0,0,35,13
5,12,2.071063e6,-1.6967272258951085,-1.0931610449562763,TIME_LIMIT,155195,0,0,37,16
5,12,2.071584e6,-1.6967272258951085,-1.0931610449562763,TIME_LIMIT,155230,0,0,33,19
5,12,2.072126e6,-1.6966907105221194,-1.0931610449562763,TIME_LIMIT,155275,0,0,40,9
5,12,2.072661e6,-1.6966907105221194,-1.0931610449562763,TIME_LIMIT,155303,0,0,32,21
5,12,2.07321e6,-1.6966846374104618,-1.0931610449562763,TIME_LIMIT,155346,0,0,26,12
5,12,2.073728e6,-1.6966846374104618,-1.0931610449562763,TIME_LIMIT,155393,0,0,42,20
5,12,2.074245e6,-1.6966709750003968,-1.0931610449562763,TIME_LIMIT,155428,0,0,30,14
5,12,2.074748e6,-1.6966709750003968,-1.0931610449562763,TIME_LIMIT,155469,0,0,40,32
5,12,2.075305e6,-1.6966389821437358,-1.0931610449562763,TIME_LIMIT,155509,0,0,28,34
5,12,2.07582e6,-1.6966389821437358,-1.0931610449562763,TIME_LIMIT,155536,0,0,36,26
5,12,2.076332e6,-1.6966345367535027,-1.0931610449562763,TIME_LIMIT,155576,0,0,22,7
5,12,2.076864e6,-1.6966345367535027,-1.0931610449562763,TIME_LIMIT,155616,0,0,27,14
5,12,2.077294e6,-1.6966030388930224,-1.0931610449562763,TIME_LIMIT,155653,0,0,13,6
5,12,2.077811e6,-1.6966030388930224,-1.0931610449562763,TIME_LIMIT,155697,0,0,41,20
5,12,2.078326e6,-1.6965774743625999,-1.0931610449562763,TIME_LIMIT,155740,0,0,32,11
5,12,2.078857e6,-1.6965774743625999,-1.0931610449562763,TIME_LIMIT,155773,0,0,19,19
5,12,2.079373e6,-1.6965690221092184,-1.0931610449562763,TIME_LIMIT,155827,0,0,32,19
5,12,2.079957e6,-1.6965690221092184,-1.0931610449562763,TIME_LIMIT,155859,0,0,25,18
5,12,2.080619e6,-1.6965577154605695,-1.0931610449562763,TIME_LIMIT,155908,0,0,28,25
5,12,2.081264e6,-1.6965577154605695,-1.0931610449562763,TIME_LIMIT,155938,0,0,24,16
5,12,2.081882e6,-1.696531047487252,-1.0931610449562763,TIME_LIMIT,155982,0,0,12,9
5,12,2.082428e6,-1.696531047487252,-1.0931610449562763,TIME_LIMIT,156009,0,0,17,17
5,12,2.082967e6,-1.6965195281508565,-1.0931610449562763,TIME_LIMIT,156056,0,0,16,11
5,12,2.0835e6,-1.6965195281508565,-1.0931610449562763,TIME_LIMIT,156092,0,0,30,21
5,12,2.084047e6,-1.69651269983477,-1.0931610449562763,TIME_LIMIT,156140,0,0,24,14
5,12,2.084572e6,-1.69651269983477,-1.0931610449562763,TIME_LIMIT,156174,0,0,41,45
5,12,2.085127e6,-1.6964500085448933,-1.0931610449562763,TIME_LIMIT,156227,0,0,32,9
5,12,2.085641e6,-1.6964500085448933,-1.0931610449562763,TIME_LIMIT,156255,0,0,32,21
5,12,2.086156e6,-1.6964216155635585,-1.0931610449562763,TIME_LIMIT,156306,0,0,28,11
5,12,2.086715e6,-1.6964216155635585,-1.0931610449562763,TIME_LIMIT,156335,0,0,37,43
5,12,2.08723e6,-1.696418706985398,-1.0931610449562763,TIME_LIMIT,156388,0,0,29,16
5,12,2.087744e6,-1.696418706985398,-1.0931610449562763,TIME_LIMIT,156418,0,0,13,17
5,12,2.088254e6,-1.6964028976525074,-1.0931610449562763,TIME_LIMIT,156466,0,0,25,11
5,12,2.088827e6,-1.6964028976525074,-1.0931610449562763,TIME_LIMIT,156497,0,0,28,12
5,12,2.089342e6,-1.6964014425061513,-1.0931610449562763,TIME_LIMIT,156540,0,0,21,15
5,12,2.089858e6,-1.6964014425061513,-1.0931610449562763,TIME_LIMIT,156570,0,0,31,24
5,12,2.090373e6,-1.6963892823088902,-1.0931610449562763,TIME_LIMIT,156628,0,0,34,22
5,12,2.090931e6,-1.6963892823088902,-1.0931610449562763,TIME_LIMIT,156662,0,0,29,29
5,12,2.091447e6,-1.6963601517504951,-1.0931610449562763,TIME_LIMIT,156700,0,0,18,17
5,12,2.091963e6,-1.6963601517504951,-1.0931610449562763,TIME_LIMIT,156735,0,0,42,47
5,12,2.092478e6,-1.6963550600993422,-1.0931610449562763,TIME_LIMIT,156780,0,0,49,14
5,12,2.093009e6,-1.6963550600993422,-1.0931610449562763,TIME_LIMIT,156821,0,0,39,15
5,12,2.093627e6,-1.6963545681511825,-1.0931610449562763,TIME_LIMIT,156859,0,0,36,9
5,12,2.094289e6,-1.6963545681511825,-1.0931610449562763,TIME_LIMIT,156890,0,0,36,23
5,12,2.094934e6,-1.6963323854449284,-1.0931610449562763,TIME_LIMIT,156940,0,0,25,14
5,12,2.095365e6,-1.6963323854449284,-1.0931610449562763,TIME_LIMIT,156973,0,0,22,25
5,12,2.095917e6,-1.6962613698700424,-1.0931610449562763,TIME_LIMIT,157021,0,0,13,8
5,12,2.096409e6,-1.6962613698700424,-1.0931610449562763,TIME_LIMIT,157051,0,0,27,15
5,12,2.096943e6,-1.6962556877161281,-1.0931610449562763,TIME_LIMIT,157105,0,0,16,5
5,12,2.097487e6,-1.6962556877161281,-1.0931610449562763,TIME_LIMIT,157144,0,0,35,15
5,12,2.09801e6,-1.6962523340082136,-1.0931610449562763,TIME_LIMIT,157177,0,0,35,25
5,12,2.098533e6,-1.6962523340082136,-1.0931610449562763,TIME_LIMIT,157210,0,0,55,46
5,12,2.099058e6,-1.69622812834579,-1.0931610449562763,TIME_LIMIT,157265,0,0,25,16
5,12,2.099612e6,-1.69622812834579,-1.0931610449562763,TIME_LIMIT,157297,0,0,13,30
5,12,2.100126e6,-1.6962253466195618,-1.0931610449562763,TIME_LIMIT,157351,0,0,16,13
5,12,2.100642e6,-1.6962253466195618,-1.0931610449562763,TIME_LIMIT,157385,0,0,13,47
5,12,2.101199e6,-1.6962074203443105,-1.0931610449562763,TIME_LIMIT,157431,0,0,15,11
5,12,2.101714e6,-1.6962074203443105,-1.0931610449562763,TIME_LIMIT,157458,0,0,25,9
5,12,2.102243e6,-1.6962067792594016,-1.0931610449562763,TIME_LIMIT,157509,0,0,33,11
5,12,2.102761e6,-1.6962067792594016,-1.0931610449562763,TIME_LIMIT,157542,0,0,51,37
5,12,2.103317e6,-1.6961740563706051,-1.0931610449562763,TIME_LIMIT,157592,0,0,31,14
5,12,2.103835e6,-1.6961740563706051,-1.0931610449562763,TIME_LIMIT,157632,0,0,42,35
5,12,2.104347e6,-1.6961666851664776,-1.0931610449562763,TIME_LIMIT,157682,0,0,17,8
5,12,2.10487e6,-1.6961666851664776,-1.0931610449562763,TIME_LIMIT,157719,0,0,48,67
5,12,2.105419e6,-1.6961541225349908,-1.0931610449562763,TIME_LIMIT,157777,0,0,28,8
5,12,2.105936e6,-1.6961541225349908,-1.0931610449562763,TIME_LIMIT,157812,0,0,39,35
5,12,2.106449e6,-1.6961419449647512,-1.0931610449562763,TIME_LIMIT,157867,0,0,17,11
5,12,2.10698e6,-1.6961419449647512,-1.0931610449562763,TIME_LIMIT,157900,0,0,35,44
5,12,2.107497e6,-1.696141764319957,-1.0931610449562763,TIME_LIMIT,157940,0,0,36,28
5,12,2.108128e6,-1.696141764319957,-1.0931610449562763,TIME_LIMIT,157975,0,0,23,26
5,12,2.10879e6,-1.696136473588513,-1.0931610449562763,TIME_LIMIT,158030,0,0,39,15
5,12,2.109436e6,-1.696136473588513,-1.0931610449562763,TIME_LIMIT,158057,0,0,35,22
5,12,2.110023e6,-1.6961139100487714,-1.0931610449562763,TIME_LIMIT,158103,0,0,23,8
5,12,2.110571e6,-1.6961139100487714,-1.0931610449562763,TIME_LIMIT,158137,0,0,40,25
5,12,2.111118e6,-1.6961125176704592,-1.0931610449562763,TIME_LIMIT,158179,0,0,32,19
5,12,2.111658e6,-1.6961125176704592,-1.0931610449562763,TIME_LIMIT,158218,0,0,31,17
5,12,2.112204e6,-1.6960877848775775,-1.0931610449562763,TIME_LIMIT,158254,0,0,29,9
5,12,2.112728e6,-1.6960877848775775,-1.0931610449562763,TIME_LIMIT,158283,0,0,37,24
5,12,2.113268e6,-1.696070277451633,-1.0931610449562763,TIME_LIMIT,158328,0,0,25,3
5,12,2.113805e6,-1.696070277451633,-1.0931610449562763,TIME_LIMIT,158369,0,0,35,15
5,12,2.114321e6,-1.6960600796312328,-1.0931610449562763,TIME_LIMIT,158406,0,0,34,17
5,12,2.114838e6,-1.6960600796312328,-1.0931610449562763,TIME_LIMIT,158445,0,0,21,17
5,12,2.115392e6,-1.696057940008948,-1.0931610449562763,TIME_LIMIT,158482,0,0,39,26
5,12,2.115908e6,-1.696057940008948,-1.0931610449562763,TIME_LIMIT,158515,0,0,40,31
5,12,2.116421e6,-1.696017436433954,-1.0931610449562763,TIME_LIMIT,158548,0,0,36,16
5,12,2.116961e6,-1.696017436433954,-1.0931610449562763,TIME_LIMIT,158580,0,0,21,21
5,12,2.117516e6,-1.6959990787294337,-1.0931610449562763,TIME_LIMIT,158632,0,0,24,10
5,12,2.118031e6,-1.6959990787294337,-1.0931610449562763,TIME_LIMIT,158670,0,0,39,26
5,12,2.118545e6,-1.6959827849214555,-1.0931610449562763,TIME_LIMIT,158715,0,0,36,24
5,12,2.119076e6,-1.6959827849214555,-1.0931610449562763,TIME_LIMIT,158755,0,0,34,20
5,12,2.119617e6,-1.69597663823389,-1.0931610449562763,TIME_LIMIT,158797,0,0,19,8
5,12,2.120132e6,-1.69597663823389,-1.0931610449562763,TIME_LIMIT,158836,0,0,38,20
5,12,2.120647e6,-1.695929278779796,-1.0931610449562763,TIME_LIMIT,158886,0,0,22,11
5,12,2.12116e6,-1.695929278779796,-1.0931610449562763,TIME_LIMIT,158921,0,0,30,22
5,12,2.121693e6,-1.695920355609304,-1.0931610449562763,TIME_LIMIT,158961,0,0,17,10
5,12,2.122296e6,-1.695920355609304,-1.0931610449562763,TIME_LIMIT,159002,0,0,38,18
5,12,2.122959e6,-1.695893070189759,-1.0931610449562763,TIME_LIMIT,159041,0,0,28,11
5,12,2.123605e6,-1.695893070189759,-1.0931610449562763,TIME_LIMIT,159071,0,0,32,32
5,12,2.124212e6,-1.6958875438315781,-1.0931610449562763,TIME_LIMIT,159124,0,0,27,11
5,12,2.124761e6,-1.6958875438315781,-1.0931610449562763,TIME_LIMIT,159159,0,0,45,24
5,12,2.125301e6,-1.6958845224131416,-1.0931610449562763,TIME_LIMIT,159208,0,0,29,17
5,12,2.125844e6,-1.6958845224131416,-1.0931610449562763,TIME_LIMIT,159238,0,0,32,36
5,12,2.126376e6,-1.6958695816928868,-1.0931610449562763,TIME_LIMIT,159286,0,0,32,9
5,12,2.126933e6,-1.6958695816928868,-1.0931610449562763,TIME_LIMIT,159317,0,0,34,39
5,12,2.127473e6,-1.6958676564629929,-1.0931610449562763,TIME_LIMIT,159368,0,0,32,10
5,12,2.127987e6,-1.6958676564629929,-1.0931610449562763,TIME_LIMIT,159408,0,0,14,24
5,12,2.128465e6,-1.6957566970425006,-1.0931610449562763,TIME_LIMIT,159463,0,0,10,8
5,12,2.129024e6,-1.6957566970425006,-1.0931610449562763,TIME_LIMIT,159490,0,0,30,18
5,12,2.129537e6,-1.6957546074675784,-1.0931610449562763,TIME_LIMIT,159542,0,0,16,6
5,12,2.130056e6,-1.6957546074675784,-1.0931610449562763,TIME_LIMIT,159581,0,0,38,82
5,12,2.130572e6,-1.6957441647796048,-1.0931610449562763,TIME_LIMIT,159631,0,0,28,22
5,12,2.131129e6,-1.6957441647796048,-1.0931610449562763,TIME_LIMIT,159659,0,0,20,12
5,12,2.131644e6,-1.695697697231026,-1.0931610449562763,TIME_LIMIT,159707,0,0,33,5
5,12,2.132159e6,-1.695697697231026,-1.0931610449562763,TIME_LIMIT,159738,0,0,25,20
5,12,2.132706e6,-1.695674746480571,-1.0931610449562763,TIME_LIMIT,159790,0,0,31,10
5,12,2.133131e6,-1.695674746480571,-1.0931610449562763,TIME_LIMIT,159822,0,0,25,15
5,12,2.133645e6,-1.6956495705457013,-1.0931610449562763,TIME_LIMIT,159865,0,0,17,5
5,12,2.134161e6,-1.6956495705457013,-1.0931610449562763,TIME_LIMIT,159900,0,0,20,11
5,12,2.134698e6,-1.6956353457645232,-1.0931610449562763,TIME_LIMIT,159947,0,0,18,4
5,12,2.135089e6,-1.6956353457645232,-1.0931610449562763,TIME_LIMIT,159984,0,0,35,20
5,12,2.135528e6,-1.6956299834807462,-1.0931610449562763,TIME_LIMIT,160018,0,0,20,2
5,12,2.136197e6,-1.6956299834807462,-1.0931610449562763,TIME_LIMIT,160060,0,0,38,17
5,12,2.136847e6,-1.695581615666033,-1.0931610449562763,TIME_LIMIT,160097,0,0,30,8
5,12,2.137455e6,-1.695581615666033,-1.0931610449562763,TIME_LIMIT,160142,0,0,24,7
5,12,2.138006e6,-1.6955713348268189,-1.0931610449562763,TIME_LIMIT,160174,0,0,11,14
5,12,2.138546e6,-1.6955713348268189,-1.0931610449562763,TIME_LIMIT,160215,0,0,29,23
5,12,2.139082e6,-1.6955601705755012,-1.0931610449562763,TIME_LIMIT,160249,0,0,23,9
5,12,2.139615e6,-1.6955601705755012,-1.0931610449562763,TIME_LIMIT,160285,0,0,32,18
5,12,2.140144e6,-1.6955216987984298,-1.0931610449562763,TIME_LIMIT,160325,0,0,35,17
5,12,2.140702e6,-1.6955216987984298,-1.0931610449562763,TIME_LIMIT,160358,0,0,39,18
5,12,2.141246e6,-1.6955132463734373,-1.0931610449562763,TIME_LIMIT,160415,0,0,38,12
5,12,2.141762e6,-1.6955132463734373,-1.0931610449562763,TIME_LIMIT,160449,0,0,36,23
5,12,2.142321e6,-1.695509366592982,-1.0931610449562763,TIME_LIMIT,160500,0,0,29,22
5,12,2.142834e6,-1.695509366592982,-1.0931610449562763,TIME_LIMIT,160529,0,0,24,16
5,12,2.143348e6,-1.695457142857842,-1.0931610449562763,TIME_LIMIT,160577,0,0,22,10
5,12,2.143864e6,-1.695457142857842,-1.0931610449562763,TIME_LIMIT,160615,0,0,39,22
5,12,2.144422e6,-1.6954287302704718,-1.0931610449562763,TIME_LIMIT,160653,0,0,32,14
5,12,2.144935e6,-1.6954287302704718,-1.0931610449562763,TIME_LIMIT,160673,0,0,28,21
5,12,2.145449e6,-1.6953833430460648,-1.0931610449562763,TIME_LIMIT,160721,0,0,23,5
5,12,2.14598e6,-1.6953833430460648,-1.0931610449562763,TIME_LIMIT,160764,0,0,50,30
5,12,2.14654e6,-1.6953765690132203,-1.0931610449562763,TIME_LIMIT,160812,0,0,14,10
5,12,2.146903e6,-1.6953765690132203,-1.0931610449562763,TIME_LIMIT,160845,0,0,44,33
5,12,2.147418e6,-1.695324515268227,-1.0931610449562763,TIME_LIMIT,160894,0,0,21,14
5,12,2.147931e6,-1.695324515268227,-1.0931610449562763,TIME_LIMIT,160919,0,0,12,8
5,12,2.148443e6,-1.6953107800111902,-1.0931610449562763,TIME_LIMIT,160965,0,0,14,6
5,12,2.149005e6,-1.6953107800111902,-1.0931610449562763,TIME_LIMIT,160997,0,0,41,17
5,12,2.149649e6,-1.6953080090794936,-1.0931610449562763,TIME_LIMIT,161049,0,0,32,13
5,12,2.150306e6,-1.6953080090794936,-1.0931610449562763,TIME_LIMIT,161078,0,0,41,33
5,12,2.15094e6,-1.6953066024561414,-1.0931610449562763,TIME_LIMIT,161134,0,0,32,22
5,12,2.15149e6,-1.6953066024561414,-1.0931610449562763,TIME_LIMIT,161166,0,0,42,16
5,12,2.152035e6,-1.6952743284761402,-1.0931610449562763,TIME_LIMIT,161219,0,0,29,22
5,12,2.152569e6,-1.6952743284761402,-1.0931610449562763,TIME_LIMIT,161252,0,0,28,21
5,12,2.153105e6,-1.6952607782475744,-1.0931610449562763,TIME_LIMIT,161302,0,0,25,17
5,12,2.153631e6,-1.6952607782475744,-1.0931610449562763,TIME_LIMIT,161340,0,0,21,15
5,12,2.154188e6,-1.695239488519265,-1.0931610449562763,TIME_LIMIT,161391,0,0,12,10
5,12,2.154704e6,-1.695239488519265,-1.0931610449562763,TIME_LIMIT,161431,0,0,24,9
5,12,2.155235e6,-1.695224670567676,-1.0931610449562763,TIME_LIMIT,161477,0,0,29,19
5,12,2.155778e6,-1.695224670567676,-1.0931610449562763,TIME_LIMIT,161509,0,0,24,23
5,12,2.156308e6,-1.6951368264233813,-1.0931610449562763,TIME_LIMIT,161558,0,0,17,10
5,12,2.156822e6,-1.6951368264233813,-1.0931610449562763,TIME_LIMIT,161592,0,0,35,25
5,12,2.157339e6,-1.6951228922261343,-1.0931610449562763,TIME_LIMIT,161643,0,0,17,9
5,12,2.157881e6,-1.6951228922261343,-1.0931610449562763,TIME_LIMIT,161685,0,0,38,27
5,12,2.158414e6,-1.6950764451897813,-1.0931610449562763,TIME_LIMIT,161721,0,0,30,21
5,12,2.158925e6,-1.6950764451897813,-1.0931610449562763,TIME_LIMIT,161756,0,0,32,30
5,12,2.159441e6,-1.695057805332001,-1.0931610449562763,TIME_LIMIT,161815,0,0,33,17
5,12,2.16001e6,-1.695057805332001,-1.0931610449562763,TIME_LIMIT,161844,0,0,33,23
5,12,2.160525e6,-1.6950114930877564,-1.0931610449562763,TIME_LIMIT,161892,0,0,29,9
5,12,2.161041e6,-1.6950114930877564,-1.0931610449562763,TIME_LIMIT,161929,0,0,33,26
5,12,2.161558e6,-1.695001496877711,-1.0931610449562763,TIME_LIMIT,161977,0,0,20,16
5,12,2.162073e6,-1.695001496877711,-1.0931610449562763,TIME_LIMIT,162005,0,0,23,19
5,12,2.162639e6,-1.6949931852702538,-1.0931610449562763,TIME_LIMIT,162050,0,0,28,12
5,12,2.163304e6,-1.6949931852702538,-1.0931610449562763,TIME_LIMIT,162080,0,0,34,22
5,12,2.163957e6,-1.6949799153959235,-1.0931610449562763,TIME_LIMIT,162125,0,0,27,15
5,12,2.164588e6,-1.6949799153959235,-1.0931610449562763,TIME_LIMIT,162164,0,0,26,15
5,12,2.165141e6,-1.694966489490606,-1.0931610449562763,TIME_LIMIT,162201,0,0,16,6
5,12,2.165709e6,-1.694966489490606,-1.0931610449562763,TIME_LIMIT,162235,0,0,49,43
5,12,2.166254e6,-1.6949636300762485,-1.0931610449562763,TIME_LIMIT,162281,0,0,28,15
5,12,2.166792e6,-1.6949636300762485,-1.0931610449562763,TIME_LIMIT,162313,0,0,19,17
5,12,2.167321e6,-1.6949580892260492,-1.0931610449562763,TIME_LIMIT,162360,0,0,18,6
5,12,2.167879e6,-1.6949580892260492,-1.0931610449562763,TIME_LIMIT,162390,0,0,30,23
5,12,2.168397e6,-1.6949467901123356,-1.0931610449562763,TIME_LIMIT,162439,0,0,20,5
5,12,2.168912e6,-1.6949467901123356,-1.0931610449562763,TIME_LIMIT,162473,0,0,42,21
5,12,2.169442e6,-1.694946638990714,-1.0931610449562763,TIME_LIMIT,162529,0,0,31,16
5,12,2.169984e6,-1.694946638990714,-1.0931610449562763,TIME_LIMIT,162561,0,0,20,30
5,12,2.170499e6,-1.694946493740384,-1.0931610449562763,TIME_LIMIT,162615,0,0,27,11
5,12,2.171031e6,-1.694946493740384,-1.0931610449562763,TIME_LIMIT,162647,0,0,33,20
5,12,2.17156e6,-1.6949348554892498,-1.0931610449562763,TIME_LIMIT,162706,0,0,22,9
5,12,2.17211e6,-1.6949348554892498,-1.0931610449562763,TIME_LIMIT,162740,0,0,50,45
5,12,2.172625e6,-1.6948913582566463,-1.0931610449562763,TIME_LIMIT,162794,0,0,33,19
5,12,2.173141e6,-1.6948913582566463,-1.0931610449562763,TIME_LIMIT,162828,0,0,35,21
5,12,2.173686e6,-1.6948812314490436,-1.0931610449562763,TIME_LIMIT,162882,0,0,31,23
5,12,2.174213e6,-1.6948812314490436,-1.0931610449562763,TIME_LIMIT,162916,0,0,42,15
5,12,2.174728e6,-1.6948806926110398,-1.0931610449562763,TIME_LIMIT,162968,0,0,17,18
5,12,2.175229e6,-1.6948806926110398,-1.0931610449562763,TIME_LIMIT,163004,0,0,39,21
5,12,2.175743e6,-1.6948768573653246,-1.0931610449562763,TIME_LIMIT,163051,0,0,22,18
5,12,2.176297e6,-1.6948768573653246,-1.0931610449562763,TIME_LIMIT,163090,0,0,25,17
5,12,2.176966e6,-1.694875186575166,-1.0931610449562763,TIME_LIMIT,163135,0,0,33,11
5,12,2.177628e6,-1.694875186575166,-1.0931610449562763,TIME_LIMIT,163158,0,0,27,26
5,12,2.178271e6,-1.6948628063713664,-1.0931610449562763,TIME_LIMIT,163206,0,0,22,11
5,12,2.178826e6,-1.6948628063713664,-1.0931610449562763,TIME_LIMIT,163241,0,0,34,23
5,12,2.179375e6,-1.6948599365552404,-1.0931610449562763,TIME_LIMIT,163292,0,0,19,14
5,12,2.179918e6,-1.6948599365552404,-1.0931610449562763,TIME_LIMIT,163319,0,0,36,28
5,12,2.180454e6,-1.6948354162362251,-1.0931610449562763,TIME_LIMIT,163367,0,0,21,11
5,12,2.180983e6,-1.6948354162362251,-1.0931610449562763,TIME_LIMIT,163399,0,0,38,20
5,12,2.181542e6,-1.6948271648494306,-1.0931610449562763,TIME_LIMIT,163449,0,0,23,14
5,12,2.182075e6,-1.6948271648494306,-1.0931610449562763,TIME_LIMIT,163479,0,0,28,17
5,12,2.18259e6,-1.6948134862751396,-1.0931610449562763,TIME_LIMIT,163524,0,0,26,14
5,12,2.183145e6,-1.6948134862751396,-1.0931610449562763,TIME_LIMIT,163552,0,0,28,21
5,12,2.183663e6,-1.694789149254915,-1.0931610449562763,TIME_LIMIT,163593,0,0,29,17
5,12,2.184178e6,-1.694789149254915,-1.0931610449562763,TIME_LIMIT,163631,0,0,29,23
5,12,2.184695e6,-1.6947796387189642,-1.0931610449562763,TIME_LIMIT,163678,0,0,29,11
5,12,2.185246e6,-1.6947796387189642,-1.0931610449562763,TIME_LIMIT,163713,0,0,32,23
5,12,2.185765e6,-1.6947422498489413,-1.0931610449562763,TIME_LIMIT,163751,0,0,19,13
5,12,2.18628e6,-1.6947422498489413,-1.0931610449562763,TIME_LIMIT,163778,0,0,39,68
5,12,2.186795e6,-1.6947380151726044,-1.0931610449562763,TIME_LIMIT,163835,0,0,30,23
5,12,2.18737e6,-1.6947380151726044,-1.0931610449562763,TIME_LIMIT,163877,0,0,43,16
5,12,2.187886e6,-1.6947357681735804,-1.0931610449562763,TIME_LIMIT,163929,0,0,32,13
5,12,2.1884e6,-1.6947357681735804,-1.0931610449562763,TIME_LIMIT,163958,0,0,33,25
5,12,2.188919e6,-1.6947283229369057,-1.0931610449562763,TIME_LIMIT,163998,0,0,25,13
5,12,2.189434e6,-1.6947283229369057,-1.0931610449562763,TIME_LIMIT,164033,0,0,23,13
5,12,2.190016e6,-1.6946961900172846,-1.0931610449562763,TIME_LIMIT,164067,0,0,36,23
5,12,2.190678e6,-1.6946961900172846,-1.0931610449562763,TIME_LIMIT,164104,0,0,45,31
5,12,2.191329e6,-1.6946622770359396,-1.0931610449562763,TIME_LIMIT,164146,0,0,26,23
5,12,2.191948e6,-1.6946622770359396,-1.0931610449562763,TIME_LIMIT,164178,0,0,40,58
5,12,2.1925e6,-1.6946367094654073,-1.0931610449562763,TIME_LIMIT,164232,0,0,18,5
5,12,2.193059e6,-1.6946367094654073,-1.0931610449562763,TIME_LIMIT,164270,0,0,16,20
5,12,2.193598e6,-1.694624486159862,-1.0931610449562763,TIME_LIMIT,164315,0,0,21,9
5,12,2.194132e6,-1.694624486159862,-1.0931610449562763,TIME_LIMIT,164351,0,0,43,31
5,12,2.194658e6,-1.6945983292432827,-1.0931610449562763,TIME_LIMIT,164398,0,0,30,10
5,12,2.19522e6,-1.6945983292432827,-1.0931610449562763,TIME_LIMIT,164428,0,0,42,41
5,12,2.195736e6,-1.694589901211388,-1.0931610449562763,TIME_LIMIT,164485,0,0,40,10
5,12,2.196251e6,-1.694589901211388,-1.0931610449562763,TIME_LIMIT,164515,0,0,32,36
5,12,2.196809e6,-1.6945783389929983,-1.0931610449562763,TIME_LIMIT,164563,0,0,16,10
5,12,2.197324e6,-1.6945783389929983,-1.0931610449562763,TIME_LIMIT,164594,0,0,41,22
5,12,2.197838e6,-1.694488086786797,-1.0931610449562763,TIME_LIMIT,164639,0,0,24,5
5,12,2.198157e6,-1.694488086786797,-1.0931610449562763,TIME_LIMIT,164674,0,0,34,27
5,12,2.198715e6,-1.6944348160541076,-1.0931610449562763,TIME_LIMIT,164724,0,0,29,14
5,12,2.199231e6,-1.6944348160541076,-1.0931610449562763,TIME_LIMIT,164760,0,0,37,14
5,12,2.199744e6,-1.6944202041271956,-1.0931610449562763,TIME_LIMIT,164799,0,0,40,9
5,12,2.200262e6,-1.6944202041271956,-1.0931610449562763,TIME_LIMIT,164843,0,0,41,31
5,12,2.20082e6,-1.694346424269077,-1.0931610449562763,TIME_LIMIT,164878,0,0,29,20
5,12,2.201337e6,-1.694346424269077,-1.0931610449562763,TIME_LIMIT,164916,0,0,18,12
5,12,2.201853e6,-1.694335693468078,-1.0931610449562763,TIME_LIMIT,164954,0,0,30,6
5,12,2.202366e6,-1.694335693468078,-1.0931610449562763,TIME_LIMIT,164978,0,0,33,22
5,12,2.202899e6,-1.6942915259118623,-1.0931610449562763,TIME_LIMIT,165029,0,0,20,14
5,12,2.203511e6,-1.6942915259118623,-1.0931610449562763,TIME_LIMIT,165066,0,0,29,26
5,12,2.204174e6,-1.6942805345511651,-1.0931610449562763,TIME_LIMIT,165117,0,0,33,6
5,12,2.204823e6,-1.6942805345511651,-1.0931610449562763,TIME_LIMIT,165149,0,0,24,27
5,12,2.205425e6,-1.6942689758535958,-1.0931610449562763,TIME_LIMIT,165209,0,0,33,22
5,12,2.205979e6,-1.6942689758535958,-1.0931610449562763,TIME_LIMIT,165241,0,0,37,28
5,12,2.206525e6,-1.6942520549427185,-1.0931610449562763,TIME_LIMIT,165296,0,0,38,21
5,12,2.206748e6,-1.6942520549427185,-1.0931610449562763,TIME_LIMIT,165327,0,0,6,5
5,12,2.207065e6,-1.6942449533480257,-1.0931610449562763,TIME_LIMIT,165353,0,0,20,14
5,12,2.207593e6,-1.6942449533480257,-1.0931610449562763,TIME_LIMIT,165383,0,0,29,22
5,12,2.208128e6,-1.6942200094346738,-1.0931610449562763,TIME_LIMIT,165432,0,0,18,14
5,12,2.208687e6,-1.6942200094346738,-1.0931610449562763,TIME_LIMIT,165463,0,0,28,32
5,12,2.209205e6,-1.6942145706997986,-1.0931610449562763,TIME_LIMIT,165510,0,0,14,3
5,12,2.209722e6,-1.6942145706997986,-1.0931610449562763,TIME_LIMIT,165542,0,0,28,19
5,12,2.210276e6,-1.6942079416496016,-1.0931610449562763,TIME_LIMIT,165587,0,0,22,11
5,12,2.210795e6,-1.6942079416496016,-1.0931610449562763,TIME_LIMIT,165627,0,0,38,18
5,12,2.21131e6,-1.6941802582807823,-1.0931610449562763,TIME_LIMIT,165683,0,0,35,16
5,12,2.21183e6,-1.6941802582807823,-1.0931610449562763,TIME_LIMIT,165711,0,0,33,24
5,12,2.212384e6,-1.6941529532085629,-1.0931610449562763,TIME_LIMIT,165767,0,0,38,14
5,12,2.212921e6,-1.6941529532085629,-1.0931610449562763,TIME_LIMIT,165802,0,0,23,8
5,12,2.213468e6,-1.6941397685986264,-1.0931610449562763,TIME_LIMIT,165838,0,0,34,14
5,12,2.213986e6,-1.6941397685986264,-1.0931610449562763,TIME_LIMIT,165869,0,0,34,32
5,12,2.214561e6,-1.6941332864882384,-1.0931610449562763,TIME_LIMIT,165917,0,0,23,12
5,12,2.215077e6,-1.6941332864882384,-1.0931610449562763,TIME_LIMIT,165953,0,0,38,24
5,12,2.215592e6,-1.69411791505804,-1.0931610449562763,TIME_LIMIT,166002,0,0,15,11
5,12,2.216111e6,-1.69411791505804,-1.0931610449562763,TIME_LIMIT,166032,0,0,39,28
5,12,2.216627e6,-1.6941109991717287,-1.0931610449562763,TIME_LIMIT,166082,0,0,30,12
5,12,2.217181e6,-1.6941109991717287,-1.0931610449562763,TIME_LIMIT,166118,0,0,28,9
5,12,2.217818e6,-1.694093626199357,-1.0931610449562763,TIME_LIMIT,166169,0,0,17,6
5,12,2.218456e6,-1.694093626199357,-1.0931610449562763,TIME_LIMIT,166203,0,0,40,30
5,12,2.219097e6,-1.6940814864576326,-1.0931610449562763,TIME_LIMIT,166242,0,0,43,20
5,12,2.219663e6,-1.6940814864576326,-1.0931610449562763,TIME_LIMIT,166269,0,0,44,30
5,12,2.220226e6,-1.6940785001049814,-1.0931610449562763,TIME_LIMIT,166320,0,0,26,16
5,12,2.220766e6,-1.6940785001049814,-1.0931610449562763,TIME_LIMIT,166357,0,0,45,40
5,12,2.221301e6,-1.694044017094674,-1.0931610449562763,TIME_LIMIT,166411,0,0,26,24
5,12,2.221826e6,-1.694044017094674,-1.0931610449562763,TIME_LIMIT,166441,0,0,31,27
5,12,2.222377e6,-1.6940402654452487,-1.0931610449562763,TIME_LIMIT,166481,0,0,8,8
5,12,2.222903e6,-1.6940402654452487,-1.0931610449562763,TIME_LIMIT,166514,0,0,30,36
5,12,2.223418e6,-1.6939658133289508,-1.0931610449562763,TIME_LIMIT,166567,0,0,16,9
5,12,2.223963e6,-1.6939658133289508,-1.0931610449562763,TIME_LIMIT,166600,0,0,43,30
5,12,2.224498e6,-1.6939580027262255,-1.0931610449562763,TIME_LIMIT,166657,0,0,35,16
5,12,2.225014e6,-1.6939580027262255,-1.0931610449562763,TIME_LIMIT,166696,0,0,36,36
5,12,2.225546e6,-1.693945227635219,-1.0931610449562763,TIME_LIMIT,166736,0,0,36,20
5,12,2.226088e6,-1.693945227635219,-1.0931610449562763,TIME_LIMIT,166768,0,0,36,18
5,12,2.226623e6,-1.6939404646035967,-1.0931610449562763,TIME_LIMIT,166817,0,0,25,13
5,12,2.227137e6,-1.6939404646035967,-1.0931610449562763,TIME_LIMIT,166855,0,0,27,12
5,12,2.227655e6,-1.6939353805029864,-1.0931610449562763,TIME_LIMIT,166899,0,0,25,10
5,12,2.228205e6,-1.6939353805029864,-1.0931610449562763,TIME_LIMIT,166935,0,0,30,15
5,12,2.228729e6,-1.6938961591172423,-1.0931610449562763,TIME_LIMIT,166983,0,0,29,27
5,12,2.229252e6,-1.6938961591172423,-1.0931610449562763,TIME_LIMIT,167016,0,0,27,20
5,12,2.229777e6,-1.6938527559968328,-1.0931610449562763,TIME_LIMIT,167062,0,0,27,15
5,12,2.230296e6,-1.6938527559968328,-1.0931610449562763,TIME_LIMIT,167093,0,0,22,16
5,12,2.230811e6,-1.6938350152539692,-1.0931610449562763,TIME_LIMIT,167139,0,0,27,14
5,12,2.231333e6,-1.6938350152539692,-1.0931610449562763,TIME_LIMIT,167167,0,0,20,17
5,12,2.231997e6,-1.6938305849010837,-1.0931610449562763,TIME_LIMIT,167210,0,0,26,8
5,12,2.232666e6,-1.6938305849010837,-1.0931610449562763,TIME_LIMIT,167241,0,0,43,35
5,12,2.233297e6,-1.6938217000376412,-1.0931610449562763,TIME_LIMIT,167290,0,0,27,15
5,12,2.233854e6,-1.6938217000376412,-1.0931610449562763,TIME_LIMIT,167325,0,0,41,37
5,12,2.234403e6,-1.6937844390720511,-1.0931610449562763,TIME_LIMIT,167376,0,0,25,16
5,12,2.234946e6,-1.6937844390720511,-1.0931610449562763,TIME_LIMIT,167413,0,0,17,15
5,12,2.235481e6,-1.6937566956505203,-1.0931610449562763,TIME_LIMIT,167460,0,0,22,12
5,12,2.236013e6,-1.6937566956505203,-1.0931610449562763,TIME_LIMIT,167489,0,0,43,27
5,12,2.236575e6,-1.6937538594480326,-1.0931610449562763,TIME_LIMIT,167536,0,0,32,12
5,12,2.237094e6,-1.6937538594480326,-1.0931610449562763,TIME_LIMIT,167570,0,0,28,14
5,12,2.23762e6,-1.6937295721360865,-1.0931610449562763,TIME_LIMIT,167599,0,0,29,10
5,12,2.238164e6,-1.6937295721360865,-1.0931610449562763,TIME_LIMIT,167640,0,0,39,32
5,12,2.238723e6,-1.693721286345243,-1.0931610449562763,TIME_LIMIT,167669,0,0,27,16
5,12,2.239246e6,-1.693721286345243,-1.0931610449562763,TIME_LIMIT,167708,0,0,42,23
5,12,2.239774e6,-1.6937093680152044,-1.0931610449562763,TIME_LIMIT,167756,0,0,16,6
5,12,2.240301e6,-1.6937093680152044,-1.0931610449562763,TIME_LIMIT,167789,0,0,35,22
5,12,2.240832e6,-1.6937077552922313,-1.0931610449562763,TIME_LIMIT,167830,0,0,23,15
5,12,2.241377e6,-1.6937077552922313,-1.0931610449562763,TIME_LIMIT,167863,0,0,36,17
5,12,2.2419e6,-1.6936498854827218,-1.0931610449562763,TIME_LIMIT,167911,0,0,15,6
5,12,2.242426e6,-1.6936498854827218,-1.0931610449562763,TIME_LIMIT,167942,0,0,33,44
5,12,2.242953e6,-1.6936300296091795,-1.0931610449562763,TIME_LIMIT,167987,0,0,17,13
5,12,2.243513e6,-1.6936300296091795,-1.0931610449562763,TIME_LIMIT,168020,0,0,33,19
5,12,2.244053e6,-1.6936214339740956,-1.0931610449562763,TIME_LIMIT,168072,0,0,28,17
5,12,2.244579e6,-1.6936214339740956,-1.0931610449562763,TIME_LIMIT,168107,0,0,34,15
5,12,2.245108e6,-1.6935822873922217,-1.0931610449562763,TIME_LIMIT,168147,0,0,36,15
5,12,2.245632e6,-1.6935822873922217,-1.0931610449562763,TIME_LIMIT,168176,0,0,19,35
5,12,2.246157e6,-1.6935759451190366,-1.0931610449562763,TIME_LIMIT,168226,0,0,24,11
5,12,2.246712e6,-1.6935759451190366,-1.0931610449562763,TIME_LIMIT,168259,0,0,30,33
5,12,2.24738e6,-1.6935319409738394,-1.0931610449562763,TIME_LIMIT,168315,0,0,40,9
5,12,2.248033e6,-1.6935319409738394,-1.0931610449562763,TIME_LIMIT,168355,0,0,33,17
5,12,2.248672e6,-1.6935243320317857,-1.0931610449562763,TIME_LIMIT,168391,0,0,32,17
5,12,2.249228e6,-1.6935243320317857,-1.0931610449562763,TIME_LIMIT,168419,0,0,36,18
5,12,2.249772e6,-1.6935233391001991,-1.0931610449562763,TIME_LIMIT,168465,0,0,27,11
5,12,2.250324e6,-1.6935233391001991,-1.0931610449562763,TIME_LIMIT,168504,0,0,36,16
5,12,2.250863e6,-1.6934878885547668,-1.0931610449562763,TIME_LIMIT,168539,0,0,42,11
5,12,2.251391e6,-1.6934878885547668,-1.0931610449562763,TIME_LIMIT,168567,0,0,20,22
5,12,2.251938e6,-1.693485244932493,-1.0931610449562763,TIME_LIMIT,168618,0,0,25,21
5,12,2.252477e6,-1.693485244932493,-1.0931610449562763,TIME_LIMIT,168650,0,0,38,31
5,12,2.253002e6,-1.6934803861986252,-1.0931610449562763,TIME_LIMIT,168687,0,0,35,34
5,12,2.253529e6,-1.6934803861986252,-1.0931610449562763,TIME_LIMIT,168717,0,0,29,24
5,12,2.25408e6,-1.6934523934322963,-1.0931610449562763,TIME_LIMIT,168753,0,0,13,7
5,12,2.254614e6,-1.6934523934322963,-1.0931610449562763,TIME_LIMIT,168788,0,0,29,23
5,12,2.25514e6,-1.693435618627983,-1.0931610449562763,TIME_LIMIT,168839,0,0,33,11
5,12,2.255669e6,-1.693435618627983,-1.0931610449562763,TIME_LIMIT,168860,0,0,24,16
5,12,2.256212e6,-1.6933980758848288,-1.0931610449562763,TIME_LIMIT,168907,0,0,28,13
5,12,2.256775e6,-1.6933980758848288,-1.0931610449562763,TIME_LIMIT,168938,0,0,29,17
5,12,2.257299e6,-1.6933971335690872,-1.0931610449562763,TIME_LIMIT,168986,0,0,34,8
5,12,2.257827e6,-1.6933971335690872,-1.0931610449562763,TIME_LIMIT,169021,0,0,27,21
5,12,2.258354e6,-1.6933487013966468,-1.0931610449562763,TIME_LIMIT,169073,0,0,34,12
5,12,2.258897e6,-1.6933487013966468,-1.0931610449562763,TIME_LIMIT,169102,0,0,41,17
5,12,2.259437e6,-1.6933448703161647,-1.0931610449562763,TIME_LIMIT,169158,0,0,19,9
5,12,2.259963e6,-1.6933448703161647,-1.0931610449562763,TIME_LIMIT,169187,0,0,40,19
5,12,2.260489e6,-1.6933372926510024,-1.0931610449562763,TIME_LIMIT,169236,0,0,32,13
5,12,2.261015e6,-1.6933372926510024,-1.0931610449562763,TIME_LIMIT,169271,0,0,37,34
5,12,2.26154e6,-1.693263197126855,-1.0931610449562763,TIME_LIMIT,169319,0,0,13,11
5,12,2.262087e6,-1.693263197126855,-1.0931610449562763,TIME_LIMIT,169344,0,0,32,44
5,12,2.262744e6,-1.6931986223170508,-1.0931610449562763,TIME_LIMIT,169396,0,0,28,14
5,12,2.263405e6,-1.6931986223170508,-1.0931610449562763,TIME_LIMIT,169432,0,0,37,22
5,12,2.264055e6,-1.6931782401251945,-1.0931610449562763,TIME_LIMIT,169478,0,0,19,10
5,12,2.264626e6,-1.6931782401251945,-1.0931610449562763,TIME_LIMIT,169518,0,0,36,17
5,12,2.265177e6,-1.693165953722892,-1.0931610449562763,TIME_LIMIT,169557,0,0,17,14
5,12,2.265718e6,-1.693165953722892,-1.0931610449562763,TIME_LIMIT,169589,0,0,41,27
5,12,2.266255e6,-1.693165100243289,-1.0931610449562763,TIME_LIMIT,169641,0,0,33,21
5,12,2.266784e6,-1.693165100243289,-1.0931610449562763,TIME_LIMIT,169674,0,0,32,22
5,12,2.267333e6,-1.6931287615761663,-1.0931610449562763,TIME_LIMIT,169723,0,0,23,11
5,12,2.267871e6,-1.6931287615761663,-1.0931610449562763,TIME_LIMIT,169759,0,0,31,8
5,12,2.268412e6,-1.6931272579193921,-1.0931610449562763,TIME_LIMIT,169801,0,0,36,10
5,12,2.268889e6,-1.6931272579193921,-1.0931610449562763,TIME_LIMIT,169845,0,0,45,15
5,12,2.269467e6,-1.693127044800507,-1.0931610449562763,TIME_LIMIT,169897,0,0,29,20
5,12,2.269995e6,-1.693127044800507,-1.0931610449562763,TIME_LIMIT,169928,0,0,42,39
5,12,2.270524e6,-1.6930942435285927,-1.0931610449562763,TIME_LIMIT,169979,0,0,35,10
5,12,2.271052e6,-1.6930942435285927,-1.0931610449562763,TIME_LIMIT,170014,0,0,30,23
5,12,2.271583e6,-1.6930862621426295,-1.0931610449562763,TIME_LIMIT,170050,0,0,34,21
5,12,2.272143e6,-1.6930862621426295,-1.0931610449562763,TIME_LIMIT,170073,0,0,37,28
5,12,2.272664e6,-1.693086210789394,-1.0931610449562763,TIME_LIMIT,170117,0,0,23,9
5,12,2.273194e6,-1.693086210789394,-1.0931610449562763,TIME_LIMIT,170150,0,0,19,19
5,12,2.273725e6,-1.6930713428079396,-1.0931610449562763,TIME_LIMIT,170201,0,0,28,11
5,12,2.274264e6,-1.6930713428079396,-1.0931610449562763,TIME_LIMIT,170231,0,0,45,29
5,12,2.27481e6,-1.693047261135311,-1.0931610449562763,TIME_LIMIT,170274,0,0,26,10
5,12,2.27535e6,-1.693047261135311,-1.0931610449562763,TIME_LIMIT,170298,0,0,27,23
5,12,2.275876e6,-1.6930313370018568,-1.0931610449562763,TIME_LIMIT,170354,0,0,35,12
5,12,2.276405e6,-1.6930313370018568,-1.0931610449562763,TIME_LIMIT,170391,0,0,36,33
5,12,2.27693e6,-1.6930176830330925,-1.0931610449562763,TIME_LIMIT,170436,0,0,28,13
5,12,2.277459e6,-1.6930176830330925,-1.0931610449562763,TIME_LIMIT,170467,0,0,30,28
5,12,2.278101e6,-1.6930101206430417,-1.0931610449562763,TIME_LIMIT,170517,0,0,32,14
5,12,2.278765e6,-1.6930101206430417,-1.0931610449562763,TIME_LIMIT,170545,0,0,32,21
5,12,2.279415e6,-1.6929596886316207,-1.0931610449562763,TIME_LIMIT,170584,0,0,31,20
5,12,2.279993e6,-1.6929596886316207,-1.0931610449562763,TIME_LIMIT,170626,0,0,40,18
5,12,2.280541e6,-1.692941474436262,-1.0931610449562763,TIME_LIMIT,170670,0,0,41,16
5,12,2.281077e6,-1.692941474436262,-1.0931610449562763,TIME_LIMIT,170709,0,0,34,19
5,12,2.28163e6,-1.6929338667921503,-1.0931610449562763,TIME_LIMIT,170751,0,0,38,20
5,12,2.282154e6,-1.6929338667921503,-1.0931610449562763,TIME_LIMIT,170783,0,0,34,23
5,12,2.282679e6,-1.6929095024330174,-1.0931610449562763,TIME_LIMIT,170820,0,0,27,29
5,12,2.283213e6,-1.6929095024330174,-1.0931610449562763,TIME_LIMIT,170848,0,0,23,15
5,12,2.283769e6,-1.6928823757627707,-1.0931610449562763,TIME_LIMIT,170905,0,0,16,7
5,12,2.284295e6,-1.6928823757627707,-1.0931610449562763,TIME_LIMIT,170943,0,0,34,28
5,12,2.284824e6,-1.6928568785077778,-1.0931610449562763,TIME_LIMIT,170991,0,0,28,13
5,12,2.285377e6,-1.6928568785077778,-1.0931610449562763,TIME_LIMIT,171030,0,0,38,59
5,12,2.285914e6,-1.692788386399452,-1.0931610449562763,TIME_LIMIT,171078,0,0,16,6
5,12,2.286439e6,-1.692788386399452,-1.0931610449562763,TIME_LIMIT,171111,0,0,39,27
5,12,2.286966e6,-1.6927835372538211,-1.0931610449562763,TIME_LIMIT,171154,0,0,23,10
5,12,2.287494e6,-1.6927835372538211,-1.0931610449562763,TIME_LIMIT,171188,0,0,18,20
5,12,2.288075e6,-1.6927691714728723,-1.0931610449562763,TIME_LIMIT,171234,0,0,27,12
5,12,2.288596e6,-1.6927691714728723,-1.0931610449562763,TIME_LIMIT,171271,0,0,28,9
5,12,2.288974e6,-1.6927644862465734,-1.0931610449562763,TIME_LIMIT,171310,0,0,36,14
5,12,2.289503e6,-1.6927644862465734,-1.0931610449562763,TIME_LIMIT,171343,0,0,40,36
5,12,2.290031e6,-1.69276394923892,-1.0931610449562763,TIME_LIMIT,171396,0,0,28,20
5,12,2.290591e6,-1.69276394923892,-1.0931610449562763,TIME_LIMIT,171432,0,0,45,26
5,12,2.291137e6,-1.6927504429565745,-1.0931610449562763,TIME_LIMIT,171482,0,0,19,11
5,12,2.291711e6,-1.6927504429565745,-1.0931610449562763,TIME_LIMIT,171516,0,0,32,22
5,12,2.292239e6,-1.692740978141272,-1.0931610449562763,TIME_LIMIT,171561,0,0,21,4
5,12,2.292764e6,-1.692740978141272,-1.0931610449562763,TIME_LIMIT,171600,0,0,18,12
5,12,2.29329e6,-1.6927399743404998,-1.0931610449562763,TIME_LIMIT,171641,0,0,20,9
5,12,2.293889e6,-1.6927399743404998,-1.0931610449562763,TIME_LIMIT,171680,0,0,49,37
5,12,2.294555e6,-1.6927286526398815,-1.0931610449562763,TIME_LIMIT,171732,0,0,39,27
5,12,2.295208e6,-1.6927286526398815,-1.0931610449562763,TIME_LIMIT,171764,0,0,38,45
5,12,2.295825e6,-1.6926742856239172,-1.0931610449562763,TIME_LIMIT,171824,0,0,33,17
5,12,2.296379e6,-1.6926742856239172,-1.0931610449562763,TIME_LIMIT,171860,0,0,30,16
5,12,2.29693e6,-1.6926553865276677,-1.0931610449562763,TIME_LIMIT,171901,0,0,27,13
5,12,2.297487e6,-1.6926553865276677,-1.0931610449562763,TIME_LIMIT,171935,0,0,41,29
5,12,2.29804e6,-1.6926477403792874,-1.0931610449562763,TIME_LIMIT,171981,0,0,26,6
5,12,2.298568e6,-1.6926477403792874,-1.0931610449562763,TIME_LIMIT,172011,0,0,43,34
5,12,2.299128e6,-1.6926326570682657,-1.0931610449562763,TIME_LIMIT,172073,0,0,29,16
5,12,2.299655e6,-1.6926326570682657,-1.0931610449562763,TIME_LIMIT,172107,0,0,47,41
5,12,2.300185e6,-1.6925831385834424,-1.0931610449562763,TIME_LIMIT,172156,0,0,17,9
5,12,2.300732e6,-1.6925831385834424,-1.0931610449562763,TIME_LIMIT,172193,0,0,42,34
5,12,2.301268e6,-1.6925795302315467,-1.0931610449562763,TIME_LIMIT,172223,0,0,30,20
5,12,2.301795e6,-1.6925795302315467,-1.0931610449562763,TIME_LIMIT,172256,0,0,21,16
5,12,2.302325e6,-1.6925782462788461,-1.0931610449562763,TIME_LIMIT,172311,0,0,22,6
5,12,2.302854e6,-1.6925782462788461,-1.0931610449562763,TIME_LIMIT,172340,0,0,40,35
5,12,2.303404e6,-1.692577556687141,-1.0931610449562763,TIME_LIMIT,172391,0,0,37,14
5,12,2.303872e6,-1.692577556687141,-1.0931610449562763,TIME_LIMIT,172424,0,0,19,7
5,12,2.304394e6,-1.6925507903289156,-1.0931610449562763,TIME_LIMIT,172470,0,0,21,16
5,12,2.304922e6,-1.6925507903289156,-1.0931610449562763,TIME_LIMIT,172506,0,0,39,26
5,12,2.305447e6,-1.6924796281470957,-1.0931610449562763,TIME_LIMIT,172556,0,0,30,11
5,12,2.306025e6,-1.6924796281470957,-1.0931610449562763,TIME_LIMIT,172589,0,0,25,21
5,12,2.306548e6,-1.6924690498054216,-1.0931610449562763,TIME_LIMIT,172628,0,0,36,19
5,12,2.307078e6,-1.6924690498054216,-1.0931610449562763,TIME_LIMIT,172662,0,0,47,50
5,12,2.307606e6,-1.692465514964581,-1.0931610449562763,TIME_LIMIT,172719,0,0,31,16
5,12,2.308132e6,-1.692465514964581,-1.0931610449562763,TIME_LIMIT,172756,0,0,38,18
5,12,2.308659e6,-1.692418431466849,-1.0931610449562763,TIME_LIMIT,172810,0,0,36,15
5,12,2.309248e6,-1.692418431466849,-1.0931610449562763,TIME_LIMIT,172848,0,0,10,15
5,12,2.309909e6,-1.6924075169782231,-1.0931610449562763,TIME_LIMIT,172879,0,0,14,10
5,12,2.31056e6,-1.6924075169782231,-1.0931610449562763,TIME_LIMIT,172906,0,0,32,25
5,12,2.311184e6,-1.6923696970692432,-1.0931610449562763,TIME_LIMIT,172955,0,0,28,11
5,12,2.311722e6,-1.6923696970692432,-1.0931610449562763,TIME_LIMIT,172987,0,0,25,19
5,12,2.312269e6,-1.6923487168781242,-1.0931610449562763,TIME_LIMIT,173039,0,0,31,13
5,12,2.31281e6,-1.6923487168781242,-1.0931610449562763,TIME_LIMIT,173073,0,0,32,21
5,12,2.313361e6,-1.6923383306043018,-1.0931610449562763,TIME_LIMIT,173106,0,0,32,8
5,12,2.313891e6,-1.6923383306043018,-1.0931610449562763,TIME_LIMIT,173140,0,0,38,16
5,12,2.314431e6,-1.692316941499025,-1.0931610449562763,TIME_LIMIT,173188,0,0,27,7
5,12,2.314981e6,-1.692316941499025,-1.0931610449562763,TIME_LIMIT,173226,0,0,44,32
5,12,2.315508e6,-1.6923166953467688,-1.0931610449562763,TIME_LIMIT,173268,0,0,26,9
5,12,2.316038e6,-1.6923166953467688,-1.0931610449562763,TIME_LIMIT,173304,0,0,21,29
5,12,2.316586e6,-1.6923163643270103,-1.0931610449562763,TIME_LIMIT,173355,0,0,28,11
5,12,2.317122e6,-1.6923163643270103,-1.0931610449562763,TIME_LIMIT,173389,0,0,34,22
5,12,2.317648e6,-1.6922789700157241,-1.0931610449562763,TIME_LIMIT,173435,0,0,25,9
5,12,2.318177e6,-1.6922789700157241,-1.0931610449562763,TIME_LIMIT,173476,0,0,28,26
5,12,2.318706e6,-1.692257587276754,-1.0931610449562763,TIME_LIMIT,173525,0,0,35,9
5,12,2.319255e6,-1.692257587276754,-1.0931610449562763,TIME_LIMIT,173554,0,0,25,23
5,12,2.319809e6,-1.692241797102211,-1.0931610449562763,TIME_LIMIT,173608,0,0,22,14
5,12,2.320253e6,-1.692241797102211,-1.0931610449562763,TIME_LIMIT,173656,0,0,21,15
5,12,2.320598e6,-1.6922345192749355,-1.0931610449562763,TIME_LIMIT,173686,0,0,31,15
5,12,2.321127e6,-1.6922345192749355,-1.0931610449562763,TIME_LIMIT,173727,0,0,38,24
5,12,2.321674e6,-1.6922335986399817,-1.0931610449562763,TIME_LIMIT,173774,0,0,25,17
5,12,2.322212e6,-1.6922335986399817,-1.0931610449562763,TIME_LIMIT,173811,0,0,16,20
5,12,2.322739e6,-1.6922139724007677,-1.0931610449562763,TIME_LIMIT,173862,0,0,15,20
5,12,2.323267e6,-1.6922139724007677,-1.0931610449562763,TIME_LIMIT,173900,0,0,43,29
5,12,2.323793e6,-1.6921438303106355,-1.0931610449562763,TIME_LIMIT,173944,0,0,21,21
5,12,2.324168e6,-1.6921438303106355,-1.0931610449562763,TIME_LIMIT,173980,0,0,42,16
5,12,2.324696e6,-1.6921434874121233,-1.0931610449562763,TIME_LIMIT,174030,0,0,29,13
5,12,2.325295e6,-1.6921434874121233,-1.0931610449562763,TIME_LIMIT,174059,0,0,38,60
5,12,2.325959e6,-1.6921405356194044,-1.0931610449562763,TIME_LIMIT,174114,0,0,27,12
5,12,2.326625e6,-1.6921405356194044,-1.0931610449562763,TIME_LIMIT,174143,0,0,33,24
5,12,2.32724e6,-1.6921237592951128,-1.0931610449562763,TIME_LIMIT,174195,0,0,26,11
5,12,2.327793e6,-1.6921237592951128,-1.0931610449562763,TIME_LIMIT,174228,0,0,38,52
5,12,2.328338e6,-1.692120829625266,-1.0931610449562763,TIME_LIMIT,174282,0,0,32,21
5,12,2.328872e6,-1.692120829625266,-1.0931610449562763,TIME_LIMIT,174314,0,0,28,18
5,12,2.329404e6,-1.692115378453424,-1.0931610449562763,TIME_LIMIT,174361,0,0,29,14
5,12,2.329931e6,-1.692115378453424,-1.0931610449562763,TIME_LIMIT,174385,0,0,30,26
5,12,2.33051e6,-1.6921092122834043,-1.0931610449562763,TIME_LIMIT,174431,0,0,20,11
5,12,2.331035e6,-1.6921092122834043,-1.0931610449562763,TIME_LIMIT,174461,0,0,18,11
5,12,2.331566e6,-1.6920741581994807,-1.0931610449562763,TIME_LIMIT,174505,0,0,22,22
5,12,2.332106e6,-1.6920741581994807,-1.0931610449562763,TIME_LIMIT,174542,0,0,47,27
5,12,2.332653e6,-1.6920697348878948,-1.0931610449562763,TIME_LIMIT,174601,0,0,25,16
5,12,2.333179e6,-1.6920697348878948,-1.0931610449562763,TIME_LIMIT,174641,0,0,26,21
5,12,2.333708e6,-1.6920657410215723,-1.0931610449562763,TIME_LIMIT,174681,0,0,16,9
5,12,2.334235e6,-1.6920657410215723,-1.0931610449562763,TIME_LIMIT,174717,0,0,36,13
5,12,2.334782e6,-1.6920640522098909,-1.0931610449562763,TIME_LIMIT,174753,0,0,18,4
5,12,2.335319e6,-1.6920640522098909,-1.0931610449562763,TIME_LIMIT,174782,0,0,17,30
5,12,2.335844e6,-1.6920511212103984,-1.0931610449562763,TIME_LIMIT,174823,0,0,27,9
5,12,2.336373e6,-1.6920511212103984,-1.0931610449562763,TIME_LIMIT,174856,0,0,37,30
5,12,2.336901e6,-1.6919593584910908,-1.0931610449562763,TIME_LIMIT,174908,0,0,24,18
5,12,2.337478e6,-1.6919593584910908,-1.0931610449562763,TIME_LIMIT,174937,0,0,37,18
5,12,2.338001e6,-1.6919346733557874,-1.0931610449562763,TIME_LIMIT,174983,0,0,27,7
5,12,2.338531e6,-1.6919346733557874,-1.0931610449562763,TIME_LIMIT,175016,0,0,32,22
5,12,2.33906e6,-1.6919340583490405,-1.0931610449562763,TIME_LIMIT,175054,0,0,27,17
5,12,2.339589e6,-1.6919340583490405,-1.0931610449562763,TIME_LIMIT,175086,0,0,37,17
5,12,2.340115e6,-1.6919067944312065,-1.0931610449562763,TIME_LIMIT,175141,0,0,7,5
5,12,2.340735e6,-1.6919067944312065,-1.0931610449562763,TIME_LIMIT,175173,0,0,37,43
5,12,2.341399e6,-1.6919046381002676,-1.0931610449562763,TIME_LIMIT,175225,0,0,31,26
5,12,2.342048e6,-1.6919046381002676,-1.0931610449562763,TIME_LIMIT,175264,0,0,38,18
5,12,2.342647e6,-1.6919004683761827,-1.0931610449562763,TIME_LIMIT,175295,0,0,36,14
5,12,2.343196e6,-1.6919004683761827,-1.0931610449562763,TIME_LIMIT,175328,0,0,46,39
5,12,2.343741e6,-1.691888491317489,-1.0931610449562763,TIME_LIMIT,175382,0,0,28,13
5,12,2.344299e6,-1.691888491317489,-1.0931610449562763,TIME_LIMIT,175414,0,0,28,15
5,12,2.344831e6,-1.691879814441298,-1.0931610449562763,TIME_LIMIT,175459,0,0,27,10
5,12,2.345364e6,-1.691879814441298,-1.0931610449562763,TIME_LIMIT,175497,0,0,24,9
5,12,2.345914e6,-1.6918692337332655,-1.0931610449562763,TIME_LIMIT,175545,0,0,30,11
5,12,2.346452e6,-1.6918692337332655,-1.0931610449562763,TIME_LIMIT,175571,0,0,34,28
5,12,2.34698e6,-1.6918595151992337,-1.0931610449562763,TIME_LIMIT,175619,0,0,17,4
5,12,2.347508e6,-1.6918595151992337,-1.0931610449562763,TIME_LIMIT,175649,0,0,19,8
5,12,2.348075e6,-1.6918225629537518,-1.0931610449562763,TIME_LIMIT,175688,0,0,33,13
5,12,2.3486e6,-1.6918225629537518,-1.0931610449562763,TIME_LIMIT,175723,0,0,26,28
5,12,2.349128e6,-1.6918211636240403,-1.0931610449562763,TIME_LIMIT,175777,0,0,32,17
5,12,2.349658e6,-1.6918211636240403,-1.0931610449562763,TIME_LIMIT,175811,0,0,15,19
5,12,2.350186e6,-1.6918207703026038,-1.0931610449562763,TIME_LIMIT,175858,0,0,14,12
5,12,2.35075e6,-1.6918207703026038,-1.0931610449562763,TIME_LIMIT,175896,0,0,34,27
5,12,2.351289e6,-1.691798720410646,-1.0931610449562763,TIME_LIMIT,175948,0,0,35,19
5,12,2.351802e6,-1.691798720410646,-1.0931610449562763,TIME_LIMIT,175984,0,0,14,22
5,12,2.352331e6,-1.691754297771719,-1.0931610449562763,TIME_LIMIT,176041,0,0,30,12
5,12,2.352881e6,-1.691754297771719,-1.0931610449562763,TIME_LIMIT,176075,0,0,32,28
5,12,2.35342e6,-1.691736696151819,-1.0931610449562763,TIME_LIMIT,176122,0,0,21,7
5,12,2.353949e6,-1.691736696151819,-1.0931610449562763,TIME_LIMIT,176150,0,0,41,56
5,12,2.354481e6,-1.6917219357588138,-1.0931610449562763,TIME_LIMIT,176202,0,0,27,15
5,12,2.355006e6,-1.6917219357588138,-1.0931610449562763,TIME_LIMIT,176243,0,0,36,17
5,12,2.355529e6,-1.69169910061008,-1.0931610449562763,TIME_LIMIT,176277,0,0,33,17
5,12,2.356071e6,-1.69169910061008,-1.0931610449562763,TIME_LIMIT,176313,0,0,38,70
5,12,2.356738e6,-1.6916492963314436,-1.0931610449562763,TIME_LIMIT,176365,0,0,29,25
5,12,2.357399e6,-1.6916492963314436,-1.0931610449562763,TIME_LIMIT,176394,0,0,19,15
5,12,2.358047e6,-1.691635887292006,-1.0931610449562763,TIME_LIMIT,176450,0,0,30,14
5,12,2.358604e6,-1.691635887292006,-1.0931610449562763,TIME_LIMIT,176479,0,0,21,25
5,12,2.359168e6,-1.6916279908099183,-1.0931610449562763,TIME_LIMIT,176528,0,0,23,14
5,12,2.359706e6,-1.6916279908099183,-1.0931610449562763,TIME_LIMIT,176565,0,0,36,21
5,12,2.360245e6,-1.6916278511092038,-1.0931610449562763,TIME_LIMIT,176599,0,0,29,16
5,12,2.360746e6,-1.6916278511092038,-1.0931610449562763,TIME_LIMIT,176630,0,0,56,52
5,12,2.36128e6,-1.6916127099779636,-1.0931610449562763,TIME_LIMIT,176681,0,0,34,18
5,12,2.36184e6,-1.6916127099779636,-1.0931610449562763,TIME_LIMIT,176720,0,0,33,32
5,12,2.362365e6,-1.6915909494754444,-1.0931610449562763,TIME_LIMIT,176759,0,0,32,18
5,12,2.362852e6,-1.6915909494754444,-1.0931610449562763,TIME_LIMIT,176796,0,0,24,12
5,12,2.363387e6,-1.691566093883736,-1.0931610449562763,TIME_LIMIT,176845,0,0,27,10
5,12,2.363939e6,-1.691566093883736,-1.0931610449562763,TIME_LIMIT,176876,0,0,32,24
5,12,2.364462e6,-1.6915342185915487,-1.0931610449562763,TIME_LIMIT,176919,0,0,20,6
5,12,2.364993e6,-1.6915342185915487,-1.0931610449562763,TIME_LIMIT,176957,0,0,39,16
5,12,2.365522e6,-1.691529571877208,-1.0931610449562763,TIME_LIMIT,176987,0,0,24,14
5,12,2.366069e6,-1.691529571877208,-1.0931610449562763,TIME_LIMIT,177022,0,0,33,27
5,12,2.366611e6,-1.6914938066850413,-1.0931610449562763,TIME_LIMIT,177059,0,0,27,14
5,12,2.367136e6,-1.6914938066850413,-1.0931610449562763,TIME_LIMIT,177092,0,0,15,14
5,12,2.367661e6,-1.691449685608548,-1.0931610449562763,TIME_LIMIT,177128,0,0,12,6
5,12,2.368189e6,-1.691449685608548,-1.0931610449562763,TIME_LIMIT,177156,0,0,43,36
5,12,2.368766e6,-1.6914276813137399,-1.0931610449562763,TIME_LIMIT,177216,0,0,34,13
5,12,2.36929e6,-1.6914276813137399,-1.0931610449562763,TIME_LIMIT,177254,0,0,45,20
5,12,2.369871e6,-1.6914108377121726,-1.0931610449562763,TIME_LIMIT,177298,0,0,25,9
5,12,2.370401e6,-1.6914108377121726,-1.0931610449562763,TIME_LIMIT,177333,0,0,43,25
5,12,2.370925e6,-1.6914022944175775,-1.0931610449562763,TIME_LIMIT,177380,0,0,31,8
5,12,2.371448e6,-1.6914022944175775,-1.0931610449562763,TIME_LIMIT,177411,0,0,24,13
5,12,2.37204e6,-1.691393330665056,-1.0931610449562763,TIME_LIMIT,177463,0,0,24,9
5,12,2.372708e6,-1.691393330665056,-1.0931610449562763,TIME_LIMIT,177488,0,0,30,26
5,12,2.373363e6,-1.691381209499355,-1.0931610449562763,TIME_LIMIT,177538,0,0,33,11
5,12,2.373985e6,-1.691381209499355,-1.0931610449562763,TIME_LIMIT,177567,0,0,34,25
5,12,2.374538e6,-1.6913750756394503,-1.0931610449562763,TIME_LIMIT,177614,0,0,32,9
5,12,2.375082e6,-1.6913750756394503,-1.0931610449562763,TIME_LIMIT,177639,0,0,32,16
5,12,2.375644e6,-1.6913476572338784,-1.0931610449562763,TIME_LIMIT,177698,0,0,32,20
5,12,2.376199e6,-1.6913476572338784,-1.0931610449562763,TIME_LIMIT,177735,0,0,28,10
5,12,2.376573e6,-1.6913316984578792,-1.0931610449562763,TIME_LIMIT,177764,0,0,22,7
5,12,2.377137e6,-1.6913316984578792,-1.0931610449562763,TIME_LIMIT,177799,0,0,38,22
5,12,2.377662e6,-1.6913064019529416,-1.0931610449562763,TIME_LIMIT,177852,0,0,27,14
5,12,2.378191e6,-1.6913064019529416,-1.0931610449562763,TIME_LIMIT,177886,0,0,40,13
5,12,2.378721e6,-1.691304129064793,-1.0931610449562763,TIME_LIMIT,177915,0,0,18,17
5,12,2.379284e6,-1.691304129064793,-1.0931610449562763,TIME_LIMIT,177947,0,0,34,25
5,12,2.379807e6,-1.6912995815693463,-1.0931610449562763,TIME_LIMIT,177997,0,0,12,10
5,12,2.380355e6,-1.6912995815693463,-1.0931610449562763,TIME_LIMIT,178029,0,0,42,38
5,12,2.380886e6,-1.6912626700094036,-1.0931610449562763,TIME_LIMIT,178077,0,0,32,9
5,12,2.381415e6,-1.6912626700094036,-1.0931610449562763,TIME_LIMIT,178118,0,0,31,22
5,12,2.381975e6,-1.6912482101227024,-1.0931610449562763,TIME_LIMIT,178155,0,0,30,14
5,12,2.382502e6,-1.6912482101227024,-1.0931610449562763,TIME_LIMIT,178182,0,0,27,25
5,12,2.38303e6,-1.6912352242348525,-1.0931610449562763,TIME_LIMIT,178227,0,0,23,7
5,12,2.383562e6,-1.6912352242348525,-1.0931610449562763,TIME_LIMIT,178261,0,0,40,33
5,12,2.384125e6,-1.6912238239085047,-1.0931610449562763,TIME_LIMIT,178304,0,0,14,7
5,12,2.384651e6,-1.6912238239085047,-1.0931610449562763,TIME_LIMIT,178343,0,0,24,9
5,12,2.385179e6,-1.6912178883867028,-1.0931610449562763,TIME_LIMIT,178382,0,0,40,13
5,12,2.38571e6,-1.6912178883867028,-1.0931610449562763,TIME_LIMIT,178410,0,0,47,31
5,12,2.386236e6,-1.691167292619067,-1.0931610449562763,TIME_LIMIT,178463,0,0,24,10
5,12,2.386639e6,-1.691167292619067,-1.0931610449562763,TIME_LIMIT,178496,0,0,29,20
5,12,2.387172e6,-1.691160763142943,-1.0931610449562763,TIME_LIMIT,178548,0,0,17,15
5,12,2.387837e6,-1.691160763142943,-1.0931610449562763,TIME_LIMIT,178584,0,0,19,17
5,12,2.388499e6,-1.691156518591841,-1.0931610449562763,TIME_LIMIT,178638,0,0,16,7
5,12,2.38915e6,-1.691156518591841,-1.0931610449562763,TIME_LIMIT,178675,0,0,43,18
5,12,2.389713e6,-1.6911526540183783,-1.0931610449562763,TIME_LIMIT,178726,0,0,36,10
5,12,2.390265e6,-1.6911526540183783,-1.0931610449562763,TIME_LIMIT,178763,0,0,40,55
5,12,2.390811e6,-1.691121488787725,-1.0931610449562763,TIME_LIMIT,178825,0,0,29,36
5,12,2.391342e6,-1.691121488787725,-1.0931610449562763,TIME_LIMIT,178864,0,0,35,11
5,12,2.391891e6,-1.6911108274607975,-1.0931610449562763,TIME_LIMIT,178915,0,0,21,12
5,12,2.392456e6,-1.6911108274607975,-1.0931610449562763,TIME_LIMIT,178948,0,0,47,19
5,12,2.39298e6,-1.6911087626366037,-1.0931610449562763,TIME_LIMIT,178996,0,0,29,13
5,12,2.393419e6,-1.6911087626366037,-1.0931610449562763,TIME_LIMIT,179040,0,0,21,15
5,12,2.393791e6,-1.691102236601849,-1.0931610449562763,TIME_LIMIT,179076,0,0,19,8
5,12,2.394343e6,-1.691102236601849,-1.0931610449562763,TIME_LIMIT,179103,0,0,36,17
5,12,2.394883e6,-1.691038455684122,-1.0931610449562763,TIME_LIMIT,179157,0,0,31,15
5,12,2.39541e6,-1.691038455684122,-1.0931610449562763,TIME_LIMIT,179191,0,0,17,20
5,12,2.395971e6,-1.6910322878020105,-1.0931610449562763,TIME_LIMIT,179245,0,0,15,11
5,12,2.396495e6,-1.6910322878020105,-1.0931610449562763,TIME_LIMIT,179276,0,0,38,24
5,12,2.397024e6,-1.6910275467530398,-1.0931610449562763,TIME_LIMIT,179319,0,0,18,9
5,12,2.397556e6,-1.6910275467530398,-1.0931610449562763,TIME_LIMIT,179359,0,0,19,33
5,12,2.398084e6,-1.690988151423282,-1.0931610449562763,TIME_LIMIT,179408,0,0,29,10
5,12,2.398663e6,-1.690988151423282,-1.0931610449562763,TIME_LIMIT,179435,0,0,34,23
5,12,2.399187e6,-1.6909805458975495,-1.0931610449562763,TIME_LIMIT,179491,0,0,31,10
5,12,2.399717e6,-1.6909805458975495,-1.0931610449562763,TIME_LIMIT,179531,0,0,23,8
5,12,2.400248e6,-1.690918367705304,-1.0931610449562763,TIME_LIMIT,179569,0,0,31,8
5,12,2.400793e6,-1.690918367705304,-1.0931610449562763,TIME_LIMIT,179599,0,0,37,23
5,12,2.401342e6,-1.6909180548607126,-1.0931610449562763,TIME_LIMIT,179651,0,0,16,7
5,12,2.40187e6,-1.6909180548607126,-1.0931610449562763,TIME_LIMIT,179678,0,0,44,26
5,12,2.4024e6,-1.6909166273549787,-1.0931610449562763,TIME_LIMIT,179723,0,0,16,10
5,12,2.402929e6,-1.6909166273549787,-1.0931610449562763,TIME_LIMIT,179759,0,0,19,14
5,12,2.403454e6,-1.6909059357692497,-1.0931610449562763,TIME_LIMIT,179795,0,0,11,8
5,12,2.403981e6,-1.6909059357692497,-1.0931610449562763,TIME_LIMIT,179830,0,0,38,22
5,12,2.404628e6,-1.6908798448482771,-1.0931610449562763,TIME_LIMIT,179881,0,0,28,9
5,12,2.405293e6,-1.6908798448482771,-1.0931610449562763,TIME_LIMIT,179911,0,0,44,42
5,12,2.405947e6,-1.6908582623635864,-1.0931610449562763,TIME_LIMIT,179962,0,0,24,9
5,12,2.406548e6,-1.6908582623635864,-1.0931610449562763,TIME_LIMIT,179996,0,0,33,19
5,12,2.407001e6,-1.6908402648266891,-1.0931610449562763,TIME_LIMIT,180041,0,0,24,11
5,12,2.407546e6,-1.6908402648266891,-1.0931610449562763,TIME_LIMIT,180072,0,0,43,40
5,12,2.408088e6,-1.6908385549829708,-1.0931610449562763,TIME_LIMIT,180128,0,0,32,8
5,12,2.408619e6,-1.6908385549829708,-1.0931610449562763,TIME_LIMIT,180161,0,0,39,45
5,12,2.409165e6,-1.6908347337484664,-1.0931610449562763,TIME_LIMIT,180209,0,0,23,21
5,12,2.409733e6,-1.6908347337484664,-1.0931610449562763,TIME_LIMIT,180238,0,0,38,26
5,12,2.410258e6,-1.6908306160058908,-1.0931610449562763,TIME_LIMIT,180291,0,0,20,12
5,12,2.410792e6,-1.6908306160058908,-1.0931610449562763,TIME_LIMIT,180314,0,0,31,26
5,12,2.411334e6,-1.6908153006901991,-1.0931610449562763,TIME_LIMIT,180369,0,0,30,15
5,12,2.411887e6,-1.6908153006901991,-1.0931610449562763,TIME_LIMIT,180406,0,0,40,21
5,12,2.412413e6,-1.6907427230231182,-1.0931610449562763,TIME_LIMIT,180454,0,0,14,6
5,12,2.41298e6,-1.6907427230231182,-1.0931610449562763,TIME_LIMIT,180493,0,0,20,23
5,12,2.413504e6,-1.6907169797647268,-1.0931610449562763,TIME_LIMIT,180543,0,0,30,10
5,12,2.414035e6,-1.6907169797647268,-1.0931610449562763,TIME_LIMIT,180574,0,0,27,15
5,12,2.414566e6,-1.6907076237836014,-1.0931610449562763,TIME_LIMIT,180631,0,0,29,18
5,12,2.415094e6,-1.6907076237836014,-1.0931610449562763,TIME_LIMIT,180662,0,0,44,42
5,12,2.415656e6,-1.6906940490057565,-1.0931610449562763,TIME_LIMIT,180712,0,0,29,10
5,12,2.416182e6,-1.6906940490057565,-1.0931610449562763,TIME_LIMIT,180744,0,0,16,12
5,12,2.416729e6,-1.690672842079496,-1.0931610449562763,TIME_LIMIT,180794,0,0,10,11
5,12,2.41726e6,-1.690672842079496,-1.0931610449562763,TIME_LIMIT,180827,0,0,35,22
5,12,2.417809e6,-1.6906229516776856,-1.0931610449562763,TIME_LIMIT,180855,0,0,28,9
5,12,2.418348e6,-1.6906229516776856,-1.0931610449562763,TIME_LIMIT,180890,0,0,40,30
5,12,2.418876e6,-1.690620836297927,-1.0931610449562763,TIME_LIMIT,180941,0,0,28,14
5,12,2.419407e6,-1.690620836297927,-1.0931610449562763,TIME_LIMIT,180973,0,0,35,35
5,12,2.419932e6,-1.6906042693270307,-1.0931610449562763,TIME_LIMIT,181025,0,0,27,15
5,12,2.420458e6,-1.6906042693270307,-1.0931610449562763,TIME_LIMIT,181062,0,0,25,21
5,12,2.420992e6,-1.6905533374365886,-1.0931610449562763,TIME_LIMIT,181093,0,0,27,9
5,12,2.421651e6,-1.6905533374365886,-1.0931610449562763,TIME_LIMIT,181130,0,0,38,25
5,12,2.422316e6,-1.6904887712154966,-1.0931610449562763,TIME_LIMIT,181167,0,0,30,34
5,12,2.422935e6,-1.6904887712154966,-1.0931610449562763,TIME_LIMIT,181203,0,0,26,12
5,12,2.423506e6,-1.6904860639237738,-1.0931610449562763,TIME_LIMIT,181249,0,0,20,9
5,12,2.42406e6,-1.6904860639237738,-1.0931610449562763,TIME_LIMIT,181278,0,0,27,19
5,12,2.424604e6,-1.690479811418955,-1.0931610449562763,TIME_LIMIT,181325,0,0,28,12
5,12,2.425146e6,-1.690479811418955,-1.0931610449562763,TIME_LIMIT,181354,0,0,46,37
5,12,2.425699e6,-1.6904738922242752,-1.0931610449562763,TIME_LIMIT,181410,0,0,36,10
5,12,2.426267e6,-1.6904738922242752,-1.0931610449562763,TIME_LIMIT,181438,0,0,48,49
5,12,2.426792e6,-1.6904709619924148,-1.0931610449562763,TIME_LIMIT,181490,0,0,20,17
5,12,2.427322e6,-1.6904709619924148,-1.0931610449562763,TIME_LIMIT,181521,0,0,21,20
5,12,2.427849e6,-1.6904708486962892,-1.0931610449562763,TIME_LIMIT,181570,0,0,31,8
5,12,2.428376e6,-1.6904708486962892,-1.0931610449562763,TIME_LIMIT,181599,0,0,27,17
5,12,2.428901e6,-1.6904384845154652,-1.0931610449562763,TIME_LIMIT,181647,0,0,19,4
5,12,2.429449e6,-1.6904384845154652,-1.0931610449562763,TIME_LIMIT,181685,0,0,27,11
5,12,2.429993e6,-1.6903813515570232,-1.0931610449562763,TIME_LIMIT,181720,0,0,17,7
5,12,2.430521e6,-1.6903813515570232,-1.0931610449562763,TIME_LIMIT,181754,0,0,44,20
5,12,2.431052e6,-1.6903777928051567,-1.0931610449562763,TIME_LIMIT,181806,0,0,27,16
5,12,2.431583e6,-1.6903777928051567,-1.0931610449562763,TIME_LIMIT,181835,0,0,40,20
5,12,2.432126e6,-1.6903766994150105,-1.0931610449562763,TIME_LIMIT,181891,0,0,33,15
5,12,2.432673e6,-1.6903766994150105,-1.0931610449562763,TIME_LIMIT,181918,0,0,31,27
5,12,2.4332e6,-1.6903745129790009,-1.0931610449562763,TIME_LIMIT,181964,0,0,16,9
5,12,2.433731e6,-1.6903745129790009,-1.0931610449562763,TIME_LIMIT,182000,0,0,20,22
5,12,2.434276e6,-1.6903662286695744,-1.0931610449562763,TIME_LIMIT,182046,0,0,17,9
5,12,2.434836e6,-1.6903662286695744,-1.0931610449562763,TIME_LIMIT,182077,0,0,41,26
5,12,2.435359e6,-1.6903626344324605,-1.0931610449562763,TIME_LIMIT,182128,0,0,19,7
5,12,2.435889e6,-1.6903626344324605,-1.0931610449562763,TIME_LIMIT,182160,0,0,32,30
5,12,2.43642e6,-1.6903593901468819,-1.0931610449562763,TIME_LIMIT,182208,0,0,21,12
5,12,2.436943e6,-1.6903593901468819,-1.0931610449562763,TIME_LIMIT,182234,0,0,36,28
5,12,2.437449e6,-1.6903532289711845,-1.0931610449562763,TIME_LIMIT,182293,0,0,38,18
5,12,2.438016e6,-1.6903532289711845,-1.0931610449562763,TIME_LIMIT,182329,0,0,44,30
5,12,2.438689e6,-1.6903524402507322,-1.0931610449562763,TIME_LIMIT,182379,0,0,17,2
5,12,2.439345e6,-1.6903524402507322,-1.0931610449562763,TIME_LIMIT,182405,0,0,27,23
5,12,2.439984e6,-1.6903472741535843,-1.0931610449562763,TIME_LIMIT,182458,0,0,18,6
5,12,2.440539e6,-1.6903472741535843,-1.0931610449562763,TIME_LIMIT,182493,0,0,43,34
5,12,2.441085e6,-1.6903399964637547,-1.0931610449562763,TIME_LIMIT,182549,0,0,31,15
5,12,2.441624e6,-1.6903399964637547,-1.0931610449562763,TIME_LIMIT,182580,0,0,36,17
5,12,2.442163e6,-1.6902820171725403,-1.0931610449562763,TIME_LIMIT,182633,0,0,23,17
5,12,2.442638e6,-1.6902820171725403,-1.0931610449562763,TIME_LIMIT,182670,0,0,36,24
5,12,2.443199e6,-1.690254628773063,-1.0931610449562763,TIME_LIMIT,182716,0,0,26,16
5,12,2.443723e6,-1.690254628773063,-1.0931610449562763,TIME_LIMIT,182748,0,0,13,17
5,12,2.444252e6,-1.6902412500608888,-1.0931610449562763,TIME_LIMIT,182791,0,0,25,17
5,12,2.444783e6,-1.6902412500608888,-1.0931610449562763,TIME_LIMIT,182821,0,0,33,47
5,12,2.445366e6,-1.6902326303205717,-1.0931610449562763,TIME_LIMIT,182871,0,0,18,8
5,12,2.445889e6,-1.6902326303205717,-1.0931610449562763,TIME_LIMIT,182900,0,0,33,15
5,12,2.446434e6,-1.6902198457818993,-1.0931610449562763,TIME_LIMIT,182950,0,0,28,19
5,12,2.44698e6,-1.6902198457818993,-1.0931610449562763,TIME_LIMIT,182978,0,0,30,13
5,12,2.44751e6,-1.690205203561867,-1.0931610449562763,TIME_LIMIT,183019,0,0,19,12
5,12,2.448093e6,-1.690205203561867,-1.0931610449562763,TIME_LIMIT,183056,0,0,39,47
5,12,2.448623e6,-1.690164453156969,-1.0931610449562763,TIME_LIMIT,183110,0,0,26,12
5,12,2.449171e6,-1.690164453156969,-1.0931610449562763,TIME_LIMIT,183144,0,0,24,31
5,12,2.449712e6,-1.6901489163506183,-1.0931610449562763,TIME_LIMIT,183193,0,0,19,17
5,12,2.450239e6,-1.6901489163506183,-1.0931610449562763,TIME_LIMIT,183230,0,0,18,14
5,12,2.450768e6,-1.6901463012308215,-1.0931610449562763,TIME_LIMIT,183270,0,0,14,19
5,12,2.451298e6,-1.6901463012308215,-1.0931610449562763,TIME_LIMIT,183300,0,0,31,29
5,12,2.451862e6,-1.6901358146504635,-1.0931610449562763,TIME_LIMIT,183346,0,0,22,16
5,12,2.452387e6,-1.6901358146504635,-1.0931610449562763,TIME_LIMIT,183373,0,0,31,19
5,12,2.452915e6,-1.69005358532346,-1.0931610449562763,TIME_LIMIT,183418,0,0,28,6
5,12,2.453415e6,-1.69005358532346,-1.0931610449562763,TIME_LIMIT,183453,0,0,37,32
5,12,2.45396e6,-1.690012030443346,-1.0931610449562763,TIME_LIMIT,183503,0,0,23,9
5,12,2.454513e6,-1.690012030443346,-1.0931610449562763,TIME_LIMIT,183532,0,0,18,15
5,12,2.455088e6,-1.690007348266276,-1.0931610449562763,TIME_LIMIT,183580,0,0,28,16
5,12,2.455714e6,-1.690007348266276,-1.0931610449562763,TIME_LIMIT,183616,0,0,17,19
5,12,2.456374e6,-1.690003634464094,-1.0931610449562763,TIME_LIMIT,183673,0,0,39,18
5,12,2.45701e6,-1.690003634464094,-1.0931610449562763,TIME_LIMIT,183709,0,0,37,19
5,12,2.457568e6,-1.6900005942278509,-1.0931610449562763,TIME_LIMIT,183755,0,0,31,16
5,12,2.458085e6,-1.6900005942278509,-1.0931610449562763,TIME_LIMIT,183791,0,0,30,34
5,12,2.45863e6,-1.6899833232328023,-1.0931610449562763,TIME_LIMIT,183842,0,0,22,11
5,12,2.459169e6,-1.6899833232328023,-1.0931610449562763,TIME_LIMIT,183874,0,0,36,14
5,12,2.459695e6,-1.6899690873384206,-1.0931610449562763,TIME_LIMIT,183916,0,0,34,8
5,12,2.460225e6,-1.6899690873384206,-1.0931610449562763,TIME_LIMIT,183958,0,0,39,28
5,12,2.460789e6,-1.6899632068150978,-1.0931610449562763,TIME_LIMIT,183995,0,0,31,16
5,12,2.461316e6,-1.6899632068150978,-1.0931610449562763,TIME_LIMIT,184024,0,0,37,25
5,12,2.461847e6,-1.6899494643401423,-1.0931610449562763,TIME_LIMIT,184077,0,0,19,7
5,12,2.462377e6,-1.6899494643401423,-1.0931610449562763,TIME_LIMIT,184115,0,0,45,23
5,12,2.462941e6,-1.68991326332283,-1.0931610449562763,TIME_LIMIT,184165,0,0,32,22
5,12,2.463465e6,-1.68991326332283,-1.0931610449562763,TIME_LIMIT,184205,0,0,34,30
5,12,2.464026e6,-1.6899104141312642,-1.0931610449562763,TIME_LIMIT,184252,0,0,16,6
5,12,2.464548e6,-1.6899104141312642,-1.0931610449562763,TIME_LIMIT,184287,0,0,16,22
5,12,2.465069e6,-1.6898861848241316,-1.0931610449562763,TIME_LIMIT,184332,0,0,11,4
5,12,2.465604e6,-1.6898861848241316,-1.0931610449562763,TIME_LIMIT,184357,0,0,31,40
5,12,2.466161e6,-1.6898836053815496,-1.0931610449562763,TIME_LIMIT,184409,0,0,28,13
5,12,2.466685e6,-1.6898836053815496,-1.0931610449562763,TIME_LIMIT,184447,0,0,36,29
5,12,2.467204e6,-1.68986772194729,-1.0931610449562763,TIME_LIMIT,184498,0,0,20,16
5,12,2.467721e6,-1.68986772194729,-1.0931610449562763,TIME_LIMIT,184531,0,0,41,34
5,12,2.468281e6,-1.6898521666583675,-1.0931610449562763,TIME_LIMIT,184577,0,0,29,6
5,12,2.468801e6,-1.6898521666583675,-1.0931610449562763,TIME_LIMIT,184613,0,0,34,27
5,12,2.469318e6,-1.6898309877660145,-1.0931610449562763,TIME_LIMIT,184661,0,0,29,14
5,12,2.469838e6,-1.6898309877660145,-1.0931610449562763,TIME_LIMIT,184685,0,0,40,45
5,12,2.470355e6,-1.6897794980453862,-1.0931610449562763,TIME_LIMIT,184737,0,0,17,19
5,12,2.47094e6,-1.6897794980453862,-1.0931610449562763,TIME_LIMIT,184770,0,0,37,20
5,12,2.471606e6,-1.689760071612968,-1.0931610449562763,TIME_LIMIT,184817,0,0,31,12
5,12,2.472267e6,-1.689760071612968,-1.0931610449562763,TIME_LIMIT,184855,0,0,37,14
5,12,2.472893e6,-1.6897582251798093,-1.0931610449562763,TIME_LIMIT,184887,0,0,25,22
5,12,2.47345e6,-1.6897582251798093,-1.0931610449562763,TIME_LIMIT,184915,0,0,31,18
5,12,2.474015e6,-1.6897521198106134,-1.0931610449562763,TIME_LIMIT,184969,0,0,34,12
5,12,2.474556e6,-1.6897521198106134,-1.0931610449562763,TIME_LIMIT,185000,0,0,23,22
5,12,2.47509e6,-1.6897367381631767,-1.0931610449562763,TIME_LIMIT,185049,0,0,11,9
5,12,2.475619e6,-1.6897367381631767,-1.0931610449562763,TIME_LIMIT,185080,0,0,31,40
5,12,2.476179e6,-1.689728549279951,-1.0931610449562763,TIME_LIMIT,185137,0,0,29,10
5,12,2.476697e6,-1.689728549279951,-1.0931610449562763,TIME_LIMIT,185171,0,0,22,21
5,12,2.477215e6,-1.6897205334600918,-1.0931610449562763,TIME_LIMIT,185217,0,0,28,27
5,12,2.477775e6,-1.6897205334600918,-1.0931610449562763,TIME_LIMIT,185248,0,0,26,26
5,12,2.478294e6,-1.6897153296394405,-1.0931610449562763,TIME_LIMIT,185298,0,0,31,15
5,12,2.478809e6,-1.6897153296394405,-1.0931610449562763,TIME_LIMIT,185335,0,0,31,25
5,12,2.479326e6,-1.6897069036796213,-1.0931610449562763,TIME_LIMIT,185370,0,0,30,12
5,12,2.479885e6,-1.6897069036796213,-1.0931610449562763,TIME_LIMIT,185401,0,0,26,20
5,12,2.480403e6,-1.6896980971010738,-1.0931610449562763,TIME_LIMIT,185439,0,0,29,10
5,12,2.480911e6,-1.6896980971010738,-1.0931610449562763,TIME_LIMIT,185470,0,0,38,28
5,12,2.48143e6,-1.6896719169013652,-1.0931610449562763,TIME_LIMIT,185519,0,0,18,7
5,12,2.48195e6,-1.6896719169013652,-1.0931610449562763,TIME_LIMIT,185549,0,0,42,46
5,12,2.482551e6,-1.689588792674066,-1.0931610449562763,TIME_LIMIT,185599,0,0,23,8
5,12,2.483241e6,-1.689588792674066,-1.0931610449562763,TIME_LIMIT,185631,0,0,28,10
5,12,2.483892e6,-1.689550456970789,-1.0931610449562763,TIME_LIMIT,185677,0,0,19,11
5,12,2.484503e6,-1.689550456970789,-1.0931610449562763,TIME_LIMIT,185711,0,0,23,26
5,12,2.485055e6,-1.6895277550806813,-1.0931610449562763,TIME_LIMIT,185761,0,0,35,27
5,12,2.485601e6,-1.6895277550806813,-1.0931610449562763,TIME_LIMIT,185800,0,0,22,30
5,12,2.486143e6,-1.6895267543907666,-1.0931610449562763,TIME_LIMIT,185852,0,0,28,20
5,12,2.486677e6,-1.6895267543907666,-1.0931610449562763,TIME_LIMIT,185889,0,0,37,19
5,12,2.487223e6,-1.689503422050387,-1.0931610449562763,TIME_LIMIT,185944,0,0,33,13
5,12,2.487766e6,-1.689503422050387,-1.0931610449562763,TIME_LIMIT,185981,0,0,30,10
5,12,2.488284e6,-1.6894784409353492,-1.0931610449562763,TIME_LIMIT,186017,0,0,26,14
5,12,2.488806e6,-1.6894784409353492,-1.0931610449562763,TIME_LIMIT,186049,0,0,19,16
5,12,2.489366e6,-1.6894779043522397,-1.0931610449562763,TIME_LIMIT,186092,0,0,13,8
5,12,2.489886e6,-1.6894779043522397,-1.0931610449562763,TIME_LIMIT,186124,0,0,32,25
5,12,2.49045e6,-1.68947411224869,-1.0931610449562763,TIME_LIMIT,186156,0,0,32,22
5,12,2.490967e6,-1.68947411224869,-1.0931610449562763,TIME_LIMIT,186189,0,0,25,11
5,12,2.491482e6,-1.689448751118014,-1.0931610449562763,TIME_LIMIT,186238,0,0,29,17
5,12,2.492018e6,-1.689448751118014,-1.0931610449562763,TIME_LIMIT,186274,0,0,25,16
5,12,2.49258e6,-1.6894305659858964,-1.0931610449562763,TIME_LIMIT,186327,0,0,13,10
5,12,2.4931e6,-1.6894305659858964,-1.0931610449562763,TIME_LIMIT,186355,0,0,37,28
5,12,2.493621e6,-1.6894078303369957,-1.0931610449562763,TIME_LIMIT,186409,0,0,27,10
5,12,2.494162e6,-1.6894078303369957,-1.0931610449562763,TIME_LIMIT,186436,0,0,37,22
5,12,2.494707e6,-1.6894059377304613,-1.0931610449562763,TIME_LIMIT,186488,0,0,27,12
5,12,2.495227e6,-1.6894059377304613,-1.0931610449562763,TIME_LIMIT,186520,0,0,36,28
5,12,2.495746e6,-1.689391832332713,-1.0931610449562763,TIME_LIMIT,186571,0,0,20,6
5,12,2.496252e6,-1.689391832332713,-1.0931610449562763,TIME_LIMIT,186612,0,0,24,10
5,12,2.49677e6,-1.6893834744119105,-1.0931610449562763,TIME_LIMIT,186645,0,0,15,12
5,12,2.497424e6,-1.6893834744119105,-1.0931610449562763,TIME_LIMIT,186679,0,0,35,12
5,12,2.498095e6,-1.6893833313410398,-1.0931610449562763,TIME_LIMIT,186712,0,0,32,12
5,12,2.498744e6,-1.6893833313410398,-1.0931610449562763,TIME_LIMIT,186748,0,0,31,19
5,12,2.499332e6,-1.689306369708992,-1.0931610449562763,TIME_LIMIT,186790,0,0,23,14
5,12,2.499887e6,-1.689306369708992,-1.0931610449562763,TIME_LIMIT,186822,0,0,32,19
5,12,2.50043e6,-1.6892996813641128,-1.0931610449562763,TIME_LIMIT,186868,0,0,31,11
5,12,2.500963e6,-1.6892996813641128,-1.0931610449562763,TIME_LIMIT,186908,0,0,37,20
5,12,2.5015e6,-1.6892935392396087,-1.0931610449562763,TIME_LIMIT,186957,0,0,37,11
5,12,2.502051e6,-1.6892935392396087,-1.0931610449562763,TIME_LIMIT,186996,0,0,27,28
5,12,2.502615e6,-1.6892894582611453,-1.0931610449562763,TIME_LIMIT,187032,0,0,11,9
5,12,2.502974e6,-1.6892894582611453,-1.0931610449562763,TIME_LIMIT,187062,0,0,33,17
5,12,2.503492e6,-1.6892893697897418,-1.0931610449562763,TIME_LIMIT,187104,0,0,25,9
5,12,2.504039e6,-1.6892893697897418,-1.0931610449562763,TIME_LIMIT,187143,0,0,24,13
5,12,2.504575e6,-1.6892800608568195,-1.0931610449562763,TIME_LIMIT,187187,0,0,23,19
5,12,2.505119e6,-1.6892800608568195,-1.0931610449562763,TIME_LIMIT,187229,0,0,22,9
5,12,2.505656e6,-1.6892756792488253,-1.0931610449562763,TIME_LIMIT,187265,0,0,36,17
5,12,2.506175e6,-1.6892756792488253,-1.0931610449562763,TIME_LIMIT,187310,0,0,32,14
5,12,2.506694e6,-1.6892685896970683,-1.0931610449562763,TIME_LIMIT,187342,0,0,27,9
5,12,2.507267e6,-1.6892685896970683,-1.0931610449562763,TIME_LIMIT,187374,0,0,13,35
5,12,2.507795e6,-1.689267201452897,-1.0931610449562763,TIME_LIMIT,187408,0,0,33,13
5,12,2.508235e6,-1.689267201452897,-1.0931610449562763,TIME_LIMIT,187446,0,0,46,33
5,12,2.508753e6,-1.6892665769902853,-1.0931610449562763,TIME_LIMIT,187495,0,0,17,8
5,12,2.509332e6,-1.6892665769902853,-1.0931610449562763,TIME_LIMIT,187535,0,0,28,11
5,12,2.509851e6,-1.6892634762029208,-1.0931610449562763,TIME_LIMIT,187570,0,0,16,7
5,12,2.510363e6,-1.6892634762029208,-1.0931610449562763,TIME_LIMIT,187606,0,0,24,16
5,12,2.510882e6,-1.6892448366484916,-1.0931610449562763,TIME_LIMIT,187661,0,0,23,5
5,12,2.511401e6,-1.6892448366484916,-1.0931610449562763,TIME_LIMIT,187688,0,0,34,29
5,12,2.512003e6,-1.6892424439222595,-1.0931610449562763,TIME_LIMIT,187742,0,0,34,9
5,12,2.512696e6,-1.6892424439222595,-1.0931610449562763,TIME_LIMIT,187779,0,0,25,11
5,12,2.513374e6,-1.689225888631148,-1.0931610449562763,TIME_LIMIT,187826,0,0,20,25
5,12,2.513989e6,-1.689225888631148,-1.0931610449562763,TIME_LIMIT,187861,0,0,20,10
5,12,2.514541e6,-1.6892112179338858,-1.0931610449562763,TIME_LIMIT,187919,0,0,32,16
5,12,2.515086e6,-1.6892112179338858,-1.0931610449562763,TIME_LIMIT,187962,0,0,38,23
5,12,2.515633e6,-1.6891971617575936,-1.0931610449562763,TIME_LIMIT,188001,0,0,23,14
5,12,2.516163e6,-1.6891971617575936,-1.0931610449562763,TIME_LIMIT,188029,0,0,31,26
5,12,2.51669e6,-1.6891917345593352,-1.0931610449562763,TIME_LIMIT,188084,0,0,31,13
5,12,2.517258e6,-1.6891917345593352,-1.0931610449562763,TIME_LIMIT,188118,0,0,24,20
5,12,2.517777e6,-1.6891829084391723,-1.0931610449562763,TIME_LIMIT,188155,0,0,32,10
5,12,2.518296e6,-1.6891829084391723,-1.0931610449562763,TIME_LIMIT,188189,0,0,44,17
5,12,2.518861e6,-1.6891793598380866,-1.0931610449562763,TIME_LIMIT,188240,0,0,31,12
5,12,2.519397e6,-1.6891793598380866,-1.0931610449562763,TIME_LIMIT,188274,0,0,23,17
5,12,2.519918e6,-1.6891730188765786,-1.0931610449562763,TIME_LIMIT,188322,0,0,30,15
5,12,2.520447e6,-1.6891730188765786,-1.0931610449562763,TIME_LIMIT,188351,0,0,17,17
5,12,2.521005e6,-1.6891723687542064,-1.0931610449562763,TIME_LIMIT,188398,0,0,12,8
5,12,2.521525e6,-1.6891723687542064,-1.0931610449562763,TIME_LIMIT,188442,0,0,39,25
5,12,2.522045e6,-1.6891495855232714,-1.0931610449562763,TIME_LIMIT,188479,0,0,33,20
5,12,2.522601e6,-1.6891495855232714,-1.0931610449562763,TIME_LIMIT,188507,0,0,38,23
5,12,2.523131e6,-1.6891339471799727,-1.0931610449562763,TIME_LIMIT,188553,0,0,25,9
5,12,2.523648e6,-1.6891339471799727,-1.0931610449562763,TIME_LIMIT,188590,0,0,42,22
5,12,2.524167e6,-1.6891213980180493,-1.0931610449562763,TIME_LIMIT,188636,0,0,28,15
5,12,2.524685e6,-1.6891213980180493,-1.0931610449562763,TIME_LIMIT,188665,0,0,36,16
5,12,2.525242e6,-1.6891064586336686,-1.0931610449562763,TIME_LIMIT,188709,0,0,19,12
5,12,2.525978e6,-1.6891064586336686,-1.0931610449562763,TIME_LIMIT,188746,0,0,22,16
5,12,2.526676e6,-1.6891057707035402,-1.0931610449562763,TIME_LIMIT,188799,0,0,30,15
5,12,2.527234e6,-1.6891057707035402,-1.0931610449562763,TIME_LIMIT,188839,0,0,30,29
5,12,2.527794e6,-1.6890935632668398,-1.0931610449562763,TIME_LIMIT,188899,0,0,33,16
5,12,2.52834e6,-1.6890935632668398,-1.0931610449562763,TIME_LIMIT,188932,0,0,36,20
5,12,2.528883e6,-1.6890853933066643,-1.0931610449562763,TIME_LIMIT,188982,0,0,16,11
5,12,2.529418e6,-1.6890853933066643,-1.0931610449562763,TIME_LIMIT,189009,0,0,42,27
5,12,2.529952e6,-1.6890719167312649,-1.0931610449562763,TIME_LIMIT,189057,0,0,15,5
5,12,2.530481e6,-1.6890719167312649,-1.0931610449562763,TIME_LIMIT,189083,0,0,32,18
5,12,2.531039e6,-1.6890156268445922,-1.0931610449562763,TIME_LIMIT,189127,0,0,27,11
5,12,2.53156e6,-1.6890156268445922,-1.0931610449562763,TIME_LIMIT,189159,0,0,36,29
5,12,2.532091e6,-1.6890151094013293,-1.0931610449562763,TIME_LIMIT,189216,0,0,34,20
5,12,2.532687e6,-1.6890151094013293,-1.0931610449562763,TIME_LIMIT,189260,0,0,35,16
5,12,2.533206e6,-1.6890132057403036,-1.0931610449562763,TIME_LIMIT,189298,0,0,23,11
5,12,2.533772e6,-1.6890132057403036,-1.0931610449562763,TIME_LIMIT,189327,0,0,32,18
5,12,2.534291e6,-1.6889820973689107,-1.0931610449562763,TIME_LIMIT,189381,0,0,20,12
5,12,2.534808e6,-1.6889820973689107,-1.0931610449562763,TIME_LIMIT,189423,0,0,36,20
5,12,2.535329e6,-1.6889649451476003,-1.0931610449562763,TIME_LIMIT,189464,0,0,42,20
5,12,2.535666e6,-1.6889649451476003,-1.0931610449562763,TIME_LIMIT,189497,0,0,40,23
5,12,2.536184e6,-1.6889562321990657,-1.0931610449562763,TIME_LIMIT,189551,0,0,24,18
5,12,2.536703e6,-1.6889562321990657,-1.0931610449562763,TIME_LIMIT,189589,0,0,21,13
5,12,2.537221e6,-1.6889510956601672,-1.0931610449562763,TIME_LIMIT,189640,0,0,29,7
5,12,2.537786e6,-1.6889510956601672,-1.0931610449562763,TIME_LIMIT,189672,0,0,37,30
5,12,2.538305e6,-1.688941104165011,-1.0931610449562763,TIME_LIMIT,189724,0,0,24,17
5,12,2.538824e6,-1.688941104165011,-1.0931610449562763,TIME_LIMIT,189757,0,0,22,12
5,12,2.539343e6,-1.6888748319802094,-1.0931610449562763,TIME_LIMIT,189811,0,0,16,11
5,12,2.539786e6,-1.6888748319802094,-1.0931610449562763,TIME_LIMIT,189850,0,0,40,26
5,12,2.540394e6,-1.6888510308979734,-1.0931610449562763,TIME_LIMIT,189900,0,0,28,16
5,12,2.541089e6,-1.6888510308979734,-1.0931610449562763,TIME_LIMIT,189929,0,0,42,36
5,12,2.541776e6,-1.6888445977628233,-1.0931610449562763,TIME_LIMIT,189974,0,0,27,10
5,12,2.542393e6,-1.6888445977628233,-1.0931610449562763,TIME_LIMIT,190005,0,0,37,14
5,12,2.542949e6,-1.688819020177839,-1.0931610449562763,TIME_LIMIT,190053,0,0,18,7
5,12,2.543495e6,-1.688819020177839,-1.0931610449562763,TIME_LIMIT,190091,0,0,42,31
5,12,2.54406e6,-1.6887819453176212,-1.0931610449562763,TIME_LIMIT,190144,0,0,24,11
5,12,2.544591e6,-1.6887819453176212,-1.0931610449562763,TIME_LIMIT,190184,0,0,37,29
5,12,2.545138e6,-1.6887671947031722,-1.0931610449562763,TIME_LIMIT,190224,0,0,32,23
5,12,2.545681e6,-1.6887671947031722,-1.0931610449562763,TIME_LIMIT,190257,0,0,38,43
5,12,2.546202e6,-1.688764853361997,-1.0931610449562763,TIME_LIMIT,190311,0,0,26,11
5,12,2.546736e6,-1.688764853361997,-1.0931610449562763,TIME_LIMIT,190345,0,0,22,23
5,12,2.547288e6,-1.6887187249817837,-1.0931610449562763,TIME_LIMIT,190391,0,0,24,15
5,12,2.547805e6,-1.6887187249817837,-1.0931610449562763,TIME_LIMIT,190426,0,0,25,15
5,12,2.548028e6,-1.6887088271998971,-1.0931610449562763,TIME_LIMIT,190453,0,0,22,12
5,12,2.548547e6,-1.6887088271998971,-1.0931610449562763,TIME_LIMIT,190488,0,0,29,32
5,12,2.54911e6,-1.6886270827019143,-1.0931610449562763,TIME_LIMIT,190538,0,0,14,18
5,12,2.54963e6,-1.6886270827019143,-1.0931610449562763,TIME_LIMIT,190573,0,0,41,21
5,12,2.55015e6,-1.6886115951510838,-1.0931610449562763,TIME_LIMIT,190605,0,0,30,15
5,12,2.55067e6,-1.6886115951510838,-1.0931610449562763,TIME_LIMIT,190639,0,0,42,36
5,12,2.551234e6,-1.6885883089770748,-1.0931610449562763,TIME_LIMIT,190690,0,0,30,18
5,12,2.551752e6,-1.6885883089770748,-1.0931610449562763,TIME_LIMIT,190723,0,0,44,46
5,12,2.552269e6,-1.6885873261190525,-1.0931610449562763,TIME_LIMIT,190771,0,0,26,17
5,12,2.552789e6,-1.6885873261190525,-1.0931610449562763,TIME_LIMIT,190804,0,0,34,35
5,12,2.553309e6,-1.6885731722302624,-1.0931610449562763,TIME_LIMIT,190854,0,0,26,15
5,12,2.553954e6,-1.6885731722302624,-1.0931610449562763,TIME_LIMIT,190877,0,0,34,27
5,12,2.554641e6,-1.6885320361196758,-1.0931610449562763,TIME_LIMIT,190929,0,0,17,9
5,12,2.555332e6,-1.6885320361196758,-1.0931610449562763,TIME_LIMIT,190967,0,0,36,29
5,12,2.555932e6,-1.6885213965620536,-1.0931610449562763,TIME_LIMIT,191001,0,0,19,8
5,12,2.556481e6,-1.6885213965620536,-1.0931610449562763,TIME_LIMIT,191040,0,0,34,18
5,12,2.557027e6,-1.688493404264354,-1.0931610449562763,TIME_LIMIT,191078,0,0,27,5
5,12,2.557568e6,-1.688493404264354,-1.0931610449562763,TIME_LIMIT,191113,0,0,34,29
5,12,2.558105e6,-1.6884831667488376,-1.0931610449562763,TIME_LIMIT,191166,0,0,32,17
5,12,2.558635e6,-1.6884831667488376,-1.0931610449562763,TIME_LIMIT,191200,0,0,42,28
5,12,2.559202e6,-1.688475335484374,-1.0931610449562763,TIME_LIMIT,191253,0,0,29,11
5,12,2.559719e6,-1.688475335484374,-1.0931610449562763,TIME_LIMIT,191282,0,0,35,29
5,12,2.560238e6,-1.6884590721741186,-1.0931610449562763,TIME_LIMIT,191335,0,0,21,13
5,12,2.560805e6,-1.6884590721741186,-1.0931610449562763,TIME_LIMIT,191362,0,0,39,37
5,12,2.561325e6,-1.6884508937326703,-1.0931610449562763,TIME_LIMIT,191415,0,0,29,15
5,12,2.561847e6,-1.6884508937326703,-1.0931610449562763,TIME_LIMIT,191445,0,0,21,29
5,12,2.562367e6,-1.688449700071276,-1.0931610449562763,TIME_LIMIT,191494,0,0,18,9
5,12,2.562932e6,-1.688449700071276,-1.0931610449562763,TIME_LIMIT,191520,0,0,26,38
5,12,2.563453e6,-1.688443911983345,-1.0931610449562763,TIME_LIMIT,191571,0,0,15,11
5,12,2.563969e6,-1.688443911983345,-1.0931610449562763,TIME_LIMIT,191603,0,0,29,24
5,12,2.564489e6,-1.6884269778369,-1.0931610449562763,TIME_LIMIT,191651,0,0,19,11
5,12,2.565005e6,-1.6884269778369,-1.0931610449562763,TIME_LIMIT,191691,0,0,33,9
5,12,2.565642e6,-1.6884104443922499,-1.0931610449562763,TIME_LIMIT,191722,0,0,16,9
5,12,2.566335e6,-1.6884104443922499,-1.0931610449562763,TIME_LIMIT,191753,0,0,35,37
5,12,2.567019e6,-1.6884043632446026,-1.0931610449562763,TIME_LIMIT,191797,0,0,12,12
5,12,2.567627e6,-1.6884043632446026,-1.0931610449562763,TIME_LIMIT,191823,0,0,33,19
5,12,2.568178e6,-1.6883894466570473,-1.0931610449562763,TIME_LIMIT,191871,0,0,27,8
5,12,2.568727e6,-1.6883894466570473,-1.0931610449562763,TIME_LIMIT,191900,0,0,39,25
5,12,2.569267e6,-1.6883685096162546,-1.0931610449562763,TIME_LIMIT,191945,0,0,22,8
5,12,2.569732e6,-1.6883685096162546,-1.0931610449562763,TIME_LIMIT,191993,0,0,35,18
5,12,2.570256e6,-1.6883327065179674,-1.0931610449562763,TIME_LIMIT,192026,0,0,26,6
5,12,2.570825e6,-1.6883327065179674,-1.0931610449562763,TIME_LIMIT,192052,0,0,38,22
5,12,2.571344e6,-1.6883257025760594,-1.0931610449562763,TIME_LIMIT,192105,0,0,29,11
5,12,2.571865e6,-1.6883257025760594,-1.0931610449562763,TIME_LIMIT,192136,0,0,37,29
5,12,2.572431e6,-1.6882997858168223,-1.0931610449562763,TIME_LIMIT,192193,0,0,28,13
5,12,2.572918e6,-1.6882997858168223,-1.0931610449562763,TIME_LIMIT,192224,0,0,26,11
5,12,2.573376e6,-1.6882476299140323,-1.0931610449562763,TIME_LIMIT,192271,0,0,26,9
5,12,2.573896e6,-1.6882476299140323,-1.0931610449562763,TIME_LIMIT,192305,0,0,40,23
5,12,2.574435e6,-1.6882241321601303,-1.0931610449562763,TIME_LIMIT,192350,0,0,25,7
5,12,2.574954e6,-1.6882241321601303,-1.0931610449562763,TIME_LIMIT,192377,0,0,29,37
5,12,2.575521e6,-1.6882224674121777,-1.0931610449562763,TIME_LIMIT,192430,0,0,27,10
5,12,2.576038e6,-1.6882224674121777,-1.0931610449562763,TIME_LIMIT,192467,0,0,21,19
5,12,2.576556e6,-1.6882093723954035,-1.0931610449562763,TIME_LIMIT,192507,0,0,28,10
5,12,2.577073e6,-1.6882093723954035,-1.0931610449562763,TIME_LIMIT,192542,0,0,35,9
5,12,2.577635e6,-1.6881556796506043,-1.0931610449562763,TIME_LIMIT,192579,0,0,32,7
5,12,2.578154e6,-1.6881556796506043,-1.0931610449562763,TIME_LIMIT,192615,0,0,35,20
5,12,2.578672e6,-1.6881555737128473,-1.0931610449562763,TIME_LIMIT,192657,0,0,24,20
5,12,2.579191e6,-1.6881555737128473,-1.0931610449562763,TIME_LIMIT,192683,0,0,39,43
5,12,2.579708e6,-1.6881467972720603,-1.0931610449562763,TIME_LIMIT,192738,0,0,18,10
5,12,2.58033e6,-1.6881467972720603,-1.0931610449562763,TIME_LIMIT,192773,0,0,37,29
5,12,2.581023e6,-1.6881024708060006,-1.0931610449562763,TIME_LIMIT,192822,0,0,17,15
5,12,2.581712e6,-1.6881024708060006,-1.0931610449562763,TIME_LIMIT,192851,0,0,35,35
5,12,2.582321e6,-1.6880944651703111,-1.0931610449562763,TIME_LIMIT,192906,0,0,31,18
5,12,2.582877e6,-1.6880944651703111,-1.0931610449562763,TIME_LIMIT,192937,0,0,38,15
5,12,2.583425e6,-1.688083333866835,-1.0931610449562763,TIME_LIMIT,192986,0,0,28,17
5,12,2.58397e6,-1.688083333866835,-1.0931610449562763,TIME_LIMIT,193015,0,0,20,6
5,12,2.5845e6,-1.6880800160713967,-1.0931610449562763,TIME_LIMIT,193049,0,0,28,11
5,12,2.585069e6,-1.6880800160713967,-1.0931610449562763,TIME_LIMIT,193077,0,0,39,40
5,12,2.585605e6,-1.6880720608384843,-1.0931610449562763,TIME_LIMIT,193130,0,0,34,13
5,12,2.586151e6,-1.6880720608384843,-1.0931610449562763,TIME_LIMIT,193158,0,0,32,23
5,12,2.586694e6,-1.6880400010431678,-1.0931610449562763,TIME_LIMIT,193205,0,0,19,12
5,12,2.587212e6,-1.6880400010431678,-1.0931610449562763,TIME_LIMIT,193240,0,0,33,35
5,12,2.587737e6,-1.6880352717218752,-1.0931610449562763,TIME_LIMIT,193276,0,0,28,21
5,12,2.588299e6,-1.6880352717218752,-1.0931610449562763,TIME_LIMIT,193309,0,0,32,16
5,12,2.588787e6,-1.6880260625332435,-1.0931610449562763,TIME_LIMIT,193356,0,0,33,12
5,12,2.589307e6,-1.6880260625332435,-1.0931610449562763,TIME_LIMIT,193399,0,0,25,16
5,12,2.589832e6,-1.6879933054125993,-1.0931610449562763,TIME_LIMIT,193430,0,0,30,16
5,12,2.590391e6,-1.6879933054125993,-1.0931610449562763,TIME_LIMIT,193464,0,0,37,18
5,12,2.590854e6,-1.6879772397452806,-1.0931610449562763,TIME_LIMIT,193519,0,0,29,10
5,12,2.591374e6,-1.6879772397452806,-1.0931610449562763,TIME_LIMIT,193545,0,0,26,16
5,12,2.591918e6,-1.6879753289276547,-1.0931610449562763,TIME_LIMIT,193589,0,0,24,10
5,12,2.59246e6,-1.6879753289276547,-1.0931610449562763,TIME_LIMIT,193627,0,0,36,30
5,12,2.593001e6,-1.6879472968855411,-1.0931610449562763,TIME_LIMIT,193666,0,0,24,9
5,12,2.593545e6,-1.6879472968855411,-1.0931610449562763,TIME_LIMIT,193701,0,0,30,26
5,12,2.594064e6,-1.6879358431996252,-1.0931610449562763,TIME_LIMIT,193736,0,0,30,18
5,12,2.594583e6,-1.6879358431996252,-1.0931610449562763,TIME_LIMIT,193775,0,0,31,9
5,12,2.595102e6,-1.687838137890931,-1.0931610449562763,TIME_LIMIT,193810,0,0,37,14
5,12,2.59562e6,-1.687838137890931,-1.0931610449562763,TIME_LIMIT,193841,0,0,34,7
5,12,2.59629e6,-1.6878198758257439,-1.0931610449562763,TIME_LIMIT,193879,0,0,30,10
5,12,2.596987e6,-1.6878198758257439,-1.0931610449562763,TIME_LIMIT,193904,0,0,21,27
5,12,2.597669e6,-1.6878030301354374,-1.0931610449562763,TIME_LIMIT,193947,0,0,19,6
5,12,2.598224e6,-1.6878030301354374,-1.0931610449562763,TIME_LIMIT,193991,0,0,30,19
5,12,2.59872e6,-1.6878014492534352,-1.0931610449562763,TIME_LIMIT,194020,0,0,23,7
5,12,2.599263e6,-1.6878014492534352,-1.0931610449562763,TIME_LIMIT,194055,0,0,28,16
5,12,2.599808e6,-1.687777911855989,-1.0931610449562763,TIME_LIMIT,194088,0,0,32,25
5,12,2.600155e6,-1.687777911855989,-1.0931610449562763,TIME_LIMIT,194120,0,0,43,39
5,12,2.600711e6,-1.6877533669798523,-1.0931610449562763,TIME_LIMIT,194170,0,0,12,8
5,12,2.601268e6,-1.6877533669798523,-1.0931610449562763,TIME_LIMIT,194198,0,0,21,21
5,12,2.601786e6,-1.6877425997357065,-1.0931610449562763,TIME_LIMIT,194252,0,0,29,9
5,12,2.602354e6,-1.6877425997357065,-1.0931610449562763,TIME_LIMIT,194292,0,0,32,14
5,12,2.602876e6,-1.6877253508915409,-1.0931610449562763,TIME_LIMIT,194332,0,0,33,16
5,12,2.603396e6,-1.6877253508915409,-1.0931610449562763,TIME_LIMIT,194359,0,0,33,34
5,12,2.603962e6,-1.6877089887447816,-1.0931610449562763,TIME_LIMIT,194408,0,0,13,5
5,12,2.604535e6,-1.6877089887447816,-1.0931610449562763,TIME_LIMIT,194436,0,0,34,33
5,12,2.6051e6,-1.6877048956892482,-1.0931610449562763,TIME_LIMIT,194482,0,0,25,13
5,12,2.605619e6,-1.6877048956892482,-1.0931610449562763,TIME_LIMIT,194516,0,0,43,26
5,12,2.606137e6,-1.6876938957282077,-1.0931610449562763,TIME_LIMIT,194574,0,0,18,8
5,12,2.606658e6,-1.6876938957282077,-1.0931610449562763,TIME_LIMIT,194609,0,0,34,13
5,12,2.607224e6,-1.687686009859702,-1.0931610449562763,TIME_LIMIT,194646,0,0,27,9
5,12,2.607743e6,-1.687686009859702,-1.0931610449562763,TIME_LIMIT,194684,0,0,35,21
5,12,2.608262e6,-1.6876748028039952,-1.0931610449562763,TIME_LIMIT,194721,0,0,32,17
5,12,2.608797e6,-1.6876748028039952,-1.0931610449562763,TIME_LIMIT,194749,0,0,29,25
5,12,2.609344e6,-1.687664733907016,-1.0931610449562763,TIME_LIMIT,194800,0,0,25,6
5,12,2.609863e6,-1.687664733907016,-1.0931610449562763,TIME_LIMIT,194837,0,0,41,18
5,12,2.610397e6,-1.687660020967242,-1.0931610449562763,TIME_LIMIT,194868,0,0,27,9
5,12,2.61092e6,-1.687660020967242,-1.0931610449562763,TIME_LIMIT,194904,0,0,34,19
5,12,2.611453e6,-1.6876532786834257,-1.0931610449562763,TIME_LIMIT,194943,0,0,20,11
5,12,2.612161e6,-1.6876532786834257,-1.0931610449562763,TIME_LIMIT,194976,0,0,33,52
5,12,2.612852e6,-1.6876323313069552,-1.0931610449562763,TIME_LIMIT,195027,0,0,31,16
5,12,2.613529e6,-1.6876323313069552,-1.0931610449562763,TIME_LIMIT,195062,0,0,19,13
5,12,2.614088e6,-1.6876209157448747,-1.0931610449562763,TIME_LIMIT,195106,0,0,30,15
5,12,2.614642e6,-1.6876209157448747,-1.0931610449562763,TIME_LIMIT,195143,0,0,39,29
5,12,2.615186e6,-1.687608431158648,-1.0931610449562763,TIME_LIMIT,195192,0,0,18,11
5,12,2.615727e6,-1.687608431158648,-1.0931610449562763,TIME_LIMIT,195235,0,0,38,9
5,12,2.616258e6,-1.687597105462465,-1.0931610449562763,TIME_LIMIT,195273,0,0,20,14
5,12,2.616827e6,-1.687597105462465,-1.0931610449562763,TIME_LIMIT,195304,0,0,32,14
5,12,2.617344e6,-1.6875942230880336,-1.0931610449562763,TIME_LIMIT,195363,0,0,29,11
5,12,2.617914e6,-1.6875942230880336,-1.0931610449562763,TIME_LIMIT,195394,0,0,23,12
5,12,2.618431e6,-1.68758940045095,-1.0931610449562763,TIME_LIMIT,195441,0,0,28,10
5,12,2.61895e6,-1.68758940045095,-1.0931610449562763,TIME_LIMIT,195482,0,0,42,19
5,12,2.619513e6,-1.687584619960878,-1.0931610449562763,TIME_LIMIT,195520,0,0,38,24
5,12,2.620033e6,-1.687584619960878,-1.0931610449562763,TIME_LIMIT,195551,0,0,31,19
5,12,2.620471e6,-1.6875572658520082,-1.0931610449562763,TIME_LIMIT,195595,0,0,18,3
5,12,2.621012e6,-1.6875572658520082,-1.0931610449562763,TIME_LIMIT,195634,0,0,42,47
5,12,2.621531e6,-1.6875535587907848,-1.0931610449562763,TIME_LIMIT,195682,0,0,27,24
5,12,2.622049e6,-1.6875535587907848,-1.0931610449562763,TIME_LIMIT,195714,0,0,18,9
5,12,2.622598e6,-1.6875392164957845,-1.0931610449562763,TIME_LIMIT,195750,0,0,33,12
5,12,2.623136e6,-1.6875392164957845,-1.0931610449562763,TIME_LIMIT,195784,0,0,21,16
5,12,2.623673e6,-1.6875374629342401,-1.0931610449562763,TIME_LIMIT,195826,0,0,32,21
5,12,2.624026e6,-1.6875374629342401,-1.0931610449562763,TIME_LIMIT,195861,0,0,36,8
5,12,2.624492e6,-1.6875279537083039,-1.0931610449562763,TIME_LIMIT,195902,0,0,36,7
5,12,2.625009e6,-1.6875279537083039,-1.0931610449562763,TIME_LIMIT,195931,0,0,30,25
5,12,2.625527e6,-1.687515148718944,-1.0931610449562763,TIME_LIMIT,195976,0,0,29,10
5,12,2.626093e6,-1.687515148718944,-1.0931610449562763,TIME_LIMIT,196004,0,0,45,53
5,12,2.626614e6,-1.6875109900060978,-1.0931610449562763,TIME_LIMIT,196062,0,0,18,20
5,12,2.627133e6,-1.6875109900060978,-1.0931610449562763,TIME_LIMIT,196091,0,0,42,49
5,12,2.627649e6,-1.6874844502124589,-1.0931610449562763,TIME_LIMIT,196148,0,0,30,15
5,12,2.628169e6,-1.6874844502124589,-1.0931610449562763,TIME_LIMIT,196188,0,0,26,8
5,12,2.628843e6,-1.687483414585293,-1.0931610449562763,TIME_LIMIT,196236,0,0,19,4
5,12,2.629535e6,-1.687483414585293,-1.0931610449562763,TIME_LIMIT,196277,0,0,39,19
5,12,2.630222e6,-1.6874543988936697,-1.0931610449562763,TIME_LIMIT,196321,0,0,27,16
5,12,2.630809e6,-1.6874543988936697,-1.0931610449562763,TIME_LIMIT,196346,0,0,36,43
5,12,2.631362e6,-1.6874387153660688,-1.0931610449562763,TIME_LIMIT,196395,0,0,24,15
5,12,2.631911e6,-1.6874387153660688,-1.0931610449562763,TIME_LIMIT,196430,0,0,17,29
5,12,2.632451e6,-1.687431156335148,-1.0931610449562763,TIME_LIMIT,196470,0,0,34,13
5,12,2.632979e6,-1.687431156335148,-1.0931610449562763,TIME_LIMIT,196507,0,0,30,18
5,12,2.63353e6,-1.6874139124678929,-1.0931610449562763,TIME_LIMIT,196546,0,0,31,10
5,12,2.63407e6,-1.6874139124678929,-1.0931610449562763,TIME_LIMIT,196575,0,0,17,11
5,12,2.634612e6,-1.687413303404963,-1.0931610449562763,TIME_LIMIT,196622,0,0,25,13
5,12,2.635155e6,-1.687413303404963,-1.0931610449562763,TIME_LIMIT,196661,0,0,35,23
5,12,2.635675e6,-1.6874107160463787,-1.0931610449562763,TIME_LIMIT,196695,0,0,29,21
5,12,2.636092e6,-1.6874107160463787,-1.0931610449562763,TIME_LIMIT,196731,0,0,32,8
5,12,2.636655e6,-1.6873991113992906,-1.0931610449562763,TIME_LIMIT,196783,0,0,31,13
5,12,2.637174e6,-1.6873991113992906,-1.0931610449562763,TIME_LIMIT,196808,0,0,16,21
5,12,2.63774e6,-1.6873786008031137,-1.0931610449562763,TIME_LIMIT,196857,0,0,28,19
5,12,2.638259e6,-1.6873786008031137,-1.0931610449562763,TIME_LIMIT,196893,0,0,32,8
5,12,2.638777e6,-1.687338624763613,-1.0931610449562763,TIME_LIMIT,196929,0,0,28,14
5,12,2.639296e6,-1.687338624763613,-1.0931610449562763,TIME_LIMIT,196964,0,0,33,14
5,12,2.63986e6,-1.687297102269627,-1.0931610449562763,TIME_LIMIT,197001,0,0,20,9
5,12,2.64038e6,-1.687297102269627,-1.0931610449562763,TIME_LIMIT,197033,0,0,34,18
5,12,2.640898e6,-1.6872936692513005,-1.0931610449562763,TIME_LIMIT,197084,0,0,29,9
5,12,2.641439e6,-1.6872936692513005,-1.0931610449562763,TIME_LIMIT,197110,0,0,25,27
5,12,2.641978e6,-1.6872667124201328,-1.0931610449562763,TIME_LIMIT,197161,0,0,19,7
5,12,2.642498e6,-1.6872667124201328,-1.0931610449562763,TIME_LIMIT,197189,0,0,37,14
5,12,2.643018e6,-1.687226617431257,-1.0931610449562763,TIME_LIMIT,197245,0,0,35,13
5,12,2.643535e6,-1.687226617431257,-1.0931610449562763,TIME_LIMIT,197282,0,0,25,11
5,12,2.644053e6,-1.6871736758679485,-1.0931610449562763,TIME_LIMIT,197318,0,0,34,22
5,12,2.644692e6,-1.6871736758679485,-1.0931610449562763,TIME_LIMIT,197355,0,0,24,17
5,12,2.645383e6,-1.6871731739449063,-1.0931610449562763,TIME_LIMIT,197394,0,0,29,8
5,12,2.64607e6,-1.6871731739449063,-1.0931610449562763,TIME_LIMIT,197426,0,0,38,35
5,12,2.646689e6,-1.6871581321849247,-1.0931610449562763,TIME_LIMIT,197480,0,0,19,11
5,12,2.64725e6,-1.6871581321849247,-1.0931610449562763,TIME_LIMIT,197512,0,0,42,38
5,12,2.647801e6,-1.687145324853671,-1.0931610449562763,TIME_LIMIT,197560,0,0,15,9
5,12,2.648346e6,-1.687145324853671,-1.0931610449562763,TIME_LIMIT,197593,0,0,42,20
5,12,2.648877e6,-1.6871427402650874,-1.0931610449562763,TIME_LIMIT,197648,0,0,30,11
5,12,2.64944e6,-1.6871427402650874,-1.0931610449562763,TIME_LIMIT,197677,0,0,21,21
5,12,2.649965e6,-1.6871278642876248,-1.0931610449562763,TIME_LIMIT,197726,0,0,27,19
5,12,2.65052e6,-1.6871278642876248,-1.0931610449562763,TIME_LIMIT,197762,0,0,27,51
5,12,2.651051e6,-1.6871133268221676,-1.0931610449562763,TIME_LIMIT,197805,0,0,20,15
5,12,2.65157e6,-1.6871133268221676,-1.0931610449562763,TIME_LIMIT,197839,0,0,38,17
5,12,2.65211e6,-1.6871055047525223,-1.0931610449562763,TIME_LIMIT,197890,0,0,35,13
5,12,2.652659e6,-1.6871055047525223,-1.0931610449562763,TIME_LIMIT,197915,0,0,39,22
5,12,2.653195e6,-1.68706724729267,-1.0931610449562763,TIME_LIMIT,197966,0,0,29,13
5,12,2.653745e6,-1.68706724729267,-1.0931610449562763,TIME_LIMIT,198004,0,0,29,28
5,12,2.654267e6,-1.687050098286299,-1.0931610449562763,TIME_LIMIT,198054,0,0,25,13
5,12,2.654767e6,-1.687050098286299,-1.0931610449562763,TIME_LIMIT,198090,0,0,20,19
5,12,2.655306e6,-1.6870276085183595,-1.0931610449562763,TIME_LIMIT,198140,0,0,24,12
5,12,2.655849e6,-1.6870276085183595,-1.0931610449562763,TIME_LIMIT,198176,0,0,45,16
5,12,2.656368e6,-1.686991006811557,-1.0931610449562763,TIME_LIMIT,198228,0,0,22,8
5,12,2.656886e6,-1.686991006811557,-1.0931610449562763,TIME_LIMIT,198262,0,0,38,20
5,12,2.657451e6,-1.6869838844062444,-1.0931610449562763,TIME_LIMIT,198303,0,0,16,13
5,12,2.657972e6,-1.6869838844062444,-1.0931610449562763,TIME_LIMIT,198334,0,0,33,49
5,12,2.658496e6,-1.686958127937177,-1.0931610449562763,TIME_LIMIT,198364,0,0,22,26
5,12,2.659015e6,-1.686958127937177,-1.0931610449562763,TIME_LIMIT,198401,0,0,38,26
5,12,2.659535e6,-1.6869575947536637,-1.0931610449562763,TIME_LIMIT,198455,0,0,32,11
5,12,2.660122e6,-1.6869575947536637,-1.0931610449562763,TIME_LIMIT,198493,0,0,32,23
5,12,2.660838e6,-1.6869507716199763,-1.0931610449562763,TIME_LIMIT,198528,0,0,29,15
5,12,2.661525e6,-1.6869507716199763,-1.0931610449562763,TIME_LIMIT,198558,0,0,37,27
5,12,2.662159e6,-1.6868984209970146,-1.0931610449562763,TIME_LIMIT,198608,0,0,24,9
5,12,2.662717e6,-1.6868984209970146,-1.0931610449562763,TIME_LIMIT,198650,0,0,23,18
5,12,2.663283e6,-1.6868967612336598,-1.0931610449562763,TIME_LIMIT,198686,0,0,27,23
5,12,2.663829e6,-1.6868967612336598,-1.0931610449562763,TIME_LIMIT,198713,0,0,32,26
5,12,2.664369e6,-1.6868513220933201,-1.0931610449562763,TIME_LIMIT,198762,0,0,30,14
5,12,2.664899e6,-1.6868513220933201,-1.0931610449562763,TIME_LIMIT,198798,0,0,36,36
5,12,2.665465e6,-1.686830487661153,-1.0931610449562763,TIME_LIMIT,198852,0,0,33,20
5,12,2.665985e6,-1.686830487661153,-1.0931610449562763,TIME_LIMIT,198883,0,0,23,19
5,12,2.66655e6,-1.6868212904363515,-1.0931610449562763,TIME_LIMIT,198934,0,0,29,7
5,12,2.667069e6,-1.6868212904363515,-1.0931610449562763,TIME_LIMIT,198965,0,0,16,10
5,12,2.667587e6,-1.686812045109049,-1.0931610449562763,TIME_LIMIT,199007,0,0,29,13
5,12,2.668137e6,-1.686812045109049,-1.0931610449562763,TIME_LIMIT,199040,0,0,28,38
5,12,2.668676e6,-1.6867711987985063,-1.0931610449562763,TIME_LIMIT,199095,0,0,23,13
5,12,2.669226e6,-1.6867711987985063,-1.0931610449562763,TIME_LIMIT,199126,0,0,27,41
5,12,2.669761e6,-1.6867611230012185,-1.0931610449562763,TIME_LIMIT,199175,0,0,31,13
5,12,2.670253e6,-1.6867611230012185,-1.0931610449562763,TIME_LIMIT,199204,0,0,40,31
5,12,2.670772e6,-1.6867424447986563,-1.0931610449562763,TIME_LIMIT,199255,0,0,28,14
5,12,2.671312e6,-1.6867424447986563,-1.0931610449562763,TIME_LIMIT,199279,0,0,33,15
5,12,2.671858e6,-1.6867409964315934,-1.0931610449562763,TIME_LIMIT,199327,0,0,24,13
5,12,2.672377e6,-1.6867409964315934,-1.0931610449562763,TIME_LIMIT,199366,0,0,33,23
5,12,2.672896e6,-1.686705355269015,-1.0931610449562763,TIME_LIMIT,199403,0,0,34,20
5,12,2.673462e6,-1.686705355269015,-1.0931610449562763,TIME_LIMIT,199443,0,0,44,11
5,12,2.673983e6,-1.6866978120206944,-1.0931610449562763,TIME_LIMIT,199480,0,0,17,12
5,12,2.674501e6,-1.6866978120206944,-1.0931610449562763,TIME_LIMIT,199510,0,0,21,13
5,12,2.67502e6,-1.6866939686075941,-1.0931610449562763,TIME_LIMIT,199560,0,0,18,9
5,12,2.675536e6,-1.6866939686075941,-1.0931610449562763,TIME_LIMIT,199580,0,0,29,29
5,12,2.676097e6,-1.6866890026805774,-1.0931610449562763,TIME_LIMIT,199631,0,0,21,12
5,12,2.676795e6,-1.6866890026805774,-1.0931610449562763,TIME_LIMIT,199664,0,0,39,27
5,12,2.677481e6,-1.6866776687924052,-1.0931610449562763,TIME_LIMIT,199700,0,0,23,14
5,12,2.67814e6,-1.6866776687924052,-1.0931610449562763,TIME_LIMIT,199735,0,0,39,28
5,12,2.678699e6,-1.686669694754463,-1.0931610449562763,TIME_LIMIT,199784,0,0,19,6
5,12,2.679266e6,-1.686669694754463,-1.0931610449562763,TIME_LIMIT,199815,0,0,34,25
5,12,2.679809e6,-1.6866135645635276,-1.0931610449562763,TIME_LIMIT,199859,0,0,30,19
5,12,2.680348e6,-1.6866135645635276,-1.0931610449562763,TIME_LIMIT,199891,0,0,33,29
5,12,2.680883e6,-1.6866103079069978,-1.0931610449562763,TIME_LIMIT,199949,0,0,34,10
5,12,2.681456e6,-1.6866103079069978,-1.0931610449562763,TIME_LIMIT,199979,0,0,26,40
5,12,2.681976e6,-1.6865950413412238,-1.0931610449562763,TIME_LIMIT,200037,0,0,28,9
5,12,2.682593e6,-1.6865950413412238,-1.0931610449562763,TIME_LIMIT,200066,0,0,26,16
5,12,2.683114e6,-1.6865832436795785,-1.0931610449562763,TIME_LIMIT,200118,0,0,17,7
5,12,2.683635e6,-1.6865832436795785,-1.0931610449562763,TIME_LIMIT,200147,0,0,39,35
5,12,2.684184e6,-1.6865078146559687,-1.0931610449562763,TIME_LIMIT,200195,0,0,30,24
5,12,2.68472e6,-1.6865078146559687,-1.0931610449562763,TIME_LIMIT,200229,0,0,25,28
5,12,2.685268e6,-1.68648663691941,-1.0931610449562763,TIME_LIMIT,200286,0,0,36,15
5,12,2.685806e6,-1.68648663691941,-1.0931610449562763,TIME_LIMIT,200326,0,0,37,13
5,12,2.686328e6,-1.68646834998103,-1.0931610449562763,TIME_LIMIT,200378,0,0,30,13
5,12,2.686849e6,-1.68646834998103,-1.0931610449562763,TIME_LIMIT,200413,0,0,35,15
5,12,2.687397e6,-1.6864220641865284,-1.0931610449562763,TIME_LIMIT,200465,0,0,24,14
5,12,2.687936e6,-1.6864220641865284,-1.0931610449562763,TIME_LIMIT,200492,0,0,28,32
5,12,2.688463e6,-1.686416811060249,-1.0931610449562763,TIME_LIMIT,200540,0,0,24,12
5,12,2.689005e6,-1.686416811060249,-1.0931610449562763,TIME_LIMIT,200573,0,0,24,22
5,12,2.68957e6,-1.686384692879201,-1.0931610449562763,TIME_LIMIT,200619,0,0,33,11
5,12,2.69001e6,-1.686384692879201,-1.0931610449562763,TIME_LIMIT,200656,0,0,37,26
5,12,2.690531e6,-1.6863825607275704,-1.0931610449562763,TIME_LIMIT,200701,0,0,28,11
5,12,2.691047e6,-1.6863825607275704,-1.0931610449562763,TIME_LIMIT,200740,0,0,19,12
5,12,2.691568e6,-1.6863364693918323,-1.0931610449562763,TIME_LIMIT,200778,0,0,36,12
5,12,2.691962e6,-1.6863364693918323,-1.0931610449562763,TIME_LIMIT,200813,0,0,36,15
5,12,2.692634e6,-1.6863159319369248,-1.0931610449562763,TIME_LIMIT,200857,0,0,22,7
5,12,2.693328e6,-1.6863159319369248,-1.0931610449562763,TIME_LIMIT,200891,0,0,32,21
5,12,2.694009e6,-1.686307761565324,-1.0931610449562763,TIME_LIMIT,200921,0,0,30,17
5,12,2.694583e6,-1.686307761565324,-1.0931610449562763,TIME_LIMIT,200956,0,0,40,28
5,12,2.695137e6,-1.6862943306902136,-1.0931610449562763,TIME_LIMIT,201007,0,0,29,10
5,12,2.695702e6,-1.6862943306902136,-1.0931610449562763,TIME_LIMIT,201038,0,0,37,28
5,12,2.696243e6,-1.686280209498579,-1.0931610449562763,TIME_LIMIT,201087,0,0,31,15
5,12,2.696778e6,-1.686280209498579,-1.0931610449562763,TIME_LIMIT,201120,0,0,27,16
5,12,2.697347e6,-1.6862768015536407,-1.0931610449562763,TIME_LIMIT,201168,0,0,17,12
5,12,2.697868e6,-1.6862768015536407,-1.0931610449562763,TIME_LIMIT,201204,0,0,39,39
5,12,2.698433e6,-1.6862764637972385,-1.0931610449562763,TIME_LIMIT,201249,0,0,27,9
5,12,2.698952e6,-1.6862764637972385,-1.0931610449562763,TIME_LIMIT,201296,0,0,37,11
5,12,2.699471e6,-1.6862703729767081,-1.0931610449562763,TIME_LIMIT,201335,0,0,32,23
5,12,2.700018e6,-1.6862703729767081,-1.0931610449562763,TIME_LIMIT,201377,0,0,39,18
5,12,2.700556e6,-1.6862681508614947,-1.0931610449562763,TIME_LIMIT,201420,0,0,31,16
5,12,2.701097e6,-1.6862681508614947,-1.0931610449562763,TIME_LIMIT,201453,0,0,39,14
5,12,2.701638e6,-1.6862657868738182,-1.0931610449562763,TIME_LIMIT,201498,0,0,25,13
5,12,2.702158e6,-1.6862657868738182,-1.0931610449562763,TIME_LIMIT,201531,0,0,35,23
5,12,2.702675e6,-1.6862624068480032,-1.0931610449562763,TIME_LIMIT,201570,0,0,36,14
5,12,2.703212e6,-1.6862624068480032,-1.0931610449562763,TIME_LIMIT,201605,0,0,42,29
5,12,2.703759e6,-1.686246822938314,-1.0931610449562763,TIME_LIMIT,201661,0,0,34,11
5,12,2.704281e6,-1.686246822938314,-1.0931610449562763,TIME_LIMIT,201697,0,0,33,49
5,12,2.7048e6,-1.686231366910794,-1.0931610449562763,TIME_LIMIT,201731,0,0,38,32
5,12,2.705358e6,-1.686231366910794,-1.0931610449562763,TIME_LIMIT,201763,0,0,15,10
5,12,2.705821e6,-1.6862270542267945,-1.0931610449562763,TIME_LIMIT,201807,0,0,31,8
5,12,2.706341e6,-1.6862270542267945,-1.0931610449562763,TIME_LIMIT,201832,0,0,41,49
5,12,2.706862e6,-1.6861956328826473,-1.0931610449562763,TIME_LIMIT,201883,0,0,25,14
5,12,2.707382e6,-1.6861956328826473,-1.0931610449562763,TIME_LIMIT,201909,0,0,42,47
5,12,2.707909e6,-1.686161320907499,-1.0931610449562763,TIME_LIMIT,201965,0,0,34,11
5,12,2.708517e6,-1.686161320907499,-1.0931610449562763,TIME_LIMIT,202002,0,0,26,31
5,12,2.709208e6,-1.6861504027867817,-1.0931610449562763,TIME_LIMIT,202057,0,0,32,12
5,12,2.709762e6,-1.6861504027867817,-1.0931610449562763,TIME_LIMIT,202093,0,0,22,21
5,12,2.710352e6,-1.6861487513221676,-1.0931610449562763,TIME_LIMIT,202153,0,0,24,16
5,12,2.710901e6,-1.6861487513221676,-1.0931610449562763,TIME_LIMIT,202195,0,0,29,12
5,12,2.711445e6,-1.686146883782947,-1.0931610449562763,TIME_LIMIT,202232,0,0,32,17
5,12,2.71198e6,-1.686146883782947,-1.0931610449562763,TIME_LIMIT,202265,0,0,19,11
5,12,2.712461e6,-1.6861315782526516,-1.0931610449562763,TIME_LIMIT,202317,0,0,31,10
5,12,2.712996e6,-1.6861315782526516,-1.0931610449562763,TIME_LIMIT,202348,0,0,31,20
5,12,2.713555e6,-1.6860906530096391,-1.0931610449562763,TIME_LIMIT,202390,0,0,13,9
5,12,2.714076e6,-1.6860906530096391,-1.0931610449562763,TIME_LIMIT,202424,0,0,33,23
5,12,2.714646e6,-1.6860341222568263,-1.0931610449562763,TIME_LIMIT,202469,0,0,26,12
5,12,2.715163e6,-1.6860341222568263,-1.0931610449562763,TIME_LIMIT,202499,0,0,43,21
5,12,2.715669e6,-1.6860112699230687,-1.0931610449562763,TIME_LIMIT,202555,0,0,37,9
5,12,2.716234e6,-1.6860112699230687,-1.0931610449562763,TIME_LIMIT,202588,0,0,40,28
5,12,2.716755e6,-1.68599672810297,-1.0931610449562763,TIME_LIMIT,202640,0,0,14,16
5,12,2.71732e6,-1.68599672810297,-1.0931610449562763,TIME_LIMIT,202671,0,0,33,34
5,12,2.717841e6,-1.6859944040169157,-1.0931610449562763,TIME_LIMIT,202726,0,0,32,12
5,12,2.718359e6,-1.6859944040169157,-1.0931610449562763,TIME_LIMIT,202755,0,0,38,22
5,12,2.718883e6,-1.6859736936465508,-1.0931610449562763,TIME_LIMIT,202811,0,0,23,10
5,12,2.719449e6,-1.6859736936465508,-1.0931610449562763,TIME_LIMIT,202844,0,0,34,36
5,12,2.719969e6,-1.6859600960034689,-1.0931610449562763,TIME_LIMIT,202901,0,0,30,17
5,12,2.720552e6,-1.6859600960034689,-1.0931610449562763,TIME_LIMIT,202932,0,0,37,12
5,12,2.721074e6,-1.6859356221112116,-1.0931610449562763,TIME_LIMIT,202987,0,0,24,10
5,12,2.721593e6,-1.6859356221112116,-1.0931610449562763,TIME_LIMIT,203022,0,0,48,82
5,12,2.722113e6,-1.6859013968721153,-1.0931610449562763,TIME_LIMIT,203068,0,0,27,9
5,12,2.722679e6,-1.6859013968721153,-1.0931610449562763,TIME_LIMIT,203105,0,0,21,21
5,12,2.7232e6,-1.685882507087852,-1.0931610449562763,TIME_LIMIT,203157,0,0,19,15
5,12,2.723716e6,-1.685882507087852,-1.0931610449562763,TIME_LIMIT,203193,0,0,34,27
5,12,2.724236e6,-1.685846868310478,-1.0931610449562763,TIME_LIMIT,203240,0,0,18,13
5,12,2.724756e6,-1.685846868310478,-1.0931610449562763,TIME_LIMIT,203279,0,0,23,13
5,12,2.725361e6,-1.6858039587836158,-1.0931610449562763,TIME_LIMIT,203330,0,0,28,15
5,12,2.726054e6,-1.6858039587836158,-1.0931610449562763,TIME_LIMIT,203372,0,0,41,38
5,12,2.726742e6,-1.6857794842803364,-1.0931610449562763,TIME_LIMIT,203408,0,0,27,15
5,12,2.727369e6,-1.6857794842803364,-1.0931610449562763,TIME_LIMIT,203445,0,0,31,22
5,12,2.727922e6,-1.6857689429931215,-1.0931610449562763,TIME_LIMIT,203487,0,0,29,5
5,12,2.728469e6,-1.6857689429931215,-1.0931610449562763,TIME_LIMIT,203522,0,0,33,26
5,12,2.729016e6,-1.6857530832478083,-1.0931610449562763,TIME_LIMIT,203575,0,0,33,10
5,12,2.729263e6,-1.6857530832478083,-1.0931610449562763,TIME_LIMIT,203612,0,0,29,3
5,12,2.729551e6,-1.6857315527295142,-1.0931610449562763,TIME_LIMIT,203636,0,0,24,11
5,12,2.730078e6,-1.6857315527295142,-1.0931610449562763,TIME_LIMIT,203668,0,0,35,30
5,12,2.730648e6,-1.6857280798220202,-1.0931610449562763,TIME_LIMIT,203718,0,0,22,11
5,12,2.731169e6,-1.6857280798220202,-1.0931610449562763,TIME_LIMIT,203746,0,0,24,9
5,12,2.731734e6,-1.6857265975670064,-1.0931610449562763,TIME_LIMIT,203790,0,0,27,9
5,12,2.732253e6,-1.6857265975670064,-1.0931610449562763,TIME_LIMIT,203821,0,0,28,16
5,12,2.732769e6,-1.6857249934579748,-1.0931610449562763,TIME_LIMIT,203867,0,0,26,18
5,12,2.733338e6,-1.6857249934579748,-1.0931610449562763,TIME_LIMIT,203906,0,0,19,22
5,12,2.733855e6,-1.6856961970154019,-1.0931610449562763,TIME_LIMIT,203940,0,0,18,9
5,12,2.734422e6,-1.6856961970154019,-1.0931610449562763,TIME_LIMIT,203971,0,0,20,18
5,12,2.734867e6,-1.6856764974761085,-1.0931610449562763,TIME_LIMIT,204030,0,0,38,11
5,12,2.735386e6,-1.6856764974761085,-1.0931610449562763,TIME_LIMIT,204071,0,0,19,13
5,12,2.735906e6,-1.6856724772495966,-1.0931610449562763,TIME_LIMIT,204105,0,0,23,13
5,12,2.736443e6,-1.6856724772495966,-1.0931610449562763,TIME_LIMIT,204140,0,0,43,25
5,12,2.736992e6,-1.6856627346402555,-1.0931610449562763,TIME_LIMIT,204191,0,0,32,9
5,12,2.737512e6,-1.6856627346402555,-1.0931610449562763,TIME_LIMIT,204218,0,0,24,18
5,12,2.738029e6,-1.6856519757320136,-1.0931610449562763,TIME_LIMIT,204269,0,0,28,11
5,12,2.738563e6,-1.6856519757320136,-1.0931610449562763,TIME_LIMIT,204301,0,0,22,26
5,12,2.739113e6,-1.685638983229134,-1.0931610449562763,TIME_LIMIT,204347,0,0,11,7
5,12,2.739632e6,-1.685638983229134,-1.0931610449562763,TIME_LIMIT,204386,0,0,35,24
5,12,2.740149e6,-1.6856298057340657,-1.0931610449562763,TIME_LIMIT,204415,0,0,25,19
5,12,2.740668e6,-1.6856298057340657,-1.0931610449562763,TIME_LIMIT,204446,0,0,38,22
5,12,2.741187e6,-1.6856284817977156,-1.0931610449562763,TIME_LIMIT,204495,0,0,21,10
5,12,2.741743e6,-1.6856284817977156,-1.0931610449562763,TIME_LIMIT,204524,0,0,19,13
5,12,2.742425e6,-1.6856225380976326,-1.0931610449562763,TIME_LIMIT,204579,0,0,16,7
5,12,2.74312e6,-1.6856225380976326,-1.0931610449562763,TIME_LIMIT,204610,0,0,41,31
5,12,2.743783e6,-1.6856182681862957,-1.0931610449562763,TIME_LIMIT,204662,0,0,28,12
5,12,2.744346e6,-1.6856182681862957,-1.0931610449562763,TIME_LIMIT,204704,0,0,40,20
5,12,2.744903e6,-1.6856106858787279,-1.0931610449562763,TIME_LIMIT,204742,0,0,39,17
5,12,2.745449e6,-1.6856106858787279,-1.0931610449562763,TIME_LIMIT,204777,0,0,18,14
5,12,2.745993e6,-1.6855962257996429,-1.0931610449562763,TIME_LIMIT,204812,0,0,28,12
5,12,2.746528e6,-1.6855962257996429,-1.0931610449562763,TIME_LIMIT,204849,0,0,28,15
5,12,2.747084e6,-1.6855728888869295,-1.0931610449562763,TIME_LIMIT,204900,0,0,28,10
5,12,2.747619e6,-1.6855728888869295,-1.0931610449562763,TIME_LIMIT,204935,0,0,36,34
5,12,2.748167e6,-1.6855711776469446,-1.0931610449562763,TIME_LIMIT,204982,0,0,26,21
5,12,2.748707e6,-1.6855711776469446,-1.0931610449562763,TIME_LIMIT,205015,0,0,43,43
5,12,2.749225e6,-1.6855407493333825,-1.0931610449562763,TIME_LIMIT,205066,0,0,33,22
5,12,2.749757e6,-1.6855407493333825,-1.0931610449562763,TIME_LIMIT,205086,0,0,40,27
5,12,2.750314e6,-1.6855363505290473,-1.0931610449562763,TIME_LIMIT,205139,0,0,33,19
5,12,2.750833e6,-1.6855363505290473,-1.0931610449562763,TIME_LIMIT,205175,0,0,29,17
5,12,2.751396e6,-1.68553576765176,-1.0931610449562763,TIME_LIMIT,205216,0,0,19,9
5,12,2.751917e6,-1.68553576765176,-1.0931610449562763,TIME_LIMIT,205253,0,0,40,19
5,12,2.752435e6,-1.6855225263861668,-1.0931610449562763,TIME_LIMIT,205304,0,0,27,12
5,12,2.752955e6,-1.6855225263861668,-1.0931610449562763,TIME_LIMIT,205333,0,0,35,14
5,12,2.753523e6,-1.685515692497843,-1.0931610449562763,TIME_LIMIT,205383,0,0,18,8
5,12,2.754043e6,-1.685515692497843,-1.0931610449562763,TIME_LIMIT,205411,0,0,42,53
5,12,2.754561e6,-1.6854922850934368,-1.0931610449562763,TIME_LIMIT,205467,0,0,13,15
5,12,2.75509e6,-1.6854922850934368,-1.0931610449562763,TIME_LIMIT,205499,0,0,38,25
5,12,2.755671e6,-1.6854864488676595,-1.0931610449562763,TIME_LIMIT,205556,0,0,13,7
5,12,2.756192e6,-1.6854864488676595,-1.0931610449562763,TIME_LIMIT,205588,0,0,38,28
5,12,2.756711e6,-1.6854195284323523,-1.0931610449562763,TIME_LIMIT,205641,0,0,32,16
5,12,2.757232e6,-1.6854195284323523,-1.0931610449562763,TIME_LIMIT,205672,0,0,41,24
5,12,2.757751e6,-1.6854160158778115,-1.0931610449562763,TIME_LIMIT,205730,0,0,31,13
5,12,2.758404e6,-1.6854160158778115,-1.0931610449562763,TIME_LIMIT,205761,0,0,47,28
5,12,2.759098e6,-1.6854063730905957,-1.0931610449562763,TIME_LIMIT,205815,0,0,32,12
5,12,2.759788e6,-1.6854063730905957,-1.0931610449562763,TIME_LIMIT,205852,0,0,50,33
5,12,2.760374e6,-1.6853777792728872,-1.0931610449562763,TIME_LIMIT,205903,0,0,26,14
5,12,2.760987e6,-1.6853777792728872,-1.0931610449562763,TIME_LIMIT,205929,0,0,29,50
5,12,2.761533e6,-1.6853688502736979,-1.0931610449562763,TIME_LIMIT,205973,0,0,31,14
5,12,2.762076e6,-1.6853688502736979,-1.0931610449562763,TIME_LIMIT,206006,0,0,18,11
5,12,2.762606e6,-1.685366579428511,-1.0931610449562763,TIME_LIMIT,206058,0,0,20,10
5,12,2.763175e6,-1.685366579428511,-1.0931610449562763,TIME_LIMIT,206098,0,0,31,16
5,12,2.763695e6,-1.6853559641654994,-1.0931610449562763,TIME_LIMIT,206132,0,0,27,25
5,12,2.764261e6,-1.6853559641654994,-1.0931610449562763,TIME_LIMIT,206157,0,0,29,25
5,12,2.764779e6,-1.685325224392885,-1.0931610449562763,TIME_LIMIT,206209,0,0,22,10
5,12,2.765299e6,-1.685325224392885,-1.0931610449562763,TIME_LIMIT,206242,0,0,43,39
5,12,2.765848e6,-1.6853141826871378,-1.0931610449562763,TIME_LIMIT,206299,0,0,32,13
5,12,2.766386e6,-1.6853141826871378,-1.0931610449562763,TIME_LIMIT,206329,0,0,33,21
5,12,2.766954e6,-1.68530067468998,-1.0931610449562763,TIME_LIMIT,206382,0,0,30,15
5,12,2.767501e6,-1.68530067468998,-1.0931610449562763,TIME_LIMIT,206418,0,0,45,45
5,12,2.768022e6,-1.6852982797215401,-1.0931610449562763,TIME_LIMIT,206472,0,0,31,21
5,12,2.768542e6,-1.6852982797215401,-1.0931610449562763,TIME_LIMIT,206507,0,0,43,26
5,12,2.769089e6,-1.6852731590514782,-1.0931610449562763,TIME_LIMIT,206557,0,0,30,15
5,12,2.769626e6,-1.6852731590514782,-1.0931610449562763,TIME_LIMIT,206599,0,0,36,15
5,12,2.770146e6,-1.6852554256193575,-1.0931610449562763,TIME_LIMIT,206633,0,0,23,3
5,12,2.770664e6,-1.6852554256193575,-1.0931610449562763,TIME_LIMIT,206659,0,0,32,28
5,12,2.771231e6,-1.6852550193019975,-1.0931610449562763,TIME_LIMIT,206708,0,0,26,13
5,12,2.77175e6,-1.6852550193019975,-1.0931610449562763,TIME_LIMIT,206736,0,0,31,24
5,12,2.77227e6,-1.6852389143793336,-1.0931610449562763,TIME_LIMIT,206786,0,0,32,9
5,12,2.772791e6,-1.6852389143793336,-1.0931610449562763,TIME_LIMIT,206814,0,0,33,24
5,12,2.773308e6,-1.6852191084543533,-1.0931610449562763,TIME_LIMIT,206858,0,0,23,9
5,12,2.773871e6,-1.6852191084543533,-1.0931610449562763,TIME_LIMIT,206896,0,0,35,14
5,12,2.77456e6,-1.685202519484871,-1.0931610449562763,TIME_LIMIT,206931,0,0,30,14
5,12,2.775081e6,-1.685202519484871,-1.0931610449562763,TIME_LIMIT,206961,0,0,39,20
5,12,2.775759e6,-1.68519268039996,-1.0931610449562763,TIME_LIMIT,207008,0,0,25,7
5,12,2.776319e6,-1.68519268039996,-1.0931610449562763,TIME_LIMIT,207043,0,0,26,14
5,12,2.776864e6,-1.685170595723441,-1.0931610449562763,TIME_LIMIT,207080,0,0,17,9
5,12,2.777405e6,-1.685170595723441,-1.0931610449562763,TIME_LIMIT,207121,0,0,29,15
5,12,2.777935e6,-1.6851645670830708,-1.0931610449562763,TIME_LIMIT,207156,0,0,27,10
5,12,2.778465e6,-1.6851645670830708,-1.0931610449562763,TIME_LIMIT,207179,0,0,43,29
5,12,2.77899e6,-1.6851596915440017,-1.0931610449562763,TIME_LIMIT,207228,0,0,20,10
5,12,2.77953e6,-1.6851596915440017,-1.0931610449562763,TIME_LIMIT,207260,0,0,38,33
5,12,2.780082e6,-1.6851491097325237,-1.0931610449562763,TIME_LIMIT,207307,0,0,19,8
5,12,2.780612e6,-1.6851491097325237,-1.0931610449562763,TIME_LIMIT,207340,0,0,50,38
5,12,2.781169e6,-1.6851315354767467,-1.0931610449562763,TIME_LIMIT,207390,0,0,26,17
5,12,2.781688e6,-1.6851315354767467,-1.0931610449562763,TIME_LIMIT,207423,0,0,18,11
5,12,2.782206e6,-1.685130741429694,-1.0931610449562763,TIME_LIMIT,207467,0,0,16,10
5,12,2.782774e6,-1.685130741429694,-1.0931610449562763,TIME_LIMIT,207509,0,0,47,57
5,12,2.783293e6,-1.6851252503455993,-1.0931610449562763,TIME_LIMIT,207561,0,0,14,7
5,12,2.783862e6,-1.6851252503455993,-1.0931610449562763,TIME_LIMIT,207597,0,0,29,7
5,12,2.784379e6,-1.6851192239240178,-1.0931610449562763,TIME_LIMIT,207646,0,0,23,9
5,12,2.7849e6,-1.6851192239240178,-1.0931610449562763,TIME_LIMIT,207676,0,0,22,19
5,12,2.785419e6,-1.685110091273625,-1.0931610449562763,TIME_LIMIT,207719,0,0,27,13
5,12,2.785986e6,-1.685110091273625,-1.0931610449562763,TIME_LIMIT,207744,0,0,36,28
5,12,2.786506e6,-1.684949378312031,-1.0931610449562763,TIME_LIMIT,207800,0,0,30,7
5,12,2.787027e6,-1.684949378312031,-1.0931610449562763,TIME_LIMIT,207833,0,0,42,37
5,12,2.787548e6,-1.6849184164973463,-1.0931610449562763,TIME_LIMIT,207887,0,0,31,11
5,12,2.788112e6,-1.6849184164973463,-1.0931610449562763,TIME_LIMIT,207914,0,0,35,22
5,12,2.788631e6,-1.684909837790557,-1.0931610449562763,TIME_LIMIT,207966,0,0,24,9
5,12,2.789148e6,-1.684909837790557,-1.0931610449562763,TIME_LIMIT,208005,0,0,34,20
5,12,2.789667e6,-1.6848920625040604,-1.0931610449562763,TIME_LIMIT,208040,0,0,36,19
5,12,2.790184e6,-1.6848920625040604,-1.0931610449562763,TIME_LIMIT,208080,0,0,35,16
5,12,2.790831e6,-1.6848911807038496,-1.0931610449562763,TIME_LIMIT,208120,0,0,31,11
5,12,2.791525e6,-1.6848911807038496,-1.0931610449562763,TIME_LIMIT,208146,0,0,26,29
5,12,2.792213e6,-1.6848881464780108,-1.0931610449562763,TIME_LIMIT,208189,0,0,12,4
5,12,2.792807e6,-1.6848881464780108,-1.0931610449562763,TIME_LIMIT,208224,0,0,41,30
5,12,2.793357e6,-1.6848806668592766,-1.0931610449562763,TIME_LIMIT,208274,0,0,29,20
5,12,2.793902e6,-1.6848806668592766,-1.0931610449562763,TIME_LIMIT,208312,0,0,33,28
5,12,2.794442e6,-1.6848756193144683,-1.0931610449562763,TIME_LIMIT,208353,0,0,39,21
5,12,2.794973e6,-1.6848756193144683,-1.0931610449562763,TIME_LIMIT,208398,0,0,31,34
5,12,2.795499e6,-1.6848680522829493,-1.0931610449562763,TIME_LIMIT,208446,0,0,28,20
5,12,2.796066e6,-1.6848680522829493,-1.0931610449562763,TIME_LIMIT,208487,0,0,21,12
5,12,2.796585e6,-1.6848422075466098,-1.0931610449562763,TIME_LIMIT,208529,0,0,22,7
5,12,2.797148e6,-1.6848422075466098,-1.0931610449562763,TIME_LIMIT,208556,0,0,29,18
5,12,2.797672e6,-1.6848101083402691,-1.0931610449562763,TIME_LIMIT,208594,0,0,18,12
5,12,2.798191e6,-1.6848101083402691,-1.0931610449562763,TIME_LIMIT,208619,0,0,13,41
5,12,2.798737e6,-1.6848080323475685,-1.0931610449562763,TIME_LIMIT,208663,0,0,20,16
5,12,2.799278e6,-1.6848080323475685,-1.0931610449562763,TIME_LIMIT,208709,0,0,42,23
5,12,2.79982e6,-1.6847778971180325,-1.0931610449562763,TIME_LIMIT,208758,0,0,35,9
5,12,2.800362e6,-1.6847778971180325,-1.0931610449562763,TIME_LIMIT,208788,0,0,40,24
5,12,2.800878e6,-1.6847661234974738,-1.0931610449562763,TIME_LIMIT,208834,0,0,24,12
5,12,2.801396e6,-1.6847661234974738,-1.0931610449562763,TIME_LIMIT,208863,0,0,36,22
5,12,2.801937e6,-1.6847518325968447,-1.0931610449562763,TIME_LIMIT,208911,0,0,23,12
5,12,2.802485e6,-1.6847518325968447,-1.0931610449562763,TIME_LIMIT,208947,0,0,46,36
5,12,2.803021e6,-1.6847116054597369,-1.0931610449562763,TIME_LIMIT,208993,0,0,24,11
5,12,2.803571e6,-1.6847116054597369,-1.0931610449562763,TIME_LIMIT,209023,0,0,31,23
5,12,2.804091e6,-1.6847027115874618,-1.0931610449562763,TIME_LIMIT,209060,0,0,37,14
5,12,2.804609e6,-1.6847027115874618,-1.0931610449562763,TIME_LIMIT,209099,0,0,35,43
5,12,2.805172e6,-1.6846792467013199,-1.0931610449562763,TIME_LIMIT,209136,0,0,18,23
5,12,2.805596e6,-1.6846792467013199,-1.0931610449562763,TIME_LIMIT,209176,0,0,30,12
5,12,2.805842e6,-1.684678523747856,-1.0931610449562763,TIME_LIMIT,209218,0,0,15,6
5,12,2.80641e6,-1.684678523747856,-1.0931610449562763,TIME_LIMIT,209245,0,0,25,27
5,12,2.806928e6,-1.684632260813036,-1.0931610449562763,TIME_LIMIT,209294,0,0,25,9
5,12,2.807446e6,-1.684632260813036,-1.0931610449562763,TIME_LIMIT,209324,0,0,24,13
5,12,2.807963e6,-1.6846005509833544,-1.0931610449562763,TIME_LIMIT,209378,0,0,31,10
5,12,2.808484e6,-1.6846005509833544,-1.0931610449562763,TIME_LIMIT,209416,0,0,44,22
5,12,2.809075e6,-1.6845697945818834,-1.0931610449562763,TIME_LIMIT,209452,0,0,39,12
5,12,2.809769e6,-1.6845697945818834,-1.0931610449562763,TIME_LIMIT,209491,0,0,40,25
5,12,2.810457e6,-1.684564347856307,-1.0931610449562763,TIME_LIMIT,209526,0,0,33,15
5,12,2.811093e6,-1.684564347856307,-1.0931610449562763,TIME_LIMIT,209564,0,0,45,31
5,12,2.811644e6,-1.6845533722055452,-1.0931610449562763,TIME_LIMIT,209616,0,0,36,17
5,12,2.812187e6,-1.6845533722055452,-1.0931610449562763,TIME_LIMIT,209646,0,0,34,22
5,12,2.812723e6,-1.6845354953177905,-1.0931610449562763,TIME_LIMIT,209695,0,0,13,2
5,12,2.813257e6,-1.6845354953177905,-1.0931610449562763,TIME_LIMIT,209735,0,0,47,25
5,12,2.813783e6,-1.6845170927429343,-1.0931610449562763,TIME_LIMIT,209778,0,0,21,8
5,12,2.814349e6,-1.6845170927429343,-1.0931610449562763,TIME_LIMIT,209799,0,0,41,25
5,12,2.814871e6,-1.684505062387602,-1.0931610449562763,TIME_LIMIT,209845,0,0,23,8
5,12,2.815439e6,-1.684505062387602,-1.0931610449562763,TIME_LIMIT,209881,0,0,42,25
5,12,2.815957e6,-1.6844988954343605,-1.0931610449562763,TIME_LIMIT,209929,0,0,20,18
5,12,2.816479e6,-1.6844988954343605,-1.0931610449562763,TIME_LIMIT,209960,0,0,39,39
5,12,2.817045e6,-1.6844860292729862,-1.0931610449562763,TIME_LIMIT,210008,0,0,32,18
5,12,2.817566e6,-1.6844860292729862,-1.0931610449562763,TIME_LIMIT,210043,0,0,36,12
5,12,2.81813e6,-1.6844840025869203,-1.0931610449562763,TIME_LIMIT,210085,0,0,30,14
5,12,2.818652e6,-1.6844840025869203,-1.0931610449562763,TIME_LIMIT,210114,0,0,43,41
5,12,2.819172e6,-1.684483434365496,-1.0931610449562763,TIME_LIMIT,210165,0,0,30,7
5,12,2.81969e6,-1.684483434365496,-1.0931610449562763,TIME_LIMIT,210207,0,0,19,8
5,12,2.820256e6,-1.6844545087585647,-1.0931610449562763,TIME_LIMIT,210251,0,0,36,19
5,12,2.820776e6,-1.6844545087585647,-1.0931610449562763,TIME_LIMIT,210280,0,0,31,15
5,12,2.821344e6,-1.684449855796398,-1.0931610449562763,TIME_LIMIT,210323,0,0,28,11
5,12,2.821866e6,-1.684449855796398,-1.0931610449562763,TIME_LIMIT,210353,0,0,42,45
5,12,2.822383e6,-1.6844183618986466,-1.0931610449562763,TIME_LIMIT,210408,0,0,35,14
5,12,2.822905e6,-1.6844183618986466,-1.0931610449562763,TIME_LIMIT,210449,0,0,25,19
5,12,2.823472e6,-1.684406308886607,-1.0931610449562763,TIME_LIMIT,210482,0,0,31,25
5,12,2.82399e6,-1.684406308886607,-1.0931610449562763,TIME_LIMIT,210513,0,0,29,26
5,12,2.824507e6,-1.6844052746570786,-1.0931610449562763,TIME_LIMIT,210557,0,0,24,15
5,12,2.825029e6,-1.6844052746570786,-1.0931610449562763,TIME_LIMIT,210601,0,0,36,21
5,12,2.825546e6,-1.6843775911629042,-1.0931610449562763,TIME_LIMIT,210637,0,0,27,33
5,12,2.826147e6,-1.6843775911629042,-1.0931610449562763,TIME_LIMIT,210673,0,0,37,32
5,12,2.82684e6,-1.6843588423258227,-1.0931610449562763,TIME_LIMIT,210721,0,0,26,9
5,12,2.827529e6,-1.6843588423258227,-1.0931610449562763,TIME_LIMIT,210748,0,0,40,56
5,12,2.828157e6,-1.6843580491208041,-1.0931610449562763,TIME_LIMIT,210801,0,0,19,15
5,12,2.828628e6,-1.6843580491208041,-1.0931610449562763,TIME_LIMIT,210831,0,0,31,41
5,12,2.829177e6,-1.6843509087411155,-1.0931610449562763,TIME_LIMIT,210879,0,0,26,7
5,12,2.829717e6,-1.6843509087411155,-1.0931610449562763,TIME_LIMIT,210905,0,0,34,22
5,12,2.830259e6,-1.6843093977080936,-1.0931610449562763,TIME_LIMIT,210956,0,0,27,12
5,12,2.830788e6,-1.6843093977080936,-1.0931610449562763,TIME_LIMIT,210989,0,0,19,18
5,12,2.831317e6,-1.6842998347265512,-1.0931610449562763,TIME_LIMIT,211041,0,0,30,8
5,12,2.831886e6,-1.6842998347265512,-1.0931610449562763,TIME_LIMIT,211079,0,0,37,24
5,12,2.832408e6,-1.6842739308754922,-1.0931610449562763,TIME_LIMIT,211133,0,0,34,14
5,12,2.832976e6,-1.6842739308754922,-1.0931610449562763,TIME_LIMIT,211165,0,0,31,28
5,12,2.833498e6,-1.6842585264522627,-1.0931610449562763,TIME_LIMIT,211200,0,0,33,26
5,12,2.834017e6,-1.6842585264522627,-1.0931610449562763,TIME_LIMIT,211237,0,0,35,22
5,12,2.834582e6,-1.6842324266061266,-1.0931610449562763,TIME_LIMIT,211285,0,0,31,11
5,12,2.835099e6,-1.6842324266061266,-1.0931610449562763,TIME_LIMIT,211326,0,0,43,30
5,12,2.835666e6,-1.6842297090066392,-1.0931610449562763,TIME_LIMIT,211380,0,0,35,11
5,12,2.836186e6,-1.6842297090066392,-1.0931610449562763,TIME_LIMIT,211413,0,0,33,36
5,12,2.83664e6,-1.6842157362074033,-1.0931610449562763,TIME_LIMIT,211451,0,0,39,25
5,12,2.837156e6,-1.6842157362074033,-1.0931610449562763,TIME_LIMIT,211484,0,0,32,14
5,12,2.837646e6,-1.6842109431989156,-1.0931610449562763,TIME_LIMIT,211529,0,0,39,13
5,12,2.838186e6,-1.6842109431989156,-1.0931610449562763,TIME_LIMIT,211558,0,0,31,17
5,12,2.838736e6,-1.6841968873791269,-1.0931610449562763,TIME_LIMIT,211614,0,0,31,10
5,12,2.839319e6,-1.6841968873791269,-1.0931610449562763,TIME_LIMIT,211656,0,0,39,13
5,12,2.839838e6,-1.6841962370360728,-1.0931610449562763,TIME_LIMIT,211691,0,0,26,7
5,12,2.840359e6,-1.6841962370360728,-1.0931610449562763,TIME_LIMIT,211715,0,0,25,21
5,12,2.840926e6,-1.6841614211369214,-1.0931610449562763,TIME_LIMIT,211760,0,0,19,4
5,12,2.841447e6,-1.6841614211369214,-1.0931610449562763,TIME_LIMIT,211795,0,0,28,32
5,12,2.841966e6,-1.684153197538338,-1.0931610449562763,TIME_LIMIT,211831,0,0,26,18
5,12,2.842488e6,-1.684153197538338,-1.0931610449562763,TIME_LIMIT,211857,0,0,51,42
5,12,2.843006e6,-1.6841517841486326,-1.0931610449562763,TIME_LIMIT,211905,0,0,17,7
5,12,2.843588e6,-1.6841517841486326,-1.0931610449562763,TIME_LIMIT,211934,0,0,32,17
5,12,2.844281e6,-1.6841483611703205,-1.0931610449562763,TIME_LIMIT,211991,0,0,37,16
5,12,2.844982e6,-1.6841483611703205,-1.0931610449562763,TIME_LIMIT,212019,0,0,43,38
5,12,2.845641e6,-1.6841480721975006,-1.0931610449562763,TIME_LIMIT,212072,0,0,21,9
5,12,2.846201e6,-1.6841480721975006,-1.0931610449562763,TIME_LIMIT,212104,0,0,43,39
5,12,2.84675e6,-1.6841332323545612,-1.0931610449562763,TIME_LIMIT,212155,0,0,29,22
5,12,2.847295e6,-1.6841332323545612,-1.0931610449562763,TIME_LIMIT,212187,0,0,38,36
5,12,2.847832e6,-1.6841015939250437,-1.0931610449562763,TIME_LIMIT,212232,0,0,33,19
5,12,2.848169e6,-1.6841015939250437,-1.0931610449562763,TIME_LIMIT,212266,0,0,31,24
5,12,2.848737e6,-1.6840948348403042,-1.0931610449562763,TIME_LIMIT,212310,0,0,26,9
5,12,2.849258e6,-1.6840948348403042,-1.0931610449562763,TIME_LIMIT,212337,0,0,40,28
5,12,2.849824e6,-1.6840382752772385,-1.0931610449562763,TIME_LIMIT,212391,0,0,39,10
5,12,2.850344e6,-1.6840382752772385,-1.0931610449562763,TIME_LIMIT,212422,0,0,33,23
5,12,2.850911e6,-1.684034807985119,-1.0931610449562763,TIME_LIMIT,212474,0,0,28,25
5,12,2.851432e6,-1.684034807985119,-1.0931610449562763,TIME_LIMIT,212513,0,0,38,36
5,12,2.85195e6,-1.6840339964407909,-1.0931610449562763,TIME_LIMIT,212547,0,0,27,23
5,12,2.852516e6,-1.6840339964407909,-1.0931610449562763,TIME_LIMIT,212580,0,0,32,26
5,12,2.853038e6,-1.6840338386195493,-1.0931610449562763,TIME_LIMIT,212626,0,0,8,16
5,12,2.853481e6,-1.6840338386195493,-1.0931610449562763,TIME_LIMIT,212661,0,0,43,28
5,12,2.853979e6,-1.6840332946018015,-1.0931610449562763,TIME_LIMIT,212721,0,0,25,12
5,12,2.854511e6,-1.6840332946018015,-1.0931610449562763,TIME_LIMIT,212746,0,0,21,21
5,12,2.855068e6,-1.684020810976623,-1.0931610449562763,TIME_LIMIT,212798,0,0,15,5
5,12,2.85559e6,-1.684020810976623,-1.0931610449562763,TIME_LIMIT,212830,0,0,18,31
5,12,2.856155e6,-1.684003244622635,-1.0931610449562763,TIME_LIMIT,212889,0,0,34,19
5,12,2.856674e6,-1.684003244622635,-1.0931610449562763,TIME_LIMIT,212915,0,0,35,26
5,12,2.857195e6,-1.683973787676679,-1.0931610449562763,TIME_LIMIT,212968,0,0,32,18
5,12,2.85771e6,-1.683973787676679,-1.0931610449562763,TIME_LIMIT,212998,0,0,33,36
5,12,2.858276e6,-1.6839699409923201,-1.0931610449562763,TIME_LIMIT,213045,0,0,27,15
5,12,2.858796e6,-1.6839699409923201,-1.0931610449562763,TIME_LIMIT,213073,0,0,18,17
5,12,2.859362e6,-1.6839228156050565,-1.0931610449562763,TIME_LIMIT,213113,0,0,24,10
5,12,2.859881e6,-1.6839228156050565,-1.0931610449562763,TIME_LIMIT,213150,0,0,43,34
5,12,2.860447e6,-1.6839122133461353,-1.0931610449562763,TIME_LIMIT,213198,0,0,23,14
5,12,2.860965e6,-1.6839122133461353,-1.0931610449562763,TIME_LIMIT,213239,0,0,33,18
5,12,2.861373e6,-1.6838884221313077,-1.0931610449562763,TIME_LIMIT,213279,0,0,23,4
5,12,2.861895e6,-1.6838884221313077,-1.0931610449562763,TIME_LIMIT,213311,0,0,43,32
5,12,2.862458e6,-1.6838608260343901,-1.0931610449562763,TIME_LIMIT,213359,0,0,24,8
5,12,2.862977e6,-1.6838608260343901,-1.0931610449562763,TIME_LIMIT,213392,0,0,42,25
5,12,2.863541e6,-1.683835944616636,-1.0931610449562763,TIME_LIMIT,213445,0,0,30,16
5,12,2.864062e6,-1.683835944616636,-1.0931610449562763,TIME_LIMIT,213484,0,0,26,46
5,12,2.864626e6,-1.6838263912910385,-1.0931610449562763,TIME_LIMIT,213532,0,0,28,17
5,12,2.865146e6,-1.6838263912910385,-1.0931610449562763,TIME_LIMIT,213565,0,0,30,27
5,12,2.865663e6,-1.683825689529054,-1.0931610449562763,TIME_LIMIT,213617,0,0,22,5
5,12,2.866185e6,-1.683825689529054,-1.0931610449562763,TIME_LIMIT,213648,0,0,33,30
5,12,2.866704e6,-1.6838089278982944,-1.0931610449562763,TIME_LIMIT,213708,0,0,28,15
5,12,2.867319e6,-1.6838089278982944,-1.0931610449562763,TIME_LIMIT,213740,0,0,25,21
5,12,2.868014e6,-1.6838084658596,-1.0931610449562763,TIME_LIMIT,213790,0,0,13,8
5,12,2.8687e6,-1.6838084658596,-1.0931610449562763,TIME_LIMIT,213827,0,0,34,22
5,12,2.869311e6,-1.6837837571572989,-1.0931610449562763,TIME_LIMIT,213860,0,0,30,16
5,12,2.869867e6,-1.6837837571572989,-1.0931610449562763,TIME_LIMIT,213891,0,0,24,13
5,12,2.870415e6,-1.6837715756173195,-1.0931610449562763,TIME_LIMIT,213942,0,0,26,8
5,12,2.870958e6,-1.6837715756173195,-1.0931610449562763,TIME_LIMIT,213972,0,0,23,18
5,12,2.871496e6,-1.6837605235944577,-1.0931610449562763,TIME_LIMIT,214024,0,0,30,10
5,12,2.872028e6,-1.6837605235944577,-1.0931610449562763,TIME_LIMIT,214063,0,0,48,19
5,12,2.8726e6,-1.6837588048865193,-1.0931610449562763,TIME_LIMIT,214117,0,0,25,13
5,12,2.87312e6,-1.6837588048865193,-1.0931610449562763,TIME_LIMIT,214148,0,0,40,21
5,12,2.873688e6,-1.683719939581924,-1.0931610449562763,TIME_LIMIT,214200,0,0,29,7
5,12,2.874162e6,-1.683719939581924,-1.0931610449562763,TIME_LIMIT,214236,0,0,42,18
5,12,2.874642e6,-1.6836968291401542,-1.0931610449562763,TIME_LIMIT,214292,0,0,26,3
5,12,2.87519e6,-1.6836968291401542,-1.0931610449562763,TIME_LIMIT,214322,0,0,38,56
5,12,2.875732e6,-1.683674066469971,-1.0931610449562763,TIME_LIMIT,214370,0,0,28,33
5,12,2.876278e6,-1.683674066469971,-1.0931610449562763,TIME_LIMIT,214398,0,0,36,21
5,12,2.87682e6,-1.6836710792034686,-1.0931610449562763,TIME_LIMIT,214453,0,0,28,15
5,12,2.877353e6,-1.6836710792034686,-1.0931610449562763,TIME_LIMIT,214492,0,0,39,22
5,12,2.8779e6,-1.6836685591782794,-1.0931610449562763,TIME_LIMIT,214534,0,0,35,17
5,12,2.878421e6,-1.6836685591782794,-1.0931610449562763,TIME_LIMIT,214566,0,0,41,44
5,12,2.878943e6,-1.6836647602042083,-1.0931610449562763,TIME_LIMIT,214623,0,0,24,9
5,12,2.879479e6,-1.6836647602042083,-1.0931610449562763,TIME_LIMIT,214651,0,0,22,36
5,12,2.880029e6,-1.6836645364837575,-1.0931610449562763,TIME_LIMIT,214701,0,0,29,17
5,12,2.880549e6,-1.6836645364837575,-1.0931610449562763,TIME_LIMIT,214729,0,0,31,10
5,12,2.881068e6,-1.6836380746799613,-1.0931610449562763,TIME_LIMIT,214779,0,0,35,16
5,12,2.881632e6,-1.6836380746799613,-1.0931610449562763,TIME_LIMIT,214811,0,0,40,39
5,12,2.882153e6,-1.6836360728848763,-1.0931610449562763,TIME_LIMIT,214849,0,0,37,20
5,12,2.882672e6,-1.6836360728848763,-1.0931610449562763,TIME_LIMIT,214877,0,0,28,38
5,12,2.88319e6,-1.6836251278040162,-1.0931610449562763,TIME_LIMIT,214925,0,0,29,23
5,12,2.88371e6,-1.6836251278040162,-1.0931610449562763,TIME_LIMIT,214962,0,0,49,31
5,12,2.884281e6,-1.6836036045964897,-1.0931610449562763,TIME_LIMIT,215011,0,0,29,17
5,12,2.884974e6,-1.6836036045964897,-1.0931610449562763,TIME_LIMIT,215040,0,0,19,20
5,12,2.885657e6,-1.6836004274700214,-1.0931610449562763,TIME_LIMIT,215089,0,0,28,12
5,12,2.886312e6,-1.6836004274700214,-1.0931610449562763,TIME_LIMIT,215124,0,0,29,20
5,12,2.886867e6,-1.683595799792697,-1.0931610449562763,TIME_LIMIT,215165,0,0,35,7
5,12,2.887385e6,-1.683595799792697,-1.0931610449562763,TIME_LIMIT,215206,0,0,37,20
5,12,2.887928e6,-1.6835933456044567,-1.0931610449562763,TIME_LIMIT,215243,0,0,25,4
5,12,2.888349e6,-1.6835933456044567,-1.0931610449562763,TIME_LIMIT,215275,0,0,17,19
5,12,2.888879e6,-1.683574851489558,-1.0931610449562763,TIME_LIMIT,215309,0,0,27,16
5,12,2.889412e6,-1.683574851489558,-1.0931610449562763,TIME_LIMIT,215345,0,0,37,32
5,12,2.88998e6,-1.683574232642662,-1.0931610449562763,TIME_LIMIT,215396,0,0,16,14
5,12,2.890499e6,-1.683574232642662,-1.0931610449562763,TIME_LIMIT,215426,0,0,36,25
5,12,2.891069e6,-1.6835374651105157,-1.0931610449562763,TIME_LIMIT,215474,0,0,22,12
5,12,2.891589e6,-1.6835374651105157,-1.0931610449562763,TIME_LIMIT,215515,0,0,25,17
5,12,2.892108e6,-1.6835195592284957,-1.0931610449562763,TIME_LIMIT,215548,0,0,21,14
5,12,2.89256e6,-1.6835195592284957,-1.0931610449562763,TIME_LIMIT,215587,0,0,39,23
5,12,2.89311e6,-1.6834971311315625,-1.0931610449562763,TIME_LIMIT,215634,0,0,26,9
5,12,2.893644e6,-1.6834971311315625,-1.0931610449562763,TIME_LIMIT,215663,0,0,49,49
5,12,2.894198e6,-1.6834729175157959,-1.0931610449562763,TIME_LIMIT,215720,0,0,30,13
5,12,2.894718e6,-1.6834729175157959,-1.0931610449562763,TIME_LIMIT,215755,0,0,40,22
5,12,2.895285e6,-1.683469317663302,-1.0931610449562763,TIME_LIMIT,215798,0,0,31,10
5,12,2.895805e6,-1.683469317663302,-1.0931610449562763,TIME_LIMIT,215823,0,0,20,14
5,12,2.896323e6,-1.6834619045169552,-1.0931610449562763,TIME_LIMIT,215875,0,0,22,12
5,12,2.896843e6,-1.6834619045169552,-1.0931610449562763,TIME_LIMIT,215912,0,0,36,11
5,12,2.89741e6,-1.6834373624973993,-1.0931610449562763,TIME_LIMIT,215956,0,0,41,18
5,12,2.897931e6,-1.6834373624973993,-1.0931610449562763,TIME_LIMIT,215983,0,0,32,13
5,12,2.898452e6,-1.6834260569150474,-1.0931610449562763,TIME_LIMIT,216031,0,0,29,8
5,12,2.898971e6,-1.6834260569150474,-1.0931610449562763,TIME_LIMIT,216060,0,0,21,28
5,12,2.899493e6,-1.683424970284733,-1.0931610449562763,TIME_LIMIT,216117,0,0,18,12
5,12,2.90014e6,-1.683424970284733,-1.0931610449562763,TIME_LIMIT,216149,0,0,29,34
5,12,2.900831e6,-1.6833842414732902,-1.0931610449562763,TIME_LIMIT,216182,0,0,33,19
5,12,2.901521e6,-1.6833842414732902,-1.0931610449562763,TIME_LIMIT,216220,0,0,37,21
5,12,2.902105e6,-1.6833638640822484,-1.0931610449562763,TIME_LIMIT,216270,0,0,31,12
5,12,2.902655e6,-1.6833638640822484,-1.0931610449562763,TIME_LIMIT,216299,0,0,34,28
5,12,2.903199e6,-1.6832615499504835,-1.0931610449562763,TIME_LIMIT,216348,0,0,31,9
5,12,2.90374e6,-1.6832615499504835,-1.0931610449562763,TIME_LIMIT,216375,0,0,37,39
5,12,2.904271e6,-1.6832131042738123,-1.0931610449562763,TIME_LIMIT,216425,0,0,11,5
5,12,2.904827e6,-1.6832131042738123,-1.0931610449562763,TIME_LIMIT,216460,0,0,37,23
5,12,2.90536e6,-1.683210053159977,-1.0931610449562763,TIME_LIMIT,216513,0,0,28,12
5,12,2.905909e6,-1.683210053159977,-1.0931610449562763,TIME_LIMIT,216552,0,0,21,21
5,12,2.906451e6,-1.683193877386725,-1.0931610449562763,TIME_LIMIT,216586,0,0,21,9
5,12,2.906969e6,-1.683193877386725,-1.0931610449562763,TIME_LIMIT,216615,0,0,33,27
5,12,2.9075e6,-1.6831730689479951,-1.0931610449562763,TIME_LIMIT,216672,0,0,30,15
5,12,2.908053e6,-1.6831730689479951,-1.0931610449562763,TIME_LIMIT,216708,0,0,25,15
5,12,2.908587e6,-1.6831716062166242,-1.0931610449562763,TIME_LIMIT,216747,0,0,33,21
5,12,2.909142e6,-1.6831716062166242,-1.0931610449562763,TIME_LIMIT,216782,0,0,33,14
5,12,2.909659e6,-1.6831360767555577,-1.0931610449562763,TIME_LIMIT,216817,0,0,26,6
5,12,2.910178e6,-1.6831360767555577,-1.0931610449562763,TIME_LIMIT,216864,0,0,43,10
5,12,2.910702e6,-1.683124118520572,-1.0931610449562763,TIME_LIMIT,216906,0,0,35,15
5,12,2.911268e6,-1.683124118520572,-1.0931610449562763,TIME_LIMIT,216945,0,0,27,28
5,12,2.911788e6,-1.6831217688180502,-1.0931610449562763,TIME_LIMIT,216985,0,0,30,14
5,12,2.912354e6,-1.6831217688180502,-1.0931610449562763,TIME_LIMIT,217017,0,0,39,30
5,12,2.912876e6,-1.68311640865802,-1.0931610449562763,TIME_LIMIT,217073,0,0,38,13
5,12,2.913398e6,-1.68311640865802,-1.0931610449562763,TIME_LIMIT,217109,0,0,37,26
5,12,2.913944e6,-1.6830629691220373,-1.0931610449562763,TIME_LIMIT,217162,0,0,20,9
5,12,2.914486e6,-1.6830629691220373,-1.0931610449562763,TIME_LIMIT,217193,0,0,32,12
5,12,2.915007e6,-1.6830290821036211,-1.0931610449562763,TIME_LIMIT,217233,0,0,38,9
5,12,2.915526e6,-1.6830290821036211,-1.0931610449562763,TIME_LIMIT,217268,0,0,40,21
5,12,2.916047e6,-1.6830175235121394,-1.0931610449562763,TIME_LIMIT,217312,0,0,24,13
5,12,2.916566e6,-1.6830175235121394,-1.0931610449562763,TIME_LIMIT,217348,0,0,17,24
5,12,2.9173e6,-1.6829973009824244,-1.0931610449562763,TIME_LIMIT,217384,0,0,39,16
5,12,2.917996e6,-1.6829973009824244,-1.0931610449562763,TIME_LIMIT,217415,0,0,37,25
5,12,2.918676e6,-1.682959555220667,-1.0931610449562763,TIME_LIMIT,217474,0,0,37,13
5,12,2.919239e6,-1.682959555220667,-1.0931610449562763,TIME_LIMIT,217509,0,0,36,24
5,12,2.919788e6,-1.6829513569718622,-1.0931610449562763,TIME_LIMIT,217555,0,0,18,18
5,12,2.920334e6,-1.6829513569718622,-1.0931610449562763,TIME_LIMIT,217584,0,0,31,18
5,12,2.920878e6,-1.6829512605665955,-1.0931610449562763,TIME_LIMIT,217634,0,0,12,6
5,12,2.921411e6,-1.6829512605665955,-1.0931610449562763,TIME_LIMIT,217665,0,0,25,13
5,12,2.92198e6,-1.6829457883509338,-1.0931610449562763,TIME_LIMIT,217709,0,0,11,8
5,12,2.9225e6,-1.6829457883509338,-1.0931610449562763,TIME_LIMIT,217737,0,0,39,24
5,12,2.92307e6,-1.6829139547145533,-1.0931610449562763,TIME_LIMIT,217780,0,0,16,5
5,12,2.923619e6,-1.6829139547145533,-1.0931610449562763,TIME_LIMIT,217816,0,0,31,17
5,12,2.924139e6,-1.6828410404654623,-1.0931610449562763,TIME_LIMIT,217851,0,0,35,21
5,12,2.924702e6,-1.6828410404654623,-1.0931610449562763,TIME_LIMIT,217876,0,0,15,10
5,12,2.92522e6,-1.6828410239067824,-1.0931610449562763,TIME_LIMIT,217919,0,0,24,9
5,12,2.925783e6,-1.6828410239067824,-1.0931610449562763,TIME_LIMIT,217960,0,0,42,14
5,12,2.926305e6,-1.682817210748182,-1.0931610449562763,TIME_LIMIT,218006,0,0,32,9
5,12,2.926822e6,-1.682817210748182,-1.0931610449562763,TIME_LIMIT,218042,0,0,29,12
5,12,2.927343e6,-1.6827954049713127,-1.0931610449562763,TIME_LIMIT,218075,0,0,32,17
5,12,2.9279e6,-1.6827954049713127,-1.0931610449562763,TIME_LIMIT,218113,0,0,38,32
5,12,2.928431e6,-1.6827723164052133,-1.0931610449562763,TIME_LIMIT,218150,0,0,39,21
5,12,2.928952e6,-1.6827723164052133,-1.0931610449562763,TIME_LIMIT,218194,0,0,35,24
5,12,2.929473e6,-1.6827176534602062,-1.0931610449562763,TIME_LIMIT,218237,0,0,39,16
5,12,2.929994e6,-1.6827176534602062,-1.0931610449562763,TIME_LIMIT,218281,0,0,35,14
5,12,2.930536e6,-1.6827064807667895,-1.0931610449562763,TIME_LIMIT,218316,0,0,27,21
5,12,2.931231e6,-1.6827064807667895,-1.0931610449562763,TIME_LIMIT,218340,0,0,35,46
5,12,2.931921e6,-1.6826930168640852,-1.0931610449562763,TIME_LIMIT,218383,0,0,18,4
5,12,2.932584e6,-1.6826930168640852,-1.0931610449562763,TIME_LIMIT,218431,0,0,29,10
5,12,2.933145e6,-1.682650379786536,-1.0931610449562763,TIME_LIMIT,218459,0,0,29,14
5,12,2.933697e6,-1.682650379786536,-1.0931610449562763,TIME_LIMIT,218483,0,0,35,25
5,12,2.934245e6,-1.6826411561912353,-1.0931610449562763,TIME_LIMIT,218537,0,0,31,11
5,12,2.934787e6,-1.6826411561912353,-1.0931610449562763,TIME_LIMIT,218564,0,0,37,16
5,12,2.93532e6,-1.6826230841422616,-1.0931610449562763,TIME_LIMIT,218619,0,0,27,8
5,12,2.93589e6,-1.6826230841422616,-1.0931610449562763,TIME_LIMIT,218656,0,0,38,25
5,12,2.93641e6,-1.6825841539234523,-1.0931610449562763,TIME_LIMIT,218688,0,0,30,21
5,12,2.936979e6,-1.6825841539234523,-1.0931610449562763,TIME_LIMIT,218735,0,0,48,25
5,12,2.937501e6,-1.6825750118258842,-1.0931610449562763,TIME_LIMIT,218774,0,0,41,28
5,12,2.93802e6,-1.6825750118258842,-1.0931610449562763,TIME_LIMIT,218809,0,0,33,22
5,12,2.93859e6,-1.6825569180983886,-1.0931610449562763,TIME_LIMIT,218851,0,0,25,15
5,12,2.939062e6,-1.6825569180983886,-1.0931610449562763,TIME_LIMIT,218886,0,0,41,19
5,12,2.93961e6,-1.6825505940462795,-1.0931610449562763,TIME_LIMIT,218937,0,0,28,11
5,12,2.940149e6,-1.6825505940462795,-1.0931610449562763,TIME_LIMIT,218961,0,0,33,44
5,12,2.94067e6,-1.6825310954762196,-1.0931610449562763,TIME_LIMIT,219012,0,0,33,22
5,12,2.941191e6,-1.6825310954762196,-1.0931610449562763,TIME_LIMIT,219045,0,0,20,13
5,12,2.94174e6,-1.6825180735808947,-1.0931610449562763,TIME_LIMIT,219086,0,0,34,15
5,12,2.942279e6,-1.6825180735808947,-1.0931610449562763,TIME_LIMIT,219117,0,0,34,42
5,12,2.942828e6,-1.6824478063318205,-1.0931610449562763,TIME_LIMIT,219172,0,0,34,13
5,12,2.943366e6,-1.6824478063318205,-1.0931610449562763,TIME_LIMIT,219208,0,0,35,15
5,12,2.943886e6,-1.6824174678881312,-1.0931610449562763,TIME_LIMIT,219250,0,0,34,14
5,12,2.944403e6,-1.6824174678881312,-1.0931610449562763,TIME_LIMIT,219286,0,0,22,16
5,12,2.94497e6,-1.682414343337966,-1.0931610449562763,TIME_LIMIT,219324,0,0,18,9
5,12,2.945489e6,-1.682414343337966,-1.0931610449562763,TIME_LIMIT,219363,0,0,24,17
5,12,2.946038e6,-1.6824096367129875,-1.0931610449562763,TIME_LIMIT,219401,0,0,27,18
5,12,2.94658e6,-1.6824096367129875,-1.0931610449562763,TIME_LIMIT,219437,0,0,30,27
5,12,2.947099e6,-1.6823920936074117,-1.0931610449562763,TIME_LIMIT,219484,0,0,27,12
5,12,2.947619e6,-1.6823920936074117,-1.0931610449562763,TIME_LIMIT,219513,0,0,33,37
5,12,2.948139e6,-1.6823561096794575,-1.0931610449562763,TIME_LIMIT,219567,0,0,15,8
5,12,2.948669e6,-1.6823561096794575,-1.0931610449562763,TIME_LIMIT,219595,0,0,37,46
5,12,2.949352e6,-1.6823367152828161,-1.0931610449562763,TIME_LIMIT,219641,0,0,20,18
5,12,2.950047e6,-1.6823367152828161,-1.0931610449562763,TIME_LIMIT,219671,0,0,22,12
5,12,2.950726e6,-1.6823313128640365,-1.0931610449562763,TIME_LIMIT,219716,0,0,26,12
5,12,2.951282e6,-1.6823313128640365,-1.0931610449562763,TIME_LIMIT,219743,0,0,18,15
5,12,2.951829e6,-1.682315246881564,-1.0931610449562763,TIME_LIMIT,219795,0,0,25,15
5,12,2.952371e6,-1.682315246881564,-1.0931610449562763,TIME_LIMIT,219827,0,0,14,10
5,12,2.95291e6,-1.6822932033262317,-1.0931610449562763,TIME_LIMIT,219879,0,0,30,13
5,12,2.953442e6,-1.6822932033262317,-1.0931610449562763,TIME_LIMIT,219914,0,0,42,31
5,12,2.953975e6,-1.6822814144201712,-1.0931610449562763,TIME_LIMIT,219972,0,0,34,26
5,12,2.954541e6,-1.6822814144201712,-1.0931610449562763,TIME_LIMIT,220005,0,0,40,39
5,12,2.955061e6,-1.6822692246428756,-1.0931610449562763,TIME_LIMIT,220058,0,0,21,12
5,12,2.955626e6,-1.6822692246428756,-1.0931610449562763,TIME_LIMIT,220098,0,0,39,26
5,12,2.956145e6,-1.6822516520920097,-1.0931610449562763,TIME_LIMIT,220152,0,0,35,11
5,12,2.956666e6,-1.6822516520920097,-1.0931610449562763,TIME_LIMIT,220180,0,0,42,28
5,12,2.957042e6,-1.6822381794551111,-1.0931610449562763,TIME_LIMIT,220236,0,0,36,9
5,12,2.957611e6,-1.6822381794551111,-1.0931610449562763,TIME_LIMIT,220274,0,0,41,23
5,12,2.95813e6,-1.6822277540797774,-1.0931610449562763,TIME_LIMIT,220323,0,0,21,9
5,12,2.958696e6,-1.6822277540797774,-1.0931610449562763,TIME_LIMIT,220365,0,0,26,14
5,12,2.959216e6,-1.682225496449796,-1.0931610449562763,TIME_LIMIT,220402,0,0,29,12
5,12,2.959786e6,-1.682225496449796,-1.0931610449562763,TIME_LIMIT,220432,0,0,36,31
5,12,2.960307e6,-1.682200702181058,-1.0931610449562763,TIME_LIMIT,220483,0,0,29,28
5,12,2.960827e6,-1.682200702181058,-1.0931610449562763,TIME_LIMIT,220518,0,0,46,21
5,12,2.961344e6,-1.6821912163757493,-1.0931610449562763,TIME_LIMIT,220568,0,0,30,9
5,12,2.961914e6,-1.6821912163757493,-1.0931610449562763,TIME_LIMIT,220593,0,0,24,16
5,12,2.962434e6,-1.6821841812478449,-1.0931610449562763,TIME_LIMIT,220640,0,0,22,11
5,12,2.963002e6,-1.6821841812478449,-1.0931610449562763,TIME_LIMIT,220676,0,0,38,25
5,12,2.963523e6,-1.6821791013826815,-1.0931610449562763,TIME_LIMIT,220711,0,0,34,10
5,12,2.964042e6,-1.6821791013826815,-1.0931610449562763,TIME_LIMIT,220738,0,0,21,18
5,12,2.964562e6,-1.6821735826607576,-1.0931610449562763,TIME_LIMIT,220789,0,0,27,10
5,12,2.965132e6,-1.6821735826607576,-1.0931610449562763,TIME_LIMIT,220823,0,0,29,27
5,12,2.965655e6,-1.6821628053198237,-1.0931610449562763,TIME_LIMIT,220869,0,0,26,18
5,12,2.966224e6,-1.6821628053198237,-1.0931610449562763,TIME_LIMIT,220908,0,0,39,26
5,12,2.966744e6,-1.6821623260044978,-1.0931610449562763,TIME_LIMIT,220937,0,0,14,11
5,12,2.967265e6,-1.6821623260044978,-1.0931610449562763,TIME_LIMIT,220960,0,0,20,16
5,12,2.967786e6,-1.6821533731477631,-1.0931610449562763,TIME_LIMIT,221008,0,0,31,9
5,12,2.968306e6,-1.6821533731477631,-1.0931610449562763,TIME_LIMIT,221034,0,0,30,26
5,12,2.9689e6,-1.6821526302949372,-1.0931610449562763,TIME_LIMIT,221088,0,0,27,16
5,12,2.96959e6,-1.6821526302949372,-1.0931610449562763,TIME_LIMIT,221120,0,0,25,19
5,12,2.97028e6,-1.6821324822170334,-1.0931610449562763,TIME_LIMIT,221172,0,0,19,11
5,12,2.97091e6,-1.6821324822170334,-1.0931610449562763,TIME_LIMIT,221199,0,0,30,14
5,12,2.971466e6,-1.6821106240782127,-1.0931610449562763,TIME_LIMIT,221249,0,0,29,8
5,12,2.972013e6,-1.6821106240782127,-1.0931610449562763,TIME_LIMIT,221279,0,0,22,14
5,12,2.972553e6,-1.682079319514315,-1.0931610449562763,TIME_LIMIT,221333,0,0,31,17
5,12,2.973094e6,-1.682079319514315,-1.0931610449562763,TIME_LIMIT,221360,0,0,13,20
5,12,2.973629e6,-1.6820765329175937,-1.0931610449562763,TIME_LIMIT,221405,0,0,21,4
5,12,2.973975e6,-1.6820765329175937,-1.0931610449562763,TIME_LIMIT,221434,0,0,27,22
5,12,2.974523e6,-1.6820739630566284,-1.0931610449562763,TIME_LIMIT,221476,0,0,22,10
5,12,2.975057e6,-1.6820739630566284,-1.0931610449562763,TIME_LIMIT,221513,0,0,38,38
5,12,2.975612e6,-1.6820680355709268,-1.0931610449562763,TIME_LIMIT,221566,0,0,23,8
5,12,2.976133e6,-1.6820680355709268,-1.0931610449562763,TIME_LIMIT,221607,0,0,40,58
5,12,2.976654e6,-1.6820428671738348,-1.0931610449562763,TIME_LIMIT,221662,0,0,37,26
5,12,2.977223e6,-1.6820428671738348,-1.0931610449562763,TIME_LIMIT,221700,0,0,40,29
5,12,2.977745e6,-1.6820401345479696,-1.0931610449562763,TIME_LIMIT,221752,0,0,22,14
5,12,2.978314e6,-1.6820401345479696,-1.0931610449562763,TIME_LIMIT,221781,0,0,40,32
5,12,2.978834e6,-1.6820338559810564,-1.0931610449562763,TIME_LIMIT,221834,0,0,15,12
5,12,2.979355e6,-1.6820338559810564,-1.0931610449562763,TIME_LIMIT,221867,0,0,41,28
5,12,2.979876e6,-1.6820122814264158,-1.0931610449562763,TIME_LIMIT,221915,0,0,26,18
5,12,2.980445e6,-1.6820122814264158,-1.0931610449562763,TIME_LIMIT,221952,0,0,38,38
5,12,2.980965e6,-1.682009277646245,-1.0931610449562763,TIME_LIMIT,222008,0,0,31,19
5,12,2.98153e6,-1.682009277646245,-1.0931610449562763,TIME_LIMIT,222041,0,0,40,17
5,12,2.982049e6,-1.6819962429411066,-1.0931610449562763,TIME_LIMIT,222082,0,0,21,10
5,12,2.982569e6,-1.6819962429411066,-1.0931610449562763,TIME_LIMIT,222116,0,0,38,27
5,12,2.983093e6,-1.681979881730026,-1.0931610449562763,TIME_LIMIT,222166,0,0,13,11
5,12,2.983662e6,-1.681979881730026,-1.0931610449562763,TIME_LIMIT,222198,0,0,22,15
5,12,2.984183e6,-1.6819304737419192,-1.0931610449562763,TIME_LIMIT,222250,0,0,32,17
5,12,2.984753e6,-1.6819304737419192,-1.0931610449562763,TIME_LIMIT,222286,0,0,32,44
5,12,2.985273e6,-1.6819164091523637,-1.0931610449562763,TIME_LIMIT,222339,0,0,32,15
5,12,2.985795e6,-1.6819164091523637,-1.0931610449562763,TIME_LIMIT,222372,0,0,29,19
5,12,2.986314e6,-1.6818768849282892,-1.0931610449562763,TIME_LIMIT,222422,0,0,31,12
5,12,2.986832e6,-1.6818768849282892,-1.0931610449562763,TIME_LIMIT,222458,0,0,29,24
5,12,2.987433e6,-1.6818363587356615,-1.0931610449562763,TIME_LIMIT,222491,0,0,31,20
5,12,2.988133e6,-1.6818363587356615,-1.0931610449562763,TIME_LIMIT,222520,0,0,44,51
5,12,2.98882e6,-1.6818251374584623,-1.0931610449562763,TIME_LIMIT,222574,0,0,29,16
5,12,2.989447e6,-1.6818251374584623,-1.0931610449562763,TIME_LIMIT,222615,0,0,31,9
5,12,2.990001e6,-1.68176481299883,-1.0931610449562763,TIME_LIMIT,222642,0,0,30,6
5,12,2.99055e6,-1.68176481299883,-1.0931610449562763,TIME_LIMIT,222671,0,0,36,33
5,12,2.991099e6,-1.6817532878929333,-1.0931610449562763,TIME_LIMIT,222720,0,0,23,14
5,12,2.991634e6,-1.6817532878929333,-1.0931610449562763,TIME_LIMIT,222750,0,0,32,17
5,12,2.99195e6,-1.681745317883654,-1.0931610449562763,TIME_LIMIT,222787,0,0,27,13
5,12,2.992484e6,-1.681745317883654,-1.0931610449562763,TIME_LIMIT,222821,0,0,39,54
5,12,2.993029e6,-1.6817417138390423,-1.0931610449562763,TIME_LIMIT,222873,0,0,17,6
5,12,2.993578e6,-1.6817417138390423,-1.0931610449562763,TIME_LIMIT,222902,0,0,45,47
5,12,2.994112e6,-1.681739580408977,-1.0931610449562763,TIME_LIMIT,222956,0,0,27,10
5,12,2.994668e6,-1.681739580408977,-1.0931610449562763,TIME_LIMIT,222984,0,0,41,59
5,12,2.995199e6,-1.6817274986893218,-1.0931610449562763,TIME_LIMIT,223038,0,0,32,11
5,12,2.995802e6,-1.6817274986893218,-1.0931610449562763,TIME_LIMIT,223066,0,0,30,13
5,12,2.99632e6,-1.6817235163121689,-1.0931610449562763,TIME_LIMIT,223098,0,0,29,14
5,12,2.996843e6,-1.6817235163121689,-1.0931610449562763,TIME_LIMIT,223133,0,0,43,24
5,12,2.997409e6,-1.6816963734706825,-1.0931610449562763,TIME_LIMIT,223184,0,0,27,14
5,12,2.99793e6,-1.6816963734706825,-1.0931610449562763,TIME_LIMIT,223220,0,0,35,15
5,12,2.998496e6,-1.6816852574877048,-1.0931610449562763,TIME_LIMIT,223254,0,0,29,14
5,12,2.999018e6,-1.6816852574877048,-1.0931610449562763,TIME_LIMIT,223284,0,0,38,33
5,12,2.999487e6,-1.6816835977971294,-1.0931610449562763,TIME_LIMIT,223337,0,0,16,11
5,12,3.000026e6,-1.6816835977971294,-1.0931610449562763,TIME_LIMIT,223362,0,0,12,16
5,12,3.000548e6,-1.6816666949519465,-1.0931610449562763,TIME_LIMIT,223408,0,0,20,4
5,12,3.001068e6,-1.6816666949519465,-1.0931610449562763,TIME_LIMIT,223445,0,0,34,32
5,12,3.001635e6,-1.6816568892640948,-1.0931610449562763,TIME_LIMIT,223484,0,0,30,10
5,12,3.002184e6,-1.6816568892640948,-1.0931610449562763,TIME_LIMIT,223520,0,0,29,17
5,12,3.002735e6,-1.6816523181276641,-1.0931610449562763,TIME_LIMIT,223573,0,0,33,15
5,12,3.003273e6,-1.6816523181276641,-1.0931610449562763,TIME_LIMIT,223605,0,0,25,29
5,12,3.003794e6,-1.6816441926867804,-1.0931610449562763,TIME_LIMIT,223658,0,0,33,17
5,12,3.004316e6,-1.6816441926867804,-1.0931610449562763,TIME_LIMIT,223695,0,0,53,39
5,12,3.004885e6,-1.6816406866347877,-1.0931610449562763,TIME_LIMIT,223747,0,0,31,12
5,12,3.005406e6,-1.6816406866347877,-1.0931610449562763,TIME_LIMIT,223785,0,0,38,28
5,12,3.005965e6,-1.6816292892038558,-1.0931610449562763,TIME_LIMIT,223836,0,0,14,19
5,12,3.006495e6,-1.6816292892038558,-1.0931610449562763,TIME_LIMIT,223879,0,0,48,42
5,12,3.007015e6,-1.681567465751013,-1.0931610449562763,TIME_LIMIT,223937,0,0,29,13
5,12,3.007539e6,-1.681567465751013,-1.0931610449562763,TIME_LIMIT,223962,0,0,34,41
5,12,3.008058e6,-1.6815330997411735,-1.0931610449562763,TIME_LIMIT,224017,0,0,12,12
5,12,3.008591e6,-1.6815330997411735,-1.0931610449562763,TIME_LIMIT,224049,0,0,38,37
5,12,3.009281e6,-1.6815182743512032,-1.0931610449562763,TIME_LIMIT,224096,0,0,25,16
5,12,3.009974e6,-1.6815182743512032,-1.0931610449562763,TIME_LIMIT,224130,0,0,20,17
5,12,3.010646e6,-1.6815115992785572,-1.0931610449562763,TIME_LIMIT,224179,0,0,30,18
5,12,3.01104e6,-1.6815115992785572,-1.0931610449562763,TIME_LIMIT,224209,0,0,39,25
5,12,3.011595e6,-1.6815094637683448,-1.0931610449562763,TIME_LIMIT,224255,0,0,22,10
5,12,3.012142e6,-1.6815094637683448,-1.0931610449562763,TIME_LIMIT,224289,0,0,13,11
5,12,3.012685e6,-1.6814807344657918,-1.0931610449562763,TIME_LIMIT,224330,0,0,17,20
5,12,3.013218e6,-1.6814807344657918,-1.0931610449562763,TIME_LIMIT,224371,0,0,47,23
5,12,3.013784e6,-1.681462509443362,-1.0931610449562763,TIME_LIMIT,224422,0,0,25,10
5,12,3.014316e6,-1.681462509443362,-1.0931610449562763,TIME_LIMIT,224449,0,0,16,17
5,12,3.014866e6,-1.6814533611920788,-1.0931610449562763,TIME_LIMIT,224500,0,0,27,15
5,12,3.015406e6,-1.6814533611920788,-1.0931610449562763,TIME_LIMIT,224523,0,0,35,34
5,12,3.01595e6,-1.6814484443306486,-1.0931610449562763,TIME_LIMIT,224579,0,0,16,12
5,12,3.016492e6,-1.6814484443306486,-1.0931610449562763,TIME_LIMIT,224616,0,0,36,13
5,12,3.017011e6,-1.6814464287841837,-1.0931610449562763,TIME_LIMIT,224652,0,0,32,11
5,12,3.017539e6,-1.6814464287841837,-1.0931610449562763,TIME_LIMIT,224686,0,0,38,34
5,12,3.018101e6,-1.6814368909916784,-1.0931610449562763,TIME_LIMIT,224740,0,0,31,13
5,12,3.018624e6,-1.6814368909916784,-1.0931610449562763,TIME_LIMIT,224772,0,0,35,24
5,12,3.01919e6,-1.6814318908772226,-1.0931610449562763,TIME_LIMIT,224824,0,0,33,20
5,12,3.019716e6,-1.6814318908772226,-1.0931610449562763,TIME_LIMIT,224853,0,0,45,20
5,12,3.02028e6,-1.6814273982704997,-1.0931610449562763,TIME_LIMIT,224908,0,0,34,15
5,12,3.020804e6,-1.6814273982704997,-1.0931610449562763,TIME_LIMIT,224945,0,0,47,56
5,12,3.021373e6,-1.681406357213505,-1.0931610449562763,TIME_LIMIT,224997,0,0,27,17
5,12,3.021894e6,-1.681406357213505,-1.0931610449562763,TIME_LIMIT,225022,0,0,27,26
5,12,3.022413e6,-1.681381850267516,-1.0931610449562763,TIME_LIMIT,225076,0,0,31,17
5,12,3.022935e6,-1.681381850267516,-1.0931610449562763,TIME_LIMIT,225110,0,0,23,14
5,12,3.023502e6,-1.6813749680196322,-1.0931610449562763,TIME_LIMIT,225159,0,0,14,14
5,12,3.024023e6,-1.6813749680196322,-1.0931610449562763,TIME_LIMIT,225199,0,0,38,13
5,12,3.024589e6,-1.6813308947809595,-1.0931610449562763,TIME_LIMIT,225235,0,0,33,8
5,12,3.025111e6,-1.6813308947809595,-1.0931610449562763,TIME_LIMIT,225268,0,0,33,34
5,12,3.025632e6,-1.681329539639082,-1.0931610449562763,TIME_LIMIT,225313,0,0,27,9
5,12,3.026153e6,-1.681329539639082,-1.0931610449562763,TIME_LIMIT,225346,0,0,29,40
5,12,3.026721e6,-1.681312514276616,-1.0931610449562763,TIME_LIMIT,225392,0,0,31,26
5,12,3.027243e6,-1.681312514276616,-1.0931610449562763,TIME_LIMIT,225432,0,0,38,19
5,12,3.027808e6,-1.6812596870268435,-1.0931610449562763,TIME_LIMIT,225483,0,0,18,13
5,12,3.028329e6,-1.6812596870268435,-1.0931610449562763,TIME_LIMIT,225515,0,0,48,22
5,12,3.028849e6,-1.681251036328877,-1.0931610449562763,TIME_LIMIT,225571,0,0,36,21
5,12,3.029078e6,-1.681251036328877,-1.0931610449562763,TIME_LIMIT,225601,0,0,37,21
5,12,3.029598e6,-1.6812170558421249,-1.0931610449562763,TIME_LIMIT,225653,0,0,13,12
5,12,3.030123e6,-1.6812170558421249,-1.0931610449562763,TIME_LIMIT,225681,0,0,36,22
5,12,3.030802e6,-1.6811899945811173,-1.0931610449562763,TIME_LIMIT,225726,0,0,25,9
5,12,3.031503e6,-1.6811899945811173,-1.0931610449562763,TIME_LIMIT,225758,0,0,39,18
5,12,3.032185e6,-1.6811870449272437,-1.0931610449562763,TIME_LIMIT,225805,0,0,28,10
5,12,3.032623e6,-1.6811870449272437,-1.0931610449562763,TIME_LIMIT,225838,0,0,38,38
5,12,3.033173e6,-1.6811809280588905,-1.0931610449562763,TIME_LIMIT,225871,0,0,17,10
5,12,3.033719e6,-1.6811809280588905,-1.0931610449562763,TIME_LIMIT,225902,0,0,41,21
5,12,3.034262e6,-1.681166600092787,-1.0931610449562763,TIME_LIMIT,225948,0,0,27,12
5,12,3.034791e6,-1.681166600092787,-1.0931610449562763,TIME_LIMIT,225982,0,0,27,22
5,12,3.035345e6,-1.6811189366729558,-1.0931610449562763,TIME_LIMIT,226027,0,0,23,5
5,12,3.035885e6,-1.6811189366729558,-1.0931610449562763,TIME_LIMIT,226063,0,0,25,19
5,12,3.036425e6,-1.681077715380232,-1.0931610449562763,TIME_LIMIT,226103,0,0,23,14
5,12,3.036977e6,-1.681077715380232,-1.0931610449562763,TIME_LIMIT,226146,0,0,29,18
5,12,3.037498e6,-1.681074310368815,-1.0931610449562763,TIME_LIMIT,226176,0,0,37,19
5,12,3.038021e6,-1.681074310368815,-1.0931610449562763,TIME_LIMIT,226214,0,0,44,37
5,12,3.038589e6,-1.6810222063747005,-1.0931610449562763,TIME_LIMIT,226261,0,0,28,19
5,12,3.039109e6,-1.6810222063747005,-1.0931610449562763,TIME_LIMIT,226282,0,0,32,17
5,12,3.039673e6,-1.6809728870915166,-1.0931610449562763,TIME_LIMIT,226327,0,0,28,5
5,12,3.040193e6,-1.6809728870915166,-1.0931610449562763,TIME_LIMIT,226360,0,0,39,26
5,12,3.040712e6,-1.6809596917152803,-1.0931610449562763,TIME_LIMIT,226413,0,0,35,12
5,12,3.041231e6,-1.6809596917152803,-1.0931610449562763,TIME_LIMIT,226445,0,0,40,46
5,12,3.041792e6,-1.6809445421168965,-1.0931610449562763,TIME_LIMIT,226498,0,0,32,14
5,12,3.042312e6,-1.6809445421168965,-1.0931610449562763,TIME_LIMIT,226526,0,0,25,19
5,12,3.042877e6,-1.6809377429000494,-1.0931610449562763,TIME_LIMIT,226572,0,0,19,20
5,12,3.043399e6,-1.6809377429000494,-1.0931610449562763,TIME_LIMIT,226607,0,0,34,22
5,12,3.04392e6,-1.6809177123926646,-1.0931610449562763,TIME_LIMIT,226655,0,0,29,8
5,12,3.044464e6,-1.6809177123926646,-1.0931610449562763,TIME_LIMIT,226694,0,0,20,21
5,12,3.045009e6,-1.6808803649682427,-1.0931610449562763,TIME_LIMIT,226737,0,0,30,8
5,12,3.045453e6,-1.6808803649682427,-1.0931610449562763,TIME_LIMIT,226765,0,0,33,15
5,12,3.046016e6,-1.680877129605983,-1.0931610449562763,TIME_LIMIT,226796,0,0,21,10
5,12,3.046536e6,-1.680877129605983,-1.0931610449562763,TIME_LIMIT,226839,0,0,35,44
5,12,3.047055e6,-1.6808285420121525,-1.0931610449562763,TIME_LIMIT,226890,0,0,33,13
5,12,3.047577e6,-1.6808285420121525,-1.0931610449562763,TIME_LIMIT,226915,0,0,38,36
5,12,3.048099e6,-1.680817595369313,-1.0931610449562763,TIME_LIMIT,226961,0,0,20,13
5,12,3.048409e6,-1.680817595369313,-1.0931610449562763,TIME_LIMIT,226991,0,0,18,9
5,12,3.049099e6,-1.6808127188573838,-1.0931610449562763,TIME_LIMIT,227036,0,0,27,7
5,12,3.049793e6,-1.6808127188573838,-1.0931610449562763,TIME_LIMIT,227067,0,0,34,56
5,12,3.05045e6,-1.6808042315957699,-1.0931610449562763,TIME_LIMIT,227102,0,0,32,12
5,12,3.051009e6,-1.6808042315957699,-1.0931610449562763,TIME_LIMIT,227132,0,0,47,23
5,12,3.051564e6,-1.6808005202613518,-1.0931610449562763,TIME_LIMIT,227187,0,0,35,12
5,12,3.052108e6,-1.6808005202613518,-1.0931610449562763,TIME_LIMIT,227223,0,0,34,22
5,12,3.052645e6,-1.6807299856241635,-1.0931610449562763,TIME_LIMIT,227257,0,0,35,21
5,12,3.053172e6,-1.6807299856241635,-1.0931610449562763,TIME_LIMIT,227283,0,0,30,27
5,12,3.053744e6,-1.6807261443663195,-1.0931610449562763,TIME_LIMIT,227335,0,0,29,10
5,12,3.054264e6,-1.6807261443663195,-1.0931610449562763,TIME_LIMIT,227368,0,0,33,30
5,12,3.054836e6,-1.6807217872831421,-1.0931610449562763,TIME_LIMIT,227418,0,0,16,10
5,12,3.055357e6,-1.6807217872831421,-1.0931610449562763,TIME_LIMIT,227446,0,0,20,17
5,12,3.055927e6,-1.6807038495439208,-1.0931610449562763,TIME_LIMIT,227488,0,0,25,7
5,12,3.056448e6,-1.6807038495439208,-1.0931610449562763,TIME_LIMIT,227522,0,0,28,17
5,12,3.057015e6,-1.6806810642671235,-1.0931610449562763,TIME_LIMIT,227567,0,0,25,22
5,12,3.057538e6,-1.6806810642671235,-1.0931610449562763,TIME_LIMIT,227599,0,0,26,28
5,12,3.058085e6,-1.6806571848715088,-1.0931610449562763,TIME_LIMIT,227654,0,0,35,21
5,12,3.058627e6,-1.6806571848715088,-1.0931610449562763,TIME_LIMIT,227679,0,0,25,21
5,12,3.059147e6,-1.6806447124541066,-1.0931610449562763,TIME_LIMIT,227718,0,0,23,3
5,12,3.059687e6,-1.6806447124541066,-1.0931610449562763,TIME_LIMIT,227758,0,0,40,41
5,12,3.060238e6,-1.6805740052347604,-1.0931610449562763,TIME_LIMIT,227810,0,0,27,19
5,12,3.060775e6,-1.6805740052347604,-1.0931610449562763,TIME_LIMIT,227843,0,0,53,42
5,12,3.06133e6,-1.6805553619313043,-1.0931610449562763,TIME_LIMIT,227890,0,0,34,11
5,12,3.061851e6,-1.6805553619313043,-1.0931610449562763,TIME_LIMIT,227920,0,0,27,20
5,12,3.06242e6,-1.6805495756070126,-1.0931610449562763,TIME_LIMIT,227971,0,0,35,19
5,12,3.062941e6,-1.6805495756070126,-1.0931610449562763,TIME_LIMIT,228013,0,0,28,16
5,12,3.063511e6,-1.6805268561835904,-1.0931610449562763,TIME_LIMIT,228062,0,0,30,24
5,12,3.06403e6,-1.6805268561835904,-1.0931610449562763,TIME_LIMIT,228091,0,0,42,34
5,12,3.064597e6,-1.6805261763247852,-1.0931610449562763,TIME_LIMIT,228136,0,0,16,12
5,12,3.065117e6,-1.6805261763247852,-1.0931610449562763,TIME_LIMIT,228180,0,0,44,29
5,12,3.065686e6,-1.6805220723238403,-1.0931610449562763,TIME_LIMIT,228232,0,0,33,15
5,12,3.066209e6,-1.6805220723238403,-1.0931610449562763,TIME_LIMIT,228271,0,0,21,22
5,12,3.066728e6,-1.6805120479309026,-1.0931610449562763,TIME_LIMIT,228318,0,0,20,12
5,12,3.067249e6,-1.6805120479309026,-1.0931610449562763,TIME_LIMIT,228354,0,0,37,36
5,12,3.067821e6,-1.6805108824019694,-1.0931610449562763,TIME_LIMIT,228396,0,0,36,23
5,12,3.068344e6,-1.6805108824019694,-1.0931610449562763,TIME_LIMIT,228429,0,0,46,41
5,12,3.068911e6,-1.6804920949469768,-1.0931610449562763,TIME_LIMIT,228480,0,0,19,4
5,12,3.069433e6,-1.6804920949469768,-1.0931610449562763,TIME_LIMIT,228510,0,0,19,22
5,12,3.069955e6,-1.6804826308606706,-1.0931610449562763,TIME_LIMIT,228562,0,0,25,8
5,12,3.070475e6,-1.6804826308606706,-1.0931610449562763,TIME_LIMIT,228590,0,0,35,17
5,12,3.071042e6,-1.6804729290141909,-1.0931610449562763,TIME_LIMIT,228636,0,0,27,8
5,12,3.071547e6,-1.6804729290141909,-1.0931610449562763,TIME_LIMIT,228661,0,0,22,18
5,12,3.072113e6,-1.6804710884825953,-1.0931610449562763,TIME_LIMIT,228706,0,0,22,9
5,12,3.072636e6,-1.6804710884825953,-1.0931610449562763,TIME_LIMIT,228752,0,0,41,15
5,12,3.073156e6,-1.68046656320939,-1.0931610449562763,TIME_LIMIT,228792,0,0,19,16
5,12,3.073732e6,-1.68046656320939,-1.0931610449562763,TIME_LIMIT,228831,0,0,17,14
5,12,3.074249e6,-1.680451018753887,-1.0931610449562763,TIME_LIMIT,228865,0,0,25,11
5,12,3.07483e6,-1.680451018753887,-1.0931610449562763,TIME_LIMIT,228898,0,0,33,28
5,12,3.075519e6,-1.6804365624261377,-1.0931610449562763,TIME_LIMIT,228952,0,0,34,17
5,12,3.076214e6,-1.6804365624261377,-1.0931610449562763,TIME_LIMIT,228992,0,0,19,23
5,12,3.076849e6,-1.6804018735136206,-1.0931610449562763,TIME_LIMIT,229039,0,0,25,15
5,12,3.077402e6,-1.6804018735136206,-1.0931610449562763,TIME_LIMIT,229071,0,0,45,39
5,12,3.077947e6,-1.6804005971507026,-1.0931610449562763,TIME_LIMIT,229128,0,0,33,23
5,12,3.078489e6,-1.6804005971507026,-1.0931610449562763,TIME_LIMIT,229162,0,0,30,15
5,12,3.07902e6,-1.6803956278838674,-1.0931610449562763,TIME_LIMIT,229191,0,0,28,8
5,12,3.079325e6,-1.6803956278838674,-1.0931610449562763,TIME_LIMIT,229218,0,0,34,12
5,12,3.079914e6,-1.68037967200512,-1.0931610449562763,TIME_LIMIT,229260,0,0,24,5
5,12,3.080448e6,-1.68037967200512,-1.0931610449562763,TIME_LIMIT,229289,0,0,39,18
5,12,3.081007e6,-1.6803795250608378,-1.0931610449562763,TIME_LIMIT,229337,0,0,13,5
5,12,3.081537e6,-1.6803795250608378,-1.0931610449562763,TIME_LIMIT,229371,0,0,40,23
5,12,3.082081e6,-1.6803431973910956,-1.0931610449562763,TIME_LIMIT,229419,0,0,31,15
5,12,3.082626e6,-1.6803431973910956,-1.0931610449562763,TIME_LIMIT,229464,0,0,37,52
5,12,3.083146e6,-1.680315366132281,-1.0931610449562763,TIME_LIMIT,229518,0,0,25,15
5,12,3.083672e6,-1.680315366132281,-1.0931610449562763,TIME_LIMIT,229549,0,0,24,12
5,12,3.084231e6,-1.6802872747346036,-1.0931610449562763,TIME_LIMIT,229599,0,0,33,11
5,12,3.084608e6,-1.6802872747346036,-1.0931610449562763,TIME_LIMIT,229631,0,0,38,17
5,12,3.085175e6,-1.6802755949120722,-1.0931610449562763,TIME_LIMIT,229669,0,0,24,12
5,12,3.085699e6,-1.6802755949120722,-1.0931610449562763,TIME_LIMIT,229702,0,0,32,15
5,12,3.086264e6,-1.680262053559407,-1.0931610449562763,TIME_LIMIT,229751,0,0,25,15
5,12,3.086785e6,-1.680262053559407,-1.0931610449562763,TIME_LIMIT,229780,0,0,32,35
5,12,3.087324e6,-1.6802532488104953,-1.0931610449562763,TIME_LIMIT,229831,0,0,15,16
5,12,3.087855e6,-1.6802532488104953,-1.0931610449562763,TIME_LIMIT,229862,0,0,32,22
5,12,3.088402e6,-1.6802006310189703,-1.0931610449562763,TIME_LIMIT,229905,0,0,22,7
5,12,3.088943e6,-1.6802006310189703,-1.0931610449562763,TIME_LIMIT,229934,0,0,37,19
5,12,3.089464e6,-1.680185050452214,-1.0931610449562763,TIME_LIMIT,229989,0,0,33,11
5,12,3.089986e6,-1.680185050452214,-1.0931610449562763,TIME_LIMIT,230016,0,0,29,26
5,12,3.090532e6,-1.6801767600440112,-1.0931610449562763,TIME_LIMIT,230068,0,0,14,11
5,12,3.091073e6,-1.6801767600440112,-1.0931610449562763,TIME_LIMIT,230104,0,0,58,25
5,12,3.091615e6,-1.680164539544842,-1.0931610449562763,TIME_LIMIT,230150,0,0,28,9
5,12,3.092163e6,-1.680164539544842,-1.0931610449562763,TIME_LIMIT,230187,0,0,41,14
5,12,3.092692e6,-1.680117371447184,-1.0931610449562763,TIME_LIMIT,230234,0,0,31,10
5,12,3.093253e6,-1.680117371447184,-1.0931610449562763,TIME_LIMIT,230264,0,0,34,31
5,12,3.093774e6,-1.6801147550367952,-1.0931610449562763,TIME_LIMIT,230315,0,0,26,10
5,12,3.094293e6,-1.6801147550367952,-1.0931610449562763,TIME_LIMIT,230350,0,0,38,16
5,12,3.09484e6,-1.6800999497312519,-1.0931610449562763,TIME_LIMIT,230394,0,0,27,10
5,12,3.095381e6,-1.6800999497312519,-1.0931610449562763,TIME_LIMIT,230426,0,0,25,9
5,12,3.095923e6,-1.680082329842095,-1.0931610449562763,TIME_LIMIT,230473,0,0,23,12
5,12,3.096466e6,-1.680082329842095,-1.0931610449562763,TIME_LIMIT,230508,0,0,19,12
5,12,3.096997e6,-1.6800791000220057,-1.0931610449562763,TIME_LIMIT,230538,0,0,22,22
5,12,3.097554e6,-1.6800791000220057,-1.0931610449562763,TIME_LIMIT,230577,0,0,41,26
5,12,3.098076e6,-1.6800666844133212,-1.0931610449562763,TIME_LIMIT,230618,0,0,27,14
5,12,3.098597e6,-1.6800666844133212,-1.0931610449562763,TIME_LIMIT,230650,0,0,43,67
5,12,3.09912e6,-1.6800520895660782,-1.0931610449562763,TIME_LIMIT,230709,0,0,33,14
5,12,3.09964e6,-1.6800520895660782,-1.0931610449562763,TIME_LIMIT,230738,0,0,39,29
5,12,3.1003e6,-1.6800257942642147,-1.0931610449562763,TIME_LIMIT,230789,0,0,33,14
5,12,3.100993e6,-1.6800257942642147,-1.0931610449562763,TIME_LIMIT,230822,0,0,33,14
5,12,3.101675e6,-1.6800250522749087,-1.0931610449562763,TIME_LIMIT,230860,0,0,36,10
5,12,3.102255e6,-1.6800250522749087,-1.0931610449562763,TIME_LIMIT,230891,0,0,16,12
5,12,3.10281e6,-1.6800187322501876,-1.0931610449562763,TIME_LIMIT,230940,0,0,28,11
5,12,3.10336e6,-1.6800187322501876,-1.0931610449562763,TIME_LIMIT,230976,0,0,24,17
5,12,3.103904e6,-1.6800127627702224,-1.0931610449562763,TIME_LIMIT,231022,0,0,17,13
5,12,3.104437e6,-1.6800127627702224,-1.0931610449562763,TIME_LIMIT,231051,0,0,38,17
5,12,3.10499e6,-1.6800124097835671,-1.0931610449562763,TIME_LIMIT,231104,0,0,10,9
5,12,3.10553e6,-1.6800124097835671,-1.0931610449562763,TIME_LIMIT,231138,0,0,44,29
5,12,3.106073e6,-1.6799963156426867,-1.0931610449562763,TIME_LIMIT,231189,0,0,35,18
5,12,3.10662e6,-1.6799963156426867,-1.0931610449562763,TIME_LIMIT,231221,0,0,41,33
5,12,3.107141e6,-1.6799954689828913,-1.0931610449562763,TIME_LIMIT,231268,0,0,15,6
5,12,3.107663e6,-1.6799954689828913,-1.0931610449562763,TIME_LIMIT,231301,0,0,35,31
5,12,3.108227e6,-1.679979057394488,-1.0931610449562763,TIME_LIMIT,231353,0,0,23,16
5,12,3.108749e6,-1.679979057394488,-1.0931610449562763,TIME_LIMIT,231386,0,0,21,29
5,12,3.109316e6,-1.6799784425718798,-1.0931610449562763,TIME_LIMIT,231436,0,0,31,9
5,12,3.109835e6,-1.6799784425718798,-1.0931610449562763,TIME_LIMIT,231474,0,0,38,21
5,12,3.110402e6,-1.6799424720130112,-1.0931610449562763,TIME_LIMIT,231512,0,0,39,27
5,12,3.110923e6,-1.6799424720130112,-1.0931610449562763,TIME_LIMIT,231535,0,0,25,24
5,12,3.111443e6,-1.6799214842927983,-1.0931610449562763,TIME_LIMIT,231583,0,0,23,13
5,12,3.111946e6,-1.6799214842927983,-1.0931610449562763,TIME_LIMIT,231616,0,0,19,14
5,12,3.112512e6,-1.6799209362874432,-1.0931610449562763,TIME_LIMIT,231669,0,0,31,13
5,12,3.113034e6,-1.6799209362874432,-1.0931610449562763,TIME_LIMIT,231700,0,0,34,14
5,12,3.113599e6,-1.6798519228345778,-1.0931610449562763,TIME_LIMIT,231751,0,0,18,11
5,12,3.114121e6,-1.6798519228345778,-1.0931610449562763,TIME_LIMIT,231784,0,0,52,25
5,12,3.114643e6,-1.6798516619356578,-1.0931610449562763,TIME_LIMIT,231841,0,0,25,15
5,12,3.115165e6,-1.6798516619356578,-1.0931610449562763,TIME_LIMIT,231878,0,0,19,18
5,12,3.115735e6,-1.679846851273487,-1.0931610449562763,TIME_LIMIT,231933,0,0,26,16
5,12,3.116254e6,-1.679846851273487,-1.0931610449562763,TIME_LIMIT,231977,0,0,41,19
5,12,3.116822e6,-1.679813358288248,-1.0931610449562763,TIME_LIMIT,232013,0,0,20,6
5,12,3.117342e6,-1.679813358288248,-1.0931610449562763,TIME_LIMIT,232046,0,0,15,9
5,12,3.117861e6,-1.6797196856867287,-1.0931610449562763,TIME_LIMIT,232089,0,0,11,4
5,12,3.118382e6,-1.6797196856867287,-1.0931610449562763,TIME_LIMIT,232121,0,0,31,20
5,12,3.1189e6,-1.6797166996968709,-1.0931610449562763,TIME_LIMIT,232170,0,0,16,11
5,12,3.119501e6,-1.6797166996968709,-1.0931610449562763,TIME_LIMIT,232208,0,0,28,33
5,12,3.120193e6,-1.6796763752144666,-1.0931610449562763,TIME_LIMIT,232250,0,0,37,17
5,12,3.120884e6,-1.6796763752144666,-1.0931610449562763,TIME_LIMIT,232282,0,0,25,29
5,12,3.1215e6,-1.6796674664549878,-1.0931610449562763,TIME_LIMIT,232336,0,0,32,12
5,12,3.122055e6,-1.6796674664549878,-1.0931610449562763,TIME_LIMIT,232374,0,0,29,10
5,12,3.122598e6,-1.6796004363410737,-1.0931610449562763,TIME_LIMIT,232406,0,0,22,12
5,12,3.12314e6,-1.6796004363410737,-1.0931610449562763,TIME_LIMIT,232440,0,0,20,24
5,12,3.123674e6,-1.6795941046223732,-1.0931610449562763,TIME_LIMIT,232489,0,0,28,10
5,12,3.124203e6,-1.6795941046223732,-1.0931610449562763,TIME_LIMIT,232524,0,0,43,28
5,12,3.124729e6,-1.6795869038979956,-1.0931610449562763,TIME_LIMIT,232576,0,0,32,23
5,12,3.125299e6,-1.6795869038979956,-1.0931610449562763,TIME_LIMIT,232606,0,0,31,35
5,12,3.12582e6,-1.6795574139632168,-1.0931610449562763,TIME_LIMIT,232660,0,0,31,24
5,12,3.126386e6,-1.6795574139632168,-1.0931610449562763,TIME_LIMIT,232694,0,0,39,30
5,12,3.126908e6,-1.6795562440661453,-1.0931610449562763,TIME_LIMIT,232748,0,0,30,18
5,12,3.127476e6,-1.6795562440661453,-1.0931610449562763,TIME_LIMIT,232781,0,0,16,23
5,12,3.127999e6,-1.679520429102756,-1.0931610449562763,TIME_LIMIT,232830,0,0,28,16
5,12,3.128519e6,-1.679520429102756,-1.0931610449562763,TIME_LIMIT,232871,0,0,43,32
5,12,3.129085e6,-1.679512415934749,-1.0931610449562763,TIME_LIMIT,232914,0,0,38,13
5,12,3.129608e6,-1.679512415934749,-1.0931610449562763,TIME_LIMIT,232954,0,0,20,6
5,12,3.130161e6,-1.679509622172755,-1.0931610449562763,TIME_LIMIT,232989,0,0,32,8
5,12,3.130695e6,-1.679509622172755,-1.0931610449562763,TIME_LIMIT,233027,0,0,34,31
5,12,3.131243e6,-1.6794952011179014,-1.0931610449562763,TIME_LIMIT,233063,0,0,37,21
5,12,3.131782e6,-1.6794952011179014,-1.0931610449562763,TIME_LIMIT,233101,0,0,35,23
5,12,3.132301e6,-1.6794947757907424,-1.0931610449562763,TIME_LIMIT,233140,0,0,28,23
5,12,3.132819e6,-1.6794947757907424,-1.0931610449562763,TIME_LIMIT,233174,0,0,25,17
5,12,3.133338e6,-1.6794640942356691,-1.0931610449562763,TIME_LIMIT,233219,0,0,24,7
5,12,3.133886e6,-1.6794640942356691,-1.0931610449562763,TIME_LIMIT,233254,0,0,34,27
5,12,3.134429e6,-1.6794476258605358,-1.0931610449562763,TIME_LIMIT,233292,0,0,37,25
5,12,3.134974e6,-1.6794476258605358,-1.0931610449562763,TIME_LIMIT,233324,0,0,19,30
5,12,3.135495e6,-1.6794176683508253,-1.0931610449562763,TIME_LIMIT,233370,0,0,28,11
5,12,3.136016e6,-1.6794176683508253,-1.0931610449562763,TIME_LIMIT,233400,0,0,37,23
5,12,3.136583e6,-1.6793901381531218,-1.0931610449562763,TIME_LIMIT,233451,0,0,28,14
5,12,3.137106e6,-1.6793901381531218,-1.0931610449562763,TIME_LIMIT,233477,0,0,18,15
5,12,3.137668e6,-1.6793790005950597,-1.0931610449562763,TIME_LIMIT,233523,0,0,23,12
5,12,3.138194e6,-1.6793790005950597,-1.0931610449562763,TIME_LIMIT,233558,0,0,38,23
5,12,3.138713e6,-1.6793735268734349,-1.0931610449562763,TIME_LIMIT,233613,0,0,17,16
5,12,3.139233e6,-1.6793735268734349,-1.0931610449562763,TIME_LIMIT,233648,0,0,37,40
5,12,3.139753e6,-1.6793705623037778,-1.0931610449562763,TIME_LIMIT,233687,0,0,31,25
5,12,3.140291e6,-1.6793705623037778,-1.0931610449562763,TIME_LIMIT,233726,0,0,23,9
5,12,3.140985e6,-1.6793674781965648,-1.0931610449562763,TIME_LIMIT,233770,0,0,24,13
5,12,3.141671e6,-1.6793674781965648,-1.0931610449562763,TIME_LIMIT,233807,0,0,27,13
5,12,3.142338e6,-1.679352973985423,-1.0931610449562763,TIME_LIMIT,233850,0,0,26,16
5,12,3.142896e6,-1.679352973985423,-1.0931610449562763,TIME_LIMIT,233884,0,0,39,49
5,12,3.143444e6,-1.6793432721802686,-1.0931610449562763,TIME_LIMIT,233934,0,0,30,15
5,12,3.143987e6,-1.6793432721802686,-1.0931610449562763,TIME_LIMIT,233971,0,0,23,28
5,12,3.144526e6,-1.6793402876101589,-1.0931610449562763,TIME_LIMIT,234018,0,0,30,19
5,12,3.145054e6,-1.6793402876101589,-1.0931610449562763,TIME_LIMIT,234046,0,0,26,29
5,12,3.145625e6,-1.679333110686759,-1.0931610449562763,TIME_LIMIT,234099,0,0,24,14
5,12,3.146152e6,-1.679333110686759,-1.0931610449562763,TIME_LIMIT,234136,0,0,32,21
5,12,3.146717e6,-1.6793257682476774,-1.0931610449562763,TIME_LIMIT,234184,0,0,18,10
5,12,3.147239e6,-1.6793257682476774,-1.0931610449562763,TIME_LIMIT,234222,0,0,40,16
5,12,3.147787e6,-1.679293569194882,-1.0931610449562763,TIME_LIMIT,234257,0,0,27,12
5,12,3.148327e6,-1.679293569194882,-1.0931610449562763,TIME_LIMIT,234290,0,0,37,18
5,12,3.148846e6,-1.6792110801561613,-1.0931610449562763,TIME_LIMIT,234321,0,0,28,15
5,12,3.149378e6,-1.6792110801561613,-1.0931610449562763,TIME_LIMIT,234350,0,0,31,19
5,12,3.149932e6,-1.6792064298948663,-1.0931610449562763,TIME_LIMIT,234396,0,0,29,8
5,12,3.150455e6,-1.6792064298948663,-1.0931610449562763,TIME_LIMIT,234439,0,0,19,10
5,12,3.151019e6,-1.6791965669464364,-1.0931610449562763,TIME_LIMIT,234475,0,0,25,18
5,12,3.151542e6,-1.6791965669464364,-1.0931610449562763,TIME_LIMIT,234505,0,0,23,19
5,12,3.152159e6,-1.6791882984088848,-1.0931610449562763,TIME_LIMIT,234551,0,0,26,16
5,12,3.152681e6,-1.6791882984088848,-1.0931610449562763,TIME_LIMIT,234584,0,0,29,19
5,12,3.153202e6,-1.6791786685427852,-1.0931610449562763,TIME_LIMIT,234640,0,0,32,12
5,12,3.153707e6,-1.6791786685427852,-1.0931610449562763,TIME_LIMIT,234666,0,0,16,12
5,12,3.154276e6,-1.679174188798258,-1.0931610449562763,TIME_LIMIT,234709,0,0,24,15
5,12,3.154797e6,-1.679174188798258,-1.0931610449562763,TIME_LIMIT,234746,0,0,45,29
5,12,3.155367e6,-1.6791566234318447,-1.0931610449562763,TIME_LIMIT,234801,0,0,38,14
5,12,3.155855e6,-1.6791566234318447,-1.0931610449562763,TIME_LIMIT,234840,0,0,30,17
5,12,3.156378e6,-1.679133820903826,-1.0931610449562763,TIME_LIMIT,234880,0,0,25,26
5,12,3.1569e6,-1.679133820903826,-1.0931610449562763,TIME_LIMIT,234916,0,0,36,19
5,12,3.157465e6,-1.6791173439037377,-1.0931610449562763,TIME_LIMIT,234969,0,0,35,8
5,12,3.158007e6,-1.6791173439037377,-1.0931610449562763,TIME_LIMIT,234999,0,0,19,9
5,12,3.158584e6,-1.6791069862816121,-1.0931610449562763,TIME_LIMIT,235050,0,0,35,13
5,12,3.159106e6,-1.6791069862816121,-1.0931610449562763,TIME_LIMIT,235089,0,0,41,26
5,12,3.159624e6,-1.6790884905253771,-1.0931610449562763,TIME_LIMIT,235137,0,0,32,17
5,12,3.160144e6,-1.6790884905253771,-1.0931610449562763,TIME_LIMIT,235170,0,0,18,4
5,12,3.160664e6,-1.6790745958192104,-1.0931610449562763,TIME_LIMIT,235204,0,0,33,20
5,12,3.161311e6,-1.6790745958192104,-1.0931610449562763,TIME_LIMIT,235233,0,0,22,17
5,12,3.162005e6,-1.6790632777930623,-1.0931610449562763,TIME_LIMIT,235276,0,0,27,9
5,12,3.162691e6,-1.6790632777930623,-1.0931610449562763,TIME_LIMIT,235303,0,0,39,35
5,12,3.163285e6,-1.6790523741107275,-1.0931610449562763,TIME_LIMIT,235361,0,0,24,13
5,12,3.163846e6,-1.6790523741107275,-1.0931610449562763,TIME_LIMIT,235396,0,0,26,21
5,12,3.164397e6,-1.6790495155803706,-1.0931610449562763,TIME_LIMIT,235446,0,0,14,9
5,12,3.164942e6,-1.6790495155803706,-1.0931610449562763,TIME_LIMIT,235480,0,0,22,14
5,12,3.165476e6,-1.6789836950225578,-1.0931610449562763,TIME_LIMIT,235517,0,0,22,11
5,12,3.166036e6,-1.6789836950225578,-1.0931610449562763,TIME_LIMIT,235558,0,0,48,45
5,12,3.166565e6,-1.6789687933425865,-1.0931610449562763,TIME_LIMIT,235607,0,0,26,12
5,12,3.167015e6,-1.6789687933425865,-1.0931610449562763,TIME_LIMIT,235641,0,0,35,30
5,12,3.167562e6,-1.678961672719221,-1.0931610449562763,TIME_LIMIT,235685,0,0,25,7
5,12,3.168082e6,-1.678961672719221,-1.0931610449562763,TIME_LIMIT,235727,0,0,30,13
5,12,3.168613e6,-1.678930286954945,-1.0931610449562763,TIME_LIMIT,235767,0,0,28,19
5,12,3.16917e6,-1.678930286954945,-1.0931610449562763,TIME_LIMIT,235793,0,0,15,18
5,12,3.169694e6,-1.67891125152443,-1.0931610449562763,TIME_LIMIT,235850,0,0,18,7
5,12,3.170263e6,-1.67891125152443,-1.0931610449562763,TIME_LIMIT,235886,0,0,33,18
5,12,3.170785e6,-1.6789052821018895,-1.0931610449562763,TIME_LIMIT,235928,0,0,16,7
5,12,3.171352e6,-1.6789052821018895,-1.0931610449562763,TIME_LIMIT,235966,0,0,37,39
5,12,3.171874e6,-1.678861741473938,-1.0931610449562763,TIME_LIMIT,236021,0,0,32,22
5,12,3.172398e6,-1.678861741473938,-1.0931610449562763,TIME_LIMIT,236044,0,0,27,24
5,12,3.172883e6,-1.6788587690511039,-1.0931610449562763,TIME_LIMIT,236097,0,0,30,7
5,12,3.173452e6,-1.6788587690511039,-1.0931610449562763,TIME_LIMIT,236124,0,0,39,69
5,12,3.173973e6,-1.6788065306942797,-1.0931610449562763,TIME_LIMIT,236175,0,0,34,20
5,12,3.174542e6,-1.6788065306942797,-1.0931610449562763,TIME_LIMIT,236209,0,0,39,18
5,12,3.175062e6,-1.6787853146023919,-1.0931610449562763,TIME_LIMIT,236253,0,0,13,9
5,12,3.175584e6,-1.6787853146023919,-1.0931610449562763,TIME_LIMIT,236283,0,0,20,25
5,12,3.176125e6,-1.6787667344902635,-1.0931610449562763,TIME_LIMIT,236332,0,0,23,18
5,12,3.176671e6,-1.6787667344902635,-1.0931610449562763,TIME_LIMIT,236371,0,0,29,13
5,12,3.177214e6,-1.6787326571613155,-1.0931610449562763,TIME_LIMIT,236403,0,0,31,9
5,12,3.17776e6,-1.6787326571613155,-1.0931610449562763,TIME_LIMIT,236434,0,0,31,18
5,12,3.178282e6,-1.6787273049747267,-1.0931610449562763,TIME_LIMIT,236476,0,0,17,5
5,12,3.178803e6,-1.6787273049747267,-1.0931610449562763,TIME_LIMIT,236515,0,0,25,18
5,12,3.179305e6,-1.6787148526801239,-1.0931610449562763,TIME_LIMIT,236561,0,0,23,10
5,12,3.179827e6,-1.6787148526801239,-1.0931610449562763,TIME_LIMIT,236589,0,0,43,43
5,12,3.180497e6,-1.6787084261666734,-1.0931610449562763,TIME_LIMIT,236640,0,0,32,16
5,12,3.181194e6,-1.6787084261666734,-1.0931610449562763,TIME_LIMIT,236681,0,0,38,21
5,12,3.181875e6,-1.6787061211701786,-1.0931610449562763,TIME_LIMIT,236718,0,0,27,23
5,12,3.18245e6,-1.6787061211701786,-1.0931610449562763,TIME_LIMIT,236754,0,0,47,51
5,12,3.183007e6,-1.6786973350877092,-1.0931610449562763,TIME_LIMIT,236811,0,0,29,15
5,12,3.183555e6,-1.6786973350877092,-1.0931610449562763,TIME_LIMIT,236843,0,0,38,42
5,12,3.184097e6,-1.6786888994371325,-1.0931610449562763,TIME_LIMIT,236892,0,0,30,7
5,12,3.184632e6,-1.6786888994371325,-1.0931610449562763,TIME_LIMIT,236916,0,0,29,23
5,12,3.185199e6,-1.6786838366997126,-1.0931610449562763,TIME_LIMIT,236960,0,0,26,15
5,12,3.185722e6,-1.6786838366997126,-1.0931610449562763,TIME_LIMIT,236991,0,0,39,22
5,12,3.186287e6,-1.6786810894541098,-1.0931610449562763,TIME_LIMIT,237037,0,0,20,15
5,12,3.186809e6,-1.6786810894541098,-1.0931610449562763,TIME_LIMIT,237074,0,0,30,26
5,12,3.18733e6,-1.6786797147817356,-1.0931610449562763,TIME_LIMIT,237113,0,0,36,12
5,12,3.187882e6,-1.6786797147817356,-1.0931610449562763,TIME_LIMIT,237143,0,0,47,32
5,12,3.188422e6,-1.6786742469464793,-1.0931610449562763,TIME_LIMIT,237198,0,0,14,10
5,12,3.188971e6,-1.6786742469464793,-1.0931610449562763,TIME_LIMIT,237234,0,0,40,42
5,12,3.189509e6,-1.6786655651688425,-1.0931610449562763,TIME_LIMIT,237282,0,0,32,22
5,12,3.190046e6,-1.6786655651688425,-1.0931610449562763,TIME_LIMIT,237318,0,0,35,23
5,12,3.190594e6,-1.6786477999896237,-1.0931610449562763,TIME_LIMIT,237353,0,0,24,9
5,12,3.191116e6,-1.6786477999896237,-1.0931610449562763,TIME_LIMIT,237384,0,0,34,25
5,12,3.191621e6,-1.678637069103736,-1.0931610449562763,TIME_LIMIT,237436,0,0,29,14
5,12,3.192162e6,-1.678637069103736,-1.0931610449562763,TIME_LIMIT,237468,0,0,30,23
5,12,3.19271e6,-1.6786320692575316,-1.0931610449562763,TIME_LIMIT,237520,0,0,30,16
5,12,3.193244e6,-1.6786320692575316,-1.0931610449562763,TIME_LIMIT,237555,0,0,38,30
5,12,3.193796e6,-1.6786281079056877,-1.0931610449562763,TIME_LIMIT,237609,0,0,31,17
5,12,3.194317e6,-1.6786281079056877,-1.0931610449562763,TIME_LIMIT,237643,0,0,44,32
5,12,3.194838e6,-1.678602512815819,-1.0931610449562763,TIME_LIMIT,237691,0,0,28,14
5,12,3.195383e6,-1.678602512815819,-1.0931610449562763,TIME_LIMIT,237718,0,0,38,38
5,12,3.195905e6,-1.6785953394909046,-1.0931610449562763,TIME_LIMIT,237766,0,0,26,15
5,12,3.196445e6,-1.6785953394909046,-1.0931610449562763,TIME_LIMIT,237798,0,0,29,20
5,12,3.196989e6,-1.6785923579814237,-1.0931610449562763,TIME_LIMIT,237849,0,0,24,12
5,12,3.197511e6,-1.6785923579814237,-1.0931610449562763,TIME_LIMIT,237881,0,0,32,29
5,12,3.19803e6,-1.6785734705973143,-1.0931610449562763,TIME_LIMIT,237937,0,0,30,12
5,12,3.198553e6,-1.6785734705973143,-1.0931610449562763,TIME_LIMIT,237968,0,0,36,28
5,12,3.199077e6,-1.6785489404527703,-1.0931610449562763,TIME_LIMIT,238016,0,0,21,9
5,12,3.199757e6,-1.6785489404527703,-1.0931610449562763,TIME_LIMIT,238048,0,0,37,27
5,12,3.200455e6,-1.6785265719823232,-1.0931610449562763,TIME_LIMIT,238101,0,0,32,12
5,12,3.201136e6,-1.6785265719823232,-1.0931610449562763,TIME_LIMIT,238128,0,0,39,38
5,12,3.201702e6,-1.6785079492096533,-1.0931610449562763,TIME_LIMIT,238180,0,0,13,12
5,12,3.202254e6,-1.6785079492096533,-1.0931610449562763,TIME_LIMIT,238217,0,0,25,28
5,12,3.202798e6,-1.678503239472189,-1.0931610449562763,TIME_LIMIT,238269,0,0,17,16
5,12,3.203336e6,-1.678503239472189,-1.0931610449562763,TIME_LIMIT,238296,0,0,18,18
5,12,3.203871e6,-1.678497329170665,-1.0931610449562763,TIME_LIMIT,238336,0,0,27,21
5,12,3.204398e6,-1.678497329170665,-1.0931610449562763,TIME_LIMIT,238374,0,0,13,18
5,12,3.204967e6,-1.6784848347262527,-1.0931610449562763,TIME_LIMIT,238419,0,0,15,14
5,12,3.205488e6,-1.6784848347262527,-1.0931610449562763,TIME_LIMIT,238451,0,0,38,43
5,12,3.206059e6,-1.6784822978348466,-1.0931610449562763,TIME_LIMIT,238514,0,0,36,16
5,12,3.206579e6,-1.6784822978348466,-1.0931610449562763,TIME_LIMIT,238543,0,0,38,20
5,12,3.207146e6,-1.6784816089210322,-1.0931610449562763,TIME_LIMIT,238594,0,0,29,9
5,12,3.207669e6,-1.6784816089210322,-1.0931610449562763,TIME_LIMIT,238623,0,0,25,26
5,12,3.208238e6,-1.6784592459784105,-1.0931610449562763,TIME_LIMIT,238676,0,0,13,10
5,12,3.208759e6,-1.6784592459784105,-1.0931610449562763,TIME_LIMIT,238702,0,0,21,15
5,12,3.209278e6,-1.678449109063598,-1.0931610449562763,TIME_LIMIT,238758,0,0,34,13
5,12,3.209849e6,-1.678449109063598,-1.0931610449562763,TIME_LIMIT,238795,0,0,18,28
5,12,3.21037e6,-1.6784323845048323,-1.0931610449562763,TIME_LIMIT,238844,0,0,33,24
5,12,3.210937e6,-1.6784323845048323,-1.0931610449562763,TIME_LIMIT,238879,0,0,40,49
5,12,3.211456e6,-1.678407448380556,-1.0931610449562763,TIME_LIMIT,238928,0,0,32,24
5,12,3.211996e6,-1.678407448380556,-1.0931610449562763,TIME_LIMIT,238958,0,0,29,16
5,12,3.212529e6,-1.678400737786339,-1.0931610449562763,TIME_LIMIT,238994,0,0,28,13
5,12,3.213064e6,-1.678400737786339,-1.0931610449562763,TIME_LIMIT,239033,0,0,25,8
5,12,3.213555e6,-1.6783972585546518,-1.0931610449562763,TIME_LIMIT,239081,0,0,24,7
5,12,3.214074e6,-1.6783972585546518,-1.0931610449562763,TIME_LIMIT,239110,0,0,36,42
5,12,3.214595e6,-1.6783905215477855,-1.0931610449562763,TIME_LIMIT,239157,0,0,16,17
5,12,3.215135e6,-1.6783905215477855,-1.0931610449562763,TIME_LIMIT,239185,0,0,32,28
5,12,3.215681e6,-1.6783595901577661,-1.0931610449562763,TIME_LIMIT,239237,0,0,27,13
5,12,3.216219e6,-1.6783595901577661,-1.0931610449562763,TIME_LIMIT,239266,0,0,28,16
5,12,3.216768e6,-1.6783306703610006,-1.0931610449562763,TIME_LIMIT,239313,0,0,27,14
5,12,3.217294e6,-1.6783306703610006,-1.0931610449562763,TIME_LIMIT,239346,0,0,41,15
5,12,3.217859e6,-1.678308764579512,-1.0931610449562763,TIME_LIMIT,239394,0,0,29,15
5,12,3.21838e6,-1.678308764579512,-1.0931610449562763,TIME_LIMIT,239417,0,0,29,16
5,12,3.218901e6,-1.6783050970710054,-1.0931610449562763,TIME_LIMIT,239466,0,0,11,11
5,12,3.219456e6,-1.6783050970710054,-1.0931610449562763,TIME_LIMIT,239506,0,0,40,26
5,12,3.219986e6,-1.6782810630024252,-1.0931610449562763,TIME_LIMIT,239543,0,0,14,17
5,12,3.220541e6,-1.6782810630024252,-1.0931610449562763,TIME_LIMIT,239571,0,0,48,54
5,12,3.221074e6,-1.678266340505068,-1.0931610449562763,TIME_LIMIT,239620,0,0,19,8
5,12,3.22162e6,-1.678266340505068,-1.0931610449562763,TIME_LIMIT,239658,0,0,36,22
5,12,3.222161e6,-1.6782456286774914,-1.0931610449562763,TIME_LIMIT,239691,0,0,26,10
5,12,3.222663e6,-1.6782456286774914,-1.0931610449562763,TIME_LIMIT,239733,0,0,42,20
5,12,3.223184e6,-1.6782338558598509,-1.0931610449562763,TIME_LIMIT,239771,0,0,35,14
5,12,3.223706e6,-1.6782338558598509,-1.0931610449562763,TIME_LIMIT,239800,0,0,19,12
5,12,3.224241e6,-1.6782329852655664,-1.0931610449562763,TIME_LIMIT,239846,0,0,31,10
5,12,3.224933e6,-1.6782329852655664,-1.0931610449562763,TIME_LIMIT,239880,0,0,27,25
5,12,3.225623e6,-1.6782130434299876,-1.0931610449562763,TIME_LIMIT,239933,0,0,37,11
5,12,3.226295e6,-1.6782130434299876,-1.0931610449562763,TIME_LIMIT,239966,0,0,34,22
5,12,3.22685e6,-1.6782097313859,-1.0931610449562763,TIME_LIMIT,240004,0,0,32,8
5,12,3.2274e6,-1.6782097313859,-1.0931610449562763,TIME_LIMIT,240037,0,0,21,21
5,12,3.227943e6,-1.6782061880266488,-1.0931610449562763,TIME_LIMIT,240083,0,0,27,15
5,12,3.228481e6,-1.6782061880266488,-1.0931610449562763,TIME_LIMIT,240118,0,0,27,11
5,12,3.229008e6,-1.6781593570511826,-1.0931610449562763,TIME_LIMIT,240152,0,0,26,10
5,12,3.229576e6,-1.6781593570511826,-1.0931610449562763,TIME_LIMIT,240183,0,0,28,29
5,12,3.230131e6,-1.678136211966069,-1.0931610449562763,TIME_LIMIT,240241,0,0,25,10
5,12,3.230716e6,-1.678136211966069,-1.0931610449562763,TIME_LIMIT,240276,0,0,48,32
5,12,3.231238e6,-1.6781283162099907,-1.0931610449562763,TIME_LIMIT,240324,0,0,29,17
5,12,3.231803e6,-1.6781283162099907,-1.0931610449562763,TIME_LIMIT,240358,0,0,36,27
5,12,3.232322e6,-1.6781059781291794,-1.0931610449562763,TIME_LIMIT,240409,0,0,14,16
5,12,3.232886e6,-1.6781059781291794,-1.0931610449562763,TIME_LIMIT,240445,0,0,30,19
5,12,3.233409e6,-1.6781054669394857,-1.0931610449562763,TIME_LIMIT,240489,0,0,38,16
5,12,3.23393e6,-1.6781054669394857,-1.0931610449562763,TIME_LIMIT,240522,0,0,40,23
5,12,3.234476e6,-1.678096145791229,-1.0931610449562763,TIME_LIMIT,240572,0,0,34,11
5,12,3.235017e6,-1.678096145791229,-1.0931610449562763,TIME_LIMIT,240605,0,0,47,32
5,12,3.235565e6,-1.6780751936046636,-1.0931610449562763,TIME_LIMIT,240655,0,0,29,12
5,12,3.236123e6,-1.6780751936046636,-1.0931610449562763,TIME_LIMIT,240688,0,0,27,22
5,12,3.236682e6,-1.6780508783024497,-1.0931610449562763,TIME_LIMIT,240737,0,0,28,9
5,12,3.237222e6,-1.6780508783024497,-1.0931610449562763,TIME_LIMIT,240775,0,0,30,13
5,12,3.237737e6,-1.6780161682766872,-1.0931610449562763,TIME_LIMIT,240813,0,0,37,15
5,12,3.238293e6,-1.6780161682766872,-1.0931610449562763,TIME_LIMIT,240848,0,0,28,15
5,12,3.238811e6,-1.6780033398820462,-1.0931610449562763,TIME_LIMIT,240899,0,0,30,15
5,12,3.239332e6,-1.6780033398820462,-1.0931610449562763,TIME_LIMIT,240928,0,0,39,23
5,12,3.239872e6,-1.6779873546722373,-1.0931610449562763,TIME_LIMIT,240975,0,0,18,8
5,12,3.240419e6,-1.6779873546722373,-1.0931610449562763,TIME_LIMIT,241001,0,0,38,26
5,12,3.24095e6,-1.6779583460953262,-1.0931610449562763,TIME_LIMIT,241053,0,0,20,9
5,12,3.241506e6,-1.6779583460953262,-1.0931610449562763,TIME_LIMIT,241086,0,0,32,14
5,12,3.242029e6,-1.6779257711803277,-1.0931610449562763,TIME_LIMIT,241114,0,0,26,16
5,12,3.242596e6,-1.6779257711803277,-1.0931610449562763,TIME_LIMIT,241146,0,0,40,41
5,12,3.243118e6,-1.6779245185079394,-1.0931610449562763,TIME_LIMIT,241199,0,0,28,17
5,12,3.243683e6,-1.6779245185079394,-1.0931610449562763,TIME_LIMIT,241223,0,0,33,22
5,12,3.244203e6,-1.6779131435268095,-1.0931610449562763,TIME_LIMIT,241275,0,0,27,12
5,12,3.244723e6,-1.6779131435268095,-1.0931610449562763,TIME_LIMIT,241303,0,0,34,13
5,12,3.245262e6,-1.6779009287964666,-1.0931610449562763,TIME_LIMIT,241356,0,0,17,10
5,12,3.245808e6,-1.6779009287964666,-1.0931610449562763,TIME_LIMIT,241390,0,0,35,25
5,12,3.246348e6,-1.6778992375716242,-1.0931610449562763,TIME_LIMIT,241429,0,0,28,15
5,12,3.2469e6,-1.6778992375716242,-1.0931610449562763,TIME_LIMIT,241463,0,0,29,15
5,12,3.247418e6,-1.6778749980145344,-1.0931610449562763,TIME_LIMIT,241510,0,0,30,13
5,12,3.247941e6,-1.6778749980145344,-1.0931610449562763,TIME_LIMIT,241542,0,0,18,33
5,12,3.248464e6,-1.6778637201834161,-1.0931610449562763,TIME_LIMIT,241594,0,0,17,9
5,12,3.248987e6,-1.6778637201834161,-1.0931610449562763,TIME_LIMIT,241632,0,0,22,35
5,12,3.249656e6,-1.6778615030133557,-1.0931610449562763,TIME_LIMIT,241662,0,0,40,40
5,12,3.250351e6,-1.6778615030133557,-1.0931610449562763,TIME_LIMIT,241685,0,0,25,27
5,12,3.251038e6,-1.6778308300302267,-1.0931610449562763,TIME_LIMIT,241738,0,0,23,9
5,12,3.251614e6,-1.6778308300302267,-1.0931610449562763,TIME_LIMIT,241761,0,0,36,30
5,12,3.252147e6,-1.6777901827832062,-1.0931610449562763,TIME_LIMIT,241813,0,0,26,13
5,12,3.25269e6,-1.6777901827832062,-1.0931610449562763,TIME_LIMIT,241852,0,0,29,14
5,12,3.253181e6,-1.6777828087788211,-1.0931610449562763,TIME_LIMIT,241898,0,0,19,11
5,12,3.253714e6,-1.6777828087788211,-1.0931610449562763,TIME_LIMIT,241942,0,0,39,27
5,12,3.254244e6,-1.6777807284317365,-1.0931610449562763,TIME_LIMIT,241978,0,0,28,16
5,12,3.254815e6,-1.6777807284317365,-1.0931610449562763,TIME_LIMIT,242010,0,0,40,19
5,12,3.255336e6,-1.6777779819884548,-1.0931610449562763,TIME_LIMIT,242060,0,0,20,9
5,12,3.255906e6,-1.6777779819884548,-1.0931610449562763,TIME_LIMIT,242097,0,0,33,27
5,12,3.256425e6,-1.6777732903215694,-1.0931610449562763,TIME_LIMIT,242135,0,0,30,18
5,12,3.25699e6,-1.6777732903215694,-1.0931610449562763,TIME_LIMIT,242164,0,0,33,43
5,12,3.257514e6,-1.6777431860085223,-1.0931610449562763,TIME_LIMIT,242212,0,0,33,24
5,12,3.258063e6,-1.6777431860085223,-1.0931610449562763,TIME_LIMIT,242238,0,0,30,16
5,12,3.258602e6,-1.6777105102710113,-1.0931610449562763,TIME_LIMIT,242285,0,0,26,9
5,12,3.259122e6,-1.6777105102710113,-1.0931610449562763,TIME_LIMIT,242316,0,0,37,24
5,12,3.259664e6,-1.6777103160267384,-1.0931610449562763,TIME_LIMIT,242367,0,0,32,16
5,12,3.260209e6,-1.6777103160267384,-1.0931610449562763,TIME_LIMIT,242405,0,0,42,36
5,12,3.260747e6,-1.6777086450502028,-1.0931610449562763,TIME_LIMIT,242438,0,0,36,11
5,12,3.261299e6,-1.6777086450502028,-1.0931610449562763,TIME_LIMIT,242476,0,0,28,42
5,12,3.261821e6,-1.6776781018593803,-1.0931610449562763,TIME_LIMIT,242511,0,0,27,20
5,12,3.262382e6,-1.6776781018593803,-1.0931610449562763,TIME_LIMIT,242546,0,0,35,23
5,12,3.262884e6,-1.677665626202862,-1.0931610449562763,TIME_LIMIT,242574,0,0,35,19
5,12,3.263438e6,-1.677665626202862,-1.0931610449562763,TIME_LIMIT,242615,0,0,21,11
5,12,3.263959e6,-1.6776371608246028,-1.0931610449562763,TIME_LIMIT,242664,0,0,12,7
5,12,3.264528e6,-1.6776371608246028,-1.0931610449562763,TIME_LIMIT,242699,0,0,38,24
5,12,3.265049e6,-1.677634250198657,-1.0931610449562763,TIME_LIMIT,242753,0,0,32,17
5,12,3.265568e6,-1.677634250198657,-1.0931610449562763,TIME_LIMIT,242795,0,0,39,10
5,12,3.266087e6,-1.6776287276847395,-1.0931610449562763,TIME_LIMIT,242826,0,0,27,10
5,12,3.266654e6,-1.6776287276847395,-1.0931610449562763,TIME_LIMIT,242861,0,0,29,22
5,12,3.267174e6,-1.6776071610135943,-1.0931610449562763,TIME_LIMIT,242901,0,0,20,7
5,12,3.267739e6,-1.6776071610135943,-1.0931610449562763,TIME_LIMIT,242929,0,0,39,26
5,12,3.268258e6,-1.6775802894831242,-1.0931610449562763,TIME_LIMIT,242982,0,0,32,17
5,12,3.268826e6,-1.6775802894831242,-1.0931610449562763,TIME_LIMIT,243012,0,0,23,10
5,12,3.269348e6,-1.6775775781472162,-1.0931610449562763,TIME_LIMIT,243061,0,0,27,22
5,12,3.26987e6,-1.6775775781472162,-1.0931610449562763,TIME_LIMIT,243099,0,0,41,23
5,12,3.270392e6,-1.6775699153577144,-1.0931610449562763,TIME_LIMIT,243150,0,0,27,14
5,12,3.270957e6,-1.6775699153577144,-1.0931610449562763,TIME_LIMIT,243178,0,0,33,22
5,12,3.271477e6,-1.6775532384853313,-1.0931610449562763,TIME_LIMIT,243235,0,0,37,8
5,12,3.272043e6,-1.6775532384853313,-1.0931610449562763,TIME_LIMIT,243269,0,0,19,14
5,12,3.272564e6,-1.677537327650822,-1.0931610449562763,TIME_LIMIT,243306,0,0,23,19
5,12,3.273129e6,-1.677537327650822,-1.0931610449562763,TIME_LIMIT,243335,0,0,36,18
5,12,3.273649e6,-1.6775343570874082,-1.0931610449562763,TIME_LIMIT,243387,0,0,19,10
5,12,3.274171e6,-1.6775343570874082,-1.0931610449562763,TIME_LIMIT,243425,0,0,23,17
5,12,3.274689e6,-1.677527159504226,-1.0931610449562763,TIME_LIMIT,243460,0,0,23,5
5,12,3.275193e6,-1.677527159504226,-1.0931610449562763,TIME_LIMIT,243504,0,0,32,17
5,12,3.275816e6,-1.6775259870405108,-1.0931610449562763,TIME_LIMIT,243545,0,0,37,16
5,12,3.276509e6,-1.6775259870405108,-1.0931610449562763,TIME_LIMIT,243572,0,0,32,25
5,12,3.277194e6,-1.677523292637658,-1.0931610449562763,TIME_LIMIT,243619,0,0,20,8
5,12,3.277797e6,-1.677523292637658,-1.0931610449562763,TIME_LIMIT,243656,0,0,31,18
5,12,3.278354e6,-1.6775169663286074,-1.0931610449562763,TIME_LIMIT,243706,0,0,10,11
5,12,3.278897e6,-1.6775169663286074,-1.0931610449562763,TIME_LIMIT,243738,0,0,37,25
5,12,3.27944e6,-1.6774753432115144,-1.0931610449562763,TIME_LIMIT,243775,0,0,36,11
5,12,3.279978e6,-1.6774753432115144,-1.0931610449562763,TIME_LIMIT,243800,0,0,28,17
5,12,3.280532e6,-1.6774572934436687,-1.0931610449562763,TIME_LIMIT,243845,0,0,20,6
5,12,3.281073e6,-1.6774572934436687,-1.0931610449562763,TIME_LIMIT,243879,0,0,40,19
5,12,3.281616e6,-1.6774563146450028,-1.0931610449562763,TIME_LIMIT,243931,0,0,19,10
5,12,3.282163e6,-1.6774563146450028,-1.0931610449562763,TIME_LIMIT,243965,0,0,41,17
5,12,3.282697e6,-1.6774253968336665,-1.0931610449562763,TIME_LIMIT,244018,0,0,24,11
5,12,3.283252e6,-1.6774253968336665,-1.0931610449562763,TIME_LIMIT,244055,0,0,42,32
5,12,3.283771e6,-1.677382559358821,-1.0931610449562763,TIME_LIMIT,244105,0,0,32,10
5,12,3.284296e6,-1.677382559358821,-1.0931610449562763,TIME_LIMIT,244146,0,0,37,21
5,12,3.284862e6,-1.677369864219548,-1.0931610449562763,TIME_LIMIT,244182,0,0,27,15
5,12,3.285385e6,-1.677369864219548,-1.0931610449562763,TIME_LIMIT,244211,0,0,41,37
5,12,3.285952e6,-1.6773509892265879,-1.0931610449562763,TIME_LIMIT,244259,0,0,31,30
5,12,3.286472e6,-1.6773509892265879,-1.0931610449562763,TIME_LIMIT,244300,0,0,31,25
5,12,3.287042e6,-1.6773503300499317,-1.0931610449562763,TIME_LIMIT,244351,0,0,24,15
5,12,3.287563e6,-1.6773503300499317,-1.0931610449562763,TIME_LIMIT,244384,0,0,32,27
5,12,3.288066e6,-1.6773241905378187,-1.0931610449562763,TIME_LIMIT,244442,0,0,17,10
5,12,3.288586e6,-1.6773241905378187,-1.0931610449562763,TIME_LIMIT,244475,0,0,34,15
5,12,3.289154e6,-1.6773002031257318,-1.0931610449562763,TIME_LIMIT,244526,0,0,25,12
5,12,3.289676e6,-1.6773002031257318,-1.0931610449562763,TIME_LIMIT,244559,0,0,13,11
5,12,3.290247e6,-1.6772952871490925,-1.0931610449562763,TIME_LIMIT,244590,0,0,31,17
5,12,3.290772e6,-1.6772952871490925,-1.0931610449562763,TIME_LIMIT,244626,0,0,35,20
5,12,3.291339e6,-1.6772698448537842,-1.0931610449562763,TIME_LIMIT,244675,0,0,35,9
5,12,3.291858e6,-1.6772698448537842,-1.0931610449562763,TIME_LIMIT,244700,0,0,34,12
5,12,3.292379e6,-1.6772568905536405,-1.0931610449562763,TIME_LIMIT,244745,0,0,26,7
5,12,3.292907e6,-1.6772568905536405,-1.0931610449562763,TIME_LIMIT,244787,0,0,38,29
5,12,3.29347e6,-1.6772430934003442,-1.0931610449562763,TIME_LIMIT,244830,0,0,26,12
5,12,3.293992e6,-1.6772430934003442,-1.0931610449562763,TIME_LIMIT,244855,0,0,39,36
5,12,3.294558e6,-1.6772426795283686,-1.0931610449562763,TIME_LIMIT,244903,0,0,15,7
5,12,3.295077e6,-1.6772426795283686,-1.0931610449562763,TIME_LIMIT,244935,0,0,22,15
5,12,3.295598e6,-1.677219945260594,-1.0931610449562763,TIME_LIMIT,244978,0,0,24,13
5,12,3.296119e6,-1.677219945260594,-1.0931610449562763,TIME_LIMIT,245012,0,0,18,28
5,12,3.296641e6,-1.6772114115136816,-1.0931610449562763,TIME_LIMIT,245063,0,0,26,16
5,12,3.297295e6,-1.6772114115136816,-1.0931610449562763,TIME_LIMIT,245107,0,0,40,29
5,12,3.297987e6,-1.6771942557140986,-1.0931610449562763,TIME_LIMIT,245141,0,0,18,17
5,12,3.298673e6,-1.6771942557140986,-1.0931610449562763,TIME_LIMIT,245177,0,0,32,3
5,12,3.299256e6,-1.67716779063266,-1.0931610449562763,TIME_LIMIT,245210,0,0,26,13
5,12,3.299811e6,-1.67716779063266,-1.0931610449562763,TIME_LIMIT,245242,0,0,37,17
5,12,3.30034e6,-1.677106365037763,-1.0931610449562763,TIME_LIMIT,245292,0,0,28,9
5,12,3.300886e6,-1.677106365037763,-1.0931610449562763,TIME_LIMIT,245323,0,0,38,33
5,12,3.301419e6,-1.6770765806255743,-1.0931610449562763,TIME_LIMIT,245378,0,0,15,8
5,12,3.301987e6,-1.6770765806255743,-1.0931610449562763,TIME_LIMIT,245416,0,0,30,18
5,12,3.302516e6,-1.6770320626774675,-1.0931610449562763,TIME_LIMIT,245453,0,0,34,24
5,12,3.303066e6,-1.6770320626774675,-1.0931610449562763,TIME_LIMIT,245489,0,0,39,27
5,12,3.303604e6,-1.677030045381273,-1.0931610449562763,TIME_LIMIT,245541,0,0,30,9
5,12,3.30415e6,-1.677030045381273,-1.0931610449562763,TIME_LIMIT,245579,0,0,39,14
5,12,3.304693e6,-1.6770113931194632,-1.0931610449562763,TIME_LIMIT,245615,0,0,30,11
5,12,3.305214e6,-1.6770113931194632,-1.0931610449562763,TIME_LIMIT,245646,0,0,31,14
5,12,3.305752e6,-1.676982696986498,-1.0931610449562763,TIME_LIMIT,245696,0,0,14,8
5,12,3.306306e6,-1.676982696986498,-1.0931610449562763,TIME_LIMIT,245735,0,0,48,42
5,12,3.306841e6,-1.6769684798289,-1.0931610449562763,TIME_LIMIT,245792,0,0,29,16
5,12,3.307376e6,-1.6769684798289,-1.0931610449562763,TIME_LIMIT,245821,0,0,38,17
5,12,3.307897e6,-1.6769169326694993,-1.0931610449562763,TIME_LIMIT,245876,0,0,23,12
5,12,3.308471e6,-1.6769169326694993,-1.0931610449562763,TIME_LIMIT,245907,0,0,24,19
5,12,3.309012e6,-1.676908297820785,-1.0931610449562763,TIME_LIMIT,245960,0,0,32,16
5,12,3.30956e6,-1.676908297820785,-1.0931610449562763,TIME_LIMIT,245992,0,0,27,12
5,12,3.310094e6,-1.6769002845397494,-1.0931610449562763,TIME_LIMIT,246037,0,0,26,17
5,12,3.310434e6,-1.6769002845397494,-1.0931610449562763,TIME_LIMIT,246071,0,0,18,13
5,12,3.310954e6,-1.6768943514728276,-1.0931610449562763,TIME_LIMIT,246119,0,0,16,7
5,12,3.311521e6,-1.6768943514728276,-1.0931610449562763,TIME_LIMIT,246150,0,0,35,28
5,12,3.312044e6,-1.6768941202047578,-1.0931610449562763,TIME_LIMIT,246203,0,0,25,12
5,12,3.312566e6,-1.6768941202047578,-1.0931610449562763,TIME_LIMIT,246239,0,0,15,48
5,12,3.31307e6,-1.6768901584841711,-1.0931610449562763,TIME_LIMIT,246286,0,0,22,20
5,12,3.313636e6,-1.6768901584841711,-1.0931610449562763,TIME_LIMIT,246321,0,0,34,22
5,12,3.314157e6,-1.6768780535792713,-1.0931610449562763,TIME_LIMIT,246364,0,0,24,11
5,12,3.314734e6,-1.6768780535792713,-1.0931610449562763,TIME_LIMIT,246403,0,0,31,31
5,12,3.315183e6,-1.6768413950275594,-1.0931610449562763,TIME_LIMIT,246440,0,0,36,10
5,12,3.31575e6,-1.6768413950275594,-1.0931610449562763,TIME_LIMIT,246477,0,0,34,21
5,12,3.316272e6,-1.6768169720651258,-1.0931610449562763,TIME_LIMIT,246513,0,0,31,27
5,12,3.316723e6,-1.6768169720651258,-1.0931610449562763,TIME_LIMIT,246547,0,0,31,13
5,12,3.317227e6,-1.6767985292780367,-1.0931610449562763,TIME_LIMIT,246592,0,0,19,14
5,12,3.317748e6,-1.6767985292780367,-1.0931610449562763,TIME_LIMIT,246623,0,0,37,22
5,12,3.31829e6,-1.676751526981865,-1.0931610449562763,TIME_LIMIT,246672,0,0,26,12
5,12,3.318982e6,-1.676751526981865,-1.0931610449562763,TIME_LIMIT,246706,0,0,30,27
5,12,3.319671e6,-1.676708160502044,-1.0931610449562763,TIME_LIMIT,246756,0,0,17,10
5,12,3.320339e6,-1.676708160502044,-1.0931610449562763,TIME_LIMIT,246794,0,0,43,18
5,12,3.320901e6,-1.6766681142547426,-1.0931610449562763,TIME_LIMIT,246845,0,0,32,11
5,12,3.321452e6,-1.6766681142547426,-1.0931610449562763,TIME_LIMIT,246894,0,0,19,10
5,12,3.321997e6,-1.6766665432576027,-1.0931610449562763,TIME_LIMIT,246939,0,0,24,17
5,12,3.322541e6,-1.6766665432576027,-1.0931610449562763,TIME_LIMIT,246964,0,0,28,14
5,12,3.323071e6,-1.6766217334838296,-1.0931610449562763,TIME_LIMIT,247010,0,0,14,8
5,12,3.323602e6,-1.6766217334838296,-1.0931610449562763,TIME_LIMIT,247045,0,0,31,17
5,12,3.324173e6,-1.6766196397800632,-1.0931610449562763,TIME_LIMIT,247099,0,0,40,14
5,12,3.324695e6,-1.6766196397800632,-1.0931610449562763,TIME_LIMIT,247133,0,0,31,27
5,12,3.325222e6,-1.6765855855954697,-1.0931610449562763,TIME_LIMIT,247188,0,0,20,7
5,12,3.32574e6,-1.6765855855954697,-1.0931610449562763,TIME_LIMIT,247216,0,0,21,17
5,12,3.326312e6,-1.676577587149483,-1.0931610449562763,TIME_LIMIT,247254,0,0,20,10
5,12,3.326817e6,-1.676577587149483,-1.0931610449562763,TIME_LIMIT,247288,0,0,27,13
5,12,3.32734e6,-1.6765481261092952,-1.0931610449562763,TIME_LIMIT,247329,0,0,36,10
5,12,3.327895e6,-1.6765481261092952,-1.0931610449562763,TIME_LIMIT,247360,0,0,44,26
5,12,3.328429e6,-1.676542107872331,-1.0931610449562763,TIME_LIMIT,247411,0,0,26,12
5,12,3.328978e6,-1.676542107872331,-1.0931610449562763,TIME_LIMIT,247439,0,0,38,22
5,12,3.329518e6,-1.6765412218689797,-1.0931610449562763,TIME_LIMIT,247488,0,0,21,12
5,12,3.330039e6,-1.6765412218689797,-1.0931610449562763,TIME_LIMIT,247520,0,0,23,26
5,12,3.330561e6,-1.6765228056256731,-1.0931610449562763,TIME_LIMIT,247570,0,0,19,16
5,12,3.331112e6,-1.6765228056256731,-1.0931610449562763,TIME_LIMIT,247598,0,0,34,32
5,12,3.331652e6,-1.676513782633203,-1.0931610449562763,TIME_LIMIT,247643,0,0,26,10
5,12,3.332208e6,-1.676513782633203,-1.0931610449562763,TIME_LIMIT,247674,0,0,35,44
5,12,3.332749e6,-1.6765120832924698,-1.0931610449562763,TIME_LIMIT,247723,0,0,27,15
5,12,3.333271e6,-1.6765120832924698,-1.0931610449562763,TIME_LIMIT,247752,0,0,42,17
5,12,3.33379e6,-1.6765110527474918,-1.0931610449562763,TIME_LIMIT,247804,0,0,24,12
5,12,3.334359e6,-1.6765110527474918,-1.0931610449562763,TIME_LIMIT,247829,0,0,32,47
5,12,3.334881e6,-1.676494566987876,-1.0931610449562763,TIME_LIMIT,247880,0,0,28,19
5,12,3.33545e6,-1.676494566987876,-1.0931610449562763,TIME_LIMIT,247919,0,0,17,10
5,12,3.335972e6,-1.6764892348980556,-1.0931610449562763,TIME_LIMIT,247957,0,0,29,14
5,12,3.336493e6,-1.6764892348980556,-1.0931610449562763,TIME_LIMIT,247989,0,0,30,18
5,12,3.337012e6,-1.676475040606614,-1.0931610449562763,TIME_LIMIT,248042,0,0,26,11
5,12,3.337531e6,-1.676475040606614,-1.0931610449562763,TIME_LIMIT,248082,0,0,35,13
5,12,3.338086e6,-1.6764597935248227,-1.0931610449562763,TIME_LIMIT,248128,0,0,15,7
5,12,3.338776e6,-1.6764597935248227,-1.0931610449562763,TIME_LIMIT,248169,0,0,38,17
5,12,3.339457e6,-1.6764284075578602,-1.0931610449562763,TIME_LIMIT,248210,0,0,27,12
5,12,3.340108e6,-1.6764284075578602,-1.0931610449562763,TIME_LIMIT,248240,0,0,22,33
5,12,3.34066e6,-1.676427301999969,-1.0931610449562763,TIME_LIMIT,248290,0,0,26,15
5,12,3.341209e6,-1.676427301999969,-1.0931610449562763,TIME_LIMIT,248325,0,0,18,18
5,12,3.341755e6,-1.6764207699572382,-1.0931610449562763,TIME_LIMIT,248368,0,0,20,19
5,12,3.342292e6,-1.6764207699572382,-1.0931610449562763,TIME_LIMIT,248403,0,0,31,26
5,12,3.342828e6,-1.6764165761574552,-1.0931610449562763,TIME_LIMIT,248459,0,0,35,12
5,12,3.343384e6,-1.6764165761574552,-1.0931610449562763,TIME_LIMIT,248486,0,0,31,23
5,12,3.343921e6,-1.676414896752327,-1.0931610449562763,TIME_LIMIT,248531,0,0,26,9
5,12,3.344471e6,-1.676414896752327,-1.0931610449562763,TIME_LIMIT,248562,0,0,25,15
5,12,3.345011e6,-1.6763761032166407,-1.0931610449562763,TIME_LIMIT,248612,0,0,31,14
5,12,3.34541e6,-1.6763761032166407,-1.0931610449562763,TIME_LIMIT,248649,0,0,31,25
5,12,3.345977e6,-1.676372514611803,-1.0931610449562763,TIME_LIMIT,248700,0,0,13,13
5,12,3.346499e6,-1.676372514611803,-1.0931610449562763,TIME_LIMIT,248736,0,0,36,10
5,12,3.347019e6,-1.6763521185228667,-1.0931610449562763,TIME_LIMIT,248771,0,0,24,11
5,12,3.34759e6,-1.6763521185228667,-1.0931610449562763,TIME_LIMIT,248800,0,0,41,25
5,12,3.348112e6,-1.6763447654975971,-1.0931610449562763,TIME_LIMIT,248849,0,0,30,12
5,12,3.348682e6,-1.6763447654975971,-1.0931610449562763,TIME_LIMIT,248890,0,0,43,33
5,12,3.349202e6,-1.6763343868443368,-1.0931610449562763,TIME_LIMIT,248937,0,0,25,14
5,12,3.349698e6,-1.6763343868443368,-1.0931610449562763,TIME_LIMIT,248976,0,0,43,11
5,12,3.350218e6,-1.676309423194741,-1.0931610449562763,TIME_LIMIT,249034,0,0,34,16
5,12,3.350784e6,-1.676309423194741,-1.0931610449562763,TIME_LIMIT,249065,0,0,31,28
5,12,3.351304e6,-1.6763057421071337,-1.0931610449562763,TIME_LIMIT,249120,0,0,16,14
5,12,3.351867e6,-1.6763057421071337,-1.0931610449562763,TIME_LIMIT,249152,0,0,30,18
5,12,3.352388e6,-1.6762904938743983,-1.0931610449562763,TIME_LIMIT,249204,0,0,31,10
5,12,3.352908e6,-1.6762904938743983,-1.0931610449562763,TIME_LIMIT,249234,0,0,32,26
5,12,3.353435e6,-1.6762586419008325,-1.0931610449562763,TIME_LIMIT,249283,0,0,13,8
5,12,3.353979e6,-1.6762586419008325,-1.0931610449562763,TIME_LIMIT,249311,0,0,48,54
5,12,3.3545e6,-1.6762219370950142,-1.0931610449562763,TIME_LIMIT,249368,0,0,31,9
5,12,3.355066e6,-1.6762219370950142,-1.0931610449562763,TIME_LIMIT,249402,0,0,36,24
5,12,3.355588e6,-1.6761981068953262,-1.0931610449562763,TIME_LIMIT,249440,0,0,23,9
5,12,3.356108e6,-1.6761981068953262,-1.0931610449562763,TIME_LIMIT,249478,0,0,34,16
5,12,3.356632e6,-1.6761792941640095,-1.0931610449562763,TIME_LIMIT,249515,0,0,15,6
5,12,3.357153e6,-1.6761792941640095,-1.0931610449562763,TIME_LIMIT,249551,0,0,26,15
5,12,3.357746e6,-1.676176888835751,-1.0931610449562763,TIME_LIMIT,249607,0,0,34,15
5,12,3.358291e6,-1.676176888835751,-1.0931610449562763,TIME_LIMIT,249637,0,0,36,13
5,12,3.358965e6,-1.6761190083590405,-1.0931610449562763,TIME_LIMIT,249688,0,0,18,7
5,12,3.359624e6,-1.6761190083590405,-1.0931610449562763,TIME_LIMIT,249723,0,0,31,15
5,12,3.360128e6,-1.6760495218603388,-1.0931610449562763,TIME_LIMIT,249762,0,0,34,9
5,12,3.360676e6,-1.6760495218603388,-1.0931610449562763,TIME_LIMIT,249788,0,0,33,19
5,12,3.361219e6,-1.676034319642344,-1.0931610449562763,TIME_LIMIT,249837,0,0,29,12
5,12,3.36176e6,-1.676034319642344,-1.0931610449562763,TIME_LIMIT,249869,0,0,42,20
5,12,3.362291e6,-1.676029314986806,-1.0931610449562763,TIME_LIMIT,249922,0,0,28,14
5,12,3.362866e6,-1.676029314986806,-1.0931610449562763,TIME_LIMIT,249960,0,0,32,34
5,12,3.363378e6,-1.6759667655276616,-1.0931610449562763,TIME_LIMIT,250014,0,0,32,10
5,12,3.363936e6,-1.6759667655276616,-1.0931610449562763,TIME_LIMIT,250044,0,0,26,21
5,12,3.364467e6,-1.675965313306304,-1.0931610449562763,TIME_LIMIT,250080,0,0,34,14
5,12,3.365018e6,-1.675965313306304,-1.0931610449562763,TIME_LIMIT,250117,0,0,44,38
5,12,3.365559e6,-1.6759629374108582,-1.0931610449562763,TIME_LIMIT,250167,0,0,32,16
5,12,3.366081e6,-1.6759629374108582,-1.0931610449562763,TIME_LIMIT,250205,0,0,40,22
5,12,3.366626e6,-1.6759554912314538,-1.0931610449562763,TIME_LIMIT,250254,0,0,29,18
5,12,3.367171e6,-1.6759554912314538,-1.0931610449562763,TIME_LIMIT,250289,0,0,41,30
5,12,3.367715e6,-1.6759458159890452,-1.0931610449562763,TIME_LIMIT,250331,0,0,38,14
5,12,3.36826e6,-1.6759458159890452,-1.0931610449562763,TIME_LIMIT,250365,0,0,41,44
5,12,3.368765e6,-1.6759220274888158,-1.0931610449562763,TIME_LIMIT,250413,0,0,16,14
5,12,3.369289e6,-1.6759220274888158,-1.0931610449562763,TIME_LIMIT,250448,0,0,46,36
5,12,3.369837e6,-1.6759171971618168,-1.0931610449562763,TIME_LIMIT,250495,0,0,27,12
5,12,3.370382e6,-1.6759171971618168,-1.0931610449562763,TIME_LIMIT,250523,0,0,44,49
5,12,3.370928e6,-1.6758970485290536,-1.0931610449562763,TIME_LIMIT,250577,0,0,32,9
5,12,3.371474e6,-1.6758970485290536,-1.0931610449562763,TIME_LIMIT,250606,0,0,25,22
5,12,3.371998e6,-1.6758880929814848,-1.0931610449562763,TIME_LIMIT,250655,0,0,29,14
5,12,3.372518e6,-1.6758880929814848,-1.0931610449562763,TIME_LIMIT,250692,0,0,60,45
5,12,3.373087e6,-1.6758686819763229,-1.0931610449562763,TIME_LIMIT,250746,0,0,35,19
5,12,3.373611e6,-1.6758686819763229,-1.0931610449562763,TIME_LIMIT,250783,0,0,48,30
5,12,3.374179e6,-1.6758491712391599,-1.0931610449562763,TIME_LIMIT,250835,0,0,19,10
5,12,3.374701e6,-1.6758491712391599,-1.0931610449562763,TIME_LIMIT,250869,0,0,51,23
5,12,3.375223e6,-1.6758315515326416,-1.0931610449562763,TIME_LIMIT,250917,0,0,28,9
5,12,3.375745e6,-1.6758315515326416,-1.0931610449562763,TIME_LIMIT,250948,0,0,38,21
5,12,3.376269e6,-1.675825930522755,-1.0931610449562763,TIME_LIMIT,251003,0,0,21,5
5,12,3.376838e6,-1.675825930522755,-1.0931610449562763,TIME_LIMIT,251038,0,0,42,34
5,12,3.377533e6,-1.675823537701164,-1.0931610449562763,TIME_LIMIT,251072,0,0,33,29
5,12,3.378212e6,-1.675823537701164,-1.0931610449562763,TIME_LIMIT,251103,0,0,37,40
5,12,3.378861e6,-1.675775074512581,-1.0931610449562763,TIME_LIMIT,251156,0,0,35,17
5,12,3.379399e6,-1.675775074512581,-1.0931610449562763,TIME_LIMIT,251197,0,0,41,23
5,12,3.379947e6,-1.675764732885061,-1.0931610449562763,TIME_LIMIT,251237,0,0,15,13
5,12,3.380499e6,-1.675764732885061,-1.0931610449562763,TIME_LIMIT,251268,0,0,30,17
5,12,3.38093e6,-1.6757352287962244,-1.0931610449562763,TIME_LIMIT,251309,0,0,28,7
5,12,3.381464e6,-1.6757352287962244,-1.0931610449562763,TIME_LIMIT,251340,0,0,38,23
5,12,3.381996e6,-1.6757335339675674,-1.0931610449562763,TIME_LIMIT,251379,0,0,30,21
5,12,3.382544e6,-1.6757335339675674,-1.0931610449562763,TIME_LIMIT,251416,0,0,19,4
5,12,3.383091e6,-1.6757179741735548,-1.0931610449562763,TIME_LIMIT,251445,0,0,17,12
5,12,3.383633e6,-1.6757179741735548,-1.0931610449562763,TIME_LIMIT,251474,0,0,32,20
5,12,3.384182e6,-1.6757124148414042,-1.0931610449562763,TIME_LIMIT,251520,0,0,14,9
5,12,3.384698e6,-1.6757124148414042,-1.0931610449562763,TIME_LIMIT,251552,0,0,50,41
5,12,3.385257e6,-1.6757102182914985,-1.0931610449562763,TIME_LIMIT,251607,0,0,35,16
5,12,3.385782e6,-1.6757102182914985,-1.0931610449562763,TIME_LIMIT,251657,0,0,28,15
5,12,3.386305e6,-1.6757038228319463,-1.0931610449562763,TIME_LIMIT,251684,0,0,30,15
5,12,3.386924e6,-1.6757038228319463,-1.0931610449562763,TIME_LIMIT,251719,0,0,18,21
5,12,3.387456e6,-1.6756908239753914,-1.0931610449562763,TIME_LIMIT,251768,0,0,29,13
5,12,3.388018e6,-1.6756908239753914,-1.0931610449562763,TIME_LIMIT,251801,0,0,37,25
5,12,3.388542e6,-1.6756738044430797,-1.0931610449562763,TIME_LIMIT,251853,0,0,32,14
5,12,3.389063e6,-1.6756738044430797,-1.0931610449562763,TIME_LIMIT,251880,0,0,35,26
5,12,3.389599e6,-1.6756693775914235,-1.0931610449562763,TIME_LIMIT,251931,0,0,30,21
5,12,3.39015e6,-1.6756693775914235,-1.0931610449562763,TIME_LIMIT,251967,0,0,24,12
5,12,3.390691e6,-1.6756618905530751,-1.0931610449562763,TIME_LIMIT,251998,0,0,17,5
5,12,3.391245e6,-1.6756618905530751,-1.0931610449562763,TIME_LIMIT,252025,0,0,28,17
5,12,3.391766e6,-1.6756237314442686,-1.0931610449562763,TIME_LIMIT,252070,0,0,11,6
5,12,3.392286e6,-1.6756237314442686,-1.0931610449562763,TIME_LIMIT,252107,0,0,35,21
5,12,3.392877e6,-1.6756208737404152,-1.0931610449562763,TIME_LIMIT,252161,0,0,16,10
5,12,3.393407e6,-1.6756208737404152,-1.0931610449562763,TIME_LIMIT,252191,0,0,29,20
5,12,3.39397e6,-1.6756198844809187,-1.0931610449562763,TIME_LIMIT,252237,0,0,26,10
5,12,3.394477e6,-1.6756198844809187,-1.0931610449562763,TIME_LIMIT,252267,0,0,37,20
5,12,3.395e6,-1.6756132196790656,-1.0931610449562763,TIME_LIMIT,252314,0,0,32,12
5,12,3.395521e6,-1.6756132196790656,-1.0931610449562763,TIME_LIMIT,252347,0,0,33,28
5,12,3.396045e6,-1.6755821015202825,-1.0931610449562763,TIME_LIMIT,252390,0,0,35,10
5,12,3.396564e6,-1.6755821015202825,-1.0931610449562763,TIME_LIMIT,252425,0,0,39,11
5,12,3.397087e6,-1.6755741107581805,-1.0931610449562763,TIME_LIMIT,252455,0,0,30,8
5,12,3.39761e6,-1.6755741107581805,-1.0931610449562763,TIME_LIMIT,252483,0,0,22,26
5,12,3.398131e6,-1.6755593620317522,-1.0931610449562763,TIME_LIMIT,252531,0,0,29,11
5,12,3.398658e6,-1.6755593620317522,-1.0931610449562763,TIME_LIMIT,252561,0,0,20,30
5,12,3.399182e6,-1.6755567481334683,-1.0931610449562763,TIME_LIMIT,252610,0,0,31,9
5,12,3.399702e6,-1.6755567481334683,-1.0931610449562763,TIME_LIMIT,252642,0,0,27,29
5,12,3.400217e6,-1.6755515620128245,-1.0931610449562763,TIME_LIMIT,252680,0,0,34,20
5,12,3.400734e6,-1.6755515620128245,-1.0931610449562763,TIME_LIMIT,252716,0,0,38,19
5,12,3.40125e6,-1.6755422729465632,-1.0931610449562763,TIME_LIMIT,252765,0,0,14,11
5,12,3.401767e6,-1.6755422729465632,-1.0931610449562763,TIME_LIMIT,252800,0,0,41,31
5,12,3.402285e6,-1.6755402203404377,-1.0931610449562763,TIME_LIMIT,252851,0,0,31,14
5,12,3.4028e6,-1.6755402203404377,-1.0931610449562763,TIME_LIMIT,252879,0,0,33,18
5,12,3.403316e6,-1.675534755925582,-1.0931610449562763,TIME_LIMIT,252927,0,0,25,15
5,12,3.403813e6,-1.675534755925582,-1.0931610449562763,TIME_LIMIT,252973,0,0,39,21
5,12,3.404328e6,-1.6755257618539738,-1.0931610449562763,TIME_LIMIT,253019,0,0,31,17
5,12,3.404848e6,-1.6755257618539738,-1.0931610449562763,TIME_LIMIT,253059,0,0,33,21
5,12,3.405365e6,-1.675503496186264,-1.0931610449562763,TIME_LIMIT,253098,0,0,19,11
5,12,3.405863e6,-1.675503496186264,-1.0931610449562763,TIME_LIMIT,253131,0,0,46,24
5,12,3.406353e6,-1.6754903522872788,-1.0931610449562763,TIME_LIMIT,253187,0,0,33,9
5,12,3.40687e6,-1.6754903522872788,-1.0931610449562763,TIME_LIMIT,253209,0,0,22,11
5,12,3.407387e6,-1.6754780243618044,-1.0931610449562763,TIME_LIMIT,253257,0,0,12,9
5,12,3.407903e6,-1.6754780243618044,-1.0931610449562763,TIME_LIMIT,253294,0,0,24,14
5,12,3.40824e6,-1.6754469315334446,-1.0931610449562763,TIME_LIMIT,253330,0,0,29,10
5,12,3.408756e6,-1.6754469315334446,-1.0931610449562763,TIME_LIMIT,253371,0,0,37,23
5,12,3.409272e6,-1.6754464814872083,-1.0931610449562763,TIME_LIMIT,253407,0,0,30,10
5,12,3.409791e6,-1.6754464814872083,-1.0931610449562763,TIME_LIMIT,253442,0,0,43,23
5,12,3.410308e6,-1.6754411599423895,-1.0931610449562763,TIME_LIMIT,253489,0,0,32,15
5,12,3.410828e6,-1.6754411599423895,-1.0931610449562763,TIME_LIMIT,253527,0,0,37,26
5,12,3.411344e6,-1.6754202443652662,-1.0931610449562763,TIME_LIMIT,253572,0,0,22,9
5,12,3.411862e6,-1.6754202443652662,-1.0931610449562763,TIME_LIMIT,253604,0,0,36,28
5,12,3.412376e6,-1.675419986874829,-1.0931610449562763,TIME_LIMIT,253637,0,0,31,12
5,12,3.412893e6,-1.675419986874829,-1.0931610449562763,TIME_LIMIT,253678,0,0,31,16
5,12,3.41341e6,-1.6753686108115726,-1.0931610449562763,TIME_LIMIT,253713,0,0,35,15
5,12,3.41391e6,-1.6753686108115726,-1.0931610449562763,TIME_LIMIT,253745,0,0,33,32
5,12,3.414429e6,-1.6753402757366187,-1.0931610449562763,TIME_LIMIT,253797,0,0,22,11
5,12,3.414948e6,-1.6753402757366187,-1.0931610449562763,TIME_LIMIT,253836,0,0,38,39
5,12,3.415467e6,-1.6753220353274738,-1.0931610449562763,TIME_LIMIT,253890,0,0,36,22
5,12,3.415985e6,-1.6753220353274738,-1.0931610449562763,TIME_LIMIT,253918,0,0,25,16
5,12,3.416502e6,-1.6753149849576194,-1.0931610449562763,TIME_LIMIT,253968,0,0,32,9
5,12,3.417021e6,-1.6753149849576194,-1.0931610449562763,TIME_LIMIT,253996,0,0,39,24
5,12,3.417538e6,-1.6752869478531438,-1.0931610449562763,TIME_LIMIT,254045,0,0,29,8
5,12,3.418057e6,-1.6752869478531438,-1.0931610449562763,TIME_LIMIT,254082,0,0,37,19
5,12,3.418573e6,-1.675285951146468,-1.0931610449562763,TIME_LIMIT,254111,0,0,34,24
5,12,3.419091e6,-1.675285951146468,-1.0931610449562763,TIME_LIMIT,254149,0,0,45,25
5,12,3.419608e6,-1.6752790327703553,-1.0931610449562763,TIME_LIMIT,254204,0,0,29,13
5,12,3.420121e6,-1.6752790327703553,-1.0931610449562763,TIME_LIMIT,254230,0,0,32,25
5,12,3.420637e6,-1.6752679824072099,-1.0931610449562763,TIME_LIMIT,254276,0,0,27,12
5,12,3.421153e6,-1.6752679824072099,-1.0931610449562763,TIME_LIMIT,254314,0,0,41,22
5,12,3.421669e6,-1.6752542244093356,-1.0931610449562763,TIME_LIMIT,254367,0,0,33,20
5,12,3.422185e6,-1.6752542244093356,-1.0931610449562763,TIME_LIMIT,254401,0,0,41,27
5,12,3.422685e6,-1.675224528123778,-1.0931610449562763,TIME_LIMIT,254446,0,0,21,13
5,12,3.423204e6,-1.675224528123778,-1.0931610449562763,TIME_LIMIT,254482,0,0,41,30
5,12,3.423721e6,-1.6752219839591527,-1.0931610449562763,TIME_LIMIT,254526,0,0,29,19
5,12,3.424241e6,-1.6752219839591527,-1.0931610449562763,TIME_LIMIT,254564,0,0,40,40
5,12,3.424757e6,-1.6752066748980476,-1.0931610449562763,TIME_LIMIT,254612,0,0,15,19
5,12,3.425278e6,-1.6752066748980476,-1.0931610449562763,TIME_LIMIT,254634,0,0,38,41
5,12,3.425795e6,-1.6751828393181374,-1.0931610449562763,TIME_LIMIT,254685,0,0,31,12
5,12,3.426316e6,-1.6751828393181374,-1.0931610449562763,TIME_LIMIT,254722,0,0,35,26
5,12,3.426833e6,-1.6751607990506554,-1.0931610449562763,TIME_LIMIT,254757,0,0,21,8
5,12,3.427352e6,-1.6751607990506554,-1.0931610449562763,TIME_LIMIT,254784,0,0,33,23
5,12,3.427869e6,-1.6751602645797472,-1.0931610449562763,TIME_LIMIT,254826,0,0,11,10
5,12,3.428012e6,-1.6751602645797472,-1.0931610449562763,TIME_LIMIT,254854,0,0,18,15
5,12,3.428531e6,-1.6751568105814627,-1.0931610449562763,TIME_LIMIT,254899,0,0,29,9
5,12,3.42905e6,-1.6751568105814627,-1.0931610449562763,TIME_LIMIT,254930,0,0,30,31
5,12,3.429568e6,-1.675122874613652,-1.0931610449562763,TIME_LIMIT,254980,0,0,30,18
5,12,3.430086e6,-1.675122874613652,-1.0931610449562763,TIME_LIMIT,255017,0,0,15,9
5,12,3.430605e6,-1.6750920970545276,-1.0931610449562763,TIME_LIMIT,255040,0,0,32,16
5,12,3.431123e6,-1.6750920970545276,-1.0931610449562763,TIME_LIMIT,255079,0,0,36,33
5,12,3.431642e6,-1.675060739647917,-1.0931610449562763,TIME_LIMIT,255133,0,0,37,19
5,12,3.432159e6,-1.675060739647917,-1.0931610449562763,TIME_LIMIT,255159,0,0,43,36
5,12,3.432678e6,-1.6750407794334126,-1.0931610449562763,TIME_LIMIT,255214,0,0,36,17
5,12,3.433212e6,-1.6750407794334126,-1.0931610449562763,TIME_LIMIT,255254,0,0,36,18
5,12,3.433729e6,-1.6750359295613197,-1.0931610449562763,TIME_LIMIT,255284,0,0,24,12
5,12,3.434246e6,-1.6750359295613197,-1.0931610449562763,TIME_LIMIT,255321,0,0,31,11
5,12,3.434762e6,-1.6750305508184278,-1.0931610449562763,TIME_LIMIT,255353,0,0,21,11
5,12,3.435281e6,-1.6750305508184278,-1.0931610449562763,TIME_LIMIT,255386,0,0,46,56
5,12,3.435796e6,-1.6750253171993448,-1.0931610449562763,TIME_LIMIT,255435,0,0,34,10
5,12,3.436298e6,-1.6750253171993448,-1.0931610449562763,TIME_LIMIT,255466,0,0,27,18
5,12,3.436816e6,-1.6750169288656986,-1.0931610449562763,TIME_LIMIT,255522,0,0,35,12
5,12,3.437331e6,-1.6750169288656986,-1.0931610449562763,TIME_LIMIT,255551,0,0,30,27
5,12,3.437849e6,-1.6749955777122274,-1.0931610449562763,TIME_LIMIT,255602,0,0,30,10
5,12,3.438379e6,-1.6749955777122274,-1.0931610449562763,TIME_LIMIT,255638,0,0,29,20
5,12,3.438897e6,-1.674988973338087,-1.0931610449562763,TIME_LIMIT,255675,0,0,32,6
5,12,3.439287e6,-1.674988973338087,-1.0931610449562763,TIME_LIMIT,255703,0,0,33,16
5,12,3.439802e6,-1.674956856458699,-1.0931610449562763,TIME_LIMIT,255753,0,0,14,7
5,12,3.440299e6,-1.674956856458699,-1.0931610449562763,TIME_LIMIT,255784,0,0,19,12
5,12,3.440819e6,-1.6749301349742767,-1.0931610449562763,TIME_LIMIT,255822,0,0,12,6
5,12,3.441338e6,-1.6749301349742767,-1.0931610449562763,TIME_LIMIT,255859,0,0,31,18
5,12,3.441858e6,-1.6749170994641518,-1.0931610449562763,TIME_LIMIT,255909,0,0,31,21
5,12,3.442376e6,-1.6749170994641518,-1.0931610449562763,TIME_LIMIT,255951,0,0,29,17
5,12,3.442895e6,-1.6748887923065996,-1.0931610449562763,TIME_LIMIT,255989,0,0,26,5
5,12,3.443414e6,-1.6748887923065996,-1.0931610449562763,TIME_LIMIT,256016,0,0,59,57
5,12,3.443933e6,-1.6748884530160237,-1.0931610449562763,TIME_LIMIT,256072,0,0,33,13
5,12,3.444452e6,-1.6748884530160237,-1.0931610449562763,TIME_LIMIT,256104,0,0,42,43
5,12,3.444969e6,-1.6748827937929467,-1.0931610449562763,TIME_LIMIT,256155,0,0,16,12
5,12,3.445487e6,-1.6748827937929467,-1.0931610449562763,TIME_LIMIT,256184,0,0,41,39
5,12,3.446005e6,-1.6748733108608533,-1.0931610449562763,TIME_LIMIT,256230,0,0,28,26
5,12,3.446498e6,-1.6748733108608533,-1.0931610449562763,TIME_LIMIT,256269,0,0,23,35
5,12,3.447019e6,-1.6748696661334932,-1.0931610449562763,TIME_LIMIT,256320,0,0,29,12
5,12,3.44752e6,-1.6748696661334932,-1.0931610449562763,TIME_LIMIT,256347,0,0,23,26
5,12,3.44804e6,-1.6748613325806672,-1.0931610449562763,TIME_LIMIT,256401,0,0,33,11
5,12,3.448556e6,-1.6748613325806672,-1.0931610449562763,TIME_LIMIT,256433,0,0,36,23
5,12,3.449073e6,-1.6748556399764536,-1.0931610449562763,TIME_LIMIT,256475,0,0,17,10
5,12,3.449593e6,-1.6748556399764536,-1.0931610449562763,TIME_LIMIT,256500,0,0,29,25
5,12,3.450111e6,-1.6748459549264014,-1.0931610449562763,TIME_LIMIT,256545,0,0,20,10
5,12,3.450628e6,-1.6748459549264014,-1.0931610449562763,TIME_LIMIT,256581,0,0,47,26
5,12,3.451146e6,-1.6748377324207728,-1.0931610449562763,TIME_LIMIT,256632,0,0,33,9
5,12,3.451663e6,-1.6748377324207728,-1.0931610449562763,TIME_LIMIT,256669,0,0,29,18
5,12,3.452028e6,-1.6748289447304925,-1.0931610449562763,TIME_LIMIT,256705,0,0,15,11
5,12,3.452546e6,-1.6748289447304925,-1.0931610449562763,TIME_LIMIT,256743,0,0,21,18
5,12,3.453063e6,-1.6748045457757437,-1.0931610449562763,TIME_LIMIT,256800,0,0,32,11
5,12,3.453532e6,-1.6748045457757437,-1.0931610449562763,TIME_LIMIT,256843,0,0,37,18
5,12,3.454049e6,-1.6747848547328732,-1.0931610449562763,TIME_LIMIT,256892,0,0,15,13
5,12,3.454567e6,-1.6747848547328732,-1.0931610449562763,TIME_LIMIT,256924,0,0,27,15
5,12,3.455085e6,-1.674782854363481,-1.0931610449562763,TIME_LIMIT,256971,0,0,21,16
5,12,3.455603e6,-1.674782854363481,-1.0931610449562763,TIME_LIMIT,257005,0,0,42,26
5,12,3.456121e6,-1.6747667285102943,-1.0931610449562763,TIME_LIMIT,257059,0,0,38,19
5,12,3.456638e6,-1.6747667285102943,-1.0931610449562763,TIME_LIMIT,257090,0,0,34,23
5,12,3.457155e6,-1.6747478704567698,-1.0931610449562763,TIME_LIMIT,257140,0,0,28,8
5,12,3.457654e6,-1.6747478704567698,-1.0931610449562763,TIME_LIMIT,257169,0,0,44,32
5,12,3.45817e6,-1.6747313291136663,-1.0931610449562763,TIME_LIMIT,257212,0,0,27,19
5,12,3.458689e6,-1.6747313291136663,-1.0931610449562763,TIME_LIMIT,257247,0,0,33,15
5,12,3.459208e6,-1.6747065905890564,-1.0931610449562763,TIME_LIMIT,257288,0,0,33,14
5,12,3.459727e6,-1.6747065905890564,-1.0931610449562763,TIME_LIMIT,257320,0,0,21,10
5,12,3.460245e6,-1.6746987944716814,-1.0931610449562763,TIME_LIMIT,257368,0,0,24,10
5,12,3.460765e6,-1.6746987944716814,-1.0931610449562763,TIME_LIMIT,257399,0,0,44,31
5,12,3.461282e6,-1.6746852382869124,-1.0931610449562763,TIME_LIMIT,257445,0,0,30,22
5,12,3.461802e6,-1.6746852382869124,-1.0931610449562763,TIME_LIMIT,257482,0,0,36,10
5,12,3.46232e6,-1.6746744537499851,-1.0931610449562763,TIME_LIMIT,257508,0,0,28,10
5,12,3.462837e6,-1.6746744537499851,-1.0931610449562763,TIME_LIMIT,257539,0,0,31,19
5,12,3.463352e6,-1.6746721261732602,-1.0931610449562763,TIME_LIMIT,257578,0,0,36,6
5,12,3.463872e6,-1.6746721261732602,-1.0931610449562763,TIME_LIMIT,257610,0,0,38,23
5,12,3.464389e6,-1.6746647344596761,-1.0931610449562763,TIME_LIMIT,257664,0,0,20,13
5,12,3.464959e6,-1.6746647344596761,-1.0931610449562763,TIME_LIMIT,257694,0,0,32,26
5,12,3.465475e6,-1.674620318165829,-1.0931610449562763,TIME_LIMIT,257744,0,0,26,16
5,12,3.465977e6,-1.674620318165829,-1.0931610449562763,TIME_LIMIT,257778,0,0,26,12
5,12,3.466496e6,-1.6746183466675366,-1.0931610449562763,TIME_LIMIT,257835,0,0,21,7
5,12,3.467015e6,-1.6746183466675366,-1.0931610449562763,TIME_LIMIT,257862,0,0,23,33
5,12,3.467533e6,-1.674609982972534,-1.0931610449562763,TIME_LIMIT,257917,0,0,16,14
5,12,3.468052e6,-1.674609982972534,-1.0931610449562763,TIME_LIMIT,257953,0,0,37,28
5,12,3.468568e6,-1.6745802763366546,-1.0931610449562763,TIME_LIMIT,257998,0,0,10,4
5,12,3.469087e6,-1.6745802763366546,-1.0931610449562763,TIME_LIMIT,258044,0,0,30,20
5,12,3.469604e6,-1.674575858724455,-1.0931610449562763,TIME_LIMIT,258075,0,0,11,13
5,12,3.470123e6,-1.674575858724455,-1.0931610449562763,TIME_LIMIT,258106,0,0,39,30
5,12,3.470638e6,-1.6745706222023906,-1.0931610449562763,TIME_LIMIT,258151,0,0,32,7
5,12,3.471182e6,-1.6745706222023906,-1.0931610449562763,TIME_LIMIT,258181,0,0,35,26
5,12,3.471706e6,-1.6745434841651485,-1.0931610449562763,TIME_LIMIT,258231,0,0,27,12
5,12,3.472224e6,-1.6745434841651485,-1.0931610449562763,TIME_LIMIT,258267,0,0,31,15
5,12,3.47274e6,-1.67450873215016,-1.0931610449562763,TIME_LIMIT,258307,0,0,31,9
5,12,3.473258e6,-1.67450873215016,-1.0931610449562763,TIME_LIMIT,258334,0,0,30,34
5,12,3.473775e6,-1.6745069819789382,-1.0931610449562763,TIME_LIMIT,258385,0,0,31,12
5,12,3.474273e6,-1.6745069819789382,-1.0931610449562763,TIME_LIMIT,258427,0,0,37,21
5,12,3.474789e6,-1.6744710130509448,-1.0931610449562763,TIME_LIMIT,258459,0,0,21,10
5,12,3.475309e6,-1.6744710130509448,-1.0931610449562763,TIME_LIMIT,258492,0,0,38,23
5,12,3.475828e6,-1.6744599157414768,-1.0931610449562763,TIME_LIMIT,258543,0,0,18,5
5,12,3.476345e6,-1.6744599157414768,-1.0931610449562763,TIME_LIMIT,258581,0,0,43,23
5,12,3.476863e6,-1.6744563600364597,-1.0931610449562763,TIME_LIMIT,258633,0,0,30,16
5,12,3.47738e6,-1.6744563600364597,-1.0931610449562763,TIME_LIMIT,258661,0,0,20,12
5,12,3.477899e6,-1.6744427071442363,-1.0931610449562763,TIME_LIMIT,258711,0,0,27,9
5,12,3.478416e6,-1.6744427071442363,-1.0931610449562763,TIME_LIMIT,258750,0,0,22,14
5,12,3.478935e6,-1.6744420138753744,-1.0931610449562763,TIME_LIMIT,258787,0,0,38,16
5,12,3.479453e6,-1.6744420138753744,-1.0931610449562763,TIME_LIMIT,258822,0,0,35,27
5,12,3.47997e6,-1.6744385378362783,-1.0931610449562763,TIME_LIMIT,258866,0,0,18,11
5,12,3.480487e6,-1.6744385378362783,-1.0931610449562763,TIME_LIMIT,258897,0,0,35,24
5,12,3.481001e6,-1.6744191680811338,-1.0931610449562763,TIME_LIMIT,258941,0,0,14,5
5,12,3.48136e6,-1.6744191680811338,-1.0931610449562763,TIME_LIMIT,258978,0,0,32,37
5,12,3.481878e6,-1.674412363338684,-1.0931610449562763,TIME_LIMIT,259029,0,0,13,18
5,12,3.482396e6,-1.674412363338684,-1.0931610449562763,TIME_LIMIT,259067,0,0,22,17
5,12,3.482914e6,-1.6744018324829915,-1.0931610449562763,TIME_LIMIT,259119,0,0,21,13
5,12,3.483433e6,-1.6744018324829915,-1.0931610449562763,TIME_LIMIT,259155,0,0,49,42
5,12,3.483949e6,-1.6743890577580087,-1.0931610449562763,TIME_LIMIT,259208,0,0,25,12
5,12,3.484467e6,-1.6743890577580087,-1.0931610449562763,TIME_LIMIT,259253,0,0,20,14
5,12,3.484965e6,-1.6743650054776444,-1.0931610449562763,TIME_LIMIT,259290,0,0,31,10
5,12,3.485387e6,-1.6743650054776444,-1.0931610449562763,TIME_LIMIT,259325,0,0,33,18
5,12,3.485906e6,-1.6743548470241327,-1.0931610449562763,TIME_LIMIT,259359,0,0,16,13
5,12,3.486424e6,-1.6743548470241327,-1.0931610449562763,TIME_LIMIT,259387,0,0,30,34
5,12,3.486944e6,-1.674348156896304,-1.0931610449562763,TIME_LIMIT,259443,0,0,34,12
5,12,3.487463e6,-1.674348156896304,-1.0931610449562763,TIME_LIMIT,259476,0,0,39,21
5,12,3.48798e6,-1.674341441779798,-1.0931610449562763,TIME_LIMIT,259527,0,0,33,14
5,12,3.488501e6,-1.674341441779798,-1.0931610449562763,TIME_LIMIT,259556,0,0,45,46
5,12,3.489021e6,-1.6743344663326458,-1.0931610449562763,TIME_LIMIT,259612,0,0,32,12
5,12,3.489521e6,-1.6743344663326458,-1.0931610449562763,TIME_LIMIT,259643,0,0,35,23
5,12,3.490041e6,-1.6743292981994544,-1.0931610449562763,TIME_LIMIT,259690,0,0,18,7
5,12,3.490558e6,-1.6743292981994544,-1.0931610449562763,TIME_LIMIT,259723,0,0,13,18
5,12,3.491077e6,-1.6743238696175653,-1.0931610449562763,TIME_LIMIT,259773,0,0,28,13
5,12,3.491597e6,-1.6743238696175653,-1.0931610449562763,TIME_LIMIT,259804,0,0,20,8
5,12,3.492113e6,-1.6743172734218001,-1.0931610449562763,TIME_LIMIT,259851,0,0,26,9
5,12,3.492633e6,-1.6743172734218001,-1.0931610449562763,TIME_LIMIT,259882,0,0,41,39
5,12,3.493151e6,-1.6743095409056636,-1.0931610449562763,TIME_LIMIT,259928,0,0,23,11
5,12,3.49367e6,-1.6743095409056636,-1.0931610449562763,TIME_LIMIT,259967,0,0,34,22
5,12,3.494186e6,-1.674301124963126,-1.0931610449562763,TIME_LIMIT,260011,0,0,38,15
5,12,3.494702e6,-1.674301124963126,-1.0931610449562763,TIME_LIMIT,260039,0,0,26,23
5,12,3.495219e6,-1.6742907344261218,-1.0931610449562763,TIME_LIMIT,260083,0,0,22,11
5,12,3.495737e6,-1.6742907344261218,-1.0931610449562763,TIME_LIMIT,260114,0,0,15,7
5,12,3.496255e6,-1.6742799357174112,-1.0931610449562763,TIME_LIMIT,260164,0,0,29,10
5,12,3.496776e6,-1.6742799357174112,-1.0931610449562763,TIME_LIMIT,260206,0,0,42,38
5,12,3.497275e6,-1.674278453008397,-1.0931610449562763,TIME_LIMIT,260256,0,0,33,18
5,12,3.497792e6,-1.674278453008397,-1.0931610449562763,TIME_LIMIT,260292,0,0,42,19
5,12,3.498311e6,-1.6742760563955812,-1.0931610449562763,TIME_LIMIT,260342,0,0,29,21
5,12,3.498831e6,-1.6742760563955812,-1.0931610449562763,TIME_LIMIT,260374,0,0,44,34
5,12,3.499349e6,-1.6742542323924001,-1.0931610449562763,TIME_LIMIT,260423,0,0,28,12
5,12,3.499867e6,-1.6742542323924001,-1.0931610449562763,TIME_LIMIT,260459,0,0,24,19
5,12,3.500388e6,-1.674216051323663,-1.0931610449562763,TIME_LIMIT,260515,0,0,30,18
5,12,3.500909e6,-1.674216051323663,-1.0931610449562763,TIME_LIMIT,260556,0,0,31,14
5,12,3.501429e6,-1.6741986727533706,-1.0931610449562763,TIME_LIMIT,260606,0,0,25,14
5,12,3.501948e6,-1.6741986727533706,-1.0931610449562763,TIME_LIMIT,260646,0,0,43,22
5,12,3.502467e6,-1.674186945213691,-1.0931610449562763,TIME_LIMIT,260698,0,0,22,9
5,12,3.502987e6,-1.674186945213691,-1.0931610449562763,TIME_LIMIT,260727,0,0,35,32
5,12,3.503503e6,-1.6741826631853551,-1.0931610449562763,TIME_LIMIT,260777,0,0,32,13
5,12,3.503841e6,-1.6741826631853551,-1.0931610449562763,TIME_LIMIT,260809,0,0,35,15
5,12,3.504357e6,-1.6741643364996701,-1.0931610449562763,TIME_LIMIT,260849,0,0,14,8
5,12,3.504878e6,-1.6741643364996701,-1.0931610449562763,TIME_LIMIT,260878,0,0,44,31
5,12,3.505395e6,-1.6741430171780103,-1.0931610449562763,TIME_LIMIT,260932,0,0,20,6
5,12,3.505914e6,-1.6741430171780103,-1.0931610449562763,TIME_LIMIT,260955,0,0,31,27
5,12,3.506431e6,-1.6741367020619782,-1.0931610449562763,TIME_LIMIT,261002,0,0,22,7
5,12,3.506932e6,-1.6741367020619782,-1.0931610449562763,TIME_LIMIT,261032,0,0,14,16
5,12,3.507451e6,-1.6741214133174778,-1.0931610449562763,TIME_LIMIT,261079,0,0,24,19
5,12,3.50797e6,-1.6741214133174778,-1.0931610449562763,TIME_LIMIT,261113,0,0,44,37
5,12,3.50849e6,-1.6741000421583057,-1.0931610449562763,TIME_LIMIT,261172,0,0,31,23
5,12,3.50901e6,-1.6741000421583057,-1.0931610449562763,TIME_LIMIT,261206,0,0,37,38
5,12,3.509529e6,-1.6740583804506948,-1.0931610449562763,TIME_LIMIT,261255,0,0,29,20
5,12,3.510047e6,-1.6740583804506948,-1.0931610449562763,TIME_LIMIT,261281,0,0,37,30
5,12,3.510566e6,-1.6739653099375522,-1.0931610449562763,TIME_LIMIT,261342,0,0,33,19
5,12,3.511082e6,-1.6739653099375522,-1.0931610449562763,TIME_LIMIT,261384,0,0,34,21
5,12,3.511601e6,-1.6739523954320248,-1.0931610449562763,TIME_LIMIT,261419,0,0,31,14
5,12,3.512118e6,-1.6739523954320248,-1.0931610449562763,TIME_LIMIT,261444,0,0,29,15
5,12,3.512509e6,-1.6739482082155266,-1.0931610449562763,TIME_LIMIT,261485,0,0,23,13
5,12,3.513031e6,-1.6739482082155266,-1.0931610449562763,TIME_LIMIT,261521,0,0,44,27
5,12,3.51355e6,-1.67392612993629,-1.0931610449562763,TIME_LIMIT,261575,0,0,33,11
5,12,3.514067e6,-1.67392612993629,-1.0931610449562763,TIME_LIMIT,261607,0,0,23,16
5,12,3.514584e6,-1.6739063489265307,-1.0931610449562763,TIME_LIMIT,261640,0,0,19,9
5,12,3.515102e6,-1.6739063489265307,-1.0931610449562763,TIME_LIMIT,261678,0,0,32,19
5,12,3.515621e6,-1.6738709138913614,-1.0931610449562763,TIME_LIMIT,261710,0,0,32,18
5,12,3.516141e6,-1.6738709138913614,-1.0931610449562763,TIME_LIMIT,261736,0,0,42,49
5,12,3.516658e6,-1.6738613401674378,-1.0931610449562763,TIME_LIMIT,261790,0,0,17,14
5,12,3.517173e6,-1.6738613401674378,-1.0931610449562763,TIME_LIMIT,261818,0,0,36,15
5,12,3.517593e6,-1.673827664395237,-1.0931610449562763,TIME_LIMIT,261865,0,0,17,8
5,12,3.51811e6,-1.673827664395237,-1.0931610449562763,TIME_LIMIT,261908,0,0,22,20
5,12,3.518628e6,-1.6738255978775651,-1.0931610449562763,TIME_LIMIT,261957,0,0,28,21
5,12,3.519149e6,-1.6738255978775651,-1.0931610449562763,TIME_LIMIT,261989,0,0,22,5
5,12,3.519667e6,-1.6738253073088682,-1.0931610449562763,TIME_LIMIT,262025,0,0,27,11
5,12,3.520188e6,-1.6738253073088682,-1.0931610449562763,TIME_LIMIT,262058,0,0,24,27
5,12,3.52071e6,-1.673819349159442,-1.0931610449562763,TIME_LIMIT,262105,0,0,27,20
5,12,3.521229e6,-1.673819349159442,-1.0931610449562763,TIME_LIMIT,262141,0,0,27,18
5,12,3.52175e6,-1.6738154646066727,-1.0931610449562763,TIME_LIMIT,262195,0,0,32,9
5,12,3.522269e6,-1.6738154646066727,-1.0931610449562763,TIME_LIMIT,262222,0,0,34,38
5,12,3.522788e6,-1.6738025968233774,-1.0931610449562763,TIME_LIMIT,262271,0,0,12,8
5,12,3.52329e6,-1.6738025968233774,-1.0931610449562763,TIME_LIMIT,262305,0,0,36,20
5,12,3.52381e6,-1.6737967091678383,-1.0931610449562763,TIME_LIMIT,262357,0,0,14,12
5,12,3.524331e6,-1.6737967091678383,-1.0931610449562763,TIME_LIMIT,262385,0,0,19,21
5,12,3.524854e6,-1.6737921043761312,-1.0931610449562763,TIME_LIMIT,262426,0,0,25,15
5,12,3.525378e6,-1.6737921043761312,-1.0931610449562763,TIME_LIMIT,262464,0,0,48,20
5,12,3.525898e6,-1.6737661240088972,-1.0931610449562763,TIME_LIMIT,262513,0,0,28,14
5,12,3.526416e6,-1.6737661240088972,-1.0931610449562763,TIME_LIMIT,262549,0,0,31,19
5,12,3.526934e6,-1.6737628995244107,-1.0931610449562763,TIME_LIMIT,262587,0,0,25,10
5,12,3.527453e6,-1.6737628995244107,-1.0931610449562763,TIME_LIMIT,262623,0,0,31,23
5,12,3.527973e6,-1.6737425645041444,-1.0931610449562763,TIME_LIMIT,262669,0,0,18,7
5,12,3.528492e6,-1.6737425645041444,-1.0931610449562763,TIME_LIMIT,262701,0,0,29,14
5,12,3.529009e6,-1.673739253403212,-1.0931610449562763,TIME_LIMIT,262734,0,0,30,8
5,12,3.529528e6,-1.673739253403212,-1.0931610449562763,TIME_LIMIT,262776,0,0,38,11
5,12,3.530047e6,-1.6737220579671739,-1.0931610449562763,TIME_LIMIT,262809,0,0,31,16
5,12,3.530546e6,-1.6737220579671739,-1.0931610449562763,TIME_LIMIT,262839,0,0,36,18
5,12,3.531065e6,-1.673718361543334,-1.0931610449562763,TIME_LIMIT,262884,0,0,21,9
5,12,3.531583e6,-1.673718361543334,-1.0931610449562763,TIME_LIMIT,262919,0,0,32,28
5,12,3.532102e6,-1.67370584559995,-1.0931610449562763,TIME_LIMIT,262956,0,0,31,16
5,12,3.532623e6,-1.67370584559995,-1.0931610449562763,TIME_LIMIT,262986,0,0,32,15
5,12,3.533142e6,-1.6736650505751043,-1.0931610449562763,TIME_LIMIT,263033,0,0,30,9
5,12,3.533661e6,-1.6736650505751043,-1.0931610449562763,TIME_LIMIT,263068,0,0,31,22
5,12,3.534179e6,-1.6736416047158218,-1.0931610449562763,TIME_LIMIT,263113,0,0,10,9
5,12,3.534697e6,-1.6736416047158218,-1.0931610449562763,TIME_LIMIT,263146,0,0,43,25
5,12,3.535215e6,-1.6736226351163759,-1.0931610449562763,TIME_LIMIT,263188,0,0,26,17
5,12,3.535734e6,-1.6736226351163759,-1.0931610449562763,TIME_LIMIT,263219,0,0,41,30
5,12,3.536255e6,-1.6736108453609568,-1.0931610449562763,TIME_LIMIT,263275,0,0,30,16
5,12,3.536774e6,-1.6736108453609568,-1.0931610449562763,TIME_LIMIT,263305,0,0,30,28
5,12,3.537297e6,-1.6736069138061864,-1.0931610449562763,TIME_LIMIT,263353,0,0,19,9
5,12,3.537797e6,-1.6736069138061864,-1.0931610449562763,TIME_LIMIT,263384,0,0,38,24
5,12,3.538317e6,-1.6736054185789342,-1.0931610449562763,TIME_LIMIT,263438,0,0,25,10
5,12,3.538837e6,-1.6736054185789342,-1.0931610449562763,TIME_LIMIT,263470,0,0,36,13
5,12,3.539357e6,-1.6735961338953498,-1.0931610449562763,TIME_LIMIT,263504,0,0,32,15
5,12,3.539877e6,-1.6735961338953498,-1.0931610449562763,TIME_LIMIT,263542,0,0,23,33
5,12,3.540398e6,-1.6735937947703217,-1.0931610449562763,TIME_LIMIT,263597,0,0,37,18
5,12,3.540919e6,-1.6735937947703217,-1.0931610449562763,TIME_LIMIT,263629,0,0,45,43
5,12,3.541439e6,-1.6735767749435306,-1.0931610449562763,TIME_LIMIT,263677,0,0,22,16
5,12,3.541958e6,-1.6735767749435306,-1.0931610449562763,TIME_LIMIT,263707,0,0,29,16
5,12,3.542479e6,-1.6735109549003928,-1.0931610449562763,TIME_LIMIT,263758,0,0,30,13
5,12,3.543037e6,-1.6735109549003928,-1.0931610449562763,TIME_LIMIT,263787,0,0,33,27
5,12,3.543572e6,-1.6735007128047095,-1.0931610449562763,TIME_LIMIT,263842,0,0,36,8
5,12,3.544093e6,-1.6735007128047095,-1.0931610449562763,TIME_LIMIT,263881,0,0,49,32
5,12,3.544612e6,-1.6734574861101217,-1.0931610449562763,TIME_LIMIT,263938,0,0,35,16
5,12,3.545115e6,-1.6734574861101217,-1.0931610449562763,TIME_LIMIT,263964,0,0,35,31
5,12,3.545637e6,-1.673452850462623,-1.0931610449562763,TIME_LIMIT,264009,0,0,29,14
5,12,3.54616e6,-1.673452850462623,-1.0931610449562763,TIME_LIMIT,264040,0,0,20,36
5,12,3.546681e6,-1.673446943477579,-1.0931610449562763,TIME_LIMIT,264087,0,0,23,16
5,12,3.547203e6,-1.673446943477579,-1.0931610449562763,TIME_LIMIT,264125,0,0,36,17
5,12,3.547722e6,-1.673404864602641,-1.0931610449562763,TIME_LIMIT,264160,0,0,28,7
5,12,3.548242e6,-1.673404864602641,-1.0931610449562763,TIME_LIMIT,264197,0,0,37,27
5,12,3.548762e6,-1.6733760323276068,-1.0931610449562763,TIME_LIMIT,264229,0,0,22,9
5,12,3.549306e6,-1.6733760323276068,-1.0931610449562763,TIME_LIMIT,264273,0,0,19,12
5,12,3.54983e6,-1.6733643930572752,-1.0931610449562763,TIME_LIMIT,264310,0,0,37,14
5,12,3.55035e6,-1.6733643930572752,-1.0931610449562763,TIME_LIMIT,264342,0,0,26,14
5,12,3.550842e6,-1.67335992076451,-1.0931610449562763,TIME_LIMIT,264386,0,0,23,16
5,12,3.551325e6,-1.67335992076451,-1.0931610449562763,TIME_LIMIT,264428,0,0,39,11
5,12,3.5518e6,-1.6733349458407853,-1.0931610449562763,TIME_LIMIT,264470,0,0,35,11
5,12,3.552321e6,-1.6733349458407853,-1.0931610449562763,TIME_LIMIT,264510,0,0,37,18
5,12,3.552841e6,-1.6733231334531042,-1.0931610449562763,TIME_LIMIT,264549,0,0,28,7
5,12,3.553358e6,-1.6733231334531042,-1.0931610449562763,TIME_LIMIT,264585,0,0,29,3
5,12,3.553767e6,-1.6733228417188595,-1.0931610449562763,TIME_LIMIT,264630,0,0,32,14
5,12,3.554289e6,-1.6733228417188595,-1.0931610449562763,TIME_LIMIT,264672,0,0,44,14
5,12,3.554808e6,-1.673315769204793,-1.0931610449562763,TIME_LIMIT,264711,0,0,34,7
5,12,3.55533e6,-1.673315769204793,-1.0931610449562763,TIME_LIMIT,264747,0,0,44,25
5,12,3.55585e6,-1.673310091092362,-1.0931610449562763,TIME_LIMIT,264782,0,0,35,13
5,12,3.556373e6,-1.673310091092362,-1.0931610449562763,TIME_LIMIT,264818,0,0,39,58
5,12,3.556893e6,-1.6732855948606271,-1.0931610449562763,TIME_LIMIT,264876,0,0,27,13
5,12,3.557415e6,-1.6732855948606271,-1.0931610449562763,TIME_LIMIT,264904,0,0,37,35
5,12,3.557934e6,-1.6732662120119017,-1.0931610449562763,TIME_LIMIT,264962,0,0,17,16
5,12,3.558453e6,-1.6732662120119017,-1.0931610449562763,TIME_LIMIT,264996,0,0,36,25
5,12,3.558971e6,-1.6732371486402937,-1.0931610449562763,TIME_LIMIT,265031,0,0,14,10
5,12,3.55949e6,-1.6732371486402937,-1.0931610449562763,TIME_LIMIT,265064,0,0,28,40
5,12,3.560007e6,-1.6731498509250518,-1.0931610449562763,TIME_LIMIT,265115,0,0,33,9
5,12,3.560508e6,-1.6731498509250518,-1.0931610449562763,TIME_LIMIT,265143,0,0,40,34
5,12,3.56103e6,-1.673134901756611,-1.0931610449562763,TIME_LIMIT,265193,0,0,22,6
5,12,3.561552e6,-1.673134901756611,-1.0931610449562763,TIME_LIMIT,265229,0,0,46,17
5,12,3.562073e6,-1.6731247154413795,-1.0931610449562763,TIME_LIMIT,265282,0,0,35,12
5,12,3.562591e6,-1.6731247154413795,-1.0931610449562763,TIME_LIMIT,265311,0,0,26,8
5,12,3.563111e6,-1.6731139540029503,-1.0931610449562763,TIME_LIMIT,265362,0,0,33,12
5,12,3.563631e6,-1.6731139540029503,-1.0931610449562763,TIME_LIMIT,265398,0,0,36,35
5,12,3.56415e6,-1.6730751457862991,-1.0931610449562763,TIME_LIMIT,265433,0,0,31,27
5,12,3.564668e6,-1.6730751457862991,-1.0931610449562763,TIME_LIMIT,265460,0,0,22,9
5,12,3.565187e6,-1.6730704662719629,-1.0931610449562763,TIME_LIMIT,265509,0,0,30,9
5,12,3.565706e6,-1.6730704662719629,-1.0931610449562763,TIME_LIMIT,265535,0,0,35,26
5,12,3.566224e6,-1.6730630263160844,-1.0931610449562763,TIME_LIMIT,265588,0,0,16,11
5,12,3.566742e6,-1.6730630263160844,-1.0931610449562763,TIME_LIMIT,265616,0,0,37,19
5,12,3.567244e6,-1.6730551328585423,-1.0931610449562763,TIME_LIMIT,265666,0,0,27,12
5,12,3.567766e6,-1.6730551328585423,-1.0931610449562763,TIME_LIMIT,265704,0,0,42,20
5,12,3.568288e6,-1.6730511238541028,-1.0931610449562763,TIME_LIMIT,265734,0,0,34,14
5,12,3.568808e6,-1.6730511238541028,-1.0931610449562763,TIME_LIMIT,265762,0,0,29,28
5,12,3.569328e6,-1.6730286820688978,-1.0931610449562763,TIME_LIMIT,265804,0,0,23,14
5,12,3.569799e6,-1.6730286820688978,-1.0931610449562763,TIME_LIMIT,265837,0,0,27,11
5,12,3.570318e6,-1.6730069950639865,-1.0931610449562763,TIME_LIMIT,265886,0,0,11,5
5,12,3.570838e6,-1.6730069950639865,-1.0931610449562763,TIME_LIMIT,265922,0,0,33,10
5,12,3.571358e6,-1.6729807188080053,-1.0931610449562763,TIME_LIMIT,265963,0,0,31,14
5,12,3.571878e6,-1.6729807188080053,-1.0931610449562763,TIME_LIMIT,266004,0,0,37,24
5,12,3.572379e6,-1.6729784510535137,-1.0931610449562763,TIME_LIMIT,266038,0,0,28,17
5,12,3.572787e6,-1.6729784510535137,-1.0931610449562763,TIME_LIMIT,266076,0,0,39,22
5,12,3.573305e6,-1.6729781014503355,-1.0931610449562763,TIME_LIMIT,266101,0,0,28,26
5,12,3.573825e6,-1.6729781014503355,-1.0931610449562763,TIME_LIMIT,266134,0,0,28,20
5,12,3.574343e6,-1.6729560246537387,-1.0931610449562763,TIME_LIMIT,266183,0,0,20,11
5,12,3.574864e6,-1.6729560246537387,-1.0931610449562763,TIME_LIMIT,266230,0,0,36,21
5,12,3.575384e6,-1.6729463459203537,-1.0931610449562763,TIME_LIMIT,266272,0,0,38,18
5,12,3.575886e6,-1.6729463459203537,-1.0931610449562763,TIME_LIMIT,266313,0,0,30,24
5,12,3.576406e6,-1.67294604628947,-1.0931610449562763,TIME_LIMIT,266356,0,0,21,9
5,12,3.576928e6,-1.67294604628947,-1.0931610449562763,TIME_LIMIT,266387,0,0,42,26
5,12,3.577449e6,-1.6729139652649418,-1.0931610449562763,TIME_LIMIT,266442,0,0,24,9
5,12,3.577969e6,-1.6729139652649418,-1.0931610449562763,TIME_LIMIT,266473,0,0,40,36
5,12,3.578489e6,-1.6729077522466473,-1.0931610449562763,TIME_LIMIT,266531,0,0,40,13
5,12,3.579014e6,-1.6729077522466473,-1.0931610449562763,TIME_LIMIT,266559,0,0,42,51
5,12,3.579537e6,-1.6729004169565445,-1.0931610449562763,TIME_LIMIT,266612,0,0,36,27
5,12,3.580059e6,-1.6729004169565445,-1.0931610449562763,TIME_LIMIT,266640,0,0,32,29
5,12,3.580579e6,-1.6728754642768504,-1.0931610449562763,TIME_LIMIT,266686,0,0,21,7
5,12,3.5811e6,-1.6728754642768504,-1.0931610449562763,TIME_LIMIT,266719,0,0,49,32
5,12,3.581622e6,-1.672871277231928,-1.0931610449562763,TIME_LIMIT,266774,0,0,31,16
5,12,3.582139e6,-1.672871277231928,-1.0931610449562763,TIME_LIMIT,266801,0,0,23,21
5,12,3.58264e6,-1.6728644516299538,-1.0931610449562763,TIME_LIMIT,266846,0,0,30,22
5,12,3.583157e6,-1.6728644516299538,-1.0931610449562763,TIME_LIMIT,266886,0,0,37,15
5,12,3.583676e6,-1.6728371905073867,-1.0931610449562763,TIME_LIMIT,266922,0,0,27,6
5,12,3.584198e6,-1.6728371905073867,-1.0931610449562763,TIME_LIMIT,266955,0,0,31,30
5,12,3.584717e6,-1.6728260057442834,-1.0931610449562763,TIME_LIMIT,267007,0,0,25,15
5,12,3.585241e6,-1.6728260057442834,-1.0931610449562763,TIME_LIMIT,267046,0,0,40,22
5,12,3.58576e6,-1.6728194508524359,-1.0931610449562763,TIME_LIMIT,267080,0,0,30,26
5,12,3.586281e6,-1.6728194508524359,-1.0931610449562763,TIME_LIMIT,267111,0,0,35,21
5,12,3.586802e6,-1.6728089168040035,-1.0931610449562763,TIME_LIMIT,267156,0,0,27,19
5,12,3.587324e6,-1.6728089168040035,-1.0931610449562763,TIME_LIMIT,267197,0,0,51,32
5,12,3.587844e6,-1.6728026002239085,-1.0931610449562763,TIME_LIMIT,267252,0,0,32,8
5,12,3.588364e6,-1.6728026002239085,-1.0931610449562763,TIME_LIMIT,267281,0,0,46,42
5,12,3.588884e6,-1.6727897789749306,-1.0931610449562763,TIME_LIMIT,267336,0,0,21,13
5,12,3.589386e6,-1.6727897789749306,-1.0931610449562763,TIME_LIMIT,267368,0,0,27,19
5,12,3.589906e6,-1.6727872293209582,-1.0931610449562763,TIME_LIMIT,267414,0,0,29,8
5,12,3.590427e6,-1.6727872293209582,-1.0931610449562763,TIME_LIMIT,267446,0,0,30,21
5,12,3.590946e6,-1.6727792997700184,-1.0931610449562763,TIME_LIMIT,267497,0,0,27,8
5,12,3.591472e6,-1.6727792997700184,-1.0931610449562763,TIME_LIMIT,267530,0,0,16,18
5,12,3.591992e6,-1.672774860701315,-1.0931610449562763,TIME_LIMIT,267579,0,0,31,10
5,12,3.592514e6,-1.672774860701315,-1.0931610449562763,TIME_LIMIT,267618,0,0,46,41
5,12,3.593035e6,-1.6727369153315201,-1.0931610449562763,TIME_LIMIT,267663,0,0,24,14
5,12,3.593546e6,-1.6727369153315201,-1.0931610449562763,TIME_LIMIT,267692,0,0,23,23
5,12,3.594064e6,-1.6727320532567955,-1.0931610449562763,TIME_LIMIT,267735,0,0,21,10
5,12,3.594587e6,-1.6727320532567955,-1.0931610449562763,TIME_LIMIT,267764,0,0,37,46
5,12,3.595107e6,-1.6727290217695148,-1.0931610449562763,TIME_LIMIT,267819,0,0,32,15
5,12,3.595609e6,-1.6727290217695148,-1.0931610449562763,TIME_LIMIT,267857,0,0,33,16
5,12,3.596128e6,-1.6727283879864914,-1.0931610449562763,TIME_LIMIT,267891,0,0,35,19
5,12,3.596653e6,-1.6727283879864914,-1.0931610449562763,TIME_LIMIT,267927,0,0,35,39
5,12,3.597178e6,-1.672727289210203,-1.0931610449562763,TIME_LIMIT,267964,0,0,32,21
5,12,3.597699e6,-1.672727289210203,-1.0931610449562763,TIME_LIMIT,267993,0,0,30,25
5,12,3.598221e6,-1.672713020580745,-1.0931610449562763,TIME_LIMIT,268044,0,0,16,4
5,12,3.598741e6,-1.672713020580745,-1.0931610449562763,TIME_LIMIT,268079,0,0,25,14
5,12,3.59923e6,-1.6727072778612173,-1.0931610449562763,TIME_LIMIT,268132,0,0,17,8
5,12,3.599699e6,-1.6727072778612173,-1.0931610449562763,TIME_LIMIT,268174,0,0,36,16
5,12,3.600002e6,-1.6727043826255534,-1.0931610449562763,TIME_LIMIT,268203,0,0,25,9
