seed,dimension,time,lowerBound,upperBound,termination,LMOcalls,localTighteings,globalTightenings,list_active_set_size_cb,list_discarded_set_size_cb
4,10,293.0,-7.473728669837502,-0.34023473495266804,TIME_LIMIT,63,0,0,22,0
4,10,467.0,-7.473728669837502,-0.34023473495266804,TIME_LIMIT,94,0,0,24,0
4,10,661.0,-7.359625408200148,-0.34023473495266804,TIME_LIMIT,134,0,0,32,0
4,10,987.0,-7.359625408200148,-2.017246857975933,TIME_LIMIT,168,0,0,12,0
4,10,1299.0,-7.313891750863416,-2.017246857975933,TIME_LIMIT,213,0,0,31,0
4,10,1589.0,-7.313891750863416,-2.017246857975933,TIME_LIMIT,242,0,0,33,0
4,10,1873.0,-7.313891750863416,-2.017246857975933,TIME_LIMIT,289,0,0,30,0
4,10,2185.0,-7.313891750863416,-2.017246857975933,TIME_LIMIT,326,0,0,23,0
4,10,2475.0,-7.269985851886423,-2.1190410173193364,TIME_LIMIT,377,0,0,35,0
4,10,2765.0,-7.269985851886423,-2.1190410173193364,TIME_LIMIT,399,0,0,38,0
4,10,3076.0,-7.245284121031461,-2.1190410173193364,TIME_LIMIT,450,0,0,29,0
4,10,3368.0,-7.245284121031461,-2.1190410173193364,TIME_LIMIT,474,0,0,40,0
4,10,3654.0,-7.209013117896445,-2.1190410173193364,TIME_LIMIT,518,0,0,27,0
4,10,3969.0,-7.209013117896445,-2.1190410173193364,TIME_LIMIT,544,0,0,43,0
4,10,4258.0,-7.195226833307764,-2.1190410173193364,TIME_LIMIT,596,0,0,32,0
4,10,4547.0,-7.195226833307764,-2.1190410173193364,TIME_LIMIT,630,0,0,39,0
4,10,4860.0,-7.107942890383677,-2.1190410173193364,TIME_LIMIT,681,0,0,30,0
4,10,5147.0,-7.107942890383677,-2.1190410173193364,TIME_LIMIT,722,0,0,30,0
4,10,5436.0,-7.055234651621004,-2.1190410173193364,TIME_LIMIT,753,0,0,31,0
4,10,5643.0,-7.055234651621004,-2.1190410173193364,TIME_LIMIT,783,0,0,30,0
4,10,5956.0,-7.009241076167077,-2.1190410173193364,TIME_LIMIT,835,0,0,29,0
4,10,6246.0,-7.009241076167077,-2.1190410173193364,TIME_LIMIT,864,0,0,22,0
4,10,6531.0,-6.992020170296476,-2.1190410173193364,TIME_LIMIT,917,0,0,32,0
4,10,6848.0,-6.992020170296476,-2.1190410173193364,TIME_LIMIT,948,0,0,41,0
4,10,7132.0,-6.992020170296476,-2.1190410173193364,TIME_LIMIT,995,0,0,25,0
4,10,7422.0,-6.992020170296476,-2.1190410173193364,TIME_LIMIT,1022,0,0,45,0
4,10,7735.0,-6.992020170296476,-2.1257094759365476,TIME_LIMIT,1076,0,0,27,0
4,10,8028.0,-6.992020170296476,-2.1257094759365476,TIME_LIMIT,1101,0,0,42,0
4,10,8313.0,-6.992020170296476,-2.1257094759365476,TIME_LIMIT,1152,0,0,33,0
4,10,8629.0,-6.992020170296476,-2.1257094759365476,TIME_LIMIT,1182,0,0,37,0
4,10,8918.0,-6.992020170296476,-2.1257094759365476,TIME_LIMIT,1225,0,0,27,0
4,10,9206.0,-6.992020170296476,-2.1257094759365476,TIME_LIMIT,1259,0,0,36,0
4,10,9522.0,-6.992020170296476,-2.1257094759365476,TIME_LIMIT,1308,0,0,20,0
4,10,9812.0,-6.992020170296476,-2.1257094759365476,TIME_LIMIT,1339,0,0,40,0
4,10,10099.0,-6.970827291654316,-2.1257094759365476,TIME_LIMIT,1394,0,0,31,0
4,10,10412.0,-6.970827291654316,-2.1257094759365476,TIME_LIMIT,1416,0,0,38,0
4,10,10701.0,-6.970827291654316,-2.1257094759365476,TIME_LIMIT,1469,0,0,27,0
4,10,10991.0,-6.970827291654316,-2.1257094759365476,TIME_LIMIT,1498,0,0,35,0
4,10,11300.0,-6.970827291654316,-2.1257094759365476,TIME_LIMIT,1554,0,0,32,0
4,10,11591.0,-6.970827291654316,-2.1257094759365476,TIME_LIMIT,1589,0,0,34,0
4,10,11878.0,-6.970827291654316,-2.298181822015511,TIME_LIMIT,1635,0,0,29,0
4,10,12193.0,-6.970827291654316,-2.298181822015511,TIME_LIMIT,1667,0,0,43,0
4,10,12481.0,-6.970827291654316,-2.298181822015511,TIME_LIMIT,1718,0,0,29,0
4,10,12770.0,-6.970827291654316,-2.298181822015511,TIME_LIMIT,1743,0,0,30,0
4,10,13083.0,-6.970827291654316,-2.298181822015511,TIME_LIMIT,1791,0,0,26,0
4,10,13374.0,-6.970827291654316,-2.298181822015511,TIME_LIMIT,1824,0,0,25,0
4,10,13663.0,-6.970827291654316,-2.298181822015511,TIME_LIMIT,1873,0,0,19,0
4,10,13974.0,-6.970827291654316,-2.298181822015511,TIME_LIMIT,1910,0,0,24,0
4,10,14266.0,-6.970827291654316,-2.298181822015511,TIME_LIMIT,1942,0,0,39,0
4,10,14552.0,-6.970827291654316,-2.298181822015511,TIME_LIMIT,1981,0,0,32,0
4,10,14865.0,-6.970827291654316,-2.298181822015511,TIME_LIMIT,2018,0,0,23,0
4,10,15156.0,-6.970827291654316,-2.298181822015511,TIME_LIMIT,2059,0,0,33,0
4,10,15441.0,-6.970827291654316,-2.298181822015511,TIME_LIMIT,2114,0,0,34,0
4,10,15765.0,-6.970827291654316,-2.298181822015511,TIME_LIMIT,2148,0,0,7,0
4,10,16054.0,-6.970827291654316,-2.298181822015511,TIME_LIMIT,2187,0,0,28,0
4,10,16342.0,-6.970827291654316,-2.298181822015511,TIME_LIMIT,2214,0,0,34,0
4,10,16655.0,-6.970827291654316,-2.298181822015511,TIME_LIMIT,2263,0,0,26,0
4,10,16945.0,-6.970827291654316,-2.298181822015511,TIME_LIMIT,2297,0,0,38,0
4,10,17231.0,-6.970827291654316,-2.298181822015511,TIME_LIMIT,2347,0,0,27,0
4,10,17543.0,-6.970827291654316,-2.298181822015511,TIME_LIMIT,2373,0,0,24,0
4,10,17830.0,-6.970827291654316,-2.298181822015511,TIME_LIMIT,2416,0,0,25,0
4,10,18117.0,-6.970827291654316,-2.298181822015511,TIME_LIMIT,2444,0,0,42,0
4,10,18426.0,-6.970827291654316,-2.298181822015511,TIME_LIMIT,2490,0,0,18,0
4,10,18715.0,-6.970827291654316,-2.298181822015511,TIME_LIMIT,2519,0,0,22,0
4,10,18998.0,-6.970827291654316,-2.298181822015511,TIME_LIMIT,2565,0,0,26,0
4,10,19309.0,-6.970827291654316,-2.298181822015511,TIME_LIMIT,2590,0,0,31,0
4,10,19606.0,-6.970827291654316,-2.298181822015511,TIME_LIMIT,2637,0,0,24,0
4,10,19912.0,-6.970827291654316,-2.298181822015511,TIME_LIMIT,2673,0,0,31,0
4,10,20224.0,-6.970827291654316,-2.298181822015511,TIME_LIMIT,2719,0,0,25,0
4,10,20510.0,-6.970827291654316,-2.298181822015511,TIME_LIMIT,2740,0,0,27,0
4,10,20797.0,-6.970827291654316,-2.298181822015511,TIME_LIMIT,2794,0,0,27,0
4,10,21108.0,-6.970827291654316,-2.298181822015511,TIME_LIMIT,2820,0,0,34,0
4,10,21395.0,-6.970827291654316,-2.298181822015511,TIME_LIMIT,2864,0,0,21,0
4,10,21679.0,-6.970827291654316,-2.298181822015511,TIME_LIMIT,2891,0,0,28,0
4,10,21992.0,-6.970827291654316,-2.298181822015511,TIME_LIMIT,2939,0,0,29,0
4,10,22280.0,-6.970827291654316,-2.298181822015511,TIME_LIMIT,2968,0,0,26,0
4,10,22563.0,-6.970827291654316,-2.298181822015511,TIME_LIMIT,3017,0,0,26,0
4,10,22876.0,-6.970827291654316,-2.298181822015511,TIME_LIMIT,3046,0,0,30,0
4,10,23164.0,-6.970827291654316,-2.298181822015511,TIME_LIMIT,3089,0,0,22,0
4,10,23450.0,-6.970827291654316,-2.298181822015511,TIME_LIMIT,3122,0,0,39,0
4,10,23784.0,-6.970056389008969,-2.298181822015511,TIME_LIMIT,3163,0,0,19,0
4,10,24085.0,-6.970056389008969,-2.298181822015511,TIME_LIMIT,3191,0,0,37,0
4,10,24369.0,-6.963730382084826,-2.298181822015511,TIME_LIMIT,3236,0,0,21,0
4,10,24679.0,-6.963730382084826,-2.298181822015511,TIME_LIMIT,3273,0,0,26,0
4,10,24968.0,-6.963730382084826,-2.298181822015511,TIME_LIMIT,3316,0,0,24,0
4,10,25251.0,-6.963730382084826,-2.298181822015511,TIME_LIMIT,3340,0,0,21,0
4,10,25562.0,-6.963008341807463,-2.298181822015511,TIME_LIMIT,3388,0,0,27,0
4,10,25852.0,-6.963008341807463,-2.298181822015511,TIME_LIMIT,3414,0,0,30,0
4,10,26139.0,-6.946279446482393,-2.298181822015511,TIME_LIMIT,3461,0,0,26,0
4,10,26451.0,-6.946279446482393,-2.298181822015511,TIME_LIMIT,3485,0,0,12,0
4,10,26741.0,-6.940781393137403,-2.298181822015511,TIME_LIMIT,3533,0,0,20,0
4,10,27024.0,-6.940781393137403,-2.298181822015511,TIME_LIMIT,3562,0,0,32,0
4,10,27334.0,-6.940781393137403,-2.298181822015511,TIME_LIMIT,3613,0,0,30,0
4,10,27629.0,-6.940781393137403,-2.298181822015511,TIME_LIMIT,3648,0,0,48,0
4,10,27944.0,-6.936020459138061,-2.298181822015511,TIME_LIMIT,3691,0,0,29,0
4,10,28256.0,-6.936020459138061,-2.298181822015511,TIME_LIMIT,3725,0,0,31,0
4,10,28539.0,-6.92621307648483,-2.298181822015511,TIME_LIMIT,3777,0,0,30,0
4,10,28819.0,-6.92621307648483,-2.298181822015511,TIME_LIMIT,3809,0,0,34,0
4,10,29125.0,-6.924891590049969,-2.298181822015511,TIME_LIMIT,3862,0,0,14,0
4,10,29408.0,-6.924891590049969,-2.298181822015511,TIME_LIMIT,3894,0,0,42,0
4,10,29686.0,-6.917601719665162,-2.298181822015511,TIME_LIMIT,3937,0,0,26,0
4,10,29994.0,-6.917601719665162,-2.298181822015511,TIME_LIMIT,3972,0,0,31,0
4,10,30277.0,-6.917601719665162,-2.298181822015511,TIME_LIMIT,4012,0,0,26,0
4,10,30556.0,-6.917601719665162,-2.298181822015511,TIME_LIMIT,4042,0,0,38,0
4,10,30863.0,-6.908201264717965,-2.298181822015511,TIME_LIMIT,4092,0,0,29,0
4,10,31143.0,-6.908201264717965,-2.298181822015511,TIME_LIMIT,4134,0,0,25,0
4,10,31422.0,-6.908201264717965,-2.298181822015511,TIME_LIMIT,4171,0,0,37,0
4,10,31727.0,-6.908201264717965,-2.298181822015511,TIME_LIMIT,4206,0,0,35,0
4,10,32005.0,-6.908201264717965,-2.298181822015511,TIME_LIMIT,4252,0,0,22,0
4,10,32285.0,-6.908201264717965,-2.298181822015511,TIME_LIMIT,4281,0,0,44,0
4,10,32585.0,-6.908201264717965,-2.298181822015511,TIME_LIMIT,4326,0,0,30,0
4,10,32865.0,-6.908201264717965,-2.298181822015511,TIME_LIMIT,4357,0,0,23,0
4,10,33140.0,-6.908201264717965,-2.298181822015511,TIME_LIMIT,4403,0,0,27,0
4,10,33445.0,-6.908201264717965,-2.298181822015511,TIME_LIMIT,4426,0,0,34,0
4,10,33723.0,-6.908201264717965,-2.298181822015511,TIME_LIMIT,4479,0,0,16,0
4,10,34001.0,-6.908201264717965,-2.298181822015511,TIME_LIMIT,4513,0,0,29,0
4,10,34303.0,-6.908201264717965,-2.336791953257632,TIME_LIMIT,4553,0,0,24,0
4,10,34585.0,-6.908201264717965,-2.336791953257632,TIME_LIMIT,4593,0,0,36,0
4,10,34863.0,-6.908201264717965,-2.336791953257632,TIME_LIMIT,4636,0,0,32,0
4,10,35166.0,-6.908201264717965,-2.336791953257632,TIME_LIMIT,4670,0,0,27,0
4,10,35446.0,-6.908201264717965,-2.336791953257632,TIME_LIMIT,4708,0,0,34,0
4,10,35724.0,-6.908201264717965,-2.336791953257632,TIME_LIMIT,4733,0,0,17,0
4,10,36025.0,-6.908201264717965,-2.336791953257632,TIME_LIMIT,4777,0,0,24,0
4,10,36305.0,-6.908201264717965,-2.336791953257632,TIME_LIMIT,4803,0,0,28,0
4,10,36584.0,-6.908201264717965,-2.336791953257632,TIME_LIMIT,4848,0,0,24,0
4,10,36888.0,-6.908201264717965,-2.336791953257632,TIME_LIMIT,4869,0,0,34,0
4,10,37168.0,-6.908201264717965,-2.336791953257632,TIME_LIMIT,4918,0,0,28,0
4,10,37446.0,-6.908201264717965,-2.336791953257632,TIME_LIMIT,4951,0,0,7,0
4,10,37746.0,-6.908201264717965,-2.336791953257632,TIME_LIMIT,4998,0,0,28,0
4,10,38023.0,-6.908201264717965,-2.336791953257632,TIME_LIMIT,5027,0,0,34,0
4,10,38297.0,-6.908201264717965,-2.336791953257632,TIME_LIMIT,5068,0,0,24,0
4,10,38597.0,-6.908201264717965,-2.336791953257632,TIME_LIMIT,5088,0,0,32,0
4,10,38874.0,-6.908201264717965,-2.336791953257632,TIME_LIMIT,5137,0,0,30,0
4,10,39149.0,-6.908201264717965,-2.336791953257632,TIME_LIMIT,5163,0,0,29,0
4,10,39448.0,-6.901197518601565,-2.336791953257632,TIME_LIMIT,5208,0,0,10,0
4,10,39724.0,-6.901197518601565,-2.336791953257632,TIME_LIMIT,5234,0,0,29,0
4,10,40000.0,-6.899553318869826,-2.336791953257632,TIME_LIMIT,5278,0,0,24,0
4,10,40300.0,-6.899553318869826,-2.336791953257632,TIME_LIMIT,5308,0,0,10,0
4,10,40574.0,-6.899553318869826,-2.336791953257632,TIME_LIMIT,5350,0,0,29,0
4,10,40850.0,-6.899553318869826,-2.336791953257632,TIME_LIMIT,5380,0,0,20,0
4,10,41148.0,-6.899553318869826,-2.336791953257632,TIME_LIMIT,5429,0,0,27,0
4,10,41423.0,-6.899553318869826,-2.336791953257632,TIME_LIMIT,5456,0,0,27,0
4,10,41696.0,-6.899553318869826,-2.336791953257632,TIME_LIMIT,5508,0,0,29,0
4,10,41995.0,-6.899553318869826,-2.336791953257632,TIME_LIMIT,5542,0,0,37,0
4,10,42270.0,-6.899460294427724,-2.336791953257632,TIME_LIMIT,5590,0,0,26,0
4,10,42546.0,-6.899460294427724,-2.336791953257632,TIME_LIMIT,5628,0,0,11,0
4,10,42843.0,-6.892799418706749,-2.336791953257632,TIME_LIMIT,5675,0,0,29,0
4,10,43119.0,-6.892799418706749,-2.336791953257632,TIME_LIMIT,5708,0,0,36,0
4,10,43395.0,-6.892799418706749,-2.336791953257632,TIME_LIMIT,5753,0,0,6,0
4,10,43698.0,-6.892799418706749,-2.336791953257632,TIME_LIMIT,5780,0,0,36,0
4,10,43971.0,-6.892799418706749,-2.336791953257632,TIME_LIMIT,5827,0,0,24,0
4,10,44247.0,-6.892799418706749,-2.336791953257632,TIME_LIMIT,5857,0,0,47,0
4,10,44543.0,-6.892799418706749,-2.336791953257632,TIME_LIMIT,5902,0,0,27,0
4,10,44819.0,-6.892799418706749,-2.336791953257632,TIME_LIMIT,5927,0,0,42,0
4,10,45092.0,-6.892799418706749,-2.336791953257632,TIME_LIMIT,5983,0,0,27,0
4,10,45389.0,-6.892799418706749,-2.336791953257632,TIME_LIMIT,6011,0,0,39,0
4,10,45662.0,-6.892799418706749,-2.336791953257632,TIME_LIMIT,6056,0,0,26,0
4,10,45935.0,-6.892799418706749,-2.336791953257632,TIME_LIMIT,6091,0,0,23,0
4,10,46203.0,-6.892799418706749,-2.336791953257632,TIME_LIMIT,6134,0,0,22,0
4,10,46500.0,-6.892799418706749,-2.336791953257632,TIME_LIMIT,6167,0,0,45,0
4,10,46771.0,-6.892799418706749,-2.336791953257632,TIME_LIMIT,6213,0,0,25,0
4,10,47042.0,-6.892799418706749,-2.336791953257632,TIME_LIMIT,6245,0,0,36,0
4,10,47337.0,-6.892799418706749,-2.336791953257632,TIME_LIMIT,6293,0,0,26,0
4,10,47611.0,-6.892799418706749,-2.336791953257632,TIME_LIMIT,6330,0,0,6,0
4,10,47882.0,-6.892799418706749,-2.336791953257632,TIME_LIMIT,6373,0,0,26,0
4,10,48182.0,-6.892799418706749,-2.336791953257632,TIME_LIMIT,6411,0,0,36,0
4,10,48456.0,-6.892799418706749,-2.336791953257632,TIME_LIMIT,6459,0,0,30,0
4,10,48731.0,-6.892799418706749,-2.336791953257632,TIME_LIMIT,6495,0,0,34,0
4,10,49032.0,-6.892799418706749,-2.336791953257632,TIME_LIMIT,6545,0,0,27,0
4,10,49313.0,-6.892799418706749,-2.336791953257632,TIME_LIMIT,6579,0,0,17,0
4,10,49589.0,-6.892799418706749,-2.336791953257632,TIME_LIMIT,6626,0,0,21,0
4,10,49891.0,-6.892799418706749,-2.336791953257632,TIME_LIMIT,6656,0,0,27,0
4,10,50170.0,-6.892799418706749,-2.336791953257632,TIME_LIMIT,6710,0,0,25,0
4,10,50448.0,-6.892799418706749,-2.336791953257632,TIME_LIMIT,6744,0,0,44,0
4,10,50751.0,-6.892799418706749,-2.336791953257632,TIME_LIMIT,6795,0,0,24,0
4,10,51031.0,-6.892799418706749,-2.336791953257632,TIME_LIMIT,6836,0,0,35,0
4,10,51315.0,-6.892799418706749,-2.336791953257632,TIME_LIMIT,6877,0,0,37,0
4,10,51630.0,-6.892799418706749,-2.336791953257632,TIME_LIMIT,6915,0,0,11,0
4,10,51918.0,-6.892799418706749,-2.336791953257632,TIME_LIMIT,6961,0,0,26,0
4,10,52206.0,-6.892799418706749,-2.336791953257632,TIME_LIMIT,6985,0,0,37,0
4,10,52522.0,-6.892799418706749,-2.336791953257632,TIME_LIMIT,7037,0,0,31,0
4,10,52807.0,-6.892799418706749,-2.336791953257632,TIME_LIMIT,7081,0,0,25,0
4,10,53104.0,-6.892799418706749,-2.336791953257632,TIME_LIMIT,7117,0,0,24,0
4,10,53420.0,-6.892799418706749,-2.336791953257632,TIME_LIMIT,7141,0,0,35,0
4,10,53707.0,-6.892799418706749,-2.336791953257632,TIME_LIMIT,7190,0,0,8,0
4,10,54000.0,-6.892799418706749,-2.336791953257632,TIME_LIMIT,7225,0,0,37,0
4,10,54311.0,-6.892799418706749,-2.336791953257632,TIME_LIMIT,7272,0,0,27,0
4,10,54602.0,-6.892799418706749,-2.336791953257632,TIME_LIMIT,7311,0,0,36,0
4,10,54889.0,-6.88892875530021,-2.336791953257632,TIME_LIMIT,7361,0,0,28,0
4,10,55210.0,-6.88892875530021,-2.336791953257632,TIME_LIMIT,7387,0,0,49,0
4,10,55494.0,-6.882497589120093,-2.336791953257632,TIME_LIMIT,7437,0,0,25,0
4,10,55793.0,-6.882497589120093,-2.336791953257632,TIME_LIMIT,7468,0,0,36,0
4,10,56110.0,-6.882497589120093,-2.336791953257632,TIME_LIMIT,7522,0,0,27,0
4,10,56399.0,-6.882497589120093,-2.336791953257632,TIME_LIMIT,7546,0,0,41,0
4,10,56691.0,-6.882497589120093,-2.336791953257632,TIME_LIMIT,7593,0,0,22,0
4,10,57003.0,-6.882497589120093,-2.336791953257632,TIME_LIMIT,7617,0,0,41,0
4,10,57293.0,-6.882497589120093,-2.336791953257632,TIME_LIMIT,7673,0,0,25,0
4,10,57584.0,-6.882497589120093,-2.336791953257632,TIME_LIMIT,7700,0,0,50,0
4,10,57897.0,-6.881979507380074,-2.336791953257632,TIME_LIMIT,7754,0,0,27,0
4,10,58187.0,-6.881979507380074,-2.336791953257632,TIME_LIMIT,7800,0,0,29,0
4,10,58478.0,-6.881814226323405,-2.336791953257632,TIME_LIMIT,7825,0,0,30,0
4,10,58790.0,-6.881814226323405,-2.336791953257632,TIME_LIMIT,7852,0,0,35,0
4,10,59084.0,-6.881814226323405,-2.336791953257632,TIME_LIMIT,7898,0,0,26,0
4,10,59369.0,-6.881814226323405,-2.336791953257632,TIME_LIMIT,7932,0,0,28,0
4,10,59690.0,-6.881814226323405,-2.336791953257632,TIME_LIMIT,7975,0,0,23,0
4,10,60005.0,-6.881814226323405,-2.336791953257632,TIME_LIMIT,8000,0,0,31,0
4,10,60295.0,-6.881814226323405,-2.336791953257632,TIME_LIMIT,8046,0,0,25,0
4,10,60610.0,-6.881814226323405,-2.336791953257632,TIME_LIMIT,8072,0,0,29,0
4,10,60896.0,-6.881814226323405,-2.336791953257632,TIME_LIMIT,8117,0,0,25,0
4,10,61187.0,-6.881814226323405,-2.336791953257632,TIME_LIMIT,8145,0,0,29,0
4,10,61476.0,-6.881814226323405,-2.336791953257632,TIME_LIMIT,8191,0,0,27,0
4,10,61789.0,-6.881814226323405,-2.336791953257632,TIME_LIMIT,8219,0,0,35,0
4,10,62080.0,-6.881814226323405,-2.336791953257632,TIME_LIMIT,8261,0,0,25,0
4,10,62368.0,-6.881814226323405,-2.336791953257632,TIME_LIMIT,8295,0,0,35,0
4,10,62681.0,-6.881814226323405,-2.336791953257632,TIME_LIMIT,8336,0,0,27,0
4,10,62975.0,-6.881814226323405,-2.336791953257632,TIME_LIMIT,8359,0,0,36,0
4,10,63259.0,-6.881814226323405,-2.336791953257632,TIME_LIMIT,8403,0,0,22,0
4,10,63575.0,-6.881814226323405,-2.336791953257632,TIME_LIMIT,8428,0,0,32,0
4,10,63900.0,-6.881814226323405,-2.336791953257632,TIME_LIMIT,8470,0,0,22,0
4,10,64189.0,-6.881814226323405,-2.336791953257632,TIME_LIMIT,8488,0,0,32,0
4,10,64503.0,-6.881814226323405,-2.336791953257632,TIME_LIMIT,8530,0,0,26,0
4,10,64795.0,-6.881814226323405,-2.336791953257632,TIME_LIMIT,8551,0,0,31,0
4,10,65082.0,-6.881814226323405,-2.336791953257632,TIME_LIMIT,8596,0,0,25,0
4,10,65398.0,-6.881814226323405,-2.336791953257632,TIME_LIMIT,8623,0,0,28,0
4,10,65685.0,-6.881814226323405,-2.336791953257632,TIME_LIMIT,8666,0,0,25,0
4,10,65973.0,-6.881814226323405,-2.336791953257632,TIME_LIMIT,8688,0,0,27,0
4,10,66289.0,-6.881814226323405,-2.336791953257632,TIME_LIMIT,8731,0,0,25,0
4,10,66580.0,-6.881814226323405,-2.336791953257632,TIME_LIMIT,8756,0,0,32,0
4,10,66869.0,-6.881814226323405,-2.336791953257632,TIME_LIMIT,8799,0,0,30,0
4,10,67185.0,-6.881814226323405,-2.336791953257632,TIME_LIMIT,8827,0,0,33,0
4,10,67473.0,-6.881814226323405,-2.336791953257632,TIME_LIMIT,8869,0,0,26,0
4,10,67784.0,-6.881814226323405,-2.336791953257632,TIME_LIMIT,8887,0,0,23,0
4,10,68117.0,-6.881814226323405,-2.336791953257632,TIME_LIMIT,8927,0,0,8,0
4,10,68412.0,-6.881814226323405,-2.336791953257632,TIME_LIMIT,8951,0,0,37,0
4,10,68700.0,-6.881814226323405,-2.336791953257632,TIME_LIMIT,8994,0,0,25,0
4,10,69012.0,-6.881814226323405,-2.336791953257632,TIME_LIMIT,9020,0,0,26,0
4,10,69302.0,-6.881814226323405,-2.336791953257632,TIME_LIMIT,9061,0,0,20,0
4,10,69589.0,-6.881814226323405,-2.336791953257632,TIME_LIMIT,9099,0,0,10,0
4,10,69904.0,-6.881814226323405,-2.336791953257632,TIME_LIMIT,9129,0,0,14,0
4,10,70197.0,-6.881814226323405,-2.336791953257632,TIME_LIMIT,9159,0,0,20,0
4,10,70485.0,-6.880277069952435,-2.336791953257632,TIME_LIMIT,9185,0,0,26,0
4,10,70807.0,-6.880277069952435,-2.336791953257632,TIME_LIMIT,9208,0,0,11,0
4,10,71094.0,-6.880277069952435,-2.336791953257632,TIME_LIMIT,9255,0,0,24,0
4,10,71385.0,-6.880277069952435,-2.336791953257632,TIME_LIMIT,9295,0,0,12,0
4,10,71700.0,-6.880277069952435,-2.336791953257632,TIME_LIMIT,9326,0,0,28,0
4,10,72011.0,-6.880277069952435,-2.336791953257632,TIME_LIMIT,9352,0,0,34,0
4,10,72301.0,-6.880277069952435,-2.336791953257632,TIME_LIMIT,9399,0,0,18,0
4,10,72617.0,-6.880277069952435,-2.336791953257632,TIME_LIMIT,9431,0,0,27,0
4,10,72904.0,-6.880277069952435,-2.336791953257632,TIME_LIMIT,9468,0,0,26,0
4,10,73197.0,-6.880277069952435,-2.336791953257632,TIME_LIMIT,9498,0,0,33,0
4,10,73484.0,-6.880277069952435,-2.336791953257632,TIME_LIMIT,9541,0,0,17,0
4,10,73801.0,-6.880277069952435,-2.336791953257632,TIME_LIMIT,9566,0,0,36,0
4,10,74094.0,-6.880254199093896,-2.336791953257632,TIME_LIMIT,9614,0,0,24,0
4,10,74381.0,-6.880254199093896,-2.336791953257632,TIME_LIMIT,9648,0,0,32,0
4,10,74700.0,-6.879443045523169,-2.336791953257632,TIME_LIMIT,9702,0,0,35,0
4,10,74992.0,-6.879443045523169,-2.336791953257632,TIME_LIMIT,9727,0,0,38,0
4,10,75277.0,-6.8793413096644445,-2.336791953257632,TIME_LIMIT,9779,0,0,12,0
4,10,75595.0,-6.8793413096644445,-2.336791953257632,TIME_LIMIT,9804,0,0,35,0
4,10,75883.0,-6.8771929121128395,-2.336791953257632,TIME_LIMIT,9858,0,0,31,0
4,10,76174.0,-6.8771929121128395,-2.336791953257632,TIME_LIMIT,9889,0,0,32,0
4,10,76487.0,-6.8771929121128395,-2.336791953257632,TIME_LIMIT,9928,0,0,25,0
4,10,76776.0,-6.8771929121128395,-2.336791953257632,TIME_LIMIT,9963,0,0,42,0
4,10,77064.0,-6.8771929121128395,-2.336791953257632,TIME_LIMIT,10008,0,0,23,0
4,10,77378.0,-6.8771929121128395,-2.336791953257632,TIME_LIMIT,10031,0,0,42,0
4,10,77667.0,-6.8771929121128395,-2.336791953257632,TIME_LIMIT,10083,0,0,28,0
4,10,77957.0,-6.8771929121128395,-2.336791953257632,TIME_LIMIT,10111,0,0,32,0
4,10,78269.0,-6.8771929121128395,-2.336791953257632,TIME_LIMIT,10155,0,0,25,0
4,10,78557.0,-6.8771929121128395,-2.336791953257632,TIME_LIMIT,10189,0,0,34,0
4,10,78855.0,-6.873661233100661,-2.336791953257632,TIME_LIMIT,10231,0,0,26,0
4,10,79169.0,-6.873661233100661,-2.336791953257632,TIME_LIMIT,10267,0,0,27,0
4,10,79460.0,-6.873661233100661,-2.336791953257632,TIME_LIMIT,10310,0,0,23,0
4,10,79749.0,-6.873661233100661,-2.336791953257632,TIME_LIMIT,10345,0,0,33,0
4,10,80067.0,-6.873661233100661,-2.336791953257632,TIME_LIMIT,10399,0,0,32,0
4,10,80354.0,-6.873661233100661,-2.336791953257632,TIME_LIMIT,10431,0,0,31,0
4,10,80646.0,-6.873661233100661,-2.336791953257632,TIME_LIMIT,10478,0,0,27,0
4,10,80961.0,-6.873661233100661,-2.336791953257632,TIME_LIMIT,10513,0,0,32,0
4,10,81248.0,-6.873661233100661,-2.336791953257632,TIME_LIMIT,10566,0,0,26,0
4,10,81542.0,-6.873661233100661,-2.336791953257632,TIME_LIMIT,10591,0,0,36,0
4,10,81863.0,-6.873661233100661,-2.336791953257632,TIME_LIMIT,10641,0,0,27,0
4,10,82154.0,-6.873661233100661,-2.336791953257632,TIME_LIMIT,10667,0,0,31,0
4,10,82443.0,-6.873661233100661,-2.336791953257632,TIME_LIMIT,10719,0,0,29,0
4,10,82755.0,-6.873661233100661,-2.336791953257632,TIME_LIMIT,10744,0,0,30,0
4,10,83044.0,-6.873661233100661,-2.336791953257632,TIME_LIMIT,10798,0,0,28,0
4,10,83336.0,-6.873661233100661,-2.336791953257632,TIME_LIMIT,10835,0,0,25,0
4,10,83621.0,-6.873661233100661,-2.336791953257632,TIME_LIMIT,10884,0,0,26,0
4,10,83946.0,-6.873661233100661,-2.336791953257632,TIME_LIMIT,10908,0,0,24,0
4,10,84237.0,-6.873661233100661,-2.336791953257632,TIME_LIMIT,10956,0,0,18,0
4,10,84527.0,-6.873661233100661,-2.336791953257632,TIME_LIMIT,10982,0,0,35,0
4,10,84838.0,-6.873661233100661,-2.336791953257632,TIME_LIMIT,11030,0,0,29,0
4,10,85127.0,-6.873661233100661,-2.336791953257632,TIME_LIMIT,11059,0,0,34,0
4,10,85416.0,-6.873661233100661,-2.336791953257632,TIME_LIMIT,11108,0,0,28,0
4,10,85729.0,-6.873661233100661,-2.340629840704243,TIME_LIMIT,11141,0,0,30,0
4,10,86022.0,-6.873661233100661,-2.340629840704243,TIME_LIMIT,11188,0,0,24,0
4,10,86306.0,-6.873661233100661,-2.340629840704243,TIME_LIMIT,11221,0,0,35,0
4,10,86622.0,-6.873661233100661,-2.340629840704243,TIME_LIMIT,11264,0,0,32,0
4,10,86912.0,-6.873661233100661,-2.340629840704243,TIME_LIMIT,11285,0,0,8,0
4,10,87201.0,-6.873661233100661,-2.340629840704243,TIME_LIMIT,11338,0,0,30,0
4,10,87514.0,-6.873661233100661,-2.340629840704243,TIME_LIMIT,11372,0,0,35,0
4,10,87805.0,-6.873661233100661,-2.340629840704243,TIME_LIMIT,11421,0,0,30,0
4,10,88093.0,-6.873661233100661,-2.340629840704243,TIME_LIMIT,11449,0,0,32,0
4,10,88408.0,-6.873661233100661,-2.340629840704243,TIME_LIMIT,11497,0,0,21,0
4,10,88697.0,-6.873661233100661,-2.340629840704243,TIME_LIMIT,11526,0,0,31,0
4,10,88984.0,-6.873661233100661,-2.340629840704243,TIME_LIMIT,11576,0,0,13,0
4,10,89299.0,-6.873661233100661,-2.340629840704243,TIME_LIMIT,11620,0,0,28,0
4,10,89587.0,-6.873661233100661,-2.340629840704243,TIME_LIMIT,11648,0,0,34,0
4,10,89880.0,-6.873661233100661,-2.340629840704243,TIME_LIMIT,11681,0,0,42,0
4,10,90188.0,-6.873661233100661,-2.340629840704243,TIME_LIMIT,11725,0,0,25,0
4,10,90483.0,-6.873661233100661,-2.340629840704243,TIME_LIMIT,11753,0,0,38,0
4,10,90770.0,-6.873661233100661,-2.340629840704243,TIME_LIMIT,11795,0,0,26,0
4,10,91085.0,-6.873661233100661,-2.340629840704243,TIME_LIMIT,11816,0,0,37,0
4,10,91374.0,-6.873661233100661,-2.340629840704243,TIME_LIMIT,11861,0,0,24,0
4,10,91663.0,-6.873661233100661,-2.340629840704243,TIME_LIMIT,11889,0,0,11,0
4,10,91976.0,-6.873661233100661,-2.340629840704243,TIME_LIMIT,11935,0,0,28,0
4,10,92287.0,-6.873661233100661,-2.340629840704243,TIME_LIMIT,11962,0,0,28,0
4,10,92573.0,-6.873661233100661,-2.340629840704243,TIME_LIMIT,12007,0,0,20,0
4,10,92873.0,-6.873661233100661,-2.340629840704243,TIME_LIMIT,12037,0,0,41,0
4,10,93206.0,-6.873661233100661,-2.340629840704243,TIME_LIMIT,12090,0,0,34,0
4,10,93519.0,-6.873661233100661,-2.340629840704243,TIME_LIMIT,12123,0,0,23,0
4,10,93813.0,-6.873661233100661,-2.340629840704243,TIME_LIMIT,12168,0,0,15,0
4,10,94133.0,-6.873661233100661,-2.340629840704243,TIME_LIMIT,12211,0,0,29,0
4,10,94441.0,-6.873661233100661,-2.340629840704243,TIME_LIMIT,12240,0,0,34,0
4,10,94728.0,-6.873661233100661,-2.340629840704243,TIME_LIMIT,12265,0,0,31,0
4,10,95044.0,-6.873661233100661,-2.340629840704243,TIME_LIMIT,12313,0,0,26,0
4,10,95331.0,-6.873661233100661,-2.340629840704243,TIME_LIMIT,12340,0,0,42,0
4,10,95622.0,-6.873661233100661,-2.340629840704243,TIME_LIMIT,12387,0,0,23,0
4,10,95944.0,-6.873661233100661,-2.340629840704243,TIME_LIMIT,12409,0,0,28,0
4,10,96238.0,-6.873661233100661,-2.340629840704243,TIME_LIMIT,12454,0,0,28,0
4,10,96527.0,-6.873661233100661,-2.340629840704243,TIME_LIMIT,12488,0,0,35,0
4,10,96840.0,-6.873661233100661,-2.340629840704243,TIME_LIMIT,12527,0,0,25,0
4,10,97130.0,-6.873661233100661,-2.340629840704243,TIME_LIMIT,12557,0,0,38,0
4,10,97418.0,-6.873661233100661,-2.340629840704243,TIME_LIMIT,12602,0,0,28,0
4,10,97734.0,-6.873661233100661,-2.340629840704243,TIME_LIMIT,12626,0,0,34,0
4,10,98025.0,-6.873661233100661,-2.340629840704243,TIME_LIMIT,12667,0,0,25,0
4,10,98313.0,-6.873661233100661,-2.340629840704243,TIME_LIMIT,12694,0,0,31,0
4,10,98627.0,-6.873661233100661,-2.340629840704243,TIME_LIMIT,12735,0,0,21,0
4,10,98915.0,-6.873661233100661,-2.340629840704243,TIME_LIMIT,12766,0,0,27,0
4,10,99202.0,-6.871852837135128,-2.340629840704243,TIME_LIMIT,12803,0,0,27,0
4,10,99520.0,-6.871852837135128,-2.340629840704243,TIME_LIMIT,12820,0,0,25,0
4,10,99820.0,-6.871852837135128,-2.340629840704243,TIME_LIMIT,12868,0,0,25,0
4,10,100130.0,-6.871852837135128,-2.340629840704243,TIME_LIMIT,12905,0,0,33,0
4,10,100413.0,-6.86712403826812,-2.340629840704243,TIME_LIMIT,12949,0,0,24,0
4,10,100732.0,-6.86712403826812,-2.340629840704243,TIME_LIMIT,12979,0,0,29,0
4,10,101020.0,-6.86712403826812,-2.340629840704243,TIME_LIMIT,13020,0,0,26,0
4,10,101308.0,-6.86712403826812,-2.340629840704243,TIME_LIMIT,13045,0,0,30,0
4,10,101625.0,-6.86712403826812,-2.340629840704243,TIME_LIMIT,13090,0,0,30,0
4,10,101914.0,-6.86712403826812,-2.340629840704243,TIME_LIMIT,13116,0,0,37,0
4,10,102201.0,-6.86712403826812,-2.340629840704243,TIME_LIMIT,13161,0,0,29,0
4,10,102515.0,-6.86712403826812,-2.340629840704243,TIME_LIMIT,13188,0,0,31,0
4,10,102806.0,-6.86712403826812,-2.340629840704243,TIME_LIMIT,13233,0,0,22,0
4,10,103094.0,-6.86712403826812,-2.340629840704243,TIME_LIMIT,13259,0,0,39,0
4,10,103410.0,-6.86712403826812,-2.340629840704243,TIME_LIMIT,13311,0,0,30,0
4,10,103700.0,-6.86712403826812,-2.340629840704243,TIME_LIMIT,13337,0,0,32,0
4,10,104025.0,-6.86712403826812,-2.340629840704243,TIME_LIMIT,13382,0,0,22,0
4,10,104339.0,-6.86712403826812,-2.340629840704243,TIME_LIMIT,13407,0,0,23,0
4,10,104629.0,-6.8666172783786745,-2.340629840704243,TIME_LIMIT,13450,0,0,26,0
4,10,104916.0,-6.8666172783786745,-2.340629840704243,TIME_LIMIT,13472,0,0,31,0
4,10,105231.0,-6.8666172783786745,-2.340629840704243,TIME_LIMIT,13524,0,0,25,0
4,10,105519.0,-6.8666172783786745,-2.340629840704243,TIME_LIMIT,13559,0,0,28,0
4,10,105811.0,-6.866350600631884,-2.340629840704243,TIME_LIMIT,13609,0,0,8,0
4,10,106125.0,-6.866350600631884,-2.340629840704243,TIME_LIMIT,13631,0,0,35,0
4,10,106412.0,-6.866350600631884,-2.340629840704243,TIME_LIMIT,13680,0,0,30,0
4,10,106726.0,-6.866350600631884,-2.340629840704243,TIME_LIMIT,13703,0,0,21,0
4,10,107040.0,-6.866350600631884,-2.340629840704243,TIME_LIMIT,13755,0,0,28,0
4,10,107329.0,-6.866350600631884,-2.340629840704243,TIME_LIMIT,13788,0,0,30,0
4,10,107618.0,-6.866350600631884,-2.340629840704243,TIME_LIMIT,13821,0,0,25,0
4,10,107952.0,-6.866350600631884,-2.340629840704243,TIME_LIMIT,13854,0,0,18,0
4,10,108269.0,-6.866350600631884,-2.340629840704243,TIME_LIMIT,13903,0,0,23,0
4,10,108562.0,-6.866350600631884,-2.340629840704243,TIME_LIMIT,13936,0,0,35,0
4,10,108847.0,-6.866350600631884,-2.340629840704243,TIME_LIMIT,13981,0,0,26,0
4,10,109164.0,-6.866350600631884,-2.340629840704243,TIME_LIMIT,14018,0,0,27,0
4,10,109453.0,-6.866350600631884,-2.340629840704243,TIME_LIMIT,14051,0,0,34,0
4,10,109745.0,-6.866350600631884,-2.340629840704243,TIME_LIMIT,14081,0,0,29,0
4,10,110059.0,-6.866350600631884,-2.340629840704243,TIME_LIMIT,14126,0,0,25,0
4,10,110350.0,-6.866350600631884,-2.340629840704243,TIME_LIMIT,14149,0,0,15,0
4,10,110637.0,-6.866350600631884,-2.340629840704243,TIME_LIMIT,14195,0,0,25,0
4,10,110954.0,-6.866350600631884,-2.340629840704243,TIME_LIMIT,14223,0,0,32,0
4,10,111243.0,-6.866350600631884,-2.340629840704243,TIME_LIMIT,14264,0,0,15,0
4,10,111534.0,-6.866350600631884,-2.340629840704243,TIME_LIMIT,14305,0,0,27,0
4,10,111855.0,-6.866350600631884,-2.340629840704243,TIME_LIMIT,14336,0,0,36,0
4,10,112145.0,-6.866350600631884,-2.340629840704243,TIME_LIMIT,14361,0,0,36,0
4,10,112437.0,-6.866350600631884,-2.340629840704243,TIME_LIMIT,14403,0,0,30,0
4,10,112748.0,-6.866350600631884,-2.340629840704243,TIME_LIMIT,14436,0,0,38,0
4,10,113040.0,-6.866350600631884,-2.340629840704243,TIME_LIMIT,14482,0,0,26,0
4,10,113330.0,-6.866350600631884,-2.340629840704243,TIME_LIMIT,14511,0,0,36,0
4,10,113644.0,-6.866350600631884,-2.340629840704243,TIME_LIMIT,14554,0,0,28,0
4,10,113934.0,-6.866350600631884,-2.340629840704243,TIME_LIMIT,14577,0,0,30,0
4,10,114222.0,-6.866350600631884,-2.340629840704243,TIME_LIMIT,14621,0,0,29,0
4,10,114537.0,-6.866350600631884,-2.340629840704243,TIME_LIMIT,14642,0,0,24,0
4,10,114825.0,-6.866350600631884,-2.340629840704243,TIME_LIMIT,14685,0,0,28,0
4,10,115118.0,-6.866350600631884,-2.340629840704243,TIME_LIMIT,14717,0,0,25,0
4,10,115402.0,-6.86395816672235,-2.340629840704243,TIME_LIMIT,14756,0,0,25,0
4,10,115718.0,-6.86395816672235,-2.340629840704243,TIME_LIMIT,14791,0,0,34,0
4,10,116011.0,-6.8605647597679305,-2.340629840704243,TIME_LIMIT,14825,0,0,30,0
4,10,116298.0,-6.8605647597679305,-2.340629840704243,TIME_LIMIT,14861,0,0,30,0
4,10,116612.0,-6.8605647597679305,-2.340629840704243,TIME_LIMIT,14896,0,0,19,0
4,10,116905.0,-6.8605647597679305,-2.340629840704243,TIME_LIMIT,14929,0,0,32,0
4,10,117193.0,-6.8605647597679305,-2.340629840704243,TIME_LIMIT,14960,0,0,30,0
4,10,117508.0,-6.8605647597679305,-2.340629840704243,TIME_LIMIT,14995,0,0,41,0
4,10,117798.0,-6.8605647597679305,-2.340629840704243,TIME_LIMIT,15038,0,0,28,0
4,10,118091.0,-6.8605647597679305,-2.340629840704243,TIME_LIMIT,15061,0,0,42,0
4,10,118406.0,-6.8605647597679305,-2.340629840704243,TIME_LIMIT,15107,0,0,23,0
4,10,118698.0,-6.8605647597679305,-2.340629840704243,TIME_LIMIT,15137,0,0,33,0
4,10,118991.0,-6.8605647597679305,-2.340629840704243,TIME_LIMIT,15180,0,0,28,0
4,10,119307.0,-6.8605647597679305,-2.340629840704243,TIME_LIMIT,15205,0,0,33,0
4,10,119597.0,-6.8605647597679305,-2.340629840704243,TIME_LIMIT,15246,0,0,26,0
4,10,119887.0,-6.8605647597679305,-2.340629840704243,TIME_LIMIT,15269,0,0,36,0
4,10,120204.0,-6.8605647597679305,-2.340629840704243,TIME_LIMIT,15318,0,0,32,0
4,10,120492.0,-6.8605647597679305,-2.340629840704243,TIME_LIMIT,15342,0,0,30,0
4,10,120782.0,-6.8605647597679305,-2.340629840704243,TIME_LIMIT,15388,0,0,32,0
4,10,121096.0,-6.8605647597679305,-2.340629840704243,TIME_LIMIT,15407,0,0,30,0
4,10,121385.0,-6.8605647597679305,-2.340629840704243,TIME_LIMIT,15448,0,0,26,0
4,10,121676.0,-6.8605647597679305,-2.340629840704243,TIME_LIMIT,15478,0,0,36,0
4,10,121960.0,-6.8605647597679305,-2.340629840704243,TIME_LIMIT,15521,0,0,24,0
4,10,122277.0,-6.8605647597679305,-2.340629840704243,TIME_LIMIT,15546,0,0,26,0
4,10,122566.0,-6.8605647597679305,-2.340629840704243,TIME_LIMIT,15590,0,0,27,0
4,10,122856.0,-6.8605647597679305,-2.340629840704243,TIME_LIMIT,15625,0,0,37,0
4,10,123170.0,-6.8605647597679305,-2.340629840704243,TIME_LIMIT,15669,0,0,23,0
4,10,123464.0,-6.8605647597679305,-2.340629840704243,TIME_LIMIT,15700,0,0,32,0
4,10,123751.0,-6.8605647597679305,-2.340629840704243,TIME_LIMIT,15738,0,0,29,0
4,10,124067.0,-6.8605647597679305,-2.340629840704243,TIME_LIMIT,15763,0,0,28,0
4,10,124355.0,-6.8605647597679305,-2.340629840704243,TIME_LIMIT,15801,0,0,27,0
4,10,124647.0,-6.8605647597679305,-2.340629840704243,TIME_LIMIT,15830,0,0,32,0
4,10,124962.0,-6.8605647597679305,-2.340629840704243,TIME_LIMIT,15872,0,0,27,0
4,10,125252.0,-6.8605647597679305,-2.340629840704243,TIME_LIMIT,15898,0,0,30,0
4,10,125539.0,-6.8605647597679305,-2.340629840704243,TIME_LIMIT,15933,0,0,24,0
4,10,125855.0,-6.8605647597679305,-2.340629840704243,TIME_LIMIT,15954,0,0,24,0
4,10,126144.0,-6.8605647597679305,-2.340629840704243,TIME_LIMIT,15998,0,0,23,0
4,10,126437.0,-6.8605647597679305,-2.340629840704243,TIME_LIMIT,16024,0,0,35,0
4,10,126747.0,-6.8605647597679305,-2.340629840704243,TIME_LIMIT,16061,0,0,20,0
4,10,127034.0,-6.8605647597679305,-2.3481304219049335,TIME_LIMIT,16089,0,0,34,0
4,10,127323.0,-6.8605647597679305,-2.3481304219049335,TIME_LIMIT,16130,0,0,26,0
4,10,127637.0,-6.8605647597679305,-2.3481304219049335,TIME_LIMIT,16159,0,0,37,0
4,10,127928.0,-6.8605647597679305,-2.3481304219049335,TIME_LIMIT,16195,0,0,24,0
4,10,128217.0,-6.8605647597679305,-2.3481304219049335,TIME_LIMIT,16216,0,0,29,0
4,10,128503.0,-6.8605647597679305,-2.3481304219049335,TIME_LIMIT,16251,0,0,26,0
4,10,128818.0,-6.8605647597679305,-2.3481304219049335,TIME_LIMIT,16278,0,0,29,0
4,10,129105.0,-6.8605647597679305,-2.3481304219049335,TIME_LIMIT,16312,0,0,26,0
4,10,129392.0,-6.8605647597679305,-2.3481304219049335,TIME_LIMIT,16334,0,0,29,0
4,10,129706.0,-6.8605647597679305,-2.3481304219049335,TIME_LIMIT,16374,0,0,27,0
4,10,129996.0,-6.8605647597679305,-2.3481304219049335,TIME_LIMIT,16401,0,0,24,0
4,10,130284.0,-6.8605647597679305,-2.3481304219049335,TIME_LIMIT,16441,0,0,27,0
4,10,130594.0,-6.8605647597679305,-2.3481304219049335,TIME_LIMIT,16470,0,0,27,0
4,10,130885.0,-6.8605647597679305,-2.3481304219049335,TIME_LIMIT,16508,0,0,25,0
4,10,131174.0,-6.8605647597679305,-2.3481304219049335,TIME_LIMIT,16534,0,0,45,0
4,10,131488.0,-6.8605647597679305,-2.3481304219049335,TIME_LIMIT,16569,0,0,21,0
4,10,131777.0,-6.8605647597679305,-2.3481304219049335,TIME_LIMIT,16598,0,0,31,0
4,10,132067.0,-6.8605647597679305,-2.3481304219049335,TIME_LIMIT,16639,0,0,29,0
4,10,132379.0,-6.8605647597679305,-2.3481304219049335,TIME_LIMIT,16661,0,0,31,0
4,10,132667.0,-6.8605647597679305,-2.3481304219049335,TIME_LIMIT,16699,0,0,26,0
4,10,132955.0,-6.8605647597679305,-2.3481304219049335,TIME_LIMIT,16721,0,0,32,0
4,10,133269.0,-6.8605647597679305,-2.3481304219049335,TIME_LIMIT,16759,0,0,26,0
4,10,133558.0,-6.8605647597679305,-2.3481304219049335,TIME_LIMIT,16780,0,0,30,0
4,10,133847.0,-6.8605647597679305,-2.3481304219049335,TIME_LIMIT,16821,0,0,28,0
4,10,134136.0,-6.8605647597679305,-2.3481304219049335,TIME_LIMIT,16843,0,0,43,0
4,10,134452.0,-6.8605647597679305,-2.3481304219049335,TIME_LIMIT,16886,0,0,12,0
4,10,134741.0,-6.8605647597679305,-2.3481304219049335,TIME_LIMIT,16912,0,0,29,0
4,10,135027.0,-6.8605647597679305,-2.3481304219049335,TIME_LIMIT,16947,0,0,25,0
4,10,135342.0,-6.8605647597679305,-2.3481304219049335,TIME_LIMIT,16963,0,0,28,0
4,10,135634.0,-6.8605647597679305,-2.3481304219049335,TIME_LIMIT,16999,0,0,22,0
4,10,135924.0,-6.8605647597679305,-2.3481304219049335,TIME_LIMIT,17022,0,0,27,0
4,10,136250.0,-6.8605647597679305,-2.3481304219049335,TIME_LIMIT,17062,0,0,29,0
4,10,136538.0,-6.8605647597679305,-2.3481304219049335,TIME_LIMIT,17088,0,0,43,0
4,10,136830.0,-6.8605647597679305,-2.3481304219049335,TIME_LIMIT,17128,0,0,28,0
4,10,137145.0,-6.8605647597679305,-2.3481304219049335,TIME_LIMIT,17154,0,0,32,0
4,10,137430.0,-6.8605647597679305,-2.3481304219049335,TIME_LIMIT,17193,0,0,32,0
4,10,137718.0,-6.8605647597679305,-2.3481304219049335,TIME_LIMIT,17218,0,0,28,0
4,10,138033.0,-6.8605647597679305,-2.3481304219049335,TIME_LIMIT,17249,0,0,13,0
4,10,138320.0,-6.8605647597679305,-2.3481304219049335,TIME_LIMIT,17269,0,0,30,0
4,10,138607.0,-6.8605647597679305,-2.3481304219049335,TIME_LIMIT,17308,0,0,26,0
4,10,138924.0,-6.8605647597679305,-2.3481304219049335,TIME_LIMIT,17325,0,0,35,0
4,10,139212.0,-6.8605647597679305,-2.3481304219049335,TIME_LIMIT,17360,0,0,28,0
4,10,139498.0,-6.8605647597679305,-2.3481304219049335,TIME_LIMIT,17376,0,0,22,0
4,10,139815.0,-6.8605647597679305,-2.3481304219049335,TIME_LIMIT,17422,0,0,27,0
4,10,140130.0,-6.8605647597679305,-2.3481304219049335,TIME_LIMIT,17443,0,0,28,0
4,10,140422.0,-6.8605647597679305,-2.3481304219049335,TIME_LIMIT,17477,0,0,24,0
4,10,140708.0,-6.8605647597679305,-2.3481304219049335,TIME_LIMIT,17501,0,0,36,0
4,10,141023.0,-6.8605647597679305,-2.3481304219049335,TIME_LIMIT,17535,0,0,24,0
4,10,141315.0,-6.8605647597679305,-2.3481304219049335,TIME_LIMIT,17563,0,0,26,0
4,10,141599.0,-6.8605647597679305,-2.3481304219049335,TIME_LIMIT,17595,0,0,29,0
4,10,141914.0,-6.8605647597679305,-2.3481304219049335,TIME_LIMIT,17619,0,0,30,0
4,10,142204.0,-6.8605647597679305,-2.3481304219049335,TIME_LIMIT,17654,0,0,24,0
4,10,142491.0,-6.8605647597679305,-2.3481304219049335,TIME_LIMIT,17678,0,0,28,0
4,10,142804.0,-6.8605647597679305,-2.3481304219049335,TIME_LIMIT,17717,0,0,27,0
4,10,143094.0,-6.8605647597679305,-2.3481304219049335,TIME_LIMIT,17742,0,0,30,0
4,10,143380.0,-6.8605647597679305,-2.3481304219049335,TIME_LIMIT,17781,0,0,29,0
4,10,143694.0,-6.8605647597679305,-2.3481304219049335,TIME_LIMIT,17808,0,0,35,0
4,10,144006.0,-6.8605647597679305,-2.3481304219049335,TIME_LIMIT,17840,0,0,22,0
4,10,144305.0,-6.8605647597679305,-2.3481304219049335,TIME_LIMIT,17862,0,0,29,0
4,10,144618.0,-6.8605647597679305,-2.3481304219049335,TIME_LIMIT,17899,0,0,25,0
4,10,144912.0,-6.8605647597679305,-2.3481304219049335,TIME_LIMIT,17920,0,0,29,0
4,10,145198.0,-6.8605647597679305,-2.3481304219049335,TIME_LIMIT,17955,0,0,26,0
4,10,145514.0,-6.8605647597679305,-2.3481304219049335,TIME_LIMIT,17974,0,0,31,0
4,10,145800.0,-6.8605647597679305,-2.3481304219049335,TIME_LIMIT,18016,0,0,26,0
4,10,146089.0,-6.8605647597679305,-2.3481304219049335,TIME_LIMIT,18034,0,0,34,0
4,10,146377.0,-6.8605647597679305,-2.3481304219049335,TIME_LIMIT,18069,0,0,20,0
4,10,146690.0,-6.8605647597679305,-2.3481304219049335,TIME_LIMIT,18090,0,0,29,0
4,10,146980.0,-6.8605647597679305,-2.3481304219049335,TIME_LIMIT,18125,0,0,26,0
4,10,147271.0,-6.8605647597679305,-2.3481304219049335,TIME_LIMIT,18145,0,0,33,0
4,10,147584.0,-6.8605647597679305,-2.3481304219049335,TIME_LIMIT,18189,0,0,30,0
4,10,147882.0,-6.8605647597679305,-2.3481304219049335,TIME_LIMIT,18211,0,0,37,0
4,10,148210.0,-6.8605647597679305,-2.3481304219049335,TIME_LIMIT,18243,0,0,25,0
4,10,148526.0,-6.8605647597679305,-2.3481304219049335,TIME_LIMIT,18263,0,0,34,0
4,10,148812.0,-6.8605647597679305,-2.3481304219049335,TIME_LIMIT,18294,0,0,26,0
4,10,149100.0,-6.8605647597679305,-2.3481304219049335,TIME_LIMIT,18310,0,0,30,0
4,10,149415.0,-6.860041719098182,-2.3481304219049335,TIME_LIMIT,18346,0,0,25,0
4,10,149705.0,-6.860041719098182,-2.3481304219049335,TIME_LIMIT,18371,0,0,34,0
4,10,149994.0,-6.860041719098182,-2.3481304219049335,TIME_LIMIT,18427,0,0,25,0
4,10,150313.0,-6.860041719098182,-2.3481304219049335,TIME_LIMIT,18456,0,0,33,0
4,10,150602.0,-6.860041719098182,-2.3481304219049335,TIME_LIMIT,18504,0,0,25,0
4,10,150894.0,-6.860041719098182,-2.3481304219049335,TIME_LIMIT,18534,0,0,38,0
4,10,151206.0,-6.854039622349864,-2.3481304219049335,TIME_LIMIT,18579,0,0,19,0
4,10,151498.0,-6.854039622349864,-2.3481304219049335,TIME_LIMIT,18605,0,0,36,0
4,10,151790.0,-6.854039622349864,-2.3481304219049335,TIME_LIMIT,18653,0,0,26,0
4,10,152081.0,-6.854039622349864,-2.3481304219049335,TIME_LIMIT,18688,0,0,31,0
4,10,152394.0,-6.853612270100018,-2.3481304219049335,TIME_LIMIT,18734,0,0,25,0
4,10,152684.0,-6.853612270100018,-2.3481304219049335,TIME_LIMIT,18760,0,0,11,0
4,10,152973.0,-6.848667715451318,-2.3481304219049335,TIME_LIMIT,18804,0,0,9,0
4,10,153290.0,-6.848667715451318,-2.3481304219049335,TIME_LIMIT,18836,0,0,30,0
4,10,153582.0,-6.847889022717762,-2.3481304219049335,TIME_LIMIT,18878,0,0,29,0
4,10,153873.0,-6.847889022717762,-2.3481304219049335,TIME_LIMIT,18910,0,0,44,0
4,10,154187.0,-6.847693955475051,-2.3481304219049335,TIME_LIMIT,18955,0,0,21,0
4,10,154477.0,-6.847693955475051,-2.3481304219049335,TIME_LIMIT,18976,0,0,29,0
4,10,154767.0,-6.846738249832939,-2.3481304219049335,TIME_LIMIT,19018,0,0,24,0
4,10,155081.0,-6.846738249832939,-2.3481304219049335,TIME_LIMIT,19047,0,0,40,0
4,10,155370.0,-6.845432931246744,-2.3481304219049335,TIME_LIMIT,19097,0,0,20,0
4,10,155661.0,-6.845432931246744,-2.3481304219049335,TIME_LIMIT,19129,0,0,22,0
4,10,155977.0,-6.844078427241511,-2.3481304219049335,TIME_LIMIT,19182,0,0,25,0
4,10,156264.0,-6.844078427241511,-2.3481304219049335,TIME_LIMIT,19207,0,0,28,0
4,10,156554.0,-6.841403542793351,-2.3481304219049335,TIME_LIMIT,19248,0,0,24,0
4,10,156845.0,-6.841403542793351,-2.3481304219049335,TIME_LIMIT,19281,0,0,26,0
4,10,157158.0,-6.841403542793351,-2.3481304219049335,TIME_LIMIT,19317,0,0,31,0
4,10,157449.0,-6.841403542793351,-2.3481304219049335,TIME_LIMIT,19344,0,0,34,0
4,10,157738.0,-6.841403542793351,-2.3481304219049335,TIME_LIMIT,19378,0,0,9,0
4,10,158055.0,-6.841403542793351,-2.3481304219049335,TIME_LIMIT,19408,0,0,34,0
4,10,158345.0,-6.841403542793351,-2.3481304219049335,TIME_LIMIT,19444,0,0,14,0
4,10,158634.0,-6.841403542793351,-2.3481304219049335,TIME_LIMIT,19471,0,0,38,0
4,10,158948.0,-6.841403542793351,-2.3481304219049335,TIME_LIMIT,19511,0,0,17,0
4,10,159240.0,-6.841403542793351,-2.3481304219049335,TIME_LIMIT,19533,0,0,36,0
4,10,159528.0,-6.841403542793351,-2.3481304219049335,TIME_LIMIT,19578,0,0,27,0
4,10,159842.0,-6.841403542793351,-2.3481304219049335,TIME_LIMIT,19614,0,0,25,0
4,10,160132.0,-6.841403542793351,-2.3481304219049335,TIME_LIMIT,19651,0,0,24,0
4,10,160422.0,-6.841403542793351,-2.3481304219049335,TIME_LIMIT,19675,0,0,30,0
4,10,160734.0,-6.841403542793351,-2.3481304219049335,TIME_LIMIT,19716,0,0,19,0
4,10,161026.0,-6.841403542793351,-2.3481304219049335,TIME_LIMIT,19744,0,0,30,0
4,10,161317.0,-6.841403542793351,-2.3481304219049335,TIME_LIMIT,19776,0,0,31,0
4,10,161606.0,-6.841403542793351,-2.3481304219049335,TIME_LIMIT,19804,0,0,37,0
4,10,161918.0,-6.841403542793351,-2.3481304219049335,TIME_LIMIT,19842,0,0,26,0
4,10,162210.0,-6.841403542793351,-2.3481304219049335,TIME_LIMIT,19863,0,0,39,0
4,10,162497.0,-6.841403542793351,-2.3481304219049335,TIME_LIMIT,19904,0,0,25,0
4,10,162812.0,-6.841403542793351,-2.3481304219049335,TIME_LIMIT,19927,0,0,40,0
4,10,163102.0,-6.840992240730331,-2.3481304219049335,TIME_LIMIT,19964,0,0,12,0
4,10,163392.0,-6.840992240730331,-2.3481304219049335,TIME_LIMIT,19996,0,0,27,0
4,10,163704.0,-6.840977643164113,-2.3481304219049335,TIME_LIMIT,20030,0,0,21,0
4,10,163996.0,-6.840977643164113,-2.3481304219049335,TIME_LIMIT,20049,0,0,28,0
4,10,164283.0,-6.840977643164113,-2.3481304219049335,TIME_LIMIT,20094,0,0,11,0
4,10,164596.0,-6.840977643164113,-2.3481304219049335,TIME_LIMIT,20119,0,0,29,0
4,10,164890.0,-6.840977643164113,-2.3481304219049335,TIME_LIMIT,20164,0,0,26,0
4,10,165181.0,-6.840977643164113,-2.3481304219049335,TIME_LIMIT,20188,0,0,32,0
4,10,165494.0,-6.840977643164113,-2.3481304219049335,TIME_LIMIT,20234,0,0,27,0
4,10,165781.0,-6.840977643164113,-2.3481304219049335,TIME_LIMIT,20257,0,0,28,0
4,10,166071.0,-6.840977643164113,-2.3481304219049335,TIME_LIMIT,20297,0,0,27,0
4,10,166386.0,-6.840977643164113,-2.3481304219049335,TIME_LIMIT,20324,0,0,38,0
4,10,166673.0,-6.840977643164113,-2.3481304219049335,TIME_LIMIT,20359,0,0,22,0
4,10,166965.0,-6.840977643164113,-2.3481304219049335,TIME_LIMIT,20379,0,0,37,0
4,10,167250.0,-6.840977643164113,-2.3481304219049335,TIME_LIMIT,20418,0,0,25,0
4,10,167564.0,-6.840977643164113,-2.3481304219049335,TIME_LIMIT,20445,0,0,29,0
4,10,167853.0,-6.840977643164113,-2.3481304219049335,TIME_LIMIT,20483,0,0,23,0
4,10,168146.0,-6.840977643164113,-2.3481304219049335,TIME_LIMIT,20505,0,0,35,0
4,10,168459.0,-6.840977643164113,-2.3481304219049335,TIME_LIMIT,20545,0,0,27,0
4,10,168747.0,-6.840977643164113,-2.3481304219049335,TIME_LIMIT,20566,0,0,27,0
4,10,169037.0,-6.838890908696492,-2.3481304219049335,TIME_LIMIT,20604,0,0,14,0
4,10,169352.0,-6.838890908696492,-2.3481304219049335,TIME_LIMIT,20619,0,0,26,0
4,10,169642.0,-6.835235940286818,-2.3481304219049335,TIME_LIMIT,20656,0,0,27,0
4,10,169931.0,-6.835235940286818,-2.3481304219049335,TIME_LIMIT,20686,0,0,27,0
4,10,170245.0,-6.833907265870158,-2.3481304219049335,TIME_LIMIT,20730,0,0,33,0
4,10,170535.0,-6.833907265870158,-2.3481304219049335,TIME_LIMIT,20760,0,0,37,0
4,10,170825.0,-6.833907265870158,-2.3481304219049335,TIME_LIMIT,20809,0,0,29,0
4,10,171144.0,-6.833907265870158,-2.3481304219049335,TIME_LIMIT,20836,0,0,38,0
4,10,171434.0,-6.833907265870158,-2.3481304219049335,TIME_LIMIT,20896,0,0,35,0
4,10,171728.0,-6.833907265870158,-2.3481304219049335,TIME_LIMIT,20930,0,0,34,0
4,10,172014.0,-6.833907265870158,-2.3481304219049335,TIME_LIMIT,20981,0,0,31,0
4,10,172339.0,-6.833907265870158,-2.3481304219049335,TIME_LIMIT,21006,0,0,33,0
4,10,172630.0,-6.833907265870158,-2.3481304219049335,TIME_LIMIT,21054,0,0,28,0
4,10,172922.0,-6.833907265870158,-2.3481304219049335,TIME_LIMIT,21086,0,0,41,0
4,10,173237.0,-6.833907265870158,-2.3481304219049335,TIME_LIMIT,21127,0,0,29,0
4,10,173530.0,-6.833907265870158,-2.3481304219049335,TIME_LIMIT,21158,0,0,39,0
4,10,173821.0,-6.833907265870158,-2.3481304219049335,TIME_LIMIT,21200,0,0,35,0
4,10,174138.0,-6.833907265870158,-2.3481304219049335,TIME_LIMIT,21225,0,0,35,0
4,10,174430.0,-6.833907265870158,-2.3481304219049335,TIME_LIMIT,21270,0,0,27,0
4,10,174721.0,-6.833907265870158,-2.3481304219049335,TIME_LIMIT,21301,0,0,33,0
4,10,175034.0,-6.833907265870158,-2.3481304219049335,TIME_LIMIT,21344,0,0,24,0
4,10,175326.0,-6.833907265870158,-2.3481304219049335,TIME_LIMIT,21369,0,0,31,0
4,10,175616.0,-6.833907265870158,-2.3481304219049335,TIME_LIMIT,21415,0,0,21,0
4,10,175905.0,-6.833907265870158,-2.3481304219049335,TIME_LIMIT,21442,0,0,31,0
4,10,176231.0,-6.833907265870158,-2.3481304219049335,TIME_LIMIT,21494,0,0,30,0
4,10,176523.0,-6.833907265870158,-2.3481304219049335,TIME_LIMIT,21520,0,0,24,0
4,10,176808.0,-6.833907265870158,-2.3481304219049335,TIME_LIMIT,21570,0,0,28,0
4,10,177122.0,-6.833907265870158,-2.3481304219049335,TIME_LIMIT,21603,0,0,32,0
4,10,177415.0,-6.833907265870158,-2.3481304219049335,TIME_LIMIT,21642,0,0,26,0
4,10,177705.0,-6.833907265870158,-2.3481304219049335,TIME_LIMIT,21671,0,0,36,0
4,10,178020.0,-6.833907265870158,-2.3481304219049335,TIME_LIMIT,21720,0,0,25,0
4,10,178312.0,-6.833907265870158,-2.3481304219049335,TIME_LIMIT,21748,0,0,33,0
4,10,178599.0,-6.833907265870158,-2.3481304219049335,TIME_LIMIT,21798,0,0,25,0
4,10,178916.0,-6.833907265870158,-2.3481304219049335,TIME_LIMIT,21832,0,0,31,0
4,10,179204.0,-6.833907265870158,-2.3481304219049335,TIME_LIMIT,21870,0,0,23,0
4,10,179495.0,-6.833907265870158,-2.3481304219049335,TIME_LIMIT,21894,0,0,35,0
4,10,179812.0,-6.833907265870158,-2.3481304219049335,TIME_LIMIT,21941,0,0,27,0
4,10,180129.0,-6.833907265870158,-2.3481304219049335,TIME_LIMIT,21969,0,0,35,0
4,10,180424.0,-6.833907265870158,-2.3481304219049335,TIME_LIMIT,22016,0,0,27,0
4,10,180713.0,-6.833907265870158,-2.3481304219049335,TIME_LIMIT,22042,0,0,25,0
4,10,181030.0,-6.833907265870158,-2.3481304219049335,TIME_LIMIT,22082,0,0,25,0
4,10,181322.0,-6.833907265870158,-2.3481304219049335,TIME_LIMIT,22109,0,0,38,0
4,10,181610.0,-6.833907265870158,-2.42863258704684,TIME_LIMIT,22155,0,0,27,0
4,10,181929.0,-6.833907265870158,-2.42863258704684,TIME_LIMIT,22180,0,0,36,0
4,10,182216.0,-6.833907265870158,-2.42863258704684,TIME_LIMIT,22224,0,0,24,0
4,10,182505.0,-6.833907265870158,-2.42863258704684,TIME_LIMIT,22256,0,0,35,0
4,10,182820.0,-6.833907265870158,-2.42863258704684,TIME_LIMIT,22300,0,0,29,0
4,10,183111.0,-6.833907265870158,-2.42863258704684,TIME_LIMIT,22322,0,0,33,0
4,10,183402.0,-6.833907265870158,-2.42863258704684,TIME_LIMIT,22374,0,0,29,0
4,10,183719.0,-6.833907265870158,-2.42863258704684,TIME_LIMIT,22396,0,0,33,0
4,10,184025.0,-6.833907265870158,-2.42863258704684,TIME_LIMIT,22443,0,0,28,0
4,10,184333.0,-6.833907265870158,-2.42863258704684,TIME_LIMIT,22467,0,0,31,0
4,10,184619.0,-6.833907265870158,-2.42863258704684,TIME_LIMIT,22513,0,0,24,0
4,10,184937.0,-6.833907265870158,-2.42863258704684,TIME_LIMIT,22539,0,0,33,0
4,10,185227.0,-6.833907265870158,-2.42863258704684,TIME_LIMIT,22584,0,0,12,0
4,10,185517.0,-6.833907265870158,-2.42863258704684,TIME_LIMIT,22618,0,0,40,0
4,10,185832.0,-6.833907265870158,-2.42863258704684,TIME_LIMIT,22665,0,0,22,0
4,10,186120.0,-6.833907265870158,-2.42863258704684,TIME_LIMIT,22699,0,0,17,0
4,10,186411.0,-6.833907265870158,-2.42863258704684,TIME_LIMIT,22729,0,0,27,0
4,10,186729.0,-6.833907265870158,-2.42863258704684,TIME_LIMIT,22757,0,0,37,0
4,10,187017.0,-6.833907265870158,-2.42863258704684,TIME_LIMIT,22799,0,0,27,0
4,10,187307.0,-6.833907265870158,-2.42863258704684,TIME_LIMIT,22834,0,0,9,0
4,10,187643.0,-6.833907265870158,-2.42863258704684,TIME_LIMIT,22873,0,0,26,0
4,10,187938.0,-6.833907265870158,-2.42863258704684,TIME_LIMIT,22895,0,0,35,0
4,10,188269.0,-6.833907265870158,-2.42863258704684,TIME_LIMIT,22936,0,0,27,0
4,10,188557.0,-6.833907265870158,-2.42863258704684,TIME_LIMIT,22957,0,0,28,0
4,10,188871.0,-6.833907265870158,-2.42863258704684,TIME_LIMIT,23000,0,0,20,0
4,10,189165.0,-6.833907265870158,-2.42863258704684,TIME_LIMIT,23039,0,0,25,0
4,10,189452.0,-6.833907265870158,-2.42863258704684,TIME_LIMIT,23070,0,0,34,0
4,10,189767.0,-6.833907265870158,-2.42863258704684,TIME_LIMIT,23104,0,0,33,0
4,10,190059.0,-6.833907265870158,-2.42863258704684,TIME_LIMIT,23147,0,0,23,0
4,10,190349.0,-6.833907265870158,-2.42863258704684,TIME_LIMIT,23179,0,0,36,0
4,10,190669.0,-6.833907265870158,-2.42863258704684,TIME_LIMIT,23222,0,0,4,0
4,10,190956.0,-6.833907265870158,-2.42863258704684,TIME_LIMIT,23244,0,0,24,0
4,10,191248.0,-6.833907265870158,-2.42863258704684,TIME_LIMIT,23287,0,0,18,0
4,10,191567.0,-6.833907265870158,-2.42863258704684,TIME_LIMIT,23308,0,0,36,0
4,10,191853.0,-6.832583724540761,-2.42863258704684,TIME_LIMIT,23350,0,0,27,0
4,10,192147.0,-6.832583724540761,-2.42863258704684,TIME_LIMIT,23376,0,0,34,0
4,10,192457.0,-6.831978777036721,-2.42863258704684,TIME_LIMIT,23414,0,0,23,0
4,10,192745.0,-6.831978777036721,-2.42863258704684,TIME_LIMIT,23436,0,0,39,0
4,10,193038.0,-6.8280270092137485,-2.42863258704684,TIME_LIMIT,23482,0,0,21,0
4,10,193330.0,-6.8280270092137485,-2.42863258704684,TIME_LIMIT,23511,0,0,19,0
4,10,193644.0,-6.826427118105961,-2.42863258704684,TIME_LIMIT,23550,0,0,27,0
4,10,193934.0,-6.826427118105961,-2.42863258704684,TIME_LIMIT,23579,0,0,36,0
4,10,194224.0,-6.826427118105961,-2.42863258704684,TIME_LIMIT,23624,0,0,16,0
4,10,194541.0,-6.826427118105961,-2.42863258704684,TIME_LIMIT,23649,0,0,39,0
4,10,194828.0,-6.826427118105961,-2.42863258704684,TIME_LIMIT,23691,0,0,26,0
4,10,195121.0,-6.826427118105961,-2.42863258704684,TIME_LIMIT,23712,0,0,36,0
4,10,195435.0,-6.825997985814697,-2.42863258704684,TIME_LIMIT,23756,0,0,27,0
4,10,195725.0,-6.825997985814697,-2.42863258704684,TIME_LIMIT,23778,0,0,29,0
4,10,196022.0,-6.825997985814697,-2.42863258704684,TIME_LIMIT,23825,0,0,25,0
4,10,196335.0,-6.825997985814697,-2.42863258704684,TIME_LIMIT,23852,0,0,33,0
4,10,196622.0,-6.825997985814697,-2.42863258704684,TIME_LIMIT,23894,0,0,18,0
4,10,196914.0,-6.825997985814697,-2.42863258704684,TIME_LIMIT,23921,0,0,38,0
4,10,197202.0,-6.825997985814697,-2.42863258704684,TIME_LIMIT,23965,0,0,27,0
4,10,197518.0,-6.825997985814697,-2.42863258704684,TIME_LIMIT,23986,0,0,33,0
4,10,197810.0,-6.825997985814697,-2.42863258704684,TIME_LIMIT,24029,0,0,23,0
4,10,198098.0,-6.825997985814697,-2.42863258704684,TIME_LIMIT,24054,0,0,12,0
4,10,198414.0,-6.825997985814697,-2.42863258704684,TIME_LIMIT,24098,0,0,23,0
4,10,198701.0,-6.825997985814697,-2.42863258704684,TIME_LIMIT,24138,0,0,29,0
4,10,198990.0,-6.825997985814697,-2.42863258704684,TIME_LIMIT,24167,0,0,27,0
4,10,199307.0,-6.825997985814697,-2.42863258704684,TIME_LIMIT,24190,0,0,27,0
4,10,199595.0,-6.825726162748612,-2.42863258704684,TIME_LIMIT,24226,0,0,22,0
4,10,199887.0,-6.825726162748612,-2.42863258704684,TIME_LIMIT,24251,0,0,30,0
4,10,200200.0,-6.825670784178682,-2.42863258704684,TIME_LIMIT,24293,0,0,19,0
4,10,200488.0,-6.825670784178682,-2.42863258704684,TIME_LIMIT,24321,0,0,34,0
4,10,200777.0,-6.825670784178682,-2.42863258704684,TIME_LIMIT,24364,0,0,27,0
4,10,201068.0,-6.825670784178682,-2.42863258704684,TIME_LIMIT,24397,0,0,32,0
4,10,201384.0,-6.825670784178682,-2.42863258704684,TIME_LIMIT,24447,0,0,32,0
4,10,201677.0,-6.825670784178682,-2.42863258704684,TIME_LIMIT,24480,0,0,35,0
4,10,201964.0,-6.825670784178682,-2.42863258704684,TIME_LIMIT,24519,0,0,27,0
4,10,202280.0,-6.825670784178682,-2.42863258704684,TIME_LIMIT,24539,0,0,31,0
4,10,202572.0,-6.825670784178682,-2.42863258704684,TIME_LIMIT,24586,0,0,25,0
4,10,202862.0,-6.825670784178682,-2.42863258704684,TIME_LIMIT,24614,0,0,42,0
4,10,203175.0,-6.825670784178682,-2.42863258704684,TIME_LIMIT,24657,0,0,28,0
4,10,203465.0,-6.825670784178682,-2.42863258704684,TIME_LIMIT,24688,0,0,35,0
4,10,203757.0,-6.825390095946139,-2.42863258704684,TIME_LIMIT,24730,0,0,26,0
4,10,204074.0,-6.825390095946139,-2.42863258704684,TIME_LIMIT,24763,0,0,33,0
4,10,204364.0,-6.82299295453687,-2.42863258704684,TIME_LIMIT,24811,0,0,27,0
4,10,204657.0,-6.82299295453687,-2.42863258704684,TIME_LIMIT,24831,0,0,26,0
4,10,204943.0,-6.82299295453687,-2.42863258704684,TIME_LIMIT,24876,0,0,27,0
4,10,205255.0,-6.82299295453687,-2.42863258704684,TIME_LIMIT,24901,0,0,31,0
4,10,205542.0,-6.82299295453687,-2.42863258704684,TIME_LIMIT,24942,0,0,22,0
4,10,205831.0,-6.82299295453687,-2.42863258704684,TIME_LIMIT,24965,0,0,28,0
4,10,206145.0,-6.82299295453687,-2.42863258704684,TIME_LIMIT,25009,0,0,12,0
4,10,206436.0,-6.82299295453687,-2.42863258704684,TIME_LIMIT,25044,0,0,28,0
4,10,206721.0,-6.822740498673925,-2.42863258704684,TIME_LIMIT,25072,0,0,28,0
4,10,207036.0,-6.822740498673925,-2.42863258704684,TIME_LIMIT,25095,0,0,37,0
4,10,207328.0,-6.822740498673925,-2.42863258704684,TIME_LIMIT,25148,0,0,33,0
4,10,207591.0,-6.822740498673925,-2.42863258704684,TIME_LIMIT,25176,0,0,42,0
4,10,207883.0,-6.822740498673925,-2.42863258704684,TIME_LIMIT,25226,0,0,32,0
4,10,208201.0,-6.822740498673925,-2.42863258704684,TIME_LIMIT,25259,0,0,37,0
4,10,208491.0,-6.822740498673925,-2.42863258704684,TIME_LIMIT,25316,0,0,29,0
4,10,208781.0,-6.822740498673925,-2.42863258704684,TIME_LIMIT,25339,0,0,38,0
4,10,209096.0,-6.8219321938894755,-2.42863258704684,TIME_LIMIT,25387,0,0,19,0
4,10,209386.0,-6.8219321938894755,-2.42863258704684,TIME_LIMIT,25416,0,0,24,0
4,10,209691.0,-6.817040184788579,-2.42863258704684,TIME_LIMIT,25459,0,0,27,0
4,10,210005.0,-6.817040184788579,-2.42863258704684,TIME_LIMIT,25497,0,0,27,0
4,10,210296.0,-6.816716012750733,-2.42863258704684,TIME_LIMIT,25534,0,0,34,0
4,10,210588.0,-6.816716012750733,-2.42863258704684,TIME_LIMIT,25561,0,0,27,0
4,10,210879.0,-6.816716012750733,-2.42863258704684,TIME_LIMIT,25612,0,0,29,0
4,10,211195.0,-6.816716012750733,-2.42863258704684,TIME_LIMIT,25649,0,0,38,0
4,10,211487.0,-6.813710085650486,-2.42863258704684,TIME_LIMIT,25688,0,0,28,0
4,10,211778.0,-6.813710085650486,-2.42863258704684,TIME_LIMIT,25723,0,0,51,0
4,10,212097.0,-6.813710085650486,-2.42863258704684,TIME_LIMIT,25764,0,0,28,0
4,10,212388.0,-6.813710085650486,-2.42863258704684,TIME_LIMIT,25795,0,0,50,0
4,10,212677.0,-6.813710085650486,-2.42863258704684,TIME_LIMIT,25851,0,0,29,0
4,10,212994.0,-6.813710085650486,-2.42863258704684,TIME_LIMIT,25884,0,0,42,0
4,10,213281.0,-6.813710085650486,-2.42863258704684,TIME_LIMIT,25938,0,0,30,0
4,10,213577.0,-6.813710085650486,-2.42863258704684,TIME_LIMIT,25977,0,0,25,0
4,10,213863.0,-6.813710085650486,-2.42863258704684,TIME_LIMIT,26029,0,0,33,0
4,10,214203.0,-6.813710085650486,-2.42863258704684,TIME_LIMIT,26068,0,0,38,0
4,10,214494.0,-6.813710085650486,-2.42863258704684,TIME_LIMIT,26102,0,0,34,0
4,10,214783.0,-6.813710085650486,-2.42863258704684,TIME_LIMIT,26132,0,0,40,0
4,10,215099.0,-6.813710085650486,-2.42863258704684,TIME_LIMIT,26178,0,0,25,0
4,10,215390.0,-6.813710085650486,-2.42863258704684,TIME_LIMIT,26209,0,0,29,0
4,10,215681.0,-6.813710085650486,-2.42863258704684,TIME_LIMIT,26252,0,0,27,0
4,10,215999.0,-6.813710085650486,-2.42863258704684,TIME_LIMIT,26285,0,0,33,0
4,10,216294.0,-6.813710085650486,-2.42863258704684,TIME_LIMIT,26328,0,0,36,0
4,10,216587.0,-6.813710085650486,-2.42863258704684,TIME_LIMIT,26353,0,0,22,0
4,10,216900.0,-6.813710085650486,-2.42863258704684,TIME_LIMIT,26399,0,0,29,0
4,10,217191.0,-6.813710085650486,-2.42863258704684,TIME_LIMIT,26425,0,0,32,0
4,10,217481.0,-6.813710085650486,-2.42863258704684,TIME_LIMIT,26468,0,0,28,0
4,10,217769.0,-6.813710085650486,-2.42863258704684,TIME_LIMIT,26496,0,0,33,0
4,10,218083.0,-6.813710085650486,-2.42863258704684,TIME_LIMIT,26542,0,0,25,0
4,10,218377.0,-6.813710085650486,-2.42863258704684,TIME_LIMIT,26569,0,0,35,0
4,10,218666.0,-6.813710085650486,-2.42863258704684,TIME_LIMIT,26617,0,0,30,0
4,10,218984.0,-6.813710085650486,-2.42863258704684,TIME_LIMIT,26644,0,0,37,0
4,10,219276.0,-6.813710085650486,-2.42863258704684,TIME_LIMIT,26689,0,0,27,0
4,10,219565.0,-6.813710085650486,-2.42863258704684,TIME_LIMIT,26721,0,0,36,0
4,10,219881.0,-6.813093343894089,-2.42863258704684,TIME_LIMIT,26763,0,0,20,0
4,10,220195.0,-6.813093343894089,-2.42863258704684,TIME_LIMIT,26791,0,0,37,0
4,10,220492.0,-6.812527553096078,-2.42863258704684,TIME_LIMIT,26830,0,0,24,0
4,10,220809.0,-6.812527553096078,-2.42863258704684,TIME_LIMIT,26863,0,0,33,0
4,10,221095.0,-6.8117782037818575,-2.42863258704684,TIME_LIMIT,26914,0,0,30,0
4,10,221388.0,-6.8117782037818575,-2.42863258704684,TIME_LIMIT,26947,0,0,31,0
4,10,221677.0,-6.8117782037818575,-2.42863258704684,TIME_LIMIT,26996,0,0,30,0
4,10,221990.0,-6.8117782037818575,-2.42863258704684,TIME_LIMIT,27024,0,0,36,0
4,10,222283.0,-6.8117782037818575,-2.42863258704684,TIME_LIMIT,27066,0,0,30,0
4,10,222571.0,-6.8117782037818575,-2.42863258704684,TIME_LIMIT,27095,0,0,32,0
4,10,222884.0,-6.8117782037818575,-2.42863258704684,TIME_LIMIT,27143,0,0,27,0
4,10,223172.0,-6.8117782037818575,-2.42863258704684,TIME_LIMIT,27166,0,0,33,0
4,10,223460.0,-6.810421116463093,-2.42863258704684,TIME_LIMIT,27207,0,0,24,0
4,10,223780.0,-6.810421116463093,-2.42863258704684,TIME_LIMIT,27231,0,0,39,0
4,10,224086.0,-6.810421116463093,-2.42863258704684,TIME_LIMIT,27280,0,0,15,0
4,10,224394.0,-6.810421116463093,-2.42863258704684,TIME_LIMIT,27306,0,0,24,0
4,10,224682.0,-6.807154081326553,-2.42863258704684,TIME_LIMIT,27350,0,0,24,0
4,10,224999.0,-6.807154081326553,-2.42863258704684,TIME_LIMIT,27379,0,0,41,0
4,10,225287.0,-6.80466981127444,-2.42863258704684,TIME_LIMIT,27431,0,0,20,0
4,10,225578.0,-6.80466981127444,-2.42863258704684,TIME_LIMIT,27459,0,0,45,0
4,10,225892.0,-6.80466981127444,-2.42863258704684,TIME_LIMIT,27502,0,0,24,0
4,10,226183.0,-6.80466981127444,-2.42863258704684,TIME_LIMIT,27525,0,0,42,0
4,10,226472.0,-6.80466981127444,-2.42863258704684,TIME_LIMIT,27570,0,0,23,0
4,10,226787.0,-6.80466981127444,-2.42863258704684,TIME_LIMIT,27606,0,0,34,0
4,10,227076.0,-6.803223968420833,-2.42863258704684,TIME_LIMIT,27652,0,0,25,0
4,10,227366.0,-6.803223968420833,-2.42863258704684,TIME_LIMIT,27679,0,0,32,0
4,10,227681.0,-6.802131270743795,-2.42863258704684,TIME_LIMIT,27726,0,0,27,0
4,10,227969.0,-6.802131270743795,-2.42863258704684,TIME_LIMIT,27757,0,0,29,0
4,10,228305.0,-6.801601246237876,-2.42863258704684,TIME_LIMIT,27788,0,0,27,0
4,10,228597.0,-6.801601246237876,-2.42863258704684,TIME_LIMIT,27814,0,0,35,0
4,10,228909.0,-6.801601246237876,-2.42863258704684,TIME_LIMIT,27859,0,0,23,0
4,10,229197.0,-6.801601246237876,-2.42863258704684,TIME_LIMIT,27887,0,0,26,0
4,10,229486.0,-6.801601246237876,-2.42863258704684,TIME_LIMIT,27930,0,0,13,0
4,10,229800.0,-6.801601246237876,-2.42863258704684,TIME_LIMIT,27965,0,0,34,0
4,10,230090.0,-6.801601246237876,-2.42863258704684,TIME_LIMIT,27997,0,0,26,0
4,10,230376.0,-6.801601246237876,-2.42863258704684,TIME_LIMIT,28023,0,0,28,0
4,10,230691.0,-6.8008282628530505,-2.42863258704684,TIME_LIMIT,28058,0,0,23,0
4,10,231003.0,-6.8008282628530505,-2.42863258704684,TIME_LIMIT,28086,0,0,27,0
4,10,231297.0,-6.8008282628530505,-2.42863258704684,TIME_LIMIT,28135,0,0,27,0
4,10,231587.0,-6.8008282628530505,-2.42863258704684,TIME_LIMIT,28169,0,0,37,0
4,10,231902.0,-6.8008282628530505,-2.42863258704684,TIME_LIMIT,28210,0,0,31,0
4,10,232197.0,-6.8008282628530505,-2.42863258704684,TIME_LIMIT,28237,0,0,38,0
4,10,232488.0,-6.8008282628530505,-2.42863258704684,TIME_LIMIT,28279,0,0,28,0
4,10,232804.0,-6.8008282628530505,-2.42863258704684,TIME_LIMIT,28304,0,0,29,0
4,10,233093.0,-6.8008282628530505,-2.42863258704684,TIME_LIMIT,28346,0,0,23,0
4,10,233383.0,-6.8008282628530505,-2.42863258704684,TIME_LIMIT,28375,0,0,20,0
4,10,233699.0,-6.8008282628530505,-2.42863258704684,TIME_LIMIT,28424,0,0,31,0
4,10,233990.0,-6.8008282628530505,-2.42863258704684,TIME_LIMIT,28457,0,0,29,0
4,10,234280.0,-6.8008282628530505,-2.42863258704684,TIME_LIMIT,28499,0,0,32,0
4,10,234597.0,-6.8008282628530505,-2.42863258704684,TIME_LIMIT,28529,0,0,38,0
4,10,234888.0,-6.8008282628530505,-2.42863258704684,TIME_LIMIT,28573,0,0,29,0
4,10,235181.0,-6.8008282628530505,-2.42863258704684,TIME_LIMIT,28599,0,0,34,0
4,10,235470.0,-6.8008282628530505,-2.42863258704684,TIME_LIMIT,28644,0,0,29,0
4,10,235787.0,-6.8008282628530505,-2.42863258704684,TIME_LIMIT,28673,0,0,38,0
4,10,236076.0,-6.8008282628530505,-2.42863258704684,TIME_LIMIT,28716,0,0,26,0
4,10,236370.0,-6.8008282628530505,-2.42863258704684,TIME_LIMIT,28747,0,0,30,0
4,10,236685.0,-6.8008282628530505,-2.42863258704684,TIME_LIMIT,28787,0,0,24,0
4,10,236971.0,-6.8008282628530505,-2.42863258704684,TIME_LIMIT,28817,0,0,36,0
4,10,237262.0,-6.799974595732852,-2.42863258704684,TIME_LIMIT,28852,0,0,26,0
4,10,237582.0,-6.799974595732852,-2.42863258704684,TIME_LIMIT,28878,0,0,33,0
4,10,237870.0,-6.799533067045635,-2.42863258704684,TIME_LIMIT,28929,0,0,30,0
4,10,238161.0,-6.799533067045635,-2.42863258704684,TIME_LIMIT,28952,0,0,25,0
4,10,238446.0,-6.799533067045635,-2.42863258704684,TIME_LIMIT,28991,0,0,20,0
4,10,238761.0,-6.799533067045635,-2.42863258704684,TIME_LIMIT,29017,0,0,30,0
4,10,239051.0,-6.799533067045635,-2.42863258704684,TIME_LIMIT,29055,0,0,21,0
4,10,239337.0,-6.799533067045635,-2.42863258704684,TIME_LIMIT,29076,0,0,25,0
4,10,239652.0,-6.799458682205046,-2.42863258704684,TIME_LIMIT,29113,0,0,19,0
4,10,239963.0,-6.799458682205046,-2.42863258704684,TIME_LIMIT,29139,0,0,39,0
4,10,240275.0,-6.799458682205046,-2.42863258704684,TIME_LIMIT,29186,0,0,26,0
4,10,240595.0,-6.799458682205046,-2.42863258704684,TIME_LIMIT,29208,0,0,36,0
4,10,240881.0,-6.799458682205046,-2.42863258704684,TIME_LIMIT,29251,0,0,22,0
4,10,241172.0,-6.799458682205046,-2.42863258704684,TIME_LIMIT,29285,0,0,30,0
4,10,241462.0,-6.799458682205046,-2.42863258704684,TIME_LIMIT,29330,0,0,24,0
4,10,241776.0,-6.799458682205046,-2.42863258704684,TIME_LIMIT,29355,0,0,24,0
4,10,242066.0,-6.79817690795136,-2.42863258704684,TIME_LIMIT,29397,0,0,24,0
4,10,242380.0,-6.79817690795136,-2.42863258704684,TIME_LIMIT,29424,0,0,42,0
4,10,242710.0,-6.79817690795136,-2.42863258704684,TIME_LIMIT,29467,0,0,26,0
4,10,243004.0,-6.79817690795136,-2.42863258704684,TIME_LIMIT,29498,0,0,28,0
4,10,243290.0,-6.797294495620308,-2.42863258704684,TIME_LIMIT,29543,0,0,28,0
4,10,243606.0,-6.797294495620308,-2.42863258704684,TIME_LIMIT,29566,0,0,31,0
4,10,243893.0,-6.797294495620308,-2.42863258704684,TIME_LIMIT,29614,0,0,26,0
4,10,244189.0,-6.797294495620308,-2.42863258704684,TIME_LIMIT,29640,0,0,28,0
4,10,244478.0,-6.797294495620308,-2.42863258704684,TIME_LIMIT,29689,0,0,22,0
4,10,244793.0,-6.797294495620308,-2.42863258704684,TIME_LIMIT,29714,0,0,33,0
4,10,245082.0,-6.797174565911908,-2.42863258704684,TIME_LIMIT,29759,0,0,25,0
4,10,245373.0,-6.797174565911908,-2.42863258704684,TIME_LIMIT,29779,0,0,35,0
4,10,245688.0,-6.797174565911908,-2.42863258704684,TIME_LIMIT,29820,0,0,19,0
4,10,245978.0,-6.797174565911908,-2.42863258704684,TIME_LIMIT,29847,0,0,24,0
4,10,246268.0,-6.797174565911908,-2.42863258704684,TIME_LIMIT,29883,0,0,24,0
4,10,246584.0,-6.797174565911908,-2.42863258704684,TIME_LIMIT,29909,0,0,33,0
4,10,246872.0,-6.796518946373792,-2.42863258704684,TIME_LIMIT,29943,0,0,23,0
4,10,247165.0,-6.796518946373792,-2.42863258704684,TIME_LIMIT,29976,0,0,32,0
4,10,247481.0,-6.795690036045592,-2.42863258704684,TIME_LIMIT,30024,0,0,23,0
4,10,247774.0,-6.795690036045592,-2.42863258704684,TIME_LIMIT,30054,0,0,43,0
4,10,248067.0,-6.7950389216203035,-2.42863258704684,TIME_LIMIT,30110,0,0,30,0
4,10,248360.0,-6.7950389216203035,-2.42863258704684,TIME_LIMIT,30141,0,0,36,0
4,10,248675.0,-6.7950389216203035,-2.42863258704684,TIME_LIMIT,30185,0,0,25,0
4,10,248972.0,-6.7950389216203035,-2.42863258704684,TIME_LIMIT,30212,0,0,32,0
4,10,249261.0,-6.794572827275632,-2.42863258704684,TIME_LIMIT,30261,0,0,31,0
4,10,249581.0,-6.794572827275632,-2.42863258704684,TIME_LIMIT,30288,0,0,33,0
4,10,249872.0,-6.794572827275632,-2.42863258704684,TIME_LIMIT,30336,0,0,23,0
4,10,250162.0,-6.794572827275632,-2.42863258704684,TIME_LIMIT,30358,0,0,19,0
4,10,250481.0,-6.794572827275632,-2.42863258704684,TIME_LIMIT,30405,0,0,30,0
4,10,250773.0,-6.794572827275632,-2.42863258704684,TIME_LIMIT,30433,0,0,31,0
4,10,251064.0,-6.794572827275632,-2.42863258704684,TIME_LIMIT,30470,0,0,25,0
4,10,251352.0,-6.794572827275632,-2.42863258704684,TIME_LIMIT,30494,0,0,34,0
4,10,251668.0,-6.794572827275632,-2.42863258704684,TIME_LIMIT,30535,0,0,23,0
4,10,251958.0,-6.794572827275632,-2.42863258704684,TIME_LIMIT,30559,0,0,35,0
4,10,252251.0,-6.794572827275632,-2.42863258704684,TIME_LIMIT,30603,0,0,22,0
4,10,252568.0,-6.794572827275632,-2.42863258704684,TIME_LIMIT,30625,0,0,25,0
4,10,252858.0,-6.794572827275632,-2.42863258704684,TIME_LIMIT,30666,0,0,24,0
4,10,253148.0,-6.794572827275632,-2.42863258704684,TIME_LIMIT,30693,0,0,32,0
4,10,253462.0,-6.793414162034722,-2.42863258704684,TIME_LIMIT,30738,0,0,25,0
4,10,253756.0,-6.793414162034722,-2.42863258704684,TIME_LIMIT,30758,0,0,26,0
4,10,254046.0,-6.792462702959719,-2.42863258704684,TIME_LIMIT,30801,0,0,30,0
4,10,254336.0,-6.792462702959719,-2.42863258704684,TIME_LIMIT,30827,0,0,43,0
4,10,254652.0,-6.787965847920626,-2.42863258704684,TIME_LIMIT,30878,0,0,27,0
4,10,254940.0,-6.787965847920626,-2.42863258704684,TIME_LIMIT,30905,0,0,30,0
4,10,255232.0,-6.786146674642087,-2.42863258704684,TIME_LIMIT,30956,0,0,24,0
4,10,255549.0,-6.786146674642087,-2.42863258704684,TIME_LIMIT,30991,0,0,37,0
4,10,255838.0,-6.785873005138784,-2.42863258704684,TIME_LIMIT,31031,0,0,28,0
4,10,256128.0,-6.785873005138784,-2.42863258704684,TIME_LIMIT,31049,0,0,27,0
4,10,256452.0,-6.785127642194357,-2.42863258704684,TIME_LIMIT,31095,0,0,26,0
4,10,256743.0,-6.785127642194357,-2.42863258704684,TIME_LIMIT,31133,0,0,45,0
4,10,257032.0,-6.784533207529139,-2.42863258704684,TIME_LIMIT,31183,0,0,28,0
4,10,257324.0,-6.784533207529139,-2.42863258704684,TIME_LIMIT,31213,0,0,41,0
4,10,257642.0,-6.784141789272089,-2.42863258704684,TIME_LIMIT,31263,0,0,29,0
4,10,257934.0,-6.784141789272089,-2.42863258704684,TIME_LIMIT,31291,0,0,28,0
4,10,258220.0,-6.784141789272089,-2.42863258704684,TIME_LIMIT,31335,0,0,27,0
4,10,258537.0,-6.784141789272089,-2.42863258704684,TIME_LIMIT,31355,0,0,23,0
4,10,258826.0,-6.784141789272089,-2.42863258704684,TIME_LIMIT,31393,0,0,19,0
4,10,259112.0,-6.784141789272089,-2.42863258704684,TIME_LIMIT,31418,0,0,23,0
4,10,259427.0,-6.784141789272089,-2.42863258704684,TIME_LIMIT,31464,0,0,26,0
4,10,259717.0,-6.784141789272089,-2.42863258704684,TIME_LIMIT,31490,0,0,29,0
4,10,260004.0,-6.784141789272089,-2.42863258704684,TIME_LIMIT,31531,0,0,21,0
4,10,260324.0,-6.784141789272089,-2.42863258704684,TIME_LIMIT,31555,0,0,31,0
4,10,260640.0,-6.784141789272089,-2.42863258704684,TIME_LIMIT,31592,0,0,21,0
4,10,260927.0,-6.784141789272089,-2.42863258704684,TIME_LIMIT,31614,0,0,23,0
4,10,261215.0,-6.783537692403306,-2.42863258704684,TIME_LIMIT,31658,0,0,25,0
4,10,261532.0,-6.783537692403306,-2.42863258704684,TIME_LIMIT,31686,0,0,28,0
4,10,261820.0,-6.783537692403306,-2.42863258704684,TIME_LIMIT,31731,0,0,27,0
4,10,262111.0,-6.783537692403306,-2.42863258704684,TIME_LIMIT,31764,0,0,33,0
4,10,262428.0,-6.78311392457182,-2.42863258704684,TIME_LIMIT,31800,0,0,17,0
4,10,262717.0,-6.78311392457182,-2.42863258704684,TIME_LIMIT,31831,0,0,39,0
4,10,263005.0,-6.781517338591815,-2.42863258704684,TIME_LIMIT,31881,0,0,27,0
4,10,263296.0,-6.781517338591815,-2.42863258704684,TIME_LIMIT,31911,0,0,28,0
4,10,263610.0,-6.781517338591815,-2.42863258704684,TIME_LIMIT,31953,0,0,15,0
4,10,263899.0,-6.781517338591815,-2.42863258704684,TIME_LIMIT,31981,0,0,30,0
4,10,264208.0,-6.781517338591815,-2.42863258704684,TIME_LIMIT,32027,0,0,22,0
4,10,264535.0,-6.781517338591815,-2.42863258704684,TIME_LIMIT,32051,0,0,35,0
4,10,264825.0,-6.781517338591815,-2.42863258704684,TIME_LIMIT,32094,0,0,22,0
4,10,265113.0,-6.781517338591815,-2.42863258704684,TIME_LIMIT,32118,0,0,30,0
4,10,265427.0,-6.781517338591815,-2.42863258704684,TIME_LIMIT,32163,0,0,18,0
4,10,265719.0,-6.781517338591815,-2.42863258704684,TIME_LIMIT,32188,0,0,36,0
4,10,266010.0,-6.781517338591815,-2.42863258704684,TIME_LIMIT,32233,0,0,21,0
4,10,266297.0,-6.781517338591815,-2.42863258704684,TIME_LIMIT,32259,0,0,20,0
4,10,266614.0,-6.781517338591815,-2.42863258704684,TIME_LIMIT,32300,0,0,18,0
4,10,266900.0,-6.781517338591815,-2.42863258704684,TIME_LIMIT,32326,0,0,8,0
4,10,267190.0,-6.781517338591815,-2.42863258704684,TIME_LIMIT,32373,0,0,28,0
4,10,267515.0,-6.781517338591815,-2.42863258704684,TIME_LIMIT,32401,0,0,35,0
4,10,267809.0,-6.781517338591815,-2.42863258704684,TIME_LIMIT,32444,0,0,23,0
4,10,268135.0,-6.781517338591815,-2.42863258704684,TIME_LIMIT,32473,0,0,25,0
4,10,268509.0,-6.781517338591815,-2.42863258704684,TIME_LIMIT,32508,0,0,26,0
4,10,268818.0,-6.781517338591815,-2.42863258704684,TIME_LIMIT,32547,0,0,24,0
4,10,269129.0,-6.781517338591815,-2.42863258704684,TIME_LIMIT,32575,0,0,26,0
4,10,269436.0,-6.781517338591815,-2.42863258704684,TIME_LIMIT,32599,0,0,27,0
4,10,269772.0,-6.781517338591815,-2.42863258704684,TIME_LIMIT,32643,0,0,23,0
4,10,270065.0,-6.781517338591815,-2.42863258704684,TIME_LIMIT,32675,0,0,18,0
4,10,270350.0,-6.781517338591815,-2.42863258704684,TIME_LIMIT,32718,0,0,22,0
4,10,270665.0,-6.781517338591815,-2.42863258704684,TIME_LIMIT,32743,0,0,27,0
4,10,270960.0,-6.781517338591815,-2.42863258704684,TIME_LIMIT,32782,0,0,27,0
4,10,271243.0,-6.781517338591815,-2.42863258704684,TIME_LIMIT,32806,0,0,29,0
4,10,271558.0,-6.781517338591815,-2.42863258704684,TIME_LIMIT,32845,0,0,20,0
4,10,271849.0,-6.781517338591815,-2.42863258704684,TIME_LIMIT,32869,0,0,26,0
4,10,272137.0,-6.781517338591815,-2.42863258704684,TIME_LIMIT,32905,0,0,28,0
4,10,272426.0,-6.781517338591815,-2.42863258704684,TIME_LIMIT,32931,0,0,36,0
4,10,272740.0,-6.781517338591815,-2.42863258704684,TIME_LIMIT,32968,0,0,20,0
4,10,273033.0,-6.781517338591815,-2.42863258704684,TIME_LIMIT,33000,0,0,24,0
4,10,273323.0,-6.781517338591815,-2.42863258704684,TIME_LIMIT,33028,0,0,26,0
4,10,273639.0,-6.781517338591815,-2.42863258704684,TIME_LIMIT,33056,0,0,11,0
4,10,273927.0,-6.781517338591815,-2.42863258704684,TIME_LIMIT,33096,0,0,19,0
4,10,274219.0,-6.781517338591815,-2.42863258704684,TIME_LIMIT,33116,0,0,31,0
4,10,274534.0,-6.781517338591815,-2.42863258704684,TIME_LIMIT,33158,0,0,23,0
4,10,274822.0,-6.781517338591815,-2.42863258704684,TIME_LIMIT,33187,0,0,29,0
4,10,275112.0,-6.781517338591815,-2.42863258704684,TIME_LIMIT,33230,0,0,24,0
4,10,275403.0,-6.781517338591815,-2.42863258704684,TIME_LIMIT,33256,0,0,28,0
4,10,275717.0,-6.781517338591815,-2.42863258704684,TIME_LIMIT,33300,0,0,28,0
4,10,276005.0,-6.781517338591815,-2.42863258704684,TIME_LIMIT,33330,0,0,23,0
4,10,276293.0,-6.781517338591815,-2.42863258704684,TIME_LIMIT,33362,0,0,18,0
4,10,276612.0,-6.781517338591815,-2.42863258704684,TIME_LIMIT,33389,0,0,32,0
4,10,276899.0,-6.781517338591815,-2.42863258704684,TIME_LIMIT,33434,0,0,20,0
4,10,277189.0,-6.781517338591815,-2.42863258704684,TIME_LIMIT,33467,0,0,25,0
4,10,277502.0,-6.780223048350637,-2.42863258704684,TIME_LIMIT,33509,0,0,24,0
4,10,277795.0,-6.780223048350637,-2.42863258704684,TIME_LIMIT,33530,0,0,30,0
4,10,278086.0,-6.780223048350637,-2.42863258704684,TIME_LIMIT,33583,0,0,29,0
4,10,278375.0,-6.780223048350637,-2.42863258704684,TIME_LIMIT,33612,0,0,8,0
4,10,278694.0,-6.780223048350637,-2.42863258704684,TIME_LIMIT,33656,0,0,25,0
4,10,278984.0,-6.780223048350637,-2.42863258704684,TIME_LIMIT,33697,0,0,28,0
4,10,279277.0,-6.780223048350637,-2.42863258704684,TIME_LIMIT,33722,0,0,26,0
4,10,279593.0,-6.780223048350637,-2.42863258704684,TIME_LIMIT,33760,0,0,30,0
4,10,279884.0,-6.780223048350637,-2.42863258704684,TIME_LIMIT,33800,0,0,14,0
4,10,280176.0,-6.780223048350637,-2.42863258704684,TIME_LIMIT,33827,0,0,30,0
4,10,280491.0,-6.780223048350637,-2.42863258704684,TIME_LIMIT,33865,0,0,17,0
4,10,280777.0,-6.780223048350637,-2.42863258704684,TIME_LIMIT,33892,0,0,33,0
4,10,281068.0,-6.780223048350637,-2.42863258704684,TIME_LIMIT,33932,0,0,24,0
4,10,281356.0,-6.780223048350637,-2.42863258704684,TIME_LIMIT,33961,0,0,24,0
4,10,281668.0,-6.780223048350637,-2.42863258704684,TIME_LIMIT,34003,0,0,26,0
4,10,281956.0,-6.780223048350637,-2.42863258704684,TIME_LIMIT,34034,0,0,31,0
4,10,282247.0,-6.780223048350637,-2.42863258704684,TIME_LIMIT,34074,0,0,21,0
4,10,282562.0,-6.780223048350637,-2.42863258704684,TIME_LIMIT,34098,0,0,24,0
4,10,282849.0,-6.780223048350637,-2.42863258704684,TIME_LIMIT,34135,0,0,21,0
4,10,283138.0,-6.780223048350637,-2.42863258704684,TIME_LIMIT,34162,0,0,30,0
4,10,283452.0,-6.780223048350637,-2.42863258704684,TIME_LIMIT,34205,0,0,26,0
4,10,283743.0,-6.780223048350637,-2.42863258704684,TIME_LIMIT,34238,0,0,30,0
4,10,284031.0,-6.780223048350637,-2.42863258704684,TIME_LIMIT,34279,0,0,25,0
4,10,284321.0,-6.780223048350637,-2.42863258704684,TIME_LIMIT,34303,0,0,27,0
4,10,284634.0,-6.780182859584981,-2.42863258704684,TIME_LIMIT,34344,0,0,25,0
4,10,284923.0,-6.780182859584981,-2.42863258704684,TIME_LIMIT,34368,0,0,26,0
4,10,285214.0,-6.780182859584981,-2.42863258704684,TIME_LIMIT,34405,0,0,24,0
4,10,285529.0,-6.780182859584981,-2.42863258704684,TIME_LIMIT,34429,0,0,27,0
4,10,285816.0,-6.780182859584981,-2.42863258704684,TIME_LIMIT,34468,0,0,25,0
4,10,286110.0,-6.780182859584981,-2.42863258704684,TIME_LIMIT,34491,0,0,26,0
4,10,286393.0,-6.780182859584981,-2.42863258704684,TIME_LIMIT,34532,0,0,20,0
4,10,286709.0,-6.780182859584981,-2.42863258704684,TIME_LIMIT,34557,0,0,28,0
4,10,286997.0,-6.780182859584981,-2.42863258704684,TIME_LIMIT,34597,0,0,21,0
4,10,287287.0,-6.780182859584981,-2.42863258704684,TIME_LIMIT,34623,0,0,33,0
4,10,287597.0,-6.780182859584981,-2.42863258704684,TIME_LIMIT,34652,0,0,20,0
4,10,287892.0,-6.780182859584981,-2.42863258704684,TIME_LIMIT,34679,0,0,35,0
4,10,288181.0,-6.780129183082048,-2.42863258704684,TIME_LIMIT,34715,0,0,15,0
4,10,288496.0,-6.780129183082048,-2.42863258704684,TIME_LIMIT,34749,0,0,27,0
4,10,288784.0,-6.779777063560395,-2.42863258704684,TIME_LIMIT,34800,0,0,21,0
4,10,289074.0,-6.779777063560395,-2.42863258704684,TIME_LIMIT,34825,0,0,29,0
4,10,289362.0,-6.779223473479833,-2.42863258704684,TIME_LIMIT,34868,0,0,24,0
4,10,289679.0,-6.779223473479833,-2.42863258704684,TIME_LIMIT,34902,0,0,35,0
4,10,289967.0,-6.778742635556712,-2.42863258704684,TIME_LIMIT,34946,0,0,27,0
4,10,290256.0,-6.778742635556712,-2.42863258704684,TIME_LIMIT,34966,0,0,26,0
4,10,290570.0,-6.778742635556712,-2.42863258704684,TIME_LIMIT,35005,0,0,28,0
4,10,290857.0,-6.778742635556712,-2.42863258704684,TIME_LIMIT,35025,0,0,28,0
4,10,291150.0,-6.778742635556712,-2.42863258704684,TIME_LIMIT,35061,0,0,25,0
4,10,291463.0,-6.778742635556712,-2.42863258704684,TIME_LIMIT,35083,0,0,31,0
4,10,291749.0,-6.778675924983998,-2.42863258704684,TIME_LIMIT,35117,0,0,24,0
4,10,292041.0,-6.778675924983998,-2.42863258704684,TIME_LIMIT,35141,0,0,34,0
4,10,292327.0,-6.778314801321876,-2.42863258704684,TIME_LIMIT,35182,0,0,25,0
4,10,292646.0,-6.778314801321876,-2.42863258704684,TIME_LIMIT,35204,0,0,30,0
4,10,292936.0,-6.778314801321876,-2.42863258704684,TIME_LIMIT,35256,0,0,28,0
4,10,293230.0,-6.778314801321876,-2.42863258704684,TIME_LIMIT,35286,0,0,38,0
4,10,293544.0,-6.778314801321876,-2.42863258704684,TIME_LIMIT,35330,0,0,25,0
4,10,293836.0,-6.778314801321876,-2.42863258704684,TIME_LIMIT,35358,0,0,40,0
4,10,294126.0,-6.778314801321876,-2.42863258704684,TIME_LIMIT,35401,0,0,23,0
4,10,294415.0,-6.778314801321876,-2.42863258704684,TIME_LIMIT,35433,0,0,46,0
4,10,294733.0,-6.778314801321876,-2.42863258704684,TIME_LIMIT,35474,0,0,20,0
4,10,295025.0,-6.778314801321876,-2.42863258704684,TIME_LIMIT,35497,0,0,38,0
4,10,295315.0,-6.778314801321876,-2.42863258704684,TIME_LIMIT,35541,0,0,24,0
4,10,295628.0,-6.778314801321876,-2.42863258704684,TIME_LIMIT,35565,0,0,28,0
4,10,295919.0,-6.778314801321876,-2.42863258704684,TIME_LIMIT,35597,0,0,24,0
4,10,296212.0,-6.778314801321876,-2.42863258704684,TIME_LIMIT,35625,0,0,36,0
4,10,296539.0,-6.778314801321876,-2.42863258704684,TIME_LIMIT,35669,0,0,20,0
4,10,296829.0,-6.778314801321876,-2.42863258704684,TIME_LIMIT,35699,0,0,27,0
4,10,297118.0,-6.778314801321876,-2.42863258704684,TIME_LIMIT,35739,0,0,21,0
4,10,297409.0,-6.778314801321876,-2.42863258704684,TIME_LIMIT,35767,0,0,31,0
4,10,297725.0,-6.778314801321876,-2.42863258704684,TIME_LIMIT,35812,0,0,5,0
4,10,298019.0,-6.778314801321876,-2.42863258704684,TIME_LIMIT,35842,0,0,33,0
4,10,298328.0,-6.778314801321876,-2.42863258704684,TIME_LIMIT,35882,0,0,25,0
4,10,298667.0,-6.778314801321876,-2.42863258704684,TIME_LIMIT,35918,0,0,33,0
4,10,298976.0,-6.778314801321876,-2.42863258704684,TIME_LIMIT,35964,0,0,15,0
4,10,299264.0,-6.778314801321876,-2.42863258704684,TIME_LIMIT,36003,0,0,21,0
4,10,299600.0,-6.778314801321876,-2.42863258704684,TIME_LIMIT,36031,0,0,28,0
4,10,299889.0,-6.778314801321876,-2.42863258704684,TIME_LIMIT,36050,0,0,29,0
4,10,300198.0,-6.778314801321876,-2.42863258704684,TIME_LIMIT,36092,0,0,24,0
4,10,300506.0,-6.778314801321876,-2.42863258704684,TIME_LIMIT,36113,0,0,38,0
4,10,300821.0,-6.778314801321876,-2.42863258704684,TIME_LIMIT,36157,0,0,8,0
4,10,301112.0,-6.778314801321876,-2.42863258704684,TIME_LIMIT,36182,0,0,31,0
4,10,301401.0,-6.778314801321876,-2.42863258704684,TIME_LIMIT,36218,0,0,24,0
4,10,301720.0,-6.778314801321876,-2.42863258704684,TIME_LIMIT,36245,0,0,34,0
4,10,302008.0,-6.778314801321876,-2.42863258704684,TIME_LIMIT,36285,0,0,22,0
4,10,302298.0,-6.778314801321876,-2.42863258704684,TIME_LIMIT,36306,0,0,34,0
4,10,302588.0,-6.778314801321876,-2.42863258704684,TIME_LIMIT,36347,0,0,27,0
4,10,302903.0,-6.778314801321876,-2.42863258704684,TIME_LIMIT,36369,0,0,34,0
4,10,303194.0,-6.778314801321876,-2.42863258704684,TIME_LIMIT,36406,0,0,26,0
4,10,303485.0,-6.778314801321876,-2.42863258704684,TIME_LIMIT,36430,0,0,27,0
4,10,303800.0,-6.778103700888804,-2.42863258704684,TIME_LIMIT,36473,0,0,28,0
4,10,304092.0,-6.778103700888804,-2.42863258704684,TIME_LIMIT,36496,0,0,37,0
4,10,304415.0,-6.778103700888804,-2.42863258704684,TIME_LIMIT,36545,0,0,21,0
4,10,304731.0,-6.778103700888804,-2.42863258704684,TIME_LIMIT,36567,0,0,32,0
4,10,305018.0,-6.778103700888804,-2.42863258704684,TIME_LIMIT,36611,0,0,21,0
4,10,305311.0,-6.778103700888804,-2.42863258704684,TIME_LIMIT,36643,0,0,31,0
4,10,305598.0,-6.778103700888804,-2.42863258704684,TIME_LIMIT,36689,0,0,23,0
4,10,305915.0,-6.778103700888804,-2.42863258704684,TIME_LIMIT,36714,0,0,30,0
4,10,306203.0,-6.778103700888804,-2.42863258704684,TIME_LIMIT,36751,0,0,21,0
4,10,306493.0,-6.778103700888804,-2.42863258704684,TIME_LIMIT,36773,0,0,27,0
4,10,306808.0,-6.777971767066747,-2.42863258704684,TIME_LIMIT,36813,0,0,17,0
4,10,307096.0,-6.777971767066747,-2.42863258704684,TIME_LIMIT,36844,0,0,12,0
4,10,307388.0,-6.7777274997151835,-2.42863258704684,TIME_LIMIT,36889,0,0,21,0
4,10,307703.0,-6.7777274997151835,-2.42863258704684,TIME_LIMIT,36913,0,0,27,0
4,10,307997.0,-6.777473267791091,-2.42863258704684,TIME_LIMIT,36961,0,0,27,0
4,10,308303.0,-6.777473267791091,-2.42863258704684,TIME_LIMIT,36989,0,0,44,0
4,10,308625.0,-6.775601620960519,-2.42863258704684,TIME_LIMIT,37039,0,0,25,0
4,10,308939.0,-6.775601620960519,-2.42863258704684,TIME_LIMIT,37076,0,0,24,0
4,10,309235.0,-6.774602695970738,-2.42863258704684,TIME_LIMIT,37131,0,0,33,0
4,10,309522.0,-6.774602695970738,-2.42863258704684,TIME_LIMIT,37160,0,0,27,0
4,10,309835.0,-6.774602695970738,-2.42863258704684,TIME_LIMIT,37185,0,0,22,0
4,10,310124.0,-6.774602695970738,-2.42863258704684,TIME_LIMIT,37203,0,0,22,0
4,10,310411.0,-6.774602695970738,-2.42863258704684,TIME_LIMIT,37238,0,0,25,0
4,10,310697.0,-6.774602695970738,-2.42863258704684,TIME_LIMIT,37259,0,0,23,0
4,10,311013.0,-6.774602695970738,-2.42863258704684,TIME_LIMIT,37294,0,0,15,0
4,10,311303.0,-6.774602695970738,-2.42863258704684,TIME_LIMIT,37318,0,0,29,0
4,10,311587.0,-6.774574533076496,-2.42863258704684,TIME_LIMIT,37343,0,0,25,0
4,10,311901.0,-6.774574533076496,-2.42863258704684,TIME_LIMIT,37361,0,0,36,0
4,10,312190.0,-6.7730811715972905,-2.42863258704684,TIME_LIMIT,37393,0,0,22,0
4,10,312486.0,-6.7730811715972905,-2.42863258704684,TIME_LIMIT,37436,0,0,28,0
4,10,312803.0,-6.772970901634826,-2.42863258704684,TIME_LIMIT,37469,0,0,31,0
4,10,313092.0,-6.772970901634826,-2.42863258704684,TIME_LIMIT,37492,0,0,31,0
4,10,313384.0,-6.772970901634826,-2.42863258704684,TIME_LIMIT,37531,0,0,29,0
4,10,313671.0,-6.772970901634826,-2.42863258704684,TIME_LIMIT,37557,0,0,33,0
4,10,313989.0,-6.772970901634826,-2.42863258704684,TIME_LIMIT,37601,0,0,28,0
4,10,314281.0,-6.772970901634826,-2.42863258704684,TIME_LIMIT,37627,0,0,39,0
4,10,314573.0,-6.772970901634826,-2.42863258704684,TIME_LIMIT,37667,0,0,26,0
4,10,314891.0,-6.772970901634826,-2.42863258704684,TIME_LIMIT,37697,0,0,34,0
4,10,315182.0,-6.772970901634826,-2.42863258704684,TIME_LIMIT,37739,0,0,27,0
4,10,315474.0,-6.772970901634826,-2.42863258704684,TIME_LIMIT,37763,0,0,30,0
4,10,315761.0,-6.772282696629168,-2.42863258704684,TIME_LIMIT,37808,0,0,24,0
4,10,316080.0,-6.772282696629168,-2.42863258704684,TIME_LIMIT,37837,0,0,11,0
4,10,316370.0,-6.770948462947631,-2.42863258704684,TIME_LIMIT,37883,0,0,21,0
4,10,316662.0,-6.770948462947631,-2.42863258704684,TIME_LIMIT,37914,0,0,37,0
4,10,316979.0,-6.769951703646673,-2.42863258704684,TIME_LIMIT,37958,0,0,27,0
4,10,317267.0,-6.769951703646673,-2.42863258704684,TIME_LIMIT,37992,0,0,28,0
4,10,317557.0,-6.769951703646673,-2.42863258704684,TIME_LIMIT,38028,0,0,20,0
4,10,317873.0,-6.769951703646673,-2.42863258704684,TIME_LIMIT,38055,0,0,15,0
4,10,318158.0,-6.769951703646673,-2.42863258704684,TIME_LIMIT,38095,0,0,24,0
4,10,318457.0,-6.769951703646673,-2.42863258704684,TIME_LIMIT,38118,0,0,22,0
4,10,318742.0,-6.769951703646673,-2.42863258704684,TIME_LIMIT,38155,0,0,19,0
4,10,319059.0,-6.769951703646673,-2.42863258704684,TIME_LIMIT,38189,0,0,18,0
4,10,319346.0,-6.7686051055660865,-2.42863258704684,TIME_LIMIT,38222,0,0,26,0
4,10,319637.0,-6.7686051055660865,-2.42863258704684,TIME_LIMIT,38250,0,0,46,0
4,10,319952.0,-6.764310430356638,-2.42863258704684,TIME_LIMIT,38295,0,0,22,0
4,10,320241.0,-6.764310430356638,-2.42863258704684,TIME_LIMIT,38323,0,0,34,0
4,10,320531.0,-6.764310430356638,-2.42863258704684,TIME_LIMIT,38367,0,0,23,0
4,10,320820.0,-6.764310430356638,-2.42863258704684,TIME_LIMIT,38392,0,0,25,0
4,10,321136.0,-6.764310430356638,-2.42863258704684,TIME_LIMIT,38432,0,0,24,0
4,10,321427.0,-6.764310430356638,-2.42863258704684,TIME_LIMIT,38457,0,0,23,0
4,10,321718.0,-6.764310430356638,-2.42863258704684,TIME_LIMIT,38500,0,0,26,0
4,10,322035.0,-6.764310430356638,-2.42863258704684,TIME_LIMIT,38536,0,0,30,0
4,10,322323.0,-6.764310430356638,-2.42863258704684,TIME_LIMIT,38574,0,0,13,0
4,10,322614.0,-6.764310430356638,-2.42863258704684,TIME_LIMIT,38596,0,0,27,0
4,10,322932.0,-6.764310430356638,-2.42863258704684,TIME_LIMIT,38642,0,0,26,0
4,10,323221.0,-6.764310430356638,-2.42863258704684,TIME_LIMIT,38674,0,0,21,0
4,10,323510.0,-6.764310430356638,-2.42863258704684,TIME_LIMIT,38710,0,0,17,0
4,10,323797.0,-6.764310430356638,-2.42863258704684,TIME_LIMIT,38743,0,0,18,0
4,10,324113.0,-6.763395284576971,-2.42863258704684,TIME_LIMIT,38775,0,0,25,0
4,10,324405.0,-6.763395284576971,-2.42863258704684,TIME_LIMIT,38807,0,0,40,0
4,10,324694.0,-6.763363092079855,-2.42863258704684,TIME_LIMIT,38859,0,0,29,0
4,10,325011.0,-6.763363092079855,-2.42863258704684,TIME_LIMIT,38883,0,0,33,0
4,10,325300.0,-6.763363092079855,-2.42863258704684,TIME_LIMIT,38927,0,0,20,0
4,10,325596.0,-6.763363092079855,-2.42863258704684,TIME_LIMIT,38955,0,0,38,0
4,10,325882.0,-6.763363092079855,-2.42863258704684,TIME_LIMIT,39005,0,0,23,0
4,10,326200.0,-6.763363092079855,-2.42863258704684,TIME_LIMIT,39042,0,0,30,0
4,10,326491.0,-6.763363092079855,-2.42863258704684,TIME_LIMIT,39087,0,0,28,0
4,10,326780.0,-6.763363092079855,-2.42863258704684,TIME_LIMIT,39109,0,0,34,0
4,10,327094.0,-6.763363092079855,-2.42863258704684,TIME_LIMIT,39164,0,0,27,0
4,10,327384.0,-6.763363092079855,-2.42863258704684,TIME_LIMIT,39196,0,0,36,0
4,10,327678.0,-6.763363092079855,-2.42863258704684,TIME_LIMIT,39244,0,0,26,0
4,10,327995.0,-6.763363092079855,-2.42863258704684,TIME_LIMIT,39272,0,0,40,0
4,10,328285.0,-6.763363092079855,-2.42863258704684,TIME_LIMIT,39314,0,0,22,0
4,10,328581.0,-6.763363092079855,-2.42863258704684,TIME_LIMIT,39342,0,0,34,0
4,10,328867.0,-6.763363092079855,-2.42863258704684,TIME_LIMIT,39384,0,0,20,0
4,10,329185.0,-6.763363092079855,-2.42863258704684,TIME_LIMIT,39418,0,0,25,0
4,10,329479.0,-6.763363092079855,-2.42863258704684,TIME_LIMIT,39461,0,0,26,0
4,10,329767.0,-6.763363092079855,-2.42863258704684,TIME_LIMIT,39489,0,0,22,0
4,10,330082.0,-6.763363092079855,-2.42863258704684,TIME_LIMIT,39524,0,0,23,0
4,10,330372.0,-6.763363092079855,-2.42863258704684,TIME_LIMIT,39561,0,0,26,0
4,10,330666.0,-6.763363092079855,-2.42863258704684,TIME_LIMIT,39605,0,0,14,0
4,10,330954.0,-6.763363092079855,-2.42863258704684,TIME_LIMIT,39645,0,0,30,0
4,10,331269.0,-6.763363092079855,-2.42863258704684,TIME_LIMIT,39693,0,0,30,0
4,10,331561.0,-6.763363092079855,-2.42863258704684,TIME_LIMIT,39719,0,0,30,0
4,10,331852.0,-6.763363092079855,-2.42863258704684,TIME_LIMIT,39770,0,0,29,0
4,10,332168.0,-6.763363092079855,-2.42863258704684,TIME_LIMIT,39798,0,0,27,0
4,10,332460.0,-6.763363092079855,-2.42863258704684,TIME_LIMIT,39843,0,0,22,0
4,10,332751.0,-6.763363092079855,-2.42863258704684,TIME_LIMIT,39865,0,0,30,0
4,10,333036.0,-6.763363092079855,-2.42863258704684,TIME_LIMIT,39913,0,0,20,0
4,10,333351.0,-6.763363092079855,-2.42863258704684,TIME_LIMIT,39939,0,0,31,0
4,10,333641.0,-6.763363092079855,-2.42863258704684,TIME_LIMIT,39995,0,0,30,0
4,10,333930.0,-6.763363092079855,-2.42863258704684,TIME_LIMIT,40025,0,0,26,0
4,10,334244.0,-6.763363092079855,-2.42863258704684,TIME_LIMIT,40074,0,0,23,0
4,10,334535.0,-6.763363092079855,-2.42863258704684,TIME_LIMIT,40102,0,0,22,0
4,10,334825.0,-6.763363092079855,-2.42863258704684,TIME_LIMIT,40138,0,0,25,0
4,10,335141.0,-6.763363092079855,-2.42863258704684,TIME_LIMIT,40168,0,0,43,0
4,10,335432.0,-6.763363092079855,-2.42863258704684,TIME_LIMIT,40215,0,0,27,0
4,10,335723.0,-6.763363092079855,-2.42863258704684,TIME_LIMIT,40241,0,0,33,0
4,10,336009.0,-6.763363092079855,-2.42863258704684,TIME_LIMIT,40283,0,0,6,0
4,10,336349.0,-6.763363092079855,-2.42863258704684,TIME_LIMIT,40316,0,0,6,0
4,10,336671.0,-6.763363092079855,-2.42863258704684,TIME_LIMIT,40355,0,0,20,0
4,10,336981.0,-6.763363092079855,-2.42863258704684,TIME_LIMIT,40391,0,0,27,0
4,10,337308.0,-6.763363092079855,-2.42863258704684,TIME_LIMIT,40431,0,0,22,0
4,10,337620.0,-6.763363092079855,-2.42863258704684,TIME_LIMIT,40460,0,0,44,0
4,10,337929.0,-6.763363092079855,-2.42863258704684,TIME_LIMIT,40503,0,0,25,0
4,10,338240.0,-6.763363092079855,-2.42863258704684,TIME_LIMIT,40535,0,0,31,0
4,10,338573.0,-6.763363092079855,-2.42863258704684,TIME_LIMIT,40584,0,0,24,0
4,10,338884.0,-6.763363092079855,-2.42863258704684,TIME_LIMIT,40606,0,0,36,0
4,10,339191.0,-6.763363092079855,-2.42863258704684,TIME_LIMIT,40648,0,0,23,0
4,10,339508.0,-6.763363092079855,-2.42863258704684,TIME_LIMIT,40679,0,0,34,0
4,10,339797.0,-6.763363092079855,-2.42863258704684,TIME_LIMIT,40718,0,0,19,0
4,10,340088.0,-6.763363092079855,-2.42863258704684,TIME_LIMIT,40745,0,0,36,0
4,10,340381.0,-6.763363092079855,-2.42863258704684,TIME_LIMIT,40786,0,0,23,0
4,10,340724.0,-6.763363092079855,-2.42863258704684,TIME_LIMIT,40808,0,0,33,0
4,10,341016.0,-6.763363092079855,-2.42863258704684,TIME_LIMIT,40852,0,0,18,0
4,10,341305.0,-6.763363092079855,-2.42863258704684,TIME_LIMIT,40881,0,0,34,0
4,10,341620.0,-6.763363092079855,-2.42863258704684,TIME_LIMIT,40922,0,0,25,0
4,10,341913.0,-6.763363092079855,-2.42863258704684,TIME_LIMIT,40950,0,0,41,0
4,10,342204.0,-6.763363092079855,-2.42863258704684,TIME_LIMIT,40994,0,0,21,0
4,10,342522.0,-6.763363092079855,-2.42863258704684,TIME_LIMIT,41010,0,0,40,0
4,10,342809.0,-6.763363092079855,-2.42863258704684,TIME_LIMIT,41052,0,0,8,0
4,10,343108.0,-6.763363092079855,-2.42863258704684,TIME_LIMIT,41074,0,0,37,0
4,10,343395.0,-6.763363092079855,-2.42863258704684,TIME_LIMIT,41113,0,0,24,0
4,10,343710.0,-6.763363092079855,-2.42863258704684,TIME_LIMIT,41137,0,0,34,0
4,10,343998.0,-6.763091815175377,-2.42863258704684,TIME_LIMIT,41175,0,0,21,0
4,10,344289.0,-6.763091815175377,-2.42863258704684,TIME_LIMIT,41194,0,0,37,0
4,10,344636.0,-6.763091815175377,-2.42863258704684,TIME_LIMIT,41232,0,0,24,0
4,10,344927.0,-6.763091815175377,-2.42863258704684,TIME_LIMIT,41255,0,0,30,0
4,10,345220.0,-6.7630228379645985,-2.42863258704684,TIME_LIMIT,41289,0,0,26,0
4,10,345505.0,-6.7630228379645985,-2.42863258704684,TIME_LIMIT,41315,0,0,32,0
4,10,345824.0,-6.7630228379645985,-2.42863258704684,TIME_LIMIT,41359,0,0,12,0
4,10,346115.0,-6.7630228379645985,-2.42863258704684,TIME_LIMIT,41390,0,0,23,0
4,10,346405.0,-6.7630228379645985,-2.42863258704684,TIME_LIMIT,41421,0,0,26,0
4,10,346721.0,-6.7630228379645985,-2.42863258704684,TIME_LIMIT,41452,0,0,37,0
4,10,347011.0,-6.761927495635789,-2.42863258704684,TIME_LIMIT,41496,0,0,26,0
4,10,347303.0,-6.761927495635789,-2.42863258704684,TIME_LIMIT,41513,0,0,26,0
4,10,347588.0,-6.76112423092772,-2.42863258704684,TIME_LIMIT,41550,0,0,18,0
4,10,347904.0,-6.76112423092772,-2.42863258704684,TIME_LIMIT,41576,0,0,29,0
4,10,348195.0,-6.76035290538836,-2.42863258704684,TIME_LIMIT,41619,0,0,27,0
4,10,348513.0,-6.76035290538836,-2.42863258704684,TIME_LIMIT,41645,0,0,27,0
4,10,348848.0,-6.760327767371305,-2.42863258704684,TIME_LIMIT,41686,0,0,22,0
4,10,349140.0,-6.760327767371305,-2.42863258704684,TIME_LIMIT,41727,0,0,26,0
4,10,349431.0,-6.760327767371305,-2.42863258704684,TIME_LIMIT,41772,0,0,25,0
4,10,349720.0,-6.760327767371305,-2.42863258704684,TIME_LIMIT,41809,0,0,32,0
4,10,350039.0,-6.760327767371305,-2.42863258704684,TIME_LIMIT,41850,0,0,16,0
4,10,350329.0,-6.760327767371305,-2.42863258704684,TIME_LIMIT,41885,0,0,44,0
4,10,350616.0,-6.760327767371305,-2.42863258704684,TIME_LIMIT,41932,0,0,15,0
4,10,350940.0,-6.760327767371305,-2.42863258704684,TIME_LIMIT,41969,0,0,31,0
4,10,351236.0,-6.760327767371305,-2.42863258704684,TIME_LIMIT,42005,0,0,7,0
4,10,351526.0,-6.760327767371305,-2.42863258704684,TIME_LIMIT,42035,0,0,44,0
4,10,351855.0,-6.760327767371305,-2.42863258704684,TIME_LIMIT,42080,0,0,15,0
4,10,352148.0,-6.760327767371305,-2.42863258704684,TIME_LIMIT,42127,0,0,31,0
4,10,352451.0,-6.760327767371305,-2.42863258704684,TIME_LIMIT,42162,0,0,35,0
4,10,352746.0,-6.760327767371305,-2.42863258704684,TIME_LIMIT,42183,0,0,41,0
4,10,353079.0,-6.760327767371305,-2.42863258704684,TIME_LIMIT,42227,0,0,26,0
4,10,353372.0,-6.760327767371305,-2.42863258704684,TIME_LIMIT,42259,0,0,44,0
4,10,353674.0,-6.760327767371305,-2.42863258704684,TIME_LIMIT,42309,0,0,18,0
4,10,354002.0,-6.760327767371305,-2.42863258704684,TIME_LIMIT,42339,0,0,47,0
4,10,354296.0,-6.760327767371305,-2.42863258704684,TIME_LIMIT,42384,0,0,12,0
4,10,354594.0,-6.760327767371305,-2.42863258704684,TIME_LIMIT,42421,0,0,26,0
4,10,354884.0,-6.760327767371305,-2.42863258704684,TIME_LIMIT,42455,0,0,18,0
4,10,355212.0,-6.760327767371305,-2.42863258704684,TIME_LIMIT,42475,0,0,28,0
4,10,355501.0,-6.760327767371305,-2.42863258704684,TIME_LIMIT,42525,0,0,28,0
4,10,355805.0,-6.760327767371305,-2.42863258704684,TIME_LIMIT,42559,0,0,30,0
4,10,356135.0,-6.760327767371305,-2.42863258704684,TIME_LIMIT,42593,0,0,19,0
4,10,356428.0,-6.760327767371305,-2.42863258704684,TIME_LIMIT,42618,0,0,12,0
4,10,356751.0,-6.760327767371305,-2.42863258704684,TIME_LIMIT,42654,0,0,17,0
4,10,357040.0,-6.760327767371305,-2.42863258704684,TIME_LIMIT,42688,0,0,32,0
4,10,357372.0,-6.760327767371305,-2.42863258704684,TIME_LIMIT,42732,0,0,26,0
4,10,357668.0,-6.760327767371305,-2.42863258704684,TIME_LIMIT,42767,0,0,26,0
4,10,357970.0,-6.760327767371305,-2.42863258704684,TIME_LIMIT,42798,0,0,35,0
4,10,358300.0,-6.760327767371305,-2.42863258704684,TIME_LIMIT,42822,0,0,33,0
4,10,358597.0,-6.760327767371305,-2.42863258704684,TIME_LIMIT,42862,0,0,25,0
4,10,358900.0,-6.760327767371305,-2.42863258704684,TIME_LIMIT,42891,0,0,34,0
4,10,359192.0,-6.760327767371305,-2.42863258704684,TIME_LIMIT,42934,0,0,23,0
4,10,359516.0,-6.760327767371305,-2.42863258704684,TIME_LIMIT,42967,0,0,31,0
4,10,359811.0,-6.760327767371305,-2.42863258704684,TIME_LIMIT,43011,0,0,27,0
4,10,360109.0,-6.760327767371305,-2.42863258704684,TIME_LIMIT,43037,0,0,27,0
4,10,360428.0,-6.759979383320619,-2.42863258704684,TIME_LIMIT,43080,0,0,19,0
4,10,360717.0,-6.759979383320619,-2.42863258704684,TIME_LIMIT,43104,0,0,30,0
4,10,361021.0,-6.759979383320619,-2.42863258704684,TIME_LIMIT,43149,0,0,25,0
4,10,361327.0,-6.759979383320619,-2.42863258704684,TIME_LIMIT,43173,0,0,18,0
4,10,361665.0,-6.759979383320619,-2.42863258704684,TIME_LIMIT,43217,0,0,11,0
4,10,361957.0,-6.759979383320619,-2.42863258704684,TIME_LIMIT,43256,0,0,26,0
4,10,362257.0,-6.759979383320619,-2.42863258704684,TIME_LIMIT,43289,0,0,14,0
4,10,362582.0,-6.759979383320619,-2.42863258704684,TIME_LIMIT,43324,0,0,25,0
4,10,362874.0,-6.759979383320619,-2.42863258704684,TIME_LIMIT,43354,0,0,25,0
4,10,363176.0,-6.759979383320619,-2.42863258704684,TIME_LIMIT,43381,0,0,32,0
4,10,363472.0,-6.759979383320619,-2.42863258704684,TIME_LIMIT,43421,0,0,24,0
4,10,363791.0,-6.759979383320619,-2.42863258704684,TIME_LIMIT,43443,0,0,25,0
4,10,364079.0,-6.759979383320619,-2.42863258704684,TIME_LIMIT,43484,0,0,22,0
4,10,364378.0,-6.759979383320619,-2.42863258704684,TIME_LIMIT,43506,0,0,30,0
4,10,364698.0,-6.759979383320619,-2.42863258704684,TIME_LIMIT,43550,0,0,26,0
4,10,364988.0,-6.759979383320619,-2.42863258704684,TIME_LIMIT,43580,0,0,33,0
4,10,365294.0,-6.759979383320619,-2.42863258704684,TIME_LIMIT,43622,0,0,25,0
4,10,365579.0,-6.759979383320619,-2.42863258704684,TIME_LIMIT,43648,0,0,34,0
4,10,365906.0,-6.759979383320619,-2.42863258704684,TIME_LIMIT,43686,0,0,15,0
4,10,366198.0,-6.759979383320619,-2.42863258704684,TIME_LIMIT,43706,0,0,23,0
4,10,366497.0,-6.759979383320619,-2.42863258704684,TIME_LIMIT,43746,0,0,17,0
4,10,366814.0,-6.759979383320619,-2.42863258704684,TIME_LIMIT,43773,0,0,28,0
4,10,367101.0,-6.759979383320619,-2.42863258704684,TIME_LIMIT,43816,0,0,26,0
4,10,367406.0,-6.759979383320619,-2.42863258704684,TIME_LIMIT,43843,0,0,38,0
4,10,367706.0,-6.759979383320619,-2.42863258704684,TIME_LIMIT,43881,0,0,23,0
4,10,368023.0,-6.759979383320619,-2.42863258704684,TIME_LIMIT,43907,0,0,33,0
4,10,368314.0,-6.759979383320619,-2.42863258704684,TIME_LIMIT,43949,0,0,24,0
4,10,368618.0,-6.759979383320619,-2.42863258704684,TIME_LIMIT,43972,0,0,30,0
4,10,368944.0,-6.759872540519608,-2.42863258704684,TIME_LIMIT,44010,0,0,26,0
4,10,369237.0,-6.759872540519608,-2.42863258704684,TIME_LIMIT,44032,0,0,40,0
4,10,369540.0,-6.759364760294404,-2.42863258704684,TIME_LIMIT,44079,0,0,24,0
4,10,369836.0,-6.759364760294404,-2.42863258704684,TIME_LIMIT,44095,0,0,24,0
4,10,370148.0,-6.759364760294404,-2.42863258704684,TIME_LIMIT,44126,0,0,18,0
4,10,370439.0,-6.759364760294404,-2.42863258704684,TIME_LIMIT,44144,0,0,26,0
4,10,370737.0,-6.759364760294404,-2.42863258704684,TIME_LIMIT,44182,0,0,25,0
4,10,371055.0,-6.759364760294404,-2.42863258704684,TIME_LIMIT,44203,0,0,26,0
4,10,371345.0,-6.759364760294404,-2.42863258704684,TIME_LIMIT,44238,0,0,21,0
4,10,371641.0,-6.759364760294404,-2.42863258704684,TIME_LIMIT,44261,0,0,30,0
4,10,371967.0,-6.759364760294404,-2.42863258704684,TIME_LIMIT,44288,0,0,22,0
4,10,372256.0,-6.759364760294404,-2.42863258704684,TIME_LIMIT,44311,0,0,26,0
4,10,372558.0,-6.758705621451385,-2.42863258704684,TIME_LIMIT,44341,0,0,19,0
4,10,372849.0,-6.758705621451385,-2.42863258704684,TIME_LIMIT,44366,0,0,30,0
4,10,373175.0,-6.75825286604079,-2.42863258704684,TIME_LIMIT,44414,0,0,25,0
4,10,373465.0,-6.75825286604079,-2.42863258704684,TIME_LIMIT,44444,0,0,6,0
4,10,373767.0,-6.757440701890582,-2.42863258704684,TIME_LIMIT,44490,0,0,24,0
4,10,374094.0,-6.757440701890582,-2.42863258704684,TIME_LIMIT,44530,0,0,30,0
4,10,374387.0,-6.757440701890582,-2.42863258704684,TIME_LIMIT,44555,0,0,23,0
4,10,374690.0,-6.757440701890582,-2.42863258704684,TIME_LIMIT,44584,0,0,27,0
4,10,374981.0,-6.757440701890582,-2.42863258704684,TIME_LIMIT,44619,0,0,23,0
4,10,375317.0,-6.757440701890582,-2.42863258704684,TIME_LIMIT,44648,0,0,31,0
4,10,375629.0,-6.757440701890582,-2.42863258704684,TIME_LIMIT,44686,0,0,22,0
4,10,375933.0,-6.757440701890582,-2.42863258704684,TIME_LIMIT,44716,0,0,28,0
4,10,376263.0,-6.757440701890582,-2.42863258704684,TIME_LIMIT,44761,0,0,8,0
4,10,376573.0,-6.757440701890582,-2.42863258704684,TIME_LIMIT,44791,0,0,26,0
4,10,376868.0,-6.756210827724354,-2.42863258704684,TIME_LIMIT,44832,0,0,16,0
4,10,377169.0,-6.756210827724354,-2.42863258704684,TIME_LIMIT,44856,0,0,35,0
4,10,377499.0,-6.756158583044018,-2.42863258704684,TIME_LIMIT,44894,0,0,24,0
4,10,377790.0,-6.756158583044018,-2.42863258704684,TIME_LIMIT,44920,0,0,34,0
4,10,378090.0,-6.756000792870221,-2.42863258704684,TIME_LIMIT,44955,0,0,25,0
4,10,378404.0,-6.756000792870221,-2.42863258704684,TIME_LIMIT,44983,0,0,30,0
4,10,378698.0,-6.754770876805442,-2.42863258704684,TIME_LIMIT,45031,0,0,25,0
4,10,378997.0,-6.754770876805442,-2.42863258704684,TIME_LIMIT,45060,0,0,31,0
4,10,379287.0,-6.754770876805442,-2.42863258704684,TIME_LIMIT,45107,0,0,22,0
4,10,379614.0,-6.754770876805442,-2.42863258704684,TIME_LIMIT,45137,0,0,22,0
4,10,379906.0,-6.754770876805442,-2.42863258704684,TIME_LIMIT,45179,0,0,10,0
4,10,380204.0,-6.754770876805442,-2.42863258704684,TIME_LIMIT,45212,0,0,28,0
4,10,380508.0,-6.754770876805442,-2.42863258704684,TIME_LIMIT,45246,0,0,28,0
4,10,380854.0,-6.754770876805442,-2.42863258704684,TIME_LIMIT,45282,0,0,27,0
4,10,381148.0,-6.754770876805442,-2.42863258704684,TIME_LIMIT,45307,0,0,20,0
4,10,381447.0,-6.754770876805442,-2.42863258704684,TIME_LIMIT,45336,0,0,20,0
4,10,381773.0,-6.754770876805442,-2.42863258704684,TIME_LIMIT,45380,0,0,24,0
4,10,382065.0,-6.754770876805442,-2.42863258704684,TIME_LIMIT,45405,0,0,38,0
4,10,382364.0,-6.754280422953656,-2.42863258704684,TIME_LIMIT,45447,0,0,22,0
4,10,382654.0,-6.754280422953656,-2.42863258704684,TIME_LIMIT,45485,0,0,29,0
4,10,382972.0,-6.754280422953656,-2.42863258704684,TIME_LIMIT,45534,0,0,25,0
4,10,383268.0,-6.754280422953656,-2.42863258704684,TIME_LIMIT,45560,0,0,32,0
4,10,383564.0,-6.754280422953656,-2.42863258704684,TIME_LIMIT,45609,0,0,25,0
4,10,383881.0,-6.754280422953656,-2.42863258704684,TIME_LIMIT,45637,0,0,38,0
4,10,384172.0,-6.754280422953656,-2.42863258704684,TIME_LIMIT,45686,0,0,28,0
4,10,384484.0,-6.754280422953656,-2.42863258704684,TIME_LIMIT,45710,0,0,34,0
4,10,384806.0,-6.754265812338636,-2.42863258704684,TIME_LIMIT,45760,0,0,28,0
4,10,385123.0,-6.754265812338636,-2.42863258704684,TIME_LIMIT,45780,0,0,35,0
4,10,385414.0,-6.752327782751932,-2.42863258704684,TIME_LIMIT,45813,0,0,26,0
4,10,385715.0,-6.752327782751932,-2.42863258704684,TIME_LIMIT,45836,0,0,7,0
4,10,386039.0,-6.751974634939162,-2.42863258704684,TIME_LIMIT,45875,0,0,21,0
4,10,386331.0,-6.751974634939162,-2.42863258704684,TIME_LIMIT,45903,0,0,22,0
4,10,386636.0,-6.751974634939162,-2.42863258704684,TIME_LIMIT,45942,0,0,21,0
4,10,386929.0,-6.751974634939162,-2.42863258704684,TIME_LIMIT,45979,0,0,10,0
4,10,387249.0,-6.751974634939162,-2.42863258704684,TIME_LIMIT,46019,0,0,27,0
4,10,387545.0,-6.751974634939162,-2.42863258704684,TIME_LIMIT,46059,0,0,27,0
4,10,387844.0,-6.751974634939162,-2.42863258704684,TIME_LIMIT,46086,0,0,14,0
4,10,388162.0,-6.751974634939162,-2.42863258704684,TIME_LIMIT,46114,0,0,36,0
4,10,388461.0,-6.751974634939162,-2.42863258704684,TIME_LIMIT,46157,0,0,25,0
4,10,388803.0,-6.751974634939162,-2.42863258704684,TIME_LIMIT,46196,0,0,32,0
4,10,389095.0,-6.751974634939162,-2.42863258704684,TIME_LIMIT,46226,0,0,14,0
4,10,389411.0,-6.751974634939162,-2.42863258704684,TIME_LIMIT,46250,0,0,38,0
4,10,389702.0,-6.751974634939162,-2.42863258704684,TIME_LIMIT,46288,0,0,27,0
4,10,390005.0,-6.751974634939162,-2.42863258704684,TIME_LIMIT,46325,0,0,33,0
4,10,390331.0,-6.751974634939162,-2.42863258704684,TIME_LIMIT,46357,0,0,28,0
4,10,390623.0,-6.751974634939162,-2.42863258704684,TIME_LIMIT,46381,0,0,37,0
4,10,390927.0,-6.751974634939162,-2.42863258704684,TIME_LIMIT,46420,0,0,27,0
4,10,391221.0,-6.751974634939162,-2.42863258704684,TIME_LIMIT,46440,0,0,31,0
4,10,391554.0,-6.751974634939162,-2.42863258704684,TIME_LIMIT,46481,0,0,30,0
4,10,391846.0,-6.751974634939162,-2.42863258704684,TIME_LIMIT,46501,0,0,29,0
4,10,392149.0,-6.751974634939162,-2.42863258704684,TIME_LIMIT,46544,0,0,28,0
4,10,392477.0,-6.751974634939162,-2.42863258704684,TIME_LIMIT,46575,0,0,34,0
4,10,392770.0,-6.751974634939162,-2.42863258704684,TIME_LIMIT,46620,0,0,25,0
4,10,393073.0,-6.751974634939162,-2.42863258704684,TIME_LIMIT,46647,0,0,35,0
4,10,393368.0,-6.751974634939162,-2.42863258704684,TIME_LIMIT,46689,0,0,28,0
4,10,393690.0,-6.751974634939162,-2.42863258704684,TIME_LIMIT,46710,0,0,27,0
4,10,393982.0,-6.751974634939162,-2.42863258704684,TIME_LIMIT,46750,0,0,23,0
4,10,394284.0,-6.751974634939162,-2.42863258704684,TIME_LIMIT,46779,0,0,34,0
4,10,394612.0,-6.751974634939162,-2.42863258704684,TIME_LIMIT,46820,0,0,26,0
4,10,394900.0,-6.751974634939162,-2.42863258704684,TIME_LIMIT,46846,0,0,16,0
4,10,395202.0,-6.751974634939162,-2.42863258704684,TIME_LIMIT,46890,0,0,27,0
4,10,395492.0,-6.751974634939162,-2.42863258704684,TIME_LIMIT,46905,0,0,33,0
4,10,395820.0,-6.751974634939162,-2.42863258704684,TIME_LIMIT,46948,0,0,22,0
4,10,396109.0,-6.751974634939162,-2.42863258704684,TIME_LIMIT,46971,0,0,20,0
4,10,396410.0,-6.751974634939162,-2.42863258704684,TIME_LIMIT,47013,0,0,26,0
4,10,396740.0,-6.751974634939162,-2.42863258704684,TIME_LIMIT,47034,0,0,26,0
4,10,397028.0,-6.751974634939162,-2.42863258704684,TIME_LIMIT,47073,0,0,22,0
4,10,397332.0,-6.751974634939162,-2.42863258704684,TIME_LIMIT,47101,0,0,31,0
4,10,397629.0,-6.751974634939162,-2.42863258704684,TIME_LIMIT,47141,0,0,25,0
4,10,397957.0,-6.751974634939162,-2.42863258704684,TIME_LIMIT,47166,0,0,23,0
4,10,398246.0,-6.751974634939162,-2.42863258704684,TIME_LIMIT,47208,0,0,25,0
4,10,398555.0,-6.751974634939162,-2.42863258704684,TIME_LIMIT,47235,0,0,33,0
4,10,398878.0,-6.751974634939162,-2.42863258704684,TIME_LIMIT,47276,0,0,26,0
4,10,399172.0,-6.751974634939162,-2.42863258704684,TIME_LIMIT,47301,0,0,34,0
4,10,399473.0,-6.751974634939162,-2.42863258704684,TIME_LIMIT,47345,0,0,21,0
4,10,399763.0,-6.751974634939162,-2.42863258704684,TIME_LIMIT,47372,0,0,28,0
4,10,400089.0,-6.751974634939162,-2.42863258704684,TIME_LIMIT,47408,0,0,25,0
4,10,400383.0,-6.751974634939162,-2.42863258704684,TIME_LIMIT,47426,0,0,29,0
4,10,400680.0,-6.751974634939162,-2.42863258704684,TIME_LIMIT,47467,0,0,26,0
4,10,400998.0,-6.751974634939162,-2.42863258704684,TIME_LIMIT,47489,0,0,31,0
4,10,401285.0,-6.751974634939162,-2.42863258704684,TIME_LIMIT,47527,0,0,26,0
4,10,401586.0,-6.751974634939162,-2.42863258704684,TIME_LIMIT,47553,0,0,32,0
4,10,401875.0,-6.751974634939162,-2.42863258704684,TIME_LIMIT,47593,0,0,14,0
4,10,402212.0,-6.751974634939162,-2.42863258704684,TIME_LIMIT,47619,0,0,37,0
4,10,402501.0,-6.751974634939162,-2.42863258704684,TIME_LIMIT,47657,0,0,22,0
4,10,402802.0,-6.751974634939162,-2.42863258704684,TIME_LIMIT,47685,0,0,39,0
4,10,403128.0,-6.751670079815098,-2.42863258704684,TIME_LIMIT,47722,0,0,22,0
4,10,403421.0,-6.751670079815098,-2.42863258704684,TIME_LIMIT,47752,0,0,34,0
4,10,403723.0,-6.751193321925661,-2.42863258704684,TIME_LIMIT,47796,0,0,25,0
4,10,404014.0,-6.751193321925661,-2.42863258704684,TIME_LIMIT,47823,0,0,27,0
4,10,404340.0,-6.7500601351063585,-2.42863258704684,TIME_LIMIT,47860,0,0,26,0
4,10,404634.0,-6.7500601351063585,-2.42863258704684,TIME_LIMIT,47889,0,0,43,0
4,10,404936.0,-6.7497235558959705,-2.42863258704684,TIME_LIMIT,47940,0,0,19,0
4,10,405225.0,-6.7497235558959705,-2.42863258704684,TIME_LIMIT,47970,0,0,30,0
4,10,405540.0,-6.749101792533464,-2.42863258704684,TIME_LIMIT,48011,0,0,25,0
4,10,405836.0,-6.749101792533464,-2.42863258704684,TIME_LIMIT,48042,0,0,33,0
4,10,406135.0,-6.749101792533464,-2.42863258704684,TIME_LIMIT,48083,0,0,25,0
4,10,406453.0,-6.749101792533464,-2.42863258704684,TIME_LIMIT,48112,0,0,41,0
4,10,406743.0,-6.747086715729943,-2.42863258704684,TIME_LIMIT,48157,0,0,29,0
4,10,407046.0,-6.747086715729943,-2.42863258704684,TIME_LIMIT,48183,0,0,22,0
4,10,407346.0,-6.7462209091832595,-2.42863258704684,TIME_LIMIT,48229,0,0,28,0
4,10,407666.0,-6.7462209091832595,-2.42863258704684,TIME_LIMIT,48260,0,0,17,0
4,10,407961.0,-6.745938424899567,-2.42863258704684,TIME_LIMIT,48307,0,0,14,0
4,10,408264.0,-6.745938424899567,-2.42863258704684,TIME_LIMIT,48332,0,0,37,0
4,10,408595.0,-6.745938424899567,-2.42863258704684,TIME_LIMIT,48378,0,0,27,0
4,10,408887.0,-6.745938424899567,-2.42863258704684,TIME_LIMIT,48403,0,0,40,0
4,10,409190.0,-6.745938424899567,-2.42863258704684,TIME_LIMIT,48451,0,0,21,0
4,10,409484.0,-6.745938424899567,-2.42863258704684,TIME_LIMIT,48478,0,0,27,0
4,10,409809.0,-6.745938424899567,-2.42863258704684,TIME_LIMIT,48518,0,0,25,0
4,10,410097.0,-6.745938424899567,-2.42863258704684,TIME_LIMIT,48543,0,0,26,0
4,10,410395.0,-6.745938424899567,-2.42863258704684,TIME_LIMIT,48585,0,0,22,0
4,10,410724.0,-6.745938424899567,-2.42863258704684,TIME_LIMIT,48607,0,0,33,0
4,10,411013.0,-6.745938424899567,-2.42863258704684,TIME_LIMIT,48647,0,0,22,0
4,10,411314.0,-6.745938424899567,-2.42863258704684,TIME_LIMIT,48675,0,0,28,0
4,10,411609.0,-6.745938424899567,-2.42863258704684,TIME_LIMIT,48713,0,0,20,0
4,10,411925.0,-6.745938424899567,-2.42863258704684,TIME_LIMIT,48738,0,0,29,0
4,10,412216.0,-6.745938424899567,-2.42863258704684,TIME_LIMIT,48780,0,0,22,0
4,10,412517.0,-6.745938424899567,-2.42863258704684,TIME_LIMIT,48802,0,0,29,0
4,10,412848.0,-6.745938424899567,-2.42863258704684,TIME_LIMIT,48833,0,0,19,0
4,10,413136.0,-6.745938424899567,-2.42863258704684,TIME_LIMIT,48861,0,0,25,0
4,10,413434.0,-6.745938424899567,-2.42863258704684,TIME_LIMIT,48900,0,0,25,0
4,10,413727.0,-6.745938424899567,-2.42863258704684,TIME_LIMIT,48926,0,0,26,0
4,10,414053.0,-6.743717939779533,-2.42863258704684,TIME_LIMIT,48958,0,0,27,0
4,10,414344.0,-6.743717939779533,-2.42863258704684,TIME_LIMIT,48987,0,0,30,0
4,10,414646.0,-6.743717939779533,-2.42863258704684,TIME_LIMIT,49027,0,0,18,0
4,10,414962.0,-6.743717939779533,-2.42863258704684,TIME_LIMIT,49066,0,0,28,0
4,10,415254.0,-6.743717939779533,-2.42863258704684,TIME_LIMIT,49114,0,0,34,0
4,10,415580.0,-6.743717939779533,-2.42863258704684,TIME_LIMIT,49137,0,0,33,0
4,10,415870.0,-6.743717939779533,-2.42863258704684,TIME_LIMIT,49183,0,0,24,0
4,10,416202.0,-6.743717939779533,-2.42863258704684,TIME_LIMIT,49213,0,0,35,0
4,10,416491.0,-6.743717939779533,-2.42863258704684,TIME_LIMIT,49260,0,0,15,0
4,10,416814.0,-6.743717939779533,-2.42863258704684,TIME_LIMIT,49292,0,0,47,0
4,10,417111.0,-6.743717939779533,-2.42863258704684,TIME_LIMIT,49335,0,0,24,0
4,10,417432.0,-6.743717939779533,-2.42863258704684,TIME_LIMIT,49360,0,0,34,0
4,10,417725.0,-6.7412750265271075,-2.42863258704684,TIME_LIMIT,49405,0,0,25,0
4,10,418027.0,-6.7412750265271075,-2.42863258704684,TIME_LIMIT,49433,0,0,32,0
4,10,418355.0,-6.740067971807832,-2.42863258704684,TIME_LIMIT,49476,0,0,22,0
4,10,418654.0,-6.740067971807832,-2.42863258704684,TIME_LIMIT,49504,0,0,31,0
4,10,418956.0,-6.740067971807832,-2.42863258704684,TIME_LIMIT,49554,0,0,32,0
4,10,419251.0,-6.740067971807832,-2.42863258704684,TIME_LIMIT,49581,0,0,31,0
4,10,419575.0,-6.740067971807832,-2.42863258704684,TIME_LIMIT,49625,0,0,26,0
4,10,419870.0,-6.740067971807832,-2.42863258704684,TIME_LIMIT,49654,0,0,36,0
4,10,420173.0,-6.740067971807832,-2.42863258704684,TIME_LIMIT,49689,0,0,26,0
4,10,420503.0,-6.740067971807832,-2.42863258704684,TIME_LIMIT,49720,0,0,32,0
4,10,420824.0,-6.740067971807832,-2.42863258704684,TIME_LIMIT,49758,0,0,23,0
4,10,421130.0,-6.740067971807832,-2.42863258704684,TIME_LIMIT,49782,0,0,36,0
4,10,421423.0,-6.740067971807832,-2.42863258704684,TIME_LIMIT,49828,0,0,30,0
4,10,421749.0,-6.740067971807832,-2.42863258704684,TIME_LIMIT,49860,0,0,32,0
4,10,422043.0,-6.740067971807832,-2.42863258704684,TIME_LIMIT,49894,0,0,13,0
4,10,422348.0,-6.740067971807832,-2.42863258704684,TIME_LIMIT,49917,0,0,35,0
4,10,422678.0,-6.739278938198757,-2.42863258704684,TIME_LIMIT,49964,0,0,30,0
4,10,422972.0,-6.739278938198757,-2.42863258704684,TIME_LIMIT,49990,0,0,32,0
4,10,423275.0,-6.73816343760975,-2.42863258704684,TIME_LIMIT,50037,0,0,27,0
4,10,423563.0,-6.73816343760975,-2.42863258704684,TIME_LIMIT,50065,0,0,32,0
4,10,423891.0,-6.7367944975033796,-2.42863258704684,TIME_LIMIT,50113,0,0,28,0
4,10,424185.0,-6.7367944975033796,-2.42863258704684,TIME_LIMIT,50140,0,0,34,0
4,10,424486.0,-6.736103696506082,-2.42863258704684,TIME_LIMIT,50183,0,0,25,0
4,10,424846.0,-6.736103696506082,-2.42863258704684,TIME_LIMIT,50214,0,0,26,0
4,10,425136.0,-6.734312279599911,-2.42863258704684,TIME_LIMIT,50250,0,0,26,0
4,10,425439.0,-6.734312279599911,-2.42863258704684,TIME_LIMIT,50274,0,0,30,0
4,10,425729.0,-6.734312279599911,-2.42863258704684,TIME_LIMIT,50308,0,0,16,0
4,10,426057.0,-6.734312279599911,-2.42863258704684,TIME_LIMIT,50324,0,0,16,0
4,10,426346.0,-6.734312279599911,-2.42863258704684,TIME_LIMIT,50358,0,0,25,0
4,10,426650.0,-6.734312279599911,-2.42863258704684,TIME_LIMIT,50377,0,0,28,0
4,10,426945.0,-6.734312279599911,-2.42863258704684,TIME_LIMIT,50408,0,0,22,0
4,10,427263.0,-6.734312279599911,-2.42863258704684,TIME_LIMIT,50431,0,0,31,0
4,10,427555.0,-6.734312279599911,-2.42863258704684,TIME_LIMIT,50460,0,0,21,0
4,10,427852.0,-6.734312279599911,-2.42863258704684,TIME_LIMIT,50485,0,0,11,0
4,10,428179.0,-6.734112695706445,-2.42863258704684,TIME_LIMIT,50523,0,0,32,0
4,10,428472.0,-6.734112695706445,-2.42863258704684,TIME_LIMIT,50547,0,0,31,0
4,10,428823.0,-6.734112695706445,-2.42863258704684,TIME_LIMIT,50593,0,0,27,0
4,10,429121.0,-6.734112695706445,-2.42863258704684,TIME_LIMIT,50626,0,0,30,0
4,10,429444.0,-6.733583740201645,-2.42863258704684,TIME_LIMIT,50670,0,0,15,0
4,10,429745.0,-6.733583740201645,-2.42863258704684,TIME_LIMIT,50702,0,0,30,0
4,10,430067.0,-6.733583740201645,-2.42863258704684,TIME_LIMIT,50740,0,0,23,0
4,10,430398.0,-6.733583740201645,-2.42863258704684,TIME_LIMIT,50768,0,0,24,0
4,10,430694.0,-6.733315767892151,-2.42863258704684,TIME_LIMIT,50817,0,0,27,0
4,10,430989.0,-6.733315767892151,-2.42863258704684,TIME_LIMIT,50846,0,0,30,0
4,10,431279.0,-6.733315767892151,-2.42863258704684,TIME_LIMIT,50898,0,0,25,0
4,10,431610.0,-6.733315767892151,-2.42863258704684,TIME_LIMIT,50927,0,0,19,0
4,10,431902.0,-6.733315767892151,-2.42863258704684,TIME_LIMIT,50973,0,0,27,0
4,10,432204.0,-6.733315767892151,-2.42863258704684,TIME_LIMIT,51015,0,0,34,0
4,10,432518.0,-6.7327036356546,-2.42863258704684,TIME_LIMIT,51046,0,0,30,0
4,10,432812.0,-6.7327036356546,-2.42863258704684,TIME_LIMIT,51071,0,0,25,0
4,10,433112.0,-6.732512188835427,-2.42863258704684,TIME_LIMIT,51110,0,0,23,0
4,10,433405.0,-6.732512188835427,-2.42863258704684,TIME_LIMIT,51148,0,0,31,0
4,10,433733.0,-6.732021636447161,-2.42863258704684,TIME_LIMIT,51195,0,0,28,0
4,10,434024.0,-6.732021636447161,-2.42863258704684,TIME_LIMIT,51235,0,0,23,0
4,10,434323.0,-6.731392512376853,-2.42863258704684,TIME_LIMIT,51265,0,0,27,0
4,10,434613.0,-6.731392512376853,-2.42863258704684,TIME_LIMIT,51287,0,0,31,0
4,10,434944.0,-6.731392512376853,-2.42863258704684,TIME_LIMIT,51338,0,0,26,0
4,10,435246.0,-6.731392512376853,-2.42863258704684,TIME_LIMIT,51364,0,0,34,0
4,10,435533.0,-6.731392512376853,-2.42863258704684,TIME_LIMIT,51411,0,0,16,0
4,10,435864.0,-6.731392512376853,-2.42863258704684,TIME_LIMIT,51448,0,0,28,0
4,10,436155.0,-6.731392512376853,-2.42863258704684,TIME_LIMIT,51487,0,0,11,0
4,10,436456.0,-6.731392512376853,-2.42863258704684,TIME_LIMIT,51510,0,0,26,0
4,10,436752.0,-6.731392512376853,-2.42863258704684,TIME_LIMIT,51553,0,0,23,0
4,10,437072.0,-6.731392512376853,-2.42863258704684,TIME_LIMIT,51591,0,0,29,0
4,10,437373.0,-6.731392512376853,-2.42863258704684,TIME_LIMIT,51615,0,0,27,0
4,10,437663.0,-6.731392512376853,-2.42863258704684,TIME_LIMIT,51646,0,0,36,0
4,10,437988.0,-6.731392512376853,-2.42863258704684,TIME_LIMIT,51693,0,0,26,0
4,10,438281.0,-6.731392512376853,-2.42863258704684,TIME_LIMIT,51721,0,0,29,0
4,10,438584.0,-6.731392512376853,-2.42863258704684,TIME_LIMIT,51762,0,0,25,0
4,10,438875.0,-6.731392512376853,-2.42863258704684,TIME_LIMIT,51789,0,0,35,0
4,10,439203.0,-6.731392512376853,-2.42863258704684,TIME_LIMIT,51835,0,0,18,0
4,10,439496.0,-6.731392512376853,-2.42863258704684,TIME_LIMIT,51863,0,0,25,0
4,10,439799.0,-6.731392512376853,-2.42863258704684,TIME_LIMIT,51908,0,0,24,0
4,10,440098.0,-6.731392512376853,-2.42863258704684,TIME_LIMIT,51941,0,0,23,0
4,10,440416.0,-6.731392512376853,-2.42863258704684,TIME_LIMIT,51982,0,0,21,0
4,10,440711.0,-6.731392512376853,-2.42863258704684,TIME_LIMIT,52002,0,0,26,0
4,10,441014.0,-6.731392512376853,-2.42863258704684,TIME_LIMIT,52044,0,0,19,0
4,10,441340.0,-6.731392512376853,-2.42863258704684,TIME_LIMIT,52074,0,0,30,0
4,10,441627.0,-6.731392512376853,-2.42863258704684,TIME_LIMIT,52118,0,0,25,0
4,10,441929.0,-6.731392512376853,-2.42863258704684,TIME_LIMIT,52142,0,0,26,0
4,10,442220.0,-6.731392512376853,-2.42863258704684,TIME_LIMIT,52193,0,0,21,0
4,10,442569.0,-6.731392512376853,-2.42863258704684,TIME_LIMIT,52224,0,0,30,0
4,10,442873.0,-6.731392512376853,-2.42863258704684,TIME_LIMIT,52255,0,0,10,0
4,10,443177.0,-6.731392512376853,-2.42863258704684,TIME_LIMIT,52278,0,0,31,0
4,10,443506.0,-6.731392512376853,-2.42863258704684,TIME_LIMIT,52323,0,0,24,0
4,10,443797.0,-6.731392512376853,-2.42863258704684,TIME_LIMIT,52357,0,0,22,0
4,10,444100.0,-6.731233617363564,-2.42863258704684,TIME_LIMIT,52393,0,0,20,0
4,10,444396.0,-6.731233617363564,-2.42863258704684,TIME_LIMIT,52421,0,0,27,0
4,10,444714.0,-6.730852259102152,-2.42863258704684,TIME_LIMIT,52459,0,0,23,0
4,10,445011.0,-6.730852259102152,-2.42863258704684,TIME_LIMIT,52486,0,0,33,0
4,10,445309.0,-6.730544497314645,-2.42863258704684,TIME_LIMIT,52538,0,0,30,0
4,10,445601.0,-6.730544497314645,-2.42863258704684,TIME_LIMIT,52564,0,0,34,0
4,10,445919.0,-6.729882509547495,-2.42863258704684,TIME_LIMIT,52610,0,0,26,0
4,10,446215.0,-6.729882509547495,-2.42863258704684,TIME_LIMIT,52638,0,0,26,0
4,10,446516.0,-6.72948393292111,-2.42863258704684,TIME_LIMIT,52680,0,0,25,0
4,10,446847.0,-6.72948393292111,-2.42863258704684,TIME_LIMIT,52704,0,0,39,0
4,10,447144.0,-6.728503231776827,-2.42863258704684,TIME_LIMIT,52747,0,0,29,0
4,10,447444.0,-6.728503231776827,-2.42863258704684,TIME_LIMIT,52766,0,0,18,0
4,10,447736.0,-6.7282207384647705,-2.42863258704684,TIME_LIMIT,52797,0,0,11,0
4,10,448065.0,-6.7282207384647705,-2.42863258704684,TIME_LIMIT,52815,0,0,30,0
4,10,448358.0,-6.7282207384647705,-2.42863258704684,TIME_LIMIT,52856,0,0,26,0
4,10,448663.0,-6.7282207384647705,-2.42863258704684,TIME_LIMIT,52882,0,0,31,0
4,10,449003.0,-6.7282207384647705,-2.42863258704684,TIME_LIMIT,52921,0,0,26,0
4,10,449297.0,-6.7282207384647705,-2.42863258704684,TIME_LIMIT,52942,0,0,37,0
4,10,449600.0,-6.7282207384647705,-2.42863258704684,TIME_LIMIT,52980,0,0,27,0
4,10,449889.0,-6.7282207384647705,-2.42863258704684,TIME_LIMIT,53001,0,0,25,0
4,10,450219.0,-6.7282207384647705,-2.42863258704684,TIME_LIMIT,53037,0,0,25,0
4,10,450511.0,-6.7282207384647705,-2.42863258704684,TIME_LIMIT,53055,0,0,38,0
4,10,450814.0,-6.7282207384647705,-2.42863258704684,TIME_LIMIT,53092,0,0,26,0
4,10,451117.0,-6.7282207384647705,-2.42863258704684,TIME_LIMIT,53110,0,0,29,0
4,10,451447.0,-6.7282207384647705,-2.42863258704684,TIME_LIMIT,53149,0,0,24,0
4,10,451739.0,-6.7282207384647705,-2.42863258704684,TIME_LIMIT,53169,0,0,30,0
4,10,452041.0,-6.728108137553265,-2.42863258704684,TIME_LIMIT,53207,0,0,26,0
4,10,452374.0,-6.728108137553265,-2.42863258704684,TIME_LIMIT,53228,0,0,28,0
4,10,452671.0,-6.728004021271788,-2.42863258704684,TIME_LIMIT,53280,0,0,23,0
4,10,452973.0,-6.728004021271788,-2.42863258704684,TIME_LIMIT,53311,0,0,35,0
4,10,453265.0,-6.727759754965751,-2.42863258704684,TIME_LIMIT,53354,0,0,24,0
4,10,453595.0,-6.727759754965751,-2.42863258704684,TIME_LIMIT,53374,0,0,30,0
4,10,453888.0,-6.727759754965751,-2.42863258704684,TIME_LIMIT,53417,0,0,27,0
4,10,454194.0,-6.727759754965751,-2.42863258704684,TIME_LIMIT,53443,0,0,33,0
4,10,454524.0,-6.727759754965751,-2.42863258704684,TIME_LIMIT,53485,0,0,24,0
4,10,454819.0,-6.727759754965751,-2.42863258704684,TIME_LIMIT,53510,0,0,29,0
4,10,455122.0,-6.727759754965751,-2.42863258704684,TIME_LIMIT,53554,0,0,14,0
4,10,455411.0,-6.727759754965751,-2.42863258704684,TIME_LIMIT,53577,0,0,30,0
4,10,455741.0,-6.727759754965751,-2.42863258704684,TIME_LIMIT,53618,0,0,25,0
4,10,456031.0,-6.727759754965751,-2.42863258704684,TIME_LIMIT,53642,0,0,27,0
4,10,456340.0,-6.727759754965751,-2.42863258704684,TIME_LIMIT,53682,0,0,21,0
4,10,456643.0,-6.727759754965751,-2.42863258704684,TIME_LIMIT,53708,0,0,33,0
4,10,456972.0,-6.727759754965751,-2.42863258704684,TIME_LIMIT,53749,0,0,25,0
4,10,457266.0,-6.727759754965751,-2.42863258704684,TIME_LIMIT,53776,0,0,32,0
4,10,457569.0,-6.727759754965751,-2.42863258704684,TIME_LIMIT,53813,0,0,19,0
4,10,457886.0,-6.727759754965751,-2.42863258704684,TIME_LIMIT,53836,0,0,26,0
4,10,458176.0,-6.727759754965751,-2.42863258704684,TIME_LIMIT,53876,0,0,21,0
4,10,458481.0,-6.727759754965751,-2.42863258704684,TIME_LIMIT,53903,0,0,29,0
4,10,458770.0,-6.727759754965751,-2.42863258704684,TIME_LIMIT,53939,0,0,11,0
4,10,459097.0,-6.727759754965751,-2.42863258704684,TIME_LIMIT,53962,0,0,35,0
4,10,459391.0,-6.727759754965751,-2.42863258704684,TIME_LIMIT,54000,0,0,18,0
4,10,459688.0,-6.727759754965751,-2.42863258704684,TIME_LIMIT,54024,0,0,22,0
4,10,460017.0,-6.727759754965751,-2.42863258704684,TIME_LIMIT,54065,0,0,12,0
4,10,460308.0,-6.727759754965751,-2.42863258704684,TIME_LIMIT,54088,0,0,14,0
4,10,460612.0,-6.727759754965751,-2.42863258704684,TIME_LIMIT,54124,0,0,20,0
4,10,460926.0,-6.727759754965751,-2.42863258704684,TIME_LIMIT,54156,0,0,21,0
4,10,461256.0,-6.727759754965751,-2.42863258704684,TIME_LIMIT,54183,0,0,14,0
4,10,461544.0,-6.727759754965751,-2.42863258704684,TIME_LIMIT,54213,0,0,26,0
4,10,461843.0,-6.727759754965751,-2.42863258704684,TIME_LIMIT,54250,0,0,26,0
4,10,462140.0,-6.727759754965751,-2.42863258704684,TIME_LIMIT,54282,0,0,26,0
4,10,462460.0,-6.727759754965751,-2.42863258704684,TIME_LIMIT,54307,0,0,33,0
4,10,462763.0,-6.727759754965751,-2.42863258704684,TIME_LIMIT,54341,0,0,11,0
4,10,463049.0,-6.727759754965751,-2.42863258704684,TIME_LIMIT,54381,0,0,26,0
4,10,463380.0,-6.727759754965751,-2.42863258704684,TIME_LIMIT,54408,0,0,30,0
4,10,463667.0,-6.727759754965751,-2.42863258704684,TIME_LIMIT,54449,0,0,21,0
4,10,463970.0,-6.727759754965751,-2.42863258704684,TIME_LIMIT,54481,0,0,22,0
4,10,464257.0,-6.727759754965751,-2.42863258704684,TIME_LIMIT,54506,0,0,27,0
4,10,464585.0,-6.727759754965751,-2.42863258704684,TIME_LIMIT,54532,0,0,33,0
4,10,464909.0,-6.727759754965751,-2.42863258704684,TIME_LIMIT,54568,0,0,24,0
4,10,465210.0,-6.727759754965751,-2.42863258704684,TIME_LIMIT,54595,0,0,29,0
4,10,465525.0,-6.727759754965751,-2.42863258704684,TIME_LIMIT,54635,0,0,16,0
4,10,465818.0,-6.727759754965751,-2.42863258704684,TIME_LIMIT,54663,0,0,13,0
4,10,466120.0,-6.727224414708859,-2.42863258704684,TIME_LIMIT,54701,0,0,26,0
4,10,466412.0,-6.727224414708859,-2.42863258704684,TIME_LIMIT,54732,0,0,34,0
4,10,466740.0,-6.727224414708859,-2.42863258704684,TIME_LIMIT,54780,0,0,30,0
4,10,467030.0,-6.727224414708859,-2.42863258704684,TIME_LIMIT,54809,0,0,38,0
4,10,467332.0,-6.727224414708859,-2.42863258704684,TIME_LIMIT,54849,0,0,19,0
4,10,467610.0,-6.727224414708859,-2.42863258704684,TIME_LIMIT,54883,0,0,35,0
4,10,467936.0,-6.727224414708859,-2.42863258704684,TIME_LIMIT,54925,0,0,25,0
4,10,468230.0,-6.727224414708859,-2.42863258704684,TIME_LIMIT,54958,0,0,32,0
4,10,468534.0,-6.727224414708859,-2.42863258704684,TIME_LIMIT,55000,0,0,29,0
4,10,468874.0,-6.727224414708859,-2.42863258704684,TIME_LIMIT,55021,0,0,32,0
4,10,469189.0,-6.725924111406558,-2.42863258704684,TIME_LIMIT,55073,0,0,25,0
4,10,469482.0,-6.725924111406558,-2.42863258704684,TIME_LIMIT,55105,0,0,26,0
4,10,469782.0,-6.725370784307724,-2.42863258704684,TIME_LIMIT,55150,0,0,28,0
4,10,470116.0,-6.725370784307724,-2.42863258704684,TIME_LIMIT,55179,0,0,34,0
4,10,470408.0,-6.725370784307724,-2.42863258704684,TIME_LIMIT,55219,0,0,16,0
4,10,470712.0,-6.725370784307724,-2.42863258704684,TIME_LIMIT,55244,0,0,36,0
4,10,471004.0,-6.725370784307724,-2.42863258704684,TIME_LIMIT,55288,0,0,14,0
4,10,471337.0,-6.725370784307724,-2.42863258704684,TIME_LIMIT,55311,0,0,40,0
4,10,471629.0,-6.725370784307724,-2.42863258704684,TIME_LIMIT,55354,0,0,23,0
4,10,471934.0,-6.725370784307724,-2.42863258704684,TIME_LIMIT,55373,0,0,39,0
4,10,472253.0,-6.725370784307724,-2.42863258704684,TIME_LIMIT,55414,0,0,23,0
4,10,472557.0,-6.725370784307724,-2.42863258704684,TIME_LIMIT,55440,0,0,9,0
4,10,472849.0,-6.725370784307724,-2.42863258704684,TIME_LIMIT,55477,0,0,21,0
4,10,473149.0,-6.725370784307724,-2.42863258704684,TIME_LIMIT,55508,0,0,27,0
4,10,473477.0,-6.725370784307724,-2.42863258704684,TIME_LIMIT,55544,0,0,12,0
4,10,473768.0,-6.725370784307724,-2.42863258704684,TIME_LIMIT,55564,0,0,27,0
4,10,474073.0,-6.725370784307724,-2.42863258704684,TIME_LIMIT,55597,0,0,24,0
4,10,474361.0,-6.725370784307724,-2.42863258704684,TIME_LIMIT,55624,0,0,24,0
4,10,474694.0,-6.724360082481869,-2.42863258704684,TIME_LIMIT,55653,0,0,21,0
4,10,474947.0,-6.724360082481869,-2.42863258704684,TIME_LIMIT,55686,0,0,49,0
4,10,475250.0,-6.724360082481869,-2.42863258704684,TIME_LIMIT,55739,0,0,29,0
4,10,475536.0,-6.724360082481869,-2.42863258704684,TIME_LIMIT,55763,0,0,50,0
4,10,475867.0,-6.724134133137853,-2.42863258704684,TIME_LIMIT,55813,0,0,25,0
4,10,476167.0,-6.724134133137853,-2.42863258704684,TIME_LIMIT,55845,0,0,40,0
4,10,476475.0,-6.723926349442866,-2.42863258704684,TIME_LIMIT,55886,0,0,28,0
4,10,476780.0,-6.723926349442866,-2.42863258704684,TIME_LIMIT,55922,0,0,19,0
4,10,477095.0,-6.7239190160415205,-2.42863258704684,TIME_LIMIT,55970,0,0,26,0
4,10,477360.0,-6.7239190160415205,-2.42863258704684,TIME_LIMIT,55999,0,0,39,0
4,10,477664.0,-6.723665529624391,-2.42863258704684,TIME_LIMIT,56053,0,0,28,0
4,10,477959.0,-6.723665529624391,-2.42863258704684,TIME_LIMIT,56083,0,0,35,0
4,10,478293.0,-6.723600934665623,-2.42863258704684,TIME_LIMIT,56133,0,0,27,0
4,10,478587.0,-6.723600934665623,-2.42863258704684,TIME_LIMIT,56162,0,0,35,0
4,10,478892.0,-6.722889851284318,-2.42863258704684,TIME_LIMIT,56210,0,0,30,0
4,10,479185.0,-6.722889851284318,-2.42863258704684,TIME_LIMIT,56240,0,0,26,0
4,10,479512.0,-6.722630068481021,-2.42863258704684,TIME_LIMIT,56289,0,0,23,0
4,10,479803.0,-6.722630068481021,-2.42863258704684,TIME_LIMIT,56323,0,0,31,0
4,10,480106.0,-6.722630068481021,-2.42863258704684,TIME_LIMIT,56359,0,0,30,0
4,10,480423.0,-6.722630068481021,-2.42863258704684,TIME_LIMIT,56392,0,0,30,0
4,10,480716.0,-6.722571237989126,-2.42863258704684,TIME_LIMIT,56438,0,0,20,0
4,10,481021.0,-6.722571237989126,-2.42863258704684,TIME_LIMIT,56458,0,0,30,0
4,10,481309.0,-6.722571237989126,-2.42863258704684,TIME_LIMIT,56495,0,0,24,0
4,10,481639.0,-6.722571237989126,-2.42863258704684,TIME_LIMIT,56512,0,0,30,0
4,10,481928.0,-6.722412247160891,-2.42863258704684,TIME_LIMIT,56551,0,0,14,0
4,10,482232.0,-6.722412247160891,-2.42863258704684,TIME_LIMIT,56579,0,0,31,0
4,10,482532.0,-6.722412247160891,-2.42863258704684,TIME_LIMIT,56630,0,0,22,0
4,10,482859.0,-6.722412247160891,-2.42863258704684,TIME_LIMIT,56664,0,0,18,0
4,10,483158.0,-6.722412247160891,-2.42863258704684,TIME_LIMIT,56701,0,0,33,0
4,10,483464.0,-6.722412247160891,-2.42863258704684,TIME_LIMIT,56739,0,0,24,0
4,10,483789.0,-6.722412247160891,-2.42863258704684,TIME_LIMIT,56777,0,0,28,0
4,10,484081.0,-6.722412247160891,-2.42863258704684,TIME_LIMIT,56812,0,0,24,0
4,10,484385.0,-6.720820599645853,-2.42863258704684,TIME_LIMIT,56856,0,0,18,0
4,10,484675.0,-6.720820599645853,-2.42863258704684,TIME_LIMIT,56883,0,0,29,0
4,10,485006.0,-6.720673506374545,-2.42863258704684,TIME_LIMIT,56924,0,0,15,0
4,10,485321.0,-6.720673506374545,-2.42863258704684,TIME_LIMIT,56951,0,0,43,0
4,10,485645.0,-6.719917716991702,-2.42863258704684,TIME_LIMIT,56994,0,0,28,0
4,10,485934.0,-6.719917716991702,-2.42863258704684,TIME_LIMIT,57022,0,0,39,0
4,10,486265.0,-6.719853834774285,-2.42863258704684,TIME_LIMIT,57067,0,0,25,0
4,10,486555.0,-6.719853834774285,-2.42863258704684,TIME_LIMIT,57092,0,0,28,0
4,10,486858.0,-6.719853834774285,-2.42863258704684,TIME_LIMIT,57136,0,0,22,0
4,10,487190.0,-6.719853834774285,-2.42863258704684,TIME_LIMIT,57164,0,0,27,0
4,10,487483.0,-6.719853834774285,-2.42863258704684,TIME_LIMIT,57203,0,0,19,0
4,10,487785.0,-6.719853834774285,-2.42863258704684,TIME_LIMIT,57228,0,0,29,0
4,10,488077.0,-6.719853834774285,-2.42863258704684,TIME_LIMIT,57268,0,0,25,0
4,10,488402.0,-6.719853834774285,-2.42863258704684,TIME_LIMIT,57291,0,0,22,0
4,10,488691.0,-6.719853834774285,-2.42863258704684,TIME_LIMIT,57329,0,0,23,0
4,10,488995.0,-6.719853834774285,-2.42863258704684,TIME_LIMIT,57348,0,0,27,0
4,10,489293.0,-6.719853834774285,-2.42863258704684,TIME_LIMIT,57386,0,0,24,0
4,10,489613.0,-6.719853834774285,-2.42863258704684,TIME_LIMIT,57414,0,0,13,0
4,10,489914.0,-6.719853834774285,-2.42863258704684,TIME_LIMIT,57452,0,0,19,0
4,10,490201.0,-6.719853834774285,-2.42863258704684,TIME_LIMIT,57476,0,0,22,0
4,10,490531.0,-6.719853834774285,-2.42863258704684,TIME_LIMIT,57512,0,0,22,0
4,10,490820.0,-6.719853834774285,-2.42863258704684,TIME_LIMIT,57545,0,0,26,0
4,10,491124.0,-6.719853834774285,-2.42863258704684,TIME_LIMIT,57573,0,0,24,0
4,10,491407.0,-6.719853834774285,-2.42863258704684,TIME_LIMIT,57596,0,0,29,0
4,10,491740.0,-6.718967650243554,-2.42863258704684,TIME_LIMIT,57636,0,0,21,0
4,10,492037.0,-6.718967650243554,-2.42863258704684,TIME_LIMIT,57670,0,0,23,0
4,10,492341.0,-6.718857325938787,-2.42863258704684,TIME_LIMIT,57717,0,0,33,0
4,10,492628.0,-6.718857325938787,-2.42863258704684,TIME_LIMIT,57747,0,0,32,0
4,10,492945.0,-6.718857325938787,-2.42863258704684,TIME_LIMIT,57791,0,0,21,0
4,10,493237.0,-6.718857325938787,-2.42863258704684,TIME_LIMIT,57828,0,0,32,0
4,10,493536.0,-6.718723995183954,-2.42863258704684,TIME_LIMIT,57869,0,0,21,0
4,10,493867.0,-6.718723995183954,-2.42863258704684,TIME_LIMIT,57898,0,0,36,0
4,10,494157.0,-6.718723995183954,-2.42863258704684,TIME_LIMIT,57952,0,0,32,0
4,10,494459.0,-6.718723995183954,-2.42863258704684,TIME_LIMIT,57977,0,0,38,0
4,10,494748.0,-6.718723995183954,-2.42863258704684,TIME_LIMIT,58028,0,0,25,0
4,10,495081.0,-6.718723995183954,-2.42863258704684,TIME_LIMIT,58057,0,0,44,0
4,10,495370.0,-6.718723995183954,-2.42863258704684,TIME_LIMIT,58100,0,0,19,0
4,10,495668.0,-6.718723995183954,-2.42863258704684,TIME_LIMIT,58133,0,0,28,0
4,10,495966.0,-6.718723995183954,-2.42863258704684,TIME_LIMIT,58179,0,0,8,0
4,10,496280.0,-6.718723995183954,-2.42863258704684,TIME_LIMIT,58216,0,0,29,0
4,10,496571.0,-6.718723995183954,-2.42863258704684,TIME_LIMIT,58243,0,0,32,0
4,10,496872.0,-6.718723995183954,-2.42863258704684,TIME_LIMIT,58268,0,0,33,0
4,10,497209.0,-6.718723995183954,-2.42863258704684,TIME_LIMIT,58309,0,0,24,0
4,10,497501.0,-6.718723995183954,-2.42863258704684,TIME_LIMIT,58339,0,0,34,0
4,10,497782.0,-6.718723995183954,-2.42863258704684,TIME_LIMIT,58383,0,0,26,0
4,10,498067.0,-6.718723995183954,-2.42863258704684,TIME_LIMIT,58407,0,0,32,0
4,10,498389.0,-6.718723995183954,-2.42863258704684,TIME_LIMIT,58453,0,0,26,0
4,10,498675.0,-6.718723995183954,-2.42863258704684,TIME_LIMIT,58479,0,0,36,0
4,10,498972.0,-6.718723995183954,-2.42863258704684,TIME_LIMIT,58522,0,0,21,0
4,10,499253.0,-6.718723995183954,-2.42863258704684,TIME_LIMIT,58550,0,0,27,0
4,10,499577.0,-6.718723995183954,-2.42863258704684,TIME_LIMIT,58595,0,0,18,0
4,10,499865.0,-6.718723995183954,-2.42863258704684,TIME_LIMIT,58628,0,0,29,0
4,10,500159.0,-6.718723995183954,-2.42863258704684,TIME_LIMIT,58676,0,0,31,0
4,10,500482.0,-6.718723995183954,-2.42863258704684,TIME_LIMIT,58708,0,0,26,0
4,10,500764.0,-6.718723995183954,-2.42863258704684,TIME_LIMIT,58750,0,0,25,0
4,10,501091.0,-6.718723995183954,-2.42863258704684,TIME_LIMIT,58780,0,0,26,0
4,10,501373.0,-6.718723995183954,-2.42863258704684,TIME_LIMIT,58821,0,0,21,0
4,10,501694.0,-6.718723995183954,-2.42863258704684,TIME_LIMIT,58854,0,0,26,0
4,10,501976.0,-6.718723995183954,-2.42863258704684,TIME_LIMIT,58897,0,0,28,0
4,10,502270.0,-6.718723995183954,-2.42863258704684,TIME_LIMIT,58918,0,0,38,0
4,10,502560.0,-6.718723995183954,-2.42863258704684,TIME_LIMIT,58963,0,0,18,0
4,10,502872.0,-6.718723995183954,-2.42863258704684,TIME_LIMIT,58991,0,0,26,0
4,10,503154.0,-6.717447367011692,-2.42863258704684,TIME_LIMIT,59037,0,0,24,0
4,10,503449.0,-6.717447367011692,-2.42863258704684,TIME_LIMIT,59063,0,0,32,0
4,10,503754.0,-6.717447367011692,-2.42863258704684,TIME_LIMIT,59107,0,0,20,0
4,10,504038.0,-6.717447367011692,-2.42863258704684,TIME_LIMIT,59140,0,0,31,0
4,10,504333.0,-6.717447367011692,-2.42863258704684,TIME_LIMIT,59181,0,0,11,0
4,10,504616.0,-6.717447367011692,-2.42863258704684,TIME_LIMIT,59206,0,0,31,0
4,10,504954.0,-6.717447367011692,-2.42863258704684,TIME_LIMIT,59250,0,0,24,0
4,10,505262.0,-6.717447367011692,-2.42863258704684,TIME_LIMIT,59288,0,0,25,0
4,10,505542.0,-6.717447367011692,-2.42863258704684,TIME_LIMIT,59323,0,0,26,0
4,10,505832.0,-6.717447367011692,-2.42863258704684,TIME_LIMIT,59353,0,0,40,0
4,10,506143.0,-6.717447367011692,-2.42863258704684,TIME_LIMIT,59397,0,0,26,0
4,10,506429.0,-6.717447367011692,-2.42863258704684,TIME_LIMIT,59420,0,0,36,0
4,10,506721.0,-6.717447367011692,-2.42863258704684,TIME_LIMIT,59464,0,0,27,0
4,10,507044.0,-6.717447367011692,-2.42863258704684,TIME_LIMIT,59491,0,0,33,0
4,10,507329.0,-6.717447367011692,-2.42863258704684,TIME_LIMIT,59538,0,0,31,0
4,10,507626.0,-6.717447367011692,-2.42863258704684,TIME_LIMIT,59573,0,0,37,0
4,10,507908.0,-6.717447367011692,-2.42863258704684,TIME_LIMIT,59612,0,0,20,0
4,10,508227.0,-6.717447367011692,-2.42863258704684,TIME_LIMIT,59634,0,0,31,0
4,10,508510.0,-6.717447367011692,-2.42863258704684,TIME_LIMIT,59675,0,0,13,0
4,10,508806.0,-6.717447367011692,-2.42863258704684,TIME_LIMIT,59703,0,0,32,0
4,10,509143.0,-6.717447367011692,-2.42863258704684,TIME_LIMIT,59742,0,0,26,0
4,10,509457.0,-6.717447367011692,-2.42863258704684,TIME_LIMIT,59770,0,0,16,0
4,10,509743.0,-6.717447367011692,-2.42863258704684,TIME_LIMIT,59812,0,0,31,0
4,10,510038.0,-6.717447367011692,-2.42863258704684,TIME_LIMIT,59841,0,0,25,0
4,10,510351.0,-6.717447367011692,-2.42863258704684,TIME_LIMIT,59872,0,0,25,0
4,10,510638.0,-6.717447367011692,-2.42863258704684,TIME_LIMIT,59893,0,0,13,0
4,10,510932.0,-6.717447367011692,-2.42863258704684,TIME_LIMIT,59934,0,0,26,0
4,10,511212.0,-6.717447367011692,-2.42863258704684,TIME_LIMIT,59958,0,0,30,0
4,10,511534.0,-6.716195007026919,-2.42863258704684,TIME_LIMIT,60001,0,0,19,0
4,10,511817.0,-6.716195007026919,-2.42863258704684,TIME_LIMIT,60028,0,0,28,0
4,10,512111.0,-6.716195007026919,-2.42863258704684,TIME_LIMIT,60069,0,0,26,0
4,10,512395.0,-6.716195007026919,-2.42863258704684,TIME_LIMIT,60099,0,0,29,0
4,10,512712.0,-6.716195007026919,-2.42863258704684,TIME_LIMIT,60137,0,0,24,0
4,10,512997.0,-6.716195007026919,-2.42863258704684,TIME_LIMIT,60169,0,0,30,0
4,10,513291.0,-6.716195007026919,-2.42863258704684,TIME_LIMIT,60211,0,0,25,0
4,10,513597.0,-6.716195007026919,-2.42863258704684,TIME_LIMIT,60240,0,0,39,0
4,10,513880.0,-6.716195007026919,-2.42863258704684,TIME_LIMIT,60280,0,0,24,0
4,10,514174.0,-6.716195007026919,-2.42863258704684,TIME_LIMIT,60299,0,0,29,0
4,10,514457.0,-6.716195007026919,-2.42863258704684,TIME_LIMIT,60340,0,0,23,0
4,10,514777.0,-6.716195007026919,-2.42863258704684,TIME_LIMIT,60376,0,0,32,0
4,10,515058.0,-6.716195007026919,-2.42863258704684,TIME_LIMIT,60414,0,0,24,0
4,10,515354.0,-6.716195007026919,-2.42863258704684,TIME_LIMIT,60442,0,0,33,0
4,10,515633.0,-6.716195007026919,-2.42863258704684,TIME_LIMIT,60482,0,0,22,0
4,10,515948.0,-6.716195007026919,-2.42863258704684,TIME_LIMIT,60503,0,0,28,0
4,10,516232.0,-6.716195007026919,-2.42863258704684,TIME_LIMIT,60540,0,0,25,0
4,10,516526.0,-6.716195007026919,-2.42863258704684,TIME_LIMIT,60567,0,0,20,0
4,10,516818.0,-6.716195007026919,-2.42863258704684,TIME_LIMIT,60607,0,0,24,0
4,10,517123.0,-6.716195007026919,-2.42863258704684,TIME_LIMIT,60640,0,0,33,0
4,10,517404.0,-6.716195007026919,-2.42863258704684,TIME_LIMIT,60673,0,0,29,0
4,10,517697.0,-6.716195007026919,-2.42863258704684,TIME_LIMIT,60696,0,0,27,0
4,10,518016.0,-6.715880546395132,-2.42863258704684,TIME_LIMIT,60741,0,0,18,0
4,10,518298.0,-6.715880546395132,-2.42863258704684,TIME_LIMIT,60766,0,0,21,0
4,10,518588.0,-6.715880546395132,-2.42863258704684,TIME_LIMIT,60810,0,0,27,0
4,10,518865.0,-6.715880546395132,-2.42863258704684,TIME_LIMIT,60837,0,0,25,0
4,10,519176.0,-6.715880546395132,-2.42863258704684,TIME_LIMIT,60883,0,0,28,0
4,10,519475.0,-6.715880546395132,-2.42863258704684,TIME_LIMIT,60916,0,0,36,0
4,10,519784.0,-6.715880546395132,-2.42863258704684,TIME_LIMIT,60956,0,0,25,0
4,10,520064.0,-6.715880546395132,-2.42863258704684,TIME_LIMIT,60982,0,0,32,0
4,10,520359.0,-6.715880546395132,-2.42863258704684,TIME_LIMIT,61021,0,0,21,0
4,10,520634.0,-6.715880546395132,-2.42863258704684,TIME_LIMIT,61045,0,0,24,0
4,10,520918.0,-6.715880546395132,-2.42863258704684,TIME_LIMIT,61086,0,0,21,0
4,10,521231.0,-6.715880546395132,-2.42863258704684,TIME_LIMIT,61107,0,0,28,0
4,10,521503.0,-6.715880546395132,-2.42863258704684,TIME_LIMIT,61148,0,0,19,0
4,10,521789.0,-6.715880546395132,-2.42863258704684,TIME_LIMIT,61176,0,0,33,0
4,10,522061.0,-6.715880546395132,-2.42863258704684,TIME_LIMIT,61219,0,0,23,0
4,10,522371.0,-6.715880546395132,-2.42863258704684,TIME_LIMIT,61244,0,0,30,0
4,10,522644.0,-6.715880546395132,-2.42863258704684,TIME_LIMIT,61286,0,0,25,0
4,10,522932.0,-6.715880546395132,-2.42863258704684,TIME_LIMIT,61311,0,0,23,0
4,10,523211.0,-6.715880546395132,-2.42863258704684,TIME_LIMIT,61349,0,0,23,0
4,10,523517.0,-6.715880546395132,-2.42863258704684,TIME_LIMIT,61381,0,0,30,0
4,10,523790.0,-6.715880546395132,-2.42863258704684,TIME_LIMIT,61419,0,0,22,0
4,10,524075.0,-6.715880546395132,-2.42863258704684,TIME_LIMIT,61441,0,0,31,0
4,10,524385.0,-6.715880546395132,-2.42863258704684,TIME_LIMIT,61476,0,0,25,0
4,10,524660.0,-6.715880546395132,-2.42863258704684,TIME_LIMIT,61504,0,0,28,0
4,10,524943.0,-6.715658888802732,-2.42863258704684,TIME_LIMIT,61537,0,0,20,0
4,10,525222.0,-6.715658888802732,-2.42863258704684,TIME_LIMIT,61572,0,0,35,0
4,10,525533.0,-6.715542769830622,-2.42863258704684,TIME_LIMIT,61618,0,0,26,0
4,10,525809.0,-6.715542769830622,-2.42863258704684,TIME_LIMIT,61647,0,0,31,0
4,10,526096.0,-6.715542769830622,-2.42863258704684,TIME_LIMIT,61686,0,0,23,0
4,10,526365.0,-6.715542769830622,-2.42863258704684,TIME_LIMIT,61717,0,0,31,0
4,10,526682.0,-6.715542769830622,-2.42863258704684,TIME_LIMIT,61761,0,0,32,0
4,10,526966.0,-6.715542769830622,-2.42863258704684,TIME_LIMIT,61784,0,0,31,0
4,10,527240.0,-6.715542769830622,-2.42863258704684,TIME_LIMIT,61829,0,0,25,0
4,10,527530.0,-6.715542769830622,-2.42863258704684,TIME_LIMIT,61857,0,0,31,0
4,10,527833.0,-6.715542769830622,-2.42863258704684,TIME_LIMIT,61902,0,0,28,0
4,10,528114.0,-6.715542769830622,-2.42863258704684,TIME_LIMIT,61928,0,0,34,0
4,10,528406.0,-6.715542769830622,-2.42863258704684,TIME_LIMIT,61965,0,0,19,0
4,10,528730.0,-6.715542769830622,-2.42863258704684,TIME_LIMIT,61990,0,0,30,0
4,10,529015.0,-6.715542769830622,-2.42863258704684,TIME_LIMIT,62034,0,0,21,0
4,10,529311.0,-6.715542769830622,-2.42863258704684,TIME_LIMIT,62065,0,0,25,0
4,10,529591.0,-6.715542769830622,-2.42863258704684,TIME_LIMIT,62101,0,0,28,0
4,10,529914.0,-6.715542769830622,-2.42863258704684,TIME_LIMIT,62135,0,0,40,0
4,10,530202.0,-6.715542769830622,-2.42863258704684,TIME_LIMIT,62177,0,0,28,0
4,10,530503.0,-6.715542769830622,-2.42863258704684,TIME_LIMIT,62206,0,0,32,0
4,10,530787.0,-6.715542769830622,-2.42863258704684,TIME_LIMIT,62247,0,0,27,0
4,10,531102.0,-6.715542769830622,-2.42863258704684,TIME_LIMIT,62272,0,0,25,0
4,10,531391.0,-6.715542769830622,-2.42863258704684,TIME_LIMIT,62315,0,0,25,0
4,10,531681.0,-6.715542769830622,-2.42863258704684,TIME_LIMIT,62337,0,0,39,0
4,10,531998.0,-6.715542769830622,-2.42863258704684,TIME_LIMIT,62385,0,0,29,0
4,10,532303.0,-6.715542769830622,-2.42863258704684,TIME_LIMIT,62402,0,0,10,0
4,10,532596.0,-6.715542769830622,-2.42863258704684,TIME_LIMIT,62448,0,0,30,0
4,10,532902.0,-6.715542769830622,-2.42863258704684,TIME_LIMIT,62473,0,0,34,0
4,10,533220.0,-6.715542769830622,-2.42863258704684,TIME_LIMIT,62515,0,0,6,0
4,10,533511.0,-6.715542769830622,-2.42863258704684,TIME_LIMIT,62536,0,0,27,0
4,10,533804.0,-6.715542769830622,-2.42863258704684,TIME_LIMIT,62576,0,0,25,0
4,10,534093.0,-6.715542769830622,-2.42863258704684,TIME_LIMIT,62610,0,0,13,0
4,10,534411.0,-6.715542769830622,-2.42863258704684,TIME_LIMIT,62648,0,0,24,0
4,10,534698.0,-6.715542769830622,-2.42863258704684,TIME_LIMIT,62670,0,0,28,0
4,10,534987.0,-6.715542769830622,-2.42863258704684,TIME_LIMIT,62713,0,0,23,0
4,10,535275.0,-6.715542769830622,-2.42863258704684,TIME_LIMIT,62732,0,0,37,0
4,10,535596.0,-6.715542769830622,-2.42863258704684,TIME_LIMIT,62770,0,0,24,0
4,10,535901.0,-6.715542769830622,-2.42863258704684,TIME_LIMIT,62794,0,0,11,0
4,10,536193.0,-6.715542769830622,-2.42863258704684,TIME_LIMIT,62837,0,0,23,0
4,10,536510.0,-6.715542769830622,-2.42863258704684,TIME_LIMIT,62863,0,0,27,0
4,10,536800.0,-6.715542769830622,-2.42863258704684,TIME_LIMIT,62900,0,0,22,0
4,10,537104.0,-6.715542769830622,-2.42863258704684,TIME_LIMIT,62928,0,0,22,0
4,10,537396.0,-6.715542769830622,-2.42863258704684,TIME_LIMIT,62972,0,0,27,0
4,10,537715.0,-6.715542769830622,-2.42863258704684,TIME_LIMIT,63003,0,0,30,0
4,10,538005.0,-6.715542769830622,-2.42863258704684,TIME_LIMIT,63048,0,0,24,0
4,10,538300.0,-6.715542769830622,-2.42863258704684,TIME_LIMIT,63071,0,0,27,0
4,10,538588.0,-6.715542769830622,-2.42863258704684,TIME_LIMIT,63108,0,0,23,0
4,10,538911.0,-6.715542769830622,-2.42863258704684,TIME_LIMIT,63130,0,0,39,0
4,10,539202.0,-6.715542769830622,-2.42863258704684,TIME_LIMIT,63174,0,0,26,0
4,10,539495.0,-6.715542769830622,-2.42863258704684,TIME_LIMIT,63205,0,0,35,0
4,10,539811.0,-6.715542769830622,-2.42863258704684,TIME_LIMIT,63243,0,0,23,0
4,10,540103.0,-6.715542769830622,-2.42863258704684,TIME_LIMIT,63275,0,0,26,0
4,10,540396.0,-6.715542769830622,-2.42863258704684,TIME_LIMIT,63306,0,0,28,0
4,10,540688.0,-6.715542769830622,-2.42863258704684,TIME_LIMIT,63332,0,0,33,0
4,10,541024.0,-6.715542769830622,-2.42863258704684,TIME_LIMIT,63367,0,0,14,0
4,10,541337.0,-6.715542769830622,-2.42863258704684,TIME_LIMIT,63391,0,0,9,0
4,10,541630.0,-6.715542769830622,-2.42863258704684,TIME_LIMIT,63429,0,0,23,0
4,10,541919.0,-6.715542769830622,-2.42863258704684,TIME_LIMIT,63453,0,0,32,0
4,10,542239.0,-6.715542769830622,-2.42863258704684,TIME_LIMIT,63494,0,0,23,0
4,10,542530.0,-6.715542769830622,-2.42863258704684,TIME_LIMIT,63517,0,0,30,0
4,10,542819.0,-6.715542769830622,-2.42863258704684,TIME_LIMIT,63561,0,0,24,0
4,10,543109.0,-6.715542769830622,-2.42863258704684,TIME_LIMIT,63584,0,0,29,0
4,10,543426.0,-6.715542769830622,-2.42863258704684,TIME_LIMIT,63618,0,0,11,0
4,10,543716.0,-6.715542769830622,-2.42863258704684,TIME_LIMIT,63643,0,0,33,0
4,10,544005.0,-6.715542769830622,-2.42863258704684,TIME_LIMIT,63685,0,0,27,0
4,10,544323.0,-6.715542769830622,-2.42863258704684,TIME_LIMIT,63713,0,0,25,0
4,10,544611.0,-6.715542769830622,-2.42863258704684,TIME_LIMIT,63745,0,0,23,0
4,10,544902.0,-6.715542769830622,-2.42863258704684,TIME_LIMIT,63765,0,0,10,0
4,10,545219.0,-6.715542769830622,-2.42863258704684,TIME_LIMIT,63799,0,0,24,0
4,10,545536.0,-6.715542769830622,-2.42863258704684,TIME_LIMIT,63827,0,0,29,0
4,10,545819.0,-6.715542769830622,-2.42863258704684,TIME_LIMIT,63862,0,0,23,0
4,10,546113.0,-6.715542769830622,-2.42863258704684,TIME_LIMIT,63879,0,0,29,0
4,10,546397.0,-6.715542769830622,-2.42863258704684,TIME_LIMIT,63916,0,0,25,0
4,10,546716.0,-6.715542769830622,-2.42863258704684,TIME_LIMIT,63949,0,0,22,0
4,10,547004.0,-6.715542769830622,-2.42863258704684,TIME_LIMIT,63974,0,0,28,0
4,10,547292.0,-6.715542769830622,-2.42863258704684,TIME_LIMIT,63993,0,0,27,0
4,10,547580.0,-6.715542769830622,-2.42863258704684,TIME_LIMIT,64034,0,0,27,0
4,10,547898.0,-6.715542769830622,-2.42863258704684,TIME_LIMIT,64057,0,0,33,0
4,10,548185.0,-6.715542769830622,-2.42863258704684,TIME_LIMIT,64099,0,0,27,0
4,10,548474.0,-6.715542769830622,-2.42863258704684,TIME_LIMIT,64121,0,0,25,0
4,10,548787.0,-6.715436979117324,-2.42863258704684,TIME_LIMIT,64163,0,0,22,0
4,10,549091.0,-6.715436979117324,-2.42863258704684,TIME_LIMIT,64189,0,0,31,0
4,10,549424.0,-6.715022209997342,-2.42863258704684,TIME_LIMIT,64230,0,0,26,0
4,10,549717.0,-6.715022209997342,-2.42863258704684,TIME_LIMIT,64256,0,0,30,0
4,10,550034.0,-6.715022209997342,-2.42863258704684,TIME_LIMIT,64306,0,0,5,0
4,10,550328.0,-6.715022209997342,-2.42863258704684,TIME_LIMIT,64335,0,0,30,0
4,10,550627.0,-6.715022209997342,-2.42863258704684,TIME_LIMIT,64384,0,0,24,0
4,10,550929.0,-6.715022209997342,-2.42863258704684,TIME_LIMIT,64432,0,0,30,0
4,10,551267.0,-6.715022209997342,-2.42863258704684,TIME_LIMIT,64460,0,0,29,0
4,10,551564.0,-6.715022209997342,-2.42863258704684,TIME_LIMIT,64485,0,0,22,0
4,10,551860.0,-6.715022209997342,-2.42863258704684,TIME_LIMIT,64532,0,0,20,0
4,10,552154.0,-6.715022209997342,-2.42863258704684,TIME_LIMIT,64561,0,0,7,0
4,10,552489.0,-6.715022209997342,-2.42863258704684,TIME_LIMIT,64608,0,0,26,0
4,10,552781.0,-6.715022209997342,-2.42863258704684,TIME_LIMIT,64646,0,0,22,0
4,10,553072.0,-6.715022209997342,-2.42863258704684,TIME_LIMIT,64673,0,0,31,0
4,10,553399.0,-6.715022209997342,-2.42863258704684,TIME_LIMIT,64694,0,0,24,0
4,10,553687.0,-6.715022209997342,-2.42863258704684,TIME_LIMIT,64744,0,0,24,0
4,10,554000.0,-6.715022209997342,-2.42863258704684,TIME_LIMIT,64781,0,0,33,0
4,10,554289.0,-6.715022209997342,-2.42863258704684,TIME_LIMIT,64821,0,0,22,0
4,10,554606.0,-6.715022209997342,-2.42863258704684,TIME_LIMIT,64854,0,0,33,0
4,10,554897.0,-6.714599110449186,-2.42863258704684,TIME_LIMIT,64896,0,0,21,0
4,10,555189.0,-6.714599110449186,-2.42863258704684,TIME_LIMIT,64923,0,0,32,0
4,10,555479.0,-6.713919218255416,-2.42863258704684,TIME_LIMIT,64973,0,0,19,0
4,10,555793.0,-6.713919218255416,-2.42863258704684,TIME_LIMIT,65003,0,0,30,0
4,10,556084.0,-6.713919218255416,-2.42863258704684,TIME_LIMIT,65039,0,0,27,0
4,10,556374.0,-6.713919218255416,-2.42863258704684,TIME_LIMIT,65061,0,0,28,0
4,10,556660.0,-6.713919218255416,-2.42863258704684,TIME_LIMIT,65100,0,0,26,0
4,10,556978.0,-6.713919218255416,-2.42863258704684,TIME_LIMIT,65122,0,0,29,0
4,10,557266.0,-6.713919218255416,-2.42863258704684,TIME_LIMIT,65161,0,0,21,0
4,10,557560.0,-6.713919218255416,-2.42863258704684,TIME_LIMIT,65185,0,0,32,0
4,10,557872.0,-6.713919218255416,-2.42863258704684,TIME_LIMIT,65219,0,0,20,0
4,10,558161.0,-6.713919218255416,-2.42863258704684,TIME_LIMIT,65242,0,0,29,0
4,10,558452.0,-6.713522482933938,-2.42863258704684,TIME_LIMIT,65279,0,0,26,0
4,10,558741.0,-6.713522482933938,-2.42863258704684,TIME_LIMIT,65308,0,0,23,0
4,10,559063.0,-6.712523265057937,-2.42863258704684,TIME_LIMIT,65350,0,0,8,0
4,10,559366.0,-6.712523265057937,-2.42863258704684,TIME_LIMIT,65386,0,0,29,0
4,10,559657.0,-6.712523265057937,-2.42863258704684,TIME_LIMIT,65424,0,0,21,0
4,10,559948.0,-6.712523265057937,-2.42863258704684,TIME_LIMIT,65447,0,0,29,0
4,10,560269.0,-6.712523265057937,-2.42863258704684,TIME_LIMIT,65492,0,0,20,0
4,10,560573.0,-6.712523265057937,-2.42863258704684,TIME_LIMIT,65520,0,0,29,0
4,10,560864.0,-6.712523265057937,-2.42863258704684,TIME_LIMIT,65567,0,0,24,0
4,10,561152.0,-6.712523265057937,-2.42863258704684,TIME_LIMIT,65597,0,0,35,0
4,10,561474.0,-6.712523265057937,-2.42863258704684,TIME_LIMIT,65638,0,0,25,0
4,10,561762.0,-6.712523265057937,-2.42863258704684,TIME_LIMIT,65668,0,0,29,0
4,10,562050.0,-6.712523265057937,-2.42863258704684,TIME_LIMIT,65713,0,0,26,0
4,10,562367.0,-6.712523265057937,-2.42863258704684,TIME_LIMIT,65735,0,0,26,0
4,10,562659.0,-6.712523265057937,-2.42863258704684,TIME_LIMIT,65780,0,0,22,0
4,10,562969.0,-6.712523265057937,-2.42863258704684,TIME_LIMIT,65804,0,0,37,0
4,10,563255.0,-6.712523265057937,-2.42863258704684,TIME_LIMIT,65843,0,0,25,0
4,10,563598.0,-6.712523265057937,-2.42863258704684,TIME_LIMIT,65867,0,0,33,0
4,10,563887.0,-6.712523265057937,-2.42863258704684,TIME_LIMIT,65917,0,0,27,0
4,10,564177.0,-6.712523265057937,-2.42863258704684,TIME_LIMIT,65945,0,0,29,0
4,10,564466.0,-6.712523265057937,-2.42863258704684,TIME_LIMIT,65990,0,0,21,0
4,10,564787.0,-6.712523265057937,-2.42863258704684,TIME_LIMIT,66015,0,0,38,0
4,10,565099.0,-6.712523265057937,-2.42863258704684,TIME_LIMIT,66055,0,0,24,0
4,10,565392.0,-6.712523265057937,-2.42863258704684,TIME_LIMIT,66084,0,0,26,0
4,10,565681.0,-6.712523265057937,-2.42863258704684,TIME_LIMIT,66133,0,0,25,0
4,10,566025.0,-6.712523265057937,-2.42863258704684,TIME_LIMIT,66153,0,0,37,0
4,10,566351.0,-6.712523265057937,-2.42863258704684,TIME_LIMIT,66196,0,0,21,0
4,10,566645.0,-6.712523265057937,-2.42863258704684,TIME_LIMIT,66229,0,0,29,0
4,10,566976.0,-6.712523265057937,-2.42863258704684,TIME_LIMIT,66267,0,0,19,0
4,10,567265.0,-6.712523265057937,-2.42863258704684,TIME_LIMIT,66295,0,0,24,0
4,10,567558.0,-6.712523265057937,-2.42863258704684,TIME_LIMIT,66333,0,0,24,0
4,10,567847.0,-6.712523265057937,-2.42863258704684,TIME_LIMIT,66366,0,0,31,0
4,10,568168.0,-6.712523265057937,-2.42863258704684,TIME_LIMIT,66401,0,0,14,0
4,10,568473.0,-6.712523265057937,-2.42863258704684,TIME_LIMIT,66428,0,0,26,0
4,10,568774.0,-6.712523265057937,-2.42863258704684,TIME_LIMIT,66466,0,0,19,0
4,10,569062.0,-6.712523265057937,-2.42863258704684,TIME_LIMIT,66494,0,0,25,0
4,10,569379.0,-6.712523265057937,-2.42863258704684,TIME_LIMIT,66526,0,0,24,0
4,10,569671.0,-6.712523265057937,-2.42863258704684,TIME_LIMIT,66558,0,0,32,0
4,10,569975.0,-6.712523265057937,-2.42863258704684,TIME_LIMIT,66596,0,0,19,0
4,10,570266.0,-6.712523265057937,-2.42863258704684,TIME_LIMIT,66619,0,0,7,0
4,10,570580.0,-6.7125157785301095,-2.42863258704684,TIME_LIMIT,66654,0,0,22,0
4,10,570871.0,-6.7125157785301095,-2.42863258704684,TIME_LIMIT,66691,0,0,8,0
4,10,571164.0,-6.712022344566533,-2.42863258704684,TIME_LIMIT,66726,0,0,28,0
4,10,571460.0,-6.712022344566533,-2.42863258704684,TIME_LIMIT,66761,0,0,25,0
4,10,571794.0,-6.711801473700961,-2.42863258704684,TIME_LIMIT,66808,0,0,29,0
4,10,572088.0,-6.711801473700961,-2.42863258704684,TIME_LIMIT,66843,0,0,36,0
4,10,572379.0,-6.711801473700961,-2.42863258704684,TIME_LIMIT,66899,0,0,28,0
4,10,572720.0,-6.711801473700961,-2.42863258704684,TIME_LIMIT,66927,0,0,35,0
4,10,573031.0,-6.71057891198382,-2.42863258704684,TIME_LIMIT,66973,0,0,27,0
4,10,573325.0,-6.71057891198382,-2.42863258704684,TIME_LIMIT,67005,0,0,25,0
4,10,573617.0,-6.71057891198382,-2.42863258704684,TIME_LIMIT,67054,0,0,21,0
4,10,573954.0,-6.71057891198382,-2.42863258704684,TIME_LIMIT,67084,0,0,26,0
4,10,574250.0,-6.710539017069838,-2.42863258704684,TIME_LIMIT,67124,0,0,26,0
4,10,574542.0,-6.710539017069838,-2.42863258704684,TIME_LIMIT,67155,0,0,37,0
4,10,574832.0,-6.710087366389223,-2.42863258704684,TIME_LIMIT,67207,0,0,26,0
4,10,575152.0,-6.710087366389223,-2.42863258704684,TIME_LIMIT,67235,0,0,33,0
4,10,575443.0,-6.710087366389223,-2.42863258704684,TIME_LIMIT,67281,0,0,28,0
4,10,575735.0,-6.710087366389223,-2.42863258704684,TIME_LIMIT,67305,0,0,35,0
4,10,576036.0,-6.709069856042879,-2.42863258704684,TIME_LIMIT,67356,0,0,20,0
4,10,576362.0,-6.709069856042879,-2.42863258704684,TIME_LIMIT,67384,0,0,24,0
4,10,576653.0,-6.709069856042879,-2.42863258704684,TIME_LIMIT,67422,0,0,21,0
4,10,576969.0,-6.709069856042879,-2.42863258704684,TIME_LIMIT,67446,0,0,24,0
4,10,577289.0,-6.709069856042879,-2.42863258704684,TIME_LIMIT,67485,0,0,14,0
4,10,577601.0,-6.709069856042879,-2.42863258704684,TIME_LIMIT,67514,0,0,24,0
4,10,577911.0,-6.709069856042879,-2.42863258704684,TIME_LIMIT,67555,0,0,23,0
4,10,578200.0,-6.709069856042879,-2.42863258704684,TIME_LIMIT,67586,0,0,26,0
4,10,578516.0,-6.709069856042879,-2.42863258704684,TIME_LIMIT,67616,0,0,22,0
4,10,578809.0,-6.709069856042879,-2.42863258704684,TIME_LIMIT,67646,0,0,24,0
4,10,579099.0,-6.709069856042879,-2.42863258704684,TIME_LIMIT,67681,0,0,24,0
4,10,579386.0,-6.709069856042879,-2.42863258704684,TIME_LIMIT,67700,0,0,24,0
4,10,579701.0,-6.708913583917175,-2.42863258704684,TIME_LIMIT,67736,0,0,20,0
4,10,579993.0,-6.708913583917175,-2.42863258704684,TIME_LIMIT,67763,0,0,23,0
4,10,580287.0,-6.708913583917175,-2.42863258704684,TIME_LIMIT,67811,0,0,25,0
4,10,580584.0,-6.708913583917175,-2.42863258704684,TIME_LIMIT,67850,0,0,31,0
4,10,580923.0,-6.708913583917175,-2.42863258704684,TIME_LIMIT,67893,0,0,24,0
4,10,581215.0,-6.708913583917175,-2.42863258704684,TIME_LIMIT,67919,0,0,38,0
4,10,581538.0,-6.7084409703988115,-2.42863258704684,TIME_LIMIT,67957,0,0,18,0
4,10,581826.0,-6.7084409703988115,-2.42863258704684,TIME_LIMIT,67980,0,0,29,0
4,10,582144.0,-6.7084409703988115,-2.42863258704684,TIME_LIMIT,68025,0,0,26,0
4,10,582441.0,-6.7084409703988115,-2.42863258704684,TIME_LIMIT,68055,0,0,38,0
4,10,582747.0,-6.7084409703988115,-2.42863258704684,TIME_LIMIT,68097,0,0,26,0
4,10,583075.0,-6.7084409703988115,-2.42863258704684,TIME_LIMIT,68122,0,0,35,0
4,10,583366.0,-6.7084409703988115,-2.42863258704684,TIME_LIMIT,68160,0,0,18,0
4,10,583669.0,-6.7084409703988115,-2.42863258704684,TIME_LIMIT,68187,0,0,9,0
4,10,583974.0,-6.7084409703988115,-2.42863258704684,TIME_LIMIT,68232,0,0,26,0
4,10,584301.0,-6.7084409703988115,-2.42863258704684,TIME_LIMIT,68264,0,0,42,0
4,10,584593.0,-6.7084409703988115,-2.42863258704684,TIME_LIMIT,68299,0,0,22,0
4,10,584896.0,-6.7084409703988115,-2.42863258704684,TIME_LIMIT,68326,0,0,46,0
4,10,585184.0,-6.7084409703988115,-2.42863258704684,TIME_LIMIT,68368,0,0,28,0
4,10,585534.0,-6.7084409703988115,-2.42863258704684,TIME_LIMIT,68393,0,0,43,0
4,10,585821.0,-6.7084409703988115,-2.42863258704684,TIME_LIMIT,68425,0,0,23,0
4,10,586116.0,-6.7084409703988115,-2.42863258704684,TIME_LIMIT,68448,0,0,45,0
4,10,586405.0,-6.707677971017764,-2.42863258704684,TIME_LIMIT,68481,0,0,23,0
4,10,586743.0,-6.707677971017764,-2.42863258704684,TIME_LIMIT,68507,0,0,38,0
4,10,587055.0,-6.706462663665455,-2.42863258704684,TIME_LIMIT,68549,0,0,20,0
4,10,587345.0,-6.706462663665455,-2.42863258704684,TIME_LIMIT,68574,0,0,25,0
4,10,587680.0,-6.706324735378287,-2.42863258704684,TIME_LIMIT,68621,0,0,13,0
4,10,587969.0,-6.706324735378287,-2.42863258704684,TIME_LIMIT,68645,0,0,28,0
4,10,588258.0,-6.706324735378287,-2.42863258704684,TIME_LIMIT,68685,0,0,22,0
4,10,588550.0,-6.706324735378287,-2.42863258704684,TIME_LIMIT,68706,0,0,26,0
4,10,588867.0,-6.7058467462922575,-2.42863258704684,TIME_LIMIT,68748,0,0,22,0
4,10,589158.0,-6.7058467462922575,-2.42863258704684,TIME_LIMIT,68777,0,0,28,0
4,10,589485.0,-6.705549658490467,-2.42863258704684,TIME_LIMIT,68821,0,0,24,0
4,10,589786.0,-6.705549658490467,-2.42863258704684,TIME_LIMIT,68846,0,0,30,0
4,10,590102.0,-6.705549658490467,-2.42863258704684,TIME_LIMIT,68879,0,0,22,0
4,10,590393.0,-6.705549658490467,-2.42863258704684,TIME_LIMIT,68900,0,0,33,0
4,10,590682.0,-6.705549658490467,-2.42863258704684,TIME_LIMIT,68932,0,0,15,0
4,10,590970.0,-6.705549658490467,-2.42863258704684,TIME_LIMIT,68958,0,0,24,0
4,10,591288.0,-6.705355616242629,-2.42863258704684,TIME_LIMIT,68989,0,0,24,0
4,10,591579.0,-6.705355616242629,-2.42863258704684,TIME_LIMIT,69014,0,0,22,0
4,10,591871.0,-6.705352555097466,-2.42863258704684,TIME_LIMIT,69054,0,0,22,0
4,10,592161.0,-6.705352555097466,-2.42863258704684,TIME_LIMIT,69082,0,0,30,0
4,10,592479.0,-6.705027953814701,-2.42863258704684,TIME_LIMIT,69129,0,0,25,0
4,10,592771.0,-6.705027953814701,-2.42863258704684,TIME_LIMIT,69153,0,0,12,0
4,10,593079.0,-6.704910379403655,-2.42863258704684,TIME_LIMIT,69197,0,0,27,0
4,10,593406.0,-6.704910379403655,-2.42863258704684,TIME_LIMIT,69226,0,0,36,0
4,10,593696.0,-6.704910379403655,-2.42863258704684,TIME_LIMIT,69270,0,0,33,0
4,10,593989.0,-6.704910379403655,-2.42863258704684,TIME_LIMIT,69297,0,0,42,0
4,10,594282.0,-6.704910379403655,-2.42863258704684,TIME_LIMIT,69339,0,0,24,0
4,10,594602.0,-6.704910379403655,-2.42863258704684,TIME_LIMIT,69360,0,0,40,0
4,10,594892.0,-6.704353157382023,-2.42863258704684,TIME_LIMIT,69412,0,0,36,0
4,10,595186.0,-6.704353157382023,-2.42863258704684,TIME_LIMIT,69435,0,0,29,0
4,10,595477.0,-6.703921044211851,-2.42863258704684,TIME_LIMIT,69487,0,0,32,0
4,10,595794.0,-6.703921044211851,-2.42863258704684,TIME_LIMIT,69507,0,0,44,0
4,10,596104.0,-6.70348022579775,-2.42863258704684,TIME_LIMIT,69548,0,0,25,0
4,10,596410.0,-6.70348022579775,-2.42863258704684,TIME_LIMIT,69576,0,0,28,0
4,10,596710.0,-6.703461491437108,-2.42863258704684,TIME_LIMIT,69617,0,0,24,0
4,10,597026.0,-6.703461491437108,-2.42863258704684,TIME_LIMIT,69649,0,0,32,0
4,10,597317.0,-6.703036186117888,-2.42863258704684,TIME_LIMIT,69688,0,0,21,0
4,10,597608.0,-6.703036186117888,-2.42863258704684,TIME_LIMIT,69707,0,0,33,0
4,10,597898.0,-6.703036186117888,-2.42863258704684,TIME_LIMIT,69748,0,0,26,0
4,10,598215.0,-6.703036186117888,-2.42863258704684,TIME_LIMIT,69777,0,0,41,0
4,10,598505.0,-6.703036186117888,-2.42863258704684,TIME_LIMIT,69820,0,0,26,0
4,10,598797.0,-6.703036186117888,-2.42863258704684,TIME_LIMIT,69842,0,0,37,0
4,10,599100.0,-6.703036186117888,-2.42863258704684,TIME_LIMIT,69881,0,0,27,0
4,10,599422.0,-6.703036186117888,-2.42863258704684,TIME_LIMIT,69906,0,0,37,0
4,10,599713.0,-6.703036186117888,-2.42863258704684,TIME_LIMIT,69952,0,0,29,0
4,10,600004.0,-6.703036186117888,-2.42863258704684,TIME_LIMIT,69982,0,0,30,0
4,10,600320.0,-6.703036186117888,-2.42863258704684,TIME_LIMIT,70023,0,0,27,0
4,10,600613.0,-6.703036186117888,-2.42863258704684,TIME_LIMIT,70048,0,0,38,0
4,10,600904.0,-6.703036186117888,-2.42863258704684,TIME_LIMIT,70088,0,0,29,0
4,10,601197.0,-6.703036186117888,-2.42863258704684,TIME_LIMIT,70111,0,0,28,0
4,10,601532.0,-6.703036186117888,-2.42863258704684,TIME_LIMIT,70153,0,0,29,0
4,10,601822.0,-6.703036186117888,-2.42863258704684,TIME_LIMIT,70177,0,0,41,0
4,10,602116.0,-6.703036186117888,-2.42863258704684,TIME_LIMIT,70215,0,0,28,0
4,10,602406.0,-6.703036186117888,-2.42863258704684,TIME_LIMIT,70237,0,0,28,0
4,10,602723.0,-6.703036186117888,-2.42863258704684,TIME_LIMIT,70275,0,0,24,0
4,10,603017.0,-6.703036186117888,-2.42863258704684,TIME_LIMIT,70302,0,0,45,0
4,10,603309.0,-6.703036186117888,-2.42863258704684,TIME_LIMIT,70339,0,0,29,0
4,10,603602.0,-6.703036186117888,-2.42863258704684,TIME_LIMIT,70360,0,0,31,0
4,10,603918.0,-6.703036186117888,-2.42863258704684,TIME_LIMIT,70398,0,0,25,0
4,10,604212.0,-6.703036186117888,-2.42863258704684,TIME_LIMIT,70422,0,0,27,0
4,10,604502.0,-6.703036186117888,-2.42863258704684,TIME_LIMIT,70456,0,0,18,0
4,10,604793.0,-6.703036186117888,-2.42863258704684,TIME_LIMIT,70487,0,0,20,0
4,10,605112.0,-6.702439854992885,-2.42863258704684,TIME_LIMIT,70517,0,0,16,0
4,10,605409.0,-6.702439854992885,-2.42863258704684,TIME_LIMIT,70542,0,0,28,0
4,10,605699.0,-6.702364542354824,-2.42863258704684,TIME_LIMIT,70579,0,0,27,0
4,10,606020.0,-6.702364542354824,-2.42863258704684,TIME_LIMIT,70609,0,0,28,0
4,10,606309.0,-6.702364542354824,-2.42863258704684,TIME_LIMIT,70648,0,0,22,0
4,10,606606.0,-6.702364542354824,-2.42863258704684,TIME_LIMIT,70676,0,0,34,0
4,10,606894.0,-6.702364542354824,-2.42863258704684,TIME_LIMIT,70715,0,0,21,0
4,10,607234.0,-6.702364542354824,-2.42863258704684,TIME_LIMIT,70738,0,0,27,0
4,10,607536.0,-6.702364542354824,-2.42863258704684,TIME_LIMIT,70777,0,0,20,0
4,10,607830.0,-6.702364542354824,-2.42863258704684,TIME_LIMIT,70806,0,0,28,0
4,10,608122.0,-6.701880597213824,-2.42863258704684,TIME_LIMIT,70844,0,0,22,0
4,10,608441.0,-6.701880597213824,-2.42863258704684,TIME_LIMIT,70874,0,0,40,0
4,10,608736.0,-6.701571515560725,-2.42863258704684,TIME_LIMIT,70923,0,0,27,0
4,10,609034.0,-6.701571515560725,-2.42863258704684,TIME_LIMIT,70962,0,0,26,0
4,10,609327.0,-6.701082965550462,-2.42863258704684,TIME_LIMIT,71000,0,0,9,0
4,10,609649.0,-6.701082965550462,-2.42863258704684,TIME_LIMIT,71020,0,0,20,0
4,10,609941.0,-6.701082965550462,-2.42863258704684,TIME_LIMIT,71060,0,0,26,0
4,10,610241.0,-6.701082965550462,-2.42863258704684,TIME_LIMIT,71084,0,0,28,0
4,10,610546.0,-6.7009665444469615,-2.42863258704684,TIME_LIMIT,71131,0,0,20,0
4,10,610865.0,-6.7009665444469615,-2.42863258704684,TIME_LIMIT,71165,0,0,23,0
4,10,611153.0,-6.7009665444469615,-2.42863258704684,TIME_LIMIT,71198,0,0,31,0
4,10,611448.0,-6.7009665444469615,-2.42863258704684,TIME_LIMIT,71226,0,0,37,0
4,10,611737.0,-6.700957792138753,-2.42863258704684,TIME_LIMIT,71264,0,0,24,0
4,10,612055.0,-6.700957792138753,-2.42863258704684,TIME_LIMIT,71300,0,0,25,0
4,10,612347.0,-6.700818135323978,-2.42863258704684,TIME_LIMIT,71342,0,0,21,0
4,10,612638.0,-6.700818135323978,-2.42863258704684,TIME_LIMIT,71375,0,0,22,0
4,10,612954.0,-6.700441583698842,-2.42863258704684,TIME_LIMIT,71420,0,0,28,0
4,10,613246.0,-6.700441583698842,-2.42863258704684,TIME_LIMIT,71456,0,0,29,0
4,10,613543.0,-6.700441583698842,-2.42863258704684,TIME_LIMIT,71492,0,0,8,0
4,10,613836.0,-6.700441583698842,-2.42863258704684,TIME_LIMIT,71536,0,0,30,0
4,10,614170.0,-6.700441583698842,-2.42863258704684,TIME_LIMIT,71573,0,0,40,0
4,10,614461.0,-6.700441583698842,-2.42863258704684,TIME_LIMIT,71612,0,0,34,0
4,10,614755.0,-6.699175057132148,-2.42863258704684,TIME_LIMIT,71660,0,0,30,0
4,10,615048.0,-6.699175057132148,-2.42863258704684,TIME_LIMIT,71690,0,0,40,0
4,10,615370.0,-6.699175057132148,-2.42863258704684,TIME_LIMIT,71733,0,0,23,0
4,10,615674.0,-6.699175057132148,-2.42863258704684,TIME_LIMIT,71760,0,0,32,0
4,10,615963.0,-6.699175057132148,-2.42863258704684,TIME_LIMIT,71808,0,0,30,0
4,10,616250.0,-6.699175057132148,-2.42863258704684,TIME_LIMIT,71834,0,0,36,0
4,10,616570.0,-6.699175057132148,-2.42863258704684,TIME_LIMIT,71876,0,0,26,0
4,10,616858.0,-6.699175057132148,-2.42863258704684,TIME_LIMIT,71896,0,0,28,0
4,10,617146.0,-6.699056892872766,-2.42863258704684,TIME_LIMIT,71934,0,0,23,0
4,10,617442.0,-6.699056892872766,-2.42863258704684,TIME_LIMIT,71959,0,0,27,0
4,10,617767.0,-6.699056892872766,-2.42863258704684,TIME_LIMIT,71997,0,0,13,0
4,10,618059.0,-6.699056892872766,-2.42863258704684,TIME_LIMIT,72020,0,0,9,0
4,10,618347.0,-6.698943173530534,-2.42863258704684,TIME_LIMIT,72058,0,0,24,0
4,10,618636.0,-6.698943173530534,-2.42863258704684,TIME_LIMIT,72082,0,0,13,0
4,10,618950.0,-6.69852325927555,-2.42863258704684,TIME_LIMIT,72121,0,0,25,0
4,10,619246.0,-6.69852325927555,-2.42863258704684,TIME_LIMIT,72142,0,0,31,0
4,10,619533.0,-6.69852325927555,-2.42863258704684,TIME_LIMIT,72183,0,0,28,0
4,10,619868.0,-6.69852325927555,-2.42863258704684,TIME_LIMIT,72206,0,0,30,0
4,10,620156.0,-6.69852325927555,-2.42863258704684,TIME_LIMIT,72242,0,0,25,0
4,10,620452.0,-6.69852325927555,-2.42863258704684,TIME_LIMIT,72263,0,0,26,0
4,10,620757.0,-6.697431773932056,-2.42863258704684,TIME_LIMIT,72301,0,0,26,0
4,10,621078.0,-6.697431773932056,-2.42863258704684,TIME_LIMIT,72322,0,0,30,0
4,10,621396.0,-6.69710895201872,-2.42863258704684,TIME_LIMIT,72366,0,0,27,0
4,10,621708.0,-6.69710895201872,-2.42863258704684,TIME_LIMIT,72390,0,0,35,0
4,10,621997.0,-6.69681105789839,-2.42863258704684,TIME_LIMIT,72434,0,0,25,0
4,10,622319.0,-6.69681105789839,-2.42863258704684,TIME_LIMIT,72460,0,0,29,0
4,10,622608.0,-6.69681105789839,-2.42863258704684,TIME_LIMIT,72503,0,0,24,0
4,10,622901.0,-6.69681105789839,-2.42863258704684,TIME_LIMIT,72536,0,0,30,0
4,10,623199.0,-6.69681105789839,-2.42863258704684,TIME_LIMIT,72576,0,0,29,0
4,10,623517.0,-6.69681105789839,-2.42863258704684,TIME_LIMIT,72611,0,0,30,0
4,10,623809.0,-6.69681105789839,-2.42863258704684,TIME_LIMIT,72657,0,0,26,0
4,10,624101.0,-6.69681105789839,-2.42863258704684,TIME_LIMIT,72680,0,0,30,0
4,10,624388.0,-6.69681105789839,-2.42863258704684,TIME_LIMIT,72721,0,0,24,0
4,10,624707.0,-6.69681105789839,-2.42863258704684,TIME_LIMIT,72743,0,0,31,0
4,10,624997.0,-6.69681105789839,-2.42863258704684,TIME_LIMIT,72787,0,0,28,0
4,10,625288.0,-6.69681105789839,-2.42863258704684,TIME_LIMIT,72812,0,0,37,0
4,10,625608.0,-6.69681105789839,-2.42863258704684,TIME_LIMIT,72856,0,0,25,0
4,10,625927.0,-6.69681105789839,-2.42863258704684,TIME_LIMIT,72887,0,0,25,0
4,10,626220.0,-6.69681105789839,-2.42863258704684,TIME_LIMIT,72936,0,0,27,0
4,10,626512.0,-6.69681105789839,-2.42863258704684,TIME_LIMIT,72959,0,0,35,0
4,10,626800.0,-6.69681105789839,-2.42863258704684,TIME_LIMIT,73000,0,0,25,0
4,10,627117.0,-6.69681105789839,-2.42863258704684,TIME_LIMIT,73031,0,0,22,0
4,10,627411.0,-6.69681105789839,-2.42863258704684,TIME_LIMIT,73067,0,0,24,0
4,10,627702.0,-6.69681105789839,-2.42863258704684,TIME_LIMIT,73093,0,0,28,0
4,10,628037.0,-6.69681105789839,-2.42863258704684,TIME_LIMIT,73133,0,0,27,0
4,10,628328.0,-6.69681105789839,-2.42863258704684,TIME_LIMIT,73164,0,0,27,0
4,10,628619.0,-6.69681105789839,-2.42863258704684,TIME_LIMIT,73206,0,0,28,0
4,10,628915.0,-6.69681105789839,-2.42863258704684,TIME_LIMIT,73234,0,0,33,0
4,10,629232.0,-6.69681105789839,-2.42863258704684,TIME_LIMIT,73278,0,0,29,0
4,10,629570.0,-6.69681105789839,-2.42863258704684,TIME_LIMIT,73312,0,0,34,0
4,10,629861.0,-6.69681105789839,-2.42863258704684,TIME_LIMIT,73350,0,0,26,0
4,10,630152.0,-6.69681105789839,-2.42863258704684,TIME_LIMIT,73380,0,0,30,0
4,10,630470.0,-6.69681105789839,-2.42863258704684,TIME_LIMIT,73425,0,0,27,0
4,10,630758.0,-6.69681105789839,-2.42863258704684,TIME_LIMIT,73448,0,0,30,0
4,10,631052.0,-6.69681105789839,-2.42863258704684,TIME_LIMIT,73497,0,0,26,0
4,10,631346.0,-6.69681105789839,-2.42863258704684,TIME_LIMIT,73525,0,0,40,0
4,10,631664.0,-6.69681105789839,-2.42863258704684,TIME_LIMIT,73562,0,0,22,0
4,10,631952.0,-6.69681105789839,-2.42863258704684,TIME_LIMIT,73585,0,0,35,0
4,10,632244.0,-6.69681105789839,-2.42863258704684,TIME_LIMIT,73630,0,0,27,0
4,10,632537.0,-6.69681105789839,-2.42863258704684,TIME_LIMIT,73653,0,0,28,0
4,10,632853.0,-6.69681105789839,-2.42863258704684,TIME_LIMIT,73698,0,0,28,0
4,10,633145.0,-6.69681105789839,-2.42863258704684,TIME_LIMIT,73730,0,0,48,0
4,10,633433.0,-6.69681105789839,-2.42863258704684,TIME_LIMIT,73773,0,0,28,0
4,10,633731.0,-6.69681105789839,-2.42863258704684,TIME_LIMIT,73800,0,0,15,0
4,10,634048.0,-6.69681105789839,-2.42863258704684,TIME_LIMIT,73840,0,0,27,0
4,10,634341.0,-6.69681105789839,-2.42863258704684,TIME_LIMIT,73861,0,0,32,0
4,10,634632.0,-6.69681105789839,-2.42863258704684,TIME_LIMIT,73905,0,0,26,0
4,10,634921.0,-6.69681105789839,-2.42863258704684,TIME_LIMIT,73931,0,0,32,0
4,10,635238.0,-6.69681105789839,-2.42863258704684,TIME_LIMIT,73969,0,0,19,0
4,10,635532.0,-6.69681105789839,-2.42863258704684,TIME_LIMIT,73995,0,0,21,0
4,10,635823.0,-6.69681105789839,-2.42863258704684,TIME_LIMIT,74039,0,0,25,0
4,10,636112.0,-6.69681105789839,-2.42863258704684,TIME_LIMIT,74059,0,0,27,0
4,10,636445.0,-6.69681105789839,-2.42863258704684,TIME_LIMIT,74100,0,0,24,0
4,10,636736.0,-6.69681105789839,-2.42863258704684,TIME_LIMIT,74130,0,0,32,0
4,10,637027.0,-6.69681105789839,-2.42863258704684,TIME_LIMIT,74163,0,0,25,0
4,10,637342.0,-6.69681105789839,-2.42863258704684,TIME_LIMIT,74193,0,0,17,0
4,10,637633.0,-6.6966557857012035,-2.42863258704684,TIME_LIMIT,74223,0,0,21,0
4,10,637923.0,-6.6966557857012035,-2.42863258704684,TIME_LIMIT,74246,0,0,29,0
4,10,638212.0,-6.6966557857012035,-2.42863258704684,TIME_LIMIT,74289,0,0,26,0
4,10,638532.0,-6.6966557857012035,-2.42863258704684,TIME_LIMIT,74313,0,0,30,0
4,10,638821.0,-6.695539913650136,-2.42863258704684,TIME_LIMIT,74359,0,0,25,0
4,10,639113.0,-6.695539913650136,-2.42863258704684,TIME_LIMIT,74387,0,0,27,0
4,10,639401.0,-6.695539913650136,-2.42863258704684,TIME_LIMIT,74426,0,0,27,0
4,10,639722.0,-6.695539913650136,-2.42863258704684,TIME_LIMIT,74452,0,0,31,0
4,10,640011.0,-6.695539913650136,-2.42863258704684,TIME_LIMIT,74493,0,0,25,0
4,10,640306.0,-6.695539913650136,-2.42863258704684,TIME_LIMIT,74517,0,0,33,0
4,10,640616.0,-6.695539913650136,-2.42863258704684,TIME_LIMIT,74553,0,0,20,0
4,10,640953.0,-6.695539913650136,-2.42863258704684,TIME_LIMIT,74582,0,0,40,0
4,10,641243.0,-6.695355780549961,-2.42863258704684,TIME_LIMIT,74625,0,0,26,0
4,10,641536.0,-6.695355780549961,-2.42863258704684,TIME_LIMIT,74653,0,0,23,0
4,10,641824.0,-6.695355780549961,-2.42863258704684,TIME_LIMIT,74693,0,0,23,0
4,10,642164.0,-6.695355780549961,-2.42863258704684,TIME_LIMIT,74720,0,0,23,0
4,10,642457.0,-6.693515436874221,-2.42863258704684,TIME_LIMIT,74763,0,0,26,0
4,10,642752.0,-6.693515436874221,-2.42863258704684,TIME_LIMIT,74786,0,0,27,0
4,10,643039.0,-6.693238301007726,-2.42863258704684,TIME_LIMIT,74833,0,0,28,0
4,10,643358.0,-6.693238301007726,-2.42863258704684,TIME_LIMIT,74854,0,0,29,0
4,10,643650.0,-6.6932154607829695,-2.42863258704684,TIME_LIMIT,74906,0,0,29,0
4,10,643939.0,-6.6932154607829695,-2.42863258704684,TIME_LIMIT,74937,0,0,25,0
4,10,644229.0,-6.6927413873631885,-2.42863258704684,TIME_LIMIT,74969,0,0,23,0
4,10,644546.0,-6.6927413873631885,-2.42863258704684,TIME_LIMIT,74991,0,0,31,0
4,10,644837.0,-6.6927413873631885,-2.42863258704684,TIME_LIMIT,75031,0,0,25,0
4,10,645128.0,-6.6927413873631885,-2.42863258704684,TIME_LIMIT,75059,0,0,26,0
4,10,645413.0,-6.692402424089156,-2.42863258704684,TIME_LIMIT,75097,0,0,25,0
4,10,645740.0,-6.692402424089156,-2.42863258704684,TIME_LIMIT,75135,0,0,27,0
4,10,646033.0,-6.692398078074366,-2.42863258704684,TIME_LIMIT,75182,0,0,26,0
4,10,646327.0,-6.692398078074366,-2.42863258704684,TIME_LIMIT,75214,0,0,29,0
4,10,646642.0,-6.692305511437328,-2.42863258704684,TIME_LIMIT,75262,0,0,25,0
4,10,646935.0,-6.692305511437328,-2.42863258704684,TIME_LIMIT,75286,0,0,40,0
4,10,647226.0,-6.692305511437328,-2.42863258704684,TIME_LIMIT,75333,0,0,30,0
4,10,647520.0,-6.692305511437328,-2.42863258704684,TIME_LIMIT,75360,0,0,43,0
4,10,647839.0,-6.692305511437328,-2.42863258704684,TIME_LIMIT,75408,0,0,30,0
4,10,648133.0,-6.692305511437328,-2.42863258704684,TIME_LIMIT,75433,0,0,41,0
4,10,648427.0,-6.692305511437328,-2.42863258704684,TIME_LIMIT,75478,0,0,16,0
4,10,648720.0,-6.692305511437328,-2.42863258704684,TIME_LIMIT,75513,0,0,31,0
4,10,649041.0,-6.692305511437328,-2.42863258704684,TIME_LIMIT,75556,0,0,30,0
4,10,649334.0,-6.692305511437328,-2.42863258704684,TIME_LIMIT,75589,0,0,37,0
4,10,649626.0,-6.6922665393030565,-2.42863258704684,TIME_LIMIT,75641,0,0,23,0
4,10,649917.0,-6.6922665393030565,-2.42863258704684,TIME_LIMIT,75677,0,0,26,0
4,10,650234.0,-6.691827379250786,-2.42863258704684,TIME_LIMIT,75721,0,0,26,0
4,10,650526.0,-6.691827379250786,-2.42863258704684,TIME_LIMIT,75748,0,0,35,0
4,10,650819.0,-6.691827379250786,-2.42863258704684,TIME_LIMIT,75792,0,0,25,0
4,10,651110.0,-6.691827379250786,-2.42863258704684,TIME_LIMIT,75817,0,0,39,0
4,10,651428.0,-6.691827379250786,-2.42863258704684,TIME_LIMIT,75860,0,0,29,0
4,10,651718.0,-6.691827379250786,-2.42863258704684,TIME_LIMIT,75881,0,0,27,0
4,10,652010.0,-6.691827379250786,-2.42863258704684,TIME_LIMIT,75926,0,0,30,0
4,10,652299.0,-6.691827379250786,-2.42863258704684,TIME_LIMIT,75951,0,0,34,0
4,10,652619.0,-6.691827379250786,-2.42863258704684,TIME_LIMIT,75994,0,0,32,0
4,10,652910.0,-6.691827379250786,-2.42863258704684,TIME_LIMIT,76015,0,0,29,0
4,10,653202.0,-6.691827379250786,-2.42863258704684,TIME_LIMIT,76053,0,0,21,0
4,10,653493.0,-6.691827379250786,-2.42863258704684,TIME_LIMIT,76079,0,0,31,0
4,10,653811.0,-6.691827379250786,-2.42863258704684,TIME_LIMIT,76118,0,0,22,0
4,10,654100.0,-6.691827379250786,-2.42863258704684,TIME_LIMIT,76139,0,0,31,0
4,10,654392.0,-6.691827379250786,-2.42863258704684,TIME_LIMIT,76179,0,0,15,0
4,10,654681.0,-6.691827379250786,-2.42863258704684,TIME_LIMIT,76199,0,0,32,0
4,10,654999.0,-6.691827379250786,-2.42863258704684,TIME_LIMIT,76241,0,0,30,0
4,10,655290.0,-6.691827379250786,-2.42863258704684,TIME_LIMIT,76271,0,0,31,0
4,10,655583.0,-6.691827379250786,-2.42863258704684,TIME_LIMIT,76314,0,0,30,0
4,10,655874.0,-6.691827379250786,-2.42863258704684,TIME_LIMIT,76335,0,0,29,0
4,10,656188.0,-6.691827379250786,-2.42863258704684,TIME_LIMIT,76375,0,0,21,0
4,10,656480.0,-6.691827379250786,-2.42863258704684,TIME_LIMIT,76394,0,0,29,0
4,10,656768.0,-6.691827379250786,-2.42863258704684,TIME_LIMIT,76434,0,0,24,0
4,10,657088.0,-6.691827379250786,-2.42863258704684,TIME_LIMIT,76460,0,0,25,0
4,10,657378.0,-6.691827379250786,-2.42863258704684,TIME_LIMIT,76495,0,0,22,0
4,10,657679.0,-6.691827379250786,-2.42863258704684,TIME_LIMIT,76523,0,0,28,0
4,10,657970.0,-6.691827379250786,-2.42863258704684,TIME_LIMIT,76560,0,0,26,0
4,10,658289.0,-6.691827379250786,-2.42863258704684,TIME_LIMIT,76591,0,0,35,0
4,10,658580.0,-6.691827379250786,-2.42863258704684,TIME_LIMIT,76629,0,0,32,0
4,10,658869.0,-6.691827379250786,-2.42863258704684,TIME_LIMIT,76650,0,0,37,0
4,10,659160.0,-6.691827379250786,-2.42863258704684,TIME_LIMIT,76684,0,0,12,0
4,10,659474.0,-6.691827379250786,-2.42863258704684,TIME_LIMIT,76716,0,0,27,0
4,10,659764.0,-6.689111136988943,-2.42863258704684,TIME_LIMIT,76745,0,0,12,0
4,10,660055.0,-6.689111136988943,-2.42863258704684,TIME_LIMIT,76767,0,0,42,0
4,10,660346.0,-6.689111136988943,-2.42863258704684,TIME_LIMIT,76805,0,0,24,0
4,10,660666.0,-6.689111136988943,-2.42863258704684,TIME_LIMIT,76835,0,0,44,0
4,10,660953.0,-6.689111136988943,-2.42863258704684,TIME_LIMIT,76869,0,0,27,0
4,10,661246.0,-6.689111136988943,-2.42863258704684,TIME_LIMIT,76890,0,0,36,0
4,10,661537.0,-6.689111136988943,-2.42863258704684,TIME_LIMIT,76921,0,0,23,0
4,10,661885.0,-6.689111136988943,-2.42863258704684,TIME_LIMIT,76942,0,0,34,0
4,10,662173.0,-6.689111136988943,-2.42863258704684,TIME_LIMIT,76972,0,0,22,0
4,10,662467.0,-6.689111136988943,-2.42863258704684,TIME_LIMIT,76994,0,0,28,0
4,10,662755.0,-6.688796850617317,-2.42863258704684,TIME_LIMIT,77031,0,0,27,0
4,10,663075.0,-6.688796850617317,-2.42863258704684,TIME_LIMIT,77052,0,0,34,0
4,10,663363.0,-6.688796850617317,-2.42863258704684,TIME_LIMIT,77091,0,0,24,0
4,10,663657.0,-6.688796850617317,-2.42863258704684,TIME_LIMIT,77115,0,0,31,0
4,10,663942.0,-6.688796850617317,-2.42863258704684,TIME_LIMIT,77156,0,0,21,0
4,10,664260.0,-6.688796850617317,-2.42863258704684,TIME_LIMIT,77185,0,0,20,0
4,10,664549.0,-6.688796850617317,-2.42863258704684,TIME_LIMIT,77223,0,0,19,0
4,10,664837.0,-6.688796850617317,-2.42863258704684,TIME_LIMIT,77253,0,0,22,0
4,10,665127.0,-6.6886203041379755,-2.42863258704684,TIME_LIMIT,77292,0,0,20,0
4,10,665446.0,-6.6886203041379755,-2.42863258704684,TIME_LIMIT,77322,0,0,35,0
4,10,665766.0,-6.688570946699201,-2.42863258704684,TIME_LIMIT,77362,0,0,25,0
4,10,666057.0,-6.688570946699201,-2.42863258704684,TIME_LIMIT,77393,0,0,30,0
4,10,666350.0,-6.688456910857823,-2.42863258704684,TIME_LIMIT,77444,0,0,25,0
4,10,666672.0,-6.688456910857823,-2.42863258704684,TIME_LIMIT,77471,0,0,30,0
4,10,666965.0,-6.6883069178875925,-2.42863258704684,TIME_LIMIT,77517,0,0,16,0
4,10,667256.0,-6.6883069178875925,-2.42863258704684,TIME_LIMIT,77540,0,0,32,0
4,10,667546.0,-6.6883069178875925,-2.42863258704684,TIME_LIMIT,77582,0,0,26,0
4,10,667865.0,-6.6883069178875925,-2.42863258704684,TIME_LIMIT,77604,0,0,31,0
4,10,668164.0,-6.6883069178875925,-2.42863258704684,TIME_LIMIT,77649,0,0,11,0
4,10,668452.0,-6.6883069178875925,-2.42863258704684,TIME_LIMIT,77673,0,0,30,0
4,10,668741.0,-6.6883069178875925,-2.42863258704684,TIME_LIMIT,77715,0,0,25,0
4,10,669064.0,-6.6883069178875925,-2.42863258704684,TIME_LIMIT,77745,0,0,25,0
4,10,669354.0,-6.688164267536061,-2.42863258704684,TIME_LIMIT,77793,0,0,10,0
4,10,669673.0,-6.688164267536061,-2.42863258704684,TIME_LIMIT,77821,0,0,34,0
4,10,669985.0,-6.688164267536061,-2.42863258704684,TIME_LIMIT,77860,0,0,30,0
4,10,670307.0,-6.688164267536061,-2.42863258704684,TIME_LIMIT,77882,0,0,29,0
4,10,670597.0,-6.688164267536061,-2.42863258704684,TIME_LIMIT,77920,0,0,24,0
4,10,670887.0,-6.688164267536061,-2.42863258704684,TIME_LIMIT,77948,0,0,39,0
4,10,671180.0,-6.688164267536061,-2.42863258704684,TIME_LIMIT,77990,0,0,28,0
4,10,671499.0,-6.688164267536061,-2.42863258704684,TIME_LIMIT,78009,0,0,38,0
4,10,671791.0,-6.688164267536061,-2.42863258704684,TIME_LIMIT,78049,0,0,24,0
4,10,672081.0,-6.688164267536061,-2.42863258704684,TIME_LIMIT,78072,0,0,31,0
4,10,672398.0,-6.688164267536061,-2.42863258704684,TIME_LIMIT,78109,0,0,20,0
4,10,672688.0,-6.688164267536061,-2.42863258704684,TIME_LIMIT,78124,0,0,30,0
4,10,672978.0,-6.688164267536061,-2.42863258704684,TIME_LIMIT,78160,0,0,21,0
4,10,673269.0,-6.688164267536061,-2.42863258704684,TIME_LIMIT,78185,0,0,28,0
4,10,673583.0,-6.688164267536061,-2.42863258704684,TIME_LIMIT,78219,0,0,24,0
4,10,673888.0,-6.688164267536061,-2.42863258704684,TIME_LIMIT,78246,0,0,29,0
4,10,674179.0,-6.688146759728778,-2.42863258704684,TIME_LIMIT,78286,0,0,28,0
4,10,674471.0,-6.688146759728778,-2.42863258704684,TIME_LIMIT,78313,0,0,33,0
4,10,674789.0,-6.688146759728778,-2.42863258704684,TIME_LIMIT,78361,0,0,25,0
4,10,675081.0,-6.688146759728778,-2.42863258704684,TIME_LIMIT,78388,0,0,33,0
4,10,675374.0,-6.688146759728778,-2.42863258704684,TIME_LIMIT,78432,0,0,22,0
4,10,675667.0,-6.688146759728778,-2.42863258704684,TIME_LIMIT,78463,0,0,31,0
4,10,675986.0,-6.68730718808802,-2.42863258704684,TIME_LIMIT,78505,0,0,19,0
4,10,676275.0,-6.68730718808802,-2.42863258704684,TIME_LIMIT,78536,0,0,28,0
4,10,676570.0,-6.68730718808802,-2.42863258704684,TIME_LIMIT,78585,0,0,28,0
4,10,676858.0,-6.68730718808802,-2.42863258704684,TIME_LIMIT,78612,0,0,21,0
4,10,677177.0,-6.68730718808802,-2.42863258704684,TIME_LIMIT,78665,0,0,33,0
4,10,677468.0,-6.68730718808802,-2.42863258704684,TIME_LIMIT,78705,0,0,18,0
4,10,677784.0,-6.68730718808802,-2.42863258704684,TIME_LIMIT,78748,0,0,21,0
4,10,678075.0,-6.68730718808802,-2.42863258704684,TIME_LIMIT,78783,0,0,39,0
4,10,678400.0,-6.68730718808802,-2.42863258704684,TIME_LIMIT,78830,0,0,22,0
4,10,678692.0,-6.68730718808802,-2.42863258704684,TIME_LIMIT,78865,0,0,35,0
4,10,678983.0,-6.68730718808802,-2.42863258704684,TIME_LIMIT,78898,0,0,27,0
4,10,679275.0,-6.68730718808802,-2.42863258704684,TIME_LIMIT,78929,0,0,9,0
4,10,679594.0,-6.68730718808802,-2.42863258704684,TIME_LIMIT,78974,0,0,24,0
4,10,679885.0,-6.68730718808802,-2.42863258704684,TIME_LIMIT,79000,0,0,33,0
4,10,680177.0,-6.68730718808802,-2.42863258704684,TIME_LIMIT,79046,0,0,18,0
4,10,680468.0,-6.68730718808802,-2.42863258704684,TIME_LIMIT,79087,0,0,9,0
4,10,680789.0,-6.68730718808802,-2.42863258704684,TIME_LIMIT,79118,0,0,34,0
4,10,681084.0,-6.68730718808802,-2.42863258704684,TIME_LIMIT,79150,0,0,34,0
4,10,681377.0,-6.68730718808802,-2.42863258704684,TIME_LIMIT,79192,0,0,26,0
4,10,681668.0,-6.68730718808802,-2.42863258704684,TIME_LIMIT,79223,0,0,29,0
4,10,681983.0,-6.68730718808802,-2.42863258704684,TIME_LIMIT,79264,0,0,27,0
4,10,682274.0,-6.68730718808802,-2.42863258704684,TIME_LIMIT,79293,0,0,19,0
4,10,682567.0,-6.68730718808802,-2.42863258704684,TIME_LIMIT,79334,0,0,29,0
4,10,682857.0,-6.68730718808802,-2.42863258704684,TIME_LIMIT,79363,0,0,26,0
4,10,683175.0,-6.68730718808802,-2.42863258704684,TIME_LIMIT,79406,0,0,27,0
4,10,683466.0,-6.68730718808802,-2.42863258704684,TIME_LIMIT,79429,0,0,32,0
4,10,683756.0,-6.68730718808802,-2.42863258704684,TIME_LIMIT,79474,0,0,22,0
4,10,684043.0,-6.68730718808802,-2.42863258704684,TIME_LIMIT,79494,0,0,30,0
4,10,684363.0,-6.687270902580764,-2.42863258704684,TIME_LIMIT,79536,0,0,27,0
4,10,684656.0,-6.687270902580764,-2.42863258704684,TIME_LIMIT,79560,0,0,24,0
4,10,684947.0,-6.687010506190456,-2.42863258704684,TIME_LIMIT,79601,0,0,22,0
4,10,685237.0,-6.687010506190456,-2.42863258704684,TIME_LIMIT,79626,0,0,25,0
4,10,685556.0,-6.686945845590095,-2.42863258704684,TIME_LIMIT,79677,0,0,20,0
4,10,685850.0,-6.686945845590095,-2.42863258704684,TIME_LIMIT,79700,0,0,27,0
4,10,686139.0,-6.686945845590095,-2.42863258704684,TIME_LIMIT,79737,0,0,27,0
4,10,686428.0,-6.686945845590095,-2.42863258704684,TIME_LIMIT,79755,0,0,25,0
4,10,686745.0,-6.686945845590095,-2.42863258704684,TIME_LIMIT,79794,0,0,26,0
4,10,687035.0,-6.686945845590095,-2.42863258704684,TIME_LIMIT,79818,0,0,12,0
4,10,687324.0,-6.686945845590095,-2.42863258704684,TIME_LIMIT,79855,0,0,24,0
4,10,687613.0,-6.686945845590095,-2.42863258704684,TIME_LIMIT,79878,0,0,31,0
4,10,687932.0,-6.686945845590095,-2.42863258704684,TIME_LIMIT,79913,0,0,26,0
4,10,688226.0,-6.686945845590095,-2.42863258704684,TIME_LIMIT,79937,0,0,31,0
4,10,688518.0,-6.686826107353469,-2.42863258704684,TIME_LIMIT,79973,0,0,21,0
4,10,688809.0,-6.686826107353469,-2.42863258704684,TIME_LIMIT,79997,0,0,32,0
4,10,689129.0,-6.68465429368104,-2.42863258704684,TIME_LIMIT,80039,0,0,18,0
4,10,689424.0,-6.68465429368104,-2.42863258704684,TIME_LIMIT,80065,0,0,34,0
4,10,689714.0,-6.684452000611836,-2.42863258704684,TIME_LIMIT,80113,0,0,27,0
4,10,690005.0,-6.684452000611836,-2.42863258704684,TIME_LIMIT,80134,0,0,31,0
4,10,690325.0,-6.684452000611836,-2.42863258704684,TIME_LIMIT,80185,0,0,28,0
4,10,690619.0,-6.684452000611836,-2.42863258704684,TIME_LIMIT,80212,0,0,14,0
4,10,690913.0,-6.684452000611836,-2.42863258704684,TIME_LIMIT,80257,0,0,26,0
4,10,691199.0,-6.684452000611836,-2.42863258704684,TIME_LIMIT,80291,0,0,26,0
4,10,691523.0,-6.684452000611836,-2.42863258704684,TIME_LIMIT,80327,0,0,32,0
4,10,691819.0,-6.684452000611836,-2.42863258704684,TIME_LIMIT,80349,0,0,22,0
4,10,692110.0,-6.684452000611836,-2.42863258704684,TIME_LIMIT,80396,0,0,25,0
4,10,692396.0,-6.684452000611836,-2.42863258704684,TIME_LIMIT,80425,0,0,31,0
4,10,692714.0,-6.684314824768157,-2.42863258704684,TIME_LIMIT,80466,0,0,26,0
4,10,693008.0,-6.684314824768157,-2.42863258704684,TIME_LIMIT,80496,0,0,28,0
4,10,693297.0,-6.684314824768157,-2.42863258704684,TIME_LIMIT,80538,0,0,14,0
4,10,693588.0,-6.684314824768157,-2.42863258704684,TIME_LIMIT,80568,0,0,30,0
4,10,693907.0,-6.682001346631376,-2.42863258704684,TIME_LIMIT,80596,0,0,29,0
4,10,694200.0,-6.682001346631376,-2.42863258704684,TIME_LIMIT,80620,0,0,32,0
4,10,694493.0,-6.681721383758574,-2.42863258704684,TIME_LIMIT,80659,0,0,13,0
4,10,694784.0,-6.681721383758574,-2.42863258704684,TIME_LIMIT,80685,0,0,41,0
4,10,695103.0,-6.681721383758574,-2.42863258704684,TIME_LIMIT,80728,0,0,27,0
4,10,695398.0,-6.681721383758574,-2.42863258704684,TIME_LIMIT,80759,0,0,47,0
4,10,695691.0,-6.681721383758574,-2.42863258704684,TIME_LIMIT,80794,0,0,26,0
4,10,696030.0,-6.681721383758574,-2.42863258704684,TIME_LIMIT,80814,0,0,44,0
4,10,696322.0,-6.681721383758574,-2.42863258704684,TIME_LIMIT,80859,0,0,29,0
4,10,696618.0,-6.681721383758574,-2.42863258704684,TIME_LIMIT,80886,0,0,43,0
4,10,696909.0,-6.681721383758574,-2.42863258704684,TIME_LIMIT,80933,0,0,28,0
4,10,697236.0,-6.681721383758574,-2.42863258704684,TIME_LIMIT,80963,0,0,35,0
4,10,697525.0,-6.681721383758574,-2.42863258704684,TIME_LIMIT,81006,0,0,26,0
4,10,697828.0,-6.681721383758574,-2.42863258704684,TIME_LIMIT,81030,0,0,27,0
4,10,698118.0,-6.681721383758574,-2.42863258704684,TIME_LIMIT,81073,0,0,26,0
4,10,698437.0,-6.681721383758574,-2.42863258704684,TIME_LIMIT,81095,0,0,30,0
4,10,698728.0,-6.681721383758574,-2.42863258704684,TIME_LIMIT,81137,0,0,22,0
4,10,699020.0,-6.681721383758574,-2.42863258704684,TIME_LIMIT,81171,0,0,29,0
4,10,699314.0,-6.681721383758574,-2.42863258704684,TIME_LIMIT,81217,0,0,28,0
4,10,699633.0,-6.681721383758574,-2.42863258704684,TIME_LIMIT,81249,0,0,36,0
4,10,699925.0,-6.681721383758574,-2.42863258704684,TIME_LIMIT,81288,0,0,36,0
4,10,700218.0,-6.681721383758574,-2.42863258704684,TIME_LIMIT,81311,0,0,29,0
4,10,700508.0,-6.681721383758574,-2.42863258704684,TIME_LIMIT,81356,0,0,28,0
4,10,700821.0,-6.681721383758574,-2.42863258704684,TIME_LIMIT,81380,0,0,26,0
4,10,701114.0,-6.681721383758574,-2.42863258704684,TIME_LIMIT,81429,0,0,30,0
4,10,701407.0,-6.681721383758574,-2.42863258704684,TIME_LIMIT,81455,0,0,31,0
4,10,701696.0,-6.681721383758574,-2.42863258704684,TIME_LIMIT,81499,0,0,25,0
4,10,702046.0,-6.681721383758574,-2.42863258704684,TIME_LIMIT,81522,0,0,36,0
4,10,702336.0,-6.681721383758574,-2.42863258704684,TIME_LIMIT,81562,0,0,22,0
4,10,702629.0,-6.681721383758574,-2.42863258704684,TIME_LIMIT,81598,0,0,35,0
4,10,702923.0,-6.681721383758574,-2.42863258704684,TIME_LIMIT,81635,0,0,25,0
4,10,703240.0,-6.681721383758574,-2.42863258704684,TIME_LIMIT,81656,0,0,38,0
4,10,703531.0,-6.681721383758574,-2.42863258704684,TIME_LIMIT,81700,0,0,25,0
4,10,703826.0,-6.681721383758574,-2.42863258704684,TIME_LIMIT,81724,0,0,36,0
4,10,704116.0,-6.681721383758574,-2.42863258704684,TIME_LIMIT,81762,0,0,26,0
4,10,704434.0,-6.681721383758574,-2.42863258704684,TIME_LIMIT,81784,0,0,27,0
4,10,704723.0,-6.681721383758574,-2.42863258704684,TIME_LIMIT,81820,0,0,20,0
4,10,705015.0,-6.681721383758574,-2.42863258704684,TIME_LIMIT,81843,0,0,31,0
4,10,705304.0,-6.681721383758574,-2.42863258704684,TIME_LIMIT,81880,0,0,21,0
4,10,705624.0,-6.681721383758574,-2.42863258704684,TIME_LIMIT,81900,0,0,28,0
4,10,705934.0,-6.681721383758574,-2.42863258704684,TIME_LIMIT,81940,0,0,24,0
4,10,706236.0,-6.681721383758574,-2.42863258704684,TIME_LIMIT,81976,0,0,20,0
4,10,706526.0,-6.681721383758574,-2.42863258704684,TIME_LIMIT,82013,0,0,23,0
4,10,706844.0,-6.681721383758574,-2.42863258704684,TIME_LIMIT,82044,0,0,23,0
4,10,707135.0,-6.681721383758574,-2.42863258704684,TIME_LIMIT,82083,0,0,13,0
4,10,707425.0,-6.681721383758574,-2.42863258704684,TIME_LIMIT,82110,0,0,29,0
4,10,707716.0,-6.681721383758574,-2.42863258704684,TIME_LIMIT,82146,0,0,30,0
4,10,708036.0,-6.681721383758574,-2.42863258704684,TIME_LIMIT,82166,0,0,29,0
4,10,708325.0,-6.681721383758574,-2.42863258704684,TIME_LIMIT,82201,0,0,24,0
4,10,708621.0,-6.681721383758574,-2.42863258704684,TIME_LIMIT,82223,0,0,31,0
4,10,708908.0,-6.679750778485811,-2.42863258704684,TIME_LIMIT,82263,0,0,25,0
4,10,709225.0,-6.679750778485811,-2.42863258704684,TIME_LIMIT,82290,0,0,31,0
4,10,709511.0,-6.679237949364325,-2.42863258704684,TIME_LIMIT,82332,0,0,23,0
4,10,709819.0,-6.679237949364325,-2.42863258704684,TIME_LIMIT,82357,0,0,24,0
4,10,710146.0,-6.679237949364325,-2.42863258704684,TIME_LIMIT,82400,0,0,8,0
4,10,710467.0,-6.679237949364325,-2.42863258704684,TIME_LIMIT,82431,0,0,28,0
4,10,710756.0,-6.679237949364325,-2.42863258704684,TIME_LIMIT,82473,0,0,8,0
4,10,711053.0,-6.679237949364325,-2.42863258704684,TIME_LIMIT,82507,0,0,23,0
4,10,711347.0,-6.679237949364325,-2.42863258704684,TIME_LIMIT,82539,0,0,24,0
4,10,711678.0,-6.679237949364325,-2.42863258704684,TIME_LIMIT,82570,0,0,33,0
4,10,711968.0,-6.679237949364325,-2.42863258704684,TIME_LIMIT,82608,0,0,24,0
4,10,712271.0,-6.679237949364325,-2.42863258704684,TIME_LIMIT,82646,0,0,27,0
4,10,712564.0,-6.679237949364325,-2.42863258704684,TIME_LIMIT,82680,0,0,28,0
4,10,712894.0,-6.679237949364325,-2.42863258704684,TIME_LIMIT,82709,0,0,26,0
4,10,713186.0,-6.679237949364325,-2.42863258704684,TIME_LIMIT,82747,0,0,22,0
4,10,713489.0,-6.679237949364325,-2.42863258704684,TIME_LIMIT,82769,0,0,25,0
4,10,713783.0,-6.679237949364325,-2.42863258704684,TIME_LIMIT,82808,0,0,27,0
4,10,714131.0,-6.679237949364325,-2.42863258704684,TIME_LIMIT,82837,0,0,31,0
4,10,714424.0,-6.679237949364325,-2.42863258704684,TIME_LIMIT,82872,0,0,20,0
4,10,714724.0,-6.679237949364325,-2.42863258704684,TIME_LIMIT,82897,0,0,27,0
4,10,715014.0,-6.679237949364325,-2.42863258704684,TIME_LIMIT,82934,0,0,22,0
4,10,715343.0,-6.679237949364325,-2.42863258704684,TIME_LIMIT,82958,0,0,32,0
4,10,715637.0,-6.679237949364325,-2.42863258704684,TIME_LIMIT,82995,0,0,22,0
4,10,715942.0,-6.679237949364325,-2.42863258704684,TIME_LIMIT,83025,0,0,34,0
4,10,716233.0,-6.679237949364325,-2.42863258704684,TIME_LIMIT,83062,0,0,20,0
4,10,716560.0,-6.679237949364325,-2.42863258704684,TIME_LIMIT,83089,0,0,22,0
4,10,716854.0,-6.679237949364325,-2.42863258704684,TIME_LIMIT,83128,0,0,24,0
4,10,717154.0,-6.679237949364325,-2.42863258704684,TIME_LIMIT,83159,0,0,40,0
4,10,717442.0,-6.679237949364325,-2.42863258704684,TIME_LIMIT,83201,0,0,23,0
4,10,717771.0,-6.679237949364325,-2.42863258704684,TIME_LIMIT,83225,0,0,24,0
4,10,718063.0,-6.679237949364325,-2.42863258704684,TIME_LIMIT,83259,0,0,9,0
4,10,718366.0,-6.679237949364325,-2.42863258704684,TIME_LIMIT,83284,0,0,41,0
4,10,718659.0,-6.678810590420426,-2.42863258704684,TIME_LIMIT,83321,0,0,22,0
4,10,718990.0,-6.678810590420426,-2.42863258704684,TIME_LIMIT,83354,0,0,25,0
4,10,719282.0,-6.678810590420426,-2.42863258704684,TIME_LIMIT,83387,0,0,30,0
4,10,719583.0,-6.678810590420426,-2.42863258704684,TIME_LIMIT,83416,0,0,28,0
4,10,719875.0,-6.678810590420426,-2.42863258704684,TIME_LIMIT,83456,0,0,22,0
4,10,720208.0,-6.678810590420426,-2.42863258704684,TIME_LIMIT,83484,0,0,28,0
4,10,720499.0,-6.678810590420426,-2.42863258704684,TIME_LIMIT,83534,0,0,26,0
4,10,720802.0,-6.678810590420426,-2.42863258704684,TIME_LIMIT,83561,0,0,9,0
4,10,721097.0,-6.678810590420426,-2.42863258704684,TIME_LIMIT,83600,0,0,22,0
4,10,721426.0,-6.678810590420426,-2.42863258704684,TIME_LIMIT,83635,0,0,38,0
4,10,721719.0,-6.678810590420426,-2.42863258704684,TIME_LIMIT,83681,0,0,25,0
4,10,722022.0,-6.678810590420426,-2.42863258704684,TIME_LIMIT,83717,0,0,8,0
4,10,722313.0,-6.678115008898683,-2.42863258704684,TIME_LIMIT,83761,0,0,25,0
4,10,722646.0,-6.678115008898683,-2.42863258704684,TIME_LIMIT,83788,0,0,22,0
4,10,722938.0,-6.67783653931113,-2.42863258704684,TIME_LIMIT,83826,0,0,24,0
4,10,723241.0,-6.67783653931113,-2.42863258704684,TIME_LIMIT,83852,0,0,31,0
4,10,723537.0,-6.67783653931113,-2.42863258704684,TIME_LIMIT,83899,0,0,21,0
4,10,723866.0,-6.67783653931113,-2.42863258704684,TIME_LIMIT,83937,0,0,18,0
4,10,724162.0,-6.676703153363553,-2.42863258704684,TIME_LIMIT,83985,0,0,27,0
4,10,724464.0,-6.676703153363553,-2.42863258704684,TIME_LIMIT,84014,0,0,36,0
4,10,724756.0,-6.676701641298069,-2.42863258704684,TIME_LIMIT,84056,0,0,28,0
4,10,725061.0,-6.676701641298069,-2.42863258704684,TIME_LIMIT,84079,0,0,36,0
4,10,725384.0,-6.676701641298069,-2.42863258704684,TIME_LIMIT,84128,0,0,30,0
4,10,725688.0,-6.676701641298069,-2.42863258704684,TIME_LIMIT,84157,0,0,43,0
4,10,725976.0,-6.676701641298069,-2.42863258704684,TIME_LIMIT,84197,0,0,27,0
4,10,726282.0,-6.676701641298069,-2.42863258704684,TIME_LIMIT,84220,0,0,40,0
4,10,726602.0,-6.676701641298069,-2.42863258704684,TIME_LIMIT,84262,0,0,26,0
4,10,726897.0,-6.676701641298069,-2.42863258704684,TIME_LIMIT,84287,0,0,29,0
4,10,727194.0,-6.676701641298069,-2.42863258704684,TIME_LIMIT,84330,0,0,26,0
4,10,727495.0,-6.676701641298069,-2.42863258704684,TIME_LIMIT,84352,0,0,42,0
4,10,727820.0,-6.676701641298069,-2.42863258704684,TIME_LIMIT,84393,0,0,32,0
4,10,728125.0,-6.676701641298069,-2.42863258704684,TIME_LIMIT,84422,0,0,31,0
4,10,728415.0,-6.676701641298069,-2.42863258704684,TIME_LIMIT,84464,0,0,7,0
4,10,728727.0,-6.676701641298069,-2.42863258704684,TIME_LIMIT,84492,0,0,49,0
4,10,729047.0,-6.676701641298069,-2.42863258704684,TIME_LIMIT,84529,0,0,25,0
4,10,729341.0,-6.676701641298069,-2.42863258704684,TIME_LIMIT,84567,0,0,32,0
4,10,729645.0,-6.676701641298069,-2.42863258704684,TIME_LIMIT,84600,0,0,35,0
4,10,729946.0,-6.676701641298069,-2.42863258704684,TIME_LIMIT,84623,0,0,18,0
4,10,730263.0,-6.676701641298069,-2.42863258704684,TIME_LIMIT,84659,0,0,28,0
4,10,730558.0,-6.676701641298069,-2.42863258704684,TIME_LIMIT,84680,0,0,35,0
4,10,730860.0,-6.676701641298069,-2.42863258704684,TIME_LIMIT,84721,0,0,24,0
4,10,731148.0,-6.676701641298069,-2.42863258704684,TIME_LIMIT,84752,0,0,29,0
4,10,731483.0,-6.676701641298069,-2.42863258704684,TIME_LIMIT,84786,0,0,22,0
4,10,731776.0,-6.676701641298069,-2.42863258704684,TIME_LIMIT,84815,0,0,33,0
4,10,732076.0,-6.676701641298069,-2.42863258704684,TIME_LIMIT,84853,0,0,12,0
4,10,732364.0,-6.676701641298069,-2.42863258704684,TIME_LIMIT,84878,0,0,32,0
4,10,732696.0,-6.676701641298069,-2.42863258704684,TIME_LIMIT,84914,0,0,27,0
4,10,732985.0,-6.676701641298069,-2.42863258704684,TIME_LIMIT,84939,0,0,32,0
4,10,733279.0,-6.676701641298069,-2.42863258704684,TIME_LIMIT,84976,0,0,24,0
4,10,733578.0,-6.676701641298069,-2.42863258704684,TIME_LIMIT,85004,0,0,33,0
4,10,733910.0,-6.676701641298069,-2.42863258704684,TIME_LIMIT,85037,0,0,23,0
4,10,734205.0,-6.676701641298069,-2.42863258704684,TIME_LIMIT,85056,0,0,35,0
4,10,734510.0,-6.676701641298069,-2.42863258704684,TIME_LIMIT,85093,0,0,26,0
4,10,734800.0,-6.676701641298069,-2.42863258704684,TIME_LIMIT,85121,0,0,29,0
4,10,735128.0,-6.676701641298069,-2.42863258704684,TIME_LIMIT,85162,0,0,30,0
4,10,735417.0,-6.676701641298069,-2.42863258704684,TIME_LIMIT,85185,0,0,32,0
4,10,735712.0,-6.676701641298069,-2.42863258704684,TIME_LIMIT,85221,0,0,23,0
4,10,736013.0,-6.676701641298069,-2.42863258704684,TIME_LIMIT,85244,0,0,33,0
4,10,736330.0,-6.676701641298069,-2.42863258704684,TIME_LIMIT,85283,0,0,24,0
4,10,736623.0,-6.676701641298069,-2.42863258704684,TIME_LIMIT,85309,0,0,37,0
4,10,736922.0,-6.676701641298069,-2.42863258704684,TIME_LIMIT,85346,0,0,28,0
4,10,737216.0,-6.676701641298069,-2.42863258704684,TIME_LIMIT,85366,0,0,23,0
4,10,737543.0,-6.676701641298069,-2.42863258704684,TIME_LIMIT,85404,0,0,23,0
4,10,737835.0,-6.676701641298069,-2.42863258704684,TIME_LIMIT,85421,0,0,34,0
4,10,738135.0,-6.676701641298069,-2.42863258704684,TIME_LIMIT,85459,0,0,24,0
4,10,738427.0,-6.676701641298069,-2.42863258704684,TIME_LIMIT,85483,0,0,37,0
4,10,738756.0,-6.676701641298069,-2.42863258704684,TIME_LIMIT,85523,0,0,21,0
4,10,739051.0,-6.676701641298069,-2.42863258704684,TIME_LIMIT,85545,0,0,35,0
4,10,739352.0,-6.676701641298069,-2.42863258704684,TIME_LIMIT,85588,0,0,24,0
4,10,739640.0,-6.676701641298069,-2.42863258704684,TIME_LIMIT,85614,0,0,40,0
4,10,739969.0,-6.676701641298069,-2.42863258704684,TIME_LIMIT,85652,0,0,26,0
4,10,740261.0,-6.676701641298069,-2.42863258704684,TIME_LIMIT,85671,0,0,29,0
4,10,740562.0,-6.676701641298069,-2.42863258704684,TIME_LIMIT,85711,0,0,27,0
4,10,740853.0,-6.676701641298069,-2.42863258704684,TIME_LIMIT,85728,0,0,36,0
4,10,741183.0,-6.676701641298069,-2.42863258704684,TIME_LIMIT,85766,0,0,15,0
4,10,741474.0,-6.676701641298069,-2.42863258704684,TIME_LIMIT,85784,0,0,26,0
4,10,741775.0,-6.676701641298069,-2.42863258704684,TIME_LIMIT,85821,0,0,23,0
4,10,742073.0,-6.676701641298069,-2.42863258704684,TIME_LIMIT,85844,0,0,24,0
4,10,742405.0,-6.676701641298069,-2.42863258704684,TIME_LIMIT,85870,0,0,23,0
4,10,742700.0,-6.676701641298069,-2.42863258704684,TIME_LIMIT,85896,0,0,29,0
4,10,743001.0,-6.676701641298069,-2.42863258704684,TIME_LIMIT,85925,0,0,21,0
4,10,743294.0,-6.676701641298069,-2.42863258704684,TIME_LIMIT,85948,0,0,13,0
4,10,743622.0,-6.676701641298069,-2.42863258704684,TIME_LIMIT,85990,0,0,24,0
4,10,743917.0,-6.676701641298069,-2.42863258704684,TIME_LIMIT,86015,0,0,34,0
4,10,744209.0,-6.676701641298069,-2.42863258704684,TIME_LIMIT,86049,0,0,26,0
4,10,744513.0,-6.676701641298069,-2.42863258704684,TIME_LIMIT,86079,0,0,24,0
4,10,744812.0,-6.676701641298069,-2.42863258704684,TIME_LIMIT,86107,0,0,20,0
4,10,745131.0,-6.676701641298069,-2.42863258704684,TIME_LIMIT,86132,0,0,26,0
4,10,745426.0,-6.676701641298069,-2.42863258704684,TIME_LIMIT,86164,0,0,24,0
4,10,745728.0,-6.676701641298069,-2.42863258704684,TIME_LIMIT,86182,0,0,29,0
4,10,746036.0,-6.676501554910738,-2.42863258704684,TIME_LIMIT,86211,0,0,11,0
4,10,746383.0,-6.676501554910738,-2.42863258704684,TIME_LIMIT,86237,0,0,14,0
4,10,746685.0,-6.676184183606951,-2.42863258704684,TIME_LIMIT,86275,0,0,23,0
4,10,746980.0,-6.676184183606951,-2.42863258704684,TIME_LIMIT,86303,0,0,29,0
4,10,747275.0,-6.675967704089965,-2.42863258704684,TIME_LIMIT,86360,0,0,27,0
4,10,747602.0,-6.675967704089965,-2.42863258704684,TIME_LIMIT,86380,0,0,25,0
4,10,747896.0,-6.675967704089965,-2.42863258704684,TIME_LIMIT,86425,0,0,24,0
4,10,748200.0,-6.675967704089965,-2.42863258704684,TIME_LIMIT,86450,0,0,28,0
4,10,748490.0,-6.6752030216332034,-2.42863258704684,TIME_LIMIT,86486,0,0,22,0
4,10,748810.0,-6.6752030216332034,-2.42863258704684,TIME_LIMIT,86513,0,0,35,0
4,10,749104.0,-6.6752030216332034,-2.42863258704684,TIME_LIMIT,86551,0,0,25,0
4,10,749405.0,-6.6752030216332034,-2.42863258704684,TIME_LIMIT,86574,0,0,29,0
4,10,749700.0,-6.6752030216332034,-2.42863258704684,TIME_LIMIT,86611,0,0,28,0
4,10,750050.0,-6.6752030216332034,-2.42863258704684,TIME_LIMIT,86638,0,0,32,0
4,10,750362.0,-6.6752030216332034,-2.42863258704684,TIME_LIMIT,86671,0,0,22,0
4,10,750666.0,-6.6752030216332034,-2.42863258704684,TIME_LIMIT,86691,0,0,24,0
4,10,750958.0,-6.6752030216332034,-2.42863258704684,TIME_LIMIT,86731,0,0,25,0
4,10,751288.0,-6.6752030216332034,-2.42863258704684,TIME_LIMIT,86759,0,0,38,0
4,10,751579.0,-6.6752030216332034,-2.42863258704684,TIME_LIMIT,86796,0,0,26,0
4,10,751883.0,-6.6752030216332034,-2.42863258704684,TIME_LIMIT,86820,0,0,25,0
4,10,752176.0,-6.6752030216332034,-2.42863258704684,TIME_LIMIT,86852,0,0,25,0
4,10,752504.0,-6.6752030216332034,-2.42863258704684,TIME_LIMIT,86874,0,0,33,0
4,10,752800.0,-6.6752030216332034,-2.42863258704684,TIME_LIMIT,86910,0,0,24,0
4,10,753106.0,-6.6752030216332034,-2.42863258704684,TIME_LIMIT,86938,0,0,31,0
4,10,753397.0,-6.6752030216332034,-2.42863258704684,TIME_LIMIT,86977,0,0,26,0
4,10,753737.0,-6.6752030216332034,-2.42863258704684,TIME_LIMIT,87002,0,0,29,0
4,10,754035.0,-6.675134133855362,-2.42863258704684,TIME_LIMIT,87038,0,0,27,0
4,10,754379.0,-6.675134133855362,-2.42863258704684,TIME_LIMIT,87061,0,0,32,0
4,10,754671.0,-6.675134133855362,-2.42863258704684,TIME_LIMIT,87103,0,0,28,0
4,10,755006.0,-6.675134133855362,-2.42863258704684,TIME_LIMIT,87139,0,0,43,0
4,10,755294.0,-6.6749078576721255,-2.42863258704684,TIME_LIMIT,87184,0,0,27,0
4,10,755608.0,-6.6749078576721255,-2.42863258704684,TIME_LIMIT,87212,0,0,25,0
4,10,755920.0,-6.674321972001808,-2.42863258704684,TIME_LIMIT,87256,0,0,18,0
4,10,756250.0,-6.674321972001808,-2.42863258704684,TIME_LIMIT,87293,0,0,35,0
4,10,756540.0,-6.673886595512474,-2.42863258704684,TIME_LIMIT,87345,0,0,30,0
4,10,756845.0,-6.673886595512474,-2.42863258704684,TIME_LIMIT,87376,0,0,23,0
4,10,757136.0,-6.673528551910222,-2.42863258704684,TIME_LIMIT,87418,0,0,21,0
4,10,757441.0,-6.673528551910222,-2.42863258704684,TIME_LIMIT,87452,0,0,22,0
4,10,757763.0,-6.673300815943733,-2.42863258704684,TIME_LIMIT,87486,0,0,23,0
4,10,758068.0,-6.673300815943733,-2.42863258704684,TIME_LIMIT,87505,0,0,30,0
4,10,758376.0,-6.673300815943733,-2.42863258704684,TIME_LIMIT,87537,0,0,21,0
4,10,758668.0,-6.673300815943733,-2.42863258704684,TIME_LIMIT,87557,0,0,27,0
4,10,758990.0,-6.673257311323912,-2.42863258704684,TIME_LIMIT,87595,0,0,27,0
4,10,759283.0,-6.673257311323912,-2.42863258704684,TIME_LIMIT,87612,0,0,24,0
4,10,759584.0,-6.673257311323912,-2.42863258704684,TIME_LIMIT,87654,0,0,26,0
4,10,759878.0,-6.673257311323912,-2.42863258704684,TIME_LIMIT,87672,0,0,24,0
4,10,760209.0,-6.673169286721951,-2.42863258704684,TIME_LIMIT,87711,0,0,23,0
4,10,760500.0,-6.673169286721951,-2.42863258704684,TIME_LIMIT,87737,0,0,32,0
4,10,760804.0,-6.673169286721951,-2.42863258704684,TIME_LIMIT,87775,0,0,27,0
4,10,761091.0,-6.673169286721951,-2.42863258704684,TIME_LIMIT,87796,0,0,24,0
4,10,761424.0,-6.672015913751853,-2.42863258704684,TIME_LIMIT,87839,0,0,28,0
4,10,761714.0,-6.672015913751853,-2.42863258704684,TIME_LIMIT,87857,0,0,31,0
4,10,762019.0,-6.672015913751853,-2.42863258704684,TIME_LIMIT,87891,0,0,25,0
4,10,762310.0,-6.672015913751853,-2.42863258704684,TIME_LIMIT,87915,0,0,30,0
4,10,762642.0,-6.672015913751853,-2.42863258704684,TIME_LIMIT,87955,0,0,28,0
4,10,762934.0,-6.672015913751853,-2.42863258704684,TIME_LIMIT,87979,0,0,13,0
4,10,763236.0,-6.67196068637619,-2.42863258704684,TIME_LIMIT,88016,0,0,27,0
4,10,763528.0,-6.67196068637619,-2.42863258704684,TIME_LIMIT,88042,0,0,43,0
4,10,763859.0,-6.67196068637619,-2.42863258704684,TIME_LIMIT,88088,0,0,24,0
4,10,764164.0,-6.67196068637619,-2.42863258704684,TIME_LIMIT,88119,0,0,45,0
4,10,764458.0,-6.67196068637619,-2.42863258704684,TIME_LIMIT,88164,0,0,17,0
4,10,764762.0,-6.67196068637619,-2.42863258704684,TIME_LIMIT,88190,0,0,46,0
4,10,765094.0,-6.671102779211061,-2.42863258704684,TIME_LIMIT,88228,0,0,23,0
4,10,765388.0,-6.671102779211061,-2.42863258704684,TIME_LIMIT,88255,0,0,30,0
4,10,765688.0,-6.671102779211061,-2.42863258704684,TIME_LIMIT,88299,0,0,22,0
4,10,765979.0,-6.671102779211061,-2.42863258704684,TIME_LIMIT,88323,0,0,33,0
4,10,766305.0,-6.670288765071625,-2.42863258704684,TIME_LIMIT,88360,0,0,20,0
4,10,766603.0,-6.670288765071625,-2.42863258704684,TIME_LIMIT,88390,0,0,36,0
4,10,766909.0,-6.670288765071625,-2.42863258704684,TIME_LIMIT,88442,0,0,29,0
4,10,767207.0,-6.670288765071625,-2.42863258704684,TIME_LIMIT,88472,0,0,30,0
4,10,767537.0,-6.670288765071625,-2.42863258704684,TIME_LIMIT,88519,0,0,7,0
4,10,767830.0,-6.670288765071625,-2.42863258704684,TIME_LIMIT,88558,0,0,23,0
4,10,768132.0,-6.670288765071625,-2.42863258704684,TIME_LIMIT,88599,0,0,28,0
4,10,768424.0,-6.670288765071625,-2.42863258704684,TIME_LIMIT,88642,0,0,28,0
4,10,768725.0,-6.670288765071625,-2.42863258704684,TIME_LIMIT,88672,0,0,32,0
4,10,769065.0,-6.670288765071625,-2.42863258704684,TIME_LIMIT,88698,0,0,31,0
4,10,769361.0,-6.670288765071625,-2.42863258704684,TIME_LIMIT,88750,0,0,31,0
4,10,769664.0,-6.670288765071625,-2.42863258704684,TIME_LIMIT,88776,0,0,24,0
4,10,769957.0,-6.670288765071625,-2.42863258704684,TIME_LIMIT,88817,0,0,27,0
4,10,770298.0,-6.670288765071625,-2.42863258704684,TIME_LIMIT,88841,0,0,32,0
4,10,770592.0,-6.670288765071625,-2.42863258704684,TIME_LIMIT,88882,0,0,21,0
4,10,770899.0,-6.670288765071625,-2.42863258704684,TIME_LIMIT,88914,0,0,31,0
4,10,771199.0,-6.670288765071625,-2.42863258704684,TIME_LIMIT,88952,0,0,35,0
4,10,771520.0,-6.670288765071625,-2.42863258704684,TIME_LIMIT,88983,0,0,25,0
4,10,771810.0,-6.670288765071625,-2.42863258704684,TIME_LIMIT,89030,0,0,17,0
4,10,772117.0,-6.670288765071625,-2.42863258704684,TIME_LIMIT,89058,0,0,44,0
4,10,772407.0,-6.670288765071625,-2.42863258704684,TIME_LIMIT,89101,0,0,23,0
4,10,772742.0,-6.670288765071625,-2.42863258704684,TIME_LIMIT,89124,0,0,39,0
4,10,773033.0,-6.670288765071625,-2.42863258704684,TIME_LIMIT,89168,0,0,22,0
4,10,773338.0,-6.670288765071625,-2.42863258704684,TIME_LIMIT,89202,0,0,31,0
4,10,773631.0,-6.670288765071625,-2.42863258704684,TIME_LIMIT,89243,0,0,26,0
4,10,773962.0,-6.670288765071625,-2.42863258704684,TIME_LIMIT,89269,0,0,39,0
4,10,774272.0,-6.670288765071625,-2.42863258704684,TIME_LIMIT,89309,0,0,28,0
4,10,774576.0,-6.670288765071625,-2.42863258704684,TIME_LIMIT,89336,0,0,12,0
4,10,774866.0,-6.670288765071625,-2.42863258704684,TIME_LIMIT,89375,0,0,22,0
4,10,775200.0,-6.670288765071625,-2.42863258704684,TIME_LIMIT,89402,0,0,38,0
4,10,775494.0,-6.670288765071625,-2.42863258704684,TIME_LIMIT,89443,0,0,19,0
4,10,775797.0,-6.670288765071625,-2.42863258704684,TIME_LIMIT,89488,0,0,33,0
4,10,776088.0,-6.670288765071625,-2.42863258704684,TIME_LIMIT,89512,0,0,23,0
4,10,776423.0,-6.670288765071625,-2.42863258704684,TIME_LIMIT,89537,0,0,29,0
4,10,776720.0,-6.670288765071625,-2.42863258704684,TIME_LIMIT,89578,0,0,21,0
4,10,777015.0,-6.670288765071625,-2.42863258704684,TIME_LIMIT,89601,0,0,41,0
4,10,777306.0,-6.670288765071625,-2.42863258704684,TIME_LIMIT,89644,0,0,27,0
4,10,777608.0,-6.670288765071625,-2.42863258704684,TIME_LIMIT,89676,0,0,20,0
4,10,777929.0,-6.670288765071625,-2.42863258704684,TIME_LIMIT,89715,0,0,29,0
4,10,778228.0,-6.670288765071625,-2.42863258704684,TIME_LIMIT,89734,0,0,28,0
4,10,778529.0,-6.670288765071625,-2.42863258704684,TIME_LIMIT,89778,0,0,26,0
4,10,778826.0,-6.670288765071625,-2.42863258704684,TIME_LIMIT,89801,0,0,29,0
4,10,779149.0,-6.670288765071625,-2.42863258704684,TIME_LIMIT,89835,0,0,22,0
4,10,779447.0,-6.670288765071625,-2.42863258704684,TIME_LIMIT,89857,0,0,28,0
4,10,779752.0,-6.670288765071625,-2.42863258704684,TIME_LIMIT,89896,0,0,26,0
4,10,780045.0,-6.670288765071625,-2.42863258704684,TIME_LIMIT,89926,0,0,23,0
4,10,780377.0,-6.670288765071625,-2.42863258704684,TIME_LIMIT,89966,0,0,13,0
4,10,780671.0,-6.670288765071625,-2.42863258704684,TIME_LIMIT,89997,0,0,30,0
4,10,780973.0,-6.670288765071625,-2.42863258704684,TIME_LIMIT,90028,0,0,20,0
4,10,781264.0,-6.670288765071625,-2.42863258704684,TIME_LIMIT,90051,0,0,28,0
4,10,781596.0,-6.670257719023956,-2.42863258704684,TIME_LIMIT,90088,0,0,25,0
4,10,781893.0,-6.670257719023956,-2.42863258704684,TIME_LIMIT,90110,0,0,28,0
4,10,782199.0,-6.670257719023956,-2.42863258704684,TIME_LIMIT,90155,0,0,26,0
4,10,782492.0,-6.670257719023956,-2.42863258704684,TIME_LIMIT,90187,0,0,34,0
4,10,782823.0,-6.670257719023956,-2.42863258704684,TIME_LIMIT,90241,0,0,28,0
4,10,783118.0,-6.670257719023956,-2.42863258704684,TIME_LIMIT,90262,0,0,11,0
4,10,783422.0,-6.670257719023956,-2.42863258704684,TIME_LIMIT,90307,0,0,28,0
4,10,783714.0,-6.670257719023956,-2.42863258704684,TIME_LIMIT,90330,0,0,32,0
4,10,784047.0,-6.670257719023956,-2.42863258704684,TIME_LIMIT,90378,0,0,28,0
4,10,784340.0,-6.670257719023956,-2.42863258704684,TIME_LIMIT,90414,0,0,18,0
4,10,784668.0,-6.670257719023956,-2.42863258704684,TIME_LIMIT,90444,0,0,35,0
4,10,784983.0,-6.670257719023956,-2.42863258704684,TIME_LIMIT,90465,0,0,22,0
4,10,785287.0,-6.670257719023956,-2.42863258704684,TIME_LIMIT,90511,0,0,27,0
4,10,785630.0,-6.670257719023956,-2.42863258704684,TIME_LIMIT,90533,0,0,34,0
4,10,785922.0,-6.670257719023956,-2.42863258704684,TIME_LIMIT,90576,0,0,20,0
4,10,786233.0,-6.670257719023956,-2.42863258704684,TIME_LIMIT,90607,0,0,30,0
4,10,786536.0,-6.670257719023956,-2.42863258704684,TIME_LIMIT,90639,0,0,21,0
4,10,786861.0,-6.670257719023956,-2.42863258704684,TIME_LIMIT,90660,0,0,34,0
4,10,787155.0,-6.670257719023956,-2.42863258704684,TIME_LIMIT,90704,0,0,24,0
4,10,787461.0,-6.670257719023956,-2.42863258704684,TIME_LIMIT,90737,0,0,29,0
4,10,787752.0,-6.670257719023956,-2.42863258704684,TIME_LIMIT,90771,0,0,30,0
4,10,788083.0,-6.670257719023956,-2.42863258704684,TIME_LIMIT,90794,0,0,29,0
4,10,788378.0,-6.670257719023956,-2.42863258704684,TIME_LIMIT,90842,0,0,27,0
4,10,788684.0,-6.670257719023956,-2.42863258704684,TIME_LIMIT,90868,0,0,34,0
4,10,788972.0,-6.670257719023956,-2.42863258704684,TIME_LIMIT,90909,0,0,25,0
4,10,789307.0,-6.670257719023956,-2.42863258704684,TIME_LIMIT,90938,0,0,16,0
4,10,789606.0,-6.670257719023956,-2.42863258704684,TIME_LIMIT,90976,0,0,23,0
4,10,789905.0,-6.670257719023956,-2.42863258704684,TIME_LIMIT,91000,0,0,27,0
4,10,790213.0,-6.670257719023956,-2.42863258704684,TIME_LIMIT,91039,0,0,26,0
4,10,790558.0,-6.670257719023956,-2.42863258704684,TIME_LIMIT,91070,0,0,28,0
4,10,790851.0,-6.670257719023956,-2.42863258704684,TIME_LIMIT,91111,0,0,26,0
4,10,791157.0,-6.670257719023956,-2.42863258704684,TIME_LIMIT,91141,0,0,10,0
4,10,791448.0,-6.670257719023956,-2.42863258704684,TIME_LIMIT,91181,0,0,28,0
4,10,791780.0,-6.670257719023956,-2.42863258704684,TIME_LIMIT,91210,0,0,30,0
4,10,792074.0,-6.670257719023956,-2.42863258704684,TIME_LIMIT,91254,0,0,24,0
4,10,792377.0,-6.670257719023956,-2.42863258704684,TIME_LIMIT,91289,0,0,32,0
4,10,792668.0,-6.670257719023956,-2.42863258704684,TIME_LIMIT,91324,0,0,33,0
4,10,792969.0,-6.670257719023956,-2.42863258704684,TIME_LIMIT,91353,0,0,14,0
4,10,793294.0,-6.670257719023956,-2.42863258704684,TIME_LIMIT,91390,0,0,21,0
4,10,793593.0,-6.670257719023956,-2.42863258704684,TIME_LIMIT,91421,0,0,31,0
4,10,793891.0,-6.670257719023956,-2.42863258704684,TIME_LIMIT,91464,0,0,25,0
4,10,794195.0,-6.670257719023956,-2.42863258704684,TIME_LIMIT,91495,0,0,33,0
4,10,794554.0,-6.670257719023956,-2.42863258704684,TIME_LIMIT,91531,0,0,26,0
4,10,794849.0,-6.670257719023956,-2.42863258704684,TIME_LIMIT,91556,0,0,29,0
4,10,795154.0,-6.670257719023956,-2.42863258704684,TIME_LIMIT,91598,0,0,18,0
4,10,795447.0,-6.670257719023956,-2.42863258704684,TIME_LIMIT,91635,0,0,29,0
4,10,795768.0,-6.670257719023956,-2.42863258704684,TIME_LIMIT,91660,0,0,37,0
4,10,796063.0,-6.670257719023956,-2.42863258704684,TIME_LIMIT,91684,0,0,33,0
4,10,796367.0,-6.670257719023956,-2.42863258704684,TIME_LIMIT,91727,0,0,23,0
4,10,796662.0,-6.670257719023956,-2.42863258704684,TIME_LIMIT,91751,0,0,33,0
4,10,796996.0,-6.670257719023956,-2.42863258704684,TIME_LIMIT,91796,0,0,10,0
4,10,797292.0,-6.670257719023956,-2.42863258704684,TIME_LIMIT,91818,0,0,27,0
4,10,797595.0,-6.670257719023956,-2.42863258704684,TIME_LIMIT,91859,0,0,15,0
4,10,797898.0,-6.670257719023956,-2.42863258704684,TIME_LIMIT,91879,0,0,35,0
4,10,798236.0,-6.670257719023956,-2.42863258704684,TIME_LIMIT,91917,0,0,25,0
4,10,798567.0,-6.670257719023956,-2.42863258704684,TIME_LIMIT,91941,0,0,24,0
4,10,798867.0,-6.670257719023956,-2.42863258704684,TIME_LIMIT,91984,0,0,15,0
4,10,799161.0,-6.670257719023956,-2.42863258704684,TIME_LIMIT,92008,0,0,34,0
4,10,799463.0,-6.670257719023956,-2.42863258704684,TIME_LIMIT,92050,0,0,28,0
4,10,799798.0,-6.670257719023956,-2.42863258704684,TIME_LIMIT,92073,0,0,24,0
4,10,800089.0,-6.670257719023956,-2.42863258704684,TIME_LIMIT,92111,0,0,21,0
4,10,800392.0,-6.670257719023956,-2.42863258704684,TIME_LIMIT,92141,0,0,35,0
4,10,800690.0,-6.670257719023956,-2.42863258704684,TIME_LIMIT,92182,0,0,27,0
4,10,801021.0,-6.670257719023956,-2.42863258704684,TIME_LIMIT,92206,0,0,37,0
4,10,801314.0,-6.670257719023956,-2.42863258704684,TIME_LIMIT,92243,0,0,24,0
4,10,801616.0,-6.670257719023956,-2.42863258704684,TIME_LIMIT,92267,0,0,30,0
4,10,801909.0,-6.670257719023956,-2.42863258704684,TIME_LIMIT,92308,0,0,24,0
4,10,802250.0,-6.670257719023956,-2.42863258704684,TIME_LIMIT,92337,0,0,25,0
4,10,802552.0,-6.670257719023956,-2.42863258704684,TIME_LIMIT,92375,0,0,11,0
4,10,802854.0,-6.670257719023956,-2.42863258704684,TIME_LIMIT,92399,0,0,21,0
4,10,803150.0,-6.670257719023956,-2.42863258704684,TIME_LIMIT,92444,0,0,24,0
4,10,803480.0,-6.670257719023956,-2.42863258704684,TIME_LIMIT,92469,0,0,28,0
4,10,803776.0,-6.670257719023956,-2.42863258704684,TIME_LIMIT,92508,0,0,24,0
4,10,804083.0,-6.670257719023956,-2.42863258704684,TIME_LIMIT,92537,0,0,28,0
4,10,804375.0,-6.670257719023956,-2.42863258704684,TIME_LIMIT,92576,0,0,23,0
4,10,804702.0,-6.670257719023956,-2.42863258704684,TIME_LIMIT,92608,0,0,28,0
4,10,805000.0,-6.670257719023956,-2.42863258704684,TIME_LIMIT,92637,0,0,31,0
4,10,805307.0,-6.670257719023956,-2.42863258704684,TIME_LIMIT,92661,0,0,30,0
4,10,805600.0,-6.670257719023956,-2.42863258704684,TIME_LIMIT,92699,0,0,22,0
4,10,805898.0,-6.670257719023956,-2.42863258704684,TIME_LIMIT,92725,0,0,27,0
4,10,806218.0,-6.669760338499243,-2.42863258704684,TIME_LIMIT,92756,0,0,11,0
4,10,806511.0,-6.669760338499243,-2.42863258704684,TIME_LIMIT,92781,0,0,23,0
4,10,806819.0,-6.669760338499243,-2.42863258704684,TIME_LIMIT,92830,0,0,21,0
4,10,807111.0,-6.669760338499243,-2.42863258704684,TIME_LIMIT,92864,0,0,26,0
4,10,807441.0,-6.669744447600452,-2.42863258704684,TIME_LIMIT,92902,0,0,21,0
4,10,807736.0,-6.669744447600452,-2.42863258704684,TIME_LIMIT,92923,0,0,33,0
4,10,808041.0,-6.669744447600452,-2.42863258704684,TIME_LIMIT,92953,0,0,19,0
4,10,808335.0,-6.669744447600452,-2.42863258704684,TIME_LIMIT,92982,0,0,29,0
4,10,808659.0,-6.669014290803057,-2.42863258704684,TIME_LIMIT,93012,0,0,22,0
4,10,808958.0,-6.669014290803057,-2.42863258704684,TIME_LIMIT,93048,0,0,22,0
4,10,809265.0,-6.668917215217456,-2.42863258704684,TIME_LIMIT,93093,0,0,25,0
4,10,809554.0,-6.668917215217456,-2.42863258704684,TIME_LIMIT,93107,0,0,22,0
4,10,809892.0,-6.668917215217456,-2.42863258704684,TIME_LIMIT,93138,0,0,25,0
4,10,810186.0,-6.668917215217456,-2.42863258704684,TIME_LIMIT,93161,0,0,28,0
4,10,810489.0,-6.668917215217456,-2.42863258704684,TIME_LIMIT,93187,0,0,24,0
4,10,810779.0,-6.668917215217456,-2.42863258704684,TIME_LIMIT,93204,0,0,30,0
4,10,811109.0,-6.668917215217456,-2.42863258704684,TIME_LIMIT,93235,0,0,24,0
4,10,811403.0,-6.668917215217456,-2.42863258704684,TIME_LIMIT,93254,0,0,31,0
4,10,811706.0,-6.668917215217456,-2.42863258704684,TIME_LIMIT,93283,0,0,16,0
4,10,811996.0,-6.668917215217456,-2.42863258704684,TIME_LIMIT,93299,0,0,24,0
4,10,812324.0,-6.668562373585601,-2.42863258704684,TIME_LIMIT,93326,0,0,18,0
4,10,812644.0,-6.668562373585601,-2.42863258704684,TIME_LIMIT,93346,0,0,18,0
4,10,812948.0,-6.666991958932281,-2.42863258704684,TIME_LIMIT,93392,0,0,22,0
4,10,813240.0,-6.666991958932281,-2.42863258704684,TIME_LIMIT,93421,0,0,23,0
4,10,813536.0,-6.666991958932281,-2.42863258704684,TIME_LIMIT,93458,0,0,27,0
4,10,813864.0,-6.666991958932281,-2.42863258704684,TIME_LIMIT,93489,0,0,13,0
4,10,814153.0,-6.666991958932281,-2.42863258704684,TIME_LIMIT,93521,0,0,23,0
4,10,814462.0,-6.666991958932281,-2.42863258704684,TIME_LIMIT,93555,0,0,30,0
4,10,814753.0,-6.666991958932281,-2.42863258704684,TIME_LIMIT,93582,0,0,32,0
4,10,815084.0,-6.666991958932281,-2.42863258704684,TIME_LIMIT,93602,0,0,25,0
4,10,815375.0,-6.666991958932281,-2.42863258704684,TIME_LIMIT,93640,0,0,22,0
4,10,815680.0,-6.666991958932281,-2.42863258704684,TIME_LIMIT,93665,0,0,29,0
4,10,815973.0,-6.666991958932281,-2.42863258704684,TIME_LIMIT,93704,0,0,24,0
4,10,816307.0,-6.666991958932281,-2.42863258704684,TIME_LIMIT,93726,0,0,33,0
4,10,816599.0,-6.666991958932281,-2.42863258704684,TIME_LIMIT,93762,0,0,22,0
4,10,816905.0,-6.666991958932281,-2.42863258704684,TIME_LIMIT,93782,0,0,31,0
4,10,817194.0,-6.666934876091579,-2.42863258704684,TIME_LIMIT,93818,0,0,24,0
4,10,817536.0,-6.666934876091579,-2.42863258704684,TIME_LIMIT,93844,0,0,29,0
4,10,817833.0,-6.666776347920493,-2.42863258704684,TIME_LIMIT,93881,0,0,24,0
4,10,818137.0,-6.666776347920493,-2.42863258704684,TIME_LIMIT,93902,0,0,38,0
4,10,818431.0,-6.666460835806335,-2.42863258704684,TIME_LIMIT,93941,0,0,21,0
4,10,818732.0,-6.666460835806335,-2.42863258704684,TIME_LIMIT,93966,0,0,45,0
4,10,819058.0,-6.666414948137479,-2.42863258704684,TIME_LIMIT,94020,0,0,32,0
4,10,819354.0,-6.666414948137479,-2.42863258704684,TIME_LIMIT,94047,0,0,26,0
4,10,819660.0,-6.666131765468059,-2.42863258704684,TIME_LIMIT,94089,0,0,24,0
4,10,819969.0,-6.666131765468059,-2.42863258704684,TIME_LIMIT,94123,0,0,31,0
4,10,820300.0,-6.666131765468059,-2.42863258704684,TIME_LIMIT,94172,0,0,30,0
4,10,820597.0,-6.666131765468059,-2.42863258704684,TIME_LIMIT,94200,0,0,29,0
4,10,820904.0,-6.666041482399878,-2.42863258704684,TIME_LIMIT,94247,0,0,21,0
4,10,821197.0,-6.666041482399878,-2.42863258704684,TIME_LIMIT,94279,0,0,25,0
4,10,821527.0,-6.666041482399878,-2.42863258704684,TIME_LIMIT,94323,0,0,6,0
4,10,821818.0,-6.666041482399878,-2.42863258704684,TIME_LIMIT,94361,0,0,25,0
4,10,822125.0,-6.665647371662747,-2.42863258704684,TIME_LIMIT,94388,0,0,25,0
4,10,822428.0,-6.665647371662747,-2.42863258704684,TIME_LIMIT,94408,0,0,25,0
4,10,822746.0,-6.665433624749046,-2.42863258704684,TIME_LIMIT,94446,0,0,24,0
4,10,823042.0,-6.665433624749046,-2.42863258704684,TIME_LIMIT,94476,0,0,30,0
4,10,823343.0,-6.665433624749046,-2.42863258704684,TIME_LIMIT,94519,0,0,21,0
4,10,823644.0,-6.665433624749046,-2.42863258704684,TIME_LIMIT,94550,0,0,24,0
4,10,823971.0,-6.665171259253679,-2.42863258704684,TIME_LIMIT,94591,0,0,22,0
4,10,824264.0,-6.665171259253679,-2.42863258704684,TIME_LIMIT,94624,0,0,25,0
4,10,824566.0,-6.664788380905165,-2.42863258704684,TIME_LIMIT,94663,0,0,18,0
4,10,824870.0,-6.664788380905165,-2.42863258704684,TIME_LIMIT,94690,0,0,34,0
4,10,825165.0,-6.664579002686246,-2.42863258704684,TIME_LIMIT,94732,0,0,24,0
4,10,825493.0,-6.664579002686246,-2.42863258704684,TIME_LIMIT,94761,0,0,28,0
4,10,825787.0,-6.664579002686246,-2.42863258704684,TIME_LIMIT,94806,0,0,13,0
4,10,826089.0,-6.664579002686246,-2.42863258704684,TIME_LIMIT,94836,0,0,29,0
4,10,826380.0,-6.664579002686246,-2.42863258704684,TIME_LIMIT,94870,0,0,25,0
4,10,826714.0,-6.664579002686246,-2.42863258704684,TIME_LIMIT,94901,0,0,31,0
4,10,827010.0,-6.664579002686246,-2.42863258704684,TIME_LIMIT,94942,0,0,23,0
4,10,827313.0,-6.664579002686246,-2.42863258704684,TIME_LIMIT,94963,0,0,24,0
4,10,827606.0,-6.664579002686246,-2.42863258704684,TIME_LIMIT,95004,0,0,24,0
4,10,827933.0,-6.664579002686246,-2.42863258704684,TIME_LIMIT,95023,0,0,29,0
4,10,828223.0,-6.664561725963662,-2.42863258704684,TIME_LIMIT,95062,0,0,22,0
4,10,828531.0,-6.664561725963662,-2.42863258704684,TIME_LIMIT,95100,0,0,20,0
4,10,828826.0,-6.66448603009156,-2.42863258704684,TIME_LIMIT,95145,0,0,29,0
4,10,829159.0,-6.66448603009156,-2.42863258704684,TIME_LIMIT,95180,0,0,40,0
4,10,829452.0,-6.664482373236715,-2.42863258704684,TIME_LIMIT,95229,0,0,30,0
4,10,829760.0,-6.664482373236715,-2.42863258704684,TIME_LIMIT,95268,0,0,28,0
4,10,830052.0,-6.664453781031588,-2.42863258704684,TIME_LIMIT,95298,0,0,36,0
4,10,830356.0,-6.664453781031588,-2.42863258704684,TIME_LIMIT,95331,0,0,31,0
4,10,830701.0,-6.664438150266228,-2.42863258704684,TIME_LIMIT,95374,0,0,25,0
4,10,830996.0,-6.664438150266228,-2.42863258704684,TIME_LIMIT,95404,0,0,28,0
4,10,831303.0,-6.664438150266228,-2.42863258704684,TIME_LIMIT,95440,0,0,13,0
4,10,831594.0,-6.664438150266228,-2.42863258704684,TIME_LIMIT,95465,0,0,27,0
4,10,831928.0,-6.664438150266228,-2.42863258704684,TIME_LIMIT,95511,0,0,29,0
4,10,832223.0,-6.664438150266228,-2.42863258704684,TIME_LIMIT,95540,0,0,36,0
4,10,832529.0,-6.664438150266228,-2.42863258704684,TIME_LIMIT,95585,0,0,23,0
4,10,832815.0,-6.664438150266228,-2.42863258704684,TIME_LIMIT,95609,0,0,24,0
4,10,833152.0,-6.663977429741289,-2.42863258704684,TIME_LIMIT,95646,0,0,15,0
4,10,833452.0,-6.663977429741289,-2.42863258704684,TIME_LIMIT,95667,0,0,30,0
4,10,833760.0,-6.6637961050286325,-2.42863258704684,TIME_LIMIT,95704,0,0,23,0
4,10,834064.0,-6.6637961050286325,-2.42863258704684,TIME_LIMIT,95734,0,0,39,0
4,10,834415.0,-6.6637961050286325,-2.42863258704684,TIME_LIMIT,95784,0,0,30,0
4,10,834723.0,-6.6637961050286325,-2.42863258704684,TIME_LIMIT,95807,0,0,35,0
4,10,835032.0,-6.6637961050286325,-2.42863258704684,TIME_LIMIT,95854,0,0,24,0
4,10,835336.0,-6.6637961050286325,-2.42863258704684,TIME_LIMIT,95884,0,0,41,0
4,10,835631.0,-6.663019363730794,-2.42863258704684,TIME_LIMIT,95926,0,0,27,0
4,10,835964.0,-6.663019363730794,-2.42863258704684,TIME_LIMIT,95953,0,0,27,0
4,10,836258.0,-6.663019363730794,-2.42863258704684,TIME_LIMIT,95995,0,0,19,0
4,10,836563.0,-6.663019363730794,-2.42863258704684,TIME_LIMIT,96025,0,0,25,0
4,10,836854.0,-6.663019363730794,-2.42863258704684,TIME_LIMIT,96065,0,0,16,0
4,10,837185.0,-6.663019363730794,-2.42863258704684,TIME_LIMIT,96096,0,0,25,0
4,10,837476.0,-6.663019363730794,-2.42863258704684,TIME_LIMIT,96135,0,0,12,0
4,10,837775.0,-6.663019363730794,-2.42863258704684,TIME_LIMIT,96162,0,0,27,0
4,10,838068.0,-6.663019363730794,-2.42863258704684,TIME_LIMIT,96197,0,0,19,0
4,10,838409.0,-6.663019363730794,-2.42863258704684,TIME_LIMIT,96226,0,0,26,0
4,10,838720.0,-6.663019363730794,-2.42863258704684,TIME_LIMIT,96261,0,0,17,0
4,10,839024.0,-6.663019363730794,-2.42863258704684,TIME_LIMIT,96282,0,0,23,0
4,10,839322.0,-6.663019363730794,-2.42863258704684,TIME_LIMIT,96320,0,0,22,0
4,10,839638.0,-6.663019363730794,-2.42863258704684,TIME_LIMIT,96344,0,0,17,0
4,10,839933.0,-6.663019363730794,-2.42863258704684,TIME_LIMIT,96385,0,0,24,0
4,10,840231.0,-6.663019363730794,-2.42863258704684,TIME_LIMIT,96409,0,0,22,0
4,10,840519.0,-6.662820049083832,-2.42863258704684,TIME_LIMIT,96450,0,0,16,0
4,10,840818.0,-6.662820049083832,-2.42863258704684,TIME_LIMIT,96484,0,0,27,0
4,10,841144.0,-6.6626710324318665,-2.42863258704684,TIME_LIMIT,96527,0,0,26,0
4,10,841445.0,-6.6626710324318665,-2.42863258704684,TIME_LIMIT,96548,0,0,37,0
4,10,841750.0,-6.662564666125057,-2.42863258704684,TIME_LIMIT,96598,0,0,25,0
4,10,842045.0,-6.662564666125057,-2.42863258704684,TIME_LIMIT,96636,0,0,22,0
4,10,842404.0,-6.662173985006221,-2.42863258704684,TIME_LIMIT,96683,0,0,29,0
4,10,842711.0,-6.662173985006221,-2.42863258704684,TIME_LIMIT,96708,0,0,37,0
4,10,843017.0,-6.662173985006221,-2.42863258704684,TIME_LIMIT,96757,0,0,27,0
4,10,843310.0,-6.662173985006221,-2.42863258704684,TIME_LIMIT,96782,0,0,11,0
4,10,843644.0,-6.661838531869223,-2.42863258704684,TIME_LIMIT,96827,0,0,23,0
4,10,843949.0,-6.661838531869223,-2.42863258704684,TIME_LIMIT,96857,0,0,35,0
4,10,844256.0,-6.661838531869223,-2.42863258704684,TIME_LIMIT,96901,0,0,29,0
4,10,844551.0,-6.661838531869223,-2.42863258704684,TIME_LIMIT,96927,0,0,35,0
4,10,844860.0,-6.661838531869223,-2.42863258704684,TIME_LIMIT,96975,0,0,31,0
4,10,845182.0,-6.661838531869223,-2.42863258704684,TIME_LIMIT,97005,0,0,35,0
4,10,845477.0,-6.661838531869223,-2.42863258704684,TIME_LIMIT,97052,0,0,25,0
4,10,845780.0,-6.661838531869223,-2.42863258704684,TIME_LIMIT,97078,0,0,32,0
4,10,846074.0,-6.661838531869223,-2.42863258704684,TIME_LIMIT,97119,0,0,29,0
4,10,846430.0,-6.661838531869223,-2.42863258704684,TIME_LIMIT,97151,0,0,30,0
4,10,846727.0,-6.661838531869223,-2.42863258704684,TIME_LIMIT,97196,0,0,29,0
4,10,847034.0,-6.661838531869223,-2.42863258704684,TIME_LIMIT,97225,0,0,36,0
4,10,847333.0,-6.661838531869223,-2.42863258704684,TIME_LIMIT,97271,0,0,25,0
4,10,847663.0,-6.661838531869223,-2.42863258704684,TIME_LIMIT,97294,0,0,27,0
4,10,847955.0,-6.660991339527653,-2.42863258704684,TIME_LIMIT,97335,0,0,26,0
4,10,848263.0,-6.660991339527653,-2.42863258704684,TIME_LIMIT,97362,0,0,30,0
4,10,848554.0,-6.6604609126379515,-2.42863258704684,TIME_LIMIT,97399,0,0,14,0
4,10,848885.0,-6.6604609126379515,-2.42863258704684,TIME_LIMIT,97421,0,0,26,0
4,10,849180.0,-6.6604609126379515,-2.42863258704684,TIME_LIMIT,97463,0,0,23,0
4,10,849486.0,-6.6604609126379515,-2.42863258704684,TIME_LIMIT,97488,0,0,29,0
4,10,849774.0,-6.6604609126379515,-2.42863258704684,TIME_LIMIT,97530,0,0,27,0
4,10,850076.0,-6.6604609126379515,-2.42863258704684,TIME_LIMIT,97550,0,0,9,0
4,10,850403.0,-6.6604609126379515,-2.42863258704684,TIME_LIMIT,97588,0,0,24,0
4,10,850702.0,-6.6604609126379515,-2.42863258704684,TIME_LIMIT,97611,0,0,30,0
4,10,851003.0,-6.6604609126379515,-2.42863258704684,TIME_LIMIT,97647,0,0,22,0
4,10,851293.0,-6.6604609126379515,-2.42863258704684,TIME_LIMIT,97672,0,0,32,0
4,10,851629.0,-6.6604609126379515,-2.42863258704684,TIME_LIMIT,97708,0,0,18,0
4,10,851924.0,-6.6604609126379515,-2.42863258704684,TIME_LIMIT,97731,0,0,28,0
4,10,852232.0,-6.6604609126379515,-2.42863258704684,TIME_LIMIT,97770,0,0,25,0
4,10,852532.0,-6.6604609126379515,-2.42863258704684,TIME_LIMIT,97795,0,0,32,0
4,10,852850.0,-6.6604609126379515,-2.42863258704684,TIME_LIMIT,97830,0,0,23,0
4,10,853143.0,-6.6604609126379515,-2.42863258704684,TIME_LIMIT,97854,0,0,25,0
4,10,853443.0,-6.6604609126379515,-2.42863258704684,TIME_LIMIT,97894,0,0,24,0
4,10,853739.0,-6.6604609126379515,-2.42863258704684,TIME_LIMIT,97912,0,0,29,0
4,10,854063.0,-6.6604609126379515,-2.42863258704684,TIME_LIMIT,97949,0,0,22,0
4,10,854360.0,-6.6604609126379515,-2.42863258704684,TIME_LIMIT,97971,0,0,36,0
4,10,854665.0,-6.6604609126379515,-2.42863258704684,TIME_LIMIT,98006,0,0,23,0
4,10,854964.0,-6.6604609126379515,-2.42863258704684,TIME_LIMIT,98030,0,0,24,0
4,10,855261.0,-6.6604609126379515,-2.42863258704684,TIME_LIMIT,98068,0,0,19,0
4,10,855595.0,-6.6604609126379515,-2.42863258704684,TIME_LIMIT,98094,0,0,23,0
4,10,855897.0,-6.6604609126379515,-2.42863258704684,TIME_LIMIT,98130,0,0,24,0
4,10,856197.0,-6.6604609126379515,-2.42863258704684,TIME_LIMIT,98150,0,0,32,0
4,10,856486.0,-6.6604609126379515,-2.42863258704684,TIME_LIMIT,98185,0,0,23,0
4,10,856805.0,-6.6604609126379515,-2.42863258704684,TIME_LIMIT,98202,0,0,34,0
4,10,857096.0,-6.6604609126379515,-2.42863258704684,TIME_LIMIT,98239,0,0,22,0
4,10,857399.0,-6.6604609126379515,-2.42863258704684,TIME_LIMIT,98264,0,0,26,0
4,10,857702.0,-6.6604609126379515,-2.42863258704684,TIME_LIMIT,98300,0,0,9,0
4,10,858017.0,-6.6604609126379515,-2.42863258704684,TIME_LIMIT,98327,0,0,29,0
4,10,858308.0,-6.6604609126379515,-2.42863258704684,TIME_LIMIT,98361,0,0,25,0
4,10,858613.0,-6.6604609126379515,-2.42863258704684,TIME_LIMIT,98380,0,0,27,0
4,10,858903.0,-6.6604609126379515,-2.42863258704684,TIME_LIMIT,98417,0,0,26,0
4,10,859202.0,-6.6604609126379515,-2.42863258704684,TIME_LIMIT,98441,0,0,36,0
4,10,859525.0,-6.6604609126379515,-2.42863258704684,TIME_LIMIT,98475,0,0,23,0
4,10,859818.0,-6.6604609126379515,-2.42863258704684,TIME_LIMIT,98496,0,0,24,0
4,10,860124.0,-6.6604609126379515,-2.42863258704684,TIME_LIMIT,98532,0,0,25,0
4,10,860416.0,-6.6604609126379515,-2.42863258704684,TIME_LIMIT,98555,0,0,29,0
4,10,860748.0,-6.6604609126379515,-2.42863258704684,TIME_LIMIT,98594,0,0,24,0
4,10,861041.0,-6.6604609126379515,-2.42863258704684,TIME_LIMIT,98616,0,0,26,0
4,10,861345.0,-6.6604609126379515,-2.42863258704684,TIME_LIMIT,98654,0,0,26,0
4,10,861638.0,-6.6604609126379515,-2.42863258704684,TIME_LIMIT,98670,0,0,10,0
4,10,861977.0,-6.6604609126379515,-2.42863258704684,TIME_LIMIT,98704,0,0,24,0
4,10,862269.0,-6.6604609126379515,-2.42863258704684,TIME_LIMIT,98721,0,0,23,0
4,10,862575.0,-6.6604609126379515,-2.42863258704684,TIME_LIMIT,98759,0,0,20,0
4,10,862866.0,-6.6604609126379515,-2.42863258704684,TIME_LIMIT,98780,0,0,33,0
4,10,863171.0,-6.6604609126379515,-2.42863258704684,TIME_LIMIT,98816,0,0,21,0
4,10,863489.0,-6.6604609126379515,-2.42863258704684,TIME_LIMIT,98837,0,0,29,0
4,10,863781.0,-6.6604609126379515,-2.42863258704684,TIME_LIMIT,98877,0,0,21,0
4,10,864083.0,-6.6604609126379515,-2.42863258704684,TIME_LIMIT,98901,0,0,21,0
4,10,864375.0,-6.6604609126379515,-2.42863258704684,TIME_LIMIT,98934,0,0,23,0
4,10,864708.0,-6.6604609126379515,-2.42863258704684,TIME_LIMIT,98959,0,0,32,0
4,10,864999.0,-6.6604609126379515,-2.42863258704684,TIME_LIMIT,98995,0,0,23,0
4,10,865305.0,-6.6604609126379515,-2.42863258704684,TIME_LIMIT,99013,0,0,23,0
4,10,865597.0,-6.6604609126379515,-2.42863258704684,TIME_LIMIT,99052,0,0,23,0
4,10,865926.0,-6.6604609126379515,-2.42863258704684,TIME_LIMIT,99074,0,0,30,0
4,10,866215.0,-6.6604609126379515,-2.42863258704684,TIME_LIMIT,99108,0,0,27,0
4,10,866527.0,-6.6604609126379515,-2.42863258704684,TIME_LIMIT,99130,0,0,36,0
4,10,866815.0,-6.6604609126379515,-2.42863258704684,TIME_LIMIT,99168,0,0,23,0
4,10,867143.0,-6.6604609126379515,-2.42863258704684,TIME_LIMIT,99188,0,0,8,0
4,10,867437.0,-6.6604609126379515,-2.42863258704684,TIME_LIMIT,99222,0,0,25,0
4,10,867741.0,-6.6604609126379515,-2.42863258704684,TIME_LIMIT,99245,0,0,30,0
4,10,868029.0,-6.6604609126379515,-2.42863258704684,TIME_LIMIT,99276,0,0,19,0
4,10,868327.0,-6.6604609126379515,-2.42863258704684,TIME_LIMIT,99295,0,0,30,0
4,10,868661.0,-6.6604609126379515,-2.42863258704684,TIME_LIMIT,99333,0,0,26,0
4,10,868953.0,-6.6604609126379515,-2.42863258704684,TIME_LIMIT,99355,0,0,25,0
4,10,869259.0,-6.6604609126379515,-2.42863258704684,TIME_LIMIT,99392,0,0,23,0
4,10,869559.0,-6.6604609126379515,-2.42863258704684,TIME_LIMIT,99419,0,0,25,0
4,10,869881.0,-6.6604609126379515,-2.42863258704684,TIME_LIMIT,99455,0,0,24,0
4,10,870175.0,-6.6604609126379515,-2.42863258704684,TIME_LIMIT,99478,0,0,34,0
4,10,870490.0,-6.6604609126379515,-2.42863258704684,TIME_LIMIT,99515,0,0,22,0
4,10,870782.0,-6.6604609126379515,-2.42863258704684,TIME_LIMIT,99534,0,0,33,0
4,10,871115.0,-6.6604609126379515,-2.42863258704684,TIME_LIMIT,99569,0,0,23,0
4,10,871408.0,-6.6604609126379515,-2.42863258704684,TIME_LIMIT,99592,0,0,25,0
4,10,871713.0,-6.6604609126379515,-2.42863258704684,TIME_LIMIT,99628,0,0,23,0
4,10,872001.0,-6.6604609126379515,-2.42863258704684,TIME_LIMIT,99645,0,0,25,0
4,10,872302.0,-6.6604609126379515,-2.42863258704684,TIME_LIMIT,99678,0,0,24,0
4,10,872624.0,-6.6604609126379515,-2.42863258704684,TIME_LIMIT,99707,0,0,34,0
4,10,872920.0,-6.6604609126379515,-2.42863258704684,TIME_LIMIT,99744,0,0,23,0
4,10,873224.0,-6.6604609126379515,-2.42863258704684,TIME_LIMIT,99768,0,0,29,0
4,10,873516.0,-6.6604609126379515,-2.42863258704684,TIME_LIMIT,99804,0,0,24,0
4,10,873860.0,-6.6604609126379515,-2.42863258704684,TIME_LIMIT,99827,0,0,25,0
4,10,874154.0,-6.6604609126379515,-2.42863258704684,TIME_LIMIT,99860,0,0,22,0
4,10,874486.0,-6.6604609126379515,-2.42863258704684,TIME_LIMIT,99884,0,0,20,0
4,10,874781.0,-6.6604609126379515,-2.42863258704684,TIME_LIMIT,99918,0,0,20,0
4,10,875110.0,-6.6604609126379515,-2.42863258704684,TIME_LIMIT,99939,0,0,20,0
4,10,875400.0,-6.6604609126379515,-2.42863258704684,TIME_LIMIT,99972,0,0,22,0
4,10,875705.0,-6.6604609126379515,-2.42863258704684,TIME_LIMIT,99996,0,0,29,0
4,10,875997.0,-6.6604609126379515,-2.42863258704684,TIME_LIMIT,100029,0,0,15,0
4,10,876297.0,-6.6604609126379515,-2.42863258704684,TIME_LIMIT,100048,0,0,28,0
4,10,876617.0,-6.6604609126379515,-2.42863258704684,TIME_LIMIT,100081,0,0,20,0
4,10,876908.0,-6.6604609126379515,-2.42863258704684,TIME_LIMIT,100104,0,0,26,0
4,10,877214.0,-6.6604609126379515,-2.42863258704684,TIME_LIMIT,100130,0,0,24,0
4,10,877505.0,-6.6604609126379515,-2.42863258704684,TIME_LIMIT,100157,0,0,27,0
4,10,877837.0,-6.6604609126379515,-2.42863258704684,TIME_LIMIT,100183,0,0,19,0
4,10,878127.0,-6.6604609126379515,-2.42863258704684,TIME_LIMIT,100200,0,0,25,0
4,10,878459.0,-6.6604609126379515,-2.42863258704684,TIME_LIMIT,100235,0,0,23,0
4,10,878750.0,-6.6604609126379515,-2.42863258704684,TIME_LIMIT,100259,0,0,22,0
4,10,879084.0,-6.6604609126379515,-2.42863258704684,TIME_LIMIT,100296,0,0,21,0
4,10,879374.0,-6.6604609126379515,-2.42863258704684,TIME_LIMIT,100315,0,0,26,0
4,10,879680.0,-6.6604609126379515,-2.42863258704684,TIME_LIMIT,100348,0,0,24,0
4,10,879970.0,-6.6604609126379515,-2.42863258704684,TIME_LIMIT,100371,0,0,14,0
4,10,880298.0,-6.6604609126379515,-2.42863258704684,TIME_LIMIT,100403,0,0,13,0
4,10,880592.0,-6.6604609126379515,-2.42863258704684,TIME_LIMIT,100421,0,0,22,0
4,10,880892.0,-6.6604609126379515,-2.42863258704684,TIME_LIMIT,100453,0,0,22,0
4,10,881184.0,-6.6604609126379515,-2.42863258704684,TIME_LIMIT,100471,0,0,28,0
4,10,881475.0,-6.6604609126379515,-2.42863258704684,TIME_LIMIT,100502,0,0,24,0
4,10,881802.0,-6.6604609126379515,-2.42863258704684,TIME_LIMIT,100522,0,0,25,0
4,10,882097.0,-6.660201271832165,-2.42863258704684,TIME_LIMIT,100558,0,0,12,0
4,10,882410.0,-6.660201271832165,-2.42863258704684,TIME_LIMIT,100578,0,0,29,0
4,10,882735.0,-6.660011127825291,-2.42863258704684,TIME_LIMIT,100617,0,0,22,0
4,10,883073.0,-6.660011127825291,-2.42863258704684,TIME_LIMIT,100646,0,0,30,0
4,10,883366.0,-6.660011127825291,-2.42863258704684,TIME_LIMIT,100693,0,0,23,0
4,10,883672.0,-6.660011127825291,-2.42863258704684,TIME_LIMIT,100719,0,0,30,0
4,10,883960.0,-6.660011127825291,-2.42863258704684,TIME_LIMIT,100763,0,0,20,0
4,10,884296.0,-6.660011127825291,-2.42863258704684,TIME_LIMIT,100796,0,0,32,0
4,10,884590.0,-6.660011127825291,-2.42863258704684,TIME_LIMIT,100836,0,0,13,0
4,10,884897.0,-6.660011127825291,-2.42863258704684,TIME_LIMIT,100857,0,0,28,0
4,10,885193.0,-6.660011127825291,-2.42863258704684,TIME_LIMIT,100892,0,0,20,0
4,10,885495.0,-6.660011127825291,-2.42863258704684,TIME_LIMIT,100925,0,0,5,0
4,10,885821.0,-6.660011127825291,-2.42863258704684,TIME_LIMIT,100960,0,0,25,0
4,10,886113.0,-6.660011127825291,-2.42863258704684,TIME_LIMIT,100985,0,0,27,0
4,10,886422.0,-6.660011127825291,-2.42863258704684,TIME_LIMIT,101023,0,0,19,0
4,10,886732.0,-6.660011127825291,-2.42863258704684,TIME_LIMIT,101051,0,0,4,0
4,10,887077.0,-6.660011127825291,-2.42863258704684,TIME_LIMIT,101089,0,0,23,0
4,10,887370.0,-6.660011127825291,-2.42863258704684,TIME_LIMIT,101129,0,0,26,0
4,10,887672.0,-6.660011127825291,-2.42863258704684,TIME_LIMIT,101150,0,0,27,0
4,10,887969.0,-6.660011127825291,-2.42863258704684,TIME_LIMIT,101177,0,0,15,0
4,10,888296.0,-6.660011127825291,-2.42863258704684,TIME_LIMIT,101216,0,0,20,0
4,10,888589.0,-6.660011127825291,-2.42863258704684,TIME_LIMIT,101238,0,0,32,0
4,10,888895.0,-6.660011127825291,-2.42863258704684,TIME_LIMIT,101278,0,0,20,0
4,10,889184.0,-6.660011127825291,-2.42863258704684,TIME_LIMIT,101304,0,0,22,0
4,10,889476.0,-6.660011127825291,-2.42863258704684,TIME_LIMIT,101343,0,0,20,0
4,10,889806.0,-6.660011127825291,-2.42863258704684,TIME_LIMIT,101368,0,0,31,0
4,10,890096.0,-6.660011127825291,-2.42863258704684,TIME_LIMIT,101406,0,0,23,0
4,10,890398.0,-6.660011127825291,-2.42863258704684,TIME_LIMIT,101430,0,0,27,0
4,10,890689.0,-6.660011127825291,-2.42863258704684,TIME_LIMIT,101470,0,0,22,0
4,10,891023.0,-6.660011127825291,-2.42863258704684,TIME_LIMIT,101500,0,0,14,0
4,10,891313.0,-6.660011127825291,-2.42863258704684,TIME_LIMIT,101531,0,0,19,0
4,10,891617.0,-6.660011127825291,-2.42863258704684,TIME_LIMIT,101555,0,0,27,0
4,10,891910.0,-6.660011127825291,-2.42863258704684,TIME_LIMIT,101594,0,0,22,0
4,10,892210.0,-6.660011127825291,-2.42863258704684,TIME_LIMIT,101621,0,0,27,0
4,10,892545.0,-6.6597901994618125,-2.42863258704684,TIME_LIMIT,101659,0,0,22,0
4,10,892845.0,-6.6597901994618125,-2.42863258704684,TIME_LIMIT,101685,0,0,42,0
4,10,893148.0,-6.65947160594618,-2.42863258704684,TIME_LIMIT,101725,0,0,23,0
4,10,893437.0,-6.65947160594618,-2.42863258704684,TIME_LIMIT,101744,0,0,23,0
4,10,893770.0,-6.65932175792449,-2.42863258704684,TIME_LIMIT,101775,0,0,18,0
4,10,894064.0,-6.65932175792449,-2.42863258704684,TIME_LIMIT,101802,0,0,26,0
4,10,894364.0,-6.65910450600888,-2.42863258704684,TIME_LIMIT,101838,0,0,26,0
4,10,894659.0,-6.65910450600888,-2.42863258704684,TIME_LIMIT,101862,0,0,34,0
4,10,894990.0,-6.65910450600888,-2.42863258704684,TIME_LIMIT,101904,0,0,25,0
4,10,895284.0,-6.65910450600888,-2.42863258704684,TIME_LIMIT,101937,0,0,32,0
4,10,895589.0,-6.658975122829842,-2.42863258704684,TIME_LIMIT,101978,0,0,24,0
4,10,895880.0,-6.658975122829842,-2.42863258704684,TIME_LIMIT,102013,0,0,27,0
4,10,896185.0,-6.658966464006691,-2.42863258704684,TIME_LIMIT,102043,0,0,29,0
4,10,896509.0,-6.658966464006691,-2.42863258704684,TIME_LIMIT,102072,0,0,32,0
4,10,896803.0,-6.658290719280544,-2.42863258704684,TIME_LIMIT,102111,0,0,23,0
4,10,897108.0,-6.658290719280544,-2.42863258704684,TIME_LIMIT,102132,0,0,29,0
4,10,897400.0,-6.658215150768115,-2.42863258704684,TIME_LIMIT,102170,0,0,21,0
4,10,897740.0,-6.658215150768115,-2.42863258704684,TIME_LIMIT,102207,0,0,37,0
4,10,898036.0,-6.658215150768115,-2.42863258704684,TIME_LIMIT,102249,0,0,25,0
4,10,898341.0,-6.658215150768115,-2.42863258704684,TIME_LIMIT,102274,0,0,34,0
4,10,898638.0,-6.658215150768115,-2.42863258704684,TIME_LIMIT,102312,0,0,24,0
4,10,898974.0,-6.658215150768115,-2.42863258704684,TIME_LIMIT,102336,0,0,26,0
4,10,899270.0,-6.658215150768115,-2.42863258704684,TIME_LIMIT,102377,0,0,27,0
4,10,899574.0,-6.658215150768115,-2.42863258704684,TIME_LIMIT,102406,0,0,34,0
4,10,899868.0,-6.658163654518861,-2.42863258704684,TIME_LIMIT,102446,0,0,27,0
4,10,900172.0,-6.658163654518861,-2.42863258704684,TIME_LIMIT,102468,0,0,25,0
4,10,900509.0,-6.658153113891974,-2.42863258704684,TIME_LIMIT,102512,0,0,25,0
4,10,900810.0,-6.658153113891974,-2.42863258704684,TIME_LIMIT,102540,0,0,31,0
4,10,901100.0,-6.658153113891974,-2.42863258704684,TIME_LIMIT,102581,0,0,11,0
4,10,901404.0,-6.658153113891974,-2.42863258704684,TIME_LIMIT,102610,0,0,19,0
4,10,901721.0,-6.658153113891974,-2.42863258704684,TIME_LIMIT,102643,0,0,20,0
4,10,902015.0,-6.658153113891974,-2.42863258704684,TIME_LIMIT,102681,0,0,28,0
4,10,902322.0,-6.657583369341341,-2.42863258704684,TIME_LIMIT,102711,0,0,35,0
4,10,902619.0,-6.657583369341341,-2.42863258704684,TIME_LIMIT,102735,0,0,31,0
4,10,902964.0,-6.657583369341341,-2.42863258704684,TIME_LIMIT,102778,0,0,25,0
4,10,903252.0,-6.657583369341341,-2.42863258704684,TIME_LIMIT,102803,0,0,33,0
4,10,903545.0,-6.657583369341341,-2.42863258704684,TIME_LIMIT,102844,0,0,25,0
4,10,903855.0,-6.657583369341341,-2.42863258704684,TIME_LIMIT,102872,0,0,38,0
4,10,904156.0,-6.657583369341341,-2.42863258704684,TIME_LIMIT,102921,0,0,29,0
4,10,904475.0,-6.657583369341341,-2.42863258704684,TIME_LIMIT,102949,0,0,31,0
4,10,904770.0,-6.657583369341341,-2.42863258704684,TIME_LIMIT,102987,0,0,24,0
4,10,905078.0,-6.657583369341341,-2.42863258704684,TIME_LIMIT,103016,0,0,37,0
4,10,905369.0,-6.657583369341341,-2.42863258704684,TIME_LIMIT,103053,0,0,23,0
4,10,905699.0,-6.657583369341341,-2.42863258704684,TIME_LIMIT,103076,0,0,30,0
4,10,905991.0,-6.657583369341341,-2.42863258704684,TIME_LIMIT,103112,0,0,24,0
4,10,906298.0,-6.657583369341341,-2.42863258704684,TIME_LIMIT,103136,0,0,27,0
4,10,906594.0,-6.657361305223805,-2.42863258704684,TIME_LIMIT,103172,0,0,23,0
4,10,906938.0,-6.657361305223805,-2.42863258704684,TIME_LIMIT,103200,0,0,38,0
4,10,907232.0,-6.657113092859715,-2.42863258704684,TIME_LIMIT,103235,0,0,27,0
4,10,907538.0,-6.657113092859715,-2.42863258704684,TIME_LIMIT,103270,0,0,28,0
4,10,907832.0,-6.657025809397235,-2.42863258704684,TIME_LIMIT,103301,0,0,27,0
4,10,908127.0,-6.657025809397235,-2.42863258704684,TIME_LIMIT,103325,0,0,29,0
4,10,908458.0,-6.656592724770968,-2.42863258704684,TIME_LIMIT,103369,0,0,25,0
4,10,908752.0,-6.656592724770968,-2.42863258704684,TIME_LIMIT,103392,0,0,27,0
4,10,909058.0,-6.6560939536276855,-2.42863258704684,TIME_LIMIT,103423,0,0,11,0
4,10,909352.0,-6.6560939536276855,-2.42863258704684,TIME_LIMIT,103450,0,0,45,0
4,10,909693.0,-6.6560939536276855,-2.42863258704684,TIME_LIMIT,103494,0,0,27,0
4,10,909990.0,-6.6560939536276855,-2.42863258704684,TIME_LIMIT,103519,0,0,42,0
4,10,910300.0,-6.6558442828339786,-2.42863258704684,TIME_LIMIT,103572,0,0,29,0
4,10,910599.0,-6.6558442828339786,-2.42863258704684,TIME_LIMIT,103612,0,0,29,0
4,10,910891.0,-6.6558442828339786,-2.42863258704684,TIME_LIMIT,103647,0,0,29,0
4,10,911212.0,-6.6558442828339786,-2.42863258704684,TIME_LIMIT,103672,0,0,26,0
4,10,911508.0,-6.6558442828339786,-2.42863258704684,TIME_LIMIT,103725,0,0,16,0
4,10,911818.0,-6.6558442828339786,-2.42863258704684,TIME_LIMIT,103763,0,0,25,0
4,10,912112.0,-6.655184137297493,-2.42863258704684,TIME_LIMIT,103802,0,0,30,0
4,10,912447.0,-6.655184137297493,-2.42863258704684,TIME_LIMIT,103826,0,0,12,0
4,10,912739.0,-6.654999918400601,-2.42863258704684,TIME_LIMIT,103873,0,0,13,0
4,10,913046.0,-6.654999918400601,-2.42863258704684,TIME_LIMIT,103896,0,0,28,0
4,10,913337.0,-6.654999918400601,-2.42863258704684,TIME_LIMIT,103939,0,0,13,0
4,10,913668.0,-6.654999918400601,-2.42863258704684,TIME_LIMIT,103969,0,0,26,0
4,10,913962.0,-6.654926430559547,-2.42863258704684,TIME_LIMIT,104002,0,0,25,0
4,10,914268.0,-6.654926430559547,-2.42863258704684,TIME_LIMIT,104027,0,0,39,0
4,10,914574.0,-6.654839114947551,-2.42863258704684,TIME_LIMIT,104074,0,0,28,0
4,10,914882.0,-6.654839114947551,-2.42863258704684,TIME_LIMIT,104113,0,0,28,0
4,10,915211.0,-6.654839114947551,-2.42863258704684,TIME_LIMIT,104146,0,0,33,0
4,10,915508.0,-6.654839114947551,-2.42863258704684,TIME_LIMIT,104176,0,0,34,0
4,10,915812.0,-6.654839114947551,-2.42863258704684,TIME_LIMIT,104229,0,0,27,0
4,10,916106.0,-6.654839114947551,-2.42863258704684,TIME_LIMIT,104260,0,0,37,0
4,10,916437.0,-6.654839114947551,-2.42863258704684,TIME_LIMIT,104302,0,0,15,0
4,10,916731.0,-6.654839114947551,-2.42863258704684,TIME_LIMIT,104331,0,0,35,0
4,10,917039.0,-6.654839114947551,-2.42863258704684,TIME_LIMIT,104373,0,0,20,0
4,10,917351.0,-6.654839114947551,-2.42863258704684,TIME_LIMIT,104405,0,0,30,0
4,10,917655.0,-6.654839114947551,-2.42863258704684,TIME_LIMIT,104442,0,0,28,0
4,10,917977.0,-6.654839114947551,-2.42863258704684,TIME_LIMIT,104475,0,0,34,0
4,10,918274.0,-6.654839114947551,-2.42863258704684,TIME_LIMIT,104520,0,0,26,0
4,10,918611.0,-6.654839114947551,-2.42863258704684,TIME_LIMIT,104542,0,0,28,0
4,10,918907.0,-6.654727125317428,-2.42863258704684,TIME_LIMIT,104586,0,0,25,0
4,10,919240.0,-6.654727125317428,-2.42863258704684,TIME_LIMIT,104613,0,0,30,0
4,10,919537.0,-6.654727125317428,-2.42863258704684,TIME_LIMIT,104651,0,0,23,0
4,10,919843.0,-6.654727125317428,-2.42863258704684,TIME_LIMIT,104680,0,0,30,0
4,10,920131.0,-6.654727125317428,-2.42863258704684,TIME_LIMIT,104718,0,0,22,0
4,10,920448.0,-6.654727125317428,-2.42863258704684,TIME_LIMIT,104748,0,0,21,0
4,10,920746.0,-6.654727125317428,-2.42863258704684,TIME_LIMIT,104790,0,0,24,0
4,10,921048.0,-6.654727125317428,-2.42863258704684,TIME_LIMIT,104816,0,0,19,0
4,10,921341.0,-6.653917992951802,-2.42863258704684,TIME_LIMIT,104858,0,0,23,0
4,10,921637.0,-6.653917992951802,-2.42863258704684,TIME_LIMIT,104889,0,0,34,0
4,10,921966.0,-6.653917992951802,-2.42863258704684,TIME_LIMIT,104933,0,0,27,0
4,10,922265.0,-6.653917992951802,-2.42863258704684,TIME_LIMIT,104958,0,0,33,0
4,10,922605.0,-6.6538323958831675,-2.42863258704684,TIME_LIMIT,105003,0,0,17,0
4,10,922906.0,-6.6538323958831675,-2.42863258704684,TIME_LIMIT,105032,0,0,30,0
4,10,923226.0,-6.651575860073342,-2.42863258704684,TIME_LIMIT,105078,0,0,24,0
4,10,923520.0,-6.651575860073342,-2.42863258704684,TIME_LIMIT,105099,0,0,38,0
4,10,923827.0,-6.651527935962639,-2.42863258704684,TIME_LIMIT,105130,0,0,24,0
4,10,924133.0,-6.651527935962639,-2.42863258704684,TIME_LIMIT,105165,0,0,35,0
4,10,924435.0,-6.651527935962639,-2.42863258704684,TIME_LIMIT,105211,0,0,26,0
4,10,924778.0,-6.651527935962639,-2.42863258704684,TIME_LIMIT,105231,0,0,29,0
4,10,925073.0,-6.651527935962639,-2.42863258704684,TIME_LIMIT,105271,0,0,26,0
4,10,925381.0,-6.651527935962639,-2.42863258704684,TIME_LIMIT,105295,0,0,23,0
4,10,925677.0,-6.651527935962639,-2.42863258704684,TIME_LIMIT,105339,0,0,13,0
4,10,926009.0,-6.651527935962639,-2.42863258704684,TIME_LIMIT,105379,0,0,29,0
4,10,926304.0,-6.651527935962639,-2.42863258704684,TIME_LIMIT,105411,0,0,26,0
4,10,926626.0,-6.651527935962639,-2.42863258704684,TIME_LIMIT,105434,0,0,33,0
4,10,926954.0,-6.651527935962639,-2.42863258704684,TIME_LIMIT,105476,0,0,28,0
4,10,927288.0,-6.651527935962639,-2.42863258704684,TIME_LIMIT,105502,0,0,28,0
4,10,927581.0,-6.651527935962639,-2.42863258704684,TIME_LIMIT,105541,0,0,21,0
4,10,927890.0,-6.651527935962639,-2.42863258704684,TIME_LIMIT,105566,0,0,31,0
4,10,928191.0,-6.651527935962639,-2.42863258704684,TIME_LIMIT,105605,0,0,23,0
4,10,928481.0,-6.651527935962639,-2.42863258704684,TIME_LIMIT,105628,0,0,28,0
4,10,928820.0,-6.651527935962639,-2.42863258704684,TIME_LIMIT,105669,0,0,24,0
4,10,929116.0,-6.651527935962639,-2.42863258704684,TIME_LIMIT,105695,0,0,33,0
4,10,929420.0,-6.651527935962639,-2.42863258704684,TIME_LIMIT,105736,0,0,21,0
4,10,929717.0,-6.651527935962639,-2.42863258704684,TIME_LIMIT,105767,0,0,31,0
4,10,930054.0,-6.651527935962639,-2.42863258704684,TIME_LIMIT,105806,0,0,27,0
4,10,930357.0,-6.651527935962639,-2.42863258704684,TIME_LIMIT,105836,0,0,24,0
4,10,930651.0,-6.651527935962639,-2.42863258704684,TIME_LIMIT,105878,0,0,24,0
4,10,930968.0,-6.651527935962639,-2.42863258704684,TIME_LIMIT,105901,0,0,28,0
4,10,931266.0,-6.651527935962639,-2.42863258704684,TIME_LIMIT,105942,0,0,25,0
4,10,931597.0,-6.651527935962639,-2.42863258704684,TIME_LIMIT,105969,0,0,27,0
4,10,931889.0,-6.651527935962639,-2.42863258704684,TIME_LIMIT,106005,0,0,24,0
4,10,932194.0,-6.651527935962639,-2.42863258704684,TIME_LIMIT,106029,0,0,31,0
4,10,932488.0,-6.651527935962639,-2.42863258704684,TIME_LIMIT,106068,0,0,23,0
4,10,932823.0,-6.651527935962639,-2.42863258704684,TIME_LIMIT,106098,0,0,28,0
4,10,933131.0,-6.651527935962639,-2.42863258704684,TIME_LIMIT,106137,0,0,24,0
4,10,933423.0,-6.651527935962639,-2.42863258704684,TIME_LIMIT,106158,0,0,30,0
4,10,933712.0,-6.651527935962639,-2.42863258704684,TIME_LIMIT,106194,0,0,21,0
4,10,934018.0,-6.651527935962639,-2.42863258704684,TIME_LIMIT,106219,0,0,32,0
4,10,934340.0,-6.651527935962639,-2.42863258704684,TIME_LIMIT,106258,0,0,11,0
4,10,934648.0,-6.651527935962639,-2.42863258704684,TIME_LIMIT,106278,0,0,25,0
4,10,934942.0,-6.6513956779845005,-2.42863258704684,TIME_LIMIT,106315,0,0,20,0
4,10,935246.0,-6.6513956779845005,-2.42863258704684,TIME_LIMIT,106353,0,0,31,0
4,10,935580.0,-6.6513956779845005,-2.42863258704684,TIME_LIMIT,106387,0,0,25,0
4,10,935874.0,-6.6513956779845005,-2.42863258704684,TIME_LIMIT,106413,0,0,35,0
4,10,936182.0,-6.651378703506256,-2.42863258704684,TIME_LIMIT,106458,0,0,11,0
4,10,936480.0,-6.651378703506256,-2.42863258704684,TIME_LIMIT,106487,0,0,45,0
4,10,936816.0,-6.651378703506256,-2.42863258704684,TIME_LIMIT,106537,0,0,29,0
4,10,937111.0,-6.651378703506256,-2.42863258704684,TIME_LIMIT,106569,0,0,53,0
4,10,937417.0,-6.650975453373798,-2.42863258704684,TIME_LIMIT,106614,0,0,24,0
4,10,937716.0,-6.650975453373798,-2.42863258704684,TIME_LIMIT,106639,0,0,37,0
4,10,938018.0,-6.650880400320524,-2.42863258704684,TIME_LIMIT,106682,0,0,27,0
4,10,938356.0,-6.650880400320524,-2.42863258704684,TIME_LIMIT,106708,0,0,13,0
4,10,938654.0,-6.650641159427262,-2.42863258704684,TIME_LIMIT,106748,0,0,25,0
4,10,938968.0,-6.650641159427262,-2.42863258704684,TIME_LIMIT,106771,0,0,25,0
4,10,939262.0,-6.650641159427262,-2.42863258704684,TIME_LIMIT,106816,0,0,25,0
4,10,939600.0,-6.650641159427262,-2.42863258704684,TIME_LIMIT,106847,0,0,14,0
4,10,939893.0,-6.650432950146307,-2.42863258704684,TIME_LIMIT,106888,0,0,23,0
4,10,940200.0,-6.650432950146307,-2.42863258704684,TIME_LIMIT,106930,0,0,31,0
4,10,940491.0,-6.650432950146307,-2.42863258704684,TIME_LIMIT,106972,0,0,37,0
4,10,940789.0,-6.650432950146307,-2.42863258704684,TIME_LIMIT,107001,0,0,18,0
4,10,941121.0,-6.650300806640523,-2.42863258704684,TIME_LIMIT,107041,0,0,24,0
4,10,941416.0,-6.650300806640523,-2.42863258704684,TIME_LIMIT,107062,0,0,16,0
4,10,941719.0,-6.650086207003602,-2.42863258704684,TIME_LIMIT,107098,0,0,25,0
4,10,942014.0,-6.650086207003602,-2.42863258704684,TIME_LIMIT,107136,0,0,27,0
4,10,942346.0,-6.649817189959437,-2.42863258704684,TIME_LIMIT,107186,0,0,28,0
4,10,942642.0,-6.649817189959437,-2.42863258704684,TIME_LIMIT,107216,0,0,30,0
4,10,942952.0,-6.649817189959437,-2.42863258704684,TIME_LIMIT,107260,0,0,27,0
4,10,943243.0,-6.649817189959437,-2.42863258704684,TIME_LIMIT,107288,0,0,18,0
4,10,943544.0,-6.649817189959437,-2.42863258704684,TIME_LIMIT,107339,0,0,29,0
4,10,943871.0,-6.649817189959437,-2.42863258704684,TIME_LIMIT,107375,0,0,34,0
4,10,944167.0,-6.649433368075439,-2.42863258704684,TIME_LIMIT,107413,0,0,37,0
4,10,944477.0,-6.649433368075439,-2.42863258704684,TIME_LIMIT,107444,0,0,31,0
4,10,944764.0,-6.6490565391924985,-2.42863258704684,TIME_LIMIT,107484,0,0,20,0
4,10,945086.0,-6.6490565391924985,-2.42863258704684,TIME_LIMIT,107523,0,0,38,0
4,10,945381.0,-6.6490565391924985,-2.42863258704684,TIME_LIMIT,107564,0,0,27,0
4,10,945686.0,-6.6490565391924985,-2.42863258704684,TIME_LIMIT,107589,0,0,32,0
4,10,945985.0,-6.6490565391924985,-2.42863258704684,TIME_LIMIT,107639,0,0,30,0
4,10,946289.0,-6.6490565391924985,-2.42863258704684,TIME_LIMIT,107671,0,0,32,0
4,10,946609.0,-6.648883115892557,-2.42863258704684,TIME_LIMIT,107722,0,0,28,0
4,10,946906.0,-6.648883115892557,-2.42863258704684,TIME_LIMIT,107756,0,0,26,0
4,10,947210.0,-6.648883115892557,-2.42863258704684,TIME_LIMIT,107791,0,0,23,0
4,10,947507.0,-6.648883115892557,-2.42863258704684,TIME_LIMIT,107823,0,0,28,0
4,10,947838.0,-6.648837621055988,-2.42863258704684,TIME_LIMIT,107864,0,0,10,0
4,10,948135.0,-6.648837621055988,-2.42863258704684,TIME_LIMIT,107888,0,0,40,0
4,10,948444.0,-6.648837621055988,-2.42863258704684,TIME_LIMIT,107938,0,0,28,0
4,10,948747.0,-6.648837621055988,-2.42863258704684,TIME_LIMIT,107960,0,0,36,0
4,10,949041.0,-6.647636061375243,-2.42863258704684,TIME_LIMIT,108012,0,0,31,0
4,10,949379.0,-6.647636061375243,-2.42863258704684,TIME_LIMIT,108034,0,0,24,0
4,10,949676.0,-6.647636061375243,-2.42863258704684,TIME_LIMIT,108074,0,0,25,0
4,10,949984.0,-6.647636061375243,-2.42863258704684,TIME_LIMIT,108105,0,0,30,0
4,10,950278.0,-6.645734923476244,-2.42863258704684,TIME_LIMIT,108141,0,0,19,0
4,10,950610.0,-6.645734923476244,-2.42863258704684,TIME_LIMIT,108160,0,0,27,0
4,10,950910.0,-6.645734923476244,-2.42863258704684,TIME_LIMIT,108194,0,0,24,0
4,10,951216.0,-6.645734923476244,-2.42863258704684,TIME_LIMIT,108213,0,0,24,0
4,10,951510.0,-6.645157390595183,-2.42863258704684,TIME_LIMIT,108247,0,0,24,0
4,10,951817.0,-6.645157390595183,-2.42863258704684,TIME_LIMIT,108268,0,0,37,0
4,10,952153.0,-6.645106121855905,-2.42863258704684,TIME_LIMIT,108313,0,0,26,0
4,10,952453.0,-6.645106121855905,-2.42863258704684,TIME_LIMIT,108349,0,0,43,0
4,10,952757.0,-6.645106121855905,-2.42863258704684,TIME_LIMIT,108399,0,0,24,0
4,10,953056.0,-6.645106121855905,-2.42863258704684,TIME_LIMIT,108423,0,0,44,0
4,10,953391.0,-6.645106121855905,-2.42863258704684,TIME_LIMIT,108469,0,0,29,0
4,10,953688.0,-6.645106121855905,-2.42863258704684,TIME_LIMIT,108494,0,0,33,0
4,10,953998.0,-6.644908867581184,-2.42863258704684,TIME_LIMIT,108541,0,0,22,0
4,10,954289.0,-6.644908867581184,-2.42863258704684,TIME_LIMIT,108579,0,0,42,0
4,10,954631.0,-6.644756965137072,-2.42863258704684,TIME_LIMIT,108624,0,0,27,0
4,10,954940.0,-6.644756965137072,-2.42863258704684,TIME_LIMIT,108651,0,0,28,0
4,10,955241.0,-6.644756965137072,-2.42863258704684,TIME_LIMIT,108695,0,0,28,0
4,10,955548.0,-6.644756965137072,-2.42863258704684,TIME_LIMIT,108725,0,0,33,0
4,10,955843.0,-6.644756965137072,-2.42863258704684,TIME_LIMIT,108767,0,0,25,0
4,10,956176.0,-6.644756965137072,-2.42863258704684,TIME_LIMIT,108796,0,0,38,0
4,10,956474.0,-6.644756965137072,-2.42863258704684,TIME_LIMIT,108842,0,0,11,0
4,10,956780.0,-6.644756965137072,-2.42863258704684,TIME_LIMIT,108878,0,0,27,0
4,10,957072.0,-6.644756965137072,-2.42863258704684,TIME_LIMIT,108909,0,0,22,0
4,10,957411.0,-6.644756965137072,-2.42863258704684,TIME_LIMIT,108938,0,0,32,0
4,10,957705.0,-6.644756965137072,-2.42863258704684,TIME_LIMIT,108982,0,0,24,0
4,10,958008.0,-6.644756965137072,-2.42863258704684,TIME_LIMIT,109007,0,0,31,0
4,10,958306.0,-6.644563160428332,-2.42863258704684,TIME_LIMIT,109049,0,0,24,0
4,10,958608.0,-6.644563160428332,-2.42863258704684,TIME_LIMIT,109090,0,0,18,0
4,10,958971.0,-6.644563160428332,-2.42863258704684,TIME_LIMIT,109120,0,0,32,0
4,10,959271.0,-6.644563160428332,-2.42863258704684,TIME_LIMIT,109139,0,0,33,0
4,10,959582.0,-6.644563160428332,-2.42863258704684,TIME_LIMIT,109180,0,0,14,0
4,10,959871.0,-6.644563160428332,-2.42863258704684,TIME_LIMIT,109208,0,0,25,0
4,10,960208.0,-6.643931535679494,-2.42863258704684,TIME_LIMIT,109245,0,0,16,0
4,10,960498.0,-6.643931535679494,-2.42863258704684,TIME_LIMIT,109276,0,0,25,0
4,10,960806.0,-6.643922170021696,-2.42863258704684,TIME_LIMIT,109300,0,0,25,0
4,10,961101.0,-6.643922170021696,-2.42863258704684,TIME_LIMIT,109331,0,0,36,0
4,10,961402.0,-6.643736881560912,-2.42863258704684,TIME_LIMIT,109373,0,0,20,0
4,10,961725.0,-6.643736881560912,-2.42863258704684,TIME_LIMIT,109392,0,0,29,0
4,10,962016.0,-6.643660662976844,-2.42863258704684,TIME_LIMIT,109428,0,0,22,0
4,10,962326.0,-6.643660662976844,-2.42863258704684,TIME_LIMIT,109450,0,0,30,0
4,10,962615.0,-6.643660662976844,-2.42863258704684,TIME_LIMIT,109486,0,0,27,0
4,10,962972.0,-6.643660662976844,-2.42863258704684,TIME_LIMIT,109504,0,0,25,0
4,10,963271.0,-6.643660662976844,-2.42863258704684,TIME_LIMIT,109538,0,0,24,0
4,10,963576.0,-6.643660662976844,-2.42863258704684,TIME_LIMIT,109553,0,0,12,0
4,10,963865.0,-6.642705406459267,-2.42863258704684,TIME_LIMIT,109589,0,0,24,0
4,10,964161.0,-6.642705406459267,-2.42863258704684,TIME_LIMIT,109614,0,0,34,0
4,10,964497.0,-6.642705406459267,-2.42863258704684,TIME_LIMIT,109662,0,0,37,0
4,10,964790.0,-6.642705406459267,-2.42863258704684,TIME_LIMIT,109689,0,0,11,0
4,10,965097.0,-6.64266346168947,-2.42863258704684,TIME_LIMIT,109729,0,0,19,0
4,10,965392.0,-6.64266346168947,-2.42863258704684,TIME_LIMIT,109748,0,0,29,0
4,10,965725.0,-6.64266346168947,-2.42863258704684,TIME_LIMIT,109791,0,0,30,0
4,10,966019.0,-6.64266346168947,-2.42863258704684,TIME_LIMIT,109820,0,0,34,0
4,10,966325.0,-6.64266346168947,-2.42863258704684,TIME_LIMIT,109861,0,0,27,0
4,10,966622.0,-6.64266346168947,-2.42863258704684,TIME_LIMIT,109886,0,0,35,0
4,10,966965.0,-6.6424295711769545,-2.42863258704684,TIME_LIMIT,109924,0,0,25,0
4,10,967288.0,-6.6424295711769545,-2.42863258704684,TIME_LIMIT,109951,0,0,35,0
4,10,967580.0,-6.6424217895273845,-2.42863258704684,TIME_LIMIT,109995,0,0,24,0
4,10,967887.0,-6.6424217895273845,-2.42863258704684,TIME_LIMIT,110023,0,0,41,0
4,10,968183.0,-6.641992885275963,-2.42863258704684,TIME_LIMIT,110068,0,0,26,0
4,10,968515.0,-6.641992885275963,-2.42863258704684,TIME_LIMIT,110086,0,0,28,0
4,10,968809.0,-6.641992885275963,-2.42863258704684,TIME_LIMIT,110124,0,0,24,0
4,10,969116.0,-6.641992885275963,-2.42863258704684,TIME_LIMIT,110153,0,0,30,0
4,10,969406.0,-6.641647325261662,-2.42863258704684,TIME_LIMIT,110191,0,0,25,0
4,10,969711.0,-6.641647325261662,-2.42863258704684,TIME_LIMIT,110222,0,0,27,0
4,10,970029.0,-6.641647325261662,-2.42863258704684,TIME_LIMIT,110254,0,0,27,0
4,10,970323.0,-6.641647325261662,-2.42863258704684,TIME_LIMIT,110282,0,0,35,0
4,10,970632.0,-6.641647325261662,-2.42863258704684,TIME_LIMIT,110318,0,0,29,0
4,10,970926.0,-6.641647325261662,-2.42863258704684,TIME_LIMIT,110338,0,0,38,0
4,10,971266.0,-6.641647325261662,-2.42863258704684,TIME_LIMIT,110377,0,0,25,0
4,10,971558.0,-6.641647325261662,-2.42863258704684,TIME_LIMIT,110391,0,0,28,0
4,10,971858.0,-6.641647325261662,-2.42863258704684,TIME_LIMIT,110423,0,0,14,0
4,10,972150.0,-6.641647325261662,-2.42863258704684,TIME_LIMIT,110441,0,0,28,0
4,10,972443.0,-6.641647325261662,-2.42863258704684,TIME_LIMIT,110479,0,0,21,0
4,10,972769.0,-6.641647325261662,-2.42863258704684,TIME_LIMIT,110504,0,0,11,0
4,10,973061.0,-6.640953481419066,-2.42863258704684,TIME_LIMIT,110534,0,0,25,0
4,10,973368.0,-6.640953481419066,-2.42863258704684,TIME_LIMIT,110559,0,0,28,0
4,10,973657.0,-6.640921767604952,-2.42863258704684,TIME_LIMIT,110599,0,0,25,0
4,10,973990.0,-6.640921767604952,-2.42863258704684,TIME_LIMIT,110632,0,0,23,0
4,10,974281.0,-6.640672975707564,-2.42863258704684,TIME_LIMIT,110691,0,0,29,0
4,10,974589.0,-6.640672975707564,-2.42863258704684,TIME_LIMIT,110718,0,0,34,0
4,10,974878.0,-6.640672975707564,-2.42863258704684,TIME_LIMIT,110763,0,0,26,0
4,10,975175.0,-6.640672975707564,-2.42863258704684,TIME_LIMIT,110789,0,0,37,0
4,10,975506.0,-6.640467152999133,-2.42863258704684,TIME_LIMIT,110836,0,0,20,0
4,10,975796.0,-6.640467152999133,-2.42863258704684,TIME_LIMIT,110862,0,0,28,0
4,10,976101.0,-6.640188774397956,-2.42863258704684,TIME_LIMIT,110902,0,0,19,0
4,10,976393.0,-6.640188774397956,-2.42863258704684,TIME_LIMIT,110925,0,0,30,0
4,10,976722.0,-6.640188774397956,-2.42863258704684,TIME_LIMIT,110962,0,0,22,0
4,10,977017.0,-6.640188774397956,-2.42863258704684,TIME_LIMIT,110986,0,0,32,0
4,10,977321.0,-6.640188774397956,-2.42863258704684,TIME_LIMIT,111022,0,0,24,0
4,10,977611.0,-6.640188774397956,-2.42863258704684,TIME_LIMIT,111039,0,0,20,0
4,10,977911.0,-6.640062902078934,-2.42863258704684,TIME_LIMIT,111074,0,0,22,0
4,10,978228.0,-6.640062902078934,-2.42863258704684,TIME_LIMIT,111095,0,0,25,0
4,10,978531.0,-6.640062902078934,-2.42863258704684,TIME_LIMIT,111132,0,0,24,0
4,10,978825.0,-6.640062902078934,-2.42863258704684,TIME_LIMIT,111155,0,0,30,0
4,10,979127.0,-6.640062902078934,-2.42863258704684,TIME_LIMIT,111197,0,0,29,0
4,10,979446.0,-6.640062902078934,-2.42863258704684,TIME_LIMIT,111223,0,0,14,0
4,10,979749.0,-6.640062902078934,-2.42863258704684,TIME_LIMIT,111265,0,0,25,0
4,10,980038.0,-6.640062902078934,-2.42863258704684,TIME_LIMIT,111284,0,0,27,0
4,10,980326.0,-6.640062902078934,-2.42863258704684,TIME_LIMIT,111323,0,0,26,0
4,10,980619.0,-6.640062902078934,-2.42863258704684,TIME_LIMIT,111355,0,0,27,0
4,10,980949.0,-6.640062902078934,-2.42863258704684,TIME_LIMIT,111388,0,0,25,0
4,10,981254.0,-6.640062902078934,-2.42863258704684,TIME_LIMIT,111413,0,0,28,0
4,10,981550.0,-6.640062902078934,-2.42863258704684,TIME_LIMIT,111451,0,0,14,0
4,10,981854.0,-6.640062902078934,-2.42863258704684,TIME_LIMIT,111471,0,0,30,0
4,10,982187.0,-6.640062902078934,-2.42863258704684,TIME_LIMIT,111505,0,0,27,0
4,10,982475.0,-6.640062902078934,-2.42863258704684,TIME_LIMIT,111526,0,0,32,0
4,10,982767.0,-6.640062902078934,-2.42863258704684,TIME_LIMIT,111563,0,0,23,0
4,10,983075.0,-6.640062902078934,-2.42863258704684,TIME_LIMIT,111583,0,0,24,0
4,10,983366.0,-6.640062902078934,-2.42863258704684,TIME_LIMIT,111625,0,0,27,0
4,10,983695.0,-6.640062902078934,-2.42863258704684,TIME_LIMIT,111645,0,0,37,0
4,10,983987.0,-6.640062902078934,-2.42863258704684,TIME_LIMIT,111681,0,0,27,0
4,10,984290.0,-6.640062902078934,-2.42863258704684,TIME_LIMIT,111701,0,0,29,0
4,10,984582.0,-6.640062902078934,-2.42863258704684,TIME_LIMIT,111737,0,0,11,0
4,10,984910.0,-6.640062902078934,-2.42863258704684,TIME_LIMIT,111757,0,0,26,0
4,10,985200.0,-6.639734185531209,-2.42863258704684,TIME_LIMIT,111794,0,0,13,0
4,10,985503.0,-6.639734185531209,-2.42863258704684,TIME_LIMIT,111816,0,0,28,0
4,10,985794.0,-6.639734185531209,-2.42863258704684,TIME_LIMIT,111855,0,0,22,0
4,10,986097.0,-6.639734185531209,-2.42863258704684,TIME_LIMIT,111883,0,0,31,0
4,10,986432.0,-6.639734185531209,-2.42863258704684,TIME_LIMIT,111926,0,0,22,0
4,10,986723.0,-6.639734185531209,-2.42863258704684,TIME_LIMIT,111955,0,0,31,0
4,10,987028.0,-6.639734185531209,-2.42863258704684,TIME_LIMIT,111988,0,0,18,0
4,10,987317.0,-6.639734185531209,-2.42863258704684,TIME_LIMIT,112019,0,0,15,0
4,10,987651.0,-6.639734185531209,-2.42863258704684,TIME_LIMIT,112059,0,0,7,0
4,10,987949.0,-6.639734185531209,-2.42863258704684,TIME_LIMIT,112089,0,0,27,0
4,10,988240.0,-6.639734185531209,-2.42863258704684,TIME_LIMIT,112126,0,0,14,0
4,10,988545.0,-6.639734185531209,-2.42863258704684,TIME_LIMIT,112153,0,0,33,0
4,10,988833.0,-6.639734185531209,-2.42863258704684,TIME_LIMIT,112192,0,0,11,0
4,10,989162.0,-6.639734185531209,-2.42863258704684,TIME_LIMIT,112224,0,0,24,0
4,10,989451.0,-6.639734185531209,-2.42863258704684,TIME_LIMIT,112255,0,0,25,0
4,10,989754.0,-6.639734185531209,-2.42863258704684,TIME_LIMIT,112278,0,0,24,0
4,10,990040.0,-6.639734185531209,-2.42863258704684,TIME_LIMIT,112314,0,0,16,0
4,10,990375.0,-6.639734185531209,-2.42863258704684,TIME_LIMIT,112340,0,0,22,0
4,10,990665.0,-6.639734185531209,-2.42863258704684,TIME_LIMIT,112370,0,0,15,0
4,10,990971.0,-6.639734185531209,-2.42863258704684,TIME_LIMIT,112398,0,0,20,0
4,10,991264.0,-6.639236543011153,-2.42863258704684,TIME_LIMIT,112430,0,0,15,0
4,10,991566.0,-6.639236543011153,-2.42863258704684,TIME_LIMIT,112456,0,0,11,0
4,10,991902.0,-6.63916537101753,-2.42863258704684,TIME_LIMIT,112494,0,0,17,0
4,10,992193.0,-6.63916537101753,-2.42863258704684,TIME_LIMIT,112531,0,0,14,0
4,10,992498.0,-6.6389687640260195,-2.42863258704684,TIME_LIMIT,112560,0,0,11,0
4,10,992791.0,-6.6389687640260195,-2.42863258704684,TIME_LIMIT,112583,0,0,27,0
4,10,993095.0,-6.638733759638055,-2.42863258704684,TIME_LIMIT,112614,0,0,12,0
4,10,993409.0,-6.638733759638055,-2.42863258704684,TIME_LIMIT,112628,0,0,23,0
4,10,993702.0,-6.638271112991031,-2.42863258704684,TIME_LIMIT,112659,0,0,18,0
4,10,994010.0,-6.638271112991031,-2.42863258704684,TIME_LIMIT,112687,0,0,33,0
4,10,994301.0,-6.638271112991031,-2.42863258704684,TIME_LIMIT,112719,0,0,23,0
4,10,994637.0,-6.638271112991031,-2.42863258704684,TIME_LIMIT,112750,0,0,33,0
4,10,994933.0,-6.638271112991031,-2.42863258704684,TIME_LIMIT,112796,0,0,29,0
4,10,995240.0,-6.638271112991031,-2.42863258704684,TIME_LIMIT,112824,0,0,28,0
4,10,995533.0,-6.638271112991031,-2.42863258704684,TIME_LIMIT,112870,0,0,29,0
4,10,995838.0,-6.638271112991031,-2.42863258704684,TIME_LIMIT,112899,0,0,35,0
4,10,996156.0,-6.638271112991031,-2.42863258704684,TIME_LIMIT,112942,0,0,20,0
4,10,996454.0,-6.638271112991031,-2.42863258704684,TIME_LIMIT,112970,0,0,37,0
4,10,996760.0,-6.638271112991031,-2.42863258704684,TIME_LIMIT,113011,0,0,24,0
4,10,997053.0,-6.638271112991031,-2.42863258704684,TIME_LIMIT,113032,0,0,35,0
4,10,997386.0,-6.638147460024966,-2.42863258704684,TIME_LIMIT,113078,0,0,26,0
4,10,997681.0,-6.638147460024966,-2.42863258704684,TIME_LIMIT,113103,0,0,29,0
4,10,997984.0,-6.638147460024966,-2.42863258704684,TIME_LIMIT,113145,0,0,22,0
4,10,998281.0,-6.638147460024966,-2.42863258704684,TIME_LIMIT,113167,0,0,28,0
4,10,998595.0,-6.638147460024966,-2.42863258704684,TIME_LIMIT,113214,0,0,28,0
4,10,998915.0,-6.638147460024966,-2.42863258704684,TIME_LIMIT,113243,0,0,34,0
4,10,999208.0,-6.638147460024966,-2.42863258704684,TIME_LIMIT,113283,0,0,11,0
4,10,999514.0,-6.638147460024966,-2.42863258704684,TIME_LIMIT,113309,0,0,32,0
4,10,999808.0,-6.638147460024966,-2.42863258704684,TIME_LIMIT,113347,0,0,25,0
4,10,1.000141e6,-6.638147460024966,-2.42863258704684,TIME_LIMIT,113372,0,0,32,0
4,10,1.000436e6,-6.638147460024966,-2.42863258704684,TIME_LIMIT,113413,0,0,26,0
4,10,1.000741e6,-6.638147460024966,-2.42863258704684,TIME_LIMIT,113434,0,0,18,0
4,10,1.001038e6,-6.638147460024966,-2.42863258704684,TIME_LIMIT,113477,0,0,23,0
4,10,1.001343e6,-6.638147460024966,-2.42863258704684,TIME_LIMIT,113511,0,0,30,0
4,10,1.001679e6,-6.638147460024966,-2.42863258704684,TIME_LIMIT,113543,0,0,30,0
4,10,1.001973e6,-6.638147460024966,-2.42863258704684,TIME_LIMIT,113564,0,0,27,0
4,10,1.002307e6,-6.638147460024966,-2.42863258704684,TIME_LIMIT,113606,0,0,27,0
4,10,1.002611e6,-6.638147460024966,-2.42863258704684,TIME_LIMIT,113628,0,0,23,0
4,10,1.002927e6,-6.637885255850572,-2.42863258704684,TIME_LIMIT,113660,0,0,19,0
4,10,1.003224e6,-6.637885255850572,-2.42863258704684,TIME_LIMIT,113695,0,0,31,0
4,10,1.00353e6,-6.637526518348141,-2.42863258704684,TIME_LIMIT,113741,0,0,26,0
4,10,1.003825e6,-6.637526518348141,-2.42863258704684,TIME_LIMIT,113771,0,0,31,0
4,10,1.004131e6,-6.63740226262196,-2.42863258704684,TIME_LIMIT,113821,0,0,30,0
4,10,1.004492e6,-6.63740226262196,-2.42863258704684,TIME_LIMIT,113846,0,0,38,0
4,10,1.004787e6,-6.63740226262196,-2.42863258704684,TIME_LIMIT,113890,0,0,26,0
4,10,1.005093e6,-6.63740226262196,-2.42863258704684,TIME_LIMIT,113913,0,0,40,0
4,10,1.005388e6,-6.6371978894300305,-2.42863258704684,TIME_LIMIT,113956,0,0,21,0
4,10,1.005694e6,-6.6371978894300305,-2.42863258704684,TIME_LIMIT,113984,0,0,35,0
4,10,1.006048e6,-6.6371978894300305,-2.42863258704684,TIME_LIMIT,114025,0,0,21,0
4,10,1.006354e6,-6.6371978894300305,-2.42863258704684,TIME_LIMIT,114051,0,0,29,0
4,10,1.006663e6,-6.636783774213052,-2.42863258704684,TIME_LIMIT,114096,0,0,27,0
4,10,1.006962e6,-6.636783774213052,-2.42863258704684,TIME_LIMIT,114118,0,0,46,0
4,10,1.007297e6,-6.636783774213052,-2.42863258704684,TIME_LIMIT,114165,0,0,27,0
4,10,1.007595e6,-6.636783774213052,-2.42863258704684,TIME_LIMIT,114203,0,0,32,0
4,10,1.007913e6,-6.636260445770839,-2.42863258704684,TIME_LIMIT,114252,0,0,25,0
4,10,1.008206e6,-6.636260445770839,-2.42863258704684,TIME_LIMIT,114279,0,0,38,0
4,10,1.008505e6,-6.6362385203704495,-2.42863258704684,TIME_LIMIT,114325,0,0,24,0
4,10,1.008835e6,-6.6362385203704495,-2.42863258704684,TIME_LIMIT,114364,0,0,29,0
4,10,1.009128e6,-6.6362385203704495,-2.42863258704684,TIME_LIMIT,114398,0,0,29,0
4,10,1.009437e6,-6.6362385203704495,-2.42863258704684,TIME_LIMIT,114427,0,0,25,0
4,10,1.009763e6,-6.63604912078239,-2.42863258704684,TIME_LIMIT,114473,0,0,28,0
4,10,1.010111e6,-6.63604912078239,-2.42863258704684,TIME_LIMIT,114507,0,0,39,0
4,10,1.010403e6,-6.635954583179158,-2.42863258704684,TIME_LIMIT,114549,0,0,21,0
4,10,1.010715e6,-6.635954583179158,-2.42863258704684,TIME_LIMIT,114579,0,0,28,0
4,10,1.011017e6,-6.63564459272782,-2.42863258704684,TIME_LIMIT,114615,0,0,22,0
4,10,1.011316e6,-6.63564459272782,-2.42863258704684,TIME_LIMIT,114645,0,0,32,0
4,10,1.01165e6,-6.63564459272782,-2.42863258704684,TIME_LIMIT,114687,0,0,21,0
4,10,1.011948e6,-6.63564459272782,-2.42863258704684,TIME_LIMIT,114711,0,0,31,0
4,10,1.012255e6,-6.63564459272782,-2.42863258704684,TIME_LIMIT,114754,0,0,28,0
4,10,1.012548e6,-6.63564459272782,-2.42863258704684,TIME_LIMIT,114783,0,0,32,0
4,10,1.012858e6,-6.63479594490319,-2.42863258704684,TIME_LIMIT,114815,0,0,14,0
4,10,1.013177e6,-6.63479594490319,-2.42863258704684,TIME_LIMIT,114840,0,0,10,0
4,10,1.013488e6,-6.63479594490319,-2.42863258704684,TIME_LIMIT,114886,0,0,26,0
4,10,1.013803e6,-6.63479594490319,-2.42863258704684,TIME_LIMIT,114914,0,0,33,0
4,10,1.014096e6,-6.63479594490319,-2.42863258704684,TIME_LIMIT,114961,0,0,32,0
4,10,1.014434e6,-6.63479594490319,-2.42863258704684,TIME_LIMIT,114984,0,0,15,0
4,10,1.014727e6,-6.63479594490319,-2.42863258704684,TIME_LIMIT,115026,0,0,26,0
4,10,1.015048e6,-6.63479594490319,-2.42863258704684,TIME_LIMIT,115059,0,0,35,0
4,10,1.015337e6,-6.63479594490319,-2.42863258704684,TIME_LIMIT,115087,0,0,34,0
4,10,1.015638e6,-6.63479594490319,-2.42863258704684,TIME_LIMIT,115112,0,0,20,0
4,10,1.015966e6,-6.63479594490319,-2.42863258704684,TIME_LIMIT,115149,0,0,24,0
4,10,1.016263e6,-6.63479594490319,-2.42863258704684,TIME_LIMIT,115173,0,0,33,0
4,10,1.016567e6,-6.63479594490319,-2.42863258704684,TIME_LIMIT,115211,0,0,22,0
4,10,1.016863e6,-6.63479594490319,-2.42863258704684,TIME_LIMIT,115234,0,0,12,0
4,10,1.017198e6,-6.63479594490319,-2.42863258704684,TIME_LIMIT,115279,0,0,25,0
4,10,1.017488e6,-6.63479594490319,-2.42863258704684,TIME_LIMIT,115299,0,0,23,0
4,10,1.017796e6,-6.63479594490319,-2.42863258704684,TIME_LIMIT,115337,0,0,25,0
4,10,1.018086e6,-6.63479594490319,-2.42863258704684,TIME_LIMIT,115360,0,0,12,0
4,10,1.018381e6,-6.63479594490319,-2.42863258704684,TIME_LIMIT,115400,0,0,28,0
4,10,1.01871e6,-6.63479594490319,-2.42863258704684,TIME_LIMIT,115423,0,0,29,0
4,10,1.019009e6,-6.63479594490319,-2.42863258704684,TIME_LIMIT,115459,0,0,22,0
4,10,1.019313e6,-6.63479594490319,-2.42863258704684,TIME_LIMIT,115484,0,0,22,0
4,10,1.019604e6,-6.63479594490319,-2.42863258704684,TIME_LIMIT,115520,0,0,18,0
4,10,1.01994e6,-6.63479594490319,-2.42863258704684,TIME_LIMIT,115557,0,0,33,0
4,10,1.02024e6,-6.63479594490319,-2.42863258704684,TIME_LIMIT,115586,0,0,21,0
4,10,1.020542e6,-6.63479594490319,-2.42863258704684,TIME_LIMIT,115610,0,0,20,0
4,10,1.020842e6,-6.63479594490319,-2.42863258704684,TIME_LIMIT,115652,0,0,29,0
4,10,1.021145e6,-6.63479594490319,-2.42863258704684,TIME_LIMIT,115677,0,0,12,0
4,10,1.021486e6,-6.63479594490319,-2.42863258704684,TIME_LIMIT,115711,0,0,19,0
4,10,1.021781e6,-6.63479594490319,-2.42863258704684,TIME_LIMIT,115733,0,0,17,0
4,10,1.022078e6,-6.63479594490319,-2.42863258704684,TIME_LIMIT,115771,0,0,27,0
4,10,1.022382e6,-6.63479594490319,-2.42863258704684,TIME_LIMIT,115789,0,0,30,0
4,10,1.02268e6,-6.634188916064918,-2.42863258704684,TIME_LIMIT,115824,0,0,22,0
4,10,1.023019e6,-6.634188916064918,-2.42863258704684,TIME_LIMIT,115846,0,0,40,0
4,10,1.023316e6,-6.634188916064918,-2.42863258704684,TIME_LIMIT,115891,0,0,13,0
4,10,1.023624e6,-6.634188916064918,-2.42863258704684,TIME_LIMIT,115926,0,0,30,0
4,10,1.023918e6,-6.634188916064918,-2.42863258704684,TIME_LIMIT,115956,0,0,25,0
4,10,1.02425e6,-6.634188916064918,-2.42863258704684,TIME_LIMIT,115978,0,0,35,0
4,10,1.024546e6,-6.634188916064918,-2.42863258704684,TIME_LIMIT,116023,0,0,27,0
4,10,1.024853e6,-6.634188916064918,-2.42863258704684,TIME_LIMIT,116040,0,0,35,0
4,10,1.025151e6,-6.634188916064918,-2.42863258704684,TIME_LIMIT,116083,0,0,28,0
4,10,1.025456e6,-6.634188916064918,-2.42863258704684,TIME_LIMIT,116106,0,0,32,0
4,10,1.025775e6,-6.634188916064918,-2.42863258704684,TIME_LIMIT,116147,0,0,26,0
4,10,1.026069e6,-6.634188916064918,-2.42863258704684,TIME_LIMIT,116169,0,0,33,0
4,10,1.026374e6,-6.634188916064918,-2.42863258704684,TIME_LIMIT,116211,0,0,30,0
4,10,1.026668e6,-6.634188916064918,-2.42863258704684,TIME_LIMIT,116234,0,0,32,0
4,10,1.026974e6,-6.634188916064918,-2.42863258704684,TIME_LIMIT,116274,0,0,22,0
4,10,1.027296e6,-6.634188916064918,-2.42863258704684,TIME_LIMIT,116300,0,0,30,0
4,10,1.027587e6,-6.634188916064918,-2.42863258704684,TIME_LIMIT,116341,0,0,25,0
4,10,1.027896e6,-6.634188916064918,-2.42863258704684,TIME_LIMIT,116370,0,0,19,0
4,10,1.028192e6,-6.634188916064918,-2.42863258704684,TIME_LIMIT,116409,0,0,25,0
4,10,1.028529e6,-6.634188916064918,-2.42863258704684,TIME_LIMIT,116428,0,0,26,0
4,10,1.028822e6,-6.634188916064918,-2.42863258704684,TIME_LIMIT,116468,0,0,11,0
4,10,1.029129e6,-6.634188916064918,-2.42863258704684,TIME_LIMIT,116503,0,0,37,0
4,10,1.02942e6,-6.634188916064918,-2.42863258704684,TIME_LIMIT,116533,0,0,32,0
4,10,1.029721e6,-6.634188916064918,-2.42863258704684,TIME_LIMIT,116554,0,0,29,0
4,10,1.030046e6,-6.634188916064918,-2.42863258704684,TIME_LIMIT,116592,0,0,10,0
4,10,1.03034e6,-6.634188916064918,-2.42863258704684,TIME_LIMIT,116611,0,0,31,0
4,10,1.030655e6,-6.634188916064918,-2.42863258704684,TIME_LIMIT,116654,0,0,26,0
4,10,1.030949e6,-6.634188916064918,-2.42863258704684,TIME_LIMIT,116674,0,0,23,0
4,10,1.03128e6,-6.634188916064918,-2.42863258704684,TIME_LIMIT,116714,0,0,24,0
4,10,1.031573e6,-6.634188916064918,-2.42863258704684,TIME_LIMIT,116737,0,0,31,0
4,10,1.031889e6,-6.634188916064918,-2.42863258704684,TIME_LIMIT,116773,0,0,25,0
4,10,1.032184e6,-6.634188916064918,-2.42863258704684,TIME_LIMIT,116804,0,0,32,0
4,10,1.032478e6,-6.634188916064918,-2.42863258704684,TIME_LIMIT,116840,0,0,33,0
4,10,1.032811e6,-6.634188916064918,-2.42863258704684,TIME_LIMIT,116865,0,0,32,0
4,10,1.033105e6,-6.634188916064918,-2.42863258704684,TIME_LIMIT,116902,0,0,22,0
4,10,1.033412e6,-6.634188916064918,-2.42863258704684,TIME_LIMIT,116925,0,0,30,0
4,10,1.033701e6,-6.634188916064918,-2.42863258704684,TIME_LIMIT,116961,0,0,21,0
4,10,1.034009e6,-6.634188916064918,-2.42863258704684,TIME_LIMIT,116983,0,0,36,0
4,10,1.03433e6,-6.634188916064918,-2.42863258704684,TIME_LIMIT,117013,0,0,24,0
4,10,1.034625e6,-6.634188916064918,-2.42863258704684,TIME_LIMIT,117042,0,0,28,0
4,10,1.034932e6,-6.634188916064918,-2.42863258704684,TIME_LIMIT,117075,0,0,20,0
4,10,1.035227e6,-6.634188916064918,-2.42863258704684,TIME_LIMIT,117098,0,0,39,0
4,10,1.035557e6,-6.634188916064918,-2.42863258704684,TIME_LIMIT,117131,0,0,24,0
4,10,1.035847e6,-6.634188916064918,-2.42863258704684,TIME_LIMIT,117154,0,0,22,0
4,10,1.03614e6,-6.634188916064918,-2.42863258704684,TIME_LIMIT,117186,0,0,22,0
4,10,1.036435e6,-6.634188916064918,-2.42863258704684,TIME_LIMIT,117210,0,0,27,0
4,10,1.036739e6,-6.634188916064918,-2.42863258704684,TIME_LIMIT,117249,0,0,27,0
4,10,1.037079e6,-6.634188916064918,-2.42863258704684,TIME_LIMIT,117271,0,0,41,0
4,10,1.03737e6,-6.634188916064918,-2.42863258704684,TIME_LIMIT,117310,0,0,27,0
4,10,1.037668e6,-6.634188916064918,-2.42863258704684,TIME_LIMIT,117336,0,0,30,0
4,10,1.037974e6,-6.634188916064918,-2.42863258704684,TIME_LIMIT,117371,0,0,21,0
4,10,1.038299e6,-6.634188916064918,-2.42863258704684,TIME_LIMIT,117398,0,0,33,0
4,10,1.038601e6,-6.634188916064918,-2.42863258704684,TIME_LIMIT,117430,0,0,20,0
4,10,1.038896e6,-6.634188916064918,-2.42863258704684,TIME_LIMIT,117454,0,0,27,0
4,10,1.039189e6,-6.634104921456823,-2.42863258704684,TIME_LIMIT,117489,0,0,10,0
4,10,1.039494e6,-6.634104921456823,-2.42863258704684,TIME_LIMIT,117508,0,0,38,0
4,10,1.039837e6,-6.633898051217518,-2.42863258704684,TIME_LIMIT,117542,0,0,28,0
4,10,1.040139e6,-6.633898051217518,-2.42863258704684,TIME_LIMIT,117578,0,0,37,0
4,10,1.040457e6,-6.633275287458427,-2.42863258704684,TIME_LIMIT,117616,0,0,25,0
4,10,1.040749e6,-6.633275287458427,-2.42863258704684,TIME_LIMIT,117649,0,0,30,0
4,10,1.041041e6,-6.632827922226085,-2.42863258704684,TIME_LIMIT,117695,0,0,27,0
4,10,1.041362e6,-6.632827922226085,-2.42863258704684,TIME_LIMIT,117719,0,0,28,0
4,10,1.04166e6,-6.632827922226085,-2.42863258704684,TIME_LIMIT,117760,0,0,31,0
4,10,1.041973e6,-6.632827922226085,-2.42863258704684,TIME_LIMIT,117780,0,0,27,0
4,10,1.042258e6,-6.632293309598884,-2.42863258704684,TIME_LIMIT,117820,0,0,24,0
4,10,1.042585e6,-6.632293309598884,-2.42863258704684,TIME_LIMIT,117848,0,0,24,0
4,10,1.042892e6,-6.632293309598884,-2.42863258704684,TIME_LIMIT,117884,0,0,27,0
4,10,1.043196e6,-6.632293309598884,-2.42863258704684,TIME_LIMIT,117905,0,0,18,0
4,10,1.043502e6,-6.632033681653192,-2.42863258704684,TIME_LIMIT,117944,0,0,25,0
4,10,1.04381e6,-6.632033681653192,-2.42863258704684,TIME_LIMIT,117967,0,0,27,0
4,10,1.044153e6,-6.631968309179532,-2.42863258704684,TIME_LIMIT,118008,0,0,23,0
4,10,1.044454e6,-6.631968309179532,-2.42863258704684,TIME_LIMIT,118036,0,0,43,0
4,10,1.044746e6,-6.631645159835438,-2.42863258704684,TIME_LIMIT,118078,0,0,26,0
4,10,1.045049e6,-6.631645159835438,-2.42863258704684,TIME_LIMIT,118119,0,0,27,0
4,10,1.045359e6,-6.631645159835438,-2.42863258704684,TIME_LIMIT,118147,0,0,27,0
4,10,1.045678e6,-6.631645159835438,-2.42863258704684,TIME_LIMIT,118173,0,0,28,0
4,10,1.04597e6,-6.631388606000897,-2.42863258704684,TIME_LIMIT,118212,0,0,24,0
4,10,1.046263e6,-6.631388606000897,-2.42863258704684,TIME_LIMIT,118244,0,0,30,0
4,10,1.046556e6,-6.631388606000897,-2.42863258704684,TIME_LIMIT,118282,0,0,20,0
4,10,1.046877e6,-6.631388606000897,-2.42863258704684,TIME_LIMIT,118306,0,0,34,0
4,10,1.047174e6,-6.631388606000897,-2.42863258704684,TIME_LIMIT,118346,0,0,25,0
4,10,1.047495e6,-6.631388606000897,-2.42863258704684,TIME_LIMIT,118374,0,0,40,0
4,10,1.047785e6,-6.631388606000897,-2.42863258704684,TIME_LIMIT,118409,0,0,21,0
4,10,1.048076e6,-6.631388606000897,-2.42863258704684,TIME_LIMIT,118432,0,0,41,0
4,10,1.048397e6,-6.630838820555812,-2.42863258704684,TIME_LIMIT,118472,0,0,22,0
4,10,1.048699e6,-6.630838820555812,-2.42863258704684,TIME_LIMIT,118503,0,0,33,0
4,10,1.048992e6,-6.630838820555812,-2.42863258704684,TIME_LIMIT,118547,0,0,26,0
4,10,1.049282e6,-6.630838820555812,-2.42863258704684,TIME_LIMIT,118575,0,0,36,0
4,10,1.049575e6,-6.630838820555812,-2.42863258704684,TIME_LIMIT,118625,0,0,27,0
4,10,1.049896e6,-6.630838820555812,-2.42863258704684,TIME_LIMIT,118652,0,0,26,0
4,10,1.050188e6,-6.630838820555812,-2.42863258704684,TIME_LIMIT,118700,0,0,24,0
4,10,1.050482e6,-6.630838820555812,-2.42863258704684,TIME_LIMIT,118728,0,0,27,0
4,10,1.050774e6,-6.630838820555812,-2.42863258704684,TIME_LIMIT,118773,0,0,27,0
4,10,1.051131e6,-6.630838820555812,-2.42863258704684,TIME_LIMIT,118797,0,0,28,0
4,10,1.051429e6,-6.630838820555812,-2.42863258704684,TIME_LIMIT,118848,0,0,27,0
4,10,1.051722e6,-6.630838820555812,-2.42863258704684,TIME_LIMIT,118874,0,0,27,0
4,10,1.052018e6,-6.630838820555812,-2.42863258704684,TIME_LIMIT,118909,0,0,21,0
4,10,1.052325e6,-6.630838820555812,-2.42863258704684,TIME_LIMIT,118935,0,0,28,0
4,10,1.052642e6,-6.630838820555812,-2.42863258704684,TIME_LIMIT,118983,0,0,22,0
4,10,1.052936e6,-6.630838820555812,-2.42863258704684,TIME_LIMIT,119016,0,0,38,0
4,10,1.053226e6,-6.630838820555812,-2.42863258704684,TIME_LIMIT,119051,0,0,25,0
4,10,1.053523e6,-6.630838820555812,-2.42863258704684,TIME_LIMIT,119076,0,0,28,0
4,10,1.05381e6,-6.630838820555812,-2.42863258704684,TIME_LIMIT,119120,0,0,25,0
4,10,1.054132e6,-6.630838820555812,-2.42863258704684,TIME_LIMIT,119148,0,0,31,0
4,10,1.054422e6,-6.630838820555812,-2.42863258704684,TIME_LIMIT,119190,0,0,22,0
4,10,1.05472e6,-6.630838820555812,-2.42863258704684,TIME_LIMIT,119217,0,0,34,0
4,10,1.055029e6,-6.630838820555812,-2.42863258704684,TIME_LIMIT,119264,0,0,25,0
4,10,1.055352e6,-6.630838820555812,-2.42863258704684,TIME_LIMIT,119294,0,0,31,0
4,10,1.055647e6,-6.630838820555812,-2.42863258704684,TIME_LIMIT,119331,0,0,20,0
4,10,1.055964e6,-6.630838820555812,-2.42863258704684,TIME_LIMIT,119351,0,0,32,0
4,10,1.056255e6,-6.630838820555812,-2.42863258704684,TIME_LIMIT,119400,0,0,29,0
4,10,1.056548e6,-6.630838820555812,-2.42863258704684,TIME_LIMIT,119430,0,0,32,0
4,10,1.056887e6,-6.630838820555812,-2.42863258704684,TIME_LIMIT,119465,0,0,23,0
4,10,1.057193e6,-6.630838820555812,-2.42863258704684,TIME_LIMIT,119496,0,0,25,0
4,10,1.057484e6,-6.630838820555812,-2.42863258704684,TIME_LIMIT,119531,0,0,25,0
4,10,1.057778e6,-6.630838820555812,-2.42863258704684,TIME_LIMIT,119557,0,0,31,0
4,10,1.058083e6,-6.630838820555812,-2.42863258704684,TIME_LIMIT,119600,0,0,29,0
4,10,1.05842e6,-6.630838820555812,-2.42863258704684,TIME_LIMIT,119627,0,0,30,0
4,10,1.058712e6,-6.630838820555812,-2.42863258704684,TIME_LIMIT,119662,0,0,23,0
4,10,1.059009e6,-6.630838820555812,-2.42863258704684,TIME_LIMIT,119691,0,0,35,0
4,10,1.059302e6,-6.630838820555812,-2.42863258704684,TIME_LIMIT,119729,0,0,13,0
4,10,1.05964e6,-6.630838820555812,-2.42863258704684,TIME_LIMIT,119750,0,0,31,0
4,10,1.059932e6,-6.630838820555812,-2.42863258704684,TIME_LIMIT,119790,0,0,21,0
4,10,1.060223e6,-6.630838820555812,-2.42863258704684,TIME_LIMIT,119819,0,0,27,0
4,10,1.060515e6,-6.630838820555812,-2.42863258704684,TIME_LIMIT,119852,0,0,25,0
4,10,1.060804e6,-6.630838820555812,-2.42863258704684,TIME_LIMIT,119879,0,0,30,0
4,10,1.061123e6,-6.630838820555812,-2.42863258704684,TIME_LIMIT,119917,0,0,24,0
4,10,1.061415e6,-6.630838820555812,-2.42863258704684,TIME_LIMIT,119943,0,0,29,0
4,10,1.061708e6,-6.630838820555812,-2.42863258704684,TIME_LIMIT,119978,0,0,17,0
4,10,1.061999e6,-6.630838820555812,-2.42863258704684,TIME_LIMIT,120003,0,0,26,0
4,10,1.062288e6,-6.630550120824287,-2.42863258704684,TIME_LIMIT,120043,0,0,25,0
4,10,1.062619e6,-6.630550120824287,-2.42863258704684,TIME_LIMIT,120072,0,0,29,0
4,10,1.062912e6,-6.630550120824287,-2.42863258704684,TIME_LIMIT,120125,0,0,30,0
4,10,1.063206e6,-6.630550120824287,-2.42863258704684,TIME_LIMIT,120157,0,0,39,0
4,10,1.063498e6,-6.630550120824287,-2.42863258704684,TIME_LIMIT,120204,0,0,24,0
4,10,1.063818e6,-6.630550120824287,-2.42863258704684,TIME_LIMIT,120241,0,0,35,0
4,10,1.064112e6,-6.630322069990491,-2.42863258704684,TIME_LIMIT,120286,0,0,24,0
4,10,1.064405e6,-6.630322069990491,-2.42863258704684,TIME_LIMIT,120310,0,0,25,0
4,10,1.064695e6,-6.630322069990491,-2.42863258704684,TIME_LIMIT,120354,0,0,25,0
4,10,1.06499e6,-6.630322069990491,-2.42863258704684,TIME_LIMIT,120386,0,0,33,0
4,10,1.065311e6,-6.630322069990491,-2.42863258704684,TIME_LIMIT,120423,0,0,26,0
4,10,1.065623e6,-6.630322069990491,-2.42863258704684,TIME_LIMIT,120446,0,0,28,0
4,10,1.065913e6,-6.630322069990491,-2.42863258704684,TIME_LIMIT,120490,0,0,25,0
4,10,1.066209e6,-6.630322069990491,-2.42863258704684,TIME_LIMIT,120520,0,0,30,0
4,10,1.066498e6,-6.630087616938534,-2.42863258704684,TIME_LIMIT,120566,0,0,15,0
4,10,1.066819e6,-6.630087616938534,-2.42863258704684,TIME_LIMIT,120599,0,0,34,0
4,10,1.067115e6,-6.6300123921339615,-2.42863258704684,TIME_LIMIT,120640,0,0,23,0
4,10,1.067422e6,-6.6300123921339615,-2.42863258704684,TIME_LIMIT,120669,0,0,26,0
4,10,1.067714e6,-6.629893270631157,-2.42863258704684,TIME_LIMIT,120700,0,0,33,0
4,10,1.068033e6,-6.629893270631157,-2.42863258704684,TIME_LIMIT,120732,0,0,24,0
4,10,1.068327e6,-6.629893270631157,-2.42863258704684,TIME_LIMIT,120775,0,0,26,0
4,10,1.06862e6,-6.629893270631157,-2.42863258704684,TIME_LIMIT,120809,0,0,31,0
4,10,1.068927e6,-6.6298058191415254,-2.42863258704684,TIME_LIMIT,120849,0,0,23,0
4,10,1.069218e6,-6.6298058191415254,-2.42863258704684,TIME_LIMIT,120881,0,0,35,0
4,10,1.069538e6,-6.6298058191415254,-2.42863258704684,TIME_LIMIT,120924,0,0,16,0
4,10,1.069836e6,-6.6298058191415254,-2.42863258704684,TIME_LIMIT,120947,0,0,34,0
4,10,1.070135e6,-6.6298058191415254,-2.42863258704684,TIME_LIMIT,120993,0,0,29,0
4,10,1.070444e6,-6.6298058191415254,-2.42863258704684,TIME_LIMIT,121017,0,0,38,0
4,10,1.070734e6,-6.6298058191415254,-2.42863258704684,TIME_LIMIT,121062,0,0,24,0
4,10,1.071076e6,-6.6298058191415254,-2.42863258704684,TIME_LIMIT,121085,0,0,34,0
4,10,1.071373e6,-6.6298058191415254,-2.42863258704684,TIME_LIMIT,121131,0,0,27,0
4,10,1.071682e6,-6.6298058191415254,-2.42863258704684,TIME_LIMIT,121157,0,0,26,0
4,10,1.071972e6,-6.6298058191415254,-2.42863258704684,TIME_LIMIT,121195,0,0,27,0
4,10,1.072296e6,-6.6298058191415254,-2.42863258704684,TIME_LIMIT,121222,0,0,37,0
4,10,1.072588e6,-6.6298058191415254,-2.42863258704684,TIME_LIMIT,121258,0,0,21,0
4,10,1.072882e6,-6.6298058191415254,-2.42863258704684,TIME_LIMIT,121294,0,0,21,0
4,10,1.073179e6,-6.6298058191415254,-2.42863258704684,TIME_LIMIT,121334,0,0,29,0
4,10,1.073471e6,-6.6298058191415254,-2.42863258704684,TIME_LIMIT,121358,0,0,22,0
4,10,1.073796e6,-6.6298058191415254,-2.42863258704684,TIME_LIMIT,121398,0,0,25,0
4,10,1.074087e6,-6.6298058191415254,-2.42863258704684,TIME_LIMIT,121430,0,0,34,0
4,10,1.074378e6,-6.629731411543148,-2.42863258704684,TIME_LIMIT,121463,0,0,24,0
4,10,1.074675e6,-6.629731411543148,-2.42863258704684,TIME_LIMIT,121491,0,0,40,0
4,10,1.074981e6,-6.629731411543148,-2.42863258704684,TIME_LIMIT,121542,0,0,23,0
4,10,1.075309e6,-6.629731411543148,-2.42863258704684,TIME_LIMIT,121566,0,0,34,0
4,10,1.075615e6,-6.629731411543148,-2.42863258704684,TIME_LIMIT,121616,0,0,27,0
4,10,1.075911e6,-6.629731411543148,-2.42863258704684,TIME_LIMIT,121652,0,0,27,0
4,10,1.076205e6,-6.629432357525132,-2.42863258704684,TIME_LIMIT,121696,0,0,23,0
4,10,1.076495e6,-6.629432357525132,-2.42863258704684,TIME_LIMIT,121721,0,0,27,0
4,10,1.076817e6,-6.6290273039559455,-2.42863258704684,TIME_LIMIT,121762,0,0,25,0
4,10,1.077122e6,-6.6290273039559455,-2.42863258704684,TIME_LIMIT,121789,0,0,24,0
4,10,1.077419e6,-6.628676724643658,-2.42863258704684,TIME_LIMIT,121822,0,0,29,0
4,10,1.077713e6,-6.628676724643658,-2.42863258704684,TIME_LIMIT,121843,0,0,33,0
4,10,1.078047e6,-6.628538686094565,-2.42863258704684,TIME_LIMIT,121885,0,0,26,0
4,10,1.07834e6,-6.628538686094565,-2.42863258704684,TIME_LIMIT,121908,0,0,36,0
4,10,1.078632e6,-6.628226378551281,-2.42863258704684,TIME_LIMIT,121951,0,0,24,0
4,10,1.078929e6,-6.628226378551281,-2.42863258704684,TIME_LIMIT,121974,0,0,32,0
4,10,1.079219e6,-6.628198932882775,-2.42863258704684,TIME_LIMIT,122014,0,0,27,0
4,10,1.079544e6,-6.628198932882775,-2.42863258704684,TIME_LIMIT,122044,0,0,29,0
4,10,1.079832e6,-6.6281297426145365,-2.42863258704684,TIME_LIMIT,122092,0,0,24,0
4,10,1.080131e6,-6.6281297426145365,-2.42863258704684,TIME_LIMIT,122115,0,0,36,0
4,10,1.080424e6,-6.6281297426145365,-2.42863258704684,TIME_LIMIT,122161,0,0,28,0
4,10,1.080714e6,-6.6281297426145365,-2.42863258704684,TIME_LIMIT,122194,0,0,44,0
4,10,1.081063e6,-6.6281297426145365,-2.42863258704684,TIME_LIMIT,122234,0,0,27,0
4,10,1.081363e6,-6.6281297426145365,-2.42863258704684,TIME_LIMIT,122266,0,0,43,0
4,10,1.081658e6,-6.6281297426145365,-2.42863258704684,TIME_LIMIT,122317,0,0,30,0
4,10,1.081956e6,-6.6281297426145365,-2.42863258704684,TIME_LIMIT,122347,0,0,37,0
4,10,1.082277e6,-6.6281297426145365,-2.42863258704684,TIME_LIMIT,122386,0,0,24,0
4,10,1.082573e6,-6.6281297426145365,-2.42863258704684,TIME_LIMIT,122405,0,0,16,0
4,10,1.082865e6,-6.6281297426145365,-2.42863258704684,TIME_LIMIT,122445,0,0,28,0
4,10,1.083158e6,-6.6281297426145365,-2.42863258704684,TIME_LIMIT,122484,0,0,34,0
4,10,1.083451e6,-6.6281297426145365,-2.42863258704684,TIME_LIMIT,122517,0,0,30,0
4,10,1.083771e6,-6.6281297426145365,-2.42863258704684,TIME_LIMIT,122546,0,0,32,0
4,10,1.084069e6,-6.6281297426145365,-2.42863258704684,TIME_LIMIT,122590,0,0,28,0
4,10,1.084364e6,-6.6281297426145365,-2.42863258704684,TIME_LIMIT,122621,0,0,39,0
4,10,1.084655e6,-6.6281297426145365,-2.42863258704684,TIME_LIMIT,122659,0,0,25,0
4,10,1.084981e6,-6.6281297426145365,-2.42863258704684,TIME_LIMIT,122688,0,0,42,0
4,10,1.085301e6,-6.6281297426145365,-2.42863258704684,TIME_LIMIT,122728,0,0,26,0
4,10,1.085594e6,-6.6281297426145365,-2.42863258704684,TIME_LIMIT,122760,0,0,33,0
4,10,1.085887e6,-6.6281297426145365,-2.42863258704684,TIME_LIMIT,122800,0,0,28,0
4,10,1.086185e6,-6.6281297426145365,-2.42863258704684,TIME_LIMIT,122820,0,0,27,0
4,10,1.086475e6,-6.627937492579605,-2.42863258704684,TIME_LIMIT,122859,0,0,13,0
4,10,1.086797e6,-6.627937492579605,-2.42863258704684,TIME_LIMIT,122886,0,0,35,0
4,10,1.087091e6,-6.627937492579605,-2.42863258704684,TIME_LIMIT,122931,0,0,10,0
4,10,1.087386e6,-6.627937492579605,-2.42863258704684,TIME_LIMIT,122961,0,0,35,0
4,10,1.087676e6,-6.627875447216002,-2.42863258704684,TIME_LIMIT,123007,0,0,26,0
4,10,1.088004e6,-6.627875447216002,-2.42863258704684,TIME_LIMIT,123026,0,0,27,0
4,10,1.088314e6,-6.627875447216002,-2.42863258704684,TIME_LIMIT,123063,0,0,26,0
4,10,1.088633e6,-6.627875447216002,-2.42863258704684,TIME_LIMIT,123086,0,0,28,0
4,10,1.088926e6,-6.627875447216002,-2.42863258704684,TIME_LIMIT,123119,0,0,21,0
4,10,1.089221e6,-6.627875447216002,-2.42863258704684,TIME_LIMIT,123139,0,0,27,0
4,10,1.089539e6,-6.627875447216002,-2.42863258704684,TIME_LIMIT,123175,0,0,27,0
4,10,1.089834e6,-6.627875447216002,-2.42863258704684,TIME_LIMIT,123196,0,0,30,0
4,10,1.090128e6,-6.627875447216002,-2.42863258704684,TIME_LIMIT,123228,0,0,21,0
4,10,1.090422e6,-6.627875447216002,-2.42863258704684,TIME_LIMIT,123247,0,0,26,0
4,10,1.090711e6,-6.627875447216002,-2.42863258704684,TIME_LIMIT,123285,0,0,12,0
4,10,1.09105e6,-6.627875447216002,-2.42863258704684,TIME_LIMIT,123302,0,0,20,0
4,10,1.091341e6,-6.627747128918919,-2.42863258704684,TIME_LIMIT,123338,0,0,21,0
4,10,1.091658e6,-6.627747128918919,-2.42863258704684,TIME_LIMIT,123368,0,0,33,0
4,10,1.091955e6,-6.627747128918919,-2.42863258704684,TIME_LIMIT,123415,0,0,9,0
4,10,1.092277e6,-6.627747128918919,-2.42863258704684,TIME_LIMIT,123450,0,0,25,0
4,10,1.092641e6,-6.627451368340138,-2.42863258704684,TIME_LIMIT,123478,0,0,26,0
4,10,1.092935e6,-6.627451368340138,-2.42863258704684,TIME_LIMIT,123505,0,0,28,0
4,10,1.093228e6,-6.627451368340138,-2.42863258704684,TIME_LIMIT,123547,0,0,22,0
4,10,1.093522e6,-6.627451368340138,-2.42863258704684,TIME_LIMIT,123572,0,0,19,0
4,10,1.093841e6,-6.627451368340138,-2.42863258704684,TIME_LIMIT,123611,0,0,21,0
4,10,1.094136e6,-6.627451368340138,-2.42863258704684,TIME_LIMIT,123646,0,0,24,0
4,10,1.094433e6,-6.627451368340138,-2.42863258704684,TIME_LIMIT,123675,0,0,22,0
4,10,1.094766e6,-6.627451368340138,-2.42863258704684,TIME_LIMIT,123705,0,0,30,0
4,10,1.095076e6,-6.627451368340138,-2.42863258704684,TIME_LIMIT,123743,0,0,23,0
4,10,1.095399e6,-6.627451368340138,-2.42863258704684,TIME_LIMIT,123766,0,0,25,0
4,10,1.095692e6,-6.62729276712542,-2.42863258704684,TIME_LIMIT,123814,0,0,23,0
4,10,1.09599e6,-6.62729276712542,-2.42863258704684,TIME_LIMIT,123844,0,0,34,0
4,10,1.096304e6,-6.627213547816198,-2.42863258704684,TIME_LIMIT,123879,0,0,21,0
4,10,1.096598e6,-6.627213547816198,-2.42863258704684,TIME_LIMIT,123905,0,0,33,0
4,10,1.096924e6,-6.6271241496263205,-2.42863258704684,TIME_LIMIT,123949,0,0,28,0
4,10,1.097233e6,-6.6271241496263205,-2.42863258704684,TIME_LIMIT,123976,0,0,20,0
4,10,1.097527e6,-6.626889946288079,-2.42863258704684,TIME_LIMIT,124014,0,0,23,0
4,10,1.097824e6,-6.626889946288079,-2.42863258704684,TIME_LIMIT,124044,0,0,22,0
4,10,1.098116e6,-6.626889946288079,-2.42863258704684,TIME_LIMIT,124088,0,0,25,0
4,10,1.098438e6,-6.626889946288079,-2.42863258704684,TIME_LIMIT,124119,0,0,22,0
4,10,1.098733e6,-6.626837127878437,-2.42863258704684,TIME_LIMIT,124158,0,0,26,0
4,10,1.099044e6,-6.626837127878437,-2.42863258704684,TIME_LIMIT,124190,0,0,12,0
4,10,1.099338e6,-6.626837127878437,-2.42863258704684,TIME_LIMIT,124237,0,0,27,0
4,10,1.099664e6,-6.626837127878437,-2.42863258704684,TIME_LIMIT,124266,0,0,32,0
4,10,1.099957e6,-6.626837127878437,-2.42863258704684,TIME_LIMIT,124307,0,0,23,0
4,10,1.100248e6,-6.626837127878437,-2.42863258704684,TIME_LIMIT,124331,0,0,26,0
4,10,1.100546e6,-6.626608475188792,-2.42863258704684,TIME_LIMIT,124384,0,0,30,0
4,10,1.100833e6,-6.626608475188792,-2.42863258704684,TIME_LIMIT,124405,0,0,22,0
4,10,1.10115e6,-6.626550271794525,-2.42863258704684,TIME_LIMIT,124435,0,0,19,0
4,10,1.101445e6,-6.626550271794525,-2.42863258704684,TIME_LIMIT,124469,0,0,45,0
4,10,1.101741e6,-6.626550271794525,-2.42863258704684,TIME_LIMIT,124514,0,0,18,0
4,10,1.102037e6,-6.626550271794525,-2.42863258704684,TIME_LIMIT,124538,0,0,41,0
4,10,1.102326e6,-6.626068594452612,-2.42863258704684,TIME_LIMIT,124585,0,0,24,0
4,10,1.102651e6,-6.626068594452612,-2.42863258704684,TIME_LIMIT,124613,0,0,39,0
4,10,1.102943e6,-6.625990689307027,-2.42863258704684,TIME_LIMIT,124668,0,0,34,0
4,10,1.103235e6,-6.625990689307027,-2.42863258704684,TIME_LIMIT,124699,0,0,26,0
4,10,1.10354e6,-6.625990689307027,-2.42863258704684,TIME_LIMIT,124740,0,0,20,0
4,10,1.103833e6,-6.625990689307027,-2.42863258704684,TIME_LIMIT,124764,0,0,32,0
4,10,1.10415e6,-6.625990689307027,-2.42863258704684,TIME_LIMIT,124805,0,0,19,0
4,10,1.104448e6,-6.625990689307027,-2.42863258704684,TIME_LIMIT,124830,0,0,32,0
4,10,1.104745e6,-6.625990689307027,-2.42863258704684,TIME_LIMIT,124873,0,0,11,0
4,10,1.105051e6,-6.625990689307027,-2.42863258704684,TIME_LIMIT,124897,0,0,19,0
4,10,1.105368e6,-6.625990689307027,-2.42863258704684,TIME_LIMIT,124930,0,0,19,0
4,10,1.105659e6,-6.625990689307027,-2.42863258704684,TIME_LIMIT,124964,0,0,24,0
4,10,1.105948e6,-6.625601055138865,-2.42863258704684,TIME_LIMIT,124991,0,0,25,0
4,10,1.10624e6,-6.625601055138865,-2.42863258704684,TIME_LIMIT,125018,0,0,30,0
4,10,1.106531e6,-6.625601055138865,-2.42863258704684,TIME_LIMIT,125064,0,0,26,0
4,10,1.106855e6,-6.625601055138865,-2.42863258704684,TIME_LIMIT,125094,0,0,27,0
4,10,1.10715e6,-6.625601055138865,-2.42863258704684,TIME_LIMIT,125135,0,0,18,0
4,10,1.107446e6,-6.625601055138865,-2.42863258704684,TIME_LIMIT,125160,0,0,12,0
4,10,1.107741e6,-6.625017939469734,-2.42863258704684,TIME_LIMIT,125202,0,0,24,0
4,10,1.108029e6,-6.625017939469734,-2.42863258704684,TIME_LIMIT,125229,0,0,26,0
4,10,1.108348e6,-6.624928921661557,-2.42863258704684,TIME_LIMIT,125268,0,0,22,0
4,10,1.108639e6,-6.624928921661557,-2.42863258704684,TIME_LIMIT,125302,0,0,22,0
4,10,1.108933e6,-6.624928921661557,-2.42863258704684,TIME_LIMIT,125344,0,0,27,0
4,10,1.10923e6,-6.624928921661557,-2.42863258704684,TIME_LIMIT,125377,0,0,21,0
4,10,1.109523e6,-6.624928921661557,-2.42863258704684,TIME_LIMIT,125414,0,0,23,0
4,10,1.109845e6,-6.624928921661557,-2.42863258704684,TIME_LIMIT,125442,0,0,23,0
4,10,1.11015e6,-6.624928921661557,-2.42863258704684,TIME_LIMIT,125468,0,0,21,0
4,10,1.110442e6,-6.624928921661557,-2.42863258704684,TIME_LIMIT,125499,0,0,32,0
4,10,1.110737e6,-6.624928921661557,-2.42863258704684,TIME_LIMIT,125542,0,0,26,0
4,10,1.111047e6,-6.624928921661557,-2.42863258704684,TIME_LIMIT,125573,0,0,32,0
4,10,1.111367e6,-6.624846972893614,-2.42863258704684,TIME_LIMIT,125606,0,0,23,0
4,10,1.111662e6,-6.624846972893614,-2.42863258704684,TIME_LIMIT,125640,0,0,27,0
4,10,1.111955e6,-6.624705425565345,-2.42863258704684,TIME_LIMIT,125680,0,0,30,0
4,10,1.112253e6,-6.624705425565345,-2.42863258704684,TIME_LIMIT,125706,0,0,38,0
4,10,1.112571e6,-6.624705425565345,-2.42863258704684,TIME_LIMIT,125755,0,0,26,0
4,10,1.112861e6,-6.624705425565345,-2.42863258704684,TIME_LIMIT,125778,0,0,41,0
4,10,1.113155e6,-6.624705425565345,-2.42863258704684,TIME_LIMIT,125830,0,0,21,0
4,10,1.113469e6,-6.624705425565345,-2.42863258704684,TIME_LIMIT,125859,0,0,45,0
4,10,1.113774e6,-6.624705425565345,-2.42863258704684,TIME_LIMIT,125907,0,0,27,0
4,10,1.114101e6,-6.624705425565345,-2.42863258704684,TIME_LIMIT,125939,0,0,36,0
4,10,1.114397e6,-6.624705425565345,-2.42863258704684,TIME_LIMIT,125987,0,0,31,0
4,10,1.114695e6,-6.624705425565345,-2.42863258704684,TIME_LIMIT,126023,0,0,31,0
4,10,1.114988e6,-6.624705425565345,-2.42863258704684,TIME_LIMIT,126064,0,0,37,0
4,10,1.115283e6,-6.624705425565345,-2.42863258704684,TIME_LIMIT,126087,0,0,29,0
4,10,1.115603e6,-6.624705425565345,-2.42863258704684,TIME_LIMIT,126137,0,0,13,0
4,10,1.115895e6,-6.624705425565345,-2.42863258704684,TIME_LIMIT,126166,0,0,18,0
4,10,1.116189e6,-6.624705425565345,-2.42863258704684,TIME_LIMIT,126206,0,0,26,0
4,10,1.116484e6,-6.624705425565345,-2.42863258704684,TIME_LIMIT,126231,0,0,27,0
4,10,1.116778e6,-6.624705425565345,-2.42863258704684,TIME_LIMIT,126278,0,0,27,0
4,10,1.117097e6,-6.624705425565345,-2.42863258704684,TIME_LIMIT,126304,0,0,37,0
4,10,1.117392e6,-6.624705425565345,-2.42863258704684,TIME_LIMIT,126347,0,0,22,0
4,10,1.117685e6,-6.624705425565345,-2.42863258704684,TIME_LIMIT,126377,0,0,35,0
4,10,1.117977e6,-6.624338419835643,-2.42863258704684,TIME_LIMIT,126430,0,0,21,0
4,10,1.118268e6,-6.624338419835643,-2.42863258704684,TIME_LIMIT,126461,0,0,28,0
4,10,1.118607e6,-6.623937720887595,-2.42863258704684,TIME_LIMIT,126495,0,0,25,0
4,10,1.118904e6,-6.623937720887595,-2.42863258704684,TIME_LIMIT,126521,0,0,32,0
4,10,1.119215e6,-6.623623559405429,-2.42863258704684,TIME_LIMIT,126569,0,0,28,0
4,10,1.11951e6,-6.623623559405429,-2.42863258704684,TIME_LIMIT,126592,0,0,16,0
4,10,1.119827e6,-6.623554502703172,-2.42863258704684,TIME_LIMIT,126638,0,0,25,0
4,10,1.120123e6,-6.623554502703172,-2.42863258704684,TIME_LIMIT,126665,0,0,33,0
4,10,1.120417e6,-6.62330845199962,-2.42863258704684,TIME_LIMIT,126706,0,0,11,0
4,10,1.120705e6,-6.62330845199962,-2.42863258704684,TIME_LIMIT,126742,0,0,27,0
4,10,1.120996e6,-6.62330845199962,-2.42863258704684,TIME_LIMIT,126778,0,0,19,0
4,10,1.121317e6,-6.62330845199962,-2.42863258704684,TIME_LIMIT,126800,0,0,22,0
4,10,1.121605e6,-6.623288258020784,-2.42863258704684,TIME_LIMIT,126841,0,0,19,0
4,10,1.121899e6,-6.623288258020784,-2.42863258704684,TIME_LIMIT,126870,0,0,28,0
4,10,1.122193e6,-6.623288258020784,-2.42863258704684,TIME_LIMIT,126907,0,0,24,0
4,10,1.122493e6,-6.623288258020784,-2.42863258704684,TIME_LIMIT,126930,0,0,25,0
4,10,1.122814e6,-6.623246509028997,-2.42863258704684,TIME_LIMIT,126968,0,0,23,0
4,10,1.123106e6,-6.623246509028997,-2.42863258704684,TIME_LIMIT,126991,0,0,23,0
4,10,1.123399e6,-6.623163199206524,-2.42863258704684,TIME_LIMIT,127028,0,0,25,0
4,10,1.123689e6,-6.623163199206524,-2.42863258704684,TIME_LIMIT,127057,0,0,13,0
4,10,1.123984e6,-6.623163199206524,-2.42863258704684,TIME_LIMIT,127101,0,0,21,0
4,10,1.124326e6,-6.623163199206524,-2.42863258704684,TIME_LIMIT,127138,0,0,25,0
4,10,1.124638e6,-6.623163199206524,-2.42863258704684,TIME_LIMIT,127166,0,0,29,0
4,10,1.124935e6,-6.623163199206524,-2.42863258704684,TIME_LIMIT,127195,0,0,36,0
4,10,1.125231e6,-6.623163199206524,-2.42863258704684,TIME_LIMIT,127240,0,0,27,0
4,10,1.12552e6,-6.623163199206524,-2.42863258704684,TIME_LIMIT,127264,0,0,28,0
4,10,1.125839e6,-6.623157790131366,-2.42863258704684,TIME_LIMIT,127307,0,0,26,0
4,10,1.126147e6,-6.623157790131366,-2.42863258704684,TIME_LIMIT,127333,0,0,44,0
4,10,1.126468e6,-6.623049201449253,-2.42863258704684,TIME_LIMIT,127384,0,0,26,0
4,10,1.126756e6,-6.623049201449253,-2.42863258704684,TIME_LIMIT,127407,0,0,34,0
4,10,1.127049e6,-6.622967126729483,-2.42863258704684,TIME_LIMIT,127450,0,0,27,0
4,10,1.127393e6,-6.622967126729483,-2.42863258704684,TIME_LIMIT,127482,0,0,32,0
4,10,1.127693e6,-6.622928320319472,-2.42863258704684,TIME_LIMIT,127534,0,0,26,0
4,10,1.127987e6,-6.622928320319472,-2.42863258704684,TIME_LIMIT,127562,0,0,45,0
4,10,1.128281e6,-6.620673933240083,-2.42863258704684,TIME_LIMIT,127607,0,0,26,0
4,10,1.128624e6,-6.620673933240083,-2.42863258704684,TIME_LIMIT,127630,0,0,30,0
4,10,1.128913e6,-6.620163024211717,-2.42863258704684,TIME_LIMIT,127669,0,0,21,0
4,10,1.129207e6,-6.620163024211717,-2.42863258704684,TIME_LIMIT,127701,0,0,27,0
4,10,1.129503e6,-6.619755038420502,-2.42863258704684,TIME_LIMIT,127738,0,0,22,0
4,10,1.129791e6,-6.619755038420502,-2.42863258704684,TIME_LIMIT,127767,0,0,26,0
4,10,1.130142e6,-6.6195509187244,-2.42863258704684,TIME_LIMIT,127813,0,0,25,0
4,10,1.130457e6,-6.6195509187244,-2.42863258704684,TIME_LIMIT,127847,0,0,7,0
4,10,1.130776e6,-6.619473811801752,-2.42863258704684,TIME_LIMIT,127887,0,0,26,0
4,10,1.131085e6,-6.619473811801752,-2.42863258704684,TIME_LIMIT,127911,0,0,17,0
4,10,1.131379e6,-6.6192282882812,-2.42863258704684,TIME_LIMIT,127953,0,0,21,0
4,10,1.1317e6,-6.6192282882812,-2.42863258704684,TIME_LIMIT,127987,0,0,33,0
4,10,1.131992e6,-6.6192282882812,-2.42863258704684,TIME_LIMIT,128041,0,0,30,0
4,10,1.132289e6,-6.6192282882812,-2.42863258704684,TIME_LIMIT,128068,0,0,32,0
4,10,1.132583e6,-6.6192282882812,-2.42863258704684,TIME_LIMIT,128115,0,0,18,0
4,10,1.132875e6,-6.6192282882812,-2.42863258704684,TIME_LIMIT,128149,0,0,32,0
4,10,1.133192e6,-6.6192256934800415,-2.42863258704684,TIME_LIMIT,128190,0,0,17,0
4,10,1.133488e6,-6.6192256934800415,-2.42863258704684,TIME_LIMIT,128213,0,0,28,0
4,10,1.133795e6,-6.6190298636944025,-2.42863258704684,TIME_LIMIT,128251,0,0,27,0
4,10,1.134116e6,-6.6190298636944025,-2.42863258704684,TIME_LIMIT,128286,0,0,37,0
4,10,1.134405e6,-6.6190298636944025,-2.42863258704684,TIME_LIMIT,128320,0,0,24,0
4,10,1.134746e6,-6.6190298636944025,-2.42863258704684,TIME_LIMIT,128345,0,0,22,0
4,10,1.135042e6,-6.6190298636944025,-2.42863258704684,TIME_LIMIT,128387,0,0,27,0
4,10,1.135336e6,-6.6190298636944025,-2.42863258704684,TIME_LIMIT,128413,0,0,31,0
4,10,1.135628e6,-6.6190298636944025,-2.42863258704684,TIME_LIMIT,128456,0,0,26,0
4,10,1.135919e6,-6.6190298636944025,-2.42863258704684,TIME_LIMIT,128482,0,0,28,0
4,10,1.13624e6,-6.6190298636944025,-2.42863258704684,TIME_LIMIT,128523,0,0,14,0
4,10,1.136534e6,-6.6190298636944025,-2.42863258704684,TIME_LIMIT,128549,0,0,21,0
4,10,1.136827e6,-6.6190298636944025,-2.42863258704684,TIME_LIMIT,128593,0,0,13,0
4,10,1.137118e6,-6.6190298636944025,-2.42863258704684,TIME_LIMIT,128627,0,0,35,0
4,10,1.137463e6,-6.6190298636944025,-2.42863258704684,TIME_LIMIT,128664,0,0,27,0
4,10,1.137757e6,-6.6190298636944025,-2.42863258704684,TIME_LIMIT,128693,0,0,31,0
4,10,1.138048e6,-6.6190298636944025,-2.42863258704684,TIME_LIMIT,128731,0,0,16,0
4,10,1.138344e6,-6.6190298636944025,-2.42863258704684,TIME_LIMIT,128759,0,0,36,0
4,10,1.138638e6,-6.6190298636944025,-2.42863258704684,TIME_LIMIT,128795,0,0,18,0
4,10,1.138966e6,-6.6190298636944025,-2.42863258704684,TIME_LIMIT,128829,0,0,30,0
4,10,1.139258e6,-6.6190298636944025,-2.42863258704684,TIME_LIMIT,128862,0,0,30,0
4,10,1.139556e6,-6.6190298636944025,-2.42863258704684,TIME_LIMIT,128887,0,0,28,0
4,10,1.139848e6,-6.6190298636944025,-2.42863258704684,TIME_LIMIT,128923,0,0,25,0
4,10,1.14014e6,-6.6190298636944025,-2.42863258704684,TIME_LIMIT,128959,0,0,29,0
4,10,1.14046e6,-6.6190298636944025,-2.42863258704684,TIME_LIMIT,128989,0,0,22,0
4,10,1.140756e6,-6.6190298636944025,-2.42863258704684,TIME_LIMIT,129011,0,0,31,0
4,10,1.141052e6,-6.6190298636944025,-2.42863258704684,TIME_LIMIT,129051,0,0,20,0
4,10,1.141347e6,-6.6190298636944025,-2.42863258704684,TIME_LIMIT,129080,0,0,35,0
4,10,1.141655e6,-6.6190298636944025,-2.42863258704684,TIME_LIMIT,129116,0,0,23,0
4,10,1.141976e6,-6.6190298636944025,-2.42863258704684,TIME_LIMIT,129140,0,0,34,0
4,10,1.142266e6,-6.6188740635701135,-2.42863258704684,TIME_LIMIT,129176,0,0,23,0
4,10,1.142564e6,-6.6188740635701135,-2.42863258704684,TIME_LIMIT,129200,0,0,31,0
4,10,1.142856e6,-6.6188740635701135,-2.42863258704684,TIME_LIMIT,129239,0,0,28,0
4,10,1.143151e6,-6.6188740635701135,-2.42863258704684,TIME_LIMIT,129270,0,0,37,0
4,10,1.143473e6,-6.6188740635701135,-2.42863258704684,TIME_LIMIT,129314,0,0,27,0
4,10,1.143768e6,-6.6188740635701135,-2.42863258704684,TIME_LIMIT,129341,0,0,36,0
4,10,1.144061e6,-6.6188740635701135,-2.42863258704684,TIME_LIMIT,129390,0,0,29,0
4,10,1.144353e6,-6.6188740635701135,-2.42863258704684,TIME_LIMIT,129413,0,0,38,0
4,10,1.144644e6,-6.618795930595088,-2.42863258704684,TIME_LIMIT,129461,0,0,27,0
4,10,1.144968e6,-6.618795930595088,-2.42863258704684,TIME_LIMIT,129494,0,0,32,0
4,10,1.145257e6,-6.618795930595088,-2.42863258704684,TIME_LIMIT,129530,0,0,25,0
4,10,1.145553e6,-6.618795930595088,-2.42863258704684,TIME_LIMIT,129554,0,0,30,0
4,10,1.145845e6,-6.618795930595088,-2.42863258704684,TIME_LIMIT,129595,0,0,24,0
4,10,1.146164e6,-6.618795930595088,-2.42863258704684,TIME_LIMIT,129621,0,0,35,0
4,10,1.146486e6,-6.618795930595088,-2.42863258704684,TIME_LIMIT,129662,0,0,24,0
4,10,1.14678e6,-6.618795930595088,-2.42863258704684,TIME_LIMIT,129684,0,0,37,0
4,10,1.147074e6,-6.618795930595088,-2.42863258704684,TIME_LIMIT,129719,0,0,8,0
4,10,1.147365e6,-6.618795930595088,-2.42863258704684,TIME_LIMIT,129737,0,0,32,0
4,10,1.147685e6,-6.618795930595088,-2.42863258704684,TIME_LIMIT,129776,0,0,25,0
4,10,1.147975e6,-6.618795930595088,-2.42863258704684,TIME_LIMIT,129807,0,0,23,0
4,10,1.148266e6,-6.618795930595088,-2.42863258704684,TIME_LIMIT,129833,0,0,22,0
4,10,1.148563e6,-6.618795930595088,-2.42863258704684,TIME_LIMIT,129851,0,0,29,0
4,10,1.148872e6,-6.618795930595088,-2.42863258704684,TIME_LIMIT,129888,0,0,21,0
4,10,1.149191e6,-6.618795930595088,-2.42863258704684,TIME_LIMIT,129914,0,0,35,0
4,10,1.149485e6,-6.618795930595088,-2.42863258704684,TIME_LIMIT,129949,0,0,27,0
4,10,1.149776e6,-6.618795930595088,-2.42863258704684,TIME_LIMIT,129970,0,0,26,0
4,10,1.150068e6,-6.618795930595088,-2.42863258704684,TIME_LIMIT,130005,0,0,22,0
4,10,1.150358e6,-6.618795930595088,-2.42863258704684,TIME_LIMIT,130026,0,0,27,0
4,10,1.150676e6,-6.618515869770721,-2.42863258704684,TIME_LIMIT,130061,0,0,23,0
4,10,1.150976e6,-6.618515869770721,-2.42863258704684,TIME_LIMIT,130090,0,0,35,0
4,10,1.151288e6,-6.6183423649429,-2.42863258704684,TIME_LIMIT,130141,0,0,26,0
4,10,1.15158e6,-6.6183423649429,-2.42863258704684,TIME_LIMIT,130158,0,0,26,0
4,10,1.151867e6,-6.617644560542702,-2.42863258704684,TIME_LIMIT,130188,0,0,20,0
4,10,1.152187e6,-6.617644560542702,-2.42863258704684,TIME_LIMIT,130219,0,0,33,0
4,10,1.152483e6,-6.617490799895119,-2.42863258704684,TIME_LIMIT,130261,0,0,11,0
4,10,1.152777e6,-6.617490799895119,-2.42863258704684,TIME_LIMIT,130285,0,0,11,0
4,10,1.153071e6,-6.617490799895119,-2.42863258704684,TIME_LIMIT,130332,0,0,23,0
4,10,1.153367e6,-6.617490799895119,-2.42863258704684,TIME_LIMIT,130356,0,0,17,0
4,10,1.153701e6,-6.616873298609183,-2.42863258704684,TIME_LIMIT,130399,0,0,23,0
4,10,1.153996e6,-6.616873298609183,-2.42863258704684,TIME_LIMIT,130425,0,0,28,0
4,10,1.154288e6,-6.616648796274555,-2.42863258704684,TIME_LIMIT,130462,0,0,28,0
4,10,1.154579e6,-6.616648796274555,-2.42863258704684,TIME_LIMIT,130487,0,0,15,0
4,10,1.15487e6,-6.616546142070089,-2.42863258704684,TIME_LIMIT,130524,0,0,26,0
4,10,1.155191e6,-6.616546142070089,-2.42863258704684,TIME_LIMIT,130549,0,0,33,0
4,10,1.155478e6,-6.61639980616153,-2.42863258704684,TIME_LIMIT,130581,0,0,19,0
4,10,1.155774e6,-6.61639980616153,-2.42863258704684,TIME_LIMIT,130605,0,0,25,0
4,10,1.156064e6,-6.615779241891634,-2.42863258704684,TIME_LIMIT,130639,0,0,20,0
4,10,1.156375e6,-6.615779241891634,-2.42863258704684,TIME_LIMIT,130662,0,0,35,0
4,10,1.156699e6,-6.61563825586888,-2.42863258704684,TIME_LIMIT,130706,0,0,22,0
4,10,1.156996e6,-6.61563825586888,-2.42863258704684,TIME_LIMIT,130740,0,0,23,0
4,10,1.157289e6,-6.615585266088456,-2.42863258704684,TIME_LIMIT,130767,0,0,27,0
4,10,1.157577e6,-6.615585266088456,-2.42863258704684,TIME_LIMIT,130800,0,0,32,0
4,10,1.157869e6,-6.61557820948835,-2.42863258704684,TIME_LIMIT,130841,0,0,20,0
4,10,1.158211e6,-6.61557820948835,-2.42863258704684,TIME_LIMIT,130866,0,0,28,0
4,10,1.158505e6,-6.615526655332024,-2.42863258704684,TIME_LIMIT,130913,0,0,27,0
4,10,1.158798e6,-6.615526655332024,-2.42863258704684,TIME_LIMIT,130948,0,0,31,0
4,10,1.15909e6,-6.615491384450962,-2.42863258704684,TIME_LIMIT,131001,0,0,29,0
4,10,1.159417e6,-6.615491384450962,-2.42863258704684,TIME_LIMIT,131032,0,0,53,0
4,10,1.159725e6,-6.615491384450962,-2.42863258704684,TIME_LIMIT,131078,0,0,25,0
4,10,1.160022e6,-6.615491384450962,-2.42863258704684,TIME_LIMIT,131110,0,0,38,0
4,10,1.160315e6,-6.615491384450962,-2.42863258704684,TIME_LIMIT,131154,0,0,26,0
4,10,1.160609e6,-6.615491384450962,-2.42863258704684,TIME_LIMIT,131181,0,0,37,0
4,10,1.160929e6,-6.6154392784427625,-2.42863258704684,TIME_LIMIT,131233,0,0,24,0
4,10,1.161243e6,-6.6154392784427625,-2.42863258704684,TIME_LIMIT,131263,0,0,33,0
4,10,1.161541e6,-6.6154392784427625,-2.42863258704684,TIME_LIMIT,131310,0,0,30,0
4,10,1.161853e6,-6.6154392784427625,-2.42863258704684,TIME_LIMIT,131333,0,0,29,0
4,10,1.162154e6,-6.6154392784427625,-2.42863258704684,TIME_LIMIT,131373,0,0,6,0
4,10,1.162478e6,-6.6154392784427625,-2.42863258704684,TIME_LIMIT,131396,0,0,34,0
4,10,1.162772e6,-6.6154392784427625,-2.42863258704684,TIME_LIMIT,131439,0,0,24,0
4,10,1.163081e6,-6.6154392784427625,-2.42863258704684,TIME_LIMIT,131475,0,0,23,0
4,10,1.163376e6,-6.6154392784427625,-2.42863258704684,TIME_LIMIT,131508,0,0,30,0
4,10,1.163669e6,-6.6154392784427625,-2.42863258704684,TIME_LIMIT,131530,0,0,13,0
4,10,1.164001e6,-6.6154392784427625,-2.42863258704684,TIME_LIMIT,131574,0,0,24,0
4,10,1.16429e6,-6.6154392784427625,-2.42863258704684,TIME_LIMIT,131610,0,0,23,0
4,10,1.164586e6,-6.6154392784427625,-2.42863258704684,TIME_LIMIT,131642,0,0,27,0
4,10,1.164876e6,-6.6154392784427625,-2.42863258704684,TIME_LIMIT,131676,0,0,30,0
4,10,1.165168e6,-6.615428453691179,-2.42863258704684,TIME_LIMIT,131711,0,0,22,0
4,10,1.165517e6,-6.615428453691179,-2.42863258704684,TIME_LIMIT,131745,0,0,31,0
4,10,1.165807e6,-6.615428453691179,-2.42863258704684,TIME_LIMIT,131787,0,0,21,0
4,10,1.166103e6,-6.615428453691179,-2.42863258704684,TIME_LIMIT,131809,0,0,27,0
4,10,1.166393e6,-6.615428453691179,-2.42863258704684,TIME_LIMIT,131851,0,0,26,0
4,10,1.166687e6,-6.615428453691179,-2.42863258704684,TIME_LIMIT,131881,0,0,37,0
4,10,1.167022e6,-6.615428453691179,-2.42863258704684,TIME_LIMIT,131920,0,0,21,0
4,10,1.167317e6,-6.615428453691179,-2.42863258704684,TIME_LIMIT,131942,0,0,32,0
4,10,1.167634e6,-6.615428453691179,-2.42863258704684,TIME_LIMIT,131981,0,0,25,0
4,10,1.16794e6,-6.615428453691179,-2.42863258704684,TIME_LIMIT,132007,0,0,26,0
4,10,1.168232e6,-6.615428453691179,-2.42863258704684,TIME_LIMIT,132045,0,0,10,0
4,10,1.168551e6,-6.615428453691179,-2.42863258704684,TIME_LIMIT,132073,0,0,28,0
4,10,1.168841e6,-6.615375932946586,-2.42863258704684,TIME_LIMIT,132115,0,0,18,0
4,10,1.169137e6,-6.615375932946586,-2.42863258704684,TIME_LIMIT,132143,0,0,14,0
4,10,1.169428e6,-6.614747350647893,-2.42863258704684,TIME_LIMIT,132184,0,0,22,0
4,10,1.169719e6,-6.614747350647893,-2.42863258704684,TIME_LIMIT,132205,0,0,35,0
4,10,1.170043e6,-6.614698786477124,-2.42863258704684,TIME_LIMIT,132251,0,0,29,0
4,10,1.170338e6,-6.614698786477124,-2.42863258704684,TIME_LIMIT,132278,0,0,28,0
4,10,1.170631e6,-6.614270551207681,-2.42863258704684,TIME_LIMIT,132325,0,0,24,0
4,10,1.170925e6,-6.614270551207681,-2.42863258704684,TIME_LIMIT,132342,0,0,23,0
4,10,1.171234e6,-6.614270551207681,-2.42863258704684,TIME_LIMIT,132383,0,0,23,0
4,10,1.171581e6,-6.614270551207681,-2.42863258704684,TIME_LIMIT,132407,0,0,31,0
4,10,1.171874e6,-6.614270551207681,-2.42863258704684,TIME_LIMIT,132450,0,0,20,0
4,10,1.172167e6,-6.614270551207681,-2.42863258704684,TIME_LIMIT,132472,0,0,14,0
4,10,1.17246e6,-6.614007331661794,-2.42863258704684,TIME_LIMIT,132510,0,0,21,0
4,10,1.172749e6,-6.614007331661794,-2.42863258704684,TIME_LIMIT,132539,0,0,9,0
4,10,1.173073e6,-6.614007331661794,-2.42863258704684,TIME_LIMIT,132581,0,0,24,0
4,10,1.173368e6,-6.614007331661794,-2.42863258704684,TIME_LIMIT,132606,0,0,28,0
4,10,1.173661e6,-6.614007331661794,-2.42863258704684,TIME_LIMIT,132650,0,0,26,0
4,10,1.173955e6,-6.614007331661794,-2.42863258704684,TIME_LIMIT,132669,0,0,28,0
4,10,1.174247e6,-6.614007331661794,-2.42863258704684,TIME_LIMIT,132714,0,0,26,0
4,10,1.174573e6,-6.614007331661794,-2.42863258704684,TIME_LIMIT,132738,0,0,28,0
4,10,1.174865e6,-6.614007331661794,-2.42863258704684,TIME_LIMIT,132778,0,0,27,0
4,10,1.175186e6,-6.614007331661794,-2.42863258704684,TIME_LIMIT,132807,0,0,32,0
4,10,1.175496e6,-6.614007331661794,-2.42863258704684,TIME_LIMIT,132846,0,0,25,0
4,10,1.175786e6,-6.614007331661794,-2.42863258704684,TIME_LIMIT,132874,0,0,38,0
4,10,1.176114e6,-6.614007331661794,-2.42863258704684,TIME_LIMIT,132914,0,0,23,0
4,10,1.176424e6,-6.614007331661794,-2.42863258704684,TIME_LIMIT,132937,0,0,23,0
4,10,1.176719e6,-6.614007331661794,-2.42863258704684,TIME_LIMIT,132981,0,0,23,0
4,10,1.177009e6,-6.614007331661794,-2.42863258704684,TIME_LIMIT,133012,0,0,36,0
4,10,1.177302e6,-6.614007331661794,-2.42863258704684,TIME_LIMIT,133055,0,0,26,0
4,10,1.177627e6,-6.614007331661794,-2.42863258704684,TIME_LIMIT,133086,0,0,27,0
4,10,1.177915e6,-6.614007331661794,-2.42863258704684,TIME_LIMIT,133127,0,0,28,0
4,10,1.178211e6,-6.614007331661794,-2.42863258704684,TIME_LIMIT,133155,0,0,38,0
4,10,1.178504e6,-6.614007331661794,-2.42863258704684,TIME_LIMIT,133198,0,0,24,0
4,10,1.178849e6,-6.614007331661794,-2.42863258704684,TIME_LIMIT,133224,0,0,29,0
4,10,1.179141e6,-6.614007331661794,-2.42863258704684,TIME_LIMIT,133260,0,0,27,0
4,10,1.179433e6,-6.614007331661794,-2.42863258704684,TIME_LIMIT,133279,0,0,25,0
4,10,1.179726e6,-6.614007331661794,-2.42863258704684,TIME_LIMIT,133320,0,0,14,0
4,10,1.18002e6,-6.614007331661794,-2.42863258704684,TIME_LIMIT,133355,0,0,32,0
4,10,1.180341e6,-6.614007331661794,-2.42863258704684,TIME_LIMIT,133394,0,0,14,0
4,10,1.180631e6,-6.614007331661794,-2.42863258704684,TIME_LIMIT,133420,0,0,25,0
4,10,1.180923e6,-6.614007331661794,-2.42863258704684,TIME_LIMIT,133460,0,0,24,0
4,10,1.181219e6,-6.614007331661794,-2.42863258704684,TIME_LIMIT,133483,0,0,25,0
4,10,1.181508e6,-6.614007331661794,-2.42863258704684,TIME_LIMIT,133523,0,0,24,0
4,10,1.181826e6,-6.614007331661794,-2.42863258704684,TIME_LIMIT,133551,0,0,24,0
4,10,1.182119e6,-6.614007331661794,-2.42863258704684,TIME_LIMIT,133582,0,0,23,0
4,10,1.182413e6,-6.614007331661794,-2.42863258704684,TIME_LIMIT,133604,0,0,28,0
4,10,1.182704e6,-6.614007331661794,-2.42863258704684,TIME_LIMIT,133642,0,0,23,0
4,10,1.182995e6,-6.614007331661794,-2.42863258704684,TIME_LIMIT,133669,0,0,35,0
4,10,1.183315e6,-6.613933829449778,-2.42863258704684,TIME_LIMIT,133713,0,0,30,0
4,10,1.183608e6,-6.613933829449778,-2.42863258704684,TIME_LIMIT,133739,0,0,31,0
4,10,1.183899e6,-6.6134449900482455,-2.42863258704684,TIME_LIMIT,133775,0,0,24,0
4,10,1.184196e6,-6.6134449900482455,-2.42863258704684,TIME_LIMIT,133807,0,0,15,0
4,10,1.184506e6,-6.61344318253398,-2.42863258704684,TIME_LIMIT,133843,0,0,25,0
4,10,1.184835e6,-6.61344318253398,-2.42863258704684,TIME_LIMIT,133871,0,0,39,0
4,10,1.185126e6,-6.61344318253398,-2.42863258704684,TIME_LIMIT,133919,0,0,25,0
4,10,1.185425e6,-6.61344318253398,-2.42863258704684,TIME_LIMIT,133954,0,0,47,0
4,10,1.185716e6,-6.61344318253398,-2.42863258704684,TIME_LIMIT,134001,0,0,7,0
4,10,1.186012e6,-6.61344318253398,-2.42863258704684,TIME_LIMIT,134025,0,0,43,0
4,10,1.18633e6,-6.613252240758675,-2.42863258704684,TIME_LIMIT,134069,0,0,24,0
4,10,1.186626e6,-6.613252240758675,-2.42863258704684,TIME_LIMIT,134092,0,0,28,0
4,10,1.186917e6,-6.613252240758675,-2.42863258704684,TIME_LIMIT,134132,0,0,26,0
4,10,1.187211e6,-6.613252240758675,-2.42863258704684,TIME_LIMIT,134157,0,0,34,0
4,10,1.187503e6,-6.613252240758675,-2.42863258704684,TIME_LIMIT,134202,0,0,21,0
4,10,1.187824e6,-6.613252240758675,-2.42863258704684,TIME_LIMIT,134224,0,0,11,0
4,10,1.188116e6,-6.613252240758675,-2.42863258704684,TIME_LIMIT,134269,0,0,26,0
4,10,1.188407e6,-6.613252240758675,-2.42863258704684,TIME_LIMIT,134306,0,0,27,0
4,10,1.188705e6,-6.613252240758675,-2.42863258704684,TIME_LIMIT,134333,0,0,32,0
4,10,1.188996e6,-6.613252240758675,-2.42863258704684,TIME_LIMIT,134353,0,0,32,0
4,10,1.189316e6,-6.613252240758675,-2.42863258704684,TIME_LIMIT,134394,0,0,26,0
4,10,1.189608e6,-6.613252240758675,-2.42863258704684,TIME_LIMIT,134415,0,0,30,0
4,10,1.189903e6,-6.613252240758675,-2.42863258704684,TIME_LIMIT,134451,0,0,15,0
4,10,1.190198e6,-6.613252240758675,-2.42863258704684,TIME_LIMIT,134475,0,0,29,0
4,10,1.190488e6,-6.613252240758675,-2.42863258704684,TIME_LIMIT,134515,0,0,28,0
4,10,1.190809e6,-6.613252240758675,-2.42863258704684,TIME_LIMIT,134538,0,0,30,0
4,10,1.191103e6,-6.612817316834462,-2.42863258704684,TIME_LIMIT,134577,0,0,23,0
4,10,1.191399e6,-6.612817316834462,-2.42863258704684,TIME_LIMIT,134603,0,0,35,0
4,10,1.191691e6,-6.612817316834462,-2.42863258704684,TIME_LIMIT,134651,0,0,28,0
4,10,1.191987e6,-6.612817316834462,-2.42863258704684,TIME_LIMIT,134687,0,0,44,0
4,10,1.192308e6,-6.612763406233762,-2.42863258704684,TIME_LIMIT,134729,0,0,24,0
4,10,1.192602e6,-6.612763406233762,-2.42863258704684,TIME_LIMIT,134748,0,0,25,0
4,10,1.192896e6,-6.612668687233962,-2.42863258704684,TIME_LIMIT,134784,0,0,23,0
4,10,1.193191e6,-6.612668687233962,-2.42863258704684,TIME_LIMIT,134822,0,0,29,0
4,10,1.19348e6,-6.612546285969908,-2.42863258704684,TIME_LIMIT,134867,0,0,27,0
4,10,1.193804e6,-6.612546285969908,-2.42863258704684,TIME_LIMIT,134892,0,0,31,0
4,10,1.194097e6,-6.612546285969908,-2.42863258704684,TIME_LIMIT,134928,0,0,27,0
4,10,1.194392e6,-6.612546285969908,-2.42863258704684,TIME_LIMIT,134950,0,0,32,0
4,10,1.194683e6,-6.612546285969908,-2.42863258704684,TIME_LIMIT,134991,0,0,25,0
4,10,1.194975e6,-6.612546285969908,-2.42863258704684,TIME_LIMIT,135018,0,0,37,0
4,10,1.195296e6,-6.612332084118382,-2.42863258704684,TIME_LIMIT,135050,0,0,22,0
4,10,1.195589e6,-6.612332084118382,-2.42863258704684,TIME_LIMIT,135080,0,0,33,0
4,10,1.195883e6,-6.61198291584178,-2.42863258704684,TIME_LIMIT,135132,0,0,32,0
4,10,1.196178e6,-6.61198291584178,-2.42863258704684,TIME_LIMIT,135159,0,0,41,0
4,10,1.19647e6,-6.61198291584178,-2.42863258704684,TIME_LIMIT,135212,0,0,26,0
4,10,1.196791e6,-6.61198291584178,-2.42863258704684,TIME_LIMIT,135237,0,0,38,0
4,10,1.197085e6,-6.61198291584178,-2.42863258704684,TIME_LIMIT,135284,0,0,24,0
4,10,1.197384e6,-6.61198291584178,-2.42863258704684,TIME_LIMIT,135313,0,0,41,0
4,10,1.197682e6,-6.61198291584178,-2.42863258704684,TIME_LIMIT,135352,0,0,22,0
4,10,1.197975e6,-6.61198291584178,-2.42863258704684,TIME_LIMIT,135380,0,0,47,0
4,10,1.198295e6,-6.61198291584178,-2.42863258704684,TIME_LIMIT,135424,0,0,25,0
4,10,1.198591e6,-6.61198291584178,-2.42863258704684,TIME_LIMIT,135447,0,0,38,0
4,10,1.198883e6,-6.61198291584178,-2.42863258704684,TIME_LIMIT,135496,0,0,23,0
4,10,1.19918e6,-6.61198291584178,-2.42863258704684,TIME_LIMIT,135527,0,0,18,0
4,10,1.199491e6,-6.61198291584178,-2.42863258704684,TIME_LIMIT,135570,0,0,31,0
4,10,1.199818e6,-6.61198291584178,-2.42863258704684,TIME_LIMIT,135604,0,0,32,0
4,10,1.200128e6,-6.61198291584178,-2.42863258704684,TIME_LIMIT,135648,0,0,25,0
4,10,1.200425e6,-6.61198291584178,-2.42863258704684,TIME_LIMIT,135693,0,0,23,0
4,10,1.200742e6,-6.61198291584178,-2.42863258704684,TIME_LIMIT,135719,0,0,32,0
4,10,1.201034e6,-6.61198291584178,-2.42863258704684,TIME_LIMIT,135749,0,0,45,0
4,10,1.201357e6,-6.61198291584178,-2.42863258704684,TIME_LIMIT,135798,0,0,30,0
4,10,1.201656e6,-6.61198291584178,-2.42863258704684,TIME_LIMIT,135822,0,0,31,0
4,10,1.201952e6,-6.61198291584178,-2.42863258704684,TIME_LIMIT,135871,0,0,30,0
4,10,1.202244e6,-6.61198291584178,-2.42863258704684,TIME_LIMIT,135901,0,0,41,0
4,10,1.202537e6,-6.61198291584178,-2.42863258704684,TIME_LIMIT,135949,0,0,26,0
4,10,1.202861e6,-6.61198291584178,-2.42863258704684,TIME_LIMIT,135978,0,0,28,0
4,10,1.203154e6,-6.61198291584178,-2.42863258704684,TIME_LIMIT,136024,0,0,23,0
4,10,1.203449e6,-6.61198291584178,-2.42863258704684,TIME_LIMIT,136050,0,0,39,0
4,10,1.203745e6,-6.61198291584178,-2.42863258704684,TIME_LIMIT,136097,0,0,26,0
4,10,1.204039e6,-6.61198291584178,-2.42863258704684,TIME_LIMIT,136130,0,0,31,0
4,10,1.20436e6,-6.61198291584178,-2.42863258704684,TIME_LIMIT,136173,0,0,26,0
4,10,1.204661e6,-6.61198291584178,-2.42863258704684,TIME_LIMIT,136208,0,0,35,0
4,10,1.204955e6,-6.61198291584178,-2.42863258704684,TIME_LIMIT,136253,0,0,28,0
4,10,1.205262e6,-6.61198291584178,-2.42863258704684,TIME_LIMIT,136285,0,0,31,0
4,10,1.205572e6,-6.61198291584178,-2.42863258704684,TIME_LIMIT,136328,0,0,25,0
4,10,1.205918e6,-6.61198291584178,-2.42863258704684,TIME_LIMIT,136349,0,0,33,0
4,10,1.206212e6,-6.61198291584178,-2.42863258704684,TIME_LIMIT,136393,0,0,25,0
4,10,1.206503e6,-6.61198291584178,-2.42863258704684,TIME_LIMIT,136423,0,0,30,0
4,10,1.206796e6,-6.61198291584178,-2.42863258704684,TIME_LIMIT,136457,0,0,23,0
4,10,1.207095e6,-6.61198291584178,-2.42863258704684,TIME_LIMIT,136480,0,0,24,0
4,10,1.207419e6,-6.61198291584178,-2.42863258704684,TIME_LIMIT,136525,0,0,22,0
4,10,1.20773e6,-6.61198291584178,-2.42863258704684,TIME_LIMIT,136545,0,0,29,0
4,10,1.208025e6,-6.61198291584178,-2.42863258704684,TIME_LIMIT,136586,0,0,24,0
4,10,1.20832e6,-6.61198291584178,-2.42863258704684,TIME_LIMIT,136608,0,0,30,0
4,10,1.208618e6,-6.61198291584178,-2.42863258704684,TIME_LIMIT,136652,0,0,23,0
4,10,1.208987e6,-6.61198291584178,-2.42863258704684,TIME_LIMIT,136687,0,0,33,0
4,10,1.209285e6,-6.61198291584178,-2.42863258704684,TIME_LIMIT,136734,0,0,25,0
4,10,1.209581e6,-6.61198291584178,-2.42863258704684,TIME_LIMIT,136768,0,0,33,0
4,10,1.209872e6,-6.61198291584178,-2.42863258704684,TIME_LIMIT,136812,0,0,27,0
4,10,1.210166e6,-6.61198291584178,-2.42863258704684,TIME_LIMIT,136836,0,0,32,0
4,10,1.210486e6,-6.61198291584178,-2.42863258704684,TIME_LIMIT,136875,0,0,24,0
4,10,1.210778e6,-6.61198291584178,-2.42863258704684,TIME_LIMIT,136896,0,0,23,0
4,10,1.211071e6,-6.61198291584178,-2.42863258704684,TIME_LIMIT,136940,0,0,28,0
4,10,1.211369e6,-6.61198291584178,-2.42863258704684,TIME_LIMIT,136978,0,0,33,0
4,10,1.211668e6,-6.61198291584178,-2.42863258704684,TIME_LIMIT,137022,0,0,29,0
4,10,1.212006e6,-6.61198291584178,-2.42863258704684,TIME_LIMIT,137047,0,0,25,0
4,10,1.212306e6,-6.61198291584178,-2.42863258704684,TIME_LIMIT,137090,0,0,27,0
4,10,1.212643e6,-6.61198291584178,-2.42863258704684,TIME_LIMIT,137117,0,0,33,0
4,10,1.212942e6,-6.61198291584178,-2.42863258704684,TIME_LIMIT,137162,0,0,24,0
4,10,1.213237e6,-6.61198291584178,-2.42863258704684,TIME_LIMIT,137187,0,0,28,0
4,10,1.213558e6,-6.61198291584178,-2.42863258704684,TIME_LIMIT,137230,0,0,28,0
4,10,1.213855e6,-6.61198291584178,-2.42863258704684,TIME_LIMIT,137255,0,0,37,0
4,10,1.214148e6,-6.61198291584178,-2.42863258704684,TIME_LIMIT,137297,0,0,24,0
4,10,1.21444e6,-6.61198291584178,-2.42863258704684,TIME_LIMIT,137329,0,0,30,0
4,10,1.214732e6,-6.61198291584178,-2.42863258704684,TIME_LIMIT,137367,0,0,21,0
4,10,1.215054e6,-6.61198291584178,-2.42863258704684,TIME_LIMIT,137389,0,0,31,0
4,10,1.215347e6,-6.61198291584178,-2.42863258704684,TIME_LIMIT,137435,0,0,28,0
4,10,1.215643e6,-6.61198291584178,-2.42863258704684,TIME_LIMIT,137459,0,0,27,0
4,10,1.215938e6,-6.61198291584178,-2.42863258704684,TIME_LIMIT,137506,0,0,26,0
4,10,1.216233e6,-6.61198291584178,-2.42863258704684,TIME_LIMIT,137533,0,0,28,0
4,10,1.216623e6,-6.61198291584178,-2.42863258704684,TIME_LIMIT,137573,0,0,25,0
4,10,1.216916e6,-6.61198291584178,-2.42863258704684,TIME_LIMIT,137594,0,0,30,0
4,10,1.217211e6,-6.61198291584178,-2.42863258704684,TIME_LIMIT,137636,0,0,24,0
4,10,1.217504e6,-6.61198291584178,-2.42863258704684,TIME_LIMIT,137657,0,0,36,0
4,10,1.217795e6,-6.61198291584178,-2.42863258704684,TIME_LIMIT,137705,0,0,22,0
4,10,1.21812e6,-6.61198291584178,-2.42863258704684,TIME_LIMIT,137736,0,0,30,0
4,10,1.218414e6,-6.61198291584178,-2.42863258704684,TIME_LIMIT,137779,0,0,25,0
4,10,1.218711e6,-6.61198291584178,-2.42863258704684,TIME_LIMIT,137806,0,0,29,0
4,10,1.219e6,-6.61198291584178,-2.42863258704684,TIME_LIMIT,137848,0,0,29,0
4,10,1.219296e6,-6.61198291584178,-2.42863258704684,TIME_LIMIT,137870,0,0,28,0
4,10,1.21962e6,-6.61198291584178,-2.42863258704684,TIME_LIMIT,137915,0,0,22,0
4,10,1.21993e6,-6.61198291584178,-2.42863258704684,TIME_LIMIT,137952,0,0,28,0
4,10,1.220247e6,-6.61198291584178,-2.42863258704684,TIME_LIMIT,137999,0,0,11,0
4,10,1.220542e6,-6.61198291584178,-2.42863258704684,TIME_LIMIT,138023,0,0,28,0
4,10,1.220833e6,-6.61198291584178,-2.42863258704684,TIME_LIMIT,138066,0,0,26,0
4,10,1.221154e6,-6.61198291584178,-2.42863258704684,TIME_LIMIT,138098,0,0,30,0
4,10,1.221454e6,-6.61198291584178,-2.42863258704684,TIME_LIMIT,138135,0,0,13,0
4,10,1.221743e6,-6.61198291584178,-2.42863258704684,TIME_LIMIT,138164,0,0,26,0
4,10,1.222037e6,-6.61198291584178,-2.42863258704684,TIME_LIMIT,138205,0,0,11,0
4,10,1.222329e6,-6.61198291584178,-2.42863258704684,TIME_LIMIT,138232,0,0,27,0
4,10,1.222652e6,-6.61198291584178,-2.42863258704684,TIME_LIMIT,138274,0,0,22,0
4,10,1.222945e6,-6.61198291584178,-2.42863258704684,TIME_LIMIT,138310,0,0,27,0
4,10,1.223234e6,-6.61198291584178,-2.42863258704684,TIME_LIMIT,138356,0,0,14,0
4,10,1.223533e6,-6.61198291584178,-2.42863258704684,TIME_LIMIT,138378,0,0,30,0
4,10,1.223822e6,-6.61198291584178,-2.42863258704684,TIME_LIMIT,138424,0,0,22,0
4,10,1.224147e6,-6.61198291584178,-2.42863258704684,TIME_LIMIT,138454,0,0,19,0
4,10,1.224437e6,-6.61198291584178,-2.42863258704684,TIME_LIMIT,138495,0,0,22,0
4,10,1.224732e6,-6.61198291584178,-2.42863258704684,TIME_LIMIT,138519,0,0,29,0
4,10,1.225025e6,-6.61198291584178,-2.42863258704684,TIME_LIMIT,138558,0,0,26,0
4,10,1.225313e6,-6.61198291584178,-2.42863258704684,TIME_LIMIT,138578,0,0,32,0
4,10,1.225634e6,-6.61198291584178,-2.42863258704684,TIME_LIMIT,138617,0,0,20,0
4,10,1.225925e6,-6.61198291584178,-2.42863258704684,TIME_LIMIT,138644,0,0,27,0
4,10,1.226218e6,-6.61198291584178,-2.42863258704684,TIME_LIMIT,138689,0,0,23,0
4,10,1.226514e6,-6.61198291584178,-2.42863258704684,TIME_LIMIT,138710,0,0,26,0
4,10,1.226804e6,-6.61198291584178,-2.42863258704684,TIME_LIMIT,138757,0,0,26,0
4,10,1.227127e6,-6.61198291584178,-2.42863258704684,TIME_LIMIT,138778,0,0,27,0
4,10,1.227418e6,-6.61198291584178,-2.42863258704684,TIME_LIMIT,138824,0,0,22,0
4,10,1.227712e6,-6.61198291584178,-2.42863258704684,TIME_LIMIT,138854,0,0,31,0
4,10,1.228006e6,-6.61198291584178,-2.42863258704684,TIME_LIMIT,138897,0,0,23,0
4,10,1.228299e6,-6.61198291584178,-2.42863258704684,TIME_LIMIT,138932,0,0,31,0
4,10,1.228589e6,-6.61198291584178,-2.42863258704684,TIME_LIMIT,138970,0,0,26,0
4,10,1.228909e6,-6.61198291584178,-2.42863258704684,TIME_LIMIT,138996,0,0,33,0
4,10,1.229204e6,-6.61198291584178,-2.42863258704684,TIME_LIMIT,139040,0,0,26,0
4,10,1.229495e6,-6.61198291584178,-2.42863258704684,TIME_LIMIT,139063,0,0,25,0
4,10,1.229786e6,-6.61198291584178,-2.42863258704684,TIME_LIMIT,139109,0,0,19,0
4,10,1.230074e6,-6.61198291584178,-2.42863258704684,TIME_LIMIT,139138,0,0,24,0
4,10,1.230394e6,-6.61198291584178,-2.42863258704684,TIME_LIMIT,139168,0,0,9,0
4,10,1.230685e6,-6.61198291584178,-2.42863258704684,TIME_LIMIT,139199,0,0,33,0
4,10,1.23098e6,-6.61198291584178,-2.42863258704684,TIME_LIMIT,139237,0,0,23,0
4,10,1.231273e6,-6.61198291584178,-2.42863258704684,TIME_LIMIT,139275,0,0,30,0
4,10,1.231566e6,-6.61198291584178,-2.42863258704684,TIME_LIMIT,139307,0,0,22,0
4,10,1.231891e6,-6.61198291584178,-2.42863258704684,TIME_LIMIT,139337,0,0,40,0
4,10,1.23218e6,-6.61198291584178,-2.42863258704684,TIME_LIMIT,139376,0,0,25,0
4,10,1.232475e6,-6.61198291584178,-2.42863258704684,TIME_LIMIT,139404,0,0,11,0
4,10,1.232767e6,-6.61198291584178,-2.42863258704684,TIME_LIMIT,139453,0,0,24,0
4,10,1.233058e6,-6.61198291584178,-2.42863258704684,TIME_LIMIT,139485,0,0,29,0
4,10,1.23338e6,-6.61198291584178,-2.42863258704684,TIME_LIMIT,139518,0,0,22,0
4,10,1.233675e6,-6.61198291584178,-2.42863258704684,TIME_LIMIT,139539,0,0,6,0
4,10,1.23397e6,-6.61198291584178,-2.42863258704684,TIME_LIMIT,139581,0,0,29,0
4,10,1.23426e6,-6.61198291584178,-2.42863258704684,TIME_LIMIT,139616,0,0,32,0
4,10,1.234552e6,-6.61198291584178,-2.42863258704684,TIME_LIMIT,139648,0,0,28,0
4,10,1.23487e6,-6.61198291584178,-2.42863258704684,TIME_LIMIT,139669,0,0,30,0
4,10,1.235164e6,-6.61198291584178,-2.42863258704684,TIME_LIMIT,139712,0,0,27,0
4,10,1.235459e6,-6.61198291584178,-2.42863258704684,TIME_LIMIT,139736,0,0,34,0
4,10,1.235754e6,-6.61198291584178,-2.42863258704684,TIME_LIMIT,139774,0,0,18,0
4,10,1.236047e6,-6.61198291584178,-2.42863258704684,TIME_LIMIT,139801,0,0,36,0
4,10,1.236368e6,-6.61198291584178,-2.42863258704684,TIME_LIMIT,139835,0,0,25,0
4,10,1.236663e6,-6.61198291584178,-2.42863258704684,TIME_LIMIT,139862,0,0,33,0
4,10,1.236956e6,-6.61198291584178,-2.42863258704684,TIME_LIMIT,139908,0,0,26,0
4,10,1.237251e6,-6.61198291584178,-2.42863258704684,TIME_LIMIT,139945,0,0,29,0
4,10,1.237545e6,-6.61198291584178,-2.42863258704684,TIME_LIMIT,139985,0,0,19,0
4,10,1.237865e6,-6.61198291584178,-2.42863258704684,TIME_LIMIT,140011,0,0,34,0
4,10,1.238156e6,-6.61198291584178,-2.42863258704684,TIME_LIMIT,140056,0,0,21,0
4,10,1.238451e6,-6.61198291584178,-2.42863258704684,TIME_LIMIT,140082,0,0,27,0
4,10,1.238744e6,-6.61198291584178,-2.42863258704684,TIME_LIMIT,140117,0,0,28,0
4,10,1.239041e6,-6.61198291584178,-2.42863258704684,TIME_LIMIT,140142,0,0,36,0
4,10,1.239363e6,-6.61198291584178,-2.42863258704684,TIME_LIMIT,140187,0,0,25,0
4,10,1.239655e6,-6.61198291584178,-2.42863258704684,TIME_LIMIT,140215,0,0,28,0
4,10,1.23995e6,-6.61198291584178,-2.42863258704684,TIME_LIMIT,140256,0,0,28,0
4,10,1.240243e6,-6.61198291584178,-2.42863258704684,TIME_LIMIT,140282,0,0,30,0
4,10,1.240533e6,-6.61198291584178,-2.42863258704684,TIME_LIMIT,140319,0,0,20,0
4,10,1.240855e6,-6.61198291584178,-2.42863258704684,TIME_LIMIT,140351,0,0,15,0
4,10,1.241148e6,-6.61198291584178,-2.42863258704684,TIME_LIMIT,140386,0,0,9,0
4,10,1.241445e6,-6.61198291584178,-2.42863258704684,TIME_LIMIT,140412,0,0,33,0
4,10,1.241738e6,-6.61198291584178,-2.42863258704684,TIME_LIMIT,140454,0,0,25,0
4,10,1.242029e6,-6.61198291584178,-2.42863258704684,TIME_LIMIT,140480,0,0,34,0
4,10,1.242349e6,-6.61198291584178,-2.42863258704684,TIME_LIMIT,140516,0,0,21,0
4,10,1.242639e6,-6.61198291584178,-2.42863258704684,TIME_LIMIT,140554,0,0,28,0
4,10,1.242939e6,-6.61198291584178,-2.42863258704684,TIME_LIMIT,140582,0,0,31,0
4,10,1.243235e6,-6.61198291584178,-2.42863258704684,TIME_LIMIT,140611,0,0,22,0
4,10,1.243526e6,-6.61198291584178,-2.42863258704684,TIME_LIMIT,140653,0,0,25,0
4,10,1.243847e6,-6.61198291584178,-2.42863258704684,TIME_LIMIT,140674,0,0,26,0
4,10,1.24414e6,-6.61198291584178,-2.42863258704684,TIME_LIMIT,140722,0,0,13,0
4,10,1.244431e6,-6.61198291584178,-2.42863258704684,TIME_LIMIT,140747,0,0,31,0
4,10,1.244725e6,-6.61198291584178,-2.42863258704684,TIME_LIMIT,140782,0,0,25,0
4,10,1.245021e6,-6.61198291584178,-2.42863258704684,TIME_LIMIT,140825,0,0,30,0
4,10,1.245343e6,-6.61198291584178,-2.42863258704684,TIME_LIMIT,140857,0,0,35,0
4,10,1.245636e6,-6.61198291584178,-2.42863258704684,TIME_LIMIT,140880,0,0,25,0
4,10,1.245928e6,-6.61198291584178,-2.42863258704684,TIME_LIMIT,140923,0,0,26,0
4,10,1.246218e6,-6.61198291584178,-2.42863258704684,TIME_LIMIT,140951,0,0,36,0
4,10,1.24652e6,-6.61198291584178,-2.42863258704684,TIME_LIMIT,140993,0,0,25,0
4,10,1.24681e6,-6.61198291584178,-2.42863258704684,TIME_LIMIT,141013,0,0,27,0
4,10,1.247135e6,-6.61198291584178,-2.42863258704684,TIME_LIMIT,141047,0,0,21,0
4,10,1.247431e6,-6.61198291584178,-2.42863258704684,TIME_LIMIT,141073,0,0,32,0
4,10,1.247724e6,-6.61198291584178,-2.42863258704684,TIME_LIMIT,141113,0,0,11,0
4,10,1.248016e6,-6.61198291584178,-2.42863258704684,TIME_LIMIT,141146,0,0,25,0
4,10,1.248306e6,-6.61198291584178,-2.42863258704684,TIME_LIMIT,141186,0,0,25,0
4,10,1.248629e6,-6.61198291584178,-2.42863258704684,TIME_LIMIT,141210,0,0,34,0
4,10,1.24892e6,-6.61198291584178,-2.42863258704684,TIME_LIMIT,141254,0,0,26,0
4,10,1.249216e6,-6.61198291584178,-2.42863258704684,TIME_LIMIT,141276,0,0,29,0
4,10,1.24951e6,-6.61198291584178,-2.42863258704684,TIME_LIMIT,141316,0,0,12,0
4,10,1.249801e6,-6.61198291584178,-2.42863258704684,TIME_LIMIT,141338,0,0,30,0
4,10,1.250129e6,-6.61198291584178,-2.42863258704684,TIME_LIMIT,141381,0,0,22,0
4,10,1.250445e6,-6.61198291584178,-2.42863258704684,TIME_LIMIT,141404,0,0,31,0
4,10,1.250735e6,-6.61198291584178,-2.42863258704684,TIME_LIMIT,141441,0,0,26,0
4,10,1.251025e6,-6.61198291584178,-2.42863258704684,TIME_LIMIT,141468,0,0,10,0
4,10,1.251321e6,-6.61198291584178,-2.42863258704684,TIME_LIMIT,141511,0,0,28,0
4,10,1.251639e6,-6.61198291584178,-2.42863258704684,TIME_LIMIT,141535,0,0,22,0
4,10,1.251932e6,-6.61198291584178,-2.42863258704684,TIME_LIMIT,141576,0,0,28,0
4,10,1.25223e6,-6.61198291584178,-2.42863258704684,TIME_LIMIT,141600,0,0,40,0
4,10,1.252521e6,-6.61198291584178,-2.42863258704684,TIME_LIMIT,141643,0,0,25,0
4,10,1.252812e6,-6.61198291584178,-2.42863258704684,TIME_LIMIT,141662,0,0,26,0
4,10,1.253133e6,-6.61198291584178,-2.42863258704684,TIME_LIMIT,141704,0,0,22,0
4,10,1.253428e6,-6.61198291584178,-2.42863258704684,TIME_LIMIT,141729,0,0,32,0
4,10,1.253722e6,-6.61198291584178,-2.42863258704684,TIME_LIMIT,141765,0,0,25,0
4,10,1.254042e6,-6.61198291584178,-2.42863258704684,TIME_LIMIT,141791,0,0,32,0
4,10,1.254338e6,-6.61198291584178,-2.42863258704684,TIME_LIMIT,141834,0,0,25,0
4,10,1.254654e6,-6.61198291584178,-2.42863258704684,TIME_LIMIT,141856,0,0,13,0
4,10,1.25495e6,-6.61198291584178,-2.42863258704684,TIME_LIMIT,141895,0,0,25,0
4,10,1.255239e6,-6.61198291584178,-2.42863258704684,TIME_LIMIT,141922,0,0,19,0
4,10,1.255533e6,-6.61198291584178,-2.42863258704684,TIME_LIMIT,141967,0,0,24,0
4,10,1.255825e6,-6.61198291584178,-2.42863258704684,TIME_LIMIT,141997,0,0,23,0
4,10,1.256143e6,-6.61198291584178,-2.42863258704684,TIME_LIMIT,142026,0,0,25,0
4,10,1.256436e6,-6.61198291584178,-2.42863258704684,TIME_LIMIT,142050,0,0,30,0
4,10,1.25673e6,-6.61198291584178,-2.42863258704684,TIME_LIMIT,142087,0,0,13,0
4,10,1.257025e6,-6.61198291584178,-2.42863258704684,TIME_LIMIT,142117,0,0,27,0
4,10,1.257314e6,-6.61198291584178,-2.42863258704684,TIME_LIMIT,142158,0,0,26,0
4,10,1.257639e6,-6.61198291584178,-2.42863258704684,TIME_LIMIT,142181,0,0,35,0
4,10,1.257973e6,-6.61198291584178,-2.42863258704684,TIME_LIMIT,142224,0,0,25,0
4,10,1.258266e6,-6.61198291584178,-2.42863258704684,TIME_LIMIT,142255,0,0,32,0
4,10,1.258563e6,-6.61198291584178,-2.42863258704684,TIME_LIMIT,142291,0,0,28,0
4,10,1.258854e6,-6.61198291584178,-2.42863258704684,TIME_LIMIT,142314,0,0,27,0
4,10,1.259144e6,-6.61198291584178,-2.42863258704684,TIME_LIMIT,142358,0,0,24,0
4,10,1.259464e6,-6.61198291584178,-2.42863258704684,TIME_LIMIT,142388,0,0,27,0
4,10,1.259757e6,-6.61198291584178,-2.42863258704684,TIME_LIMIT,142429,0,0,24,0
4,10,1.260051e6,-6.61198291584178,-2.42863258704684,TIME_LIMIT,142452,0,0,13,0
4,10,1.260341e6,-6.61198291584178,-2.42863258704684,TIME_LIMIT,142494,0,0,11,0
4,10,1.260637e6,-6.61198291584178,-2.42863258704684,TIME_LIMIT,142516,0,0,36,0
4,10,1.260956e6,-6.61198291584178,-2.42863258704684,TIME_LIMIT,142558,0,0,29,0
4,10,1.261247e6,-6.61198291584178,-2.42863258704684,TIME_LIMIT,142579,0,0,23,0
4,10,1.261553e6,-6.61198291584178,-2.42863258704684,TIME_LIMIT,142624,0,0,27,0
4,10,1.261857e6,-6.61198291584178,-2.42863258704684,TIME_LIMIT,142647,0,0,13,0
4,10,1.26215e6,-6.61198291584178,-2.42863258704684,TIME_LIMIT,142684,0,0,25,0
4,10,1.262471e6,-6.61198291584178,-2.42863258704684,TIME_LIMIT,142707,0,0,26,0
4,10,1.262763e6,-6.61198291584178,-2.42863258704684,TIME_LIMIT,142751,0,0,23,0
4,10,1.263056e6,-6.61198291584178,-2.42863258704684,TIME_LIMIT,142777,0,0,30,0
4,10,1.263347e6,-6.61198291584178,-2.42863258704684,TIME_LIMIT,142821,0,0,29,0
4,10,1.26364e6,-6.61198291584178,-2.42863258704684,TIME_LIMIT,142850,0,0,25,0
4,10,1.263957e6,-6.61198291584178,-2.42863258704684,TIME_LIMIT,142882,0,0,22,0
4,10,1.264249e6,-6.61198291584178,-2.42863258704684,TIME_LIMIT,142910,0,0,34,0
4,10,1.264545e6,-6.61198291584178,-2.42863258704684,TIME_LIMIT,142956,0,0,28,0
4,10,1.264838e6,-6.61198291584178,-2.42863258704684,TIME_LIMIT,142983,0,0,26,0
4,10,1.265129e6,-6.61198291584178,-2.42863258704684,TIME_LIMIT,143024,0,0,27,0
4,10,1.265452e6,-6.61198291584178,-2.42863258704684,TIME_LIMIT,143048,0,0,27,0
4,10,1.265742e6,-6.61198291584178,-2.42863258704684,TIME_LIMIT,143083,0,0,23,0
4,10,1.266043e6,-6.61198291584178,-2.42863258704684,TIME_LIMIT,143101,0,0,37,0
4,10,1.266338e6,-6.61198291584178,-2.42863258704684,TIME_LIMIT,143143,0,0,18,0
4,10,1.266628e6,-6.61198291584178,-2.42863258704684,TIME_LIMIT,143169,0,0,15,0
4,10,1.26695e6,-6.61198291584178,-2.42863258704684,TIME_LIMIT,143209,0,0,23,0
4,10,1.267244e6,-6.61198291584178,-2.42863258704684,TIME_LIMIT,143234,0,0,15,0
4,10,1.267541e6,-6.61198291584178,-2.42863258704684,TIME_LIMIT,143272,0,0,25,0
4,10,1.267831e6,-6.61198291584178,-2.42863258704684,TIME_LIMIT,143293,0,0,26,0
4,10,1.268126e6,-6.61198291584178,-2.42863258704684,TIME_LIMIT,143340,0,0,24,0
4,10,1.268446e6,-6.61198291584178,-2.42863258704684,TIME_LIMIT,143364,0,0,23,0
4,10,1.268737e6,-6.61198291584178,-2.42863258704684,TIME_LIMIT,143400,0,0,19,0
4,10,1.269037e6,-6.61198291584178,-2.42863258704684,TIME_LIMIT,143430,0,0,28,0
4,10,1.269329e6,-6.61198291584178,-2.42863258704684,TIME_LIMIT,143469,0,0,10,0
4,10,1.269622e6,-6.61198291584178,-2.42863258704684,TIME_LIMIT,143494,0,0,7,0
4,10,1.26991e6,-6.61198291584178,-2.42863258704684,TIME_LIMIT,143534,0,0,13,0
4,10,1.270233e6,-6.61198291584178,-2.42863258704684,TIME_LIMIT,143556,0,0,22,0
4,10,1.270523e6,-6.61198291584178,-2.42863258704684,TIME_LIMIT,143598,0,0,25,0
4,10,1.270817e6,-6.61198291584178,-2.42863258704684,TIME_LIMIT,143629,0,0,34,0
4,10,1.27111e6,-6.61198291584178,-2.42863258704684,TIME_LIMIT,143666,0,0,24,0
4,10,1.271405e6,-6.61198291584178,-2.42863258704684,TIME_LIMIT,143689,0,0,33,0
4,10,1.271727e6,-6.61198291584178,-2.42863258704684,TIME_LIMIT,143730,0,0,26,0
4,10,1.272018e6,-6.61198291584178,-2.42863258704684,TIME_LIMIT,143754,0,0,28,0
4,10,1.272312e6,-6.61198291584178,-2.42863258704684,TIME_LIMIT,143798,0,0,26,0
4,10,1.272606e6,-6.61198291584178,-2.42863258704684,TIME_LIMIT,143820,0,0,13,0
4,10,1.272894e6,-6.61198291584178,-2.42863258704684,TIME_LIMIT,143860,0,0,18,0
4,10,1.273219e6,-6.61198291584178,-2.42863258704684,TIME_LIMIT,143887,0,0,34,0
4,10,1.27351e6,-6.61198291584178,-2.42863258704684,TIME_LIMIT,143931,0,0,24,0
4,10,1.273808e6,-6.61198291584178,-2.42863258704684,TIME_LIMIT,143961,0,0,10,0
4,10,1.274099e6,-6.61198291584178,-2.42863258704684,TIME_LIMIT,143996,0,0,35,0
4,10,1.274391e6,-6.61198291584178,-2.42863258704684,TIME_LIMIT,144023,0,0,42,0
4,10,1.274712e6,-6.61198291584178,-2.42863258704684,TIME_LIMIT,144065,0,0,27,0
4,10,1.275004e6,-6.61198291584178,-2.42863258704684,TIME_LIMIT,144087,0,0,15,0
4,10,1.275296e6,-6.61198291584178,-2.42863258704684,TIME_LIMIT,144126,0,0,24,0
4,10,1.275591e6,-6.61198291584178,-2.42863258704684,TIME_LIMIT,144154,0,0,25,0
4,10,1.275884e6,-6.61198291584178,-2.42863258704684,TIME_LIMIT,144181,0,0,22,0
4,10,1.276205e6,-6.61198291584178,-2.42863258704684,TIME_LIMIT,144203,0,0,29,0
4,10,1.276499e6,-6.61198291584178,-2.42863258704684,TIME_LIMIT,144243,0,0,25,0
4,10,1.276794e6,-6.61198291584178,-2.42863258704684,TIME_LIMIT,144270,0,0,30,0
4,10,1.277087e6,-6.61198291584178,-2.42863258704684,TIME_LIMIT,144304,0,0,14,0
4,10,1.277376e6,-6.61198291584178,-2.42863258704684,TIME_LIMIT,144328,0,0,26,0
4,10,1.277668e6,-6.61198291584178,-2.42863258704684,TIME_LIMIT,144371,0,0,29,0
4,10,1.277994e6,-6.61198291584178,-2.42863258704684,TIME_LIMIT,144394,0,0,37,0
4,10,1.278284e6,-6.61198291584178,-2.42863258704684,TIME_LIMIT,144436,0,0,25,0
4,10,1.27858e6,-6.61198291584178,-2.42863258704684,TIME_LIMIT,144467,0,0,34,0
4,10,1.278874e6,-6.61198291584178,-2.42863258704684,TIME_LIMIT,144500,0,0,24,0
4,10,1.279166e6,-6.61198291584178,-2.42863258704684,TIME_LIMIT,144521,0,0,27,0
4,10,1.279485e6,-6.61198291584178,-2.42863258704684,TIME_LIMIT,144557,0,0,22,0
4,10,1.279776e6,-6.61198291584178,-2.42863258704684,TIME_LIMIT,144584,0,0,26,0
4,10,1.280073e6,-6.61198291584178,-2.42863258704684,TIME_LIMIT,144625,0,0,30,0
4,10,1.280366e6,-6.61198291584178,-2.42863258704684,TIME_LIMIT,144658,0,0,27,0
4,10,1.280658e6,-6.61198291584178,-2.42863258704684,TIME_LIMIT,144690,0,0,29,0
4,10,1.280979e6,-6.61198291584178,-2.42863258704684,TIME_LIMIT,144711,0,0,29,0
4,10,1.281272e6,-6.61198291584178,-2.42863258704684,TIME_LIMIT,144751,0,0,22,0
4,10,1.281566e6,-6.61198291584178,-2.42863258704684,TIME_LIMIT,144781,0,0,29,0
4,10,1.281864e6,-6.61198291584178,-2.42863258704684,TIME_LIMIT,144821,0,0,14,0
4,10,1.282158e6,-6.61198291584178,-2.42863258704684,TIME_LIMIT,144851,0,0,25,0
4,10,1.282478e6,-6.61198291584178,-2.42863258704684,TIME_LIMIT,144885,0,0,27,0
4,10,1.282771e6,-6.61198291584178,-2.42863258704684,TIME_LIMIT,144906,0,0,23,0
4,10,1.283066e6,-6.61198291584178,-2.42863258704684,TIME_LIMIT,144943,0,0,27,0
4,10,1.28336e6,-6.61198291584178,-2.42863258704684,TIME_LIMIT,144970,0,0,26,0
4,10,1.283655e6,-6.61198291584178,-2.42863258704684,TIME_LIMIT,145010,0,0,12,0
4,10,1.283977e6,-6.61198291584178,-2.42863258704684,TIME_LIMIT,145052,0,0,29,0
4,10,1.284269e6,-6.61198291584178,-2.42863258704684,TIME_LIMIT,145077,0,0,33,0
4,10,1.284559e6,-6.61198291584178,-2.42863258704684,TIME_LIMIT,145102,0,0,26,0
4,10,1.284854e6,-6.61198291584178,-2.42863258704684,TIME_LIMIT,145142,0,0,23,0
4,10,1.285147e6,-6.61198291584178,-2.42863258704684,TIME_LIMIT,145170,0,0,16,0
4,10,1.285467e6,-6.61198291584178,-2.42863258704684,TIME_LIMIT,145207,0,0,25,0
4,10,1.285762e6,-6.61198291584178,-2.42863258704684,TIME_LIMIT,145233,0,0,7,0
4,10,1.286056e6,-6.61198291584178,-2.42863258704684,TIME_LIMIT,145267,0,0,21,0
4,10,1.286351e6,-6.61198291584178,-2.42863258704684,TIME_LIMIT,145293,0,0,32,0
4,10,1.286642e6,-6.61198291584178,-2.42863258704684,TIME_LIMIT,145334,0,0,24,0
4,10,1.286932e6,-6.61198291584178,-2.42863258704684,TIME_LIMIT,145358,0,0,24,0
4,10,1.287255e6,-6.61198291584178,-2.42863258704684,TIME_LIMIT,145393,0,0,22,0
4,10,1.287548e6,-6.61198291584178,-2.42863258704684,TIME_LIMIT,145429,0,0,26,0
4,10,1.287853e6,-6.61198291584178,-2.42863258704684,TIME_LIMIT,145452,0,0,14,0
4,10,1.288147e6,-6.61198291584178,-2.42863258704684,TIME_LIMIT,145484,0,0,25,0
4,10,1.288438e6,-6.61198291584178,-2.42863258704684,TIME_LIMIT,145520,0,0,26,0
4,10,1.288757e6,-6.61198291584178,-2.42863258704684,TIME_LIMIT,145554,0,0,29,0
4,10,1.289052e6,-6.61198291584178,-2.42863258704684,TIME_LIMIT,145581,0,0,27,0
4,10,1.289349e6,-6.61198291584178,-2.42863258704684,TIME_LIMIT,145602,0,0,41,0
4,10,1.289642e6,-6.61198291584178,-2.42863258704684,TIME_LIMIT,145642,0,0,19,0
4,10,1.289934e6,-6.61198291584178,-2.42863258704684,TIME_LIMIT,145661,0,0,23,0
4,10,1.29025e6,-6.61198291584178,-2.42863258704684,TIME_LIMIT,145700,0,0,19,0
4,10,1.290549e6,-6.61198291584178,-2.42863258704684,TIME_LIMIT,145731,0,0,29,0
4,10,1.290837e6,-6.61198291584178,-2.42863258704684,TIME_LIMIT,145765,0,0,31,0
4,10,1.291126e6,-6.61198291584178,-2.42863258704684,TIME_LIMIT,145791,0,0,27,0
4,10,1.291419e6,-6.61198291584178,-2.42863258704684,TIME_LIMIT,145828,0,0,22,0
4,10,1.291774e6,-6.61198291584178,-2.42863258704684,TIME_LIMIT,145854,0,0,13,0
4,10,1.292067e6,-6.61198291584178,-2.42863258704684,TIME_LIMIT,145893,0,0,22,0
4,10,1.292356e6,-6.61198291584178,-2.42863258704684,TIME_LIMIT,145922,0,0,28,0
4,10,1.292653e6,-6.61198291584178,-2.42863258704684,TIME_LIMIT,145954,0,0,19,0
4,10,1.292945e6,-6.61198291584178,-2.42863258704684,TIME_LIMIT,145977,0,0,28,0
4,10,1.293234e6,-6.61198291584178,-2.42863258704684,TIME_LIMIT,146023,0,0,29,0
4,10,1.293556e6,-6.61198291584178,-2.42863258704684,TIME_LIMIT,146051,0,0,23,0
4,10,1.293849e6,-6.61198291584178,-2.42863258704684,TIME_LIMIT,146089,0,0,25,0
4,10,1.294143e6,-6.61198291584178,-2.42863258704684,TIME_LIMIT,146108,0,0,33,0
4,10,1.294431e6,-6.61198291584178,-2.42863258704684,TIME_LIMIT,146146,0,0,20,0
4,10,1.294723e6,-6.61198291584178,-2.42863258704684,TIME_LIMIT,146169,0,0,11,0
4,10,1.295041e6,-6.61198291584178,-2.42863258704684,TIME_LIMIT,146207,0,0,13,0
4,10,1.295352e6,-6.61198291584178,-2.42863258704684,TIME_LIMIT,146229,0,0,24,0
4,10,1.295654e6,-6.61198291584178,-2.42863258704684,TIME_LIMIT,146263,0,0,23,0
4,10,1.295948e6,-6.61198291584178,-2.42863258704684,TIME_LIMIT,146288,0,0,34,0
4,10,1.296239e6,-6.61198291584178,-2.42863258704684,TIME_LIMIT,146327,0,0,12,0
4,10,1.296558e6,-6.61198291584178,-2.42863258704684,TIME_LIMIT,146345,0,0,23,0
4,10,1.296852e6,-6.61198291584178,-2.42863258704684,TIME_LIMIT,146384,0,0,22,0
4,10,1.297149e6,-6.61198291584178,-2.42863258704684,TIME_LIMIT,146409,0,0,28,0
4,10,1.297441e6,-6.61198291584178,-2.42863258704684,TIME_LIMIT,146452,0,0,26,0
4,10,1.297733e6,-6.61198291584178,-2.42863258704684,TIME_LIMIT,146477,0,0,26,0
4,10,1.298051e6,-6.61198291584178,-2.42863258704684,TIME_LIMIT,146509,0,0,23,0
4,10,1.298348e6,-6.61198291584178,-2.42863258704684,TIME_LIMIT,146534,0,0,26,0
4,10,1.29864e6,-6.61198291584178,-2.42863258704684,TIME_LIMIT,146568,0,0,28,0
4,10,1.298936e6,-6.61198291584178,-2.42863258704684,TIME_LIMIT,146586,0,0,33,0
4,10,1.29927e6,-6.61198291584178,-2.42863258704684,TIME_LIMIT,146624,0,0,16,0
4,10,1.299561e6,-6.61198291584178,-2.42863258704684,TIME_LIMIT,146647,0,0,30,0
4,10,1.299883e6,-6.61198291584178,-2.42863258704684,TIME_LIMIT,146685,0,0,21,0
4,10,1.300175e6,-6.61198291584178,-2.42863258704684,TIME_LIMIT,146718,0,0,31,0
4,10,1.300468e6,-6.61198291584178,-2.42863258704684,TIME_LIMIT,146749,0,0,36,0
4,10,1.300765e6,-6.61198291584178,-2.42863258704684,TIME_LIMIT,146773,0,0,30,0
4,10,1.301058e6,-6.61198291584178,-2.42863258704684,TIME_LIMIT,146809,0,0,25,0
4,10,1.301378e6,-6.61198291584178,-2.42863258704684,TIME_LIMIT,146839,0,0,10,0
4,10,1.301672e6,-6.61198291584178,-2.42863258704684,TIME_LIMIT,146878,0,0,27,0
4,10,1.301964e6,-6.61198291584178,-2.42863258704684,TIME_LIMIT,146907,0,0,24,0
4,10,1.302256e6,-6.61198291584178,-2.42863258704684,TIME_LIMIT,146941,0,0,27,0
4,10,1.30255e6,-6.61198291584178,-2.42863258704684,TIME_LIMIT,146971,0,0,14,0
4,10,1.302897e6,-6.61198291584178,-2.42863258704684,TIME_LIMIT,147006,0,0,24,0
4,10,1.303195e6,-6.61198291584178,-2.42863258704684,TIME_LIMIT,147035,0,0,35,0
4,10,1.303483e6,-6.61198291584178,-2.42863258704684,TIME_LIMIT,147075,0,0,13,0
4,10,1.30378e6,-6.61198291584178,-2.42863258704684,TIME_LIMIT,147102,0,0,17,0
4,10,1.304067e6,-6.61198291584178,-2.42863258704684,TIME_LIMIT,147139,0,0,20,0
4,10,1.304386e6,-6.61198291584178,-2.42863258704684,TIME_LIMIT,147169,0,0,10,0
4,10,1.304678e6,-6.61198291584178,-2.42863258704684,TIME_LIMIT,147204,0,0,14,0
4,10,1.304969e6,-6.61198291584178,-2.42863258704684,TIME_LIMIT,147232,0,0,25,0
4,10,1.305263e6,-6.61198291584178,-2.42863258704684,TIME_LIMIT,147263,0,0,17,0
4,10,1.305551e6,-6.61198291584178,-2.42863258704684,TIME_LIMIT,147285,0,0,33,0
4,10,1.305842e6,-6.61198291584178,-2.42863258704684,TIME_LIMIT,147320,0,0,18,0
4,10,1.306165e6,-6.61198291584178,-2.42863258704684,TIME_LIMIT,147359,0,0,29,0
4,10,1.30646e6,-6.61198291584178,-2.42863258704684,TIME_LIMIT,147383,0,0,30,0
4,10,1.306753e6,-6.61198291584178,-2.42863258704684,TIME_LIMIT,147411,0,0,31,0
4,10,1.307042e6,-6.61198291584178,-2.42863258704684,TIME_LIMIT,147449,0,0,23,0
4,10,1.307336e6,-6.61198291584178,-2.42863258704684,TIME_LIMIT,147478,0,0,29,0
4,10,1.307657e6,-6.61198291584178,-2.42863258704684,TIME_LIMIT,147513,0,0,25,0
4,10,1.30795e6,-6.61198291584178,-2.42863258704684,TIME_LIMIT,147536,0,0,26,0
4,10,1.308239e6,-6.61198291584178,-2.42863258704684,TIME_LIMIT,147574,0,0,23,0
4,10,1.308534e6,-6.61198291584178,-2.42863258704684,TIME_LIMIT,147597,0,0,10,0
4,10,1.308826e6,-6.61198291584178,-2.42863258704684,TIME_LIMIT,147630,0,0,20,0
4,10,1.309149e6,-6.61198291584178,-2.42863258704684,TIME_LIMIT,147662,0,0,21,0
4,10,1.30944e6,-6.61198291584178,-2.42863258704684,TIME_LIMIT,147692,0,0,31,0
4,10,1.309732e6,-6.61198291584178,-2.42863258704684,TIME_LIMIT,147715,0,0,26,0
4,10,1.310025e6,-6.61198291584178,-2.42863258704684,TIME_LIMIT,147754,0,0,13,0
4,10,1.310313e6,-6.61198291584178,-2.42863258704684,TIME_LIMIT,147779,0,0,35,0
4,10,1.310638e6,-6.61198291584178,-2.42863258704684,TIME_LIMIT,147812,0,0,14,0
4,10,1.310934e6,-6.61198291584178,-2.42863258704684,TIME_LIMIT,147831,0,0,23,0
4,10,1.311225e6,-6.61198291584178,-2.42863258704684,TIME_LIMIT,147872,0,0,13,0
4,10,1.311516e6,-6.61198291584178,-2.42863258704684,TIME_LIMIT,147899,0,0,26,0
4,10,1.311807e6,-6.61198291584178,-2.42863258704684,TIME_LIMIT,147929,0,0,14,0
4,10,1.312099e6,-6.61198291584178,-2.42863258704684,TIME_LIMIT,147961,0,0,37,0
4,10,1.312417e6,-6.61198291584178,-2.42863258704684,TIME_LIMIT,148003,0,0,14,0
4,10,1.312716e6,-6.61198291584178,-2.42863258704684,TIME_LIMIT,148028,0,0,38,0
4,10,1.313012e6,-6.61198291584178,-2.42863258704684,TIME_LIMIT,148067,0,0,22,0
4,10,1.313302e6,-6.61198291584178,-2.42863258704684,TIME_LIMIT,148093,0,0,26,0
4,10,1.313588e6,-6.61198291584178,-2.42863258704684,TIME_LIMIT,148130,0,0,13,0
4,10,1.313914e6,-6.61198291584178,-2.42863258704684,TIME_LIMIT,148155,0,0,28,0
4,10,1.314204e6,-6.61198291584178,-2.42863258704684,TIME_LIMIT,148194,0,0,25,0
4,10,1.314495e6,-6.61198291584178,-2.42863258704684,TIME_LIMIT,148225,0,0,28,0
4,10,1.314792e6,-6.61198291584178,-2.42863258704684,TIME_LIMIT,148253,0,0,31,0
4,10,1.315085e6,-6.61198291584178,-2.42863258704684,TIME_LIMIT,148277,0,0,27,0
4,10,1.315402e6,-6.61198291584178,-2.42863258704684,TIME_LIMIT,148316,0,0,17,0
4,10,1.315692e6,-6.61198291584178,-2.42863258704684,TIME_LIMIT,148345,0,0,30,0
4,10,1.315985e6,-6.61198291584178,-2.42863258704684,TIME_LIMIT,148373,0,0,24,0
4,10,1.316277e6,-6.61198291584178,-2.42863258704684,TIME_LIMIT,148399,0,0,24,0
4,10,1.316566e6,-6.61198291584178,-2.42863258704684,TIME_LIMIT,148431,0,0,19,0
4,10,1.316861e6,-6.61198291584178,-2.42863258704684,TIME_LIMIT,148453,0,0,27,0
4,10,1.317185e6,-6.61198291584178,-2.42863258704684,TIME_LIMIT,148493,0,0,28,0
4,10,1.317476e6,-6.61198291584178,-2.42863258704684,TIME_LIMIT,148518,0,0,31,0
4,10,1.317766e6,-6.61198291584178,-2.42863258704684,TIME_LIMIT,148551,0,0,22,0
4,10,1.318061e6,-6.61198291584178,-2.42863258704684,TIME_LIMIT,148571,0,0,29,0
4,10,1.318352e6,-6.61198291584178,-2.42863258704684,TIME_LIMIT,148610,0,0,25,0
4,10,1.318668e6,-6.61198291584178,-2.42863258704684,TIME_LIMIT,148634,0,0,27,0
4,10,1.318958e6,-6.61198291584178,-2.42863258704684,TIME_LIMIT,148668,0,0,21,0
4,10,1.319253e6,-6.61198291584178,-2.42863258704684,TIME_LIMIT,148694,0,0,23,0
4,10,1.319543e6,-6.61198291584178,-2.42863258704684,TIME_LIMIT,148729,0,0,24,0
4,10,1.319828e6,-6.61198291584178,-2.42863258704684,TIME_LIMIT,148763,0,0,19,0
4,10,1.320152e6,-6.61198291584178,-2.42863258704684,TIME_LIMIT,148789,0,0,14,0
4,10,1.320446e6,-6.61198291584178,-2.42863258704684,TIME_LIMIT,148810,0,0,34,0
4,10,1.320734e6,-6.61198291584178,-2.42863258704684,TIME_LIMIT,148849,0,0,26,0
4,10,1.321028e6,-6.61198291584178,-2.42863258704684,TIME_LIMIT,148870,0,0,34,0
4,10,1.321319e6,-6.61198291584178,-2.42863258704684,TIME_LIMIT,148906,0,0,11,0
4,10,1.321645e6,-6.61198291584178,-2.42863258704684,TIME_LIMIT,148934,0,0,26,0
4,10,1.321934e6,-6.61198291584178,-2.42863258704684,TIME_LIMIT,148971,0,0,21,0
4,10,1.322224e6,-6.61198291584178,-2.42863258704684,TIME_LIMIT,148995,0,0,22,0
4,10,1.322517e6,-6.61198291584178,-2.42863258704684,TIME_LIMIT,149024,0,0,19,0
4,10,1.322809e6,-6.61198291584178,-2.42863258704684,TIME_LIMIT,149047,0,0,29,0
4,10,1.323096e6,-6.61198291584178,-2.42863258704684,TIME_LIMIT,149087,0,0,17,0
4,10,1.32342e6,-6.61198291584178,-2.42863258704684,TIME_LIMIT,149115,0,0,24,0
4,10,1.323713e6,-6.61198291584178,-2.42863258704684,TIME_LIMIT,149146,0,0,28,0
4,10,1.324004e6,-6.61198291584178,-2.42863258704684,TIME_LIMIT,149176,0,0,28,0
4,10,1.324296e6,-6.61198291584178,-2.42863258704684,TIME_LIMIT,149204,0,0,25,0
4,10,1.324586e6,-6.61198291584178,-2.42863258704684,TIME_LIMIT,149225,0,0,27,0
4,10,1.324908e6,-6.61198291584178,-2.42863258704684,TIME_LIMIT,149263,0,0,23,0
4,10,1.325198e6,-6.61198291584178,-2.42863258704684,TIME_LIMIT,149286,0,0,23,0
4,10,1.325492e6,-6.61198291584178,-2.42863258704684,TIME_LIMIT,149324,0,0,24,0
4,10,1.325788e6,-6.61198291584178,-2.42863258704684,TIME_LIMIT,149357,0,0,33,0
4,10,1.326081e6,-6.61198291584178,-2.42863258704684,TIME_LIMIT,149394,0,0,22,0
4,10,1.326402e6,-6.61198291584178,-2.42863258704684,TIME_LIMIT,149411,0,0,29,0
4,10,1.326693e6,-6.61198291584178,-2.42863258704684,TIME_LIMIT,149448,0,0,25,0
4,10,1.326986e6,-6.61198291584178,-2.42863258704684,TIME_LIMIT,149468,0,0,25,0
4,10,1.327276e6,-6.61198291584178,-2.42863258704684,TIME_LIMIT,149502,0,0,21,0
4,10,1.327567e6,-6.61198291584178,-2.42863258704684,TIME_LIMIT,149521,0,0,29,0
4,10,1.327859e6,-6.61198291584178,-2.42863258704684,TIME_LIMIT,149562,0,0,24,0
4,10,1.32818e6,-6.61198291584178,-2.42863258704684,TIME_LIMIT,149586,0,0,22,0
4,10,1.328471e6,-6.61198291584178,-2.42863258704684,TIME_LIMIT,149622,0,0,25,0
4,10,1.328765e6,-6.61198291584178,-2.42863258704684,TIME_LIMIT,149639,0,0,18,0
4,10,1.329054e6,-6.61198291584178,-2.42863258704684,TIME_LIMIT,149675,0,0,22,0
4,10,1.329355e6,-6.61198291584178,-2.42863258704684,TIME_LIMIT,149704,0,0,13,0
4,10,1.329676e6,-6.61198291584178,-2.42863258704684,TIME_LIMIT,149732,0,0,24,0
4,10,1.329972e6,-6.61198291584178,-2.42863258704684,TIME_LIMIT,149755,0,0,39,0
4,10,1.330264e6,-6.61198291584178,-2.42863258704684,TIME_LIMIT,149787,0,0,21,0
4,10,1.330562e6,-6.61198291584178,-2.42863258704684,TIME_LIMIT,149812,0,0,32,0
4,10,1.330852e6,-6.61198291584178,-2.42863258704684,TIME_LIMIT,149848,0,0,27,0
4,10,1.331172e6,-6.61198291584178,-2.42863258704684,TIME_LIMIT,149869,0,0,31,0
4,10,1.331465e6,-6.61198291584178,-2.42863258704684,TIME_LIMIT,149908,0,0,32,0
4,10,1.331759e6,-6.61198291584178,-2.42863258704684,TIME_LIMIT,149932,0,0,21,0
4,10,1.332053e6,-6.61198291584178,-2.42863258704684,TIME_LIMIT,149972,0,0,27,0
4,10,1.332344e6,-6.61198291584178,-2.42863258704684,TIME_LIMIT,149992,0,0,27,0
4,10,1.332637e6,-6.61198291584178,-2.42863258704684,TIME_LIMIT,150031,0,0,28,0
4,10,1.332976e6,-6.61198291584178,-2.42863258704684,TIME_LIMIT,150053,0,0,24,0
4,10,1.333281e6,-6.61198291584178,-2.42863258704684,TIME_LIMIT,150089,0,0,24,0
4,10,1.333572e6,-6.61198291584178,-2.42863258704684,TIME_LIMIT,150115,0,0,32,0
4,10,1.333869e6,-6.61198291584178,-2.42863258704684,TIME_LIMIT,150149,0,0,10,0
4,10,1.334157e6,-6.61198291584178,-2.42863258704684,TIME_LIMIT,150173,0,0,6,0
4,10,1.334477e6,-6.61198291584178,-2.42863258704684,TIME_LIMIT,150207,0,0,14,0
4,10,1.334768e6,-6.61198291584178,-2.42863258704684,TIME_LIMIT,150230,0,0,27,0
4,10,1.335059e6,-6.61198291584178,-2.42863258704684,TIME_LIMIT,150262,0,0,24,0
4,10,1.335352e6,-6.61198291584178,-2.42863258704684,TIME_LIMIT,150287,0,0,25,0
4,10,1.335643e6,-6.61198291584178,-2.42863258704684,TIME_LIMIT,150312,0,0,21,0
4,10,1.33596e6,-6.61198291584178,-2.42863258704684,TIME_LIMIT,150340,0,0,31,0
4,10,1.336253e6,-6.61198291584178,-2.42863258704684,TIME_LIMIT,150369,0,0,26,0
4,10,1.336555e6,-6.61198291584178,-2.42863258704684,TIME_LIMIT,150390,0,0,26,0
4,10,1.336871e6,-6.61198291584178,-2.42863258704684,TIME_LIMIT,150424,0,0,22,0
4,10,1.337163e6,-6.61198291584178,-2.42863258704684,TIME_LIMIT,150446,0,0,29,0
4,10,1.337453e6,-6.61198291584178,-2.42863258704684,TIME_LIMIT,150480,0,0,22,0
4,10,1.33777e6,-6.61198291584178,-2.42863258704684,TIME_LIMIT,150505,0,0,28,0
4,10,1.338059e6,-6.61198291584178,-2.42863258704684,TIME_LIMIT,150537,0,0,21,0
4,10,1.338355e6,-6.61198291584178,-2.42863258704684,TIME_LIMIT,150562,0,0,26,0
4,10,1.338647e6,-6.61198291584178,-2.42863258704684,TIME_LIMIT,150603,0,0,27,0
4,10,1.338949e6,-6.61198291584178,-2.42863258704684,TIME_LIMIT,150625,0,0,29,0
4,10,1.339268e6,-6.61198291584178,-2.42863258704684,TIME_LIMIT,150663,0,0,23,0
4,10,1.339558e6,-6.61198291584178,-2.42863258704684,TIME_LIMIT,150682,0,0,21,0
4,10,1.339851e6,-6.61198291584178,-2.42863258704684,TIME_LIMIT,150718,0,0,27,0
4,10,1.340141e6,-6.61198291584178,-2.42863258704684,TIME_LIMIT,150739,0,0,22,0
4,10,1.340473e6,-6.61198291584178,-2.42863258704684,TIME_LIMIT,150771,0,0,14,0
4,10,1.340797e6,-6.61198291584178,-2.42863258704684,TIME_LIMIT,150795,0,0,20,0
4,10,1.34109e6,-6.61198291584178,-2.42863258704684,TIME_LIMIT,150827,0,0,23,0
4,10,1.341383e6,-6.61198291584178,-2.42863258704684,TIME_LIMIT,150849,0,0,31,0
4,10,1.341675e6,-6.611883812515982,-2.42863258704684,TIME_LIMIT,150884,0,0,13,0
4,10,1.341964e6,-6.611883812515982,-2.42863258704684,TIME_LIMIT,150916,0,0,32,0
4,10,1.342255e6,-6.6118592555932345,-2.42863258704684,TIME_LIMIT,150960,0,0,23,0
4,10,1.342579e6,-6.6118592555932345,-2.42863258704684,TIME_LIMIT,150994,0,0,36,0
4,10,1.342871e6,-6.611833856037534,-2.42863258704684,TIME_LIMIT,151040,0,0,22,0
4,10,1.343162e6,-6.611833856037534,-2.42863258704684,TIME_LIMIT,151060,0,0,37,0
4,10,1.343454e6,-6.611833856037534,-2.42863258704684,TIME_LIMIT,151094,0,0,23,0
4,10,1.343746e6,-6.611833856037534,-2.42863258704684,TIME_LIMIT,151115,0,0,34,0
4,10,1.344066e6,-6.611833856037534,-2.42863258704684,TIME_LIMIT,151150,0,0,26,0
4,10,1.344382e6,-6.611833856037534,-2.42863258704684,TIME_LIMIT,151172,0,0,24,0
4,10,1.344672e6,-6.611833856037534,-2.42863258704684,TIME_LIMIT,151204,0,0,20,0
4,10,1.344964e6,-6.611833856037534,-2.42863258704684,TIME_LIMIT,151223,0,0,22,0
4,10,1.345252e6,-6.611833856037534,-2.42863258704684,TIME_LIMIT,151261,0,0,24,0
4,10,1.345578e6,-6.611833856037534,-2.42863258704684,TIME_LIMIT,151288,0,0,15,0
4,10,1.345867e6,-6.611833856037534,-2.42863258704684,TIME_LIMIT,151316,0,0,19,0
4,10,1.346158e6,-6.611833856037534,-2.42863258704684,TIME_LIMIT,151336,0,0,27,0
4,10,1.346447e6,-6.611499963319151,-2.42863258704684,TIME_LIMIT,151368,0,0,19,0
4,10,1.346737e6,-6.611499963319151,-2.42863258704684,TIME_LIMIT,151392,0,0,11,0
4,10,1.347025e6,-6.611187999841306,-2.42863258704684,TIME_LIMIT,151426,0,0,24,0
4,10,1.347348e6,-6.611187999841306,-2.42863258704684,TIME_LIMIT,151467,0,0,29,0
4,10,1.347644e6,-6.611187999841306,-2.42863258704684,TIME_LIMIT,151494,0,0,27,0
4,10,1.347945e6,-6.611187999841306,-2.42863258704684,TIME_LIMIT,151522,0,0,28,0
4,10,1.348235e6,-6.611187999841306,-2.42863258704684,TIME_LIMIT,151563,0,0,20,0
4,10,1.348528e6,-6.611187999841306,-2.42863258704684,TIME_LIMIT,151600,0,0,19,0
4,10,1.348851e6,-6.611187999841306,-2.42863258704684,TIME_LIMIT,151646,0,0,21,0
4,10,1.349142e6,-6.611187999841306,-2.42863258704684,TIME_LIMIT,151683,0,0,29,0
4,10,1.349435e6,-6.611187999841306,-2.42863258704684,TIME_LIMIT,151727,0,0,24,0
4,10,1.34973e6,-6.611187999841306,-2.42863258704684,TIME_LIMIT,151754,0,0,25,0
4,10,1.350022e6,-6.611187999841306,-2.42863258704684,TIME_LIMIT,151794,0,0,17,0
4,10,1.350314e6,-6.611187999841306,-2.42863258704684,TIME_LIMIT,151827,0,0,13,0
4,10,1.350634e6,-6.611187999841306,-2.42863258704684,TIME_LIMIT,151858,0,0,22,0
4,10,1.350926e6,-6.611187999841306,-2.42863258704684,TIME_LIMIT,151887,0,0,25,0
4,10,1.351217e6,-6.61099576250812,-2.42863258704684,TIME_LIMIT,151913,0,0,25,0
4,10,1.351512e6,-6.61099576250812,-2.42863258704684,TIME_LIMIT,151943,0,0,38,0
4,10,1.351807e6,-6.61088855552431,-2.42863258704684,TIME_LIMIT,151991,0,0,26,0
4,10,1.352127e6,-6.61088855552431,-2.42863258704684,TIME_LIMIT,152019,0,0,26,0
4,10,1.352416e6,-6.61084542457608,-2.42863258704684,TIME_LIMIT,152055,0,0,10,0
4,10,1.352709e6,-6.61084542457608,-2.42863258704684,TIME_LIMIT,152074,0,0,33,0
4,10,1.353004e6,-6.610718971098834,-2.42863258704684,TIME_LIMIT,152113,0,0,24,0
4,10,1.353297e6,-6.610718971098834,-2.42863258704684,TIME_LIMIT,152131,0,0,31,0
4,10,1.353614e6,-6.610718971098834,-2.42863258704684,TIME_LIMIT,152171,0,0,24,0
4,10,1.35391e6,-6.610718971098834,-2.42863258704684,TIME_LIMIT,152188,0,0,34,0
4,10,1.3542e6,-6.610106315965805,-2.42863258704684,TIME_LIMIT,152220,0,0,22,0
4,10,1.354497e6,-6.610106315965805,-2.42863258704684,TIME_LIMIT,152254,0,0,27,0
4,10,1.354805e6,-6.610089313427087,-2.42863258704684,TIME_LIMIT,152302,0,0,10,0
4,10,1.3551e6,-6.610089313427087,-2.42863258704684,TIME_LIMIT,152326,0,0,31,0
4,10,1.355423e6,-6.609820937804057,-2.42863258704684,TIME_LIMIT,152358,0,0,24,0
4,10,1.355714e6,-6.609820937804057,-2.42863258704684,TIME_LIMIT,152392,0,0,22,0
4,10,1.35601e6,-6.609570318024915,-2.42863258704684,TIME_LIMIT,152432,0,0,19,0
4,10,1.356326e6,-6.609570318024915,-2.42863258704684,TIME_LIMIT,152464,0,0,25,0
4,10,1.356631e6,-6.609570318024915,-2.42863258704684,TIME_LIMIT,152505,0,0,28,0
4,10,1.356949e6,-6.609570318024915,-2.42863258704684,TIME_LIMIT,152534,0,0,29,0
4,10,1.357242e6,-6.60952121749711,-2.42863258704684,TIME_LIMIT,152574,0,0,17,0
4,10,1.357537e6,-6.60952121749711,-2.42863258704684,TIME_LIMIT,152595,0,0,23,0
4,10,1.357832e6,-6.60952121749711,-2.42863258704684,TIME_LIMIT,152639,0,0,26,0
4,10,1.358128e6,-6.60952121749711,-2.42863258704684,TIME_LIMIT,152669,0,0,21,0
4,10,1.358419e6,-6.60952121749711,-2.42863258704684,TIME_LIMIT,152704,0,0,32,0
4,10,1.358744e6,-6.60952121749711,-2.42863258704684,TIME_LIMIT,152732,0,0,22,0
4,10,1.359036e6,-6.60952121749711,-2.42863258704684,TIME_LIMIT,152765,0,0,28,0
4,10,1.359333e6,-6.60952121749711,-2.42863258704684,TIME_LIMIT,152798,0,0,30,0
4,10,1.359628e6,-6.60952121749711,-2.42863258704684,TIME_LIMIT,152832,0,0,27,0
4,10,1.359921e6,-6.60952121749711,-2.42863258704684,TIME_LIMIT,152854,0,0,28,0
4,10,1.360243e6,-6.60952121749711,-2.42863258704684,TIME_LIMIT,152890,0,0,9,0
4,10,1.360532e6,-6.60952121749711,-2.42863258704684,TIME_LIMIT,152917,0,0,35,0
4,10,1.360828e6,-6.60952121749711,-2.42863258704684,TIME_LIMIT,152953,0,0,7,0
4,10,1.361123e6,-6.60952121749711,-2.42863258704684,TIME_LIMIT,152976,0,0,38,0
4,10,1.361416e6,-6.60952121749711,-2.42863258704684,TIME_LIMIT,153013,0,0,12,0
4,10,1.361737e6,-6.60952121749711,-2.42863258704684,TIME_LIMIT,153032,0,0,39,0
4,10,1.362032e6,-6.609443549077611,-2.42863258704684,TIME_LIMIT,153069,0,0,30,0
4,10,1.362325e6,-6.609443549077611,-2.42863258704684,TIME_LIMIT,153097,0,0,29,0
4,10,1.362616e6,-6.609336445005175,-2.42863258704684,TIME_LIMIT,153124,0,0,23,0
4,10,1.362908e6,-6.609336445005175,-2.42863258704684,TIME_LIMIT,153149,0,0,19,0
4,10,1.363198e6,-6.608793982321578,-2.42863258704684,TIME_LIMIT,153173,0,0,25,0
4,10,1.363525e6,-6.608793982321578,-2.42863258704684,TIME_LIMIT,153194,0,0,39,0
4,10,1.363816e6,-6.608074278398993,-2.42863258704684,TIME_LIMIT,153240,0,0,18,0
4,10,1.364133e6,-6.608074278398993,-2.42863258704684,TIME_LIMIT,153274,0,0,36,0
4,10,1.364452e6,-6.608074278398993,-2.42863258704684,TIME_LIMIT,153315,0,0,29,0
4,10,1.364742e6,-6.608074278398993,-2.42863258704684,TIME_LIMIT,153349,0,0,41,0
4,10,1.365063e6,-6.607947083610629,-2.42863258704684,TIME_LIMIT,153397,0,0,30,0
4,10,1.365359e6,-6.607947083610629,-2.42863258704684,TIME_LIMIT,153425,0,0,31,0
4,10,1.365655e6,-6.607947083610629,-2.42863258704684,TIME_LIMIT,153470,0,0,21,0
4,10,1.365949e6,-6.607947083610629,-2.42863258704684,TIME_LIMIT,153500,0,0,29,0
4,10,1.366243e6,-6.607517033984219,-2.42863258704684,TIME_LIMIT,153550,0,0,24,0
4,10,1.366538e6,-6.607517033984219,-2.42863258704684,TIME_LIMIT,153581,0,0,25,0
4,10,1.366867e6,-6.607517033984219,-2.42863258704684,TIME_LIMIT,153626,0,0,26,0
4,10,1.367161e6,-6.607517033984219,-2.42863258704684,TIME_LIMIT,153662,0,0,39,0
4,10,1.367456e6,-6.607517033984219,-2.42863258704684,TIME_LIMIT,153696,0,0,25,0
4,10,1.367751e6,-6.607517033984219,-2.42863258704684,TIME_LIMIT,153723,0,0,40,0
4,10,1.368039e6,-6.606913695889656,-2.42863258704684,TIME_LIMIT,153763,0,0,25,0
4,10,1.368363e6,-6.606913695889656,-2.42863258704684,TIME_LIMIT,153791,0,0,37,0
4,10,1.368662e6,-6.606913695889656,-2.42863258704684,TIME_LIMIT,153841,0,0,27,0
4,10,1.368958e6,-6.606913695889656,-2.42863258704684,TIME_LIMIT,153866,0,0,40,0
4,10,1.369254e6,-6.606913695889656,-2.42863258704684,TIME_LIMIT,153911,0,0,28,0
4,10,1.369547e6,-6.606913695889656,-2.42863258704684,TIME_LIMIT,153939,0,0,36,0
4,10,1.369845e6,-6.606913695889656,-2.42863258704684,TIME_LIMIT,153986,0,0,28,0
4,10,1.370165e6,-6.606913695889656,-2.42863258704684,TIME_LIMIT,154010,0,0,35,0
4,10,1.370466e6,-6.606913695889656,-2.42863258704684,TIME_LIMIT,154055,0,0,25,0
4,10,1.370769e6,-6.606913695889656,-2.42863258704684,TIME_LIMIT,154075,0,0,19,0
4,10,1.371062e6,-6.606913695889656,-2.42863258704684,TIME_LIMIT,154118,0,0,25,0
4,10,1.371355e6,-6.606913695889656,-2.42863258704684,TIME_LIMIT,154146,0,0,33,0
4,10,1.371682e6,-6.606913695889656,-2.42863258704684,TIME_LIMIT,154186,0,0,12,0
4,10,1.371977e6,-6.606913695889656,-2.42863258704684,TIME_LIMIT,154214,0,0,23,0
4,10,1.372271e6,-6.606913695889656,-2.42863258704684,TIME_LIMIT,154266,0,0,29,0
4,10,1.372562e6,-6.606913695889656,-2.42863258704684,TIME_LIMIT,154302,0,0,28,0
4,10,1.372866e6,-6.606913695889656,-2.42863258704684,TIME_LIMIT,154337,0,0,26,0
4,10,1.37319e6,-6.606913695889656,-2.42863258704684,TIME_LIMIT,154370,0,0,32,0
4,10,1.373479e6,-6.606913695889656,-2.42863258704684,TIME_LIMIT,154407,0,0,28,0
4,10,1.373779e6,-6.606913695889656,-2.42863258704684,TIME_LIMIT,154432,0,0,31,0
4,10,1.374069e6,-6.606913695889656,-2.42863258704684,TIME_LIMIT,154477,0,0,23,0
4,10,1.374399e6,-6.606913695889656,-2.42863258704684,TIME_LIMIT,154505,0,0,31,0
4,10,1.37469e6,-6.606913695889656,-2.42863258704684,TIME_LIMIT,154548,0,0,15,0
4,10,1.375013e6,-6.606913695889656,-2.42863258704684,TIME_LIMIT,154573,0,0,32,0
4,10,1.37531e6,-6.606913695889656,-2.42863258704684,TIME_LIMIT,154611,0,0,27,0
4,10,1.375601e6,-6.606913695889656,-2.42863258704684,TIME_LIMIT,154635,0,0,27,0
4,10,1.375897e6,-6.606913695889656,-2.42863258704684,TIME_LIMIT,154677,0,0,25,0
4,10,1.37619e6,-6.606913695889656,-2.42863258704684,TIME_LIMIT,154708,0,0,29,0
4,10,1.376508e6,-6.606913695889656,-2.42863258704684,TIME_LIMIT,154745,0,0,23,0
4,10,1.376804e6,-6.606913695889656,-2.42863258704684,TIME_LIMIT,154774,0,0,36,0
4,10,1.377097e6,-6.606913695889656,-2.42863258704684,TIME_LIMIT,154818,0,0,27,0
4,10,1.377392e6,-6.606913695889656,-2.42863258704684,TIME_LIMIT,154841,0,0,31,0
4,10,1.377683e6,-6.606913695889656,-2.42863258704684,TIME_LIMIT,154882,0,0,21,0
4,10,1.377984e6,-6.606913695889656,-2.42863258704684,TIME_LIMIT,154904,0,0,34,0
4,10,1.378325e6,-6.606913695889656,-2.42863258704684,TIME_LIMIT,154946,0,0,25,0
4,10,1.37862e6,-6.606913695889656,-2.42863258704684,TIME_LIMIT,154970,0,0,37,0
4,10,1.37891e6,-6.606913695889656,-2.42863258704684,TIME_LIMIT,155011,0,0,26,0
4,10,1.379206e6,-6.606913695889656,-2.42863258704684,TIME_LIMIT,155036,0,0,28,0
4,10,1.379495e6,-6.606913695889656,-2.42863258704684,TIME_LIMIT,155078,0,0,29,0
4,10,1.379819e6,-6.606913695889656,-2.42863258704684,TIME_LIMIT,155095,0,0,35,0
4,10,1.380108e6,-6.606913695889656,-2.42863258704684,TIME_LIMIT,155139,0,0,24,0
4,10,1.380404e6,-6.606913695889656,-2.42863258704684,TIME_LIMIT,155161,0,0,17,0
4,10,1.380696e6,-6.606913695889656,-2.42863258704684,TIME_LIMIT,155198,0,0,22,0
4,10,1.380989e6,-6.606913695889656,-2.42863258704684,TIME_LIMIT,155228,0,0,27,0
4,10,1.381282e6,-6.606913695889656,-2.42863258704684,TIME_LIMIT,155259,0,0,26,0
4,10,1.381602e6,-6.606913695889656,-2.42863258704684,TIME_LIMIT,155287,0,0,26,0
4,10,1.381939e6,-6.606913695889656,-2.42863258704684,TIME_LIMIT,155324,0,0,26,0
4,10,1.382231e6,-6.606913695889656,-2.42863258704684,TIME_LIMIT,155350,0,0,29,0
4,10,1.382523e6,-6.606913695889656,-2.42863258704684,TIME_LIMIT,155388,0,0,24,0
4,10,1.382816e6,-6.606913695889656,-2.42863258704684,TIME_LIMIT,155408,0,0,28,0
4,10,1.383133e6,-6.606913695889656,-2.42863258704684,TIME_LIMIT,155438,0,0,21,0
4,10,1.383424e6,-6.606913695889656,-2.42863258704684,TIME_LIMIT,155459,0,0,24,0
4,10,1.383716e6,-6.606913695889656,-2.42863258704684,TIME_LIMIT,155494,0,0,25,0
4,10,1.384006e6,-6.606913695889656,-2.42863258704684,TIME_LIMIT,155513,0,0,25,0
4,10,1.3843e6,-6.606629507313293,-2.42863258704684,TIME_LIMIT,155547,0,0,24,0
4,10,1.384589e6,-6.606629507313293,-2.42863258704684,TIME_LIMIT,155577,0,0,25,0
4,10,1.384911e6,-6.606629507313293,-2.42863258704684,TIME_LIMIT,155616,0,0,22,0
4,10,1.3852e6,-6.606629507313293,-2.42863258704684,TIME_LIMIT,155641,0,0,19,0
4,10,1.385494e6,-6.606629507313293,-2.42863258704684,TIME_LIMIT,155680,0,0,22,0
4,10,1.385811e6,-6.606629507313293,-2.42863258704684,TIME_LIMIT,155700,0,0,28,0
4,10,1.386104e6,-6.606609802166497,-2.42863258704684,TIME_LIMIT,155736,0,0,25,0
4,10,1.386448e6,-6.606609802166497,-2.42863258704684,TIME_LIMIT,155765,0,0,34,0
4,10,1.386744e6,-6.606609802166497,-2.42863258704684,TIME_LIMIT,155809,0,0,31,0
4,10,1.387038e6,-6.606609802166497,-2.42863258704684,TIME_LIMIT,155830,0,0,31,0
4,10,1.387329e6,-6.606518610023026,-2.42863258704684,TIME_LIMIT,155875,0,0,24,0
4,10,1.387623e6,-6.606518610023026,-2.42863258704684,TIME_LIMIT,155898,0,0,26,0
4,10,1.387912e6,-6.6062630478453634,-2.42863258704684,TIME_LIMIT,155923,0,0,27,0
4,10,1.388233e6,-6.6062630478453634,-2.42863258704684,TIME_LIMIT,155955,0,0,36,0
4,10,1.388526e6,-6.606126963331663,-2.42863258704684,TIME_LIMIT,155997,0,0,25,0
4,10,1.38882e6,-6.606126963331663,-2.42863258704684,TIME_LIMIT,156017,0,0,31,0
4,10,1.389112e6,-6.605685889772634,-2.42863258704684,TIME_LIMIT,156061,0,0,23,0
4,10,1.389406e6,-6.605685889772634,-2.42863258704684,TIME_LIMIT,156088,0,0,29,0
4,10,1.389723e6,-6.605685889772634,-2.42863258704684,TIME_LIMIT,156125,0,0,23,0
4,10,1.390018e6,-6.605685889772634,-2.42863258704684,TIME_LIMIT,156145,0,0,32,0
4,10,1.390311e6,-6.605685889772634,-2.42863258704684,TIME_LIMIT,156181,0,0,22,0
4,10,1.390602e6,-6.605685889772634,-2.42863258704684,TIME_LIMIT,156203,0,0,28,0
4,10,1.390895e6,-6.605545064826403,-2.42863258704684,TIME_LIMIT,156240,0,0,21,0
4,10,1.391187e6,-6.605545064826403,-2.42863258704684,TIME_LIMIT,156269,0,0,8,0
4,10,1.391503e6,-6.605545064826403,-2.42863258704684,TIME_LIMIT,156305,0,0,10,0
4,10,1.391796e6,-6.605545064826403,-2.42863258704684,TIME_LIMIT,156338,0,0,22,0
4,10,1.392091e6,-6.605545064826403,-2.42863258704684,TIME_LIMIT,156360,0,0,30,0
4,10,1.392381e6,-6.605545064826403,-2.42863258704684,TIME_LIMIT,156383,0,0,37,0
4,10,1.392674e6,-6.605545064826403,-2.42863258704684,TIME_LIMIT,156425,0,0,23,0
4,10,1.392996e6,-6.605545064826403,-2.42863258704684,TIME_LIMIT,156446,0,0,25,0
4,10,1.393289e6,-6.60540209178279,-2.42863258704684,TIME_LIMIT,156484,0,0,25,0
4,10,1.393583e6,-6.60540209178279,-2.42863258704684,TIME_LIMIT,156511,0,0,27,0
4,10,1.393878e6,-6.60540209178279,-2.42863258704684,TIME_LIMIT,156556,0,0,29,0
4,10,1.394173e6,-6.60540209178279,-2.42863258704684,TIME_LIMIT,156588,0,0,29,0
4,10,1.394464e6,-6.604535591034738,-2.42863258704684,TIME_LIMIT,156629,0,0,22,0
4,10,1.394783e6,-6.604535591034738,-2.42863258704684,TIME_LIMIT,156649,0,0,23,0
4,10,1.395075e6,-6.604535591034738,-2.42863258704684,TIME_LIMIT,156687,0,0,24,0
4,10,1.395366e6,-6.604535591034738,-2.42863258704684,TIME_LIMIT,156711,0,0,27,0
4,10,1.395655e6,-6.604535591034738,-2.42863258704684,TIME_LIMIT,156747,0,0,16,0
4,10,1.395953e6,-6.604535591034738,-2.42863258704684,TIME_LIMIT,156771,0,0,31,0
4,10,1.39627e6,-6.603461048747903,-2.42863258704684,TIME_LIMIT,156809,0,0,22,0
4,10,1.396563e6,-6.603461048747903,-2.42863258704684,TIME_LIMIT,156834,0,0,22,0
4,10,1.396854e6,-6.603314724395636,-2.42863258704684,TIME_LIMIT,156877,0,0,23,0
4,10,1.397153e6,-6.603314724395636,-2.42863258704684,TIME_LIMIT,156902,0,0,46,0
4,10,1.397447e6,-6.603266284835677,-2.42863258704684,TIME_LIMIT,156942,0,0,31,0
4,10,1.397737e6,-6.603266284835677,-2.42863258704684,TIME_LIMIT,156965,0,0,12,0
4,10,1.398062e6,-6.603190805021935,-2.42863258704684,TIME_LIMIT,156998,0,0,14,0
4,10,1.398356e6,-6.603190805021935,-2.42863258704684,TIME_LIMIT,157028,0,0,56,0
4,10,1.398651e6,-6.603129214937786,-2.42863258704684,TIME_LIMIT,157079,0,0,25,0
4,10,1.398942e6,-6.603129214937786,-2.42863258704684,TIME_LIMIT,157099,0,0,17,0
4,10,1.399236e6,-6.603129214937786,-2.42863258704684,TIME_LIMIT,157139,0,0,23,0
4,10,1.399554e6,-6.603129214937786,-2.42863258704684,TIME_LIMIT,157167,0,0,26,0
4,10,1.399849e6,-6.603129214937786,-2.42863258704684,TIME_LIMIT,157202,0,0,27,0
4,10,1.400142e6,-6.603129214937786,-2.42863258704684,TIME_LIMIT,157228,0,0,27,0
4,10,1.400431e6,-6.603129214937786,-2.42863258704684,TIME_LIMIT,157270,0,0,24,0
4,10,1.400727e6,-6.603129214937786,-2.42863258704684,TIME_LIMIT,157298,0,0,26,0
4,10,1.401016e6,-6.603129214937786,-2.42863258704684,TIME_LIMIT,157337,0,0,20,0
4,10,1.401337e6,-6.603129214937786,-2.42863258704684,TIME_LIMIT,157362,0,0,33,0
4,10,1.401627e6,-6.602770994179309,-2.42863258704684,TIME_LIMIT,157396,0,0,22,0
4,10,1.401944e6,-6.602770994179309,-2.42863258704684,TIME_LIMIT,157428,0,0,28,0
4,10,1.402237e6,-6.602677579051203,-2.42863258704684,TIME_LIMIT,157474,0,0,5,0
4,10,1.40253e6,-6.602677579051203,-2.42863258704684,TIME_LIMIT,157505,0,0,33,0
4,10,1.40285e6,-6.602677579051203,-2.42863258704684,TIME_LIMIT,157544,0,0,23,0
4,10,1.403142e6,-6.602677579051203,-2.42863258704684,TIME_LIMIT,157573,0,0,10,0
4,10,1.403435e6,-6.602677579051203,-2.42863258704684,TIME_LIMIT,157618,0,0,24,0
4,10,1.403727e6,-6.602677579051203,-2.42863258704684,TIME_LIMIT,157657,0,0,28,0
4,10,1.40402e6,-6.602677579051203,-2.42863258704684,TIME_LIMIT,157689,0,0,29,0
4,10,1.404314e6,-6.602677579051203,-2.42863258704684,TIME_LIMIT,157714,0,0,32,0
4,10,1.404633e6,-6.602677579051203,-2.42863258704684,TIME_LIMIT,157753,0,0,21,0
4,10,1.404928e6,-6.602677579051203,-2.42863258704684,TIME_LIMIT,157775,0,0,33,0
4,10,1.405219e6,-6.602633911908161,-2.42863258704684,TIME_LIMIT,157814,0,0,25,0
4,10,1.405512e6,-6.602633911908161,-2.42863258704684,TIME_LIMIT,157840,0,0,12,0
4,10,1.405801e6,-6.602633911908161,-2.42863258704684,TIME_LIMIT,157871,0,0,14,0
4,10,1.406119e6,-6.602633911908161,-2.42863258704684,TIME_LIMIT,157902,0,0,23,0
4,10,1.406411e6,-6.602633911908161,-2.42863258704684,TIME_LIMIT,157932,0,0,33,0
4,10,1.406704e6,-6.602633911908161,-2.42863258704684,TIME_LIMIT,157965,0,0,29,0
4,10,1.406996e6,-6.602633911908161,-2.42863258704684,TIME_LIMIT,157992,0,0,21,0
4,10,1.407284e6,-6.602633911908161,-2.42863258704684,TIME_LIMIT,158010,0,0,20,0
4,10,1.407572e6,-6.602633911908161,-2.42863258704684,TIME_LIMIT,158046,0,0,26,0
4,10,1.407893e6,-6.602633911908161,-2.42863258704684,TIME_LIMIT,158076,0,0,30,0
4,10,1.408184e6,-6.6026003750118925,-2.42863258704684,TIME_LIMIT,158113,0,0,21,0
4,10,1.408476e6,-6.6026003750118925,-2.42863258704684,TIME_LIMIT,158141,0,0,31,0
4,10,1.408771e6,-6.6026003750118925,-2.42863258704684,TIME_LIMIT,158179,0,0,22,0
4,10,1.40906e6,-6.6026003750118925,-2.42863258704684,TIME_LIMIT,158199,0,0,28,0
4,10,1.40935e6,-6.602567242400252,-2.42863258704684,TIME_LIMIT,158238,0,0,27,0
4,10,1.40967e6,-6.602567242400252,-2.42863258704684,TIME_LIMIT,158256,0,0,38,0
4,10,1.409959e6,-6.602304480749381,-2.42863258704684,TIME_LIMIT,158289,0,0,10,0
4,10,1.410252e6,-6.602304480749381,-2.42863258704684,TIME_LIMIT,158315,0,0,31,0
4,10,1.410542e6,-6.602304480749381,-2.42863258704684,TIME_LIMIT,158358,0,0,28,0
4,10,1.410832e6,-6.602304480749381,-2.42863258704684,TIME_LIMIT,158387,0,0,33,0
4,10,1.41115e6,-6.602304480749381,-2.42863258704684,TIME_LIMIT,158427,0,0,22,0
4,10,1.411439e6,-6.602304480749381,-2.42863258704684,TIME_LIMIT,158451,0,0,29,0
4,10,1.411731e6,-6.602304480749381,-2.42863258704684,TIME_LIMIT,158495,0,0,16,0
4,10,1.412031e6,-6.602304480749381,-2.42863258704684,TIME_LIMIT,158518,0,0,33,0
4,10,1.412323e6,-6.602304480749381,-2.42863258704684,TIME_LIMIT,158557,0,0,19,0
4,10,1.412611e6,-6.602304480749381,-2.42863258704684,TIME_LIMIT,158590,0,0,22,0
4,10,1.412931e6,-6.602304480749381,-2.42863258704684,TIME_LIMIT,158622,0,0,26,0
4,10,1.41322e6,-6.602304480749381,-2.42863258704684,TIME_LIMIT,158653,0,0,30,0
4,10,1.413511e6,-6.602304480749381,-2.42863258704684,TIME_LIMIT,158691,0,0,24,0
4,10,1.4138e6,-6.602304480749381,-2.42863258704684,TIME_LIMIT,158713,0,0,29,0
4,10,1.414086e6,-6.60195171972814,-2.42863258704684,TIME_LIMIT,158752,0,0,20,0
4,10,1.414408e6,-6.60195171972814,-2.42863258704684,TIME_LIMIT,158776,0,0,35,0
4,10,1.414697e6,-6.60195171972814,-2.42863258704684,TIME_LIMIT,158812,0,0,12,0
4,10,1.414988e6,-6.60195171972814,-2.42863258704684,TIME_LIMIT,158837,0,0,30,0
4,10,1.415281e6,-6.60195171972814,-2.42863258704684,TIME_LIMIT,158874,0,0,23,0
4,10,1.415568e6,-6.60195171972814,-2.42863258704684,TIME_LIMIT,158894,0,0,30,0
4,10,1.415891e6,-6.60195171972814,-2.42863258704684,TIME_LIMIT,158931,0,0,25,0
4,10,1.416206e6,-6.60195171972814,-2.42863258704684,TIME_LIMIT,158954,0,0,32,0
4,10,1.416497e6,-6.60195171972814,-2.42863258704684,TIME_LIMIT,158989,0,0,27,0
4,10,1.416786e6,-6.60195171972814,-2.42863258704684,TIME_LIMIT,159009,0,0,28,0
4,10,1.417076e6,-6.60195171972814,-2.42863258704684,TIME_LIMIT,159043,0,0,23,0
4,10,1.417361e6,-6.60195171972814,-2.42863258704684,TIME_LIMIT,159065,0,0,29,0
4,10,1.417677e6,-6.60195171972814,-2.42863258704684,TIME_LIMIT,159096,0,0,24,0
4,10,1.417965e6,-6.60195171972814,-2.42863258704684,TIME_LIMIT,159119,0,0,29,0
4,10,1.418252e6,-6.60195171972814,-2.42863258704684,TIME_LIMIT,159151,0,0,23,0
4,10,1.418541e6,-6.60195171972814,-2.42863258704684,TIME_LIMIT,159176,0,0,29,0
4,10,1.418829e6,-6.60195171972814,-2.42863258704684,TIME_LIMIT,159211,0,0,23,0
4,10,1.419115e6,-6.60195171972814,-2.42863258704684,TIME_LIMIT,159236,0,0,33,0
4,10,1.41944e6,-6.60195171972814,-2.42863258704684,TIME_LIMIT,159264,0,0,24,0
4,10,1.41975e6,-6.60195171972814,-2.42863258704684,TIME_LIMIT,159285,0,0,32,0
4,10,1.420039e6,-6.60195171972814,-2.42863258704684,TIME_LIMIT,159318,0,0,14,0
4,10,1.420328e6,-6.60195171972814,-2.42863258704684,TIME_LIMIT,159345,0,0,27,0
4,10,1.420616e6,-6.60195171972814,-2.42863258704684,TIME_LIMIT,159379,0,0,20,0
4,10,1.420903e6,-6.60195171972814,-2.42863258704684,TIME_LIMIT,159401,0,0,31,0
4,10,1.421218e6,-6.601740369625115,-2.42863258704684,TIME_LIMIT,159431,0,0,11,0
4,10,1.421511e6,-6.601740369625115,-2.42863258704684,TIME_LIMIT,159459,0,0,36,0
4,10,1.421802e6,-6.601740369625115,-2.42863258704684,TIME_LIMIT,159505,0,0,26,0
4,10,1.422095e6,-6.601740369625115,-2.42863258704684,TIME_LIMIT,159529,0,0,40,0
4,10,1.422384e6,-6.601740369625115,-2.42863258704684,TIME_LIMIT,159572,0,0,22,0
4,10,1.422704e6,-6.601740369625115,-2.42863258704684,TIME_LIMIT,159596,0,0,37,0
4,10,1.422994e6,-6.601740369625115,-2.42863258704684,TIME_LIMIT,159643,0,0,27,0
4,10,1.423309e6,-6.601740369625115,-2.42863258704684,TIME_LIMIT,159674,0,0,30,0
4,10,1.42362e6,-6.601740369625115,-2.42863258704684,TIME_LIMIT,159718,0,0,26,0
4,10,1.423913e6,-6.601740369625115,-2.42863258704684,TIME_LIMIT,159746,0,0,41,0
4,10,1.424199e6,-6.601740369625115,-2.42863258704684,TIME_LIMIT,159784,0,0,22,0
4,10,1.424519e6,-6.601740369625115,-2.42863258704684,TIME_LIMIT,159809,0,0,32,0
4,10,1.424807e6,-6.601740369625115,-2.42863258704684,TIME_LIMIT,159853,0,0,25,0
4,10,1.425097e6,-6.601740369625115,-2.42863258704684,TIME_LIMIT,159880,0,0,29,0
4,10,1.425383e6,-6.60168544433445,-2.42863258704684,TIME_LIMIT,159919,0,0,26,0
4,10,1.42567e6,-6.60168544433445,-2.42863258704684,TIME_LIMIT,159945,0,0,32,0
4,10,1.425986e6,-6.60168544433445,-2.42863258704684,TIME_LIMIT,159988,0,0,20,0
4,10,1.426277e6,-6.60168544433445,-2.42863258704684,TIME_LIMIT,160022,0,0,47,0
4,10,1.426562e6,-6.60168544433445,-2.42863258704684,TIME_LIMIT,160067,0,0,26,0
4,10,1.426852e6,-6.60168544433445,-2.42863258704684,TIME_LIMIT,160092,0,0,32,0
4,10,1.427161e6,-6.60168544433445,-2.42863258704684,TIME_LIMIT,160141,0,0,26,0
4,10,1.427446e6,-6.60168544433445,-2.42863258704684,TIME_LIMIT,160173,0,0,29,0
4,10,1.42776e6,-6.60168544433445,-2.42863258704684,TIME_LIMIT,160208,0,0,26,0
4,10,1.428045e6,-6.60168544433445,-2.42863258704684,TIME_LIMIT,160237,0,0,34,0
4,10,1.428333e6,-6.60168544433445,-2.42863258704684,TIME_LIMIT,160282,0,0,24,0
4,10,1.428617e6,-6.60168544433445,-2.42863258704684,TIME_LIMIT,160306,0,0,28,0
4,10,1.4289e6,-6.60168544433445,-2.42863258704684,TIME_LIMIT,160355,0,0,5,0
4,10,1.42918e6,-6.60168544433445,-2.42863258704684,TIME_LIMIT,160391,0,0,22,0
4,10,1.429491e6,-6.60168544433445,-2.42863258704684,TIME_LIMIT,160421,0,0,31,0
4,10,1.429775e6,-6.60168544433445,-2.42863258704684,TIME_LIMIT,160447,0,0,31,0
4,10,1.430055e6,-6.60168544433445,-2.42863258704684,TIME_LIMIT,160491,0,0,27,0
4,10,1.430336e6,-6.60168544433445,-2.42863258704684,TIME_LIMIT,160516,0,0,28,0
4,10,1.430615e6,-6.60168544433445,-2.42863258704684,TIME_LIMIT,160560,0,0,29,0
4,10,1.430925e6,-6.60168544433445,-2.42863258704684,TIME_LIMIT,160585,0,0,31,0
4,10,1.431204e6,-6.601581661508977,-2.42863258704684,TIME_LIMIT,160623,0,0,25,0
4,10,1.431486e6,-6.601581661508977,-2.42863258704684,TIME_LIMIT,160648,0,0,34,0
4,10,1.431766e6,-6.601193177273233,-2.42863258704684,TIME_LIMIT,160684,0,0,26,0
4,10,1.432048e6,-6.601193177273233,-2.42863258704684,TIME_LIMIT,160708,0,0,28,0
4,10,1.432328e6,-6.601022833066171,-2.42863258704684,TIME_LIMIT,160750,0,0,25,0
4,10,1.432636e6,-6.601022833066171,-2.42863258704684,TIME_LIMIT,160768,0,0,28,0
4,10,1.432916e6,-6.601022833066171,-2.42863258704684,TIME_LIMIT,160809,0,0,26,0
4,10,1.433196e6,-6.601022833066171,-2.42863258704684,TIME_LIMIT,160833,0,0,25,0
4,10,1.433474e6,-6.601001827733291,-2.42863258704684,TIME_LIMIT,160869,0,0,23,0
4,10,1.433751e6,-6.601001827733291,-2.42863258704684,TIME_LIMIT,160894,0,0,26,0
4,10,1.434053e6,-6.601001827733291,-2.42863258704684,TIME_LIMIT,160922,0,0,23,0
4,10,1.43433e6,-6.601001827733291,-2.42863258704684,TIME_LIMIT,160946,0,0,26,0
4,10,1.434607e6,-6.601001827733291,-2.42863258704684,TIME_LIMIT,160983,0,0,26,0
4,10,1.434884e6,-6.601001827733291,-2.42863258704684,TIME_LIMIT,160999,0,0,26,0
4,10,1.435161e6,-6.6007873639288945,-2.42863258704684,TIME_LIMIT,161032,0,0,23,0
4,10,1.435437e6,-6.6007873639288945,-2.42863258704684,TIME_LIMIT,161056,0,0,28,0
4,10,1.435763e6,-6.6007873639288945,-2.42863258704684,TIME_LIMIT,161098,0,0,24,0
4,10,1.436042e6,-6.6007873639288945,-2.42863258704684,TIME_LIMIT,161124,0,0,32,0
4,10,1.436319e6,-6.6007873639288945,-2.42863258704684,TIME_LIMIT,161174,0,0,31,0
4,10,1.43662e6,-6.6007873639288945,-2.42863258704684,TIME_LIMIT,161195,0,0,12,0
4,10,1.436916e6,-6.6007873639288945,-2.42863258704684,TIME_LIMIT,161243,0,0,24,0
4,10,1.437192e6,-6.6007873639288945,-2.42863258704684,TIME_LIMIT,161282,0,0,30,0
4,10,1.437499e6,-6.6007873639288945,-2.42863258704684,TIME_LIMIT,161311,0,0,29,0
4,10,1.437776e6,-6.6007873639288945,-2.42863258704684,TIME_LIMIT,161332,0,0,23,0
4,10,1.438055e6,-6.6007873639288945,-2.42863258704684,TIME_LIMIT,161373,0,0,26,0
4,10,1.438334e6,-6.6007873639288945,-2.42863258704684,TIME_LIMIT,161403,0,0,26,0
4,10,1.438609e6,-6.6007873639288945,-2.42863258704684,TIME_LIMIT,161438,0,0,27,0
4,10,1.438911e6,-6.6007873639288945,-2.42863258704684,TIME_LIMIT,161461,0,0,27,0
4,10,1.439185e6,-6.6007873639288945,-2.42863258704684,TIME_LIMIT,161506,0,0,23,0
4,10,1.439461e6,-6.6007873639288945,-2.42863258704684,TIME_LIMIT,161528,0,0,30,0
4,10,1.439739e6,-6.6007873639288945,-2.42863258704684,TIME_LIMIT,161568,0,0,24,0
4,10,1.440015e6,-6.6007873639288945,-2.42863258704684,TIME_LIMIT,161596,0,0,35,0
4,10,1.440288e6,-6.6007873639288945,-2.42863258704684,TIME_LIMIT,161633,0,0,25,0
4,10,1.44059e6,-6.6007873639288945,-2.42863258704684,TIME_LIMIT,161657,0,0,31,0
4,10,1.440866e6,-6.6007873639288945,-2.42863258704684,TIME_LIMIT,161703,0,0,27,0
4,10,1.441141e6,-6.6007873639288945,-2.42863258704684,TIME_LIMIT,161731,0,0,27,0
4,10,1.441417e6,-6.6007873639288945,-2.42863258704684,TIME_LIMIT,161769,0,0,24,0
4,10,1.441691e6,-6.6007873639288945,-2.42863258704684,TIME_LIMIT,161789,0,0,22,0
4,10,1.441966e6,-6.6007873639288945,-2.42863258704684,TIME_LIMIT,161827,0,0,26,0
4,10,1.442269e6,-6.6007873639288945,-2.42863258704684,TIME_LIMIT,161850,0,0,32,0
4,10,1.442544e6,-6.6007873639288945,-2.42863258704684,TIME_LIMIT,161886,0,0,22,0
4,10,1.442821e6,-6.6007873639288945,-2.42863258704684,TIME_LIMIT,161919,0,0,30,0
4,10,1.443096e6,-6.6007873639288945,-2.42863258704684,TIME_LIMIT,161955,0,0,24,0
4,10,1.44337e6,-6.6007873639288945,-2.42863258704684,TIME_LIMIT,161973,0,0,31,0
4,10,1.44364e6,-6.6007873639288945,-2.42863258704684,TIME_LIMIT,162004,0,0,19,0
4,10,1.44394e6,-6.6007873639288945,-2.42863258704684,TIME_LIMIT,162029,0,0,15,0
4,10,1.444211e6,-6.6007873639288945,-2.42863258704684,TIME_LIMIT,162066,0,0,23,0
4,10,1.444484e6,-6.6007873639288945,-2.42863258704684,TIME_LIMIT,162095,0,0,15,0
4,10,1.444757e6,-6.6007278110346945,-2.42863258704684,TIME_LIMIT,162123,0,0,22,0
4,10,1.445031e6,-6.6007278110346945,-2.42863258704684,TIME_LIMIT,162145,0,0,31,0
4,10,1.445302e6,-6.6007278110346945,-2.42863258704684,TIME_LIMIT,162184,0,0,21,0
4,10,1.445602e6,-6.6007278110346945,-2.42863258704684,TIME_LIMIT,162210,0,0,35,0
4,10,1.445876e6,-6.600432557877673,-2.42863258704684,TIME_LIMIT,162247,0,0,28,0
4,10,1.446157e6,-6.600432557877673,-2.42863258704684,TIME_LIMIT,162271,0,0,24,0
4,10,1.446435e6,-6.600200641517835,-2.42863258704684,TIME_LIMIT,162314,0,0,23,0
4,10,1.446711e6,-6.600200641517835,-2.42863258704684,TIME_LIMIT,162354,0,0,37,0
4,10,1.447021e6,-6.600200641517835,-2.42863258704684,TIME_LIMIT,162403,0,0,25,0
4,10,1.447306e6,-6.600200641517835,-2.42863258704684,TIME_LIMIT,162432,0,0,44,0
4,10,1.447585e6,-6.600200641517835,-2.42863258704684,TIME_LIMIT,162486,0,0,33,0
4,10,1.447871e6,-6.600200641517835,-2.42863258704684,TIME_LIMIT,162523,0,0,38,0
4,10,1.448154e6,-6.600200641517835,-2.42863258704684,TIME_LIMIT,162573,0,0,29,0
4,10,1.44844e6,-6.600200641517835,-2.42863258704684,TIME_LIMIT,162602,0,0,7,0
4,10,1.448753e6,-6.600200641517835,-2.42863258704684,TIME_LIMIT,162654,0,0,30,0
4,10,1.449039e6,-6.600200641517835,-2.42863258704684,TIME_LIMIT,162677,0,0,38,0
4,10,1.449327e6,-6.600200641517835,-2.42863258704684,TIME_LIMIT,162728,0,0,27,0
4,10,1.449619e6,-6.600200641517835,-2.42863258704684,TIME_LIMIT,162777,0,0,35,0
4,10,1.449909e6,-6.600200641517835,-2.42863258704684,TIME_LIMIT,162804,0,0,35,0
4,10,1.450197e6,-6.600200641517835,-2.42863258704684,TIME_LIMIT,162835,0,0,35,0
4,10,1.450516e6,-6.600200641517835,-2.42863258704684,TIME_LIMIT,162885,0,0,24,0
4,10,1.450807e6,-6.600200641517835,-2.42863258704684,TIME_LIMIT,162915,0,0,39,0
4,10,1.451099e6,-6.600200641517835,-2.42863258704684,TIME_LIMIT,162966,0,0,23,0
4,10,1.451394e6,-6.600200641517835,-2.42863258704684,TIME_LIMIT,163001,0,0,33,0
4,10,1.451684e6,-6.600200641517835,-2.42863258704684,TIME_LIMIT,163052,0,0,30,0
4,10,1.451976e6,-6.600200641517835,-2.42863258704684,TIME_LIMIT,163077,0,0,36,0
4,10,1.452298e6,-6.600200641517835,-2.42863258704684,TIME_LIMIT,163126,0,0,6,0
4,10,1.452591e6,-6.600200641517835,-2.42863258704684,TIME_LIMIT,163156,0,0,41,0
4,10,1.452887e6,-6.600200641517835,-2.42863258704684,TIME_LIMIT,163205,0,0,27,0
4,10,1.453186e6,-6.600200641517835,-2.42863258704684,TIME_LIMIT,163240,0,0,37,0
4,10,1.453491e6,-6.600200641517835,-2.42863258704684,TIME_LIMIT,163287,0,0,26,0
4,10,1.453788e6,-6.600200641517835,-2.42863258704684,TIME_LIMIT,163322,0,0,33,0
4,10,1.45411e6,-6.600200641517835,-2.42863258704684,TIME_LIMIT,163373,0,0,24,0
4,10,1.454406e6,-6.600200641517835,-2.42863258704684,TIME_LIMIT,163408,0,0,29,0
4,10,1.454702e6,-6.600200641517835,-2.42863258704684,TIME_LIMIT,163454,0,0,25,0
4,10,1.454996e6,-6.600200641517835,-2.42863258704684,TIME_LIMIT,163477,0,0,33,0
4,10,1.455294e6,-6.600200641517835,-2.42863258704684,TIME_LIMIT,163528,0,0,30,0
4,10,1.455585e6,-6.600200641517835,-2.42863258704684,TIME_LIMIT,163561,0,0,37,0
4,10,1.455908e6,-6.600200641517835,-2.42863258704684,TIME_LIMIT,163607,0,0,29,0
4,10,1.456202e6,-6.600200641517835,-2.42863258704684,TIME_LIMIT,163632,0,0,26,0
4,10,1.456495e6,-6.600200641517835,-2.42863258704684,TIME_LIMIT,163675,0,0,23,0
4,10,1.456792e6,-6.600200641517835,-2.42863258704684,TIME_LIMIT,163709,0,0,37,0
4,10,1.457107e6,-6.600200641517835,-2.42863258704684,TIME_LIMIT,163759,0,0,27,0
4,10,1.457409e6,-6.600200641517835,-2.42863258704684,TIME_LIMIT,163795,0,0,24,0
4,10,1.457728e6,-6.600200641517835,-2.42863258704684,TIME_LIMIT,163846,0,0,29,0
4,10,1.458021e6,-6.600200641517835,-2.42863258704684,TIME_LIMIT,163878,0,0,15,0
4,10,1.458317e6,-6.600200641517835,-2.42863258704684,TIME_LIMIT,163921,0,0,26,0
4,10,1.458611e6,-6.600200641517835,-2.42863258704684,TIME_LIMIT,163956,0,0,34,0
4,10,1.458904e6,-6.600200641517835,-2.42863258704684,TIME_LIMIT,164005,0,0,28,0
4,10,1.459227e6,-6.600200641517835,-2.42863258704684,TIME_LIMIT,164046,0,0,10,0
4,10,1.459523e6,-6.600200641517835,-2.42863258704684,TIME_LIMIT,164083,0,0,37,0
4,10,1.459819e6,-6.600200641517835,-2.42863258704684,TIME_LIMIT,164107,0,0,24,0
4,10,1.460112e6,-6.600200641517835,-2.42863258704684,TIME_LIMIT,164164,0,0,27,0
4,10,1.460409e6,-6.600200641517835,-2.42863258704684,TIME_LIMIT,164198,0,0,28,0
4,10,1.460704e6,-6.600200641517835,-2.42863258704684,TIME_LIMIT,164242,0,0,25,0
4,10,1.461055e6,-6.600200641517835,-2.42863258704684,TIME_LIMIT,164272,0,0,23,0
4,10,1.461351e6,-6.600200641517835,-2.42863258704684,TIME_LIMIT,164319,0,0,22,0
4,10,1.461643e6,-6.600200641517835,-2.42863258704684,TIME_LIMIT,164351,0,0,35,0
4,10,1.461939e6,-6.600200641517835,-2.42863258704684,TIME_LIMIT,164402,0,0,25,0
4,10,1.462232e6,-6.600200641517835,-2.42863258704684,TIME_LIMIT,164427,0,0,32,0
4,10,1.462524e6,-6.600200641517835,-2.42863258704684,TIME_LIMIT,164473,0,0,25,0
4,10,1.462848e6,-6.600200641517835,-2.42863258704684,TIME_LIMIT,164502,0,0,28,0
4,10,1.463141e6,-6.600200641517835,-2.42863258704684,TIME_LIMIT,164551,0,0,30,0
4,10,1.463436e6,-6.600200641517835,-2.42863258704684,TIME_LIMIT,164580,0,0,39,0
4,10,1.463729e6,-6.600200641517835,-2.42863258704684,TIME_LIMIT,164632,0,0,29,0
4,10,1.464023e6,-6.600200641517835,-2.42863258704684,TIME_LIMIT,164662,0,0,33,0
4,10,1.464317e6,-6.600200641517835,-2.42863258704684,TIME_LIMIT,164713,0,0,23,0
4,10,1.464678e6,-6.600200641517835,-2.42863258704684,TIME_LIMIT,164742,0,0,34,0
4,10,1.464978e6,-6.600200641517835,-2.42863258704684,TIME_LIMIT,164792,0,0,21,0
4,10,1.46527e6,-6.600200641517835,-2.42863258704684,TIME_LIMIT,164815,0,0,32,0
4,10,1.465567e6,-6.600200641517835,-2.42863258704684,TIME_LIMIT,164858,0,0,16,0
4,10,1.465859e6,-6.600200641517835,-2.42863258704684,TIME_LIMIT,164892,0,0,23,0
4,10,1.46615e6,-6.600200641517835,-2.42863258704684,TIME_LIMIT,164945,0,0,27,0
4,10,1.466475e6,-6.600200641517835,-2.42863258704684,TIME_LIMIT,164974,0,0,40,0
4,10,1.466768e6,-6.600200641517835,-2.42863258704684,TIME_LIMIT,165030,0,0,28,0
4,10,1.467062e6,-6.600200641517835,-2.42863258704684,TIME_LIMIT,165063,0,0,28,0
4,10,1.467357e6,-6.600200641517835,-2.42863258704684,TIME_LIMIT,165111,0,0,28,0
4,10,1.467649e6,-6.600200641517835,-2.42863258704684,TIME_LIMIT,165133,0,0,35,0
4,10,1.467944e6,-6.600200641517835,-2.42863258704684,TIME_LIMIT,165180,0,0,20,0
4,10,1.468267e6,-6.600200641517835,-2.42863258704684,TIME_LIMIT,165215,0,0,28,0
4,10,1.468586e6,-6.600200641517835,-2.42863258704684,TIME_LIMIT,165262,0,0,25,0
4,10,1.468879e6,-6.600200641517835,-2.42863258704684,TIME_LIMIT,165292,0,0,33,0
4,10,1.469172e6,-6.600200641517835,-2.42863258704684,TIME_LIMIT,165338,0,0,22,0
4,10,1.469467e6,-6.600200641517835,-2.42863258704684,TIME_LIMIT,165360,0,0,33,0
4,10,1.469758e6,-6.600200641517835,-2.42863258704684,TIME_LIMIT,165407,0,0,24,0
4,10,1.470082e6,-6.600200641517835,-2.42863258704684,TIME_LIMIT,165436,0,0,19,0
4,10,1.470373e6,-6.600200641517835,-2.42863258704684,TIME_LIMIT,165480,0,0,29,0
4,10,1.470669e6,-6.600200641517835,-2.42863258704684,TIME_LIMIT,165512,0,0,40,0
4,10,1.470963e6,-6.600200641517835,-2.42863258704684,TIME_LIMIT,165563,0,0,27,0
4,10,1.471255e6,-6.600200641517835,-2.42863258704684,TIME_LIMIT,165599,0,0,14,0
4,10,1.471549e6,-6.600200641517835,-2.42863258704684,TIME_LIMIT,165642,0,0,11,0
4,10,1.471872e6,-6.600200641517835,-2.42863258704684,TIME_LIMIT,165673,0,0,24,0
4,10,1.472166e6,-6.600200641517835,-2.42863258704684,TIME_LIMIT,165715,0,0,22,0
4,10,1.472463e6,-6.600200641517835,-2.42863258704684,TIME_LIMIT,165748,0,0,28,0
4,10,1.472755e6,-6.600200641517835,-2.42863258704684,TIME_LIMIT,165787,0,0,13,0
4,10,1.473051e6,-6.600200641517835,-2.42863258704684,TIME_LIMIT,165812,0,0,28,0
4,10,1.473342e6,-6.600200641517835,-2.42863258704684,TIME_LIMIT,165853,0,0,21,0
4,10,1.473685e6,-6.600200641517835,-2.42863258704684,TIME_LIMIT,165882,0,0,31,0
4,10,1.47398e6,-6.600200641517835,-2.42863258704684,TIME_LIMIT,165932,0,0,26,0
4,10,1.474275e6,-6.600200641517835,-2.42863258704684,TIME_LIMIT,165970,0,0,23,0
4,10,1.474589e6,-6.600200641517835,-2.42863258704684,TIME_LIMIT,166002,0,0,27,0
4,10,1.474891e6,-6.600200641517835,-2.42863258704684,TIME_LIMIT,166032,0,0,33,0
4,10,1.475188e6,-6.600200641517835,-2.42863258704684,TIME_LIMIT,166074,0,0,22,0
4,10,1.475513e6,-6.600200641517835,-2.42863258704684,TIME_LIMIT,166108,0,0,34,0
4,10,1.475824e6,-6.600200641517835,-2.42863258704684,TIME_LIMIT,166154,0,0,6,0
4,10,1.476121e6,-6.600200641517835,-2.42863258704684,TIME_LIMIT,166185,0,0,21,0
4,10,1.476424e6,-6.600200641517835,-2.42863258704684,TIME_LIMIT,166226,0,0,26,0
4,10,1.476719e6,-6.600200641517835,-2.42863258704684,TIME_LIMIT,166254,0,0,30,0
4,10,1.47704e6,-6.600200641517835,-2.42863258704684,TIME_LIMIT,166299,0,0,30,0
4,10,1.477336e6,-6.600200641517835,-2.42863258704684,TIME_LIMIT,166332,0,0,22,0
4,10,1.477629e6,-6.600200641517835,-2.42863258704684,TIME_LIMIT,166372,0,0,21,0
4,10,1.477925e6,-6.600200641517835,-2.42863258704684,TIME_LIMIT,166395,0,0,22,0
4,10,1.478218e6,-6.600200641517835,-2.42863258704684,TIME_LIMIT,166446,0,0,13,0
4,10,1.478511e6,-6.600200641517835,-2.42863258704684,TIME_LIMIT,166485,0,0,24,0
4,10,1.478832e6,-6.600200641517835,-2.42863258704684,TIME_LIMIT,166524,0,0,29,0
4,10,1.479128e6,-6.600200641517835,-2.42863258704684,TIME_LIMIT,166553,0,0,32,0
4,10,1.479421e6,-6.600200641517835,-2.42863258704684,TIME_LIMIT,166596,0,0,14,0
4,10,1.479717e6,-6.600200641517835,-2.42863258704684,TIME_LIMIT,166622,0,0,35,0
4,10,1.480012e6,-6.600200641517835,-2.42863258704684,TIME_LIMIT,166666,0,0,27,0
4,10,1.480304e6,-6.600200641517835,-2.42863258704684,TIME_LIMIT,166702,0,0,26,0
4,10,1.480627e6,-6.600200641517835,-2.42863258704684,TIME_LIMIT,166741,0,0,22,0
4,10,1.48092e6,-6.600200641517835,-2.42863258704684,TIME_LIMIT,166778,0,0,27,0
4,10,1.481212e6,-6.600200641517835,-2.42863258704684,TIME_LIMIT,166813,0,0,28,0
4,10,1.481508e6,-6.600200641517835,-2.42863258704684,TIME_LIMIT,166846,0,0,17,0
4,10,1.4818e6,-6.600200641517835,-2.42863258704684,TIME_LIMIT,166885,0,0,30,0
4,10,1.482092e6,-6.600200641517835,-2.42863258704684,TIME_LIMIT,166918,0,0,26,0
4,10,1.482411e6,-6.600200641517835,-2.42863258704684,TIME_LIMIT,166955,0,0,24,0
4,10,1.482704e6,-6.600200641517835,-2.42863258704684,TIME_LIMIT,166984,0,0,25,0
4,10,1.482998e6,-6.600200641517835,-2.42863258704684,TIME_LIMIT,167024,0,0,29,0
4,10,1.483292e6,-6.600200641517835,-2.42863258704684,TIME_LIMIT,167064,0,0,31,0
4,10,1.483591e6,-6.600200641517835,-2.42863258704684,TIME_LIMIT,167101,0,0,19,0
4,10,1.483882e6,-6.600200641517835,-2.42863258704684,TIME_LIMIT,167123,0,0,27,0
4,10,1.484202e6,-6.600200641517835,-2.42863258704684,TIME_LIMIT,167168,0,0,26,0
4,10,1.484497e6,-6.600200641517835,-2.42863258704684,TIME_LIMIT,167198,0,0,35,0
4,10,1.484791e6,-6.600200641517835,-2.42863258704684,TIME_LIMIT,167241,0,0,25,0
4,10,1.485088e6,-6.600200641517835,-2.42863258704684,TIME_LIMIT,167269,0,0,30,0
4,10,1.48538e6,-6.600200641517835,-2.42863258704684,TIME_LIMIT,167313,0,0,18,0
4,10,1.485676e6,-6.600200641517835,-2.42863258704684,TIME_LIMIT,167341,0,0,33,0
4,10,1.485996e6,-6.600200641517835,-2.42863258704684,TIME_LIMIT,167385,0,0,23,0
4,10,1.486292e6,-6.600200641517835,-2.42863258704684,TIME_LIMIT,167415,0,0,29,0
4,10,1.486583e6,-6.600200641517835,-2.42863258704684,TIME_LIMIT,167451,0,0,21,0
4,10,1.486878e6,-6.600200641517835,-2.42863258704684,TIME_LIMIT,167484,0,0,33,0
4,10,1.487174e6,-6.600200641517835,-2.42863258704684,TIME_LIMIT,167518,0,0,24,0
4,10,1.487466e6,-6.600200641517835,-2.42863258704684,TIME_LIMIT,167542,0,0,26,0
4,10,1.487789e6,-6.600200641517835,-2.42863258704684,TIME_LIMIT,167580,0,0,24,0
4,10,1.48808e6,-6.600200641517835,-2.42863258704684,TIME_LIMIT,167601,0,0,24,0
4,10,1.488373e6,-6.600200641517835,-2.42863258704684,TIME_LIMIT,167650,0,0,11,0
4,10,1.488667e6,-6.600200641517835,-2.42863258704684,TIME_LIMIT,167674,0,0,37,0
4,10,1.488963e6,-6.600200641517835,-2.42863258704684,TIME_LIMIT,167715,0,0,26,0
4,10,1.489257e6,-6.600200641517835,-2.42863258704684,TIME_LIMIT,167738,0,0,26,0
4,10,1.489577e6,-6.600200641517835,-2.42863258704684,TIME_LIMIT,167777,0,0,14,0
4,10,1.489872e6,-6.600200641517835,-2.42863258704684,TIME_LIMIT,167801,0,0,30,0
4,10,1.490166e6,-6.600200641517835,-2.42863258704684,TIME_LIMIT,167841,0,0,25,0
4,10,1.49046e6,-6.600200641517835,-2.42863258704684,TIME_LIMIT,167872,0,0,21,0
4,10,1.490754e6,-6.600200641517835,-2.42863258704684,TIME_LIMIT,167910,0,0,21,0
4,10,1.491048e6,-6.600200641517835,-2.42863258704684,TIME_LIMIT,167937,0,0,32,0
4,10,1.49137e6,-6.600200641517835,-2.42863258704684,TIME_LIMIT,167981,0,0,19,0
4,10,1.491663e6,-6.600200641517835,-2.42863258704684,TIME_LIMIT,168014,0,0,12,0
4,10,1.491959e6,-6.600200641517835,-2.42863258704684,TIME_LIMIT,168062,0,0,26,0
4,10,1.492256e6,-6.600200641517835,-2.42863258704684,TIME_LIMIT,168094,0,0,29,0
4,10,1.492547e6,-6.600200641517835,-2.42863258704684,TIME_LIMIT,168131,0,0,24,0
4,10,1.492838e6,-6.600200641517835,-2.42863258704684,TIME_LIMIT,168163,0,0,26,0
4,10,1.493164e6,-6.600200641517835,-2.42863258704684,TIME_LIMIT,168205,0,0,25,0
4,10,1.493456e6,-6.600200641517835,-2.42863258704684,TIME_LIMIT,168229,0,0,29,0
4,10,1.493752e6,-6.600200641517835,-2.42863258704684,TIME_LIMIT,168273,0,0,15,0
4,10,1.494046e6,-6.600200641517835,-2.42863258704684,TIME_LIMIT,168296,0,0,25,0
4,10,1.49434e6,-6.600200641517835,-2.42863258704684,TIME_LIMIT,168341,0,0,26,0
4,10,1.494636e6,-6.600200641517835,-2.42863258704684,TIME_LIMIT,168364,0,0,10,0
4,10,1.494963e6,-6.600200641517835,-2.42863258704684,TIME_LIMIT,168406,0,0,27,0
4,10,1.495259e6,-6.600200641517835,-2.42863258704684,TIME_LIMIT,168431,0,0,32,0
4,10,1.49555e6,-6.600200641517835,-2.42863258704684,TIME_LIMIT,168473,0,0,20,0
4,10,1.495845e6,-6.600200641517835,-2.42863258704684,TIME_LIMIT,168504,0,0,26,0
4,10,1.496139e6,-6.600200641517835,-2.42863258704684,TIME_LIMIT,168532,0,0,25,0
4,10,1.49643e6,-6.600200641517835,-2.42863258704684,TIME_LIMIT,168556,0,0,30,0
4,10,1.496753e6,-6.600200641517835,-2.42863258704684,TIME_LIMIT,168596,0,0,23,0
4,10,1.497044e6,-6.600200641517835,-2.42863258704684,TIME_LIMIT,168621,0,0,28,0
4,10,1.497338e6,-6.600200641517835,-2.42863258704684,TIME_LIMIT,168667,0,0,29,0
4,10,1.497634e6,-6.600200641517835,-2.42863258704684,TIME_LIMIT,168692,0,0,27,0
4,10,1.497926e6,-6.600200641517835,-2.42863258704684,TIME_LIMIT,168735,0,0,25,0
4,10,1.498222e6,-6.600200641517835,-2.42863258704684,TIME_LIMIT,168765,0,0,38,0
4,10,1.498556e6,-6.600200641517835,-2.42863258704684,TIME_LIMIT,168808,0,0,7,0
4,10,1.49887e6,-6.600200641517835,-2.42863258704684,TIME_LIMIT,168834,0,0,32,0
4,10,1.499162e6,-6.600200641517835,-2.42863258704684,TIME_LIMIT,168877,0,0,29,0
4,10,1.499457e6,-6.600200641517835,-2.42863258704684,TIME_LIMIT,168905,0,0,36,0
4,10,1.49975e6,-6.600200641517835,-2.42863258704684,TIME_LIMIT,168947,0,0,24,0
4,10,1.500044e6,-6.600200641517835,-2.42863258704684,TIME_LIMIT,168974,0,0,34,0
4,10,1.500364e6,-6.600200641517835,-2.42863258704684,TIME_LIMIT,169021,0,0,27,0
4,10,1.500659e6,-6.600200641517835,-2.42863258704684,TIME_LIMIT,169042,0,0,27,0
4,10,1.500949e6,-6.600200641517835,-2.42863258704684,TIME_LIMIT,169081,0,0,22,0
4,10,1.501245e6,-6.600200641517835,-2.42863258704684,TIME_LIMIT,169101,0,0,17,0
4,10,1.501538e6,-6.600200641517835,-2.42863258704684,TIME_LIMIT,169142,0,0,22,0
4,10,1.501829e6,-6.600200641517835,-2.42863258704684,TIME_LIMIT,169161,0,0,30,0
4,10,1.502156e6,-6.600200641517835,-2.42863258704684,TIME_LIMIT,169202,0,0,22,0
4,10,1.502475e6,-6.600200641517835,-2.42863258704684,TIME_LIMIT,169230,0,0,26,0
4,10,1.502769e6,-6.600200641517835,-2.42863258704684,TIME_LIMIT,169271,0,0,12,0
4,10,1.503063e6,-6.600200641517835,-2.42863258704684,TIME_LIMIT,169295,0,0,31,0
4,10,1.503352e6,-6.600200641517835,-2.42863258704684,TIME_LIMIT,169337,0,0,14,0
4,10,1.503649e6,-6.600200641517835,-2.42863258704684,TIME_LIMIT,169371,0,0,34,0
4,10,1.503969e6,-6.600200641517835,-2.42863258704684,TIME_LIMIT,169408,0,0,36,0
4,10,1.504265e6,-6.600200641517835,-2.42863258704684,TIME_LIMIT,169435,0,0,21,0
4,10,1.504557e6,-6.600200641517835,-2.42863258704684,TIME_LIMIT,169473,0,0,20,0
4,10,1.504849e6,-6.600200641517835,-2.42863258704684,TIME_LIMIT,169499,0,0,36,0
4,10,1.505146e6,-6.600200641517835,-2.42863258704684,TIME_LIMIT,169537,0,0,15,0
4,10,1.505435e6,-6.600200641517835,-2.42863258704684,TIME_LIMIT,169562,0,0,20,0
4,10,1.505761e6,-6.600200641517835,-2.42863258704684,TIME_LIMIT,169603,0,0,26,0
4,10,1.506073e6,-6.600200641517835,-2.42863258704684,TIME_LIMIT,169630,0,0,40,0
4,10,1.506394e6,-6.600200641517835,-2.42863258704684,TIME_LIMIT,169676,0,0,27,0
4,10,1.506688e6,-6.600200641517835,-2.42863258704684,TIME_LIMIT,169719,0,0,22,0
4,10,1.506983e6,-6.600200641517835,-2.42863258704684,TIME_LIMIT,169746,0,0,30,0
4,10,1.507278e6,-6.600200641517835,-2.42863258704684,TIME_LIMIT,169769,0,0,24,0
4,10,1.507598e6,-6.600200641517835,-2.42863258704684,TIME_LIMIT,169810,0,0,26,0
4,10,1.507893e6,-6.600200641517835,-2.42863258704684,TIME_LIMIT,169832,0,0,24,0
4,10,1.508184e6,-6.600200641517835,-2.42863258704684,TIME_LIMIT,169875,0,0,23,0
4,10,1.508478e6,-6.600200641517835,-2.42863258704684,TIME_LIMIT,169901,0,0,35,0
4,10,1.508772e6,-6.600200641517835,-2.42863258704684,TIME_LIMIT,169939,0,0,24,0
4,10,1.509062e6,-6.600200641517835,-2.42863258704684,TIME_LIMIT,169966,0,0,24,0
4,10,1.509385e6,-6.600200641517835,-2.42863258704684,TIME_LIMIT,169999,0,0,21,0
4,10,1.509684e6,-6.600200641517835,-2.42863258704684,TIME_LIMIT,170025,0,0,34,0
4,10,1.509999e6,-6.600200641517835,-2.42863258704684,TIME_LIMIT,170069,0,0,28,0
4,10,1.510297e6,-6.600200641517835,-2.42863258704684,TIME_LIMIT,170093,0,0,25,0
4,10,1.510585e6,-6.600200641517835,-2.42863258704684,TIME_LIMIT,170132,0,0,20,0
4,10,1.51088e6,-6.600200641517835,-2.42863258704684,TIME_LIMIT,170163,0,0,23,0
4,10,1.5112e6,-6.600200641517835,-2.42863258704684,TIME_LIMIT,170194,0,0,27,0
4,10,1.511492e6,-6.600200641517835,-2.42863258704684,TIME_LIMIT,170216,0,0,29,0
4,10,1.511787e6,-6.600200641517835,-2.42863258704684,TIME_LIMIT,170252,0,0,19,0
4,10,1.51208e6,-6.600200641517835,-2.42863258704684,TIME_LIMIT,170286,0,0,31,0
4,10,1.512374e6,-6.600200641517835,-2.42863258704684,TIME_LIMIT,170321,0,0,22,0
4,10,1.512666e6,-6.600200641517835,-2.42863258704684,TIME_LIMIT,170343,0,0,29,0
4,10,1.512991e6,-6.600200641517835,-2.42863258704684,TIME_LIMIT,170384,0,0,27,0
4,10,1.513283e6,-6.600200641517835,-2.42863258704684,TIME_LIMIT,170414,0,0,26,0
4,10,1.513577e6,-6.600200641517835,-2.42863258704684,TIME_LIMIT,170450,0,0,25,0
4,10,1.513871e6,-6.600200641517835,-2.42863258704684,TIME_LIMIT,170485,0,0,25,0
4,10,1.514166e6,-6.600200641517835,-2.42863258704684,TIME_LIMIT,170520,0,0,20,0
4,10,1.514458e6,-6.600200641517835,-2.42863258704684,TIME_LIMIT,170544,0,0,44,0
4,10,1.514783e6,-6.600200641517835,-2.42863258704684,TIME_LIMIT,170581,0,0,18,0
4,10,1.515075e6,-6.600200641517835,-2.42863258704684,TIME_LIMIT,170607,0,0,29,0
4,10,1.515369e6,-6.600200641517835,-2.42863258704684,TIME_LIMIT,170652,0,0,26,0
4,10,1.515664e6,-6.600200641517835,-2.42863258704684,TIME_LIMIT,170676,0,0,33,0
4,10,1.515957e6,-6.600200641517835,-2.42863258704684,TIME_LIMIT,170717,0,0,25,0
4,10,1.51625e6,-6.600200641517835,-2.42863258704684,TIME_LIMIT,170749,0,0,31,0
4,10,1.516573e6,-6.600200641517835,-2.42863258704684,TIME_LIMIT,170787,0,0,28,0
4,10,1.516867e6,-6.600200641517835,-2.42863258704684,TIME_LIMIT,170808,0,0,26,0
4,10,1.517161e6,-6.600200641517835,-2.42863258704684,TIME_LIMIT,170849,0,0,26,0
4,10,1.517459e6,-6.600200641517835,-2.42863258704684,TIME_LIMIT,170876,0,0,30,0
4,10,1.51775e6,-6.600200641517835,-2.42863258704684,TIME_LIMIT,170918,0,0,26,0
4,10,1.518041e6,-6.600200641517835,-2.42863258704684,TIME_LIMIT,170947,0,0,30,0
4,10,1.518359e6,-6.600200641517835,-2.42863258704684,TIME_LIMIT,170983,0,0,26,0
4,10,1.518653e6,-6.600200641517835,-2.42863258704684,TIME_LIMIT,171013,0,0,41,0
4,10,1.518944e6,-6.600200641517835,-2.42863258704684,TIME_LIMIT,171052,0,0,25,0
4,10,1.51924e6,-6.600200641517835,-2.42863258704684,TIME_LIMIT,171083,0,0,29,0
4,10,1.519532e6,-6.600200641517835,-2.42863258704684,TIME_LIMIT,171120,0,0,22,0
4,10,1.519824e6,-6.600200641517835,-2.42863258704684,TIME_LIMIT,171146,0,0,25,0
4,10,1.520142e6,-6.600200641517835,-2.42863258704684,TIME_LIMIT,171184,0,0,21,0
4,10,1.520436e6,-6.600200641517835,-2.42863258704684,TIME_LIMIT,171205,0,0,27,0
4,10,1.520728e6,-6.600200641517835,-2.42863258704684,TIME_LIMIT,171241,0,0,23,0
4,10,1.52102e6,-6.600200641517835,-2.42863258704684,TIME_LIMIT,171265,0,0,22,0
4,10,1.521317e6,-6.600200641517835,-2.42863258704684,TIME_LIMIT,171302,0,0,20,0
4,10,1.52161e6,-6.600200641517835,-2.42863258704684,TIME_LIMIT,171328,0,0,31,0
4,10,1.521929e6,-6.600200641517835,-2.42863258704684,TIME_LIMIT,171360,0,0,22,0
4,10,1.522225e6,-6.600200641517835,-2.42863258704684,TIME_LIMIT,171383,0,0,29,0
4,10,1.522514e6,-6.600200641517835,-2.42863258704684,TIME_LIMIT,171422,0,0,25,0
4,10,1.522808e6,-6.600200641517835,-2.42863258704684,TIME_LIMIT,171450,0,0,23,0
4,10,1.523104e6,-6.600200641517835,-2.42863258704684,TIME_LIMIT,171489,0,0,26,0
4,10,1.523396e6,-6.600200641517835,-2.42863258704684,TIME_LIMIT,171514,0,0,27,0
4,10,1.523688e6,-6.600200641517835,-2.42863258704684,TIME_LIMIT,171560,0,0,26,0
4,10,1.524011e6,-6.600200641517835,-2.42863258704684,TIME_LIMIT,171588,0,0,39,0
4,10,1.524303e6,-6.600200641517835,-2.42863258704684,TIME_LIMIT,171625,0,0,21,0
4,10,1.524598e6,-6.600200641517835,-2.42863258704684,TIME_LIMIT,171651,0,0,23,0
4,10,1.524896e6,-6.600200641517835,-2.42863258704684,TIME_LIMIT,171694,0,0,13,0
4,10,1.525193e6,-6.600200641517835,-2.42863258704684,TIME_LIMIT,171722,0,0,32,0
4,10,1.52548e6,-6.600200641517835,-2.42863258704684,TIME_LIMIT,171756,0,0,21,0
4,10,1.525802e6,-6.600200641517835,-2.42863258704684,TIME_LIMIT,171782,0,0,34,0
4,10,1.526094e6,-6.600200641517835,-2.42863258704684,TIME_LIMIT,171824,0,0,25,0
4,10,1.526387e6,-6.600200641517835,-2.42863258704684,TIME_LIMIT,171848,0,0,31,0
4,10,1.526684e6,-6.600200641517835,-2.42863258704684,TIME_LIMIT,171886,0,0,24,0
4,10,1.526973e6,-6.600200641517835,-2.42863258704684,TIME_LIMIT,171908,0,0,27,0
4,10,1.527263e6,-6.600200641517835,-2.42863258704684,TIME_LIMIT,171947,0,0,22,0
4,10,1.527584e6,-6.600200641517835,-2.42863258704684,TIME_LIMIT,171968,0,0,26,0
4,10,1.527874e6,-6.600200641517835,-2.42863258704684,TIME_LIMIT,172008,0,0,21,0
4,10,1.52817e6,-6.600200641517835,-2.42863258704684,TIME_LIMIT,172027,0,0,23,0
4,10,1.528465e6,-6.600200641517835,-2.42863258704684,TIME_LIMIT,172066,0,0,19,0
4,10,1.528759e6,-6.600200641517835,-2.42863258704684,TIME_LIMIT,172087,0,0,28,0
4,10,1.529054e6,-6.600200641517835,-2.42863258704684,TIME_LIMIT,172130,0,0,26,0
4,10,1.529376e6,-6.600200641517835,-2.42863258704684,TIME_LIMIT,172155,0,0,30,0
4,10,1.529671e6,-6.600200641517835,-2.42863258704684,TIME_LIMIT,172195,0,0,27,0
4,10,1.529963e6,-6.600200641517835,-2.42863258704684,TIME_LIMIT,172217,0,0,5,0
4,10,1.530257e6,-6.600200641517835,-2.42863258704684,TIME_LIMIT,172255,0,0,23,0
4,10,1.530551e6,-6.600200641517835,-2.42863258704684,TIME_LIMIT,172279,0,0,24,0
4,10,1.530843e6,-6.600200641517835,-2.42863258704684,TIME_LIMIT,172317,0,0,26,0
4,10,1.531166e6,-6.600200641517835,-2.42863258704684,TIME_LIMIT,172343,0,0,24,0
4,10,1.531458e6,-6.600200641517835,-2.42863258704684,TIME_LIMIT,172385,0,0,21,0
4,10,1.531751e6,-6.600200641517835,-2.42863258704684,TIME_LIMIT,172408,0,0,23,0
4,10,1.532042e6,-6.600200641517835,-2.42863258704684,TIME_LIMIT,172445,0,0,17,0
4,10,1.532338e6,-6.600200641517835,-2.42863258704684,TIME_LIMIT,172469,0,0,33,0
4,10,1.532634e6,-6.600200641517835,-2.42863258704684,TIME_LIMIT,172507,0,0,27,0
4,10,1.532956e6,-6.600200641517835,-2.42863258704684,TIME_LIMIT,172536,0,0,19,0
4,10,1.533248e6,-6.600200641517835,-2.42863258704684,TIME_LIMIT,172570,0,0,11,0
4,10,1.533545e6,-6.600200641517835,-2.42863258704684,TIME_LIMIT,172596,0,0,29,0
4,10,1.533836e6,-6.600200641517835,-2.42863258704684,TIME_LIMIT,172633,0,0,23,0
4,10,1.534134e6,-6.600200641517835,-2.42863258704684,TIME_LIMIT,172668,0,0,33,0
4,10,1.534426e6,-6.600200641517835,-2.42863258704684,TIME_LIMIT,172697,0,0,28,0
4,10,1.53475e6,-6.600200641517835,-2.42863258704684,TIME_LIMIT,172733,0,0,33,0
4,10,1.535047e6,-6.600200641517835,-2.42863258704684,TIME_LIMIT,172768,0,0,17,0
4,10,1.535341e6,-6.600200641517835,-2.42863258704684,TIME_LIMIT,172794,0,0,33,0
4,10,1.535633e6,-6.600200641517835,-2.42863258704684,TIME_LIMIT,172829,0,0,29,0
4,10,1.535928e6,-6.600200641517835,-2.42863258704684,TIME_LIMIT,172859,0,0,23,0
4,10,1.536234e6,-6.600200641517835,-2.42863258704684,TIME_LIMIT,172899,0,0,15,0
4,10,1.536558e6,-6.600200641517835,-2.42863258704684,TIME_LIMIT,172927,0,0,27,0
4,10,1.536853e6,-6.600200641517835,-2.42863258704684,TIME_LIMIT,172977,0,0,26,0
4,10,1.537147e6,-6.600200641517835,-2.42863258704684,TIME_LIMIT,172998,0,0,27,0
4,10,1.537441e6,-6.600200641517835,-2.42863258704684,TIME_LIMIT,173036,0,0,15,0
4,10,1.537733e6,-6.600200641517835,-2.42863258704684,TIME_LIMIT,173057,0,0,27,0
4,10,1.538025e6,-6.600200641517835,-2.42863258704684,TIME_LIMIT,173099,0,0,23,0
4,10,1.538348e6,-6.600200641517835,-2.42863258704684,TIME_LIMIT,173127,0,0,30,0
4,10,1.538644e6,-6.600200641517835,-2.42863258704684,TIME_LIMIT,173165,0,0,29,0
4,10,1.538937e6,-6.600200641517835,-2.42863258704684,TIME_LIMIT,173194,0,0,24,0
4,10,1.53923e6,-6.600200641517835,-2.42863258704684,TIME_LIMIT,173223,0,0,25,0
4,10,1.539525e6,-6.600200641517835,-2.42863258704684,TIME_LIMIT,173244,0,0,27,0
4,10,1.539831e6,-6.600200641517835,-2.42863258704684,TIME_LIMIT,173287,0,0,22,0
4,10,1.54017e6,-6.600200641517835,-2.42863258704684,TIME_LIMIT,173318,0,0,26,0
4,10,1.540466e6,-6.600200641517835,-2.42863258704684,TIME_LIMIT,173354,0,0,31,0
4,10,1.540762e6,-6.600200641517835,-2.42863258704684,TIME_LIMIT,173390,0,0,25,0
4,10,1.541056e6,-6.600200641517835,-2.42863258704684,TIME_LIMIT,173426,0,0,30,0
4,10,1.541351e6,-6.600200641517835,-2.42863258704684,TIME_LIMIT,173454,0,0,36,0
4,10,1.541645e6,-6.600200641517835,-2.42863258704684,TIME_LIMIT,173495,0,0,25,0
4,10,1.541936e6,-6.600200641517835,-2.42863258704684,TIME_LIMIT,173521,0,0,28,0
4,10,1.54226e6,-6.600200641517835,-2.42863258704684,TIME_LIMIT,173558,0,0,19,0
4,10,1.542553e6,-6.600200641517835,-2.42863258704684,TIME_LIMIT,173587,0,0,33,0
4,10,1.542844e6,-6.600200641517835,-2.42863258704684,TIME_LIMIT,173627,0,0,18,0
4,10,1.543142e6,-6.600200641517835,-2.42863258704684,TIME_LIMIT,173652,0,0,32,0
4,10,1.543436e6,-6.600200641517835,-2.42863258704684,TIME_LIMIT,173690,0,0,19,0
4,10,1.543755e6,-6.600200641517835,-2.42863258704684,TIME_LIMIT,173721,0,0,28,0
4,10,1.544079e6,-6.600200641517835,-2.42863258704684,TIME_LIMIT,173752,0,0,24,0
4,10,1.544373e6,-6.600200641517835,-2.42863258704684,TIME_LIMIT,173779,0,0,9,0
4,10,1.544662e6,-6.600200641517835,-2.42863258704684,TIME_LIMIT,173817,0,0,14,0
4,10,1.54496e6,-6.600200641517835,-2.42863258704684,TIME_LIMIT,173847,0,0,27,0
4,10,1.545252e6,-6.600200641517835,-2.42863258704684,TIME_LIMIT,173887,0,0,23,0
4,10,1.545542e6,-6.600200641517835,-2.42863258704684,TIME_LIMIT,173920,0,0,28,0
4,10,1.545864e6,-6.600200641517835,-2.42863258704684,TIME_LIMIT,173951,0,0,26,0
4,10,1.546156e6,-6.600200641517835,-2.42863258704684,TIME_LIMIT,173969,0,0,26,0
4,10,1.546451e6,-6.600200641517835,-2.42863258704684,TIME_LIMIT,174007,0,0,25,0
4,10,1.546743e6,-6.600200641517835,-2.42863258704684,TIME_LIMIT,174029,0,0,14,0
4,10,1.547038e6,-6.600200641517835,-2.42863258704684,TIME_LIMIT,174067,0,0,23,0
4,10,1.547366e6,-6.600200641517835,-2.42863258704684,TIME_LIMIT,174090,0,0,30,0
4,10,1.547697e6,-6.600200641517835,-2.42863258704684,TIME_LIMIT,174124,0,0,27,0
4,10,1.547993e6,-6.600200641517835,-2.42863258704684,TIME_LIMIT,174152,0,0,16,0
4,10,1.548287e6,-6.600200641517835,-2.42863258704684,TIME_LIMIT,174193,0,0,23,0
4,10,1.548581e6,-6.600200641517835,-2.42863258704684,TIME_LIMIT,174215,0,0,25,0
4,10,1.548872e6,-6.600200641517835,-2.42863258704684,TIME_LIMIT,174252,0,0,23,0
4,10,1.549167e6,-6.600200641517835,-2.42863258704684,TIME_LIMIT,174271,0,0,30,0
4,10,1.54949e6,-6.600200641517835,-2.42863258704684,TIME_LIMIT,174308,0,0,18,0
4,10,1.549782e6,-6.600200641517835,-2.42863258704684,TIME_LIMIT,174335,0,0,31,0
4,10,1.550079e6,-6.600200641517835,-2.42863258704684,TIME_LIMIT,174362,0,0,27,0
4,10,1.550375e6,-6.600200641517835,-2.42863258704684,TIME_LIMIT,174382,0,0,28,0
4,10,1.550666e6,-6.600200641517835,-2.42863258704684,TIME_LIMIT,174419,0,0,24,0
4,10,1.550962e6,-6.600200641517835,-2.42863258704684,TIME_LIMIT,174460,0,0,13,0
4,10,1.551313e6,-6.600200641517835,-2.42863258704684,TIME_LIMIT,174485,0,0,26,0
4,10,1.551606e6,-6.600200641517835,-2.42863258704684,TIME_LIMIT,174514,0,0,27,0
4,10,1.551899e6,-6.600200641517835,-2.42863258704684,TIME_LIMIT,174551,0,0,23,0
4,10,1.552194e6,-6.600200641517835,-2.42863258704684,TIME_LIMIT,174576,0,0,25,0
4,10,1.552489e6,-6.600200641517835,-2.42863258704684,TIME_LIMIT,174613,0,0,6,0
4,10,1.552781e6,-6.600200641517835,-2.42863258704684,TIME_LIMIT,174639,0,0,32,0
4,10,1.553074e6,-6.600200641517835,-2.42863258704684,TIME_LIMIT,174675,0,0,30,0
4,10,1.5534e6,-6.600200641517835,-2.42863258704684,TIME_LIMIT,174697,0,0,30,0
4,10,1.553691e6,-6.600200641517835,-2.42863258704684,TIME_LIMIT,174732,0,0,23,0
4,10,1.553988e6,-6.600200641517835,-2.42863258704684,TIME_LIMIT,174748,0,0,27,0
4,10,1.55428e6,-6.600200641517835,-2.42863258704684,TIME_LIMIT,174787,0,0,25,0
4,10,1.554577e6,-6.600200641517835,-2.42863258704684,TIME_LIMIT,174811,0,0,30,0
4,10,1.55487e6,-6.600200641517835,-2.42863258704684,TIME_LIMIT,174851,0,0,23,0
4,10,1.555194e6,-6.600200641517835,-2.42863258704684,TIME_LIMIT,174872,0,0,27,0
4,10,1.555486e6,-6.600200641517835,-2.42863258704684,TIME_LIMIT,174907,0,0,23,0
4,10,1.555782e6,-6.600200641517835,-2.42863258704684,TIME_LIMIT,174935,0,0,33,0
4,10,1.556075e6,-6.600200641517835,-2.42863258704684,TIME_LIMIT,174969,0,0,25,0
4,10,1.556367e6,-6.600200641517835,-2.42863258704684,TIME_LIMIT,174989,0,0,35,0
4,10,1.556661e6,-6.599948951824847,-2.42863258704684,TIME_LIMIT,175018,0,0,19,0
4,10,1.556985e6,-6.599948951824847,-2.42863258704684,TIME_LIMIT,175040,0,0,24,0
4,10,1.557276e6,-6.599948951824847,-2.42863258704684,TIME_LIMIT,175078,0,0,26,0
4,10,1.557577e6,-6.599948951824847,-2.42863258704684,TIME_LIMIT,175105,0,0,34,0
4,10,1.557872e6,-6.599948951824847,-2.42863258704684,TIME_LIMIT,175140,0,0,25,0
4,10,1.558167e6,-6.599948951824847,-2.42863258704684,TIME_LIMIT,175159,0,0,34,0
4,10,1.558458e6,-6.599790504380499,-2.42863258704684,TIME_LIMIT,175194,0,0,25,0
4,10,1.558784e6,-6.599790504380499,-2.42863258704684,TIME_LIMIT,175215,0,0,38,0
4,10,1.559082e6,-6.59956189923864,-2.42863258704684,TIME_LIMIT,175254,0,0,20,0
4,10,1.55938e6,-6.59956189923864,-2.42863258704684,TIME_LIMIT,175284,0,0,41,0
4,10,1.559675e6,-6.59956189923864,-2.42863258704684,TIME_LIMIT,175325,0,0,19,0
4,10,1.559966e6,-6.59956189923864,-2.42863258704684,TIME_LIMIT,175346,0,0,34,0
4,10,1.560259e6,-6.59956189923864,-2.42863258704684,TIME_LIMIT,175387,0,0,19,0
4,10,1.560581e6,-6.59956189923864,-2.42863258704684,TIME_LIMIT,175413,0,0,21,0
4,10,1.560875e6,-6.599006898935871,-2.42863258704684,TIME_LIMIT,175450,0,0,26,0
4,10,1.561171e6,-6.599006898935871,-2.42863258704684,TIME_LIMIT,175479,0,0,39,0
4,10,1.561467e6,-6.599006898935871,-2.42863258704684,TIME_LIMIT,175522,0,0,12,0
4,10,1.561762e6,-6.599006898935871,-2.42863258704684,TIME_LIMIT,175554,0,0,50,0
4,10,1.562057e6,-6.599006898935871,-2.42863258704684,TIME_LIMIT,175594,0,0,14,0
4,10,1.562383e6,-6.599006898935871,-2.42863258704684,TIME_LIMIT,175615,0,0,38,0
4,10,1.562672e6,-6.599006898935871,-2.42863258704684,TIME_LIMIT,175653,0,0,25,0
4,10,1.562966e6,-6.599006898935871,-2.42863258704684,TIME_LIMIT,175689,0,0,24,0
4,10,1.563263e6,-6.599006898935871,-2.42863258704684,TIME_LIMIT,175720,0,0,27,0
4,10,1.563557e6,-6.599006898935871,-2.42863258704684,TIME_LIMIT,175749,0,0,47,0
4,10,1.563848e6,-6.599006898935871,-2.42863258704684,TIME_LIMIT,175787,0,0,26,0
4,10,1.564143e6,-6.599006898935871,-2.42863258704684,TIME_LIMIT,175810,0,0,34,0
4,10,1.564464e6,-6.599006898935871,-2.42863258704684,TIME_LIMIT,175854,0,0,27,0
4,10,1.564759e6,-6.599006898935871,-2.42863258704684,TIME_LIMIT,175876,0,0,49,0
4,10,1.565054e6,-6.599006898935871,-2.42863258704684,TIME_LIMIT,175918,0,0,21,0
4,10,1.56535e6,-6.599006898935871,-2.42863258704684,TIME_LIMIT,175938,0,0,30,0
4,10,1.56564e6,-6.598925189770544,-2.42863258704684,TIME_LIMIT,175972,0,0,20,0
4,10,1.565936e6,-6.598925189770544,-2.42863258704684,TIME_LIMIT,176000,0,0,44,0
4,10,1.566263e6,-6.598925189770544,-2.42863258704684,TIME_LIMIT,176049,0,0,29,0
4,10,1.566558e6,-6.598925189770544,-2.42863258704684,TIME_LIMIT,176079,0,0,40,0
4,10,1.566855e6,-6.598776240423813,-2.42863258704684,TIME_LIMIT,176126,0,0,25,0
4,10,1.567151e6,-6.598776240423813,-2.42863258704684,TIME_LIMIT,176155,0,0,36,0
4,10,1.567444e6,-6.598776240423813,-2.42863258704684,TIME_LIMIT,176191,0,0,25,0
4,10,1.567735e6,-6.598776240423813,-2.42863258704684,TIME_LIMIT,176216,0,0,29,0
4,10,1.568059e6,-6.598776240423813,-2.42863258704684,TIME_LIMIT,176251,0,0,17,0
4,10,1.568349e6,-6.598776240423813,-2.42863258704684,TIME_LIMIT,176276,0,0,29,0
4,10,1.568644e6,-6.5983130663507445,-2.42863258704684,TIME_LIMIT,176319,0,0,24,0
4,10,1.568941e6,-6.5983130663507445,-2.42863258704684,TIME_LIMIT,176350,0,0,44,0
4,10,1.569237e6,-6.597748865734566,-2.42863258704684,TIME_LIMIT,176401,0,0,27,0
4,10,1.569537e6,-6.597748865734566,-2.42863258704684,TIME_LIMIT,176436,0,0,24,0
4,10,1.569861e6,-6.597748865734566,-2.42863258704684,TIME_LIMIT,176484,0,0,35,0
4,10,1.570159e6,-6.597748865734566,-2.42863258704684,TIME_LIMIT,176513,0,0,34,0
4,10,1.570453e6,-6.597718972692482,-2.42863258704684,TIME_LIMIT,176557,0,0,27,0
4,10,1.570748e6,-6.597718972692482,-2.42863258704684,TIME_LIMIT,176581,0,0,25,0
4,10,1.571041e6,-6.597718972692482,-2.42863258704684,TIME_LIMIT,176612,0,0,24,0
4,10,1.571331e6,-6.597718972692482,-2.42863258704684,TIME_LIMIT,176632,0,0,15,0
4,10,1.571628e6,-6.597705470505003,-2.42863258704684,TIME_LIMIT,176671,0,0,26,0
4,10,1.571961e6,-6.597705470505003,-2.42863258704684,TIME_LIMIT,176707,0,0,28,0
4,10,1.572252e6,-6.597705470505003,-2.42863258704684,TIME_LIMIT,176748,0,0,25,0
4,10,1.572547e6,-6.597705470505003,-2.42863258704684,TIME_LIMIT,176778,0,0,33,0
4,10,1.572843e6,-6.597705470505003,-2.42863258704684,TIME_LIMIT,176823,0,0,27,0
4,10,1.573136e6,-6.597705470505003,-2.42863258704684,TIME_LIMIT,176853,0,0,9,0
4,10,1.573428e6,-6.597705470505003,-2.42863258704684,TIME_LIMIT,176899,0,0,6,0
4,10,1.573757e6,-6.597705470505003,-2.42863258704684,TIME_LIMIT,176942,0,0,27,0
4,10,1.574055e6,-6.597705470505003,-2.42863258704684,TIME_LIMIT,176974,0,0,39,0
4,10,1.574351e6,-6.597705470505003,-2.42863258704684,TIME_LIMIT,176995,0,0,34,0
4,10,1.574645e6,-6.597555407309223,-2.42863258704684,TIME_LIMIT,177039,0,0,25,0
4,10,1.574937e6,-6.597555407309223,-2.42863258704684,TIME_LIMIT,177066,0,0,20,0
4,10,1.575225e6,-6.597555407309223,-2.42863258704684,TIME_LIMIT,177087,0,0,13,0
4,10,1.575549e6,-6.597555407309223,-2.42863258704684,TIME_LIMIT,177110,0,0,29,0
4,10,1.575842e6,-6.597367996077594,-2.42863258704684,TIME_LIMIT,177146,0,0,25,0
4,10,1.576137e6,-6.597367996077594,-2.42863258704684,TIME_LIMIT,177174,0,0,27,0
4,10,1.576433e6,-6.597367996077594,-2.42863258704684,TIME_LIMIT,177214,0,0,16,0
4,10,1.576723e6,-6.597367996077594,-2.42863258704684,TIME_LIMIT,177240,0,0,31,0
4,10,1.577015e6,-6.597314255456341,-2.42863258704684,TIME_LIMIT,177279,0,0,21,0
4,10,1.57734e6,-6.597314255456341,-2.42863258704684,TIME_LIMIT,177306,0,0,30,0
4,10,1.577645e6,-6.597314255456341,-2.42863258704684,TIME_LIMIT,177353,0,0,26,0
4,10,1.577938e6,-6.597314255456341,-2.42863258704684,TIME_LIMIT,177379,0,0,32,0
4,10,1.578233e6,-6.597314255456341,-2.42863258704684,TIME_LIMIT,177418,0,0,11,0
4,10,1.578526e6,-6.597314255456341,-2.42863258704684,TIME_LIMIT,177441,0,0,30,0
4,10,1.578817e6,-6.597314255456341,-2.42863258704684,TIME_LIMIT,177482,0,0,24,0
4,10,1.579112e6,-6.597314255456341,-2.42863258704684,TIME_LIMIT,177504,0,0,18,0
4,10,1.579432e6,-6.597314255456341,-2.42863258704684,TIME_LIMIT,177539,0,0,20,0
4,10,1.579727e6,-6.597314255456341,-2.42863258704684,TIME_LIMIT,177570,0,0,28,0
4,10,1.58002e6,-6.597314255456341,-2.42863258704684,TIME_LIMIT,177599,0,0,21,0
4,10,1.580311e6,-6.597314255456341,-2.42863258704684,TIME_LIMIT,177630,0,0,13,0
4,10,1.580604e6,-6.597314255456341,-2.42863258704684,TIME_LIMIT,177660,0,0,21,0
4,10,1.580895e6,-6.597314255456341,-2.42863258704684,TIME_LIMIT,177686,0,0,25,0
4,10,1.581235e6,-6.596940283787445,-2.42863258704684,TIME_LIMIT,177724,0,0,22,0
4,10,1.581548e6,-6.596940283787445,-2.42863258704684,TIME_LIMIT,177754,0,0,27,0
4,10,1.581841e6,-6.596187373129048,-2.42863258704684,TIME_LIMIT,177796,0,0,25,0
4,10,1.582139e6,-6.596187373129048,-2.42863258704684,TIME_LIMIT,177819,0,0,32,0
4,10,1.582429e6,-6.595453207851506,-2.42863258704684,TIME_LIMIT,177856,0,0,26,0
4,10,1.58272e6,-6.595453207851506,-2.42863258704684,TIME_LIMIT,177881,0,0,25,0
4,10,1.583045e6,-6.595453207851506,-2.42863258704684,TIME_LIMIT,177925,0,0,25,0
4,10,1.583335e6,-6.595453207851506,-2.42863258704684,TIME_LIMIT,177946,0,0,24,0
4,10,1.583639e6,-6.595412524641402,-2.42863258704684,TIME_LIMIT,177982,0,0,26,0
4,10,1.583933e6,-6.595412524641402,-2.42863258704684,TIME_LIMIT,178005,0,0,27,0
4,10,1.584227e6,-6.595075671428322,-2.42863258704684,TIME_LIMIT,178048,0,0,27,0
4,10,1.584518e6,-6.595075671428322,-2.42863258704684,TIME_LIMIT,178081,0,0,18,0
4,10,1.584807e6,-6.595075671428322,-2.42863258704684,TIME_LIMIT,178110,0,0,26,0
4,10,1.58516e6,-6.595075671428322,-2.42863258704684,TIME_LIMIT,178134,0,0,22,0
4,10,1.585449e6,-6.595075671428322,-2.42863258704684,TIME_LIMIT,178170,0,0,19,0
4,10,1.585744e6,-6.595075671428322,-2.42863258704684,TIME_LIMIT,178197,0,0,28,0
4,10,1.58604e6,-6.594735146993855,-2.42863258704684,TIME_LIMIT,178225,0,0,20,0
4,10,1.586332e6,-6.594735146993855,-2.42863258704684,TIME_LIMIT,178247,0,0,27,0
4,10,1.586625e6,-6.594735146993855,-2.42863258704684,TIME_LIMIT,178285,0,0,17,0
4,10,1.586957e6,-6.594735146993855,-2.42863258704684,TIME_LIMIT,178312,0,0,31,0
4,10,1.58725e6,-6.59402226750751,-2.42863258704684,TIME_LIMIT,178352,0,0,31,0
4,10,1.587542e6,-6.59402226750751,-2.42863258704684,TIME_LIMIT,178378,0,0,33,0
4,10,1.587835e6,-6.593853658648595,-2.42863258704684,TIME_LIMIT,178413,0,0,21,0
4,10,1.588132e6,-6.593853658648595,-2.42863258704684,TIME_LIMIT,178441,0,0,42,0
4,10,1.588428e6,-6.593853658648595,-2.42863258704684,TIME_LIMIT,178489,0,0,15,0
4,10,1.588788e6,-6.593853658648595,-2.42863258704684,TIME_LIMIT,178511,0,0,35,0
4,10,1.589091e6,-6.593853658648595,-2.42863258704684,TIME_LIMIT,178558,0,0,10,0
4,10,1.589388e6,-6.593853658648595,-2.42863258704684,TIME_LIMIT,178587,0,0,39,0
4,10,1.589687e6,-6.593853658648595,-2.42863258704684,TIME_LIMIT,178637,0,0,17,0
4,10,1.589981e6,-6.593853658648595,-2.42863258704684,TIME_LIMIT,178668,0,0,29,0
4,10,1.590276e6,-6.593853658648595,-2.42863258704684,TIME_LIMIT,178708,0,0,28,0
4,10,1.590602e6,-6.593853658648595,-2.42863258704684,TIME_LIMIT,178739,0,0,31,0
4,10,1.590891e6,-6.593853658648595,-2.42863258704684,TIME_LIMIT,178786,0,0,24,0
4,10,1.591184e6,-6.593853658648595,-2.42863258704684,TIME_LIMIT,178806,0,0,21,0
4,10,1.591481e6,-6.593754314219238,-2.42863258704684,TIME_LIMIT,178849,0,0,21,0
4,10,1.591777e6,-6.593754314219238,-2.42863258704684,TIME_LIMIT,178876,0,0,32,0
4,10,1.592066e6,-6.593629387861508,-2.42863258704684,TIME_LIMIT,178913,0,0,14,0
4,10,1.592379e6,-6.593629387861508,-2.42863258704684,TIME_LIMIT,178941,0,0,27,0
4,10,1.592713e6,-6.593629387861508,-2.42863258704684,TIME_LIMIT,178974,0,0,23,0
4,10,1.593008e6,-6.593629387861508,-2.42863258704684,TIME_LIMIT,178998,0,0,34,0
4,10,1.593298e6,-6.593629387861508,-2.42863258704684,TIME_LIMIT,179032,0,0,24,0
4,10,1.593591e6,-6.593629387861508,-2.42863258704684,TIME_LIMIT,179055,0,0,30,0
4,10,1.593884e6,-6.593629387861508,-2.42863258704684,TIME_LIMIT,179090,0,0,21,0
4,10,1.594176e6,-6.593629387861508,-2.42863258704684,TIME_LIMIT,179116,0,0,15,0
4,10,1.594498e6,-6.5935715822567165,-2.42863258704684,TIME_LIMIT,179145,0,0,20,0
4,10,1.594794e6,-6.5935715822567165,-2.42863258704684,TIME_LIMIT,179172,0,0,27,0
4,10,1.595089e6,-6.5935715822567165,-2.42863258704684,TIME_LIMIT,179213,0,0,27,0
4,10,1.595386e6,-6.5935715822567165,-2.42863258704684,TIME_LIMIT,179238,0,0,34,0
4,10,1.595678e6,-6.5935715822567165,-2.42863258704684,TIME_LIMIT,179273,0,0,16,0
4,10,1.59597e6,-6.5935715822567165,-2.42863258704684,TIME_LIMIT,179300,0,0,24,0
4,10,1.596296e6,-6.5935715822567165,-2.42863258704684,TIME_LIMIT,179342,0,0,24,0
4,10,1.596589e6,-6.5935715822567165,-2.42863258704684,TIME_LIMIT,179364,0,0,34,0
4,10,1.596885e6,-6.5935715822567165,-2.42863258704684,TIME_LIMIT,179406,0,0,30,0
4,10,1.597183e6,-6.5935715822567165,-2.42863258704684,TIME_LIMIT,179435,0,0,32,0
4,10,1.597477e6,-6.5935715822567165,-2.42863258704684,TIME_LIMIT,179469,0,0,25,0
4,10,1.597771e6,-6.5935715822567165,-2.42863258704684,TIME_LIMIT,179501,0,0,40,0
4,10,1.598067e6,-6.5935715822567165,-2.42863258704684,TIME_LIMIT,179537,0,0,27,0
4,10,1.598391e6,-6.5935715822567165,-2.42863258704684,TIME_LIMIT,179565,0,0,34,0
4,10,1.598681e6,-6.5935715822567165,-2.42863258704684,TIME_LIMIT,179604,0,0,26,0
4,10,1.598975e6,-6.5935715822567165,-2.42863258704684,TIME_LIMIT,179628,0,0,37,0
4,10,1.59927e6,-6.5935715822567165,-2.42863258704684,TIME_LIMIT,179664,0,0,34,0
4,10,1.599566e6,-6.5935715822567165,-2.42863258704684,TIME_LIMIT,179691,0,0,35,0
4,10,1.599858e6,-6.593517240381592,-2.42863258704684,TIME_LIMIT,179734,0,0,28,0
4,10,1.600182e6,-6.593517240381592,-2.42863258704684,TIME_LIMIT,179756,0,0,24,0
4,10,1.600475e6,-6.593517240381592,-2.42863258704684,TIME_LIMIT,179790,0,0,19,0
4,10,1.60077e6,-6.593517240381592,-2.42863258704684,TIME_LIMIT,179816,0,0,27,0
4,10,1.601062e6,-6.593517240381592,-2.42863258704684,TIME_LIMIT,179848,0,0,27,0
4,10,1.601355e6,-6.593517240381592,-2.42863258704684,TIME_LIMIT,179872,0,0,25,0
4,10,1.601645e6,-6.593490400273485,-2.42863258704684,TIME_LIMIT,179900,0,0,17,0
4,10,1.601969e6,-6.593490400273485,-2.42863258704684,TIME_LIMIT,179925,0,0,37,0
4,10,1.602263e6,-6.593371853897645,-2.42863258704684,TIME_LIMIT,179968,0,0,24,0
4,10,1.602555e6,-6.593371853897645,-2.42863258704684,TIME_LIMIT,179994,0,0,25,0
4,10,1.60285e6,-6.593371853897645,-2.42863258704684,TIME_LIMIT,180038,0,0,27,0
4,10,1.603146e6,-6.593371853897645,-2.42863258704684,TIME_LIMIT,180067,0,0,31,0
4,10,1.603438e6,-6.592329470778694,-2.42863258704684,TIME_LIMIT,180112,0,0,26,0
4,10,1.603731e6,-6.592329470778694,-2.42863258704684,TIME_LIMIT,180128,0,0,25,0
4,10,1.604054e6,-6.592285286496786,-2.42863258704684,TIME_LIMIT,180159,0,0,21,0
4,10,1.604344e6,-6.592285286496786,-2.42863258704684,TIME_LIMIT,180182,0,0,10,0
4,10,1.60464e6,-6.592285286496786,-2.42863258704684,TIME_LIMIT,180220,0,0,22,0
4,10,1.604938e6,-6.592285286496786,-2.42863258704684,TIME_LIMIT,180248,0,0,25,0
4,10,1.605227e6,-6.592285286496786,-2.42863258704684,TIME_LIMIT,180293,0,0,26,0
4,10,1.605526e6,-6.592285286496786,-2.42863258704684,TIME_LIMIT,180321,0,0,30,0
4,10,1.605849e6,-6.592197739626876,-2.42863258704684,TIME_LIMIT,180361,0,0,26,0
4,10,1.606144e6,-6.592197739626876,-2.42863258704684,TIME_LIMIT,180388,0,0,29,0
4,10,1.606436e6,-6.5921089815287415,-2.42863258704684,TIME_LIMIT,180421,0,0,22,0
4,10,1.606731e6,-6.5921089815287415,-2.42863258704684,TIME_LIMIT,180452,0,0,28,0
4,10,1.607027e6,-6.591611015790151,-2.42863258704684,TIME_LIMIT,180499,0,0,20,0
4,10,1.607324e6,-6.591611015790151,-2.42863258704684,TIME_LIMIT,180540,0,0,28,0
4,10,1.607648e6,-6.5911901478605515,-2.42863258704684,TIME_LIMIT,180588,0,0,24,0
4,10,1.607947e6,-6.5911901478605515,-2.42863258704684,TIME_LIMIT,180634,0,0,26,0
4,10,1.60824e6,-6.591183065808004,-2.42863258704684,TIME_LIMIT,180674,0,0,31,0
4,10,1.608536e6,-6.591183065808004,-2.42863258704684,TIME_LIMIT,180697,0,0,21,0
4,10,1.608833e6,-6.591183065808004,-2.42863258704684,TIME_LIMIT,180742,0,0,26,0
4,10,1.609128e6,-6.591183065808004,-2.42863258704684,TIME_LIMIT,180767,0,0,31,0
4,10,1.609422e6,-6.591183065808004,-2.42863258704684,TIME_LIMIT,180810,0,0,28,0
4,10,1.609744e6,-6.591183065808004,-2.42863258704684,TIME_LIMIT,180839,0,0,32,0
4,10,1.610041e6,-6.591183065808004,-2.42863258704684,TIME_LIMIT,180876,0,0,27,0
4,10,1.610337e6,-6.591183065808004,-2.42863258704684,TIME_LIMIT,180897,0,0,25,0
4,10,1.610633e6,-6.5911711192482665,-2.42863258704684,TIME_LIMIT,180942,0,0,27,0
4,10,1.610928e6,-6.5911711192482665,-2.42863258704684,TIME_LIMIT,180971,0,0,21,0
4,10,1.611224e6,-6.591034247346222,-2.42863258704684,TIME_LIMIT,181011,0,0,13,0
4,10,1.611557e6,-6.591034247346222,-2.42863258704684,TIME_LIMIT,181043,0,0,34,0
4,10,1.611852e6,-6.591034247346222,-2.42863258704684,TIME_LIMIT,181073,0,0,30,0
4,10,1.612148e6,-6.591034247346222,-2.42863258704684,TIME_LIMIT,181100,0,0,40,0
4,10,1.612445e6,-6.590841588522457,-2.42863258704684,TIME_LIMIT,181133,0,0,27,0
4,10,1.612739e6,-6.590841588522457,-2.42863258704684,TIME_LIMIT,181151,0,0,26,0
4,10,1.613032e6,-6.590841588522457,-2.42863258704684,TIME_LIMIT,181189,0,0,21,0
4,10,1.613327e6,-6.590841588522457,-2.42863258704684,TIME_LIMIT,181214,0,0,31,0
4,10,1.613648e6,-6.590841588522457,-2.42863258704684,TIME_LIMIT,181250,0,0,23,0
4,10,1.613944e6,-6.590841588522457,-2.42863258704684,TIME_LIMIT,181270,0,0,25,0
4,10,1.614233e6,-6.590841588522457,-2.42863258704684,TIME_LIMIT,181304,0,0,10,0
4,10,1.614532e6,-6.590841588522457,-2.42863258704684,TIME_LIMIT,181324,0,0,28,0
4,10,1.614828e6,-6.590841588522457,-2.42863258704684,TIME_LIMIT,181364,0,0,26,0
4,10,1.615131e6,-6.590841588522457,-2.42863258704684,TIME_LIMIT,181383,0,0,24,0
4,10,1.615456e6,-6.590841588522457,-2.42863258704684,TIME_LIMIT,181422,0,0,13,0
4,10,1.615751e6,-6.590841588522457,-2.42863258704684,TIME_LIMIT,181448,0,0,21,0
4,10,1.616048e6,-6.590665136444527,-2.42863258704684,TIME_LIMIT,181483,0,0,20,0
4,10,1.616342e6,-6.590665136444527,-2.42863258704684,TIME_LIMIT,181511,0,0,33,0
4,10,1.616641e6,-6.590665136444527,-2.42863258704684,TIME_LIMIT,181563,0,0,27,0
4,10,1.616957e6,-6.590665136444527,-2.42863258704684,TIME_LIMIT,181582,0,0,31,0
4,10,1.617282e6,-6.590665136444527,-2.42863258704684,TIME_LIMIT,181625,0,0,28,0
4,10,1.617597e6,-6.590665136444527,-2.42863258704684,TIME_LIMIT,181652,0,0,31,0
4,10,1.617905e6,-6.590665136444527,-2.42863258704684,TIME_LIMIT,181693,0,0,29,0
4,10,1.6182e6,-6.590665136444527,-2.42863258704684,TIME_LIMIT,181719,0,0,29,0
4,10,1.618497e6,-6.590665136444527,-2.42863258704684,TIME_LIMIT,181766,0,0,24,0
4,10,1.618796e6,-6.590665136444527,-2.42863258704684,TIME_LIMIT,181800,0,0,27,0
4,10,1.619097e6,-6.590665136444527,-2.42863258704684,TIME_LIMIT,181848,0,0,25,0
4,10,1.61942e6,-6.590665136444527,-2.42863258704684,TIME_LIMIT,181871,0,0,32,0
4,10,1.619715e6,-6.590665136444527,-2.42863258704684,TIME_LIMIT,181918,0,0,27,0
4,10,1.62002e6,-6.590665136444527,-2.42863258704684,TIME_LIMIT,181945,0,0,21,0
4,10,1.620312e6,-6.590665136444527,-2.42863258704684,TIME_LIMIT,181980,0,0,25,0
4,10,1.620606e6,-6.590665136444527,-2.42863258704684,TIME_LIMIT,182009,0,0,27,0
4,10,1.6209e6,-6.590665136444527,-2.42863258704684,TIME_LIMIT,182051,0,0,27,0
4,10,1.621226e6,-6.590665136444527,-2.42863258704684,TIME_LIMIT,182085,0,0,33,0
4,10,1.62152e6,-6.590665136444527,-2.42863258704684,TIME_LIMIT,182119,0,0,23,0
4,10,1.621816e6,-6.590665136444527,-2.42863258704684,TIME_LIMIT,182149,0,0,34,0
4,10,1.62211e6,-6.590665136444527,-2.42863258704684,TIME_LIMIT,182193,0,0,27,0
4,10,1.622406e6,-6.590665136444527,-2.42863258704684,TIME_LIMIT,182227,0,0,35,0
4,10,1.62273e6,-6.590665136444527,-2.42863258704684,TIME_LIMIT,182265,0,0,27,0
4,10,1.623028e6,-6.590665136444527,-2.42863258704684,TIME_LIMIT,182290,0,0,34,0
4,10,1.62335e6,-6.590665136444527,-2.42863258704684,TIME_LIMIT,182335,0,0,23,0
4,10,1.623648e6,-6.590665136444527,-2.42863258704684,TIME_LIMIT,182359,0,0,33,0
4,10,1.623945e6,-6.590665136444527,-2.42863258704684,TIME_LIMIT,182398,0,0,25,0
4,10,1.624242e6,-6.590665136444527,-2.42863258704684,TIME_LIMIT,182431,0,0,38,0
4,10,1.624534e6,-6.590665136444527,-2.42863258704684,TIME_LIMIT,182474,0,0,26,0
4,10,1.62483e6,-6.590665136444527,-2.42863258704684,TIME_LIMIT,182504,0,0,31,0
4,10,1.625154e6,-6.590665136444527,-2.42863258704684,TIME_LIMIT,182549,0,0,28,0
4,10,1.625444e6,-6.590665136444527,-2.42863258704684,TIME_LIMIT,182570,0,0,30,0
4,10,1.62574e6,-6.590665136444527,-2.42863258704684,TIME_LIMIT,182618,0,0,28,0
4,10,1.626038e6,-6.590665136444527,-2.42863258704684,TIME_LIMIT,182645,0,0,42,0
4,10,1.626363e6,-6.590665136444527,-2.42863258704684,TIME_LIMIT,182684,0,0,27,0
4,10,1.626657e6,-6.590665136444527,-2.42863258704684,TIME_LIMIT,182714,0,0,31,0
4,10,1.62695e6,-6.590665136444527,-2.42863258704684,TIME_LIMIT,182758,0,0,24,0
4,10,1.627276e6,-6.590665136444527,-2.42863258704684,TIME_LIMIT,182789,0,0,32,0
4,10,1.627567e6,-6.590665136444527,-2.42863258704684,TIME_LIMIT,182830,0,0,29,0
4,10,1.627864e6,-6.590665136444527,-2.42863258704684,TIME_LIMIT,182854,0,0,26,0
4,10,1.628157e6,-6.590665136444527,-2.42863258704684,TIME_LIMIT,182896,0,0,28,0
4,10,1.628449e6,-6.590665136444527,-2.42863258704684,TIME_LIMIT,182918,0,0,28,0
4,10,1.628743e6,-6.590665136444527,-2.42863258704684,TIME_LIMIT,182960,0,0,28,0
4,10,1.62907e6,-6.590665136444527,-2.42863258704684,TIME_LIMIT,182986,0,0,40,0
4,10,1.629364e6,-6.590665136444527,-2.42863258704684,TIME_LIMIT,183028,0,0,14,0
4,10,1.629661e6,-6.590665136444527,-2.42863258704684,TIME_LIMIT,183050,0,0,32,0
4,10,1.629963e6,-6.590665136444527,-2.42863258704684,TIME_LIMIT,183090,0,0,18,0
4,10,1.630292e6,-6.590665136444527,-2.42863258704684,TIME_LIMIT,183123,0,0,19,0
4,10,1.630583e6,-6.590665136444527,-2.42863258704684,TIME_LIMIT,183167,0,0,28,0
4,10,1.63088e6,-6.590665136444527,-2.42863258704684,TIME_LIMIT,183194,0,0,31,0
4,10,1.631203e6,-6.590570474194149,-2.42863258704684,TIME_LIMIT,183231,0,0,25,0
4,10,1.631499e6,-6.590570474194149,-2.42863258704684,TIME_LIMIT,183257,0,0,35,0
4,10,1.631792e6,-6.590570474194149,-2.42863258704684,TIME_LIMIT,183299,0,0,25,0
4,10,1.632091e6,-6.590570474194149,-2.42863258704684,TIME_LIMIT,183327,0,0,39,0
4,10,1.632383e6,-6.590570474194149,-2.42863258704684,TIME_LIMIT,183368,0,0,25,0
4,10,1.632679e6,-6.590570474194149,-2.42863258704684,TIME_LIMIT,183395,0,0,31,0
4,10,1.633002e6,-6.590570474194149,-2.42863258704684,TIME_LIMIT,183433,0,0,20,0
4,10,1.633299e6,-6.590570474194149,-2.42863258704684,TIME_LIMIT,183462,0,0,35,0
4,10,1.633591e6,-6.590570474194149,-2.42863258704684,TIME_LIMIT,183501,0,0,30,0
4,10,1.633911e6,-6.590570474194149,-2.42863258704684,TIME_LIMIT,183529,0,0,25,0
4,10,1.634206e6,-6.590570474194149,-2.42863258704684,TIME_LIMIT,183571,0,0,25,0
4,10,1.6345e6,-6.590570474194149,-2.42863258704684,TIME_LIMIT,183599,0,0,31,0
4,10,1.634792e6,-6.590570474194149,-2.42863258704684,TIME_LIMIT,183636,0,0,13,0
4,10,1.635116e6,-6.590570474194149,-2.42863258704684,TIME_LIMIT,183664,0,0,32,0
4,10,1.635408e6,-6.590497722047335,-2.42863258704684,TIME_LIMIT,183703,0,0,14,0
4,10,1.6357e6,-6.590497722047335,-2.42863258704684,TIME_LIMIT,183726,0,0,24,0
4,10,1.635993e6,-6.590497722047335,-2.42863258704684,TIME_LIMIT,183759,0,0,22,0
4,10,1.636284e6,-6.590497722047335,-2.42863258704684,TIME_LIMIT,183789,0,0,32,0
4,10,1.636578e6,-6.590497722047335,-2.42863258704684,TIME_LIMIT,183823,0,0,21,0
4,10,1.6369e6,-6.590497722047335,-2.42863258704684,TIME_LIMIT,183841,0,0,21,0
4,10,1.637197e6,-6.590497722047335,-2.42863258704684,TIME_LIMIT,183875,0,0,7,0
4,10,1.637496e6,-6.590497722047335,-2.42863258704684,TIME_LIMIT,183894,0,0,30,0
4,10,1.637791e6,-6.590388528666898,-2.42863258704684,TIME_LIMIT,183930,0,0,22,0
4,10,1.638087e6,-6.590388528666898,-2.42863258704684,TIME_LIMIT,183958,0,0,23,0
4,10,1.638383e6,-6.590388528666898,-2.42863258704684,TIME_LIMIT,183998,0,0,14,0
4,10,1.638675e6,-6.590388528666898,-2.42863258704684,TIME_LIMIT,184031,0,0,28,0
4,10,1.638998e6,-6.590388528666898,-2.42863258704684,TIME_LIMIT,184069,0,0,20,0
4,10,1.639314e6,-6.590388528666898,-2.42863258704684,TIME_LIMIT,184096,0,0,24,0
4,10,1.639627e6,-6.590388528666898,-2.42863258704684,TIME_LIMIT,184138,0,0,20,0
4,10,1.639921e6,-6.590388528666898,-2.42863258704684,TIME_LIMIT,184162,0,0,26,0
4,10,1.640217e6,-6.589933723219939,-2.42863258704684,TIME_LIMIT,184202,0,0,22,0
4,10,1.640516e6,-6.589933723219939,-2.42863258704684,TIME_LIMIT,184241,0,0,31,0
4,10,1.640841e6,-6.5898818409372195,-2.42863258704684,TIME_LIMIT,184285,0,0,26,0
4,10,1.641134e6,-6.5898818409372195,-2.42863258704684,TIME_LIMIT,184308,0,0,12,0
4,10,1.641429e6,-6.5898818409372195,-2.42863258704684,TIME_LIMIT,184339,0,0,22,0
4,10,1.641727e6,-6.5898818409372195,-2.42863258704684,TIME_LIMIT,184369,0,0,25,0
4,10,1.642019e6,-6.5898818409372195,-2.42863258704684,TIME_LIMIT,184396,0,0,27,0
4,10,1.642312e6,-6.5898818409372195,-2.42863258704684,TIME_LIMIT,184420,0,0,27,0
4,10,1.642603e6,-6.5898818409372195,-2.42863258704684,TIME_LIMIT,184453,0,0,20,0
4,10,1.642927e6,-6.5898818409372195,-2.42863258704684,TIME_LIMIT,184476,0,0,29,0
4,10,1.643223e6,-6.5898818409372195,-2.42863258704684,TIME_LIMIT,184511,0,0,26,0
4,10,1.643525e6,-6.5898818409372195,-2.42863258704684,TIME_LIMIT,184528,0,0,30,0
4,10,1.643816e6,-6.5898818409372195,-2.42863258704684,TIME_LIMIT,184564,0,0,21,0
4,10,1.644114e6,-6.5898818409372195,-2.42863258704684,TIME_LIMIT,184583,0,0,26,0
4,10,1.644403e6,-6.5898818409372195,-2.42863258704684,TIME_LIMIT,184616,0,0,21,0
4,10,1.644727e6,-6.5898818409372195,-2.42863258704684,TIME_LIMIT,184637,0,0,23,0
4,10,1.645019e6,-6.589716627797345,-2.42863258704684,TIME_LIMIT,184672,0,0,22,0
4,10,1.645318e6,-6.589716627797345,-2.42863258704684,TIME_LIMIT,184689,0,0,22,0
4,10,1.645614e6,-6.5896963544815765,-2.42863258704684,TIME_LIMIT,184729,0,0,21,0
4,10,1.645913e6,-6.5896963544815765,-2.42863258704684,TIME_LIMIT,184760,0,0,29,0
4,10,1.646206e6,-6.5896963544815765,-2.42863258704684,TIME_LIMIT,184803,0,0,22,0
4,10,1.646497e6,-6.5896963544815765,-2.42863258704684,TIME_LIMIT,184831,0,0,28,0
4,10,1.646825e6,-6.589485114576083,-2.42863258704684,TIME_LIMIT,184875,0,0,27,0
4,10,1.647118e6,-6.589485114576083,-2.42863258704684,TIME_LIMIT,184895,0,0,30,0
4,10,1.647417e6,-6.589485114576083,-2.42863258704684,TIME_LIMIT,184933,0,0,25,0
4,10,1.64771e6,-6.589485114576083,-2.42863258704684,TIME_LIMIT,184955,0,0,30,0
4,10,1.648e6,-6.589485114576083,-2.42863258704684,TIME_LIMIT,184993,0,0,26,0
4,10,1.648293e6,-6.589485114576083,-2.42863258704684,TIME_LIMIT,185014,0,0,30,0
4,10,1.648614e6,-6.589356254869039,-2.42863258704684,TIME_LIMIT,185048,0,0,25,0
4,10,1.648915e6,-6.589356254869039,-2.42863258704684,TIME_LIMIT,185083,0,0,28,0
4,10,1.649209e6,-6.589327586817866,-2.42863258704684,TIME_LIMIT,185119,0,0,25,0
4,10,1.649506e6,-6.589327586817866,-2.42863258704684,TIME_LIMIT,185146,0,0,36,0
4,10,1.649801e6,-6.589327586817866,-2.42863258704684,TIME_LIMIT,185195,0,0,30,0
4,10,1.650093e6,-6.589327586817866,-2.42863258704684,TIME_LIMIT,185221,0,0,28,0
4,10,1.650386e6,-6.589327586817866,-2.42863258704684,TIME_LIMIT,185271,0,0,24,0
4,10,1.650709e6,-6.589327586817866,-2.42863258704684,TIME_LIMIT,185298,0,0,32,0
4,10,1.651008e6,-6.589327586817866,-2.42863258704684,TIME_LIMIT,185339,0,0,24,0
4,10,1.651302e6,-6.589327586817866,-2.42863258704684,TIME_LIMIT,185371,0,0,37,0
4,10,1.651596e6,-6.589327586817866,-2.42863258704684,TIME_LIMIT,185421,0,0,27,0
4,10,1.651892e6,-6.589327586817866,-2.42863258704684,TIME_LIMIT,185452,0,0,33,0
4,10,1.652184e6,-6.589327586817866,-2.42863258704684,TIME_LIMIT,185499,0,0,26,0
4,10,1.652514e6,-6.589327586817866,-2.42863258704684,TIME_LIMIT,185523,0,0,38,0
4,10,1.652807e6,-6.589302712293371,-2.42863258704684,TIME_LIMIT,185571,0,0,17,0
4,10,1.653104e6,-6.589302712293371,-2.42863258704684,TIME_LIMIT,185597,0,0,32,0
4,10,1.653402e6,-6.589157421482216,-2.42863258704684,TIME_LIMIT,185642,0,0,26,0
4,10,1.653697e6,-6.589157421482216,-2.42863258704684,TIME_LIMIT,185669,0,0,33,0
4,10,1.653991e6,-6.589157421482216,-2.42863258704684,TIME_LIMIT,185711,0,0,22,0
4,10,1.654283e6,-6.589157421482216,-2.42863258704684,TIME_LIMIT,185736,0,0,37,0
4,10,1.654609e6,-6.589157421482216,-2.42863258704684,TIME_LIMIT,185775,0,0,21,0
4,10,1.6549e6,-6.589157421482216,-2.42863258704684,TIME_LIMIT,185807,0,0,29,0
4,10,1.655199e6,-6.589140244181255,-2.42863258704684,TIME_LIMIT,185846,0,0,23,0
4,10,1.655495e6,-6.589140244181255,-2.42863258704684,TIME_LIMIT,185868,0,0,22,0
4,10,1.655792e6,-6.589140244181255,-2.42863258704684,TIME_LIMIT,185909,0,0,20,0
4,10,1.656085e6,-6.589140244181255,-2.42863258704684,TIME_LIMIT,185930,0,0,25,0
4,10,1.656411e6,-6.589140244181255,-2.42863258704684,TIME_LIMIT,185972,0,0,27,0
4,10,1.656706e6,-6.589140244181255,-2.42863258704684,TIME_LIMIT,185991,0,0,26,0
4,10,1.657004e6,-6.589140244181255,-2.42863258704684,TIME_LIMIT,186030,0,0,27,0
4,10,1.6573e6,-6.589140244181255,-2.42863258704684,TIME_LIMIT,186047,0,0,22,0
4,10,1.657596e6,-6.589140244181255,-2.42863258704684,TIME_LIMIT,186085,0,0,24,0
4,10,1.65789e6,-6.589140244181255,-2.42863258704684,TIME_LIMIT,186108,0,0,28,0
4,10,1.658183e6,-6.589091591639992,-2.42863258704684,TIME_LIMIT,186145,0,0,24,0
4,10,1.65851e6,-6.589091591639992,-2.42863258704684,TIME_LIMIT,186169,0,0,29,0
4,10,1.658805e6,-6.589048437068223,-2.42863258704684,TIME_LIMIT,186214,0,0,27,0
4,10,1.659102e6,-6.589048437068223,-2.42863258704684,TIME_LIMIT,186236,0,0,22,0
4,10,1.659397e6,-6.589048437068223,-2.42863258704684,TIME_LIMIT,186274,0,0,28,0
4,10,1.659694e6,-6.589048437068223,-2.42863258704684,TIME_LIMIT,186304,0,0,28,0
4,10,1.659989e6,-6.589048437068223,-2.42863258704684,TIME_LIMIT,186343,0,0,24,0
4,10,1.660325e6,-6.589048437068223,-2.42863258704684,TIME_LIMIT,186369,0,0,29,0
4,10,1.660617e6,-6.589048437068223,-2.42863258704684,TIME_LIMIT,186413,0,0,26,0
4,10,1.660918e6,-6.589048437068223,-2.42863258704684,TIME_LIMIT,186439,0,0,34,0
4,10,1.661215e6,-6.589048437068223,-2.42863258704684,TIME_LIMIT,186476,0,0,25,0
4,10,1.661515e6,-6.589048437068223,-2.42863258704684,TIME_LIMIT,186494,0,0,25,0
4,10,1.661807e6,-6.589048437068223,-2.42863258704684,TIME_LIMIT,186533,0,0,26,0
4,10,1.662101e6,-6.589048437068223,-2.42863258704684,TIME_LIMIT,186556,0,0,25,0
4,10,1.662427e6,-6.588768018216847,-2.42863258704684,TIME_LIMIT,186590,0,0,22,0
4,10,1.662724e6,-6.588768018216847,-2.42863258704684,TIME_LIMIT,186614,0,0,22,0
4,10,1.663018e6,-6.588492266490502,-2.42863258704684,TIME_LIMIT,186647,0,0,25,0
4,10,1.663316e6,-6.588492266490502,-2.42863258704684,TIME_LIMIT,186671,0,0,28,0
4,10,1.663612e6,-6.588338683054831,-2.42863258704684,TIME_LIMIT,186708,0,0,20,0
4,10,1.663935e6,-6.588338683054831,-2.42863258704684,TIME_LIMIT,186742,0,0,37,0
4,10,1.664267e6,-6.588338683054831,-2.42863258704684,TIME_LIMIT,186788,0,0,20,0
4,10,1.664569e6,-6.588338683054831,-2.42863258704684,TIME_LIMIT,186809,0,0,34,0
4,10,1.664862e6,-6.588338683054831,-2.42863258704684,TIME_LIMIT,186855,0,0,27,0
4,10,1.665161e6,-6.588338683054831,-2.42863258704684,TIME_LIMIT,186882,0,0,29,0
4,10,1.665456e6,-6.588338683054831,-2.42863258704684,TIME_LIMIT,186928,0,0,26,0
4,10,1.665752e6,-6.588338683054831,-2.42863258704684,TIME_LIMIT,186953,0,0,29,0
4,10,1.666046e6,-6.588338683054831,-2.42863258704684,TIME_LIMIT,187006,0,0,15,0
4,10,1.666378e6,-6.588338683054831,-2.42863258704684,TIME_LIMIT,187040,0,0,24,0
4,10,1.666673e6,-6.588338683054831,-2.42863258704684,TIME_LIMIT,187086,0,0,25,0
4,10,1.66697e6,-6.588338683054831,-2.42863258704684,TIME_LIMIT,187126,0,0,29,0
4,10,1.66727e6,-6.588338683054831,-2.42863258704684,TIME_LIMIT,187160,0,0,30,0
4,10,1.667578e6,-6.588338683054831,-2.42863258704684,TIME_LIMIT,187194,0,0,32,0
4,10,1.667897e6,-6.588338683054831,-2.42863258704684,TIME_LIMIT,187227,0,0,20,0
4,10,1.668195e6,-6.588338683054831,-2.42863258704684,TIME_LIMIT,187256,0,0,33,0
4,10,1.668523e6,-6.588338683054831,-2.42863258704684,TIME_LIMIT,187299,0,0,27,0
4,10,1.668823e6,-6.588338683054831,-2.42863258704684,TIME_LIMIT,187327,0,0,36,0
4,10,1.669119e6,-6.588338683054831,-2.42863258704684,TIME_LIMIT,187372,0,0,24,0
4,10,1.669413e6,-6.588338683054831,-2.42863258704684,TIME_LIMIT,187399,0,0,31,0
4,10,1.669715e6,-6.588338683054831,-2.42863258704684,TIME_LIMIT,187447,0,0,28,0
4,10,1.67001e6,-6.588338683054831,-2.42863258704684,TIME_LIMIT,187467,0,0,27,0
4,10,1.670332e6,-6.588338683054831,-2.42863258704684,TIME_LIMIT,187507,0,0,17,0
4,10,1.670629e6,-6.588338683054831,-2.42863258704684,TIME_LIMIT,187536,0,0,30,0
4,10,1.670927e6,-6.588338683054831,-2.42863258704684,TIME_LIMIT,187572,0,0,22,0
4,10,1.671225e6,-6.588338683054831,-2.42863258704684,TIME_LIMIT,187603,0,0,35,0
4,10,1.671568e6,-6.588338683054831,-2.42863258704684,TIME_LIMIT,187643,0,0,26,0
4,10,1.671859e6,-6.588338683054831,-2.42863258704684,TIME_LIMIT,187663,0,0,23,0
4,10,1.672155e6,-6.588338683054831,-2.42863258704684,TIME_LIMIT,187708,0,0,25,0
4,10,1.672481e6,-6.588338683054831,-2.42863258704684,TIME_LIMIT,187740,0,0,29,0
4,10,1.672774e6,-6.588338683054831,-2.42863258704684,TIME_LIMIT,187776,0,0,27,0
4,10,1.673071e6,-6.588338683054831,-2.42863258704684,TIME_LIMIT,187803,0,0,34,0
4,10,1.673369e6,-6.588338683054831,-2.42863258704684,TIME_LIMIT,187848,0,0,25,0
4,10,1.673667e6,-6.588338683054831,-2.42863258704684,TIME_LIMIT,187878,0,0,30,0
4,10,1.673964e6,-6.588338683054831,-2.42863258704684,TIME_LIMIT,187911,0,0,26,0
4,10,1.674285e6,-6.588338683054831,-2.42863258704684,TIME_LIMIT,187936,0,0,29,0
4,10,1.674585e6,-6.588338683054831,-2.42863258704684,TIME_LIMIT,187980,0,0,24,0
4,10,1.674879e6,-6.588338683054831,-2.42863258704684,TIME_LIMIT,188004,0,0,23,0
4,10,1.675193e6,-6.588338683054831,-2.42863258704684,TIME_LIMIT,188047,0,0,16,0
4,10,1.675502e6,-6.588338683054831,-2.42863258704684,TIME_LIMIT,188072,0,0,30,0
4,10,1.675799e6,-6.588338683054831,-2.42863258704684,TIME_LIMIT,188115,0,0,26,0
4,10,1.676088e6,-6.588338683054831,-2.42863258704684,TIME_LIMIT,188144,0,0,36,0
4,10,1.676414e6,-6.588338683054831,-2.42863258704684,TIME_LIMIT,188187,0,0,21,0
4,10,1.676711e6,-6.588338683054831,-2.42863258704684,TIME_LIMIT,188215,0,0,32,0
4,10,1.677008e6,-6.588338683054831,-2.42863258704684,TIME_LIMIT,188255,0,0,27,0
4,10,1.677301e6,-6.588338683054831,-2.42863258704684,TIME_LIMIT,188277,0,0,23,0
4,10,1.677599e6,-6.588338683054831,-2.42863258704684,TIME_LIMIT,188315,0,0,25,0
4,10,1.677893e6,-6.588338683054831,-2.42863258704684,TIME_LIMIT,188345,0,0,25,0
4,10,1.678186e6,-6.588338683054831,-2.42863258704684,TIME_LIMIT,188378,0,0,23,0
4,10,1.678511e6,-6.588338683054831,-2.42863258704684,TIME_LIMIT,188403,0,0,12,0
4,10,1.678817e6,-6.588338683054831,-2.42863258704684,TIME_LIMIT,188435,0,0,22,0
4,10,1.679117e6,-6.588338683054831,-2.42863258704684,TIME_LIMIT,188465,0,0,26,0
4,10,1.679416e6,-6.588322655086362,-2.42863258704684,TIME_LIMIT,188498,0,0,24,0
4,10,1.679715e6,-6.588322655086362,-2.42863258704684,TIME_LIMIT,188516,0,0,18,0
4,10,1.680014e6,-6.588290165031074,-2.42863258704684,TIME_LIMIT,188556,0,0,13,0
4,10,1.680349e6,-6.588290165031074,-2.42863258704684,TIME_LIMIT,188605,0,0,33,0
4,10,1.680653e6,-6.5882645843605285,-2.42863258704684,TIME_LIMIT,188635,0,0,24,0
4,10,1.680961e6,-6.5882645843605285,-2.42863258704684,TIME_LIMIT,188666,0,0,25,0
4,10,1.681268e6,-6.588255904224533,-2.42863258704684,TIME_LIMIT,188703,0,0,23,0
4,10,1.681566e6,-6.588255904224533,-2.42863258704684,TIME_LIMIT,188731,0,0,35,0
4,10,1.681864e6,-6.588255904224533,-2.42863258704684,TIME_LIMIT,188772,0,0,14,0
4,10,1.682171e6,-6.588255904224533,-2.42863258704684,TIME_LIMIT,188802,0,0,38,0
4,10,1.68251e6,-6.588242243785053,-2.42863258704684,TIME_LIMIT,188841,0,0,27,0
4,10,1.682809e6,-6.588242243785053,-2.42863258704684,TIME_LIMIT,188864,0,0,27,0
4,10,1.683114e6,-6.588011265557434,-2.42863258704684,TIME_LIMIT,188905,0,0,23,0
4,10,1.683425e6,-6.588011265557434,-2.42863258704684,TIME_LIMIT,188933,0,0,35,0
4,10,1.683734e6,-6.58793902338435,-2.42863258704684,TIME_LIMIT,188983,0,0,25,0
4,10,1.684039e6,-6.58793902338435,-2.42863258704684,TIME_LIMIT,189011,0,0,31,0
4,10,1.684346e6,-6.58793902338435,-2.42863258704684,TIME_LIMIT,189053,0,0,24,0
4,10,1.684689e6,-6.58793902338435,-2.42863258704684,TIME_LIMIT,189076,0,0,23,0
4,10,1.684994e6,-6.58793902338435,-2.42863258704684,TIME_LIMIT,189118,0,0,10,0
4,10,1.685306e6,-6.58793902338435,-2.42863258704684,TIME_LIMIT,189157,0,0,30,0
4,10,1.685616e6,-6.58793902338435,-2.42863258704684,TIME_LIMIT,189192,0,0,16,0
4,10,1.685928e6,-6.58793902338435,-2.42863258704684,TIME_LIMIT,189220,0,0,34,0
4,10,1.686233e6,-6.58793902338435,-2.42863258704684,TIME_LIMIT,189255,0,0,21,0
4,10,1.686578e6,-6.58793902338435,-2.42863258704684,TIME_LIMIT,189287,0,0,27,0
4,10,1.686887e6,-6.58793902338435,-2.42863258704684,TIME_LIMIT,189323,0,0,25,0
4,10,1.6872e6,-6.58793902338435,-2.42863258704684,TIME_LIMIT,189348,0,0,36,0
4,10,1.687508e6,-6.58793902338435,-2.42863258704684,TIME_LIMIT,189388,0,0,20,0
4,10,1.68782e6,-6.58793902338435,-2.42863258704684,TIME_LIMIT,189419,0,0,28,0
4,10,1.688127e6,-6.58793902338435,-2.42863258704684,TIME_LIMIT,189459,0,0,11,0
4,10,1.688437e6,-6.58793902338435,-2.42863258704684,TIME_LIMIT,189487,0,0,37,0
4,10,1.688773e6,-6.58793902338435,-2.42863258704684,TIME_LIMIT,189529,0,0,26,0
4,10,1.689081e6,-6.58793902338435,-2.42863258704684,TIME_LIMIT,189554,0,0,40,0
4,10,1.689389e6,-6.58793902338435,-2.42863258704684,TIME_LIMIT,189596,0,0,23,0
4,10,1.689696e6,-6.58793902338435,-2.42863258704684,TIME_LIMIT,189622,0,0,35,0
4,10,1.690006e6,-6.58793902338435,-2.42863258704684,TIME_LIMIT,189665,0,0,21,0
4,10,1.69032e6,-6.58793902338435,-2.42863258704684,TIME_LIMIT,189691,0,0,7,0
4,10,1.690628e6,-6.58793902338435,-2.42863258704684,TIME_LIMIT,189731,0,0,15,0
4,10,1.690966e6,-6.58793902338435,-2.42863258704684,TIME_LIMIT,189756,0,0,38,0
4,10,1.69127e6,-6.58793902338435,-2.42863258704684,TIME_LIMIT,189794,0,0,26,0
4,10,1.691574e6,-6.58793902338435,-2.42863258704684,TIME_LIMIT,189812,0,0,25,0
4,10,1.691874e6,-6.58793902338435,-2.42863258704684,TIME_LIMIT,189852,0,0,12,0
4,10,1.692183e6,-6.58793902338435,-2.42863258704684,TIME_LIMIT,189875,0,0,40,0
4,10,1.692489e6,-6.58793902338435,-2.42863258704684,TIME_LIMIT,189916,0,0,26,0
4,10,1.692831e6,-6.58793902338435,-2.42863258704684,TIME_LIMIT,189943,0,0,23,0
4,10,1.693138e6,-6.58793902338435,-2.42863258704684,TIME_LIMIT,189980,0,0,25,0
4,10,1.693449e6,-6.58793902338435,-2.42863258704684,TIME_LIMIT,190002,0,0,41,0
4,10,1.693752e6,-6.58793902338435,-2.42863258704684,TIME_LIMIT,190043,0,0,21,0
4,10,1.694063e6,-6.58793902338435,-2.42863258704684,TIME_LIMIT,190073,0,0,31,0
4,10,1.69436e6,-6.58793902338435,-2.42863258704684,TIME_LIMIT,190111,0,0,19,0
4,10,1.694672e6,-6.58793902338435,-2.42863258704684,TIME_LIMIT,190142,0,0,45,0
4,10,1.695007e6,-6.58793902338435,-2.42863258704684,TIME_LIMIT,190176,0,0,23,0
4,10,1.695319e6,-6.58793902338435,-2.42863258704684,TIME_LIMIT,190198,0,0,40,0
4,10,1.695629e6,-6.58793902338435,-2.42863258704684,TIME_LIMIT,190238,0,0,17,0
4,10,1.695937e6,-6.58793902338435,-2.42863258704684,TIME_LIMIT,190264,0,0,41,0
4,10,1.696243e6,-6.58793902338435,-2.42863258704684,TIME_LIMIT,190296,0,0,23,0
4,10,1.696547e6,-6.58793902338435,-2.42863258704684,TIME_LIMIT,190321,0,0,25,0
4,10,1.69685e6,-6.58785009185942,-2.42863258704684,TIME_LIMIT,190357,0,0,14,0
4,10,1.697188e6,-6.58785009185942,-2.42863258704684,TIME_LIMIT,190386,0,0,29,0
4,10,1.697489e6,-6.58785009185942,-2.42863258704684,TIME_LIMIT,190426,0,0,24,0
4,10,1.697796e6,-6.58785009185942,-2.42863258704684,TIME_LIMIT,190457,0,0,29,0
4,10,1.698103e6,-6.587782344899306,-2.42863258704684,TIME_LIMIT,190496,0,0,24,0
4,10,1.698412e6,-6.587782344899306,-2.42863258704684,TIME_LIMIT,190532,0,0,33,0
4,10,1.698719e6,-6.587782344899306,-2.42863258704684,TIME_LIMIT,190564,0,0,31,0
4,10,1.699055e6,-6.587782344899306,-2.42863258704684,TIME_LIMIT,190586,0,0,38,0
4,10,1.69936e6,-6.587599738257147,-2.42863258704684,TIME_LIMIT,190627,0,0,29,0
4,10,1.699666e6,-6.587599738257147,-2.42863258704684,TIME_LIMIT,190654,0,0,34,0
4,10,1.699973e6,-6.587599738257147,-2.42863258704684,TIME_LIMIT,190695,0,0,28,0
4,10,1.700284e6,-6.587599738257147,-2.42863258704684,TIME_LIMIT,190719,0,0,30,0
4,10,1.700589e6,-6.587410731067453,-2.42863258704684,TIME_LIMIT,190757,0,0,25,0
4,10,1.700902e6,-6.587410731067453,-2.42863258704684,TIME_LIMIT,190788,0,0,32,0
4,10,1.701241e6,-6.587410731067453,-2.42863258704684,TIME_LIMIT,190822,0,0,29,0
4,10,1.701552e6,-6.587410731067453,-2.42863258704684,TIME_LIMIT,190846,0,0,35,0
4,10,1.701862e6,-6.587361959662106,-2.42863258704684,TIME_LIMIT,190882,0,0,22,0
4,10,1.702173e6,-6.587361959662106,-2.42863258704684,TIME_LIMIT,190904,0,0,27,0
4,10,1.702476e6,-6.587361959662106,-2.42863258704684,TIME_LIMIT,190949,0,0,25,0
4,10,1.702787e6,-6.587361959662106,-2.42863258704684,TIME_LIMIT,190982,0,0,10,0
4,10,1.703093e6,-6.587361959662106,-2.42863258704684,TIME_LIMIT,191022,0,0,25,0
4,10,1.703428e6,-6.587361959662106,-2.42863258704684,TIME_LIMIT,191044,0,0,23,0
4,10,1.70373e6,-6.587361959662106,-2.42863258704684,TIME_LIMIT,191082,0,0,13,0
4,10,1.704035e6,-6.587361959662106,-2.42863258704684,TIME_LIMIT,191114,0,0,25,0
4,10,1.704337e6,-6.5873259538919875,-2.42863258704684,TIME_LIMIT,191147,0,0,10,0
4,10,1.704645e6,-6.5873259538919875,-2.42863258704684,TIME_LIMIT,191179,0,0,30,0
4,10,1.704951e6,-6.587132928665362,-2.42863258704684,TIME_LIMIT,191233,0,0,30,0
4,10,1.705281e6,-6.587132928665362,-2.42863258704684,TIME_LIMIT,191266,0,0,13,0
4,10,1.705631e6,-6.587074397237348,-2.42863258704684,TIME_LIMIT,191309,0,0,29,0
4,10,1.705938e6,-6.587074397237348,-2.42863258704684,TIME_LIMIT,191330,0,0,28,0
4,10,1.706241e6,-6.587059663808361,-2.42863258704684,TIME_LIMIT,191372,0,0,18,0
4,10,1.706554e6,-6.587059663808361,-2.42863258704684,TIME_LIMIT,191402,0,0,31,0
4,10,1.706863e6,-6.587059663808361,-2.42863258704684,TIME_LIMIT,191444,0,0,37,0
4,10,1.707173e6,-6.587059663808361,-2.42863258704684,TIME_LIMIT,191463,0,0,40,0
4,10,1.707507e6,-6.586993854998025,-2.42863258704684,TIME_LIMIT,191506,0,0,25,0
4,10,1.707815e6,-6.586993854998025,-2.42863258704684,TIME_LIMIT,191535,0,0,33,0
4,10,1.708126e6,-6.586993854998025,-2.42863258704684,TIME_LIMIT,191576,0,0,16,0
4,10,1.708436e6,-6.586993854998025,-2.42863258704684,TIME_LIMIT,191606,0,0,17,0
4,10,1.708746e6,-6.586748145072593,-2.42863258704684,TIME_LIMIT,191639,0,0,20,0
4,10,1.709081e6,-6.586748145072593,-2.42863258704684,TIME_LIMIT,191661,0,0,27,0
4,10,1.709389e6,-6.586748145072593,-2.42863258704684,TIME_LIMIT,191708,0,0,27,0
4,10,1.709731e6,-6.586748145072593,-2.42863258704684,TIME_LIMIT,191734,0,0,34,0
4,10,1.710041e6,-6.586397480529711,-2.42863258704684,TIME_LIMIT,191775,0,0,25,0
4,10,1.710352e6,-6.586397480529711,-2.42863258704684,TIME_LIMIT,191792,0,0,26,0
4,10,1.710656e6,-6.586397480529711,-2.42863258704684,TIME_LIMIT,191831,0,0,27,0
4,10,1.710965e6,-6.586397480529711,-2.42863258704684,TIME_LIMIT,191849,0,0,27,0
4,10,1.711273e6,-6.586397480529711,-2.42863258704684,TIME_LIMIT,191886,0,0,25,0
4,10,1.711583e6,-6.586397480529711,-2.42863258704684,TIME_LIMIT,191911,0,0,32,0
4,10,1.711916e6,-6.586397480529711,-2.42863258704684,TIME_LIMIT,191946,0,0,23,0
4,10,1.712221e6,-6.586397480529711,-2.42863258704684,TIME_LIMIT,191970,0,0,31,0
4,10,1.712531e6,-6.586336325618045,-2.42863258704684,TIME_LIMIT,192004,0,0,23,0
4,10,1.712874e6,-6.586336325618045,-2.42863258704684,TIME_LIMIT,192028,0,0,34,0
4,10,1.713194e6,-6.586336325618045,-2.42863258704684,TIME_LIMIT,192079,0,0,27,0
4,10,1.713504e6,-6.586336325618045,-2.42863258704684,TIME_LIMIT,192111,0,0,33,0
4,10,1.713815e6,-6.586336325618045,-2.42863258704684,TIME_LIMIT,192163,0,0,27,0
4,10,1.714159e6,-6.586336325618045,-2.42863258704684,TIME_LIMIT,192192,0,0,43,0
4,10,1.714468e6,-6.586336325618045,-2.42863258704684,TIME_LIMIT,192239,0,0,26,0
4,10,1.714779e6,-6.586336325618045,-2.42863258704684,TIME_LIMIT,192267,0,0,32,0
4,10,1.71509e6,-6.586336325618045,-2.42863258704684,TIME_LIMIT,192313,0,0,29,0
4,10,1.715404e6,-6.586336325618045,-2.42863258704684,TIME_LIMIT,192343,0,0,30,0
4,10,1.715712e6,-6.586263380592779,-2.42863258704684,TIME_LIMIT,192386,0,0,15,0
4,10,1.716057e6,-6.586263380592779,-2.42863258704684,TIME_LIMIT,192418,0,0,27,0
4,10,1.716368e6,-6.586263380592779,-2.42863258704684,TIME_LIMIT,192454,0,0,22,0
4,10,1.716704e6,-6.586263380592779,-2.42863258704684,TIME_LIMIT,192478,0,0,28,0
4,10,1.71701e6,-6.585702704045222,-2.42863258704684,TIME_LIMIT,192510,0,0,20,0
4,10,1.717323e6,-6.585702704045222,-2.42863258704684,TIME_LIMIT,192532,0,0,29,0
4,10,1.71763e6,-6.585702704045222,-2.42863258704684,TIME_LIMIT,192574,0,0,20,0
4,10,1.717944e6,-6.585702704045222,-2.42863258704684,TIME_LIMIT,192607,0,0,26,0
4,10,1.718286e6,-6.585702704045222,-2.42863258704684,TIME_LIMIT,192648,0,0,25,0
4,10,1.718598e6,-6.585702704045222,-2.42863258704684,TIME_LIMIT,192670,0,0,21,0
4,10,1.718908e6,-6.585702704045222,-2.42863258704684,TIME_LIMIT,192708,0,0,17,0
4,10,1.719214e6,-6.585702704045222,-2.42863258704684,TIME_LIMIT,192734,0,0,24,0
4,10,1.71952e6,-6.585702704045222,-2.42863258704684,TIME_LIMIT,192777,0,0,23,0
4,10,1.719829e6,-6.585702704045222,-2.42863258704684,TIME_LIMIT,192806,0,0,22,0
4,10,1.720139e6,-6.585506968988771,-2.42863258704684,TIME_LIMIT,192845,0,0,22,0
4,10,1.72048e6,-6.585506968988771,-2.42863258704684,TIME_LIMIT,192874,0,0,24,0
4,10,1.720793e6,-6.585376527866221,-2.42863258704684,TIME_LIMIT,192900,0,0,28,0
4,10,1.721111e6,-6.585376527866221,-2.42863258704684,TIME_LIMIT,192934,0,0,17,0
4,10,1.721426e6,-6.585376527866221,-2.42863258704684,TIME_LIMIT,192974,0,0,27,0
4,10,1.721738e6,-6.585376527866221,-2.42863258704684,TIME_LIMIT,193007,0,0,26,0
4,10,1.722048e6,-6.585376527866221,-2.42863258704684,TIME_LIMIT,193040,0,0,32,0
4,10,1.722357e6,-6.585376527866221,-2.42863258704684,TIME_LIMIT,193073,0,0,34,0
4,10,1.722697e6,-6.585376527866221,-2.42863258704684,TIME_LIMIT,193110,0,0,25,0
4,10,1.72301e6,-6.585376527866221,-2.42863258704684,TIME_LIMIT,193138,0,0,36,0
4,10,1.723321e6,-6.585376527866221,-2.42863258704684,TIME_LIMIT,193177,0,0,26,0
4,10,1.723633e6,-6.585376527866221,-2.42863258704684,TIME_LIMIT,193204,0,0,38,0
4,10,1.723942e6,-6.585376527866221,-2.42863258704684,TIME_LIMIT,193239,0,0,26,0
4,10,1.724256e6,-6.585376527866221,-2.42863258704684,TIME_LIMIT,193264,0,0,39,0
4,10,1.724564e6,-6.585376527866221,-2.42863258704684,TIME_LIMIT,193307,0,0,29,0
4,10,1.724903e6,-6.585376527866221,-2.42863258704684,TIME_LIMIT,193334,0,0,8,0
4,10,1.725214e6,-6.585376527866221,-2.42863258704684,TIME_LIMIT,193373,0,0,22,0
4,10,1.725523e6,-6.585376527866221,-2.42863258704684,TIME_LIMIT,193400,0,0,30,0
4,10,1.725832e6,-6.585376527866221,-2.42863258704684,TIME_LIMIT,193439,0,0,27,0
4,10,1.726144e6,-6.585376527866221,-2.42863258704684,TIME_LIMIT,193462,0,0,34,0
4,10,1.726448e6,-6.585376527866221,-2.42863258704684,TIME_LIMIT,193499,0,0,12,0
4,10,1.72679e6,-6.585376527866221,-2.42863258704684,TIME_LIMIT,193528,0,0,20,0
4,10,1.727101e6,-6.5849614674155905,-2.42863258704684,TIME_LIMIT,193556,0,0,25,0
4,10,1.727412e6,-6.5849614674155905,-2.42863258704684,TIME_LIMIT,193580,0,0,25,0
4,10,1.727717e6,-6.5849614674155905,-2.42863258704684,TIME_LIMIT,193624,0,0,23,0
4,10,1.728033e6,-6.5849614674155905,-2.42863258704684,TIME_LIMIT,193658,0,0,31,0
4,10,1.728342e6,-6.5849614674155905,-2.42863258704684,TIME_LIMIT,193700,0,0,27,0
4,10,1.728652e6,-6.5849614674155905,-2.42863258704684,TIME_LIMIT,193732,0,0,16,0
4,10,1.728985e6,-6.584771936482311,-2.42863258704684,TIME_LIMIT,193781,0,0,25,0
4,10,1.729296e6,-6.584771936482311,-2.42863258704684,TIME_LIMIT,193808,0,0,37,0
4,10,1.729606e6,-6.584771936482311,-2.42863258704684,TIME_LIMIT,193860,0,0,30,0
4,10,1.729917e6,-6.584771936482311,-2.42863258704684,TIME_LIMIT,193891,0,0,49,0
4,10,1.730224e6,-6.584323002831228,-2.42863258704684,TIME_LIMIT,193939,0,0,30,0
4,10,1.730527e6,-6.584323002831228,-2.42863258704684,TIME_LIMIT,193960,0,0,22,0
4,10,1.730838e6,-6.584028064493783,-2.42863258704684,TIME_LIMIT,194006,0,0,19,0
4,10,1.731181e6,-6.584028064493783,-2.42863258704684,TIME_LIMIT,194025,0,0,35,0
4,10,1.731495e6,-6.584028064493783,-2.42863258704684,TIME_LIMIT,194071,0,0,28,0
4,10,1.731808e6,-6.584028064493783,-2.42863258704684,TIME_LIMIT,194098,0,0,42,0
4,10,1.732119e6,-6.584028064493783,-2.42863258704684,TIME_LIMIT,194144,0,0,28,0
4,10,1.732434e6,-6.584028064493783,-2.42863258704684,TIME_LIMIT,194177,0,0,35,0
4,10,1.732744e6,-6.584028064493783,-2.42863258704684,TIME_LIMIT,194226,0,0,25,0
4,10,1.733053e6,-6.584028064493783,-2.42863258704684,TIME_LIMIT,194248,0,0,41,0
4,10,1.733395e6,-6.584028064493783,-2.42863258704684,TIME_LIMIT,194299,0,0,28,0
4,10,1.733711e6,-6.584028064493783,-2.42863258704684,TIME_LIMIT,194325,0,0,34,0
4,10,1.734022e6,-6.584028064493783,-2.42863258704684,TIME_LIMIT,194373,0,0,28,0
4,10,1.734335e6,-6.584028064493783,-2.42863258704684,TIME_LIMIT,194401,0,0,43,0
4,10,1.734646e6,-6.584028064493783,-2.42863258704684,TIME_LIMIT,194446,0,0,27,0
4,10,1.734964e6,-6.584028064493783,-2.42863258704684,TIME_LIMIT,194475,0,0,36,0
4,10,1.735275e6,-6.584028064493783,-2.42863258704684,TIME_LIMIT,194520,0,0,26,0
4,10,1.735633e6,-6.584028064493783,-2.42863258704684,TIME_LIMIT,194547,0,0,32,0
4,10,1.735946e6,-6.584028064493783,-2.42863258704684,TIME_LIMIT,194588,0,0,23,0
4,10,1.73626e6,-6.584028064493783,-2.42863258704684,TIME_LIMIT,194623,0,0,42,0
4,10,1.736572e6,-6.584028064493783,-2.42863258704684,TIME_LIMIT,194662,0,0,28,0
4,10,1.73689e6,-6.584028064493783,-2.42863258704684,TIME_LIMIT,194687,0,0,20,0
4,10,1.737197e6,-6.584028064493783,-2.42863258704684,TIME_LIMIT,194730,0,0,15,0
4,10,1.737509e6,-6.584028064493783,-2.42863258704684,TIME_LIMIT,194752,0,0,41,0
4,10,1.73785e6,-6.584028064493783,-2.42863258704684,TIME_LIMIT,194799,0,0,26,0
4,10,1.73816e6,-6.584028064493783,-2.42863258704684,TIME_LIMIT,194833,0,0,34,0
4,10,1.738471e6,-6.584028064493783,-2.42863258704684,TIME_LIMIT,194863,0,0,31,0
4,10,1.738781e6,-6.584028064493783,-2.42863258704684,TIME_LIMIT,194899,0,0,28,0
4,10,1.739091e6,-6.584028064493783,-2.42863258704684,TIME_LIMIT,194938,0,0,20,0
4,10,1.739401e6,-6.584028064493783,-2.42863258704684,TIME_LIMIT,194961,0,0,41,0
4,10,1.739738e6,-6.584028064493783,-2.42863258704684,TIME_LIMIT,195005,0,0,19,0
4,10,1.740041e6,-6.584028064493783,-2.42863258704684,TIME_LIMIT,195035,0,0,35,0
4,10,1.740352e6,-6.584028064493783,-2.42863258704684,TIME_LIMIT,195078,0,0,27,0
4,10,1.740663e6,-6.584028064493783,-2.42863258704684,TIME_LIMIT,195106,0,0,34,0
4,10,1.740972e6,-6.584028064493783,-2.42863258704684,TIME_LIMIT,195147,0,0,22,0
4,10,1.741273e6,-6.584028064493783,-2.42863258704684,TIME_LIMIT,195180,0,0,9,0
4,10,1.741576e6,-6.584028064493783,-2.42863258704684,TIME_LIMIT,195216,0,0,31,0
4,10,1.741918e6,-6.584028064493783,-2.42863258704684,TIME_LIMIT,195243,0,0,39,0
4,10,1.742226e6,-6.584028064493783,-2.42863258704684,TIME_LIMIT,195289,0,0,24,0
4,10,1.742533e6,-6.584028064493783,-2.42863258704684,TIME_LIMIT,195311,0,0,30,0
4,10,1.742851e6,-6.584028064493783,-2.42863258704684,TIME_LIMIT,195356,0,0,23,0
4,10,1.743161e6,-6.584028064493783,-2.42863258704684,TIME_LIMIT,195386,0,0,31,0
4,10,1.743471e6,-6.584028064493783,-2.42863258704684,TIME_LIMIT,195432,0,0,14,0
4,10,1.743778e6,-6.584028064493783,-2.42863258704684,TIME_LIMIT,195460,0,0,15,0
4,10,1.744105e6,-6.584028064493783,-2.42863258704684,TIME_LIMIT,195494,0,0,23,0
4,10,1.744402e6,-6.584028064493783,-2.42863258704684,TIME_LIMIT,195532,0,0,25,0
4,10,1.744696e6,-6.584028064493783,-2.42863258704684,TIME_LIMIT,195562,0,0,31,0
4,10,1.744994e6,-6.584028064493783,-2.42863258704684,TIME_LIMIT,195588,0,0,37,0
4,10,1.745291e6,-6.584028064493783,-2.42863258704684,TIME_LIMIT,195629,0,0,25,0
4,10,1.745595e6,-6.584028064493783,-2.42863258704684,TIME_LIMIT,195656,0,0,27,0
4,10,1.745902e6,-6.584028064493783,-2.42863258704684,TIME_LIMIT,195691,0,0,12,0
4,10,1.746239e6,-6.584028064493783,-2.42863258704684,TIME_LIMIT,195717,0,0,33,0
4,10,1.746558e6,-6.584028064493783,-2.42863258704684,TIME_LIMIT,195758,0,0,21,0
4,10,1.746883e6,-6.584028064493783,-2.42863258704684,TIME_LIMIT,195785,0,0,40,0
4,10,1.747195e6,-6.584028064493783,-2.42863258704684,TIME_LIMIT,195821,0,0,11,0
4,10,1.747507e6,-6.584028064493783,-2.42863258704684,TIME_LIMIT,195846,0,0,33,0
4,10,1.747816e6,-6.584028064493783,-2.42863258704684,TIME_LIMIT,195884,0,0,19,0
4,10,1.74813e6,-6.584028064493783,-2.42863258704684,TIME_LIMIT,195912,0,0,25,0
4,10,1.74847e6,-6.584028064493783,-2.42863258704684,TIME_LIMIT,195953,0,0,23,0
4,10,1.748786e6,-6.584028064493783,-2.42863258704684,TIME_LIMIT,195977,0,0,35,0
4,10,1.74909e6,-6.584028064493783,-2.42863258704684,TIME_LIMIT,196020,0,0,26,0
4,10,1.749399e6,-6.584028064493783,-2.42863258704684,TIME_LIMIT,196053,0,0,35,0
4,10,1.749706e6,-6.584028064493783,-2.42863258704684,TIME_LIMIT,196094,0,0,17,0
4,10,1.750013e6,-6.584028064493783,-2.42863258704684,TIME_LIMIT,196126,0,0,9,0
4,10,1.750338e6,-6.584028064493783,-2.42863258704684,TIME_LIMIT,196163,0,0,26,0
4,10,1.750693e6,-6.584028064493783,-2.42863258704684,TIME_LIMIT,196196,0,0,30,0
4,10,1.751002e6,-6.584028064493783,-2.42863258704684,TIME_LIMIT,196232,0,0,26,0
4,10,1.751312e6,-6.584028064493783,-2.42863258704684,TIME_LIMIT,196251,0,0,32,0
4,10,1.751615e6,-6.584028064493783,-2.42863258704684,TIME_LIMIT,196291,0,0,28,0
4,10,1.751922e6,-6.584028064493783,-2.42863258704684,TIME_LIMIT,196320,0,0,23,0
4,10,1.752226e6,-6.584028064493783,-2.42863258704684,TIME_LIMIT,196352,0,0,27,0
4,10,1.752538e6,-6.584028064493783,-2.42863258704684,TIME_LIMIT,196374,0,0,30,0
4,10,1.75288e6,-6.584028064493783,-2.42863258704684,TIME_LIMIT,196415,0,0,27,0
4,10,1.753195e6,-6.584028064493783,-2.42863258704684,TIME_LIMIT,196444,0,0,33,0
4,10,1.753504e6,-6.584028064493783,-2.42863258704684,TIME_LIMIT,196483,0,0,26,0
4,10,1.753813e6,-6.584028064493783,-2.42863258704684,TIME_LIMIT,196505,0,0,33,0
4,10,1.75415e6,-6.584028064493783,-2.42863258704684,TIME_LIMIT,196544,0,0,26,0
4,10,1.754467e6,-6.584028064493783,-2.42863258704684,TIME_LIMIT,196569,0,0,30,0
4,10,1.75477e6,-6.584028064493783,-2.42863258704684,TIME_LIMIT,196611,0,0,25,0
4,10,1.755106e6,-6.584028064493783,-2.42863258704684,TIME_LIMIT,196638,0,0,26,0
4,10,1.755409e6,-6.584028064493783,-2.42863258704684,TIME_LIMIT,196679,0,0,14,0
4,10,1.755718e6,-6.584028064493783,-2.42863258704684,TIME_LIMIT,196701,0,0,27,0
4,10,1.756025e6,-6.584028064493783,-2.42863258704684,TIME_LIMIT,196737,0,0,26,0
4,10,1.75633e6,-6.584028064493783,-2.42863258704684,TIME_LIMIT,196764,0,0,26,0
4,10,1.756631e6,-6.584028064493783,-2.42863258704684,TIME_LIMIT,196803,0,0,23,0
4,10,1.756929e6,-6.584028064493783,-2.42863258704684,TIME_LIMIT,196827,0,0,29,0
4,10,1.75726e6,-6.584028064493783,-2.42863258704684,TIME_LIMIT,196868,0,0,23,0
4,10,1.757568e6,-6.584028064493783,-2.42863258704684,TIME_LIMIT,196897,0,0,29,0
4,10,1.757897e6,-6.584028064493783,-2.42863258704684,TIME_LIMIT,196929,0,0,22,0
4,10,1.758209e6,-6.584028064493783,-2.42863258704684,TIME_LIMIT,196953,0,0,12,0
4,10,1.758508e6,-6.584028064493783,-2.42863258704684,TIME_LIMIT,196985,0,0,21,0
4,10,1.758807e6,-6.584028064493783,-2.42863258704684,TIME_LIMIT,197009,0,0,36,0
4,10,1.759104e6,-6.584028064493783,-2.42863258704684,TIME_LIMIT,197049,0,0,22,0
4,10,1.75944e6,-6.584028064493783,-2.42863258704684,TIME_LIMIT,197069,0,0,25,0
4,10,1.759741e6,-6.584028064493783,-2.42863258704684,TIME_LIMIT,197108,0,0,22,0
4,10,1.760041e6,-6.584028064493783,-2.42863258704684,TIME_LIMIT,197139,0,0,13,0
4,10,1.760347e6,-6.584028064493783,-2.42863258704684,TIME_LIMIT,197167,0,0,36,0
4,10,1.760644e6,-6.584028064493783,-2.42863258704684,TIME_LIMIT,197199,0,0,27,0
4,10,1.760954e6,-6.584028064493783,-2.42863258704684,TIME_LIMIT,197223,0,0,24,0
4,10,1.761285e6,-6.584028064493783,-2.42863258704684,TIME_LIMIT,197241,0,0,37,0
4,10,1.761593e6,-6.584028064493783,-2.42863258704684,TIME_LIMIT,197279,0,0,14,0
4,10,1.761895e6,-6.584028064493783,-2.42863258704684,TIME_LIMIT,197308,0,0,17,0
4,10,1.762203e6,-6.584028064493783,-2.42863258704684,TIME_LIMIT,197331,0,0,24,0
4,10,1.762517e6,-6.584028064493783,-2.42863258704684,TIME_LIMIT,197355,0,0,22,0
4,10,1.762809e6,-6.584028064493783,-2.42863258704684,TIME_LIMIT,197385,0,0,29,0
4,10,1.763105e6,-6.584028064493783,-2.42863258704684,TIME_LIMIT,197410,0,0,34,0
4,10,1.763425e6,-6.584028064493783,-2.42863258704684,TIME_LIMIT,197446,0,0,28,0
4,10,1.763722e6,-6.584028064493783,-2.42863258704684,TIME_LIMIT,197471,0,0,38,0
4,10,1.764016e6,-6.58392245571881,-2.42863258704684,TIME_LIMIT,197506,0,0,25,0
4,10,1.764313e6,-6.58392245571881,-2.42863258704684,TIME_LIMIT,197537,0,0,35,0
4,10,1.764612e6,-6.58392245571881,-2.42863258704684,TIME_LIMIT,197578,0,0,26,0
4,10,1.764905e6,-6.58392245571881,-2.42863258704684,TIME_LIMIT,197601,0,0,31,0
4,10,1.765201e6,-6.58392245571881,-2.42863258704684,TIME_LIMIT,197647,0,0,27,0
4,10,1.765527e6,-6.58392245571881,-2.42863258704684,TIME_LIMIT,197669,0,0,17,0
4,10,1.765819e6,-6.583685591215437,-2.42863258704684,TIME_LIMIT,197711,0,0,24,0
4,10,1.766115e6,-6.583685591215437,-2.42863258704684,TIME_LIMIT,197737,0,0,33,0
4,10,1.766411e6,-6.583347549146776,-2.42863258704684,TIME_LIMIT,197773,0,0,24,0
4,10,1.766708e6,-6.583347549146776,-2.42863258704684,TIME_LIMIT,197799,0,0,23,0
4,10,1.767009e6,-6.5830134950079735,-2.42863258704684,TIME_LIMIT,197844,0,0,25,0
4,10,1.767299e6,-6.5830134950079735,-2.42863258704684,TIME_LIMIT,197867,0,0,27,0
4,10,1.767625e6,-6.5830134950079735,-2.42863258704684,TIME_LIMIT,197901,0,0,23,0
4,10,1.767918e6,-6.5830134950079735,-2.42863258704684,TIME_LIMIT,197924,0,0,16,0
4,10,1.768212e6,-6.5830134950079735,-2.42863258704684,TIME_LIMIT,197964,0,0,20,0
4,10,1.768506e6,-6.5830134950079735,-2.42863258704684,TIME_LIMIT,197992,0,0,24,0
4,10,1.768799e6,-6.5830134950079735,-2.42863258704684,TIME_LIMIT,198018,0,0,22,0
4,10,1.769099e6,-6.5830134950079735,-2.42863258704684,TIME_LIMIT,198046,0,0,27,0
4,10,1.76939e6,-6.583001723002967,-2.42863258704684,TIME_LIMIT,198079,0,0,24,0
4,10,1.769716e6,-6.583001723002967,-2.42863258704684,TIME_LIMIT,198118,0,0,32,0
4,10,1.77001e6,-6.583001723002967,-2.42863258704684,TIME_LIMIT,198163,0,0,27,0
4,10,1.770308e6,-6.583001723002967,-2.42863258704684,TIME_LIMIT,198192,0,0,32,0
4,10,1.770604e6,-6.583001723002967,-2.4548467007090164,TIME_LIMIT,198237,0,0,21,0
4,10,1.770899e6,-6.583001723002967,-2.4548467007090164,TIME_LIMIT,198263,0,0,30,0
4,10,1.771197e6,-6.583001723002967,-2.4548467007090164,TIME_LIMIT,198312,0,0,22,0
4,10,1.771501e6,-6.583001723002967,-2.4548467007090164,TIME_LIMIT,198348,0,0,34,0
4,10,1.771833e6,-6.583001723002967,-2.4548467007090164,TIME_LIMIT,198390,0,0,20,0
4,10,1.772132e6,-6.583001723002967,-2.4548467007090164,TIME_LIMIT,198415,0,0,35,0
4,10,1.772425e6,-6.583001723002967,-2.4548467007090164,TIME_LIMIT,198465,0,0,27,0
4,10,1.77272e6,-6.583001723002967,-2.4548467007090164,TIME_LIMIT,198494,0,0,30,0
4,10,1.77302e6,-6.583001723002967,-2.4548467007090164,TIME_LIMIT,198537,0,0,22,0
4,10,1.773317e6,-6.583001723002967,-2.4548467007090164,TIME_LIMIT,198560,0,0,38,0
4,10,1.773612e6,-6.582988095817843,-2.4548467007090164,TIME_LIMIT,198606,0,0,24,0
4,10,1.773935e6,-6.582988095817843,-2.4548467007090164,TIME_LIMIT,198634,0,0,28,0
4,10,1.774233e6,-6.582958006986287,-2.4548467007090164,TIME_LIMIT,198678,0,0,23,0
4,10,1.774525e6,-6.582958006986287,-2.4548467007090164,TIME_LIMIT,198704,0,0,19,0
4,10,1.77482e6,-6.582958006986287,-2.4548467007090164,TIME_LIMIT,198745,0,0,28,0
4,10,1.775118e6,-6.582958006986287,-2.4548467007090164,TIME_LIMIT,198776,0,0,27,0
4,10,1.775412e6,-6.582958006986287,-2.4548467007090164,TIME_LIMIT,198808,0,0,26,0
4,10,1.775709e6,-6.582958006986287,-2.4548467007090164,TIME_LIMIT,198836,0,0,39,0
4,10,1.776035e6,-6.582958006986287,-2.4548467007090164,TIME_LIMIT,198875,0,0,29,0
4,10,1.776331e6,-6.582958006986287,-2.4548467007090164,TIME_LIMIT,198898,0,0,21,0
4,10,1.776627e6,-6.582958006986287,-2.4548467007090164,TIME_LIMIT,198938,0,0,25,0
4,10,1.776926e6,-6.582958006986287,-2.4548467007090164,TIME_LIMIT,198963,0,0,36,0
4,10,1.777222e6,-6.582958006986287,-2.4548467007090164,TIME_LIMIT,199007,0,0,28,0
4,10,1.777515e6,-6.582958006986287,-2.4548467007090164,TIME_LIMIT,199030,0,0,29,0
4,10,1.77781e6,-6.582958006986287,-2.4548467007090164,TIME_LIMIT,199067,0,0,25,0
4,10,1.778135e6,-6.582958006986287,-2.4548467007090164,TIME_LIMIT,199097,0,0,27,0
4,10,1.778433e6,-6.582958006986287,-2.4548467007090164,TIME_LIMIT,199135,0,0,14,0
4,10,1.778731e6,-6.582958006986287,-2.4548467007090164,TIME_LIMIT,199161,0,0,38,0
4,10,1.779027e6,-6.582958006986287,-2.4548467007090164,TIME_LIMIT,199198,0,0,18,0
4,10,1.779325e6,-6.582958006986287,-2.4548467007090164,TIME_LIMIT,199224,0,0,32,0
4,10,1.779619e6,-6.582958006986287,-2.4548467007090164,TIME_LIMIT,199260,0,0,27,0
4,10,1.779915e6,-6.582958006986287,-2.4548467007090164,TIME_LIMIT,199281,0,0,34,0
4,10,1.780236e6,-6.582958006986287,-2.4548467007090164,TIME_LIMIT,199317,0,0,22,0
4,10,1.780536e6,-6.582958006986287,-2.4548467007090164,TIME_LIMIT,199339,0,0,23,0
4,10,1.780835e6,-6.58283313507542,-2.4548467007090164,TIME_LIMIT,199374,0,0,26,0
4,10,1.781134e6,-6.58283313507542,-2.4548467007090164,TIME_LIMIT,199397,0,0,24,0
4,10,1.781431e6,-6.582730719673311,-2.4548467007090164,TIME_LIMIT,199439,0,0,26,0
4,10,1.781726e6,-6.582730719673311,-2.4548467007090164,TIME_LIMIT,199473,0,0,29,0
4,10,1.782021e6,-6.582684508698399,-2.4548467007090164,TIME_LIMIT,199521,0,0,7,0
4,10,1.782346e6,-6.582684508698399,-2.4548467007090164,TIME_LIMIT,199549,0,0,36,0
4,10,1.782642e6,-6.58235548327004,-2.4548467007090164,TIME_LIMIT,199593,0,0,24,0
4,10,1.782937e6,-6.58235548327004,-2.4548467007090164,TIME_LIMIT,199626,0,0,26,0
4,10,1.783233e6,-6.5822820143190235,-2.4548467007090164,TIME_LIMIT,199656,0,0,26,0
4,10,1.783529e6,-6.5822820143190235,-2.4548467007090164,TIME_LIMIT,199683,0,0,27,0
4,10,1.783823e6,-6.582107374390447,-2.4548467007090164,TIME_LIMIT,199714,0,0,20,0
4,10,1.784119e6,-6.582107374390447,-2.4548467007090164,TIME_LIMIT,199744,0,0,21,0
4,10,1.78445e6,-6.582015230461844,-2.4548467007090164,TIME_LIMIT,199773,0,0,21,0
4,10,1.78475e6,-6.582015230461844,-2.4548467007090164,TIME_LIMIT,199804,0,0,36,0
4,10,1.785044e6,-6.582015230461844,-2.4548467007090164,TIME_LIMIT,199845,0,0,14,0
4,10,1.78534e6,-6.582015230461844,-2.4548467007090164,TIME_LIMIT,199875,0,0,33,0
4,10,1.785632e6,-6.581766145577342,-2.4548467007090164,TIME_LIMIT,199915,0,0,19,0
4,10,1.785929e6,-6.581766145577342,-2.4548467007090164,TIME_LIMIT,199942,0,0,34,0
4,10,1.786222e6,-6.581625953726915,-2.4548467007090164,TIME_LIMIT,199977,0,0,23,0
4,10,1.786549e6,-6.581625953726915,-2.4548467007090164,TIME_LIMIT,199997,0,0,31,0
4,10,1.786846e6,-6.581541709869502,-2.4548467007090164,TIME_LIMIT,200047,0,0,28,0
4,10,1.787142e6,-6.581541709869502,-2.4548467007090164,TIME_LIMIT,200060,0,0,37,0
4,10,1.787437e6,-6.581508815747971,-2.4548467007090164,TIME_LIMIT,200093,0,0,25,0
4,10,1.787736e6,-6.581508815747971,-2.4548467007090164,TIME_LIMIT,200136,0,0,32,0
4,10,1.788063e6,-6.581508815747971,-2.4548467007090164,TIME_LIMIT,200180,0,0,29,0
4,10,1.788356e6,-6.581508815747971,-2.4548467007090164,TIME_LIMIT,200208,0,0,36,0
4,10,1.788648e6,-6.581508815747971,-2.4548467007090164,TIME_LIMIT,200256,0,0,15,0
4,10,1.788976e6,-6.581508815747971,-2.4548467007090164,TIME_LIMIT,200284,0,0,23,0
4,10,1.789271e6,-6.581508815747971,-2.4548467007090164,TIME_LIMIT,200329,0,0,25,0
4,10,1.789593e6,-6.581508815747971,-2.4548467007090164,TIME_LIMIT,200360,0,0,39,0
4,10,1.789912e6,-6.581508815747971,-2.4548467007090164,TIME_LIMIT,200397,0,0,22,0
4,10,1.790207e6,-6.581508815747971,-2.4548467007090164,TIME_LIMIT,200427,0,0,27,0
4,10,1.79051e6,-6.581508815747971,-2.4548467007090164,TIME_LIMIT,200475,0,0,28,0
4,10,1.790804e6,-6.581508815747971,-2.4548467007090164,TIME_LIMIT,200508,0,0,23,0
4,10,1.791129e6,-6.581508815747971,-2.4548467007090164,TIME_LIMIT,200547,0,0,19,0
4,10,1.791426e6,-6.581508815747971,-2.4548467007090164,TIME_LIMIT,200570,0,0,29,0
4,10,1.791746e6,-6.581508815747971,-2.4548467007090164,TIME_LIMIT,200613,0,0,28,0
4,10,1.792048e6,-6.581508815747971,-2.4548467007090164,TIME_LIMIT,200640,0,0,25,0
4,10,1.792346e6,-6.581508815747971,-2.4548467007090164,TIME_LIMIT,200677,0,0,23,0
4,10,1.792642e6,-6.581508815747971,-2.4548467007090164,TIME_LIMIT,200706,0,0,29,0
4,10,1.792943e6,-6.581508815747971,-2.4548467007090164,TIME_LIMIT,200741,0,0,22,0
4,10,1.793269e6,-6.581508815747971,-2.4548467007090164,TIME_LIMIT,200774,0,0,31,0
4,10,1.793561e6,-6.581508815747971,-2.4548467007090164,TIME_LIMIT,200813,0,0,22,0
4,10,1.793855e6,-6.581508815747971,-2.4548467007090164,TIME_LIMIT,200843,0,0,31,0
4,10,1.794152e6,-6.581508815747971,-2.4548467007090164,TIME_LIMIT,200879,0,0,23,0
4,10,1.79445e6,-6.581508815747971,-2.4548467007090164,TIME_LIMIT,200905,0,0,28,0
4,10,1.794747e6,-6.581508815747971,-2.4548467007090164,TIME_LIMIT,200946,0,0,12,0
4,10,1.795042e6,-6.581508815747971,-2.4548467007090164,TIME_LIMIT,200985,0,0,31,0
4,10,1.795376e6,-6.581468960257957,-2.4548467007090164,TIME_LIMIT,201013,0,0,24,0
4,10,1.795709e6,-6.581468960257957,-2.4548467007090164,TIME_LIMIT,201043,0,0,45,0
4,10,1.796007e6,-6.581468960257957,-2.4548467007090164,TIME_LIMIT,201095,0,0,19,0
4,10,1.796305e6,-6.581468960257957,-2.4548467007090164,TIME_LIMIT,201127,0,0,31,0
4,10,1.796602e6,-6.581468960257957,-2.4548467007090164,TIME_LIMIT,201177,0,0,25,0
4,10,1.796902e6,-6.581468960257957,-2.4548467007090164,TIME_LIMIT,201201,0,0,15,0
4,10,1.797202e6,-6.581468960257957,-2.4548467007090164,TIME_LIMIT,201254,0,0,26,0
4,10,1.797539e6,-6.581468960257957,-2.4548467007090164,TIME_LIMIT,201294,0,0,26,0
4,10,1.797834e6,-6.581468960257957,-2.4548467007090164,TIME_LIMIT,201332,0,0,27,0
4,10,1.798132e6,-6.581468960257957,-2.4548467007090164,TIME_LIMIT,201367,0,0,40,0
4,10,1.798428e6,-6.581468960257957,-2.4548467007090164,TIME_LIMIT,201416,0,0,28,0
4,10,1.798725e6,-6.581468960257957,-2.4548467007090164,TIME_LIMIT,201448,0,0,43,0
4,10,1.799024e6,-6.581468960257957,-2.4548467007090164,TIME_LIMIT,201494,0,0,5,0
4,10,1.799343e6,-6.581468960257957,-2.4548467007090164,TIME_LIMIT,201521,0,0,13,0
4,10,1.799677e6,-6.581468960257957,-2.4548467007090164,TIME_LIMIT,201573,0,0,17,0
4,10,1.799971e6,-6.581468960257957,-2.4548467007090164,TIME_LIMIT,201617,0,0,25,0
4,10,1.800272e6,-6.581094584173556,-2.4548467007090164,TIME_LIMIT,201649,0,0,39,0
4,10,1.800584e6,-6.581094584173556,-2.4548467007090164,TIME_LIMIT,201672,0,0,23,0
4,10,1.800877e6,-6.581089616964194,-2.4548467007090164,TIME_LIMIT,201722,0,0,28,0
4,10,1.801174e6,-6.581089616964194,-2.4548467007090164,TIME_LIMIT,201743,0,0,29,0
4,10,1.801469e6,-6.581089616964194,-2.4548467007090164,TIME_LIMIT,201798,0,0,30,0
4,10,1.801797e6,-6.581089616964194,-2.4548467007090164,TIME_LIMIT,201826,0,0,11,0
4,10,1.802095e6,-6.581089616964194,-2.4548467007090164,TIME_LIMIT,201865,0,0,23,0
4,10,1.80239e6,-6.581089616964194,-2.4548467007090164,TIME_LIMIT,201903,0,0,31,0
4,10,1.802691e6,-6.581089616964194,-2.4548467007090164,TIME_LIMIT,201945,0,0,24,0
4,10,1.802988e6,-6.581089616964194,-2.4548467007090164,TIME_LIMIT,201966,0,0,30,0
4,10,1.803284e6,-6.581089616964194,-2.4548467007090164,TIME_LIMIT,202015,0,0,28,0
4,10,1.803589e6,-6.581089616964194,-2.4548467007090164,TIME_LIMIT,202046,0,0,28,0
4,10,1.80392e6,-6.581089616964194,-2.4548467007090164,TIME_LIMIT,202093,0,0,26,0
4,10,1.804218e6,-6.581089616964194,-2.4548467007090164,TIME_LIMIT,202127,0,0,38,0
4,10,1.804509e6,-6.581089616964194,-2.4548467007090164,TIME_LIMIT,202173,0,0,27,0
4,10,1.804809e6,-6.581089616964194,-2.4548467007090164,TIME_LIMIT,202195,0,0,13,0
4,10,1.805104e6,-6.58108712080104,-2.4548467007090164,TIME_LIMIT,202251,0,0,31,0
4,10,1.805423e6,-6.58108712080104,-2.4548467007090164,TIME_LIMIT,202286,0,0,28,0
4,10,1.805733e6,-6.58108712080104,-2.4548467007090164,TIME_LIMIT,202336,0,0,27,0
4,10,1.80606e6,-6.58108712080104,-2.4548467007090164,TIME_LIMIT,202366,0,0,33,0
4,10,1.806359e6,-6.58108712080104,-2.4548467007090164,TIME_LIMIT,202405,0,0,18,0
4,10,1.80666e6,-6.58108712080104,-2.4548467007090164,TIME_LIMIT,202437,0,0,39,0
4,10,1.806968e6,-6.58108712080104,-2.4548467007090164,TIME_LIMIT,202482,0,0,25,0
4,10,1.807264e6,-6.58108712080104,-2.4548467007090164,TIME_LIMIT,202508,0,0,34,0
4,10,1.807561e6,-6.58108712080104,-2.4548467007090164,TIME_LIMIT,202548,0,0,23,0
4,10,1.807853e6,-6.58108712080104,-2.4548467007090164,TIME_LIMIT,202578,0,0,39,0
4,10,1.808149e6,-6.58108712080104,-2.4548467007090164,TIME_LIMIT,202621,0,0,27,0
4,10,1.808473e6,-6.58108712080104,-2.4548467007090164,TIME_LIMIT,202647,0,0,25,0
4,10,1.808768e6,-6.58108712080104,-2.4548467007090164,TIME_LIMIT,202697,0,0,25,0
4,10,1.809066e6,-6.58108712080104,-2.4548467007090164,TIME_LIMIT,202722,0,0,21,0
4,10,1.80936e6,-6.58108712080104,-2.4548467007090164,TIME_LIMIT,202767,0,0,27,0
4,10,1.809661e6,-6.58108712080104,-2.4548467007090164,TIME_LIMIT,202798,0,0,13,0
4,10,1.809967e6,-6.58108712080104,-2.4548467007090164,TIME_LIMIT,202839,0,0,27,0
4,10,1.81026e6,-6.58108712080104,-2.4548467007090164,TIME_LIMIT,202873,0,0,29,0
4,10,1.810589e6,-6.58108712080104,-2.4548467007090164,TIME_LIMIT,202904,0,0,26,0
4,10,1.810883e6,-6.58108712080104,-2.4548467007090164,TIME_LIMIT,202938,0,0,28,0
4,10,1.811179e6,-6.58108712080104,-2.4548467007090164,TIME_LIMIT,202970,0,0,32,0
4,10,1.811475e6,-6.58108712080104,-2.4548467007090164,TIME_LIMIT,203001,0,0,37,0
4,10,1.811768e6,-6.58108712080104,-2.4548467007090164,TIME_LIMIT,203037,0,0,21,0
4,10,1.812067e6,-6.58108712080104,-2.4548467007090164,TIME_LIMIT,203061,0,0,30,0
4,10,1.812357e6,-6.58108712080104,-2.4548467007090164,TIME_LIMIT,203103,0,0,19,0
4,10,1.812685e6,-6.58108712080104,-2.4548467007090164,TIME_LIMIT,203124,0,0,33,0
4,10,1.812984e6,-6.58108712080104,-2.4548467007090164,TIME_LIMIT,203170,0,0,27,0
4,10,1.813302e6,-6.58108712080104,-2.4548467007090164,TIME_LIMIT,203197,0,0,27,0
4,10,1.813598e6,-6.58108712080104,-2.4548467007090164,TIME_LIMIT,203234,0,0,26,0
4,10,1.813896e6,-6.58108712080104,-2.4548467007090164,TIME_LIMIT,203253,0,0,29,0
4,10,1.814203e6,-6.58108712080104,-2.4548467007090164,TIME_LIMIT,203291,0,0,24,0
4,10,1.814499e6,-6.58108712080104,-2.4548467007090164,TIME_LIMIT,203322,0,0,16,0
4,10,1.814833e6,-6.58108712080104,-2.4548467007090164,TIME_LIMIT,203356,0,0,26,0
4,10,1.815129e6,-6.58108712080104,-2.4548467007090164,TIME_LIMIT,203375,0,0,15,0
4,10,1.81543e6,-6.58108712080104,-2.4548467007090164,TIME_LIMIT,203411,0,0,22,0
4,10,1.815729e6,-6.58108712080104,-2.4548467007090164,TIME_LIMIT,203429,0,0,30,0
4,10,1.816023e6,-6.58108712080104,-2.4548467007090164,TIME_LIMIT,203468,0,0,22,0
4,10,1.816336e6,-6.58108712080104,-2.4548467007090164,TIME_LIMIT,203496,0,0,28,0
4,10,1.816633e6,-6.58108712080104,-2.4548467007090164,TIME_LIMIT,203530,0,0,22,0
4,10,1.816955e6,-6.58108712080104,-2.4548467007090164,TIME_LIMIT,203553,0,0,30,0
4,10,1.817255e6,-6.580910462607395,-2.4548467007090164,TIME_LIMIT,203594,0,0,16,0
4,10,1.817557e6,-6.580910462607395,-2.4548467007090164,TIME_LIMIT,203620,0,0,39,0
4,10,1.817855e6,-6.580853025302982,-2.4548467007090164,TIME_LIMIT,203656,0,0,27,0
4,10,1.818163e6,-6.580853025302982,-2.4548467007090164,TIME_LIMIT,203689,0,0,25,0
4,10,1.818463e6,-6.580828138930421,-2.4548467007090164,TIME_LIMIT,203724,0,0,20,0
4,10,1.818773e6,-6.580828138930421,-2.4548467007090164,TIME_LIMIT,203759,0,0,45,0
4,10,1.819072e6,-6.580828138930421,-2.4548467007090164,TIME_LIMIT,203812,0,0,15,0
4,10,1.819411e6,-6.580828138930421,-2.4548467007090164,TIME_LIMIT,203839,0,0,35,0
4,10,1.819707e6,-6.580828138930421,-2.4548467007090164,TIME_LIMIT,203888,0,0,26,0
4,10,1.82001e6,-6.580828138930421,-2.4548467007090164,TIME_LIMIT,203921,0,0,39,0
4,10,1.820315e6,-6.580733271393093,-2.4548467007090164,TIME_LIMIT,203963,0,0,15,0
4,10,1.820639e6,-6.580733271393093,-2.4548467007090164,TIME_LIMIT,204000,0,0,21,0
4,10,1.820967e6,-6.580733271393093,-2.4548467007090164,TIME_LIMIT,204036,0,0,28,0
4,10,1.821262e6,-6.580733271393093,-2.4548467007090164,TIME_LIMIT,204067,0,0,30,0
4,10,1.8216e6,-6.580733271393093,-2.4548467007090164,TIME_LIMIT,204108,0,0,23,0
4,10,1.8219e6,-6.580733271393093,-2.4548467007090164,TIME_LIMIT,204137,0,0,32,0
4,10,1.822201e6,-6.580733271393093,-2.4548467007090164,TIME_LIMIT,204173,0,0,24,0
4,10,1.822508e6,-6.580733271393093,-2.4548467007090164,TIME_LIMIT,204199,0,0,29,0
4,10,1.822809e6,-6.580733271393093,-2.4548467007090164,TIME_LIMIT,204243,0,0,29,0
4,10,1.823112e6,-6.580733271393093,-2.4548467007090164,TIME_LIMIT,204265,0,0,27,0
4,10,1.823408e6,-6.580733271393093,-2.4548467007090164,TIME_LIMIT,204304,0,0,24,0
4,10,1.823739e6,-6.580733271393093,-2.4548467007090164,TIME_LIMIT,204331,0,0,32,0
4,10,1.824039e6,-6.580733271393093,-2.4548467007090164,TIME_LIMIT,204375,0,0,13,0
4,10,1.824349e6,-6.580733271393093,-2.4548467007090164,TIME_LIMIT,204401,0,0,29,0
4,10,1.824649e6,-6.580733271393093,-2.4548467007090164,TIME_LIMIT,204439,0,0,18,0
4,10,1.824953e6,-6.580733271393093,-2.4548467007090164,TIME_LIMIT,204468,0,0,16,0
4,10,1.825248e6,-6.580733271393093,-2.4548467007090164,TIME_LIMIT,204504,0,0,31,0
4,10,1.825565e6,-6.580733271393093,-2.4548467007090164,TIME_LIMIT,204526,0,0,13,0
4,10,1.825899e6,-6.580733271393093,-2.4548467007090164,TIME_LIMIT,204572,0,0,24,0
4,10,1.826207e6,-6.580733271393093,-2.4548467007090164,TIME_LIMIT,204603,0,0,22,0
4,10,1.826507e6,-6.580733271393093,-2.4548467007090164,TIME_LIMIT,204638,0,0,29,0
4,10,1.826802e6,-6.580733271393093,-2.4548467007090164,TIME_LIMIT,204666,0,0,27,0
4,10,1.8271e6,-6.580733271393093,-2.4548467007090164,TIME_LIMIT,204702,0,0,29,0
4,10,1.827405e6,-6.580733271393093,-2.4548467007090164,TIME_LIMIT,204736,0,0,10,0
4,10,1.827707e6,-6.580733271393093,-2.4548467007090164,TIME_LIMIT,204761,0,0,29,0
4,10,1.828043e6,-6.580733271393093,-2.4548467007090164,TIME_LIMIT,204790,0,0,17,0
4,10,1.828341e6,-6.580733271393093,-2.4548467007090164,TIME_LIMIT,204827,0,0,14,0
4,10,1.828645e6,-6.580733271393093,-2.4548467007090164,TIME_LIMIT,204857,0,0,31,0
4,10,1.828939e6,-6.580733271393093,-2.4548467007090164,TIME_LIMIT,204893,0,0,25,0
4,10,1.829275e6,-6.580733271393093,-2.4548467007090164,TIME_LIMIT,204917,0,0,17,0
4,10,1.829579e6,-6.580733271393093,-2.4548467007090164,TIME_LIMIT,204956,0,0,21,0
4,10,1.829889e6,-6.580733271393093,-2.4548467007090164,TIME_LIMIT,204978,0,0,29,0
4,10,1.830182e6,-6.580733271393093,-2.4548467007090164,TIME_LIMIT,205011,0,0,21,0
4,10,1.830516e6,-6.580733271393093,-2.4548467007090164,TIME_LIMIT,205029,0,0,28,0
4,10,1.830809e6,-6.580733271393093,-2.4548467007090164,TIME_LIMIT,205067,0,0,23,0
4,10,1.831104e6,-6.580733271393093,-2.4548467007090164,TIME_LIMIT,205099,0,0,25,0
4,10,1.831416e6,-6.580733271393093,-2.4548467007090164,TIME_LIMIT,205133,0,0,31,0
4,10,1.831723e6,-6.580733271393093,-2.4548467007090164,TIME_LIMIT,205162,0,0,29,0
4,10,1.832036e6,-6.580733271393093,-2.4548467007090164,TIME_LIMIT,205197,0,0,15,0
4,10,1.83234e6,-6.580733271393093,-2.4548467007090164,TIME_LIMIT,205226,0,0,31,0
4,10,1.83266e6,-6.580733271393093,-2.4548467007090164,TIME_LIMIT,205261,0,0,13,0
4,10,1.832971e6,-6.580733271393093,-2.4548467007090164,TIME_LIMIT,205283,0,0,27,0
4,10,1.833294e6,-6.580733271393093,-2.4548467007090164,TIME_LIMIT,205322,0,0,21,0
4,10,1.833593e6,-6.580733271393093,-2.4548467007090164,TIME_LIMIT,205355,0,0,14,0
4,10,1.833891e6,-6.580733271393093,-2.4548467007090164,TIME_LIMIT,205399,0,0,15,0
4,10,1.834196e6,-6.580733271393093,-2.4548467007090164,TIME_LIMIT,205423,0,0,29,0
4,10,1.834488e6,-6.580733271393093,-2.4548467007090164,TIME_LIMIT,205464,0,0,30,0
4,10,1.834822e6,-6.580733271393093,-2.4548467007090164,TIME_LIMIT,205491,0,0,22,0
4,10,1.83512e6,-6.580733271393093,-2.4548467007090164,TIME_LIMIT,205520,0,0,17,0
4,10,1.835424e6,-6.580733271393093,-2.4548467007090164,TIME_LIMIT,205545,0,0,25,0
4,10,1.835739e6,-6.580733271393093,-2.4548467007090164,TIME_LIMIT,205584,0,0,20,0
4,10,1.836038e6,-6.580733271393093,-2.4548467007090164,TIME_LIMIT,205612,0,0,23,0
4,10,1.836342e6,-6.580449796237424,-2.4548467007090164,TIME_LIMIT,205646,0,0,18,0
4,10,1.836548e6,-6.580449796237424,-2.4548467007090164,TIME_LIMIT,205682,0,0,41,0
4,10,1.83688e6,-6.580449796237424,-2.4548467007090164,TIME_LIMIT,205732,0,0,29,0
4,10,1.837198e6,-6.580449796237424,-2.4548467007090164,TIME_LIMIT,205758,0,0,46,0
4,10,1.837503e6,-6.580449796237424,-2.4548467007090164,TIME_LIMIT,205810,0,0,33,0
4,10,1.837844e6,-6.580449796237424,-2.4548467007090164,TIME_LIMIT,205832,0,0,43,0
4,10,1.83814e6,-6.580410379032228,-2.4548467007090164,TIME_LIMIT,205883,0,0,24,0
4,10,1.838445e6,-6.580410379032228,-2.4548467007090164,TIME_LIMIT,205916,0,0,28,0
4,10,1.838745e6,-6.580410379032228,-2.4548467007090164,TIME_LIMIT,205958,0,0,30,0
4,10,1.83907e6,-6.580410379032228,-2.4548467007090164,TIME_LIMIT,205982,0,0,37,0
4,10,1.839384e6,-6.580410379032228,-2.4548467007090164,TIME_LIMIT,206023,0,0,26,0
4,10,1.839693e6,-6.580410379032228,-2.4548467007090164,TIME_LIMIT,206052,0,0,29,0
4,10,1.839988e6,-6.580410379032228,-2.4548467007090164,TIME_LIMIT,206103,0,0,27,0
4,10,1.840316e6,-6.580410379032228,-2.4548467007090164,TIME_LIMIT,206127,0,0,36,0
4,10,1.840644e6,-6.580410379032228,-2.4548467007090164,TIME_LIMIT,206171,0,0,26,0
4,10,1.840955e6,-6.580410379032228,-2.4548467007090164,TIME_LIMIT,206199,0,0,20,0
4,10,1.841254e6,-6.580410379032228,-2.4548467007090164,TIME_LIMIT,206245,0,0,28,0
4,10,1.841558e6,-6.580410379032228,-2.4548467007090164,TIME_LIMIT,206270,0,0,27,0
4,10,1.841861e6,-6.580410379032228,-2.4548467007090164,TIME_LIMIT,206313,0,0,22,0
4,10,1.842166e6,-6.580410379032228,-2.4548467007090164,TIME_LIMIT,206339,0,0,35,0
4,10,1.842499e6,-6.580410379032228,-2.4548467007090164,TIME_LIMIT,206384,0,0,22,0
4,10,1.842802e6,-6.580410379032228,-2.4548467007090164,TIME_LIMIT,206407,0,0,33,0
4,10,1.843122e6,-6.580410379032228,-2.4548467007090164,TIME_LIMIT,206450,0,0,27,0
4,10,1.843417e6,-6.580410379032228,-2.4548467007090164,TIME_LIMIT,206481,0,0,28,0
4,10,1.843719e6,-6.580410379032228,-2.4548467007090164,TIME_LIMIT,206525,0,0,32,0
4,10,1.844029e6,-6.580410379032228,-2.4548467007090164,TIME_LIMIT,206550,0,0,36,0
4,10,1.84433e6,-6.580410379032228,-2.4548467007090164,TIME_LIMIT,206595,0,0,28,0
4,10,1.844664e6,-6.580410379032228,-2.4548467007090164,TIME_LIMIT,206612,0,0,17,0
4,10,1.844961e6,-6.580410379032228,-2.4548467007090164,TIME_LIMIT,206656,0,0,27,0
4,10,1.845266e6,-6.580410379032228,-2.4548467007090164,TIME_LIMIT,206678,0,0,30,0
4,10,1.845567e6,-6.580410379032228,-2.4548467007090164,TIME_LIMIT,206723,0,0,27,0
4,10,1.845878e6,-6.580410379032228,-2.4548467007090164,TIME_LIMIT,206757,0,0,25,0
4,10,1.846183e6,-6.580410379032228,-2.4548467007090164,TIME_LIMIT,206787,0,0,27,0
4,10,1.846481e6,-6.580410379032228,-2.4548467007090164,TIME_LIMIT,206816,0,0,8,0
4,10,1.846793e6,-6.580410379032228,-2.4548467007090164,TIME_LIMIT,206851,0,0,13,0
4,10,1.847134e6,-6.580410379032228,-2.4548467007090164,TIME_LIMIT,206877,0,0,28,0
4,10,1.847444e6,-6.580410379032228,-2.4548467007090164,TIME_LIMIT,206921,0,0,25,0
4,10,1.847744e6,-6.580410379032228,-2.4548467007090164,TIME_LIMIT,206948,0,0,31,0
4,10,1.848047e6,-6.580410379032228,-2.4548467007090164,TIME_LIMIT,206984,0,0,23,0
4,10,1.84835e6,-6.580410379032228,-2.4548467007090164,TIME_LIMIT,207019,0,0,29,0
4,10,1.848646e6,-6.580410379032228,-2.4548467007090164,TIME_LIMIT,207051,0,0,27,0
4,10,1.848954e6,-6.580410379032228,-2.4548467007090164,TIME_LIMIT,207079,0,0,34,0
4,10,1.849281e6,-6.580410379032228,-2.4548467007090164,TIME_LIMIT,207118,0,0,21,0
4,10,1.849579e6,-6.580410379032228,-2.4548467007090164,TIME_LIMIT,207144,0,0,33,0
4,10,1.849883e6,-6.580410379032228,-2.4548467007090164,TIME_LIMIT,207182,0,0,24,0
4,10,1.850184e6,-6.580410379032228,-2.4548467007090164,TIME_LIMIT,207204,0,0,27,0
4,10,1.850498e6,-6.580410379032228,-2.4548467007090164,TIME_LIMIT,207244,0,0,22,0
4,10,1.850809e6,-6.580410379032228,-2.4548467007090164,TIME_LIMIT,207266,0,0,27,0
4,10,1.851117e6,-6.580190459417218,-2.4548467007090164,TIME_LIMIT,207306,0,0,19,0
4,10,1.851456e6,-6.580190459417218,-2.4548467007090164,TIME_LIMIT,207328,0,0,23,0
4,10,1.851751e6,-6.580190459417218,-2.4548467007090164,TIME_LIMIT,207371,0,0,25,0
4,10,1.852057e6,-6.580190459417218,-2.4548467007090164,TIME_LIMIT,207394,0,0,27,0
4,10,1.852356e6,-6.580190459417218,-2.4548467007090164,TIME_LIMIT,207430,0,0,19,0
4,10,1.85266e6,-6.580190459417218,-2.4548467007090164,TIME_LIMIT,207454,0,0,22,0
4,10,1.852963e6,-6.580048912418995,-2.4548467007090164,TIME_LIMIT,207487,0,0,18,0
4,10,1.853259e6,-6.580048912418995,-2.4548467007090164,TIME_LIMIT,207518,0,0,29,0
4,10,1.853553e6,-6.580048912418995,-2.4548467007090164,TIME_LIMIT,207558,0,0,36,0
4,10,1.853897e6,-6.580048912418995,-2.4548467007090164,TIME_LIMIT,207588,0,0,35,0
4,10,1.854195e6,-6.580048912418995,-2.4548467007090164,TIME_LIMIT,207630,0,0,24,0
4,10,1.85451e6,-6.580048912418995,-2.4548467007090164,TIME_LIMIT,207663,0,0,35,0
4,10,1.854819e6,-6.580048912418995,-2.4548467007090164,TIME_LIMIT,207711,0,0,27,0
4,10,1.855125e6,-6.580048912418995,-2.4548467007090164,TIME_LIMIT,207736,0,0,31,0
4,10,1.855421e6,-6.580048912418995,-2.4548467007090164,TIME_LIMIT,207781,0,0,29,0
4,10,1.855725e6,-6.580048912418995,-2.4548467007090164,TIME_LIMIT,207808,0,0,34,0
4,10,1.856058e6,-6.580048912418995,-2.4548467007090164,TIME_LIMIT,207857,0,0,29,0
4,10,1.856356e6,-6.580048912418995,-2.4548467007090164,TIME_LIMIT,207883,0,0,35,0
4,10,1.856662e6,-6.580022800814525,-2.4548467007090164,TIME_LIMIT,207921,0,0,25,0
4,10,1.856968e6,-6.580022800814525,-2.4548467007090164,TIME_LIMIT,207947,0,0,36,0
4,10,1.857282e6,-6.5796611582204,-2.4548467007090164,TIME_LIMIT,208003,0,0,35,0
4,10,1.85758e6,-6.5796611582204,-2.4548467007090164,TIME_LIMIT,208024,0,0,27,0
4,10,1.857883e6,-6.5796316408843865,-2.4548467007090164,TIME_LIMIT,208062,0,0,20,0
4,10,1.85813e6,-6.5796316408843865,-2.4548467007090164,TIME_LIMIT,208092,0,0,42,0
4,10,1.858427e6,-6.579045230110541,-2.4548467007090164,TIME_LIMIT,208144,0,0,28,0
4,10,1.858763e6,-6.579045230110541,-2.4548467007090164,TIME_LIMIT,208164,0,0,19,0
4,10,1.859061e6,-6.579045230110541,-2.4548467007090164,TIME_LIMIT,208205,0,0,24,0
4,10,1.859375e6,-6.579045230110541,-2.4548467007090164,TIME_LIMIT,208239,0,0,26,0
4,10,1.859681e6,-6.5790082551725675,-2.4548467007090164,TIME_LIMIT,208273,0,0,26,0
4,10,1.859989e6,-6.5790082551725675,-2.4548467007090164,TIME_LIMIT,208295,0,0,38,0
4,10,1.86029e6,-6.5789534375533885,-2.4548467007090164,TIME_LIMIT,208339,0,0,12,0
4,10,1.860595e6,-6.5789534375533885,-2.4548467007090164,TIME_LIMIT,208363,0,0,27,0
4,10,1.860925e6,-6.578907829124088,-2.4548467007090164,TIME_LIMIT,208411,0,0,27,0
4,10,1.86123e6,-6.578907829124088,-2.4548467007090164,TIME_LIMIT,208435,0,0,25,0
4,10,1.861527e6,-6.578894109422972,-2.4548467007090164,TIME_LIMIT,208470,0,0,19,0
4,10,1.861842e6,-6.578894109422972,-2.4548467007090164,TIME_LIMIT,208493,0,0,30,0
4,10,1.862138e6,-6.578534625472197,-2.4548467007090164,TIME_LIMIT,208535,0,0,23,0
4,10,1.862439e6,-6.578534625472197,-2.4548467007090164,TIME_LIMIT,208566,0,0,26,0
4,10,1.862744e6,-6.578534625472197,-2.4548467007090164,TIME_LIMIT,208614,0,0,20,0
4,10,1.863052e6,-6.578534625472197,-2.4548467007090164,TIME_LIMIT,208646,0,0,21,0
4,10,1.863377e6,-6.578274468594988,-2.4548467007090164,TIME_LIMIT,208688,0,0,24,0
4,10,1.863679e6,-6.578274468594988,-2.4548467007090164,TIME_LIMIT,208716,0,0,32,0
4,10,1.863989e6,-6.578274468594988,-2.4548467007090164,TIME_LIMIT,208752,0,0,20,0
4,10,1.864295e6,-6.578274468594988,-2.4548467007090164,TIME_LIMIT,208778,0,0,26,0
4,10,1.864596e6,-6.578259619841241,-2.4548467007090164,TIME_LIMIT,208815,0,0,30,0
4,10,1.8649e6,-6.578259619841241,-2.4548467007090164,TIME_LIMIT,208847,0,0,33,0
4,10,1.865199e6,-6.578255521593892,-2.4548467007090164,TIME_LIMIT,208888,0,0,20,0
4,10,1.865531e6,-6.578255521593892,-2.4548467007090164,TIME_LIMIT,208917,0,0,20,0
4,10,1.865829e6,-6.578255521593892,-2.4548467007090164,TIME_LIMIT,208946,0,0,28,0
4,10,1.866133e6,-6.578255521593892,-2.4548467007090164,TIME_LIMIT,208971,0,0,34,0
4,10,1.866434e6,-6.578255521593892,-2.4548467007090164,TIME_LIMIT,209006,0,0,16,0
4,10,1.866752e6,-6.578255521593892,-2.4548467007090164,TIME_LIMIT,209039,0,0,32,0
4,10,1.867056e6,-6.578255521593892,-2.4548467007090164,TIME_LIMIT,209067,0,0,20,0
4,10,1.86736e6,-6.578255521593892,-2.4548467007090164,TIME_LIMIT,209088,0,0,35,0
4,10,1.867661e6,-6.57802383330513,-2.4548467007090164,TIME_LIMIT,209124,0,0,21,0
4,10,1.867996e6,-6.57802383330513,-2.4548467007090164,TIME_LIMIT,209149,0,0,26,0
4,10,1.868297e6,-6.57802383330513,-2.4548467007090164,TIME_LIMIT,209184,0,0,27,0
4,10,1.868598e6,-6.57802383330513,-2.4548467007090164,TIME_LIMIT,209214,0,0,30,0
4,10,1.868907e6,-6.57802383330513,-2.4548467007090164,TIME_LIMIT,209247,0,0,26,0
4,10,1.869213e6,-6.57802383330513,-2.4548467007090164,TIME_LIMIT,209265,0,0,27,0
4,10,1.869509e6,-6.577982835545888,-2.4548467007090164,TIME_LIMIT,209297,0,0,12,0
4,10,1.869816e6,-6.577982835545888,-2.4548467007090164,TIME_LIMIT,209321,0,0,24,0
4,10,1.870154e6,-6.577922515422262,-2.4548467007090164,TIME_LIMIT,209370,0,0,17,0
4,10,1.870458e6,-6.577922515422262,-2.4548467007090164,TIME_LIMIT,209394,0,0,31,0
4,10,1.870792e6,-6.577919336128276,-2.4548467007090164,TIME_LIMIT,209452,0,0,30,0
4,10,1.871093e6,-6.577919336128276,-2.4548467007090164,TIME_LIMIT,209485,0,0,30,0
4,10,1.871401e6,-6.577843578113727,-2.4548467007090164,TIME_LIMIT,209532,0,0,27,0
4,10,1.871717e6,-6.577843578113727,-2.4548467007090164,TIME_LIMIT,209559,0,0,30,0
4,10,1.872008e6,-6.577770074342537,-2.4548467007090164,TIME_LIMIT,209606,0,0,25,0
4,10,1.872343e6,-6.577770074342537,-2.4548467007090164,TIME_LIMIT,209626,0,0,25,0
4,10,1.872642e6,-6.57775810079229,-2.4548467007090164,TIME_LIMIT,209659,0,0,23,0
4,10,1.87295e6,-6.57775810079229,-2.4548467007090164,TIME_LIMIT,209693,0,0,21,0
4,10,1.873246e6,-6.577732070899441,-2.4548467007090164,TIME_LIMIT,209738,0,0,27,0
4,10,1.873544e6,-6.577732070899441,-2.4548467007090164,TIME_LIMIT,209773,0,0,37,0
4,10,1.873855e6,-6.577617796431645,-2.4548467007090164,TIME_LIMIT,209816,0,0,27,0
4,10,1.874158e6,-6.577617796431645,-2.4548467007090164,TIME_LIMIT,209845,0,0,28,0
4,10,1.874486e6,-6.577617796431645,-2.4548467007090164,TIME_LIMIT,209887,0,0,24,0
4,10,1.874823e6,-6.577617796431645,-2.4548467007090164,TIME_LIMIT,209919,0,0,31,0
4,10,1.875122e6,-6.577617796431645,-2.4548467007090164,TIME_LIMIT,209958,0,0,21,0
4,10,1.875424e6,-6.577617796431645,-2.4548467007090164,TIME_LIMIT,209989,0,0,28,0
4,10,1.875723e6,-6.577617796431645,-2.4548467007090164,TIME_LIMIT,210032,0,0,27,0
4,10,1.876034e6,-6.577617796431645,-2.4548467007090164,TIME_LIMIT,210057,0,0,35,0
4,10,1.876343e6,-6.577617796431645,-2.4548467007090164,TIME_LIMIT,210095,0,0,25,0
4,10,1.876646e6,-6.577617796431645,-2.4548467007090164,TIME_LIMIT,210122,0,0,29,0
4,10,1.876969e6,-6.577617796431645,-2.4548467007090164,TIME_LIMIT,210164,0,0,26,0
4,10,1.877276e6,-6.577617796431645,-2.4548467007090164,TIME_LIMIT,210185,0,0,33,0
4,10,1.877572e6,-6.577617796431645,-2.4548467007090164,TIME_LIMIT,210223,0,0,22,0
4,10,1.877871e6,-6.577617796431645,-2.4548467007090164,TIME_LIMIT,210246,0,0,28,0
4,10,1.878196e6,-6.577617796431645,-2.4548467007090164,TIME_LIMIT,210291,0,0,25,0
4,10,1.878519e6,-6.577617796431645,-2.4548467007090164,TIME_LIMIT,210319,0,0,30,0
4,10,1.878836e6,-6.577617796431645,-2.4548467007090164,TIME_LIMIT,210356,0,0,24,0
4,10,1.879127e6,-6.577617796431645,-2.4548467007090164,TIME_LIMIT,210379,0,0,23,0
4,10,1.879464e6,-6.577617796431645,-2.4548467007090164,TIME_LIMIT,210419,0,0,22,0
4,10,1.879761e6,-6.577617796431645,-2.4548467007090164,TIME_LIMIT,210450,0,0,32,0
4,10,1.880063e6,-6.577617796431645,-2.4548467007090164,TIME_LIMIT,210491,0,0,23,0
4,10,1.880358e6,-6.577617796431645,-2.4548467007090164,TIME_LIMIT,210515,0,0,25,0
4,10,1.880656e6,-6.577617796431645,-2.4548467007090164,TIME_LIMIT,210551,0,0,19,0
4,10,1.880962e6,-6.577617796431645,-2.4548467007090164,TIME_LIMIT,210569,0,0,27,0
4,10,1.881269e6,-6.577574795151876,-2.4548467007090164,TIME_LIMIT,210608,0,0,13,0
4,10,1.881607e6,-6.577574795151876,-2.4548467007090164,TIME_LIMIT,210629,0,0,31,0
4,10,1.881918e6,-6.57752999884622,-2.4548467007090164,TIME_LIMIT,210675,0,0,25,0
4,10,1.882239e6,-6.57752999884622,-2.4548467007090164,TIME_LIMIT,210706,0,0,30,0
4,10,1.882544e6,-6.577414381166179,-2.4548467007090164,TIME_LIMIT,210744,0,0,14,0
4,10,1.882843e6,-6.577414381166179,-2.4548467007090164,TIME_LIMIT,210771,0,0,26,0
4,10,1.883155e6,-6.577254402414303,-2.4548467007090164,TIME_LIMIT,210820,0,0,31,0
4,10,1.883459e6,-6.577254402414303,-2.4548467007090164,TIME_LIMIT,210855,0,0,30,0
4,10,1.88376e6,-6.577254402414303,-2.4548467007090164,TIME_LIMIT,210892,0,0,26,0
4,10,1.884097e6,-6.577254402414303,-2.4548467007090164,TIME_LIMIT,210923,0,0,13,0
4,10,1.884396e6,-6.577254402414303,-2.4548467007090164,TIME_LIMIT,210967,0,0,18,0
4,10,1.8847e6,-6.577254402414303,-2.4548467007090164,TIME_LIMIT,211005,0,0,25,0
4,10,1.884999e6,-6.577254402414303,-2.4548467007090164,TIME_LIMIT,211029,0,0,30,0
4,10,1.885298e6,-6.577254402414303,-2.4548467007090164,TIME_LIMIT,211054,0,0,34,0
4,10,1.885605e6,-6.577254402414303,-2.4548467007090164,TIME_LIMIT,211096,0,0,21,0
4,10,1.885913e6,-6.577254402414303,-2.4548467007090164,TIME_LIMIT,211125,0,0,32,0
4,10,1.886255e6,-6.57660672029167,-2.4548467007090164,TIME_LIMIT,211165,0,0,25,0
4,10,1.886563e6,-6.57660672029167,-2.4548467007090164,TIME_LIMIT,211191,0,0,32,0
4,10,1.88686e6,-6.57660672029167,-2.4548467007090164,TIME_LIMIT,211230,0,0,25,0
4,10,1.887168e6,-6.57660672029167,-2.4548467007090164,TIME_LIMIT,211253,0,0,31,0
4,10,1.887465e6,-6.57660672029167,-2.4548467007090164,TIME_LIMIT,211295,0,0,25,0
4,10,1.887773e6,-6.57660672029167,-2.4548467007090164,TIME_LIMIT,211316,0,0,13,0
4,10,1.888076e6,-6.57660672029167,-2.4548467007090164,TIME_LIMIT,211359,0,0,27,0
4,10,1.888391e6,-6.57660672029167,-2.4548467007090164,TIME_LIMIT,211395,0,0,28,0
4,10,1.888729e6,-6.57660672029167,-2.4548467007090164,TIME_LIMIT,211433,0,0,35,0
4,10,1.889031e6,-6.57660672029167,-2.4548467007090164,TIME_LIMIT,211459,0,0,29,0
4,10,1.889332e6,-6.57660672029167,-2.4548467007090164,TIME_LIMIT,211497,0,0,25,0
4,10,1.889631e6,-6.57660672029167,-2.4548467007090164,TIME_LIMIT,211525,0,0,31,0
4,10,1.88993e6,-6.57660672029167,-2.4548467007090164,TIME_LIMIT,211562,0,0,12,0
4,10,1.890233e6,-6.57660672029167,-2.4548467007090164,TIME_LIMIT,211584,0,0,25,0
4,10,1.890538e6,-6.57660672029167,-2.4548467007090164,TIME_LIMIT,211624,0,0,23,0
4,10,1.890881e6,-6.57660672029167,-2.4548467007090164,TIME_LIMIT,211659,0,0,34,0
4,10,1.891176e6,-6.57660672029167,-2.4548467007090164,TIME_LIMIT,211690,0,0,25,0
4,10,1.891487e6,-6.57660672029167,-2.4548467007090164,TIME_LIMIT,211715,0,0,29,0
4,10,1.891789e6,-6.57660672029167,-2.4548467007090164,TIME_LIMIT,211750,0,0,23,0
4,10,1.89209e6,-6.57660672029167,-2.4548467007090164,TIME_LIMIT,211779,0,0,33,0
4,10,1.892393e6,-6.57660672029167,-2.4548467007090164,TIME_LIMIT,211817,0,0,22,0
4,10,1.892689e6,-6.57660672029167,-2.4548467007090164,TIME_LIMIT,211841,0,0,23,0
4,10,1.892994e6,-6.576541417345538,-2.4548467007090164,TIME_LIMIT,211873,0,0,22,0
4,10,1.893336e6,-6.576541417345538,-2.4548467007090164,TIME_LIMIT,211899,0,0,32,0
4,10,1.893644e6,-6.576258832627391,-2.4548467007090164,TIME_LIMIT,211945,0,0,23,0
4,10,1.893941e6,-6.576258832627391,-2.4548467007090164,TIME_LIMIT,211973,0,0,31,0
4,10,1.89425e6,-6.576181912419295,-2.4548467007090164,TIME_LIMIT,212018,0,0,24,0
4,10,1.894546e6,-6.576181912419295,-2.4548467007090164,TIME_LIMIT,212038,0,0,25,0
4,10,1.894841e6,-6.576169493518597,-2.4548467007090164,TIME_LIMIT,212070,0,0,25,0
4,10,1.895149e6,-6.576169493518597,-2.4548467007090164,TIME_LIMIT,212091,0,0,33,0
4,10,1.895491e6,-6.576115499973352,-2.4548467007090164,TIME_LIMIT,212128,0,0,21,0
4,10,1.895795e6,-6.576115499973352,-2.4548467007090164,TIME_LIMIT,212155,0,0,24,0
4,10,1.896095e6,-6.576097439060906,-2.4548467007090164,TIME_LIMIT,212190,0,0,22,0
4,10,1.896394e6,-6.576097439060906,-2.4548467007090164,TIME_LIMIT,212210,0,0,27,0
4,10,1.896692e6,-6.576097439060906,-2.4548467007090164,TIME_LIMIT,212245,0,0,27,0
4,10,1.897001e6,-6.576097439060906,-2.4548467007090164,TIME_LIMIT,212269,0,0,11,0
4,10,1.897298e6,-6.576097439060906,-2.4548467007090164,TIME_LIMIT,212304,0,0,27,0
4,10,1.897604e6,-6.576097439060906,-2.4548467007090164,TIME_LIMIT,212324,0,0,32,0
4,10,1.897943e6,-6.575830217763688,-2.4548467007090164,TIME_LIMIT,212363,0,0,11,0
4,10,1.898259e6,-6.575830217763688,-2.4548467007090164,TIME_LIMIT,212390,0,0,29,0
4,10,1.898568e6,-6.575766041588219,-2.4548467007090164,TIME_LIMIT,212431,0,0,21,0
4,10,1.898863e6,-6.575766041588219,-2.4548467007090164,TIME_LIMIT,212462,0,0,15,0
4,10,1.899159e6,-6.57554783519174,-2.4548467007090164,TIME_LIMIT,212506,0,0,20,0
4,10,1.899468e6,-6.57554783519174,-2.4548467007090164,TIME_LIMIT,212530,0,0,30,0
4,10,1.89977e6,-6.57554783519174,-2.4548467007090164,TIME_LIMIT,212568,0,0,18,0
4,10,1.900076e6,-6.57554783519174,-2.4548467007090164,TIME_LIMIT,212597,0,0,27,0
4,10,1.900404e6,-6.57534405372585,-2.4548467007090164,TIME_LIMIT,212637,0,0,21,0
4,10,1.900711e6,-6.57534405372585,-2.4548467007090164,TIME_LIMIT,212661,0,0,18,0
4,10,1.901008e6,-6.57534405372585,-2.4548467007090164,TIME_LIMIT,212693,0,0,17,0
4,10,1.901317e6,-6.57534405372585,-2.4548467007090164,TIME_LIMIT,212715,0,0,21,0
4,10,1.901617e6,-6.575307774690955,-2.4548467007090164,TIME_LIMIT,212746,0,0,24,0
4,10,1.901933e6,-6.575307774690955,-2.4548467007090164,TIME_LIMIT,212772,0,0,31,0
4,10,1.902238e6,-6.575195115760442,-2.4548467007090164,TIME_LIMIT,212823,0,0,27,0
4,10,1.902582e6,-6.575195115760442,-2.4548467007090164,TIME_LIMIT,212842,0,0,30,0
4,10,1.902871e6,-6.575195115760442,-2.4548467007090164,TIME_LIMIT,212872,0,0,21,0
4,10,1.903169e6,-6.575195115760442,-2.4548467007090164,TIME_LIMIT,212898,0,0,23,0
4,10,1.90347e6,-6.5751184294745695,-2.4548467007090164,TIME_LIMIT,212929,0,0,22,0
4,10,1.903767e6,-6.5751184294745695,-2.4548467007090164,TIME_LIMIT,212953,0,0,30,0
4,10,1.904061e6,-6.5749738369005994,-2.4548467007090164,TIME_LIMIT,212992,0,0,20,0
4,10,1.904365e6,-6.5749738369005994,-2.4548467007090164,TIME_LIMIT,213015,0,0,35,0
4,10,1.904673e6,-6.5749738369005994,-2.4548467007090164,TIME_LIMIT,213060,0,0,28,0
4,10,1.905e6,-6.5749738369005994,-2.4548467007090164,TIME_LIMIT,213081,0,0,32,0
4,10,1.905306e6,-6.5749738369005994,-2.4548467007090164,TIME_LIMIT,213127,0,0,27,0
4,10,1.905614e6,-6.5749738369005994,-2.4548467007090164,TIME_LIMIT,213148,0,0,28,0
4,10,1.905922e6,-6.5749738369005994,-2.4548467007090164,TIME_LIMIT,213190,0,0,24,0
4,10,1.906225e6,-6.5749738369005994,-2.4548467007090164,TIME_LIMIT,213215,0,0,31,0
4,10,1.906515e6,-6.5749738369005994,-2.4548467007090164,TIME_LIMIT,213257,0,0,26,0
4,10,1.906814e6,-6.5749738369005994,-2.4548467007090164,TIME_LIMIT,213283,0,0,28,0
4,10,1.907143e6,-6.5749738369005994,-2.4548467007090164,TIME_LIMIT,213329,0,0,27,0
4,10,1.907442e6,-6.5749738369005994,-2.4548467007090164,TIME_LIMIT,213359,0,0,24,0
4,10,1.907744e6,-6.5749738369005994,-2.4548467007090164,TIME_LIMIT,213397,0,0,29,0
4,10,1.908036e6,-6.5749738369005994,-2.4548467007090164,TIME_LIMIT,213420,0,0,31,0
4,10,1.908341e6,-6.574813738113763,-2.4548467007090164,TIME_LIMIT,213460,0,0,25,0
4,10,1.908637e6,-6.574813738113763,-2.4548467007090164,TIME_LIMIT,213495,0,0,28,0
4,10,1.908942e6,-6.57427740014273,-2.4548467007090164,TIME_LIMIT,213532,0,0,28,0
4,10,1.909247e6,-6.57427740014273,-2.4548467007090164,TIME_LIMIT,213557,0,0,26,0
4,10,1.909592e6,-6.574146072229842,-2.4548467007090164,TIME_LIMIT,213602,0,0,22,0
4,10,1.909883e6,-6.574146072229842,-2.4548467007090164,TIME_LIMIT,213635,0,0,29,0
4,10,1.910186e6,-6.574086118222433,-2.4548467007090164,TIME_LIMIT,213668,0,0,13,0
4,10,1.910482e6,-6.574086118222433,-2.4548467007090164,TIME_LIMIT,213690,0,0,37,0
4,10,1.910776e6,-6.5738932978807165,-2.4548467007090164,TIME_LIMIT,213743,0,0,16,0
4,10,1.911078e6,-6.5738932978807165,-2.4548467007090164,TIME_LIMIT,213772,0,0,28,0
4,10,1.911371e6,-6.5738932978807165,-2.4548467007090164,TIME_LIMIT,213804,0,0,30,0
4,10,1.911712e6,-6.5738932978807165,-2.4548467007090164,TIME_LIMIT,213822,0,0,33,0
4,10,1.912011e6,-6.5738932978807165,-2.4548467007090164,TIME_LIMIT,213860,0,0,27,0
4,10,1.912319e6,-6.5738932978807165,-2.4548467007090164,TIME_LIMIT,213879,0,0,34,0
4,10,1.912616e6,-6.573436389996644,-2.4548467007090164,TIME_LIMIT,213913,0,0,25,0
4,10,1.912923e6,-6.573436389996644,-2.4548467007090164,TIME_LIMIT,213935,0,0,11,0
4,10,1.913229e6,-6.573195584039119,-2.4548467007090164,TIME_LIMIT,213974,0,0,24,0
4,10,1.913533e6,-6.573195584039119,-2.4548467007090164,TIME_LIMIT,213997,0,0,26,0
4,10,1.913826e6,-6.573164894803828,-2.4548467007090164,TIME_LIMIT,214038,0,0,26,0
4,10,1.91416e6,-6.573164894803828,-2.4548467007090164,TIME_LIMIT,214060,0,0,24,0
4,10,1.914464e6,-6.573164894803828,-2.4548467007090164,TIME_LIMIT,214099,0,0,19,0
4,10,1.914757e6,-6.573164894803828,-2.4548467007090164,TIME_LIMIT,214128,0,0,20,0
4,10,1.915053e6,-6.572908586590977,-2.4548467007090164,TIME_LIMIT,214165,0,0,21,0
4,10,1.91536e6,-6.572908586590977,-2.4548467007090164,TIME_LIMIT,214190,0,0,32,0
4,10,1.915656e6,-6.572875667139915,-2.4548467007090164,TIME_LIMIT,214237,0,0,23,0
4,10,1.915994e6,-6.572875667139915,-2.4548467007090164,TIME_LIMIT,214257,0,0,28,0
4,10,1.916297e6,-6.572827315564613,-2.4548467007090164,TIME_LIMIT,214290,0,0,24,0
4,10,1.916639e6,-6.572827315564613,-2.4548467007090164,TIME_LIMIT,214309,0,0,31,0
4,10,1.91696e6,-6.572827315564613,-2.4548467007090164,TIME_LIMIT,214346,0,0,22,0
4,10,1.91727e6,-6.572827315564613,-2.4548467007090164,TIME_LIMIT,214367,0,0,35,0
4,10,1.917563e6,-6.572827315564613,-2.4548467007090164,TIME_LIMIT,214399,0,0,24,0
4,10,1.917861e6,-6.572827315564613,-2.4548467007090164,TIME_LIMIT,214425,0,0,30,0
4,10,1.918167e6,-6.572827315564613,-2.4548467007090164,TIME_LIMIT,214459,0,0,25,0
4,10,1.918463e6,-6.572827315564613,-2.4548467007090164,TIME_LIMIT,214478,0,0,40,0
4,10,1.918799e6,-6.572827315564613,-2.4548467007090164,TIME_LIMIT,214519,0,0,28,0
4,10,1.919106e6,-6.572827315564613,-2.4548467007090164,TIME_LIMIT,214540,0,0,33,0
4,10,1.919401e6,-6.572827315564613,-2.4548467007090164,TIME_LIMIT,214574,0,0,23,0
4,10,1.919726e6,-6.572827315564613,-2.4548467007090164,TIME_LIMIT,214596,0,0,35,0
4,10,1.920028e6,-6.572827315564613,-2.4548467007090164,TIME_LIMIT,214633,0,0,15,0
4,10,1.920338e6,-6.572827315564613,-2.4548467007090164,TIME_LIMIT,214651,0,0,29,0
4,10,1.920647e6,-6.572827315564613,-2.4548467007090164,TIME_LIMIT,214685,0,0,24,0
4,10,1.920956e6,-6.572827315564613,-2.4548467007090164,TIME_LIMIT,214708,0,0,41,0
4,10,1.921286e6,-6.572827315564613,-2.4548467007090164,TIME_LIMIT,214742,0,0,26,0
4,10,1.921588e6,-6.572827315564613,-2.4548467007090164,TIME_LIMIT,214770,0,0,29,0
4,10,1.921889e6,-6.572827315564613,-2.4548467007090164,TIME_LIMIT,214799,0,0,31,0
4,10,1.922193e6,-6.572827315564613,-2.4548467007090164,TIME_LIMIT,214814,0,0,36,0
4,10,1.922491e6,-6.572640753360686,-2.4548467007090164,TIME_LIMIT,214845,0,0,24,0
4,10,1.922795e6,-6.572640753360686,-2.4548467007090164,TIME_LIMIT,214874,0,0,33,0
4,10,1.923092e6,-6.572640753360686,-2.4548467007090164,TIME_LIMIT,214912,0,0,29,0
4,10,1.923439e6,-6.572640753360686,-2.4548467007090164,TIME_LIMIT,214936,0,0,37,0
4,10,1.923771e6,-6.572640753360686,-2.4548467007090164,TIME_LIMIT,214979,0,0,27,0
4,10,1.924081e6,-6.572640753360686,-2.4548467007090164,TIME_LIMIT,215003,0,0,31,0
4,10,1.92439e6,-6.572640753360686,-2.4548467007090164,TIME_LIMIT,215044,0,0,14,0
4,10,1.924698e6,-6.572640753360686,-2.4548467007090164,TIME_LIMIT,215077,0,0,28,0
4,10,1.924993e6,-6.572640753360686,-2.4548467007090164,TIME_LIMIT,215113,0,0,28,0
4,10,1.9253e6,-6.572640753360686,-2.4548467007090164,TIME_LIMIT,215142,0,0,35,0
4,10,1.925593e6,-6.572640753360686,-2.4548467007090164,TIME_LIMIT,215183,0,0,22,0
4,10,1.925919e6,-6.572640753360686,-2.4548467007090164,TIME_LIMIT,215203,0,0,29,0
4,10,1.926215e6,-6.572640753360686,-2.4548467007090164,TIME_LIMIT,215242,0,0,21,0
4,10,1.926518e6,-6.572640753360686,-2.4548467007090164,TIME_LIMIT,215263,0,0,21,0
4,10,1.926814e6,-6.572640753360686,-2.4548467007090164,TIME_LIMIT,215302,0,0,27,0
4,10,1.927128e6,-6.572640753360686,-2.4548467007090164,TIME_LIMIT,215320,0,0,30,0
4,10,1.927441e6,-6.572640753360686,-2.4548467007090164,TIME_LIMIT,215361,0,0,26,0
4,10,1.927752e6,-6.572640753360686,-2.4548467007090164,TIME_LIMIT,215381,0,0,28,0
4,10,1.928053e6,-6.572640753360686,-2.4548467007090164,TIME_LIMIT,215415,0,0,18,0
4,10,1.9284e6,-6.572640753360686,-2.4548467007090164,TIME_LIMIT,215437,0,0,28,0
4,10,1.928697e6,-6.572640753360686,-2.4548467007090164,TIME_LIMIT,215472,0,0,25,0
4,10,1.929004e6,-6.572640753360686,-2.4548467007090164,TIME_LIMIT,215494,0,0,29,0
4,10,1.929301e6,-6.572640753360686,-2.4548467007090164,TIME_LIMIT,215529,0,0,24,0
4,10,1.929607e6,-6.572640753360686,-2.4548467007090164,TIME_LIMIT,215550,0,0,25,0
4,10,1.929904e6,-6.57259503317889,-2.4548467007090164,TIME_LIMIT,215591,0,0,24,0
4,10,1.930211e6,-6.57259503317889,-2.4548467007090164,TIME_LIMIT,215617,0,0,31,0
4,10,1.930506e6,-6.57259503317889,-2.4548467007090164,TIME_LIMIT,215658,0,0,24,0
4,10,1.930845e6,-6.57259503317889,-2.4548467007090164,TIME_LIMIT,215679,0,0,25,0
4,10,1.931149e6,-6.57259503317889,-2.4548467007090164,TIME_LIMIT,215718,0,0,21,0
4,10,1.93145e6,-6.57259503317889,-2.4548467007090164,TIME_LIMIT,215740,0,0,28,0
4,10,1.931752e6,-6.572511782827396,-2.4548467007090164,TIME_LIMIT,215777,0,0,26,0
4,10,1.932064e6,-6.572511782827396,-2.4548467007090164,TIME_LIMIT,215804,0,0,31,0
4,10,1.932371e6,-6.5724295247630975,-2.4548467007090164,TIME_LIMIT,215853,0,0,28,0
4,10,1.932669e6,-6.5724295247630975,-2.4548467007090164,TIME_LIMIT,215885,0,0,41,0
4,10,1.933005e6,-6.5724295247630975,-2.4548467007090164,TIME_LIMIT,215929,0,0,27,0
4,10,1.933305e6,-6.5724295247630975,-2.4548467007090164,TIME_LIMIT,215957,0,0,30,0
4,10,1.933612e6,-6.5724295247630975,-2.4548467007090164,TIME_LIMIT,216002,0,0,21,0
4,10,1.93391e6,-6.5724295247630975,-2.4548467007090164,TIME_LIMIT,216032,0,0,13,0
4,10,1.934207e6,-6.572392915062222,-2.4548467007090164,TIME_LIMIT,216066,0,0,21,0
4,10,1.934516e6,-6.572392915062222,-2.4548467007090164,TIME_LIMIT,216102,0,0,35,0
4,10,1.934814e6,-6.572392915062222,-2.4548467007090164,TIME_LIMIT,216142,0,0,28,0
4,10,1.935128e6,-6.572392915062222,-2.4548467007090164,TIME_LIMIT,216177,0,0,31,0
4,10,1.935463e6,-6.572392915062222,-2.4548467007090164,TIME_LIMIT,216222,0,0,26,0
4,10,1.935784e6,-6.572392915062222,-2.4548467007090164,TIME_LIMIT,216246,0,0,37,0
4,10,1.936082e6,-6.572392915062222,-2.4548467007090164,TIME_LIMIT,216297,0,0,23,0
4,10,1.936392e6,-6.572392915062222,-2.4548467007090164,TIME_LIMIT,216321,0,0,38,0
4,10,1.936691e6,-6.572392915062222,-2.4548467007090164,TIME_LIMIT,216374,0,0,28,0
4,10,1.937001e6,-6.572392915062222,-2.4548467007090164,TIME_LIMIT,216405,0,0,33,0
4,10,1.937298e6,-6.572392915062222,-2.4548467007090164,TIME_LIMIT,216459,0,0,30,0
4,10,1.937605e6,-6.572392915062222,-2.4548467007090164,TIME_LIMIT,216492,0,0,18,0
4,10,1.937928e6,-6.572392915062222,-2.4548467007090164,TIME_LIMIT,216537,0,0,29,0
4,10,1.93823e6,-6.572392915062222,-2.4548467007090164,TIME_LIMIT,216569,0,0,32,0
4,10,1.938534e6,-6.572392915062222,-2.4548467007090164,TIME_LIMIT,216622,0,0,31,0
4,10,1.93884e6,-6.572392915062222,-2.4548467007090164,TIME_LIMIT,216650,0,0,31,0
4,10,1.939143e6,-6.572392915062222,-2.4548467007090164,TIME_LIMIT,216701,0,0,27,0
4,10,1.939465e6,-6.572392915062222,-2.4548467007090164,TIME_LIMIT,216731,0,0,28,0
4,10,1.939763e6,-6.572392915062222,-2.4548467007090164,TIME_LIMIT,216772,0,0,29,0
4,10,1.94007e6,-6.572392915062222,-2.4548467007090164,TIME_LIMIT,216797,0,0,38,0
4,10,1.940401e6,-6.572392915062222,-2.4548467007090164,TIME_LIMIT,216845,0,0,25,0
4,10,1.940708e6,-6.572392915062222,-2.4548467007090164,TIME_LIMIT,216876,0,0,37,0
4,10,1.941007e6,-6.572392915062222,-2.4548467007090164,TIME_LIMIT,216922,0,0,30,0
4,10,1.941315e6,-6.572392915062222,-2.4548467007090164,TIME_LIMIT,216960,0,0,25,0
4,10,1.941617e6,-6.572392915062222,-2.4548467007090164,TIME_LIMIT,217002,0,0,27,0
4,10,1.941924e6,-6.572392915062222,-2.4548467007090164,TIME_LIMIT,217029,0,0,42,0
4,10,1.942224e6,-6.572392915062222,-2.4548467007090164,TIME_LIMIT,217075,0,0,8,0
4,10,1.942536e6,-6.572392915062222,-2.4548467007090164,TIME_LIMIT,217106,0,0,31,0
4,10,1.942882e6,-6.572392915062222,-2.4548467007090164,TIME_LIMIT,217157,0,0,25,0
4,10,1.943193e6,-6.572392915062222,-2.4548467007090164,TIME_LIMIT,217184,0,0,36,0
4,10,1.943493e6,-6.572392915062222,-2.4548467007090164,TIME_LIMIT,217228,0,0,23,0
4,10,1.9438e6,-6.572392915062222,-2.4548467007090164,TIME_LIMIT,217247,0,0,26,0
4,10,1.944099e6,-6.572392915062222,-2.4548467007090164,TIME_LIMIT,217293,0,0,24,0
4,10,1.944409e6,-6.572392915062222,-2.4548467007090164,TIME_LIMIT,217322,0,0,32,0
4,10,1.944714e6,-6.572392915062222,-2.4548467007090164,TIME_LIMIT,217375,0,0,27,0
4,10,1.94504e6,-6.572392915062222,-2.4548467007090164,TIME_LIMIT,217405,0,0,44,0
4,10,1.945343e6,-6.572392915062222,-2.4548467007090164,TIME_LIMIT,217457,0,0,24,0
4,10,1.945646e6,-6.572392915062222,-2.4548467007090164,TIME_LIMIT,217495,0,0,26,0
4,10,1.945949e6,-6.572392915062222,-2.4548467007090164,TIME_LIMIT,217525,0,0,22,0
4,10,1.946252e6,-6.572392915062222,-2.4548467007090164,TIME_LIMIT,217550,0,0,37,0
4,10,1.946569e6,-6.572392915062222,-2.4548467007090164,TIME_LIMIT,217599,0,0,29,0
4,10,1.946876e6,-6.572392915062222,-2.4548467007090164,TIME_LIMIT,217630,0,0,31,0
4,10,1.947182e6,-6.572392915062222,-2.4548467007090164,TIME_LIMIT,217683,0,0,26,0
4,10,1.947529e6,-6.572392915062222,-2.4548467007090164,TIME_LIMIT,217715,0,0,18,0
4,10,1.947828e6,-6.572392915062222,-2.4548467007090164,TIME_LIMIT,217760,0,0,29,0
4,10,1.948125e6,-6.572392915062222,-2.4548467007090164,TIME_LIMIT,217793,0,0,31,0
4,10,1.948422e6,-6.572392915062222,-2.4548467007090164,TIME_LIMIT,217840,0,0,22,0
4,10,1.948734e6,-6.572392915062222,-2.4548467007090164,TIME_LIMIT,217864,0,0,24,0
4,10,1.949029e6,-6.572392915062222,-2.4548467007090164,TIME_LIMIT,217909,0,0,18,0
4,10,1.94934e6,-6.572392915062222,-2.4548467007090164,TIME_LIMIT,217944,0,0,29,0
4,10,1.949638e6,-6.572392915062222,-2.4548467007090164,TIME_LIMIT,217990,0,0,27,0
4,10,1.949982e6,-6.572392915062222,-2.4548467007090164,TIME_LIMIT,218030,0,0,28,0
4,10,1.950284e6,-6.572392915062222,-2.4548467007090164,TIME_LIMIT,218068,0,0,19,0
4,10,1.950606e6,-6.572392915062222,-2.4548467007090164,TIME_LIMIT,218096,0,0,33,0
4,10,1.95091e6,-6.572392915062222,-2.4548467007090164,TIME_LIMIT,218139,0,0,25,0
4,10,1.951221e6,-6.572392915062222,-2.4548467007090164,TIME_LIMIT,218178,0,0,28,0
4,10,1.951519e6,-6.572392915062222,-2.4548467007090164,TIME_LIMIT,218210,0,0,26,0
4,10,1.951825e6,-6.572392915062222,-2.4548467007090164,TIME_LIMIT,218238,0,0,36,0
4,10,1.952127e6,-6.572392915062222,-2.4548467007090164,TIME_LIMIT,218287,0,0,25,0
4,10,1.952462e6,-6.572392915062222,-2.4548467007090164,TIME_LIMIT,218319,0,0,32,0
4,10,1.952785e6,-6.572392915062222,-2.4548467007090164,TIME_LIMIT,218372,0,0,28,0
4,10,1.953091e6,-6.572392915062222,-2.4548467007090164,TIME_LIMIT,218408,0,0,29,0
4,10,1.953402e6,-6.572392915062222,-2.4548467007090164,TIME_LIMIT,218442,0,0,37,0
4,10,1.953705e6,-6.572392915062222,-2.4548467007090164,TIME_LIMIT,218484,0,0,30,0
4,10,1.954018e6,-6.572392915062222,-2.4548467007090164,TIME_LIMIT,218522,0,0,30,0
4,10,1.954328e6,-6.572392915062222,-2.4548467007090164,TIME_LIMIT,218550,0,0,27,0
4,10,1.954638e6,-6.572392915062222,-2.4548467007090164,TIME_LIMIT,218596,0,0,25,0
4,10,1.954963e6,-6.572392915062222,-2.4548467007090164,TIME_LIMIT,218630,0,0,28,0
4,10,1.955261e6,-6.572392915062222,-2.4548467007090164,TIME_LIMIT,218670,0,0,23,0
4,10,1.955568e6,-6.572392915062222,-2.4548467007090164,TIME_LIMIT,218702,0,0,38,0
4,10,1.955868e6,-6.572392915062222,-2.4548467007090164,TIME_LIMIT,218745,0,0,18,0
4,10,1.956179e6,-6.572392915062222,-2.4548467007090164,TIME_LIMIT,218774,0,0,36,0
4,10,1.956477e6,-6.572392915062222,-2.4548467007090164,TIME_LIMIT,218816,0,0,23,0
4,10,1.956784e6,-6.572392915062222,-2.4548467007090164,TIME_LIMIT,218845,0,0,33,0
4,10,1.957092e6,-6.572392915062222,-2.4548467007090164,TIME_LIMIT,218891,0,0,25,0
4,10,1.957458e6,-6.572392915062222,-2.4548467007090164,TIME_LIMIT,218913,0,0,26,0
4,10,1.957758e6,-6.572392915062222,-2.4548467007090164,TIME_LIMIT,218960,0,0,29,0
4,10,1.958083e6,-6.572392915062222,-2.4548467007090164,TIME_LIMIT,218984,0,0,33,0
4,10,1.95838e6,-6.572392915062222,-2.4548467007090164,TIME_LIMIT,219028,0,0,25,0
4,10,1.958694e6,-6.572392915062222,-2.4548467007090164,TIME_LIMIT,219054,0,0,31,0
4,10,1.95899e6,-6.572392915062222,-2.4548467007090164,TIME_LIMIT,219102,0,0,29,0
4,10,1.9593e6,-6.572392915062222,-2.4548467007090164,TIME_LIMIT,219137,0,0,30,0
4,10,1.959602e6,-6.572392915062222,-2.4548467007090164,TIME_LIMIT,219177,0,0,23,0
4,10,1.959934e6,-6.572392915062222,-2.4548467007090164,TIME_LIMIT,219204,0,0,26,0
4,10,1.96023e6,-6.572392915062222,-2.4548467007090164,TIME_LIMIT,219252,0,0,20,0
4,10,1.960537e6,-6.572392915062222,-2.4548467007090164,TIME_LIMIT,219282,0,0,36,0
4,10,1.960855e6,-6.572392915062222,-2.4548467007090164,TIME_LIMIT,219329,0,0,26,0
4,10,1.961177e6,-6.572392915062222,-2.4548467007090164,TIME_LIMIT,219350,0,0,26,0
4,10,1.961482e6,-6.572392915062222,-2.4548467007090164,TIME_LIMIT,219399,0,0,29,0
4,10,1.961799e6,-6.572392915062222,-2.4548467007090164,TIME_LIMIT,219430,0,0,34,0
4,10,1.962112e6,-6.572392915062222,-2.4548467007090164,TIME_LIMIT,219480,0,0,26,0
4,10,1.96244e6,-6.572392915062222,-2.4548467007090164,TIME_LIMIT,219506,0,0,38,0
4,10,1.962738e6,-6.572392915062222,-2.4548467007090164,TIME_LIMIT,219550,0,0,26,0
4,10,1.963048e6,-6.572392915062222,-2.4548467007090164,TIME_LIMIT,219593,0,0,34,0
4,10,1.963348e6,-6.572392915062222,-2.4548467007090164,TIME_LIMIT,219630,0,0,26,0
4,10,1.96366e6,-6.572392915062222,-2.4548467007090164,TIME_LIMIT,219661,0,0,42,0
4,10,1.963959e6,-6.572392915062222,-2.4548467007090164,TIME_LIMIT,219709,0,0,22,0
4,10,1.964288e6,-6.572392915062222,-2.4548467007090164,TIME_LIMIT,219737,0,0,32,0
4,10,1.964672e6,-6.572392915062222,-2.4548467007090164,TIME_LIMIT,219782,0,0,24,0
4,10,1.965019e6,-6.572392915062222,-2.4548467007090164,TIME_LIMIT,219809,0,0,32,0
4,10,1.965345e6,-6.572392915062222,-2.4548467007090164,TIME_LIMIT,219855,0,0,25,0
4,10,1.965665e6,-6.572392915062222,-2.4548467007090164,TIME_LIMIT,219891,0,0,31,0
4,10,1.965987e6,-6.572392915062222,-2.4548467007090164,TIME_LIMIT,219939,0,0,25,0
4,10,1.966316e6,-6.572392915062222,-2.4548467007090164,TIME_LIMIT,219965,0,0,27,0
4,10,1.966635e6,-6.572392915062222,-2.4548467007090164,TIME_LIMIT,220013,0,0,25,0
4,10,1.966972e6,-6.572392915062222,-2.4548467007090164,TIME_LIMIT,220043,0,0,37,0
4,10,1.967332e6,-6.572392915062222,-2.4548467007090164,TIME_LIMIT,220086,0,0,25,0
4,10,1.967654e6,-6.572392915062222,-2.4548467007090164,TIME_LIMIT,220111,0,0,26,0
4,10,1.967965e6,-6.572392915062222,-2.4548467007090164,TIME_LIMIT,220157,0,0,25,0
4,10,1.96829e6,-6.572392915062222,-2.4548467007090164,TIME_LIMIT,220189,0,0,45,0
4,10,1.968639e6,-6.572392915062222,-2.4548467007090164,TIME_LIMIT,220228,0,0,26,0
4,10,1.968978e6,-6.572392915062222,-2.4548467007090164,TIME_LIMIT,220263,0,0,23,0
4,10,1.969278e6,-6.572392915062222,-2.4548467007090164,TIME_LIMIT,220305,0,0,21,0
4,10,1.969608e6,-6.572392915062222,-2.4548467007090164,TIME_LIMIT,220336,0,0,40,0
4,10,1.969959e6,-6.572392915062222,-2.4548467007090164,TIME_LIMIT,220377,0,0,27,0
4,10,1.970278e6,-6.572392915062222,-2.4548467007090164,TIME_LIMIT,220405,0,0,24,0
4,10,1.970591e6,-6.572392915062222,-2.4548467007090164,TIME_LIMIT,220452,0,0,25,0
4,10,1.97092e6,-6.572392915062222,-2.4548467007090164,TIME_LIMIT,220480,0,0,29,0
4,10,1.971247e6,-6.572392915062222,-2.4548467007090164,TIME_LIMIT,220528,0,0,10,0
4,10,1.971547e6,-6.572392915062222,-2.4548467007090164,TIME_LIMIT,220559,0,0,32,0
4,10,1.971852e6,-6.572392915062222,-2.4548467007090164,TIME_LIMIT,220598,0,0,24,0
4,10,1.972151e6,-6.572392915062222,-2.4548467007090164,TIME_LIMIT,220621,0,0,12,0
4,10,1.972494e6,-6.572392915062222,-2.4548467007090164,TIME_LIMIT,220662,0,0,18,0
4,10,1.972802e6,-6.572392915062222,-2.4548467007090164,TIME_LIMIT,220689,0,0,26,0
4,10,1.973107e6,-6.572392915062222,-2.4548467007090164,TIME_LIMIT,220734,0,0,24,0
4,10,1.973406e6,-6.572392915062222,-2.4548467007090164,TIME_LIMIT,220762,0,0,31,0
4,10,1.973714e6,-6.572392915062222,-2.4548467007090164,TIME_LIMIT,220802,0,0,22,0
4,10,1.974013e6,-6.572392915062222,-2.4548467007090164,TIME_LIMIT,220841,0,0,35,0
4,10,1.974323e6,-6.572392915062222,-2.4548467007090164,TIME_LIMIT,220885,0,0,28,0
4,10,1.974638e6,-6.572392915062222,-2.4548467007090164,TIME_LIMIT,220919,0,0,29,0
4,10,1.974985e6,-6.572392915062222,-2.4548467007090164,TIME_LIMIT,220967,0,0,26,0
4,10,1.975284e6,-6.572392915062222,-2.4548467007090164,TIME_LIMIT,220996,0,0,28,0
4,10,1.975592e6,-6.572392915062222,-2.4548467007090164,TIME_LIMIT,221043,0,0,28,0
4,10,1.975902e6,-6.572392915062222,-2.4548467007090164,TIME_LIMIT,221073,0,0,31,0
4,10,1.976208e6,-6.572392915062222,-2.4548467007090164,TIME_LIMIT,221119,0,0,26,0
4,10,1.976506e6,-6.572392915062222,-2.4548467007090164,TIME_LIMIT,221154,0,0,26,0
4,10,1.976816e6,-6.572392915062222,-2.4548467007090164,TIME_LIMIT,221195,0,0,27,0
4,10,1.977118e6,-6.572392915062222,-2.4548467007090164,TIME_LIMIT,221225,0,0,31,0
4,10,1.977458e6,-6.572392915062222,-2.4548467007090164,TIME_LIMIT,221263,0,0,20,0
4,10,1.977771e6,-6.572392915062222,-2.4548467007090164,TIME_LIMIT,221290,0,0,18,0
4,10,1.978078e6,-6.572392915062222,-2.4548467007090164,TIME_LIMIT,221339,0,0,26,0
4,10,1.978376e6,-6.572392915062222,-2.4548467007090164,TIME_LIMIT,221363,0,0,28,0
4,10,1.978685e6,-6.572392915062222,-2.4548467007090164,TIME_LIMIT,221405,0,0,20,0
4,10,1.978983e6,-6.572392915062222,-2.4548467007090164,TIME_LIMIT,221430,0,0,30,0
4,10,1.979291e6,-6.572392915062222,-2.4548467007090164,TIME_LIMIT,221476,0,0,20,0
4,10,1.979584e6,-6.572392915062222,-2.4548467007090164,TIME_LIMIT,221512,0,0,23,0
4,10,1.979926e6,-6.572392915062222,-2.4548467007090164,TIME_LIMIT,221550,0,0,23,0
4,10,1.980227e6,-6.572392915062222,-2.4548467007090164,TIME_LIMIT,221585,0,0,23,0
4,10,1.980537e6,-6.572392915062222,-2.4548467007090164,TIME_LIMIT,221627,0,0,23,0
4,10,1.980846e6,-6.572392915062222,-2.4548467007090164,TIME_LIMIT,221655,0,0,7,0
4,10,1.981149e6,-6.572392915062222,-2.4548467007090164,TIME_LIMIT,221700,0,0,19,0
4,10,1.981455e6,-6.572392915062222,-2.4548467007090164,TIME_LIMIT,221731,0,0,31,0
4,10,1.981752e6,-6.572392915062222,-2.4548467007090164,TIME_LIMIT,221774,0,0,25,0
4,10,1.982057e6,-6.572392915062222,-2.4548467007090164,TIME_LIMIT,221801,0,0,26,0
4,10,1.982395e6,-6.572392915062222,-2.4548467007090164,TIME_LIMIT,221848,0,0,28,0
4,10,1.982692e6,-6.572392915062222,-2.4548467007090164,TIME_LIMIT,221873,0,0,30,0
4,10,1.983006e6,-6.572392915062222,-2.4548467007090164,TIME_LIMIT,221920,0,0,28,0
4,10,1.983313e6,-6.572392915062222,-2.4548467007090164,TIME_LIMIT,221952,0,0,33,0
4,10,1.983632e6,-6.572392915062222,-2.4548467007090164,TIME_LIMIT,221997,0,0,26,0
4,10,1.983932e6,-6.572392915062222,-2.4548467007090164,TIME_LIMIT,222018,0,0,29,0
4,10,1.984237e6,-6.572392915062222,-2.4548467007090164,TIME_LIMIT,222060,0,0,27,0
4,10,1.984536e6,-6.572392915062222,-2.4548467007090164,TIME_LIMIT,222085,0,0,27,0
4,10,1.984885e6,-6.572392915062222,-2.4548467007090164,TIME_LIMIT,222135,0,0,20,0
4,10,1.985184e6,-6.572392915062222,-2.4548467007090164,TIME_LIMIT,222158,0,0,30,0
4,10,1.985481e6,-6.572392915062222,-2.4548467007090164,TIME_LIMIT,222201,0,0,19,0
4,10,1.985791e6,-6.572392915062222,-2.4548467007090164,TIME_LIMIT,222223,0,0,23,0
4,10,1.986094e6,-6.572392915062222,-2.4548467007090164,TIME_LIMIT,222264,0,0,25,0
4,10,1.986405e6,-6.572392915062222,-2.4548467007090164,TIME_LIMIT,222292,0,0,39,0
4,10,1.986699e6,-6.572392915062222,-2.4548467007090164,TIME_LIMIT,222336,0,0,25,0
4,10,1.986999e6,-6.572392915062222,-2.4548467007090164,TIME_LIMIT,222366,0,0,24,0
4,10,1.987341e6,-6.572392915062222,-2.4548467007090164,TIME_LIMIT,222403,0,0,27,0
4,10,1.987642e6,-6.572392915062222,-2.4548467007090164,TIME_LIMIT,222425,0,0,32,0
4,10,1.987949e6,-6.572392915062222,-2.4548467007090164,TIME_LIMIT,222468,0,0,6,0
4,10,1.988251e6,-6.572392915062222,-2.4548467007090164,TIME_LIMIT,222499,0,0,28,0
4,10,1.988559e6,-6.572392915062222,-2.4548467007090164,TIME_LIMIT,222541,0,0,19,0
4,10,1.988857e6,-6.572392915062222,-2.4548467007090164,TIME_LIMIT,222580,0,0,25,0
4,10,1.989169e6,-6.572392915062222,-2.4548467007090164,TIME_LIMIT,222607,0,0,30,0
4,10,1.989479e6,-6.572392915062222,-2.4548467007090164,TIME_LIMIT,222639,0,0,29,0
4,10,1.989803e6,-6.572392915062222,-2.4548467007090164,TIME_LIMIT,222673,0,0,22,0
4,10,1.990103e6,-6.572392915062222,-2.4548467007090164,TIME_LIMIT,222695,0,0,33,0
4,10,1.990413e6,-6.572392915062222,-2.4548467007090164,TIME_LIMIT,222734,0,0,24,0
4,10,1.990714e6,-6.572392915062222,-2.4548467007090164,TIME_LIMIT,222761,0,0,27,0
4,10,1.991024e6,-6.572392915062222,-2.4548467007090164,TIME_LIMIT,222805,0,0,26,0
4,10,1.991322e6,-6.572392915062222,-2.4548467007090164,TIME_LIMIT,222832,0,0,29,0
4,10,1.991625e6,-6.572392915062222,-2.4548467007090164,TIME_LIMIT,222872,0,0,23,0
4,10,1.991924e6,-6.572392915062222,-2.4548467007090164,TIME_LIMIT,222894,0,0,26,0
4,10,1.992263e6,-6.572392915062222,-2.4548467007090164,TIME_LIMIT,222938,0,0,26,0
4,10,1.992565e6,-6.572392915062222,-2.4548467007090164,TIME_LIMIT,222955,0,0,30,0
4,10,1.992874e6,-6.572392915062222,-2.4548467007090164,TIME_LIMIT,222992,0,0,26,0
4,10,1.993183e6,-6.572392915062222,-2.4548467007090164,TIME_LIMIT,223013,0,0,27,0
4,10,1.99348e6,-6.572392915062222,-2.4548467007090164,TIME_LIMIT,223053,0,0,20,0
4,10,1.993782e6,-6.572392915062222,-2.4548467007090164,TIME_LIMIT,223076,0,0,24,0
4,10,1.994091e6,-6.572392915062222,-2.4548467007090164,TIME_LIMIT,223117,0,0,7,0
4,10,1.994398e6,-6.572392915062222,-2.4548467007090164,TIME_LIMIT,223140,0,0,28,0
4,10,1.994729e6,-6.572392915062222,-2.4548467007090164,TIME_LIMIT,223184,0,0,17,0
4,10,1.995031e6,-6.572392915062222,-2.4548467007090164,TIME_LIMIT,223213,0,0,32,0
4,10,1.995338e6,-6.572392915062222,-2.4548467007090164,TIME_LIMIT,223259,0,0,15,0
4,10,1.99564e6,-6.572392915062222,-2.4548467007090164,TIME_LIMIT,223287,0,0,28,0
4,10,1.995952e6,-6.572392915062222,-2.4548467007090164,TIME_LIMIT,223329,0,0,23,0
4,10,1.99625e6,-6.572392915062222,-2.4548467007090164,TIME_LIMIT,223355,0,0,13,0
4,10,1.99656e6,-6.572392915062222,-2.4548467007090164,TIME_LIMIT,223395,0,0,23,0
4,10,1.99686e6,-6.572392915062222,-2.4548467007090164,TIME_LIMIT,223416,0,0,42,0
4,10,1.997196e6,-6.572392915062222,-2.4548467007090164,TIME_LIMIT,223455,0,0,13,0
4,10,1.997502e6,-6.572392915062222,-2.4548467007090164,TIME_LIMIT,223489,0,0,30,0
4,10,1.997807e6,-6.572392915062222,-2.4548467007090164,TIME_LIMIT,223532,0,0,26,0
4,10,1.998111e6,-6.572392915062222,-2.4548467007090164,TIME_LIMIT,223554,0,0,31,0
4,10,1.998426e6,-6.572392915062222,-2.4548467007090164,TIME_LIMIT,223603,0,0,26,0
4,10,1.998733e6,-6.572392915062222,-2.4548467007090164,TIME_LIMIT,223630,0,0,34,0
4,10,1.999048e6,-6.572392915062222,-2.4548467007090164,TIME_LIMIT,223669,0,0,21,0
4,10,1.999346e6,-6.572392915062222,-2.4548467007090164,TIME_LIMIT,223690,0,0,34,0
4,10,1.999689e6,-6.572392915062222,-2.4548467007090164,TIME_LIMIT,223736,0,0,28,0
4,10,1.999988e6,-6.572392915062222,-2.4548467007090164,TIME_LIMIT,223759,0,0,29,0
4,10,2.000285e6,-6.572392915062222,-2.4548467007090164,TIME_LIMIT,223800,0,0,22,0
4,10,2.000605e6,-6.572392915062222,-2.4548467007090164,TIME_LIMIT,223826,0,0,27,0
4,10,2.000905e6,-6.572392915062222,-2.4548467007090164,TIME_LIMIT,223872,0,0,24,0
4,10,2.001214e6,-6.572392915062222,-2.4548467007090164,TIME_LIMIT,223899,0,0,32,0
4,10,2.001512e6,-6.572392915062222,-2.4548467007090164,TIME_LIMIT,223941,0,0,22,0
4,10,2.001822e6,-6.572392915062222,-2.4548467007090164,TIME_LIMIT,223958,0,0,27,0
4,10,2.002175e6,-6.572392915062222,-2.4548467007090164,TIME_LIMIT,223998,0,0,17,0
4,10,2.0025e6,-6.572392915062222,-2.4548467007090164,TIME_LIMIT,224023,0,0,36,0
4,10,2.002798e6,-6.572392915062222,-2.4548467007090164,TIME_LIMIT,224065,0,0,24,0
4,10,2.00311e6,-6.572392915062222,-2.4548467007090164,TIME_LIMIT,224092,0,0,28,0
4,10,2.003411e6,-6.572392915062222,-2.4548467007090164,TIME_LIMIT,224130,0,0,26,0
4,10,2.003714e6,-6.572392915062222,-2.4548467007090164,TIME_LIMIT,224162,0,0,28,0
4,10,2.004016e6,-6.572392915062222,-2.4548467007090164,TIME_LIMIT,224200,0,0,23,0
4,10,2.004323e6,-6.572392915062222,-2.4548467007090164,TIME_LIMIT,224223,0,0,27,0
4,10,2.004663e6,-6.572392915062222,-2.4548467007090164,TIME_LIMIT,224266,0,0,26,0
4,10,2.00496e6,-6.572392915062222,-2.4548467007090164,TIME_LIMIT,224292,0,0,12,0
4,10,2.005262e6,-6.572392915062222,-2.4548467007090164,TIME_LIMIT,224337,0,0,27,0
4,10,2.005572e6,-6.572392915062222,-2.4548467007090164,TIME_LIMIT,224362,0,0,28,0
4,10,2.005878e6,-6.572392915062222,-2.4548467007090164,TIME_LIMIT,224404,0,0,21,0
4,10,2.006211e6,-6.572392915062222,-2.4548467007090164,TIME_LIMIT,224429,0,0,27,0
4,10,2.00651e6,-6.572392915062222,-2.4548467007090164,TIME_LIMIT,224464,0,0,21,0
4,10,2.006817e6,-6.572392915062222,-2.4548467007090164,TIME_LIMIT,224493,0,0,26,0
4,10,2.007158e6,-6.572392915062222,-2.4548467007090164,TIME_LIMIT,224530,0,0,26,0
4,10,2.007456e6,-6.572392915062222,-2.4548467007090164,TIME_LIMIT,224553,0,0,28,0
4,10,2.007769e6,-6.572392915062222,-2.4548467007090164,TIME_LIMIT,224595,0,0,10,0
4,10,2.008068e6,-6.572392915062222,-2.4548467007090164,TIME_LIMIT,224623,0,0,36,0
4,10,2.00837e6,-6.572392915062222,-2.4548467007090164,TIME_LIMIT,224667,0,0,18,0
4,10,2.008678e6,-6.572392915062222,-2.4548467007090164,TIME_LIMIT,224690,0,0,28,0
4,10,2.008979e6,-6.572392915062222,-2.4548467007090164,TIME_LIMIT,224733,0,0,16,0
4,10,2.009287e6,-6.572392915062222,-2.4548467007090164,TIME_LIMIT,224766,0,0,25,0
4,10,2.009621e6,-6.572392915062222,-2.4548467007090164,TIME_LIMIT,224796,0,0,23,0
4,10,2.009972e6,-6.572392915062222,-2.4548467007090164,TIME_LIMIT,224817,0,0,25,0
4,10,2.01027e6,-6.572392915062222,-2.4548467007090164,TIME_LIMIT,224858,0,0,24,0
4,10,2.010579e6,-6.572392915062222,-2.4548467007090164,TIME_LIMIT,224891,0,0,30,0
4,10,2.010877e6,-6.572392915062222,-2.4548467007090164,TIME_LIMIT,224927,0,0,23,0
4,10,2.011177e6,-6.572392915062222,-2.4548467007090164,TIME_LIMIT,224948,0,0,28,0
4,10,2.011487e6,-6.572392915062222,-2.4548467007090164,TIME_LIMIT,224997,0,0,25,0
4,10,2.011798e6,-6.572392915062222,-2.4548467007090164,TIME_LIMIT,225031,0,0,39,0
4,10,2.012101e6,-6.572392915062222,-2.4548467007090164,TIME_LIMIT,225072,0,0,21,0
4,10,2.012428e6,-6.572392915062222,-2.4548467007090164,TIME_LIMIT,225101,0,0,24,0
4,10,2.012728e6,-6.572392915062222,-2.4548467007090164,TIME_LIMIT,225134,0,0,23,0
4,10,2.013045e6,-6.572392915062222,-2.4548467007090164,TIME_LIMIT,225160,0,0,28,0
4,10,2.013344e6,-6.572392915062222,-2.4548467007090164,TIME_LIMIT,225205,0,0,22,0
4,10,2.013679e6,-6.572392915062222,-2.4548467007090164,TIME_LIMIT,225227,0,0,28,0
4,10,2.013978e6,-6.572392915062222,-2.4548467007090164,TIME_LIMIT,225275,0,0,19,0
4,10,2.014284e6,-6.572392915062222,-2.4548467007090164,TIME_LIMIT,225302,0,0,33,0
4,10,2.014588e6,-6.572392915062222,-2.4548467007090164,TIME_LIMIT,225342,0,0,31,0
4,10,2.014924e6,-6.572392915062222,-2.4548467007090164,TIME_LIMIT,225365,0,0,38,0
4,10,2.015236e6,-6.572392915062222,-2.4548467007090164,TIME_LIMIT,225407,0,0,18,0
4,10,2.015539e6,-6.572392915062222,-2.4548467007090164,TIME_LIMIT,225430,0,0,27,0
4,10,2.015839e6,-6.572392915062222,-2.4548467007090164,TIME_LIMIT,225471,0,0,24,0
4,10,2.016148e6,-6.572392915062222,-2.4548467007090164,TIME_LIMIT,225497,0,0,27,0
4,10,2.016447e6,-6.572392915062222,-2.4548467007090164,TIME_LIMIT,225542,0,0,28,0
4,10,2.016756e6,-6.572392915062222,-2.4548467007090164,TIME_LIMIT,225566,0,0,28,0
4,10,2.017056e6,-6.572392915062222,-2.4548467007090164,TIME_LIMIT,225609,0,0,20,0
4,10,2.017396e6,-6.572392915062222,-2.4548467007090164,TIME_LIMIT,225636,0,0,28,0
4,10,2.01769e6,-6.572392915062222,-2.4548467007090164,TIME_LIMIT,225673,0,0,23,0
4,10,2.018e6,-6.572392915062222,-2.4548467007090164,TIME_LIMIT,225701,0,0,35,0
4,10,2.018297e6,-6.572392915062222,-2.4548467007090164,TIME_LIMIT,225743,0,0,24,0
4,10,2.018601e6,-6.572392915062222,-2.4548467007090164,TIME_LIMIT,225768,0,0,28,0
4,10,2.018909e6,-6.572392915062222,-2.4548467007090164,TIME_LIMIT,225813,0,0,27,0
4,10,2.019212e6,-6.572392915062222,-2.4548467007090164,TIME_LIMIT,225835,0,0,33,0
4,10,2.019524e6,-6.572392915062222,-2.4548467007090164,TIME_LIMIT,225876,0,0,23,0
4,10,2.019865e6,-6.572392915062222,-2.4548467007090164,TIME_LIMIT,225903,0,0,9,0
4,10,2.020164e6,-6.572392915062222,-2.4548467007090164,TIME_LIMIT,225943,0,0,27,0
4,10,2.020476e6,-6.572392915062222,-2.4548467007090164,TIME_LIMIT,225977,0,0,25,0
4,10,2.020777e6,-6.572392915062222,-2.4548467007090164,TIME_LIMIT,226005,0,0,4,0
4,10,2.021089e6,-6.572392915062222,-2.4548467007090164,TIME_LIMIT,226035,0,0,23,0
4,10,2.02139e6,-6.572392915062222,-2.4548467007090164,TIME_LIMIT,226078,0,0,26,0
4,10,2.021701e6,-6.572392915062222,-2.4548467007090164,TIME_LIMIT,226102,0,0,31,0
4,10,2.022013e6,-6.572392915062222,-2.4548467007090164,TIME_LIMIT,226141,0,0,21,0
4,10,2.022342e6,-6.572392915062222,-2.4548467007090164,TIME_LIMIT,226164,0,0,9,0
4,10,2.022641e6,-6.572392915062222,-2.4548467007090164,TIME_LIMIT,226203,0,0,22,0
4,10,2.022949e6,-6.572392915062222,-2.4548467007090164,TIME_LIMIT,226236,0,0,34,0
4,10,2.02325e6,-6.572392915062222,-2.4548467007090164,TIME_LIMIT,226278,0,0,24,0
4,10,2.023561e6,-6.572392915062222,-2.4548467007090164,TIME_LIMIT,226310,0,0,23,0
4,10,2.023863e6,-6.572392915062222,-2.4548467007090164,TIME_LIMIT,226337,0,0,27,0
4,10,2.024173e6,-6.572392915062222,-2.4548467007090164,TIME_LIMIT,226370,0,0,24,0
4,10,2.024477e6,-6.572392915062222,-2.4548467007090164,TIME_LIMIT,226408,0,0,17,0
4,10,2.024817e6,-6.572392915062222,-2.4548467007090164,TIME_LIMIT,226437,0,0,24,0
4,10,2.025117e6,-6.572392915062222,-2.4548467007090164,TIME_LIMIT,226477,0,0,22,0
4,10,2.025428e6,-6.572392915062222,-2.4548467007090164,TIME_LIMIT,226502,0,0,31,0
4,10,2.025728e6,-6.572392915062222,-2.4548467007090164,TIME_LIMIT,226541,0,0,28,0
4,10,2.026043e6,-6.572392915062222,-2.4548467007090164,TIME_LIMIT,226570,0,0,31,0
4,10,2.026346e6,-6.572392915062222,-2.4548467007090164,TIME_LIMIT,226602,0,0,29,0
4,10,2.026644e6,-6.572392915062222,-2.4548467007090164,TIME_LIMIT,226630,0,0,30,0
4,10,2.026951e6,-6.572392915062222,-2.4548467007090164,TIME_LIMIT,226673,0,0,24,0
4,10,2.027262e6,-6.572392915062222,-2.4548467007090164,TIME_LIMIT,226697,0,0,20,0
4,10,2.027602e6,-6.572392915062222,-2.4548467007090164,TIME_LIMIT,226739,0,0,23,0
4,10,2.027909e6,-6.572392915062222,-2.4548467007090164,TIME_LIMIT,226769,0,0,34,0
4,10,2.028208e6,-6.572392915062222,-2.4548467007090164,TIME_LIMIT,226810,0,0,20,0
4,10,2.028522e6,-6.572392915062222,-2.4548467007090164,TIME_LIMIT,226836,0,0,42,0
4,10,2.028823e6,-6.572392915062222,-2.4548467007090164,TIME_LIMIT,226878,0,0,25,0
4,10,2.029122e6,-6.572392915062222,-2.4548467007090164,TIME_LIMIT,226909,0,0,27,0
4,10,2.02943e6,-6.572392915062222,-2.4548467007090164,TIME_LIMIT,226949,0,0,19,0
4,10,2.029739e6,-6.572392915062222,-2.4548467007090164,TIME_LIMIT,226974,0,0,29,0
4,10,2.030075e6,-6.572392915062222,-2.4548467007090164,TIME_LIMIT,227010,0,0,25,0
4,10,2.030384e6,-6.572392915062222,-2.4548467007090164,TIME_LIMIT,227038,0,0,30,0
4,10,2.030684e6,-6.572392915062222,-2.4548467007090164,TIME_LIMIT,227080,0,0,22,0
4,10,2.030997e6,-6.572392915062222,-2.4548467007090164,TIME_LIMIT,227103,0,0,36,0
4,10,2.031298e6,-6.572392915062222,-2.4548467007090164,TIME_LIMIT,227146,0,0,29,0
4,10,2.031606e6,-6.572392915062222,-2.4548467007090164,TIME_LIMIT,227171,0,0,42,0
4,10,2.031903e6,-6.572392915062222,-2.4548467007090164,TIME_LIMIT,227211,0,0,23,0
4,10,2.032207e6,-6.572392915062222,-2.4548467007090164,TIME_LIMIT,227245,0,0,33,0
4,10,2.032544e6,-6.572392915062222,-2.4548467007090164,TIME_LIMIT,227283,0,0,19,0
4,10,2.032846e6,-6.572392915062222,-2.4548467007090164,TIME_LIMIT,227308,0,0,33,0
4,10,2.033157e6,-6.572392915062222,-2.4548467007090164,TIME_LIMIT,227350,0,0,14,0
4,10,2.033453e6,-6.572392915062222,-2.4548467007090164,TIME_LIMIT,227373,0,0,26,0
4,10,2.033751e6,-6.572392915062222,-2.4548467007090164,TIME_LIMIT,227406,0,0,22,0
4,10,2.034055e6,-6.572392915062222,-2.4548467007090164,TIME_LIMIT,227433,0,0,34,0
4,10,2.034365e6,-6.572392915062222,-2.4548467007090164,TIME_LIMIT,227472,0,0,21,0
4,10,2.034673e6,-6.572392915062222,-2.4548467007090164,TIME_LIMIT,227499,0,0,28,0
4,10,2.035009e6,-6.572392915062222,-2.4548467007090164,TIME_LIMIT,227541,0,0,17,0
4,10,2.035322e6,-6.572392915062222,-2.4548467007090164,TIME_LIMIT,227567,0,0,29,0
4,10,2.035619e6,-6.572392915062222,-2.4548467007090164,TIME_LIMIT,227611,0,0,25,0
4,10,2.035933e6,-6.572392915062222,-2.4548467007090164,TIME_LIMIT,227640,0,0,26,0
4,10,2.036238e6,-6.572392915062222,-2.4548467007090164,TIME_LIMIT,227684,0,0,12,0
4,10,2.036549e6,-6.572392915062222,-2.4548467007090164,TIME_LIMIT,227705,0,0,30,0
4,10,2.03685e6,-6.572392915062222,-2.4548467007090164,TIME_LIMIT,227747,0,0,24,0
4,10,2.037157e6,-6.572392915062222,-2.4548467007090164,TIME_LIMIT,227773,0,0,28,0
4,10,2.037499e6,-6.572392915062222,-2.4548467007090164,TIME_LIMIT,227810,0,0,23,0
4,10,2.037792e6,-6.572392915062222,-2.4548467007090164,TIME_LIMIT,227834,0,0,30,0
4,10,2.038093e6,-6.572392915062222,-2.4548467007090164,TIME_LIMIT,227870,0,0,22,0
4,10,2.038404e6,-6.572392915062222,-2.4548467007090164,TIME_LIMIT,227898,0,0,34,0
4,10,2.038703e6,-6.572392915062222,-2.4548467007090164,TIME_LIMIT,227937,0,0,20,0
4,10,2.039013e6,-6.572392915062222,-2.4548467007090164,TIME_LIMIT,227968,0,0,21,0
4,10,2.039313e6,-6.572392915062222,-2.4548467007090164,TIME_LIMIT,228008,0,0,25,0
4,10,2.039623e6,-6.572392915062222,-2.4548467007090164,TIME_LIMIT,228033,0,0,20,0
4,10,2.039937e6,-6.572392915062222,-2.4548467007090164,TIME_LIMIT,228073,0,0,26,0
4,10,2.040269e6,-6.572392915062222,-2.4548467007090164,TIME_LIMIT,228101,0,0,33,0
4,10,2.040567e6,-6.572392915062222,-2.4548467007090164,TIME_LIMIT,228139,0,0,22,0
4,10,2.040879e6,-6.572392915062222,-2.4548467007090164,TIME_LIMIT,228161,0,0,32,0
4,10,2.041185e6,-6.572392915062222,-2.4548467007090164,TIME_LIMIT,228200,0,0,21,0
4,10,2.041487e6,-6.572392915062222,-2.4548467007090164,TIME_LIMIT,228217,0,0,28,0
4,10,2.041785e6,-6.572392915062222,-2.4548467007090164,TIME_LIMIT,228256,0,0,22,0
4,10,2.042092e6,-6.572392915062222,-2.4548467007090164,TIME_LIMIT,228278,0,0,23,0
4,10,2.042393e6,-6.572392915062222,-2.4548467007090164,TIME_LIMIT,228318,0,0,24,0
4,10,2.042736e6,-6.572392915062222,-2.4548467007090164,TIME_LIMIT,228343,0,0,27,0
4,10,2.04304e6,-6.572392915062222,-2.4548467007090164,TIME_LIMIT,228377,0,0,20,0
4,10,2.043341e6,-6.572392915062222,-2.4548467007090164,TIME_LIMIT,228409,0,0,30,0
4,10,2.043673e6,-6.572392915062222,-2.4548467007090164,TIME_LIMIT,228445,0,0,21,0
4,10,2.043986e6,-6.572392915062222,-2.4548467007090164,TIME_LIMIT,228469,0,0,29,0
4,10,2.044285e6,-6.572392915062222,-2.4548467007090164,TIME_LIMIT,228508,0,0,20,0
4,10,2.044593e6,-6.572392915062222,-2.4548467007090164,TIME_LIMIT,228532,0,0,30,0
4,10,2.044892e6,-6.572392915062222,-2.4548467007090164,TIME_LIMIT,228574,0,0,20,0
4,10,2.045233e6,-6.572392915062222,-2.4548467007090164,TIME_LIMIT,228595,0,0,26,0
4,10,2.045532e6,-6.572392915062222,-2.4548467007090164,TIME_LIMIT,228635,0,0,25,0
4,10,2.045839e6,-6.572392915062222,-2.4548467007090164,TIME_LIMIT,228656,0,0,39,0
4,10,2.046141e6,-6.572392915062222,-2.4548467007090164,TIME_LIMIT,228690,0,0,14,0
4,10,2.046448e6,-6.572392915062222,-2.4548467007090164,TIME_LIMIT,228711,0,0,28,0
4,10,2.046746e6,-6.572392915062222,-2.4548467007090164,TIME_LIMIT,228754,0,0,20,0
4,10,2.047043e6,-6.572392915062222,-2.4548467007090164,TIME_LIMIT,228772,0,0,27,0
4,10,2.047373e6,-6.572392915062222,-2.4548467007090164,TIME_LIMIT,228814,0,0,23,0
4,10,2.047691e6,-6.572392915062222,-2.4548467007090164,TIME_LIMIT,228838,0,0,29,0
4,10,2.048022e6,-6.572392915062222,-2.4548467007090164,TIME_LIMIT,228882,0,0,23,0
4,10,2.04833e6,-6.572392915062222,-2.4548467007090164,TIME_LIMIT,228907,0,0,17,0
4,10,2.048627e6,-6.572392915062222,-2.4548467007090164,TIME_LIMIT,228948,0,0,24,0
4,10,2.048942e6,-6.572392915062222,-2.4548467007090164,TIME_LIMIT,228972,0,0,34,0
4,10,2.049239e6,-6.572392915062222,-2.4548467007090164,TIME_LIMIT,229011,0,0,22,0
4,10,2.049548e6,-6.572392915062222,-2.4548467007090164,TIME_LIMIT,229033,0,0,21,0
4,10,2.049847e6,-6.572392915062222,-2.4548467007090164,TIME_LIMIT,229070,0,0,21,0
4,10,2.050155e6,-6.572392915062222,-2.4548467007090164,TIME_LIMIT,229093,0,0,23,0
4,10,2.050501e6,-6.572392915062222,-2.4548467007090164,TIME_LIMIT,229133,0,0,28,0
4,10,2.050796e6,-6.572392915062222,-2.4548467007090164,TIME_LIMIT,229159,0,0,14,0
4,10,2.051109e6,-6.572392915062222,-2.4548467007090164,TIME_LIMIT,229193,0,0,16,0
4,10,2.05145e6,-6.572392915062222,-2.4548467007090164,TIME_LIMIT,229220,0,0,31,0
4,10,2.051752e6,-6.572392915062222,-2.4548467007090164,TIME_LIMIT,229257,0,0,23,0
4,10,2.052059e6,-6.572392915062222,-2.4548467007090164,TIME_LIMIT,229279,0,0,29,0
4,10,2.052361e6,-6.572392915062222,-2.4548467007090164,TIME_LIMIT,229315,0,0,18,0
4,10,2.052669e6,-6.572392915062222,-2.4548467007090164,TIME_LIMIT,229340,0,0,27,0
4,10,2.053008e6,-6.572392915062222,-2.4548467007090164,TIME_LIMIT,229379,0,0,24,0
4,10,2.05331e6,-6.572392915062222,-2.4548467007090164,TIME_LIMIT,229408,0,0,21,0
4,10,2.053619e6,-6.572392915062222,-2.4548467007090164,TIME_LIMIT,229445,0,0,23,0
4,10,2.053923e6,-6.572392915062222,-2.4548467007090164,TIME_LIMIT,229468,0,0,23,0
4,10,2.054231e6,-6.572392915062222,-2.4548467007090164,TIME_LIMIT,229505,0,0,19,0
4,10,2.054538e6,-6.572392915062222,-2.4548467007090164,TIME_LIMIT,229532,0,0,28,0
4,10,2.054839e6,-6.572392915062222,-2.4548467007090164,TIME_LIMIT,229571,0,0,15,0
4,10,2.055169e6,-6.572392915062222,-2.4548467007090164,TIME_LIMIT,229605,0,0,35,0
4,10,2.055474e6,-6.572392915062222,-2.4548467007090164,TIME_LIMIT,229645,0,0,19,0
4,10,2.055803e6,-6.572392915062222,-2.4548467007090164,TIME_LIMIT,229669,0,0,29,0
4,10,2.056102e6,-6.572392915062222,-2.4548467007090164,TIME_LIMIT,229708,0,0,22,0
4,10,2.056409e6,-6.572392915062222,-2.4548467007090164,TIME_LIMIT,229730,0,0,25,0
4,10,2.056714e6,-6.572392915062222,-2.4548467007090164,TIME_LIMIT,229767,0,0,23,0
4,10,2.057021e6,-6.572392915062222,-2.4548467007090164,TIME_LIMIT,229789,0,0,22,0
4,10,2.057317e6,-6.572392915062222,-2.4548467007090164,TIME_LIMIT,229826,0,0,23,0
4,10,2.057627e6,-6.572392915062222,-2.4548467007090164,TIME_LIMIT,229848,0,0,10,0
4,10,2.05793e6,-6.572392915062222,-2.4548467007090164,TIME_LIMIT,229888,0,0,24,0
4,10,2.058261e6,-6.572392915062222,-2.4548467007090164,TIME_LIMIT,229922,0,0,28,0
4,10,2.058561e6,-6.572392915062222,-2.4548467007090164,TIME_LIMIT,229964,0,0,28,0
4,10,2.058877e6,-6.572392915062222,-2.4548467007090164,TIME_LIMIT,229990,0,0,31,0
4,10,2.059173e6,-6.572392915062222,-2.4548467007090164,TIME_LIMIT,230028,0,0,23,0
4,10,2.059473e6,-6.572392915062222,-2.4548467007090164,TIME_LIMIT,230053,0,0,23,0
4,10,2.059774e6,-6.572392915062222,-2.4548467007090164,TIME_LIMIT,230094,0,0,23,0
4,10,2.060082e6,-6.572392915062222,-2.4548467007090164,TIME_LIMIT,230121,0,0,37,0
4,10,2.06038e6,-6.572392915062222,-2.4548467007090164,TIME_LIMIT,230156,0,0,20,0
4,10,2.060721e6,-6.572392915062222,-2.4548467007090164,TIME_LIMIT,230186,0,0,24,0
4,10,2.06102e6,-6.572392915062222,-2.4548467007090164,TIME_LIMIT,230230,0,0,30,0
4,10,2.061331e6,-6.572392915062222,-2.4548467007090164,TIME_LIMIT,230252,0,0,30,0
4,10,2.061629e6,-6.572392915062222,-2.4548467007090164,TIME_LIMIT,230286,0,0,25,0
4,10,2.061943e6,-6.572392915062222,-2.4548467007090164,TIME_LIMIT,230308,0,0,32,0
4,10,2.062238e6,-6.572392915062222,-2.4548467007090164,TIME_LIMIT,230351,0,0,24,0
4,10,2.062537e6,-6.572392915062222,-2.4548467007090164,TIME_LIMIT,230373,0,0,31,0
4,10,2.062845e6,-6.572392915062222,-2.4548467007090164,TIME_LIMIT,230414,0,0,25,0
4,10,2.06315e6,-6.572392915062222,-2.4548467007090164,TIME_LIMIT,230444,0,0,26,0
4,10,2.063481e6,-6.572392915062222,-2.4548467007090164,TIME_LIMIT,230484,0,0,25,0
4,10,2.063789e6,-6.572392915062222,-2.4548467007090164,TIME_LIMIT,230516,0,0,38,0
4,10,2.064089e6,-6.572392915062222,-2.4548467007090164,TIME_LIMIT,230553,0,0,28,0
4,10,2.064402e6,-6.572392915062222,-2.4548467007090164,TIME_LIMIT,230579,0,0,35,0
4,10,2.064702e6,-6.572392915062222,-2.4548467007090164,TIME_LIMIT,230619,0,0,16,0
4,10,2.06501e6,-6.572392915062222,-2.4548467007090164,TIME_LIMIT,230651,0,0,26,0
4,10,2.065311e6,-6.572392915062222,-2.4548467007090164,TIME_LIMIT,230680,0,0,26,0
4,10,2.065622e6,-6.572392915062222,-2.4548467007090164,TIME_LIMIT,230706,0,0,25,0
4,10,2.065963e6,-6.572392915062222,-2.4548467007090164,TIME_LIMIT,230742,0,0,22,0
4,10,2.066262e6,-6.572392915062222,-2.4548467007090164,TIME_LIMIT,230771,0,0,15,0
4,10,2.066571e6,-6.572392915062222,-2.4548467007090164,TIME_LIMIT,230808,0,0,24,0
4,10,2.066869e6,-6.572392915062222,-2.4548467007090164,TIME_LIMIT,230831,0,0,24,0
4,10,2.06718e6,-6.572392915062222,-2.4548467007090164,TIME_LIMIT,230875,0,0,25,0
4,10,2.067475e6,-6.572392915062222,-2.4548467007090164,TIME_LIMIT,230898,0,0,24,0
4,10,2.067773e6,-6.572392915062222,-2.4548467007090164,TIME_LIMIT,230939,0,0,16,0
4,10,2.068082e6,-6.572392915062222,-2.4548467007090164,TIME_LIMIT,230968,0,0,24,0
4,10,2.068379e6,-6.572392915062222,-2.4548467007090164,TIME_LIMIT,231002,0,0,21,0
4,10,2.068707e6,-6.572392915062222,-2.4548467007090164,TIME_LIMIT,231022,0,0,31,0
4,10,2.069005e6,-6.572392915062222,-2.4548467007090164,TIME_LIMIT,231067,0,0,24,0
4,10,2.069316e6,-6.572392915062222,-2.4548467007090164,TIME_LIMIT,231097,0,0,27,0
4,10,2.069615e6,-6.572392915062222,-2.4548467007090164,TIME_LIMIT,231132,0,0,22,0
4,10,2.069931e6,-6.572392915062222,-2.4548467007090164,TIME_LIMIT,231159,0,0,29,0
4,10,2.070231e6,-6.572392915062222,-2.4548467007090164,TIME_LIMIT,231196,0,0,12,0
4,10,2.070541e6,-6.572392915062222,-2.4548467007090164,TIME_LIMIT,231217,0,0,28,0
4,10,2.070841e6,-6.572392915062222,-2.4548467007090164,TIME_LIMIT,231254,0,0,20,0
4,10,2.07118e6,-6.572392915062222,-2.4548467007090164,TIME_LIMIT,231279,0,0,33,0
4,10,2.071481e6,-6.572392915062222,-2.4548467007090164,TIME_LIMIT,231322,0,0,17,0
4,10,2.071786e6,-6.572392915062222,-2.4548467007090164,TIME_LIMIT,231352,0,0,23,0
4,10,2.072084e6,-6.572392915062222,-2.4548467007090164,TIME_LIMIT,231386,0,0,21,0
4,10,2.072397e6,-6.572392915062222,-2.4548467007090164,TIME_LIMIT,231408,0,0,23,0
4,10,2.072694e6,-6.572392915062222,-2.4548467007090164,TIME_LIMIT,231451,0,0,27,0
4,10,2.073e6,-6.572392915062222,-2.4548467007090164,TIME_LIMIT,231473,0,0,27,0
4,10,2.0733e6,-6.572392915062222,-2.4548467007090164,TIME_LIMIT,231509,0,0,20,0
4,10,2.073644e6,-6.572392915062222,-2.4548467007090164,TIME_LIMIT,231530,0,0,24,0
4,10,2.073942e6,-6.572392915062222,-2.4548467007090164,TIME_LIMIT,231568,0,0,13,0
4,10,2.074248e6,-6.572392915062222,-2.4548467007090164,TIME_LIMIT,231598,0,0,28,0
4,10,2.074549e6,-6.572392915062222,-2.4548467007090164,TIME_LIMIT,231635,0,0,20,0
4,10,2.074863e6,-6.572392915062222,-2.4548467007090164,TIME_LIMIT,231658,0,0,8,0
4,10,2.075158e6,-6.572392915062222,-2.4548467007090164,TIME_LIMIT,231700,0,0,18,0
4,10,2.075469e6,-6.572392915062222,-2.4548467007090164,TIME_LIMIT,231722,0,0,36,0
4,10,2.075773e6,-6.572392915062222,-2.4548467007090164,TIME_LIMIT,231762,0,0,20,0
4,10,2.076084e6,-6.572392915062222,-2.4548467007090164,TIME_LIMIT,231784,0,0,28,0
4,10,2.076419e6,-6.572392915062222,-2.4548467007090164,TIME_LIMIT,231823,0,0,22,0
4,10,2.076718e6,-6.572392915062222,-2.4548467007090164,TIME_LIMIT,231851,0,0,12,0
4,10,2.077027e6,-6.572392915062222,-2.4548467007090164,TIME_LIMIT,231882,0,0,21,0
4,10,2.077326e6,-6.572392915062222,-2.4548467007090164,TIME_LIMIT,231902,0,0,28,0
4,10,2.077626e6,-6.572392915062222,-2.4548467007090164,TIME_LIMIT,231939,0,0,21,0
4,10,2.077935e6,-6.572392915062222,-2.4548467007090164,TIME_LIMIT,231959,0,0,21,0
4,10,2.078233e6,-6.572392915062222,-2.4548467007090164,TIME_LIMIT,231997,0,0,23,0
4,10,2.078542e6,-6.572392915062222,-2.4548467007090164,TIME_LIMIT,232018,0,0,28,0
4,10,2.078884e6,-6.572392915062222,-2.4548467007090164,TIME_LIMIT,232053,0,0,21,0
4,10,2.079183e6,-6.572392915062222,-2.4548467007090164,TIME_LIMIT,232085,0,0,33,0
4,10,2.079483e6,-6.572392915062222,-2.4548467007090164,TIME_LIMIT,232117,0,0,16,0
4,10,2.079793e6,-6.572392915062222,-2.4548467007090164,TIME_LIMIT,232149,0,0,28,0
4,10,2.080093e6,-6.572392915062222,-2.4548467007090164,TIME_LIMIT,232190,0,0,23,0
4,10,2.080402e6,-6.572392915062222,-2.4548467007090164,TIME_LIMIT,232218,0,0,19,0
4,10,2.080708e6,-6.572392915062222,-2.4548467007090164,TIME_LIMIT,232258,0,0,25,0
4,10,2.081005e6,-6.572392915062222,-2.4548467007090164,TIME_LIMIT,232278,0,0,15,0
4,10,2.081318e6,-6.572392915062222,-2.4548467007090164,TIME_LIMIT,232317,0,0,20,0
4,10,2.081659e6,-6.572392915062222,-2.4548467007090164,TIME_LIMIT,232347,0,0,31,0
4,10,2.081971e6,-6.572392915062222,-2.4548467007090164,TIME_LIMIT,232386,0,0,23,0
4,10,2.08227e6,-6.572392915062222,-2.4548467007090164,TIME_LIMIT,232412,0,0,23,0
4,10,2.082566e6,-6.572392915062222,-2.4548467007090164,TIME_LIMIT,232448,0,0,17,0
4,10,2.08288e6,-6.572392915062222,-2.4548467007090164,TIME_LIMIT,232479,0,0,30,0
4,10,2.083178e6,-6.572392915062222,-2.4548467007090164,TIME_LIMIT,232514,0,0,25,0
4,10,2.083485e6,-6.572392915062222,-2.4548467007090164,TIME_LIMIT,232537,0,0,23,0
4,10,2.083779e6,-6.572392915062222,-2.4548467007090164,TIME_LIMIT,232576,0,0,20,0
4,10,2.084122e6,-6.572392915062222,-2.4548467007090164,TIME_LIMIT,232605,0,0,12,0
4,10,2.084424e6,-6.572392915062222,-2.4548467007090164,TIME_LIMIT,232642,0,0,17,0
4,10,2.084738e6,-6.572392915062222,-2.4548467007090164,TIME_LIMIT,232677,0,0,24,0
4,10,2.085072e6,-6.572392915062222,-2.4548467007090164,TIME_LIMIT,232709,0,0,30,0
4,10,2.085384e6,-6.572392915062222,-2.4548467007090164,TIME_LIMIT,232739,0,0,29,0
4,10,2.085683e6,-6.572392915062222,-2.4548467007090164,TIME_LIMIT,232775,0,0,25,0
4,10,2.085978e6,-6.572392915062222,-2.4548467007090164,TIME_LIMIT,232800,0,0,30,0
4,10,2.086285e6,-6.572392915062222,-2.4548467007090164,TIME_LIMIT,232833,0,0,21,0
4,10,2.08658e6,-6.572392915062222,-2.4548467007090164,TIME_LIMIT,232852,0,0,31,0
4,10,2.086922e6,-6.572392915062222,-2.4548467007090164,TIME_LIMIT,232894,0,0,13,0
4,10,2.087218e6,-6.572392915062222,-2.4548467007090164,TIME_LIMIT,232926,0,0,8,0
4,10,2.087528e6,-6.572392915062222,-2.4548467007090164,TIME_LIMIT,232958,0,0,23,0
4,10,2.087842e6,-6.572392915062222,-2.4548467007090164,TIME_LIMIT,232980,0,0,26,0
4,10,2.088144e6,-6.572392915062222,-2.4548467007090164,TIME_LIMIT,233015,0,0,21,0
4,10,2.088443e6,-6.572392915062222,-2.4548467007090164,TIME_LIMIT,233035,0,0,27,0
4,10,2.088781e6,-6.572392915062222,-2.4548467007090164,TIME_LIMIT,233076,0,0,23,0
4,10,2.089082e6,-6.572392915062222,-2.4548467007090164,TIME_LIMIT,233103,0,0,25,0
4,10,2.08942e6,-6.572392915062222,-2.4548467007090164,TIME_LIMIT,233139,0,0,23,0
4,10,2.08972e6,-6.572392915062222,-2.4548467007090164,TIME_LIMIT,233168,0,0,28,0
4,10,2.090026e6,-6.572392915062222,-2.4548467007090164,TIME_LIMIT,233207,0,0,21,0
4,10,2.090328e6,-6.572392915062222,-2.4548467007090164,TIME_LIMIT,233224,0,0,32,0
4,10,2.090635e6,-6.572392915062222,-2.4548467007090164,TIME_LIMIT,233262,0,0,12,0
4,10,2.090938e6,-6.572392915062222,-2.4548467007090164,TIME_LIMIT,233281,0,0,7,0
4,10,2.091235e6,-6.572392915062222,-2.4548467007090164,TIME_LIMIT,233315,0,0,20,0
4,10,2.091545e6,-6.572392915062222,-2.4548467007090164,TIME_LIMIT,233342,0,0,32,0
4,10,2.091844e6,-6.572392915062222,-2.4548467007090164,TIME_LIMIT,233376,0,0,20,0
4,10,2.092183e6,-6.572392915062222,-2.4548467007090164,TIME_LIMIT,233413,0,0,26,0
4,10,2.092533e6,-6.572392915062222,-2.4548467007090164,TIME_LIMIT,233439,0,0,27,0
4,10,2.092837e6,-6.572392915062222,-2.4548467007090164,TIME_LIMIT,233461,0,0,27,0
4,10,2.093146e6,-6.572392915062222,-2.4548467007090164,TIME_LIMIT,233498,0,0,23,0
4,10,2.093445e6,-6.572392915062222,-2.4548467007090164,TIME_LIMIT,233522,0,0,12,0
4,10,2.093747e6,-6.572392915062222,-2.4548467007090164,TIME_LIMIT,233557,0,0,13,0
4,10,2.094055e6,-6.572392915062222,-2.4548467007090164,TIME_LIMIT,233581,0,0,32,0
4,10,2.094352e6,-6.572392915062222,-2.4548467007090164,TIME_LIMIT,233618,0,0,23,0
4,10,2.094694e6,-6.572392915062222,-2.4548467007090164,TIME_LIMIT,233644,0,0,26,0
4,10,2.094995e6,-6.572392915062222,-2.4548467007090164,TIME_LIMIT,233679,0,0,20,0
4,10,2.095302e6,-6.572392915062222,-2.4548467007090164,TIME_LIMIT,233711,0,0,8,0
4,10,2.095602e6,-6.572392915062222,-2.4548467007090164,TIME_LIMIT,233729,0,0,25,0
4,10,2.095911e6,-6.572392915062222,-2.4548467007090164,TIME_LIMIT,233751,0,0,20,0
4,10,2.096213e6,-6.572392915062222,-2.4548467007090164,TIME_LIMIT,233780,0,0,23,0
4,10,2.096547e6,-6.572392915062222,-2.4548467007090164,TIME_LIMIT,233801,0,0,18,0
4,10,2.096842e6,-6.572392915062222,-2.4548467007090164,TIME_LIMIT,233835,0,0,20,0
4,10,2.097151e6,-6.572392915062222,-2.4548467007090164,TIME_LIMIT,233857,0,0,27,0
4,10,2.097493e6,-6.572392915062222,-2.4548467007090164,TIME_LIMIT,233889,0,0,20,0
4,10,2.097791e6,-6.572392915062222,-2.4548467007090164,TIME_LIMIT,233912,0,0,26,0
4,10,2.098099e6,-6.572392915062222,-2.4548467007090164,TIME_LIMIT,233936,0,0,12,0
4,10,2.098399e6,-6.572392915062222,-2.4548467007090164,TIME_LIMIT,233963,0,0,23,0
4,10,2.098709e6,-6.572392915062222,-2.4548467007090164,TIME_LIMIT,233999,0,0,25,0
4,10,2.09901e6,-6.572392915062222,-2.4548467007090164,TIME_LIMIT,234023,0,0,22,0
4,10,2.099317e6,-6.572392915062222,-2.4548467007090164,TIME_LIMIT,234053,0,0,20,0
4,10,2.099615e6,-6.572392915062222,-2.4548467007090164,TIME_LIMIT,234077,0,0,13,0
4,10,2.099924e6,-6.572392915062222,-2.4548467007090164,TIME_LIMIT,234106,0,0,9,0
4,10,2.10027e6,-6.572392915062222,-2.4548467007090164,TIME_LIMIT,234127,0,0,22,0
4,10,2.100567e6,-6.572392915062222,-2.4548467007090164,TIME_LIMIT,234157,0,0,22,0
4,10,2.100874e6,-6.572392915062222,-2.4548467007090164,TIME_LIMIT,234189,0,0,31,0
4,10,2.101173e6,-6.572361296327672,-2.4548467007090164,TIME_LIMIT,234213,0,0,23,0
4,10,2.101484e6,-6.572361296327672,-2.4548467007090164,TIME_LIMIT,234239,0,0,40,0
4,10,2.101781e6,-6.572334496963467,-2.4548467007090164,TIME_LIMIT,234278,0,0,13,0
4,10,2.102093e6,-6.572334496963467,-2.4548467007090164,TIME_LIMIT,234309,0,0,24,0
4,10,2.102394e6,-6.571799018083172,-2.4548467007090164,TIME_LIMIT,234355,0,0,21,0
4,10,2.10274e6,-6.571799018083172,-2.4548467007090164,TIME_LIMIT,234384,0,0,27,0
4,10,2.103051e6,-6.5717885143559425,-2.4548467007090164,TIME_LIMIT,234421,0,0,24,0
4,10,2.103348e6,-6.5717885143559425,-2.4548467007090164,TIME_LIMIT,234448,0,0,29,0
4,10,2.103649e6,-6.5717885143559425,-2.4548467007090164,TIME_LIMIT,234485,0,0,23,0
4,10,2.103955e6,-6.5717885143559425,-2.4548467007090164,TIME_LIMIT,234507,0,0,27,0
4,10,2.104253e6,-6.5717885143559425,-2.4548467007090164,TIME_LIMIT,234545,0,0,23,0
4,10,2.10455e6,-6.5717885143559425,-2.4548467007090164,TIME_LIMIT,234566,0,0,26,0
4,10,2.104858e6,-6.5717885143559425,-2.4548467007090164,TIME_LIMIT,234614,0,0,12,0
4,10,2.105164e6,-6.5717885143559425,-2.4548467007090164,TIME_LIMIT,234634,0,0,24,0
4,10,2.105503e6,-6.5717885143559425,-2.4548467007090164,TIME_LIMIT,234673,0,0,21,0
4,10,2.105812e6,-6.5717885143559425,-2.4548467007090164,TIME_LIMIT,234697,0,0,29,0
4,10,2.106111e6,-6.5717885143559425,-2.4548467007090164,TIME_LIMIT,234729,0,0,16,0
4,10,2.10641e6,-6.5717885143559425,-2.4548467007090164,TIME_LIMIT,234753,0,0,26,0
4,10,2.106721e6,-6.5717885143559425,-2.4548467007090164,TIME_LIMIT,234788,0,0,18,0
4,10,2.107024e6,-6.5717885143559425,-2.4548467007090164,TIME_LIMIT,234810,0,0,21,0
4,10,2.107319e6,-6.57158061269215,-2.4548467007090164,TIME_LIMIT,234845,0,0,22,0
4,10,2.107615e6,-6.57158061269215,-2.4548467007090164,TIME_LIMIT,234876,0,0,29,0
4,10,2.107961e6,-6.571431413186755,-2.4548467007090164,TIME_LIMIT,234921,0,0,25,0
4,10,2.10826e6,-6.571431413186755,-2.4548467007090164,TIME_LIMIT,234942,0,0,16,0
4,10,2.108569e6,-6.571298584477193,-2.4548467007090164,TIME_LIMIT,234977,0,0,9,0
4,10,2.10887e6,-6.571298584477193,-2.4548467007090164,TIME_LIMIT,235007,0,0,30,0
4,10,2.109183e6,-6.571298584477193,-2.4548467007090164,TIME_LIMIT,235056,0,0,25,0
4,10,2.109487e6,-6.571298584477193,-2.4548467007090164,TIME_LIMIT,235087,0,0,34,0
4,10,2.109795e6,-6.571298584477193,-2.4548467007090164,TIME_LIMIT,235126,0,0,22,0
4,10,2.110092e6,-6.571298584477193,-2.4548467007090164,TIME_LIMIT,235156,0,0,24,0
4,10,2.110399e6,-6.571298584477193,-2.4548467007090164,TIME_LIMIT,235208,0,0,30,0
4,10,2.110733e6,-6.571298584477193,-2.4548467007090164,TIME_LIMIT,235231,0,0,30,0
4,10,2.111037e6,-6.571298584477193,-2.4548467007090164,TIME_LIMIT,235277,0,0,11,0
4,10,2.111347e6,-6.571298584477193,-2.4548467007090164,TIME_LIMIT,235299,0,0,32,0
4,10,2.111645e6,-6.571298584477193,-2.4548467007090164,TIME_LIMIT,235345,0,0,19,0
4,10,2.111955e6,-6.571298584477193,-2.4548467007090164,TIME_LIMIT,235373,0,0,35,0
4,10,2.112256e6,-6.571298584477193,-2.4548467007090164,TIME_LIMIT,235413,0,0,17,0
4,10,2.112574e6,-6.571298584477193,-2.4548467007090164,TIME_LIMIT,235441,0,0,37,0
4,10,2.112873e6,-6.571298584477193,-2.4548467007090164,TIME_LIMIT,235485,0,0,23,0
4,10,2.113182e6,-6.571298584477193,-2.4548467007090164,TIME_LIMIT,235507,0,0,38,0
4,10,2.113517e6,-6.571172200060483,-2.4548467007090164,TIME_LIMIT,235550,0,0,23,0
4,10,2.113817e6,-6.571172200060483,-2.4548467007090164,TIME_LIMIT,235577,0,0,36,0
4,10,2.114132e6,-6.571172200060483,-2.4548467007090164,TIME_LIMIT,235617,0,0,26,0
4,10,2.114439e6,-6.571172200060483,-2.4548467007090164,TIME_LIMIT,235645,0,0,41,0
4,10,2.114747e6,-6.571172200060483,-2.4548467007090164,TIME_LIMIT,235686,0,0,27,0
4,10,2.115061e6,-6.571172200060483,-2.4548467007090164,TIME_LIMIT,235709,0,0,31,0
4,10,2.115359e6,-6.571172200060483,-2.4548467007090164,TIME_LIMIT,235752,0,0,20,0
4,10,2.115666e6,-6.571172200060483,-2.4548467007090164,TIME_LIMIT,235779,0,0,30,0
4,10,2.115975e6,-6.571172200060483,-2.4548467007090164,TIME_LIMIT,235814,0,0,18,0
4,10,2.116311e6,-6.571172200060483,-2.4548467007090164,TIME_LIMIT,235842,0,0,18,0
4,10,2.116608e6,-6.571172200060483,-2.4548467007090164,TIME_LIMIT,235877,0,0,31,0
4,10,2.116912e6,-6.571172200060483,-2.4548467007090164,TIME_LIMIT,235902,0,0,37,0
4,10,2.117224e6,-6.571172200060483,-2.4548467007090164,TIME_LIMIT,235933,0,0,25,0
4,10,2.117534e6,-6.571172200060483,-2.4548467007090164,TIME_LIMIT,235966,0,0,43,0
4,10,2.117834e6,-6.571172200060483,-2.4548467007090164,TIME_LIMIT,235997,0,0,21,0
4,10,2.118142e6,-6.571172200060483,-2.4548467007090164,TIME_LIMIT,236017,0,0,16,0
4,10,2.118437e6,-6.571172200060483,-2.4548467007090164,TIME_LIMIT,236057,0,0,26,0
4,10,2.118782e6,-6.571172200060483,-2.4548467007090164,TIME_LIMIT,236080,0,0,23,0
4,10,2.119083e6,-6.5710989504677855,-2.4548467007090164,TIME_LIMIT,236119,0,0,29,0
4,10,2.119387e6,-6.5710989504677855,-2.4548467007090164,TIME_LIMIT,236142,0,0,25,0
4,10,2.119685e6,-6.5710989504677855,-2.4548467007090164,TIME_LIMIT,236182,0,0,21,0
4,10,2.119992e6,-6.5710989504677855,-2.4548467007090164,TIME_LIMIT,236209,0,0,13,0
4,10,2.120296e6,-6.570848501194947,-2.4548467007090164,TIME_LIMIT,236251,0,0,23,0
4,10,2.120613e6,-6.570848501194947,-2.4548467007090164,TIME_LIMIT,236278,0,0,32,0
4,10,2.120919e6,-6.57082137523633,-2.4548467007090164,TIME_LIMIT,236321,0,0,27,0
4,10,2.121227e6,-6.57082137523633,-2.4548467007090164,TIME_LIMIT,236353,0,0,20,0
4,10,2.12157e6,-6.57082137523633,-2.4548467007090164,TIME_LIMIT,236392,0,0,11,0
4,10,2.121868e6,-6.57082137523633,-2.4548467007090164,TIME_LIMIT,236425,0,0,31,0
4,10,2.122175e6,-6.57082137523633,-2.4548467007090164,TIME_LIMIT,236461,0,0,6,0
4,10,2.122484e6,-6.57082137523633,-2.4548467007090164,TIME_LIMIT,236496,0,0,25,0
4,10,2.122796e6,-6.57082137523633,-2.4548467007090164,TIME_LIMIT,236532,0,0,25,0
4,10,2.123093e6,-6.57082137523633,-2.4548467007090164,TIME_LIMIT,236557,0,0,23,0
4,10,2.123397e6,-6.57082137523633,-2.4548467007090164,TIME_LIMIT,236591,0,0,20,0
4,10,2.123707e6,-6.57082137523633,-2.4548467007090164,TIME_LIMIT,236616,0,0,25,0
4,10,2.124022e6,-6.57082137523633,-2.4548467007090164,TIME_LIMIT,236651,0,0,18,0
4,10,2.124351e6,-6.57082137523633,-2.4548467007090164,TIME_LIMIT,236675,0,0,18,0
4,10,2.124647e6,-6.57082137523633,-2.4548467007090164,TIME_LIMIT,236712,0,0,18,0
4,10,2.124958e6,-6.57082137523633,-2.4548467007090164,TIME_LIMIT,236733,0,0,24,0
4,10,2.125249e6,-6.570783316572215,-2.4548467007090164,TIME_LIMIT,236768,0,0,24,0
4,10,2.125551e6,-6.570783316572215,-2.4548467007090164,TIME_LIMIT,236802,0,0,24,0
4,10,2.125861e6,-6.570441792229179,-2.4548467007090164,TIME_LIMIT,236838,0,0,24,0
4,10,2.126162e6,-6.570441792229179,-2.4548467007090164,TIME_LIMIT,236866,0,0,28,0
4,10,2.126503e6,-6.5703466204341,-2.4548467007090164,TIME_LIMIT,236901,0,0,25,0
4,10,2.126841e6,-6.5703466204341,-2.4548467007090164,TIME_LIMIT,236931,0,0,36,0
4,10,2.127144e6,-6.5703466204341,-2.4548467007090164,TIME_LIMIT,236975,0,0,18,0
4,10,2.127453e6,-6.5703466204341,-2.4548467007090164,TIME_LIMIT,237010,0,0,27,0
4,10,2.127752e6,-6.5703466204341,-2.4548467007090164,TIME_LIMIT,237050,0,0,29,0
4,10,2.128061e6,-6.5703466204341,-2.4548467007090164,TIME_LIMIT,237083,0,0,34,0
4,10,2.12836e6,-6.5703466204341,-2.4548467007090164,TIME_LIMIT,237130,0,0,19,0
4,10,2.12867e6,-6.5703466204341,-2.4548467007090164,TIME_LIMIT,237153,0,0,34,0
4,10,2.128965e6,-6.5703466204341,-2.4548467007090164,TIME_LIMIT,237203,0,0,28,0
4,10,2.129267e6,-6.5703466204341,-2.4548467007090164,TIME_LIMIT,237232,0,0,36,0
4,10,2.129618e6,-6.569975498227687,-2.4548467007090164,TIME_LIMIT,237279,0,0,29,0
4,10,2.129937e6,-6.569975498227687,-2.4548467007090164,TIME_LIMIT,237309,0,0,32,0
4,10,2.130251e6,-6.569460593719249,-2.4548467007090164,TIME_LIMIT,237359,0,0,24,0
4,10,2.130562e6,-6.569460593719249,-2.4548467007090164,TIME_LIMIT,237387,0,0,25,0
4,10,2.130863e6,-6.569432240883906,-2.4548467007090164,TIME_LIMIT,237435,0,0,25,0
4,10,2.13117e6,-6.569432240883906,-2.4548467007090164,TIME_LIMIT,237467,0,0,23,0
4,10,2.131468e6,-6.569432240883906,-2.4548467007090164,TIME_LIMIT,237501,0,0,25,0
4,10,2.131775e6,-6.569432240883906,-2.4548467007090164,TIME_LIMIT,237526,0,0,23,0
4,10,2.132073e6,-6.569167535295488,-2.4548467007090164,TIME_LIMIT,237566,0,0,24,0
4,10,2.132416e6,-6.569167535295488,-2.4548467007090164,TIME_LIMIT,237590,0,0,30,0
4,10,2.132735e6,-6.569167535295488,-2.4548467007090164,TIME_LIMIT,237627,0,0,24,0
4,10,2.133032e6,-6.569167535295488,-2.4548467007090164,TIME_LIMIT,237645,0,0,23,0
4,10,2.133329e6,-6.56858420655978,-2.4548467007090164,TIME_LIMIT,237677,0,0,19,0
4,10,2.133644e6,-6.56858420655978,-2.4548467007090164,TIME_LIMIT,237706,0,0,34,0
4,10,2.133982e6,-6.56858420655978,-2.4548467007090164,TIME_LIMIT,237744,0,0,23,0
4,10,2.134284e6,-6.56858420655978,-2.4548467007090164,TIME_LIMIT,237767,0,0,37,0
4,10,2.134602e6,-6.56858420655978,-2.4548467007090164,TIME_LIMIT,237805,0,0,22,0
4,10,2.134896e6,-6.56858420655978,-2.4548467007090164,TIME_LIMIT,237835,0,0,31,0
4,10,2.135235e6,-6.56858420655978,-2.4548467007090164,TIME_LIMIT,237873,0,0,20,0
4,10,2.135535e6,-6.56858420655978,-2.4548467007090164,TIME_LIMIT,237901,0,0,35,0
4,10,2.13584e6,-6.56858420655978,-2.4548467007090164,TIME_LIMIT,237947,0,0,28,0
4,10,2.13615e6,-6.56858420655978,-2.4548467007090164,TIME_LIMIT,237969,0,0,33,0
4,10,2.136449e6,-6.56858420655978,-2.4548467007090164,TIME_LIMIT,238009,0,0,26,0
4,10,2.136762e6,-6.56858420655978,-2.4548467007090164,TIME_LIMIT,238035,0,0,37,0
4,10,2.137065e6,-6.56858420655978,-2.4548467007090164,TIME_LIMIT,238072,0,0,24,0
4,10,2.137383e6,-6.56858420655978,-2.4548467007090164,TIME_LIMIT,238097,0,0,33,0
4,10,2.137712e6,-6.56858420655978,-2.4548467007090164,TIME_LIMIT,238137,0,0,21,0
4,10,2.138046e6,-6.56858420655978,-2.4548467007090164,TIME_LIMIT,238161,0,0,41,0
4,10,2.138347e6,-6.56858420655978,-2.4548467007090164,TIME_LIMIT,238203,0,0,24,0
4,10,2.138658e6,-6.56858420655978,-2.4548467007090164,TIME_LIMIT,238226,0,0,26,0
4,10,2.138957e6,-6.56858420655978,-2.4548467007090164,TIME_LIMIT,238266,0,0,25,0
4,10,2.139262e6,-6.56858420655978,-2.4548467007090164,TIME_LIMIT,238284,0,0,33,0
4,10,2.139558e6,-6.56858420655978,-2.4548467007090164,TIME_LIMIT,238324,0,0,24,0
4,10,2.139867e6,-6.56858420655978,-2.4548467007090164,TIME_LIMIT,238348,0,0,40,0
4,10,2.140163e6,-6.56858420655978,-2.4548467007090164,TIME_LIMIT,238387,0,0,22,0
4,10,2.140506e6,-6.56858420655978,-2.4548467007090164,TIME_LIMIT,238412,0,0,30,0
4,10,2.140812e6,-6.56858420655978,-2.4548467007090164,TIME_LIMIT,238446,0,0,24,0
4,10,2.141116e6,-6.56858420655978,-2.4548467007090164,TIME_LIMIT,238469,0,0,27,0
4,10,2.141426e6,-6.56858420655978,-2.4548467007090164,TIME_LIMIT,238509,0,0,26,0
4,10,2.141736e6,-6.56858420655978,-2.4548467007090164,TIME_LIMIT,238534,0,0,39,0
4,10,2.142034e6,-6.56858420655978,-2.4548467007090164,TIME_LIMIT,238576,0,0,26,0
4,10,2.142343e6,-6.56858420655978,-2.4548467007090164,TIME_LIMIT,238597,0,0,29,0
4,10,2.142636e6,-6.56858420655978,-2.4548467007090164,TIME_LIMIT,238636,0,0,21,0
4,10,2.142931e6,-6.56858420655978,-2.4548467007090164,TIME_LIMIT,238665,0,0,37,0
4,10,2.143283e6,-6.56858420655978,-2.4548467007090164,TIME_LIMIT,238704,0,0,14,0
4,10,2.143581e6,-6.56858420655978,-2.4548467007090164,TIME_LIMIT,238728,0,0,31,0
4,10,2.143878e6,-6.56858420655978,-2.4548467007090164,TIME_LIMIT,238766,0,0,11,0
4,10,2.144188e6,-6.56858420655978,-2.4548467007090164,TIME_LIMIT,238789,0,0,27,0
4,10,2.144489e6,-6.56858420655978,-2.4548467007090164,TIME_LIMIT,238821,0,0,15,0
4,10,2.1448e6,-6.56858420655978,-2.4548467007090164,TIME_LIMIT,238844,0,0,27,0
4,10,2.145099e6,-6.56858420655978,-2.4548467007090164,TIME_LIMIT,238880,0,0,26,0
4,10,2.145409e6,-6.56858420655978,-2.4548467007090164,TIME_LIMIT,238900,0,0,36,0
4,10,2.145705e6,-6.56858420655978,-2.4548467007090164,TIME_LIMIT,238942,0,0,26,0
4,10,2.146059e6,-6.56858420655978,-2.4548467007090164,TIME_LIMIT,238975,0,0,29,0
4,10,2.146354e6,-6.56858420655978,-2.4548467007090164,TIME_LIMIT,239003,0,0,24,0
4,10,2.146654e6,-6.56858420655978,-2.4548467007090164,TIME_LIMIT,239023,0,0,30,0
4,10,2.146967e6,-6.56858420655978,-2.4548467007090164,TIME_LIMIT,239061,0,0,27,0
4,10,2.147265e6,-6.56858420655978,-2.4548467007090164,TIME_LIMIT,239091,0,0,26,0
4,10,2.14756e6,-6.56858420655978,-2.4548467007090164,TIME_LIMIT,239114,0,0,25,0
4,10,2.147858e6,-6.56858420655978,-2.4548467007090164,TIME_LIMIT,239131,0,0,36,0
4,10,2.148167e6,-6.56858420655978,-2.4548467007090164,TIME_LIMIT,239161,0,0,15,0
4,10,2.148467e6,-6.56858420655978,-2.4548467007090164,TIME_LIMIT,239179,0,0,30,0
4,10,2.148803e6,-6.56858420655978,-2.4548467007090164,TIME_LIMIT,239217,0,0,24,0
4,10,2.149111e6,-6.56858420655978,-2.4548467007090164,TIME_LIMIT,239239,0,0,30,0
4,10,2.14942e6,-6.56858420655978,-2.4548467007090164,TIME_LIMIT,239275,0,0,22,0
4,10,2.14972e6,-6.56858420655978,-2.4548467007090164,TIME_LIMIT,239302,0,0,31,0
4,10,2.150028e6,-6.56858420655978,-2.4548467007090164,TIME_LIMIT,239339,0,0,27,0
4,10,2.150324e6,-6.56858420655978,-2.4548467007090164,TIME_LIMIT,239363,0,0,15,0
4,10,2.150638e6,-6.56858420655978,-2.4548467007090164,TIME_LIMIT,239406,0,0,28,0
4,10,2.150941e6,-6.56858420655978,-2.4548467007090164,TIME_LIMIT,239424,0,0,34,0
4,10,2.151236e6,-6.56858420655978,-2.4548467007090164,TIME_LIMIT,239455,0,0,22,0
4,10,2.151576e6,-6.56858420655978,-2.4548467007090164,TIME_LIMIT,239479,0,0,34,0
4,10,2.15188e6,-6.56858420655978,-2.4548467007090164,TIME_LIMIT,239516,0,0,26,0
4,10,2.152191e6,-6.56858420655978,-2.4548467007090164,TIME_LIMIT,239538,0,0,14,0
4,10,2.152498e6,-6.56858420655978,-2.4548467007090164,TIME_LIMIT,239579,0,0,31,0
4,10,2.152793e6,-6.56858420655978,-2.4548467007090164,TIME_LIMIT,239610,0,0,32,0
4,10,2.153088e6,-6.56858420655978,-2.4548467007090164,TIME_LIMIT,239630,0,0,25,0
4,10,2.153386e6,-6.56858420655978,-2.4548467007090164,TIME_LIMIT,239656,0,0,26,0
4,10,2.15369e6,-6.56858420655978,-2.4548467007090164,TIME_LIMIT,239685,0,0,21,0
4,10,2.153995e6,-6.56858420655978,-2.4548467007090164,TIME_LIMIT,239707,0,0,36,0
4,10,2.154327e6,-6.56858420655978,-2.4548467007090164,TIME_LIMIT,239746,0,0,23,0
4,10,2.154631e6,-6.56858420655978,-2.4548467007090164,TIME_LIMIT,239777,0,0,31,0
4,10,2.154939e6,-6.56858420655978,-2.4548467007090164,TIME_LIMIT,239806,0,0,29,0
4,10,2.155237e6,-6.56858420655978,-2.4548467007090164,TIME_LIMIT,239819,0,0,26,0
4,10,2.155535e6,-6.56858420655978,-2.4548467007090164,TIME_LIMIT,239856,0,0,28,0
4,10,2.155846e6,-6.56858420655978,-2.4548467007090164,TIME_LIMIT,239875,0,0,32,0
4,10,2.156139e6,-6.56858420655978,-2.4548467007090164,TIME_LIMIT,239912,0,0,27,0
4,10,2.156436e6,-6.56858420655978,-2.4548467007090164,TIME_LIMIT,239933,0,0,26,0
4,10,2.156742e6,-6.56858420655978,-2.4548467007090164,TIME_LIMIT,239964,0,0,23,0
4,10,2.157077e6,-6.56858420655978,-2.4548467007090164,TIME_LIMIT,239984,0,0,35,0
4,10,2.157388e6,-6.56858420655978,-2.4548467007090164,TIME_LIMIT,240021,0,0,19,0
4,10,2.157685e6,-6.56858420655978,-2.4548467007090164,TIME_LIMIT,240040,0,0,24,0
4,10,2.157981e6,-6.56858420655978,-2.4548467007090164,TIME_LIMIT,240068,0,0,12,0
4,10,2.158281e6,-6.56858420655978,-2.4548467007090164,TIME_LIMIT,240088,0,0,33,0
4,10,2.158588e6,-6.56858420655978,-2.4548467007090164,TIME_LIMIT,240121,0,0,24,0
4,10,2.158892e6,-6.56858420655978,-2.4548467007090164,TIME_LIMIT,240144,0,0,15,0
4,10,2.159198e6,-6.56858420655978,-2.4548467007090164,TIME_LIMIT,240177,0,0,26,0
4,10,2.159512e6,-6.56858420655978,-2.4548467007090164,TIME_LIMIT,240196,0,0,27,0
4,10,2.15985e6,-6.56858420655978,-2.4548467007090164,TIME_LIMIT,240231,0,0,27,0
4,10,2.160155e6,-6.56858420655978,-2.4548467007090164,TIME_LIMIT,240252,0,0,33,0
4,10,2.160455e6,-6.56858420655978,-2.4548467007090164,TIME_LIMIT,240282,0,0,12,0
4,10,2.160767e6,-6.56858420655978,-2.4548467007090164,TIME_LIMIT,240299,0,0,18,0
4,10,2.161063e6,-6.56858420655978,-2.4548467007090164,TIME_LIMIT,240334,0,0,18,0
4,10,2.161375e6,-6.56858420655978,-2.4548467007090164,TIME_LIMIT,240356,0,0,22,0
4,10,2.161671e6,-6.56858420655978,-2.4548467007090164,TIME_LIMIT,240389,0,0,15,0
4,10,2.161979e6,-6.56858420655978,-2.4548467007090164,TIME_LIMIT,240408,0,0,31,0
4,10,2.162291e6,-6.56858420655978,-2.4548467007090164,TIME_LIMIT,240439,0,0,19,0
4,10,2.162621e6,-6.56858420655978,-2.4548467007090164,TIME_LIMIT,240454,0,0,29,0
4,10,2.162916e6,-6.56858420655978,-2.4548467007090164,TIME_LIMIT,240490,0,0,20,0
4,10,2.163228e6,-6.56858420655978,-2.4548467007090164,TIME_LIMIT,240517,0,0,27,0
4,10,2.163531e6,-6.56858420655978,-2.4548467007090164,TIME_LIMIT,240542,0,0,24,0
4,10,2.163842e6,-6.56858420655978,-2.4548467007090164,TIME_LIMIT,240564,0,0,28,0
4,10,2.164139e6,-6.56858420655978,-2.4548467007090164,TIME_LIMIT,240594,0,0,28,0
4,10,2.164446e6,-6.56858420655978,-2.4548467007090164,TIME_LIMIT,240620,0,0,26,0
4,10,2.16474e6,-6.56858420655978,-2.4548467007090164,TIME_LIMIT,240643,0,0,22,0
4,10,2.165047e6,-6.56858420655978,-2.4548467007090164,TIME_LIMIT,240661,0,0,27,0
4,10,2.16539e6,-6.568256467447484,-2.4548467007090164,TIME_LIMIT,240691,0,0,20,0
4,10,2.165688e6,-6.568256467447484,-2.4548467007090164,TIME_LIMIT,240728,0,0,27,0
4,10,2.16599e6,-6.568061167296291,-2.4548467007090164,TIME_LIMIT,240765,0,0,24,0
4,10,2.166297e6,-6.568061167296291,-2.4548467007090164,TIME_LIMIT,240785,0,0,34,0
4,10,2.166599e6,-6.568044611202478,-2.4548467007090164,TIME_LIMIT,240823,0,0,19,0
4,10,2.166907e6,-6.568044611202478,-2.4548467007090164,TIME_LIMIT,240851,0,0,28,0
4,10,2.167205e6,-6.568044611202478,-2.4548467007090164,TIME_LIMIT,240895,0,0,25,0
4,10,2.167511e6,-6.568044611202478,-2.4548467007090164,TIME_LIMIT,240922,0,0,32,0
4,10,2.167848e6,-6.568044611202478,-2.4548467007090164,TIME_LIMIT,240970,0,0,27,0
4,10,2.168194e6,-6.568044611202478,-2.4548467007090164,TIME_LIMIT,241003,0,0,34,0
4,10,2.168489e6,-6.568038429792904,-2.4548467007090164,TIME_LIMIT,241052,0,0,27,0
4,10,2.168802e6,-6.568038429792904,-2.4548467007090164,TIME_LIMIT,241081,0,0,29,0
4,10,2.169099e6,-6.568038429792904,-2.4548467007090164,TIME_LIMIT,241121,0,0,24,0
4,10,2.169396e6,-6.568038429792904,-2.4548467007090164,TIME_LIMIT,241146,0,0,23,0
4,10,2.169706e6,-6.568038429792904,-2.4548467007090164,TIME_LIMIT,241186,0,0,24,0
4,10,2.170002e6,-6.568038429792904,-2.4548467007090164,TIME_LIMIT,241213,0,0,30,0
4,10,2.170312e6,-6.568038429792904,-2.4548467007090164,TIME_LIMIT,241248,0,0,22,0
4,10,2.170618e6,-6.568038429792904,-2.4548467007090164,TIME_LIMIT,241269,0,0,27,0
4,10,2.17095e6,-6.568015315011653,-2.4548467007090164,TIME_LIMIT,241308,0,0,27,0
4,10,2.171274e6,-6.568015315011653,-2.4548467007090164,TIME_LIMIT,241334,0,0,31,0
4,10,2.171587e6,-6.567978745142503,-2.4548467007090164,TIME_LIMIT,241378,0,0,29,0
4,10,2.171898e6,-6.567978745142503,-2.4548467007090164,TIME_LIMIT,241410,0,0,11,0
4,10,2.172195e6,-6.567978745142503,-2.4548467007090164,TIME_LIMIT,241435,0,0,22,0
4,10,2.172505e6,-6.567978745142503,-2.4548467007090164,TIME_LIMIT,241459,0,0,30,0
4,10,2.172799e6,-6.567978745142503,-2.4548467007090164,TIME_LIMIT,241492,0,0,13,0
4,10,2.173109e6,-6.567978745142503,-2.4548467007090164,TIME_LIMIT,241514,0,0,24,0
4,10,2.173415e6,-6.567921967285859,-2.4548467007090164,TIME_LIMIT,241554,0,0,26,0
4,10,2.173751e6,-6.567921967285859,-2.4548467007090164,TIME_LIMIT,241573,0,0,34,0
4,10,2.174061e6,-6.567921967285859,-2.4548467007090164,TIME_LIMIT,241621,0,0,16,0
4,10,2.17436e6,-6.567921967285859,-2.4548467007090164,TIME_LIMIT,241649,0,0,34,0
4,10,2.174658e6,-6.567921967285859,-2.4548467007090164,TIME_LIMIT,241690,0,0,28,0
4,10,2.174972e6,-6.567921967285859,-2.4548467007090164,TIME_LIMIT,241720,0,0,43,0
4,10,2.175311e6,-6.567921967285859,-2.4548467007090164,TIME_LIMIT,241763,0,0,32,0
4,10,2.175621e6,-6.567921967285859,-2.4548467007090164,TIME_LIMIT,241787,0,0,39,0
4,10,2.175921e6,-6.567624598128772,-2.4548467007090164,TIME_LIMIT,241829,0,0,22,0
4,10,2.176233e6,-6.567624598128772,-2.4548467007090164,TIME_LIMIT,241854,0,0,41,0
4,10,2.176561e6,-6.567624598128772,-2.4548467007090164,TIME_LIMIT,241898,0,0,22,0
4,10,2.176861e6,-6.567624598128772,-2.4548467007090164,TIME_LIMIT,241920,0,0,38,0
4,10,2.17717e6,-6.567624598128772,-2.4548467007090164,TIME_LIMIT,241962,0,0,24,0
4,10,2.17747e6,-6.567624598128772,-2.4548467007090164,TIME_LIMIT,241987,0,0,29,0
4,10,2.177767e6,-6.567624598128772,-2.4548467007090164,TIME_LIMIT,242030,0,0,24,0
4,10,2.178075e6,-6.567624598128772,-2.4548467007090164,TIME_LIMIT,242059,0,0,26,0
4,10,2.178374e6,-6.567624598128772,-2.4548467007090164,TIME_LIMIT,242103,0,0,25,0
4,10,2.178685e6,-6.567624598128772,-2.4548467007090164,TIME_LIMIT,242129,0,0,13,0
4,10,2.179017e6,-6.567624598128772,-2.4548467007090164,TIME_LIMIT,242169,0,0,12,0
4,10,2.179356e6,-6.567624598128772,-2.4548467007090164,TIME_LIMIT,242205,0,0,26,0
4,10,2.179656e6,-6.567520361417997,-2.4548467007090164,TIME_LIMIT,242237,0,0,25,0
4,10,2.179968e6,-6.567520361417997,-2.4548467007090164,TIME_LIMIT,242267,0,0,32,0
4,10,2.180266e6,-6.567520361417997,-2.4548467007090164,TIME_LIMIT,242304,0,0,25,0
4,10,2.180577e6,-6.567520361417997,-2.4548467007090164,TIME_LIMIT,242329,0,0,31,0
4,10,2.180875e6,-6.567520361417997,-2.4548467007090164,TIME_LIMIT,242362,0,0,20,0
4,10,2.181183e6,-6.567520361417997,-2.4548467007090164,TIME_LIMIT,242387,0,0,26,0
4,10,2.181481e6,-6.567520361417997,-2.4548467007090164,TIME_LIMIT,242429,0,0,27,0
4,10,2.181792e6,-6.567520361417997,-2.4548467007090164,TIME_LIMIT,242454,0,0,27,0
4,10,2.182135e6,-6.567495142832376,-2.4548467007090164,TIME_LIMIT,242491,0,0,22,0
4,10,2.182432e6,-6.567495142832376,-2.4548467007090164,TIME_LIMIT,242517,0,0,25,0
4,10,2.182745e6,-6.567495142832376,-2.4548467007090164,TIME_LIMIT,242559,0,0,17,0
4,10,2.183045e6,-6.567495142832376,-2.4548467007090164,TIME_LIMIT,242590,0,0,20,0
4,10,2.183341e6,-6.567096751195722,-2.4548467007090164,TIME_LIMIT,242627,0,0,17,0
4,10,2.183655e6,-6.567096751195722,-2.4548467007090164,TIME_LIMIT,242671,0,0,30,0
4,10,2.183963e6,-6.567090422489834,-2.4548467007090164,TIME_LIMIT,242699,0,0,27,0
4,10,2.184273e6,-6.567090422489834,-2.4548467007090164,TIME_LIMIT,242724,0,0,32,0
4,10,2.184573e6,-6.566947817069701,-2.4548467007090164,TIME_LIMIT,242762,0,0,24,0
4,10,2.184912e6,-6.566947817069701,-2.4548467007090164,TIME_LIMIT,242786,0,0,26,0
4,10,2.185212e6,-6.566552825701688,-2.4548467007090164,TIME_LIMIT,242828,0,0,24,0
4,10,2.185523e6,-6.566552825701688,-2.4548467007090164,TIME_LIMIT,242843,0,0,27,0
4,10,2.185823e6,-6.566552825701688,-2.4548467007090164,TIME_LIMIT,242881,0,0,25,0
4,10,2.18613e6,-6.566552825701688,-2.4548467007090164,TIME_LIMIT,242907,0,0,32,0
4,10,2.186438e6,-6.566239446048508,-2.4548467007090164,TIME_LIMIT,242939,0,0,14,0
4,10,2.186749e6,-6.566239446048508,-2.4548467007090164,TIME_LIMIT,242965,0,0,28,0
4,10,2.187049e6,-6.566239446048508,-2.4548467007090164,TIME_LIMIT,243015,0,0,11,0
4,10,2.187357e6,-6.566239446048508,-2.4548467007090164,TIME_LIMIT,243045,0,0,34,0
4,10,2.187686e6,-6.566239446048508,-2.4548467007090164,TIME_LIMIT,243089,0,0,26,0
4,10,2.188007e6,-6.566239446048508,-2.4548467007090164,TIME_LIMIT,243117,0,0,28,0
4,10,2.188306e6,-6.566239446048508,-2.4548467007090164,TIME_LIMIT,243167,0,0,29,0
4,10,2.188615e6,-6.566239446048508,-2.4548467007090164,TIME_LIMIT,243190,0,0,29,0
4,10,2.188913e6,-6.566239446048508,-2.4548467007090164,TIME_LIMIT,243233,0,0,24,0
4,10,2.18925e6,-6.566239446048508,-2.4548467007090164,TIME_LIMIT,243265,0,0,36,0
4,10,2.189571e6,-6.566239446048508,-2.4548467007090164,TIME_LIMIT,243311,0,0,24,0
4,10,2.189883e6,-6.566239446048508,-2.4548467007090164,TIME_LIMIT,243340,0,0,37,0
4,10,2.190205e6,-6.566239446048508,-2.4548467007090164,TIME_LIMIT,243388,0,0,25,0
4,10,2.19055e6,-6.566239446048508,-2.4548467007090164,TIME_LIMIT,243415,0,0,18,0
4,10,2.190852e6,-6.566239446048508,-2.4548467007090164,TIME_LIMIT,243461,0,0,26,0
4,10,2.191166e6,-6.566239446048508,-2.4548467007090164,TIME_LIMIT,243485,0,0,26,0
4,10,2.191466e6,-6.566239446048508,-2.4548467007090164,TIME_LIMIT,243529,0,0,9,0
4,10,2.191776e6,-6.566239446048508,-2.4548467007090164,TIME_LIMIT,243569,0,0,30,0
4,10,2.192081e6,-6.566195096579941,-2.4548467007090164,TIME_LIMIT,243602,0,0,24,0
4,10,2.192382e6,-6.566195096579941,-2.4548467007090164,TIME_LIMIT,243624,0,0,25,0
4,10,2.192681e6,-6.566099538209491,-2.4548467007090164,TIME_LIMIT,243664,0,0,23,0
4,10,2.192992e6,-6.566099538209491,-2.4548467007090164,TIME_LIMIT,243699,0,0,11,0
4,10,2.193299e6,-6.566026176870757,-2.4548467007090164,TIME_LIMIT,243743,0,0,28,0
4,10,2.193635e6,-6.566026176870757,-2.4548467007090164,TIME_LIMIT,243767,0,0,41,0
4,10,2.193962e6,-6.566026176870757,-2.4548467007090164,TIME_LIMIT,243819,0,0,28,0
4,10,2.194259e6,-6.566026176870757,-2.4548467007090164,TIME_LIMIT,243846,0,0,30,0
4,10,2.194573e6,-6.566026176870757,-2.4548467007090164,TIME_LIMIT,243896,0,0,32,0
4,10,2.194873e6,-6.566026176870757,-2.4548467007090164,TIME_LIMIT,243924,0,0,33,0
4,10,2.195173e6,-6.565881005143083,-2.4548467007090164,TIME_LIMIT,243972,0,0,31,0
4,10,2.195483e6,-6.565881005143083,-2.4548467007090164,TIME_LIMIT,243995,0,0,31,0
4,10,2.195779e6,-6.565667329521119,-2.4548467007090164,TIME_LIMIT,244032,0,0,24,0
4,10,2.196083e6,-6.565667329521119,-2.4548467007090164,TIME_LIMIT,244063,0,0,34,0
4,10,2.19642e6,-6.565600229008377,-2.4548467007090164,TIME_LIMIT,244107,0,0,28,0
4,10,2.196717e6,-6.565600229008377,-2.4548467007090164,TIME_LIMIT,244143,0,0,31,0
4,10,2.197025e6,-6.565600229008377,-2.4548467007090164,TIME_LIMIT,244174,0,0,22,0
4,10,2.197322e6,-6.565600229008377,-2.4548467007090164,TIME_LIMIT,244190,0,0,33,0
4,10,2.197623e6,-6.565600229008377,-2.4548467007090164,TIME_LIMIT,244227,0,0,24,0
4,10,2.197934e6,-6.565600229008377,-2.4548467007090164,TIME_LIMIT,244251,0,0,27,0
4,10,2.198231e6,-6.565600229008377,-2.4548467007090164,TIME_LIMIT,244286,0,0,22,0
4,10,2.198544e6,-6.565600229008377,-2.4548467007090164,TIME_LIMIT,244309,0,0,30,0
4,10,2.19884e6,-6.565600229008377,-2.4548467007090164,TIME_LIMIT,244345,0,0,21,0
4,10,2.199179e6,-6.565600229008377,-2.4548467007090164,TIME_LIMIT,244365,0,0,20,0
4,10,2.199479e6,-6.565600229008377,-2.4548467007090164,TIME_LIMIT,244402,0,0,22,0
4,10,2.199788e6,-6.565600229008377,-2.4548467007090164,TIME_LIMIT,244427,0,0,24,0
4,10,2.200085e6,-6.565600229008377,-2.4548467007090164,TIME_LIMIT,244467,0,0,14,0
4,10,2.200401e6,-6.565600229008377,-2.4548467007090164,TIME_LIMIT,244490,0,0,14,0
4,10,2.200709e6,-6.565600229008377,-2.4548467007090164,TIME_LIMIT,244529,0,0,24,0
4,10,2.201023e6,-6.565600229008377,-2.4548467007090164,TIME_LIMIT,244554,0,0,14,0
4,10,2.201344e6,-6.565561221441261,-2.4548467007090164,TIME_LIMIT,244589,0,0,23,0
4,10,2.201655e6,-6.565561221441261,-2.4548467007090164,TIME_LIMIT,244609,0,0,32,0
4,10,2.202009e6,-6.565221889751326,-2.4548467007090164,TIME_LIMIT,244658,0,0,13,0
4,10,2.202319e6,-6.565221889751326,-2.4548467007090164,TIME_LIMIT,244682,0,0,23,0
4,10,2.202626e6,-6.565118977313262,-2.4548467007090164,TIME_LIMIT,244723,0,0,23,0
4,10,2.202948e6,-6.565118977313262,-2.4548467007090164,TIME_LIMIT,244744,0,0,25,0
4,10,2.203257e6,-6.565090878863991,-2.4548467007090164,TIME_LIMIT,244776,0,0,22,0
4,10,2.203581e6,-6.565090878863991,-2.4548467007090164,TIME_LIMIT,244799,0,0,28,0
4,10,2.203892e6,-6.564977890282178,-2.4548467007090164,TIME_LIMIT,244835,0,0,24,0
4,10,2.204218e6,-6.564977890282178,-2.4548467007090164,TIME_LIMIT,244860,0,0,32,0
4,10,2.204526e6,-6.564977890282178,-2.4548467007090164,TIME_LIMIT,244900,0,0,12,0
4,10,2.204844e6,-6.564977890282178,-2.4548467007090164,TIME_LIMIT,244932,0,0,24,0
4,10,2.205199e6,-6.564897083585842,-2.4548467007090164,TIME_LIMIT,244963,0,0,26,0
4,10,2.205504e6,-6.564897083585842,-2.4548467007090164,TIME_LIMIT,244994,0,0,29,0
4,10,2.205819e6,-6.5648618678127,-2.4548467007090164,TIME_LIMIT,245025,0,0,19,0
4,10,2.206127e6,-6.5648618678127,-2.4548467007090164,TIME_LIMIT,245046,0,0,30,0
4,10,2.206436e6,-6.564136245945596,-2.4548467007090164,TIME_LIMIT,245087,0,0,15,0
4,10,2.20676e6,-6.564136245945596,-2.4548467007090164,TIME_LIMIT,245114,0,0,28,0
4,10,2.207077e6,-6.564118159710487,-2.4548467007090164,TIME_LIMIT,245153,0,0,27,0
4,10,2.207385e6,-6.564118159710487,-2.4548467007090164,TIME_LIMIT,245186,0,0,28,0
4,10,2.207699e6,-6.564118159710487,-2.4548467007090164,TIME_LIMIT,245218,0,0,29,0
4,10,2.208046e6,-6.564118159710487,-2.4548467007090164,TIME_LIMIT,245240,0,0,29,0
4,10,2.208351e6,-6.564118159710487,-2.4548467007090164,TIME_LIMIT,245277,0,0,26,0
4,10,2.208678e6,-6.564118159710487,-2.4548467007090164,TIME_LIMIT,245299,0,0,19,0
4,10,2.209006e6,-6.56411545758653,-2.4548467007090164,TIME_LIMIT,245338,0,0,14,0
4,10,2.209332e6,-6.56411545758653,-2.4548467007090164,TIME_LIMIT,245366,0,0,26,0
4,10,2.209643e6,-6.5640411421213845,-2.4548467007090164,TIME_LIMIT,245404,0,0,20,0
4,10,2.209961e6,-6.5640411421213845,-2.4548467007090164,TIME_LIMIT,245428,0,0,47,0
4,10,2.210289e6,-6.563920626720293,-2.4548467007090164,TIME_LIMIT,245475,0,0,23,0
4,10,2.210608e6,-6.563920626720293,-2.4548467007090164,TIME_LIMIT,245504,0,0,29,0
4,10,2.210947e6,-6.563836487108445,-2.4548467007090164,TIME_LIMIT,245536,0,0,19,0
4,10,2.211254e6,-6.563836487108445,-2.4548467007090164,TIME_LIMIT,245568,0,0,29,0
4,10,2.211572e6,-6.563752313465644,-2.4548467007090164,TIME_LIMIT,245613,0,0,25,0
4,10,2.211881e6,-6.563752313465644,-2.4548467007090164,TIME_LIMIT,245633,0,0,27,0
4,10,2.2122e6,-6.563306646122691,-2.4548467007090164,TIME_LIMIT,245665,0,0,24,0
4,10,2.212509e6,-6.563306646122691,-2.4548467007090164,TIME_LIMIT,245688,0,0,38,0
4,10,2.21285e6,-6.563306646122691,-2.4548467007090164,TIME_LIMIT,245739,0,0,28,0
4,10,2.213169e6,-6.563306646122691,-2.4548467007090164,TIME_LIMIT,245760,0,0,34,0
4,10,2.213472e6,-6.5632519797152105,-2.4548467007090164,TIME_LIMIT,245805,0,0,23,0
4,10,2.213792e6,-6.5632519797152105,-2.4548467007090164,TIME_LIMIT,245836,0,0,11,0
4,10,2.214128e6,-6.5629849187489135,-2.4548467007090164,TIME_LIMIT,245861,0,0,27,0
4,10,2.214431e6,-6.5629849187489135,-2.4548467007090164,TIME_LIMIT,245884,0,0,26,0
4,10,2.214743e6,-6.562834257776068,-2.4548467007090164,TIME_LIMIT,245922,0,0,33,0
4,10,2.215044e6,-6.562834257776068,-2.4548467007090164,TIME_LIMIT,245947,0,0,27,0
4,10,2.215346e6,-6.562528904647463,-2.4548467007090164,TIME_LIMIT,245984,0,0,24,0
4,10,2.21566e6,-6.562528904647463,-2.4548467007090164,TIME_LIMIT,246006,0,0,39,0
4,10,2.215964e6,-6.562450980204259,-2.4548467007090164,TIME_LIMIT,246051,0,0,19,0
4,10,2.216271e6,-6.562450980204259,-2.4548467007090164,TIME_LIMIT,246080,0,0,26,0
4,10,2.216596e6,-6.562450980204259,-2.4548467007090164,TIME_LIMIT,246105,0,0,20,0
4,10,2.216936e6,-6.562450980204259,-2.4548467007090164,TIME_LIMIT,246129,0,0,18,0
4,10,2.217236e6,-6.562450980204259,-2.4548467007090164,TIME_LIMIT,246158,0,0,24,0
4,10,2.217551e6,-6.562450980204259,-2.4548467007090164,TIME_LIMIT,246187,0,0,29,0
4,10,2.217848e6,-6.562302198734207,-2.4548467007090164,TIME_LIMIT,246213,0,0,26,0
4,10,2.21815e6,-6.562302198734207,-2.4548467007090164,TIME_LIMIT,246243,0,0,30,0
4,10,2.218466e6,-6.562302198734207,-2.4548467007090164,TIME_LIMIT,246287,0,0,27,0
4,10,2.218768e6,-6.562302198734207,-2.4548467007090164,TIME_LIMIT,246309,0,0,28,0
4,10,2.219079e6,-6.562080151595121,-2.4548467007090164,TIME_LIMIT,246353,0,0,27,0
4,10,2.219379e6,-6.562080151595121,-2.4548467007090164,TIME_LIMIT,246371,0,0,33,0
4,10,2.219721e6,-6.562080151595121,-2.4548467007090164,TIME_LIMIT,246419,0,0,21,0
4,10,2.220034e6,-6.562080151595121,-2.4548467007090164,TIME_LIMIT,246443,0,0,11,0
4,10,2.220387e6,-6.562080151595121,-2.4548467007090164,TIME_LIMIT,246480,0,0,8,0
4,10,2.220702e6,-6.562080151595121,-2.4548467007090164,TIME_LIMIT,246519,0,0,27,0
4,10,2.221002e6,-6.561748379032231,-2.4548467007090164,TIME_LIMIT,246549,0,0,27,0
4,10,2.221313e6,-6.561748379032231,-2.4548467007090164,TIME_LIMIT,246571,0,0,29,0
4,10,2.22161e6,-6.561710631957354,-2.4548467007090164,TIME_LIMIT,246604,0,0,21,0
4,10,2.221918e6,-6.561710631957354,-2.4548467007090164,TIME_LIMIT,246634,0,0,32,0
4,10,2.222215e6,-6.56166803655694,-2.4548467007090164,TIME_LIMIT,246679,0,0,24,0
4,10,2.222528e6,-6.56166803655694,-2.4548467007090164,TIME_LIMIT,246701,0,0,43,0
4,10,2.222859e6,-6.56166803655694,-2.4548467007090164,TIME_LIMIT,246745,0,0,30,0
4,10,2.223165e6,-6.56166803655694,-2.4548467007090164,TIME_LIMIT,246769,0,0,42,0
4,10,2.22347e6,-6.56166803655694,-2.4548467007090164,TIME_LIMIT,246813,0,0,21,0
4,10,2.223783e6,-6.56166803655694,-2.4548467007090164,TIME_LIMIT,246843,0,0,35,0
4,10,2.224114e6,-6.56166803655694,-2.4548467007090164,TIME_LIMIT,246882,0,0,13,0
4,10,2.224424e6,-6.56166803655694,-2.4548467007090164,TIME_LIMIT,246914,0,0,32,0
4,10,2.224724e6,-6.56166803655694,-2.4548467007090164,TIME_LIMIT,246957,0,0,35,0
4,10,2.225032e6,-6.56166803655694,-2.4548467007090164,TIME_LIMIT,246985,0,0,33,0
4,10,2.225326e6,-6.56166803655694,-2.4548467007090164,TIME_LIMIT,247021,0,0,23,0
4,10,2.225656e6,-6.56166803655694,-2.4548467007090164,TIME_LIMIT,247044,0,0,36,0
4,10,2.225956e6,-6.56166803655694,-2.4548467007090164,TIME_LIMIT,247082,0,0,11,0
4,10,2.226273e6,-6.56166803655694,-2.4548467007090164,TIME_LIMIT,247102,0,0,37,0
4,10,2.226578e6,-6.56166803655694,-2.4548467007090164,TIME_LIMIT,247144,0,0,23,0
4,10,2.226891e6,-6.56166803655694,-2.4548467007090164,TIME_LIMIT,247163,0,0,30,0
4,10,2.227194e6,-6.56166803655694,-2.4548467007090164,TIME_LIMIT,247200,0,0,24,0
4,10,2.227512e6,-6.56166803655694,-2.4548467007090164,TIME_LIMIT,247221,0,0,33,0
4,10,2.227807e6,-6.56166803655694,-2.4548467007090164,TIME_LIMIT,247253,0,0,25,0
4,10,2.228116e6,-6.56166803655694,-2.4548467007090164,TIME_LIMIT,247276,0,0,32,0
4,10,2.228456e6,-6.56166803655694,-2.4548467007090164,TIME_LIMIT,247312,0,0,19,0
4,10,2.22876e6,-6.56166803655694,-2.4548467007090164,TIME_LIMIT,247336,0,0,23,0
4,10,2.229071e6,-6.56166803655694,-2.4548467007090164,TIME_LIMIT,247375,0,0,11,0
4,10,2.229374e6,-6.56166803655694,-2.4548467007090164,TIME_LIMIT,247404,0,0,27,0
4,10,2.229682e6,-6.56166803655694,-2.4548467007090164,TIME_LIMIT,247449,0,0,15,0
4,10,2.229985e6,-6.56166803655694,-2.4548467007090164,TIME_LIMIT,247471,0,0,32,0
4,10,2.230291e6,-6.561409142728095,-2.4548467007090164,TIME_LIMIT,247505,0,0,25,0
4,10,2.230587e6,-6.561409142728095,-2.4548467007090164,TIME_LIMIT,247529,0,0,34,0
4,10,2.230884e6,-6.561390995951372,-2.4548467007090164,TIME_LIMIT,247574,0,0,29,0
4,10,2.231194e6,-6.561390995951372,-2.4548467007090164,TIME_LIMIT,247600,0,0,32,0
4,10,2.23153e6,-6.561006524611402,-2.4548467007090164,TIME_LIMIT,247639,0,0,27,0
4,10,2.231844e6,-6.561006524611402,-2.4548467007090164,TIME_LIMIT,247673,0,0,30,0
4,10,2.23216e6,-6.560883110168346,-2.4548467007090164,TIME_LIMIT,247717,0,0,25,0
4,10,2.232465e6,-6.560883110168346,-2.4548467007090164,TIME_LIMIT,247738,0,0,27,0
4,10,2.232763e6,-6.560883110168346,-2.4548467007090164,TIME_LIMIT,247774,0,0,23,0
4,10,2.233074e6,-6.560883110168346,-2.4548467007090164,TIME_LIMIT,247795,0,0,27,0
4,10,2.233379e6,-6.560883110168346,-2.4548467007090164,TIME_LIMIT,247832,0,0,18,0
4,10,2.233673e6,-6.560883110168346,-2.4548467007090164,TIME_LIMIT,247853,0,0,26,0
4,10,2.23397e6,-6.560883110168346,-2.4548467007090164,TIME_LIMIT,247887,0,0,24,0
4,10,2.234313e6,-6.560883110168346,-2.4548467007090164,TIME_LIMIT,247908,0,0,24,0
4,10,2.234615e6,-6.560883110168346,-2.4548467007090164,TIME_LIMIT,247942,0,0,23,0
4,10,2.234929e6,-6.560883110168346,-2.4548467007090164,TIME_LIMIT,247961,0,0,23,0
4,10,2.235226e6,-6.560883110168346,-2.4548467007090164,TIME_LIMIT,247992,0,0,21,0
4,10,2.235532e6,-6.560883110168346,-2.4548467007090164,TIME_LIMIT,248008,0,0,14,0
4,10,2.235834e6,-6.560883110168346,-2.4548467007090164,TIME_LIMIT,248039,0,0,21,0
4,10,2.236142e6,-6.560883110168346,-2.4548467007090164,TIME_LIMIT,248062,0,0,28,0
4,10,2.236437e6,-6.560883110168346,-2.4548467007090164,TIME_LIMIT,248091,0,0,20,0
4,10,2.23673e6,-6.560883110168346,-2.4548467007090164,TIME_LIMIT,248106,0,0,24,0
4,10,2.237042e6,-6.560883110168346,-2.4548467007090164,TIME_LIMIT,248140,0,0,21,0
4,10,2.237389e6,-6.560883110168346,-2.4548467007090164,TIME_LIMIT,248159,0,0,23,0
4,10,2.237687e6,-6.560883110168346,-2.4548467007090164,TIME_LIMIT,248191,0,0,22,0
4,10,2.238e6,-6.560883110168346,-2.4548467007090164,TIME_LIMIT,248209,0,0,20,0
4,10,2.238297e6,-6.560883110168346,-2.4548467007090164,TIME_LIMIT,248238,0,0,21,0
4,10,2.238608e6,-6.560883110168346,-2.4548467007090164,TIME_LIMIT,248255,0,0,19,0
4,10,2.238908e6,-6.560883110168346,-2.4548467007090164,TIME_LIMIT,248281,0,0,19,0
4,10,2.239217e6,-6.560883110168346,-2.4548467007090164,TIME_LIMIT,248297,0,0,23,0
4,10,2.239514e6,-6.560883110168346,-2.4548467007090164,TIME_LIMIT,248332,0,0,13,0
4,10,2.239825e6,-6.560883110168346,-2.4548467007090164,TIME_LIMIT,248347,0,0,22,0
4,10,2.240172e6,-6.560792096949328,-2.4548467007090164,TIME_LIMIT,248379,0,0,19,0
4,10,2.240469e6,-6.560792096949328,-2.4548467007090164,TIME_LIMIT,248404,0,0,15,0
4,10,2.240771e6,-6.560646015341607,-2.4548467007090164,TIME_LIMIT,248442,0,0,24,0
4,10,2.241083e6,-6.560646015341607,-2.4548467007090164,TIME_LIMIT,248471,0,0,23,0
4,10,2.241381e6,-6.560561534629151,-2.4548467007090164,TIME_LIMIT,248500,0,0,25,0
4,10,2.241693e6,-6.560561534629151,-2.4548467007090164,TIME_LIMIT,248518,0,0,25,0
4,10,2.241998e6,-6.560502451439275,-2.4548467007090164,TIME_LIMIT,248547,0,0,21,0
4,10,2.242315e6,-6.560502451439275,-2.4548467007090164,TIME_LIMIT,248583,0,0,31,0
4,10,2.242616e6,-6.560502451439275,-2.4548467007090164,TIME_LIMIT,248625,0,0,23,0
4,10,2.242934e6,-6.560502451439275,-2.4548467007090164,TIME_LIMIT,248647,0,0,28,0
4,10,2.243264e6,-6.560502451439275,-2.4548467007090164,TIME_LIMIT,248693,0,0,26,0
4,10,2.243564e6,-6.560502451439275,-2.4548467007090164,TIME_LIMIT,248716,0,0,26,0
4,10,2.243874e6,-6.560502451439275,-2.4548467007090164,TIME_LIMIT,248755,0,0,26,0
4,10,2.244171e6,-6.560502451439275,-2.4548467007090164,TIME_LIMIT,248777,0,0,25,0
4,10,2.244472e6,-6.560502451439275,-2.4548467007090164,TIME_LIMIT,248819,0,0,23,0
4,10,2.244786e6,-6.560502451439275,-2.4548467007090164,TIME_LIMIT,248848,0,0,30,0
4,10,2.245086e6,-6.560502451439275,-2.4548467007090164,TIME_LIMIT,248881,0,0,17,0
4,10,2.245395e6,-6.560502451439275,-2.4548467007090164,TIME_LIMIT,248903,0,0,26,0
4,10,2.245695e6,-6.560502451439275,-2.4548467007090164,TIME_LIMIT,248951,0,0,25,0
4,10,2.246038e6,-6.560502451439275,-2.4548467007090164,TIME_LIMIT,248978,0,0,20,0
4,10,2.246341e6,-6.560502451439275,-2.4548467007090164,TIME_LIMIT,249015,0,0,26,0
4,10,2.246657e6,-6.560502451439275,-2.4548467007090164,TIME_LIMIT,249048,0,0,28,0
4,10,2.246955e6,-6.560502451439275,-2.4548467007090164,TIME_LIMIT,249092,0,0,23,0
4,10,2.247265e6,-6.560502451439275,-2.4548467007090164,TIME_LIMIT,249123,0,0,30,0
4,10,2.247564e6,-6.560502451439275,-2.4548467007090164,TIME_LIMIT,249161,0,0,35,0
4,10,2.247876e6,-6.560502451439275,-2.4548467007090164,TIME_LIMIT,249184,0,0,13,0
4,10,2.248173e6,-6.560502451439275,-2.4548467007090164,TIME_LIMIT,249224,0,0,20,0
4,10,2.248485e6,-6.560502451439275,-2.4548467007090164,TIME_LIMIT,249245,0,0,29,0
4,10,2.24879e6,-6.560502451439275,-2.4548467007090164,TIME_LIMIT,249289,0,0,23,0
4,10,2.249132e6,-6.560502451439275,-2.4548467007090164,TIME_LIMIT,249312,0,0,23,0
4,10,2.249442e6,-6.5604437567218765,-2.4548467007090164,TIME_LIMIT,249349,0,0,22,0
4,10,2.249744e6,-6.5604437567218765,-2.4548467007090164,TIME_LIMIT,249374,0,0,31,0
4,10,2.25005e6,-6.5601182874389625,-2.4548467007090164,TIME_LIMIT,249409,0,0,25,0
4,10,2.250364e6,-6.5601182874389625,-2.4548467007090164,TIME_LIMIT,249446,0,0,27,0
4,10,2.250659e6,-6.5601182874389625,-2.4548467007090164,TIME_LIMIT,249494,0,0,13,0
4,10,2.250959e6,-6.5601182874389625,-2.4548467007090164,TIME_LIMIT,249522,0,0,28,0
4,10,2.251271e6,-6.5601182874389625,-2.4548467007090164,TIME_LIMIT,249569,0,0,27,0
4,10,2.251571e6,-6.5601182874389625,-2.4548467007090164,TIME_LIMIT,249600,0,0,34,0
4,10,2.25191e6,-6.56005472080801,-2.4548467007090164,TIME_LIMIT,249645,0,0,14,0
4,10,2.252214e6,-6.56005472080801,-2.4548467007090164,TIME_LIMIT,249664,0,0,32,0
4,10,2.252514e6,-6.56005472080801,-2.4548467007090164,TIME_LIMIT,249703,0,0,28,0
4,10,2.252823e6,-6.56005472080801,-2.4548467007090164,TIME_LIMIT,249722,0,0,29,0
4,10,2.253119e6,-6.559714171755807,-2.4548467007090164,TIME_LIMIT,249759,0,0,21,0
4,10,2.25342e6,-6.559714171755807,-2.4548467007090164,TIME_LIMIT,249784,0,0,15,0
4,10,2.25373e6,-6.559509758591116,-2.4548467007090164,TIME_LIMIT,249820,0,0,22,0
4,10,2.254026e6,-6.559509758591116,-2.4548467007090164,TIME_LIMIT,249845,0,0,29,0
4,10,2.254325e6,-6.559074382120505,-2.4548467007090164,TIME_LIMIT,249883,0,0,28,0
4,10,2.254637e6,-6.559074382120505,-2.4548467007090164,TIME_LIMIT,249915,0,0,20,0
4,10,2.254984e6,-6.559074382120505,-2.4548467007090164,TIME_LIMIT,249946,0,0,26,0
4,10,2.25528e6,-6.559074382120505,-2.4548467007090164,TIME_LIMIT,249971,0,0,13,0
4,10,2.255591e6,-6.559074382120505,-2.4548467007090164,TIME_LIMIT,250002,0,0,22,0
4,10,2.25589e6,-6.559074382120505,-2.4548467007090164,TIME_LIMIT,250020,0,0,24,0
4,10,2.256203e6,-6.559066121331654,-2.4548467007090164,TIME_LIMIT,250058,0,0,22,0
4,10,2.256509e6,-6.559066121331654,-2.4548467007090164,TIME_LIMIT,250083,0,0,37,0
4,10,2.256811e6,-6.558866341735687,-2.4548467007090164,TIME_LIMIT,250131,0,0,25,0
4,10,2.257131e6,-6.558866341735687,-2.4548467007090164,TIME_LIMIT,250152,0,0,28,0
4,10,2.257443e6,-6.558866341735687,-2.4548467007090164,TIME_LIMIT,250187,0,0,21,0
4,10,2.257756e6,-6.558866341735687,-2.4548467007090164,TIME_LIMIT,250215,0,0,37,0
4,10,2.258104e6,-6.558806702790741,-2.4548467007090164,TIME_LIMIT,250249,0,0,21,0
4,10,2.258408e6,-6.558806702790741,-2.4548467007090164,TIME_LIMIT,250269,0,0,20,0
4,10,2.258719e6,-6.558806702790741,-2.4548467007090164,TIME_LIMIT,250310,0,0,28,0
4,10,2.259013e6,-6.558806702790741,-2.4548467007090164,TIME_LIMIT,250326,0,0,22,0
4,10,2.259314e6,-6.558582311525621,-2.4548467007090164,TIME_LIMIT,250367,0,0,24,0
4,10,2.259636e6,-6.558582311525621,-2.4548467007090164,TIME_LIMIT,250397,0,0,25,0
4,10,2.259935e6,-6.558582311525621,-2.4548467007090164,TIME_LIMIT,250442,0,0,29,0
4,10,2.260246e6,-6.558582311525621,-2.4548467007090164,TIME_LIMIT,250464,0,0,33,0
4,10,2.260554e6,-6.558582311525621,-2.4548467007090164,TIME_LIMIT,250510,0,0,26,0
4,10,2.260894e6,-6.558582311525621,-2.4548467007090164,TIME_LIMIT,250533,0,0,22,0
4,10,2.261212e6,-6.558582311525621,-2.4548467007090164,TIME_LIMIT,250576,0,0,24,0
4,10,2.261524e6,-6.558582311525621,-2.4548467007090164,TIME_LIMIT,250603,0,0,26,0
4,10,2.261825e6,-6.558582311525621,-2.4548467007090164,TIME_LIMIT,250647,0,0,25,0
4,10,2.262134e6,-6.558582311525621,-2.4548467007090164,TIME_LIMIT,250677,0,0,28,0
4,10,2.262434e6,-6.558582311525621,-2.4548467007090164,TIME_LIMIT,250702,0,0,25,0
4,10,2.262746e6,-6.558582311525621,-2.4548467007090164,TIME_LIMIT,250736,0,0,35,0
4,10,2.263047e6,-6.558582311525621,-2.4548467007090164,TIME_LIMIT,250779,0,0,25,0
4,10,2.263356e6,-6.558582311525621,-2.4548467007090164,TIME_LIMIT,250810,0,0,33,0
4,10,2.263654e6,-6.558582311525621,-2.4548467007090164,TIME_LIMIT,250849,0,0,23,0
4,10,2.263999e6,-6.558582311525621,-2.4548467007090164,TIME_LIMIT,250873,0,0,21,0
4,10,2.264307e6,-6.558582311525621,-2.4548467007090164,TIME_LIMIT,250917,0,0,20,0
4,10,2.264638e6,-6.558582311525621,-2.4548467007090164,TIME_LIMIT,250942,0,0,27,0
4,10,2.264937e6,-6.558582311525621,-2.4548467007090164,TIME_LIMIT,250985,0,0,25,0
4,10,2.265247e6,-6.558582311525621,-2.4548467007090164,TIME_LIMIT,251011,0,0,28,0
4,10,2.265543e6,-6.558582311525621,-2.4548467007090164,TIME_LIMIT,251047,0,0,19,0
4,10,2.265846e6,-6.558582311525621,-2.4548467007090164,TIME_LIMIT,251068,0,0,28,0
4,10,2.266155e6,-6.558582311525621,-2.4548467007090164,TIME_LIMIT,251108,0,0,24,0
4,10,2.266451e6,-6.558582311525621,-2.4548467007090164,TIME_LIMIT,251130,0,0,27,0
4,10,2.266759e6,-6.558582311525621,-2.4548467007090164,TIME_LIMIT,251174,0,0,24,0
4,10,2.26709e6,-6.558582311525621,-2.4548467007090164,TIME_LIMIT,251197,0,0,23,0
4,10,2.267385e6,-6.558559597732211,-2.4548467007090164,TIME_LIMIT,251237,0,0,22,0
4,10,2.267699e6,-6.558559597732211,-2.4548467007090164,TIME_LIMIT,251261,0,0,29,0
4,10,2.268018e6,-6.558536252735395,-2.4548467007090164,TIME_LIMIT,251304,0,0,12,0
4,10,2.268357e6,-6.558536252735395,-2.4548467007090164,TIME_LIMIT,251330,0,0,34,0
4,10,2.268662e6,-6.558536252735395,-2.4548467007090164,TIME_LIMIT,251373,0,0,27,0
4,10,2.268978e6,-6.558536252735395,-2.4548467007090164,TIME_LIMIT,251402,0,0,31,0
4,10,2.269277e6,-6.558494626093207,-2.4548467007090164,TIME_LIMIT,251441,0,0,28,0
4,10,2.269575e6,-6.558494626093207,-2.4548467007090164,TIME_LIMIT,251468,0,0,33,0
4,10,2.269915e6,-6.558494626093207,-2.4548467007090164,TIME_LIMIT,251510,0,0,19,0
4,10,2.270211e6,-6.558494626093207,-2.4548467007090164,TIME_LIMIT,251535,0,0,32,0
4,10,2.270518e6,-6.558429758828929,-2.4548467007090164,TIME_LIMIT,251576,0,0,24,0
4,10,2.270838e6,-6.558429758828929,-2.4548467007090164,TIME_LIMIT,251601,0,0,35,0
4,10,2.271143e6,-6.558406477936174,-2.4548467007090164,TIME_LIMIT,251643,0,0,24,0
4,10,2.271462e6,-6.558406477936174,-2.4548467007090164,TIME_LIMIT,251669,0,0,35,0
4,10,2.271792e6,-6.558406477936174,-2.4548467007090164,TIME_LIMIT,251713,0,0,18,0
4,10,2.272108e6,-6.558406477936174,-2.4548467007090164,TIME_LIMIT,251737,0,0,36,0
4,10,2.272405e6,-6.558406477936174,-2.4548467007090164,TIME_LIMIT,251788,0,0,29,0
4,10,2.272707e6,-6.558406477936174,-2.4548467007090164,TIME_LIMIT,251811,0,0,36,0
4,10,2.273048e6,-6.558406477936174,-2.4548467007090164,TIME_LIMIT,251851,0,0,25,0
4,10,2.273349e6,-6.558406477936174,-2.4548467007090164,TIME_LIMIT,251874,0,0,31,0
4,10,2.27366e6,-6.558406477936174,-2.4548467007090164,TIME_LIMIT,251915,0,0,26,0
4,10,2.273957e6,-6.558406477936174,-2.4548467007090164,TIME_LIMIT,251948,0,0,15,0
4,10,2.274259e6,-6.558406477936174,-2.4548467007090164,TIME_LIMIT,251993,0,0,26,0
4,10,2.274574e6,-6.558406477936174,-2.4548467007090164,TIME_LIMIT,252017,0,0,27,0
4,10,2.274879e6,-6.558406477936174,-2.4548467007090164,TIME_LIMIT,252060,0,0,24,0
4,10,2.275178e6,-6.558406477936174,-2.4548467007090164,TIME_LIMIT,252099,0,0,34,0
4,10,2.275476e6,-6.558406477936174,-2.4548467007090164,TIME_LIMIT,252135,0,0,9,0
4,10,2.275785e6,-6.558406477936174,-2.4548467007090164,TIME_LIMIT,252160,0,0,34,0
4,10,2.276118e6,-6.558406477936174,-2.4548467007090164,TIME_LIMIT,252197,0,0,22,0
4,10,2.276417e6,-6.558406477936174,-2.4548467007090164,TIME_LIMIT,252227,0,0,34,0
4,10,2.276728e6,-6.558406477936174,-2.4548467007090164,TIME_LIMIT,252269,0,0,22,0
4,10,2.277029e6,-6.558406477936174,-2.4548467007090164,TIME_LIMIT,252297,0,0,42,0
4,10,2.277332e6,-6.558406477936174,-2.4548467007090164,TIME_LIMIT,252341,0,0,22,0
4,10,2.277648e6,-6.558406477936174,-2.4548467007090164,TIME_LIMIT,252360,0,0,34,0
4,10,2.277947e6,-6.558406477936174,-2.4548467007090164,TIME_LIMIT,252400,0,0,25,0
4,10,2.278259e6,-6.558406477936174,-2.4548467007090164,TIME_LIMIT,252424,0,0,12,0
4,10,2.278553e6,-6.558406477936174,-2.4548467007090164,TIME_LIMIT,252463,0,0,23,0
4,10,2.278866e6,-6.558406477936174,-2.4548467007090164,TIME_LIMIT,252504,0,0,25,0
4,10,2.279196e6,-6.558032161688621,-2.4548467007090164,TIME_LIMIT,252532,0,0,29,0
4,10,2.279496e6,-6.558032161688621,-2.4548467007090164,TIME_LIMIT,252554,0,0,27,0
4,10,2.279808e6,-6.55798305027669,-2.4548467007090164,TIME_LIMIT,252593,0,0,21,0
4,10,2.280111e6,-6.55798305027669,-2.4548467007090164,TIME_LIMIT,252624,0,0,34,0
4,10,2.280412e6,-6.55798305027669,-2.4548467007090164,TIME_LIMIT,252671,0,0,28,0
4,10,2.280725e6,-6.55798305027669,-2.4548467007090164,TIME_LIMIT,252701,0,0,32,0
4,10,2.281026e6,-6.557755423557181,-2.4548467007090164,TIME_LIMIT,252737,0,0,11,0
4,10,2.281342e6,-6.557755423557181,-2.4548467007090164,TIME_LIMIT,252763,0,0,12,0
4,10,2.281644e6,-6.557755423557181,-2.4548467007090164,TIME_LIMIT,252802,0,0,22,0
4,10,2.281961e6,-6.557755423557181,-2.4548467007090164,TIME_LIMIT,252841,0,0,27,0
4,10,2.282297e6,-6.557755423557181,-2.4548467007090164,TIME_LIMIT,252865,0,0,33,0
4,10,2.282597e6,-6.557755423557181,-2.4548467007090164,TIME_LIMIT,252888,0,0,32,0
4,10,2.282901e6,-6.557755423557181,-2.4548467007090164,TIME_LIMIT,252930,0,0,25,0
4,10,2.283212e6,-6.557755423557181,-2.4548467007090164,TIME_LIMIT,252959,0,0,25,0
4,10,2.283518e6,-6.557755423557181,-2.4548467007090164,TIME_LIMIT,253002,0,0,20,0
4,10,2.283818e6,-6.557755423557181,-2.4548467007090164,TIME_LIMIT,253033,0,0,21,0
4,10,2.284115e6,-6.5576171706572755,-2.4548467007090164,TIME_LIMIT,253070,0,0,18,0
4,10,2.284428e6,-6.5576171706572755,-2.4548467007090164,TIME_LIMIT,253098,0,0,24,0
4,10,2.284718e6,-6.5576171706572755,-2.4548467007090164,TIME_LIMIT,253131,0,0,19,0
4,10,2.285065e6,-6.5576171706572755,-2.4548467007090164,TIME_LIMIT,253160,0,0,23,0
4,10,2.285364e6,-6.557538390456829,-2.4548467007090164,TIME_LIMIT,253191,0,0,22,0
4,10,2.285679e6,-6.557538390456829,-2.4548467007090164,TIME_LIMIT,253222,0,0,33,0
4,10,2.285979e6,-6.557538390456829,-2.4548467007090164,TIME_LIMIT,253257,0,0,26,0
4,10,2.286292e6,-6.557538390456829,-2.4548467007090164,TIME_LIMIT,253275,0,0,21,0
4,10,2.286593e6,-6.557538390456829,-2.4548467007090164,TIME_LIMIT,253311,0,0,25,0
4,10,2.286903e6,-6.557538390456829,-2.4548467007090164,TIME_LIMIT,253338,0,0,30,0
4,10,2.287204e6,-6.557538390456829,-2.4548467007090164,TIME_LIMIT,253375,0,0,24,0
4,10,2.287516e6,-6.557538390456829,-2.4548467007090164,TIME_LIMIT,253398,0,0,20,0
4,10,2.287821e6,-6.557377849480516,-2.4548467007090164,TIME_LIMIT,253436,0,0,28,0
4,10,2.288151e6,-6.557377849480516,-2.4548467007090164,TIME_LIMIT,253466,0,0,45,0
4,10,2.28845e6,-6.557235844449588,-2.4548467007090164,TIME_LIMIT,253515,0,0,30,0
4,10,2.288764e6,-6.557235844449588,-2.4548467007090164,TIME_LIMIT,253544,0,0,41,0
4,10,2.289066e6,-6.557235844449588,-2.4548467007090164,TIME_LIMIT,253593,0,0,26,0
4,10,2.289379e6,-6.557235844449588,-2.4548467007090164,TIME_LIMIT,253615,0,0,28,0
4,10,2.28968e6,-6.557235844449588,-2.4548467007090164,TIME_LIMIT,253665,0,0,24,0
4,10,2.289993e6,-6.557235844449588,-2.4548467007090164,TIME_LIMIT,253694,0,0,35,0
4,10,2.290294e6,-6.557235844449588,-2.4548467007090164,TIME_LIMIT,253742,0,0,14,0
4,10,2.290621e6,-6.557235844449588,-2.4548467007090164,TIME_LIMIT,253773,0,0,32,0
4,10,2.290924e6,-6.557235844449588,-2.4548467007090164,TIME_LIMIT,253821,0,0,27,0
4,10,2.291265e6,-6.557235844449588,-2.4548467007090164,TIME_LIMIT,253853,0,0,20,0
4,10,2.29158e6,-6.556998576398649,-2.4548467007090164,TIME_LIMIT,253889,0,0,30,0
4,10,2.291885e6,-6.556998576398649,-2.4548467007090164,TIME_LIMIT,253910,0,0,21,0
4,10,2.292181e6,-6.556979814122341,-2.4548467007090164,TIME_LIMIT,253941,0,0,21,0
4,10,2.292494e6,-6.556979814122341,-2.4548467007090164,TIME_LIMIT,253964,0,0,25,0
4,10,2.292799e6,-6.556884595384459,-2.4548467007090164,TIME_LIMIT,253998,0,0,23,0
4,10,2.293108e6,-6.556884595384459,-2.4548467007090164,TIME_LIMIT,254023,0,0,28,0
4,10,2.293407e6,-6.556884595384459,-2.4548467007090164,TIME_LIMIT,254064,0,0,27,0
4,10,2.293717e6,-6.556884595384459,-2.4548467007090164,TIME_LIMIT,254084,0,0,34,0
4,10,2.294024e6,-6.556884595384459,-2.4548467007090164,TIME_LIMIT,254118,0,0,21,0
4,10,2.294359e6,-6.556884595384459,-2.4548467007090164,TIME_LIMIT,254139,0,0,30,0
4,10,2.294659e6,-6.556884595384459,-2.4548467007090164,TIME_LIMIT,254179,0,0,28,0
4,10,2.29497e6,-6.556884595384459,-2.4548467007090164,TIME_LIMIT,254193,0,0,32,0
4,10,2.29527e6,-6.556884595384459,-2.4548467007090164,TIME_LIMIT,254236,0,0,31,0
4,10,2.295583e6,-6.556884595384459,-2.4548467007090164,TIME_LIMIT,254256,0,0,22,0
4,10,2.295883e6,-6.556884595384459,-2.4548467007090164,TIME_LIMIT,254291,0,0,23,0
4,10,2.296195e6,-6.556884595384459,-2.4548467007090164,TIME_LIMIT,254306,0,0,24,0
4,10,2.296497e6,-6.556884595384459,-2.4548467007090164,TIME_LIMIT,254345,0,0,25,0
4,10,2.296807e6,-6.556884595384459,-2.4548467007090164,TIME_LIMIT,254372,0,0,27,0
4,10,2.297104e6,-6.5568168416686525,-2.4548467007090164,TIME_LIMIT,254401,0,0,25,0
4,10,2.297454e6,-6.5568168416686525,-2.4548467007090164,TIME_LIMIT,254437,0,0,17,0
4,10,2.297755e6,-6.5568168416686525,-2.4548467007090164,TIME_LIMIT,254484,0,0,28,0
4,10,2.298065e6,-6.5568168416686525,-2.4548467007090164,TIME_LIMIT,254519,0,0,35,0
4,10,2.298367e6,-6.5568168416686525,-2.4548467007090164,TIME_LIMIT,254553,0,0,31,0
4,10,2.29868e6,-6.5568168416686525,-2.4548467007090164,TIME_LIMIT,254582,0,0,34,0
4,10,2.298978e6,-6.5568168416686525,-2.4548467007090164,TIME_LIMIT,254624,0,0,23,0
4,10,2.299276e6,-6.5568168416686525,-2.4548467007090164,TIME_LIMIT,254650,0,0,30,0
4,10,2.29959e6,-6.556810741752036,-2.4548467007090164,TIME_LIMIT,254694,0,0,26,0
4,10,2.299899e6,-6.556810741752036,-2.4548467007090164,TIME_LIMIT,254724,0,0,23,0
4,10,2.300207e6,-6.556771055709706,-2.4548467007090164,TIME_LIMIT,254756,0,0,25,0
4,10,2.30054e6,-6.556771055709706,-2.4548467007090164,TIME_LIMIT,254775,0,0,28,0
4,10,2.300841e6,-6.556771055709706,-2.4548467007090164,TIME_LIMIT,254808,0,0,22,0
4,10,2.301154e6,-6.556771055709706,-2.4548467007090164,TIME_LIMIT,254831,0,0,30,0
4,10,2.301455e6,-6.556771055709706,-2.4548467007090164,TIME_LIMIT,254868,0,0,25,0
4,10,2.301771e6,-6.556771055709706,-2.4548467007090164,TIME_LIMIT,254889,0,0,30,0
4,10,2.302071e6,-6.556771055709706,-2.4548467007090164,TIME_LIMIT,254930,0,0,23,0
4,10,2.302385e6,-6.556771055709706,-2.4548467007090164,TIME_LIMIT,254951,0,0,32,0
4,10,2.302691e6,-6.556771055709706,-2.4548467007090164,TIME_LIMIT,254986,0,0,16,0
4,10,2.302988e6,-6.556771055709706,-2.4548467007090164,TIME_LIMIT,255012,0,0,33,0
4,10,2.303303e6,-6.556771055709706,-2.4548467007090164,TIME_LIMIT,255047,0,0,23,0
4,10,2.303662e6,-6.556771055709706,-2.4548467007090164,TIME_LIMIT,255071,0,0,37,0
4,10,2.303962e6,-6.556771055709706,-2.4548467007090164,TIME_LIMIT,255103,0,0,23,0
4,10,2.304278e6,-6.556771055709706,-2.4548467007090164,TIME_LIMIT,255122,0,0,38,0
4,10,2.304576e6,-6.556771055709706,-2.4548467007090164,TIME_LIMIT,255157,0,0,25,0
4,10,2.304889e6,-6.556771055709706,-2.4548467007090164,TIME_LIMIT,255179,0,0,25,0
4,10,2.30519e6,-6.556771055709706,-2.4548467007090164,TIME_LIMIT,255212,0,0,20,0
4,10,2.305502e6,-6.556771055709706,-2.4548467007090164,TIME_LIMIT,255231,0,0,32,0
4,10,2.305796e6,-6.556666196267875,-2.4548467007090164,TIME_LIMIT,255263,0,0,24,0
4,10,2.306094e6,-6.556666196267875,-2.4548467007090164,TIME_LIMIT,255293,0,0,31,0
4,10,2.306407e6,-6.556666196267875,-2.4548467007090164,TIME_LIMIT,255344,0,0,30,0
4,10,2.306749e6,-6.556666196267875,-2.4548467007090164,TIME_LIMIT,255376,0,0,32,0
4,10,2.307077e6,-6.556666196267875,-2.4548467007090164,TIME_LIMIT,255427,0,0,29,0
4,10,2.307399e6,-6.556666196267875,-2.4548467007090164,TIME_LIMIT,255454,0,0,33,0
4,10,2.307738e6,-6.556666196267875,-2.4548467007090164,TIME_LIMIT,255506,0,0,29,0
4,10,2.308059e6,-6.556666196267875,-2.4548467007090164,TIME_LIMIT,255536,0,0,33,0
4,10,2.308369e6,-6.556666196267875,-2.4548467007090164,TIME_LIMIT,255588,0,0,30,0
4,10,2.308696e6,-6.556666196267875,-2.4548467007090164,TIME_LIMIT,255610,0,0,26,0
4,10,2.309003e6,-6.556666196267875,-2.4548467007090164,TIME_LIMIT,255659,0,0,26,0
4,10,2.309314e6,-6.556666196267875,-2.4548467007090164,TIME_LIMIT,255679,0,0,34,0
4,10,2.30961e6,-6.556666196267875,-2.4548467007090164,TIME_LIMIT,255724,0,0,8,0
4,10,2.30996e6,-6.556666196267875,-2.4548467007090164,TIME_LIMIT,255754,0,0,32,0
4,10,2.310268e6,-6.556666196267875,-2.4548467007090164,TIME_LIMIT,255803,0,0,29,0
4,10,2.31062e6,-6.556666196267875,-2.4548467007090164,TIME_LIMIT,255833,0,0,28,0
4,10,2.31092e6,-6.556666196267875,-2.4548467007090164,TIME_LIMIT,255883,0,0,24,0
4,10,2.311236e6,-6.556666196267875,-2.4548467007090164,TIME_LIMIT,255930,0,0,22,0
4,10,2.311533e6,-6.556666196267875,-2.4548467007090164,TIME_LIMIT,255964,0,0,25,0
4,10,2.311838e6,-6.556666196267875,-2.4548467007090164,TIME_LIMIT,255992,0,0,38,0
4,10,2.312153e6,-6.556666196267875,-2.4548467007090164,TIME_LIMIT,256037,0,0,28,0
4,10,2.31245e6,-6.556666196267875,-2.4548467007090164,TIME_LIMIT,256062,0,0,26,0
4,10,2.312756e6,-6.556666196267875,-2.4548467007090164,TIME_LIMIT,256107,0,0,25,0
4,10,2.313099e6,-6.556666196267875,-2.4548467007090164,TIME_LIMIT,256133,0,0,36,0
4,10,2.313413e6,-6.556666196267875,-2.4548467007090164,TIME_LIMIT,256177,0,0,24,0
4,10,2.313711e6,-6.556666196267875,-2.4548467007090164,TIME_LIMIT,256198,0,0,36,0
4,10,2.31402e6,-6.556666196267875,-2.4548467007090164,TIME_LIMIT,256247,0,0,30,0
4,10,2.314356e6,-6.556666196267875,-2.4548467007090164,TIME_LIMIT,256272,0,0,29,0
4,10,2.314651e6,-6.556666196267875,-2.4548467007090164,TIME_LIMIT,256315,0,0,20,0
4,10,2.314954e6,-6.556666196267875,-2.4548467007090164,TIME_LIMIT,256344,0,0,32,0
4,10,2.315266e6,-6.556666196267875,-2.4548467007090164,TIME_LIMIT,256394,0,0,30,0
4,10,2.315565e6,-6.556666196267875,-2.4548467007090164,TIME_LIMIT,256426,0,0,35,0
4,10,2.315874e6,-6.556659735031962,-2.4548467007090164,TIME_LIMIT,256465,0,0,27,0
4,10,2.316215e6,-6.556659735031962,-2.4548467007090164,TIME_LIMIT,256507,0,0,31,0
4,10,2.316519e6,-6.556611089766713,-2.4548467007090164,TIME_LIMIT,256551,0,0,26,0
4,10,2.316836e6,-6.556611089766713,-2.4548467007090164,TIME_LIMIT,256575,0,0,22,0
4,10,2.317141e6,-6.556597150378218,-2.4548467007090164,TIME_LIMIT,256619,0,0,21,0
4,10,2.317458e6,-6.556597150378218,-2.4548467007090164,TIME_LIMIT,256647,0,0,32,0
4,10,2.317761e6,-6.556525615467166,-2.4548467007090164,TIME_LIMIT,256696,0,0,32,0
4,10,2.318066e6,-6.556525615467166,-2.4548467007090164,TIME_LIMIT,256721,0,0,26,0
4,10,2.318378e6,-6.556525615467166,-2.4548467007090164,TIME_LIMIT,256762,0,0,26,0
4,10,2.318677e6,-6.556525615467166,-2.4548467007090164,TIME_LIMIT,256787,0,0,34,0
4,10,2.318992e6,-6.556525615467166,-2.4548467007090164,TIME_LIMIT,256824,0,0,28,0
4,10,2.319341e6,-6.556525615467166,-2.4548467007090164,TIME_LIMIT,256848,0,0,28,0
4,10,2.31964e6,-6.556525615467166,-2.4548467007090164,TIME_LIMIT,256883,0,0,25,0
4,10,2.319957e6,-6.556525615467166,-2.4548467007090164,TIME_LIMIT,256910,0,0,33,0
4,10,2.320264e6,-6.556525615467166,-2.4548467007090164,TIME_LIMIT,256948,0,0,25,0
4,10,2.32056e6,-6.556525615467166,-2.4548467007090164,TIME_LIMIT,256968,0,0,20,0
4,10,2.32086e6,-6.556525615467166,-2.4548467007090164,TIME_LIMIT,257009,0,0,25,0
4,10,2.321178e6,-6.556525615467166,-2.4548467007090164,TIME_LIMIT,257033,0,0,29,0
4,10,2.321481e6,-6.556525615467166,-2.4548467007090164,TIME_LIMIT,257076,0,0,27,0
4,10,2.321785e6,-6.556525615467166,-2.4548467007090164,TIME_LIMIT,257102,0,0,29,0
4,10,2.322086e6,-6.556525615467166,-2.4548467007090164,TIME_LIMIT,257143,0,0,26,0
4,10,2.322427e6,-6.556525615467166,-2.4548467007090164,TIME_LIMIT,257170,0,0,38,0
4,10,2.322725e6,-6.556525615467166,-2.4548467007090164,TIME_LIMIT,257209,0,0,24,0
4,10,2.323038e6,-6.556525615467166,-2.4548467007090164,TIME_LIMIT,257231,0,0,29,0
4,10,2.323337e6,-6.556525615467166,-2.4548467007090164,TIME_LIMIT,257269,0,0,27,0
4,10,2.323652e6,-6.556525615467166,-2.4548467007090164,TIME_LIMIT,257302,0,0,27,0
4,10,2.323951e6,-6.556525615467166,-2.4548467007090164,TIME_LIMIT,257338,0,0,30,0
4,10,2.324261e6,-6.556525615467166,-2.4548467007090164,TIME_LIMIT,257357,0,0,25,0
4,10,2.324562e6,-6.556525615467166,-2.4548467007090164,TIME_LIMIT,257398,0,0,28,0
4,10,2.324876e6,-6.556525615467166,-2.4548467007090164,TIME_LIMIT,257426,0,0,34,0
4,10,2.325172e6,-6.556525615467166,-2.4548467007090164,TIME_LIMIT,257460,0,0,26,0
4,10,2.325521e6,-6.556525615467166,-2.4548467007090164,TIME_LIMIT,257483,0,0,32,0
4,10,2.325819e6,-6.556525615467166,-2.4548467007090164,TIME_LIMIT,257521,0,0,28,0
4,10,2.326133e6,-6.556525615467166,-2.4548467007090164,TIME_LIMIT,257537,0,0,33,0
4,10,2.326434e6,-6.556525615467166,-2.4548467007090164,TIME_LIMIT,257577,0,0,15,0
4,10,2.326752e6,-6.556525615467166,-2.4548467007090164,TIME_LIMIT,257601,0,0,35,0
4,10,2.327057e6,-6.556525615467166,-2.4548467007090164,TIME_LIMIT,257640,0,0,26,0
4,10,2.327353e6,-6.556525615467166,-2.4548467007090164,TIME_LIMIT,257665,0,0,29,0
4,10,2.327651e6,-6.556525615467166,-2.4548467007090164,TIME_LIMIT,257699,0,0,15,0
4,10,2.327967e6,-6.556525615467166,-2.4548467007090164,TIME_LIMIT,257723,0,0,28,0
4,10,2.328275e6,-6.556525615467166,-2.4548467007090164,TIME_LIMIT,257754,0,0,22,0
4,10,2.328606e6,-6.556525615467166,-2.4548467007090164,TIME_LIMIT,257773,0,0,28,0
4,10,2.328918e6,-6.556525615467166,-2.4548467007090164,TIME_LIMIT,257817,0,0,26,0
4,10,2.329215e6,-6.556525615467166,-2.4548467007090164,TIME_LIMIT,257844,0,0,34,0
4,10,2.329509e6,-6.556525615467166,-2.4548467007090164,TIME_LIMIT,257877,0,0,21,0
4,10,2.329808e6,-6.556525615467166,-2.4548467007090164,TIME_LIMIT,257895,0,0,22,0
4,10,2.330107e6,-6.556525615467166,-2.4548467007090164,TIME_LIMIT,257931,0,0,21,0
4,10,2.330421e6,-6.556525615467166,-2.4548467007090164,TIME_LIMIT,257950,0,0,27,0
4,10,2.330718e6,-6.556525615467166,-2.4548467007090164,TIME_LIMIT,257988,0,0,24,0
4,10,2.331033e6,-6.556525615467166,-2.4548467007090164,TIME_LIMIT,258013,0,0,30,0
4,10,2.33133e6,-6.556525615467166,-2.4548467007090164,TIME_LIMIT,258050,0,0,8,0
4,10,2.331645e6,-6.556525615467166,-2.4548467007090164,TIME_LIMIT,258081,0,0,28,0
4,10,2.33197e6,-6.556525615467166,-2.4548467007090164,TIME_LIMIT,258109,0,0,27,0
4,10,2.332267e6,-6.556525615467166,-2.4548467007090164,TIME_LIMIT,258127,0,0,29,0
4,10,2.332567e6,-6.556525615467166,-2.4548467007090164,TIME_LIMIT,258166,0,0,27,0
4,10,2.332883e6,-6.556525615467166,-2.4548467007090164,TIME_LIMIT,258189,0,0,25,0
4,10,2.333182e6,-6.556525615467166,-2.4548467007090164,TIME_LIMIT,258224,0,0,21,0
4,10,2.333498e6,-6.556525615467166,-2.4548467007090164,TIME_LIMIT,258246,0,0,34,0
4,10,2.333798e6,-6.556525615467166,-2.4548467007090164,TIME_LIMIT,258286,0,0,31,0
4,10,2.334114e6,-6.556525615467166,-2.4548467007090164,TIME_LIMIT,258310,0,0,24,0
4,10,2.334421e6,-6.556525615467166,-2.4548467007090164,TIME_LIMIT,258344,0,0,14,0
4,10,2.334717e6,-6.556525615467166,-2.4548467007090164,TIME_LIMIT,258374,0,0,30,0
4,10,2.335064e6,-6.556525615467166,-2.4548467007090164,TIME_LIMIT,258404,0,0,22,0
4,10,2.335365e6,-6.556525615467166,-2.4548467007090164,TIME_LIMIT,258427,0,0,30,0
4,10,2.335667e6,-6.556525615467166,-2.4548467007090164,TIME_LIMIT,258464,0,0,27,0
4,10,2.335979e6,-6.556525615467166,-2.4548467007090164,TIME_LIMIT,258486,0,0,30,0
4,10,2.336289e6,-6.556525615467166,-2.4548467007090164,TIME_LIMIT,258521,0,0,25,0
4,10,2.336608e6,-6.556525615467166,-2.4548467007090164,TIME_LIMIT,258553,0,0,27,0
4,10,2.336916e6,-6.556525615467166,-2.4548467007090164,TIME_LIMIT,258583,0,0,29,0
4,10,2.33724e6,-6.556525615467166,-2.4548467007090164,TIME_LIMIT,258605,0,0,33,0
4,10,2.337554e6,-6.556525615467166,-2.4548467007090164,TIME_LIMIT,258640,0,0,26,0
4,10,2.337884e6,-6.556525615467166,-2.4548467007090164,TIME_LIMIT,258664,0,0,26,0
4,10,2.338247e6,-6.556525615467166,-2.4548467007090164,TIME_LIMIT,258701,0,0,25,0
4,10,2.338559e6,-6.556525615467166,-2.4548467007090164,TIME_LIMIT,258724,0,0,28,0
4,10,2.338871e6,-6.556525615467166,-2.4548467007090164,TIME_LIMIT,258760,0,0,23,0
4,10,2.339197e6,-6.556525615467166,-2.4548467007090164,TIME_LIMIT,258787,0,0,34,0
4,10,2.339506e6,-6.556525615467166,-2.4548467007090164,TIME_LIMIT,258825,0,0,21,0
4,10,2.339816e6,-6.556525615467166,-2.4548467007090164,TIME_LIMIT,258845,0,0,14,0
4,10,2.340127e6,-6.556525615467166,-2.4548467007090164,TIME_LIMIT,258883,0,0,22,0
4,10,2.340459e6,-6.556525615467166,-2.4548467007090164,TIME_LIMIT,258902,0,0,26,0
4,10,2.340776e6,-6.556525615467166,-2.4548467007090164,TIME_LIMIT,258938,0,0,19,0
4,10,2.341101e6,-6.556525615467166,-2.4548467007090164,TIME_LIMIT,258960,0,0,27,0
4,10,2.341457e6,-6.556525615467166,-2.4548467007090164,TIME_LIMIT,258996,0,0,21,0
4,10,2.34179e6,-6.556525615467166,-2.4548467007090164,TIME_LIMIT,259014,0,0,31,0
4,10,2.342098e6,-6.556525615467166,-2.4548467007090164,TIME_LIMIT,259047,0,0,26,0
4,10,2.342435e6,-6.556525615467166,-2.4548467007090164,TIME_LIMIT,259061,0,0,29,0
4,10,2.342749e6,-6.556525615467166,-2.4548467007090164,TIME_LIMIT,259101,0,0,28,0
4,10,2.343057e6,-6.556525615467166,-2.4548467007090164,TIME_LIMIT,259121,0,0,26,0
4,10,2.343376e6,-6.556525615467166,-2.4548467007090164,TIME_LIMIT,259156,0,0,27,0
4,10,2.34368e6,-6.556525615467166,-2.4548467007090164,TIME_LIMIT,259181,0,0,34,0
4,10,2.343986e6,-6.556525615467166,-2.4548467007090164,TIME_LIMIT,259220,0,0,26,0
4,10,2.344312e6,-6.556525615467166,-2.4548467007090164,TIME_LIMIT,259248,0,0,23,0
4,10,2.344647e6,-6.556525615467166,-2.4548467007090164,TIME_LIMIT,259281,0,0,27,0
4,10,2.344951e6,-6.556525615467166,-2.4548467007090164,TIME_LIMIT,259305,0,0,38,0
4,10,2.345266e6,-6.556525615467166,-2.4548467007090164,TIME_LIMIT,259340,0,0,22,0
4,10,2.345567e6,-6.556525615467166,-2.4548467007090164,TIME_LIMIT,259362,0,0,29,0
4,10,2.345906e6,-6.556525615467166,-2.4548467007090164,TIME_LIMIT,259398,0,0,24,0
4,10,2.346212e6,-6.556525615467166,-2.4548467007090164,TIME_LIMIT,259416,0,0,27,0
4,10,2.346528e6,-6.556525615467166,-2.4548467007090164,TIME_LIMIT,259447,0,0,24,0
4,10,2.346829e6,-6.556525615467166,-2.4548467007090164,TIME_LIMIT,259464,0,0,13,0
4,10,2.347141e6,-6.556525615467166,-2.4548467007090164,TIME_LIMIT,259498,0,0,23,0
4,10,2.347449e6,-6.556525615467166,-2.4548467007090164,TIME_LIMIT,259520,0,0,33,0
4,10,2.347773e6,-6.556525615467166,-2.4548467007090164,TIME_LIMIT,259554,0,0,24,0
4,10,2.348136e6,-6.556525615467166,-2.4548467007090164,TIME_LIMIT,259581,0,0,34,0
4,10,2.348448e6,-6.556525615467166,-2.4548467007090164,TIME_LIMIT,259614,0,0,13,0
4,10,2.348777e6,-6.556525615467166,-2.4548467007090164,TIME_LIMIT,259634,0,0,15,0
4,10,2.349089e6,-6.556525615467166,-2.4548467007090164,TIME_LIMIT,259669,0,0,20,0
4,10,2.349429e6,-6.556525615467166,-2.4548467007090164,TIME_LIMIT,259692,0,0,23,0
4,10,2.349764e6,-6.556525615467166,-2.4548467007090164,TIME_LIMIT,259715,0,0,25,0
4,10,2.350082e6,-6.556525615467166,-2.4548467007090164,TIME_LIMIT,259737,0,0,32,0
4,10,2.350409e6,-6.556525615467166,-2.4548467007090164,TIME_LIMIT,259770,0,0,16,0
4,10,2.350725e6,-6.556525615467166,-2.4548467007090164,TIME_LIMIT,259791,0,0,27,0
4,10,2.351042e6,-6.556525615467166,-2.4548467007090164,TIME_LIMIT,259829,0,0,16,0
4,10,2.3514e6,-6.556525615467166,-2.4548467007090164,TIME_LIMIT,259863,0,0,30,0
4,10,2.351707e6,-6.556525615467166,-2.4548467007090164,TIME_LIMIT,259891,0,0,29,0
4,10,2.352023e6,-6.556525615467166,-2.4548467007090164,TIME_LIMIT,259915,0,0,21,0
4,10,2.352322e6,-6.5564609891963155,-2.4548467007090164,TIME_LIMIT,259942,0,0,27,0
4,10,2.352631e6,-6.5564609891963155,-2.4548467007090164,TIME_LIMIT,259975,0,0,38,0
4,10,2.352952e6,-6.5564609891963155,-2.4548467007090164,TIME_LIMIT,260018,0,0,23,0
4,10,2.353294e6,-6.5564609891963155,-2.4548467007090164,TIME_LIMIT,260042,0,0,38,0
4,10,2.353614e6,-6.556440527483144,-2.4548467007090164,TIME_LIMIT,260092,0,0,25,0
4,10,2.353926e6,-6.556440527483144,-2.4548467007090164,TIME_LIMIT,260122,0,0,29,0
4,10,2.354234e6,-6.556339506996234,-2.4548467007090164,TIME_LIMIT,260164,0,0,26,0
4,10,2.354598e6,-6.556339506996234,-2.4548467007090164,TIME_LIMIT,260184,0,0,28,0
4,10,2.354915e6,-6.556317276292314,-2.4548467007090164,TIME_LIMIT,260224,0,0,20,0
4,10,2.355226e6,-6.556317276292314,-2.4548467007090164,TIME_LIMIT,260254,0,0,32,0
4,10,2.355541e6,-6.556132769092873,-2.4548467007090164,TIME_LIMIT,260288,0,0,14,0
4,10,2.355866e6,-6.556132769092873,-2.4548467007090164,TIME_LIMIT,260323,0,0,27,0
4,10,2.356168e6,-6.556122034028025,-2.4548467007090164,TIME_LIMIT,260357,0,0,34,0
4,10,2.356474e6,-6.556122034028025,-2.4548467007090164,TIME_LIMIT,260390,0,0,30,0
4,10,2.356782e6,-6.556019203262801,-2.4548467007090164,TIME_LIMIT,260424,0,0,21,0
4,10,2.357105e6,-6.556019203262801,-2.4548467007090164,TIME_LIMIT,260441,0,0,21,0
4,10,2.357411e6,-6.556019203262801,-2.4548467007090164,TIME_LIMIT,260481,0,0,26,0
4,10,2.357727e6,-6.556019203262801,-2.4548467007090164,TIME_LIMIT,260501,0,0,25,0
4,10,2.358061e6,-6.556019203262801,-2.4548467007090164,TIME_LIMIT,260536,0,0,24,0
4,10,2.358369e6,-6.556019203262801,-2.4548467007090164,TIME_LIMIT,260563,0,0,32,0
4,10,2.358685e6,-6.556019203262801,-2.4548467007090164,TIME_LIMIT,260597,0,0,22,0
4,10,2.358986e6,-6.556019203262801,-2.4548467007090164,TIME_LIMIT,260616,0,0,25,0
4,10,2.359294e6,-6.555994543778178,-2.4548467007090164,TIME_LIMIT,260651,0,0,8,0
4,10,2.359613e6,-6.555994543778178,-2.4548467007090164,TIME_LIMIT,260676,0,0,29,0
4,10,2.359918e6,-6.555994543778178,-2.4548467007090164,TIME_LIMIT,260715,0,0,26,0
4,10,2.360237e6,-6.555994543778178,-2.4548467007090164,TIME_LIMIT,260740,0,0,31,0
4,10,2.360543e6,-6.555994543778178,-2.4548467007090164,TIME_LIMIT,260778,0,0,24,0
4,10,2.360862e6,-6.555994543778178,-2.4548467007090164,TIME_LIMIT,260801,0,0,33,0
4,10,2.361215e6,-6.555994543778178,-2.4548467007090164,TIME_LIMIT,260837,0,0,25,0
4,10,2.361521e6,-6.555994543778178,-2.4548467007090164,TIME_LIMIT,260856,0,0,34,0
4,10,2.361827e6,-6.555994543778178,-2.4548467007090164,TIME_LIMIT,260893,0,0,25,0
4,10,2.362149e6,-6.555994543778178,-2.4548467007090164,TIME_LIMIT,260912,0,0,26,0
4,10,2.362459e6,-6.55572926999637,-2.4548467007090164,TIME_LIMIT,260951,0,0,25,0
4,10,2.362781e6,-6.55572926999637,-2.4548467007090164,TIME_LIMIT,260984,0,0,29,0
4,10,2.363084e6,-6.55551013203453,-2.4548467007090164,TIME_LIMIT,261032,0,0,12,0
4,10,2.363406e6,-6.55551013203453,-2.4548467007090164,TIME_LIMIT,261059,0,0,24,0
4,10,2.36371e6,-6.55551013203453,-2.4548467007090164,TIME_LIMIT,261105,0,0,19,0
4,10,2.364032e6,-6.55551013203453,-2.4548467007090164,TIME_LIMIT,261138,0,0,32,0
4,10,2.364355e6,-6.55551013203453,-2.4548467007090164,TIME_LIMIT,261180,0,0,27,0
4,10,2.364692e6,-6.55551013203453,-2.4548467007090164,TIME_LIMIT,261213,0,0,33,0
4,10,2.364993e6,-6.55551013203453,-2.4548467007090164,TIME_LIMIT,261257,0,0,23,0
4,10,2.365308e6,-6.55551013203453,-2.4548467007090164,TIME_LIMIT,261280,0,0,17,0
4,10,2.365609e6,-6.55551013203453,-2.4548467007090164,TIME_LIMIT,261323,0,0,23,0
4,10,2.365929e6,-6.55551013203453,-2.4548467007090164,TIME_LIMIT,261359,0,0,31,0
4,10,2.366233e6,-6.55551013203453,-2.4548467007090164,TIME_LIMIT,261394,0,0,18,0
4,10,2.366537e6,-6.55551013203453,-2.4548467007090164,TIME_LIMIT,261424,0,0,33,0
4,10,2.366877e6,-6.55551013203453,-2.4548467007090164,TIME_LIMIT,261468,0,0,21,0
4,10,2.3672e6,-6.55551013203453,-2.4548467007090164,TIME_LIMIT,261497,0,0,37,0
4,10,2.367507e6,-6.55551013203453,-2.4548467007090164,TIME_LIMIT,261537,0,0,5,0
4,10,2.367858e6,-6.55551013203453,-2.4548467007090164,TIME_LIMIT,261576,0,0,26,0
4,10,2.368161e6,-6.555479830215765,-2.4548467007090164,TIME_LIMIT,261608,0,0,20,0
4,10,2.368468e6,-6.555479830215765,-2.4548467007090164,TIME_LIMIT,261642,0,0,28,0
4,10,2.368787e6,-6.555479830215765,-2.4548467007090164,TIME_LIMIT,261691,0,0,28,0
4,10,2.369091e6,-6.555479830215765,-2.4548467007090164,TIME_LIMIT,261725,0,0,30,0
4,10,2.369396e6,-6.555479830215765,-2.4548467007090164,TIME_LIMIT,261779,0,0,31,0
4,10,2.369714e6,-6.555479830215765,-2.4548467007090164,TIME_LIMIT,261806,0,0,28,0
4,10,2.370018e6,-6.555415579796186,-2.4548467007090164,TIME_LIMIT,261855,0,0,30,0
4,10,2.370329e6,-6.555415579796186,-2.4548467007090164,TIME_LIMIT,261880,0,0,22,0
4,10,2.370626e6,-6.555415579796186,-2.4548467007090164,TIME_LIMIT,261921,0,0,26,0
4,10,2.370938e6,-6.555415579796186,-2.4548467007090164,TIME_LIMIT,261948,0,0,11,0
4,10,2.371275e6,-6.555415579796186,-2.4548467007090164,TIME_LIMIT,261985,0,0,20,0
4,10,2.37159e6,-6.555415579796186,-2.4548467007090164,TIME_LIMIT,262013,0,0,28,0
4,10,2.371895e6,-6.555415579796186,-2.4548467007090164,TIME_LIMIT,262044,0,0,26,0
4,10,2.372193e6,-6.555415579796186,-2.4548467007090164,TIME_LIMIT,262064,0,0,30,0
4,10,2.372493e6,-6.555415579796186,-2.4548467007090164,TIME_LIMIT,262101,0,0,8,0
4,10,2.372806e6,-6.555415579796186,-2.4548467007090164,TIME_LIMIT,262131,0,0,25,0
4,10,2.373106e6,-6.555380858519772,-2.4548467007090164,TIME_LIMIT,262153,0,0,22,0
4,10,2.373421e6,-6.555380858519772,-2.4548467007090164,TIME_LIMIT,262176,0,0,21,0
4,10,2.373727e6,-6.555380858519772,-2.4548467007090164,TIME_LIMIT,262215,0,0,19,0
4,10,2.374039e6,-6.555380858519772,-2.4548467007090164,TIME_LIMIT,262251,0,0,32,0
4,10,2.37439e6,-6.555168384756286,-2.4548467007090164,TIME_LIMIT,262297,0,0,26,0
4,10,2.374691e6,-6.555168384756286,-2.4548467007090164,TIME_LIMIT,262324,0,0,34,0
4,10,2.375004e6,-6.555090204521456,-2.4548467007090164,TIME_LIMIT,262362,0,0,24,0
4,10,2.375304e6,-6.555090204521456,-2.4548467007090164,TIME_LIMIT,262389,0,0,26,0
4,10,2.375616e6,-6.555090204521456,-2.4548467007090164,TIME_LIMIT,262420,0,0,26,0
4,10,2.375915e6,-6.555090204521456,-2.4548467007090164,TIME_LIMIT,262443,0,0,28,0
4,10,2.376226e6,-6.554734111506908,-2.4548467007090164,TIME_LIMIT,262478,0,0,24,0
4,10,2.376528e6,-6.554734111506908,-2.4548467007090164,TIME_LIMIT,262522,0,0,29,0
4,10,2.376839e6,-6.5546717083160555,-2.4548467007090164,TIME_LIMIT,262549,0,0,31,0
4,10,2.377133e6,-6.5546717083160555,-2.4548467007090164,TIME_LIMIT,262570,0,0,25,0
4,10,2.377442e6,-6.5546717083160555,-2.4548467007090164,TIME_LIMIT,262612,0,0,22,0
4,10,2.377775e6,-6.5546717083160555,-2.4548467007090164,TIME_LIMIT,262646,0,0,29,0
4,10,2.378081e6,-6.5546717083160555,-2.4548467007090164,TIME_LIMIT,262683,0,0,23,0
4,10,2.378375e6,-6.5546717083160555,-2.4548467007090164,TIME_LIMIT,262701,0,0,24,0
4,10,2.378673e6,-6.5546717083160555,-2.4548467007090164,TIME_LIMIT,262738,0,0,26,0
4,10,2.378985e6,-6.5546717083160555,-2.4548467007090164,TIME_LIMIT,262758,0,0,22,0
4,10,2.379285e6,-6.5546717083160555,-2.4548467007090164,TIME_LIMIT,262795,0,0,22,0
4,10,2.379576e6,-6.5546717083160555,-2.4548467007090164,TIME_LIMIT,262817,0,0,26,0
4,10,2.379871e6,-6.554655899488802,-2.4548467007090164,TIME_LIMIT,262850,0,0,23,0
4,10,2.380181e6,-6.554655899488802,-2.4548467007090164,TIME_LIMIT,262880,0,0,34,0
4,10,2.380476e6,-6.55449281566447,-2.4548467007090164,TIME_LIMIT,262917,0,0,24,0
4,10,2.380818e6,-6.55449281566447,-2.4548467007090164,TIME_LIMIT,262946,0,0,32,0
4,10,2.381124e6,-6.55449281566447,-2.4548467007090164,TIME_LIMIT,262983,0,0,11,0
4,10,2.381454e6,-6.55449281566447,-2.4548467007090164,TIME_LIMIT,263014,0,0,40,0
4,10,2.38176e6,-6.55449281566447,-2.4548467007090164,TIME_LIMIT,263060,0,0,25,0
4,10,2.382064e6,-6.55449281566447,-2.4548467007090164,TIME_LIMIT,263089,0,0,38,0
4,10,2.382361e6,-6.55449281566447,-2.4548467007090164,TIME_LIMIT,263134,0,0,25,0
4,10,2.382669e6,-6.55449281566447,-2.4548467007090164,TIME_LIMIT,263161,0,0,39,0
4,10,2.382963e6,-6.55449281566447,-2.4548467007090164,TIME_LIMIT,263198,0,0,22,0
4,10,2.383272e6,-6.55449281566447,-2.4548467007090164,TIME_LIMIT,263222,0,0,41,0
4,10,2.38357e6,-6.55449281566447,-2.4548467007090164,TIME_LIMIT,263267,0,0,33,0
4,10,2.383881e6,-6.55449281566447,-2.4548467007090164,TIME_LIMIT,263296,0,0,36,0
4,10,2.384209e6,-6.554309269541058,-2.4548467007090164,TIME_LIMIT,263334,0,0,20,0
4,10,2.384506e6,-6.554309269541058,-2.4548467007090164,TIME_LIMIT,263363,0,0,34,0
4,10,2.384833e6,-6.554309269541058,-2.4548467007090164,TIME_LIMIT,263399,0,0,23,0
4,10,2.38515e6,-6.554309269541058,-2.4548467007090164,TIME_LIMIT,263425,0,0,30,0
4,10,2.385463e6,-6.554309269541058,-2.4548467007090164,TIME_LIMIT,263465,0,0,22,0
4,10,2.385763e6,-6.554309269541058,-2.4548467007090164,TIME_LIMIT,263486,0,0,11,0
4,10,2.386064e6,-6.554309269541058,-2.4548467007090164,TIME_LIMIT,263522,0,0,17,0
4,10,2.386377e6,-6.554309269541058,-2.4548467007090164,TIME_LIMIT,263558,0,0,31,0
4,10,2.386678e6,-6.554309269541058,-2.4548467007090164,TIME_LIMIT,263583,0,0,26,0
4,10,2.386993e6,-6.554309269541058,-2.4548467007090164,TIME_LIMIT,263617,0,0,31,0
4,10,2.387298e6,-6.554309269541058,-2.4548467007090164,TIME_LIMIT,263653,0,0,27,0
4,10,2.387626e6,-6.554309269541058,-2.4548467007090164,TIME_LIMIT,263669,0,0,26,0
4,10,2.387928e6,-6.554309269541058,-2.4548467007090164,TIME_LIMIT,263707,0,0,21,0
4,10,2.388257e6,-6.554309269541058,-2.4548467007090164,TIME_LIMIT,263727,0,0,26,0
4,10,2.388573e6,-6.554309269541058,-2.4548467007090164,TIME_LIMIT,263769,0,0,27,0
4,10,2.388887e6,-6.554309269541058,-2.4548467007090164,TIME_LIMIT,263792,0,0,29,0
4,10,2.389184e6,-6.554309269541058,-2.4548467007090164,TIME_LIMIT,263831,0,0,27,0
4,10,2.389484e6,-6.554309269541058,-2.4548467007090164,TIME_LIMIT,263851,0,0,29,0
4,10,2.389797e6,-6.554185527146439,-2.4548467007090164,TIME_LIMIT,263888,0,0,25,0
4,10,2.390099e6,-6.554185527146439,-2.4548467007090164,TIME_LIMIT,263916,0,0,35,0
4,10,2.390412e6,-6.554158716580737,-2.4548467007090164,TIME_LIMIT,263961,0,0,28,0
4,10,2.39076e6,-6.554158716580737,-2.4548467007090164,TIME_LIMIT,263991,0,0,26,0
4,10,2.391058e6,-6.554047542248382,-2.4548467007090164,TIME_LIMIT,264020,0,0,27,0
4,10,2.391374e6,-6.554047542248382,-2.4548467007090164,TIME_LIMIT,264043,0,0,35,0
4,10,2.391672e6,-6.5539356235453035,-2.4548467007090164,TIME_LIMIT,264090,0,0,25,0
4,10,2.39203e6,-6.5539356235453035,-2.4548467007090164,TIME_LIMIT,264108,0,0,30,0
4,10,2.392336e6,-6.553933802992327,-2.4548467007090164,TIME_LIMIT,264151,0,0,23,0
4,10,2.392654e6,-6.553933802992327,-2.4548467007090164,TIME_LIMIT,264186,0,0,33,0
4,10,2.392964e6,-6.553933802992327,-2.4548467007090164,TIME_LIMIT,264235,0,0,28,0
4,10,2.393264e6,-6.553933802992327,-2.4548467007090164,TIME_LIMIT,264262,0,0,35,0
4,10,2.39357e6,-6.553933802992327,-2.4548467007090164,TIME_LIMIT,264319,0,0,34,0
4,10,2.393883e6,-6.553933802992327,-2.4548467007090164,TIME_LIMIT,264347,0,0,38,0
4,10,2.394215e6,-6.553933802992327,-2.4548467007090164,TIME_LIMIT,264394,0,0,25,0
4,10,2.394516e6,-6.553933802992327,-2.4548467007090164,TIME_LIMIT,264424,0,0,38,0
4,10,2.394835e6,-6.553933802992327,-2.4548467007090164,TIME_LIMIT,264472,0,0,27,0
4,10,2.395133e6,-6.553933802992327,-2.4548467007090164,TIME_LIMIT,264506,0,0,29,0
4,10,2.395461e6,-6.553933802992327,-2.4548467007090164,TIME_LIMIT,264551,0,0,30,0
4,10,2.395776e6,-6.553933802992327,-2.4548467007090164,TIME_LIMIT,264585,0,0,36,0
4,10,2.396104e6,-6.553933802992327,-2.4548467007090164,TIME_LIMIT,264638,0,0,26,0
4,10,2.396411e6,-6.553933802992327,-2.4548467007090164,TIME_LIMIT,264662,0,0,8,0
4,10,2.396722e6,-6.553933802992327,-2.4548467007090164,TIME_LIMIT,264712,0,0,28,0
4,10,2.397039e6,-6.553933802992327,-2.4548467007090164,TIME_LIMIT,264742,0,0,45,0
4,10,2.397355e6,-6.553933802992327,-2.4548467007090164,TIME_LIMIT,264786,0,0,24,0
4,10,2.397694e6,-6.553933802992327,-2.4548467007090164,TIME_LIMIT,264817,0,0,26,0
4,10,2.398005e6,-6.553933802992327,-2.4548467007090164,TIME_LIMIT,264860,0,0,20,0
4,10,2.398322e6,-6.553933802992327,-2.4548467007090164,TIME_LIMIT,264906,0,0,21,0
4,10,2.398624e6,-6.553933802992327,-2.4548467007090164,TIME_LIMIT,264938,0,0,38,0
4,10,2.398931e6,-6.553933802992327,-2.4548467007090164,TIME_LIMIT,264965,0,0,44,0
4,10,2.399248e6,-6.553933802992327,-2.4548467007090164,TIME_LIMIT,265010,0,0,26,0
4,10,2.399554e6,-6.553933802992327,-2.4548467007090164,TIME_LIMIT,265036,0,0,30,0
4,10,2.399872e6,-6.553933802992327,-2.4548467007090164,TIME_LIMIT,265086,0,0,19,0
4,10,2.400174e6,-6.553933802992327,-2.4548467007090164,TIME_LIMIT,265116,0,0,37,0
4,10,2.400476e6,-6.553933802992327,-2.4548467007090164,TIME_LIMIT,265154,0,0,26,0
4,10,2.400793e6,-6.553933802992327,-2.4548467007090164,TIME_LIMIT,265184,0,0,32,0
4,10,2.401126e6,-6.553933802992327,-2.4548467007090164,TIME_LIMIT,265220,0,0,29,0
4,10,2.401443e6,-6.553933802992327,-2.4548467007090164,TIME_LIMIT,265243,0,0,37,0
4,10,2.401744e6,-6.553933802992327,-2.4548467007090164,TIME_LIMIT,265294,0,0,29,0
4,10,2.402066e6,-6.553933802992327,-2.4548467007090164,TIME_LIMIT,265320,0,0,33,0
4,10,2.402381e6,-6.553933802992327,-2.4548467007090164,TIME_LIMIT,265363,0,0,23,0
4,10,2.402705e6,-6.553933802992327,-2.4548467007090164,TIME_LIMIT,265392,0,0,36,0
4,10,2.403016e6,-6.553933802992327,-2.4548467007090164,TIME_LIMIT,265437,0,0,26,0
4,10,2.403334e6,-6.553933802992327,-2.4548467007090164,TIME_LIMIT,265466,0,0,23,0
4,10,2.403655e6,-6.553933802992327,-2.4548467007090164,TIME_LIMIT,265515,0,0,7,0
4,10,2.403965e6,-6.553933802992327,-2.4548467007090164,TIME_LIMIT,265543,0,0,33,0
4,10,2.404317e6,-6.553933802992327,-2.4548467007090164,TIME_LIMIT,265590,0,0,20,0
4,10,2.404631e6,-6.553933802992327,-2.4548467007090164,TIME_LIMIT,265615,0,0,37,0
4,10,2.404958e6,-6.553933802992327,-2.4548467007090164,TIME_LIMIT,265661,0,0,27,0
4,10,2.405263e6,-6.553933802992327,-2.4548467007090164,TIME_LIMIT,265683,0,0,33,0
4,10,2.405572e6,-6.553933802992327,-2.4548467007090164,TIME_LIMIT,265733,0,0,26,0
4,10,2.405894e6,-6.553933802992327,-2.4548467007090164,TIME_LIMIT,265766,0,0,42,0
4,10,2.406203e6,-6.553933802992327,-2.4548467007090164,TIME_LIMIT,265812,0,0,28,0
4,10,2.406528e6,-6.553933802992327,-2.4548467007090164,TIME_LIMIT,265837,0,0,35,0
4,10,2.406837e6,-6.553933802992327,-2.4548467007090164,TIME_LIMIT,265882,0,0,24,0
4,10,2.407167e6,-6.553933802992327,-2.4548467007090164,TIME_LIMIT,265914,0,0,35,0
4,10,2.40749e6,-6.553933802992327,-2.4548467007090164,TIME_LIMIT,265953,0,0,22,0
4,10,2.407853e6,-6.553933802992327,-2.4548467007090164,TIME_LIMIT,265982,0,0,31,0
4,10,2.408169e6,-6.553933802992327,-2.4548467007090164,TIME_LIMIT,266023,0,0,23,0
4,10,2.408501e6,-6.553933802992327,-2.4548467007090164,TIME_LIMIT,266049,0,0,29,0
4,10,2.40881e6,-6.553933802992327,-2.4548467007090164,TIME_LIMIT,266085,0,0,25,0
4,10,2.409132e6,-6.553933802992327,-2.4548467007090164,TIME_LIMIT,266123,0,0,23,0
4,10,2.409446e6,-6.553933802992327,-2.4548467007090164,TIME_LIMIT,266151,0,0,26,0
4,10,2.409757e6,-6.553933802992327,-2.4548467007090164,TIME_LIMIT,266183,0,0,27,0
4,10,2.410064e6,-6.553933802992327,-2.4548467007090164,TIME_LIMIT,266219,0,0,26,0
4,10,2.410374e6,-6.553933802992327,-2.4548467007090164,TIME_LIMIT,266251,0,0,27,0
4,10,2.410681e6,-6.553933802992327,-2.4548467007090164,TIME_LIMIT,266292,0,0,28,0
4,10,2.410999e6,-6.553933802992327,-2.4548467007090164,TIME_LIMIT,266319,0,0,29,0
4,10,2.411353e6,-6.553933802992327,-2.4548467007090164,TIME_LIMIT,266368,0,0,16,0
4,10,2.411653e6,-6.553933802992327,-2.4548467007090164,TIME_LIMIT,266395,0,0,29,0
4,10,2.41196e6,-6.553933802992327,-2.4548467007090164,TIME_LIMIT,266443,0,0,30,0
4,10,2.412277e6,-6.553933802992327,-2.4548467007090164,TIME_LIMIT,266478,0,0,42,0
4,10,2.412582e6,-6.553933802992327,-2.4548467007090164,TIME_LIMIT,266524,0,0,27,0
4,10,2.412903e6,-6.553933802992327,-2.4548467007090164,TIME_LIMIT,266553,0,0,34,0
4,10,2.413209e6,-6.553933802992327,-2.4548467007090164,TIME_LIMIT,266602,0,0,18,0
4,10,2.413528e6,-6.553933802992327,-2.4548467007090164,TIME_LIMIT,266637,0,0,31,0
4,10,2.413833e6,-6.553933802992327,-2.4548467007090164,TIME_LIMIT,266683,0,0,11,0
4,10,2.414159e6,-6.553933802992327,-2.4548467007090164,TIME_LIMIT,266713,0,0,32,0
4,10,2.414467e6,-6.553933802992327,-2.4548467007090164,TIME_LIMIT,266757,0,0,29,0
4,10,2.414812e6,-6.553933802992327,-2.4548467007090164,TIME_LIMIT,266795,0,0,32,0
4,10,2.415115e6,-6.553933802992327,-2.4548467007090164,TIME_LIMIT,266839,0,0,26,0
4,10,2.415437e6,-6.553933802992327,-2.4548467007090164,TIME_LIMIT,266863,0,0,33,0
4,10,2.415741e6,-6.553933802992327,-2.4548467007090164,TIME_LIMIT,266913,0,0,20,0
4,10,2.416065e6,-6.553933802992327,-2.4548467007090164,TIME_LIMIT,266941,0,0,35,0
4,10,2.416369e6,-6.553933802992327,-2.4548467007090164,TIME_LIMIT,266985,0,0,16,0
4,10,2.416697e6,-6.553933802992327,-2.4548467007090164,TIME_LIMIT,267018,0,0,29,0
4,10,2.417006e6,-6.553933802992327,-2.4548467007090164,TIME_LIMIT,267063,0,0,28,0
4,10,2.417331e6,-6.553933802992327,-2.4548467007090164,TIME_LIMIT,267087,0,0,28,0
4,10,2.417635e6,-6.553933802992327,-2.4548467007090164,TIME_LIMIT,267124,0,0,18,0
4,10,2.417955e6,-6.553933802992327,-2.4548467007090164,TIME_LIMIT,267161,0,0,29,0
4,10,2.418306e6,-6.553933802992327,-2.4548467007090164,TIME_LIMIT,267202,0,0,20,0
4,10,2.418611e6,-6.553933802992327,-2.4548467007090164,TIME_LIMIT,267230,0,0,31,0
4,10,2.418913e6,-6.553933802992327,-2.4548467007090164,TIME_LIMIT,267271,0,0,23,0
4,10,2.419235e6,-6.553933802992327,-2.4548467007090164,TIME_LIMIT,267309,0,0,31,0
4,10,2.419537e6,-6.553933802992327,-2.4548467007090164,TIME_LIMIT,267351,0,0,27,0
4,10,2.419839e6,-6.553933802992327,-2.4548467007090164,TIME_LIMIT,267388,0,0,31,0
4,10,2.420159e6,-6.553933802992327,-2.4548467007090164,TIME_LIMIT,267426,0,0,25,0
4,10,2.420464e6,-6.553933802992327,-2.4548467007090164,TIME_LIMIT,267450,0,0,35,0
4,10,2.420768e6,-6.553933802992327,-2.4548467007090164,TIME_LIMIT,267499,0,0,27,0
4,10,2.421084e6,-6.553933802992327,-2.4548467007090164,TIME_LIMIT,267525,0,0,46,0
4,10,2.421396e6,-6.553933802992327,-2.4548467007090164,TIME_LIMIT,267569,0,0,24,0
4,10,2.421738e6,-6.553933802992327,-2.4548467007090164,TIME_LIMIT,267595,0,0,16,0
4,10,2.422048e6,-6.553933802992327,-2.4548467007090164,TIME_LIMIT,267641,0,0,19,0
4,10,2.422367e6,-6.553933802992327,-2.4548467007090164,TIME_LIMIT,267679,0,0,31,0
4,10,2.422678e6,-6.553933802992327,-2.4548467007090164,TIME_LIMIT,267716,0,0,25,0
4,10,2.422999e6,-6.553933802992327,-2.4548467007090164,TIME_LIMIT,267746,0,0,35,0
4,10,2.423307e6,-6.553933802992327,-2.4548467007090164,TIME_LIMIT,267790,0,0,25,0
4,10,2.423625e6,-6.553933802992327,-2.4548467007090164,TIME_LIMIT,267823,0,0,25,0
4,10,2.423946e6,-6.553933802992327,-2.4548467007090164,TIME_LIMIT,267855,0,0,29,0
4,10,2.424259e6,-6.553933802992327,-2.4548467007090164,TIME_LIMIT,267888,0,0,35,0
4,10,2.424581e6,-6.553933802992327,-2.4548467007090164,TIME_LIMIT,267938,0,0,30,0
4,10,2.424896e6,-6.553933802992327,-2.4548467007090164,TIME_LIMIT,267962,0,0,31,0
4,10,2.425233e6,-6.553933802992327,-2.4548467007090164,TIME_LIMIT,268008,0,0,21,0
4,10,2.425555e6,-6.553933802992327,-2.4548467007090164,TIME_LIMIT,268032,0,0,28,0
4,10,2.425874e6,-6.553933802992327,-2.4548467007090164,TIME_LIMIT,268081,0,0,23,0
4,10,2.426183e6,-6.553933802992327,-2.4548467007090164,TIME_LIMIT,268114,0,0,34,0
4,10,2.426497e6,-6.553933802992327,-2.4548467007090164,TIME_LIMIT,268154,0,0,26,0
4,10,2.426806e6,-6.553933802992327,-2.4548467007090164,TIME_LIMIT,268189,0,0,27,0
4,10,2.42713e6,-6.553933802992327,-2.4548467007090164,TIME_LIMIT,268233,0,0,23,0
4,10,2.427461e6,-6.553933802992327,-2.4548467007090164,TIME_LIMIT,268258,0,0,17,0
4,10,2.427778e6,-6.553933802992327,-2.4548467007090164,TIME_LIMIT,268313,0,0,30,0
4,10,2.428089e6,-6.553933802992327,-2.4548467007090164,TIME_LIMIT,268332,0,0,25,0
4,10,2.428407e6,-6.553933802992327,-2.4548467007090164,TIME_LIMIT,268369,0,0,28,0
4,10,2.428752e6,-6.553933802992327,-2.4548467007090164,TIME_LIMIT,268397,0,0,24,0
4,10,2.429057e6,-6.553933802992327,-2.4548467007090164,TIME_LIMIT,268441,0,0,24,0
4,10,2.42938e6,-6.553933802992327,-2.4548467007090164,TIME_LIMIT,268464,0,0,26,0
4,10,2.429689e6,-6.553933802992327,-2.4548467007090164,TIME_LIMIT,268508,0,0,25,0
4,10,2.430013e6,-6.553933802992327,-2.4548467007090164,TIME_LIMIT,268541,0,0,26,0
4,10,2.430324e6,-6.553933802992327,-2.4548467007090164,TIME_LIMIT,268587,0,0,18,0
4,10,2.430661e6,-6.553933802992327,-2.4548467007090164,TIME_LIMIT,268607,0,0,32,0
4,10,2.431008e6,-6.553933802992327,-2.4548467007090164,TIME_LIMIT,268652,0,0,18,0
4,10,2.431329e6,-6.553933802992327,-2.4548467007090164,TIME_LIMIT,268680,0,0,28,0
4,10,2.431633e6,-6.553933802992327,-2.4548467007090164,TIME_LIMIT,268722,0,0,22,0
4,10,2.431943e6,-6.553933802992327,-2.4548467007090164,TIME_LIMIT,268747,0,0,28,0
4,10,2.432307e6,-6.553933802992327,-2.4548467007090164,TIME_LIMIT,268794,0,0,24,0
4,10,2.43262e6,-6.553933802992327,-2.4548467007090164,TIME_LIMIT,268818,0,0,25,0
4,10,2.432935e6,-6.553933802992327,-2.4548467007090164,TIME_LIMIT,268863,0,0,25,0
4,10,2.433239e6,-6.553933802992327,-2.4548467007090164,TIME_LIMIT,268893,0,0,42,0
4,10,2.433556e6,-6.553933802992327,-2.4548467007090164,TIME_LIMIT,268939,0,0,22,0
4,10,2.433877e6,-6.553933802992327,-2.4548467007090164,TIME_LIMIT,268966,0,0,33,0
4,10,2.434194e6,-6.553933802992327,-2.4548467007090164,TIME_LIMIT,269009,0,0,18,0
4,10,2.43456e6,-6.553933802992327,-2.4548467007090164,TIME_LIMIT,269031,0,0,39,0
4,10,2.434872e6,-6.553933802992327,-2.4548467007090164,TIME_LIMIT,269071,0,0,21,0
4,10,2.435197e6,-6.553933802992327,-2.4548467007090164,TIME_LIMIT,269100,0,0,27,0
4,10,2.435507e6,-6.553933802992327,-2.4548467007090164,TIME_LIMIT,269146,0,0,19,0
4,10,2.435872e6,-6.553933802992327,-2.4548467007090164,TIME_LIMIT,269181,0,0,24,0
4,10,2.436181e6,-6.553933802992327,-2.4548467007090164,TIME_LIMIT,269212,0,0,26,0
4,10,2.4365e6,-6.553933802992327,-2.4548467007090164,TIME_LIMIT,269244,0,0,22,0
4,10,2.43681e6,-6.553933802992327,-2.4548467007090164,TIME_LIMIT,269282,0,0,24,0
4,10,2.43714e6,-6.553933802992327,-2.4548467007090164,TIME_LIMIT,269308,0,0,32,0
4,10,2.437448e6,-6.553933802992327,-2.4548467007090164,TIME_LIMIT,269347,0,0,22,0
4,10,2.437781e6,-6.553933802992327,-2.4548467007090164,TIME_LIMIT,269370,0,0,33,0
4,10,2.438123e6,-6.553933802992327,-2.4548467007090164,TIME_LIMIT,269423,0,0,32,0
4,10,2.438449e6,-6.553933802992327,-2.4548467007090164,TIME_LIMIT,269447,0,0,30,0
4,10,2.438763e6,-6.553933802992327,-2.4548467007090164,TIME_LIMIT,269497,0,0,27,0
4,10,2.439087e6,-6.553933802992327,-2.4548467007090164,TIME_LIMIT,269524,0,0,7,0
4,10,2.439414e6,-6.553933802992327,-2.4548467007090164,TIME_LIMIT,269575,0,0,21,0
4,10,2.439751e6,-6.553933802992327,-2.4548467007090164,TIME_LIMIT,269603,0,0,39,0
4,10,2.440059e6,-6.553933802992327,-2.4548467007090164,TIME_LIMIT,269646,0,0,22,0
4,10,2.440383e6,-6.553933802992327,-2.4548467007090164,TIME_LIMIT,269676,0,0,29,0
4,10,2.4407e6,-6.553933802992327,-2.4548467007090164,TIME_LIMIT,269721,0,0,23,0
4,10,2.44103e6,-6.553933802992327,-2.4548467007090164,TIME_LIMIT,269753,0,0,24,0
4,10,2.441337e6,-6.553933802992327,-2.4548467007090164,TIME_LIMIT,269796,0,0,26,0
4,10,2.441644e6,-6.553933802992327,-2.4548467007090164,TIME_LIMIT,269836,0,0,27,0
4,10,2.441972e6,-6.553933802992327,-2.4548467007090164,TIME_LIMIT,269873,0,0,19,0
4,10,2.442289e6,-6.553933802992327,-2.4548467007090164,TIME_LIMIT,269909,0,0,30,0
4,10,2.442624e6,-6.553933802992327,-2.4548467007090164,TIME_LIMIT,269949,0,0,24,0
4,10,2.442939e6,-6.553933802992327,-2.4548467007090164,TIME_LIMIT,269979,0,0,32,0
4,10,2.443295e6,-6.553933802992327,-2.4548467007090164,TIME_LIMIT,270029,0,0,23,0
4,10,2.443599e6,-6.553933802992327,-2.4548467007090164,TIME_LIMIT,270051,0,0,28,0
4,10,2.443918e6,-6.553933802992327,-2.4548467007090164,TIME_LIMIT,270100,0,0,28,0
4,10,2.444244e6,-6.553933802992327,-2.4548467007090164,TIME_LIMIT,270124,0,0,28,0
4,10,2.444551e6,-6.553933802992327,-2.4548467007090164,TIME_LIMIT,270163,0,0,19,0
4,10,2.444873e6,-6.553933802992327,-2.4548467007090164,TIME_LIMIT,270198,0,0,28,0
4,10,2.44519e6,-6.553933802992327,-2.4548467007090164,TIME_LIMIT,270240,0,0,22,0
4,10,2.445512e6,-6.553933802992327,-2.4548467007090164,TIME_LIMIT,270268,0,0,31,0
4,10,2.445824e6,-6.553933802992327,-2.4548467007090164,TIME_LIMIT,270311,0,0,19,0
4,10,2.446142e6,-6.553933802992327,-2.4548467007090164,TIME_LIMIT,270330,0,0,27,0
4,10,2.446451e6,-6.553933802992327,-2.4548467007090164,TIME_LIMIT,270375,0,0,21,0
4,10,2.446796e6,-6.553933802992327,-2.4548467007090164,TIME_LIMIT,270403,0,0,19,0
4,10,2.447105e6,-6.553933802992327,-2.4548467007090164,TIME_LIMIT,270444,0,0,18,0
4,10,2.447424e6,-6.553933802992327,-2.4548467007090164,TIME_LIMIT,270475,0,0,29,0
4,10,2.44773e6,-6.553933802992327,-2.4548467007090164,TIME_LIMIT,270524,0,0,22,0
4,10,2.448051e6,-6.553933802992327,-2.4548467007090164,TIME_LIMIT,270554,0,0,30,0
4,10,2.448357e6,-6.553933802992327,-2.4548467007090164,TIME_LIMIT,270601,0,0,24,0
4,10,2.448678e6,-6.553933802992327,-2.4548467007090164,TIME_LIMIT,270625,0,0,33,0
4,10,2.448982e6,-6.553933802992327,-2.4548467007090164,TIME_LIMIT,270673,0,0,20,0
4,10,2.449306e6,-6.553933802992327,-2.4548467007090164,TIME_LIMIT,270705,0,0,29,0
4,10,2.449616e6,-6.553933802992327,-2.4548467007090164,TIME_LIMIT,270744,0,0,16,0
4,10,2.44994e6,-6.553933802992327,-2.4548467007090164,TIME_LIMIT,270778,0,0,31,0
4,10,2.450275e6,-6.553933802992327,-2.4548467007090164,TIME_LIMIT,270818,0,0,23,0
4,10,2.450585e6,-6.553933802992327,-2.4548467007090164,TIME_LIMIT,270846,0,0,32,0
4,10,2.450905e6,-6.553933802992327,-2.4548467007090164,TIME_LIMIT,270889,0,0,21,0
4,10,2.451214e6,-6.553933802992327,-2.4548467007090164,TIME_LIMIT,270917,0,0,13,0
4,10,2.451533e6,-6.553933802992327,-2.4548467007090164,TIME_LIMIT,270958,0,0,24,0
4,10,2.451855e6,-6.553933802992327,-2.4548467007090164,TIME_LIMIT,270982,0,0,34,0
4,10,2.452166e6,-6.553933802992327,-2.4548467007090164,TIME_LIMIT,271027,0,0,24,0
4,10,2.452492e6,-6.553933802992327,-2.4548467007090164,TIME_LIMIT,271060,0,0,31,0
4,10,2.452799e6,-6.553933802992327,-2.4548467007090164,TIME_LIMIT,271094,0,0,23,0
4,10,2.453107e6,-6.553933802992327,-2.4548467007090164,TIME_LIMIT,271119,0,0,31,0
4,10,2.453428e6,-6.553933802992327,-2.4548467007090164,TIME_LIMIT,271162,0,0,24,0
4,10,2.45375e6,-6.553933802992327,-2.4548467007090164,TIME_LIMIT,271185,0,0,22,0
4,10,2.454088e6,-6.553933802992327,-2.4548467007090164,TIME_LIMIT,271229,0,0,27,0
4,10,2.454412e6,-6.553933802992327,-2.4548467007090164,TIME_LIMIT,271257,0,0,39,0
4,10,2.454729e6,-6.553933802992327,-2.4548467007090164,TIME_LIMIT,271304,0,0,24,0
4,10,2.45505e6,-6.553933802992327,-2.4548467007090164,TIME_LIMIT,271328,0,0,27,0
4,10,2.455357e6,-6.553933802992327,-2.4548467007090164,TIME_LIMIT,271377,0,0,26,0
4,10,2.45568e6,-6.553933802992327,-2.4548467007090164,TIME_LIMIT,271401,0,0,33,0
4,10,2.455991e6,-6.553933802992327,-2.4548467007090164,TIME_LIMIT,271450,0,0,20,0
4,10,2.456313e6,-6.553933802992327,-2.4548467007090164,TIME_LIMIT,271480,0,0,33,0
4,10,2.456621e6,-6.553933802992327,-2.4548467007090164,TIME_LIMIT,271524,0,0,26,0
4,10,2.456944e6,-6.553933802992327,-2.4548467007090164,TIME_LIMIT,271566,0,0,25,0
4,10,2.457243e6,-6.553933802992327,-2.4548467007090164,TIME_LIMIT,271598,0,0,34,0
4,10,2.457598e6,-6.553933802992327,-2.4548467007090164,TIME_LIMIT,271627,0,0,23,0
4,10,2.457907e6,-6.553933802992327,-2.4548467007090164,TIME_LIMIT,271675,0,0,25,0
4,10,2.458224e6,-6.553933802992327,-2.4548467007090164,TIME_LIMIT,271696,0,0,31,0
4,10,2.458531e6,-6.553933802992327,-2.4548467007090164,TIME_LIMIT,271738,0,0,20,0
4,10,2.458849e6,-6.553933802992327,-2.4548467007090164,TIME_LIMIT,271767,0,0,29,0
4,10,2.459159e6,-6.553933802992327,-2.4548467007090164,TIME_LIMIT,271807,0,0,21,0
4,10,2.459482e6,-6.553933802992327,-2.4548467007090164,TIME_LIMIT,271835,0,0,28,0
4,10,2.459787e6,-6.553933802992327,-2.4548467007090164,TIME_LIMIT,271879,0,0,23,0
4,10,2.460108e6,-6.553933802992327,-2.4548467007090164,TIME_LIMIT,271903,0,0,31,0
4,10,2.460411e6,-6.553933802992327,-2.4548467007090164,TIME_LIMIT,271955,0,0,28,0
4,10,2.460725e6,-6.553933802992327,-2.4548467007090164,TIME_LIMIT,271990,0,0,31,0
4,10,2.461081e6,-6.553933802992327,-2.4548467007090164,TIME_LIMIT,272029,0,0,22,0
4,10,2.461403e6,-6.553933802992327,-2.4548467007090164,TIME_LIMIT,272047,0,0,25,0
4,10,2.461738e6,-6.553933802992327,-2.4548467007090164,TIME_LIMIT,272090,0,0,24,0
4,10,2.46205e6,-6.553933802992327,-2.4548467007090164,TIME_LIMIT,272119,0,0,22,0
4,10,2.46236e6,-6.553933802992327,-2.4548467007090164,TIME_LIMIT,272166,0,0,27,0
4,10,2.462697e6,-6.553933802992327,-2.4548467007090164,TIME_LIMIT,272196,0,0,25,0
4,10,2.463015e6,-6.553933802992327,-2.4548467007090164,TIME_LIMIT,272240,0,0,16,0
4,10,2.463359e6,-6.553933802992327,-2.4548467007090164,TIME_LIMIT,272261,0,0,31,0
4,10,2.463684e6,-6.553933802992327,-2.4548467007090164,TIME_LIMIT,272308,0,0,29,0
4,10,2.464022e6,-6.553933802992327,-2.4548467007090164,TIME_LIMIT,272342,0,0,32,0
4,10,2.464352e6,-6.553933802992327,-2.4548467007090164,TIME_LIMIT,272386,0,0,26,0
4,10,2.46469e6,-6.553933802992327,-2.4548467007090164,TIME_LIMIT,272414,0,0,29,0
4,10,2.465042e6,-6.553933802992327,-2.4548467007090164,TIME_LIMIT,272459,0,0,24,0
4,10,2.465359e6,-6.553933802992327,-2.4548467007090164,TIME_LIMIT,272498,0,0,25,0
4,10,2.465692e6,-6.553933802992327,-2.4548467007090164,TIME_LIMIT,272540,0,0,14,0
4,10,2.466004e6,-6.553933802992327,-2.4548467007090164,TIME_LIMIT,272573,0,0,27,0
4,10,2.466344e6,-6.553933802992327,-2.4548467007090164,TIME_LIMIT,272615,0,0,21,0
4,10,2.466656e6,-6.553933802992327,-2.4548467007090164,TIME_LIMIT,272642,0,0,32,0
4,10,2.466974e6,-6.553933802992327,-2.4548467007090164,TIME_LIMIT,272688,0,0,24,0
4,10,2.467301e6,-6.553933802992327,-2.4548467007090164,TIME_LIMIT,272712,0,0,27,0
4,10,2.467628e6,-6.553933802992327,-2.4548467007090164,TIME_LIMIT,272755,0,0,23,0
4,10,2.46797e6,-6.553933802992327,-2.4548467007090164,TIME_LIMIT,272777,0,0,24,0
4,10,2.468288e6,-6.553933802992327,-2.4548467007090164,TIME_LIMIT,272820,0,0,14,0
4,10,2.468659e6,-6.553933802992327,-2.4548467007090164,TIME_LIMIT,272857,0,0,28,0
4,10,2.468987e6,-6.553933802992327,-2.4548467007090164,TIME_LIMIT,272890,0,0,34,0
4,10,2.469324e6,-6.553933802992327,-2.4548467007090164,TIME_LIMIT,272928,0,0,28,0
4,10,2.469649e6,-6.553933802992327,-2.4548467007090164,TIME_LIMIT,272969,0,0,24,0
4,10,2.469997e6,-6.553933802992327,-2.4548467007090164,TIME_LIMIT,273001,0,0,28,0
4,10,2.470351e6,-6.553933802992327,-2.4548467007090164,TIME_LIMIT,273044,0,0,23,0
4,10,2.470684e6,-6.553933802992327,-2.4548467007090164,TIME_LIMIT,273066,0,0,30,0
4,10,2.471002e6,-6.553933802992327,-2.4548467007090164,TIME_LIMIT,273110,0,0,25,0
4,10,2.471336e6,-6.553933802992327,-2.4548467007090164,TIME_LIMIT,273145,0,0,24,0
4,10,2.471657e6,-6.553933802992327,-2.4548467007090164,TIME_LIMIT,273181,0,0,26,0
4,10,2.471988e6,-6.553933802992327,-2.4548467007090164,TIME_LIMIT,273199,0,0,39,0
4,10,2.472295e6,-6.553933802992327,-2.4548467007090164,TIME_LIMIT,273240,0,0,21,0
4,10,2.472659e6,-6.553933802992327,-2.4548467007090164,TIME_LIMIT,273261,0,0,23,0
4,10,2.472971e6,-6.553933802992327,-2.4548467007090164,TIME_LIMIT,273304,0,0,22,0
4,10,2.473295e6,-6.553933802992327,-2.4548467007090164,TIME_LIMIT,273330,0,0,30,0
4,10,2.473606e6,-6.553933802992327,-2.4548467007090164,TIME_LIMIT,273373,0,0,29,0
4,10,2.473955e6,-6.553933802992327,-2.4548467007090164,TIME_LIMIT,273402,0,0,35,0
4,10,2.474273e6,-6.553933802992327,-2.4548467007090164,TIME_LIMIT,273447,0,0,25,0
4,10,2.474594e6,-6.553933802992327,-2.4548467007090164,TIME_LIMIT,273473,0,0,26,0
4,10,2.474902e6,-6.553933802992327,-2.4548467007090164,TIME_LIMIT,273517,0,0,29,0
4,10,2.475227e6,-6.553933802992327,-2.4548467007090164,TIME_LIMIT,273540,0,0,30,0
4,10,2.475542e6,-6.553933802992327,-2.4548467007090164,TIME_LIMIT,273590,0,0,27,0
4,10,2.475847e6,-6.553933802992327,-2.4548467007090164,TIME_LIMIT,273616,0,0,34,0
4,10,2.476182e6,-6.553933802992327,-2.4548467007090164,TIME_LIMIT,273656,0,0,24,0
4,10,2.476496e6,-6.553933802992327,-2.4548467007090164,TIME_LIMIT,273681,0,0,27,0
4,10,2.476816e6,-6.553933802992327,-2.4548467007090164,TIME_LIMIT,273723,0,0,24,0
4,10,2.477127e6,-6.553933802992327,-2.4548467007090164,TIME_LIMIT,273752,0,0,29,0
4,10,2.477449e6,-6.553933802992327,-2.4548467007090164,TIME_LIMIT,273789,0,0,10,0
4,10,2.477802e6,-6.553933802992327,-2.4548467007090164,TIME_LIMIT,273812,0,0,28,0
4,10,2.478128e6,-6.553933802992327,-2.4548467007090164,TIME_LIMIT,273857,0,0,27,0
4,10,2.478444e6,-6.553933802992327,-2.4548467007090164,TIME_LIMIT,273885,0,0,27,0
4,10,2.47877e6,-6.553933802992327,-2.4548467007090164,TIME_LIMIT,273928,0,0,29,0
4,10,2.479092e6,-6.553933802992327,-2.4548467007090164,TIME_LIMIT,273950,0,0,28,0
4,10,2.479403e6,-6.553933802992327,-2.4548467007090164,TIME_LIMIT,273999,0,0,27,0
4,10,2.479722e6,-6.553933802992327,-2.4548467007090164,TIME_LIMIT,274026,0,0,32,0
4,10,2.480065e6,-6.553933802992327,-2.4548467007090164,TIME_LIMIT,274063,0,0,21,0
4,10,2.480371e6,-6.553933802992327,-2.4548467007090164,TIME_LIMIT,274086,0,0,28,0
4,10,2.480696e6,-6.553933802992327,-2.4548467007090164,TIME_LIMIT,274122,0,0,20,0
4,10,2.481001e6,-6.553933802992327,-2.4548467007090164,TIME_LIMIT,274146,0,0,11,0
4,10,2.481317e6,-6.553933802992327,-2.4548467007090164,TIME_LIMIT,274188,0,0,10,0
4,10,2.481675e6,-6.553933802992327,-2.4548467007090164,TIME_LIMIT,274223,0,0,24,0
4,10,2.481994e6,-6.553933802992327,-2.4548467007090164,TIME_LIMIT,274262,0,0,25,0
4,10,2.482326e6,-6.553933802992327,-2.4548467007090164,TIME_LIMIT,274293,0,0,36,0
4,10,2.482636e6,-6.553933802992327,-2.4548467007090164,TIME_LIMIT,274339,0,0,27,0
4,10,2.482963e6,-6.553933802992327,-2.4548467007090164,TIME_LIMIT,274367,0,0,15,0
4,10,2.483283e6,-6.553933802992327,-2.4548467007090164,TIME_LIMIT,274412,0,0,24,0
4,10,2.483649e6,-6.553933802992327,-2.4548467007090164,TIME_LIMIT,274443,0,0,32,0
4,10,2.483959e6,-6.553933802992327,-2.4548467007090164,TIME_LIMIT,274492,0,0,9,0
4,10,2.484289e6,-6.553933802992327,-2.4548467007090164,TIME_LIMIT,274523,0,0,28,0
4,10,2.4846e6,-6.553933802992327,-2.4548467007090164,TIME_LIMIT,274566,0,0,25,0
4,10,2.484924e6,-6.553933802992327,-2.4548467007090164,TIME_LIMIT,274596,0,0,27,0
4,10,2.485235e6,-6.553933802992327,-2.4548467007090164,TIME_LIMIT,274642,0,0,17,0
4,10,2.485557e6,-6.553933802992327,-2.4548467007090164,TIME_LIMIT,274667,0,0,19,0
4,10,2.485867e6,-6.553933802992327,-2.4548467007090164,TIME_LIMIT,274709,0,0,18,0
4,10,2.486189e6,-6.553933802992327,-2.4548467007090164,TIME_LIMIT,274734,0,0,30,0
4,10,2.4865e6,-6.553933802992327,-2.4548467007090164,TIME_LIMIT,274783,0,0,25,0
4,10,2.486827e6,-6.553933802992327,-2.4548467007090164,TIME_LIMIT,274812,0,0,26,0
4,10,2.487138e6,-6.553933802992327,-2.4548467007090164,TIME_LIMIT,274860,0,0,26,0
4,10,2.487479e6,-6.553933802992327,-2.4548467007090164,TIME_LIMIT,274888,0,0,34,0
4,10,2.487794e6,-6.553933802992327,-2.4548467007090164,TIME_LIMIT,274935,0,0,22,0
4,10,2.488116e6,-6.553933802992327,-2.4548467007090164,TIME_LIMIT,274956,0,0,27,0
4,10,2.488424e6,-6.553933802992327,-2.4548467007090164,TIME_LIMIT,274998,0,0,23,0
4,10,2.488771e6,-6.553933802992327,-2.4548467007090164,TIME_LIMIT,275023,0,0,26,0
4,10,2.489102e6,-6.553933802992327,-2.4548467007090164,TIME_LIMIT,275073,0,0,28,0
4,10,2.489447e6,-6.553933802992327,-2.4548467007090164,TIME_LIMIT,275108,0,0,30,0
4,10,2.489781e6,-6.553933802992327,-2.4548467007090164,TIME_LIMIT,275142,0,0,28,0
4,10,2.490127e6,-6.553933802992327,-2.4548467007090164,TIME_LIMIT,275172,0,0,31,0
4,10,2.490458e6,-6.553933802992327,-2.4548467007090164,TIME_LIMIT,275213,0,0,28,0
4,10,2.490807e6,-6.553933802992327,-2.4548467007090164,TIME_LIMIT,275239,0,0,24,0
4,10,2.491144e6,-6.553933802992327,-2.4548467007090164,TIME_LIMIT,275283,0,0,23,0
4,10,2.491505e6,-6.553933802992327,-2.4548467007090164,TIME_LIMIT,275320,0,0,34,0
4,10,2.491835e6,-6.553933802992327,-2.4548467007090164,TIME_LIMIT,275356,0,0,19,0
4,10,2.49218e6,-6.553933802992327,-2.4548467007090164,TIME_LIMIT,275386,0,0,31,0
4,10,2.492504e6,-6.553933802992327,-2.4548467007090164,TIME_LIMIT,275426,0,0,23,0
4,10,2.492837e6,-6.553933802992327,-2.4548467007090164,TIME_LIMIT,275447,0,0,27,0
4,10,2.493181e6,-6.553933802992327,-2.4548467007090164,TIME_LIMIT,275491,0,0,26,0
4,10,2.493512e6,-6.553933802992327,-2.4548467007090164,TIME_LIMIT,275520,0,0,36,0
4,10,2.493857e6,-6.553933802992327,-2.4548467007090164,TIME_LIMIT,275554,0,0,22,0
4,10,2.494186e6,-6.553933802992327,-2.4548467007090164,TIME_LIMIT,275574,0,0,33,0
4,10,2.494541e6,-6.553933802992327,-2.4548467007090164,TIME_LIMIT,275615,0,0,23,0
4,10,2.494858e6,-6.553933802992327,-2.4548467007090164,TIME_LIMIT,275644,0,0,17,0
4,10,2.495221e6,-6.553933802992327,-2.4548467007090164,TIME_LIMIT,275687,0,0,18,0
4,10,2.495553e6,-6.553933802992327,-2.4548467007090164,TIME_LIMIT,275713,0,0,32,0
4,10,2.495901e6,-6.553933802992327,-2.4548467007090164,TIME_LIMIT,275760,0,0,21,0
4,10,2.496227e6,-6.553933802992327,-2.4548467007090164,TIME_LIMIT,275783,0,0,22,0
4,10,2.496559e6,-6.553933802992327,-2.4548467007090164,TIME_LIMIT,275830,0,0,28,0
4,10,2.496901e6,-6.553933802992327,-2.4548467007090164,TIME_LIMIT,275862,0,0,27,0
4,10,2.497227e6,-6.553933802992327,-2.4548467007090164,TIME_LIMIT,275904,0,0,21,0
4,10,2.497556e6,-6.553933802992327,-2.4548467007090164,TIME_LIMIT,275928,0,0,24,0
4,10,2.497898e6,-6.553933802992327,-2.4548467007090164,TIME_LIMIT,275964,0,0,23,0
4,10,2.498229e6,-6.553933802992327,-2.4548467007090164,TIME_LIMIT,275992,0,0,31,0
4,10,2.49857e6,-6.553933802992327,-2.4548467007090164,TIME_LIMIT,276035,0,0,24,0
4,10,2.498896e6,-6.553933802992327,-2.4548467007090164,TIME_LIMIT,276058,0,0,35,0
4,10,2.499273e6,-6.553933802992327,-2.4548467007090164,TIME_LIMIT,276098,0,0,23,0
4,10,2.499606e6,-6.553933802992327,-2.4548467007090164,TIME_LIMIT,276127,0,0,28,0
4,10,2.499948e6,-6.553933802992327,-2.4548467007090164,TIME_LIMIT,276172,0,0,16,0
4,10,2.500278e6,-6.553933802992327,-2.4548467007090164,TIME_LIMIT,276198,0,0,27,0
4,10,2.500601e6,-6.553933802992327,-2.4548467007090164,TIME_LIMIT,276242,0,0,25,0
4,10,2.500914e6,-6.553933802992327,-2.4548467007090164,TIME_LIMIT,276270,0,0,14,0
4,10,2.501256e6,-6.553933802992327,-2.4548467007090164,TIME_LIMIT,276308,0,0,15,0
4,10,2.501589e6,-6.553933802992327,-2.4548467007090164,TIME_LIMIT,276332,0,0,28,0
4,10,2.50191e6,-6.553933802992327,-2.4548467007090164,TIME_LIMIT,276370,0,0,24,0
4,10,2.502216e6,-6.553933802992327,-2.4548467007090164,TIME_LIMIT,276401,0,0,32,0
4,10,2.502551e6,-6.553933802992327,-2.4548467007090164,TIME_LIMIT,276438,0,0,19,0
4,10,2.502875e6,-6.553933802992327,-2.4548467007090164,TIME_LIMIT,276471,0,0,30,0
4,10,2.503223e6,-6.553933802992327,-2.4548467007090164,TIME_LIMIT,276518,0,0,24,0
4,10,2.503534e6,-6.553933802992327,-2.4548467007090164,TIME_LIMIT,276551,0,0,27,0
4,10,2.503864e6,-6.553933802992327,-2.4548467007090164,TIME_LIMIT,276594,0,0,23,0
4,10,2.504196e6,-6.553933802992327,-2.4548467007090164,TIME_LIMIT,276620,0,0,34,0
4,10,2.504529e6,-6.553933802992327,-2.4548467007090164,TIME_LIMIT,276665,0,0,26,0
4,10,2.504866e6,-6.553933802992327,-2.4548467007090164,TIME_LIMIT,276692,0,0,38,0
4,10,2.505204e6,-6.553933802992327,-2.4548467007090164,TIME_LIMIT,276732,0,0,31,0
4,10,2.505542e6,-6.553933802992327,-2.4548467007090164,TIME_LIMIT,276759,0,0,40,0
4,10,2.505863e6,-6.553933802992327,-2.4548467007090164,TIME_LIMIT,276802,0,0,20,0
4,10,2.506201e6,-6.553933802992327,-2.4548467007090164,TIME_LIMIT,276831,0,0,38,0
4,10,2.506524e6,-6.553933802992327,-2.4548467007090164,TIME_LIMIT,276869,0,0,21,0
4,10,2.506868e6,-6.553933802992327,-2.4548467007090164,TIME_LIMIT,276908,0,0,32,0
4,10,2.507195e6,-6.553933802992327,-2.4548467007090164,TIME_LIMIT,276935,0,0,25,0
4,10,2.507537e6,-6.553933802992327,-2.4548467007090164,TIME_LIMIT,276959,0,0,32,0
4,10,2.507842e6,-6.553933802992327,-2.4548467007090164,TIME_LIMIT,277005,0,0,22,0
4,10,2.508168e6,-6.553933802992327,-2.4548467007090164,TIME_LIMIT,277034,0,0,29,0
4,10,2.508492e6,-6.553933802992327,-2.4548467007090164,TIME_LIMIT,277083,0,0,22,0
4,10,2.508831e6,-6.553933802992327,-2.4548467007090164,TIME_LIMIT,277111,0,0,30,0
4,10,2.50914e6,-6.553933802992327,-2.4548467007090164,TIME_LIMIT,277158,0,0,25,0
4,10,2.509446e6,-6.553933802992327,-2.4548467007090164,TIME_LIMIT,277200,0,0,30,0
4,10,2.509772e6,-6.553933802992327,-2.4548467007090164,TIME_LIMIT,277231,0,0,32,0
4,10,2.510093e6,-6.553933802992327,-2.4548467007090164,TIME_LIMIT,277257,0,0,30,0
4,10,2.510403e6,-6.553933802992327,-2.4548467007090164,TIME_LIMIT,277305,0,0,22,0
4,10,2.510764e6,-6.553933802992327,-2.4548467007090164,TIME_LIMIT,277337,0,0,22,0
4,10,2.51109e6,-6.553933802992327,-2.4548467007090164,TIME_LIMIT,277371,0,0,21,0
4,10,2.511436e6,-6.553933802992327,-2.4548467007090164,TIME_LIMIT,277401,0,0,19,0
4,10,2.511762e6,-6.553933802992327,-2.4548467007090164,TIME_LIMIT,277438,0,0,21,0
4,10,2.51208e6,-6.553933802992327,-2.4548467007090164,TIME_LIMIT,277461,0,0,31,0
4,10,2.512401e6,-6.553933802992327,-2.4548467007090164,TIME_LIMIT,277507,0,0,26,0
4,10,2.51271e6,-6.553933802992327,-2.4548467007090164,TIME_LIMIT,277541,0,0,31,0
4,10,2.513015e6,-6.553933802992327,-2.4548467007090164,TIME_LIMIT,277589,0,0,29,0
4,10,2.513332e6,-6.553933802992327,-2.4548467007090164,TIME_LIMIT,277617,0,0,29,0
4,10,2.513637e6,-6.553933802992327,-2.4548467007090164,TIME_LIMIT,277660,0,0,21,0
4,10,2.513941e6,-6.553933802992327,-2.4548467007090164,TIME_LIMIT,277682,0,0,41,0
4,10,2.514282e6,-6.553933802992327,-2.4548467007090164,TIME_LIMIT,277722,0,0,6,0
4,10,2.514616e6,-6.553933802992327,-2.4548467007090164,TIME_LIMIT,277752,0,0,23,0
4,10,2.514931e6,-6.553933802992327,-2.4548467007090164,TIME_LIMIT,277799,0,0,26,0
4,10,2.51527e6,-6.553933802992327,-2.4548467007090164,TIME_LIMIT,277825,0,0,26,0
4,10,2.515618e6,-6.553933802992327,-2.4548467007090164,TIME_LIMIT,277868,0,0,22,0
4,10,2.515927e6,-6.553933802992327,-2.4548467007090164,TIME_LIMIT,277897,0,0,32,0
4,10,2.516227e6,-6.553933802992327,-2.4548467007090164,TIME_LIMIT,277941,0,0,7,0
4,10,2.516532e6,-6.553933802992327,-2.4548467007090164,TIME_LIMIT,277969,0,0,22,0
4,10,2.516841e6,-6.553933802992327,-2.4548467007090164,TIME_LIMIT,278016,0,0,24,0
4,10,2.517149e6,-6.553933802992327,-2.4548467007090164,TIME_LIMIT,278045,0,0,32,0
4,10,2.517459e6,-6.553933802992327,-2.4548467007090164,TIME_LIMIT,278088,0,0,12,0
4,10,2.517763e6,-6.553933802992327,-2.4548467007090164,TIME_LIMIT,278116,0,0,28,0
4,10,2.518091e6,-6.553933802992327,-2.4548467007090164,TIME_LIMIT,278159,0,0,25,0
4,10,2.518426e6,-6.553933802992327,-2.4548467007090164,TIME_LIMIT,278186,0,0,29,0
4,10,2.518734e6,-6.553933802992327,-2.4548467007090164,TIME_LIMIT,278226,0,0,20,0
4,10,2.519068e6,-6.553933802992327,-2.4548467007090164,TIME_LIMIT,278247,0,0,27,0
4,10,2.519384e6,-6.553933802992327,-2.4548467007090164,TIME_LIMIT,278287,0,0,12,0
4,10,2.519688e6,-6.553933802992327,-2.4548467007090164,TIME_LIMIT,278319,0,0,29,0
4,10,2.519997e6,-6.553933802992327,-2.4548467007090164,TIME_LIMIT,278356,0,0,21,0
4,10,2.520301e6,-6.553933802992327,-2.4548467007090164,TIME_LIMIT,278384,0,0,36,0
4,10,2.520605e6,-6.553933802992327,-2.4548467007090164,TIME_LIMIT,278424,0,0,25,0
4,10,2.520907e6,-6.553933802992327,-2.4548467007090164,TIME_LIMIT,278450,0,0,31,0
4,10,2.521207e6,-6.553933802992327,-2.4548467007090164,TIME_LIMIT,278489,0,0,23,0
4,10,2.521511e6,-6.553933802992327,-2.4548467007090164,TIME_LIMIT,278512,0,0,38,0
4,10,2.521814e6,-6.553933802992327,-2.4548467007090164,TIME_LIMIT,278554,0,0,23,0
4,10,2.522155e6,-6.553933802992327,-2.4548467007090164,TIME_LIMIT,278589,0,0,30,0
4,10,2.522468e6,-6.553933802992327,-2.4548467007090164,TIME_LIMIT,278630,0,0,23,0
4,10,2.522792e6,-6.553933802992327,-2.4548467007090164,TIME_LIMIT,278657,0,0,25,0
4,10,2.523121e6,-6.553933802992327,-2.4548467007090164,TIME_LIMIT,278699,0,0,26,0
4,10,2.523431e6,-6.553933802992327,-2.4548467007090164,TIME_LIMIT,278731,0,0,35,0
4,10,2.523735e6,-6.553933802992327,-2.4548467007090164,TIME_LIMIT,278766,0,0,18,0
4,10,2.524045e6,-6.553933802992327,-2.4548467007090164,TIME_LIMIT,278805,0,0,29,0
4,10,2.524359e6,-6.553933802992327,-2.4548467007090164,TIME_LIMIT,278843,0,0,25,0
4,10,2.524685e6,-6.553933802992327,-2.4548467007090164,TIME_LIMIT,278866,0,0,26,0
4,10,2.524997e6,-6.553933802992327,-2.4548467007090164,TIME_LIMIT,278911,0,0,25,0
4,10,2.52531e6,-6.553933802992327,-2.4548467007090164,TIME_LIMIT,278934,0,0,27,0
4,10,2.525622e6,-6.553933802992327,-2.4548467007090164,TIME_LIMIT,278976,0,0,21,0
4,10,2.525965e6,-6.553933802992327,-2.4548467007090164,TIME_LIMIT,278999,0,0,26,0
4,10,2.52627e6,-6.553933802992327,-2.4548467007090164,TIME_LIMIT,279039,0,0,20,0
4,10,2.526618e6,-6.553933802992327,-2.4548467007090164,TIME_LIMIT,279066,0,0,33,0
4,10,2.526926e6,-6.553933802992327,-2.4548467007090164,TIME_LIMIT,279101,0,0,25,0
4,10,2.527232e6,-6.553933802992327,-2.4548467007090164,TIME_LIMIT,279123,0,0,28,0
4,10,2.527544e6,-6.553933802992327,-2.4548467007090164,TIME_LIMIT,279168,0,0,21,0
4,10,2.52788e6,-6.553933802992327,-2.4548467007090164,TIME_LIMIT,279193,0,0,23,0
4,10,2.528196e6,-6.553933802992327,-2.4548467007090164,TIME_LIMIT,279240,0,0,28,0
4,10,2.528516e6,-6.553933802992327,-2.4548467007090164,TIME_LIMIT,279269,0,0,16,0
4,10,2.528826e6,-6.553933802992327,-2.4548467007090164,TIME_LIMIT,279304,0,0,25,0
4,10,2.529141e6,-6.553933802992327,-2.4548467007090164,TIME_LIMIT,279325,0,0,29,0
4,10,2.529459e6,-6.553933802992327,-2.4548467007090164,TIME_LIMIT,279368,0,0,21,0
4,10,2.529815e6,-6.553933802992327,-2.4548467007090164,TIME_LIMIT,279402,0,0,32,0
4,10,2.53013e6,-6.553933802992327,-2.4548467007090164,TIME_LIMIT,279435,0,0,25,0
4,10,2.530455e6,-6.553933802992327,-2.4548467007090164,TIME_LIMIT,279467,0,0,28,0
4,10,2.530774e6,-6.553933802992327,-2.4548467007090164,TIME_LIMIT,279501,0,0,23,0
4,10,2.531092e6,-6.553933802992327,-2.4548467007090164,TIME_LIMIT,279531,0,0,33,0
4,10,2.531407e6,-6.553933802992327,-2.4548467007090164,TIME_LIMIT,279572,0,0,23,0
4,10,2.531727e6,-6.553933802992327,-2.4548467007090164,TIME_LIMIT,279596,0,0,27,0
4,10,2.532044e6,-6.553933802992327,-2.4548467007090164,TIME_LIMIT,279642,0,0,25,0
4,10,2.53237e6,-6.553933802992327,-2.4548467007090164,TIME_LIMIT,279670,0,0,25,0
4,10,2.532693e6,-6.553933802992327,-2.4548467007090164,TIME_LIMIT,279716,0,0,21,0
4,10,2.533018e6,-6.553933802992327,-2.4548467007090164,TIME_LIMIT,279745,0,0,27,0
4,10,2.533343e6,-6.553933802992327,-2.4548467007090164,TIME_LIMIT,279782,0,0,25,0
4,10,2.533698e6,-6.553933802992327,-2.4548467007090164,TIME_LIMIT,279802,0,0,30,0
4,10,2.534011e6,-6.553933802992327,-2.4548467007090164,TIME_LIMIT,279847,0,0,27,0
4,10,2.534334e6,-6.553933802992327,-2.4548467007090164,TIME_LIMIT,279873,0,0,24,0
4,10,2.53466e6,-6.553933802992327,-2.4548467007090164,TIME_LIMIT,279910,0,0,22,0
4,10,2.534975e6,-6.553933802992327,-2.4548467007090164,TIME_LIMIT,279936,0,0,33,0
4,10,2.535294e6,-6.553933802992327,-2.4548467007090164,TIME_LIMIT,279980,0,0,27,0
4,10,2.535617e6,-6.553933802992327,-2.4548467007090164,TIME_LIMIT,280007,0,0,35,0
4,10,2.535941e6,-6.553933802992327,-2.4548467007090164,TIME_LIMIT,280050,0,0,26,0
4,10,2.536262e6,-6.553933802992327,-2.4548467007090164,TIME_LIMIT,280083,0,0,33,0
4,10,2.536588e6,-6.553933802992327,-2.4548467007090164,TIME_LIMIT,280132,0,0,25,0
4,10,2.536912e6,-6.553933802992327,-2.4548467007090164,TIME_LIMIT,280159,0,0,32,0
4,10,2.53726e6,-6.553933802992327,-2.4548467007090164,TIME_LIMIT,280199,0,0,22,0
4,10,2.537621e6,-6.553933802992327,-2.4548467007090164,TIME_LIMIT,280226,0,0,40,0
4,10,2.537934e6,-6.553933802992327,-2.4548467007090164,TIME_LIMIT,280269,0,0,23,0
4,10,2.538241e6,-6.553933802992327,-2.4548467007090164,TIME_LIMIT,280300,0,0,13,0
4,10,2.538566e6,-6.553933802992327,-2.4548467007090164,TIME_LIMIT,280344,0,0,23,0
4,10,2.53889e6,-6.553933802992327,-2.4548467007090164,TIME_LIMIT,280369,0,0,27,0
4,10,2.539214e6,-6.553933802992327,-2.4548467007090164,TIME_LIMIT,280410,0,0,25,0
4,10,2.53953e6,-6.553933802992327,-2.4548467007090164,TIME_LIMIT,280436,0,0,33,0
4,10,2.53985e6,-6.553933802992327,-2.4548467007090164,TIME_LIMIT,280478,0,0,17,0
4,10,2.540188e6,-6.553933802992327,-2.4548467007090164,TIME_LIMIT,280504,0,0,12,0
4,10,2.540507e6,-6.553933802992327,-2.4548467007090164,TIME_LIMIT,280546,0,0,6,0
4,10,2.540827e6,-6.553933802992327,-2.4548467007090164,TIME_LIMIT,280571,0,0,17,0
4,10,2.541159e6,-6.553933802992327,-2.4548467007090164,TIME_LIMIT,280615,0,0,10,0
4,10,2.541512e6,-6.553933802992327,-2.4548467007090164,TIME_LIMIT,280640,0,0,33,0
4,10,2.541821e6,-6.553933802992327,-2.4548467007090164,TIME_LIMIT,280686,0,0,21,0
4,10,2.542126e6,-6.553933802992327,-2.4548467007090164,TIME_LIMIT,280719,0,0,30,0
4,10,2.542435e6,-6.553933802992327,-2.4548467007090164,TIME_LIMIT,280756,0,0,24,0
4,10,2.542737e6,-6.553933802992327,-2.4548467007090164,TIME_LIMIT,280783,0,0,39,0
4,10,2.543043e6,-6.553933802992327,-2.4548467007090164,TIME_LIMIT,280826,0,0,23,0
4,10,2.543362e6,-6.553933802992327,-2.4548467007090164,TIME_LIMIT,280856,0,0,29,0
4,10,2.543665e6,-6.553933802992327,-2.4548467007090164,TIME_LIMIT,280892,0,0,26,0
4,10,2.54397e6,-6.553933802992327,-2.4548467007090164,TIME_LIMIT,280926,0,0,28,0
4,10,2.544276e6,-6.553933802992327,-2.4548467007090164,TIME_LIMIT,280962,0,0,19,0
4,10,2.544577e6,-6.553933802992327,-2.4548467007090164,TIME_LIMIT,280988,0,0,29,0
4,10,2.544876e6,-6.553933802992327,-2.4548467007090164,TIME_LIMIT,281025,0,0,21,0
4,10,2.545212e6,-6.553933802992327,-2.4548467007090164,TIME_LIMIT,281050,0,0,17,0
4,10,2.545521e6,-6.553933802992327,-2.4548467007090164,TIME_LIMIT,281096,0,0,26,0
4,10,2.545833e6,-6.553933802992327,-2.4548467007090164,TIME_LIMIT,281124,0,0,34,0
4,10,2.546132e6,-6.553933802992327,-2.4548467007090164,TIME_LIMIT,281166,0,0,23,0
4,10,2.546432e6,-6.553933802992327,-2.4548467007090164,TIME_LIMIT,281197,0,0,26,0
4,10,2.546736e6,-6.553933802992327,-2.4548467007090164,TIME_LIMIT,281241,0,0,30,0
4,10,2.547034e6,-6.553933802992327,-2.4548467007090164,TIME_LIMIT,281264,0,0,31,0
4,10,2.547334e6,-6.553933802992327,-2.4548467007090164,TIME_LIMIT,281304,0,0,12,0
4,10,2.547654e6,-6.553933802992327,-2.4548467007090164,TIME_LIMIT,281331,0,0,28,0
4,10,2.547958e6,-6.553933802992327,-2.4548467007090164,TIME_LIMIT,281377,0,0,10,0
4,10,2.548262e6,-6.553933802992327,-2.4548467007090164,TIME_LIMIT,281403,0,0,32,0
4,10,2.548564e6,-6.553933802992327,-2.4548467007090164,TIME_LIMIT,281447,0,0,18,0
4,10,2.548893e6,-6.553933802992327,-2.4548467007090164,TIME_LIMIT,281478,0,0,30,0
4,10,2.549242e6,-6.553933802992327,-2.4548467007090164,TIME_LIMIT,281521,0,0,15,0
4,10,2.549548e6,-6.553933802992327,-2.4548467007090164,TIME_LIMIT,281553,0,0,19,0
4,10,2.549856e6,-6.553933802992327,-2.4548467007090164,TIME_LIMIT,281587,0,0,24,0
4,10,2.550161e6,-6.553933802992327,-2.4548467007090164,TIME_LIMIT,281612,0,0,26,0
4,10,2.550469e6,-6.553933802992327,-2.4548467007090164,TIME_LIMIT,281650,0,0,23,0
4,10,2.550779e6,-6.553933802992327,-2.4548467007090164,TIME_LIMIT,281678,0,0,40,0
4,10,2.551087e6,-6.553933802992327,-2.4548467007090164,TIME_LIMIT,281718,0,0,24,0
4,10,2.551392e6,-6.553933802992327,-2.4548467007090164,TIME_LIMIT,281752,0,0,30,0
4,10,2.551695e6,-6.553933802992327,-2.4548467007090164,TIME_LIMIT,281792,0,0,25,0
4,10,2.552007e6,-6.553933802992327,-2.4548467007090164,TIME_LIMIT,281821,0,0,30,0
4,10,2.552318e6,-6.553933802992327,-2.4548467007090164,TIME_LIMIT,281858,0,0,22,0
4,10,2.552628e6,-6.553933802992327,-2.4548467007090164,TIME_LIMIT,281878,0,0,33,0
4,10,2.552971e6,-6.553933802992327,-2.4548467007090164,TIME_LIMIT,281919,0,0,22,0
4,10,2.553279e6,-6.553933802992327,-2.4548467007090164,TIME_LIMIT,281940,0,0,17,0
4,10,2.553585e6,-6.553933802992327,-2.4548467007090164,TIME_LIMIT,281985,0,0,22,0
4,10,2.553893e6,-6.553933802992327,-2.4548467007090164,TIME_LIMIT,282021,0,0,11,0
4,10,2.554197e6,-6.553933802992327,-2.4548467007090164,TIME_LIMIT,282055,0,0,24,0
4,10,2.554504e6,-6.553933802992327,-2.4548467007090164,TIME_LIMIT,282081,0,0,25,0
4,10,2.554808e6,-6.553933802992327,-2.4548467007090164,TIME_LIMIT,282126,0,0,17,0
4,10,2.555114e6,-6.553933802992327,-2.4548467007090164,TIME_LIMIT,282143,0,0,25,0
4,10,2.55542e6,-6.553933802992327,-2.4548467007090164,TIME_LIMIT,282183,0,0,26,0
4,10,2.555724e6,-6.553933802992327,-2.4548467007090164,TIME_LIMIT,282210,0,0,27,0
4,10,2.556027e6,-6.553933802992327,-2.4548467007090164,TIME_LIMIT,282248,0,0,23,0
4,10,2.556333e6,-6.553933802992327,-2.4548467007090164,TIME_LIMIT,282281,0,0,24,0
4,10,2.556679e6,-6.553933802992327,-2.4548467007090164,TIME_LIMIT,282321,0,0,26,0
4,10,2.557003e6,-6.553933802992327,-2.4548467007090164,TIME_LIMIT,282345,0,0,30,0
4,10,2.55731e6,-6.553933802992327,-2.4548467007090164,TIME_LIMIT,282384,0,0,24,0
4,10,2.557616e6,-6.553933802992327,-2.4548467007090164,TIME_LIMIT,282411,0,0,30,0
4,10,2.557922e6,-6.553933802992327,-2.4548467007090164,TIME_LIMIT,282449,0,0,10,0
4,10,2.558232e6,-6.553933802992327,-2.4548467007090164,TIME_LIMIT,282473,0,0,28,0
4,10,2.558558e6,-6.553933802992327,-2.4548467007090164,TIME_LIMIT,282511,0,0,18,0
4,10,2.558865e6,-6.553933802992327,-2.4548467007090164,TIME_LIMIT,282539,0,0,22,0
4,10,2.559169e6,-6.553933802992327,-2.4548467007090164,TIME_LIMIT,282574,0,0,6,0
4,10,2.559479e6,-6.553933802992327,-2.4548467007090164,TIME_LIMIT,282605,0,0,26,0
4,10,2.55979e6,-6.553933802992327,-2.4548467007090164,TIME_LIMIT,282645,0,0,24,0
4,10,2.560109e6,-6.553933802992327,-2.4548467007090164,TIME_LIMIT,282671,0,0,28,0
4,10,2.560445e6,-6.553933802992327,-2.4548467007090164,TIME_LIMIT,282711,0,0,16,0
4,10,2.560759e6,-6.553933802992327,-2.4548467007090164,TIME_LIMIT,282734,0,0,32,0
4,10,2.56107e6,-6.553933802992327,-2.4548467007090164,TIME_LIMIT,282774,0,0,23,0
4,10,2.561395e6,-6.553933802992327,-2.4548467007090164,TIME_LIMIT,282797,0,0,21,0
4,10,2.561704e6,-6.553933802992327,-2.4548467007090164,TIME_LIMIT,282837,0,0,29,0
4,10,2.562018e6,-6.553933802992327,-2.4548467007090164,TIME_LIMIT,282868,0,0,30,0
4,10,2.562328e6,-6.553933802992327,-2.4548467007090164,TIME_LIMIT,282904,0,0,22,0
4,10,2.562637e6,-6.553933802992327,-2.4548467007090164,TIME_LIMIT,282921,0,0,33,0
4,10,2.562947e6,-6.553933802992327,-2.4548467007090164,TIME_LIMIT,282962,0,0,25,0
4,10,2.563254e6,-6.553933802992327,-2.4548467007090164,TIME_LIMIT,282997,0,0,24,0
4,10,2.563595e6,-6.553933802992327,-2.4548467007090164,TIME_LIMIT,283032,0,0,17,0
4,10,2.563904e6,-6.553933802992327,-2.4548467007090164,TIME_LIMIT,283057,0,0,22,0
4,10,2.56421e6,-6.553933802992327,-2.4548467007090164,TIME_LIMIT,283096,0,0,24,0
4,10,2.564551e6,-6.553933802992327,-2.4548467007090164,TIME_LIMIT,283128,0,0,24,0
4,10,2.564861e6,-6.553933802992327,-2.4548467007090164,TIME_LIMIT,283167,0,0,20,0
4,10,2.565167e6,-6.553933802992327,-2.4548467007090164,TIME_LIMIT,283201,0,0,25,0
4,10,2.565484e6,-6.553933802992327,-2.4548467007090164,TIME_LIMIT,283240,0,0,27,0
4,10,2.565809e6,-6.553933802992327,-2.4548467007090164,TIME_LIMIT,283265,0,0,25,0
4,10,2.566117e6,-6.553933802992327,-2.4548467007090164,TIME_LIMIT,283305,0,0,22,0
4,10,2.566427e6,-6.553933802992327,-2.4548467007090164,TIME_LIMIT,283327,0,0,25,0
4,10,2.566737e6,-6.553933802992327,-2.4548467007090164,TIME_LIMIT,283369,0,0,26,0
4,10,2.567077e6,-6.553933802992327,-2.4548467007090164,TIME_LIMIT,283401,0,0,26,0
4,10,2.567387e6,-6.553933802992327,-2.4548467007090164,TIME_LIMIT,283441,0,0,20,0
4,10,2.5677e6,-6.553933802992327,-2.4548467007090164,TIME_LIMIT,283468,0,0,28,0
4,10,2.568035e6,-6.553933802992327,-2.4548467007090164,TIME_LIMIT,283508,0,0,10,0
4,10,2.5684e6,-6.553933802992327,-2.4548467007090164,TIME_LIMIT,283534,0,0,18,0
4,10,2.568718e6,-6.553933802992327,-2.4548467007090164,TIME_LIMIT,283574,0,0,21,0
4,10,2.56905e6,-6.553933802992327,-2.4548467007090164,TIME_LIMIT,283596,0,0,36,0
4,10,2.56936e6,-6.553933802992327,-2.4548467007090164,TIME_LIMIT,283637,0,0,25,0
4,10,2.56967e6,-6.553933802992327,-2.4548467007090164,TIME_LIMIT,283665,0,0,30,0
4,10,2.569979e6,-6.553933802992327,-2.4548467007090164,TIME_LIMIT,283709,0,0,22,0
4,10,2.570291e6,-6.553933802992327,-2.4548467007090164,TIME_LIMIT,283736,0,0,41,0
4,10,2.570631e6,-6.553933802992327,-2.4548467007090164,TIME_LIMIT,283784,0,0,24,0
4,10,2.570957e6,-6.553933802992327,-2.4548467007090164,TIME_LIMIT,283810,0,0,29,0
4,10,2.571262e6,-6.553933802992327,-2.4548467007090164,TIME_LIMIT,283854,0,0,22,0
4,10,2.571571e6,-6.553933802992327,-2.4548467007090164,TIME_LIMIT,283883,0,0,41,0
4,10,2.57188e6,-6.553933802992327,-2.4548467007090164,TIME_LIMIT,283927,0,0,23,0
4,10,2.572193e6,-6.553933802992327,-2.4548467007090164,TIME_LIMIT,283951,0,0,38,0
4,10,2.572528e6,-6.553933802992327,-2.4548467007090164,TIME_LIMIT,283990,0,0,21,0
4,10,2.572839e6,-6.553933802992327,-2.4548467007090164,TIME_LIMIT,284015,0,0,40,0
4,10,2.573163e6,-6.553933802992327,-2.4548467007090164,TIME_LIMIT,284061,0,0,27,0
4,10,2.573479e6,-6.553933802992327,-2.4548467007090164,TIME_LIMIT,284086,0,0,29,0
4,10,2.573781e6,-6.553933802992327,-2.4548467007090164,TIME_LIMIT,284132,0,0,21,0
4,10,2.574116e6,-6.553933802992327,-2.4548467007090164,TIME_LIMIT,284166,0,0,28,0
4,10,2.574424e6,-6.553933802992327,-2.4548467007090164,TIME_LIMIT,284201,0,0,29,0
4,10,2.574725e6,-6.553933802992327,-2.4548467007090164,TIME_LIMIT,284226,0,0,29,0
4,10,2.575028e6,-6.553933802992327,-2.4548467007090164,TIME_LIMIT,284267,0,0,20,0
4,10,2.575337e6,-6.553933802992327,-2.4548467007090164,TIME_LIMIT,284298,0,0,20,0
4,10,2.575658e6,-6.553933802992327,-2.4548467007090164,TIME_LIMIT,284338,0,0,23,0
4,10,2.575962e6,-6.553933802992327,-2.4548467007090164,TIME_LIMIT,284375,0,0,27,0
4,10,2.5763e6,-6.553933802992327,-2.4548467007090164,TIME_LIMIT,284404,0,0,30,0
4,10,2.576607e6,-6.553933802992327,-2.4548467007090164,TIME_LIMIT,284445,0,0,24,0
4,10,2.576918e6,-6.553933802992327,-2.4548467007090164,TIME_LIMIT,284472,0,0,26,0
4,10,2.577233e6,-6.553933802992327,-2.4548467007090164,TIME_LIMIT,284496,0,0,26,0
4,10,2.57754e6,-6.553933802992327,-2.4548467007090164,TIME_LIMIT,284538,0,0,23,0
4,10,2.577849e6,-6.553933802992327,-2.4548467007090164,TIME_LIMIT,284569,0,0,32,0
4,10,2.578156e6,-6.553933802992327,-2.4548467007090164,TIME_LIMIT,284610,0,0,25,0
4,10,2.578473e6,-6.553933802992327,-2.4548467007090164,TIME_LIMIT,284642,0,0,31,0
4,10,2.578784e6,-6.553933802992327,-2.4548467007090164,TIME_LIMIT,284686,0,0,28,0
4,10,2.579121e6,-6.553933802992327,-2.4548467007090164,TIME_LIMIT,284716,0,0,44,0
4,10,2.579424e6,-6.553933802992327,-2.4548467007090164,TIME_LIMIT,284764,0,0,24,0
4,10,2.579727e6,-6.553933802992327,-2.4548467007090164,TIME_LIMIT,284787,0,0,23,0
4,10,2.580036e6,-6.553933802992327,-2.4548467007090164,TIME_LIMIT,284827,0,0,23,0
4,10,2.580373e6,-6.553933802992327,-2.4548467007090164,TIME_LIMIT,284853,0,0,31,0
4,10,2.580681e6,-6.553933802992327,-2.4548467007090164,TIME_LIMIT,284888,0,0,19,0
4,10,2.58099e6,-6.553933802992327,-2.4548467007090164,TIME_LIMIT,284910,0,0,25,0
4,10,2.581295e6,-6.553933802992327,-2.4548467007090164,TIME_LIMIT,284945,0,0,23,0
4,10,2.581598e6,-6.553933802992327,-2.4548467007090164,TIME_LIMIT,284981,0,0,30,0
4,10,2.581903e6,-6.553933802992327,-2.4548467007090164,TIME_LIMIT,285019,0,0,25,0
4,10,2.582211e6,-6.553933802992327,-2.4548467007090164,TIME_LIMIT,285047,0,0,21,0
4,10,2.582518e6,-6.553933802992327,-2.4548467007090164,TIME_LIMIT,285092,0,0,24,0
4,10,2.582824e6,-6.553933802992327,-2.4548467007090164,TIME_LIMIT,285118,0,0,33,0
4,10,2.583127e6,-6.553933802992327,-2.4548467007090164,TIME_LIMIT,285160,0,0,29,0
4,10,2.583432e6,-6.553933802992327,-2.4548467007090164,TIME_LIMIT,285192,0,0,26,0
4,10,2.583742e6,-6.553933802992327,-2.4548467007090164,TIME_LIMIT,285235,0,0,23,0
4,10,2.584064e6,-6.553933802992327,-2.4548467007090164,TIME_LIMIT,285256,0,0,30,0
4,10,2.584404e6,-6.553933802992327,-2.4548467007090164,TIME_LIMIT,285297,0,0,23,0
4,10,2.58471e6,-6.553933802992327,-2.4548467007090164,TIME_LIMIT,285320,0,0,31,0
4,10,2.585013e6,-6.553933802992327,-2.4548467007090164,TIME_LIMIT,285357,0,0,20,0
4,10,2.585321e6,-6.553933802992327,-2.4548467007090164,TIME_LIMIT,285384,0,0,25,0
4,10,2.585628e6,-6.553933802992327,-2.4548467007090164,TIME_LIMIT,285427,0,0,25,0
4,10,2.585935e6,-6.553933802992327,-2.4548467007090164,TIME_LIMIT,285462,0,0,27,0
4,10,2.586241e6,-6.553933802992327,-2.4548467007090164,TIME_LIMIT,285501,0,0,23,0
4,10,2.586544e6,-6.553933802992327,-2.4548467007090164,TIME_LIMIT,285526,0,0,24,0
4,10,2.586848e6,-6.553933802992327,-2.4548467007090164,TIME_LIMIT,285566,0,0,23,0
4,10,2.587155e6,-6.553933802992327,-2.4548467007090164,TIME_LIMIT,285585,0,0,26,0
4,10,2.587467e6,-6.553933802992327,-2.4548467007090164,TIME_LIMIT,285629,0,0,23,0
4,10,2.587791e6,-6.553933802992327,-2.4548467007090164,TIME_LIMIT,285649,0,0,21,0
4,10,2.588131e6,-6.553933802992327,-2.4548467007090164,TIME_LIMIT,285692,0,0,24,0
4,10,2.588438e6,-6.553933802992327,-2.4548467007090164,TIME_LIMIT,285720,0,0,40,0
4,10,2.588745e6,-6.553933802992327,-2.4548467007090164,TIME_LIMIT,285761,0,0,25,0
4,10,2.589052e6,-6.553933802992327,-2.4548467007090164,TIME_LIMIT,285789,0,0,28,0
4,10,2.589361e6,-6.553933802992327,-2.4548467007090164,TIME_LIMIT,285834,0,0,23,0
4,10,2.589671e6,-6.553933802992327,-2.4548467007090164,TIME_LIMIT,285863,0,0,32,0
4,10,2.589973e6,-6.553933802992327,-2.4548467007090164,TIME_LIMIT,285904,0,0,27,0
4,10,2.590282e6,-6.553933802992327,-2.4548467007090164,TIME_LIMIT,285925,0,0,26,0
4,10,2.59059e6,-6.553933802992327,-2.4548467007090164,TIME_LIMIT,285970,0,0,26,0
4,10,2.590904e6,-6.553933802992327,-2.4548467007090164,TIME_LIMIT,285999,0,0,36,0
4,10,2.591211e6,-6.553933802992327,-2.4548467007090164,TIME_LIMIT,286041,0,0,27,0
4,10,2.591516e6,-6.553933802992327,-2.4548467007090164,TIME_LIMIT,286077,0,0,33,0
4,10,2.591824e6,-6.553933802992327,-2.4548467007090164,TIME_LIMIT,286111,0,0,20,0
4,10,2.592166e6,-6.553933802992327,-2.4548467007090164,TIME_LIMIT,286139,0,0,37,0
4,10,2.592472e6,-6.553933802992327,-2.4548467007090164,TIME_LIMIT,286181,0,0,23,0
4,10,2.592781e6,-6.553933802992327,-2.4548467007090164,TIME_LIMIT,286213,0,0,25,0
4,10,2.593089e6,-6.553933802992327,-2.4548467007090164,TIME_LIMIT,286248,0,0,26,0
4,10,2.593396e6,-6.553933802992327,-2.4548467007090164,TIME_LIMIT,286273,0,0,30,0
4,10,2.593706e6,-6.553933802992327,-2.4548467007090164,TIME_LIMIT,286311,0,0,20,0
4,10,2.594013e6,-6.553933802992327,-2.4548467007090164,TIME_LIMIT,286348,0,0,25,0
4,10,2.594321e6,-6.553933802992327,-2.4548467007090164,TIME_LIMIT,286373,0,0,26,0
4,10,2.594627e6,-6.553933802992327,-2.4548467007090164,TIME_LIMIT,286403,0,0,31,0
4,10,2.594933e6,-6.553933802992327,-2.4548467007090164,TIME_LIMIT,286439,0,0,25,0
4,10,2.595241e6,-6.553933802992327,-2.4548467007090164,TIME_LIMIT,286468,0,0,31,0
4,10,2.595548e6,-6.553933802992327,-2.4548467007090164,TIME_LIMIT,286499,0,0,26,0
4,10,2.595857e6,-6.553933802992327,-2.4548467007090164,TIME_LIMIT,286524,0,0,32,0
4,10,2.596194e6,-6.553933802992327,-2.4548467007090164,TIME_LIMIT,286559,0,0,21,0
4,10,2.596496e6,-6.553933802992327,-2.4548467007090164,TIME_LIMIT,286582,0,0,30,0
4,10,2.596803e6,-6.553933802992327,-2.4548467007090164,TIME_LIMIT,286621,0,0,24,0
4,10,2.597118e6,-6.553933802992327,-2.4548467007090164,TIME_LIMIT,286646,0,0,25,0
4,10,2.597427e6,-6.553933802992327,-2.4548467007090164,TIME_LIMIT,286684,0,0,22,0
4,10,2.597734e6,-6.553933802992327,-2.4548467007090164,TIME_LIMIT,286712,0,0,17,0
4,10,2.598055e6,-6.553933802992327,-2.4548467007090164,TIME_LIMIT,286753,0,0,22,0
4,10,2.598364e6,-6.553933802992327,-2.4548467007090164,TIME_LIMIT,286789,0,0,26,0
4,10,2.598671e6,-6.553933802992327,-2.4548467007090164,TIME_LIMIT,286815,0,0,22,0
4,10,2.598976e6,-6.553933802992327,-2.4548467007090164,TIME_LIMIT,286844,0,0,29,0
4,10,2.59929e6,-6.553933802992327,-2.4548467007090164,TIME_LIMIT,286885,0,0,18,0
4,10,2.599623e6,-6.553933802992327,-2.4548467007090164,TIME_LIMIT,286914,0,0,28,0
4,10,2.599929e6,-6.553933802992327,-2.4548467007090164,TIME_LIMIT,286944,0,0,18,0
4,10,2.600269e6,-6.553933802992327,-2.4548467007090164,TIME_LIMIT,286970,0,0,32,0
4,10,2.600578e6,-6.553933802992327,-2.4548467007090164,TIME_LIMIT,287004,0,0,19,0
4,10,2.600891e6,-6.553933802992327,-2.4548467007090164,TIME_LIMIT,287029,0,0,23,0
4,10,2.601218e6,-6.553933802992327,-2.4548467007090164,TIME_LIMIT,287074,0,0,28,0
4,10,2.601525e6,-6.553933802992327,-2.4548467007090164,TIME_LIMIT,287102,0,0,28,0
4,10,2.601836e6,-6.553933802992327,-2.4548467007090164,TIME_LIMIT,287146,0,0,20,0
4,10,2.602148e6,-6.553933802992327,-2.4548467007090164,TIME_LIMIT,287177,0,0,27,0
4,10,2.602461e6,-6.553933802992327,-2.4548467007090164,TIME_LIMIT,287211,0,0,24,0
4,10,2.602771e6,-6.553933802992327,-2.4548467007090164,TIME_LIMIT,287232,0,0,29,0
4,10,2.603077e6,-6.553933802992327,-2.4548467007090164,TIME_LIMIT,287271,0,0,25,0
4,10,2.603387e6,-6.553933802992327,-2.4548467007090164,TIME_LIMIT,287299,0,0,24,0
4,10,2.603689e6,-6.553933802992327,-2.4548467007090164,TIME_LIMIT,287340,0,0,19,0
4,10,2.603994e6,-6.553933802992327,-2.4548467007090164,TIME_LIMIT,287372,0,0,25,0
4,10,2.604333e6,-6.553933802992327,-2.4548467007090164,TIME_LIMIT,287406,0,0,22,0
4,10,2.604641e6,-6.553933802992327,-2.4548467007090164,TIME_LIMIT,287422,0,0,32,0
4,10,2.604943e6,-6.553933802992327,-2.4548467007090164,TIME_LIMIT,287463,0,0,26,0
4,10,2.605251e6,-6.553933802992327,-2.4548467007090164,TIME_LIMIT,287490,0,0,34,0
4,10,2.605562e6,-6.553933802992327,-2.4548467007090164,TIME_LIMIT,287528,0,0,22,0
4,10,2.605914e6,-6.553933802992327,-2.4548467007090164,TIME_LIMIT,287549,0,0,22,0
4,10,2.606227e6,-6.553933802992327,-2.4548467007090164,TIME_LIMIT,287593,0,0,26,0
4,10,2.606555e6,-6.553933802992327,-2.4548467007090164,TIME_LIMIT,287616,0,0,28,0
4,10,2.606858e6,-6.553933802992327,-2.4548467007090164,TIME_LIMIT,287656,0,0,23,0
4,10,2.607164e6,-6.553933802992327,-2.4548467007090164,TIME_LIMIT,287689,0,0,28,0
4,10,2.607467e6,-6.553933802992327,-2.4548467007090164,TIME_LIMIT,287726,0,0,25,0
4,10,2.607776e6,-6.553933802992327,-2.4548467007090164,TIME_LIMIT,287760,0,0,22,0
4,10,2.60808e6,-6.553933802992327,-2.4548467007090164,TIME_LIMIT,287798,0,0,10,0
4,10,2.608419e6,-6.553933802992327,-2.4548467007090164,TIME_LIMIT,287829,0,0,30,0
4,10,2.608722e6,-6.553933802992327,-2.4548467007090164,TIME_LIMIT,287863,0,0,24,0
4,10,2.609032e6,-6.553933802992327,-2.4548467007090164,TIME_LIMIT,287888,0,0,14,0
4,10,2.609352e6,-6.553933802992327,-2.4548467007090164,TIME_LIMIT,287933,0,0,23,0
4,10,2.609671e6,-6.553933802992327,-2.4548467007090164,TIME_LIMIT,287965,0,0,29,0
4,10,2.609979e6,-6.553933802992327,-2.4548467007090164,TIME_LIMIT,288003,0,0,21,0
4,10,2.610285e6,-6.553933802992327,-2.4548467007090164,TIME_LIMIT,288027,0,0,26,0
4,10,2.610588e6,-6.553933802992327,-2.4548467007090164,TIME_LIMIT,288068,0,0,22,0
4,10,2.610897e6,-6.553933802992327,-2.4548467007090164,TIME_LIMIT,288095,0,0,32,0
4,10,2.611203e6,-6.553933802992327,-2.4548467007090164,TIME_LIMIT,288147,0,0,24,0
4,10,2.611511e6,-6.553933802992327,-2.4548467007090164,TIME_LIMIT,288183,0,0,24,0
4,10,2.611817e6,-6.553933802992327,-2.4548467007090164,TIME_LIMIT,288217,0,0,27,0
4,10,2.612122e6,-6.553933802992327,-2.4548467007090164,TIME_LIMIT,288247,0,0,29,0
4,10,2.612463e6,-6.553933802992327,-2.4548467007090164,TIME_LIMIT,288278,0,0,29,0
4,10,2.612771e6,-6.553933802992327,-2.4548467007090164,TIME_LIMIT,288294,0,0,31,0
4,10,2.613122e6,-6.553933802992327,-2.4548467007090164,TIME_LIMIT,288341,0,0,27,0
4,10,2.613439e6,-6.553933802992327,-2.4548467007090164,TIME_LIMIT,288368,0,0,32,0
4,10,2.613768e6,-6.553933802992327,-2.4548467007090164,TIME_LIMIT,288412,0,0,21,0
4,10,2.614074e6,-6.553933802992327,-2.4548467007090164,TIME_LIMIT,288444,0,0,25,0
4,10,2.614384e6,-6.553933802992327,-2.4548467007090164,TIME_LIMIT,288492,0,0,29,0
4,10,2.614697e6,-6.553933802992327,-2.4548467007090164,TIME_LIMIT,288515,0,0,40,0
4,10,2.615004e6,-6.553933802992327,-2.4548467007090164,TIME_LIMIT,288558,0,0,24,0
4,10,2.615317e6,-6.553933802992327,-2.4548467007090164,TIME_LIMIT,288583,0,0,28,0
4,10,2.615629e6,-6.553933802992327,-2.4548467007090164,TIME_LIMIT,288630,0,0,22,0
4,10,2.615936e6,-6.553933802992327,-2.4548467007090164,TIME_LIMIT,288656,0,0,29,0
4,10,2.616244e6,-6.553933802992327,-2.4548467007090164,TIME_LIMIT,288701,0,0,25,0
4,10,2.616626e6,-6.553933802992327,-2.4548467007090164,TIME_LIMIT,288735,0,0,27,0
4,10,2.616935e6,-6.553933802992327,-2.4548467007090164,TIME_LIMIT,288779,0,0,26,0
4,10,2.617248e6,-6.553933802992327,-2.4548467007090164,TIME_LIMIT,288810,0,0,32,0
4,10,2.617579e6,-6.553933802992327,-2.4548467007090164,TIME_LIMIT,288850,0,0,21,0
4,10,2.617886e6,-6.553933802992327,-2.4548467007090164,TIME_LIMIT,288880,0,0,36,0
4,10,2.618199e6,-6.553933802992327,-2.4548467007090164,TIME_LIMIT,288928,0,0,26,0
4,10,2.618511e6,-6.553933802992327,-2.4548467007090164,TIME_LIMIT,288958,0,0,27,0
4,10,2.618823e6,-6.553933802992327,-2.4548467007090164,TIME_LIMIT,289003,0,0,21,0
4,10,2.619134e6,-6.553933802992327,-2.4548467007090164,TIME_LIMIT,289025,0,0,43,0
4,10,2.619443e6,-6.553933802992327,-2.4548467007090164,TIME_LIMIT,289075,0,0,28,0
4,10,2.619749e6,-6.553933802992327,-2.4548467007090164,TIME_LIMIT,289098,0,0,29,0
4,10,2.620057e6,-6.553933802992327,-2.4548467007090164,TIME_LIMIT,289136,0,0,20,0
4,10,2.620366e6,-6.553933802992327,-2.4548467007090164,TIME_LIMIT,289156,0,0,27,0
4,10,2.620701e6,-6.553933802992327,-2.4548467007090164,TIME_LIMIT,289199,0,0,25,0
4,10,2.62101e6,-6.553933802992327,-2.4548467007090164,TIME_LIMIT,289222,0,0,25,0
4,10,2.621318e6,-6.553933802992327,-2.4548467007090164,TIME_LIMIT,289269,0,0,30,0
4,10,2.621633e6,-6.553933802992327,-2.4548467007090164,TIME_LIMIT,289301,0,0,28,0
4,10,2.621959e6,-6.553933802992327,-2.4548467007090164,TIME_LIMIT,289343,0,0,18,0
4,10,2.62227e6,-6.553933802992327,-2.4548467007090164,TIME_LIMIT,289381,0,0,33,0
4,10,2.622583e6,-6.553933802992327,-2.4548467007090164,TIME_LIMIT,289413,0,0,34,0
4,10,2.622891e6,-6.553933802992327,-2.4548467007090164,TIME_LIMIT,289434,0,0,24,0
4,10,2.6232e6,-6.553933802992327,-2.4548467007090164,TIME_LIMIT,289482,0,0,25,0
4,10,2.623509e6,-6.553933802992327,-2.4548467007090164,TIME_LIMIT,289507,0,0,29,0
4,10,2.623813e6,-6.553933802992327,-2.4548467007090164,TIME_LIMIT,289550,0,0,21,0
4,10,2.624118e6,-6.553933802992327,-2.4548467007090164,TIME_LIMIT,289579,0,0,30,0
4,10,2.624423e6,-6.553933802992327,-2.4548467007090164,TIME_LIMIT,289616,0,0,21,0
4,10,2.624765e6,-6.553933802992327,-2.4548467007090164,TIME_LIMIT,289643,0,0,29,0
4,10,2.625066e6,-6.553933802992327,-2.4548467007090164,TIME_LIMIT,289687,0,0,19,0
4,10,2.625376e6,-6.553933802992327,-2.4548467007090164,TIME_LIMIT,289708,0,0,33,0
4,10,2.625678e6,-6.553933802992327,-2.4548467007090164,TIME_LIMIT,289752,0,0,22,0
4,10,2.625986e6,-6.553933802992327,-2.4548467007090164,TIME_LIMIT,289776,0,0,34,0
4,10,2.626296e6,-6.553933802992327,-2.4548467007090164,TIME_LIMIT,289815,0,0,22,0
4,10,2.626622e6,-6.553933802992327,-2.4548467007090164,TIME_LIMIT,289845,0,0,30,0
4,10,2.626927e6,-6.553933802992327,-2.4548467007090164,TIME_LIMIT,289877,0,0,19,0
4,10,2.62723e6,-6.553933802992327,-2.4548467007090164,TIME_LIMIT,289900,0,0,28,0
4,10,2.627536e6,-6.553933802992327,-2.4548467007090164,TIME_LIMIT,289941,0,0,22,0
4,10,2.62784e6,-6.553933802992327,-2.4548467007090164,TIME_LIMIT,289964,0,0,24,0
4,10,2.628144e6,-6.553933802992327,-2.4548467007090164,TIME_LIMIT,290004,0,0,21,0
4,10,2.628447e6,-6.553933802992327,-2.4548467007090164,TIME_LIMIT,290031,0,0,29,0
4,10,2.628782e6,-6.553933802992327,-2.4548467007090164,TIME_LIMIT,290072,0,0,21,0
4,10,2.629086e6,-6.553933802992327,-2.4548467007090164,TIME_LIMIT,290103,0,0,23,0
4,10,2.629392e6,-6.553933802992327,-2.4548467007090164,TIME_LIMIT,290139,0,0,26,0
4,10,2.629696e6,-6.553933802992327,-2.4548467007090164,TIME_LIMIT,290164,0,0,33,0
4,10,2.629998e6,-6.553933802992327,-2.4548467007090164,TIME_LIMIT,290208,0,0,26,0
4,10,2.630302e6,-6.553933802992327,-2.4548467007090164,TIME_LIMIT,290231,0,0,32,0
4,10,2.630608e6,-6.553933802992327,-2.4548467007090164,TIME_LIMIT,290271,0,0,21,0
4,10,2.630911e6,-6.553933802992327,-2.4548467007090164,TIME_LIMIT,290295,0,0,25,0
4,10,2.631213e6,-6.553933802992327,-2.4548467007090164,TIME_LIMIT,290335,0,0,8,0
4,10,2.631516e6,-6.553933802992327,-2.4548467007090164,TIME_LIMIT,290364,0,0,19,0
4,10,2.631819e6,-6.553933802992327,-2.4548467007090164,TIME_LIMIT,290404,0,0,25,0
4,10,2.632126e6,-6.553933802992327,-2.4548467007090164,TIME_LIMIT,290430,0,0,16,0
4,10,2.632427e6,-6.553933802992327,-2.4548467007090164,TIME_LIMIT,290464,0,0,21,0
4,10,2.63276e6,-6.553933802992327,-2.4548467007090164,TIME_LIMIT,290484,0,0,23,0
4,10,2.633065e6,-6.553933802992327,-2.4548467007090164,TIME_LIMIT,290525,0,0,27,0
4,10,2.633371e6,-6.553933802992327,-2.4548467007090164,TIME_LIMIT,290553,0,0,30,0
4,10,2.633694e6,-6.553933802992327,-2.4548467007090164,TIME_LIMIT,290592,0,0,22,0
4,10,2.633997e6,-6.553933802992327,-2.4548467007090164,TIME_LIMIT,290616,0,0,24,0
4,10,2.634304e6,-6.553933802992327,-2.4548467007090164,TIME_LIMIT,290657,0,0,22,0
4,10,2.634611e6,-6.553933802992327,-2.4548467007090164,TIME_LIMIT,290679,0,0,22,0
4,10,2.634913e6,-6.553933802992327,-2.4548467007090164,TIME_LIMIT,290724,0,0,27,0
4,10,2.635213e6,-6.553933802992327,-2.4548467007090164,TIME_LIMIT,290752,0,0,29,0
4,10,2.635512e6,-6.553933802992327,-2.4548467007090164,TIME_LIMIT,290786,0,0,20,0
4,10,2.635812e6,-6.553933802992327,-2.4548467007090164,TIME_LIMIT,290819,0,0,28,0
4,10,2.636114e6,-6.553933802992327,-2.4548467007090164,TIME_LIMIT,290862,0,0,23,0
4,10,2.636421e6,-6.553933802992327,-2.4548467007090164,TIME_LIMIT,290882,0,0,16,0
4,10,2.636725e6,-6.553933802992327,-2.4548467007090164,TIME_LIMIT,290926,0,0,23,0
4,10,2.637066e6,-6.553933802992327,-2.4548467007090164,TIME_LIMIT,290947,0,0,26,0
4,10,2.637368e6,-6.553933802992327,-2.4548467007090164,TIME_LIMIT,290986,0,0,24,0
4,10,2.637672e6,-6.553933802992327,-2.4548467007090164,TIME_LIMIT,291013,0,0,32,0
4,10,2.637979e6,-6.553933802992327,-2.4548467007090164,TIME_LIMIT,291049,0,0,22,0
4,10,2.638284e6,-6.553933802992327,-2.4548467007090164,TIME_LIMIT,291072,0,0,31,0
4,10,2.638591e6,-6.553933802992327,-2.4548467007090164,TIME_LIMIT,291114,0,0,27,0
4,10,2.638896e6,-6.553933802992327,-2.4548467007090164,TIME_LIMIT,291138,0,0,28,0
4,10,2.639202e6,-6.553933802992327,-2.4548467007090164,TIME_LIMIT,291175,0,0,23,0
4,10,2.639512e6,-6.553933802992327,-2.4548467007090164,TIME_LIMIT,291197,0,0,29,0
4,10,2.639817e6,-6.553933802992327,-2.4548467007090164,TIME_LIMIT,291238,0,0,12,0
4,10,2.640127e6,-6.553933802992327,-2.4548467007090164,TIME_LIMIT,291261,0,0,37,0
4,10,2.640454e6,-6.553933802992327,-2.4548467007090164,TIME_LIMIT,291307,0,0,27,0
4,10,2.640762e6,-6.553933802992327,-2.4548467007090164,TIME_LIMIT,291329,0,0,28,0
4,10,2.641101e6,-6.553933802992327,-2.4548467007090164,TIME_LIMIT,291367,0,0,27,0
4,10,2.64141e6,-6.553933802992327,-2.4548467007090164,TIME_LIMIT,291386,0,0,33,0
4,10,2.64171e6,-6.553933802992327,-2.4548467007090164,TIME_LIMIT,291431,0,0,20,0
4,10,2.642014e6,-6.553933802992327,-2.4548467007090164,TIME_LIMIT,291453,0,0,22,0
4,10,2.642312e6,-6.553933802992327,-2.4548467007090164,TIME_LIMIT,291493,0,0,24,0
4,10,2.642614e6,-6.553933802992327,-2.4548467007090164,TIME_LIMIT,291515,0,0,34,0
4,10,2.642911e6,-6.553933802992327,-2.4548467007090164,TIME_LIMIT,291550,0,0,20,0
4,10,2.643211e6,-6.553933802992327,-2.4548467007090164,TIME_LIMIT,291571,0,0,14,0
4,10,2.643512e6,-6.553933802992327,-2.4548467007090164,TIME_LIMIT,291609,0,0,22,0
4,10,2.643812e6,-6.553933802992327,-2.4548467007090164,TIME_LIMIT,291636,0,0,28,0
4,10,2.644115e6,-6.553933802992327,-2.4548467007090164,TIME_LIMIT,291676,0,0,25,0
4,10,2.644437e6,-6.553933802992327,-2.4548467007090164,TIME_LIMIT,291708,0,0,20,0
4,10,2.644736e6,-6.553933802992327,-2.4548467007090164,TIME_LIMIT,291747,0,0,25,0
4,10,2.645083e6,-6.553933802992327,-2.4548467007090164,TIME_LIMIT,291774,0,0,28,0
4,10,2.645386e6,-6.553933802992327,-2.4548467007090164,TIME_LIMIT,291819,0,0,30,0
4,10,2.645683e6,-6.553933802992327,-2.4548467007090164,TIME_LIMIT,291839,0,0,21,0
4,10,2.645989e6,-6.553933802992327,-2.4548467007090164,TIME_LIMIT,291882,0,0,16,0
4,10,2.646312e6,-6.553933802992327,-2.4548467007090164,TIME_LIMIT,291908,0,0,34,0
4,10,2.646616e6,-6.553933802992327,-2.4548467007090164,TIME_LIMIT,291954,0,0,28,0
4,10,2.646918e6,-6.553933802992327,-2.4548467007090164,TIME_LIMIT,291974,0,0,29,0
4,10,2.647227e6,-6.553933802992327,-2.4548467007090164,TIME_LIMIT,292016,0,0,25,0
4,10,2.647544e6,-6.553933802992327,-2.4548467007090164,TIME_LIMIT,292040,0,0,27,0
4,10,2.647856e6,-6.553933802992327,-2.4548467007090164,TIME_LIMIT,292077,0,0,24,0
4,10,2.648185e6,-6.553933802992327,-2.4548467007090164,TIME_LIMIT,292106,0,0,26,0
4,10,2.648513e6,-6.553933802992327,-2.4548467007090164,TIME_LIMIT,292137,0,0,25,0
4,10,2.648817e6,-6.553933802992327,-2.4548467007090164,TIME_LIMIT,292170,0,0,29,0
4,10,2.649138e6,-6.553933802992327,-2.4548467007090164,TIME_LIMIT,292213,0,0,10,0
4,10,2.649477e6,-6.553933802992327,-2.4548467007090164,TIME_LIMIT,292238,0,0,21,0
4,10,2.649784e6,-6.553933802992327,-2.4548467007090164,TIME_LIMIT,292278,0,0,22,0
4,10,2.650108e6,-6.553933802992327,-2.4548467007090164,TIME_LIMIT,292300,0,0,30,0
4,10,2.650408e6,-6.553933802992327,-2.4548467007090164,TIME_LIMIT,292341,0,0,20,0
4,10,2.650716e6,-6.553933802992327,-2.4548467007090164,TIME_LIMIT,292370,0,0,29,0
4,10,2.651018e6,-6.553933802992327,-2.4548467007090164,TIME_LIMIT,292413,0,0,25,0
4,10,2.651314e6,-6.553933802992327,-2.4548467007090164,TIME_LIMIT,292436,0,0,20,0
4,10,2.651617e6,-6.553933802992327,-2.4548467007090164,TIME_LIMIT,292472,0,0,19,0
4,10,2.65195e6,-6.553933802992327,-2.4548467007090164,TIME_LIMIT,292497,0,0,34,0
4,10,2.65225e6,-6.553933802992327,-2.4548467007090164,TIME_LIMIT,292536,0,0,25,0
4,10,2.652555e6,-6.553933802992327,-2.4548467007090164,TIME_LIMIT,292568,0,0,30,0
4,10,2.652859e6,-6.553933802992327,-2.4548467007090164,TIME_LIMIT,292606,0,0,30,0
4,10,2.653166e6,-6.553933802992327,-2.4548467007090164,TIME_LIMIT,292637,0,0,28,0
4,10,2.653512e6,-6.553933802992327,-2.4548467007090164,TIME_LIMIT,292678,0,0,27,0
4,10,2.653867e6,-6.553933802992327,-2.4548467007090164,TIME_LIMIT,292703,0,0,31,0
4,10,2.654211e6,-6.553933802992327,-2.4548467007090164,TIME_LIMIT,292744,0,0,26,0
4,10,2.654548e6,-6.553933802992327,-2.4548467007090164,TIME_LIMIT,292767,0,0,24,0
4,10,2.654881e6,-6.553933802992327,-2.4548467007090164,TIME_LIMIT,292804,0,0,27,0
4,10,2.655209e6,-6.553933802992327,-2.4548467007090164,TIME_LIMIT,292824,0,0,25,0
4,10,2.655603e6,-6.553933802992327,-2.4548467007090164,TIME_LIMIT,292862,0,0,21,0
4,10,2.655996e6,-6.553933802992327,-2.4548467007090164,TIME_LIMIT,292884,0,0,27,0
4,10,2.656365e6,-6.553933802992327,-2.4548467007090164,TIME_LIMIT,292920,0,0,18,0
4,10,2.656719e6,-6.553933802992327,-2.4548467007090164,TIME_LIMIT,292941,0,0,27,0
4,10,2.657072e6,-6.553933802992327,-2.4548467007090164,TIME_LIMIT,292984,0,0,19,0
4,10,2.657402e6,-6.553933802992327,-2.4548467007090164,TIME_LIMIT,293004,0,0,28,0
4,10,2.657726e6,-6.553933802992327,-2.4548467007090164,TIME_LIMIT,293039,0,0,17,0
4,10,2.65805e6,-6.553933802992327,-2.4548467007090164,TIME_LIMIT,293066,0,0,26,0
4,10,2.658426e6,-6.553933802992327,-2.4548467007090164,TIME_LIMIT,293099,0,0,25,0
4,10,2.658766e6,-6.553933802992327,-2.4548467007090164,TIME_LIMIT,293124,0,0,23,0
4,10,2.659142e6,-6.553933802992327,-2.4548467007090164,TIME_LIMIT,293162,0,0,21,0
4,10,2.659479e6,-6.553933802992327,-2.4548467007090164,TIME_LIMIT,293186,0,0,25,0
4,10,2.659816e6,-6.553933802992327,-2.4548467007090164,TIME_LIMIT,293231,0,0,28,0
4,10,2.660156e6,-6.553933802992327,-2.4548467007090164,TIME_LIMIT,293246,0,0,33,0
4,10,2.660492e6,-6.553933802992327,-2.4548467007090164,TIME_LIMIT,293287,0,0,26,0
4,10,2.66083e6,-6.553933802992327,-2.4548467007090164,TIME_LIMIT,293313,0,0,19,0
4,10,2.661168e6,-6.553933802992327,-2.4548467007090164,TIME_LIMIT,293356,0,0,21,0
4,10,2.661507e6,-6.553933802992327,-2.4548467007090164,TIME_LIMIT,293383,0,0,25,0
4,10,2.661862e6,-6.553933802992327,-2.4548467007090164,TIME_LIMIT,293423,0,0,18,0
4,10,2.662211e6,-6.553933802992327,-2.4548467007090164,TIME_LIMIT,293457,0,0,24,0
4,10,2.662564e6,-6.553933802992327,-2.4548467007090164,TIME_LIMIT,293487,0,0,27,0
4,10,2.662919e6,-6.553933802992327,-2.4548467007090164,TIME_LIMIT,293520,0,0,24,0
4,10,2.663312e6,-6.553933802992327,-2.4548467007090164,TIME_LIMIT,293550,0,0,27,0
4,10,2.663658e6,-6.553933802992327,-2.4548467007090164,TIME_LIMIT,293574,0,0,26,0
4,10,2.664011e6,-6.553933802992327,-2.4548467007090164,TIME_LIMIT,293616,0,0,23,0
4,10,2.664358e6,-6.553933802992327,-2.4548467007090164,TIME_LIMIT,293639,0,0,5,0
4,10,2.664703e6,-6.553933802992327,-2.4548467007090164,TIME_LIMIT,293678,0,0,24,0
4,10,2.66505e6,-6.553933802992327,-2.4548467007090164,TIME_LIMIT,293699,0,0,30,0
4,10,2.665388e6,-6.553933802992327,-2.4548467007090164,TIME_LIMIT,293743,0,0,22,0
4,10,2.665729e6,-6.553933802992327,-2.4548467007090164,TIME_LIMIT,293773,0,0,38,0
4,10,2.666069e6,-6.553933802992327,-2.4548467007090164,TIME_LIMIT,293817,0,0,22,0
4,10,2.6664e6,-6.553933802992327,-2.4548467007090164,TIME_LIMIT,293841,0,0,28,0
4,10,2.666732e6,-6.553933802992327,-2.4548467007090164,TIME_LIMIT,293876,0,0,22,0
4,10,2.667063e6,-6.553933802992327,-2.4548467007090164,TIME_LIMIT,293901,0,0,44,0
4,10,2.667392e6,-6.553933802992327,-2.4548467007090164,TIME_LIMIT,293946,0,0,20,0
4,10,2.667725e6,-6.553933802992327,-2.4548467007090164,TIME_LIMIT,293972,0,0,25,0
4,10,2.668096e6,-6.553933802992327,-2.4548467007090164,TIME_LIMIT,294017,0,0,20,0
4,10,2.66843e6,-6.553933802992327,-2.4548467007090164,TIME_LIMIT,294044,0,0,26,0
4,10,2.668765e6,-6.553933802992327,-2.4548467007090164,TIME_LIMIT,294087,0,0,22,0
4,10,2.66912e6,-6.553933802992327,-2.4548467007090164,TIME_LIMIT,294112,0,0,28,0
4,10,2.669441e6,-6.553933802992327,-2.4548467007090164,TIME_LIMIT,294151,0,0,19,0
4,10,2.669783e6,-6.553933802992327,-2.4548467007090164,TIME_LIMIT,294175,0,0,15,0
4,10,2.670116e6,-6.553933802992327,-2.4548467007090164,TIME_LIMIT,294219,0,0,15,0
4,10,2.670457e6,-6.553933802992327,-2.4548467007090164,TIME_LIMIT,294240,0,0,36,0
4,10,2.670817e6,-6.553933802992327,-2.4548467007090164,TIME_LIMIT,294283,0,0,19,0
4,10,2.67114e6,-6.553933802992327,-2.4548467007090164,TIME_LIMIT,294310,0,0,31,0
4,10,2.671473e6,-6.553933802992327,-2.4548467007090164,TIME_LIMIT,294351,0,0,24,0
4,10,2.671801e6,-6.553933802992327,-2.4548467007090164,TIME_LIMIT,294376,0,0,48,0
4,10,2.672135e6,-6.553933802992327,-2.4548467007090164,TIME_LIMIT,294416,0,0,18,0
4,10,2.672512e6,-6.553933802992327,-2.4548467007090164,TIME_LIMIT,294437,0,0,29,0
4,10,2.672853e6,-6.553933802992327,-2.4548467007090164,TIME_LIMIT,294476,0,0,22,0
4,10,2.67319e6,-6.553933802992327,-2.4548467007090164,TIME_LIMIT,294498,0,0,33,0
4,10,2.673525e6,-6.553933802992327,-2.4548467007090164,TIME_LIMIT,294541,0,0,22,0
4,10,2.673867e6,-6.553933802992327,-2.4548467007090164,TIME_LIMIT,294569,0,0,30,0
4,10,2.674203e6,-6.553933802992327,-2.4548467007090164,TIME_LIMIT,294611,0,0,21,0
4,10,2.674542e6,-6.553933802992327,-2.4548467007090164,TIME_LIMIT,294635,0,0,27,0
4,10,2.674889e6,-6.553933802992327,-2.4548467007090164,TIME_LIMIT,294674,0,0,26,0
4,10,2.675237e6,-6.553933802992327,-2.4548467007090164,TIME_LIMIT,294692,0,0,28,0
4,10,2.675585e6,-6.553933802992327,-2.4548467007090164,TIME_LIMIT,294735,0,0,27,0
4,10,2.675935e6,-6.553933802992327,-2.4548467007090164,TIME_LIMIT,294762,0,0,28,0
4,10,2.67628e6,-6.553933802992327,-2.4548467007090164,TIME_LIMIT,294803,0,0,25,0
4,10,2.676624e6,-6.553933802992327,-2.4548467007090164,TIME_LIMIT,294828,0,0,29,0
4,10,2.676971e6,-6.553933802992327,-2.4548467007090164,TIME_LIMIT,294873,0,0,24,0
4,10,2.677356e6,-6.553933802992327,-2.4548467007090164,TIME_LIMIT,294902,0,0,29,0
4,10,2.677696e6,-6.553933802992327,-2.4548467007090164,TIME_LIMIT,294934,0,0,17,0
4,10,2.678036e6,-6.553933802992327,-2.4548467007090164,TIME_LIMIT,294963,0,0,18,0
4,10,2.67837e6,-6.553933802992327,-2.4548467007090164,TIME_LIMIT,295006,0,0,24,0
4,10,2.678701e6,-6.553933802992327,-2.4548467007090164,TIME_LIMIT,295036,0,0,19,0
4,10,2.679034e6,-6.553933802992327,-2.4548467007090164,TIME_LIMIT,295075,0,0,20,0
4,10,2.679369e6,-6.553933802992327,-2.4548467007090164,TIME_LIMIT,295104,0,0,28,0
4,10,2.679705e6,-6.553933802992327,-2.4548467007090164,TIME_LIMIT,295144,0,0,21,0
4,10,2.680044e6,-6.553933802992327,-2.4548467007090164,TIME_LIMIT,295180,0,0,33,0
4,10,2.68038e6,-6.553933802992327,-2.4548467007090164,TIME_LIMIT,295222,0,0,13,0
4,10,2.680721e6,-6.553933802992327,-2.4548467007090164,TIME_LIMIT,295244,0,0,36,0
4,10,2.681075e6,-6.553933802992327,-2.4548467007090164,TIME_LIMIT,295281,0,0,24,0
4,10,2.681421e6,-6.553933802992327,-2.4548467007090164,TIME_LIMIT,295313,0,0,27,0
4,10,2.681759e6,-6.553933802992327,-2.4548467007090164,TIME_LIMIT,295354,0,0,12,0
4,10,2.682127e6,-6.553933802992327,-2.4548467007090164,TIME_LIMIT,295382,0,0,21,0
4,10,2.682479e6,-6.553933802992327,-2.4548467007090164,TIME_LIMIT,295421,0,0,25,0
4,10,2.682823e6,-6.553933802992327,-2.4548467007090164,TIME_LIMIT,295457,0,0,6,0
4,10,2.68316e6,-6.553933802992327,-2.4548467007090164,TIME_LIMIT,295488,0,0,20,0
4,10,2.683498e6,-6.553933802992327,-2.4548467007090164,TIME_LIMIT,295522,0,0,31,0
4,10,2.683846e6,-6.553933802992327,-2.4548467007090164,TIME_LIMIT,295553,0,0,27,0
4,10,2.684204e6,-6.553933802992327,-2.4548467007090164,TIME_LIMIT,295583,0,0,26,0
4,10,2.684549e6,-6.553933802992327,-2.4548467007090164,TIME_LIMIT,295620,0,0,21,0
4,10,2.684901e6,-6.553933802992327,-2.4548467007090164,TIME_LIMIT,295655,0,0,22,0
4,10,2.685268e6,-6.553933802992327,-2.4548467007090164,TIME_LIMIT,295694,0,0,25,0
4,10,2.685615e6,-6.553933802992327,-2.4548467007090164,TIME_LIMIT,295716,0,0,30,0
4,10,2.685959e6,-6.553933802992327,-2.4548467007090164,TIME_LIMIT,295753,0,0,25,0
4,10,2.686301e6,-6.553933802992327,-2.4548467007090164,TIME_LIMIT,295781,0,0,22,0
4,10,2.686641e6,-6.553933802992327,-2.4548467007090164,TIME_LIMIT,295821,0,0,23,0
4,10,2.687023e6,-6.553933802992327,-2.4548467007090164,TIME_LIMIT,295848,0,0,34,0
4,10,2.687372e6,-6.553933802992327,-2.4548467007090164,TIME_LIMIT,295889,0,0,21,0
4,10,2.68771e6,-6.553933802992327,-2.4548467007090164,TIME_LIMIT,295910,0,0,25,0
4,10,2.688041e6,-6.553933802992327,-2.4548467007090164,TIME_LIMIT,295953,0,0,24,0
4,10,2.688373e6,-6.553933802992327,-2.4548467007090164,TIME_LIMIT,295976,0,0,27,0
4,10,2.688707e6,-6.553933802992327,-2.4548467007090164,TIME_LIMIT,296017,0,0,25,0
4,10,2.689046e6,-6.553933802992327,-2.4548467007090164,TIME_LIMIT,296055,0,0,32,0
4,10,2.689385e6,-6.553933802992327,-2.4548467007090164,TIME_LIMIT,296084,0,0,29,0
4,10,2.689732e6,-6.553933802992327,-2.4548467007090164,TIME_LIMIT,296105,0,0,24,0
4,10,2.69006e6,-6.553933802992327,-2.4548467007090164,TIME_LIMIT,296143,0,0,25,0
4,10,2.690397e6,-6.553933802992327,-2.4548467007090164,TIME_LIMIT,296163,0,0,26,0
4,10,2.690755e6,-6.553933802992327,-2.4548467007090164,TIME_LIMIT,296203,0,0,26,0
4,10,2.691112e6,-6.553933802992327,-2.4548467007090164,TIME_LIMIT,296231,0,0,21,0
4,10,2.691466e6,-6.553933802992327,-2.4548467007090164,TIME_LIMIT,296269,0,0,24,0
4,10,2.691855e6,-6.553933802992327,-2.4548467007090164,TIME_LIMIT,296291,0,0,32,0
4,10,2.692199e6,-6.553933802992327,-2.4548467007090164,TIME_LIMIT,296337,0,0,18,0
4,10,2.692546e6,-6.553933802992327,-2.4548467007090164,TIME_LIMIT,296359,0,0,29,0
4,10,2.692899e6,-6.553933802992327,-2.4548467007090164,TIME_LIMIT,296397,0,0,27,0
4,10,2.693274e6,-6.553933802992327,-2.4548467007090164,TIME_LIMIT,296430,0,0,29,0
4,10,2.693635e6,-6.553933802992327,-2.4548467007090164,TIME_LIMIT,296473,0,0,25,0
4,10,2.693978e6,-6.553933802992327,-2.4548467007090164,TIME_LIMIT,296501,0,0,36,0
4,10,2.694347e6,-6.553933802992327,-2.4548467007090164,TIME_LIMIT,296549,0,0,13,0
4,10,2.694711e6,-6.553933802992327,-2.4548467007090164,TIME_LIMIT,296580,0,0,37,0
4,10,2.695048e6,-6.553933802992327,-2.4548467007090164,TIME_LIMIT,296618,0,0,25,0
4,10,2.695382e6,-6.553933802992327,-2.4548467007090164,TIME_LIMIT,296640,0,0,30,0
4,10,2.695729e6,-6.553933802992327,-2.4548467007090164,TIME_LIMIT,296682,0,0,23,0
4,10,2.696065e6,-6.553933802992327,-2.4548467007090164,TIME_LIMIT,296713,0,0,21,0
4,10,2.696407e6,-6.553933802992327,-2.4548467007090164,TIME_LIMIT,296742,0,0,25,0
4,10,2.696789e6,-6.553933802992327,-2.4548467007090164,TIME_LIMIT,296765,0,0,29,0
4,10,2.697153e6,-6.553933802992327,-2.4548467007090164,TIME_LIMIT,296806,0,0,27,0
4,10,2.697496e6,-6.553933802992327,-2.4548467007090164,TIME_LIMIT,296836,0,0,30,0
4,10,2.697851e6,-6.553933802992327,-2.4548467007090164,TIME_LIMIT,296877,0,0,25,0
4,10,2.69823e6,-6.553933802992327,-2.4548467007090164,TIME_LIMIT,296899,0,0,33,0
4,10,2.698574e6,-6.553933802992327,-2.4548467007090164,TIME_LIMIT,296945,0,0,25,0
4,10,2.698911e6,-6.553933802992327,-2.4548467007090164,TIME_LIMIT,296968,0,0,25,0
4,10,2.699251e6,-6.553933802992327,-2.4548467007090164,TIME_LIMIT,297010,0,0,24,0
4,10,2.699591e6,-6.553933802992327,-2.4548467007090164,TIME_LIMIT,297040,0,0,23,0
4,10,2.69993e6,-6.553933802992327,-2.4548467007090164,TIME_LIMIT,297078,0,0,25,0
4,10,2.700274e6,-6.553933802992327,-2.4548467007090164,TIME_LIMIT,297104,0,0,28,0
4,10,2.700613e6,-6.553933802992327,-2.4548467007090164,TIME_LIMIT,297148,0,0,26,0
4,10,2.700952e6,-6.553933802992327,-2.4548467007090164,TIME_LIMIT,297174,0,0,26,0
4,10,2.701331e6,-6.553933802992327,-2.4548467007090164,TIME_LIMIT,297215,0,0,22,0
4,10,2.701718e6,-6.553933802992327,-2.4548467007090164,TIME_LIMIT,297239,0,0,35,0
4,10,2.702061e6,-6.553933802992327,-2.4548467007090164,TIME_LIMIT,297275,0,0,18,0
4,10,2.702402e6,-6.553933802992327,-2.4548467007090164,TIME_LIMIT,297298,0,0,31,0
4,10,2.702745e6,-6.553933802992327,-2.4548467007090164,TIME_LIMIT,297339,0,0,25,0
4,10,2.703089e6,-6.553933802992327,-2.4548467007090164,TIME_LIMIT,297364,0,0,30,0
4,10,2.703427e6,-6.553933802992327,-2.4548467007090164,TIME_LIMIT,297400,0,0,19,0
4,10,2.70377e6,-6.553933802992327,-2.4548467007090164,TIME_LIMIT,297428,0,0,26,0
4,10,2.704111e6,-6.553933802992327,-2.4548467007090164,TIME_LIMIT,297462,0,0,18,0
4,10,2.704454e6,-6.553933802992327,-2.4548467007090164,TIME_LIMIT,297483,0,0,26,0
4,10,2.704824e6,-6.553933802992327,-2.4548467007090164,TIME_LIMIT,297528,0,0,25,0
4,10,2.70517e6,-6.553933802992327,-2.4548467007090164,TIME_LIMIT,297550,0,0,12,0
4,10,2.70551e6,-6.553933802992327,-2.4548467007090164,TIME_LIMIT,297587,0,0,12,0
4,10,2.705873e6,-6.553933802992327,-2.4548467007090164,TIME_LIMIT,297620,0,0,22,0
4,10,2.706209e6,-6.553933802992327,-2.4548467007090164,TIME_LIMIT,297646,0,0,24,0
4,10,2.706539e6,-6.553933802992327,-2.4548467007090164,TIME_LIMIT,297674,0,0,28,0
4,10,2.706931e6,-6.553933802992327,-2.4548467007090164,TIME_LIMIT,297707,0,0,26,0
4,10,2.707259e6,-6.553933802992327,-2.4548467007090164,TIME_LIMIT,297730,0,0,26,0
4,10,2.7076e6,-6.553933802992327,-2.4548467007090164,TIME_LIMIT,297771,0,0,23,0
4,10,2.707945e6,-6.553933802992327,-2.4548467007090164,TIME_LIMIT,297800,0,0,25,0
4,10,2.708293e6,-6.553933802992327,-2.4548467007090164,TIME_LIMIT,297846,0,0,23,0
4,10,2.708645e6,-6.553933802992327,-2.4548467007090164,TIME_LIMIT,297873,0,0,22,0
4,10,2.709e6,-6.553933802992327,-2.4548467007090164,TIME_LIMIT,297916,0,0,21,0
4,10,2.709351e6,-6.553933802992327,-2.4548467007090164,TIME_LIMIT,297938,0,0,31,0
4,10,2.709705e6,-6.553933802992327,-2.4548467007090164,TIME_LIMIT,297980,0,0,29,0
4,10,2.71008e6,-6.553933802992327,-2.4548467007090164,TIME_LIMIT,298012,0,0,26,0
4,10,2.710434e6,-6.553933802992327,-2.4548467007090164,TIME_LIMIT,298050,0,0,22,0
4,10,2.710789e6,-6.553933802992327,-2.4548467007090164,TIME_LIMIT,298070,0,0,26,0
4,10,2.711135e6,-6.553933802992327,-2.4548467007090164,TIME_LIMIT,298108,0,0,23,0
4,10,2.7115e6,-6.553933802992327,-2.4548467007090164,TIME_LIMIT,298142,0,0,24,0
4,10,2.711897e6,-6.553933802992327,-2.4548467007090164,TIME_LIMIT,298172,0,0,21,0
4,10,2.712254e6,-6.553933802992327,-2.4548467007090164,TIME_LIMIT,298194,0,0,31,0
4,10,2.712594e6,-6.553933802992327,-2.4548467007090164,TIME_LIMIT,298236,0,0,23,0
4,10,2.71294e6,-6.553933802992327,-2.4548467007090164,TIME_LIMIT,298263,0,0,22,0
4,10,2.713278e6,-6.553933802992327,-2.4548467007090164,TIME_LIMIT,298299,0,0,25,0
4,10,2.71361e6,-6.553933802992327,-2.4548467007090164,TIME_LIMIT,298323,0,0,25,0
4,10,2.713947e6,-6.553933802992327,-2.4548467007090164,TIME_LIMIT,298359,0,0,20,0
4,10,2.714277e6,-6.553933802992327,-2.4548467007090164,TIME_LIMIT,298389,0,0,30,0
4,10,2.714613e6,-6.553933802992327,-2.4548467007090164,TIME_LIMIT,298425,0,0,24,0
4,10,2.714952e6,-6.553933802992327,-2.4548467007090164,TIME_LIMIT,298447,0,0,30,0
4,10,2.715301e6,-6.553933802992327,-2.4548467007090164,TIME_LIMIT,298483,0,0,21,0
4,10,2.715636e6,-6.553933802992327,-2.4548467007090164,TIME_LIMIT,298503,0,0,32,0
4,10,2.715969e6,-6.553933802992327,-2.4548467007090164,TIME_LIMIT,298548,0,0,22,0
4,10,2.716308e6,-6.553933802992327,-2.4548467007090164,TIME_LIMIT,298571,0,0,16,0
4,10,2.716703e6,-6.553933802992327,-2.4548467007090164,TIME_LIMIT,298604,0,0,25,0
4,10,2.717044e6,-6.553933802992327,-2.4548467007090164,TIME_LIMIT,298635,0,0,24,0
4,10,2.717404e6,-6.553933802992327,-2.4548467007090164,TIME_LIMIT,298672,0,0,22,0
4,10,2.717748e6,-6.553933802992327,-2.4548467007090164,TIME_LIMIT,298701,0,0,35,0
4,10,2.718095e6,-6.553933802992327,-2.4548467007090164,TIME_LIMIT,298739,0,0,26,0
4,10,2.718446e6,-6.553933802992327,-2.4548467007090164,TIME_LIMIT,298761,0,0,32,0
4,10,2.718793e6,-6.553933802992327,-2.4548467007090164,TIME_LIMIT,298803,0,0,28,0
4,10,2.719143e6,-6.553933802992327,-2.4548467007090164,TIME_LIMIT,298837,0,0,23,0
4,10,2.719485e6,-6.553933802992327,-2.4548467007090164,TIME_LIMIT,298860,0,0,28,0
4,10,2.719826e6,-6.553933802992327,-2.4548467007090164,TIME_LIMIT,298885,0,0,25,0
4,10,2.720163e6,-6.553933802992327,-2.4548467007090164,TIME_LIMIT,298926,0,0,23,0
4,10,2.720502e6,-6.553933802992327,-2.4548467007090164,TIME_LIMIT,298949,0,0,37,0
4,10,2.720854e6,-6.553933802992327,-2.4548467007090164,TIME_LIMIT,298989,0,0,24,0
4,10,2.721187e6,-6.553933802992327,-2.4548467007090164,TIME_LIMIT,299009,0,0,37,0
4,10,2.72152e6,-6.553933802992327,-2.4548467007090164,TIME_LIMIT,299047,0,0,21,0
4,10,2.721894e6,-6.553933802992327,-2.4548467007090164,TIME_LIMIT,299074,0,0,30,0
4,10,2.722247e6,-6.553933802992327,-2.4548467007090164,TIME_LIMIT,299111,0,0,22,0
4,10,2.722591e6,-6.553933802992327,-2.4548467007090164,TIME_LIMIT,299139,0,0,27,0
4,10,2.722924e6,-6.553933802992327,-2.4548467007090164,TIME_LIMIT,299173,0,0,22,0
4,10,2.723262e6,-6.553933802992327,-2.4548467007090164,TIME_LIMIT,299196,0,0,35,0
4,10,2.723602e6,-6.553933802992327,-2.4548467007090164,TIME_LIMIT,299237,0,0,21,0
4,10,2.723945e6,-6.553933802992327,-2.4548467007090164,TIME_LIMIT,299266,0,0,19,0
4,10,2.724289e6,-6.553933802992327,-2.4548467007090164,TIME_LIMIT,299305,0,0,25,0
4,10,2.72463e6,-6.553933802992327,-2.4548467007090164,TIME_LIMIT,299330,0,0,30,0
4,10,2.724973e6,-6.553933802992327,-2.4548467007090164,TIME_LIMIT,299365,0,0,19,0
4,10,2.725319e6,-6.553933802992327,-2.4548467007090164,TIME_LIMIT,299383,0,0,39,0
4,10,2.725663e6,-6.553933802992327,-2.4548467007090164,TIME_LIMIT,299423,0,0,23,0
4,10,2.726006e6,-6.553933802992327,-2.4548467007090164,TIME_LIMIT,299447,0,0,31,0
4,10,2.726346e6,-6.553933802992327,-2.4548467007090164,TIME_LIMIT,299491,0,0,25,0
4,10,2.726719e6,-6.553933802992327,-2.4548467007090164,TIME_LIMIT,299518,0,0,30,0
4,10,2.727054e6,-6.553933802992327,-2.4548467007090164,TIME_LIMIT,299556,0,0,23,0
4,10,2.727393e6,-6.553933802992327,-2.4548467007090164,TIME_LIMIT,299582,0,0,32,0
4,10,2.727729e6,-6.553933802992327,-2.4548467007090164,TIME_LIMIT,299624,0,0,22,0
4,10,2.728069e6,-6.553933802992327,-2.4548467007090164,TIME_LIMIT,299652,0,0,30,0
4,10,2.728408e6,-6.553933802992327,-2.4548467007090164,TIME_LIMIT,299687,0,0,25,0
4,10,2.728747e6,-6.553933802992327,-2.4548467007090164,TIME_LIMIT,299719,0,0,40,0
4,10,2.729092e6,-6.553933802992327,-2.4548467007090164,TIME_LIMIT,299753,0,0,21,0
4,10,2.729435e6,-6.553933802992327,-2.4548467007090164,TIME_LIMIT,299776,0,0,8,0
4,10,2.729788e6,-6.553933802992327,-2.4548467007090164,TIME_LIMIT,299818,0,0,22,0
4,10,2.730132e6,-6.553933802992327,-2.4548467007090164,TIME_LIMIT,299849,0,0,28,0
4,10,2.730474e6,-6.553933802992327,-2.4548467007090164,TIME_LIMIT,299888,0,0,22,0
4,10,2.730813e6,-6.553933802992327,-2.4548467007090164,TIME_LIMIT,299909,0,0,25,0
4,10,2.731152e6,-6.553933802992327,-2.4548467007090164,TIME_LIMIT,299952,0,0,18,0
4,10,2.73149e6,-6.553933802992327,-2.4548467007090164,TIME_LIMIT,299980,0,0,24,0
4,10,2.731864e6,-6.553933802992327,-2.4548467007090164,TIME_LIMIT,300016,0,0,18,0
4,10,2.732206e6,-6.553933802992327,-2.4548467007090164,TIME_LIMIT,300049,0,0,29,0
4,10,2.732547e6,-6.553933802992327,-2.4548467007090164,TIME_LIMIT,300079,0,0,25,0
4,10,2.732887e6,-6.553933802992327,-2.4548467007090164,TIME_LIMIT,300106,0,0,12,0
4,10,2.733249e6,-6.553933802992327,-2.4548467007090164,TIME_LIMIT,300143,0,0,19,0
4,10,2.733598e6,-6.553933802992327,-2.4548467007090164,TIME_LIMIT,300169,0,0,25,0
4,10,2.73394e6,-6.553933802992327,-2.4548467007090164,TIME_LIMIT,300204,0,0,6,0
4,10,2.734287e6,-6.553933802992327,-2.4548467007090164,TIME_LIMIT,300231,0,0,28,0
4,10,2.734628e6,-6.553933802992327,-2.4548467007090164,TIME_LIMIT,300272,0,0,23,0
4,10,2.734972e6,-6.553933802992327,-2.4548467007090164,TIME_LIMIT,300299,0,0,24,0
4,10,2.735308e6,-6.553933802992327,-2.4548467007090164,TIME_LIMIT,300338,0,0,22,0
4,10,2.735652e6,-6.553933802992327,-2.4548467007090164,TIME_LIMIT,300369,0,0,23,0
4,10,2.736016e6,-6.553933802992327,-2.4548467007090164,TIME_LIMIT,300401,0,0,24,0
4,10,2.736357e6,-6.553933802992327,-2.4548467007090164,TIME_LIMIT,300431,0,0,16,0
4,10,2.736734e6,-6.553933802992327,-2.4548467007090164,TIME_LIMIT,300457,0,0,24,0
4,10,2.737092e6,-6.553933802992327,-2.4548467007090164,TIME_LIMIT,300479,0,0,32,0
4,10,2.737432e6,-6.553933802992327,-2.4548467007090164,TIME_LIMIT,300517,0,0,26,0
4,10,2.737793e6,-6.553933802992327,-2.4548467007090164,TIME_LIMIT,300545,0,0,27,0
4,10,2.738134e6,-6.553933802992327,-2.4548467007090164,TIME_LIMIT,300580,0,0,24,0
4,10,2.73848e6,-6.553933802992327,-2.4548467007090164,TIME_LIMIT,300610,0,0,31,0
4,10,2.738821e6,-6.553933802992327,-2.4548467007090164,TIME_LIMIT,300649,0,0,26,0
4,10,2.739164e6,-6.553933802992327,-2.4548467007090164,TIME_LIMIT,300675,0,0,26,0
4,10,2.739504e6,-6.553933802992327,-2.4548467007090164,TIME_LIMIT,300715,0,0,26,0
4,10,2.739847e6,-6.553933802992327,-2.4548467007090164,TIME_LIMIT,300737,0,0,27,0
4,10,2.740214e6,-6.553933802992327,-2.4548467007090164,TIME_LIMIT,300775,0,0,19,0
4,10,2.740568e6,-6.553933802992327,-2.4548467007090164,TIME_LIMIT,300799,0,0,34,0
4,10,2.740908e6,-6.553933802992327,-2.4548467007090164,TIME_LIMIT,300840,0,0,21,0
4,10,2.741252e6,-6.553933802992327,-2.4548467007090164,TIME_LIMIT,300863,0,0,23,0
4,10,2.741589e6,-6.553933802992327,-2.4548467007090164,TIME_LIMIT,300902,0,0,21,0
4,10,2.741967e6,-6.553933802992327,-2.4548467007090164,TIME_LIMIT,300924,0,0,37,0
4,10,2.742315e6,-6.553933802992327,-2.4548467007090164,TIME_LIMIT,300963,0,0,21,0
4,10,2.74266e6,-6.553933802992327,-2.4548467007090164,TIME_LIMIT,300992,0,0,22,0
4,10,2.743007e6,-6.553933802992327,-2.4548467007090164,TIME_LIMIT,301026,0,0,20,0
4,10,2.743352e6,-6.553933802992327,-2.4548467007090164,TIME_LIMIT,301058,0,0,31,0
4,10,2.743701e6,-6.553933802992327,-2.4548467007090164,TIME_LIMIT,301095,0,0,21,0
4,10,2.744076e6,-6.553933802992327,-2.4548467007090164,TIME_LIMIT,301123,0,0,33,0
4,10,2.744415e6,-6.553933802992327,-2.4548467007090164,TIME_LIMIT,301160,0,0,21,0
4,10,2.744754e6,-6.553933802992327,-2.4548467007090164,TIME_LIMIT,301182,0,0,18,0
4,10,2.745095e6,-6.553933802992327,-2.4548467007090164,TIME_LIMIT,301223,0,0,23,0
4,10,2.74544e6,-6.553933802992327,-2.4548467007090164,TIME_LIMIT,301253,0,0,27,0
4,10,2.745779e6,-6.553933802992327,-2.4548467007090164,TIME_LIMIT,301287,0,0,23,0
4,10,2.746119e6,-6.553933802992327,-2.4548467007090164,TIME_LIMIT,301306,0,0,21,0
4,10,2.746458e6,-6.553933802992327,-2.4548467007090164,TIME_LIMIT,301345,0,0,25,0
4,10,2.746797e6,-6.553933802992327,-2.4548467007090164,TIME_LIMIT,301367,0,0,32,0
4,10,2.747172e6,-6.553933802992327,-2.4548467007090164,TIME_LIMIT,301406,0,0,18,0
4,10,2.747515e6,-6.553933802992327,-2.4548467007090164,TIME_LIMIT,301433,0,0,28,0
4,10,2.747871e6,-6.553933802992327,-2.4548467007090164,TIME_LIMIT,301470,0,0,26,0
4,10,2.748202e6,-6.553933802992327,-2.4548467007090164,TIME_LIMIT,301504,0,0,34,0
4,10,2.748532e6,-6.553933802992327,-2.4548467007090164,TIME_LIMIT,301540,0,0,23,0
4,10,2.74886e6,-6.553933802992327,-2.4548467007090164,TIME_LIMIT,301562,0,0,24,0
4,10,2.749194e6,-6.553933802992327,-2.4548467007090164,TIME_LIMIT,301604,0,0,11,0
4,10,2.749539e6,-6.553933802992327,-2.4548467007090164,TIME_LIMIT,301628,0,0,42,0
4,10,2.749872e6,-6.553933802992327,-2.4548467007090164,TIME_LIMIT,301672,0,0,29,0
4,10,2.750211e6,-6.553933802992327,-2.4548467007090164,TIME_LIMIT,301691,0,0,28,0
4,10,2.750552e6,-6.553933802992327,-2.4548467007090164,TIME_LIMIT,301726,0,0,24,0
4,10,2.750889e6,-6.553933802992327,-2.4548467007090164,TIME_LIMIT,301748,0,0,24,0
4,10,2.751227e6,-6.553933802992327,-2.4548467007090164,TIME_LIMIT,301783,0,0,22,0
4,10,2.751566e6,-6.553933802992327,-2.4548467007090164,TIME_LIMIT,301811,0,0,29,0
4,10,2.751907e6,-6.553933802992327,-2.4548467007090164,TIME_LIMIT,301850,0,0,29,0
4,10,2.752283e6,-6.553933802992327,-2.4548467007090164,TIME_LIMIT,301880,0,0,33,0
4,10,2.752629e6,-6.553933802992327,-2.4548467007090164,TIME_LIMIT,301923,0,0,24,0
4,10,2.752972e6,-6.553933802992327,-2.4548467007090164,TIME_LIMIT,301948,0,0,29,0
4,10,2.753316e6,-6.553933802992327,-2.4548467007090164,TIME_LIMIT,301989,0,0,24,0
4,10,2.753676e6,-6.553933802992327,-2.4548467007090164,TIME_LIMIT,302010,0,0,29,0
4,10,2.754015e6,-6.553933802992327,-2.4548467007090164,TIME_LIMIT,302046,0,0,19,0
4,10,2.754353e6,-6.553933802992327,-2.4548467007090164,TIME_LIMIT,302071,0,0,29,0
4,10,2.754691e6,-6.553933802992327,-2.4548467007090164,TIME_LIMIT,302108,0,0,20,0
4,10,2.755028e6,-6.553933802992327,-2.4548467007090164,TIME_LIMIT,302130,0,0,26,0
4,10,2.755364e6,-6.553933802992327,-2.4548467007090164,TIME_LIMIT,302169,0,0,15,0
4,10,2.755704e6,-6.553933802992327,-2.4548467007090164,TIME_LIMIT,302196,0,0,31,0
4,10,2.756039e6,-6.553933802992327,-2.4548467007090164,TIME_LIMIT,302237,0,0,25,0
4,10,2.756377e6,-6.553933802992327,-2.4548467007090164,TIME_LIMIT,302271,0,0,30,0
4,10,2.756716e6,-6.553933802992327,-2.4548467007090164,TIME_LIMIT,302303,0,0,22,0
4,10,2.757057e6,-6.553933802992327,-2.4548467007090164,TIME_LIMIT,302323,0,0,31,0
4,10,2.757434e6,-6.553933802992327,-2.4548467007090164,TIME_LIMIT,302358,0,0,19,0
4,10,2.757794e6,-6.553933802992327,-2.4548467007090164,TIME_LIMIT,302384,0,0,24,0
4,10,2.758133e6,-6.553933802992327,-2.4548467007090164,TIME_LIMIT,302420,0,0,23,0
4,10,2.758473e6,-6.553933802992327,-2.4548467007090164,TIME_LIMIT,302447,0,0,36,0
4,10,2.758817e6,-6.553933802992327,-2.4548467007090164,TIME_LIMIT,302487,0,0,22,0
4,10,2.759155e6,-6.553933802992327,-2.4548467007090164,TIME_LIMIT,302514,0,0,34,0
4,10,2.759494e6,-6.553933802992327,-2.4548467007090164,TIME_LIMIT,302553,0,0,20,0
4,10,2.759837e6,-6.553933802992327,-2.4548467007090164,TIME_LIMIT,302581,0,0,23,0
4,10,2.76018e6,-6.553933802992327,-2.4548467007090164,TIME_LIMIT,302616,0,0,17,0
4,10,2.76052e6,-6.553933802992327,-2.4548467007090164,TIME_LIMIT,302642,0,0,28,0
4,10,2.760859e6,-6.553933802992327,-2.4548467007090164,TIME_LIMIT,302678,0,0,20,0
4,10,2.761196e6,-6.553933802992327,-2.4548467007090164,TIME_LIMIT,302712,0,0,27,0
4,10,2.761541e6,-6.553933802992327,-2.4548467007090164,TIME_LIMIT,302737,0,0,25,0
4,10,2.761882e6,-6.553933802992327,-2.4548467007090164,TIME_LIMIT,302754,0,0,24,0
4,10,2.762217e6,-6.553933802992327,-2.4548467007090164,TIME_LIMIT,302793,0,0,21,0
4,10,2.76259e6,-6.553933802992327,-2.4548467007090164,TIME_LIMIT,302819,0,0,20,0
4,10,2.762927e6,-6.553933802992327,-2.4548467007090164,TIME_LIMIT,302857,0,0,13,0
4,10,2.763265e6,-6.553933802992327,-2.4548467007090164,TIME_LIMIT,302883,0,0,31,0
4,10,2.763606e6,-6.553933802992327,-2.4548467007090164,TIME_LIMIT,302924,0,0,17,0
4,10,2.763942e6,-6.553933802992327,-2.4548467007090164,TIME_LIMIT,302954,0,0,31,0
4,10,2.764284e6,-6.553933802992327,-2.4548467007090164,TIME_LIMIT,302989,0,0,25,0
4,10,2.764626e6,-6.553933802992327,-2.4548467007090164,TIME_LIMIT,303023,0,0,28,0
4,10,2.764969e6,-6.553933802992327,-2.4548467007090164,TIME_LIMIT,303058,0,0,25,0
4,10,2.765312e6,-6.553933802992327,-2.4548467007090164,TIME_LIMIT,303079,0,0,31,0
4,10,2.765646e6,-6.553933802992327,-2.4548467007090164,TIME_LIMIT,303120,0,0,27,0
4,10,2.765976e6,-6.553933802992327,-2.4548467007090164,TIME_LIMIT,303144,0,0,17,0
4,10,2.766317e6,-6.553933802992327,-2.4548467007090164,TIME_LIMIT,303185,0,0,16,0
4,10,2.766652e6,-6.553933802992327,-2.4548467007090164,TIME_LIMIT,303215,0,0,33,0
4,10,2.766994e6,-6.553933802992327,-2.4548467007090164,TIME_LIMIT,303246,0,0,16,0
4,10,2.767344e6,-6.553933802992327,-2.4548467007090164,TIME_LIMIT,303267,0,0,25,0
4,10,2.767728e6,-6.553933802992327,-2.4548467007090164,TIME_LIMIT,303304,0,0,22,0
4,10,2.768077e6,-6.553933802992327,-2.4548467007090164,TIME_LIMIT,303323,0,0,21,0
4,10,2.768426e6,-6.553933802992327,-2.4548467007090164,TIME_LIMIT,303360,0,0,21,0
4,10,2.768773e6,-6.553933802992327,-2.4548467007090164,TIME_LIMIT,303381,0,0,24,0
4,10,2.769112e6,-6.553933802992327,-2.4548467007090164,TIME_LIMIT,303416,0,0,19,0
4,10,2.769446e6,-6.553933802992327,-2.4548467007090164,TIME_LIMIT,303438,0,0,34,0
4,10,2.769781e6,-6.553933802992327,-2.4548467007090164,TIME_LIMIT,303480,0,0,25,0
4,10,2.770113e6,-6.553933802992327,-2.4548467007090164,TIME_LIMIT,303500,0,0,23,0
4,10,2.77045e6,-6.553933802992327,-2.4548467007090164,TIME_LIMIT,303540,0,0,27,0
4,10,2.770787e6,-6.553933802992327,-2.4548467007090164,TIME_LIMIT,303557,0,0,23,0
4,10,2.77113e6,-6.553933802992327,-2.4548467007090164,TIME_LIMIT,303597,0,0,19,0
4,10,2.771473e6,-6.553933802992327,-2.4548467007090164,TIME_LIMIT,303624,0,0,28,0
4,10,2.771813e6,-6.553933802992327,-2.4548467007090164,TIME_LIMIT,303662,0,0,18,0
4,10,2.772181e6,-6.553933802992327,-2.4548467007090164,TIME_LIMIT,303683,0,0,24,0
4,10,2.772544e6,-6.553933802992327,-2.4548467007090164,TIME_LIMIT,303726,0,0,24,0
4,10,2.77292e6,-6.553933802992327,-2.4548467007090164,TIME_LIMIT,303745,0,0,31,0
4,10,2.773267e6,-6.553933802992327,-2.4548467007090164,TIME_LIMIT,303784,0,0,22,0
4,10,2.773633e6,-6.553933802992327,-2.4548467007090164,TIME_LIMIT,303809,0,0,27,0
4,10,2.773969e6,-6.553933802992327,-2.4548467007090164,TIME_LIMIT,303848,0,0,8,0
4,10,2.774317e6,-6.553933802992327,-2.4548467007090164,TIME_LIMIT,303871,0,0,26,0
4,10,2.774677e6,-6.553933802992327,-2.4548467007090164,TIME_LIMIT,303903,0,0,20,0
4,10,2.77502e6,-6.553933802992327,-2.4548467007090164,TIME_LIMIT,303935,0,0,14,0
4,10,2.775365e6,-6.553933802992327,-2.4548467007090164,TIME_LIMIT,303968,0,0,30,0
4,10,2.775732e6,-6.553933802992327,-2.4548467007090164,TIME_LIMIT,303996,0,0,16,0
4,10,2.776069e6,-6.553933802992327,-2.4548467007090164,TIME_LIMIT,304031,0,0,21,0
4,10,2.77641e6,-6.553933802992327,-2.4548467007090164,TIME_LIMIT,304055,0,0,26,0
4,10,2.776765e6,-6.553933802992327,-2.4548467007090164,TIME_LIMIT,304094,0,0,21,0
4,10,2.777096e6,-6.553933802992327,-2.4548467007090164,TIME_LIMIT,304118,0,0,21,0
4,10,2.777436e6,-6.553933802992327,-2.4548467007090164,TIME_LIMIT,304156,0,0,23,0
4,10,2.777793e6,-6.553933802992327,-2.4548467007090164,TIME_LIMIT,304189,0,0,38,0
4,10,2.778165e6,-6.553933802992327,-2.4548467007090164,TIME_LIMIT,304224,0,0,12,0
4,10,2.778503e6,-6.553933802992327,-2.4548467007090164,TIME_LIMIT,304252,0,0,33,0
4,10,2.77884e6,-6.553933802992327,-2.4548467007090164,TIME_LIMIT,304288,0,0,14,0
4,10,2.779193e6,-6.553933802992327,-2.4548467007090164,TIME_LIMIT,304309,0,0,36,0
4,10,2.779547e6,-6.553933802992327,-2.4548467007090164,TIME_LIMIT,304351,0,0,24,0
4,10,2.779879e6,-6.553933802992327,-2.4548467007090164,TIME_LIMIT,304372,0,0,22,0
4,10,2.780215e6,-6.553933802992327,-2.4548467007090164,TIME_LIMIT,304417,0,0,21,0
4,10,2.780556e6,-6.553933802992327,-2.4548467007090164,TIME_LIMIT,304441,0,0,31,0
4,10,2.780927e6,-6.553933802992327,-2.4548467007090164,TIME_LIMIT,304476,0,0,21,0
4,10,2.781282e6,-6.553933802992327,-2.4548467007090164,TIME_LIMIT,304504,0,0,26,0
4,10,2.781617e6,-6.553933802992327,-2.4548467007090164,TIME_LIMIT,304542,0,0,21,0
4,10,2.781952e6,-6.553933802992327,-2.4548467007090164,TIME_LIMIT,304569,0,0,28,0
4,10,2.782291e6,-6.553933802992327,-2.4548467007090164,TIME_LIMIT,304613,0,0,14,0
4,10,2.782654e6,-6.553933802992327,-2.4548467007090164,TIME_LIMIT,304643,0,0,31,0
4,10,2.783023e6,-6.553933802992327,-2.4548467007090164,TIME_LIMIT,304675,0,0,24,0
4,10,2.783358e6,-6.553933802992327,-2.4548467007090164,TIME_LIMIT,304697,0,0,18,0
4,10,2.783734e6,-6.553933802992327,-2.4548467007090164,TIME_LIMIT,304736,0,0,11,0
4,10,2.784067e6,-6.553933802992327,-2.4548467007090164,TIME_LIMIT,304760,0,0,30,0
4,10,2.784403e6,-6.553933802992327,-2.4548467007090164,TIME_LIMIT,304796,0,0,21,0
4,10,2.784739e6,-6.553933802992327,-2.4548467007090164,TIME_LIMIT,304817,0,0,39,0
4,10,2.785085e6,-6.553933802992327,-2.4548467007090164,TIME_LIMIT,304863,0,0,28,0
4,10,2.785429e6,-6.553933802992327,-2.4548467007090164,TIME_LIMIT,304896,0,0,32,0
4,10,2.78577e6,-6.553933802992327,-2.4548467007090164,TIME_LIMIT,304933,0,0,14,0
4,10,2.786109e6,-6.553933802992327,-2.4548467007090164,TIME_LIMIT,304956,0,0,32,0
4,10,2.786454e6,-6.553933802992327,-2.4548467007090164,TIME_LIMIT,304998,0,0,24,0
4,10,2.786825e6,-6.553933802992327,-2.4548467007090164,TIME_LIMIT,305016,0,0,29,0
4,10,2.78716e6,-6.553933802992327,-2.4548467007090164,TIME_LIMIT,305060,0,0,23,0
4,10,2.787498e6,-6.553933802992327,-2.4548467007090164,TIME_LIMIT,305077,0,0,21,0
4,10,2.78783e6,-6.553933802992327,-2.4548467007090164,TIME_LIMIT,305115,0,0,23,0
4,10,2.788161e6,-6.553933802992327,-2.4548467007090164,TIME_LIMIT,305152,0,0,25,0
4,10,2.788493e6,-6.553933802992327,-2.4548467007090164,TIME_LIMIT,305175,0,0,27,0
4,10,2.788864e6,-6.553933802992327,-2.4548467007090164,TIME_LIMIT,305199,0,0,28,0
4,10,2.789198e6,-6.553933802992327,-2.4548467007090164,TIME_LIMIT,305234,0,0,22,0
4,10,2.78953e6,-6.553933802992327,-2.4548467007090164,TIME_LIMIT,305264,0,0,20,0
4,10,2.789856e6,-6.553933802992327,-2.4548467007090164,TIME_LIMIT,305291,0,0,25,0
4,10,2.790193e6,-6.553933802992327,-2.4548467007090164,TIME_LIMIT,305317,0,0,23,0
4,10,2.79052e6,-6.553933802992327,-2.4548467007090164,TIME_LIMIT,305350,0,0,21,0
4,10,2.790853e6,-6.553933802992327,-2.4548467007090164,TIME_LIMIT,305383,0,0,21,0
4,10,2.791186e6,-6.553933802992327,-2.4548467007090164,TIME_LIMIT,305405,0,0,20,0
4,10,2.791545e6,-6.553933802992327,-2.4548467007090164,TIME_LIMIT,305429,0,0,27,0
4,10,2.791879e6,-6.553933802992327,-2.4548467007090164,TIME_LIMIT,305469,0,0,24,0
4,10,2.792218e6,-6.553933802992327,-2.4548467007090164,TIME_LIMIT,305497,0,0,25,0
4,10,2.792551e6,-6.553933802992327,-2.4548467007090164,TIME_LIMIT,305535,0,0,20,0
4,10,2.792889e6,-6.553933802992327,-2.4548467007090164,TIME_LIMIT,305563,0,0,31,0
4,10,2.793221e6,-6.553933802992327,-2.4548467007090164,TIME_LIMIT,305604,0,0,23,0
4,10,2.793557e6,-6.553933802992327,-2.4548467007090164,TIME_LIMIT,305625,0,0,23,0
4,10,2.793937e6,-6.553933802992327,-2.4548467007090164,TIME_LIMIT,305663,0,0,23,0
4,10,2.7943e6,-6.553933802992327,-2.4548467007090164,TIME_LIMIT,305684,0,0,24,0
4,10,2.794642e6,-6.553933802992327,-2.4548467007090164,TIME_LIMIT,305720,0,0,23,0
4,10,2.794995e6,-6.553933802992327,-2.4548467007090164,TIME_LIMIT,305750,0,0,30,0
4,10,2.795318e6,-6.553933802992327,-2.4548467007090164,TIME_LIMIT,305792,0,0,25,0
4,10,2.795651e6,-6.553933802992327,-2.4548467007090164,TIME_LIMIT,305810,0,0,20,0
4,10,2.795996e6,-6.553933802992327,-2.4548467007090164,TIME_LIMIT,305846,0,0,23,0
4,10,2.796367e6,-6.553933802992327,-2.4548467007090164,TIME_LIMIT,305873,0,0,26,0
4,10,2.796711e6,-6.553933802992327,-2.4548467007090164,TIME_LIMIT,305907,0,0,26,0
4,10,2.797052e6,-6.553933802992327,-2.4548467007090164,TIME_LIMIT,305932,0,0,24,0
4,10,2.797392e6,-6.553933802992327,-2.4548467007090164,TIME_LIMIT,305965,0,0,24,0
4,10,2.797734e6,-6.553933802992327,-2.4548467007090164,TIME_LIMIT,305998,0,0,32,0
4,10,2.798069e6,-6.553933802992327,-2.4548467007090164,TIME_LIMIT,306038,0,0,25,0
4,10,2.798406e6,-6.553933802992327,-2.4548467007090164,TIME_LIMIT,306061,0,0,33,0
4,10,2.798742e6,-6.553933802992327,-2.4548467007090164,TIME_LIMIT,306101,0,0,26,0
4,10,2.799079e6,-6.553933802992327,-2.4548467007090164,TIME_LIMIT,306133,0,0,27,0
4,10,2.799489e6,-6.553933802992327,-2.4548467007090164,TIME_LIMIT,306166,0,0,25,0
4,10,2.799832e6,-6.553933802992327,-2.4548467007090164,TIME_LIMIT,306189,0,0,26,0
4,10,2.800172e6,-6.553933802992327,-2.4548467007090164,TIME_LIMIT,306230,0,0,21,0
4,10,2.800509e6,-6.553933802992327,-2.4548467007090164,TIME_LIMIT,306249,0,0,24,0
4,10,2.800845e6,-6.553933802992327,-2.4548467007090164,TIME_LIMIT,306288,0,0,16,0
4,10,2.801182e6,-6.553933802992327,-2.4548467007090164,TIME_LIMIT,306311,0,0,35,0
4,10,2.801521e6,-6.553933802992327,-2.4548467007090164,TIME_LIMIT,306352,0,0,24,0
4,10,2.801859e6,-6.553933802992327,-2.4548467007090164,TIME_LIMIT,306380,0,0,26,0
4,10,2.802192e6,-6.553933802992327,-2.4548467007090164,TIME_LIMIT,306409,0,0,22,0
4,10,2.802529e6,-6.553933802992327,-2.4548467007090164,TIME_LIMIT,306429,0,0,28,0
4,10,2.802883e6,-6.553933802992327,-2.4548467007090164,TIME_LIMIT,306469,0,0,25,0
4,10,2.803206e6,-6.553933802992327,-2.4548467007090164,TIME_LIMIT,306493,0,0,17,0
4,10,2.803538e6,-6.553933802992327,-2.4548467007090164,TIME_LIMIT,306532,0,0,23,0
4,10,2.803872e6,-6.553933802992327,-2.4548467007090164,TIME_LIMIT,306555,0,0,29,0
4,10,2.804205e6,-6.553933802992327,-2.4548467007090164,TIME_LIMIT,306596,0,0,19,0
4,10,2.804538e6,-6.553933802992327,-2.4548467007090164,TIME_LIMIT,306624,0,0,20,0
4,10,2.80491e6,-6.553933802992327,-2.4548467007090164,TIME_LIMIT,306666,0,0,20,0
4,10,2.805251e6,-6.553933802992327,-2.4548467007090164,TIME_LIMIT,306691,0,0,28,0
4,10,2.805614e6,-6.553933802992327,-2.4548467007090164,TIME_LIMIT,306730,0,0,24,0
4,10,2.805949e6,-6.553933802992327,-2.4548467007090164,TIME_LIMIT,306762,0,0,24,0
4,10,2.80631e6,-6.553933802992327,-2.4548467007090164,TIME_LIMIT,306794,0,0,27,0
4,10,2.806667e6,-6.553933802992327,-2.4548467007090164,TIME_LIMIT,306811,0,0,35,0
4,10,2.807021e6,-6.553933802992327,-2.4548467007090164,TIME_LIMIT,306857,0,0,28,0
4,10,2.807373e6,-6.553933802992327,-2.4548467007090164,TIME_LIMIT,306875,0,0,24,0
4,10,2.807709e6,-6.553933802992327,-2.4548467007090164,TIME_LIMIT,306913,0,0,22,0
4,10,2.808046e6,-6.553933802992327,-2.4548467007090164,TIME_LIMIT,306939,0,0,31,0
4,10,2.808374e6,-6.553933802992327,-2.4548467007090164,TIME_LIMIT,306975,0,0,13,0
4,10,2.808705e6,-6.553933802992327,-2.4548467007090164,TIME_LIMIT,307005,0,0,23,0
4,10,2.809035e6,-6.553933802992327,-2.4548467007090164,TIME_LIMIT,307038,0,0,16,0
4,10,2.809362e6,-6.553933802992327,-2.4548467007090164,TIME_LIMIT,307057,0,0,30,0
4,10,2.809714e6,-6.553933802992327,-2.4548467007090164,TIME_LIMIT,307095,0,0,22,0
4,10,2.810113e6,-6.553933802992327,-2.4548467007090164,TIME_LIMIT,307125,0,0,27,0
4,10,2.810483e6,-6.553933802992327,-2.4548467007090164,TIME_LIMIT,307163,0,0,22,0
4,10,2.810844e6,-6.553933802992327,-2.4548467007090164,TIME_LIMIT,307190,0,0,25,0
4,10,2.811189e6,-6.553933802992327,-2.4548467007090164,TIME_LIMIT,307226,0,0,19,0
4,10,2.81153e6,-6.553933802992327,-2.4548467007090164,TIME_LIMIT,307256,0,0,20,0
4,10,2.811866e6,-6.553933802992327,-2.4548467007090164,TIME_LIMIT,307291,0,0,23,0
4,10,2.812212e6,-6.553933802992327,-2.4548467007090164,TIME_LIMIT,307317,0,0,32,0
4,10,2.812574e6,-6.553933802992327,-2.4548467007090164,TIME_LIMIT,307353,0,0,22,0
4,10,2.812917e6,-6.553933802992327,-2.4548467007090164,TIME_LIMIT,307377,0,0,25,0
4,10,2.813254e6,-6.553933802992327,-2.4548467007090164,TIME_LIMIT,307415,0,0,23,0
4,10,2.813589e6,-6.553933802992327,-2.4548467007090164,TIME_LIMIT,307439,0,0,28,0
4,10,2.813914e6,-6.553933802992327,-2.4548467007090164,TIME_LIMIT,307473,0,0,28,0
4,10,2.814247e6,-6.553933802992327,-2.4548467007090164,TIME_LIMIT,307496,0,0,32,0
4,10,2.814581e6,-6.553933802992327,-2.4548467007090164,TIME_LIMIT,307531,0,0,29,0
4,10,2.814954e6,-6.553933802992327,-2.4548467007090164,TIME_LIMIT,307550,0,0,33,0
4,10,2.815289e6,-6.553933802992327,-2.4548467007090164,TIME_LIMIT,307585,0,0,23,0
4,10,2.815689e6,-6.553933802992327,-2.4548467007090164,TIME_LIMIT,307614,0,0,24,0
4,10,2.816025e6,-6.553933802992327,-2.4548467007090164,TIME_LIMIT,307649,0,0,21,0
4,10,2.816352e6,-6.553933802992327,-2.4548467007090164,TIME_LIMIT,307673,0,0,22,0
4,10,2.81669e6,-6.553933802992327,-2.4548467007090164,TIME_LIMIT,307714,0,0,23,0
4,10,2.817043e6,-6.553933802992327,-2.4548467007090164,TIME_LIMIT,307738,0,0,24,0
4,10,2.817367e6,-6.553933802992327,-2.4548467007090164,TIME_LIMIT,307774,0,0,17,0
4,10,2.81769e6,-6.553933802992327,-2.4548467007090164,TIME_LIMIT,307803,0,0,18,0
4,10,2.818014e6,-6.553933802992327,-2.4548467007090164,TIME_LIMIT,307842,0,0,20,0
4,10,2.818382e6,-6.553933802992327,-2.4548467007090164,TIME_LIMIT,307864,0,0,30,0
4,10,2.818744e6,-6.553933802992327,-2.4548467007090164,TIME_LIMIT,307906,0,0,15,0
4,10,2.81908e6,-6.553933802992327,-2.4548467007090164,TIME_LIMIT,307934,0,0,30,0
4,10,2.81942e6,-6.553933802992327,-2.4548467007090164,TIME_LIMIT,307971,0,0,22,0
4,10,2.819776e6,-6.553933802992327,-2.4548467007090164,TIME_LIMIT,307992,0,0,23,0
4,10,2.820105e6,-6.553933802992327,-2.4548467007090164,TIME_LIMIT,308035,0,0,23,0
4,10,2.820432e6,-6.553933802992327,-2.4548467007090164,TIME_LIMIT,308061,0,0,24,0
4,10,2.82078e6,-6.553933802992327,-2.4548467007090164,TIME_LIMIT,308097,0,0,29,0
4,10,2.821141e6,-6.553933802992327,-2.4548467007090164,TIME_LIMIT,308127,0,0,27,0
4,10,2.821474e6,-6.553933802992327,-2.4548467007090164,TIME_LIMIT,308167,0,0,23,0
4,10,2.821815e6,-6.553933802992327,-2.4548467007090164,TIME_LIMIT,308190,0,0,30,0
4,10,2.822163e6,-6.553933802992327,-2.4548467007090164,TIME_LIMIT,308226,0,0,18,0
4,10,2.822491e6,-6.553933802992327,-2.4548467007090164,TIME_LIMIT,308255,0,0,13,0
4,10,2.822815e6,-6.553933802992327,-2.4548467007090164,TIME_LIMIT,308288,0,0,22,0
4,10,2.823146e6,-6.553933802992327,-2.4548467007090164,TIME_LIMIT,308310,0,0,38,0
4,10,2.823477e6,-6.553933802992327,-2.4548467007090164,TIME_LIMIT,308349,0,0,21,0
4,10,2.823815e6,-6.553933802992327,-2.4548467007090164,TIME_LIMIT,308386,0,0,27,0
4,10,2.824152e6,-6.553933802992327,-2.4548467007090164,TIME_LIMIT,308425,0,0,26,0
4,10,2.824485e6,-6.553933802992327,-2.4548467007090164,TIME_LIMIT,308457,0,0,22,0
4,10,2.824814e6,-6.553933802992327,-2.4548467007090164,TIME_LIMIT,308491,0,0,26,0
4,10,2.825147e6,-6.553933802992327,-2.4548467007090164,TIME_LIMIT,308513,0,0,33,0
4,10,2.825524e6,-6.553933802992327,-2.4548467007090164,TIME_LIMIT,308551,0,0,23,0
4,10,2.825854e6,-6.553933802992327,-2.4548467007090164,TIME_LIMIT,308577,0,0,23,0
4,10,2.826176e6,-6.553933802992327,-2.4548467007090164,TIME_LIMIT,308621,0,0,24,0
4,10,2.826537e6,-6.553933802992327,-2.4548467007090164,TIME_LIMIT,308649,0,0,26,0
4,10,2.826866e6,-6.553933802992327,-2.4548467007090164,TIME_LIMIT,308682,0,0,18,0
4,10,2.827198e6,-6.553933802992327,-2.4548467007090164,TIME_LIMIT,308708,0,0,26,0
4,10,2.827524e6,-6.553933802992327,-2.4548467007090164,TIME_LIMIT,308745,0,0,27,0
4,10,2.82785e6,-6.553933802992327,-2.4548467007090164,TIME_LIMIT,308781,0,0,27,0
4,10,2.828174e6,-6.553933802992327,-2.4548467007090164,TIME_LIMIT,308811,0,0,24,0
4,10,2.828496e6,-6.553933802992327,-2.4548467007090164,TIME_LIMIT,308831,0,0,24,0
4,10,2.828818e6,-6.553933802992327,-2.4548467007090164,TIME_LIMIT,308871,0,0,22,0
4,10,2.829153e6,-6.553933802992327,-2.4548467007090164,TIME_LIMIT,308895,0,0,25,0
4,10,2.829491e6,-6.553933802992327,-2.4548467007090164,TIME_LIMIT,308923,0,0,23,0
4,10,2.829814e6,-6.553933802992327,-2.4548467007090164,TIME_LIMIT,308953,0,0,37,0
4,10,2.830133e6,-6.553933802992327,-2.4548467007090164,TIME_LIMIT,308991,0,0,19,0
4,10,2.830449e6,-6.553933802992327,-2.4548467007090164,TIME_LIMIT,309020,0,0,28,0
4,10,2.830754e6,-6.553933802992327,-2.4548467007090164,TIME_LIMIT,309055,0,0,24,0
4,10,2.831066e6,-6.553933802992327,-2.4548467007090164,TIME_LIMIT,309078,0,0,30,0
4,10,2.83138e6,-6.553933802992327,-2.4548467007090164,TIME_LIMIT,309121,0,0,25,0
4,10,2.831729e6,-6.553933802992327,-2.4548467007090164,TIME_LIMIT,309143,0,0,34,0
4,10,2.832038e6,-6.553933802992327,-2.4548467007090164,TIME_LIMIT,309182,0,0,25,0
4,10,2.832346e6,-6.553933802992327,-2.4548467007090164,TIME_LIMIT,309207,0,0,23,0
4,10,2.832659e6,-6.553933802992327,-2.4548467007090164,TIME_LIMIT,309243,0,0,22,0
4,10,2.832983e6,-6.553933802992327,-2.4548467007090164,TIME_LIMIT,309268,0,0,20,0
4,10,2.833325e6,-6.553933802992327,-2.4548467007090164,TIME_LIMIT,309305,0,0,16,0
4,10,2.833643e6,-6.553933802992327,-2.4548467007090164,TIME_LIMIT,309336,0,0,8,0
4,10,2.833957e6,-6.553933802992327,-2.4548467007090164,TIME_LIMIT,309372,0,0,25,0
4,10,2.834269e6,-6.553933802992327,-2.4548467007090164,TIME_LIMIT,309401,0,0,24,0
4,10,2.834582e6,-6.553933802992327,-2.4548467007090164,TIME_LIMIT,309440,0,0,21,0
4,10,2.834898e6,-6.553933802992327,-2.4548467007090164,TIME_LIMIT,309466,0,0,30,0
4,10,2.835211e6,-6.553933802992327,-2.4548467007090164,TIME_LIMIT,309504,0,0,23,0
4,10,2.835525e6,-6.553933802992327,-2.4548467007090164,TIME_LIMIT,309529,0,0,24,0
4,10,2.83584e6,-6.553933802992327,-2.4548467007090164,TIME_LIMIT,309569,0,0,24,0
4,10,2.836152e6,-6.553933802992327,-2.4548467007090164,TIME_LIMIT,309596,0,0,27,0
4,10,2.836467e6,-6.553933802992327,-2.4548467007090164,TIME_LIMIT,309629,0,0,20,0
4,10,2.836816e6,-6.553933802992327,-2.4548467007090164,TIME_LIMIT,309655,0,0,31,0
4,10,2.837127e6,-6.553933802992327,-2.4548467007090164,TIME_LIMIT,309689,0,0,25,0
4,10,2.837442e6,-6.553933802992327,-2.4548467007090164,TIME_LIMIT,309710,0,0,27,0
4,10,2.837756e6,-6.553933802992327,-2.4548467007090164,TIME_LIMIT,309748,0,0,23,0
4,10,2.838068e6,-6.553933802992327,-2.4548467007090164,TIME_LIMIT,309767,0,0,28,0
4,10,2.838389e6,-6.553933802992327,-2.4548467007090164,TIME_LIMIT,309803,0,0,23,0
4,10,2.83871e6,-6.553933802992327,-2.4548467007090164,TIME_LIMIT,309829,0,0,38,0
4,10,2.839025e6,-6.553933802992327,-2.4548467007090164,TIME_LIMIT,309868,0,0,23,0
4,10,2.839342e6,-6.553933802992327,-2.4548467007090164,TIME_LIMIT,309891,0,0,32,0
4,10,2.839655e6,-6.553933802992327,-2.4548467007090164,TIME_LIMIT,309929,0,0,21,0
4,10,2.839965e6,-6.553933802992327,-2.4548467007090164,TIME_LIMIT,309956,0,0,31,0
4,10,2.840277e6,-6.553933802992327,-2.4548467007090164,TIME_LIMIT,309995,0,0,25,0
4,10,2.840586e6,-6.553933802992327,-2.4548467007090164,TIME_LIMIT,310017,0,0,26,0
4,10,2.840899e6,-6.553933802992327,-2.4548467007090164,TIME_LIMIT,310056,0,0,23,0
4,10,2.841231e6,-6.553933802992327,-2.4548467007090164,TIME_LIMIT,310075,0,0,27,0
4,10,2.841564e6,-6.553933802992327,-2.4548467007090164,TIME_LIMIT,310118,0,0,27,0
4,10,2.841942e6,-6.553933802992327,-2.4548467007090164,TIME_LIMIT,310136,0,0,12,0
4,10,2.842259e6,-6.553933802992327,-2.4548467007090164,TIME_LIMIT,310174,0,0,25,0
4,10,2.842569e6,-6.553933802992327,-2.4548467007090164,TIME_LIMIT,310196,0,0,29,0
4,10,2.842881e6,-6.553933802992327,-2.4548467007090164,TIME_LIMIT,310230,0,0,23,0
4,10,2.843195e6,-6.553933802992327,-2.4548467007090164,TIME_LIMIT,310255,0,0,21,0
4,10,2.843509e6,-6.553933802992327,-2.4548467007090164,TIME_LIMIT,310294,0,0,28,0
4,10,2.843818e6,-6.553933802992327,-2.4548467007090164,TIME_LIMIT,310326,0,0,27,0
4,10,2.844132e6,-6.553933802992327,-2.4548467007090164,TIME_LIMIT,310361,0,0,19,0
4,10,2.844447e6,-6.553933802992327,-2.4548467007090164,TIME_LIMIT,310390,0,0,33,0
4,10,2.844757e6,-6.553933802992327,-2.4548467007090164,TIME_LIMIT,310430,0,0,18,0
4,10,2.845079e6,-6.553933802992327,-2.4548467007090164,TIME_LIMIT,310460,0,0,30,0
4,10,2.845414e6,-6.553933802992327,-2.4548467007090164,TIME_LIMIT,310497,0,0,21,0
4,10,2.845723e6,-6.553933802992327,-2.4548467007090164,TIME_LIMIT,310524,0,0,30,0
4,10,2.846026e6,-6.553933802992327,-2.4548467007090164,TIME_LIMIT,310563,0,0,28,0
4,10,2.846333e6,-6.553933802992327,-2.4548467007090164,TIME_LIMIT,310585,0,0,35,0
4,10,2.84664e6,-6.553933802992327,-2.4548467007090164,TIME_LIMIT,310623,0,0,23,0
4,10,2.847024e6,-6.553933802992327,-2.4548467007090164,TIME_LIMIT,310652,0,0,31,0
4,10,2.847356e6,-6.553933802992327,-2.4548467007090164,TIME_LIMIT,310693,0,0,25,0
4,10,2.847669e6,-6.553933802992327,-2.4548467007090164,TIME_LIMIT,310719,0,0,29,0
4,10,2.847981e6,-6.553933802992327,-2.4548467007090164,TIME_LIMIT,310755,0,0,20,0
4,10,2.848296e6,-6.553933802992327,-2.4548467007090164,TIME_LIMIT,310781,0,0,24,0
4,10,2.848613e6,-6.553933802992327,-2.4548467007090164,TIME_LIMIT,310822,0,0,21,0
4,10,2.848927e6,-6.553933802992327,-2.4548467007090164,TIME_LIMIT,310845,0,0,24,0
4,10,2.849243e6,-6.553933802992327,-2.4548467007090164,TIME_LIMIT,310883,0,0,23,0
4,10,2.849565e6,-6.553933802992327,-2.4548467007090164,TIME_LIMIT,310912,0,0,22,0
4,10,2.849886e6,-6.553933802992327,-2.4548467007090164,TIME_LIMIT,310946,0,0,22,0
4,10,2.850207e6,-6.553933802992327,-2.4548467007090164,TIME_LIMIT,310967,0,0,24,0
4,10,2.850525e6,-6.553933802992327,-2.4548467007090164,TIME_LIMIT,311008,0,0,20,0
4,10,2.85085e6,-6.553933802992327,-2.4548467007090164,TIME_LIMIT,311030,0,0,28,0
4,10,2.851199e6,-6.553933802992327,-2.4548467007090164,TIME_LIMIT,311066,0,0,21,0
4,10,2.851521e6,-6.553933802992327,-2.4548467007090164,TIME_LIMIT,311087,0,0,32,0
4,10,2.851838e6,-6.553933802992327,-2.4548467007090164,TIME_LIMIT,311126,0,0,26,0
4,10,2.852158e6,-6.553933802992327,-2.4548467007090164,TIME_LIMIT,311148,0,0,31,0
4,10,2.852522e6,-6.553933802992327,-2.4548467007090164,TIME_LIMIT,311188,0,0,24,0
4,10,2.85285e6,-6.553933802992327,-2.4548467007090164,TIME_LIMIT,311208,0,0,35,0
4,10,2.853178e6,-6.553933802992327,-2.4548467007090164,TIME_LIMIT,311247,0,0,27,0
4,10,2.853506e6,-6.553933802992327,-2.4548467007090164,TIME_LIMIT,311276,0,0,10,0
4,10,2.85383e6,-6.553933802992327,-2.4548467007090164,TIME_LIMIT,311313,0,0,22,0
4,10,2.854153e6,-6.553933802992327,-2.4548467007090164,TIME_LIMIT,311334,0,0,9,0
4,10,2.854475e6,-6.553933802992327,-2.4548467007090164,TIME_LIMIT,311368,0,0,20,0
4,10,2.854806e6,-6.553933802992327,-2.4548467007090164,TIME_LIMIT,311387,0,0,19,0
4,10,2.855135e6,-6.553933802992327,-2.4548467007090164,TIME_LIMIT,311423,0,0,22,0
4,10,2.855463e6,-6.553933802992327,-2.4548467007090164,TIME_LIMIT,311451,0,0,21,0
4,10,2.855799e6,-6.553933802992327,-2.4548467007090164,TIME_LIMIT,311482,0,0,23,0
4,10,2.856132e6,-6.553933802992327,-2.4548467007090164,TIME_LIMIT,311507,0,0,26,0
4,10,2.856462e6,-6.553933802992327,-2.4548467007090164,TIME_LIMIT,311551,0,0,10,0
4,10,2.856791e6,-6.553933802992327,-2.4548467007090164,TIME_LIMIT,311577,0,0,27,0
4,10,2.857119e6,-6.553933802992327,-2.4548467007090164,TIME_LIMIT,311614,0,0,23,0
4,10,2.857459e6,-6.553933802992327,-2.4548467007090164,TIME_LIMIT,311635,0,0,26,0
4,10,2.857824e6,-6.553933802992327,-2.4548467007090164,TIME_LIMIT,311669,0,0,21,0
4,10,2.85816e6,-6.553933802992327,-2.4548467007090164,TIME_LIMIT,311706,0,0,31,0
4,10,2.858495e6,-6.553933802992327,-2.4548467007090164,TIME_LIMIT,311733,0,0,25,0
4,10,2.85883e6,-6.553933802992327,-2.4548467007090164,TIME_LIMIT,311760,0,0,14,0
4,10,2.85916e6,-6.553933802992327,-2.4548467007090164,TIME_LIMIT,311799,0,0,25,0
4,10,2.859493e6,-6.553933802992327,-2.4548467007090164,TIME_LIMIT,311826,0,0,26,0
4,10,2.859835e6,-6.553933802992327,-2.4548467007090164,TIME_LIMIT,311865,0,0,21,0
4,10,2.860173e6,-6.553933802992327,-2.4548467007090164,TIME_LIMIT,311891,0,0,26,0
4,10,2.860511e6,-6.553933802992327,-2.4548467007090164,TIME_LIMIT,311927,0,0,22,0
4,10,2.860861e6,-6.553933802992327,-2.4548467007090164,TIME_LIMIT,311953,0,0,22,0
4,10,2.861209e6,-6.553933802992327,-2.4548467007090164,TIME_LIMIT,311986,0,0,21,0
4,10,2.861539e6,-6.553933802992327,-2.4548467007090164,TIME_LIMIT,312022,0,0,36,0
4,10,2.861875e6,-6.553933802992327,-2.4548467007090164,TIME_LIMIT,312061,0,0,22,0
4,10,2.86224e6,-6.553933802992327,-2.4548467007090164,TIME_LIMIT,312086,0,0,27,0
4,10,2.862574e6,-6.553933802992327,-2.4548467007090164,TIME_LIMIT,312125,0,0,26,0
4,10,2.862908e6,-6.553933802992327,-2.4548467007090164,TIME_LIMIT,312157,0,0,37,0
4,10,2.863242e6,-6.553933802992327,-2.4548467007090164,TIME_LIMIT,312193,0,0,19,0
4,10,2.863622e6,-6.553933802992327,-2.4548467007090164,TIME_LIMIT,312215,0,0,32,0
4,10,2.863955e6,-6.553933802992327,-2.4548467007090164,TIME_LIMIT,312253,0,0,21,0
4,10,2.864291e6,-6.553933802992327,-2.4548467007090164,TIME_LIMIT,312281,0,0,31,0
4,10,2.86467e6,-6.553933802992327,-2.4548467007090164,TIME_LIMIT,312317,0,0,20,0
4,10,2.865001e6,-6.553933802992327,-2.4548467007090164,TIME_LIMIT,312344,0,0,28,0
4,10,2.86534e6,-6.553933802992327,-2.4548467007090164,TIME_LIMIT,312381,0,0,21,0
4,10,2.865676e6,-6.553933802992327,-2.4548467007090164,TIME_LIMIT,312411,0,0,34,0
4,10,2.866017e6,-6.553933802992327,-2.4548467007090164,TIME_LIMIT,312450,0,0,21,0
4,10,2.866353e6,-6.553933802992327,-2.4548467007090164,TIME_LIMIT,312475,0,0,24,0
4,10,2.866689e6,-6.553933802992327,-2.4548467007090164,TIME_LIMIT,312515,0,0,23,0
4,10,2.867031e6,-6.553933802992327,-2.4548467007090164,TIME_LIMIT,312539,0,0,26,0
4,10,2.867366e6,-6.553933802992327,-2.4548467007090164,TIME_LIMIT,312582,0,0,24,0
4,10,2.867699e6,-6.553933802992327,-2.4548467007090164,TIME_LIMIT,312609,0,0,27,0
4,10,2.868078e6,-6.553933802992327,-2.4548467007090164,TIME_LIMIT,312653,0,0,27,0
4,10,2.868413e6,-6.553933802992327,-2.4548467007090164,TIME_LIMIT,312676,0,0,28,0
4,10,2.868749e6,-6.553933802992327,-2.4548467007090164,TIME_LIMIT,312713,0,0,21,0
4,10,2.86911e6,-6.553933802992327,-2.4548467007090164,TIME_LIMIT,312733,0,0,26,0
4,10,2.869442e6,-6.553933802992327,-2.4548467007090164,TIME_LIMIT,312771,0,0,25,0
4,10,2.86978e6,-6.553933802992327,-2.4548467007090164,TIME_LIMIT,312795,0,0,33,0
4,10,2.870118e6,-6.553933802992327,-2.4548467007090164,TIME_LIMIT,312834,0,0,25,0
4,10,2.870455e6,-6.553933802992327,-2.4548467007090164,TIME_LIMIT,312855,0,0,24,0
4,10,2.870788e6,-6.553933802992327,-2.4548467007090164,TIME_LIMIT,312892,0,0,18,0
4,10,2.871124e6,-6.553933802992327,-2.4548467007090164,TIME_LIMIT,312912,0,0,27,0
4,10,2.871458e6,-6.553933802992327,-2.4548467007090164,TIME_LIMIT,312953,0,0,25,0
4,10,2.871831e6,-6.553933802992327,-2.4548467007090164,TIME_LIMIT,312977,0,0,38,0
4,10,2.872161e6,-6.553933802992327,-2.4548467007090164,TIME_LIMIT,313014,0,0,23,0
4,10,2.87249e6,-6.553933802992327,-2.4548467007090164,TIME_LIMIT,313036,0,0,18,0
4,10,2.872825e6,-6.553933802992327,-2.4548467007090164,TIME_LIMIT,313073,0,0,15,0
4,10,2.873164e6,-6.553933802992327,-2.4548467007090164,TIME_LIMIT,313095,0,0,29,0
4,10,2.873502e6,-6.553933802992327,-2.4548467007090164,TIME_LIMIT,313128,0,0,25,0
4,10,2.873835e6,-6.553933802992327,-2.4548467007090164,TIME_LIMIT,313147,0,0,19,0
4,10,2.874173e6,-6.553933802992327,-2.4548467007090164,TIME_LIMIT,313188,0,0,15,0
4,10,2.874535e6,-6.553933802992327,-2.4548467007090164,TIME_LIMIT,313218,0,0,21,0
4,10,2.87491e6,-6.553933802992327,-2.4548467007090164,TIME_LIMIT,313245,0,0,22,0
4,10,2.875254e6,-6.553933802992327,-2.4548467007090164,TIME_LIMIT,313265,0,0,27,0
4,10,2.875613e6,-6.553933802992327,-2.4548467007090164,TIME_LIMIT,313299,0,0,24,0
4,10,2.87595e6,-6.553933802992327,-2.4548467007090164,TIME_LIMIT,313321,0,0,21,0
4,10,2.876287e6,-6.553933802992327,-2.4548467007090164,TIME_LIMIT,313357,0,0,19,0
4,10,2.876647e6,-6.553933802992327,-2.4548467007090164,TIME_LIMIT,313380,0,0,30,0
4,10,2.876987e6,-6.553933802992327,-2.4548467007090164,TIME_LIMIT,313415,0,0,14,0
4,10,2.877346e6,-6.553933802992327,-2.4548467007090164,TIME_LIMIT,313437,0,0,35,0
4,10,2.877681e6,-6.553933802992327,-2.4548467007090164,TIME_LIMIT,313473,0,0,23,0
4,10,2.878016e6,-6.553933802992327,-2.4548467007090164,TIME_LIMIT,313498,0,0,26,0
4,10,2.878349e6,-6.553933802992327,-2.4548467007090164,TIME_LIMIT,313535,0,0,23,0
4,10,2.878676e6,-6.553933802992327,-2.4548467007090164,TIME_LIMIT,313562,0,0,18,0
4,10,2.879011e6,-6.553933802992327,-2.4548467007090164,TIME_LIMIT,313598,0,0,23,0
4,10,2.879343e6,-6.553933802992327,-2.4548467007090164,TIME_LIMIT,313616,0,0,30,0
4,10,2.879674e6,-6.553933802992327,-2.4548467007090164,TIME_LIMIT,313652,0,0,12,0
4,10,2.88001e6,-6.553933802992327,-2.4548467007090164,TIME_LIMIT,313681,0,0,26,0
4,10,2.880341e6,-6.553933802992327,-2.4548467007090164,TIME_LIMIT,313717,0,0,28,0
4,10,2.880714e6,-6.553933802992327,-2.4548467007090164,TIME_LIMIT,313738,0,0,26,0
4,10,2.881045e6,-6.553933802992327,-2.4548467007090164,TIME_LIMIT,313775,0,0,21,0
4,10,2.881381e6,-6.553933802992327,-2.4548467007090164,TIME_LIMIT,313801,0,0,30,0
4,10,2.881716e6,-6.553933802992327,-2.4548467007090164,TIME_LIMIT,313839,0,0,24,0
4,10,2.882054e6,-6.553933802992327,-2.4548467007090164,TIME_LIMIT,313866,0,0,29,0
4,10,2.88239e6,-6.553933802992327,-2.4548467007090164,TIME_LIMIT,313903,0,0,28,0
4,10,2.882725e6,-6.553933802992327,-2.4548467007090164,TIME_LIMIT,313937,0,0,21,0
4,10,2.883059e6,-6.553933802992327,-2.4548467007090164,TIME_LIMIT,313967,0,0,22,0
4,10,2.883396e6,-6.553933802992327,-2.4548467007090164,TIME_LIMIT,313993,0,0,30,0
4,10,2.883728e6,-6.553933802992327,-2.4548467007090164,TIME_LIMIT,314033,0,0,23,0
4,10,2.884064e6,-6.553933802992327,-2.4548467007090164,TIME_LIMIT,314056,0,0,12,0
4,10,2.88441e6,-6.553933802992327,-2.4548467007090164,TIME_LIMIT,314091,0,0,19,0
4,10,2.884766e6,-6.553933802992327,-2.4548467007090164,TIME_LIMIT,314127,0,0,24,0
4,10,2.885096e6,-6.553933802992327,-2.4548467007090164,TIME_LIMIT,314159,0,0,31,0
4,10,2.885429e6,-6.553933802992327,-2.4548467007090164,TIME_LIMIT,314185,0,0,25,0
4,10,2.885764e6,-6.553933802992327,-2.4548467007090164,TIME_LIMIT,314221,0,0,24,0
4,10,2.886101e6,-6.553933802992327,-2.4548467007090164,TIME_LIMIT,314241,0,0,36,0
4,10,2.886472e6,-6.553933802992327,-2.4548467007090164,TIME_LIMIT,314280,0,0,20,0
4,10,2.886807e6,-6.553933802992327,-2.4548467007090164,TIME_LIMIT,314300,0,0,35,0
4,10,2.887141e6,-6.553933802992327,-2.4548467007090164,TIME_LIMIT,314337,0,0,22,0
4,10,2.88748e6,-6.553933802992327,-2.4548467007090164,TIME_LIMIT,314364,0,0,28,0
4,10,2.887811e6,-6.553933802992327,-2.4548467007090164,TIME_LIMIT,314404,0,0,19,0
4,10,2.888142e6,-6.553933802992327,-2.4548467007090164,TIME_LIMIT,314420,0,0,26,0
4,10,2.888474e6,-6.553933802992327,-2.4548467007090164,TIME_LIMIT,314457,0,0,18,0
4,10,2.888805e6,-6.553933802992327,-2.4548467007090164,TIME_LIMIT,314479,0,0,21,0
4,10,2.889143e6,-6.553933802992327,-2.4548467007090164,TIME_LIMIT,314515,0,0,19,0
4,10,2.889483e6,-6.553933802992327,-2.4548467007090164,TIME_LIMIT,314536,0,0,33,0
4,10,2.889816e6,-6.553933802992327,-2.4548467007090164,TIME_LIMIT,314576,0,0,27,0
4,10,2.890147e6,-6.553933802992327,-2.4548467007090164,TIME_LIMIT,314600,0,0,30,0
4,10,2.890484e6,-6.553933802992327,-2.4548467007090164,TIME_LIMIT,314639,0,0,21,0
4,10,2.890823e6,-6.553933802992327,-2.4548467007090164,TIME_LIMIT,314663,0,0,20,0
4,10,2.891165e6,-6.553933802992327,-2.4548467007090164,TIME_LIMIT,314701,0,0,24,0
4,10,2.891525e6,-6.553933802992327,-2.4548467007090164,TIME_LIMIT,314722,0,0,31,0
4,10,2.891863e6,-6.553933802992327,-2.4548467007090164,TIME_LIMIT,314759,0,0,26,0
4,10,2.892239e6,-6.553933802992327,-2.4548467007090164,TIME_LIMIT,314781,0,0,16,0
4,10,2.892596e6,-6.553933802992327,-2.4548467007090164,TIME_LIMIT,314823,0,0,24,0
4,10,2.892938e6,-6.553933802992327,-2.4548467007090164,TIME_LIMIT,314849,0,0,24,0
4,10,2.893275e6,-6.553933802992327,-2.4548467007090164,TIME_LIMIT,314880,0,0,25,0
4,10,2.89361e6,-6.553933802992327,-2.4548467007090164,TIME_LIMIT,314901,0,0,25,0
4,10,2.893946e6,-6.553933802992327,-2.4548467007090164,TIME_LIMIT,314935,0,0,22,0
4,10,2.894278e6,-6.553933802992327,-2.4548467007090164,TIME_LIMIT,314957,0,0,40,0
4,10,2.894619e6,-6.553933802992327,-2.4548467007090164,TIME_LIMIT,314997,0,0,29,0
4,10,2.894986e6,-6.553933802992327,-2.4548467007090164,TIME_LIMIT,315023,0,0,21,0
4,10,2.895322e6,-6.553933802992327,-2.4548467007090164,TIME_LIMIT,315061,0,0,18,0
4,10,2.895658e6,-6.553933802992327,-2.4548467007090164,TIME_LIMIT,315088,0,0,23,0
4,10,2.895992e6,-6.553933802992327,-2.4548467007090164,TIME_LIMIT,315121,0,0,23,0
4,10,2.896332e6,-6.553933802992327,-2.4548467007090164,TIME_LIMIT,315148,0,0,33,0
4,10,2.896669e6,-6.553933802992327,-2.4548467007090164,TIME_LIMIT,315183,0,0,20,0
4,10,2.897001e6,-6.553933802992327,-2.4548467007090164,TIME_LIMIT,315204,0,0,24,0
4,10,2.897334e6,-6.553933802992327,-2.4548467007090164,TIME_LIMIT,315243,0,0,23,0
4,10,2.897669e6,-6.553933802992327,-2.4548467007090164,TIME_LIMIT,315267,0,0,22,0
4,10,2.898073e6,-6.553933802992327,-2.4548467007090164,TIME_LIMIT,315296,0,0,20,0
4,10,2.89841e6,-6.553933802992327,-2.4548467007090164,TIME_LIMIT,315327,0,0,29,0
4,10,2.898751e6,-6.553933802992327,-2.4548467007090164,TIME_LIMIT,315367,0,0,22,0
4,10,2.89909e6,-6.553933802992327,-2.4548467007090164,TIME_LIMIT,315391,0,0,31,0
4,10,2.899424e6,-6.553933802992327,-2.4548467007090164,TIME_LIMIT,315428,0,0,9,0
4,10,2.899779e6,-6.553933802992327,-2.4548467007090164,TIME_LIMIT,315450,0,0,24,0
4,10,2.900145e6,-6.553933802992327,-2.4548467007090164,TIME_LIMIT,315486,0,0,25,0
4,10,2.90049e6,-6.553933802992327,-2.4548467007090164,TIME_LIMIT,315512,0,0,31,0
4,10,2.900851e6,-6.553933802992327,-2.4548467007090164,TIME_LIMIT,315548,0,0,24,0
4,10,2.901189e6,-6.553933802992327,-2.4548467007090164,TIME_LIMIT,315574,0,0,26,0
4,10,2.901531e6,-6.553933802992327,-2.4548467007090164,TIME_LIMIT,315615,0,0,25,0
4,10,2.901864e6,-6.553933802992327,-2.4548467007090164,TIME_LIMIT,315638,0,0,20,0
4,10,2.902199e6,-6.553933802992327,-2.4548467007090164,TIME_LIMIT,315677,0,0,15,0
4,10,2.902541e6,-6.553933802992327,-2.4548467007090164,TIME_LIMIT,315697,0,0,23,0
4,10,2.902875e6,-6.553933802992327,-2.4548467007090164,TIME_LIMIT,315736,0,0,23,0
4,10,2.903226e6,-6.553933802992327,-2.4548467007090164,TIME_LIMIT,315767,0,0,26,0
4,10,2.903609e6,-6.553933802992327,-2.4548467007090164,TIME_LIMIT,315805,0,0,22,0
4,10,2.903979e6,-6.553933802992327,-2.4548467007090164,TIME_LIMIT,315829,0,0,26,0
4,10,2.904311e6,-6.553933802992327,-2.4548467007090164,TIME_LIMIT,315868,0,0,16,0
4,10,2.904649e6,-6.553933802992327,-2.4548467007090164,TIME_LIMIT,315894,0,0,30,0
4,10,2.904979e6,-6.553933802992327,-2.4548467007090164,TIME_LIMIT,315924,0,0,21,0
4,10,2.905315e6,-6.553933802992327,-2.4548467007090164,TIME_LIMIT,315955,0,0,17,0
4,10,2.90565e6,-6.553933802992327,-2.4548467007090164,TIME_LIMIT,315982,0,0,20,0
4,10,2.90598e6,-6.553933802992327,-2.4548467007090164,TIME_LIMIT,316005,0,0,12,0
4,10,2.906321e6,-6.553933802992327,-2.4548467007090164,TIME_LIMIT,316040,0,0,10,0
4,10,2.90666e6,-6.553933802992327,-2.4548467007090164,TIME_LIMIT,316060,0,0,23,0
4,10,2.90702e6,-6.553933802992327,-2.4548467007090164,TIME_LIMIT,316095,0,0,18,0
4,10,2.907358e6,-6.553933802992327,-2.4548467007090164,TIME_LIMIT,316121,0,0,35,0
4,10,2.907718e6,-6.553933802992327,-2.4548467007090164,TIME_LIMIT,316161,0,0,24,0
4,10,2.908052e6,-6.553933802992327,-2.4548467007090164,TIME_LIMIT,316183,0,0,15,0
4,10,2.90839e6,-6.553933802992327,-2.4548467007090164,TIME_LIMIT,316221,0,0,25,0
4,10,2.908725e6,-6.553933802992327,-2.4548467007090164,TIME_LIMIT,316243,0,0,28,0
4,10,2.909051e6,-6.553933802992327,-2.4548467007090164,TIME_LIMIT,316277,0,0,9,0
4,10,2.909389e6,-6.553933802992327,-2.4548467007090164,TIME_LIMIT,316299,0,0,21,0
4,10,2.909722e6,-6.553933802992327,-2.4548467007090164,TIME_LIMIT,316334,0,0,20,0
4,10,2.910119e6,-6.553933802992327,-2.4548467007090164,TIME_LIMIT,316353,0,0,27,0
4,10,2.910478e6,-6.553933802992327,-2.4548467007090164,TIME_LIMIT,316395,0,0,14,0
4,10,2.910839e6,-6.553933802992327,-2.4548467007090164,TIME_LIMIT,316420,0,0,28,0
4,10,2.911166e6,-6.553933802992327,-2.4548467007090164,TIME_LIMIT,316457,0,0,20,0
4,10,2.9115e6,-6.553933802992327,-2.4548467007090164,TIME_LIMIT,316488,0,0,18,0
4,10,2.911834e6,-6.553933802992327,-2.4548467007090164,TIME_LIMIT,316514,0,0,18,0
4,10,2.912174e6,-6.553933802992327,-2.4548467007090164,TIME_LIMIT,316535,0,0,35,0
4,10,2.912512e6,-6.553933802992327,-2.4548467007090164,TIME_LIMIT,316568,0,0,23,0
4,10,2.912875e6,-6.553933802992327,-2.4548467007090164,TIME_LIMIT,316591,0,0,23,0
4,10,2.913209e6,-6.553933802992327,-2.4548467007090164,TIME_LIMIT,316624,0,0,15,0
4,10,2.913541e6,-6.553933802992327,-2.4548467007090164,TIME_LIMIT,316647,0,0,11,0
4,10,2.913879e6,-6.553933802992327,-2.4548467007090164,TIME_LIMIT,316682,0,0,20,0
4,10,2.914248e6,-6.553933802992327,-2.4548467007090164,TIME_LIMIT,316708,0,0,25,0
4,10,2.914585e6,-6.553933802992327,-2.4548467007090164,TIME_LIMIT,316740,0,0,20,0
4,10,2.914923e6,-6.553933802992327,-2.4548467007090164,TIME_LIMIT,316764,0,0,26,0
4,10,2.915255e6,-6.553933802992327,-2.4548467007090164,TIME_LIMIT,316791,0,0,20,0
4,10,2.915583e6,-6.553933802992327,-2.4548467007090164,TIME_LIMIT,316817,0,0,25,0
4,10,2.915949e6,-6.553901053520583,-2.4548467007090164,TIME_LIMIT,316851,0,0,25,0
4,10,2.916285e6,-6.553901053520583,-2.4548467007090164,TIME_LIMIT,316882,0,0,29,0
4,10,2.916621e6,-6.553858995383837,-2.4548467007090164,TIME_LIMIT,316920,0,0,24,0
4,10,2.916959e6,-6.553858995383837,-2.4548467007090164,TIME_LIMIT,316950,0,0,29,0
4,10,2.917292e6,-6.553853861926273,-2.4548467007090164,TIME_LIMIT,316994,0,0,20,0
4,10,2.917623e6,-6.553853861926273,-2.4548467007090164,TIME_LIMIT,317020,0,0,29,0
4,10,2.917958e6,-6.5538189474713695,-2.4548467007090164,TIME_LIMIT,317062,0,0,26,0
4,10,2.918292e6,-6.5538189474713695,-2.4548467007090164,TIME_LIMIT,317092,0,0,32,0
4,10,2.918628e6,-6.5538189474713695,-2.4548467007090164,TIME_LIMIT,317141,0,0,17,0
4,10,2.918967e6,-6.5538189474713695,-2.4548467007090164,TIME_LIMIT,317177,0,0,32,0
4,10,2.919299e6,-6.5538189474713695,-2.4548467007090164,TIME_LIMIT,317224,0,0,26,0
4,10,2.919654e6,-6.5538189474713695,-2.4548467007090164,TIME_LIMIT,317252,0,0,30,0
4,10,2.919988e6,-6.5538189474713695,-2.4548467007090164,TIME_LIMIT,317291,0,0,28,0
4,10,2.920345e6,-6.5538189474713695,-2.4548467007090164,TIME_LIMIT,317319,0,0,30,0
4,10,2.92067e6,-6.5538189474713695,-2.4548467007090164,TIME_LIMIT,317361,0,0,19,0
4,10,2.921004e6,-6.5538189474713695,-2.4548467007090164,TIME_LIMIT,317390,0,0,31,0
4,10,2.921338e6,-6.5538189474713695,-2.4548467007090164,TIME_LIMIT,317434,0,0,9,0
4,10,2.921668e6,-6.5538189474713695,-2.4548467007090164,TIME_LIMIT,317457,0,0,28,0
4,10,2.92204e6,-6.5538189474713695,-2.4548467007090164,TIME_LIMIT,317506,0,0,23,0
4,10,2.922371e6,-6.5538189474713695,-2.4548467007090164,TIME_LIMIT,317536,0,0,36,0
4,10,2.922704e6,-6.553779067024273,-2.4548467007090164,TIME_LIMIT,317578,0,0,23,0
4,10,2.923049e6,-6.553779067024273,-2.4548467007090164,TIME_LIMIT,317596,0,0,27,0
4,10,2.923412e6,-6.553779067024273,-2.4548467007090164,TIME_LIMIT,317634,0,0,23,0
4,10,2.923761e6,-6.553779067024273,-2.4548467007090164,TIME_LIMIT,317651,0,0,28,0
4,10,2.924099e6,-6.553779067024273,-2.4548467007090164,TIME_LIMIT,317691,0,0,22,0
4,10,2.924431e6,-6.553779067024273,-2.4548467007090164,TIME_LIMIT,317715,0,0,31,0
4,10,2.924766e6,-6.553779067024273,-2.4548467007090164,TIME_LIMIT,317753,0,0,15,0
4,10,2.925103e6,-6.553779067024273,-2.4548467007090164,TIME_LIMIT,317778,0,0,33,0
4,10,2.925438e6,-6.553779067024273,-2.4548467007090164,TIME_LIMIT,317817,0,0,23,0
4,10,2.925771e6,-6.553779067024273,-2.4548467007090164,TIME_LIMIT,317842,0,0,26,0
4,10,2.926107e6,-6.553779067024273,-2.4548467007090164,TIME_LIMIT,317876,0,0,20,0
4,10,2.926442e6,-6.553779067024273,-2.4548467007090164,TIME_LIMIT,317901,0,0,35,0
4,10,2.926773e6,-6.553779067024273,-2.4548467007090164,TIME_LIMIT,317937,0,0,23,0
4,10,2.927107e6,-6.553779067024273,-2.4548467007090164,TIME_LIMIT,317956,0,0,22,0
4,10,2.927441e6,-6.553779067024273,-2.4548467007090164,TIME_LIMIT,317997,0,0,10,0
4,10,2.927777e6,-6.553779067024273,-2.4548467007090164,TIME_LIMIT,318016,0,0,28,0
4,10,2.928146e6,-6.553779067024273,-2.4548467007090164,TIME_LIMIT,318050,0,0,22,0
4,10,2.928481e6,-6.553779067024273,-2.4548467007090164,TIME_LIMIT,318074,0,0,15,0
4,10,2.928812e6,-6.553779067024273,-2.4548467007090164,TIME_LIMIT,318107,0,0,20,0
4,10,2.929144e6,-6.553779067024273,-2.4548467007090164,TIME_LIMIT,318132,0,0,22,0
4,10,2.929482e6,-6.553779067024273,-2.4548467007090164,TIME_LIMIT,318167,0,0,27,0
4,10,2.929848e6,-6.553779067024273,-2.4548467007090164,TIME_LIMIT,318193,0,0,16,0
4,10,2.9302e6,-6.553410863246073,-2.4548467007090164,TIME_LIMIT,318226,0,0,18,0
4,10,2.930538e6,-6.553410863246073,-2.4548467007090164,TIME_LIMIT,318252,0,0,25,0
4,10,2.930878e6,-6.553410863246073,-2.4548467007090164,TIME_LIMIT,318301,0,0,23,0
4,10,2.931239e6,-6.553410863246073,-2.4548467007090164,TIME_LIMIT,318332,0,0,32,0
4,10,2.931577e6,-6.553362607503568,-2.4548467007090164,TIME_LIMIT,318372,0,0,24,0
4,10,2.93192e6,-6.553362607503568,-2.4548467007090164,TIME_LIMIT,318393,0,0,32,0
4,10,2.93228e6,-6.553362607503568,-2.4548467007090164,TIME_LIMIT,318427,0,0,27,0
4,10,2.932614e6,-6.553362607503568,-2.4548467007090164,TIME_LIMIT,318452,0,0,33,0
4,10,2.932943e6,-6.553362607503568,-2.4548467007090164,TIME_LIMIT,318486,0,0,26,0
4,10,2.933283e6,-6.553362607503568,-2.4548467007090164,TIME_LIMIT,318505,0,0,30,0
4,10,2.933617e6,-6.553219299056003,-2.4548467007090164,TIME_LIMIT,318542,0,0,23,0
4,10,2.93395e6,-6.553219299056003,-2.4548467007090164,TIME_LIMIT,318569,0,0,24,0
4,10,2.934321e6,-6.552956640193562,-2.4548467007090164,TIME_LIMIT,318622,0,0,26,0
4,10,2.934665e6,-6.552956640193562,-2.4548467007090164,TIME_LIMIT,318648,0,0,29,0
4,10,2.935022e6,-6.552910969990732,-2.4548467007090164,TIME_LIMIT,318683,0,0,22,0
4,10,2.935364e6,-6.552910969990732,-2.4548467007090164,TIME_LIMIT,318701,0,0,29,0
4,10,2.935697e6,-6.552649406584812,-2.4548467007090164,TIME_LIMIT,318740,0,0,26,0
4,10,2.936031e6,-6.552649406584812,-2.4548467007090164,TIME_LIMIT,318769,0,0,35,0
4,10,2.936368e6,-6.5524408804319165,-2.4548467007090164,TIME_LIMIT,318812,0,0,23,0
4,10,2.936705e6,-6.5524408804319165,-2.4548467007090164,TIME_LIMIT,318843,0,0,38,0
4,10,2.937043e6,-6.552422542207002,-2.4548467007090164,TIME_LIMIT,318893,0,0,31,0
4,10,2.937382e6,-6.552422542207002,-2.4548467007090164,TIME_LIMIT,318914,0,0,27,0
4,10,2.937741e6,-6.552422542207002,-2.4548467007090164,TIME_LIMIT,318956,0,0,24,0
4,10,2.938076e6,-6.552422542207002,-2.4548467007090164,TIME_LIMIT,318983,0,0,21,0
4,10,2.938409e6,-6.552422542207002,-2.4548467007090164,TIME_LIMIT,319021,0,0,20,0
4,10,2.938748e6,-6.552422542207002,-2.4548467007090164,TIME_LIMIT,319050,0,0,25,0
4,10,2.939081e6,-6.551807400210739,-2.4548467007090164,TIME_LIMIT,319092,0,0,23,0
4,10,2.939428e6,-6.551807400210739,-2.4548467007090164,TIME_LIMIT,319123,0,0,33,0
4,10,2.939787e6,-6.551807400210739,-2.4548467007090164,TIME_LIMIT,319174,0,0,26,0
4,10,2.940124e6,-6.551807400210739,-2.4548467007090164,TIME_LIMIT,319206,0,0,37,0
4,10,2.940496e6,-6.551756833732691,-2.4548467007090164,TIME_LIMIT,319256,0,0,26,0
4,10,2.940834e6,-6.551756833732691,-2.4548467007090164,TIME_LIMIT,319281,0,0,27,0
4,10,2.941165e6,-6.55166479973916,-2.4548467007090164,TIME_LIMIT,319326,0,0,26,0
4,10,2.941507e6,-6.55166479973916,-2.4548467007090164,TIME_LIMIT,319355,0,0,41,0
4,10,2.941839e6,-6.55166479973916,-2.4548467007090164,TIME_LIMIT,319392,0,0,24,0
4,10,2.942216e6,-6.55166479973916,-2.4548467007090164,TIME_LIMIT,319413,0,0,35,0
4,10,2.942588e6,-6.55166479973916,-2.4548467007090164,TIME_LIMIT,319450,0,0,23,0
4,10,2.942954e6,-6.55166479973916,-2.4548467007090164,TIME_LIMIT,319479,0,0,40,0
4,10,2.943288e6,-6.55166479973916,-2.4548467007090164,TIME_LIMIT,319512,0,0,24,0
4,10,2.943621e6,-6.55166479973916,-2.4548467007090164,TIME_LIMIT,319533,0,0,34,0
4,10,2.943959e6,-6.55166479973916,-2.4548467007090164,TIME_LIMIT,319570,0,0,23,0
4,10,2.944291e6,-6.55166479973916,-2.4548467007090164,TIME_LIMIT,319595,0,0,29,0
4,10,2.944621e6,-6.55166479973916,-2.4548467007090164,TIME_LIMIT,319628,0,0,26,0
4,10,2.944956e6,-6.55166479973916,-2.4548467007090164,TIME_LIMIT,319647,0,0,23,0
4,10,2.945289e6,-6.55166479973916,-2.4548467007090164,TIME_LIMIT,319684,0,0,30,0
4,10,2.945621e6,-6.55166479973916,-2.4548467007090164,TIME_LIMIT,319703,0,0,24,0
4,10,2.946018e6,-6.55166479973916,-2.4548467007090164,TIME_LIMIT,319740,0,0,25,0
4,10,2.946354e6,-6.55166479973916,-2.4548467007090164,TIME_LIMIT,319758,0,0,23,0
4,10,2.946685e6,-6.55166479973916,-2.4548467007090164,TIME_LIMIT,319796,0,0,30,0
4,10,2.947022e6,-6.55166479973916,-2.4548467007090164,TIME_LIMIT,319814,0,0,21,0
4,10,2.947352e6,-6.5515869800246715,-2.4548467007090164,TIME_LIMIT,319844,0,0,20,0
4,10,2.947691e6,-6.5515869800246715,-2.4548467007090164,TIME_LIMIT,319883,0,0,31,0
4,10,2.948052e6,-6.551552754411523,-2.4548467007090164,TIME_LIMIT,319929,0,0,30,0
4,10,2.94839e6,-6.551552754411523,-2.4548467007090164,TIME_LIMIT,319956,0,0,30,0
4,10,2.948751e6,-6.551487717101464,-2.4548467007090164,TIME_LIMIT,319991,0,0,27,0
4,10,2.949093e6,-6.551487717101464,-2.4548467007090164,TIME_LIMIT,320024,0,0,18,0
4,10,2.949448e6,-6.551351232778016,-2.4548467007090164,TIME_LIMIT,320065,0,0,25,0
4,10,2.949789e6,-6.551351232778016,-2.4548467007090164,TIME_LIMIT,320092,0,0,38,0
4,10,2.950126e6,-6.55131741609757,-2.4548467007090164,TIME_LIMIT,320146,0,0,22,0
4,10,2.950455e6,-6.55131741609757,-2.4548467007090164,TIME_LIMIT,320171,0,0,29,0
4,10,2.95079e6,-6.55131741609757,-2.4548467007090164,TIME_LIMIT,320205,0,0,13,0
4,10,2.951122e6,-6.55131741609757,-2.4548467007090164,TIME_LIMIT,320237,0,0,18,0
4,10,2.951456e6,-6.55131741609757,-2.4548467007090164,TIME_LIMIT,320277,0,0,27,0
4,10,2.951786e6,-6.55131741609757,-2.4548467007090164,TIME_LIMIT,320304,0,0,14,0
4,10,2.952127e6,-6.551251491121746,-2.4548467007090164,TIME_LIMIT,320338,0,0,19,0
4,10,2.952457e6,-6.551251491121746,-2.4548467007090164,TIME_LIMIT,320362,0,0,27,0
4,10,2.952793e6,-6.551251491121746,-2.4548467007090164,TIME_LIMIT,320399,0,0,22,0
4,10,2.953164e6,-6.551251491121746,-2.4548467007090164,TIME_LIMIT,320423,0,0,28,0
4,10,2.953536e6,-6.551160404553327,-2.4548467007090164,TIME_LIMIT,320465,0,0,20,0
4,10,2.953869e6,-6.551160404553327,-2.4548467007090164,TIME_LIMIT,320488,0,0,28,0
4,10,2.954203e6,-6.551148947626038,-2.4548467007090164,TIME_LIMIT,320527,0,0,25,0
4,10,2.954536e6,-6.551148947626038,-2.4548467007090164,TIME_LIMIT,320552,0,0,26,0
4,10,2.954864e6,-6.551071295612175,-2.4548467007090164,TIME_LIMIT,320586,0,0,19,0
4,10,2.955196e6,-6.551071295612175,-2.4548467007090164,TIME_LIMIT,320608,0,0,27,0
4,10,2.955528e6,-6.551071295612175,-2.4548467007090164,TIME_LIMIT,320654,0,0,20,0
4,10,2.955862e6,-6.551071295612175,-2.4548467007090164,TIME_LIMIT,320681,0,0,25,0
4,10,2.956196e6,-6.551054048820395,-2.4548467007090164,TIME_LIMIT,320726,0,0,29,0
4,10,2.956581e6,-6.551054048820395,-2.4548467007090164,TIME_LIMIT,320761,0,0,29,0
4,10,2.956913e6,-6.551054048820395,-2.4548467007090164,TIME_LIMIT,320800,0,0,29,0
4,10,2.957247e6,-6.551054048820395,-2.4548467007090164,TIME_LIMIT,320834,0,0,32,0
4,10,2.957583e6,-6.550966200835145,-2.4548467007090164,TIME_LIMIT,320875,0,0,31,0
4,10,2.957915e6,-6.550966200835145,-2.4548467007090164,TIME_LIMIT,320901,0,0,23,0
4,10,2.958242e6,-6.550966200835145,-2.4548467007090164,TIME_LIMIT,320932,0,0,22,0
4,10,2.958576e6,-6.550966200835145,-2.4548467007090164,TIME_LIMIT,320961,0,0,29,0
4,10,2.958907e6,-6.55087883588981,-2.4548467007090164,TIME_LIMIT,320998,0,0,22,0
4,10,2.959238e6,-6.55087883588981,-2.4548467007090164,TIME_LIMIT,321023,0,0,32,0
4,10,2.95957e6,-6.550755795151837,-2.4548467007090164,TIME_LIMIT,321060,0,0,23,0
4,10,2.9599e6,-6.550755795151837,-2.4548467007090164,TIME_LIMIT,321079,0,0,19,0
4,10,2.960233e6,-6.5504174105060295,-2.4548467007090164,TIME_LIMIT,321111,0,0,16,0
4,10,2.960568e6,-6.5504174105060295,-2.4548467007090164,TIME_LIMIT,321131,0,0,28,0
4,10,2.960937e6,-6.5504174105060295,-2.4548467007090164,TIME_LIMIT,321173,0,0,9,0
4,10,2.961268e6,-6.5504174105060295,-2.4548467007090164,TIME_LIMIT,321203,0,0,24,0
4,10,2.961603e6,-6.5504174105060295,-2.4548467007090164,TIME_LIMIT,321233,0,0,27,0
4,10,2.961938e6,-6.5504174105060295,-2.4548467007090164,TIME_LIMIT,321253,0,0,27,0
4,10,2.962266e6,-6.550040736334116,-2.4548467007090164,TIME_LIMIT,321290,0,0,20,0
4,10,2.962604e6,-6.550040736334116,-2.4548467007090164,TIME_LIMIT,321316,0,0,37,0
4,10,2.962936e6,-6.550040736334116,-2.4548467007090164,TIME_LIMIT,321360,0,0,26,0
4,10,2.963269e6,-6.550040736334116,-2.4548467007090164,TIME_LIMIT,321387,0,0,37,0
4,10,2.963604e6,-6.550040736334116,-2.4548467007090164,TIME_LIMIT,321435,0,0,29,0
4,10,2.963937e6,-6.550040736334116,-2.4548467007090164,TIME_LIMIT,321459,0,0,32,0
4,10,2.964274e6,-6.550040736334116,-2.4548467007090164,TIME_LIMIT,321504,0,0,26,0
4,10,2.964608e6,-6.550040736334116,-2.4548467007090164,TIME_LIMIT,321527,0,0,43,0
4,10,2.964942e6,-6.550040736334116,-2.4548467007090164,TIME_LIMIT,321567,0,0,22,0
4,10,2.96527e6,-6.550040736334116,-2.4548467007090164,TIME_LIMIT,321590,0,0,28,0
4,10,2.965604e6,-6.550040736334116,-2.4548467007090164,TIME_LIMIT,321629,0,0,21,0
4,10,2.965937e6,-6.550040736334116,-2.4548467007090164,TIME_LIMIT,321655,0,0,30,0
4,10,2.96627e6,-6.550040736334116,-2.4548467007090164,TIME_LIMIT,321695,0,0,21,0
4,10,2.966596e6,-6.550040736334116,-2.4548467007090164,TIME_LIMIT,321723,0,0,31,0
4,10,2.96693e6,-6.550040736334116,-2.4548467007090164,TIME_LIMIT,321762,0,0,25,0
4,10,2.967263e6,-6.550040736334116,-2.4548467007090164,TIME_LIMIT,321781,0,0,33,0
4,10,2.967597e6,-6.550040736334116,-2.4548467007090164,TIME_LIMIT,321818,0,0,10,0
4,10,2.967927e6,-6.550040736334116,-2.4548467007090164,TIME_LIMIT,321841,0,0,33,0
4,10,2.968304e6,-6.550036649191736,-2.4548467007090164,TIME_LIMIT,321873,0,0,23,0
4,10,2.968664e6,-6.550036649191736,-2.4548467007090164,TIME_LIMIT,321892,0,0,31,0
4,10,2.968995e6,-6.550036649191736,-2.4548467007090164,TIME_LIMIT,321931,0,0,20,0
4,10,2.969331e6,-6.550036649191736,-2.4548467007090164,TIME_LIMIT,321954,0,0,21,0
4,10,2.969694e6,-6.550004609963079,-2.4548467007090164,TIME_LIMIT,321994,0,0,17,0
4,10,2.97003e6,-6.550004609963079,-2.4548467007090164,TIME_LIMIT,322018,0,0,36,0
4,10,2.970361e6,-6.550004609963079,-2.4548467007090164,TIME_LIMIT,322057,0,0,23,0
4,10,2.970689e6,-6.550004609963079,-2.4548467007090164,TIME_LIMIT,322083,0,0,28,0
4,10,2.971027e6,-6.5499507481359736,-2.4548467007090164,TIME_LIMIT,322122,0,0,25,0
4,10,2.971363e6,-6.5499507481359736,-2.4548467007090164,TIME_LIMIT,322145,0,0,29,0
4,10,2.971694e6,-6.549758927862163,-2.4548467007090164,TIME_LIMIT,322179,0,0,20,0
4,10,2.972029e6,-6.549758927862163,-2.4548467007090164,TIME_LIMIT,322208,0,0,21,0
4,10,2.972362e6,-6.549680783826006,-2.4548467007090164,TIME_LIMIT,322250,0,0,26,0
4,10,2.972696e6,-6.549680783826006,-2.4548467007090164,TIME_LIMIT,322273,0,0,13,0
4,10,2.973029e6,-6.549680783826006,-2.4548467007090164,TIME_LIMIT,322319,0,0,25,0
4,10,2.97337e6,-6.549680783826006,-2.4548467007090164,TIME_LIMIT,322355,0,0,32,0
4,10,2.973734e6,-6.549375396182436,-2.4548467007090164,TIME_LIMIT,322388,0,0,31,0
4,10,2.974067e6,-6.549375396182436,-2.4548467007090164,TIME_LIMIT,322413,0,0,22,0
4,10,2.974405e6,-6.549375396182436,-2.4548467007090164,TIME_LIMIT,322457,0,0,24,0
4,10,2.974767e6,-6.549375396182436,-2.4548467007090164,TIME_LIMIT,322492,0,0,32,0
4,10,2.975124e6,-6.549375396182436,-2.4548467007090164,TIME_LIMIT,322530,0,0,9,0
4,10,2.975532e6,-6.549375396182436,-2.4548467007090164,TIME_LIMIT,322553,0,0,29,0
4,10,2.975894e6,-6.549375396182436,-2.4548467007090164,TIME_LIMIT,322595,0,0,21,0
4,10,2.976263e6,-6.549375396182436,-2.4548467007090164,TIME_LIMIT,322630,0,0,11,0
4,10,2.976591e6,-6.549280753712431,-2.4548467007090164,TIME_LIMIT,322673,0,0,23,0
4,10,2.976927e6,-6.549280753712431,-2.4548467007090164,TIME_LIMIT,322706,0,0,8,0
4,10,2.977259e6,-6.549280753712431,-2.4548467007090164,TIME_LIMIT,322751,0,0,29,0
4,10,2.977595e6,-6.549280753712431,-2.4548467007090164,TIME_LIMIT,322796,0,0,30,0
4,10,2.977933e6,-6.549280753712431,-2.4548467007090164,TIME_LIMIT,322828,0,0,29,0
4,10,2.978268e6,-6.549280753712431,-2.4548467007090164,TIME_LIMIT,322855,0,0,34,0
4,10,2.9786e6,-6.549280753712431,-2.4548467007090164,TIME_LIMIT,322898,0,0,18,0
4,10,2.978937e6,-6.549280753712431,-2.4548467007090164,TIME_LIMIT,322922,0,0,41,0
4,10,2.979269e6,-6.549280753712431,-2.4548467007090164,TIME_LIMIT,322967,0,0,28,0
4,10,2.9796e6,-6.549280753712431,-2.4548467007090164,TIME_LIMIT,323002,0,0,33,0
4,10,2.979945e6,-6.549280753712431,-2.4548467007090164,TIME_LIMIT,323042,0,0,22,0
4,10,2.980278e6,-6.549280753712431,-2.4548467007090164,TIME_LIMIT,323064,0,0,40,0
4,10,2.980612e6,-6.549280753712431,-2.4548467007090164,TIME_LIMIT,323108,0,0,28,0
4,10,2.980946e6,-6.549280753712431,-2.4548467007090164,TIME_LIMIT,323130,0,0,28,0
4,10,2.981286e6,-6.54886188820459,-2.4548467007090164,TIME_LIMIT,323175,0,0,27,0
4,10,2.981646e6,-6.54886188820459,-2.4548467007090164,TIME_LIMIT,323207,0,0,43,0
4,10,2.981982e6,-6.548766253481201,-2.4548467007090164,TIME_LIMIT,323256,0,0,26,0
4,10,2.982313e6,-6.548766253481201,-2.4548467007090164,TIME_LIMIT,323283,0,0,30,0
4,10,2.982644e6,-6.548576964448783,-2.4548467007090164,TIME_LIMIT,323315,0,0,13,0
4,10,2.983014e6,-6.548576964448783,-2.4548467007090164,TIME_LIMIT,323341,0,0,44,0
4,10,2.983343e6,-6.548576964448783,-2.4548467007090164,TIME_LIMIT,323381,0,0,28,0
4,10,2.983675e6,-6.548576964448783,-2.4548467007090164,TIME_LIMIT,323404,0,0,44,0
4,10,2.984009e6,-6.548576964448783,-2.4548467007090164,TIME_LIMIT,323443,0,0,29,0
4,10,2.984345e6,-6.548576964448783,-2.4548467007090164,TIME_LIMIT,323466,0,0,17,0
4,10,2.984676e6,-6.548576964448783,-2.4548467007090164,TIME_LIMIT,323505,0,0,31,0
4,10,2.985008e6,-6.548576964448783,-2.4548467007090164,TIME_LIMIT,323537,0,0,8,0
4,10,2.985339e6,-6.548526820269904,-2.4548467007090164,TIME_LIMIT,323561,0,0,26,0
4,10,2.985672e6,-6.548526820269904,-2.4548467007090164,TIME_LIMIT,323584,0,0,24,0
4,10,2.986004e6,-6.548526820269904,-2.4548467007090164,TIME_LIMIT,323628,0,0,15,0
4,10,2.986338e6,-6.548526820269904,-2.4548467007090164,TIME_LIMIT,323653,0,0,27,0
4,10,2.986669e6,-6.548526820269904,-2.4548467007090164,TIME_LIMIT,323684,0,0,12,0
4,10,2.987009e6,-6.548526820269904,-2.4548467007090164,TIME_LIMIT,323715,0,0,23,0
4,10,2.987377e6,-6.548521321806895,-2.4548467007090164,TIME_LIMIT,323747,0,0,24,0
4,10,2.987736e6,-6.548521321806895,-2.4548467007090164,TIME_LIMIT,323771,0,0,42,0
4,10,2.988069e6,-6.548370163216668,-2.4548467007090164,TIME_LIMIT,323814,0,0,22,0
4,10,2.988411e6,-6.548370163216668,-2.4548467007090164,TIME_LIMIT,323847,0,0,21,0
4,10,2.988742e6,-6.548343009897492,-2.4548467007090164,TIME_LIMIT,323870,0,0,22,0
4,10,2.989076e6,-6.548343009897492,-2.4548467007090164,TIME_LIMIT,323891,0,0,33,0
4,10,2.989406e6,-6.548343009897492,-2.4548467007090164,TIME_LIMIT,323933,0,0,11,0
4,10,2.989739e6,-6.548343009897492,-2.4548467007090164,TIME_LIMIT,323957,0,0,32,0
4,10,2.990069e6,-6.548260527061597,-2.4548467007090164,TIME_LIMIT,323996,0,0,19,0
4,10,2.990432e6,-6.548260527061597,-2.4548467007090164,TIME_LIMIT,324024,0,0,31,0
4,10,2.99076e6,-6.548086721901679,-2.4548467007090164,TIME_LIMIT,324062,0,0,22,0
4,10,2.991096e6,-6.548086721901679,-2.4548467007090164,TIME_LIMIT,324085,0,0,34,0
4,10,2.991436e6,-6.548086721901679,-2.4548467007090164,TIME_LIMIT,324121,0,0,15,0
4,10,2.991791e6,-6.548086721901679,-2.4548467007090164,TIME_LIMIT,324139,0,0,33,0
4,10,2.992138e6,-6.548086721901679,-2.4548467007090164,TIME_LIMIT,324173,0,0,24,0
4,10,2.992472e6,-6.548086721901679,-2.4548467007090164,TIME_LIMIT,324195,0,0,26,0
4,10,2.992806e6,-6.548086721901679,-2.4548467007090164,TIME_LIMIT,324229,0,0,26,0
4,10,2.993139e6,-6.548086721901679,-2.4548467007090164,TIME_LIMIT,324251,0,0,36,0
4,10,2.993474e6,-6.548086721901679,-2.4548467007090164,TIME_LIMIT,324288,0,0,9,0
4,10,2.993842e6,-6.548086721901679,-2.4548467007090164,TIME_LIMIT,324305,0,0,33,0
4,10,2.994173e6,-6.548024979168915,-2.4548467007090164,TIME_LIMIT,324342,0,0,13,0
4,10,2.994509e6,-6.548024979168915,-2.4548467007090164,TIME_LIMIT,324367,0,0,34,0
4,10,2.994845e6,-6.548024979168915,-2.4548467007090164,TIME_LIMIT,324411,0,0,26,0
4,10,2.995185e6,-6.548024979168915,-2.4548467007090164,TIME_LIMIT,324434,0,0,34,0
4,10,2.995544e6,-6.548024979168915,-2.4548467007090164,TIME_LIMIT,324475,0,0,24,0
4,10,2.995884e6,-6.548024979168915,-2.4548467007090164,TIME_LIMIT,324503,0,0,35,0
4,10,2.996226e6,-6.548024979168915,-2.4548467007090164,TIME_LIMIT,324544,0,0,26,0
4,10,2.996567e6,-6.548024979168915,-2.4548467007090164,TIME_LIMIT,324565,0,0,36,0
4,10,2.996914e6,-6.548024979168915,-2.4548467007090164,TIME_LIMIT,324605,0,0,27,0
4,10,2.997273e6,-6.548024979168915,-2.4548467007090164,TIME_LIMIT,324626,0,0,29,0
4,10,2.997639e6,-6.548024979168915,-2.4548467007090164,TIME_LIMIT,324668,0,0,30,0
4,10,2.998016e6,-6.548024979168915,-2.4548467007090164,TIME_LIMIT,324689,0,0,29,0
4,10,2.99835e6,-6.548024979168915,-2.4548467007090164,TIME_LIMIT,324726,0,0,14,0
4,10,2.998687e6,-6.548024979168915,-2.4548467007090164,TIME_LIMIT,324746,0,0,32,0
4,10,2.999065e6,-6.548024979168915,-2.4548467007090164,TIME_LIMIT,324784,0,0,24,0
4,10,2.999404e6,-6.548024979168915,-2.4548467007090164,TIME_LIMIT,324808,0,0,28,0
4,10,2.999745e6,-6.548024979168915,-2.4548467007090164,TIME_LIMIT,324844,0,0,25,0
4,10,3.000093e6,-6.548024979168915,-2.4548467007090164,TIME_LIMIT,324868,0,0,28,0
4,10,3.000443e6,-6.548024979168915,-2.4548467007090164,TIME_LIMIT,324904,0,0,22,0
4,10,3.000784e6,-6.548024979168915,-2.4548467007090164,TIME_LIMIT,324930,0,0,34,0
4,10,3.001121e6,-6.548024979168915,-2.4548467007090164,TIME_LIMIT,324962,0,0,23,0
4,10,3.001456e6,-6.548024979168915,-2.4548467007090164,TIME_LIMIT,324988,0,0,25,0
4,10,3.001796e6,-6.548024979168915,-2.4548467007090164,TIME_LIMIT,325024,0,0,20,0
4,10,3.002143e6,-6.548024979168915,-2.4548467007090164,TIME_LIMIT,325047,0,0,32,0
4,10,3.002514e6,-6.548024979168915,-2.4548467007090164,TIME_LIMIT,325087,0,0,26,0
4,10,3.002891e6,-6.548024979168915,-2.4548467007090164,TIME_LIMIT,325109,0,0,28,0
4,10,3.00323e6,-6.548024979168915,-2.4548467007090164,TIME_LIMIT,325145,0,0,21,0
4,10,3.00357e6,-6.548024979168915,-2.4548467007090164,TIME_LIMIT,325168,0,0,28,0
4,10,3.003925e6,-6.548024979168915,-2.4548467007090164,TIME_LIMIT,325204,0,0,27,0
4,10,3.004298e6,-6.548024979168915,-2.4548467007090164,TIME_LIMIT,325226,0,0,24,0
4,10,3.004646e6,-6.548024979168915,-2.4548467007090164,TIME_LIMIT,325259,0,0,24,0
4,10,3.004991e6,-6.548024979168915,-2.4548467007090164,TIME_LIMIT,325281,0,0,32,0
4,10,3.005333e6,-6.548024979168915,-2.4548467007090164,TIME_LIMIT,325320,0,0,25,0
4,10,3.005674e6,-6.548024979168915,-2.4548467007090164,TIME_LIMIT,325341,0,0,22,0
4,10,3.006053e6,-6.548024979168915,-2.4548467007090164,TIME_LIMIT,325378,0,0,22,0
4,10,3.0064e6,-6.548024979168915,-2.4548467007090164,TIME_LIMIT,325397,0,0,29,0
4,10,3.006744e6,-6.548024979168915,-2.4548467007090164,TIME_LIMIT,325434,0,0,25,0
4,10,3.007093e6,-6.548024979168915,-2.4548467007090164,TIME_LIMIT,325456,0,0,27,0
4,10,3.00744e6,-6.548024979168915,-2.4548467007090164,TIME_LIMIT,325491,0,0,23,0
4,10,3.007791e6,-6.548024979168915,-2.4548467007090164,TIME_LIMIT,325507,0,0,31,0
4,10,3.008135e6,-6.548024979168915,-2.4548467007090164,TIME_LIMIT,325549,0,0,27,0
4,10,3.008477e6,-6.548024979168915,-2.4548467007090164,TIME_LIMIT,325573,0,0,26,0
4,10,3.008821e6,-6.548024979168915,-2.4548467007090164,TIME_LIMIT,325602,0,0,24,0
4,10,3.009164e6,-6.548024979168915,-2.4548467007090164,TIME_LIMIT,325629,0,0,23,0
4,10,3.009516e6,-6.548024979168915,-2.4548467007090164,TIME_LIMIT,325660,0,0,22,0
4,10,3.009886e6,-6.548024979168915,-2.4548467007090164,TIME_LIMIT,325683,0,0,29,0
4,10,3.010228e6,-6.548024979168915,-2.4548467007090164,TIME_LIMIT,325718,0,0,27,0
4,10,3.010574e6,-6.548024979168915,-2.4548467007090164,TIME_LIMIT,325737,0,0,25,0
4,10,3.010918e6,-6.548024979168915,-2.4548467007090164,TIME_LIMIT,325776,0,0,25,0
4,10,3.011263e6,-6.548024979168915,-2.4548467007090164,TIME_LIMIT,325798,0,0,28,0
4,10,3.011601e6,-6.548024979168915,-2.4548467007090164,TIME_LIMIT,325833,0,0,23,0
4,10,3.011948e6,-6.548024979168915,-2.4548467007090164,TIME_LIMIT,325854,0,0,27,0
4,10,3.01229e6,-6.548024979168915,-2.4548467007090164,TIME_LIMIT,325889,0,0,18,0
4,10,3.012632e6,-6.548024979168915,-2.4548467007090164,TIME_LIMIT,325908,0,0,25,0
4,10,3.012975e6,-6.548024979168915,-2.4548467007090164,TIME_LIMIT,325943,0,0,23,0
4,10,3.013312e6,-6.548024979168915,-2.4548467007090164,TIME_LIMIT,325967,0,0,16,0
4,10,3.013699e6,-6.548024979168915,-2.4548467007090164,TIME_LIMIT,326006,0,0,33,0
4,10,3.014037e6,-6.548024979168915,-2.4548467007090164,TIME_LIMIT,326019,0,0,23,0
4,10,3.014387e6,-6.548024979168915,-2.4548467007090164,TIME_LIMIT,326058,0,0,23,0
4,10,3.014753e6,-6.548024979168915,-2.4548467007090164,TIME_LIMIT,326082,0,0,20,0
4,10,3.0151e6,-6.548024979168915,-2.4548467007090164,TIME_LIMIT,326120,0,0,23,0
4,10,3.01544e6,-6.548024979168915,-2.4548467007090164,TIME_LIMIT,326140,0,0,26,0
4,10,3.01578e6,-6.548024979168915,-2.4548467007090164,TIME_LIMIT,326176,0,0,12,0
4,10,3.016129e6,-6.548024979168915,-2.4548467007090164,TIME_LIMIT,326196,0,0,21,0
4,10,3.016507e6,-6.548024979168915,-2.4548467007090164,TIME_LIMIT,326222,0,0,23,0
4,10,3.016878e6,-6.548024979168915,-2.4548467007090164,TIME_LIMIT,326242,0,0,31,0
4,10,3.01722e6,-6.548024979168915,-2.4548467007090164,TIME_LIMIT,326273,0,0,23,0
4,10,3.017555e6,-6.548024979168915,-2.4548467007090164,TIME_LIMIT,326292,0,0,17,0
4,10,3.017896e6,-6.548024979168915,-2.4548467007090164,TIME_LIMIT,326324,0,0,22,0
4,10,3.018237e6,-6.548024979168915,-2.4548467007090164,TIME_LIMIT,326349,0,0,33,0
4,10,3.018581e6,-6.548024979168915,-2.4548467007090164,TIME_LIMIT,326381,0,0,24,0
4,10,3.018928e6,-6.548024979168915,-2.4548467007090164,TIME_LIMIT,326404,0,0,29,0
4,10,3.019295e6,-6.548024979168915,-2.4548467007090164,TIME_LIMIT,326436,0,0,12,0
4,10,3.019633e6,-6.548024979168915,-2.4548467007090164,TIME_LIMIT,326461,0,0,26,0
4,10,3.019983e6,-6.548024979168915,-2.4548467007090164,TIME_LIMIT,326493,0,0,19,0
4,10,3.020354e6,-6.548024979168915,-2.4548467007090164,TIME_LIMIT,326518,0,0,22,0
4,10,3.020693e6,-6.548024979168915,-2.4548467007090164,TIME_LIMIT,326545,0,0,23,0
4,10,3.021034e6,-6.548024979168915,-2.4548467007090164,TIME_LIMIT,326560,0,0,28,0
4,10,3.021374e6,-6.548024979168915,-2.4548467007090164,TIME_LIMIT,326594,0,0,19,0
4,10,3.021757e6,-6.548024979168915,-2.4548467007090164,TIME_LIMIT,326616,0,0,22,0
4,10,3.022094e6,-6.547863912787383,-2.4548467007090164,TIME_LIMIT,326646,0,0,20,0
4,10,3.022438e6,-6.547863912787383,-2.4548467007090164,TIME_LIMIT,326673,0,0,18,0
4,10,3.02278e6,-6.547771281251025,-2.4548467007090164,TIME_LIMIT,326710,0,0,25,0
4,10,3.023125e6,-6.547771281251025,-2.4548467007090164,TIME_LIMIT,326739,0,0,28,0
4,10,3.023462e6,-6.547771281251025,-2.4548467007090164,TIME_LIMIT,326776,0,0,19,0
4,10,3.023813e6,-6.547771281251025,-2.4548467007090164,TIME_LIMIT,326799,0,0,20,0
4,10,3.024181e6,-6.547664769195182,-2.4548467007090164,TIME_LIMIT,326832,0,0,22,0
4,10,3.024529e6,-6.547664769195182,-2.4548467007090164,TIME_LIMIT,326858,0,0,36,0
4,10,3.02487e6,-6.547356567929078,-2.4548467007090164,TIME_LIMIT,326901,0,0,28,0
4,10,3.025215e6,-6.547356567929078,-2.4548467007090164,TIME_LIMIT,326929,0,0,28,0
4,10,3.025554e6,-6.547356567929078,-2.4548467007090164,TIME_LIMIT,326970,0,0,15,0
4,10,3.025899e6,-6.547356567929078,-2.4548467007090164,TIME_LIMIT,326997,0,0,34,0
4,10,3.026243e6,-6.547356567929078,-2.4548467007090164,TIME_LIMIT,327033,0,0,20,0
4,10,3.026584e6,-6.547356567929078,-2.4548467007090164,TIME_LIMIT,327060,0,0,26,0
4,10,3.026923e6,-6.547310116148754,-2.4548467007090164,TIME_LIMIT,327091,0,0,23,0
4,10,3.027267e6,-6.547310116148754,-2.4548467007090164,TIME_LIMIT,327120,0,0,37,0
4,10,3.027616e6,-6.547310116148754,-2.4548467007090164,TIME_LIMIT,327157,0,0,23,0
4,10,3.027959e6,-6.547310116148754,-2.4548467007090164,TIME_LIMIT,327179,0,0,31,0
4,10,3.0283e6,-6.547310116148754,-2.4548467007090164,TIME_LIMIT,327219,0,0,26,0
4,10,3.028643e6,-6.547310116148754,-2.4548467007090164,TIME_LIMIT,327248,0,0,35,0
4,10,3.028985e6,-6.547310116148754,-2.4548467007090164,TIME_LIMIT,327286,0,0,29,0
4,10,3.029328e6,-6.547310116148754,-2.4548467007090164,TIME_LIMIT,327310,0,0,35,0
4,10,3.029711e6,-6.547310116148754,-2.4548467007090164,TIME_LIMIT,327342,0,0,24,0
4,10,3.030049e6,-6.547310116148754,-2.4548467007090164,TIME_LIMIT,327362,0,0,25,0
4,10,3.030392e6,-6.5472581912016325,-2.4548467007090164,TIME_LIMIT,327400,0,0,25,0
4,10,3.03074e6,-6.5472581912016325,-2.4548467007090164,TIME_LIMIT,327422,0,0,26,0
4,10,3.0311e6,-6.547238152274561,-2.4548467007090164,TIME_LIMIT,327464,0,0,26,0
4,10,3.031475e6,-6.547238152274561,-2.4548467007090164,TIME_LIMIT,327492,0,0,31,0
4,10,3.03182e6,-6.547220264483159,-2.4548467007090164,TIME_LIMIT,327553,0,0,35,0
4,10,3.032165e6,-6.547220264483159,-2.4548467007090164,TIME_LIMIT,327577,0,0,22,0
4,10,3.032506e6,-6.5470764313452054,-2.4548467007090164,TIME_LIMIT,327617,0,0,24,0
4,10,3.032852e6,-6.5470764313452054,-2.4548467007090164,TIME_LIMIT,327649,0,0,24,0
4,10,3.0332e6,-6.5470764313452054,-2.4548467007090164,TIME_LIMIT,327690,0,0,15,0
4,10,3.033542e6,-6.5470764313452054,-2.4548467007090164,TIME_LIMIT,327724,0,0,25,0
4,10,3.033886e6,-6.547071639079293,-2.4548467007090164,TIME_LIMIT,327762,0,0,25,0
4,10,3.034242e6,-6.547071639079293,-2.4548467007090164,TIME_LIMIT,327790,0,0,32,0
4,10,3.034644e6,-6.547071639079293,-2.4548467007090164,TIME_LIMIT,327822,0,0,19,0
4,10,3.034989e6,-6.547071639079293,-2.4548467007090164,TIME_LIMIT,327843,0,0,34,0
4,10,3.035331e6,-6.547071639079293,-2.4548467007090164,TIME_LIMIT,327881,0,0,23,0
4,10,3.035671e6,-6.547071639079293,-2.4548467007090164,TIME_LIMIT,327899,0,0,27,0
4,10,3.036017e6,-6.547035951605151,-2.4548467007090164,TIME_LIMIT,327935,0,0,21,0
4,10,3.036364e6,-6.547035951605151,-2.4548467007090164,TIME_LIMIT,327965,0,0,35,0
4,10,3.03671e6,-6.546923093679925,-2.4548467007090164,TIME_LIMIT,328013,0,0,26,0
4,10,3.037054e6,-6.546923093679925,-2.4548467007090164,TIME_LIMIT,328044,0,0,31,0
4,10,3.037397e6,-6.546923093679925,-2.4548467007090164,TIME_LIMIT,328083,0,0,11,0
4,10,3.03774e6,-6.546923093679925,-2.4548467007090164,TIME_LIMIT,328108,0,0,31,0
4,10,3.038154e6,-6.546923093679925,-2.4548467007090164,TIME_LIMIT,328149,0,0,18,0
4,10,3.038501e6,-6.546923093679925,-2.4548467007090164,TIME_LIMIT,328179,0,0,34,0
4,10,3.038847e6,-6.546923093679925,-2.4548467007090164,TIME_LIMIT,328217,0,0,22,0
4,10,3.03919e6,-6.546923093679925,-2.4548467007090164,TIME_LIMIT,328250,0,0,29,0
4,10,3.039533e6,-6.546923093679925,-2.4548467007090164,TIME_LIMIT,328284,0,0,29,0
4,10,3.039878e6,-6.546923093679925,-2.4548467007090164,TIME_LIMIT,328305,0,0,11,0
4,10,3.040223e6,-6.546923093679925,-2.4548467007090164,TIME_LIMIT,328349,0,0,24,0
4,10,3.04057e6,-6.546923093679925,-2.4548467007090164,TIME_LIMIT,328389,0,0,34,0
4,10,3.040914e6,-6.546923093679925,-2.4548467007090164,TIME_LIMIT,328419,0,0,30,0
4,10,3.041258e6,-6.546923093679925,-2.4548467007090164,TIME_LIMIT,328447,0,0,37,0
4,10,3.041647e6,-6.546923093679925,-2.4548467007090164,TIME_LIMIT,328487,0,0,24,0
4,10,3.042001e6,-6.546923093679925,-2.4548467007090164,TIME_LIMIT,328509,0,0,40,0
4,10,3.042372e6,-6.546923093679925,-2.4548467007090164,TIME_LIMIT,328549,0,0,25,0
4,10,3.042716e6,-6.546923093679925,-2.4548467007090164,TIME_LIMIT,328573,0,0,22,0
4,10,3.043056e6,-6.546923093679925,-2.4548467007090164,TIME_LIMIT,328612,0,0,29,0
4,10,3.043402e6,-6.546923093679925,-2.4548467007090164,TIME_LIMIT,328634,0,0,37,0
4,10,3.043748e6,-6.546923093679925,-2.4548467007090164,TIME_LIMIT,328674,0,0,20,0
4,10,3.044092e6,-6.546923093679925,-2.4548467007090164,TIME_LIMIT,328698,0,0,14,0
4,10,3.044433e6,-6.546923093679925,-2.4548467007090164,TIME_LIMIT,328738,0,0,23,0
4,10,3.044778e6,-6.546923093679925,-2.4548467007090164,TIME_LIMIT,328763,0,0,31,0
4,10,3.04515e6,-6.546923093679925,-2.4548467007090164,TIME_LIMIT,328799,0,0,25,0
4,10,3.045511e6,-6.546923093679925,-2.4548467007090164,TIME_LIMIT,328822,0,0,27,0
4,10,3.045853e6,-6.546923093679925,-2.4548467007090164,TIME_LIMIT,328857,0,0,26,0
4,10,3.04623e6,-6.546923093679925,-2.4548467007090164,TIME_LIMIT,328893,0,0,36,0
4,10,3.046574e6,-6.546923093679925,-2.4548467007090164,TIME_LIMIT,328925,0,0,24,0
4,10,3.046918e6,-6.546923093679925,-2.4548467007090164,TIME_LIMIT,328947,0,0,34,0
4,10,3.04726e6,-6.546923093679925,-2.4548467007090164,TIME_LIMIT,328986,0,0,23,0
4,10,3.047603e6,-6.546923093679925,-2.4548467007090164,TIME_LIMIT,329007,0,0,33,0
4,10,3.047946e6,-6.546923093679925,-2.4548467007090164,TIME_LIMIT,329047,0,0,19,0
4,10,3.04829e6,-6.546923093679925,-2.4548467007090164,TIME_LIMIT,329074,0,0,34,0
4,10,3.048633e6,-6.546923093679925,-2.4548467007090164,TIME_LIMIT,329111,0,0,28,0
4,10,3.048974e6,-6.546923093679925,-2.4548467007090164,TIME_LIMIT,329138,0,0,32,0
4,10,3.049321e6,-6.546923093679925,-2.4548467007090164,TIME_LIMIT,329174,0,0,12,0
4,10,3.049665e6,-6.546923093679925,-2.4548467007090164,TIME_LIMIT,329204,0,0,30,0
4,10,3.050008e6,-6.546923093679925,-2.4548467007090164,TIME_LIMIT,329240,0,0,20,0
4,10,3.050352e6,-6.546923093679925,-2.4548467007090164,TIME_LIMIT,329266,0,0,28,0
4,10,3.050701e6,-6.546923093679925,-2.4548467007090164,TIME_LIMIT,329305,0,0,28,0
4,10,3.051046e6,-6.546923093679925,-2.4548467007090164,TIME_LIMIT,329329,0,0,36,0
4,10,3.051392e6,-6.546923093679925,-2.4548467007090164,TIME_LIMIT,329369,0,0,25,0
4,10,3.051733e6,-6.546923093679925,-2.4548467007090164,TIME_LIMIT,329393,0,0,26,0
4,10,3.052077e6,-6.546923093679925,-2.4548467007090164,TIME_LIMIT,329430,0,0,26,0
4,10,3.052422e6,-6.546923093679925,-2.4548467007090164,TIME_LIMIT,329458,0,0,30,0
4,10,3.052766e6,-6.546923093679925,-2.4548467007090164,TIME_LIMIT,329496,0,0,32,0
4,10,3.053113e6,-6.546923093679925,-2.4548467007090164,TIME_LIMIT,329515,0,0,18,0
4,10,3.053449e6,-6.546923093679925,-2.4548467007090164,TIME_LIMIT,329546,0,0,11,0
4,10,3.053791e6,-6.546923093679925,-2.4548467007090164,TIME_LIMIT,329574,0,0,14,0
4,10,3.054164e6,-6.546923093679925,-2.4548467007090164,TIME_LIMIT,329605,0,0,28,0
4,10,3.054516e6,-6.546923093679925,-2.4548467007090164,TIME_LIMIT,329629,0,0,13,0
4,10,3.054908e6,-6.546923093679925,-2.4548467007090164,TIME_LIMIT,329661,0,0,22,0
4,10,3.055249e6,-6.546923093679925,-2.4548467007090164,TIME_LIMIT,329683,0,0,29,0
4,10,3.055589e6,-6.546923093679925,-2.4548467007090164,TIME_LIMIT,329722,0,0,27,0
4,10,3.055934e6,-6.546923093679925,-2.4548467007090164,TIME_LIMIT,329748,0,0,21,0
4,10,3.056278e6,-6.546923093679925,-2.4548467007090164,TIME_LIMIT,329775,0,0,24,0
4,10,3.056622e6,-6.546923093679925,-2.4548467007090164,TIME_LIMIT,329798,0,0,30,0
4,10,3.056961e6,-6.546923093679925,-2.4548467007090164,TIME_LIMIT,329834,0,0,16,0
4,10,3.057306e6,-6.546923093679925,-2.4548467007090164,TIME_LIMIT,329863,0,0,22,0
4,10,3.057649e6,-6.546923093679925,-2.4548467007090164,TIME_LIMIT,329892,0,0,33,0
4,10,3.057995e6,-6.546923093679925,-2.4548467007090164,TIME_LIMIT,329916,0,0,32,0
4,10,3.05834e6,-6.546923093679925,-2.4548467007090164,TIME_LIMIT,329946,0,0,23,0
4,10,3.058682e6,-6.546923093679925,-2.4548467007090164,TIME_LIMIT,329970,0,0,27,0
4,10,3.059023e6,-6.546923093679925,-2.4548467007090164,TIME_LIMIT,330003,0,0,20,0
4,10,3.059367e6,-6.546923093679925,-2.4548467007090164,TIME_LIMIT,330033,0,0,28,0
4,10,3.059711e6,-6.546923093679925,-2.4548467007090164,TIME_LIMIT,330061,0,0,15,0
4,10,3.060059e6,-6.546923093679925,-2.4548467007090164,TIME_LIMIT,330081,0,0,35,0
4,10,3.060398e6,-6.546923093679925,-2.4548467007090164,TIME_LIMIT,330111,0,0,22,0
4,10,3.060737e6,-6.546923093679925,-2.4548467007090164,TIME_LIMIT,330128,0,0,31,0
4,10,3.06108e6,-6.546855345546813,-2.4548467007090164,TIME_LIMIT,330163,0,0,24,0
4,10,3.061422e6,-6.546855345546813,-2.4548467007090164,TIME_LIMIT,330185,0,0,27,0
4,10,3.061764e6,-6.546855345546813,-2.4548467007090164,TIME_LIMIT,330220,0,0,18,0
4,10,3.062108e6,-6.546855345546813,-2.4548467007090164,TIME_LIMIT,330241,0,0,20,0
4,10,3.062453e6,-6.546855345546813,-2.4548467007090164,TIME_LIMIT,330276,0,0,22,0
4,10,3.062796e6,-6.546855345546813,-2.4548467007090164,TIME_LIMIT,330305,0,0,29,0
4,10,3.063217e6,-6.546830682889901,-2.4548467007090164,TIME_LIMIT,330337,0,0,25,0
4,10,3.063586e6,-6.546830682889901,-2.4548467007090164,TIME_LIMIT,330363,0,0,35,0
4,10,3.063944e6,-6.546830682889901,-2.4548467007090164,TIME_LIMIT,330401,0,0,22,0
4,10,3.064287e6,-6.546830682889901,-2.4548467007090164,TIME_LIMIT,330425,0,0,42,0
4,10,3.064632e6,-6.546830682889901,-2.4548467007090164,TIME_LIMIT,330466,0,0,22,0
4,10,3.064975e6,-6.546830682889901,-2.4548467007090164,TIME_LIMIT,330494,0,0,34,0
4,10,3.065319e6,-6.546830682889901,-2.4548467007090164,TIME_LIMIT,330534,0,0,24,0
4,10,3.06567e6,-6.546830682889901,-2.4548467007090164,TIME_LIMIT,330564,0,0,31,0
4,10,3.066039e6,-6.54674205790234,-2.4548467007090164,TIME_LIMIT,330601,0,0,22,0
4,10,3.066385e6,-6.54674205790234,-2.4548467007090164,TIME_LIMIT,330627,0,0,19,0
4,10,3.066729e6,-6.546691424338267,-2.4548467007090164,TIME_LIMIT,330656,0,0,25,0
4,10,3.067075e6,-6.546691424338267,-2.4548467007090164,TIME_LIMIT,330678,0,0,30,0
4,10,3.067418e6,-6.546691424338267,-2.4548467007090164,TIME_LIMIT,330716,0,0,21,0
4,10,3.067757e6,-6.546691424338267,-2.4548467007090164,TIME_LIMIT,330739,0,0,23,0
4,10,3.068099e6,-6.546691424338267,-2.4548467007090164,TIME_LIMIT,330778,0,0,23,0
4,10,3.068449e6,-6.546691424338267,-2.4548467007090164,TIME_LIMIT,330807,0,0,24,0
4,10,3.06879e6,-6.546691424338267,-2.4548467007090164,TIME_LIMIT,330839,0,0,21,0
4,10,3.069129e6,-6.546691424338267,-2.4548467007090164,TIME_LIMIT,330863,0,0,23,0
4,10,3.069468e6,-6.546691424338267,-2.4548467007090164,TIME_LIMIT,330901,0,0,18,0
4,10,3.069807e6,-6.546691424338267,-2.4548467007090164,TIME_LIMIT,330929,0,0,8,0
4,10,3.070153e6,-6.546691424338267,-2.4548467007090164,TIME_LIMIT,330962,0,0,16,0
4,10,3.070531e6,-6.546691424338267,-2.4548467007090164,TIME_LIMIT,330992,0,0,26,0
4,10,3.070905e6,-6.546691424338267,-2.4548467007090164,TIME_LIMIT,331023,0,0,23,0
4,10,3.071243e6,-6.546691424338267,-2.4548467007090164,TIME_LIMIT,331048,0,0,31,0
4,10,3.07158e6,-6.546691424338267,-2.4548467007090164,TIME_LIMIT,331084,0,0,21,0
4,10,3.071959e6,-6.546691424338267,-2.4548467007090164,TIME_LIMIT,331106,0,0,25,0
4,10,3.072295e6,-6.546691424338267,-2.4548467007090164,TIME_LIMIT,331143,0,0,22,0
4,10,3.07264e6,-6.546691424338267,-2.4548467007090164,TIME_LIMIT,331165,0,0,20,0
4,10,3.072976e6,-6.546634956326563,-2.4548467007090164,TIME_LIMIT,331201,0,0,19,0
4,10,3.073322e6,-6.546634956326563,-2.4548467007090164,TIME_LIMIT,331225,0,0,34,0
4,10,3.0737e6,-6.546634956326563,-2.4548467007090164,TIME_LIMIT,331261,0,0,14,0
4,10,3.074035e6,-6.546634956326563,-2.4548467007090164,TIME_LIMIT,331286,0,0,37,0
4,10,3.074383e6,-6.546634956326563,-2.4548467007090164,TIME_LIMIT,331320,0,0,15,0
4,10,3.07475e6,-6.546634956326563,-2.4548467007090164,TIME_LIMIT,331343,0,0,32,0
4,10,3.075095e6,-6.546634956326563,-2.4548467007090164,TIME_LIMIT,331377,0,0,22,0
4,10,3.075465e6,-6.546634956326563,-2.4548467007090164,TIME_LIMIT,331397,0,0,28,0
4,10,3.075802e6,-6.546634956326563,-2.4548467007090164,TIME_LIMIT,331429,0,0,22,0
4,10,3.07615e6,-6.546634956326563,-2.4548467007090164,TIME_LIMIT,331451,0,0,29,0
4,10,3.076514e6,-6.5463531269778965,-2.4548467007090164,TIME_LIMIT,331480,0,0,23,0
4,10,3.076857e6,-6.5463531269778965,-2.4548467007090164,TIME_LIMIT,331512,0,0,25,0
4,10,3.077226e6,-6.546241514518625,-2.4548467007090164,TIME_LIMIT,331549,0,0,25,0
4,10,3.077566e6,-6.546241514518625,-2.4548467007090164,TIME_LIMIT,331574,0,0,39,0
4,10,3.077902e6,-6.546195014316375,-2.4548467007090164,TIME_LIMIT,331618,0,0,27,0
4,10,3.07824e6,-6.546195014316375,-2.4548467007090164,TIME_LIMIT,331653,0,0,29,0
4,10,3.078577e6,-6.546195014316375,-2.4548467007090164,TIME_LIMIT,331691,0,0,30,0
4,10,3.078917e6,-6.546195014316375,-2.4548467007090164,TIME_LIMIT,331712,0,0,27,0
4,10,3.079253e6,-6.546195014316375,-2.4548467007090164,TIME_LIMIT,331754,0,0,28,0
4,10,3.079586e6,-6.546195014316375,-2.4548467007090164,TIME_LIMIT,331785,0,0,37,0
4,10,3.079926e6,-6.546095460067799,-2.4548467007090164,TIME_LIMIT,331824,0,0,15,0
4,10,3.080262e6,-6.546095460067799,-2.4548467007090164,TIME_LIMIT,331855,0,0,30,0
4,10,3.080641e6,-6.54605347119142,-2.4548467007090164,TIME_LIMIT,331893,0,0,26,0
4,10,3.080997e6,-6.54605347119142,-2.4548467007090164,TIME_LIMIT,331917,0,0,31,0
4,10,3.081334e6,-6.54605347119142,-2.4548467007090164,TIME_LIMIT,331962,0,0,23,0
4,10,3.081669e6,-6.54605347119142,-2.4548467007090164,TIME_LIMIT,331986,0,0,32,0
4,10,3.082002e6,-6.54605347119142,-2.4548467007090164,TIME_LIMIT,332027,0,0,25,0
4,10,3.082335e6,-6.54605347119142,-2.4548467007090164,TIME_LIMIT,332054,0,0,20,0
4,10,3.082671e6,-6.545906223949348,-2.4548467007090164,TIME_LIMIT,332097,0,0,16,0
4,10,3.083003e6,-6.545906223949348,-2.4548467007090164,TIME_LIMIT,332125,0,0,17,0
4,10,3.083347e6,-6.545725905748403,-2.4548467007090164,TIME_LIMIT,332153,0,0,29,0
4,10,3.083718e6,-6.545725905748403,-2.4548467007090164,TIME_LIMIT,332180,0,0,35,0
4,10,3.084083e6,-6.545725905748403,-2.4548467007090164,TIME_LIMIT,332229,0,0,29,0
4,10,3.084447e6,-6.545725905748403,-2.4548467007090164,TIME_LIMIT,332253,0,0,38,0
4,10,3.084777e6,-6.545725905748403,-2.4548467007090164,TIME_LIMIT,332295,0,0,24,0
4,10,3.085111e6,-6.545725905748403,-2.4548467007090164,TIME_LIMIT,332320,0,0,37,0
4,10,3.085442e6,-6.545725905748403,-2.4548467007090164,TIME_LIMIT,332369,0,0,16,0
4,10,3.085772e6,-6.545725905748403,-2.4548467007090164,TIME_LIMIT,332402,0,0,29,0
4,10,3.086112e6,-6.545725905748403,-2.4548467007090164,TIME_LIMIT,332449,0,0,14,0
4,10,3.086471e6,-6.545725905748403,-2.4548467007090164,TIME_LIMIT,332488,0,0,30,0
4,10,3.086804e6,-6.545725905748403,-2.4548467007090164,TIME_LIMIT,332530,0,0,33,0
4,10,3.087166e6,-6.545725905748403,-2.4548467007090164,TIME_LIMIT,332559,0,0,33,0
4,10,3.087498e6,-6.545725905748403,-2.4548467007090164,TIME_LIMIT,332603,0,0,25,0
4,10,3.08788e6,-6.545725905748403,-2.4548467007090164,TIME_LIMIT,332629,0,0,33,0
4,10,3.08821e6,-6.545725905748403,-2.4548467007090164,TIME_LIMIT,332668,0,0,25,0
4,10,3.088539e6,-6.545725905748403,-2.4548467007090164,TIME_LIMIT,332696,0,0,35,0
4,10,3.088872e6,-6.545725905748403,-2.4548467007090164,TIME_LIMIT,332734,0,0,25,0
4,10,3.089199e6,-6.545725905748403,-2.4548467007090164,TIME_LIMIT,332761,0,0,16,0
4,10,3.089568e6,-6.545725905748403,-2.4548467007090164,TIME_LIMIT,332802,0,0,27,0
4,10,3.089899e6,-6.545725905748403,-2.4548467007090164,TIME_LIMIT,332829,0,0,28,0
4,10,3.090231e6,-6.545725905748403,-2.4548467007090164,TIME_LIMIT,332873,0,0,27,0
4,10,3.090601e6,-6.545725905748403,-2.4548467007090164,TIME_LIMIT,332906,0,0,31,0
4,10,3.090929e6,-6.545725905748403,-2.4548467007090164,TIME_LIMIT,332945,0,0,29,0
4,10,3.091264e6,-6.545725905748403,-2.4548467007090164,TIME_LIMIT,332980,0,0,27,0
4,10,3.0916e6,-6.545725905748403,-2.4548467007090164,TIME_LIMIT,333012,0,0,25,0
4,10,3.091936e6,-6.545725905748403,-2.4548467007090164,TIME_LIMIT,333041,0,0,32,0
4,10,3.092262e6,-6.545725905748403,-2.4548467007090164,TIME_LIMIT,333080,0,0,24,0
4,10,3.092595e6,-6.545725905748403,-2.4548467007090164,TIME_LIMIT,333108,0,0,27,0
4,10,3.092924e6,-6.545725905748403,-2.4548467007090164,TIME_LIMIT,333142,0,0,25,0
4,10,3.093264e6,-6.545725905748403,-2.4548467007090164,TIME_LIMIT,333170,0,0,36,0
4,10,3.093597e6,-6.545725905748403,-2.4548467007090164,TIME_LIMIT,333208,0,0,14,0
4,10,3.093935e6,-6.545725905748403,-2.4548467007090164,TIME_LIMIT,333235,0,0,30,0
4,10,3.094269e6,-6.545725905748403,-2.4548467007090164,TIME_LIMIT,333269,0,0,23,0
4,10,3.094604e6,-6.545725905748403,-2.4548467007090164,TIME_LIMIT,333299,0,0,25,0
4,10,3.094939e6,-6.545725905748403,-2.4548467007090164,TIME_LIMIT,333336,0,0,13,0
4,10,3.095279e6,-6.545725905748403,-2.4548467007090164,TIME_LIMIT,333365,0,0,26,0
4,10,3.095611e6,-6.545725905748403,-2.4548467007090164,TIME_LIMIT,333396,0,0,26,0
4,10,3.095948e6,-6.545725905748403,-2.4548467007090164,TIME_LIMIT,333416,0,0,29,0
4,10,3.096285e6,-6.545475761223602,-2.4548467007090164,TIME_LIMIT,333453,0,0,18,0
4,10,3.096626e6,-6.545475761223602,-2.4548467007090164,TIME_LIMIT,333477,0,0,30,0
4,10,3.096991e6,-6.545463580904649,-2.4548467007090164,TIME_LIMIT,333517,0,0,21,0
4,10,3.097333e6,-6.545463580904649,-2.4548467007090164,TIME_LIMIT,333546,0,0,38,0
4,10,3.097672e6,-6.545463580904649,-2.4548467007090164,TIME_LIMIT,333584,0,0,27,0
4,10,3.098012e6,-6.545463580904649,-2.4548467007090164,TIME_LIMIT,333612,0,0,31,0
4,10,3.098421e6,-6.545463580904649,-2.4548467007090164,TIME_LIMIT,333654,0,0,26,0
4,10,3.098759e6,-6.545463580904649,-2.4548467007090164,TIME_LIMIT,333679,0,0,30,0
4,10,3.099096e6,-6.545463580904649,-2.4548467007090164,TIME_LIMIT,333726,0,0,27,0
4,10,3.099429e6,-6.545463580904649,-2.4548467007090164,TIME_LIMIT,333753,0,0,33,0
4,10,3.099764e6,-6.545463580904649,-2.4548467007090164,TIME_LIMIT,333797,0,0,21,0
4,10,3.100099e6,-6.545463580904649,-2.4548467007090164,TIME_LIMIT,333820,0,0,28,0
4,10,3.10044e6,-6.545463580904649,-2.4548467007090164,TIME_LIMIT,333861,0,0,21,0
4,10,3.100781e6,-6.545463580904649,-2.4548467007090164,TIME_LIMIT,333879,0,0,32,0
4,10,3.101116e6,-6.545463580904649,-2.4548467007090164,TIME_LIMIT,333921,0,0,22,0
4,10,3.101459e6,-6.545463580904649,-2.4548467007090164,TIME_LIMIT,333953,0,0,30,0
4,10,3.1018e6,-6.545463580904649,-2.4548467007090164,TIME_LIMIT,333997,0,0,28,0
4,10,3.10214e6,-6.545463580904649,-2.4548467007090164,TIME_LIMIT,334017,0,0,27,0
4,10,3.102479e6,-6.545463580904649,-2.4548467007090164,TIME_LIMIT,334056,0,0,21,0
4,10,3.102813e6,-6.545463580904649,-2.4548467007090164,TIME_LIMIT,334080,0,0,24,0
4,10,3.103154e6,-6.545439218885711,-2.4548467007090164,TIME_LIMIT,334117,0,0,18,0
4,10,3.1035e6,-6.545439218885711,-2.4548467007090164,TIME_LIMIT,334148,0,0,33,0
4,10,3.103871e6,-6.545439218885711,-2.4548467007090164,TIME_LIMIT,334191,0,0,25,0
4,10,3.104238e6,-6.545439218885711,-2.4548467007090164,TIME_LIMIT,334224,0,0,38,0
4,10,3.104593e6,-6.545439218885711,-2.4548467007090164,TIME_LIMIT,334277,0,0,12,0
4,10,3.104927e6,-6.545439218885711,-2.4548467007090164,TIME_LIMIT,334304,0,0,31,0
4,10,3.105256e6,-6.545439218885711,-2.4548467007090164,TIME_LIMIT,334346,0,0,22,0
4,10,3.10559e6,-6.545439218885711,-2.4548467007090164,TIME_LIMIT,334376,0,0,33,0
4,10,3.105907e6,-6.545439218885711,-2.4548467007090164,TIME_LIMIT,334415,0,0,28,0
4,10,3.106234e6,-6.545439218885711,-2.4548467007090164,TIME_LIMIT,334444,0,0,23,0
4,10,3.106558e6,-6.545439218885711,-2.4548467007090164,TIME_LIMIT,334490,0,0,26,0
4,10,3.106884e6,-6.545439218885711,-2.4548467007090164,TIME_LIMIT,334521,0,0,27,0
4,10,3.107245e6,-6.545439218885711,-2.4548467007090164,TIME_LIMIT,334561,0,0,24,0
4,10,3.107577e6,-6.545439218885711,-2.4548467007090164,TIME_LIMIT,334588,0,0,27,0
4,10,3.107902e6,-6.545439218885711,-2.4548467007090164,TIME_LIMIT,334627,0,0,25,0
4,10,3.108233e6,-6.545439218885711,-2.4548467007090164,TIME_LIMIT,334660,0,0,27,0
4,10,3.108569e6,-6.545439218885711,-2.4548467007090164,TIME_LIMIT,334695,0,0,22,0
4,10,3.108935e6,-6.545439218885711,-2.4548467007090164,TIME_LIMIT,334720,0,0,20,0
4,10,3.109267e6,-6.545439218885711,-2.4548467007090164,TIME_LIMIT,334754,0,0,21,0
4,10,3.109592e6,-6.545439218885711,-2.4548467007090164,TIME_LIMIT,334788,0,0,25,0
4,10,3.109914e6,-6.545439218885711,-2.4548467007090164,TIME_LIMIT,334822,0,0,30,0
4,10,3.110241e6,-6.545439218885711,-2.4548467007090164,TIME_LIMIT,334853,0,0,32,0
4,10,3.110571e6,-6.545439218885711,-2.4548467007090164,TIME_LIMIT,334896,0,0,9,0
4,10,3.110903e6,-6.545439218885711,-2.4548467007090164,TIME_LIMIT,334929,0,0,24,0
4,10,3.11124e6,-6.545365597074825,-2.4548467007090164,TIME_LIMIT,334957,0,0,22,0
4,10,3.111579e6,-6.545365597074825,-2.4548467007090164,TIME_LIMIT,334978,0,0,15,0
4,10,3.111913e6,-6.545365467074459,-2.4548467007090164,TIME_LIMIT,335021,0,0,28,0
4,10,3.112245e6,-6.545365467074459,-2.4548467007090164,TIME_LIMIT,335046,0,0,28,0
4,10,3.112588e6,-6.545272917200329,-2.4548467007090164,TIME_LIMIT,335095,0,0,24,0
4,10,3.112926e6,-6.545272917200329,-2.4548467007090164,TIME_LIMIT,335119,0,0,26,0
4,10,3.113268e6,-6.545272917200329,-2.4548467007090164,TIME_LIMIT,335159,0,0,24,0
4,10,3.113599e6,-6.545272917200329,-2.4548467007090164,TIME_LIMIT,335182,0,0,26,0
4,10,3.113926e6,-6.545272917200329,-2.4548467007090164,TIME_LIMIT,335224,0,0,22,0
4,10,3.114246e6,-6.545272917200329,-2.4548467007090164,TIME_LIMIT,335250,0,0,26,0
4,10,3.114571e6,-6.545272917200329,-2.4548467007090164,TIME_LIMIT,335292,0,0,12,0
4,10,3.114898e6,-6.545272917200329,-2.4548467007090164,TIME_LIMIT,335322,0,0,28,0
4,10,3.115238e6,-6.545272917200329,-2.4548467007090164,TIME_LIMIT,335364,0,0,28,0
4,10,3.115581e6,-6.545272917200329,-2.4548467007090164,TIME_LIMIT,335388,0,0,30,0
4,10,3.115913e6,-6.545088010716375,-2.4548467007090164,TIME_LIMIT,335422,0,0,25,0
4,10,3.116293e6,-6.545088010716375,-2.4548467007090164,TIME_LIMIT,335443,0,0,32,0
4,10,3.116623e6,-6.545028170246617,-2.4548467007090164,TIME_LIMIT,335481,0,0,24,0
4,10,3.116954e6,-6.545028170246617,-2.4548467007090164,TIME_LIMIT,335508,0,0,25,0
4,10,3.117282e6,-6.544972692181535,-2.4548467007090164,TIME_LIMIT,335539,0,0,15,0
4,10,3.117612e6,-6.544972692181535,-2.4548467007090164,TIME_LIMIT,335574,0,0,20,0
4,10,3.117939e6,-6.544965565326425,-2.4548467007090164,TIME_LIMIT,335618,0,0,26,0
4,10,3.118262e6,-6.544965565326425,-2.4548467007090164,TIME_LIMIT,335637,0,0,31,0
4,10,3.118579e6,-6.544965565326425,-2.4548467007090164,TIME_LIMIT,335685,0,0,32,0
4,10,3.1189e6,-6.544965565326425,-2.4548467007090164,TIME_LIMIT,335708,0,0,32,0
4,10,3.119215e6,-6.544912925653038,-2.4548467007090164,TIME_LIMIT,335746,0,0,25,0
4,10,3.119556e6,-6.544912925653038,-2.4548467007090164,TIME_LIMIT,335770,0,0,39,0
4,10,3.119888e6,-6.544869803786138,-2.4548467007090164,TIME_LIMIT,335806,0,0,23,0
4,10,3.120205e6,-6.544869803786138,-2.4548467007090164,TIME_LIMIT,335841,0,0,39,0
4,10,3.120526e6,-6.544869803786138,-2.4548467007090164,TIME_LIMIT,335890,0,0,27,0
4,10,3.120843e6,-6.544869803786138,-2.4548467007090164,TIME_LIMIT,335916,0,0,39,0
4,10,3.121165e6,-6.544869803786138,-2.4548467007090164,TIME_LIMIT,335963,0,0,14,0
4,10,3.121493e6,-6.544869803786138,-2.4548467007090164,TIME_LIMIT,335991,0,0,33,0
4,10,3.121815e6,-6.544869803786138,-2.4548467007090164,TIME_LIMIT,336044,0,0,21,0
4,10,3.122119e6,-6.544869803786138,-2.4548467007090164,TIME_LIMIT,336068,0,0,39,0
4,10,3.122427e6,-6.544869803786138,-2.4548467007090164,TIME_LIMIT,336111,0,0,24,0
4,10,3.122767e6,-6.544869803786138,-2.4548467007090164,TIME_LIMIT,336138,0,0,43,0
4,10,3.123094e6,-6.544539026895373,-2.4548467007090164,TIME_LIMIT,336188,0,0,24,0
4,10,3.123399e6,-6.544539026895373,-2.4548467007090164,TIME_LIMIT,336206,0,0,30,0
4,10,3.123706e6,-6.544539026895373,-2.4548467007090164,TIME_LIMIT,336243,0,0,22,0
4,10,3.124018e6,-6.544539026895373,-2.4548467007090164,TIME_LIMIT,336265,0,0,29,0
4,10,3.124323e6,-6.544539026895373,-2.4548467007090164,TIME_LIMIT,336296,0,0,21,0
4,10,3.124663e6,-6.544539026895373,-2.4548467007090164,TIME_LIMIT,336322,0,0,26,0
4,10,3.125042e6,-6.544444073197511,-2.4548467007090164,TIME_LIMIT,336354,0,0,25,0
4,10,3.125379e6,-6.544444073197511,-2.4548467007090164,TIME_LIMIT,336383,0,0,23,0
4,10,3.125718e6,-6.544444073197511,-2.4548467007090164,TIME_LIMIT,336413,0,0,24,0
4,10,3.126046e6,-6.544444073197511,-2.4548467007090164,TIME_LIMIT,336440,0,0,25,0
4,10,3.126417e6,-6.544252215970989,-2.4548467007090164,TIME_LIMIT,336476,0,0,22,0
4,10,3.126835e6,-6.544252215970989,-2.4548467007090164,TIME_LIMIT,336498,0,0,29,0
4,10,3.127234e6,-6.544004202816106,-2.4548467007090164,TIME_LIMIT,336536,0,0,23,0
4,10,3.127591e6,-6.544004202816106,-2.4548467007090164,TIME_LIMIT,336559,0,0,33,0
4,10,3.127923e6,-6.544004202816106,-2.4548467007090164,TIME_LIMIT,336594,0,0,23,0
4,10,3.128257e6,-6.544004202816106,-2.4548467007090164,TIME_LIMIT,336612,0,0,30,0
4,10,3.128584e6,-6.544004202816106,-2.4548467007090164,TIME_LIMIT,336653,0,0,25,0
4,10,3.128912e6,-6.544004202816106,-2.4548467007090164,TIME_LIMIT,336670,0,0,28,0
4,10,3.129246e6,-6.544004202816106,-2.4548467007090164,TIME_LIMIT,336704,0,0,22,0
4,10,3.129593e6,-6.544004202816106,-2.4548467007090164,TIME_LIMIT,336726,0,0,28,0
4,10,3.129935e6,-6.544004202816106,-2.4548467007090164,TIME_LIMIT,336761,0,0,25,0
4,10,3.130323e6,-6.544004202816106,-2.4548467007090164,TIME_LIMIT,336783,0,0,21,0
4,10,3.130659e6,-6.544004202816106,-2.4548467007090164,TIME_LIMIT,336822,0,0,15,0
4,10,3.130995e6,-6.544004202816106,-2.4548467007090164,TIME_LIMIT,336845,0,0,27,0
4,10,3.131338e6,-6.544004202816106,-2.4548467007090164,TIME_LIMIT,336872,0,0,16,0
4,10,3.131673e6,-6.544004202816106,-2.4548467007090164,TIME_LIMIT,336897,0,0,27,0
4,10,3.132009e6,-6.544004202816106,-2.4548467007090164,TIME_LIMIT,336929,0,0,22,0
4,10,3.132341e6,-6.544004202816106,-2.4548467007090164,TIME_LIMIT,336951,0,0,30,0
4,10,3.132695e6,-6.544004202816106,-2.4548467007090164,TIME_LIMIT,336987,0,0,23,0
4,10,3.133045e6,-6.544004202816106,-2.4548467007090164,TIME_LIMIT,337007,0,0,9,0
4,10,3.133395e6,-6.543914417421949,-2.4548467007090164,TIME_LIMIT,337037,0,0,24,0
4,10,3.133743e6,-6.543914417421949,-2.4548467007090164,TIME_LIMIT,337068,0,0,34,0
4,10,3.134093e6,-6.543749113241654,-2.4548467007090164,TIME_LIMIT,337109,0,0,23,0
4,10,3.134439e6,-6.543749113241654,-2.4548467007090164,TIME_LIMIT,337134,0,0,36,0
4,10,3.134825e6,-6.543181026922801,-2.4548467007090164,TIME_LIMIT,337174,0,0,22,0
4,10,3.135171e6,-6.543181026922801,-2.4548467007090164,TIME_LIMIT,337207,0,0,25,0
4,10,3.135516e6,-6.543181026922801,-2.4548467007090164,TIME_LIMIT,337245,0,0,24,0
4,10,3.135856e6,-6.543181026922801,-2.4548467007090164,TIME_LIMIT,337267,0,0,28,0
4,10,3.136197e6,-6.543181026922801,-2.4548467007090164,TIME_LIMIT,337307,0,0,27,0
4,10,3.136531e6,-6.543181026922801,-2.4548467007090164,TIME_LIMIT,337334,0,0,25,0
4,10,3.136864e6,-6.543181026922801,-2.4548467007090164,TIME_LIMIT,337371,0,0,21,0
4,10,3.137201e6,-6.543181026922801,-2.4548467007090164,TIME_LIMIT,337396,0,0,25,0
4,10,3.137558e6,-6.543181026922801,-2.4548467007090164,TIME_LIMIT,337438,0,0,22,0
4,10,3.137889e6,-6.543181026922801,-2.4548467007090164,TIME_LIMIT,337468,0,0,26,0
4,10,3.138215e6,-6.543181026922801,-2.4548467007090164,TIME_LIMIT,337507,0,0,26,0
4,10,3.138546e6,-6.543181026922801,-2.4548467007090164,TIME_LIMIT,337534,0,0,15,0
4,10,3.138876e6,-6.543102750078596,-2.4548467007090164,TIME_LIMIT,337573,0,0,21,0
4,10,3.139201e6,-6.543102750078596,-2.4548467007090164,TIME_LIMIT,337597,0,0,28,0
4,10,3.13953e6,-6.543102750078596,-2.4548467007090164,TIME_LIMIT,337639,0,0,23,0
4,10,3.139853e6,-6.543102750078596,-2.4548467007090164,TIME_LIMIT,337660,0,0,21,0
4,10,3.140179e6,-6.542939924409806,-2.4548467007090164,TIME_LIMIT,337700,0,0,23,0
4,10,3.140503e6,-6.542939924409806,-2.4548467007090164,TIME_LIMIT,337721,0,0,17,0
4,10,3.140829e6,-6.542939924409806,-2.4548467007090164,TIME_LIMIT,337755,0,0,24,0
4,10,3.141156e6,-6.542939924409806,-2.4548467007090164,TIME_LIMIT,337781,0,0,29,0
4,10,3.141504e6,-6.542939924409806,-2.4548467007090164,TIME_LIMIT,337807,0,0,27,0
4,10,3.141831e6,-6.542939924409806,-2.4548467007090164,TIME_LIMIT,337830,0,0,30,0
4,10,3.14216e6,-6.542939924409806,-2.4548467007090164,TIME_LIMIT,337864,0,0,21,0
4,10,3.142479e6,-6.542939924409806,-2.4548467007090164,TIME_LIMIT,337889,0,0,37,0
4,10,3.142808e6,-6.542939924409806,-2.4548467007090164,TIME_LIMIT,337921,0,0,21,0
4,10,3.143141e6,-6.542939924409806,-2.4548467007090164,TIME_LIMIT,337942,0,0,28,0
4,10,3.14347e6,-6.542939924409806,-2.4548467007090164,TIME_LIMIT,337975,0,0,12,0
4,10,3.143826e6,-6.542939924409806,-2.4548467007090164,TIME_LIMIT,338002,0,0,23,0
4,10,3.144198e6,-6.542912664449812,-2.4548467007090164,TIME_LIMIT,338029,0,0,28,0
4,10,3.14453e6,-6.542912664449812,-2.4548467007090164,TIME_LIMIT,338067,0,0,25,0
4,10,3.144869e6,-6.542912664449812,-2.4548467007090164,TIME_LIMIT,338097,0,0,27,0
4,10,3.145233e6,-6.542912664449812,-2.4548467007090164,TIME_LIMIT,338123,0,0,28,0
4,10,3.145572e6,-6.542912664449812,-2.4548467007090164,TIME_LIMIT,338164,0,0,23,0
4,10,3.145918e6,-6.542912664449812,-2.4548467007090164,TIME_LIMIT,338196,0,0,24,0
4,10,3.146289e6,-6.542912664449812,-2.4548467007090164,TIME_LIMIT,338239,0,0,26,0
4,10,3.146633e6,-6.542912664449812,-2.4548467007090164,TIME_LIMIT,338276,0,0,13,0
4,10,3.146975e6,-6.542912664449812,-2.4548467007090164,TIME_LIMIT,338311,0,0,27,0
4,10,3.147333e6,-6.542912664449812,-2.4548467007090164,TIME_LIMIT,338344,0,0,30,0
4,10,3.147703e6,-6.542912664449812,-2.4548467007090164,TIME_LIMIT,338377,0,0,30,0
4,10,3.148049e6,-6.542912664449812,-2.4548467007090164,TIME_LIMIT,338401,0,0,28,0
4,10,3.148393e6,-6.542912664449812,-2.4548467007090164,TIME_LIMIT,338436,0,0,22,0
4,10,3.148764e6,-6.542912664449812,-2.4548467007090164,TIME_LIMIT,338460,0,0,30,0
4,10,3.149099e6,-6.542912664449812,-2.4548467007090164,TIME_LIMIT,338494,0,0,13,0
4,10,3.149434e6,-6.542912664449812,-2.4548467007090164,TIME_LIMIT,338519,0,0,30,0
4,10,3.149772e6,-6.542912664449812,-2.4548467007090164,TIME_LIMIT,338557,0,0,23,0
4,10,3.15014e6,-6.542912664449812,-2.4548467007090164,TIME_LIMIT,338587,0,0,25,0
4,10,3.150471e6,-6.542912664449812,-2.4548467007090164,TIME_LIMIT,338629,0,0,26,0
4,10,3.150809e6,-6.542912664449812,-2.4548467007090164,TIME_LIMIT,338650,0,0,16,0
4,10,3.151142e6,-6.542912664449812,-2.4548467007090164,TIME_LIMIT,338688,0,0,24,0
4,10,3.151481e6,-6.542912664449812,-2.4548467007090164,TIME_LIMIT,338708,0,0,17,0
4,10,3.151814e6,-6.542912664449812,-2.4548467007090164,TIME_LIMIT,338749,0,0,23,0
4,10,3.152163e6,-6.542912664449812,-2.4548467007090164,TIME_LIMIT,338781,0,0,27,0
4,10,3.152489e6,-6.542912664449812,-2.4548467007090164,TIME_LIMIT,338816,0,0,30,0
4,10,3.152824e6,-6.542912664449812,-2.4548467007090164,TIME_LIMIT,338842,0,0,22,0
4,10,3.153158e6,-6.5428303084100214,-2.4548467007090164,TIME_LIMIT,338879,0,0,16,0
4,10,3.153504e6,-6.5428303084100214,-2.4548467007090164,TIME_LIMIT,338907,0,0,40,0
4,10,3.153842e6,-6.542820323145045,-2.4548467007090164,TIME_LIMIT,338953,0,0,26,0
4,10,3.154212e6,-6.542820323145045,-2.4548467007090164,TIME_LIMIT,338976,0,0,24,0
4,10,3.154544e6,-6.542820323145045,-2.4548467007090164,TIME_LIMIT,339015,0,0,14,0
4,10,3.154883e6,-6.542820323145045,-2.4548467007090164,TIME_LIMIT,339038,0,0,30,0
4,10,3.155218e6,-6.542820323145045,-2.4548467007090164,TIME_LIMIT,339077,0,0,24,0
4,10,3.155554e6,-6.542820323145045,-2.4548467007090164,TIME_LIMIT,339102,0,0,28,0
4,10,3.155893e6,-6.542820323145045,-2.4548467007090164,TIME_LIMIT,339142,0,0,21,0
4,10,3.156226e6,-6.542820323145045,-2.4548467007090164,TIME_LIMIT,339171,0,0,29,0
4,10,3.156567e6,-6.542820323145045,-2.4548467007090164,TIME_LIMIT,339206,0,0,23,0
4,10,3.156901e6,-6.542820323145045,-2.4548467007090164,TIME_LIMIT,339226,0,0,28,0
4,10,3.157238e6,-6.542710217479732,-2.4548467007090164,TIME_LIMIT,339259,0,0,24,0
4,10,3.157574e6,-6.542710217479732,-2.4548467007090164,TIME_LIMIT,339292,0,0,27,0
4,10,3.157914e6,-6.5426364292728465,-2.4548467007090164,TIME_LIMIT,339330,0,0,13,0
4,10,3.15828e6,-6.5426364292728465,-2.4548467007090164,TIME_LIMIT,339358,0,0,25,0
4,10,3.158627e6,-6.542617641071857,-2.4548467007090164,TIME_LIMIT,339395,0,0,23,0
4,10,3.158958e6,-6.542617641071857,-2.4548467007090164,TIME_LIMIT,339417,0,0,25,0
4,10,3.15929e6,-6.542617641071857,-2.4548467007090164,TIME_LIMIT,339461,0,0,25,0
4,10,3.159624e6,-6.542617641071857,-2.4548467007090164,TIME_LIMIT,339488,0,0,30,0
4,10,3.159961e6,-6.542617641071857,-2.4548467007090164,TIME_LIMIT,339526,0,0,22,0
4,10,3.160295e6,-6.542617641071857,-2.4548467007090164,TIME_LIMIT,339548,0,0,22,0
4,10,3.160628e6,-6.542517428045947,-2.4548467007090164,TIME_LIMIT,339587,0,0,23,0
4,10,3.160966e6,-6.542517428045947,-2.4548467007090164,TIME_LIMIT,339618,0,0,32,0
4,10,3.161306e6,-6.542517428045947,-2.4548467007090164,TIME_LIMIT,339668,0,0,29,0
4,10,3.161649e6,-6.542517428045947,-2.4548467007090164,TIME_LIMIT,339700,0,0,17,0
4,10,3.162022e6,-6.542517428045947,-2.4548467007090164,TIME_LIMIT,339747,0,0,25,0
4,10,3.162409e6,-6.542517428045947,-2.4548467007090164,TIME_LIMIT,339783,0,0,7,0
4,10,3.162749e6,-6.542517428045947,-2.4548467007090164,TIME_LIMIT,339811,0,0,33,0
4,10,3.163093e6,-6.542517428045947,-2.4548467007090164,TIME_LIMIT,339839,0,0,38,0
4,10,3.163435e6,-6.542517428045947,-2.4548467007090164,TIME_LIMIT,339875,0,0,10,0
4,10,3.163783e6,-6.542517428045947,-2.4548467007090164,TIME_LIMIT,339911,0,0,29,0
4,10,3.164166e6,-6.542517428045947,-2.4548467007090164,TIME_LIMIT,339944,0,0,27,0
4,10,3.164513e6,-6.542517428045947,-2.4548467007090164,TIME_LIMIT,339971,0,0,35,0
4,10,3.164853e6,-6.542517428045947,-2.4548467007090164,TIME_LIMIT,340014,0,0,26,0
4,10,3.165201e6,-6.542517428045947,-2.4548467007090164,TIME_LIMIT,340037,0,0,38,0
4,10,3.165588e6,-6.542517428045947,-2.4548467007090164,TIME_LIMIT,340079,0,0,24,0
4,10,3.165982e6,-6.542517428045947,-2.4548467007090164,TIME_LIMIT,340104,0,0,43,0
4,10,3.166326e6,-6.542517428045947,-2.4548467007090164,TIME_LIMIT,340142,0,0,23,0
4,10,3.166668e6,-6.542517428045947,-2.4548467007090164,TIME_LIMIT,340163,0,0,40,0
4,10,3.167011e6,-6.542517428045947,-2.4548467007090164,TIME_LIMIT,340202,0,0,24,0
4,10,3.167352e6,-6.542517428045947,-2.4548467007090164,TIME_LIMIT,340227,0,0,31,0
4,10,3.167698e6,-6.542517428045947,-2.4548467007090164,TIME_LIMIT,340260,0,0,22,0
4,10,3.168037e6,-6.542517428045947,-2.4548467007090164,TIME_LIMIT,340280,0,0,26,0
4,10,3.168382e6,-6.542517428045947,-2.4548467007090164,TIME_LIMIT,340321,0,0,25,0
4,10,3.16872e6,-6.542517428045947,-2.4548467007090164,TIME_LIMIT,340354,0,0,31,0
4,10,3.169071e6,-6.542517428045947,-2.4548467007090164,TIME_LIMIT,340393,0,0,22,0
4,10,3.169439e6,-6.542517428045947,-2.4548467007090164,TIME_LIMIT,340421,0,0,32,0
4,10,3.169774e6,-6.542517428045947,-2.4548467007090164,TIME_LIMIT,340456,0,0,19,0
4,10,3.17011e6,-6.542517428045947,-2.4548467007090164,TIME_LIMIT,340480,0,0,31,0
4,10,3.170446e6,-6.542383366222287,-2.4548467007090164,TIME_LIMIT,340517,0,0,23,0
4,10,3.170791e6,-6.542383366222287,-2.4548467007090164,TIME_LIMIT,340545,0,0,32,0
4,10,3.171135e6,-6.542383366222287,-2.4548467007090164,TIME_LIMIT,340575,0,0,15,0
4,10,3.171479e6,-6.542383366222287,-2.4548467007090164,TIME_LIMIT,340600,0,0,39,0
4,10,3.171819e6,-6.542383366222287,-2.4548467007090164,TIME_LIMIT,340638,0,0,25,0
4,10,3.172162e6,-6.542383366222287,-2.4548467007090164,TIME_LIMIT,340659,0,0,35,0
4,10,3.172524e6,-6.542368324577989,-2.4548467007090164,TIME_LIMIT,340695,0,0,13,0
4,10,3.172893e6,-6.542368324577989,-2.4548467007090164,TIME_LIMIT,340720,0,0,30,0
4,10,3.173236e6,-6.542368324577989,-2.4548467007090164,TIME_LIMIT,340765,0,0,27,0
4,10,3.173581e6,-6.542368324577989,-2.4548467007090164,TIME_LIMIT,340792,0,0,31,0
4,10,3.173925e6,-6.542368324577989,-2.4548467007090164,TIME_LIMIT,340833,0,0,18,0
4,10,3.174299e6,-6.542368324577989,-2.4548467007090164,TIME_LIMIT,340862,0,0,23,0
4,10,3.174687e6,-6.542298764574962,-2.4548467007090164,TIME_LIMIT,340898,0,0,24,0
4,10,3.175029e6,-6.542298764574962,-2.4548467007090164,TIME_LIMIT,340922,0,0,34,0
4,10,3.17537e6,-6.542298764574962,-2.4548467007090164,TIME_LIMIT,340958,0,0,26,0
4,10,3.175712e6,-6.542298764574962,-2.4548467007090164,TIME_LIMIT,340985,0,0,34,0
4,10,3.176055e6,-6.542298764574962,-2.4548467007090164,TIME_LIMIT,341027,0,0,25,0
4,10,3.176403e6,-6.542298764574962,-2.4548467007090164,TIME_LIMIT,341053,0,0,34,0
4,10,3.176742e6,-6.542298764574962,-2.4548467007090164,TIME_LIMIT,341095,0,0,20,0
4,10,3.177081e6,-6.542298764574962,-2.4548467007090164,TIME_LIMIT,341125,0,0,41,0
4,10,3.177415e6,-6.542298764574962,-2.4548467007090164,TIME_LIMIT,341164,0,0,13,0
4,10,3.177751e6,-6.542298764574962,-2.4548467007090164,TIME_LIMIT,341191,0,0,29,0
4,10,3.178086e6,-6.542298764574962,-2.4548467007090164,TIME_LIMIT,341219,0,0,21,0
4,10,3.178429e6,-6.542298764574962,-2.4548467007090164,TIME_LIMIT,341241,0,0,35,0
4,10,3.178774e6,-6.542298764574962,-2.4548467007090164,TIME_LIMIT,341279,0,0,24,0
4,10,3.179118e6,-6.542298764574962,-2.4548467007090164,TIME_LIMIT,341297,0,0,25,0
4,10,3.179464e6,-6.542245962177098,-2.4548467007090164,TIME_LIMIT,341330,0,0,22,0
4,10,3.179814e6,-6.542245962177098,-2.4548467007090164,TIME_LIMIT,341356,0,0,27,0
4,10,3.180163e6,-6.542245962177098,-2.4548467007090164,TIME_LIMIT,341396,0,0,19,0
4,10,3.180517e6,-6.542245962177098,-2.4548467007090164,TIME_LIMIT,341420,0,0,29,0
4,10,3.180863e6,-6.5421877850956225,-2.4548467007090164,TIME_LIMIT,341459,0,0,34,0
4,10,3.181212e6,-6.5421877850956225,-2.4548467007090164,TIME_LIMIT,341480,0,0,26,0
4,10,3.181561e6,-6.5421665296864795,-2.4548467007090164,TIME_LIMIT,341519,0,0,25,0
4,10,3.18191e6,-6.5421665296864795,-2.4548467007090164,TIME_LIMIT,341541,0,0,25,0
4,10,3.18225e6,-6.5419488925547,-2.4548467007090164,TIME_LIMIT,341577,0,0,24,0
4,10,3.182594e6,-6.5419488925547,-2.4548467007090164,TIME_LIMIT,341599,0,0,34,0
4,10,3.182935e6,-6.5419488925547,-2.4548467007090164,TIME_LIMIT,341638,0,0,11,0
4,10,3.18328e6,-6.5419488925547,-2.4548467007090164,TIME_LIMIT,341656,0,0,28,0
4,10,3.183626e6,-6.54194500573324,-2.4548467007090164,TIME_LIMIT,341697,0,0,19,0
4,10,3.183972e6,-6.54194500573324,-2.4548467007090164,TIME_LIMIT,341723,0,0,15,0
4,10,3.184316e6,-6.54194500573324,-2.4548467007090164,TIME_LIMIT,341771,0,0,28,0
4,10,3.184662e6,-6.54194500573324,-2.4548467007090164,TIME_LIMIT,341808,0,0,25,0
4,10,3.185013e6,-6.54190306306033,-2.4548467007090164,TIME_LIMIT,341842,0,0,47,0
4,10,3.185398e6,-6.54190306306033,-2.4548467007090164,TIME_LIMIT,341866,0,0,43,0
4,10,3.18575e6,-6.541886644200619,-2.4548467007090164,TIME_LIMIT,341906,0,0,26,0
4,10,3.186092e6,-6.541886644200619,-2.4548467007090164,TIME_LIMIT,341930,0,0,26,0
4,10,3.18644e6,-6.541886644200619,-2.4548467007090164,TIME_LIMIT,341971,0,0,23,0
4,10,3.186785e6,-6.541886644200619,-2.4548467007090164,TIME_LIMIT,341996,0,0,33,0
4,10,3.187128e6,-6.541886644200619,-2.4548467007090164,TIME_LIMIT,342034,0,0,34,0
4,10,3.187467e6,-6.541886644200619,-2.4548467007090164,TIME_LIMIT,342059,0,0,34,0
4,10,3.187802e6,-6.541886644200619,-2.4548467007090164,TIME_LIMIT,342097,0,0,24,0
4,10,3.188143e6,-6.541886644200619,-2.4548467007090164,TIME_LIMIT,342117,0,0,28,0
4,10,3.188482e6,-6.541886644200619,-2.4548467007090164,TIME_LIMIT,342158,0,0,21,0
4,10,3.188817e6,-6.541886644200619,-2.4548467007090164,TIME_LIMIT,342186,0,0,15,0
4,10,3.189161e6,-6.541886644200619,-2.4548467007090164,TIME_LIMIT,342223,0,0,22,0
4,10,3.189507e6,-6.541886644200619,-2.4548467007090164,TIME_LIMIT,342253,0,0,22,0
4,10,3.18985e6,-6.541696051315313,-2.4548467007090164,TIME_LIMIT,342284,0,0,21,0
4,10,3.190197e6,-6.541696051315313,-2.4548467007090164,TIME_LIMIT,342316,0,0,31,0
4,10,3.19054e6,-6.541618418955215,-2.4548467007090164,TIME_LIMIT,342362,0,0,27,0
4,10,3.190886e6,-6.541618418955215,-2.4548467007090164,TIME_LIMIT,342391,0,0,34,0
4,10,3.191229e6,-6.541618418955215,-2.4548467007090164,TIME_LIMIT,342438,0,0,11,0
4,10,3.19157e6,-6.541618418955215,-2.4548467007090164,TIME_LIMIT,342474,0,0,27,0
4,10,3.191908e6,-6.541618418955215,-2.4548467007090164,TIME_LIMIT,342507,0,0,24,0
4,10,3.192253e6,-6.541618418955215,-2.4548467007090164,TIME_LIMIT,342537,0,0,31,0
4,10,3.192597e6,-6.541600671429498,-2.4548467007090164,TIME_LIMIT,342578,0,0,26,0
4,10,3.192941e6,-6.541600671429498,-2.4548467007090164,TIME_LIMIT,342603,0,0,34,0
4,10,3.193283e6,-6.5415852011458755,-2.4548467007090164,TIME_LIMIT,342648,0,0,25,0
4,10,3.193618e6,-6.5415852011458755,-2.4548467007090164,TIME_LIMIT,342665,0,0,31,0
4,10,3.193951e6,-6.5415852011458755,-2.4548467007090164,TIME_LIMIT,342699,0,0,23,0
4,10,3.194286e6,-6.5415852011458755,-2.4548467007090164,TIME_LIMIT,342716,0,0,12,0
4,10,3.194623e6,-6.54156406687321,-2.4548467007090164,TIME_LIMIT,342750,0,0,27,0
4,10,3.19496e6,-6.54156406687321,-2.4548467007090164,TIME_LIMIT,342773,0,0,27,0
4,10,3.195298e6,-6.541493550720242,-2.4548467007090164,TIME_LIMIT,342806,0,0,23,0
4,10,3.195637e6,-6.541493550720242,-2.4548467007090164,TIME_LIMIT,342836,0,0,35,0
4,10,3.196014e6,-6.541469623371146,-2.4548467007090164,TIME_LIMIT,342885,0,0,23,0
4,10,3.196353e6,-6.541469623371146,-2.4548467007090164,TIME_LIMIT,342912,0,0,29,0
4,10,3.196686e6,-6.541469623371146,-2.4548467007090164,TIME_LIMIT,342947,0,0,21,0
4,10,3.197019e6,-6.541469623371146,-2.4548467007090164,TIME_LIMIT,342973,0,0,34,0
4,10,3.197358e6,-6.5413800048565705,-2.4548467007090164,TIME_LIMIT,343015,0,0,24,0
4,10,3.197702e6,-6.5413800048565705,-2.4548467007090164,TIME_LIMIT,343049,0,0,29,0
4,10,3.198042e6,-6.5413800048565705,-2.4548467007090164,TIME_LIMIT,343082,0,0,24,0
4,10,3.198382e6,-6.5413800048565705,-2.4548467007090164,TIME_LIMIT,343107,0,0,34,0
4,10,3.19872e6,-6.5413800048565705,-2.4548467007090164,TIME_LIMIT,343148,0,0,13,0
4,10,3.199055e6,-6.5413800048565705,-2.4548467007090164,TIME_LIMIT,343174,0,0,20,0
4,10,3.199398e6,-6.5413800048565705,-2.4548467007090164,TIME_LIMIT,343205,0,0,29,0
4,10,3.199737e6,-6.5413800048565705,-2.4548467007090164,TIME_LIMIT,343229,0,0,34,0
4,10,3.200079e6,-6.541100700658192,-2.4548467007090164,TIME_LIMIT,343268,0,0,23,0
4,10,3.200416e6,-6.541100700658192,-2.4548467007090164,TIME_LIMIT,343293,0,0,30,0
4,10,3.200753e6,-6.541057185256023,-2.4548467007090164,TIME_LIMIT,343337,0,0,17,0
4,10,3.201089e6,-6.541057185256023,-2.4548467007090164,TIME_LIMIT,343361,0,0,37,0
4,10,3.201431e6,-6.5410281723263,-2.4548467007090164,TIME_LIMIT,343413,0,0,27,0
4,10,3.201772e6,-6.5410281723263,-2.4548467007090164,TIME_LIMIT,343439,0,0,44,0
4,10,3.202111e6,-6.540958936002129,-2.4548467007090164,TIME_LIMIT,343488,0,0,26,0
4,10,3.202444e6,-6.540958936002129,-2.4548467007090164,TIME_LIMIT,343520,0,0,36,0
4,10,3.202789e6,-6.540913223599946,-2.4548467007090164,TIME_LIMIT,343576,0,0,30,0
4,10,3.203138e6,-6.540913223599946,-2.4548467007090164,TIME_LIMIT,343609,0,0,38,0
4,10,3.203483e6,-6.5407812727997845,-2.4548467007090164,TIME_LIMIT,343658,0,0,29,0
4,10,3.203829e6,-6.5407812727997845,-2.4548467007090164,TIME_LIMIT,343682,0,0,25,0
4,10,3.204178e6,-6.5407812727997845,-2.4548467007090164,TIME_LIMIT,343730,0,0,17,0
4,10,3.204523e6,-6.5407812727997845,-2.4548467007090164,TIME_LIMIT,343766,0,0,28,0
4,10,3.204866e6,-6.5407812727997845,-2.4548467007090164,TIME_LIMIT,343807,0,0,25,0
4,10,3.205209e6,-6.5407812727997845,-2.4548467007090164,TIME_LIMIT,343832,0,0,28,0
4,10,3.205549e6,-6.5407812727997845,-2.4548467007090164,TIME_LIMIT,343875,0,0,22,0
4,10,3.205883e6,-6.5407812727997845,-2.4548467007090164,TIME_LIMIT,343907,0,0,34,0
4,10,3.206223e6,-6.5407812727997845,-2.4548467007090164,TIME_LIMIT,343951,0,0,26,0
4,10,3.206564e6,-6.5407812727997845,-2.4548467007090164,TIME_LIMIT,343974,0,0,34,0
4,10,3.206942e6,-6.5407812727997845,-2.4548467007090164,TIME_LIMIT,344020,0,0,24,0
4,10,3.207317e6,-6.5407812727997845,-2.4548467007090164,TIME_LIMIT,344056,0,0,35,0
4,10,3.207699e6,-6.5407812727997845,-2.4548467007090164,TIME_LIMIT,344095,0,0,22,0
4,10,3.208039e6,-6.5407812727997845,-2.4548467007090164,TIME_LIMIT,344128,0,0,30,0
4,10,3.208384e6,-6.5407812727997845,-2.4548467007090164,TIME_LIMIT,344172,0,0,21,0
4,10,3.208717e6,-6.5407812727997845,-2.4548467007090164,TIME_LIMIT,344197,0,0,33,0
4,10,3.209063e6,-6.540538430382766,-2.4548467007090164,TIME_LIMIT,344241,0,0,24,0
4,10,3.209395e6,-6.540538430382766,-2.4548467007090164,TIME_LIMIT,344270,0,0,25,0
4,10,3.209736e6,-6.540525340603022,-2.4548467007090164,TIME_LIMIT,344317,0,0,26,0
4,10,3.21007e6,-6.540525340603022,-2.4548467007090164,TIME_LIMIT,344343,0,0,32,0
4,10,3.210413e6,-6.540496683493192,-2.4548467007090164,TIME_LIMIT,344384,0,0,24,0
4,10,3.210778e6,-6.540496683493192,-2.4548467007090164,TIME_LIMIT,344415,0,0,26,0
4,10,3.211132e6,-6.540496683493192,-2.4548467007090164,TIME_LIMIT,344457,0,0,23,0
4,10,3.211478e6,-6.540496683493192,-2.4548467007090164,TIME_LIMIT,344485,0,0,24,0
4,10,3.211823e6,-6.540263275342026,-2.4548467007090164,TIME_LIMIT,344523,0,0,8,0
4,10,3.212164e6,-6.540263275342026,-2.4548467007090164,TIME_LIMIT,344540,0,0,27,0
4,10,3.212506e6,-6.540263275342026,-2.4548467007090164,TIME_LIMIT,344569,0,0,21,0
4,10,3.212854e6,-6.540263275342026,-2.4548467007090164,TIME_LIMIT,344591,0,0,13,0
4,10,3.213197e6,-6.540263275342026,-2.4548467007090164,TIME_LIMIT,344618,0,0,20,0
4,10,3.213539e6,-6.540263275342026,-2.4548467007090164,TIME_LIMIT,344633,0,0,24,0
4,10,3.213887e6,-6.540051813632166,-2.4548467007090164,TIME_LIMIT,344665,0,0,12,0
4,10,3.214266e6,-6.540051813632166,-2.4548467007090164,TIME_LIMIT,344696,0,0,27,0
4,10,3.214605e6,-6.539915264263346,-2.4548467007090164,TIME_LIMIT,344728,0,0,17,0
4,10,3.214946e6,-6.539915264263346,-2.4548467007090164,TIME_LIMIT,344764,0,0,33,0
4,10,3.215287e6,-6.539914603935163,-2.4548467007090164,TIME_LIMIT,344809,0,0,25,0
4,10,3.215623e6,-6.539914603935163,-2.4548467007090164,TIME_LIMIT,344847,0,0,31,0
4,10,3.215964e6,-6.539914603935163,-2.4548467007090164,TIME_LIMIT,344889,0,0,26,0
4,10,3.216315e6,-6.539914603935163,-2.4548467007090164,TIME_LIMIT,344912,0,0,30,0
4,10,3.216658e6,-6.539707942351063,-2.4548467007090164,TIME_LIMIT,344956,0,0,26,0
4,10,3.217002e6,-6.539707942351063,-2.4548467007090164,TIME_LIMIT,344985,0,0,23,0
4,10,3.21738e6,-6.539707942351063,-2.4548467007090164,TIME_LIMIT,345018,0,0,12,0
4,10,3.217731e6,-6.539707942351063,-2.4548467007090164,TIME_LIMIT,345048,0,0,34,0
4,10,3.218113e6,-6.539707942351063,-2.4548467007090164,TIME_LIMIT,345073,0,0,25,0
4,10,3.218456e6,-6.539707942351063,-2.4548467007090164,TIME_LIMIT,345100,0,0,25,0
4,10,3.218794e6,-6.539707942351063,-2.4548467007090164,TIME_LIMIT,345130,0,0,23,0
4,10,3.219137e6,-6.539707942351063,-2.4548467007090164,TIME_LIMIT,345147,0,0,34,0
4,10,3.219473e6,-6.539662656000793,-2.4548467007090164,TIME_LIMIT,345175,0,0,20,0
4,10,3.219816e6,-6.539662656000793,-2.4548467007090164,TIME_LIMIT,345214,0,0,29,0
4,10,3.220154e6,-6.539662656000793,-2.4548467007090164,TIME_LIMIT,345244,0,0,27,0
4,10,3.220491e6,-6.539662656000793,-2.4548467007090164,TIME_LIMIT,345266,0,0,25,0
4,10,3.220834e6,-6.539633535363922,-2.4548467007090164,TIME_LIMIT,345311,0,0,21,0
4,10,3.221173e6,-6.539633535363922,-2.4548467007090164,TIME_LIMIT,345338,0,0,27,0
4,10,3.221511e6,-6.539633535363922,-2.4548467007090164,TIME_LIMIT,345382,0,0,20,0
4,10,3.221861e6,-6.539633535363922,-2.4548467007090164,TIME_LIMIT,345416,0,0,33,0
4,10,3.222211e6,-6.539633535363922,-2.4548467007090164,TIME_LIMIT,345459,0,0,23,0
4,10,3.222561e6,-6.539633535363922,-2.4548467007090164,TIME_LIMIT,345490,0,0,31,0
4,10,3.222906e6,-6.539633535363922,-2.4548467007090164,TIME_LIMIT,345535,0,0,25,0
4,10,3.223249e6,-6.539633535363922,-2.4548467007090164,TIME_LIMIT,345561,0,0,32,0
4,10,3.223593e6,-6.539633535363922,-2.4548467007090164,TIME_LIMIT,345604,0,0,26,0
4,10,3.22394e6,-6.539633535363922,-2.4548467007090164,TIME_LIMIT,345631,0,0,29,0
4,10,3.224277e6,-6.539633535363922,-2.4548467007090164,TIME_LIMIT,345677,0,0,24,0
4,10,3.224614e6,-6.539633535363922,-2.4548467007090164,TIME_LIMIT,345707,0,0,36,0
4,10,3.224946e6,-6.539633535363922,-2.4548467007090164,TIME_LIMIT,345755,0,0,21,0
4,10,3.225281e6,-6.539633535363922,-2.4548467007090164,TIME_LIMIT,345781,0,0,29,0
4,10,3.225618e6,-6.539633535363922,-2.4548467007090164,TIME_LIMIT,345824,0,0,18,0
4,10,3.225954e6,-6.539633535363922,-2.4548467007090164,TIME_LIMIT,345849,0,0,26,0
4,10,3.226296e6,-6.539633535363922,-2.4548467007090164,TIME_LIMIT,345894,0,0,23,0
4,10,3.226638e6,-6.539633535363922,-2.4548467007090164,TIME_LIMIT,345923,0,0,18,0
4,10,3.226977e6,-6.539633535363922,-2.4548467007090164,TIME_LIMIT,345968,0,0,28,0
4,10,3.227323e6,-6.539633535363922,-2.4548467007090164,TIME_LIMIT,346005,0,0,27,0
4,10,3.227659e6,-6.539633535363922,-2.4548467007090164,TIME_LIMIT,346044,0,0,21,0
4,10,3.227999e6,-6.539633535363922,-2.4548467007090164,TIME_LIMIT,346075,0,0,19,0
4,10,3.228338e6,-6.539633535363922,-2.4548467007090164,TIME_LIMIT,346121,0,0,24,0
4,10,3.228699e6,-6.539633535363922,-2.4548467007090164,TIME_LIMIT,346154,0,0,29,0
4,10,3.229056e6,-6.539633535363922,-2.4548467007090164,TIME_LIMIT,346197,0,0,23,0
4,10,3.229389e6,-6.539633535363922,-2.4548467007090164,TIME_LIMIT,346230,0,0,31,0
4,10,3.229764e6,-6.539633535363922,-2.4548467007090164,TIME_LIMIT,346270,0,0,22,0
4,10,3.230094e6,-6.539633535363922,-2.4548467007090164,TIME_LIMIT,346301,0,0,26,0
4,10,3.230423e6,-6.539633535363922,-2.4548467007090164,TIME_LIMIT,346344,0,0,19,0
4,10,3.230756e6,-6.539633535363922,-2.4548467007090164,TIME_LIMIT,346371,0,0,4,0
4,10,3.231088e6,-6.539633535363922,-2.4548467007090164,TIME_LIMIT,346415,0,0,19,0
4,10,3.231417e6,-6.539633535363922,-2.4548467007090164,TIME_LIMIT,346459,0,0,20,0
4,10,3.231755e6,-6.539633535363922,-2.4548467007090164,TIME_LIMIT,346491,0,0,27,0
4,10,3.232087e6,-6.539633535363922,-2.4548467007090164,TIME_LIMIT,346525,0,0,22,0
4,10,3.232427e6,-6.539633535363922,-2.4548467007090164,TIME_LIMIT,346564,0,0,20,0
4,10,3.232762e6,-6.539633535363922,-2.4548467007090164,TIME_LIMIT,346596,0,0,28,0
4,10,3.233109e6,-6.539508893670467,-2.4548467007090164,TIME_LIMIT,346634,0,0,16,0
4,10,3.233442e6,-6.539508893670467,-2.4548467007090164,TIME_LIMIT,346657,0,0,30,0
4,10,3.233786e6,-6.539319346969387,-2.4548467007090164,TIME_LIMIT,346694,0,0,22,0
4,10,3.234117e6,-6.539319346969387,-2.4548467007090164,TIME_LIMIT,346713,0,0,25,0
4,10,3.234454e6,-6.5393047447301,-2.4548467007090164,TIME_LIMIT,346743,0,0,22,0
4,10,3.23479e6,-6.5393047447301,-2.4548467007090164,TIME_LIMIT,346766,0,0,19,0
4,10,3.235132e6,-6.5393047447301,-2.4548467007090164,TIME_LIMIT,346807,0,0,11,0
4,10,3.23547e6,-6.5393047447301,-2.4548467007090164,TIME_LIMIT,346835,0,0,24,0
4,10,3.235816e6,-6.5393047447301,-2.4548467007090164,TIME_LIMIT,346869,0,0,29,0
4,10,3.236155e6,-6.5393047447301,-2.4548467007090164,TIME_LIMIT,346896,0,0,31,0
4,10,3.23649e6,-6.5393047447301,-2.4548467007090164,TIME_LIMIT,346940,0,0,24,0
4,10,3.236829e6,-6.5393047447301,-2.4548467007090164,TIME_LIMIT,346962,0,0,32,0
4,10,3.23717e6,-6.5393047447301,-2.4548467007090164,TIME_LIMIT,346999,0,0,18,0
4,10,3.237513e6,-6.5393047447301,-2.4548467007090164,TIME_LIMIT,347021,0,0,23,0
4,10,3.237853e6,-6.5393047447301,-2.4548467007090164,TIME_LIMIT,347058,0,0,24,0
4,10,3.238192e6,-6.5393047447301,-2.4548467007090164,TIME_LIMIT,347085,0,0,22,0
4,10,3.23853e6,-6.5393047447301,-2.4548467007090164,TIME_LIMIT,347125,0,0,20,0
4,10,3.238867e6,-6.5393047447301,-2.4548467007090164,TIME_LIMIT,347146,0,0,20,0
4,10,3.239206e6,-6.5393047447301,-2.4548467007090164,TIME_LIMIT,347186,0,0,22,0
4,10,3.239544e6,-6.5393047447301,-2.4548467007090164,TIME_LIMIT,347216,0,0,29,0
4,10,3.239889e6,-6.5393047447301,-2.4548467007090164,TIME_LIMIT,347256,0,0,24,0
4,10,3.240223e6,-6.5393047447301,-2.4548467007090164,TIME_LIMIT,347289,0,0,7,0
4,10,3.240556e6,-6.5393047447301,-2.4548467007090164,TIME_LIMIT,347327,0,0,22,0
4,10,3.240893e6,-6.5393047447301,-2.4548467007090164,TIME_LIMIT,347347,0,0,27,0
4,10,3.24128e6,-6.5393047447301,-2.4548467007090164,TIME_LIMIT,347386,0,0,15,0
4,10,3.241618e6,-6.5393047447301,-2.4548467007090164,TIME_LIMIT,347426,0,0,27,0
4,10,3.241965e6,-6.53922411845218,-2.4548467007090164,TIME_LIMIT,347450,0,0,25,0
4,10,3.242305e6,-6.53922411845218,-2.4548467007090164,TIME_LIMIT,347475,0,0,31,0
4,10,3.242647e6,-6.539125016653946,-2.4548467007090164,TIME_LIMIT,347520,0,0,24,0
4,10,3.242984e6,-6.539125016653946,-2.4548467007090164,TIME_LIMIT,347548,0,0,36,0
4,10,3.243323e6,-6.538895349031546,-2.4548467007090164,TIME_LIMIT,347590,0,0,25,0
4,10,3.24366e6,-6.538895349031546,-2.4548467007090164,TIME_LIMIT,347623,0,0,27,0
4,10,3.243999e6,-6.538895349031546,-2.4548467007090164,TIME_LIMIT,347657,0,0,22,0
4,10,3.244335e6,-6.538895349031546,-2.4548467007090164,TIME_LIMIT,347689,0,0,32,0
4,10,3.244671e6,-6.538895349031546,-2.4548467007090164,TIME_LIMIT,347732,0,0,26,0
4,10,3.24501e6,-6.538895349031546,-2.4548467007090164,TIME_LIMIT,347761,0,0,10,0
4,10,3.245351e6,-6.53880521416097,-2.4548467007090164,TIME_LIMIT,347808,0,0,23,0
4,10,3.245694e6,-6.53880521416097,-2.4548467007090164,TIME_LIMIT,347848,0,0,31,0
4,10,3.246036e6,-6.53880521416097,-2.4548467007090164,TIME_LIMIT,347892,0,0,29,0
4,10,3.246379e6,-6.53880521416097,-2.4548467007090164,TIME_LIMIT,347919,0,0,35,0
4,10,3.246715e6,-6.538779856340812,-2.4548467007090164,TIME_LIMIT,347967,0,0,26,0
4,10,3.247052e6,-6.538779856340812,-2.4548467007090164,TIME_LIMIT,347988,0,0,23,0
4,10,3.247395e6,-6.538717651982326,-2.4548467007090164,TIME_LIMIT,348021,0,0,28,0
4,10,3.247735e6,-6.538717651982326,-2.4548467007090164,TIME_LIMIT,348046,0,0,27,0
4,10,3.24807e6,-6.53870337861143,-2.4548467007090164,TIME_LIMIT,348086,0,0,28,0
4,10,3.248404e6,-6.53870337861143,-2.4548467007090164,TIME_LIMIT,348110,0,0,29,0
4,10,3.248743e6,-6.53870337861143,-2.4548467007090164,TIME_LIMIT,348147,0,0,21,0
4,10,3.249087e6,-6.53870337861143,-2.4548467007090164,TIME_LIMIT,348179,0,0,28,0
4,10,3.249428e6,-6.53870337861143,-2.4548467007090164,TIME_LIMIT,348217,0,0,27,0
4,10,3.249764e6,-6.53870337861143,-2.4548467007090164,TIME_LIMIT,348236,0,0,27,0
4,10,3.250104e6,-6.53870337861143,-2.4548467007090164,TIME_LIMIT,348273,0,0,22,0
4,10,3.250443e6,-6.53870337861143,-2.4548467007090164,TIME_LIMIT,348292,0,0,19,0
4,10,3.250799e6,-6.538520305941141,-2.4548467007090164,TIME_LIMIT,348331,0,0,26,0
4,10,3.25115e6,-6.538520305941141,-2.4548467007090164,TIME_LIMIT,348350,0,0,33,0
4,10,3.251486e6,-6.538520305941141,-2.4548467007090164,TIME_LIMIT,348392,0,0,12,0
4,10,3.251826e6,-6.538520305941141,-2.4548467007090164,TIME_LIMIT,348418,0,0,27,0
4,10,3.252167e6,-6.538332214734392,-2.4548467007090164,TIME_LIMIT,348444,0,0,27,0
4,10,3.252509e6,-6.538332214734392,-2.4548467007090164,TIME_LIMIT,348474,0,0,28,0
4,10,3.252846e6,-6.538256435209696,-2.4548467007090164,TIME_LIMIT,348513,0,0,26,0
4,10,3.253221e6,-6.538256435209696,-2.4548467007090164,TIME_LIMIT,348534,0,0,24,0
4,10,3.253557e6,-6.538147000326722,-2.4548467007090164,TIME_LIMIT,348565,0,0,23,0
4,10,3.253895e6,-6.538147000326722,-2.4548467007090164,TIME_LIMIT,348585,0,0,23,0
4,10,3.254249e6,-6.538147000326722,-2.4548467007090164,TIME_LIMIT,348621,0,0,20,0
4,10,3.254586e6,-6.538147000326722,-2.4548467007090164,TIME_LIMIT,348642,0,0,22,0
4,10,3.254912e6,-6.538147000326722,-2.4548467007090164,TIME_LIMIT,348680,0,0,20,0
4,10,3.255249e6,-6.538147000326722,-2.4548467007090164,TIME_LIMIT,348714,0,0,34,0
4,10,3.255583e6,-6.538055994724961,-2.4548467007090164,TIME_LIMIT,348748,0,0,20,0
4,10,3.25592e6,-6.538055994724961,-2.4548467007090164,TIME_LIMIT,348774,0,0,25,0
4,10,3.256255e6,-6.538055994724961,-2.4548467007090164,TIME_LIMIT,348813,0,0,19,0
4,10,3.256592e6,-6.538055994724961,-2.4548467007090164,TIME_LIMIT,348845,0,0,29,0
4,10,3.256924e6,-6.538055994724961,-2.4548467007090164,TIME_LIMIT,348880,0,0,23,0
4,10,3.257264e6,-6.538055994724961,-2.4548467007090164,TIME_LIMIT,348905,0,0,30,0
4,10,3.257647e6,-6.538004204178784,-2.4548467007090164,TIME_LIMIT,348944,0,0,24,0
4,10,3.257984e6,-6.538004204178784,-2.4548467007090164,TIME_LIMIT,348973,0,0,41,0
4,10,3.258314e6,-6.538004204178784,-2.4548467007090164,TIME_LIMIT,349016,0,0,25,0
4,10,3.258655e6,-6.538004204178784,-2.4548467007090164,TIME_LIMIT,349049,0,0,37,0
4,10,3.258993e6,-6.538004204178784,-2.4548467007090164,TIME_LIMIT,349096,0,0,18,0
4,10,3.259332e6,-6.538004204178784,-2.4548467007090164,TIME_LIMIT,349122,0,0,23,0
4,10,3.259663e6,-6.538004204178784,-2.4548467007090164,TIME_LIMIT,349169,0,0,28,0
4,10,3.259997e6,-6.538004204178784,-2.4548467007090164,TIME_LIMIT,349199,0,0,24,0
4,10,3.260328e6,-6.538004204178784,-2.4548467007090164,TIME_LIMIT,349247,0,0,25,0
4,10,3.260666e6,-6.538004204178784,-2.4548467007090164,TIME_LIMIT,349274,0,0,27,0
4,10,3.261042e6,-6.537781309836282,-2.4548467007090164,TIME_LIMIT,349308,0,0,26,0
4,10,3.261385e6,-6.537781309836282,-2.4548467007090164,TIME_LIMIT,349334,0,0,36,0
4,10,3.261728e6,-6.537755066953377,-2.4548467007090164,TIME_LIMIT,349385,0,0,24,0
4,10,3.262067e6,-6.537755066953377,-2.4548467007090164,TIME_LIMIT,349416,0,0,28,0
4,10,3.262402e6,-6.537755066953377,-2.4548467007090164,TIME_LIMIT,349455,0,0,26,0
4,10,3.262737e6,-6.537755066953377,-2.4548467007090164,TIME_LIMIT,349476,0,0,33,0
4,10,3.263071e6,-6.5376444286020545,-2.4548467007090164,TIME_LIMIT,349514,0,0,11,0
4,10,3.263407e6,-6.5376444286020545,-2.4548467007090164,TIME_LIMIT,349536,0,0,29,0
4,10,3.263747e6,-6.53761630786914,-2.4548467007090164,TIME_LIMIT,349568,0,0,24,0
4,10,3.264087e6,-6.53761630786914,-2.4548467007090164,TIME_LIMIT,349590,0,0,40,0
4,10,3.264428e6,-6.53761630786914,-2.4548467007090164,TIME_LIMIT,349629,0,0,23,0
4,10,3.264769e6,-6.53761630786914,-2.4548467007090164,TIME_LIMIT,349651,0,0,34,0
4,10,3.265104e6,-6.53761630786914,-2.4548467007090164,TIME_LIMIT,349687,0,0,21,0
4,10,3.265485e6,-6.53761630786914,-2.4548467007090164,TIME_LIMIT,349715,0,0,27,0
4,10,3.265829e6,-6.53761630786914,-2.4548467007090164,TIME_LIMIT,349750,0,0,8,0
4,10,3.266171e6,-6.53761630786914,-2.4548467007090164,TIME_LIMIT,349777,0,0,30,0
4,10,3.266509e6,-6.53761630786914,-2.4548467007090164,TIME_LIMIT,349817,0,0,22,0
4,10,3.266848e6,-6.53761630786914,-2.4548467007090164,TIME_LIMIT,349844,0,0,24,0
4,10,3.267186e6,-6.53761630786914,-2.4548467007090164,TIME_LIMIT,349876,0,0,19,0
4,10,3.267527e6,-6.53761630786914,-2.4548467007090164,TIME_LIMIT,349907,0,0,24,0
4,10,3.267859e6,-6.537439934776637,-2.4548467007090164,TIME_LIMIT,349936,0,0,25,0
4,10,3.268191e6,-6.537439934776637,-2.4548467007090164,TIME_LIMIT,349964,0,0,30,0
4,10,3.268528e6,-6.537395361735186,-2.4548467007090164,TIME_LIMIT,350010,0,0,25,0
4,10,3.268872e6,-6.537395361735186,-2.4548467007090164,TIME_LIMIT,350033,0,0,21,0
4,10,3.269217e6,-6.537395361735186,-2.4548467007090164,TIME_LIMIT,350069,0,0,23,0
4,10,3.269552e6,-6.537395361735186,-2.4548467007090164,TIME_LIMIT,350098,0,0,30,0
4,10,3.269886e6,-6.537395361735186,-2.4548467007090164,TIME_LIMIT,350131,0,0,20,0
4,10,3.270231e6,-6.537395361735186,-2.4548467007090164,TIME_LIMIT,350157,0,0,24,0
4,10,3.270575e6,-6.537086307846861,-2.4548467007090164,TIME_LIMIT,350191,0,0,15,0
4,10,3.27092e6,-6.537086307846861,-2.4548467007090164,TIME_LIMIT,350214,0,0,12,0
4,10,3.271257e6,-6.536931949551793,-2.4548467007090164,TIME_LIMIT,350252,0,0,23,0
4,10,3.271595e6,-6.536931949551793,-2.4548467007090164,TIME_LIMIT,350284,0,0,29,0
4,10,3.271929e6,-6.536931949551793,-2.4548467007090164,TIME_LIMIT,350331,0,0,12,0
4,10,3.272265e6,-6.536931949551793,-2.4548467007090164,TIME_LIMIT,350361,0,0,29,0
4,10,3.272602e6,-6.536931949551793,-2.4548467007090164,TIME_LIMIT,350406,0,0,20,0
4,10,3.272939e6,-6.536931949551793,-2.4548467007090164,TIME_LIMIT,350440,0,0,32,0
4,10,3.273276e6,-6.5368749477348,-2.4548467007090164,TIME_LIMIT,350483,0,0,30,0
4,10,3.273615e6,-6.5368749477348,-2.4548467007090164,TIME_LIMIT,350508,0,0,33,0
4,10,3.273954e6,-6.5368749477348,-2.4548467007090164,TIME_LIMIT,350549,0,0,23,0
4,10,3.274293e6,-6.5368749477348,-2.4548467007090164,TIME_LIMIT,350577,0,0,15,0
4,10,3.274632e6,-6.5368749477348,-2.4548467007090164,TIME_LIMIT,350622,0,0,28,0
4,10,3.274963e6,-6.5368749477348,-2.4548467007090164,TIME_LIMIT,350647,0,0,29,0
4,10,3.2753e6,-6.5368749477348,-2.4548467007090164,TIME_LIMIT,350690,0,0,24,0
4,10,3.275639e6,-6.5368749477348,-2.4548467007090164,TIME_LIMIT,350720,0,0,28,0
4,10,3.275967e6,-6.5368749477348,-2.4548467007090164,TIME_LIMIT,350754,0,0,35,0
4,10,3.276303e6,-6.5368749477348,-2.4548467007090164,TIME_LIMIT,350778,0,0,27,0
4,10,3.276639e6,-6.5368749477348,-2.4548467007090164,TIME_LIMIT,350822,0,0,26,0
4,10,3.276979e6,-6.5368749477348,-2.4548467007090164,TIME_LIMIT,350846,0,0,30,0
4,10,3.277323e6,-6.5368749477348,-2.4548467007090164,TIME_LIMIT,350885,0,0,25,0
4,10,3.277662e6,-6.5368749477348,-2.4548467007090164,TIME_LIMIT,350905,0,0,35,0
4,10,3.278035e6,-6.5368749477348,-2.4548467007090164,TIME_LIMIT,350953,0,0,28,0
4,10,3.27837e6,-6.5368749477348,-2.4548467007090164,TIME_LIMIT,350982,0,0,32,0
4,10,3.278709e6,-6.5368749477348,-2.4548467007090164,TIME_LIMIT,351022,0,0,23,0
4,10,3.279043e6,-6.5368749477348,-2.4548467007090164,TIME_LIMIT,351046,0,0,15,0
4,10,3.279373e6,-6.5368749477348,-2.4548467007090164,TIME_LIMIT,351082,0,0,17,0
4,10,3.279717e6,-6.5368749477348,-2.4548467007090164,TIME_LIMIT,351102,0,0,32,0
4,10,3.280048e6,-6.5368749477348,-2.4548467007090164,TIME_LIMIT,351137,0,0,21,0
4,10,3.280386e6,-6.5368749477348,-2.4548467007090164,TIME_LIMIT,351160,0,0,18,0
4,10,3.280728e6,-6.5368749477348,-2.4548467007090164,TIME_LIMIT,351198,0,0,21,0
4,10,3.281071e6,-6.5368749477348,-2.4548467007090164,TIME_LIMIT,351219,0,0,21,0
4,10,3.281411e6,-6.5368749477348,-2.4548467007090164,TIME_LIMIT,351257,0,0,24,0
4,10,3.281747e6,-6.5368749477348,-2.4548467007090164,TIME_LIMIT,351285,0,0,20,0
4,10,3.282078e6,-6.5368749477348,-2.4548467007090164,TIME_LIMIT,351314,0,0,28,0
4,10,3.282414e6,-6.5368749477348,-2.4548467007090164,TIME_LIMIT,351346,0,0,28,0
4,10,3.282751e6,-6.5368749477348,-2.4548467007090164,TIME_LIMIT,351379,0,0,20,0
4,10,3.28309e6,-6.5368749477348,-2.4548467007090164,TIME_LIMIT,351406,0,0,25,0
4,10,3.283426e6,-6.5368749477348,-2.4548467007090164,TIME_LIMIT,351440,0,0,23,0
4,10,3.283759e6,-6.5368749477348,-2.4548467007090164,TIME_LIMIT,351460,0,0,28,0
4,10,3.284102e6,-6.5368749477348,-2.4548467007090164,TIME_LIMIT,351498,0,0,23,0
4,10,3.284441e6,-6.5368749477348,-2.4548467007090164,TIME_LIMIT,351518,0,0,22,0
4,10,3.284788e6,-6.5368749477348,-2.4548467007090164,TIME_LIMIT,351550,0,0,19,0
4,10,3.285122e6,-6.5368749477348,-2.4548467007090164,TIME_LIMIT,351575,0,0,29,0
4,10,3.285457e6,-6.5368749477348,-2.4548467007090164,TIME_LIMIT,351612,0,0,24,0
4,10,3.285798e6,-6.5368749477348,-2.4548467007090164,TIME_LIMIT,351632,0,0,31,0
4,10,3.286139e6,-6.536793147743401,-2.4548467007090164,TIME_LIMIT,351668,0,0,23,0
4,10,3.286479e6,-6.536793147743401,-2.4548467007090164,TIME_LIMIT,351695,0,0,27,0
4,10,3.286813e6,-6.536770586973709,-2.4548467007090164,TIME_LIMIT,351736,0,0,19,0
4,10,3.287156e6,-6.536770586973709,-2.4548467007090164,TIME_LIMIT,351762,0,0,18,0
4,10,3.287487e6,-6.536770586973709,-2.4548467007090164,TIME_LIMIT,351801,0,0,6,0
4,10,3.287822e6,-6.536770586973709,-2.4548467007090164,TIME_LIMIT,351828,0,0,28,0
4,10,3.288143e6,-6.536728948289733,-2.4548467007090164,TIME_LIMIT,351850,0,0,20,0
4,10,3.288484e6,-6.536728948289733,-2.4548467007090164,TIME_LIMIT,351879,0,0,30,0
4,10,3.288827e6,-6.536728948289733,-2.4548467007090164,TIME_LIMIT,351929,0,0,13,0
4,10,3.289171e6,-6.536728948289733,-2.4548467007090164,TIME_LIMIT,351956,0,0,25,0
4,10,3.28951e6,-6.536728948289733,-2.4548467007090164,TIME_LIMIT,352005,0,0,11,0
4,10,3.289852e6,-6.536728948289733,-2.4548467007090164,TIME_LIMIT,352043,0,0,25,0
4,10,3.29019e6,-6.536728948289733,-2.4548467007090164,TIME_LIMIT,352080,0,0,29,0
4,10,3.290528e6,-6.536728948289733,-2.4548467007090164,TIME_LIMIT,352118,0,0,33,0
4,10,3.290909e6,-6.536728948289733,-2.4548467007090164,TIME_LIMIT,352158,0,0,25,0
4,10,3.291257e6,-6.536728948289733,-2.4548467007090164,TIME_LIMIT,352187,0,0,34,0
4,10,3.291601e6,-6.536728948289733,-2.4548467007090164,TIME_LIMIT,352231,0,0,29,0
4,10,3.291944e6,-6.536728948289733,-2.4548467007090164,TIME_LIMIT,352254,0,0,27,0
4,10,3.29228e6,-6.536728948289733,-2.4548467007090164,TIME_LIMIT,352294,0,0,23,0
4,10,3.292615e6,-6.536728948289733,-2.4548467007090164,TIME_LIMIT,352323,0,0,33,0
4,10,3.292954e6,-6.536728948289733,-2.4548467007090164,TIME_LIMIT,352368,0,0,29,0
4,10,3.293295e6,-6.536728948289733,-2.4548467007090164,TIME_LIMIT,352405,0,0,45,0
4,10,3.293633e6,-6.536728948289733,-2.4548467007090164,TIME_LIMIT,352451,0,0,8,0
4,10,3.293968e6,-6.536728948289733,-2.4548467007090164,TIME_LIMIT,352486,0,0,34,0
4,10,3.294324e6,-6.536728948289733,-2.4548467007090164,TIME_LIMIT,352534,0,0,18,0
4,10,3.294679e6,-6.536728948289733,-2.4548467007090164,TIME_LIMIT,352567,0,0,12,0
4,10,3.295012e6,-6.536728948289733,-2.4548467007090164,TIME_LIMIT,352617,0,0,29,0
4,10,3.295341e6,-6.536728948289733,-2.4548467007090164,TIME_LIMIT,352641,0,0,32,0
4,10,3.295671e6,-6.536728948289733,-2.4548467007090164,TIME_LIMIT,352685,0,0,21,0
4,10,3.296015e6,-6.536728948289733,-2.4548467007090164,TIME_LIMIT,352714,0,0,37,0
4,10,3.296364e6,-6.536728948289733,-2.4548467007090164,TIME_LIMIT,352767,0,0,18,0
4,10,3.296701e6,-6.536728948289733,-2.4548467007090164,TIME_LIMIT,352807,0,0,12,0
4,10,3.297059e6,-6.536728948289733,-2.4548467007090164,TIME_LIMIT,352846,0,0,13,0
4,10,3.297401e6,-6.536728948289733,-2.4548467007090164,TIME_LIMIT,352874,0,0,35,0
4,10,3.297764e6,-6.536728948289733,-2.4548467007090164,TIME_LIMIT,352922,0,0,28,0
4,10,3.298094e6,-6.536728948289733,-2.4548467007090164,TIME_LIMIT,352950,0,0,32,0
4,10,3.298434e6,-6.536728948289733,-2.4548467007090164,TIME_LIMIT,352993,0,0,25,0
4,10,3.298769e6,-6.536728948289733,-2.4548467007090164,TIME_LIMIT,353024,0,0,33,0
4,10,3.299108e6,-6.536728948289733,-2.4548467007090164,TIME_LIMIT,353061,0,0,24,0
4,10,3.299447e6,-6.536728948289733,-2.4548467007090164,TIME_LIMIT,353102,0,0,32,0
4,10,3.299787e6,-6.536728948289733,-2.4548467007090164,TIME_LIMIT,353139,0,0,34,0
4,10,3.300129e6,-6.536728948289733,-2.4548467007090164,TIME_LIMIT,353172,0,0,39,0
4,10,3.300465e6,-6.536728948289733,-2.4548467007090164,TIME_LIMIT,353215,0,0,24,0
4,10,3.300835e6,-6.536728948289733,-2.4548467007090164,TIME_LIMIT,353241,0,0,33,0
4,10,3.301192e6,-6.536728948289733,-2.4548467007090164,TIME_LIMIT,353283,0,0,26,0
4,10,3.301532e6,-6.536728948289733,-2.4548467007090164,TIME_LIMIT,353313,0,0,23,0
4,10,3.301876e6,-6.536728948289733,-2.4548467007090164,TIME_LIMIT,353356,0,0,25,0
4,10,3.302219e6,-6.536728948289733,-2.4548467007090164,TIME_LIMIT,353384,0,0,14,0
4,10,3.302557e6,-6.536728948289733,-2.4548467007090164,TIME_LIMIT,353427,0,0,18,0
4,10,3.302893e6,-6.536728948289733,-2.4548467007090164,TIME_LIMIT,353452,0,0,38,0
4,10,3.303224e6,-6.536728948289733,-2.4548467007090164,TIME_LIMIT,353507,0,0,27,0
4,10,3.303555e6,-6.536728948289733,-2.4548467007090164,TIME_LIMIT,353528,0,0,24,0
4,10,3.303898e6,-6.536728948289733,-2.4548467007090164,TIME_LIMIT,353570,0,0,29,0
4,10,3.304321e6,-6.536728948289733,-2.4548467007090164,TIME_LIMIT,353595,0,0,21,0
4,10,3.304663e6,-6.536728948289733,-2.4548467007090164,TIME_LIMIT,353638,0,0,21,0
4,10,3.305004e6,-6.536728948289733,-2.4548467007090164,TIME_LIMIT,353681,0,0,35,0
4,10,3.305348e6,-6.536728948289733,-2.4548467007090164,TIME_LIMIT,353709,0,0,25,0
4,10,3.305685e6,-6.536728948289733,-2.4548467007090164,TIME_LIMIT,353741,0,0,30,0
4,10,3.306013e6,-6.536728948289733,-2.4548467007090164,TIME_LIMIT,353776,0,0,30,0
4,10,3.306347e6,-6.536728948289733,-2.4548467007090164,TIME_LIMIT,353804,0,0,38,0
4,10,3.306682e6,-6.536728948289733,-2.4548467007090164,TIME_LIMIT,353850,0,0,30,0
4,10,3.307018e6,-6.536728948289733,-2.4548467007090164,TIME_LIMIT,353881,0,0,33,0
4,10,3.307355e6,-6.536728948289733,-2.4548467007090164,TIME_LIMIT,353922,0,0,26,0
4,10,3.307694e6,-6.536728948289733,-2.4548467007090164,TIME_LIMIT,353944,0,0,28,0
4,10,3.308032e6,-6.536728948289733,-2.4548467007090164,TIME_LIMIT,353987,0,0,29,0
4,10,3.308374e6,-6.536728948289733,-2.4548467007090164,TIME_LIMIT,354017,0,0,29,0
4,10,3.308709e6,-6.536728948289733,-2.4548467007090164,TIME_LIMIT,354050,0,0,25,0
4,10,3.309042e6,-6.536728948289733,-2.4548467007090164,TIME_LIMIT,354081,0,0,25,0
4,10,3.309373e6,-6.536728948289733,-2.4548467007090164,TIME_LIMIT,354121,0,0,25,0
4,10,3.309716e6,-6.536728948289733,-2.4548467007090164,TIME_LIMIT,354150,0,0,41,0
4,10,3.310054e6,-6.536728948289733,-2.4548467007090164,TIME_LIMIT,354197,0,0,25,0
4,10,3.310393e6,-6.536728948289733,-2.4548467007090164,TIME_LIMIT,354224,0,0,31,0
4,10,3.310731e6,-6.536728948289733,-2.4548467007090164,TIME_LIMIT,354265,0,0,27,0
4,10,3.311074e6,-6.536728948289733,-2.4548467007090164,TIME_LIMIT,354294,0,0,39,0
4,10,3.311411e6,-6.536728948289733,-2.4548467007090164,TIME_LIMIT,354333,0,0,24,0
4,10,3.311748e6,-6.536728948289733,-2.4548467007090164,TIME_LIMIT,354355,0,0,31,0
4,10,3.312083e6,-6.536728948289733,-2.4548467007090164,TIME_LIMIT,354402,0,0,22,0
4,10,3.312428e6,-6.536728948289733,-2.4548467007090164,TIME_LIMIT,354428,0,0,37,0
4,10,3.312762e6,-6.536728948289733,-2.4548467007090164,TIME_LIMIT,354470,0,0,27,0
4,10,3.313096e6,-6.536728948289733,-2.4548467007090164,TIME_LIMIT,354494,0,0,33,0
4,10,3.313433e6,-6.536728948289733,-2.4548467007090164,TIME_LIMIT,354537,0,0,27,0
4,10,3.313775e6,-6.536728948289733,-2.4548467007090164,TIME_LIMIT,354565,0,0,25,0
4,10,3.314109e6,-6.536728948289733,-2.4548467007090164,TIME_LIMIT,354609,0,0,23,0
4,10,3.314452e6,-6.536728948289733,-2.4548467007090164,TIME_LIMIT,354632,0,0,29,0
4,10,3.31479e6,-6.536728948289733,-2.4548467007090164,TIME_LIMIT,354678,0,0,28,0
4,10,3.315128e6,-6.536728948289733,-2.4548467007090164,TIME_LIMIT,354702,0,0,27,0
4,10,3.315466e6,-6.536728948289733,-2.4548467007090164,TIME_LIMIT,354747,0,0,29,0
4,10,3.315801e6,-6.536728948289733,-2.4548467007090164,TIME_LIMIT,354773,0,0,16,0
4,10,3.316142e6,-6.536728948289733,-2.4548467007090164,TIME_LIMIT,354816,0,0,23,0
4,10,3.316486e6,-6.536728948289733,-2.4548467007090164,TIME_LIMIT,354842,0,0,37,0
4,10,3.316823e6,-6.536728948289733,-2.4548467007090164,TIME_LIMIT,354880,0,0,12,0
4,10,3.317159e6,-6.536728948289733,-2.4548467007090164,TIME_LIMIT,354905,0,0,41,0
4,10,3.317497e6,-6.536728948289733,-2.4548467007090164,TIME_LIMIT,354948,0,0,27,0
4,10,3.317835e6,-6.536728948289733,-2.4548467007090164,TIME_LIMIT,354978,0,0,35,0
4,10,3.318202e6,-6.536728948289733,-2.4548467007090164,TIME_LIMIT,355020,0,0,28,0
4,10,3.318534e6,-6.536728948289733,-2.4548467007090164,TIME_LIMIT,355047,0,0,33,0
4,10,3.318872e6,-6.536728948289733,-2.4548467007090164,TIME_LIMIT,355091,0,0,15,0
4,10,3.319211e6,-6.536728948289733,-2.4548467007090164,TIME_LIMIT,355113,0,0,28,0
4,10,3.319543e6,-6.536728948289733,-2.4548467007090164,TIME_LIMIT,355150,0,0,9,0
4,10,3.319883e6,-6.536728948289733,-2.4548467007090164,TIME_LIMIT,355171,0,0,12,0
4,10,3.32022e6,-6.536728948289733,-2.4548467007090164,TIME_LIMIT,355213,0,0,24,0
4,10,3.320557e6,-6.536728948289733,-2.4548467007090164,TIME_LIMIT,355245,0,0,34,0
4,10,3.320887e6,-6.536728948289733,-2.4548467007090164,TIME_LIMIT,355281,0,0,10,0
4,10,3.321225e6,-6.536728948289733,-2.4548467007090164,TIME_LIMIT,355304,0,0,30,0
4,10,3.321557e6,-6.536728948289733,-2.4548467007090164,TIME_LIMIT,355347,0,0,22,0
4,10,3.321888e6,-6.536728948289733,-2.4548467007090164,TIME_LIMIT,355367,0,0,30,0
4,10,3.322223e6,-6.536728948289733,-2.4548467007090164,TIME_LIMIT,355411,0,0,31,0
4,10,3.322553e6,-6.536728948289733,-2.4548467007090164,TIME_LIMIT,355433,0,0,28,0
4,10,3.322888e6,-6.536728948289733,-2.4548467007090164,TIME_LIMIT,355468,0,0,21,0
4,10,3.323224e6,-6.536728948289733,-2.4548467007090164,TIME_LIMIT,355496,0,0,37,0
4,10,3.323564e6,-6.536728948289733,-2.4548467007090164,TIME_LIMIT,355536,0,0,25,0
4,10,3.323904e6,-6.536728948289733,-2.4548467007090164,TIME_LIMIT,355568,0,0,35,0
4,10,3.324238e6,-6.536728948289733,-2.4548467007090164,TIME_LIMIT,355613,0,0,24,0
4,10,3.32458e6,-6.536728948289733,-2.4548467007090164,TIME_LIMIT,355644,0,0,16,0
4,10,3.324917e6,-6.536728948289733,-2.4548467007090164,TIME_LIMIT,355687,0,0,27,0
4,10,3.325247e6,-6.536728948289733,-2.4548467007090164,TIME_LIMIT,355712,0,0,31,0
4,10,3.325586e6,-6.536728948289733,-2.4548467007090164,TIME_LIMIT,355755,0,0,28,0
4,10,3.325925e6,-6.536728948289733,-2.4548467007090164,TIME_LIMIT,355779,0,0,33,0
4,10,3.326255e6,-6.536728948289733,-2.4548467007090164,TIME_LIMIT,355820,0,0,14,0
4,10,3.326586e6,-6.536728948289733,-2.4548467007090164,TIME_LIMIT,355853,0,0,22,0
4,10,3.326922e6,-6.536728948289733,-2.4548467007090164,TIME_LIMIT,355889,0,0,32,0
4,10,3.327253e6,-6.536728948289733,-2.4548467007090164,TIME_LIMIT,355912,0,0,25,0
4,10,3.327593e6,-6.536728948289733,-2.4548467007090164,TIME_LIMIT,355948,0,0,19,0
4,10,3.32793e6,-6.536728948289733,-2.4548467007090164,TIME_LIMIT,355975,0,0,14,0
4,10,3.32826e6,-6.536728948289733,-2.4548467007090164,TIME_LIMIT,356016,0,0,28,0
4,10,3.328593e6,-6.536728948289733,-2.4548467007090164,TIME_LIMIT,356037,0,0,32,0
4,10,3.328921e6,-6.536728948289733,-2.4548467007090164,TIME_LIMIT,356081,0,0,27,0
4,10,3.329247e6,-6.536728948289733,-2.4548467007090164,TIME_LIMIT,356109,0,0,40,0
4,10,3.329569e6,-6.536728948289733,-2.4548467007090164,TIME_LIMIT,356146,0,0,22,0
4,10,3.3299e6,-6.536728948289733,-2.4548467007090164,TIME_LIMIT,356173,0,0,41,0
4,10,3.330231e6,-6.536728948289733,-2.4548467007090164,TIME_LIMIT,356210,0,0,26,0
4,10,3.330557e6,-6.536728948289733,-2.4548467007090164,TIME_LIMIT,356237,0,0,33,0
4,10,3.330892e6,-6.536728948289733,-2.4548467007090164,TIME_LIMIT,356277,0,0,33,0
4,10,3.331227e6,-6.536728948289733,-2.4548467007090164,TIME_LIMIT,356300,0,0,26,0
4,10,3.331555e6,-6.536728948289733,-2.4548467007090164,TIME_LIMIT,356346,0,0,25,0
4,10,3.331889e6,-6.536728948289733,-2.4548467007090164,TIME_LIMIT,356375,0,0,31,0
4,10,3.332262e6,-6.536728948289733,-2.4548467007090164,TIME_LIMIT,356415,0,0,23,0
4,10,3.332594e6,-6.536728948289733,-2.4548467007090164,TIME_LIMIT,356441,0,0,31,0
4,10,3.332926e6,-6.536728948289733,-2.4548467007090164,TIME_LIMIT,356479,0,0,23,0
4,10,3.333255e6,-6.536728948289733,-2.4548467007090164,TIME_LIMIT,356508,0,0,28,0
4,10,3.333581e6,-6.536728948289733,-2.4548467007090164,TIME_LIMIT,356549,0,0,33,0
4,10,3.333911e6,-6.536728948289733,-2.4548467007090164,TIME_LIMIT,356577,0,0,31,0
4,10,3.334238e6,-6.536728948289733,-2.4548467007090164,TIME_LIMIT,356613,0,0,25,0
4,10,3.334569e6,-6.536728948289733,-2.4548467007090164,TIME_LIMIT,356634,0,0,29,0
4,10,3.334902e6,-6.536728948289733,-2.4548467007090164,TIME_LIMIT,356679,0,0,27,0
4,10,3.335234e6,-6.536728948289733,-2.4548467007090164,TIME_LIMIT,356703,0,0,30,0
4,10,3.335564e6,-6.536728948289733,-2.4548467007090164,TIME_LIMIT,356743,0,0,29,0
4,10,3.335895e6,-6.536728948289733,-2.4548467007090164,TIME_LIMIT,356766,0,0,34,0
4,10,3.336221e6,-6.536728948289733,-2.4548467007090164,TIME_LIMIT,356804,0,0,26,0
4,10,3.336543e6,-6.536728948289733,-2.4548467007090164,TIME_LIMIT,356828,0,0,29,0
4,10,3.336873e6,-6.536728948289733,-2.4548467007090164,TIME_LIMIT,356866,0,0,13,0
4,10,3.337203e6,-6.536728948289733,-2.4548467007090164,TIME_LIMIT,356892,0,0,33,0
4,10,3.337533e6,-6.536728948289733,-2.4548467007090164,TIME_LIMIT,356935,0,0,25,0
4,10,3.33789e6,-6.536728948289733,-2.4548467007090164,TIME_LIMIT,356965,0,0,34,0
4,10,3.338224e6,-6.536728948289733,-2.4548467007090164,TIME_LIMIT,357005,0,0,27,0
4,10,3.338549e6,-6.536728948289733,-2.4548467007090164,TIME_LIMIT,357028,0,0,36,0
4,10,3.33887e6,-6.536728948289733,-2.4548467007090164,TIME_LIMIT,357064,0,0,29,0
4,10,3.339191e6,-6.536728948289733,-2.4548467007090164,TIME_LIMIT,357093,0,0,34,0
4,10,3.339514e6,-6.536728948289733,-2.4548467007090164,TIME_LIMIT,357136,0,0,27,0
4,10,3.339844e6,-6.536728948289733,-2.4548467007090164,TIME_LIMIT,357163,0,0,23,0
4,10,3.340169e6,-6.536728948289733,-2.4548467007090164,TIME_LIMIT,357202,0,0,17,0
4,10,3.340498e6,-6.536728948289733,-2.4548467007090164,TIME_LIMIT,357220,0,0,31,0
4,10,3.340824e6,-6.536728948289733,-2.4548467007090164,TIME_LIMIT,357262,0,0,23,0
4,10,3.341179e6,-6.536728948289733,-2.4548467007090164,TIME_LIMIT,357281,0,0,29,0
4,10,3.341503e6,-6.536728948289733,-2.4548467007090164,TIME_LIMIT,357320,0,0,25,0
4,10,3.341829e6,-6.536728948289733,-2.4548467007090164,TIME_LIMIT,357347,0,0,32,0
4,10,3.342157e6,-6.536728948289733,-2.4548467007090164,TIME_LIMIT,357390,0,0,7,0
4,10,3.342482e6,-6.536728948289733,-2.4548467007090164,TIME_LIMIT,357421,0,0,16,0
4,10,3.342805e6,-6.536728948289733,-2.4548467007090164,TIME_LIMIT,357449,0,0,23,0
4,10,3.343134e6,-6.536728948289733,-2.4548467007090164,TIME_LIMIT,357470,0,0,32,0
4,10,3.343457e6,-6.536728948289733,-2.4548467007090164,TIME_LIMIT,357509,0,0,28,0
4,10,3.343775e6,-6.536728948289733,-2.4548467007090164,TIME_LIMIT,357532,0,0,26,0
4,10,3.3441e6,-6.536728948289733,-2.4548467007090164,TIME_LIMIT,357573,0,0,23,0
4,10,3.344455e6,-6.536728948289733,-2.4548467007090164,TIME_LIMIT,357590,0,0,35,0
4,10,3.344786e6,-6.536728948289733,-2.4548467007090164,TIME_LIMIT,357637,0,0,25,0
4,10,3.345109e6,-6.536728948289733,-2.4548467007090164,TIME_LIMIT,357657,0,0,18,0
4,10,3.345432e6,-6.536728948289733,-2.4548467007090164,TIME_LIMIT,357703,0,0,12,0
4,10,3.345759e6,-6.536728948289733,-2.4548467007090164,TIME_LIMIT,357734,0,0,32,0
4,10,3.346087e6,-6.536728948289733,-2.4548467007090164,TIME_LIMIT,357767,0,0,20,0
4,10,3.346412e6,-6.536728948289733,-2.4548467007090164,TIME_LIMIT,357796,0,0,24,0
4,10,3.346781e6,-6.536728948289733,-2.4548467007090164,TIME_LIMIT,357827,0,0,23,0
4,10,3.347117e6,-6.536728948289733,-2.4548467007090164,TIME_LIMIT,357849,0,0,28,0
4,10,3.347448e6,-6.536728948289733,-2.4548467007090164,TIME_LIMIT,357888,0,0,23,0
4,10,3.347835e6,-6.536728948289733,-2.4548467007090164,TIME_LIMIT,357914,0,0,30,0
4,10,3.348169e6,-6.536728948289733,-2.4548467007090164,TIME_LIMIT,357949,0,0,28,0
4,10,3.348496e6,-6.536728948289733,-2.4548467007090164,TIME_LIMIT,357972,0,0,31,0
4,10,3.348833e6,-6.536728948289733,-2.4548467007090164,TIME_LIMIT,358010,0,0,23,0
4,10,3.349166e6,-6.536728948289733,-2.4548467007090164,TIME_LIMIT,358031,0,0,27,0
4,10,3.349499e6,-6.536728948289733,-2.4548467007090164,TIME_LIMIT,358068,0,0,27,0
4,10,3.349827e6,-6.536728948289733,-2.4548467007090164,TIME_LIMIT,358091,0,0,24,0
4,10,3.35016e6,-6.536728948289733,-2.4548467007090164,TIME_LIMIT,358130,0,0,28,0
4,10,3.350498e6,-6.536728948289733,-2.4548467007090164,TIME_LIMIT,358152,0,0,29,0
4,10,3.350835e6,-6.536728948289733,-2.4548467007090164,TIME_LIMIT,358188,0,0,27,0
4,10,3.351172e6,-6.536728948289733,-2.4548467007090164,TIME_LIMIT,358209,0,0,33,0
4,10,3.351511e6,-6.536728948289733,-2.4548467007090164,TIME_LIMIT,358249,0,0,22,0
4,10,3.351847e6,-6.536728948289733,-2.4548467007090164,TIME_LIMIT,358273,0,0,30,0
4,10,3.352181e6,-6.536728948289733,-2.4548467007090164,TIME_LIMIT,358315,0,0,26,0
4,10,3.35252e6,-6.536728948289733,-2.4548467007090164,TIME_LIMIT,358337,0,0,30,0
4,10,3.352853e6,-6.536728948289733,-2.4548467007090164,TIME_LIMIT,358377,0,0,22,0
4,10,3.353186e6,-6.536728948289733,-2.4548467007090164,TIME_LIMIT,358400,0,0,31,0
4,10,3.353528e6,-6.536728948289733,-2.4548467007090164,TIME_LIMIT,358433,0,0,27,0
4,10,3.353863e6,-6.536728948289733,-2.4548467007090164,TIME_LIMIT,358452,0,0,26,0
4,10,3.3542e6,-6.536728948289733,-2.4548467007090164,TIME_LIMIT,358492,0,0,16,0
4,10,3.354536e6,-6.536728948289733,-2.4548467007090164,TIME_LIMIT,358511,0,0,30,0
4,10,3.354869e6,-6.536728948289733,-2.4548467007090164,TIME_LIMIT,358553,0,0,28,0
4,10,3.355209e6,-6.536728948289733,-2.4548467007090164,TIME_LIMIT,358579,0,0,29,0
4,10,3.355544e6,-6.536728948289733,-2.4548467007090164,TIME_LIMIT,358608,0,0,19,0
4,10,3.355875e6,-6.536728948289733,-2.4548467007090164,TIME_LIMIT,358631,0,0,35,0
4,10,3.356212e6,-6.536728948289733,-2.4548467007090164,TIME_LIMIT,358668,0,0,25,0
4,10,3.356551e6,-6.536728948289733,-2.4548467007090164,TIME_LIMIT,358690,0,0,35,0
4,10,3.356889e6,-6.536728948289733,-2.4548467007090164,TIME_LIMIT,358726,0,0,26,0
4,10,3.357226e6,-6.536728948289733,-2.4548467007090164,TIME_LIMIT,358749,0,0,32,0
4,10,3.357563e6,-6.536728948289733,-2.4548467007090164,TIME_LIMIT,358786,0,0,24,0
4,10,3.357898e6,-6.536728948289733,-2.4548467007090164,TIME_LIMIT,358817,0,0,26,0
4,10,3.358244e6,-6.536728948289733,-2.4548467007090164,TIME_LIMIT,358848,0,0,29,0
4,10,3.358579e6,-6.536728948289733,-2.4548467007090164,TIME_LIMIT,358870,0,0,27,0
4,10,3.358917e6,-6.536728948289733,-2.4548467007090164,TIME_LIMIT,358907,0,0,12,0
4,10,3.359254e6,-6.536728948289733,-2.4548467007090164,TIME_LIMIT,358928,0,0,26,0
4,10,3.359586e6,-6.536728948289733,-2.4548467007090164,TIME_LIMIT,358967,0,0,23,0
4,10,3.359923e6,-6.536728948289733,-2.4548467007090164,TIME_LIMIT,358985,0,0,36,0
4,10,3.360259e6,-6.536728948289733,-2.4548467007090164,TIME_LIMIT,359026,0,0,23,0
4,10,3.360598e6,-6.536728948289733,-2.4548467007090164,TIME_LIMIT,359052,0,0,33,0
4,10,3.36094e6,-6.536728948289733,-2.4548467007090164,TIME_LIMIT,359085,0,0,23,0
4,10,3.361276e6,-6.536728948289733,-2.4548467007090164,TIME_LIMIT,359102,0,0,30,0
4,10,3.361654e6,-6.536728948289733,-2.4548467007090164,TIME_LIMIT,359136,0,0,20,0
4,10,3.361988e6,-6.536728948289733,-2.4548467007090164,TIME_LIMIT,359162,0,0,21,0
4,10,3.362321e6,-6.536728948289733,-2.4548467007090164,TIME_LIMIT,359198,0,0,19,0
4,10,3.362658e6,-6.536728948289733,-2.4548467007090164,TIME_LIMIT,359227,0,0,26,0
4,10,3.362999e6,-6.536728948289733,-2.4548467007090164,TIME_LIMIT,359254,0,0,28,0
4,10,3.363336e6,-6.536728948289733,-2.4548467007090164,TIME_LIMIT,359276,0,0,20,0
4,10,3.363672e6,-6.536728948289733,-2.4548467007090164,TIME_LIMIT,359307,0,0,22,0
4,10,3.364003e6,-6.536728948289733,-2.4548467007090164,TIME_LIMIT,359324,0,0,27,0
4,10,3.364346e6,-6.536332689368911,-2.4548467007090164,TIME_LIMIT,359358,0,0,25,0
4,10,3.364682e6,-6.536332689368911,-2.4548467007090164,TIME_LIMIT,359381,0,0,38,0
4,10,3.365025e6,-6.536332689368911,-2.4548467007090164,TIME_LIMIT,359420,0,0,27,0
4,10,3.365362e6,-6.536332689368911,-2.4548467007090164,TIME_LIMIT,359441,0,0,31,0
4,10,3.365701e6,-6.536260497649028,-2.4548467007090164,TIME_LIMIT,359478,0,0,20,0
4,10,3.366033e6,-6.536260497649028,-2.4548467007090164,TIME_LIMIT,359507,0,0,26,0
4,10,3.36637e6,-6.536155791538864,-2.4548467007090164,TIME_LIMIT,359556,0,0,24,0
4,10,3.366714e6,-6.536155791538864,-2.4548467007090164,TIME_LIMIT,359584,0,0,27,0
4,10,3.36705e6,-6.536155791538864,-2.4548467007090164,TIME_LIMIT,359632,0,0,25,0
4,10,3.367393e6,-6.536155791538864,-2.4548467007090164,TIME_LIMIT,359661,0,0,37,0
4,10,3.367728e6,-6.536155791538864,-2.4548467007090164,TIME_LIMIT,359713,0,0,27,0
4,10,3.368071e6,-6.536155791538864,-2.4548467007090164,TIME_LIMIT,359737,0,0,33,0
4,10,3.368408e6,-6.536134406039874,-2.4548467007090164,TIME_LIMIT,359787,0,0,25,0
4,10,3.368743e6,-6.536134406039874,-2.4548467007090164,TIME_LIMIT,359814,0,0,20,0
4,10,3.369076e6,-6.5361140957291575,-2.4548467007090164,TIME_LIMIT,359863,0,0,13,0
4,10,3.369419e6,-6.5361140957291575,-2.4548467007090164,TIME_LIMIT,359884,0,0,32,0
4,10,3.369752e6,-6.5361140957291575,-2.4548467007090164,TIME_LIMIT,359922,0,0,22,0
4,10,3.370088e6,-6.5361140957291575,-2.4548467007090164,TIME_LIMIT,359946,0,0,25,0
4,10,3.370421e6,-6.53609880000212,-2.4548467007090164,TIME_LIMIT,359981,0,0,20,0
4,10,3.370757e6,-6.53609880000212,-2.4548467007090164,TIME_LIMIT,360001,0,0,31,0
4,10,3.371093e6,-6.5359751439051585,-2.4548467007090164,TIME_LIMIT,360036,0,0,15,0
4,10,3.371433e6,-6.5359751439051585,-2.4548467007090164,TIME_LIMIT,360060,0,0,33,0
4,10,3.371773e6,-6.5359751439051585,-2.4548467007090164,TIME_LIMIT,360104,0,0,30,0
4,10,3.372107e6,-6.5359751439051585,-2.4548467007090164,TIME_LIMIT,360127,0,0,29,0
4,10,3.372443e6,-6.5359751439051585,-2.4548467007090164,TIME_LIMIT,360175,0,0,20,0
4,10,3.372785e6,-6.5359751439051585,-2.4548467007090164,TIME_LIMIT,360198,0,0,33,0
4,10,3.37312e6,-6.535924859448954,-2.4548467007090164,TIME_LIMIT,360242,0,0,11,0
4,10,3.373456e6,-6.535924859448954,-2.4548467007090164,TIME_LIMIT,360264,0,0,23,0
4,10,3.373789e6,-6.535906132001617,-2.4548467007090164,TIME_LIMIT,360298,0,0,27,0
4,10,3.374134e6,-6.535906132001617,-2.4548467007090164,TIME_LIMIT,360333,0,0,34,0
4,10,3.374481e6,-6.535906132001617,-2.4548467007090164,TIME_LIMIT,360385,0,0,27,0
4,10,3.374823e6,-6.535906132001617,-2.4548467007090164,TIME_LIMIT,360407,0,0,32,0
4,10,3.375159e6,-6.535838828193285,-2.4548467007090164,TIME_LIMIT,360458,0,0,24,0
4,10,3.375502e6,-6.535838828193285,-2.4548467007090164,TIME_LIMIT,360485,0,0,34,0
4,10,3.375837e6,-6.535838828193285,-2.4548467007090164,TIME_LIMIT,360530,0,0,24,0
4,10,3.376174e6,-6.535838828193285,-2.4548467007090164,TIME_LIMIT,360555,0,0,14,0
4,10,3.376507e6,-6.535811458122824,-2.4548467007090164,TIME_LIMIT,360599,0,0,22,0
4,10,3.37685e6,-6.535811458122824,-2.4548467007090164,TIME_LIMIT,360622,0,0,22,0
4,10,3.377185e6,-6.535782831999325,-2.4548467007090164,TIME_LIMIT,360671,0,0,27,0
4,10,3.377564e6,-6.535782831999325,-2.4548467007090164,TIME_LIMIT,360699,0,0,27,0
4,10,3.377904e6,-6.535524033625231,-2.4548467007090164,TIME_LIMIT,360743,0,0,21,0
4,10,3.37825e6,-6.535524033625231,-2.4548467007090164,TIME_LIMIT,360765,0,0,40,0
4,10,3.378584e6,-6.535193992436365,-2.4548467007090164,TIME_LIMIT,360813,0,0,19,0
4,10,3.37892e6,-6.535193992436365,-2.4548467007090164,TIME_LIMIT,360837,0,0,30,0
4,10,3.379261e6,-6.535193992436365,-2.4548467007090164,TIME_LIMIT,360880,0,0,26,0
4,10,3.379595e6,-6.535193992436365,-2.4548467007090164,TIME_LIMIT,360906,0,0,32,0
4,10,3.379934e6,-6.535193992436365,-2.4548467007090164,TIME_LIMIT,360944,0,0,23,0
4,10,3.380274e6,-6.535193992436365,-2.4548467007090164,TIME_LIMIT,360966,0,0,33,0
4,10,3.380609e6,-6.535193992436365,-2.4548467007090164,TIME_LIMIT,361006,0,0,23,0
4,10,3.380939e6,-6.535193992436365,-2.4548467007090164,TIME_LIMIT,361032,0,0,15,0
4,10,3.381294e6,-6.535193992436365,-2.4548467007090164,TIME_LIMIT,361072,0,0,22,0
4,10,3.381646e6,-6.535193992436365,-2.4548467007090164,TIME_LIMIT,361099,0,0,35,0
4,10,3.381983e6,-6.535193992436365,-2.4548467007090164,TIME_LIMIT,361140,0,0,27,0
4,10,3.38232e6,-6.535193992436365,-2.4548467007090164,TIME_LIMIT,361168,0,0,34,0
4,10,3.382657e6,-6.535193992436365,-2.4548467007090164,TIME_LIMIT,361209,0,0,28,0
4,10,3.382993e6,-6.535193992436365,-2.4548467007090164,TIME_LIMIT,361235,0,0,38,0
4,10,3.383327e6,-6.535193992436365,-2.4548467007090164,TIME_LIMIT,361274,0,0,28,0
4,10,3.383671e6,-6.535193992436365,-2.4548467007090164,TIME_LIMIT,361295,0,0,29,0
4,10,3.384005e6,-6.535163917060643,-2.4548467007090164,TIME_LIMIT,361333,0,0,24,0
4,10,3.384345e6,-6.535163917060643,-2.4548467007090164,TIME_LIMIT,361359,0,0,21,0
4,10,3.384707e6,-6.534986747779973,-2.4548467007090164,TIME_LIMIT,361401,0,0,25,0
4,10,3.385037e6,-6.534986747779973,-2.4548467007090164,TIME_LIMIT,361429,0,0,26,0
4,10,3.385376e6,-6.534986747779973,-2.4548467007090164,TIME_LIMIT,361471,0,0,19,0
4,10,3.385713e6,-6.534986747779973,-2.4548467007090164,TIME_LIMIT,361501,0,0,22,0
4,10,3.386046e6,-6.534833322312471,-2.4548467007090164,TIME_LIMIT,361545,0,0,23,0
4,10,3.386383e6,-6.534833322312471,-2.4548467007090164,TIME_LIMIT,361574,0,0,33,0
4,10,3.386723e6,-6.534828237690391,-2.4548467007090164,TIME_LIMIT,361616,0,0,26,0
4,10,3.387065e6,-6.534828237690391,-2.4548467007090164,TIME_LIMIT,361643,0,0,48,0
4,10,3.387405e6,-6.534758649001693,-2.4548467007090164,TIME_LIMIT,361689,0,0,18,0
4,10,3.387747e6,-6.534758649001693,-2.4548467007090164,TIME_LIMIT,361719,0,0,21,0
4,10,3.38812e6,-6.534670015384645,-2.4548467007090164,TIME_LIMIT,361763,0,0,20,0
4,10,3.38846e6,-6.534670015384645,-2.4548467007090164,TIME_LIMIT,361785,0,0,26,0
4,10,3.388793e6,-6.534670015384645,-2.4548467007090164,TIME_LIMIT,361832,0,0,19,0
4,10,3.389129e6,-6.534670015384645,-2.4548467007090164,TIME_LIMIT,361867,0,0,35,0
4,10,3.389467e6,-6.534670015384645,-2.4548467007090164,TIME_LIMIT,361911,0,0,22,0
4,10,3.389797e6,-6.534670015384645,-2.4548467007090164,TIME_LIMIT,361940,0,0,29,0
4,10,3.390136e6,-6.534670015384645,-2.4548467007090164,TIME_LIMIT,361986,0,0,24,0
4,10,3.390467e6,-6.534670015384645,-2.4548467007090164,TIME_LIMIT,362007,0,0,24,0
4,10,3.3908e6,-6.534670015384645,-2.4548467007090164,TIME_LIMIT,362051,0,0,15,0
4,10,3.391178e6,-6.534670015384645,-2.4548467007090164,TIME_LIMIT,362078,0,0,30,0
4,10,3.391542e6,-6.534670015384645,-2.4548467007090164,TIME_LIMIT,362119,0,0,21,0
4,10,3.391901e6,-6.534670015384645,-2.4548467007090164,TIME_LIMIT,362161,0,0,29,0
4,10,3.392234e6,-6.534670015384645,-2.4548467007090164,TIME_LIMIT,362200,0,0,23,0
4,10,3.392567e6,-6.534670015384645,-2.4548467007090164,TIME_LIMIT,362225,0,0,27,0
4,10,3.392899e6,-6.534670015384645,-2.4548467007090164,TIME_LIMIT,362267,0,0,23,0
4,10,3.393235e6,-6.534670015384645,-2.4548467007090164,TIME_LIMIT,362292,0,0,33,0
4,10,3.39356e6,-6.534670015384645,-2.4548467007090164,TIME_LIMIT,362335,0,0,21,0
4,10,3.3939e6,-6.534670015384645,-2.4548467007090164,TIME_LIMIT,362355,0,0,25,0
4,10,3.394233e6,-6.534670015384645,-2.4548467007090164,TIME_LIMIT,362394,0,0,21,0
4,10,3.394609e6,-6.534670015384645,-2.4548467007090164,TIME_LIMIT,362416,0,0,29,0
4,10,3.394949e6,-6.534670015384645,-2.4548467007090164,TIME_LIMIT,362464,0,0,21,0
4,10,3.395283e6,-6.534670015384645,-2.4548467007090164,TIME_LIMIT,362492,0,0,16,0
4,10,3.395619e6,-6.534670015384645,-2.4548467007090164,TIME_LIMIT,362531,0,0,23,0
4,10,3.395957e6,-6.534670015384645,-2.4548467007090164,TIME_LIMIT,362560,0,0,31,0
4,10,3.396292e6,-6.534670015384645,-2.4548467007090164,TIME_LIMIT,362597,0,0,22,0
4,10,3.396624e6,-6.534670015384645,-2.4548467007090164,TIME_LIMIT,362622,0,0,23,0
4,10,3.39696e6,-6.534670015384645,-2.4548467007090164,TIME_LIMIT,362662,0,0,13,0
4,10,3.397292e6,-6.534670015384645,-2.4548467007090164,TIME_LIMIT,362696,0,0,31,0
4,10,3.397629e6,-6.534670015384645,-2.4548467007090164,TIME_LIMIT,362728,0,0,25,0
4,10,3.397968e6,-6.534670015384645,-2.4548467007090164,TIME_LIMIT,362757,0,0,26,0
4,10,3.398303e6,-6.534670015384645,-2.4548467007090164,TIME_LIMIT,362800,0,0,23,0
4,10,3.39864e6,-6.534670015384645,-2.4548467007090164,TIME_LIMIT,362826,0,0,25,0
4,10,3.398977e6,-6.534670015384645,-2.4548467007090164,TIME_LIMIT,362859,0,0,17,0
4,10,3.399311e6,-6.534670015384645,-2.4548467007090164,TIME_LIMIT,362885,0,0,27,0
4,10,3.399649e6,-6.534670015384645,-2.4548467007090164,TIME_LIMIT,362929,0,0,18,0
4,10,3.399981e6,-6.534670015384645,-2.4548467007090164,TIME_LIMIT,362957,0,0,27,0
4,10,3.400318e6,-6.534670015384645,-2.4548467007090164,TIME_LIMIT,362994,0,0,22,0
4,10,3.40066e6,-6.534670015384645,-2.4548467007090164,TIME_LIMIT,363027,0,0,30,0
4,10,3.40099e6,-6.534670015384645,-2.4548467007090164,TIME_LIMIT,363069,0,0,23,0
4,10,3.401326e6,-6.534670015384645,-2.4548467007090164,TIME_LIMIT,363097,0,0,25,0
4,10,3.40166e6,-6.534670015384645,-2.4548467007090164,TIME_LIMIT,363134,0,0,17,0
4,10,3.401998e6,-6.534670015384645,-2.4548467007090164,TIME_LIMIT,363157,0,0,26,0
4,10,3.402334e6,-6.534670015384645,-2.4548467007090164,TIME_LIMIT,363193,0,0,22,0
4,10,3.402668e6,-6.534670015384645,-2.4548467007090164,TIME_LIMIT,363219,0,0,15,0
4,10,3.403002e6,-6.534670015384645,-2.4548467007090164,TIME_LIMIT,363257,0,0,23,0
4,10,3.403339e6,-6.534670015384645,-2.4548467007090164,TIME_LIMIT,363277,0,0,25,0
4,10,3.403672e6,-6.534670015384645,-2.4548467007090164,TIME_LIMIT,363320,0,0,22,0
4,10,3.404008e6,-6.534670015384645,-2.4548467007090164,TIME_LIMIT,363344,0,0,25,0
4,10,3.404338e6,-6.534670015384645,-2.4548467007090164,TIME_LIMIT,363382,0,0,10,0
4,10,3.404675e6,-6.534670015384645,-2.4548467007090164,TIME_LIMIT,363413,0,0,25,0
4,10,3.405012e6,-6.534670015384645,-2.4548467007090164,TIME_LIMIT,363446,0,0,26,0
4,10,3.405341e6,-6.534670015384645,-2.4548467007090164,TIME_LIMIT,363474,0,0,28,0
4,10,3.40568e6,-6.534670015384645,-2.4548467007090164,TIME_LIMIT,363515,0,0,17,0
4,10,3.406012e6,-6.534670015384645,-2.4548467007090164,TIME_LIMIT,363538,0,0,21,0
4,10,3.406347e6,-6.534670015384645,-2.4548467007090164,TIME_LIMIT,363571,0,0,21,0
4,10,3.40668e6,-6.534670015384645,-2.4548467007090164,TIME_LIMIT,363595,0,0,17,0
4,10,3.407013e6,-6.534670015384645,-2.4548467007090164,TIME_LIMIT,363635,0,0,22,0
4,10,3.407347e6,-6.534670015384645,-2.4548467007090164,TIME_LIMIT,363663,0,0,25,0
4,10,3.407681e6,-6.534670015384645,-2.4548467007090164,TIME_LIMIT,363698,0,0,15,0
4,10,3.408021e6,-6.534670015384645,-2.4548467007090164,TIME_LIMIT,363720,0,0,25,0
4,10,3.408351e6,-6.534654973852145,-2.4548467007090164,TIME_LIMIT,363761,0,0,18,0
4,10,3.408687e6,-6.534654973852145,-2.4548467007090164,TIME_LIMIT,363788,0,0,36,0
4,10,3.409024e6,-6.534491336817116,-2.4548467007090164,TIME_LIMIT,363835,0,0,23,0
4,10,3.409361e6,-6.534491336817116,-2.4548467007090164,TIME_LIMIT,363858,0,0,25,0
4,10,3.40969e6,-6.534438272592741,-2.4548467007090164,TIME_LIMIT,363894,0,0,23,0
4,10,3.41003e6,-6.534438272592741,-2.4548467007090164,TIME_LIMIT,363924,0,0,37,0
4,10,3.410368e6,-6.534438272592741,-2.4548467007090164,TIME_LIMIT,363967,0,0,12,0
4,10,3.410705e6,-6.534438272592741,-2.4548467007090164,TIME_LIMIT,364002,0,0,33,0
4,10,3.411038e6,-6.534438272592741,-2.4548467007090164,TIME_LIMIT,364034,0,0,24,0
4,10,3.411383e6,-6.534438272592741,-2.4548467007090164,TIME_LIMIT,364057,0,0,35,0
4,10,3.411721e6,-6.534438272592741,-2.4548467007090164,TIME_LIMIT,364103,0,0,29,0
4,10,3.412099e6,-6.534438272592741,-2.4548467007090164,TIME_LIMIT,364126,0,0,21,0
4,10,3.412431e6,-6.534438272592741,-2.4548467007090164,TIME_LIMIT,364169,0,0,24,0
4,10,3.412771e6,-6.534438272592741,-2.4548467007090164,TIME_LIMIT,364200,0,0,33,0
4,10,3.413103e6,-6.534438272592741,-2.4548467007090164,TIME_LIMIT,364227,0,0,28,0
4,10,3.413443e6,-6.534438272592741,-2.4548467007090164,TIME_LIMIT,364247,0,0,34,0
4,10,3.413777e6,-6.534438272592741,-2.4548467007090164,TIME_LIMIT,364290,0,0,22,0
4,10,3.414115e6,-6.534438272592741,-2.4548467007090164,TIME_LIMIT,364314,0,0,27,0
4,10,3.414449e6,-6.534438272592741,-2.4548467007090164,TIME_LIMIT,364350,0,0,25,0
4,10,3.41479e6,-6.534438272592741,-2.4548467007090164,TIME_LIMIT,364380,0,0,37,0
4,10,3.415126e6,-6.534438272592741,-2.4548467007090164,TIME_LIMIT,364420,0,0,20,0
4,10,3.415463e6,-6.534438272592741,-2.4548467007090164,TIME_LIMIT,364442,0,0,32,0
4,10,3.415791e6,-6.534438272592741,-2.4548467007090164,TIME_LIMIT,364481,0,0,23,0
4,10,3.416133e6,-6.534438272592741,-2.4548467007090164,TIME_LIMIT,364501,0,0,17,0
4,10,3.416469e6,-6.534438272592741,-2.4548467007090164,TIME_LIMIT,364537,0,0,23,0
4,10,3.416802e6,-6.534438272592741,-2.4548467007090164,TIME_LIMIT,364558,0,0,21,0
4,10,3.417137e6,-6.534438272592741,-2.4548467007090164,TIME_LIMIT,364598,0,0,26,0
4,10,3.417476e6,-6.534438272592741,-2.4548467007090164,TIME_LIMIT,364630,0,0,35,0
4,10,3.417811e6,-6.534438272592741,-2.4548467007090164,TIME_LIMIT,364660,0,0,29,0
4,10,3.418149e6,-6.534438272592741,-2.4548467007090164,TIME_LIMIT,364688,0,0,35,0
4,10,3.418481e6,-6.534438272592741,-2.4548467007090164,TIME_LIMIT,364721,0,0,22,0
4,10,3.418815e6,-6.534438272592741,-2.4548467007090164,TIME_LIMIT,364746,0,0,30,0
4,10,3.419151e6,-6.534438272592741,-2.4548467007090164,TIME_LIMIT,364778,0,0,20,0
4,10,3.419487e6,-6.534438272592741,-2.4548467007090164,TIME_LIMIT,364798,0,0,37,0
4,10,3.419823e6,-6.534438272592741,-2.4548467007090164,TIME_LIMIT,364838,0,0,25,0
4,10,3.420162e6,-6.534438272592741,-2.4548467007090164,TIME_LIMIT,364860,0,0,28,0
4,10,3.420492e6,-6.534438272592741,-2.4548467007090164,TIME_LIMIT,364899,0,0,22,0
4,10,3.420823e6,-6.534438272592741,-2.4548467007090164,TIME_LIMIT,364917,0,0,30,0
4,10,3.421158e6,-6.534438272592741,-2.4548467007090164,TIME_LIMIT,364954,0,0,21,0
4,10,3.421504e6,-6.534438272592741,-2.4548467007090164,TIME_LIMIT,364974,0,0,37,0
4,10,3.421838e6,-6.534438272592741,-2.4548467007090164,TIME_LIMIT,365005,0,0,23,0
4,10,3.422171e6,-6.534438272592741,-2.4548467007090164,TIME_LIMIT,365031,0,0,22,0
4,10,3.422508e6,-6.534355646600828,-2.4548467007090164,TIME_LIMIT,365066,0,0,21,0
4,10,3.422847e6,-6.534355646600828,-2.4548467007090164,TIME_LIMIT,365103,0,0,43,0
4,10,3.423177e6,-6.534355646600828,-2.4548467007090164,TIME_LIMIT,365151,0,0,27,0
4,10,3.423516e6,-6.534355646600828,-2.4548467007090164,TIME_LIMIT,365172,0,0,32,0
4,10,3.423855e6,-6.534355646600828,-2.4548467007090164,TIME_LIMIT,365224,0,0,25,0
4,10,3.424185e6,-6.534355646600828,-2.4548467007090164,TIME_LIMIT,365256,0,0,31,0
4,10,3.424526e6,-6.534355646600828,-2.4548467007090164,TIME_LIMIT,365307,0,0,19,0
4,10,3.424898e6,-6.534355646600828,-2.4548467007090164,TIME_LIMIT,365334,0,0,36,0
4,10,3.425249e6,-6.534355646600828,-2.4548467007090164,TIME_LIMIT,365375,0,0,30,0
4,10,3.425585e6,-6.534355646600828,-2.4548467007090164,TIME_LIMIT,365398,0,0,36,0
4,10,3.42592e6,-6.534355646600828,-2.4548467007090164,TIME_LIMIT,365448,0,0,21,0
4,10,3.426257e6,-6.534355646600828,-2.4548467007090164,TIME_LIMIT,365477,0,0,32,0
4,10,3.426589e6,-6.534355646600828,-2.4548467007090164,TIME_LIMIT,365525,0,0,26,0
4,10,3.426923e6,-6.534355646600828,-2.4548467007090164,TIME_LIMIT,365555,0,0,38,0
4,10,3.427254e6,-6.534355646600828,-2.4548467007090164,TIME_LIMIT,365602,0,0,9,0
4,10,3.427596e6,-6.534355646600828,-2.4548467007090164,TIME_LIMIT,365635,0,0,12,0
4,10,3.427927e6,-6.534355646600828,-2.4548467007090164,TIME_LIMIT,365681,0,0,8,0
4,10,3.428282e6,-6.534355646600828,-2.4548467007090164,TIME_LIMIT,365724,0,0,27,0
4,10,3.428622e6,-6.534355646600828,-2.4548467007090164,TIME_LIMIT,365756,0,0,31,0
4,10,3.428951e6,-6.534355646600828,-2.4548467007090164,TIME_LIMIT,365794,0,0,23,0
4,10,3.429287e6,-6.534354769829901,-2.4548467007090164,TIME_LIMIT,365827,0,0,32,0
4,10,3.42963e6,-6.534354769829901,-2.4548467007090164,TIME_LIMIT,365859,0,0,32,0
4,10,3.429962e6,-6.534354769829901,-2.4548467007090164,TIME_LIMIT,365894,0,0,25,0
4,10,3.430332e6,-6.534354769829901,-2.4548467007090164,TIME_LIMIT,365920,0,0,36,0
4,10,3.430662e6,-6.534354769829901,-2.4548467007090164,TIME_LIMIT,365961,0,0,25,0
4,10,3.431e6,-6.534354769829901,-2.4548467007090164,TIME_LIMIT,365987,0,0,38,0
4,10,3.431349e6,-6.534087129243987,-2.4548467007090164,TIME_LIMIT,366026,0,0,24,0
4,10,3.431708e6,-6.534087129243987,-2.4548467007090164,TIME_LIMIT,366058,0,0,24,0
4,10,3.43204e6,-6.533757437085313,-2.4548467007090164,TIME_LIMIT,366100,0,0,27,0
4,10,3.432375e6,-6.533757437085313,-2.4548467007090164,TIME_LIMIT,366129,0,0,28,0
4,10,3.432706e6,-6.533490305752023,-2.4548467007090164,TIME_LIMIT,366161,0,0,19,0
4,10,3.433037e6,-6.533490305752023,-2.4548467007090164,TIME_LIMIT,366187,0,0,32,0
4,10,3.433374e6,-6.533490305752023,-2.4548467007090164,TIME_LIMIT,366234,0,0,22,0
4,10,3.433712e6,-6.533490305752023,-2.4548467007090164,TIME_LIMIT,366273,0,0,32,0
4,10,3.434046e6,-6.533490305752023,-2.4548467007090164,TIME_LIMIT,366324,0,0,29,0
4,10,3.434381e6,-6.533490305752023,-2.4548467007090164,TIME_LIMIT,366344,0,0,27,0
4,10,3.434761e6,-6.533490305752023,-2.4548467007090164,TIME_LIMIT,366390,0,0,26,0
4,10,3.435101e6,-6.533490305752023,-2.4548467007090164,TIME_LIMIT,366421,0,0,36,0
4,10,3.435434e6,-6.533490305752023,-2.4548467007090164,TIME_LIMIT,366471,0,0,27,0
4,10,3.435776e6,-6.533490305752023,-2.4548467007090164,TIME_LIMIT,366500,0,0,39,0
4,10,3.436114e6,-6.533490305752023,-2.4548467007090164,TIME_LIMIT,366554,0,0,29,0
4,10,3.43645e6,-6.533490305752023,-2.4548467007090164,TIME_LIMIT,366585,0,0,35,0
4,10,3.436784e6,-6.533490305752023,-2.4548467007090164,TIME_LIMIT,366635,0,0,22,0
4,10,3.437122e6,-6.533490305752023,-2.4548467007090164,TIME_LIMIT,366657,0,0,31,0
4,10,3.437452e6,-6.533490305752023,-2.4548467007090164,TIME_LIMIT,366705,0,0,25,0
4,10,3.437793e6,-6.533490305752023,-2.4548467007090164,TIME_LIMIT,366732,0,0,39,0
4,10,3.438129e6,-6.533490305752023,-2.490921436783419,TIME_LIMIT,366777,0,0,29,0
4,10,3.438467e6,-6.533490305752023,-2.490921436783419,TIME_LIMIT,366808,0,0,31,0
4,10,3.438804e6,-6.533472053956421,-2.490921436783419,TIME_LIMIT,366852,0,0,23,0
4,10,3.439135e6,-6.533472053956421,-2.490921436783419,TIME_LIMIT,366881,0,0,38,0
4,10,3.439472e6,-6.533472053956421,-2.490921436783419,TIME_LIMIT,366928,0,0,25,0
4,10,3.439803e6,-6.533472053956421,-2.490921436783419,TIME_LIMIT,366953,0,0,34,0
4,10,3.440142e6,-6.533472053956421,-2.490921436783419,TIME_LIMIT,367003,0,0,27,0
4,10,3.440475e6,-6.533472053956421,-2.490921436783419,TIME_LIMIT,367029,0,0,34,0
4,10,3.440811e6,-6.533472053956421,-2.490921436783419,TIME_LIMIT,367076,0,0,23,0
4,10,3.441144e6,-6.533472053956421,-2.490921436783419,TIME_LIMIT,367099,0,0,30,0
4,10,3.441483e6,-6.533471903837549,-2.490921436783419,TIME_LIMIT,367141,0,0,21,0
4,10,3.441816e6,-6.533471903837549,-2.490921436783419,TIME_LIMIT,367165,0,0,32,0
4,10,3.442152e6,-6.533471903837549,-2.490921436783419,TIME_LIMIT,367211,0,0,24,0
4,10,3.442488e6,-6.533471903837549,-2.490921436783419,TIME_LIMIT,367237,0,0,29,0
4,10,3.44282e6,-6.533471903837549,-2.490921436783419,TIME_LIMIT,367281,0,0,25,0
4,10,3.443156e6,-6.533471903837549,-2.490921436783419,TIME_LIMIT,367299,0,0,30,0
4,10,3.443492e6,-6.533471903837549,-2.490921436783419,TIME_LIMIT,367343,0,0,8,0
4,10,3.443825e6,-6.533471903837549,-2.490921436783419,TIME_LIMIT,367363,0,0,26,0
4,10,3.444163e6,-6.533471903837549,-2.490921436783419,TIME_LIMIT,367406,0,0,24,0
4,10,3.444499e6,-6.533471903837549,-2.490921436783419,TIME_LIMIT,367428,0,0,26,0
4,10,3.444833e6,-6.533471903837549,-2.490921436783419,TIME_LIMIT,367463,0,0,10,0
4,10,3.445167e6,-6.533471903837549,-2.490921436783419,TIME_LIMIT,367498,0,0,22,0
4,10,3.445496e6,-6.5333359234155886,-2.490921436783419,TIME_LIMIT,367523,0,0,14,0
4,10,3.445836e6,-6.5333359234155886,-2.490921436783419,TIME_LIMIT,367544,0,0,31,0
4,10,3.446172e6,-6.5333359234155886,-2.490921436783419,TIME_LIMIT,367595,0,0,20,0
4,10,3.446509e6,-6.5333359234155886,-2.490921436783419,TIME_LIMIT,367625,0,0,37,0
4,10,3.446841e6,-6.5333359234155886,-2.490921436783419,TIME_LIMIT,367669,0,0,29,0
4,10,3.44718e6,-6.5333359234155886,-2.490921436783419,TIME_LIMIT,367695,0,0,41,0
4,10,3.447509e6,-6.5333359234155886,-2.490921436783419,TIME_LIMIT,367739,0,0,16,0
4,10,3.447849e6,-6.5333359234155886,-2.490921436783419,TIME_LIMIT,367763,0,0,35,0
4,10,3.44818e6,-6.5333359234155886,-2.490921436783419,TIME_LIMIT,367805,0,0,11,0
4,10,3.448517e6,-6.5333359234155886,-2.490921436783419,TIME_LIMIT,367829,0,0,40,0
4,10,3.448851e6,-6.5333359234155886,-2.490921436783419,TIME_LIMIT,367874,0,0,12,0
4,10,3.449189e6,-6.5333359234155886,-2.490921436783419,TIME_LIMIT,367903,0,0,37,0
4,10,3.449522e6,-6.5333359234155886,-2.490921436783419,TIME_LIMIT,367947,0,0,27,0
4,10,3.449894e6,-6.5333359234155886,-2.490921436783419,TIME_LIMIT,367980,0,0,46,0
4,10,3.450228e6,-6.5333359234155886,-2.490921436783419,TIME_LIMIT,368025,0,0,16,0
4,10,3.450571e6,-6.5333359234155886,-2.490921436783419,TIME_LIMIT,368053,0,0,48,0
4,10,3.450902e6,-6.5333359234155886,-2.490921436783419,TIME_LIMIT,368099,0,0,20,0
4,10,3.451241e6,-6.5333359234155886,-2.490921436783419,TIME_LIMIT,368122,0,0,41,0
4,10,3.451578e6,-6.5333359234155886,-2.490921436783419,TIME_LIMIT,368165,0,0,26,0
4,10,3.451913e6,-6.5333359234155886,-2.490921436783419,TIME_LIMIT,368189,0,0,25,0
4,10,3.452247e6,-6.5333359234155886,-2.490921436783419,TIME_LIMIT,368228,0,0,20,0
4,10,3.452585e6,-6.5333359234155886,-2.490921436783419,TIME_LIMIT,368259,0,0,24,0
4,10,3.452921e6,-6.5333359234155886,-2.490921436783419,TIME_LIMIT,368295,0,0,26,0
4,10,3.453251e6,-6.5333359234155886,-2.490921436783419,TIME_LIMIT,368321,0,0,42,0
4,10,3.453587e6,-6.5333359234155886,-2.490921436783419,TIME_LIMIT,368358,0,0,24,0
4,10,3.453919e6,-6.5333359234155886,-2.490921436783419,TIME_LIMIT,368381,0,0,25,0
4,10,3.454257e6,-6.5333359234155886,-2.490921436783419,TIME_LIMIT,368419,0,0,26,0
4,10,3.45459e6,-6.5333359234155886,-2.490921436783419,TIME_LIMIT,368454,0,0,33,0
4,10,3.454927e6,-6.5333359234155886,-2.490921436783419,TIME_LIMIT,368482,0,0,31,0
4,10,3.455263e6,-6.5333359234155886,-2.490921436783419,TIME_LIMIT,368509,0,0,29,0
4,10,3.455595e6,-6.5333359234155886,-2.490921436783419,TIME_LIMIT,368552,0,0,27,0
4,10,3.455935e6,-6.5333359234155886,-2.490921436783419,TIME_LIMIT,368586,0,0,33,0
4,10,3.456268e6,-6.5333359234155886,-2.490921436783419,TIME_LIMIT,368628,0,0,26,0
4,10,3.456603e6,-6.5333359234155886,-2.490921436783419,TIME_LIMIT,368652,0,0,43,0
4,10,3.456935e6,-6.5333359234155886,-2.490921436783419,TIME_LIMIT,368691,0,0,22,0
4,10,3.457271e6,-6.5333359234155886,-2.490921436783419,TIME_LIMIT,368717,0,0,25,0
4,10,3.457606e6,-6.5333359234155886,-2.490921436783419,TIME_LIMIT,368757,0,0,22,0
4,10,3.457939e6,-6.5333359234155886,-2.490921436783419,TIME_LIMIT,368776,0,0,26,0
4,10,3.458275e6,-6.5333359234155886,-2.490921436783419,TIME_LIMIT,368816,0,0,28,0
4,10,3.458614e6,-6.5333359234155886,-2.490921436783419,TIME_LIMIT,368842,0,0,38,0
4,10,3.458946e6,-6.5333359234155886,-2.490921436783419,TIME_LIMIT,368878,0,0,17,0
4,10,3.459281e6,-6.5333359234155886,-2.490921436783419,TIME_LIMIT,368905,0,0,24,0
4,10,3.459614e6,-6.5333359234155886,-2.490921436783419,TIME_LIMIT,368951,0,0,26,0
4,10,3.459949e6,-6.5333359234155886,-2.490921436783419,TIME_LIMIT,368975,0,0,30,0
4,10,3.460279e6,-6.5333359234155886,-2.490921436783419,TIME_LIMIT,369013,0,0,21,0
4,10,3.460617e6,-6.5333359234155886,-2.490921436783419,TIME_LIMIT,369040,0,0,32,0
4,10,3.46095e6,-6.5333359234155886,-2.490921436783419,TIME_LIMIT,369080,0,0,24,0
4,10,3.461286e6,-6.5333359234155886,-2.490921436783419,TIME_LIMIT,369104,0,0,26,0
4,10,3.461619e6,-6.5333359234155886,-2.490921436783419,TIME_LIMIT,369144,0,0,24,0
4,10,3.461951e6,-6.5333359234155886,-2.490921436783419,TIME_LIMIT,369167,0,0,41,0
4,10,3.462286e6,-6.5333359234155886,-2.490921436783419,TIME_LIMIT,369211,0,0,11,0
4,10,3.462616e6,-6.5333359234155886,-2.490921436783419,TIME_LIMIT,369239,0,0,31,0
4,10,3.46295e6,-6.5333359234155886,-2.490921436783419,TIME_LIMIT,369278,0,0,29,0
4,10,3.463281e6,-6.5333359234155886,-2.490921436783419,TIME_LIMIT,369309,0,0,27,0
4,10,3.463615e6,-6.5333359234155886,-2.490921436783419,TIME_LIMIT,369344,0,0,25,0
4,10,3.463952e6,-6.5333359234155886,-2.490921436783419,TIME_LIMIT,369364,0,0,36,0
4,10,3.464287e6,-6.5333359234155886,-2.490921436783419,TIME_LIMIT,369405,0,0,20,0
4,10,3.464624e6,-6.5333359234155886,-2.490921436783419,TIME_LIMIT,369442,0,0,37,0
4,10,3.464967e6,-6.5333359234155886,-2.490921436783419,TIME_LIMIT,369477,0,0,26,0
4,10,3.465297e6,-6.5333359234155886,-2.490921436783419,TIME_LIMIT,369506,0,0,39,0
4,10,3.465634e6,-6.5333359234155886,-2.490921436783419,TIME_LIMIT,369546,0,0,25,0
4,10,3.465964e6,-6.5333359234155886,-2.490921436783419,TIME_LIMIT,369571,0,0,38,0
4,10,3.466294e6,-6.5333359234155886,-2.490921436783419,TIME_LIMIT,369610,0,0,24,0
4,10,3.466632e6,-6.5333359234155886,-2.490921436783419,TIME_LIMIT,369631,0,0,17,0
4,10,3.466964e6,-6.5333359234155886,-2.490921436783419,TIME_LIMIT,369671,0,0,13,0
4,10,3.467297e6,-6.5333359234155886,-2.490921436783419,TIME_LIMIT,369690,0,0,29,0
4,10,3.467632e6,-6.5333359234155886,-2.490921436783419,TIME_LIMIT,369730,0,0,19,0
4,10,3.467966e6,-6.5333359234155886,-2.490921436783419,TIME_LIMIT,369757,0,0,40,0
4,10,3.468328e6,-6.5333359234155886,-2.490921436783419,TIME_LIMIT,369796,0,0,26,0
4,10,3.468664e6,-6.5333359234155886,-2.490921436783419,TIME_LIMIT,369827,0,0,36,0
4,10,3.468995e6,-6.5333359234155886,-2.490921436783419,TIME_LIMIT,369863,0,0,17,0
4,10,3.46934e6,-6.5333359234155886,-2.490921436783419,TIME_LIMIT,369883,0,0,38,0
4,10,3.469676e6,-6.5333359234155886,-2.490921436783419,TIME_LIMIT,369921,0,0,23,0
4,10,3.470014e6,-6.5333359234155886,-2.490921436783419,TIME_LIMIT,369943,0,0,27,0
4,10,3.470381e6,-6.5333359234155886,-2.490921436783419,TIME_LIMIT,369975,0,0,21,0
4,10,3.470716e6,-6.5333359234155886,-2.490921436783419,TIME_LIMIT,370006,0,0,32,0
4,10,3.471051e6,-6.5333359234155886,-2.490921436783419,TIME_LIMIT,370032,0,0,26,0
4,10,3.471395e6,-6.5333359234155886,-2.490921436783419,TIME_LIMIT,370055,0,0,31,0
4,10,3.471746e6,-6.5333359234155886,-2.490921436783419,TIME_LIMIT,370094,0,0,24,0
4,10,3.472085e6,-6.5333359234155886,-2.490921436783419,TIME_LIMIT,370119,0,0,37,0
4,10,3.47242e6,-6.5333359234155886,-2.490921436783419,TIME_LIMIT,370159,0,0,28,0
4,10,3.472769e6,-6.5333359234155886,-2.490921436783419,TIME_LIMIT,370183,0,0,37,0
4,10,3.47312e6,-6.5333359234155886,-2.490921436783419,TIME_LIMIT,370215,0,0,22,0
4,10,3.473465e6,-6.5333359234155886,-2.490921436783419,TIME_LIMIT,370242,0,0,43,0
4,10,3.473815e6,-6.5333359234155886,-2.490921436783419,TIME_LIMIT,370279,0,0,27,0
4,10,3.474151e6,-6.5333359234155886,-2.490921436783419,TIME_LIMIT,370305,0,0,26,0
4,10,3.4745e6,-6.5333359234155886,-2.490921436783419,TIME_LIMIT,370345,0,0,13,0
4,10,3.474883e6,-6.5333359234155886,-2.490921436783419,TIME_LIMIT,370366,0,0,28,0
4,10,3.475236e6,-6.5333359234155886,-2.490921436783419,TIME_LIMIT,370405,0,0,18,0
4,10,3.475581e6,-6.5333359234155886,-2.490921436783419,TIME_LIMIT,370426,0,0,23,0
4,10,3.475919e6,-6.5333359234155886,-2.490921436783419,TIME_LIMIT,370463,0,0,17,0
4,10,3.476257e6,-6.5333359234155886,-2.490921436783419,TIME_LIMIT,370481,0,0,28,0
4,10,3.476597e6,-6.5333359234155886,-2.490921436783419,TIME_LIMIT,370518,0,0,23,0
4,10,3.47694e6,-6.5333359234155886,-2.490921436783419,TIME_LIMIT,370541,0,0,32,0
4,10,3.477282e6,-6.5333359234155886,-2.490921436783419,TIME_LIMIT,370583,0,0,13,0
4,10,3.477634e6,-6.5333359234155886,-2.490921436783419,TIME_LIMIT,370610,0,0,30,0
4,10,3.477983e6,-6.5333359234155886,-2.490921436783419,TIME_LIMIT,370645,0,0,26,0
4,10,3.478376e6,-6.5333359234155886,-2.490921436783419,TIME_LIMIT,370669,0,0,36,0
4,10,3.478718e6,-6.5333359234155886,-2.490921436783419,TIME_LIMIT,370702,0,0,24,0
4,10,3.479071e6,-6.5333359234155886,-2.490921436783419,TIME_LIMIT,370730,0,0,27,0
4,10,3.479418e6,-6.5333359234155886,-2.490921436783419,TIME_LIMIT,370762,0,0,30,0
4,10,3.479769e6,-6.5333359234155886,-2.490921436783419,TIME_LIMIT,370793,0,0,18,0
4,10,3.480111e6,-6.5333359234155886,-2.490921436783419,TIME_LIMIT,370825,0,0,27,0
4,10,3.480455e6,-6.5333359234155886,-2.490921436783419,TIME_LIMIT,370846,0,0,16,0
4,10,3.480797e6,-6.5333359234155886,-2.490921436783419,TIME_LIMIT,370882,0,0,26,0
4,10,3.481136e6,-6.5333359234155886,-2.490921436783419,TIME_LIMIT,370900,0,0,33,0
4,10,3.481483e6,-6.5333359234155886,-2.490921436783419,TIME_LIMIT,370941,0,0,26,0
4,10,3.481823e6,-6.5333359234155886,-2.490921436783419,TIME_LIMIT,370967,0,0,36,0
4,10,3.482169e6,-6.5333359234155886,-2.490921436783419,TIME_LIMIT,371005,0,0,31,0
4,10,3.482509e6,-6.5333359234155886,-2.490921436783419,TIME_LIMIT,371022,0,0,19,0
4,10,3.482854e6,-6.5333359234155886,-2.490921436783419,TIME_LIMIT,371057,0,0,23,0
4,10,3.483191e6,-6.5333359234155886,-2.490921436783419,TIME_LIMIT,371085,0,0,29,0
4,10,3.483542e6,-6.5333359234155886,-2.490921436783419,TIME_LIMIT,371109,0,0,22,0
4,10,3.483893e6,-6.5333359234155886,-2.490921436783419,TIME_LIMIT,371130,0,0,25,0
4,10,3.484239e6,-6.533277625211391,-2.490921436783419,TIME_LIMIT,371158,0,0,23,0
4,10,3.484589e6,-6.533277625211391,-2.490921436783419,TIME_LIMIT,371178,0,0,31,0
4,10,3.484932e6,-6.533277625211391,-2.490921436783419,TIME_LIMIT,371212,0,0,22,0
4,10,3.485282e6,-6.533277625211391,-2.490921436783419,TIME_LIMIT,371240,0,0,34,0
4,10,3.485625e6,-6.533277625211391,-2.490921436783419,TIME_LIMIT,371284,0,0,26,0
4,10,3.485967e6,-6.533277625211391,-2.490921436783419,TIME_LIMIT,371310,0,0,25,0
4,10,3.486315e6,-6.533277625211391,-2.490921436783419,TIME_LIMIT,371354,0,0,21,0
4,10,3.486663e6,-6.533277625211391,-2.490921436783419,TIME_LIMIT,371375,0,0,36,0
4,10,3.487011e6,-6.533277625211391,-2.490921436783419,TIME_LIMIT,371419,0,0,26,0
4,10,3.487357e6,-6.533277625211391,-2.490921436783419,TIME_LIMIT,371442,0,0,31,0
4,10,3.487698e6,-6.533277625211391,-2.490921436783419,TIME_LIMIT,371484,0,0,23,0
4,10,3.488044e6,-6.533277625211391,-2.490921436783419,TIME_LIMIT,371512,0,0,42,0
4,10,3.48839e6,-6.533277625211391,-2.490921436783419,TIME_LIMIT,371555,0,0,12,0
4,10,3.488738e6,-6.533277625211391,-2.490921436783419,TIME_LIMIT,371582,0,0,42,0
4,10,3.489082e6,-6.533129538537096,-2.490921436783419,TIME_LIMIT,371624,0,0,27,0
4,10,3.489425e6,-6.533129538537096,-2.490921436783419,TIME_LIMIT,371645,0,0,35,0
4,10,3.489766e6,-6.532885188729728,-2.490921436783419,TIME_LIMIT,371684,0,0,25,0
4,10,3.490113e6,-6.532885188729728,-2.490921436783419,TIME_LIMIT,371710,0,0,40,0
4,10,3.490459e6,-6.532885188729728,-2.490921436783419,TIME_LIMIT,371756,0,0,22,0
4,10,3.490825e6,-6.532885188729728,-2.490921436783419,TIME_LIMIT,371783,0,0,29,0
4,10,3.491182e6,-6.532870427546769,-2.490921436783419,TIME_LIMIT,371822,0,0,23,0
4,10,3.491524e6,-6.532870427546769,-2.490921436783419,TIME_LIMIT,371854,0,0,15,0
4,10,3.491869e6,-6.532866386811197,-2.490921436783419,TIME_LIMIT,371886,0,0,31,0
4,10,3.492214e6,-6.532866386811197,-2.490921436783419,TIME_LIMIT,371917,0,0,33,0
4,10,3.492559e6,-6.532866386811197,-2.490921436783419,TIME_LIMIT,371973,0,0,27,0
4,10,3.492906e6,-6.532866386811197,-2.490921436783419,TIME_LIMIT,372003,0,0,31,0
4,10,3.493289e6,-6.532749099120014,-2.490921436783419,TIME_LIMIT,372053,0,0,23,0
4,10,3.493633e6,-6.532749099120014,-2.490921436783419,TIME_LIMIT,372076,0,0,30,0
4,10,3.493975e6,-6.532702876615305,-2.490921436783419,TIME_LIMIT,372112,0,0,24,0
4,10,3.49432e6,-6.532702876615305,-2.490921436783419,TIME_LIMIT,372137,0,0,33,0
4,10,3.494664e6,-6.532636821486628,-2.490921436783419,TIME_LIMIT,372171,0,0,23,0
4,10,3.495008e6,-6.532636821486628,-2.490921436783419,TIME_LIMIT,372194,0,0,32,0
4,10,3.495352e6,-6.532636821486628,-2.490921436783419,TIME_LIMIT,372242,0,0,27,0
4,10,3.495693e6,-6.532636821486628,-2.490921436783419,TIME_LIMIT,372269,0,0,36,0
4,10,3.496039e6,-6.532636821486628,-2.490921436783419,TIME_LIMIT,372317,0,0,26,0
4,10,3.49641e6,-6.532636821486628,-2.490921436783419,TIME_LIMIT,372340,0,0,19,0
4,10,3.49677e6,-6.532636821486628,-2.490921436783419,TIME_LIMIT,372386,0,0,26,0
4,10,3.497115e6,-6.532636821486628,-2.490921436783419,TIME_LIMIT,372424,0,0,28,0
4,10,3.497456e6,-6.532636821486628,-2.490921436783419,TIME_LIMIT,372455,0,0,16,0
4,10,3.497806e6,-6.532636821486628,-2.490921436783419,TIME_LIMIT,372481,0,0,25,0
4,10,3.498151e6,-6.532636821486628,-2.490921436783419,TIME_LIMIT,372526,0,0,25,0
4,10,3.498493e6,-6.532636821486628,-2.490921436783419,TIME_LIMIT,372555,0,0,19,0
4,10,3.498834e6,-6.532636821486628,-2.490921436783419,TIME_LIMIT,372596,0,0,27,0
4,10,3.499181e6,-6.532636821486628,-2.490921436783419,TIME_LIMIT,372630,0,0,32,0
4,10,3.49953e6,-6.532636821486628,-2.490921436783419,TIME_LIMIT,372676,0,0,22,0
4,10,3.499876e6,-6.532636821486628,-2.490921436783419,TIME_LIMIT,372697,0,0,27,0
4,10,3.500216e6,-6.532636821486628,-2.490921436783419,TIME_LIMIT,372737,0,0,20,0
4,10,3.500557e6,-6.532636821486628,-2.490921436783419,TIME_LIMIT,372768,0,0,27,0
4,10,3.500901e6,-6.532636821486628,-2.490921436783419,TIME_LIMIT,372806,0,0,32,0
4,10,3.501251e6,-6.532636821486628,-2.490921436783419,TIME_LIMIT,372829,0,0,28,0
4,10,3.501599e6,-6.532636821486628,-2.490921436783419,TIME_LIMIT,372878,0,0,28,0
4,10,3.501941e6,-6.532636821486628,-2.490921436783419,TIME_LIMIT,372903,0,0,29,0
4,10,3.502283e6,-6.532636821486628,-2.490921436783419,TIME_LIMIT,372942,0,0,23,0
4,10,3.502625e6,-6.532636821486628,-2.490921436783419,TIME_LIMIT,372964,0,0,29,0
4,10,3.502972e6,-6.532636821486628,-2.490921436783419,TIME_LIMIT,373002,0,0,21,0
4,10,3.503318e6,-6.532636821486628,-2.490921436783419,TIME_LIMIT,373029,0,0,38,0
4,10,3.503664e6,-6.532636821486628,-2.490921436783419,TIME_LIMIT,373075,0,0,28,0
4,10,3.504008e6,-6.532636821486628,-2.490921436783419,TIME_LIMIT,373107,0,0,34,0
4,10,3.504352e6,-6.532636821486628,-2.490921436783419,TIME_LIMIT,373148,0,0,19,0
4,10,3.5047e6,-6.532636821486628,-2.490921436783419,TIME_LIMIT,373178,0,0,35,0
4,10,3.505048e6,-6.532636821486628,-2.490921436783419,TIME_LIMIT,373225,0,0,10,0
4,10,3.505397e6,-6.532636821486628,-2.490921436783419,TIME_LIMIT,373244,0,0,20,0
4,10,3.50574e6,-6.532636821486628,-2.490921436783419,TIME_LIMIT,373290,0,0,29,0
4,10,3.506087e6,-6.532636821486628,-2.490921436783419,TIME_LIMIT,373318,0,0,33,0
4,10,3.50643e6,-6.532636821486628,-2.490921436783419,TIME_LIMIT,373358,0,0,22,0
4,10,3.506777e6,-6.532636821486628,-2.490921436783419,TIME_LIMIT,373387,0,0,28,0
4,10,3.507121e6,-6.532636821486628,-2.490921436783419,TIME_LIMIT,373432,0,0,25,0
4,10,3.507469e6,-6.532636821486628,-2.490921436783419,TIME_LIMIT,373454,0,0,33,0
4,10,3.507817e6,-6.532636821486628,-2.490921436783419,TIME_LIMIT,373491,0,0,25,0
4,10,3.508161e6,-6.532636821486628,-2.490921436783419,TIME_LIMIT,373521,0,0,27,0
4,10,3.508521e6,-6.532636821486628,-2.490921436783419,TIME_LIMIT,373559,0,0,32,0
4,10,3.508864e6,-6.532636821486628,-2.490921436783419,TIME_LIMIT,373583,0,0,30,0
4,10,3.509212e6,-6.532636821486628,-2.490921436783419,TIME_LIMIT,373625,0,0,8,0
4,10,3.509558e6,-6.532636821486628,-2.490921436783419,TIME_LIMIT,373658,0,0,33,0
4,10,3.509905e6,-6.532636821486628,-2.490921436783419,TIME_LIMIT,373702,0,0,28,0
4,10,3.510253e6,-6.532636821486628,-2.490921436783419,TIME_LIMIT,373723,0,0,20,0
4,10,3.510594e6,-6.532636821486628,-2.490921436783419,TIME_LIMIT,373766,0,0,11,0
4,10,3.510939e6,-6.532636821486628,-2.490921436783419,TIME_LIMIT,373788,0,0,31,0
4,10,3.511286e6,-6.532636821486628,-2.490921436783419,TIME_LIMIT,373830,0,0,26,0
4,10,3.511636e6,-6.532636821486628,-2.490921436783419,TIME_LIMIT,373847,0,0,30,0
4,10,3.512011e6,-6.532636821486628,-2.490921436783419,TIME_LIMIT,373888,0,0,23,0
4,10,3.512358e6,-6.532636821486628,-2.490921436783419,TIME_LIMIT,373921,0,0,27,0
4,10,3.512704e6,-6.532636821486628,-2.490921436783419,TIME_LIMIT,373952,0,0,25,0
4,10,3.513049e6,-6.532636821486628,-2.490921436783419,TIME_LIMIT,373986,0,0,37,0
4,10,3.513393e6,-6.532636821486628,-2.490921436783419,TIME_LIMIT,374027,0,0,22,0
4,10,3.513738e6,-6.532636821486628,-2.490921436783419,TIME_LIMIT,374051,0,0,27,0
4,10,3.514084e6,-6.532636821486628,-2.490921436783419,TIME_LIMIT,374093,0,0,21,0
4,10,3.514429e6,-6.532636821486628,-2.490921436783419,TIME_LIMIT,374117,0,0,34,0
4,10,3.514773e6,-6.532636821486628,-2.490921436783419,TIME_LIMIT,374153,0,0,23,0
4,10,3.515134e6,-6.532636821486628,-2.490921436783419,TIME_LIMIT,374177,0,0,30,0
4,10,3.515491e6,-6.532368606806991,-2.490921436783419,TIME_LIMIT,374214,0,0,20,0
4,10,3.515841e6,-6.532368606806991,-2.490921436783419,TIME_LIMIT,374246,0,0,38,0
4,10,3.516189e6,-6.532106126371914,-2.490921436783419,TIME_LIMIT,374292,0,0,24,0
4,10,3.516557e6,-6.532106126371914,-2.490921436783419,TIME_LIMIT,374320,0,0,23,0
4,10,3.51691e6,-6.532106126371914,-2.490921436783419,TIME_LIMIT,374362,0,0,17,0
4,10,3.517259e6,-6.532106126371914,-2.490921436783419,TIME_LIMIT,374391,0,0,25,0
4,10,3.517603e6,-6.532106126371914,-2.490921436783419,TIME_LIMIT,374430,0,0,21,0
4,10,3.517953e6,-6.532106126371914,-2.490921436783419,TIME_LIMIT,374453,0,0,24,0
4,10,3.5183e6,-6.53172703728808,-2.490921436783419,TIME_LIMIT,374492,0,0,21,0
4,10,3.518688e6,-6.53172703728808,-2.490921436783419,TIME_LIMIT,374512,0,0,14,0
4,10,3.519031e6,-6.53172703728808,-2.490921436783419,TIME_LIMIT,374561,0,0,27,0
4,10,3.519376e6,-6.53172703728808,-2.490921436783419,TIME_LIMIT,374602,0,0,24,0
4,10,3.519766e6,-6.531669719494088,-2.490921436783419,TIME_LIMIT,374636,0,0,31,0
4,10,3.520112e6,-6.531669719494088,-2.490921436783419,TIME_LIMIT,374664,0,0,29,0
4,10,3.520456e6,-6.531657245010089,-2.490921436783419,TIME_LIMIT,374705,0,0,15,0
4,10,3.5208e6,-6.531657245010089,-2.490921436783419,TIME_LIMIT,374739,0,0,23,0
4,10,3.521148e6,-6.531657245010089,-2.490921436783419,TIME_LIMIT,374785,0,0,29,0
4,10,3.521493e6,-6.531657245010089,-2.490921436783419,TIME_LIMIT,374816,0,0,32,0
4,10,3.521858e6,-6.531657245010089,-2.490921436783419,TIME_LIMIT,374858,0,0,28,0
4,10,3.522238e6,-6.531657245010089,-2.490921436783419,TIME_LIMIT,374887,0,0,32,0
4,10,3.522591e6,-6.531657245010089,-2.490921436783419,TIME_LIMIT,374932,0,0,20,0
4,10,3.522936e6,-6.531657245010089,-2.490921436783419,TIME_LIMIT,374955,0,0,31,0
4,10,3.52328e6,-6.531657245010089,-2.490921436783419,TIME_LIMIT,375002,0,0,27,0
4,10,3.523627e6,-6.531657245010089,-2.490921436783419,TIME_LIMIT,375032,0,0,36,0
4,10,3.523975e6,-6.531657245010089,-2.490921436783419,TIME_LIMIT,375076,0,0,26,0
4,10,3.524324e6,-6.531657245010089,-2.490921436783419,TIME_LIMIT,375103,0,0,34,0
4,10,3.524669e6,-6.531657245010089,-2.490921436783419,TIME_LIMIT,375148,0,0,29,0
4,10,3.525017e6,-6.531657245010089,-2.490921436783419,TIME_LIMIT,375174,0,0,33,0
4,10,3.525368e6,-6.531657245010089,-2.490921436783419,TIME_LIMIT,375215,0,0,25,0
4,10,3.525717e6,-6.531657245010089,-2.490921436783419,TIME_LIMIT,375241,0,0,37,0
4,10,3.526063e6,-6.531657245010089,-2.490921436783419,TIME_LIMIT,375293,0,0,25,0
4,10,3.526407e6,-6.531657245010089,-2.490921436783419,TIME_LIMIT,375317,0,0,36,0
4,10,3.526752e6,-6.531657245010089,-2.490921436783419,TIME_LIMIT,375361,0,0,24,0
4,10,3.527097e6,-6.531657245010089,-2.490921436783419,TIME_LIMIT,375387,0,0,7,0
4,10,3.527442e6,-6.531657245010089,-2.490921436783419,TIME_LIMIT,375432,0,0,21,0
4,10,3.527788e6,-6.531657245010089,-2.490921436783419,TIME_LIMIT,375462,0,0,12,0
4,10,3.528131e6,-6.531657245010089,-2.490921436783419,TIME_LIMIT,375504,0,0,25,0
4,10,3.528474e6,-6.531657245010089,-2.490921436783419,TIME_LIMIT,375528,0,0,37,0
4,10,3.528822e6,-6.531657245010089,-2.490921436783419,TIME_LIMIT,375569,0,0,15,0
4,10,3.529168e6,-6.531657245010089,-2.490921436783419,TIME_LIMIT,375597,0,0,4,0
4,10,3.529517e6,-6.531657245010089,-2.490921436783419,TIME_LIMIT,375642,0,0,24,0
4,10,3.529864e6,-6.531657245010089,-2.490921436783419,TIME_LIMIT,375671,0,0,29,0
4,10,3.53021e6,-6.531657245010089,-2.490921436783419,TIME_LIMIT,375707,0,0,16,0
4,10,3.53055e6,-6.531657245010089,-2.490921436783419,TIME_LIMIT,375739,0,0,20,0
4,10,3.530903e6,-6.531657245010089,-2.490921436783419,TIME_LIMIT,375775,0,0,37,0
4,10,3.531255e6,-6.531657245010089,-2.490921436783419,TIME_LIMIT,375805,0,0,35,0
4,10,3.531602e6,-6.531657245010089,-2.490921436783419,TIME_LIMIT,375853,0,0,26,0
4,10,3.53195e6,-6.531657245010089,-2.490921436783419,TIME_LIMIT,375892,0,0,12,0
4,10,3.532294e6,-6.531657245010089,-2.490921436783419,TIME_LIMIT,375932,0,0,29,0
4,10,3.532639e6,-6.531657245010089,-2.490921436783419,TIME_LIMIT,375957,0,0,36,0
4,10,3.532983e6,-6.531657245010089,-2.490921436783419,TIME_LIMIT,375998,0,0,13,0
4,10,3.533335e6,-6.531657245010089,-2.490921436783419,TIME_LIMIT,376026,0,0,37,0
4,10,3.533679e6,-6.531657245010089,-2.490921436783419,TIME_LIMIT,376067,0,0,23,0
4,10,3.534026e6,-6.531657245010089,-2.490921436783419,TIME_LIMIT,376094,0,0,32,0
4,10,3.53437e6,-6.531657245010089,-2.490921436783419,TIME_LIMIT,376135,0,0,27,0
4,10,3.534728e6,-6.531657245010089,-2.490921436783419,TIME_LIMIT,376160,0,0,40,0
4,10,3.535072e6,-6.531657245010089,-2.490921436783419,TIME_LIMIT,376199,0,0,27,0
4,10,3.535423e6,-6.531657245010089,-2.490921436783419,TIME_LIMIT,376226,0,0,26,0
4,10,3.535768e6,-6.531657245010089,-2.490921436783419,TIME_LIMIT,376257,0,0,30,0
4,10,3.536114e6,-6.531657245010089,-2.490921436783419,TIME_LIMIT,376285,0,0,44,0
4,10,3.53646e6,-6.531657245010089,-2.490921436783419,TIME_LIMIT,376326,0,0,16,0
4,10,3.536808e6,-6.531657245010089,-2.490921436783419,TIME_LIMIT,376356,0,0,32,0
4,10,3.537166e6,-6.531657245010089,-2.490921436783419,TIME_LIMIT,376394,0,0,21,0
4,10,3.537514e6,-6.531657245010089,-2.490921436783419,TIME_LIMIT,376423,0,0,23,0
4,10,3.53786e6,-6.531657245010089,-2.490921436783419,TIME_LIMIT,376470,0,0,28,0
4,10,3.538203e6,-6.531657245010089,-2.490921436783419,TIME_LIMIT,376498,0,0,32,0
4,10,3.538548e6,-6.531657245010089,-2.490921436783419,TIME_LIMIT,376535,0,0,15,0
4,10,3.538896e6,-6.531657245010089,-2.490921436783419,TIME_LIMIT,376558,0,0,31,0
4,10,3.539242e6,-6.531657245010089,-2.490921436783419,TIME_LIMIT,376598,0,0,26,0
4,10,3.539588e6,-6.531657245010089,-2.490921436783419,TIME_LIMIT,376621,0,0,40,0
4,10,3.539931e6,-6.531657245010089,-2.490921436783419,TIME_LIMIT,376662,0,0,21,0
4,10,3.54028e6,-6.531657245010089,-2.490921436783419,TIME_LIMIT,376691,0,0,39,0
4,10,3.540623e6,-6.531657245010089,-2.490921436783419,TIME_LIMIT,376733,0,0,21,0
4,10,3.540968e6,-6.531657245010089,-2.490921436783419,TIME_LIMIT,376767,0,0,34,0
4,10,3.541308e6,-6.531657245010089,-2.490921436783419,TIME_LIMIT,376798,0,0,32,0
4,10,3.54165e6,-6.531657245010089,-2.490921436783419,TIME_LIMIT,376830,0,0,28,0
4,10,3.541994e6,-6.531657245010089,-2.490921436783419,TIME_LIMIT,376862,0,0,27,0
4,10,3.542341e6,-6.531657245010089,-2.490921436783419,TIME_LIMIT,376885,0,0,32,0
4,10,3.542684e6,-6.531657245010089,-2.490921436783419,TIME_LIMIT,376923,0,0,22,0
4,10,3.54303e6,-6.531657245010089,-2.490921436783419,TIME_LIMIT,376949,0,0,42,0
4,10,3.54337e6,-6.531657245010089,-2.490921436783419,TIME_LIMIT,376989,0,0,22,0
4,10,3.543719e6,-6.531657245010089,-2.490921436783419,TIME_LIMIT,377015,0,0,37,0
4,10,3.54406e6,-6.531657245010089,-2.490921436783419,TIME_LIMIT,377059,0,0,22,0
4,10,3.544405e6,-6.531657245010089,-2.490921436783419,TIME_LIMIT,377089,0,0,30,0
4,10,3.544748e6,-6.531657245010089,-2.490921436783419,TIME_LIMIT,377132,0,0,28,0
4,10,3.545094e6,-6.531657245010089,-2.490921436783419,TIME_LIMIT,377160,0,0,35,0
4,10,3.54544e6,-6.531657245010089,-2.490921436783419,TIME_LIMIT,377202,0,0,23,0
4,10,3.545783e6,-6.531657245010089,-2.490921436783419,TIME_LIMIT,377230,0,0,31,0
4,10,3.546123e6,-6.531657245010089,-2.490921436783419,TIME_LIMIT,377268,0,0,24,0
4,10,3.546469e6,-6.531657245010089,-2.490921436783419,TIME_LIMIT,377293,0,0,39,0
4,10,3.546815e6,-6.531657245010089,-2.490921436783419,TIME_LIMIT,377335,0,0,23,0
4,10,3.547157e6,-6.531657245010089,-2.490921436783419,TIME_LIMIT,377356,0,0,31,0
4,10,3.547502e6,-6.531657245010089,-2.490921436783419,TIME_LIMIT,377396,0,0,29,0
4,10,3.547844e6,-6.531657245010089,-2.490921436783419,TIME_LIMIT,377422,0,0,25,0
4,10,3.548183e6,-6.531657245010089,-2.490921436783419,TIME_LIMIT,377467,0,0,26,0
4,10,3.548526e6,-6.531657245010089,-2.490921436783419,TIME_LIMIT,377490,0,0,25,0
4,10,3.548869e6,-6.531657245010089,-2.490921436783419,TIME_LIMIT,377531,0,0,27,0
4,10,3.549216e6,-6.531657245010089,-2.490921436783419,TIME_LIMIT,377556,0,0,35,0
4,10,3.549595e6,-6.531657245010089,-2.490921436783419,TIME_LIMIT,377592,0,0,27,0
4,10,3.549941e6,-6.531657245010089,-2.490921436783419,TIME_LIMIT,377617,0,0,30,0
4,10,3.550278e6,-6.531657245010089,-2.490921436783419,TIME_LIMIT,377657,0,0,22,0
4,10,3.550625e6,-6.531657245010089,-2.490921436783419,TIME_LIMIT,377682,0,0,25,0
4,10,3.550962e6,-6.531657245010089,-2.490921436783419,TIME_LIMIT,377715,0,0,23,0
4,10,3.551304e6,-6.531657245010089,-2.490921436783419,TIME_LIMIT,377747,0,0,30,0
4,10,3.551639e6,-6.531657245010089,-2.490921436783419,TIME_LIMIT,377787,0,0,28,0
4,10,3.551987e6,-6.531657245010089,-2.490921436783419,TIME_LIMIT,377811,0,0,36,0
4,10,3.552332e6,-6.531657245010089,-2.490921436783419,TIME_LIMIT,377848,0,0,27,0
4,10,3.552673e6,-6.531657245010089,-2.490921436783419,TIME_LIMIT,377875,0,0,35,0
4,10,3.553013e6,-6.531657245010089,-2.490921436783419,TIME_LIMIT,377920,0,0,27,0
4,10,3.553355e6,-6.531657245010089,-2.490921436783419,TIME_LIMIT,377945,0,0,34,0
4,10,3.553699e6,-6.531657245010089,-2.490921436783419,TIME_LIMIT,377987,0,0,23,0
4,10,3.554039e6,-6.531657245010089,-2.490921436783419,TIME_LIMIT,378010,0,0,35,0
4,10,3.554375e6,-6.531657245010089,-2.490921436783419,TIME_LIMIT,378051,0,0,26,0
4,10,3.55471e6,-6.531657245010089,-2.490921436783419,TIME_LIMIT,378073,0,0,18,0
4,10,3.55505e6,-6.531657245010089,-2.490921436783419,TIME_LIMIT,378112,0,0,25,0
4,10,3.555398e6,-6.531657245010089,-2.490921436783419,TIME_LIMIT,378136,0,0,20,0
4,10,3.555752e6,-6.531657245010089,-2.490921436783419,TIME_LIMIT,378174,0,0,30,0
4,10,3.556087e6,-6.531657245010089,-2.490921436783419,TIME_LIMIT,378208,0,0,33,0
4,10,3.556425e6,-6.531657245010089,-2.490921436783419,TIME_LIMIT,378238,0,0,31,0
4,10,3.556759e6,-6.531657245010089,-2.490921436783419,TIME_LIMIT,378260,0,0,31,0
4,10,3.557097e6,-6.531657245010089,-2.490921436783419,TIME_LIMIT,378301,0,0,23,0
4,10,3.557432e6,-6.531657245010089,-2.490921436783419,TIME_LIMIT,378327,0,0,36,0
4,10,3.557765e6,-6.531657245010089,-2.490921436783419,TIME_LIMIT,378368,0,0,27,0
4,10,3.5581e6,-6.531657245010089,-2.490921436783419,TIME_LIMIT,378388,0,0,36,0
4,10,3.558429e6,-6.531657245010089,-2.490921436783419,TIME_LIMIT,378419,0,0,25,0
4,10,3.558776e6,-6.531657245010089,-2.490921436783419,TIME_LIMIT,378437,0,0,25,0
4,10,3.559119e6,-6.531657245010089,-2.490921436783419,TIME_LIMIT,378478,0,0,20,0
4,10,3.55945e6,-6.531657245010089,-2.490921436783419,TIME_LIMIT,378500,0,0,14,0
4,10,3.559777e6,-6.531656184612045,-2.490921436783419,TIME_LIMIT,378536,0,0,15,0
4,10,3.560111e6,-6.531656184612045,-2.490921436783419,TIME_LIMIT,378562,0,0,30,0
4,10,3.560441e6,-6.531594364277973,-2.490921436783419,TIME_LIMIT,378598,0,0,26,0
4,10,3.560777e6,-6.531594364277973,-2.490921436783419,TIME_LIMIT,378626,0,0,27,0
4,10,3.561104e6,-6.5315663254870024,-2.490921436783419,TIME_LIMIT,378661,0,0,17,0
4,10,3.561444e6,-6.5315663254870024,-2.490921436783419,TIME_LIMIT,378691,0,0,27,0
4,10,3.561774e6,-6.5315663254870024,-2.490921436783419,TIME_LIMIT,378737,0,0,12,0
4,10,3.562121e6,-6.5315663254870024,-2.490921436783419,TIME_LIMIT,378772,0,0,30,0
4,10,3.562483e6,-6.5315663254870024,-2.490921436783419,TIME_LIMIT,378817,0,0,29,0
4,10,3.562817e6,-6.5315663254870024,-2.490921436783419,TIME_LIMIT,378857,0,0,27,0
4,10,3.56315e6,-6.5315663254870024,-2.490921436783419,TIME_LIMIT,378889,0,0,28,0
4,10,3.563482e6,-6.5315663254870024,-2.490921436783419,TIME_LIMIT,378918,0,0,31,0
4,10,3.563818e6,-6.5315663254870024,-2.490921436783419,TIME_LIMIT,378966,0,0,25,0
4,10,3.564144e6,-6.5315663254870024,-2.490921436783419,TIME_LIMIT,378992,0,0,34,0
4,10,3.564478e6,-6.5315663254870024,-2.490921436783419,TIME_LIMIT,379034,0,0,26,0
4,10,3.564807e6,-6.5315663254870024,-2.490921436783419,TIME_LIMIT,379054,0,0,28,0
4,10,3.565144e6,-6.5315663254870024,-2.490921436783419,TIME_LIMIT,379092,0,0,21,0
4,10,3.565483e6,-6.5315663254870024,-2.490921436783419,TIME_LIMIT,379120,0,0,31,0
4,10,3.565858e6,-6.531519205721142,-2.490921436783419,TIME_LIMIT,379155,0,0,20,0
4,10,3.566189e6,-6.531519205721142,-2.490921436783419,TIME_LIMIT,379182,0,0,33,0
4,10,3.566526e6,-6.531475033621598,-2.490921436783419,TIME_LIMIT,379216,0,0,24,0
4,10,3.566865e6,-6.531475033621598,-2.490921436783419,TIME_LIMIT,379248,0,0,35,0
4,10,3.567202e6,-6.531305479871025,-2.490921436783419,TIME_LIMIT,379295,0,0,27,0
4,10,3.567532e6,-6.531305479871025,-2.490921436783419,TIME_LIMIT,379319,0,0,29,0
4,10,3.567874e6,-6.531149670309169,-2.490921436783419,TIME_LIMIT,379366,0,0,28,0
4,10,3.568208e6,-6.531149670309169,-2.490921436783419,TIME_LIMIT,379389,0,0,26,0
4,10,3.568552e6,-6.531148877886446,-2.490921436783419,TIME_LIMIT,379431,0,0,22,0
4,10,3.568891e6,-6.531148877886446,-2.490921436783419,TIME_LIMIT,379452,0,0,35,0
4,10,3.569231e6,-6.531049433905911,-2.490921436783419,TIME_LIMIT,379491,0,0,26,0
4,10,3.56957e6,-6.531049433905911,-2.490921436783419,TIME_LIMIT,379511,0,0,26,0
4,10,3.569906e6,-6.531049433905911,-2.490921436783419,TIME_LIMIT,379547,0,0,22,0
4,10,3.570245e6,-6.531049433905911,-2.490921436783419,TIME_LIMIT,379572,0,0,28,0
4,10,3.570582e6,-6.530904893786972,-2.490921436783419,TIME_LIMIT,379603,0,0,20,0
4,10,3.570924e6,-6.530904893786972,-2.490921436783419,TIME_LIMIT,379629,0,0,31,0
4,10,3.571263e6,-6.530904893786972,-2.490921436783419,TIME_LIMIT,379673,0,0,25,0
4,10,3.571615e6,-6.530904893786972,-2.490921436783419,TIME_LIMIT,379700,0,0,17,0
4,10,3.57195e6,-6.530904893786972,-2.490921436783419,TIME_LIMIT,379738,0,0,26,0
4,10,3.572305e6,-6.530904893786972,-2.490921436783419,TIME_LIMIT,379765,0,0,31,0
4,10,3.572646e6,-6.530904893786972,-2.490921436783419,TIME_LIMIT,379800,0,0,23,0
4,10,3.572994e6,-6.530904893786972,-2.490921436783419,TIME_LIMIT,379822,0,0,26,0
4,10,3.57333e6,-6.530876545303673,-2.490921436783419,TIME_LIMIT,379857,0,0,21,0
4,10,3.573674e6,-6.530876545303673,-2.490921436783419,TIME_LIMIT,379879,0,0,31,0
4,10,3.574012e6,-6.530876545303673,-2.490921436783419,TIME_LIMIT,379921,0,0,23,0
4,10,3.574353e6,-6.530876545303673,-2.490921436783419,TIME_LIMIT,379948,0,0,27,0
4,10,3.57469e6,-6.530876545303673,-2.490921436783419,TIME_LIMIT,379989,0,0,25,0
4,10,3.575053e6,-6.530876545303673,-2.490921436783419,TIME_LIMIT,380017,0,0,31,0
4,10,3.575406e6,-6.530876545303673,-2.490921436783419,TIME_LIMIT,380059,0,0,24,0
4,10,3.575744e6,-6.530876545303673,-2.490921436783419,TIME_LIMIT,380081,0,0,27,0
4,10,3.576082e6,-6.530876545303673,-2.490921436783419,TIME_LIMIT,380124,0,0,24,0
4,10,3.576414e6,-6.530876545303673,-2.490921436783419,TIME_LIMIT,380146,0,0,28,0
4,10,3.576749e6,-6.530876545303673,-2.490921436783419,TIME_LIMIT,380185,0,0,25,0
4,10,3.57708e6,-6.530876545303673,-2.490921436783419,TIME_LIMIT,380208,0,0,30,0
4,10,3.577416e6,-6.530876545303673,-2.490921436783419,TIME_LIMIT,380243,0,0,21,0
4,10,3.577743e6,-6.530876545303673,-2.490921436783419,TIME_LIMIT,380271,0,0,28,0
4,10,3.578071e6,-6.530876545303673,-2.490921436783419,TIME_LIMIT,380314,0,0,5,0
4,10,3.578403e6,-6.530876545303673,-2.490921436783419,TIME_LIMIT,380341,0,0,30,0
4,10,3.578729e6,-6.530876545303673,-2.490921436783419,TIME_LIMIT,380382,0,0,23,0
4,10,3.579054e6,-6.530876545303673,-2.490921436783419,TIME_LIMIT,380406,0,0,31,0
4,10,3.579375e6,-6.530876545303673,-2.490921436783419,TIME_LIMIT,380448,0,0,27,0
4,10,3.579695e6,-6.530876545303673,-2.490921436783419,TIME_LIMIT,380477,0,0,29,0
4,10,3.580022e6,-6.530876545303673,-2.490921436783419,TIME_LIMIT,380515,0,0,19,0
4,10,3.580345e6,-6.530876545303673,-2.490921436783419,TIME_LIMIT,380554,0,0,25,0
4,10,3.580675e6,-6.530876545303673,-2.490921436783419,TIME_LIMIT,380578,0,0,27,0
4,10,3.580996e6,-6.530876545303673,-2.490921436783419,TIME_LIMIT,380603,0,0,9,0
4,10,3.581326e6,-6.530876545303673,-2.490921436783419,TIME_LIMIT,380643,0,0,18,0
4,10,3.58165e6,-6.530876545303673,-2.490921436783419,TIME_LIMIT,380667,0,0,25,0
4,10,3.58198e6,-6.530876545303673,-2.490921436783419,TIME_LIMIT,380707,0,0,21,0
4,10,3.582307e6,-6.530876545303673,-2.490921436783419,TIME_LIMIT,380730,0,0,23,0
4,10,3.582631e6,-6.530876545303673,-2.490921436783419,TIME_LIMIT,380769,0,0,24,0
4,10,3.582973e6,-6.530876545303673,-2.490921436783419,TIME_LIMIT,380799,0,0,24,0
4,10,3.583308e6,-6.530876545303673,-2.490921436783419,TIME_LIMIT,380830,0,0,19,0
4,10,3.583687e6,-6.530876545303673,-2.490921436783419,TIME_LIMIT,380853,0,0,22,0
4,10,3.584025e6,-6.530876545303673,-2.490921436783419,TIME_LIMIT,380891,0,0,26,0
4,10,3.584362e6,-6.530876545303673,-2.490921436783419,TIME_LIMIT,380911,0,0,26,0
4,10,3.584695e6,-6.530876545303673,-2.490921436783419,TIME_LIMIT,380951,0,0,20,0
4,10,3.585027e6,-6.530876545303673,-2.490921436783419,TIME_LIMIT,380975,0,0,25,0
4,10,3.585347e6,-6.530876545303673,-2.490921436783419,TIME_LIMIT,381014,0,0,21,0
4,10,3.585688e6,-6.530876545303673,-2.490921436783419,TIME_LIMIT,381034,0,0,14,0
4,10,3.586016e6,-6.530876545303673,-2.490921436783419,TIME_LIMIT,381071,0,0,19,0
4,10,3.586354e6,-6.530876545303673,-2.490921436783419,TIME_LIMIT,381089,0,0,19,0
4,10,3.586687e6,-6.530876545303673,-2.490921436783419,TIME_LIMIT,381125,0,0,20,0
4,10,3.587016e6,-6.530876545303673,-2.490921436783419,TIME_LIMIT,381146,0,0,21,0
4,10,3.587339e6,-6.530804222436477,-2.490921436783419,TIME_LIMIT,381178,0,0,16,0
4,10,3.587673e6,-6.530804222436477,-2.490921436783419,TIME_LIMIT,381205,0,0,38,0
4,10,3.587999e6,-6.530804222436477,-2.490921436783419,TIME_LIMIT,381248,0,0,27,0
4,10,3.588332e6,-6.530804222436477,-2.490921436783419,TIME_LIMIT,381273,0,0,43,0
4,10,3.588659e6,-6.530804222436477,-2.490921436783419,TIME_LIMIT,381312,0,0,19,0
4,10,3.588997e6,-6.530804222436477,-2.490921436783419,TIME_LIMIT,381337,0,0,23,0
4,10,3.589322e6,-6.530778660067146,-2.490921436783419,TIME_LIMIT,381371,0,0,13,0
4,10,3.589651e6,-6.530778660067146,-2.490921436783419,TIME_LIMIT,381395,0,0,27,0
4,10,3.589975e6,-6.530778660067146,-2.490921436783419,TIME_LIMIT,381443,0,0,28,0
4,10,3.590306e6,-6.530778660067146,-2.490921436783419,TIME_LIMIT,381466,0,0,25,0
4,10,3.590633e6,-6.530691940602164,-2.490921436783419,TIME_LIMIT,381510,0,0,22,0
4,10,3.590963e6,-6.530691940602164,-2.490921436783419,TIME_LIMIT,381535,0,0,31,0
4,10,3.591289e6,-6.53058204346723,-2.490921436783419,TIME_LIMIT,381577,0,0,25,0
4,10,3.591626e6,-6.53058204346723,-2.490921436783419,TIME_LIMIT,381598,0,0,28,0
4,10,3.591962e6,-6.53058204346723,-2.490921436783419,TIME_LIMIT,381635,0,0,24,0
4,10,3.592301e6,-6.53058204346723,-2.490921436783419,TIME_LIMIT,381653,0,0,15,0
4,10,3.592637e6,-6.53058204346723,-2.490921436783419,TIME_LIMIT,381694,0,0,10,0
4,10,3.592966e6,-6.53058204346723,-2.490921436783419,TIME_LIMIT,381726,0,0,8,0
4,10,3.593297e6,-6.53058204346723,-2.490921436783419,TIME_LIMIT,381756,0,0,26,0
4,10,3.593618e6,-6.53058204346723,-2.490921436783419,TIME_LIMIT,381794,0,0,27,0
4,10,3.593936e6,-6.53058204346723,-2.490921436783419,TIME_LIMIT,381818,0,0,33,0
4,10,3.594261e6,-6.53058204346723,-2.490921436783419,TIME_LIMIT,381840,0,0,12,0
4,10,3.594581e6,-6.53058204346723,-2.490921436783419,TIME_LIMIT,381881,0,0,27,0
4,10,3.594896e6,-6.53058204346723,-2.490921436783419,TIME_LIMIT,381903,0,0,34,0
4,10,3.595203e6,-6.53058204346723,-2.490921436783419,TIME_LIMIT,381943,0,0,24,0
4,10,3.595519e6,-6.53058204346723,-2.490921436783419,TIME_LIMIT,381960,0,0,13,0
4,10,3.595838e6,-6.53058204346723,-2.490921436783419,TIME_LIMIT,381995,0,0,17,0
4,10,3.59615e6,-6.53058204346723,-2.490921436783419,TIME_LIMIT,382017,0,0,36,0
4,10,3.596456e6,-6.53058204346723,-2.490921436783419,TIME_LIMIT,382052,0,0,22,0
4,10,3.596764e6,-6.53058204346723,-2.490921436783419,TIME_LIMIT,382073,0,0,33,0
4,10,3.597071e6,-6.53058204346723,-2.490921436783419,TIME_LIMIT,382114,0,0,20,0
4,10,3.597377e6,-6.53058204346723,-2.490921436783419,TIME_LIMIT,382138,0,0,34,0
4,10,3.59768e6,-6.53058204346723,-2.490921436783419,TIME_LIMIT,382167,0,0,21,0
4,10,3.597988e6,-6.53058204346723,-2.490921436783419,TIME_LIMIT,382188,0,0,28,0
4,10,3.598295e6,-6.53058204346723,-2.490921436783419,TIME_LIMIT,382221,0,0,25,0
4,10,3.598605e6,-6.53058204346723,-2.490921436783419,TIME_LIMIT,382243,0,0,19,0
4,10,3.598929e6,-6.530285952539597,-2.490921436783419,TIME_LIMIT,382274,0,0,22,0
4,10,3.599323e6,-6.530285952539597,-2.490921436783419,TIME_LIMIT,382300,0,0,38,0
4,10,3.599684e6,-6.530047055361498,-2.490921436783419,TIME_LIMIT,382342,0,0,24,0
4,10,3.600004e6,-6.530047055361498,-2.490921436783419,TIME_LIMIT,382370,0,0,29,0
