seed,dimension,time,lowerBound,upperBound,termination,LMOcalls,localTighteings,globalTightenings,list_active_set_size_cb,list_discarded_set_size_cb
2,12,183.0,-5.176987134366362,-0.49406519682600275,TIME_LIMIT,46,0,0,26,0
2,12,287.0,-5.176987134366362,-0.49406519682600275,TIME_LIMIT,69,0,0,28,0
2,12,591.0,-4.97215313854937,-0.49406519682600275,TIME_LIMIT,116,0,0,32,0
2,12,847.0,-4.97215313854937,-0.49406519682600275,TIME_LIMIT,147,0,0,41,0
2,12,1351.0,-4.97215313854937,-0.49406519682600275,TIME_LIMIT,202,0,0,36,0
2,12,1464.0,-4.97215313854937,-0.49406519682600275,TIME_LIMIT,222,0,0,25,0
2,12,1798.0,-4.97215313854937,-0.49406519682600275,TIME_LIMIT,274,0,0,30,0
2,12,2060.0,-4.97215313854937,-0.49406519682600275,TIME_LIMIT,307,0,0,37,0
2,12,2262.0,-4.97215313854937,-0.49406519682600275,TIME_LIMIT,336,0,0,35,0
2,12,2476.0,-4.97215313854937,-0.49406519682600275,TIME_LIMIT,368,0,0,40,0
2,12,3073.0,-4.97215313854937,-0.6325938547143328,TIME_LIMIT,424,0,0,42,0
2,12,3589.0,-4.97215313854937,-0.6325938547143328,TIME_LIMIT,463,0,0,51,0
2,12,4126.0,-4.97215313854937,-0.6325938547143328,TIME_LIMIT,518,0,0,35,0
2,12,4465.0,-4.97215313854937,-0.6325938547143328,TIME_LIMIT,547,0,0,29,0
2,12,5018.0,-4.97215313854937,-0.6325938547143328,TIME_LIMIT,602,0,0,19,0
2,12,5463.0,-4.97215313854937,-0.6325938547143328,TIME_LIMIT,634,0,0,21,0
2,12,6065.0,-4.97215313854937,-0.6325938547143328,TIME_LIMIT,687,0,0,31,0
2,12,6399.0,-4.97215313854937,-0.6325938547143328,TIME_LIMIT,722,0,0,25,0
2,12,6959.0,-4.97215313854937,-0.6325938547143328,TIME_LIMIT,773,0,0,18,0
2,12,7496.0,-4.97215313854937,-0.7469704757430067,TIME_LIMIT,821,0,0,47,0
2,12,7947.0,-4.97215313854937,-0.7469704757430067,TIME_LIMIT,863,0,0,43,0
2,12,8349.0,-4.97215313854937,-0.7469704757430067,TIME_LIMIT,906,0,0,48,0
2,12,8724.0,-4.97215313854937,-0.7469704757430067,TIME_LIMIT,944,0,0,28,0
2,12,9078.0,-4.97215313854937,-0.7469704757430067,TIME_LIMIT,986,0,0,36,0
2,12,9622.0,-4.97215313854937,-0.7469704757430067,TIME_LIMIT,1027,0,0,33,0
2,12,9879.0,-4.97215313854937,-0.7469704757430067,TIME_LIMIT,1060,0,0,31,0
2,12,10445.0,-4.97215313854937,-0.7469704757430067,TIME_LIMIT,1119,0,0,30,0
2,12,10986.0,-4.97215313854937,-0.7469704757430067,TIME_LIMIT,1149,0,0,41,0
2,12,11528.0,-4.97215313854937,-0.7469704757430067,TIME_LIMIT,1206,0,0,16,0
2,12,12094.0,-4.97215313854937,-0.7469704757430067,TIME_LIMIT,1237,0,0,47,0
2,12,12643.0,-4.97215313854937,-0.7469704757430067,TIME_LIMIT,1293,0,0,31,0
2,12,13159.0,-4.97215313854937,-0.7469704757430067,TIME_LIMIT,1333,0,0,44,0
2,12,13724.0,-4.97215313854937,-0.7469704757430067,TIME_LIMIT,1372,0,0,36,0
2,12,14268.0,-4.97215313854937,-0.7469704757430067,TIME_LIMIT,1408,0,0,47,0
2,12,14854.0,-4.97215313854937,-0.7469704757430067,TIME_LIMIT,1468,0,0,37,0
2,12,15334.0,-4.97215313854937,-0.7469704757430067,TIME_LIMIT,1506,0,0,37,0
2,12,15875.0,-4.97215313854937,-0.7469704757430067,TIME_LIMIT,1566,0,0,39,0
2,12,16418.0,-4.97215313854937,-0.7469704757430067,TIME_LIMIT,1601,0,0,25,0
2,12,16957.0,-4.97215313854937,-0.7469704757430067,TIME_LIMIT,1652,0,0,17,0
2,12,17496.0,-4.97215313854937,-0.7469704757430067,TIME_LIMIT,1689,0,0,39,0
2,12,18033.0,-4.97215313854937,-0.7469704757430067,TIME_LIMIT,1742,0,0,32,0
2,12,18574.0,-4.97215313854937,-0.7469704757430067,TIME_LIMIT,1777,0,0,57,0
2,12,19109.0,-4.97215313854937,-0.7469704757430067,TIME_LIMIT,1828,0,0,31,0
2,12,19642.0,-4.97215313854937,-0.7469704757430067,TIME_LIMIT,1858,0,0,47,0
2,12,20165.0,-4.97215313854937,-0.7469704757430067,TIME_LIMIT,1915,0,0,23,0
2,12,20701.0,-4.97215313854937,-0.7469704757430067,TIME_LIMIT,1952,0,0,23,0
2,12,21266.0,-4.97215313854937,-0.7469704757430067,TIME_LIMIT,2009,0,0,35,0
2,12,21800.0,-4.97215313854937,-0.7469704757430067,TIME_LIMIT,2046,0,0,40,0
2,12,22335.0,-4.97215313854937,-0.7469704757430067,TIME_LIMIT,2082,0,0,40,0
2,12,22867.0,-4.97215313854937,-0.7469704757430067,TIME_LIMIT,2121,0,0,35,0
2,12,23400.0,-4.97215313854937,-0.7469704757430067,TIME_LIMIT,2163,0,0,39,0
2,12,23931.0,-4.97215313854937,-0.7469704757430067,TIME_LIMIT,2192,0,0,54,0
2,12,24462.0,-4.97215313854937,-0.7469704757430067,TIME_LIMIT,2246,0,0,36,0
2,12,24992.0,-4.97215313854937,-0.7469704757430067,TIME_LIMIT,2275,0,0,41,0
2,12,25522.0,-4.97215313854937,-0.7469704757430067,TIME_LIMIT,2323,0,0,32,0
2,12,26052.0,-4.97215313854937,-0.7469704757430067,TIME_LIMIT,2359,0,0,37,0
2,12,26582.0,-4.97215313854937,-0.7469704757430067,TIME_LIMIT,2401,0,0,35,0
2,12,27114.0,-4.97215313854937,-0.7469704757430067,TIME_LIMIT,2432,0,0,58,0
2,12,27639.0,-4.97215313854937,-0.7469704757430067,TIME_LIMIT,2487,0,0,37,0
2,12,28171.0,-4.97215313854937,-0.7469704757430067,TIME_LIMIT,2523,0,0,47,0
2,12,28702.0,-4.97215313854937,-0.7469704757430067,TIME_LIMIT,2580,0,0,40,0
2,12,29232.0,-4.97215313854937,-0.7469704757430067,TIME_LIMIT,2612,0,0,52,0
2,12,29770.0,-4.97215313854937,-0.7469704757430067,TIME_LIMIT,2668,0,0,33,0
2,12,30301.0,-4.97215313854937,-0.7469704757430067,TIME_LIMIT,2710,0,0,44,0
2,12,30830.0,-4.97215313854937,-0.7469704757430067,TIME_LIMIT,2770,0,0,30,0
2,12,31360.0,-4.97215313854937,-0.7469704757430067,TIME_LIMIT,2800,0,0,45,0
2,12,31890.0,-4.97215313854937,-0.7469704757430067,TIME_LIMIT,2853,0,0,19,0
2,12,32422.0,-4.97215313854937,-0.7469704757430067,TIME_LIMIT,2885,0,0,49,0
2,12,32950.0,-4.97215313854937,-0.7469704757430067,TIME_LIMIT,2939,0,0,27,0
2,12,33482.0,-4.97215313854937,-0.7469704757430067,TIME_LIMIT,2972,0,0,49,0
2,12,34003.0,-4.97215313854937,-0.7469704757430067,TIME_LIMIT,3025,0,0,34,0
2,12,34536.0,-4.97215313854937,-0.7469704757430067,TIME_LIMIT,3061,0,0,54,0
2,12,35062.0,-4.97215313854937,-0.7469704757430067,TIME_LIMIT,3112,0,0,28,0
2,12,35593.0,-4.97215313854937,-0.7469704757430067,TIME_LIMIT,3147,0,0,53,0
2,12,36119.0,-4.934493073902437,-0.7469704757430067,TIME_LIMIT,3203,0,0,33,0
2,12,36647.0,-4.934493073902437,-0.7469704757430067,TIME_LIMIT,3245,0,0,45,0
2,12,37176.0,-4.934493073902437,-0.7469704757430067,TIME_LIMIT,3296,0,0,26,0
2,12,37706.0,-4.934493073902437,-0.7469704757430067,TIME_LIMIT,3328,0,0,46,0
2,12,38234.0,-4.928184322241308,-0.7469704757430067,TIME_LIMIT,3380,0,0,36,0
2,12,38756.0,-4.928184322241308,-0.7469704757430067,TIME_LIMIT,3416,0,0,45,0
2,12,39284.0,-4.9152208786877205,-0.7469704757430067,TIME_LIMIT,3469,0,0,35,0
2,12,39605.0,-4.9152208786877205,-0.7469704757430067,TIME_LIMIT,3499,0,0,37,0
2,12,39839.0,-4.9152208786877205,-0.7469704757430067,TIME_LIMIT,3547,0,0,31,0
2,12,40062.0,-4.9152208786877205,-0.7469704757430067,TIME_LIMIT,3572,0,0,39,0
2,12,40467.0,-4.9152208786877205,-0.7469704757430067,TIME_LIMIT,3618,0,0,30,0
2,12,40767.0,-4.9152208786877205,-0.7469704757430067,TIME_LIMIT,3644,0,0,43,0
2,12,41204.0,-4.9152208786877205,-0.7469704757430067,TIME_LIMIT,3697,0,0,33,0
2,12,41545.0,-4.9152208786877205,-0.7469704757430067,TIME_LIMIT,3730,0,0,38,0
2,12,42066.0,-4.9152208786877205,-0.7469704757430067,TIME_LIMIT,3786,0,0,30,0
2,12,42286.0,-4.9152208786877205,-0.7469704757430067,TIME_LIMIT,3814,0,0,36,0
2,12,42833.0,-4.9152208786877205,-0.7469704757430067,TIME_LIMIT,3870,0,0,14,0
2,12,43232.0,-4.9152208786877205,-0.7469704757430067,TIME_LIMIT,3909,0,0,40,0
2,12,43769.0,-4.9152208786877205,-0.7469704757430067,TIME_LIMIT,3963,0,0,32,0
2,12,44185.0,-4.9152208786877205,-0.7469704757430067,TIME_LIMIT,3998,0,0,32,0
2,12,44643.0,-4.9152208786877205,-0.7469704757430067,TIME_LIMIT,4049,0,0,20,0
2,12,45184.0,-4.9152208786877205,-0.7469704757430067,TIME_LIMIT,4078,0,0,41,0
2,12,45736.0,-4.9152208786877205,-0.7469704757430067,TIME_LIMIT,4132,0,0,32,0
2,12,46264.0,-4.9152208786877205,-0.7469704757430067,TIME_LIMIT,4170,0,0,34,0
2,12,46794.0,-4.9152208786877205,-0.7469704757430067,TIME_LIMIT,4213,0,0,44,0
2,12,47164.0,-4.9152208786877205,-0.7469704757430067,TIME_LIMIT,4245,0,0,37,0
2,12,47726.0,-4.9152208786877205,-0.7469704757430067,TIME_LIMIT,4295,0,0,26,0
2,12,48258.0,-4.9152208786877205,-0.7469704757430067,TIME_LIMIT,4324,0,0,41,0
2,12,48779.0,-4.9152208786877205,-0.7469704757430067,TIME_LIMIT,4382,0,0,17,0
2,12,49050.0,-4.9152208786877205,-0.7469704757430067,TIME_LIMIT,4412,0,0,31,0
2,12,49614.0,-4.8926066369256125,-0.7469704757430067,TIME_LIMIT,4469,0,0,35,0
2,12,50146.0,-4.8926066369256125,-0.7469704757430067,TIME_LIMIT,4507,0,0,46,0
2,12,50670.0,-4.885623344844272,-0.7469704757430067,TIME_LIMIT,4559,0,0,39,0
2,12,51200.0,-4.885623344844272,-0.7469704757430067,TIME_LIMIT,4599,0,0,36,0
2,12,51732.0,-4.884902361627957,-0.7469704757430067,TIME_LIMIT,4656,0,0,39,0
2,12,52092.0,-4.884902361627957,-0.7469704757430067,TIME_LIMIT,4685,0,0,39,0
2,12,52630.0,-4.870562349801607,-0.7469704757430067,TIME_LIMIT,4737,0,0,27,0
2,12,53070.0,-4.870562349801607,-0.7469704757430067,TIME_LIMIT,4773,0,0,40,0
2,12,53445.0,-4.851714524288054,-0.7469704757430067,TIME_LIMIT,4831,0,0,20,0
2,12,53977.0,-4.851714524288054,-0.7469704757430067,TIME_LIMIT,4864,0,0,43,0
2,12,54507.0,-4.851714524288054,-0.7469704757430067,TIME_LIMIT,4919,0,0,39,0
2,12,55037.0,-4.851714524288054,-0.7469704757430067,TIME_LIMIT,4946,0,0,20,0
2,12,55569.0,-4.850674300913278,-0.7469704757430067,TIME_LIMIT,4998,0,0,34,0
2,12,56100.0,-4.850674300913278,-0.7469704757430067,TIME_LIMIT,5025,0,0,46,0
2,12,56621.0,-4.847181559433918,-0.7469704757430067,TIME_LIMIT,5083,0,0,40,0
2,12,57151.0,-4.847181559433918,-0.7469704757430067,TIME_LIMIT,5124,0,0,38,0
2,12,57681.0,-4.830749688035516,-0.7469704757430067,TIME_LIMIT,5171,0,0,35,0
2,12,58212.0,-4.830749688035516,-0.7469704757430067,TIME_LIMIT,5207,0,0,46,0
2,12,58747.0,-4.823120006512183,-0.7469704757430067,TIME_LIMIT,5260,0,0,30,0
2,12,59125.0,-4.823120006512183,-0.7469704757430067,TIME_LIMIT,5302,0,0,41,0
2,12,59658.0,-4.819598409447228,-0.7469704757430067,TIME_LIMIT,5352,0,0,30,0
2,12,60190.0,-4.819598409447228,-0.7469704757430067,TIME_LIMIT,5381,0,0,30,0
2,12,60726.0,-4.819598409447228,-0.7469704757430067,TIME_LIMIT,5429,0,0,32,0
2,12,61265.0,-4.819598409447228,-0.7469704757430067,TIME_LIMIT,5465,0,0,39,0
2,12,61799.0,-4.819598409447228,-0.7469704757430067,TIME_LIMIT,5504,0,0,33,0
2,12,62330.0,-4.819598409447228,-0.7469704757430067,TIME_LIMIT,5530,0,0,38,0
2,12,62871.0,-4.8190791254102106,-0.7469704757430067,TIME_LIMIT,5583,0,0,35,0
2,12,63413.0,-4.8190791254102106,-0.7469704757430067,TIME_LIMIT,5607,0,0,36,0
2,12,63960.0,-4.813523685320853,-0.7469704757430067,TIME_LIMIT,5658,0,0,13,0
2,12,64503.0,-4.813523685320853,-0.7469704757430067,TIME_LIMIT,5691,0,0,44,0
2,12,65040.0,-4.803826616570169,-0.7469704757430067,TIME_LIMIT,5735,0,0,29,0
2,12,65587.0,-4.803826616570169,-0.7469704757430067,TIME_LIMIT,5767,0,0,38,0
2,12,66134.0,-4.802675480668635,-0.7469704757430067,TIME_LIMIT,5819,0,0,29,0
2,12,66685.0,-4.802675480668635,-0.7469704757430067,TIME_LIMIT,5847,0,0,36,0
2,12,67236.0,-4.801832172560853,-0.7469704757430067,TIME_LIMIT,5901,0,0,29,0
2,12,67782.0,-4.801832172560853,-0.7469704757430067,TIME_LIMIT,5942,0,0,36,0
2,12,68281.0,-4.801832172560853,-0.7469704757430067,TIME_LIMIT,5986,0,0,41,0
2,12,68820.0,-4.801832172560853,-0.7469704757430067,TIME_LIMIT,6026,0,0,38,0
2,12,69368.0,-4.801832172560853,-0.7469704757430067,TIME_LIMIT,6078,0,0,31,0
2,12,69915.0,-4.801832172560853,-0.7469704757430067,TIME_LIMIT,6112,0,0,38,0
2,12,70467.0,-4.801832172560853,-0.7469704757430067,TIME_LIMIT,6146,0,0,19,0
2,12,71010.0,-4.801832172560853,-0.7469704757430067,TIME_LIMIT,6187,0,0,32,0
2,12,71544.0,-4.795071521633167,-0.7469704757430067,TIME_LIMIT,6231,0,0,38,0
2,12,72082.0,-4.795071521633167,-0.7469704757430067,TIME_LIMIT,6267,0,0,43,0
2,12,72658.0,-4.795071521633167,-0.7469704757430067,TIME_LIMIT,6316,0,0,17,0
2,12,73196.0,-4.795071521633167,-0.7469704757430067,TIME_LIMIT,6348,0,0,40,0
2,12,73731.0,-4.795071521633167,-0.7469704757430067,TIME_LIMIT,6406,0,0,37,0
2,12,74257.0,-4.795071521633167,-0.7469704757430067,TIME_LIMIT,6439,0,0,48,0
2,12,74795.0,-4.795071521633167,-0.7469704757430067,TIME_LIMIT,6494,0,0,36,0
2,12,75336.0,-4.795071521633167,-0.7469704757430067,TIME_LIMIT,6524,0,0,39,0
2,12,75874.0,-4.795071521633167,-0.7469704757430067,TIME_LIMIT,6576,0,0,29,0
2,12,76408.0,-4.795071521633167,-0.7469704757430067,TIME_LIMIT,6609,0,0,40,0
2,12,76930.0,-4.794471247119011,-0.7469704757430067,TIME_LIMIT,6663,0,0,33,0
2,12,77459.0,-4.794471247119011,-0.7469704757430067,TIME_LIMIT,6693,0,0,40,0
2,12,77991.0,-4.791140509358155,-0.7469704757430067,TIME_LIMIT,6745,0,0,37,0
2,12,78521.0,-4.791140509358155,-0.7469704757430067,TIME_LIMIT,6775,0,0,49,0
2,12,79043.0,-4.791140509358155,-0.7469704757430067,TIME_LIMIT,6830,0,0,38,0
2,12,79572.0,-4.791140509358155,-0.7469704757430067,TIME_LIMIT,6860,0,0,34,0
2,12,80103.0,-4.783473119890217,-0.7469704757430067,TIME_LIMIT,6920,0,0,35,0
2,12,80630.0,-4.783473119890217,-0.7469704757430067,TIME_LIMIT,6952,0,0,43,0
2,12,81166.0,-4.7678730650519805,-0.7469704757430067,TIME_LIMIT,7005,0,0,27,0
2,12,81687.0,-4.7678730650519805,-0.7469704757430067,TIME_LIMIT,7039,0,0,23,0
2,12,82216.0,-4.755353116269103,-0.7469704757430067,TIME_LIMIT,7091,0,0,16,0
2,12,82743.0,-4.755353116269103,-0.7469704757430067,TIME_LIMIT,7122,0,0,37,0
2,12,83271.0,-4.75226641021863,-0.7469704757430067,TIME_LIMIT,7177,0,0,33,0
2,12,83470.0,-4.75226641021863,-0.7469704757430067,TIME_LIMIT,7205,0,0,42,0
2,12,83778.0,-4.75226641021863,-0.7469704757430067,TIME_LIMIT,7256,0,0,32,0
2,12,84026.0,-4.75226641021863,-0.7469704757430067,TIME_LIMIT,7284,0,0,45,0
2,12,84389.0,-4.75226641021863,-0.7469704757430067,TIME_LIMIT,7334,0,0,31,0
2,12,84899.0,-4.75226641021863,-0.7469704757430067,TIME_LIMIT,7360,0,0,38,0
2,12,85423.0,-4.75226641021863,-0.7469704757430067,TIME_LIMIT,7409,0,0,21,0
2,12,85790.0,-4.75226641021863,-0.7469704757430067,TIME_LIMIT,7440,0,0,39,0
2,12,86160.0,-4.75226641021863,-0.7469704757430067,TIME_LIMIT,7492,0,0,15,0
2,12,86690.0,-4.75226641021863,-0.7469704757430067,TIME_LIMIT,7529,0,0,35,0
2,12,87112.0,-4.75226641021863,-0.7469704757430067,TIME_LIMIT,7573,0,0,35,0
2,12,87624.0,-4.75226641021863,-0.7469704757430067,TIME_LIMIT,7609,0,0,49,0
2,12,88062.0,-4.75226641021863,-0.7469704757430067,TIME_LIMIT,7663,0,0,35,0
2,12,88593.0,-4.75226641021863,-0.7469704757430067,TIME_LIMIT,7695,0,0,42,0
2,12,89126.0,-4.75226641021863,-0.7469704757430067,TIME_LIMIT,7755,0,0,41,0
2,12,89391.0,-4.75226641021863,-0.7469704757430067,TIME_LIMIT,7786,0,0,38,0
2,12,89914.0,-4.75226641021863,-0.7469704757430067,TIME_LIMIT,7841,0,0,30,0
2,12,90385.0,-4.75226641021863,-0.7469704757430067,TIME_LIMIT,7881,0,0,42,0
2,12,90912.0,-4.75226641021863,-0.7469704757430067,TIME_LIMIT,7937,0,0,37,0
2,12,91398.0,-4.75226641021863,-0.7469704757430067,TIME_LIMIT,7975,0,0,30,0
2,12,91933.0,-4.75226641021863,-0.7469704757430067,TIME_LIMIT,8033,0,0,38,0
2,12,92454.0,-4.75226641021863,-0.7469704757430067,TIME_LIMIT,8065,0,0,33,0
2,12,92892.0,-4.75226641021863,-0.7469704757430067,TIME_LIMIT,8124,0,0,28,0
2,12,93293.0,-4.75226641021863,-0.7469704757430067,TIME_LIMIT,8161,0,0,27,0
2,12,93772.0,-4.75226641021863,-0.7469704757430067,TIME_LIMIT,8214,0,0,30,0
2,12,94294.0,-4.75226641021863,-0.7469704757430067,TIME_LIMIT,8251,0,0,43,0
2,12,94824.0,-4.75226641021863,-0.7469704757430067,TIME_LIMIT,8300,0,0,30,0
2,12,95353.0,-4.75226641021863,-0.7469704757430067,TIME_LIMIT,8330,0,0,42,0
2,12,95882.0,-4.75226641021863,-0.7469704757430067,TIME_LIMIT,8383,0,0,35,0
2,12,96403.0,-4.75226641021863,-0.7469704757430067,TIME_LIMIT,8416,0,0,37,0
2,12,96940.0,-4.75226641021863,-0.7469704757430067,TIME_LIMIT,8458,0,0,38,0
2,12,97470.0,-4.75226641021863,-0.7469704757430067,TIME_LIMIT,8496,0,0,33,0
2,12,97889.0,-4.75226641021863,-0.7469704757430067,TIME_LIMIT,8541,0,0,42,0
2,12,98420.0,-4.75226641021863,-0.7469704757430067,TIME_LIMIT,8582,0,0,56,0
2,12,98950.0,-4.75226641021863,-0.7469704757430067,TIME_LIMIT,8634,0,0,19,0
2,12,99472.0,-4.75226641021863,-0.7469704757430067,TIME_LIMIT,8674,0,0,43,0
2,12,100003.0,-4.75226641021863,-0.7469704757430067,TIME_LIMIT,8732,0,0,35,0
2,12,100531.0,-4.75226641021863,-0.7469704757430067,TIME_LIMIT,8759,0,0,39,0
2,12,101066.0,-4.75226641021863,-0.7469704757430067,TIME_LIMIT,8816,0,0,18,0
2,12,101587.0,-4.75226641021863,-0.7469704757430067,TIME_LIMIT,8853,0,0,29,0
2,12,102117.0,-4.75226641021863,-0.7469704757430067,TIME_LIMIT,8906,0,0,21,0
2,12,102646.0,-4.75226641021863,-0.7469704757430067,TIME_LIMIT,8939,0,0,28,0
2,12,103174.0,-4.75226641021863,-0.7469704757430067,TIME_LIMIT,8996,0,0,35,0
2,12,103696.0,-4.75226641021863,-0.7469704757430067,TIME_LIMIT,9039,0,0,21,0
2,12,104226.0,-4.749354693492975,-0.7469704757430067,TIME_LIMIT,9080,0,0,34,0
2,12,104755.0,-4.749354693492975,-0.7469704757430067,TIME_LIMIT,9117,0,0,52,0
2,12,105277.0,-4.749354693492975,-0.7469704757430067,TIME_LIMIT,9171,0,0,32,0
2,12,105807.0,-4.749354693492975,-0.7469704757430067,TIME_LIMIT,9207,0,0,41,0
2,12,106336.0,-4.749354693492975,-0.7469704757430067,TIME_LIMIT,9258,0,0,19,0
2,12,106867.0,-4.749354693492975,-0.7469704757430067,TIME_LIMIT,9293,0,0,22,0
2,12,107390.0,-4.747895638529929,-0.7469704757430067,TIME_LIMIT,9343,0,0,28,0
2,12,107920.0,-4.747895638529929,-0.7469704757430067,TIME_LIMIT,9376,0,0,43,0
2,12,108449.0,-4.747895638529929,-0.7469704757430067,TIME_LIMIT,9432,0,0,25,0
2,12,108979.0,-4.747895638529929,-0.7469704757430067,TIME_LIMIT,9469,0,0,44,0
2,12,109500.0,-4.743511566599656,-0.7469704757430067,TIME_LIMIT,9520,0,0,31,0
2,12,110028.0,-4.743511566599656,-0.7469704757430067,TIME_LIMIT,9552,0,0,33,0
2,12,110557.0,-4.743511566599656,-0.7469704757430067,TIME_LIMIT,9602,0,0,31,0
2,12,111078.0,-4.743511566599656,-0.7469704757430067,TIME_LIMIT,9639,0,0,39,0
2,12,111606.0,-4.742617194974611,-0.7469704757430067,TIME_LIMIT,9683,0,0,37,0
2,12,112137.0,-4.742617194974611,-0.7469704757430067,TIME_LIMIT,9722,0,0,46,0
2,12,112668.0,-4.731923141029639,-0.7469704757430067,TIME_LIMIT,9773,0,0,27,0
2,12,113191.0,-4.731923141029639,-0.7469704757430067,TIME_LIMIT,9806,0,0,40,0
2,12,113721.0,-4.731159767314194,-0.7469704757430067,TIME_LIMIT,9867,0,0,33,0
2,12,114252.0,-4.731159767314194,-0.7469704757430067,TIME_LIMIT,9896,0,0,38,0
2,12,114779.0,-4.728479064658824,-0.7469704757430067,TIME_LIMIT,9946,0,0,33,0
2,12,115318.0,-4.728479064658824,-0.7469704757430067,TIME_LIMIT,9989,0,0,45,0
2,12,115880.0,-4.716976098198207,-0.7469704757430067,TIME_LIMIT,10038,0,0,33,0
2,12,116406.0,-4.716976098198207,-0.7469704757430067,TIME_LIMIT,10073,0,0,45,0
2,12,116946.0,-4.716976098198207,-0.7469704757430067,TIME_LIMIT,10123,0,0,26,0
2,12,117486.0,-4.716976098198207,-0.7469704757430067,TIME_LIMIT,10165,0,0,53,0
2,12,118025.0,-4.716666349496695,-0.7469704757430067,TIME_LIMIT,10219,0,0,34,0
2,12,118557.0,-4.716666349496695,-0.7469704757430067,TIME_LIMIT,10256,0,0,47,0
2,12,119091.0,-4.711327254202237,-0.7469704757430067,TIME_LIMIT,10310,0,0,32,0
2,12,119634.0,-4.711327254202237,-0.7469704757430067,TIME_LIMIT,10348,0,0,41,0
2,12,120168.0,-4.703799181651005,-0.7469704757430067,TIME_LIMIT,10397,0,0,33,0
2,12,120709.0,-4.703799181651005,-0.7469704757430067,TIME_LIMIT,10432,0,0,40,0
2,12,121249.0,-4.703799181651005,-0.7469704757430067,TIME_LIMIT,10488,0,0,34,0
2,12,121782.0,-4.703799181651005,-0.7469704757430067,TIME_LIMIT,10520,0,0,22,0
2,12,122324.0,-4.703799181651005,-0.7469704757430067,TIME_LIMIT,10575,0,0,32,0
2,12,122868.0,-4.703799181651005,-0.7469704757430067,TIME_LIMIT,10614,0,0,38,0
2,12,123410.0,-4.703541574355346,-0.7469704757430067,TIME_LIMIT,10651,0,0,15,0
2,12,123965.0,-4.703541574355346,-0.7469704757430067,TIME_LIMIT,10684,0,0,26,0
2,12,124509.0,-4.701488752969558,-0.7469704757430067,TIME_LIMIT,10738,0,0,33,0
2,12,125054.0,-4.701488752969558,-0.7469704757430067,TIME_LIMIT,10776,0,0,45,0
2,12,125587.0,-4.69439838998101,-0.7469704757430067,TIME_LIMIT,10830,0,0,33,0
2,12,126001.0,-4.69439838998101,-0.7469704757430067,TIME_LIMIT,10866,0,0,36,0
2,12,126400.0,-4.69439838998101,-0.7469704757430067,TIME_LIMIT,10918,0,0,32,0
2,12,126725.0,-4.69439838998101,-0.7469704757430067,TIME_LIMIT,10952,0,0,41,0
2,12,127090.0,-4.69439838998101,-0.7469704757430067,TIME_LIMIT,11000,0,0,14,0
2,12,127366.0,-4.69439838998101,-0.7469704757430067,TIME_LIMIT,11025,0,0,42,0
2,12,127770.0,-4.69439838998101,-0.7469704757430067,TIME_LIMIT,11075,0,0,15,0
2,12,128156.0,-4.69439838998101,-0.7469704757430067,TIME_LIMIT,11113,0,0,48,0
2,12,128688.0,-4.69439838998101,-0.7469704757430067,TIME_LIMIT,11170,0,0,33,0
2,12,129226.0,-4.69439838998101,-0.7469704757430067,TIME_LIMIT,11213,0,0,37,0
2,12,129732.0,-4.69439838998101,-0.7469704757430067,TIME_LIMIT,11256,0,0,39,0
2,12,130268.0,-4.69439838998101,-0.7469704757430067,TIME_LIMIT,11284,0,0,45,0
2,12,130803.0,-4.69439838998101,-0.7469704757430067,TIME_LIMIT,11340,0,0,34,0
2,12,131330.0,-4.69439838998101,-0.7469704757430067,TIME_LIMIT,11376,0,0,44,0
2,12,131865.0,-4.69439838998101,-0.7469704757430067,TIME_LIMIT,11432,0,0,25,0
2,12,132273.0,-4.69439838998101,-0.7469704757430067,TIME_LIMIT,11468,0,0,47,0
2,12,132775.0,-4.69439838998101,-0.7469704757430067,TIME_LIMIT,11524,0,0,35,0
2,12,133310.0,-4.69439838998101,-0.7469704757430067,TIME_LIMIT,11554,0,0,42,0
2,12,133829.0,-4.69439838998101,-0.7469704757430067,TIME_LIMIT,11605,0,0,27,0
2,12,134362.0,-4.69439838998101,-0.7469704757430067,TIME_LIMIT,11645,0,0,43,0
2,12,134893.0,-4.691818244434069,-0.7469704757430067,TIME_LIMIT,11700,0,0,34,0
2,12,135107.0,-4.691818244434069,-0.7469704757430067,TIME_LIMIT,11729,0,0,42,0
2,12,135308.0,-4.683100186567526,-0.7469704757430067,TIME_LIMIT,11771,0,0,25,0
2,12,135832.0,-4.683100186567526,-0.7469704757430067,TIME_LIMIT,11812,0,0,33,0
2,12,136361.0,-4.681683138101423,-0.7469704757430067,TIME_LIMIT,11852,0,0,41,0
2,12,136840.0,-4.681683138101423,-0.7469704757430067,TIME_LIMIT,11887,0,0,41,0
2,12,137359.0,-4.681189213904759,-0.7469704757430067,TIME_LIMIT,11938,0,0,22,0
2,12,137726.0,-4.681189213904759,-0.7469704757430067,TIME_LIMIT,11971,0,0,47,0
2,12,138249.0,-4.681189213904759,-0.7469704757430067,TIME_LIMIT,12020,0,0,14,0
2,12,138547.0,-4.681189213904759,-0.7469704757430067,TIME_LIMIT,12048,0,0,53,0
2,12,139070.0,-4.681189213904759,-0.7469704757430067,TIME_LIMIT,12098,0,0,29,0
2,12,139491.0,-4.681189213904759,-0.7469704757430067,TIME_LIMIT,12130,0,0,24,0
2,12,140007.0,-4.681189213904759,-0.7469704757430067,TIME_LIMIT,12187,0,0,38,0
2,12,140530.0,-4.681189213904759,-0.7469704757430067,TIME_LIMIT,12226,0,0,40,0
2,12,141062.0,-4.662782615662849,-0.7469704757430067,TIME_LIMIT,12263,0,0,42,0
2,12,141337.0,-4.662782615662849,-0.7469704757430067,TIME_LIMIT,12297,0,0,36,0
2,12,141780.0,-4.65989631437554,-0.7469704757430067,TIME_LIMIT,12353,0,0,36,0
2,12,142257.0,-4.65989631437554,-0.7469704757430067,TIME_LIMIT,12400,0,0,59,0
2,12,142787.0,-4.65989631437554,-0.7469704757430067,TIME_LIMIT,12452,0,0,25,0
2,12,143319.0,-4.65989631437554,-0.7469704757430067,TIME_LIMIT,12485,0,0,47,0
2,12,143843.0,-4.659536851455398,-0.7469704757430067,TIME_LIMIT,12546,0,0,22,0
2,12,144372.0,-4.659536851455398,-0.7469704757430067,TIME_LIMIT,12589,0,0,46,0
2,12,144895.0,-4.6579031941670515,-0.7469704757430067,TIME_LIMIT,12631,0,0,33,0
2,12,145423.0,-4.6579031941670515,-0.7469704757430067,TIME_LIMIT,12673,0,0,34,0
2,12,145952.0,-4.6579031941670515,-0.7469704757430067,TIME_LIMIT,12716,0,0,35,0
2,12,146473.0,-4.6579031941670515,-0.7469704757430067,TIME_LIMIT,12752,0,0,42,0
2,12,147003.0,-4.655826408072514,-0.7469704757430067,TIME_LIMIT,12805,0,0,28,0
2,12,147271.0,-4.655826408072514,-0.7469704757430067,TIME_LIMIT,12840,0,0,46,0
2,12,147629.0,-4.655826408072514,-0.7469704757430067,TIME_LIMIT,12889,0,0,28,0
2,12,147953.0,-4.655826408072514,-0.7469704757430067,TIME_LIMIT,12913,0,0,28,0
2,12,148311.0,-4.655826408072514,-0.7469704757430067,TIME_LIMIT,12967,0,0,23,0
2,12,148689.0,-4.655826408072514,-0.7469704757430067,TIME_LIMIT,13008,0,0,42,0
2,12,149220.0,-4.651241869602907,-0.7469704757430067,TIME_LIMIT,13050,0,0,33,0
2,12,149746.0,-4.651241869602907,-0.7469704757430067,TIME_LIMIT,13079,0,0,42,0
2,12,150277.0,-4.650626812990757,-0.7469704757430067,TIME_LIMIT,13131,0,0,20,0
2,12,150808.0,-4.650626812990757,-0.7469704757430067,TIME_LIMIT,13172,0,0,45,0
2,12,151331.0,-4.6480975764503905,-0.7469704757430067,TIME_LIMIT,13224,0,0,15,0
2,12,151861.0,-4.6480975764503905,-0.7469704757430067,TIME_LIMIT,13259,0,0,42,0
2,12,152394.0,-4.6480975764503905,-0.7469704757430067,TIME_LIMIT,13312,0,0,33,0
2,12,152918.0,-4.6480975764503905,-0.7469704757430067,TIME_LIMIT,13340,0,0,32,0
2,12,153447.0,-4.6480975764503905,-0.7469704757430067,TIME_LIMIT,13387,0,0,10,0
2,12,153968.0,-4.6480975764503905,-0.7469704757430067,TIME_LIMIT,13428,0,0,33,0
2,12,154499.0,-4.6480975764503905,-0.7469704757430067,TIME_LIMIT,13468,0,0,37,0
2,12,155029.0,-4.6480975764503905,-0.7469704757430067,TIME_LIMIT,13494,0,0,37,0
2,12,155552.0,-4.646355949338268,-0.7469704757430067,TIME_LIMIT,13542,0,0,33,0
2,12,156081.0,-4.646355949338268,-0.7469704757430067,TIME_LIMIT,13571,0,0,30,0
2,12,156603.0,-4.646355949338268,-0.7469704757430067,TIME_LIMIT,13620,0,0,22,0
2,12,157133.0,-4.646355949338268,-0.7469704757430067,TIME_LIMIT,13657,0,0,40,0
2,12,157664.0,-4.646355949338268,-0.7469704757430067,TIME_LIMIT,13689,0,0,26,0
2,12,158183.0,-4.646355949338268,-0.7469704757430067,TIME_LIMIT,13723,0,0,41,0
2,12,158747.0,-4.646355949338268,-0.7469704757430067,TIME_LIMIT,13778,0,0,26,0
2,12,159270.0,-4.646355949338268,-0.7469704757430067,TIME_LIMIT,13815,0,0,37,0
2,12,159800.0,-4.645908658421401,-0.7469704757430067,TIME_LIMIT,13862,0,0,37,0
2,12,160330.0,-4.645908658421401,-0.7469704757430067,TIME_LIMIT,13893,0,0,19,0
2,12,160852.0,-4.640094068454713,-0.7469704757430067,TIME_LIMIT,13933,0,0,41,0
2,12,161381.0,-4.640094068454713,-0.7469704757430067,TIME_LIMIT,13968,0,0,40,0
2,12,161903.0,-4.638598746161955,-0.7469704757430067,TIME_LIMIT,14021,0,0,35,0
2,12,162436.0,-4.638598746161955,-0.7469704757430067,TIME_LIMIT,14056,0,0,26,0
2,12,162966.0,-4.636881434322625,-0.7469704757430067,TIME_LIMIT,14111,0,0,35,0
2,12,163426.0,-4.636881434322625,-0.7469704757430067,TIME_LIMIT,14147,0,0,42,0
2,12,163958.0,-4.636881434322625,-0.7469704757430067,TIME_LIMIT,14200,0,0,31,0
2,12,164488.0,-4.636881434322625,-0.7469704757430067,TIME_LIMIT,14231,0,0,37,0
2,12,165012.0,-4.636881434322625,-0.7469704757430067,TIME_LIMIT,14286,0,0,28,0
2,12,165543.0,-4.636881434322625,-0.7469704757430067,TIME_LIMIT,14318,0,0,40,0
2,12,166065.0,-4.636881434322625,-0.7469704757430067,TIME_LIMIT,14373,0,0,31,0
2,12,166595.0,-4.636881434322625,-0.7469704757430067,TIME_LIMIT,14406,0,0,42,0
2,12,167127.0,-4.636139686085988,-0.7469704757430067,TIME_LIMIT,14458,0,0,34,0
2,12,167656.0,-4.636139686085988,-0.7469704757430067,TIME_LIMIT,14496,0,0,41,0
2,12,168186.0,-4.636139686085988,-0.7469704757430067,TIME_LIMIT,14550,0,0,35,0
2,12,168712.0,-4.636139686085988,-0.7469704757430067,TIME_LIMIT,14583,0,0,33,0
2,12,169246.0,-4.636139686085988,-0.7469704757430067,TIME_LIMIT,14638,0,0,33,0
2,12,169774.0,-4.636139686085988,-0.7469704757430067,TIME_LIMIT,14669,0,0,39,0
2,12,170307.0,-4.626720271923717,-0.7469704757430067,TIME_LIMIT,14722,0,0,20,0
2,12,170844.0,-4.626720271923717,-0.7469704757430067,TIME_LIMIT,14765,0,0,33,0
2,12,171373.0,-4.624169866991238,-0.7469704757430067,TIME_LIMIT,14800,0,0,32,0
2,12,171912.0,-4.624169866991238,-0.7469704757430067,TIME_LIMIT,14846,0,0,37,0
2,12,172446.0,-4.622332568927472,-0.7469704757430067,TIME_LIMIT,14894,0,0,40,0
2,12,172988.0,-4.622332568927472,-0.7469704757430067,TIME_LIMIT,14929,0,0,30,0
2,12,173520.0,-4.622332568927472,-0.7469704757430067,TIME_LIMIT,14979,0,0,31,0
2,12,174065.0,-4.622332568927472,-0.7469704757430067,TIME_LIMIT,15013,0,0,25,0
2,12,174611.0,-4.620888992886679,-0.7469704757430067,TIME_LIMIT,15053,0,0,34,0
2,12,175146.0,-4.620888992886679,-0.7469704757430067,TIME_LIMIT,15093,0,0,33,0
2,12,175688.0,-4.620888992886679,-0.7469704757430067,TIME_LIMIT,15143,0,0,34,0
2,12,176222.0,-4.620888992886679,-0.7469704757430067,TIME_LIMIT,15179,0,0,37,0
2,12,176769.0,-4.620627226411421,-0.7469704757430067,TIME_LIMIT,15230,0,0,37,0
2,12,177309.0,-4.620627226411421,-0.7469704757430067,TIME_LIMIT,15263,0,0,40,0
2,12,177859.0,-4.6146233373767345,-0.7469704757430067,TIME_LIMIT,15320,0,0,36,0
2,12,178405.0,-4.6146233373767345,-0.7469704757430067,TIME_LIMIT,15352,0,0,22,0
2,12,178941.0,-4.6132360092198414,-0.7469704757430067,TIME_LIMIT,15407,0,0,30,0
2,12,179485.0,-4.6132360092198414,-0.7469704757430067,TIME_LIMIT,15441,0,0,42,0
2,12,180022.0,-4.6132360092198414,-0.7469704757430067,TIME_LIMIT,15494,0,0,27,0
2,12,180565.0,-4.6132360092198414,-0.7469704757430067,TIME_LIMIT,15525,0,0,41,0
2,12,181099.0,-4.612096877990347,-0.7469704757430067,TIME_LIMIT,15578,0,0,32,0
2,12,181637.0,-4.612096877990347,-0.7469704757430067,TIME_LIMIT,15612,0,0,40,0
2,12,182169.0,-4.607674114430667,-0.7469704757430067,TIME_LIMIT,15665,0,0,13,0
2,12,182710.0,-4.607674114430667,-0.7469704757430067,TIME_LIMIT,15699,0,0,41,0
2,12,183250.0,-4.607674114430667,-0.7469704757430067,TIME_LIMIT,15759,0,0,35,0
2,12,183781.0,-4.607674114430667,-0.7469704757430067,TIME_LIMIT,15789,0,0,27,0
2,12,184320.0,-4.606283848987591,-0.7469704757430067,TIME_LIMIT,15841,0,0,34,0
2,12,184851.0,-4.606283848987591,-0.7469704757430067,TIME_LIMIT,15880,0,0,44,0
2,12,185385.0,-4.6055076220864475,-0.7469704757430067,TIME_LIMIT,15934,0,0,23,0
2,12,185915.0,-4.6055076220864475,-0.7469704757430067,TIME_LIMIT,15965,0,0,36,0
2,12,186449.0,-4.594293149974089,-0.7469704757430067,TIME_LIMIT,16023,0,0,35,0
2,12,186977.0,-4.594293149974089,-0.7469704757430067,TIME_LIMIT,16053,0,0,41,0
2,12,187515.0,-4.594048048545681,-0.7469704757430067,TIME_LIMIT,16105,0,0,11,0
2,12,188047.0,-4.594048048545681,-0.7469704757430067,TIME_LIMIT,16148,0,0,20,0
2,12,188570.0,-4.594048048545681,-0.7469704757430067,TIME_LIMIT,16196,0,0,30,0
2,12,189102.0,-4.594048048545681,-0.7469704757430067,TIME_LIMIT,16240,0,0,39,0
2,12,189627.0,-4.587894535635323,-0.7469704757430067,TIME_LIMIT,16284,0,0,48,0
2,12,190158.0,-4.587894535635323,-0.7469704757430067,TIME_LIMIT,16308,0,0,37,0
2,12,190681.0,-4.586363051439272,-0.7469704757430067,TIME_LIMIT,16366,0,0,35,0
2,12,191047.0,-4.586363051439272,-0.7469704757430067,TIME_LIMIT,16400,0,0,48,0
2,12,191564.0,-4.586363051439272,-0.7469704757430067,TIME_LIMIT,16463,0,0,40,0
2,12,191880.0,-4.586363051439272,-0.7469704757430067,TIME_LIMIT,16493,0,0,49,0
2,12,192411.0,-4.586363051439272,-0.7469704757430067,TIME_LIMIT,16547,0,0,28,0
2,12,192937.0,-4.586363051439272,-0.7469704757430067,TIME_LIMIT,16578,0,0,43,0
2,12,193466.0,-4.585443856783142,-0.7469704757430067,TIME_LIMIT,16633,0,0,17,0
2,12,193988.0,-4.585443856783142,-0.7469704757430067,TIME_LIMIT,16674,0,0,38,0
2,12,194519.0,-4.585443856783142,-0.7469704757430067,TIME_LIMIT,16713,0,0,44,0
2,12,195050.0,-4.585443856783142,-0.7469704757430067,TIME_LIMIT,16748,0,0,44,0
2,12,195576.0,-4.584149036986471,-0.7469704757430067,TIME_LIMIT,16807,0,0,36,0
2,12,196106.0,-4.584149036986471,-0.7469704757430067,TIME_LIMIT,16842,0,0,33,0
2,12,196629.0,-4.58249067321796,-0.7469704757430067,TIME_LIMIT,16895,0,0,34,0
2,12,197160.0,-4.58249067321796,-0.7469704757430067,TIME_LIMIT,16932,0,0,45,0
2,12,197682.0,-4.574242311296529,-0.7469704757430067,TIME_LIMIT,16980,0,0,33,0
2,12,198214.0,-4.574242311296529,-0.7469704757430067,TIME_LIMIT,17019,0,0,22,0
2,12,198735.0,-4.571717021194402,-0.7469704757430067,TIME_LIMIT,17071,0,0,29,0
2,12,199269.0,-4.571717021194402,-0.7469704757430067,TIME_LIMIT,17102,0,0,41,0
2,12,199794.0,-4.571003924746254,-0.7469704757430067,TIME_LIMIT,17161,0,0,39,0
2,12,200325.0,-4.571003924746254,-0.7469704757430067,TIME_LIMIT,17192,0,0,44,0
2,12,200846.0,-4.571003924746254,-0.7469704757430067,TIME_LIMIT,17247,0,0,39,0
2,12,201410.0,-4.571003924746254,-0.7469704757430067,TIME_LIMIT,17275,0,0,42,0
2,12,201933.0,-4.568451489313025,-0.7469704757430067,TIME_LIMIT,17326,0,0,31,0
2,12,202470.0,-4.568451489313025,-0.7469704757430067,TIME_LIMIT,17361,0,0,34,0
2,12,202990.0,-4.568451489313025,-0.7469704757430067,TIME_LIMIT,17417,0,0,29,0
2,12,203517.0,-4.568451489313025,-0.7469704757430067,TIME_LIMIT,17454,0,0,37,0
2,12,204040.0,-4.568329605925629,-0.7469704757430067,TIME_LIMIT,17503,0,0,30,0
2,12,204574.0,-4.568329605925629,-0.7469704757430067,TIME_LIMIT,17534,0,0,45,0
2,12,205101.0,-4.568329605925629,-0.7469704757430067,TIME_LIMIT,17585,0,0,22,0
2,12,205637.0,-4.568329605925629,-0.7469704757430067,TIME_LIMIT,17616,0,0,44,0
2,12,206161.0,-4.568329605925629,-0.7469704757430067,TIME_LIMIT,17668,0,0,33,0
2,12,206692.0,-4.568329605925629,-0.7469704757430067,TIME_LIMIT,17706,0,0,47,0
2,12,207215.0,-4.564288254031395,-0.7469704757430067,TIME_LIMIT,17754,0,0,30,0
2,12,207717.0,-4.564288254031395,-0.7469704757430067,TIME_LIMIT,17795,0,0,39,0
2,12,208252.0,-4.562373390449215,-0.7469704757430067,TIME_LIMIT,17846,0,0,29,0
2,12,208778.0,-4.562373390449215,-0.7469704757430067,TIME_LIMIT,17879,0,0,45,0
2,12,209311.0,-4.562373390449215,-0.7469704757430067,TIME_LIMIT,17939,0,0,39,0
2,12,209848.0,-4.562373390449215,-0.7469704757430067,TIME_LIMIT,17977,0,0,29,0
2,12,210380.0,-4.562373390449215,-0.7469704757430067,TIME_LIMIT,18032,0,0,31,0
2,12,210905.0,-4.562373390449215,-0.7469704757430067,TIME_LIMIT,18070,0,0,35,0
2,12,211433.0,-4.562373390449215,-0.7469704757430067,TIME_LIMIT,18120,0,0,29,0
2,12,211961.0,-4.562373390449215,-0.7469704757430067,TIME_LIMIT,18150,0,0,39,0
2,12,212489.0,-4.562373390449215,-0.7469704757430067,TIME_LIMIT,18205,0,0,36,0
2,12,213013.0,-4.562373390449215,-0.7469704757430067,TIME_LIMIT,18234,0,0,47,0
2,12,213543.0,-4.562373390449215,-0.7469704757430067,TIME_LIMIT,18288,0,0,33,0
2,12,214066.0,-4.562373390449215,-0.7469704757430067,TIME_LIMIT,18317,0,0,37,0
2,12,214597.0,-4.5607018270977235,-0.7469704757430067,TIME_LIMIT,18375,0,0,37,0
2,12,215119.0,-4.5607018270977235,-0.7469704757430067,TIME_LIMIT,18409,0,0,50,0
2,12,215645.0,-4.559816046281144,-0.7469704757430067,TIME_LIMIT,18458,0,0,30,0
2,12,216170.0,-4.559816046281144,-0.7469704757430067,TIME_LIMIT,18488,0,0,36,0
2,12,216701.0,-4.559816046281144,-0.7469704757430067,TIME_LIMIT,18544,0,0,35,0
2,12,217226.0,-4.559816046281144,-0.7469704757430067,TIME_LIMIT,18579,0,0,43,0
2,12,217758.0,-4.559816046281144,-0.7469704757430067,TIME_LIMIT,18631,0,0,35,0
2,12,218283.0,-4.559816046281144,-0.7469704757430067,TIME_LIMIT,18662,0,0,38,0
2,12,218815.0,-4.558714024886507,-0.7469704757430067,TIME_LIMIT,18717,0,0,34,0
2,12,219322.0,-4.558714024886507,-0.7469704757430067,TIME_LIMIT,18760,0,0,49,0
2,12,219847.0,-4.558714024886507,-0.7469704757430067,TIME_LIMIT,18815,0,0,32,0
2,12,220380.0,-4.558714024886507,-0.7469704757430067,TIME_LIMIT,18841,0,0,46,0
2,12,220910.0,-4.558714024886507,-0.7469704757430067,TIME_LIMIT,18892,0,0,35,0
2,12,221443.0,-4.558714024886507,-0.7469704757430067,TIME_LIMIT,18923,0,0,39,0
2,12,221970.0,-4.558714024886507,-0.7469704757430067,TIME_LIMIT,18974,0,0,14,0
2,12,222502.0,-4.558714024886507,-0.7469704757430067,TIME_LIMIT,19004,0,0,43,0
2,12,223026.0,-4.558714024886507,-0.7469704757430067,TIME_LIMIT,19053,0,0,26,0
2,12,223557.0,-4.558714024886507,-0.7469704757430067,TIME_LIMIT,19085,0,0,47,0
2,12,224081.0,-4.558714024886507,-0.7469704757430067,TIME_LIMIT,19131,0,0,30,0
2,12,224615.0,-4.558714024886507,-0.7469704757430067,TIME_LIMIT,19158,0,0,37,0
2,12,225143.0,-4.555937106209642,-0.7469704757430067,TIME_LIMIT,19208,0,0,26,0
2,12,225678.0,-4.555937106209642,-0.7469704757430067,TIME_LIMIT,19251,0,0,34,0
2,12,226206.0,-4.552705751267018,-0.7469704757430067,TIME_LIMIT,19287,0,0,41,0
2,12,226743.0,-4.552705751267018,-0.7469704757430067,TIME_LIMIT,19321,0,0,46,0
2,12,227272.0,-4.549296988875439,-0.7469704757430067,TIME_LIMIT,19377,0,0,33,0
2,12,227764.0,-4.549296988875439,-0.7469704757430067,TIME_LIMIT,19419,0,0,47,0
2,12,228297.0,-4.549296988875439,-0.7469704757430067,TIME_LIMIT,19469,0,0,32,0
2,12,228839.0,-4.549296988875439,-0.7469704757430067,TIME_LIMIT,19501,0,0,17,0
2,12,229372.0,-4.5474408225062755,-0.7469704757430067,TIME_LIMIT,19555,0,0,17,0
2,12,229913.0,-4.5474408225062755,-0.7469704757430067,TIME_LIMIT,19584,0,0,33,0
2,12,230447.0,-4.5452374151003365,-0.7469704757430067,TIME_LIMIT,19633,0,0,30,0
2,12,230701.0,-4.5452374151003365,-0.7469704757430067,TIME_LIMIT,19655,0,0,41,0
2,12,231116.0,-4.542977019094624,-0.7469704757430067,TIME_LIMIT,19713,0,0,39,0
2,12,231465.0,-4.542977019094624,-0.7469704757430067,TIME_LIMIT,19748,0,0,41,0
2,12,232018.0,-4.53923524345057,-0.7469704757430067,TIME_LIMIT,19799,0,0,17,0
2,12,232559.0,-4.53923524345057,-0.7469704757430067,TIME_LIMIT,19831,0,0,46,0
2,12,233094.0,-4.5361282536678305,-0.7469704757430067,TIME_LIMIT,19880,0,0,27,0
2,12,233641.0,-4.5361282536678305,-0.7469704757430067,TIME_LIMIT,19908,0,0,41,0
2,12,234181.0,-4.535771273852717,-0.7469704757430067,TIME_LIMIT,19957,0,0,32,0
2,12,234511.0,-4.535771273852717,-0.7469704757430067,TIME_LIMIT,19992,0,0,34,0
2,12,235053.0,-4.529853003182873,-0.7469704757430067,TIME_LIMIT,20044,0,0,17,0
2,12,235600.0,-4.529853003182873,-0.7469704757430067,TIME_LIMIT,20076,0,0,41,0
2,12,236137.0,-4.529853003182873,-0.7469704757430067,TIME_LIMIT,20133,0,0,30,0
2,12,236685.0,-4.529853003182873,-0.7469704757430067,TIME_LIMIT,20170,0,0,22,0
2,12,237218.0,-4.529729364288065,-0.7469704757430067,TIME_LIMIT,20222,0,0,31,0
2,12,237745.0,-4.529729364288065,-0.7469704757430067,TIME_LIMIT,20254,0,0,38,0
2,12,238291.0,-4.529729364288065,-0.7469704757430067,TIME_LIMIT,20311,0,0,29,0
2,12,238827.0,-4.529729364288065,-0.7469704757430067,TIME_LIMIT,20342,0,0,44,0
2,12,239369.0,-4.529729364288065,-0.7469704757430067,TIME_LIMIT,20394,0,0,34,0
2,12,239904.0,-4.529729364288065,-0.7469704757430067,TIME_LIMIT,20424,0,0,33,0
2,12,240436.0,-4.529729364288065,-0.7469704757430067,TIME_LIMIT,20477,0,0,33,0
2,12,240976.0,-4.529729364288065,-0.7469704757430067,TIME_LIMIT,20507,0,0,44,0
2,12,241507.0,-4.529729364288065,-0.7469704757430067,TIME_LIMIT,20555,0,0,31,0
2,12,242044.0,-4.529729364288065,-0.7469704757430067,TIME_LIMIT,20594,0,0,50,0
2,12,242573.0,-4.529729364288065,-0.7469704757430067,TIME_LIMIT,20628,0,0,40,0
2,12,243111.0,-4.529729364288065,-0.7469704757430067,TIME_LIMIT,20666,0,0,32,0
2,12,243641.0,-4.529729364288065,-0.7469704757430067,TIME_LIMIT,20723,0,0,36,0
2,12,244211.0,-4.529729364288065,-0.7469704757430067,TIME_LIMIT,20755,0,0,48,0
2,12,244736.0,-4.529729364288065,-0.7469704757430067,TIME_LIMIT,20804,0,0,30,0
2,12,245261.0,-4.529729364288065,-0.7469704757430067,TIME_LIMIT,20834,0,0,40,0
2,12,245793.0,-4.528639277157012,-0.7469704757430067,TIME_LIMIT,20892,0,0,34,0
2,12,246319.0,-4.528639277157012,-0.7469704757430067,TIME_LIMIT,20924,0,0,43,0
2,12,246849.0,-4.528639277157012,-0.7469704757430067,TIME_LIMIT,20977,0,0,34,0
2,12,247380.0,-4.528639277157012,-0.7469704757430067,TIME_LIMIT,21010,0,0,50,0
2,12,247910.0,-4.528639277157012,-0.7469704757430067,TIME_LIMIT,21069,0,0,35,0
2,12,248439.0,-4.528639277157012,-0.7469704757430067,TIME_LIMIT,21105,0,0,53,0
2,12,248963.0,-4.528639277157012,-0.7469704757430067,TIME_LIMIT,21155,0,0,28,0
2,12,249497.0,-4.528639277157012,-0.7469704757430067,TIME_LIMIT,21190,0,0,38,0
2,12,250022.0,-4.528639277157012,-0.7469704757430067,TIME_LIMIT,21251,0,0,16,0
2,12,250555.0,-4.528639277157012,-0.7469704757430067,TIME_LIMIT,21292,0,0,39,0
2,12,251079.0,-4.526787272197498,-0.7469704757430067,TIME_LIMIT,21327,0,0,36,0
2,12,251613.0,-4.526787272197498,-0.7469704757430067,TIME_LIMIT,21349,0,0,44,0
2,12,252140.0,-4.526172006461194,-0.7469704757430067,TIME_LIMIT,21398,0,0,29,0
2,12,252677.0,-4.526172006461194,-0.7469704757430067,TIME_LIMIT,21433,0,0,37,0
2,12,253210.0,-4.526172006461194,-0.7469704757430067,TIME_LIMIT,21488,0,0,38,0
2,12,253735.0,-4.526172006461194,-0.7469704757430067,TIME_LIMIT,21528,0,0,46,0
2,12,254265.0,-4.526172006461194,-0.7469704757430067,TIME_LIMIT,21581,0,0,31,0
2,12,254791.0,-4.526172006461194,-0.7469704757430067,TIME_LIMIT,21617,0,0,43,0
2,12,255322.0,-4.526172006461194,-0.7469704757430067,TIME_LIMIT,21672,0,0,30,0
2,12,255846.0,-4.526172006461194,-0.7469704757430067,TIME_LIMIT,21710,0,0,61,0
2,12,256371.0,-4.526172006461194,-0.7469704757430067,TIME_LIMIT,21767,0,0,34,0
2,12,256906.0,-4.526172006461194,-0.7469704757430067,TIME_LIMIT,21795,0,0,54,0
2,12,257432.0,-4.52594182700123,-0.7469704757430067,TIME_LIMIT,21853,0,0,32,0
2,12,257964.0,-4.52594182700123,-0.7469704757430067,TIME_LIMIT,21890,0,0,36,0
2,12,258489.0,-4.52364866361439,-0.7469704757430067,TIME_LIMIT,21934,0,0,35,0
2,12,259013.0,-4.52364866361439,-0.7469704757430067,TIME_LIMIT,21965,0,0,39,0
2,12,259548.0,-4.52364866361439,-0.7469704757430067,TIME_LIMIT,22018,0,0,24,0
2,12,260071.0,-4.52364866361439,-0.7469704757430067,TIME_LIMIT,22054,0,0,49,0
2,12,260604.0,-4.52364866361439,-0.7469704757430067,TIME_LIMIT,22106,0,0,35,0
2,12,261137.0,-4.52364866361439,-0.7469704757430067,TIME_LIMIT,22138,0,0,44,0
2,12,261660.0,-4.52364866361439,-0.7469704757430067,TIME_LIMIT,22198,0,0,27,0
2,12,262194.0,-4.52364866361439,-0.7469704757430067,TIME_LIMIT,22229,0,0,42,0
2,12,262722.0,-4.52364866361439,-0.7469704757430067,TIME_LIMIT,22283,0,0,23,0
2,12,263255.0,-4.52364866361439,-0.7469704757430067,TIME_LIMIT,22314,0,0,18,0
2,12,263780.0,-4.52364866361439,-0.7469704757430067,TIME_LIMIT,22369,0,0,34,0
2,12,264304.0,-4.52364866361439,-0.7469704757430067,TIME_LIMIT,22406,0,0,35,0
2,12,264838.0,-4.52364866361439,-0.7469704757430067,TIME_LIMIT,22462,0,0,39,0
2,12,265361.0,-4.52364866361439,-0.7469704757430067,TIME_LIMIT,22499,0,0,33,0
2,12,265893.0,-4.52364866361439,-0.7469704757430067,TIME_LIMIT,22539,0,0,34,0
2,12,266418.0,-4.52364866361439,-0.7469704757430067,TIME_LIMIT,22569,0,0,39,0
2,12,266942.0,-4.52364866361439,-0.7469704757430067,TIME_LIMIT,22630,0,0,32,0
2,12,267475.0,-4.52364866361439,-0.7469704757430067,TIME_LIMIT,22664,0,0,42,0
2,12,268001.0,-4.52364866361439,-0.7469704757430067,TIME_LIMIT,22722,0,0,31,0
2,12,268534.0,-4.52364866361439,-0.7469704757430067,TIME_LIMIT,22753,0,0,44,0
2,12,269058.0,-4.5158988056156115,-0.7469704757430067,TIME_LIMIT,22805,0,0,30,0
2,12,269471.0,-4.5158988056156115,-0.7469704757430067,TIME_LIMIT,22840,0,0,48,0
2,12,269996.0,-4.515523458925694,-0.7469704757430067,TIME_LIMIT,22888,0,0,27,0
2,12,270521.0,-4.515523458925694,-0.7469704757430067,TIME_LIMIT,22915,0,0,33,0
2,12,271052.0,-4.515227023594284,-0.7469704757430067,TIME_LIMIT,22974,0,0,34,0
2,12,271576.0,-4.515227023594284,-0.7469704757430067,TIME_LIMIT,23010,0,0,33,0
2,12,272112.0,-4.5116490518702115,-0.7469704757430067,TIME_LIMIT,23059,0,0,30,0
2,12,272638.0,-4.5116490518702115,-0.7469704757430067,TIME_LIMIT,23091,0,0,38,0
2,12,273160.0,-4.508879914187876,-0.7469704757430067,TIME_LIMIT,23142,0,0,25,0
2,12,273692.0,-4.508879914187876,-0.7469704757430067,TIME_LIMIT,23173,0,0,34,0
2,12,274217.0,-4.503215103636241,-0.7469704757430067,TIME_LIMIT,23228,0,0,34,0
2,12,274740.0,-4.503215103636241,-0.7469704757430067,TIME_LIMIT,23252,0,0,18,0
2,12,275271.0,-4.503149433453261,-0.7469704757430067,TIME_LIMIT,23309,0,0,37,0
2,12,275796.0,-4.503149433453261,-0.7469704757430067,TIME_LIMIT,23343,0,0,26,0
2,12,276330.0,-4.503149433453261,-0.7469704757430067,TIME_LIMIT,23396,0,0,33,0
2,12,276854.0,-4.503149433453261,-0.7469704757430067,TIME_LIMIT,23429,0,0,39,0
2,12,277381.0,-4.5027845011003365,-0.7469704757430067,TIME_LIMIT,23481,0,0,34,0
2,12,277916.0,-4.5027845011003365,-0.7469704757430067,TIME_LIMIT,23521,0,0,54,0
2,12,278444.0,-4.5027845011003365,-0.7469704757430067,TIME_LIMIT,23578,0,0,32,0
2,12,278967.0,-4.5027845011003365,-0.7469704757430067,TIME_LIMIT,23614,0,0,36,0
2,12,279498.0,-4.5027845011003365,-0.7469704757430067,TIME_LIMIT,23665,0,0,25,0
2,12,280027.0,-4.5027845011003365,-0.7469704757430067,TIME_LIMIT,23698,0,0,29,0
2,12,280556.0,-4.501366951325824,-0.7469704757430067,TIME_LIMIT,23749,0,0,30,0
2,12,281091.0,-4.501366951325824,-0.7469704757430067,TIME_LIMIT,23785,0,0,40,0
2,12,281621.0,-4.500502169348676,-0.7469704757430067,TIME_LIMIT,23838,0,0,32,0
2,12,282156.0,-4.500502169348676,-0.7469704757430067,TIME_LIMIT,23868,0,0,40,0
2,12,282686.0,-4.499304287004708,-0.7469704757430067,TIME_LIMIT,23926,0,0,29,0
2,12,283221.0,-4.499304287004708,-0.7469704757430067,TIME_LIMIT,23961,0,0,36,0
2,12,283767.0,-4.499304287004708,-0.7469704757430067,TIME_LIMIT,24014,0,0,36,0
2,12,284298.0,-4.499304287004708,-0.7469704757430067,TIME_LIMIT,24048,0,0,39,0
2,12,284833.0,-4.499304287004708,-0.7469704757430067,TIME_LIMIT,24101,0,0,34,0
2,12,285375.0,-4.499304287004708,-0.7469704757430067,TIME_LIMIT,24132,0,0,43,0
2,12,285909.0,-4.498475965172473,-0.7469704757430067,TIME_LIMIT,24182,0,0,30,0
2,12,286446.0,-4.498475965172473,-0.7469704757430067,TIME_LIMIT,24220,0,0,30,0
2,12,287025.0,-4.498475965172473,-0.7469704757430067,TIME_LIMIT,24269,0,0,34,0
2,12,287564.0,-4.498475965172473,-0.7469704757430067,TIME_LIMIT,24308,0,0,35,0
2,12,288100.0,-4.495464959402202,-0.7469704757430067,TIME_LIMIT,24349,0,0,28,0
2,12,288647.0,-4.495464959402202,-0.7469704757430067,TIME_LIMIT,24382,0,0,20,0
2,12,289198.0,-4.494344123294903,-0.7469704757430067,TIME_LIMIT,24421,0,0,21,0
2,12,289738.0,-4.494344123294903,-0.7469704757430067,TIME_LIMIT,24455,0,0,41,0
2,12,290284.0,-4.494059501252248,-0.7469704757430067,TIME_LIMIT,24508,0,0,35,0
2,12,290821.0,-4.494059501252248,-0.7469704757430067,TIME_LIMIT,24540,0,0,22,0
2,12,291369.0,-4.494059501252248,-0.7469704757430067,TIME_LIMIT,24593,0,0,15,0
2,12,291914.0,-4.494059501252248,-0.7469704757430067,TIME_LIMIT,24632,0,0,27,0
2,12,292452.0,-4.491861878259944,-0.7469704757430067,TIME_LIMIT,24673,0,0,40,0
2,12,292721.0,-4.491861878259944,-0.7469704757430067,TIME_LIMIT,24711,0,0,31,0
2,12,293154.0,-4.490782073640891,-0.7469704757430067,TIME_LIMIT,24751,0,0,32,0
2,12,293686.0,-4.490782073640891,-0.7469704757430067,TIME_LIMIT,24787,0,0,41,0
2,12,294218.0,-4.490596340458783,-0.7469704757430067,TIME_LIMIT,24837,0,0,33,0
2,12,294760.0,-4.490596340458783,-0.7469704757430067,TIME_LIMIT,24869,0,0,32,0
2,12,295301.0,-4.490380704841286,-0.7469704757430067,TIME_LIMIT,24918,0,0,19,0
2,12,295847.0,-4.490380704841286,-0.7469704757430067,TIME_LIMIT,24963,0,0,42,0
2,12,296242.0,-4.490380704841286,-0.7469704757430067,TIME_LIMIT,25003,0,0,19,0
2,12,296775.0,-4.490380704841286,-0.7469704757430067,TIME_LIMIT,25032,0,0,45,0
2,12,297306.0,-4.490380704841286,-0.7469704757430067,TIME_LIMIT,25090,0,0,22,0
2,12,297844.0,-4.490380704841286,-0.7469704757430067,TIME_LIMIT,25125,0,0,53,0
2,12,298374.0,-4.489444983692935,-0.7469704757430067,TIME_LIMIT,25176,0,0,34,0
2,12,298903.0,-4.489444983692935,-0.7469704757430067,TIME_LIMIT,25209,0,0,39,0
2,12,299435.0,-4.48930013848437,-0.7469704757430067,TIME_LIMIT,25256,0,0,22,0
2,12,299960.0,-4.48930013848437,-0.7469704757430067,TIME_LIMIT,25291,0,0,19,0
2,12,300484.0,-4.488758704284459,-0.7469704757430067,TIME_LIMIT,25345,0,0,15,0
2,12,301018.0,-4.488758704284459,-0.7469704757430067,TIME_LIMIT,25384,0,0,32,0
2,12,301540.0,-4.488758704284459,-0.7469704757430067,TIME_LIMIT,25444,0,0,32,0
2,12,302066.0,-4.488758704284459,-0.7469704757430067,TIME_LIMIT,25479,0,0,40,0
2,12,302600.0,-4.485484265791824,-0.7469704757430067,TIME_LIMIT,25533,0,0,32,0
2,12,303126.0,-4.485484265791824,-0.7469704757430067,TIME_LIMIT,25570,0,0,44,0
2,12,303662.0,-4.485484265791824,-0.7469704757430067,TIME_LIMIT,25619,0,0,30,0
2,12,304206.0,-4.485484265791824,-0.7469704757430067,TIME_LIMIT,25655,0,0,51,0
2,12,304736.0,-4.485484265791824,-0.7469704757430067,TIME_LIMIT,25710,0,0,25,0
2,12,305052.0,-4.485484265791824,-0.7469704757430067,TIME_LIMIT,25742,0,0,49,0
2,12,305592.0,-4.485484265791824,-0.7469704757430067,TIME_LIMIT,25803,0,0,18,0
2,12,306116.0,-4.485484265791824,-0.7469704757430067,TIME_LIMIT,25847,0,0,41,0
2,12,306534.0,-4.485484265791824,-0.7469704757430067,TIME_LIMIT,25884,0,0,18,0
2,12,307059.0,-4.485484265791824,-0.7469704757430067,TIME_LIMIT,25922,0,0,43,0
2,12,307586.0,-4.485484265791824,-0.7469704757430067,TIME_LIMIT,25977,0,0,35,0
2,12,308087.0,-4.485484265791824,-0.7469704757430067,TIME_LIMIT,26015,0,0,35,0
2,12,308617.0,-4.485484265791824,-0.7469704757430067,TIME_LIMIT,26068,0,0,31,0
2,12,309144.0,-4.485484265791824,-0.7469704757430067,TIME_LIMIT,26111,0,0,21,0
2,12,309667.0,-4.483275329548388,-0.7469704757430067,TIME_LIMIT,26155,0,0,38,0
2,12,310215.0,-4.483275329548388,-0.7469704757430067,TIME_LIMIT,26189,0,0,22,0
2,12,310509.0,-4.4731598658140275,-0.7469704757430067,TIME_LIMIT,26229,0,0,31,0
2,12,310950.0,-4.4731598658140275,-0.7469704757430067,TIME_LIMIT,26271,0,0,37,0
2,12,311397.0,-4.473000105723035,-0.7469704757430067,TIME_LIMIT,26311,0,0,32,0
2,12,311924.0,-4.473000105723035,-0.7469704757430067,TIME_LIMIT,26359,0,0,42,0
2,12,312453.0,-4.473000105723035,-0.7469704757430067,TIME_LIMIT,26402,0,0,29,0
2,12,313011.0,-4.473000105723035,-0.7469704757430067,TIME_LIMIT,26436,0,0,45,0
2,12,313577.0,-4.473000105723035,-0.7469704757430067,TIME_LIMIT,26488,0,0,18,0
2,12,314108.0,-4.473000105723035,-0.7469704757430067,TIME_LIMIT,26527,0,0,40,0
2,12,314645.0,-4.473000105723035,-0.7469704757430067,TIME_LIMIT,26561,0,0,37,0
2,12,315206.0,-4.473000105723035,-0.7469704757430067,TIME_LIMIT,26598,0,0,52,0
2,12,315753.0,-4.472798015602212,-0.7469704757430067,TIME_LIMIT,26650,0,0,31,0
2,12,316293.0,-4.472798015602212,-0.7469704757430067,TIME_LIMIT,26685,0,0,44,0
2,12,316827.0,-4.472798015602212,-0.7469704757430067,TIME_LIMIT,26729,0,0,36,0
2,12,317364.0,-4.472798015602212,-0.7469704757430067,TIME_LIMIT,26765,0,0,50,0
2,12,317900.0,-4.471541213910735,-0.7469704757430067,TIME_LIMIT,26822,0,0,35,0
2,12,318313.0,-4.471541213910735,-0.7469704757430067,TIME_LIMIT,26861,0,0,36,0
2,12,318867.0,-4.465644692130823,-0.7469704757430067,TIME_LIMIT,26911,0,0,27,0
2,12,319395.0,-4.465644692130823,-0.7469704757430067,TIME_LIMIT,26952,0,0,22,0
2,12,319921.0,-4.465644692130823,-0.7469704757430067,TIME_LIMIT,26991,0,0,35,0
2,12,320494.0,-4.465644692130823,-0.7469704757430067,TIME_LIMIT,27024,0,0,40,0
2,12,321044.0,-4.4616130241246275,-0.7469704757430067,TIME_LIMIT,27072,0,0,33,0
2,12,321576.0,-4.4616130241246275,-0.7469704757430067,TIME_LIMIT,27103,0,0,38,0
2,12,322111.0,-4.4616130241246275,-0.7469704757430067,TIME_LIMIT,27153,0,0,31,0
2,12,322654.0,-4.4616130241246275,-0.7469704757430067,TIME_LIMIT,27191,0,0,37,0
2,12,323205.0,-4.4616130241246275,-0.7469704757430067,TIME_LIMIT,27241,0,0,31,0
2,12,323735.0,-4.4616130241246275,-0.7469704757430067,TIME_LIMIT,27279,0,0,40,0
2,12,324268.0,-4.46049525383008,-0.7469704757430067,TIME_LIMIT,27332,0,0,33,0
2,12,324818.0,-4.46049525383008,-0.7469704757430067,TIME_LIMIT,27368,0,0,26,0
2,12,325357.0,-4.46049525383008,-0.7469704757430067,TIME_LIMIT,27418,0,0,33,0
2,12,325896.0,-4.46049525383008,-0.7469704757430067,TIME_LIMIT,27461,0,0,37,0
2,12,326442.0,-4.46049525383008,-0.7469704757430067,TIME_LIMIT,27498,0,0,40,0
2,12,326969.0,-4.46049525383008,-0.7469704757430067,TIME_LIMIT,27533,0,0,47,0
2,12,327505.0,-4.46049525383008,-0.7469704757430067,TIME_LIMIT,27585,0,0,26,0
2,12,328044.0,-4.46049525383008,-0.7469704757430067,TIME_LIMIT,27615,0,0,44,0
2,12,328579.0,-4.460271572374604,-0.7469704757430067,TIME_LIMIT,27659,0,0,30,0
2,12,329129.0,-4.460271572374604,-0.7469704757430067,TIME_LIMIT,27687,0,0,39,0
2,12,329655.0,-4.4588632281089415,-0.7469704757430067,TIME_LIMIT,27745,0,0,26,0
2,12,330212.0,-4.4588632281089415,-0.7469704757430067,TIME_LIMIT,27772,0,0,46,0
2,12,330780.0,-4.4579097101082645,-0.7469704757430067,TIME_LIMIT,27828,0,0,17,0
2,12,331330.0,-4.4579097101082645,-0.7469704757430067,TIME_LIMIT,27864,0,0,41,0
2,12,331884.0,-4.457681625725297,-0.7469704757430067,TIME_LIMIT,27915,0,0,31,0
2,12,332432.0,-4.457681625725297,-0.7469704757430067,TIME_LIMIT,27943,0,0,32,0
2,12,332989.0,-4.457681625725297,-0.7469704757430067,TIME_LIMIT,27997,0,0,30,0
2,12,333525.0,-4.457681625725297,-0.7469704757430067,TIME_LIMIT,28028,0,0,37,0
2,12,334061.0,-4.454433756081114,-0.7469704757430067,TIME_LIMIT,28080,0,0,36,0
2,12,334586.0,-4.454433756081114,-0.7469704757430067,TIME_LIMIT,28110,0,0,41,0
2,12,335119.0,-4.454433756081114,-0.7469704757430067,TIME_LIMIT,28162,0,0,28,0
2,12,335685.0,-4.454433756081114,-0.7469704757430067,TIME_LIMIT,28190,0,0,35,0
2,12,336230.0,-4.454161932653367,-0.7469704757430067,TIME_LIMIT,28239,0,0,28,0
2,12,336773.0,-4.454161932653367,-0.7469704757430067,TIME_LIMIT,28280,0,0,42,0
2,12,337319.0,-4.454161932653367,-0.7469704757430067,TIME_LIMIT,28330,0,0,33,0
2,12,337883.0,-4.454161932653367,-0.7469704757430067,TIME_LIMIT,28358,0,0,40,0
2,12,338463.0,-4.454161932653367,-0.7469704757430067,TIME_LIMIT,28418,0,0,38,0
2,12,339021.0,-4.454161932653367,-0.7469704757430067,TIME_LIMIT,28454,0,0,46,0
2,12,339560.0,-4.454161932653367,-0.7469704757430067,TIME_LIMIT,28510,0,0,34,0
2,12,340104.0,-4.454161932653367,-0.7469704757430067,TIME_LIMIT,28547,0,0,23,0
2,12,340663.0,-4.453213601988385,-0.7469704757430067,TIME_LIMIT,28609,0,0,33,0
2,12,341211.0,-4.453213601988385,-0.7469704757430067,TIME_LIMIT,28635,0,0,36,0
2,12,341755.0,-4.453213601988385,-0.7469704757430067,TIME_LIMIT,28691,0,0,9,0
2,12,342304.0,-4.453213601988385,-0.7469704757430067,TIME_LIMIT,28733,0,0,22,0
2,12,342852.0,-4.452948030042119,-0.7469704757430067,TIME_LIMIT,28766,0,0,23,0
2,12,343396.0,-4.452948030042119,-0.7469704757430067,TIME_LIMIT,28794,0,0,50,0
2,12,343947.0,-4.452948030042119,-0.7469704757430067,TIME_LIMIT,28853,0,0,42,0
2,12,344489.0,-4.452948030042119,-0.7469704757430067,TIME_LIMIT,28893,0,0,41,0
2,12,345040.0,-4.451438551681172,-0.7469704757430067,TIME_LIMIT,28952,0,0,24,0
2,12,345596.0,-4.451438551681172,-0.7469704757430067,TIME_LIMIT,28996,0,0,46,0
2,12,346157.0,-4.451072071027769,-0.7469704757430067,TIME_LIMIT,29050,0,0,36,0
2,12,346707.0,-4.451072071027769,-0.7469704757430067,TIME_LIMIT,29083,0,0,41,0
2,12,347248.0,-4.450815707155039,-0.7469704757430067,TIME_LIMIT,29134,0,0,34,0
2,12,347793.0,-4.450815707155039,-0.7469704757430067,TIME_LIMIT,29178,0,0,42,0
2,12,348329.0,-4.449879345361969,-0.7469704757430067,TIME_LIMIT,29211,0,0,40,0
2,12,348868.0,-4.449879345361969,-0.7469704757430067,TIME_LIMIT,29246,0,0,43,0
2,12,349419.0,-4.447565218604885,-0.7469704757430067,TIME_LIMIT,29302,0,0,34,0
2,12,349988.0,-4.447565218604885,-0.7469704757430067,TIME_LIMIT,29334,0,0,44,0
2,12,350536.0,-4.447303704255602,-0.7469704757430067,TIME_LIMIT,29393,0,0,37,0
2,12,351104.0,-4.447303704255602,-0.7469704757430067,TIME_LIMIT,29426,0,0,38,0
2,12,351661.0,-4.447303704255602,-0.7469704757430067,TIME_LIMIT,29480,0,0,25,0
2,12,352197.0,-4.447303704255602,-0.7469704757430067,TIME_LIMIT,29521,0,0,50,0
2,12,352741.0,-4.446498005205828,-0.7469704757430067,TIME_LIMIT,29576,0,0,30,0
2,12,353332.0,-4.446498005205828,-0.7469704757430067,TIME_LIMIT,29605,0,0,41,0
2,12,353873.0,-4.440971333806509,-0.7469704757430067,TIME_LIMIT,29652,0,0,16,0
2,12,354048.0,-4.440971333806509,-0.7469704757430067,TIME_LIMIT,29680,0,0,37,0
2,12,354363.0,-4.440060733937869,-0.7469704757430067,TIME_LIMIT,29729,0,0,19,0
2,12,354865.0,-4.440060733937869,-0.7469704757430067,TIME_LIMIT,29775,0,0,38,0
2,12,355407.0,-4.440060733937869,-0.7469704757430067,TIME_LIMIT,29810,0,0,36,0
2,12,355938.0,-4.440060733937869,-0.7469704757430067,TIME_LIMIT,29841,0,0,44,0
2,12,356501.0,-4.440060733937869,-0.7469704757430067,TIME_LIMIT,29895,0,0,32,0
2,12,357064.0,-4.440060733937869,-0.7469704757430067,TIME_LIMIT,29926,0,0,46,0
2,12,357591.0,-4.440060733937869,-0.7469704757430067,TIME_LIMIT,29980,0,0,20,0
2,12,358134.0,-4.440060733937869,-0.7469704757430067,TIME_LIMIT,30018,0,0,48,0
2,12,358660.0,-4.437978457586406,-0.7469704757430067,TIME_LIMIT,30069,0,0,31,0
2,12,359058.0,-4.437978457586406,-0.7469704757430067,TIME_LIMIT,30105,0,0,54,0
2,12,359607.0,-4.437978457586406,-0.7469704757430067,TIME_LIMIT,30159,0,0,20,0
2,12,360147.0,-4.437978457586406,-0.7469704757430067,TIME_LIMIT,30201,0,0,34,0
2,12,360673.0,-4.437978457586406,-0.7469704757430067,TIME_LIMIT,30245,0,0,40,0
2,12,361212.0,-4.437978457586406,-0.7469704757430067,TIME_LIMIT,30280,0,0,26,0
2,12,361747.0,-4.437978457586406,-0.7469704757430067,TIME_LIMIT,30344,0,0,20,0
2,12,362274.0,-4.437978457586406,-0.7469704757430067,TIME_LIMIT,30389,0,0,43,0
2,12,362800.0,-4.437813669294863,-0.7469704757430067,TIME_LIMIT,30432,0,0,32,0
2,12,363338.0,-4.437813669294863,-0.7469704757430067,TIME_LIMIT,30465,0,0,40,0
2,12,363863.0,-4.437813669294863,-0.7469704757430067,TIME_LIMIT,30509,0,0,27,0
2,12,364437.0,-4.437813669294863,-0.7469704757430067,TIME_LIMIT,30543,0,0,45,0
2,12,364976.0,-4.432760467817167,-0.7469704757430067,TIME_LIMIT,30595,0,0,34,0
2,12,365513.0,-4.432760467817167,-0.7469704757430067,TIME_LIMIT,30628,0,0,47,0
2,12,366042.0,-4.432760467817167,-0.7469704757430067,TIME_LIMIT,30681,0,0,35,0
2,12,366598.0,-4.432760467817167,-0.7469704757430067,TIME_LIMIT,30715,0,0,46,0
2,12,367151.0,-4.43256632661016,-0.7469704757430067,TIME_LIMIT,30775,0,0,34,0
2,12,367696.0,-4.43256632661016,-0.7469704757430067,TIME_LIMIT,30808,0,0,44,0
2,12,368256.0,-4.431225595556843,-0.7469704757430067,TIME_LIMIT,30865,0,0,32,0
2,12,368792.0,-4.431225595556843,-0.7469704757430067,TIME_LIMIT,30897,0,0,44,0
2,12,369318.0,-4.431225595556843,-0.7469704757430067,TIME_LIMIT,30956,0,0,35,0
2,12,369848.0,-4.431225595556843,-0.7469704757430067,TIME_LIMIT,30986,0,0,46,0
2,12,370386.0,-4.431225595556843,-0.7469704757430067,TIME_LIMIT,31035,0,0,28,0
2,12,370912.0,-4.431225595556843,-0.7469704757430067,TIME_LIMIT,31062,0,0,36,0
2,12,371484.0,-4.431177695157308,-0.7469704757430067,TIME_LIMIT,31113,0,0,28,0
2,12,372036.0,-4.431177695157308,-0.7469704757430067,TIME_LIMIT,31141,0,0,43,0
2,12,372579.0,-4.431177695157308,-0.7469704757430067,TIME_LIMIT,31195,0,0,21,0
2,12,373129.0,-4.431177695157308,-0.7469704757430067,TIME_LIMIT,31225,0,0,19,0
2,12,373655.0,-4.431177695157308,-0.7469704757430067,TIME_LIMIT,31274,0,0,28,0
2,12,374209.0,-4.431177695157308,-0.7469704757430067,TIME_LIMIT,31315,0,0,36,0
2,12,374751.0,-4.431177695157308,-0.7469704757430067,TIME_LIMIT,31363,0,0,41,0
2,12,375294.0,-4.431177695157308,-0.7469704757430067,TIME_LIMIT,31396,0,0,13,0
2,12,375844.0,-4.42912847230025,-0.7469704757430067,TIME_LIMIT,31450,0,0,24,0
2,12,376407.0,-4.42912847230025,-0.7469704757430067,TIME_LIMIT,31482,0,0,30,0
2,12,376963.0,-4.42912847230025,-0.7469704757430067,TIME_LIMIT,31541,0,0,36,0
2,12,377498.0,-4.42912847230025,-0.7469704757430067,TIME_LIMIT,31582,0,0,40,0
2,12,378025.0,-4.42912847230025,-0.7469704757430067,TIME_LIMIT,31625,0,0,40,0
2,12,378554.0,-4.42912847230025,-0.7469704757430067,TIME_LIMIT,31655,0,0,26,0
2,12,379095.0,-4.42912847230025,-0.7469704757430067,TIME_LIMIT,31714,0,0,38,0
2,12,379599.0,-4.42912847230025,-0.7469704757430067,TIME_LIMIT,31752,0,0,38,0
2,12,380125.0,-4.42912847230025,-0.7469704757430067,TIME_LIMIT,31809,0,0,17,0
2,12,380656.0,-4.42912847230025,-0.7469704757430067,TIME_LIMIT,31842,0,0,36,0
2,12,381203.0,-4.42912847230025,-0.7469704757430067,TIME_LIMIT,31885,0,0,40,0
2,12,381760.0,-4.42912847230025,-0.7469704757430067,TIME_LIMIT,31912,0,0,34,0
2,12,382298.0,-4.42912847230025,-0.7469704757430067,TIME_LIMIT,31964,0,0,30,0
2,12,382826.0,-4.42912847230025,-0.7469704757430067,TIME_LIMIT,32002,0,0,47,0
2,12,383364.0,-4.42912847230025,-0.7469704757430067,TIME_LIMIT,32053,0,0,34,0
2,12,383890.0,-4.42912847230025,-0.7469704757430067,TIME_LIMIT,32100,0,0,36,0
2,12,384414.0,-4.42912847230025,-0.7469704757430067,TIME_LIMIT,32135,0,0,35,0
2,12,384965.0,-4.42912847230025,-0.7469704757430067,TIME_LIMIT,32172,0,0,23,0
2,12,385526.0,-4.42912847230025,-0.7469704757430067,TIME_LIMIT,32227,0,0,40,0
2,12,386066.0,-4.42912847230025,-0.7469704757430067,TIME_LIMIT,32263,0,0,38,0
2,12,386605.0,-4.42912847230025,-0.7469704757430067,TIME_LIMIT,32311,0,0,16,0
2,12,387158.0,-4.42912847230025,-0.7469704757430067,TIME_LIMIT,32355,0,0,40,0
2,12,387683.0,-4.42912847230025,-0.7469704757430067,TIME_LIMIT,32392,0,0,39,0
2,12,388211.0,-4.42912847230025,-0.7469704757430067,TIME_LIMIT,32421,0,0,38,0
2,12,388772.0,-4.42912847230025,-0.7469704757430067,TIME_LIMIT,32471,0,0,33,0
2,12,389313.0,-4.42912847230025,-0.7469704757430067,TIME_LIMIT,32507,0,0,47,0
2,12,389852.0,-4.427312526926647,-0.7469704757430067,TIME_LIMIT,32560,0,0,32,0
2,12,390425.0,-4.427312526926647,-0.7469704757430067,TIME_LIMIT,32603,0,0,22,0
2,12,390982.0,-4.427312526926647,-0.7469704757430067,TIME_LIMIT,32659,0,0,32,0
2,12,391512.0,-4.427312526926647,-0.7469704757430067,TIME_LIMIT,32698,0,0,32,0
2,12,392043.0,-4.427312526926647,-0.7469704757430067,TIME_LIMIT,32735,0,0,46,0
2,12,392604.0,-4.427312526926647,-0.7469704757430067,TIME_LIMIT,32770,0,0,35,0
2,12,393148.0,-4.427312526926647,-0.7469704757430067,TIME_LIMIT,32820,0,0,31,0
2,12,393707.0,-4.427312526926647,-0.7469704757430067,TIME_LIMIT,32856,0,0,40,0
2,12,394261.0,-4.424733980465941,-0.7469704757430067,TIME_LIMIT,32906,0,0,30,0
2,12,394807.0,-4.424733980465941,-0.7469704757430067,TIME_LIMIT,32939,0,0,44,0
2,12,395348.0,-4.424733980465941,-0.7469704757430067,TIME_LIMIT,32999,0,0,29,0
2,12,395882.0,-4.424733980465941,-0.7469704757430067,TIME_LIMIT,33041,0,0,46,0
2,12,396448.0,-4.424733980465941,-0.7469704757430067,TIME_LIMIT,33090,0,0,21,0
2,12,396992.0,-4.424733980465941,-0.7469704757430067,TIME_LIMIT,33123,0,0,47,0
2,12,397541.0,-4.423401409800448,-0.7469704757430067,TIME_LIMIT,33176,0,0,12,0
2,12,398076.0,-4.423401409800448,-0.7469704757430067,TIME_LIMIT,33216,0,0,36,0
2,12,398611.0,-4.421280060484469,-0.7469704757430067,TIME_LIMIT,33252,0,0,32,0
2,12,399153.0,-4.421280060484469,-0.7469704757430067,TIME_LIMIT,33286,0,0,46,0
2,12,399701.0,-4.418961654440428,-0.7469704757430067,TIME_LIMIT,33339,0,0,32,0
2,12,400252.0,-4.418961654440428,-0.7469704757430067,TIME_LIMIT,33376,0,0,42,0
2,12,400804.0,-4.41884648224775,-0.7469704757430067,TIME_LIMIT,33434,0,0,19,0
2,12,401357.0,-4.41884648224775,-0.7469704757430067,TIME_LIMIT,33464,0,0,35,0
2,12,401911.0,-4.418499646920259,-0.7469704757430067,TIME_LIMIT,33513,0,0,34,0
2,12,402486.0,-4.418499646920259,-0.7469704757430067,TIME_LIMIT,33544,0,0,43,0
2,12,403037.0,-4.417488445811523,-0.7469704757430067,TIME_LIMIT,33601,0,0,33,0
2,12,403575.0,-4.417488445811523,-0.7469704757430067,TIME_LIMIT,33637,0,0,35,0
2,12,404116.0,-4.417091262502378,-0.7469704757430067,TIME_LIMIT,33689,0,0,29,0
2,12,404676.0,-4.417091262502378,-0.7469704757430067,TIME_LIMIT,33714,0,0,46,0
2,12,405230.0,-4.417091262502378,-0.7469704757430067,TIME_LIMIT,33771,0,0,29,0
2,12,405767.0,-4.417091262502378,-0.7469704757430067,TIME_LIMIT,33807,0,0,48,0
2,12,406313.0,-4.415699600242868,-0.7469704757430067,TIME_LIMIT,33856,0,0,30,0
2,12,406847.0,-4.415699600242868,-0.7469704757430067,TIME_LIMIT,33892,0,0,39,0
2,12,407144.0,-4.4141272338044715,-0.7469704757430067,TIME_LIMIT,33939,0,0,27,0
2,12,407693.0,-4.4141272338044715,-0.7469704757430067,TIME_LIMIT,33977,0,0,44,0
2,12,408232.0,-4.412538685535997,-0.7469704757430067,TIME_LIMIT,34029,0,0,34,0
2,12,408768.0,-4.412538685535997,-0.7469704757430067,TIME_LIMIT,34060,0,0,44,0
2,12,409329.0,-4.412538685535997,-0.7469704757430067,TIME_LIMIT,34112,0,0,37,0
2,12,409859.0,-4.412538685535997,-0.7469704757430067,TIME_LIMIT,34149,0,0,25,0
2,12,410390.0,-4.412538685535997,-0.7469704757430067,TIME_LIMIT,34203,0,0,28,0
2,12,410917.0,-4.412538685535997,-0.7469704757430067,TIME_LIMIT,34237,0,0,21,0
2,12,411466.0,-4.412538685535997,-0.7469704757430067,TIME_LIMIT,34274,0,0,34,0
2,12,412006.0,-4.412538685535997,-0.7469704757430067,TIME_LIMIT,34314,0,0,38,0
2,12,412572.0,-4.412538685535997,-0.7469704757430067,TIME_LIMIT,34358,0,0,38,0
2,12,413058.0,-4.412538685535997,-0.7469704757430067,TIME_LIMIT,34400,0,0,42,0
2,12,413609.0,-4.412538685535997,-0.7469704757430067,TIME_LIMIT,34448,0,0,24,0
2,12,414137.0,-4.412538685535997,-0.7469704757430067,TIME_LIMIT,34486,0,0,47,0
2,12,414662.0,-4.412538685535997,-0.7469704757430067,TIME_LIMIT,34533,0,0,29,0
2,12,415188.0,-4.412538685535997,-0.7469704757430067,TIME_LIMIT,34571,0,0,34,0
2,12,415738.0,-4.411295905620328,-0.7469704757430067,TIME_LIMIT,34621,0,0,31,0
2,12,416294.0,-4.411295905620328,-0.7469704757430067,TIME_LIMIT,34654,0,0,21,0
2,12,416847.0,-4.411295905620328,-0.7469704757430067,TIME_LIMIT,34707,0,0,17,0
2,12,417398.0,-4.411295905620328,-0.7469704757430067,TIME_LIMIT,34751,0,0,42,0
2,12,417937.0,-4.411295905620328,-0.7469704757430067,TIME_LIMIT,34787,0,0,30,0
2,12,418463.0,-4.411295905620328,-0.7469704757430067,TIME_LIMIT,34827,0,0,33,0
2,12,418989.0,-4.409383676367762,-0.7469704757430067,TIME_LIMIT,34869,0,0,33,0
2,12,419519.0,-4.409383676367762,-0.7469704757430067,TIME_LIMIT,34902,0,0,48,0
2,12,420045.0,-4.403887085869203,-0.7469704757430067,TIME_LIMIT,34954,0,0,31,0
2,12,420584.0,-4.403887085869203,-0.7469704757430067,TIME_LIMIT,34982,0,0,34,0
2,12,421125.0,-4.402955062967044,-0.7469704757430067,TIME_LIMIT,35041,0,0,36,0
2,12,421684.0,-4.402955062967044,-0.7469704757430067,TIME_LIMIT,35068,0,0,33,0
2,12,422224.0,-4.402955062967044,-0.7469704757430067,TIME_LIMIT,35120,0,0,28,0
2,12,422775.0,-4.402955062967044,-0.7469704757430067,TIME_LIMIT,35146,0,0,34,0
2,12,423316.0,-4.402955062967044,-0.7469704757430067,TIME_LIMIT,35198,0,0,26,0
2,12,423855.0,-4.402955062967044,-0.7469704757430067,TIME_LIMIT,35236,0,0,37,0
2,12,424408.0,-4.401528798947049,-0.7469704757430067,TIME_LIMIT,35289,0,0,14,0
2,12,424935.0,-4.401528798947049,-0.7469704757430067,TIME_LIMIT,35327,0,0,35,0
2,12,425474.0,-4.401528798947049,-0.7469704757430067,TIME_LIMIT,35386,0,0,35,0
2,12,425999.0,-4.401528798947049,-0.7469704757430067,TIME_LIMIT,35426,0,0,45,0
2,12,426539.0,-4.401528798947049,-0.7469704757430067,TIME_LIMIT,35474,0,0,31,0
2,12,427090.0,-4.401528798947049,-0.7469704757430067,TIME_LIMIT,35504,0,0,32,0
2,12,427630.0,-4.401528798947049,-0.7469704757430067,TIME_LIMIT,35559,0,0,31,0
2,12,428164.0,-4.401528798947049,-0.7469704757430067,TIME_LIMIT,35598,0,0,38,0
2,12,428714.0,-4.4003733611557,-0.7469704757430067,TIME_LIMIT,35640,0,0,39,0
2,12,429239.0,-4.4003733611557,-0.7469704757430067,TIME_LIMIT,35676,0,0,41,0
2,12,429777.0,-4.399898122522201,-0.7469704757430067,TIME_LIMIT,35725,0,0,30,0
2,12,430318.0,-4.399898122522201,-0.7469704757430067,TIME_LIMIT,35764,0,0,38,0
2,12,430856.0,-4.399898122522201,-0.7469704757430067,TIME_LIMIT,35812,0,0,26,0
2,12,431385.0,-4.399898122522201,-0.7469704757430067,TIME_LIMIT,35848,0,0,44,0
2,12,431922.0,-4.39828301831852,-0.7469704757430067,TIME_LIMIT,35903,0,0,36,0
2,12,432467.0,-4.39828301831852,-0.7469704757430067,TIME_LIMIT,35937,0,0,39,0
2,12,433068.0,-4.3981656153811555,-0.7469704757430067,TIME_LIMIT,35985,0,0,28,0
2,12,433633.0,-4.3981656153811555,-0.7469704757430067,TIME_LIMIT,36023,0,0,39,0
2,12,434182.0,-4.397562426326078,-0.7469704757430067,TIME_LIMIT,36066,0,0,37,0
2,12,434738.0,-4.397562426326078,-0.7469704757430067,TIME_LIMIT,36106,0,0,56,0
2,12,435275.0,-4.396710191137126,-0.7469704757430067,TIME_LIMIT,36154,0,0,33,0
2,12,435816.0,-4.396710191137126,-0.7469704757430067,TIME_LIMIT,36182,0,0,42,0
2,12,436367.0,-4.395960812001915,-0.7469704757430067,TIME_LIMIT,36235,0,0,24,0
2,12,436897.0,-4.395960812001915,-0.7469704757430067,TIME_LIMIT,36266,0,0,40,0
2,12,437451.0,-4.394176325052489,-0.7469704757430067,TIME_LIMIT,36321,0,0,35,0
2,12,437978.0,-4.394176325052489,-0.7469704757430067,TIME_LIMIT,36358,0,0,38,0
2,12,438505.0,-4.392617980586648,-0.7469704757430067,TIME_LIMIT,36408,0,0,30,0
2,12,438684.0,-4.392617980586648,-0.7469704757430067,TIME_LIMIT,36435,0,0,39,0
2,12,439164.0,-4.392617980586648,-0.7469704757430067,TIME_LIMIT,36488,0,0,30,0
2,12,439596.0,-4.392617980586648,-0.7469704757430067,TIME_LIMIT,36522,0,0,36,0
2,12,440151.0,-4.392617980586648,-0.7469704757430067,TIME_LIMIT,36571,0,0,25,0
2,12,440732.0,-4.392617980586648,-0.7469704757430067,TIME_LIMIT,36601,0,0,37,0
2,12,441269.0,-4.392617980586648,-0.7469704757430067,TIME_LIMIT,36649,0,0,17,0
2,12,441825.0,-4.392617980586648,-0.7469704757430067,TIME_LIMIT,36676,0,0,37,0
2,12,442397.0,-4.392617980586648,-0.7469704757430067,TIME_LIMIT,36723,0,0,30,0
2,12,442925.0,-4.392617980586648,-0.7469704757430067,TIME_LIMIT,36756,0,0,14,0
2,12,443469.0,-4.392617980586648,-0.7469704757430067,TIME_LIMIT,36793,0,0,33,0
2,12,443995.0,-4.392617980586648,-0.7469704757430067,TIME_LIMIT,36823,0,0,30,0
2,12,444528.0,-4.392617980586648,-0.7469704757430067,TIME_LIMIT,36871,0,0,33,0
2,12,445076.0,-4.392617980586648,-0.7469704757430067,TIME_LIMIT,36903,0,0,36,0
2,12,445635.0,-4.392589097731752,-0.7469704757430067,TIME_LIMIT,36955,0,0,29,0
2,12,446181.0,-4.392589097731752,-0.7469704757430067,TIME_LIMIT,36984,0,0,37,0
2,12,446710.0,-4.39221327311672,-0.7469704757430067,TIME_LIMIT,37031,0,0,28,0
2,12,447258.0,-4.39221327311672,-0.7469704757430067,TIME_LIMIT,37073,0,0,16,0
2,12,447811.0,-4.38968645264754,-0.7469704757430067,TIME_LIMIT,37119,0,0,28,0
2,12,448244.0,-4.38968645264754,-0.7469704757430067,TIME_LIMIT,37153,0,0,35,0
2,12,448605.0,-4.389593274314298,-0.7469704757430067,TIME_LIMIT,37206,0,0,33,0
2,12,449141.0,-4.389593274314298,-0.7469704757430067,TIME_LIMIT,37241,0,0,31,0
2,12,449677.0,-4.389224816347074,-0.7469704757430067,TIME_LIMIT,37292,0,0,31,0
2,12,450266.0,-4.389224816347074,-0.7469704757430067,TIME_LIMIT,37327,0,0,33,0
2,12,450801.0,-4.388063726570651,-0.7469704757430067,TIME_LIMIT,37373,0,0,27,0
2,12,451363.0,-4.388063726570651,-0.7469704757430067,TIME_LIMIT,37404,0,0,40,0
2,12,451925.0,-4.386227112672492,-0.7469704757430067,TIME_LIMIT,37453,0,0,30,0
2,12,452505.0,-4.386227112672492,-0.7469704757430067,TIME_LIMIT,37491,0,0,32,0
2,12,453064.0,-4.386227112672492,-0.7469704757430067,TIME_LIMIT,37526,0,0,32,0
2,12,453624.0,-4.386227112672492,-0.7469704757430067,TIME_LIMIT,37563,0,0,38,0
2,12,454190.0,-4.386227112672492,-0.7469704757430067,TIME_LIMIT,37616,0,0,26,0
2,12,454731.0,-4.386227112672492,-0.7469704757430067,TIME_LIMIT,37651,0,0,32,0
2,12,455270.0,-4.38414213606313,-0.7469704757430067,TIME_LIMIT,37702,0,0,35,0
2,12,455824.0,-4.38414213606313,-0.7469704757430067,TIME_LIMIT,37734,0,0,43,0
2,12,456407.0,-4.38414213606313,-0.7469704757430067,TIME_LIMIT,37784,0,0,29,0
2,12,456944.0,-4.38414213606313,-0.7469704757430067,TIME_LIMIT,37812,0,0,36,0
2,12,457508.0,-4.38414213606313,-0.7469704757430067,TIME_LIMIT,37869,0,0,37,0
2,12,458056.0,-4.38414213606313,-0.7469704757430067,TIME_LIMIT,37895,0,0,25,0
2,12,458608.0,-4.38414213606313,-0.7469704757430067,TIME_LIMIT,37951,0,0,33,0
2,12,459191.0,-4.38414213606313,-0.7469704757430067,TIME_LIMIT,37988,0,0,41,0
2,12,459723.0,-4.38414213606313,-0.7469704757430067,TIME_LIMIT,38024,0,0,34,0
2,12,460270.0,-4.38414213606313,-0.7469704757430067,TIME_LIMIT,38054,0,0,25,0
2,12,460831.0,-4.383967004491792,-0.7469704757430067,TIME_LIMIT,38107,0,0,32,0
2,12,461365.0,-4.383967004491792,-0.7469704757430067,TIME_LIMIT,38143,0,0,33,0
2,12,461916.0,-4.383841650544744,-0.7469704757430067,TIME_LIMIT,38180,0,0,30,0
2,12,462463.0,-4.383841650544744,-0.7469704757430067,TIME_LIMIT,38206,0,0,24,0
2,12,462999.0,-4.383719900319551,-0.7469704757430067,TIME_LIMIT,38255,0,0,22,0
2,12,463546.0,-4.383719900319551,-0.7469704757430067,TIME_LIMIT,38291,0,0,40,0
2,12,463925.0,-4.383344037663411,-0.7469704757430067,TIME_LIMIT,38338,0,0,27,0
2,12,464456.0,-4.383344037663411,-0.7469704757430067,TIME_LIMIT,38372,0,0,28,0
2,12,464996.0,-4.380370267464679,-0.7469704757430067,TIME_LIMIT,38411,0,0,16,0
2,12,465554.0,-4.380370267464679,-0.7469704757430067,TIME_LIMIT,38440,0,0,42,0
2,12,466121.0,-4.380370267464679,-0.7469704757430067,TIME_LIMIT,38492,0,0,17,0
2,12,466691.0,-4.380370267464679,-0.7469704757430067,TIME_LIMIT,38529,0,0,30,0
2,12,467233.0,-4.3787380980915565,-0.7469704757430067,TIME_LIMIT,38566,0,0,36,0
2,12,467786.0,-4.3787380980915565,-0.7469704757430067,TIME_LIMIT,38597,0,0,38,0
2,12,468362.0,-4.378401547328773,-0.7469704757430067,TIME_LIMIT,38646,0,0,22,0
2,12,468803.0,-4.378401547328773,-0.7469704757430067,TIME_LIMIT,38676,0,0,22,0
2,12,469312.0,-4.378032206605386,-0.7469704757430067,TIME_LIMIT,38735,0,0,28,0
2,12,469843.0,-4.378032206605386,-0.7469704757430067,TIME_LIMIT,38774,0,0,22,0
2,12,470387.0,-4.376679193272269,-0.7469704757430067,TIME_LIMIT,38833,0,0,31,0
2,12,470917.0,-4.376679193272269,-0.7469704757430067,TIME_LIMIT,38867,0,0,19,0
2,12,471445.0,-4.375616137093868,-0.7469704757430067,TIME_LIMIT,38918,0,0,29,0
2,12,471988.0,-4.375616137093868,-0.7469704757430067,TIME_LIMIT,38964,0,0,41,0
2,12,472556.0,-4.375616137093868,-0.7469704757430067,TIME_LIMIT,38993,0,0,32,0
2,12,473089.0,-4.375616137093868,-0.7469704757430067,TIME_LIMIT,39021,0,0,36,0
2,12,473655.0,-4.375616137093868,-0.7469704757430067,TIME_LIMIT,39076,0,0,36,0
2,12,474201.0,-4.375616137093868,-0.7469704757430067,TIME_LIMIT,39105,0,0,41,0
2,12,474753.0,-4.375616137093868,-0.7469704757430067,TIME_LIMIT,39160,0,0,32,0
2,12,475282.0,-4.375616137093868,-0.7469704757430067,TIME_LIMIT,39192,0,0,41,0
2,12,475812.0,-4.375616137093868,-0.7469704757430067,TIME_LIMIT,39241,0,0,33,0
2,12,476338.0,-4.375616137093868,-0.7469704757430067,TIME_LIMIT,39284,0,0,43,0
2,12,476864.0,-4.375232288055911,-0.7469704757430067,TIME_LIMIT,39340,0,0,36,0
2,12,477422.0,-4.375232288055911,-0.7469704757430067,TIME_LIMIT,39376,0,0,45,0
2,12,477971.0,-4.374990019416414,-0.7469704757430067,TIME_LIMIT,39435,0,0,32,0
2,12,478507.0,-4.374990019416414,-0.7469704757430067,TIME_LIMIT,39474,0,0,43,0
2,12,479033.0,-4.374635237313096,-0.7469704757430067,TIME_LIMIT,39523,0,0,28,0
2,12,479561.0,-4.374635237313096,-0.7469704757430067,TIME_LIMIT,39546,0,0,36,0
2,12,480132.0,-4.372674695878361,-0.7469704757430067,TIME_LIMIT,39601,0,0,29,0
2,12,480674.0,-4.372674695878361,-0.7469704757430067,TIME_LIMIT,39633,0,0,45,0
2,12,481205.0,-4.3717743089072165,-0.7469704757430067,TIME_LIMIT,39690,0,0,36,0
2,12,481773.0,-4.3717743089072165,-0.7469704757430067,TIME_LIMIT,39726,0,0,28,0
2,12,482329.0,-4.3717743089072165,-0.7469704757430067,TIME_LIMIT,39767,0,0,32,0
2,12,482869.0,-4.3717743089072165,-0.7469704757430067,TIME_LIMIT,39804,0,0,49,0
2,12,483411.0,-4.371157987845457,-0.7469704757430067,TIME_LIMIT,39858,0,0,26,0
2,12,483942.0,-4.371157987845457,-0.7469704757430067,TIME_LIMIT,39889,0,0,21,0
2,12,484516.0,-4.370852300130443,-0.7469704757430067,TIME_LIMIT,39948,0,0,38,0
2,12,485022.0,-4.370852300130443,-0.7469704757430067,TIME_LIMIT,39999,0,0,52,0
2,12,485563.0,-4.368667350023506,-0.7469704757430067,TIME_LIMIT,40051,0,0,27,0
2,12,486105.0,-4.368667350023506,-0.7469704757430067,TIME_LIMIT,40082,0,0,36,0
2,12,486630.0,-4.368667350023506,-0.7469704757430067,TIME_LIMIT,40132,0,0,27,0
2,12,487172.0,-4.368667350023506,-0.7469704757430067,TIME_LIMIT,40166,0,0,35,0
2,12,487724.0,-4.368667350023506,-0.7469704757430067,TIME_LIMIT,40218,0,0,32,0
2,12,488270.0,-4.368667350023506,-0.7469704757430067,TIME_LIMIT,40253,0,0,44,0
2,12,488847.0,-4.365320454377139,-0.7469704757430067,TIME_LIMIT,40298,0,0,34,0
2,12,489383.0,-4.365320454377139,-0.7469704757430067,TIME_LIMIT,40333,0,0,41,0
2,12,489925.0,-4.363085542265306,-0.7469704757430067,TIME_LIMIT,40380,0,0,27,0
2,12,490452.0,-4.363085542265306,-0.7469704757430067,TIME_LIMIT,40412,0,0,34,0
2,12,491007.0,-4.363085542265306,-0.7469704757430067,TIME_LIMIT,40464,0,0,29,0
2,12,491548.0,-4.363085542265306,-0.7469704757430067,TIME_LIMIT,40497,0,0,35,0
2,12,492117.0,-4.362396556988553,-0.7469704757430067,TIME_LIMIT,40557,0,0,34,0
2,12,492687.0,-4.362396556988553,-0.7469704757430067,TIME_LIMIT,40590,0,0,34,0
2,12,493232.0,-4.361634701222943,-0.7469704757430067,TIME_LIMIT,40638,0,0,30,0
2,12,493772.0,-4.361634701222943,-0.7469704757430067,TIME_LIMIT,40671,0,0,34,0
2,12,494299.0,-4.361634701222943,-0.7469704757430067,TIME_LIMIT,40718,0,0,29,0
2,12,494827.0,-4.361634701222943,-0.7469704757430067,TIME_LIMIT,40754,0,0,43,0
2,12,495368.0,-4.36048211639368,-0.7469704757430067,TIME_LIMIT,40802,0,0,30,0
2,12,495892.0,-4.36048211639368,-0.7469704757430067,TIME_LIMIT,40849,0,0,41,0
2,12,496462.0,-4.36048211639368,-0.7469704757430067,TIME_LIMIT,40888,0,0,27,0
2,12,497011.0,-4.36048211639368,-0.7469704757430067,TIME_LIMIT,40930,0,0,31,0
2,12,497564.0,-4.36048211639368,-0.7469704757430067,TIME_LIMIT,40984,0,0,35,0
2,12,498096.0,-4.36048211639368,-0.7469704757430067,TIME_LIMIT,41027,0,0,44,0
2,12,498629.0,-4.359816957811955,-0.7469704757430067,TIME_LIMIT,41067,0,0,39,0
2,12,499174.0,-4.359816957811955,-0.7469704757430067,TIME_LIMIT,41102,0,0,43,0
2,12,499720.0,-4.359816957811955,-0.7469704757430067,TIME_LIMIT,41152,0,0,33,0
2,12,500252.0,-4.359816957811955,-0.7469704757430067,TIME_LIMIT,41182,0,0,46,0
2,12,500789.0,-4.359816957811955,-0.7469704757430067,TIME_LIMIT,41238,0,0,31,0
2,12,501324.0,-4.359816957811955,-0.7469704757430067,TIME_LIMIT,41271,0,0,44,0
2,12,501858.0,-4.358767257306123,-0.7469704757430067,TIME_LIMIT,41322,0,0,29,0
2,12,502393.0,-4.358767257306123,-0.7469704757430067,TIME_LIMIT,41359,0,0,41,0
2,12,502932.0,-4.358767257306123,-0.7469704757430067,TIME_LIMIT,41412,0,0,32,0
2,12,503469.0,-4.358767257306123,-0.7469704757430067,TIME_LIMIT,41441,0,0,39,0
2,12,504018.0,-4.357892872237276,-0.7469704757430067,TIME_LIMIT,41495,0,0,32,0
2,12,504555.0,-4.357892872237276,-0.7469704757430067,TIME_LIMIT,41534,0,0,29,0
2,12,505106.0,-4.357892872237276,-0.7469704757430067,TIME_LIMIT,41580,0,0,47,0
2,12,505662.0,-4.357892872237276,-0.7469704757430067,TIME_LIMIT,41616,0,0,37,0
2,12,506250.0,-4.357892872237276,-0.7469704757430067,TIME_LIMIT,41672,0,0,40,0
2,12,506815.0,-4.357892872237276,-0.7469704757430067,TIME_LIMIT,41711,0,0,45,0
2,12,507357.0,-4.357892872237276,-0.7469704757430067,TIME_LIMIT,41770,0,0,37,0
2,12,507912.0,-4.357892872237276,-0.7469704757430067,TIME_LIMIT,41803,0,0,23,0
2,12,508461.0,-4.357427330945686,-0.7469704757430067,TIME_LIMIT,41857,0,0,33,0
2,12,509011.0,-4.357427330945686,-0.7469704757430067,TIME_LIMIT,41886,0,0,42,0
2,12,509567.0,-4.356986757044785,-0.7469704757430067,TIME_LIMIT,41944,0,0,40,0
2,12,510141.0,-4.356986757044785,-0.7469704757430067,TIME_LIMIT,41969,0,0,33,0
2,12,510681.0,-4.3568616134496185,-0.7469704757430067,TIME_LIMIT,42021,0,0,34,0
2,12,511235.0,-4.3568616134496185,-0.7469704757430067,TIME_LIMIT,42053,0,0,18,0
2,12,511799.0,-4.35656494642614,-0.7469704757430067,TIME_LIMIT,42100,0,0,31,0
2,12,512351.0,-4.35656494642614,-0.7469704757430067,TIME_LIMIT,42129,0,0,45,0
2,12,512930.0,-4.3564581664179425,-0.7469704757430067,TIME_LIMIT,42187,0,0,37,0
2,12,513498.0,-4.3564581664179425,-0.7469704757430067,TIME_LIMIT,42219,0,0,44,0
2,12,514063.0,-4.3564581664179425,-0.7469704757430067,TIME_LIMIT,42277,0,0,36,0
2,12,514614.0,-4.3564581664179425,-0.7469704757430067,TIME_LIMIT,42307,0,0,43,0
2,12,515182.0,-4.35559617581967,-0.7469704757430067,TIME_LIMIT,42360,0,0,29,0
2,12,515732.0,-4.35559617581967,-0.7469704757430067,TIME_LIMIT,42388,0,0,49,0
2,12,516273.0,-4.355096603567177,-0.7469704757430067,TIME_LIMIT,42444,0,0,34,0
2,12,516838.0,-4.355096603567177,-0.7469704757430067,TIME_LIMIT,42476,0,0,23,0
2,12,517380.0,-4.355096603567177,-0.7469704757430067,TIME_LIMIT,42533,0,0,35,0
2,12,517842.0,-4.355096603567177,-0.7469704757430067,TIME_LIMIT,42574,0,0,36,0
2,12,518373.0,-4.355096603567177,-0.7469704757430067,TIME_LIMIT,42610,0,0,37,0
2,12,518932.0,-4.355096603567177,-0.7469704757430067,TIME_LIMIT,42641,0,0,48,0
2,12,519497.0,-4.355096603567177,-0.7469704757430067,TIME_LIMIT,42697,0,0,21,0
2,12,520052.0,-4.355096603567177,-0.7469704757430067,TIME_LIMIT,42736,0,0,17,0
2,12,520605.0,-4.355096603567177,-0.7469704757430067,TIME_LIMIT,42791,0,0,21,0
2,12,521157.0,-4.355096603567177,-0.7469704757430067,TIME_LIMIT,42838,0,0,38,0
2,12,521713.0,-4.354684678419135,-0.7469704757430067,TIME_LIMIT,42877,0,0,41,0
2,12,522135.0,-4.354684678419135,-0.7469704757430067,TIME_LIMIT,42916,0,0,48,0
2,12,522676.0,-4.354684678419135,-0.7469704757430067,TIME_LIMIT,42972,0,0,32,0
2,12,523207.0,-4.354684678419135,-0.7469704757430067,TIME_LIMIT,43002,0,0,36,0
2,12,523734.0,-4.354684678419135,-0.7469704757430067,TIME_LIMIT,43055,0,0,32,0
2,12,524261.0,-4.354684678419135,-0.7469704757430067,TIME_LIMIT,43088,0,0,24,0
2,12,524816.0,-4.354684678419135,-0.7469704757430067,TIME_LIMIT,43148,0,0,36,0
2,12,525340.0,-4.354684678419135,-0.7469704757430067,TIME_LIMIT,43181,0,0,29,0
2,12,525870.0,-4.353901103668872,-0.7469704757430067,TIME_LIMIT,43237,0,0,37,0
2,12,526422.0,-4.353901103668872,-0.7469704757430067,TIME_LIMIT,43265,0,0,36,0
2,12,526951.0,-4.353901103668872,-0.7469704757430067,TIME_LIMIT,43315,0,0,30,0
2,12,527490.0,-4.353901103668872,-0.7469704757430067,TIME_LIMIT,43349,0,0,26,0
2,12,528042.0,-4.353901103668872,-0.7469704757430067,TIME_LIMIT,43405,0,0,13,0
2,12,528597.0,-4.353901103668872,-0.7469704757430067,TIME_LIMIT,43442,0,0,16,0
2,12,529166.0,-4.353901103668872,-0.7469704757430067,TIME_LIMIT,43476,0,0,35,0
2,12,529715.0,-4.353901103668872,-0.7469704757430067,TIME_LIMIT,43511,0,0,45,0
2,12,530281.0,-4.351872258670188,-0.7469704757430067,TIME_LIMIT,43563,0,0,27,0
2,12,530799.0,-4.351872258670188,-0.7469704757430067,TIME_LIMIT,43596,0,0,34,0
2,12,531328.0,-4.351872258670188,-0.7469704757430067,TIME_LIMIT,43651,0,0,34,0
2,12,531875.0,-4.351872258670188,-0.7469704757430067,TIME_LIMIT,43687,0,0,41,0
2,12,532420.0,-4.350107571099644,-0.7469704757430067,TIME_LIMIT,43734,0,0,23,0
2,12,532966.0,-4.350107571099644,-0.7469704757430067,TIME_LIMIT,43764,0,0,39,0
2,12,533535.0,-4.350107571099644,-0.7469704757430067,TIME_LIMIT,43816,0,0,28,0
2,12,534090.0,-4.350107571099644,-0.7469704757430067,TIME_LIMIT,43847,0,0,27,0
2,12,534648.0,-4.349865810377812,-0.7469704757430067,TIME_LIMIT,43892,0,0,30,0
2,12,535205.0,-4.349865810377812,-0.7469704757430067,TIME_LIMIT,43926,0,0,33,0
2,12,535769.0,-4.349108748446678,-0.7469704757430067,TIME_LIMIT,43982,0,0,26,0
2,12,536221.0,-4.349108748446678,-0.7469704757430067,TIME_LIMIT,44023,0,0,33,0
2,12,536775.0,-4.349108748446678,-0.7469704757430067,TIME_LIMIT,44066,0,0,32,0
2,12,537082.0,-4.349108748446678,-0.7469704757430067,TIME_LIMIT,44094,0,0,38,0
2,12,537560.0,-4.349108748446678,-0.7469704757430067,TIME_LIMIT,44143,0,0,31,0
2,12,538045.0,-4.349108748446678,-0.7469704757430067,TIME_LIMIT,44176,0,0,45,0
2,12,538340.0,-4.349108748446678,-0.7469704757430067,TIME_LIMIT,44223,0,0,30,0
2,12,538871.0,-4.349108748446678,-0.7469704757430067,TIME_LIMIT,44252,0,0,33,0
2,12,539422.0,-4.348729068657731,-0.7469704757430067,TIME_LIMIT,44298,0,0,21,0
2,12,539953.0,-4.348729068657731,-0.7469704757430067,TIME_LIMIT,44334,0,0,42,0
2,12,540481.0,-4.348485289896427,-0.7469704757430067,TIME_LIMIT,44390,0,0,29,0
2,12,541009.0,-4.348485289896427,-0.7469704757430067,TIME_LIMIT,44424,0,0,50,0
2,12,541549.0,-4.3471552844721595,-0.7469704757430067,TIME_LIMIT,44485,0,0,38,0
2,12,542126.0,-4.3471552844721595,-0.7469704757430067,TIME_LIMIT,44521,0,0,30,0
2,12,542663.0,-4.347120177758437,-0.7469704757430067,TIME_LIMIT,44575,0,0,30,0
2,12,543208.0,-4.347120177758437,-0.7469704757430067,TIME_LIMIT,44612,0,0,51,0
2,12,543754.0,-4.347120177758437,-0.7469704757430067,TIME_LIMIT,44669,0,0,25,0
2,12,544312.0,-4.347120177758437,-0.7469704757430067,TIME_LIMIT,44698,0,0,50,0
2,12,544852.0,-4.347120177758437,-0.7469704757430067,TIME_LIMIT,44759,0,0,23,0
2,12,545392.0,-4.347120177758437,-0.7469704757430067,TIME_LIMIT,44802,0,0,41,0
2,12,545936.0,-4.346362413545833,-0.7469704757430067,TIME_LIMIT,44848,0,0,29,0
2,12,546503.0,-4.346362413545833,-0.7469704757430067,TIME_LIMIT,44891,0,0,40,0
2,12,547045.0,-4.342176607093757,-0.7469704757430067,TIME_LIMIT,44931,0,0,31,0
2,12,547601.0,-4.342176607093757,-0.7469704757430067,TIME_LIMIT,44961,0,0,43,0
2,12,548128.0,-4.342176607093757,-0.7469704757430067,TIME_LIMIT,45014,0,0,35,0
2,12,548659.0,-4.342176607093757,-0.7469704757430067,TIME_LIMIT,45053,0,0,50,0
2,12,549203.0,-4.342176607093757,-0.7469704757430067,TIME_LIMIT,45110,0,0,33,0
2,12,549766.0,-4.342176607093757,-0.7469704757430067,TIME_LIMIT,45142,0,0,46,0
2,12,550328.0,-4.342175457719282,-0.7469704757430067,TIME_LIMIT,45190,0,0,29,0
2,12,550845.0,-4.342175457719282,-0.7469704757430067,TIME_LIMIT,45223,0,0,38,0
2,12,551392.0,-4.341963080658724,-0.7469704757430067,TIME_LIMIT,45267,0,0,24,0
2,12,551960.0,-4.341963080658724,-0.7469704757430067,TIME_LIMIT,45303,0,0,44,0
2,12,552505.0,-4.341963080658724,-0.7469704757430067,TIME_LIMIT,45363,0,0,31,0
2,12,552965.0,-4.341963080658724,-0.7469704757430067,TIME_LIMIT,45402,0,0,45,0
2,12,553547.0,-4.341963080658724,-0.7469704757430067,TIME_LIMIT,45454,0,0,33,0
2,12,554090.0,-4.341963080658724,-0.7469704757430067,TIME_LIMIT,45488,0,0,39,0
2,12,554670.0,-4.341669176067677,-0.7469704757430067,TIME_LIMIT,45538,0,0,29,0
2,12,555233.0,-4.341669176067677,-0.7469704757430067,TIME_LIMIT,45582,0,0,37,0
2,12,555781.0,-4.341026116438352,-0.7469704757430067,TIME_LIMIT,45625,0,0,37,0
2,12,556328.0,-4.341026116438352,-0.7469704757430067,TIME_LIMIT,45653,0,0,41,0
2,12,556882.0,-4.341026116438352,-0.7469704757430067,TIME_LIMIT,45707,0,0,28,0
2,12,557450.0,-4.341026116438352,-0.7469704757430067,TIME_LIMIT,45737,0,0,45,0
2,12,557986.0,-4.341026116438352,-0.7469704757430067,TIME_LIMIT,45788,0,0,27,0
2,12,558516.0,-4.341026116438352,-0.7469704757430067,TIME_LIMIT,45814,0,0,39,0
2,12,559088.0,-4.341014109684481,-0.7469704757430067,TIME_LIMIT,45867,0,0,33,0
2,12,559647.0,-4.341014109684481,-0.7469704757430067,TIME_LIMIT,45907,0,0,43,0
2,12,560184.0,-4.340745723293397,-0.7469704757430067,TIME_LIMIT,45954,0,0,20,0
2,12,560725.0,-4.340745723293397,-0.7469704757430067,TIME_LIMIT,45985,0,0,26,0
2,12,561278.0,-4.340745723293397,-0.7469704757430067,TIME_LIMIT,46032,0,0,28,0
2,12,561824.0,-4.340745723293397,-0.7469704757430067,TIME_LIMIT,46074,0,0,39,0
2,12,562363.0,-4.340537890615886,-0.7469704757430067,TIME_LIMIT,46119,0,0,36,0
2,12,562903.0,-4.340537890615886,-0.7469704757430067,TIME_LIMIT,46155,0,0,31,0
2,12,563443.0,-4.339656075628416,-0.7469704757430067,TIME_LIMIT,46206,0,0,36,0
2,12,563987.0,-4.339656075628416,-0.7469704757430067,TIME_LIMIT,46237,0,0,25,0
2,12,564339.0,-4.339656075628416,-0.7469704757430067,TIME_LIMIT,46273,0,0,33,0
2,12,564880.0,-4.339656075628416,-0.7469704757430067,TIME_LIMIT,46310,0,0,34,0
2,12,565460.0,-4.339116257011645,-0.7469704757430067,TIME_LIMIT,46351,0,0,25,0
2,12,565687.0,-4.339116257011645,-0.7469704757430067,TIME_LIMIT,46382,0,0,32,0
2,12,566193.0,-4.339116257011645,-0.7469704757430067,TIME_LIMIT,46435,0,0,28,0
2,12,566561.0,-4.339116257011645,-0.7469704757430067,TIME_LIMIT,46462,0,0,36,0
2,12,567105.0,-4.339116257011645,-0.7469704757430067,TIME_LIMIT,46510,0,0,13,0
2,12,567580.0,-4.339116257011645,-0.7469704757430067,TIME_LIMIT,46545,0,0,27,0
2,12,568124.0,-4.339116257011645,-0.7469704757430067,TIME_LIMIT,46604,0,0,36,0
2,12,568488.0,-4.339116257011645,-0.7469704757430067,TIME_LIMIT,46637,0,0,39,0
2,12,569030.0,-4.339116257011645,-0.7469704757430067,TIME_LIMIT,46689,0,0,12,0
2,12,569575.0,-4.339116257011645,-0.7469704757430067,TIME_LIMIT,46728,0,0,43,0
2,12,570126.0,-4.338473123237393,-0.7469704757430067,TIME_LIMIT,46776,0,0,28,0
2,12,570680.0,-4.338473123237393,-0.7469704757430067,TIME_LIMIT,46812,0,0,45,0
2,12,571218.0,-4.336639278553559,-0.7469704757430067,TIME_LIMIT,46869,0,0,33,0
2,12,571758.0,-4.336639278553559,-0.7469704757430067,TIME_LIMIT,46900,0,0,45,0
2,12,572296.0,-4.3359569911844265,-0.7469704757430067,TIME_LIMIT,46949,0,0,26,0
2,12,572869.0,-4.3359569911844265,-0.7469704757430067,TIME_LIMIT,46979,0,0,22,0
2,12,573427.0,-4.33594876412348,-0.7469704757430067,TIME_LIMIT,47028,0,0,29,0
2,12,573974.0,-4.33594876412348,-0.7469704757430067,TIME_LIMIT,47061,0,0,32,0
2,12,574517.0,-4.33584685567564,-0.7469704757430067,TIME_LIMIT,47116,0,0,32,0
2,12,575047.0,-4.33584685567564,-0.7469704757430067,TIME_LIMIT,47154,0,0,49,0
2,12,575581.0,-4.33584685567564,-0.7469704757430067,TIME_LIMIT,47213,0,0,23,0
2,12,576112.0,-4.33584685567564,-0.7469704757430067,TIME_LIMIT,47252,0,0,38,0
2,12,576685.0,-4.33584685567564,-0.7469704757430067,TIME_LIMIT,47295,0,0,40,0
2,12,577234.0,-4.33584685567564,-0.7469704757430067,TIME_LIMIT,47320,0,0,31,0
2,12,577778.0,-4.33584685567564,-0.7469704757430067,TIME_LIMIT,47375,0,0,23,0
2,12,578308.0,-4.33584685567564,-0.7469704757430067,TIME_LIMIT,47405,0,0,42,0
2,12,578844.0,-4.33584685567564,-0.7469704757430067,TIME_LIMIT,47453,0,0,30,0
2,12,579375.0,-4.33584685567564,-0.7469704757430067,TIME_LIMIT,47478,0,0,43,0
2,12,579917.0,-4.335839722867598,-0.7469704757430067,TIME_LIMIT,47537,0,0,34,0
2,12,580478.0,-4.335839722867598,-0.7469704757430067,TIME_LIMIT,47575,0,0,47,0
2,12,581021.0,-4.335839722867598,-0.7469704757430067,TIME_LIMIT,47621,0,0,29,0
2,12,581572.0,-4.335839722867598,-0.7469704757430067,TIME_LIMIT,47650,0,0,46,0
2,12,582128.0,-4.335749683567166,-0.7469704757430067,TIME_LIMIT,47705,0,0,35,0
2,12,582689.0,-4.335749683567166,-0.7469704757430067,TIME_LIMIT,47749,0,0,39,0
2,12,583270.0,-4.335013919253357,-0.7469704757430067,TIME_LIMIT,47789,0,0,29,0
2,12,583833.0,-4.335013919253357,-0.7469704757430067,TIME_LIMIT,47826,0,0,38,0
2,12,584362.0,-4.335013919253357,-0.7469704757430067,TIME_LIMIT,47870,0,0,34,0
2,12,584900.0,-4.335013919253357,-0.7469704757430067,TIME_LIMIT,47904,0,0,50,0
2,12,585447.0,-4.335013919253357,-0.7469704757430067,TIME_LIMIT,47948,0,0,28,0
2,12,585955.0,-4.335013919253357,-0.7469704757430067,TIME_LIMIT,47984,0,0,50,0
2,12,586490.0,-4.335013919253357,-0.7469704757430067,TIME_LIMIT,48036,0,0,30,0
2,12,586978.0,-4.335013919253357,-0.7469704757430067,TIME_LIMIT,48071,0,0,39,0
2,12,587543.0,-4.335013919253357,-0.8017533106802975,TIME_LIMIT,48127,0,0,40,0
2,12,588073.0,-4.335013919253357,-0.8017533106802975,TIME_LIMIT,48163,0,0,20,0
2,12,588607.0,-4.335013919253357,-0.8017533106802975,TIME_LIMIT,48220,0,0,33,0
2,12,589155.0,-4.335013919253357,-0.8017533106802975,TIME_LIMIT,48242,0,0,35,0
2,12,589675.0,-4.335013919253357,-0.8017533106802975,TIME_LIMIT,48290,0,0,13,0
2,12,590208.0,-4.335013919253357,-0.8017533106802975,TIME_LIMIT,48326,0,0,26,0
2,12,590778.0,-4.335013919253357,-0.8017533106802975,TIME_LIMIT,48374,0,0,20,0
2,12,591306.0,-4.335013919253357,-0.8017533106802975,TIME_LIMIT,48409,0,0,45,0
2,12,591851.0,-4.335013919253357,-0.8017533106802975,TIME_LIMIT,48462,0,0,32,0
2,12,592376.0,-4.335013919253357,-0.8017533106802975,TIME_LIMIT,48492,0,0,38,0
2,12,592902.0,-4.335013919253357,-0.8017533106802975,TIME_LIMIT,48551,0,0,37,0
2,12,593434.0,-4.335013919253357,-0.8017533106802975,TIME_LIMIT,48586,0,0,35,0
2,12,593963.0,-4.335013919253357,-0.8017533106802975,TIME_LIMIT,48634,0,0,18,0
2,12,594497.0,-4.335013919253357,-0.8017533106802975,TIME_LIMIT,48668,0,0,32,0
2,12,595033.0,-4.335013919253357,-0.8017533106802975,TIME_LIMIT,48722,0,0,38,0
2,12,595565.0,-4.335013919253357,-0.8017533106802975,TIME_LIMIT,48758,0,0,37,0
2,12,596127.0,-4.334381893291402,-0.8017533106802975,TIME_LIMIT,48798,0,0,35,0
2,12,596689.0,-4.334381893291402,-0.8017533106802975,TIME_LIMIT,48831,0,0,48,0
2,12,597247.0,-4.333767846138428,-0.8017533106802975,TIME_LIMIT,48882,0,0,33,0
2,12,597802.0,-4.333767846138428,-0.8017533106802975,TIME_LIMIT,48916,0,0,44,0
2,12,598331.0,-4.333767846138428,-0.8017533106802975,TIME_LIMIT,48967,0,0,32,0
2,12,598870.0,-4.333767846138428,-0.8017533106802975,TIME_LIMIT,48999,0,0,37,0
2,12,599397.0,-4.3334667179692445,-0.8017533106802975,TIME_LIMIT,49047,0,0,25,0
2,12,599763.0,-4.3334667179692445,-0.8017533106802975,TIME_LIMIT,49080,0,0,21,0
2,12,600284.0,-4.332958161077194,-0.8017533106802975,TIME_LIMIT,49132,0,0,32,0
2,12,600844.0,-4.332958161077194,-0.8017533106802975,TIME_LIMIT,49167,0,0,49,0
2,12,601390.0,-4.332240225211829,-0.8017533106802975,TIME_LIMIT,49223,0,0,29,0
2,12,601746.0,-4.332240225211829,-0.8017533106802975,TIME_LIMIT,49250,0,0,31,0
2,12,602299.0,-4.332240225211829,-0.8017533106802975,TIME_LIMIT,49302,0,0,32,0
2,12,602883.0,-4.332240225211829,-0.8017533106802975,TIME_LIMIT,49335,0,0,29,0
2,12,603432.0,-4.332240225211829,-0.8017533106802975,TIME_LIMIT,49386,0,0,35,0
2,12,603979.0,-4.332240225211829,-0.8017533106802975,TIME_LIMIT,49420,0,0,41,0
2,12,604515.0,-4.332240225211829,-0.8017533106802975,TIME_LIMIT,49470,0,0,31,0
2,12,605076.0,-4.332240225211829,-0.8017533106802975,TIME_LIMIT,49504,0,0,47,0
2,12,605607.0,-4.332240225211829,-0.8017533106802975,TIME_LIMIT,49557,0,0,26,0
2,12,606064.0,-4.332240225211829,-0.8017533106802975,TIME_LIMIT,49602,0,0,49,0
2,12,606593.0,-4.332240225211829,-0.8017533106802975,TIME_LIMIT,49654,0,0,33,0
2,12,607121.0,-4.332240225211829,-0.8017533106802975,TIME_LIMIT,49692,0,0,39,0
2,12,607663.0,-4.332084964846339,-0.8017533106802975,TIME_LIMIT,49757,0,0,33,0
2,12,608196.0,-4.332084964846339,-0.8017533106802975,TIME_LIMIT,49789,0,0,38,0
2,12,608745.0,-4.332084964846339,-0.8017533106802975,TIME_LIMIT,49845,0,0,32,0
2,12,609299.0,-4.332084964846339,-0.8017533106802975,TIME_LIMIT,49883,0,0,39,0
2,12,609863.0,-4.332084964846339,-0.8017533106802975,TIME_LIMIT,49929,0,0,26,0
2,12,610418.0,-4.332084964846339,-0.8017533106802975,TIME_LIMIT,49961,0,0,35,0
2,12,610967.0,-4.332084964846339,-0.8017533106802975,TIME_LIMIT,50013,0,0,31,0
2,12,611502.0,-4.332084964846339,-0.8017533106802975,TIME_LIMIT,50046,0,0,26,0
2,12,612044.0,-4.332084964846339,-0.8017533106802975,TIME_LIMIT,50093,0,0,27,0
2,12,612586.0,-4.332084964846339,-0.8017533106802975,TIME_LIMIT,50131,0,0,36,0
2,12,613142.0,-4.332084964846339,-0.8017533106802975,TIME_LIMIT,50178,0,0,29,0
2,12,613685.0,-4.332084964846339,-0.8017533106802975,TIME_LIMIT,50207,0,0,31,0
2,12,614227.0,-4.332084964846339,-0.8017533106802975,TIME_LIMIT,50254,0,0,35,0
2,12,614783.0,-4.332084964846339,-0.8017533106802975,TIME_LIMIT,50288,0,0,30,0
2,12,615369.0,-4.331994797675585,-0.8017533106802975,TIME_LIMIT,50335,0,0,17,0
2,12,615875.0,-4.331994797675585,-0.8017533106802975,TIME_LIMIT,50381,0,0,46,0
2,12,616417.0,-4.331994797675585,-0.8017533106802975,TIME_LIMIT,50422,0,0,40,0
2,12,616954.0,-4.331994797675585,-0.8017533106802975,TIME_LIMIT,50460,0,0,40,0
2,12,617510.0,-4.331994797675585,-0.8017533106802975,TIME_LIMIT,50512,0,0,22,0
2,12,618064.0,-4.331994797675585,-0.8017533106802975,TIME_LIMIT,50546,0,0,20,0
2,12,618612.0,-4.331994797675585,-0.8017533106802975,TIME_LIMIT,50600,0,0,35,0
2,12,619152.0,-4.331994797675585,-0.8017533106802975,TIME_LIMIT,50637,0,0,39,0
2,12,619687.0,-4.331994797675585,-0.8017533106802975,TIME_LIMIT,50688,0,0,32,0
2,12,620248.0,-4.331994797675585,-0.8017533106802975,TIME_LIMIT,50730,0,0,38,0
2,12,620816.0,-4.331994797675585,-0.8017533106802975,TIME_LIMIT,50768,0,0,30,0
2,12,621405.0,-4.331994797675585,-0.8017533106802975,TIME_LIMIT,50802,0,0,34,0
2,12,621946.0,-4.331994797675585,-0.8017533106802975,TIME_LIMIT,50857,0,0,34,0
2,12,622492.0,-4.331994797675585,-0.8017533106802975,TIME_LIMIT,50893,0,0,50,0
2,12,623058.0,-4.331994797675585,-0.8017533106802975,TIME_LIMIT,50950,0,0,21,0
2,12,623618.0,-4.331994797675585,-0.8017533106802975,TIME_LIMIT,50985,0,0,38,0
2,12,624162.0,-4.331994797675585,-0.8017533106802975,TIME_LIMIT,51042,0,0,32,0
2,12,624701.0,-4.331994797675585,-0.8017533106802975,TIME_LIMIT,51073,0,0,27,0
2,12,625238.0,-4.331994797675585,-0.8017533106802975,TIME_LIMIT,51124,0,0,18,0
2,12,625778.0,-4.331994797675585,-0.8017533106802975,TIME_LIMIT,51154,0,0,40,0
2,12,626328.0,-4.331994797675585,-0.8017533106802975,TIME_LIMIT,51210,0,0,17,0
2,12,626866.0,-4.331994797675585,-0.8017533106802975,TIME_LIMIT,51250,0,0,23,0
2,12,627406.0,-4.331994797675585,-0.8017533106802975,TIME_LIMIT,51285,0,0,19,0
2,12,627942.0,-4.331994797675585,-0.8017533106802975,TIME_LIMIT,51325,0,0,30,0
2,12,628502.0,-4.331994797675585,-0.8017533106802975,TIME_LIMIT,51362,0,0,34,0
2,12,629063.0,-4.331994797675585,-0.8017533106802975,TIME_LIMIT,51396,0,0,34,0
2,12,629632.0,-4.331994797675585,-0.8017533106802975,TIME_LIMIT,51453,0,0,33,0
2,12,630165.0,-4.331994797675585,-0.8017533106802975,TIME_LIMIT,51487,0,0,20,0
2,12,630705.0,-4.331994797675585,-0.8017533106802975,TIME_LIMIT,51524,0,0,35,0
2,12,631267.0,-4.331994797675585,-0.8017533106802975,TIME_LIMIT,51558,0,0,20,0
2,12,631798.0,-4.331849964295651,-0.8017533106802975,TIME_LIMIT,51607,0,0,33,0
2,12,632344.0,-4.331849964295651,-0.8017533106802975,TIME_LIMIT,51633,0,0,37,0
2,12,632897.0,-4.331849964295651,-0.8017533106802975,TIME_LIMIT,51687,0,0,23,0
2,12,633444.0,-4.331849964295651,-0.8017533106802975,TIME_LIMIT,51724,0,0,27,0
2,12,633974.0,-4.331849964295651,-0.8017533106802975,TIME_LIMIT,51779,0,0,35,0
2,12,634492.0,-4.331849964295651,-0.8017533106802975,TIME_LIMIT,51810,0,0,36,0
2,12,635026.0,-4.331849964295651,-0.8017533106802975,TIME_LIMIT,51855,0,0,43,0
2,12,635589.0,-4.331849964295651,-0.8017533106802975,TIME_LIMIT,51890,0,0,38,0
2,12,636144.0,-4.331842686192554,-0.8017533106802975,TIME_LIMIT,51950,0,0,34,0
2,12,636664.0,-4.331842686192554,-0.8017533106802975,TIME_LIMIT,51981,0,0,37,0
2,12,637238.0,-4.330573494047826,-0.8017533106802975,TIME_LIMIT,52040,0,0,34,0
2,12,637788.0,-4.330573494047826,-0.8017533106802975,TIME_LIMIT,52069,0,0,43,0
2,12,638318.0,-4.330108030578282,-0.8017533106802975,TIME_LIMIT,52119,0,0,33,0
2,12,638866.0,-4.330108030578282,-0.8017533106802975,TIME_LIMIT,52154,0,0,35,0
2,12,639396.0,-4.330108030578282,-0.8017533106802975,TIME_LIMIT,52199,0,0,31,0
2,12,639924.0,-4.330108030578282,-0.8017533106802975,TIME_LIMIT,52234,0,0,39,0
2,12,640499.0,-4.329982176983254,-0.8017533106802975,TIME_LIMIT,52285,0,0,31,0
2,12,641067.0,-4.329982176983254,-0.8017533106802975,TIME_LIMIT,52317,0,0,44,0
2,12,641639.0,-4.3284381838156305,-0.8017533106802975,TIME_LIMIT,52371,0,0,32,0
2,12,642181.0,-4.3284381838156305,-0.8017533106802975,TIME_LIMIT,52407,0,0,45,0
2,12,642753.0,-4.328116223485541,-0.8017533106802975,TIME_LIMIT,52458,0,0,26,0
2,12,643278.0,-4.328116223485541,-0.8017533106802975,TIME_LIMIT,52503,0,0,36,0
2,12,643828.0,-4.326739919578026,-0.8017533106802975,TIME_LIMIT,52547,0,0,43,0
2,12,644359.0,-4.326739919578026,-0.8017533106802975,TIME_LIMIT,52574,0,0,33,0
2,12,644889.0,-4.326739919578026,-0.8017533106802975,TIME_LIMIT,52623,0,0,30,0
2,12,645438.0,-4.326739919578026,-0.8017533106802975,TIME_LIMIT,52654,0,0,40,0
2,12,645959.0,-4.325702624152097,-0.8017533106802975,TIME_LIMIT,52700,0,0,31,0
2,12,646532.0,-4.325702624152097,-0.8017533106802975,TIME_LIMIT,52727,0,0,37,0
2,12,647060.0,-4.325533980280317,-0.8017533106802975,TIME_LIMIT,52780,0,0,27,0
2,12,647622.0,-4.325533980280317,-0.8017533106802975,TIME_LIMIT,52812,0,0,39,0
2,12,648152.0,-4.325111672462914,-0.8017533106802975,TIME_LIMIT,52859,0,0,29,0
2,12,648684.0,-4.325111672462914,-0.8017533106802975,TIME_LIMIT,52902,0,0,41,0
2,12,649225.0,-4.32497544515907,-0.8017533106802975,TIME_LIMIT,52957,0,0,36,0
2,12,649786.0,-4.32497544515907,-0.8017533106802975,TIME_LIMIT,52992,0,0,45,0
2,12,650315.0,-4.32497544515907,-0.8017533106802975,TIME_LIMIT,53046,0,0,32,0
2,12,650839.0,-4.32497544515907,-0.8017533106802975,TIME_LIMIT,53081,0,0,44,0
2,12,651417.0,-4.32497544515907,-0.8017533106802975,TIME_LIMIT,53132,0,0,24,0
2,12,651999.0,-4.32497544515907,-0.8017533106802975,TIME_LIMIT,53167,0,0,27,0
2,12,652522.0,-4.32497544515907,-0.8017533106802975,TIME_LIMIT,53219,0,0,31,0
2,12,653101.0,-4.32497544515907,-0.8017533106802975,TIME_LIMIT,53257,0,0,41,0
2,12,653651.0,-4.32343754680023,-0.8017533106802975,TIME_LIMIT,53308,0,0,29,0
2,12,654190.0,-4.32343754680023,-0.8017533106802975,TIME_LIMIT,53351,0,0,38,0
2,12,654719.0,-4.32343754680023,-0.8017533106802975,TIME_LIMIT,53390,0,0,34,0
2,12,655268.0,-4.32343754680023,-0.8017533106802975,TIME_LIMIT,53418,0,0,38,0
2,12,655828.0,-4.321646982576497,-0.8017533106802975,TIME_LIMIT,53462,0,0,26,0
2,12,656426.0,-4.321646982576497,-0.8017533106802975,TIME_LIMIT,53500,0,0,20,0
2,12,656993.0,-4.321560347550983,-0.8017533106802975,TIME_LIMIT,53552,0,0,31,0
2,12,657561.0,-4.321560347550983,-0.8017533106802975,TIME_LIMIT,53584,0,0,30,0
2,12,658123.0,-4.319439119731662,-0.8017533106802975,TIME_LIMIT,53638,0,0,31,0
2,12,658695.0,-4.319439119731662,-0.8017533106802975,TIME_LIMIT,53670,0,0,44,0
2,12,659245.0,-4.319439119731662,-0.8017533106802975,TIME_LIMIT,53720,0,0,19,0
2,12,659775.0,-4.319439119731662,-0.8017533106802975,TIME_LIMIT,53752,0,0,41,0
2,12,660338.0,-4.319439119731662,-0.8017533106802975,TIME_LIMIT,53802,0,0,35,0
2,12,660889.0,-4.319439119731662,-0.8017533106802975,TIME_LIMIT,53833,0,0,31,0
2,12,661443.0,-4.319439119731662,-0.8017533106802975,TIME_LIMIT,53891,0,0,36,0
2,12,661973.0,-4.319439119731662,-0.8017533106802975,TIME_LIMIT,53926,0,0,40,0
2,12,662501.0,-4.319439119731662,-0.8017533106802975,TIME_LIMIT,53963,0,0,31,0
2,12,663027.0,-4.319439119731662,-0.8017533106802975,TIME_LIMIT,53992,0,0,27,0
2,12,663561.0,-4.319115558656263,-0.8017533106802975,TIME_LIMIT,54036,0,0,26,0
2,12,664093.0,-4.319115558656263,-0.8017533106802975,TIME_LIMIT,54073,0,0,39,0
2,12,664621.0,-4.317500553386129,-0.8017533106802975,TIME_LIMIT,54129,0,0,38,0
2,12,665160.0,-4.317500553386129,-0.8017533106802975,TIME_LIMIT,54168,0,0,44,0
2,12,665694.0,-4.317500553386129,-0.8017533106802975,TIME_LIMIT,54215,0,0,15,0
2,12,666259.0,-4.317500553386129,-0.8017533106802975,TIME_LIMIT,54255,0,0,26,0
2,12,666814.0,-4.317500553386129,-0.8017533106802975,TIME_LIMIT,54298,0,0,35,0
2,12,667370.0,-4.317500553386129,-0.8017533106802975,TIME_LIMIT,54334,0,0,29,0
2,12,667911.0,-4.317065906105426,-0.8017533106802975,TIME_LIMIT,54380,0,0,26,0
2,12,668466.0,-4.317065906105426,-0.8017533106802975,TIME_LIMIT,54414,0,0,48,0
2,12,669046.0,-4.317065906105426,-0.8017533106802975,TIME_LIMIT,54465,0,0,29,0
2,12,669570.0,-4.317065906105426,-0.8017533106802975,TIME_LIMIT,54504,0,0,55,0
2,12,670106.0,-4.317065906105426,-0.8017533106802975,TIME_LIMIT,54558,0,0,31,0
2,12,670656.0,-4.317065906105426,-0.8017533106802975,TIME_LIMIT,54593,0,0,46,0
2,12,671257.0,-4.317065906105426,-0.8017533106802975,TIME_LIMIT,54643,0,0,31,0
2,12,671815.0,-4.317065906105426,-0.8017533106802975,TIME_LIMIT,54678,0,0,20,0
2,12,672369.0,-4.317065906105426,-0.8017533106802975,TIME_LIMIT,54727,0,0,30,0
2,12,672952.0,-4.317065906105426,-0.8017533106802975,TIME_LIMIT,54759,0,0,45,0
2,12,673532.0,-4.317065906105426,-0.8017533106802975,TIME_LIMIT,54821,0,0,44,0
2,12,674079.0,-4.317065906105426,-0.8017533106802975,TIME_LIMIT,54855,0,0,36,0
2,12,674636.0,-4.317065906105426,-0.8017533106802975,TIME_LIMIT,54905,0,0,29,0
2,12,675182.0,-4.317065906105426,-0.8017533106802975,TIME_LIMIT,54948,0,0,36,0
2,12,675738.0,-4.317065906105426,-0.8017533106802975,TIME_LIMIT,54985,0,0,34,0
2,12,676299.0,-4.317065906105426,-0.8017533106802975,TIME_LIMIT,55007,0,0,42,0
2,12,676881.0,-4.317065906105426,-0.8017533106802975,TIME_LIMIT,55059,0,0,34,0
2,12,677448.0,-4.317065906105426,-0.8017533106802975,TIME_LIMIT,55091,0,0,53,0
2,12,678042.0,-4.317065906105426,-0.8017533106802975,TIME_LIMIT,55148,0,0,27,0
2,12,678606.0,-4.317065906105426,-0.8017533106802975,TIME_LIMIT,55180,0,0,41,0
2,12,679181.0,-4.317065906105426,-0.8017533106802975,TIME_LIMIT,55230,0,0,15,0
2,12,679765.0,-4.317065906105426,-0.8017533106802975,TIME_LIMIT,55265,0,0,53,0
2,12,680333.0,-4.317065906105426,-0.8017533106802975,TIME_LIMIT,55316,0,0,36,0
2,12,680892.0,-4.317065906105426,-0.8017533106802975,TIME_LIMIT,55343,0,0,23,0
2,12,681470.0,-4.317065906105426,-0.8017533106802975,TIME_LIMIT,55391,0,0,30,0
2,12,682086.0,-4.317065906105426,-0.8017533106802975,TIME_LIMIT,55418,0,0,42,0
2,12,682628.0,-4.317065906105426,-0.8017533106802975,TIME_LIMIT,55475,0,0,32,0
2,12,683211.0,-4.317065906105426,-0.8017533106802975,TIME_LIMIT,55509,0,0,41,0
2,12,683809.0,-4.317065906105426,-0.8017533106802975,TIME_LIMIT,55560,0,0,32,0
2,12,684378.0,-4.317065906105426,-0.8017533106802975,TIME_LIMIT,55590,0,0,46,0
2,12,684937.0,-4.317065906105426,-0.8017533106802975,TIME_LIMIT,55644,0,0,34,0
2,12,685464.0,-4.317065906105426,-0.8017533106802975,TIME_LIMIT,55675,0,0,46,0
2,12,685991.0,-4.317065906105426,-0.8017533106802975,TIME_LIMIT,55731,0,0,29,0
2,12,686511.0,-4.317065906105426,-0.8017533106802975,TIME_LIMIT,55776,0,0,40,0
2,12,687041.0,-4.317065906105426,-0.8017533106802975,TIME_LIMIT,55809,0,0,30,0
2,12,687572.0,-4.317065906105426,-0.8017533106802975,TIME_LIMIT,55837,0,0,36,0
2,12,688134.0,-4.317065906105426,-0.8017533106802975,TIME_LIMIT,55892,0,0,22,0
2,12,688667.0,-4.317065906105426,-0.8017533106802975,TIME_LIMIT,55926,0,0,31,0
2,12,689217.0,-4.317065906105426,-0.8017533106802975,TIME_LIMIT,55983,0,0,35,0
2,12,689736.0,-4.317065906105426,-0.8017533106802975,TIME_LIMIT,56019,0,0,18,0
2,12,690305.0,-4.317065906105426,-0.8017533106802975,TIME_LIMIT,56059,0,0,35,0
2,12,690827.0,-4.317065906105426,-0.8017533106802975,TIME_LIMIT,56094,0,0,35,0
2,12,691375.0,-4.317065906105426,-0.8017533106802975,TIME_LIMIT,56145,0,0,30,0
2,12,691926.0,-4.317065906105426,-0.8017533106802975,TIME_LIMIT,56175,0,0,43,0
2,12,692447.0,-4.317065906105426,-0.8017533106802975,TIME_LIMIT,56232,0,0,37,0
2,12,692982.0,-4.317065906105426,-0.8017533106802975,TIME_LIMIT,56264,0,0,44,0
2,12,693570.0,-4.317065906105426,-0.8017533106802975,TIME_LIMIT,56320,0,0,30,0
2,12,694155.0,-4.317065906105426,-0.8017533106802975,TIME_LIMIT,56347,0,0,40,0
2,12,694703.0,-4.317065906105426,-0.8017533106802975,TIME_LIMIT,56395,0,0,23,0
2,12,695224.0,-4.317065906105426,-0.8017533106802975,TIME_LIMIT,56425,0,0,49,0
2,12,695796.0,-4.317065906105426,-0.8017533106802975,TIME_LIMIT,56478,0,0,20,0
2,12,696325.0,-4.317065906105426,-0.8017533106802975,TIME_LIMIT,56512,0,0,44,0
2,12,696868.0,-4.317065906105426,-0.8017533106802975,TIME_LIMIT,56568,0,0,35,0
2,12,697399.0,-4.317065906105426,-0.8017533106802975,TIME_LIMIT,56597,0,0,30,0
2,12,697942.0,-4.317065906105426,-0.8017533106802975,TIME_LIMIT,56646,0,0,28,0
2,12,698494.0,-4.317065906105426,-0.8017533106802975,TIME_LIMIT,56680,0,0,37,0
2,12,699066.0,-4.317065906105426,-0.8017533106802975,TIME_LIMIT,56722,0,0,33,0
2,12,699610.0,-4.317065906105426,-0.8017533106802975,TIME_LIMIT,56754,0,0,39,0
2,12,700167.0,-4.317065906105426,-0.8017533106802975,TIME_LIMIT,56807,0,0,34,0
2,12,700704.0,-4.317065906105426,-0.8017533106802975,TIME_LIMIT,56849,0,0,37,0
2,12,701230.0,-4.317065906105426,-0.8017533106802975,TIME_LIMIT,56885,0,0,34,0
2,12,701789.0,-4.317065906105426,-0.8017533106802975,TIME_LIMIT,56917,0,0,33,0
2,12,702315.0,-4.317065906105426,-0.8017533106802975,TIME_LIMIT,56972,0,0,28,0
2,12,702896.0,-4.317065906105426,-0.8017533106802975,TIME_LIMIT,57007,0,0,44,0
2,12,703434.0,-4.317065906105426,-0.8017533106802975,TIME_LIMIT,57047,0,0,31,0
2,12,703965.0,-4.317065906105426,-0.8017533106802975,TIME_LIMIT,57080,0,0,21,0
2,12,704505.0,-4.317065906105426,-0.8017533106802975,TIME_LIMIT,57126,0,0,20,0
2,12,705044.0,-4.317065906105426,-0.8017533106802975,TIME_LIMIT,57155,0,0,39,0
2,12,705651.0,-4.317065906105426,-0.8017533106802975,TIME_LIMIT,57208,0,0,32,0
2,12,706241.0,-4.317065906105426,-0.8017533106802975,TIME_LIMIT,57242,0,0,49,0
2,12,706836.0,-4.317065906105426,-0.8017533106802975,TIME_LIMIT,57293,0,0,34,0
2,12,707425.0,-4.317065906105426,-0.8017533106802975,TIME_LIMIT,57324,0,0,21,0
2,12,707998.0,-4.317065906105426,-0.8017533106802975,TIME_LIMIT,57376,0,0,18,0
2,12,708541.0,-4.317065906105426,-0.8017533106802975,TIME_LIMIT,57406,0,0,43,0
2,12,709102.0,-4.317065906105426,-0.8017533106802975,TIME_LIMIT,57464,0,0,29,0
2,12,709635.0,-4.317065906105426,-0.8017533106802975,TIME_LIMIT,57504,0,0,37,0
2,12,710178.0,-4.317065906105426,-0.8017533106802975,TIME_LIMIT,57539,0,0,19,0
2,12,710713.0,-4.317065906105426,-0.8017533106802975,TIME_LIMIT,57578,0,0,38,0
2,12,711255.0,-4.317065906105426,-0.8017533106802975,TIME_LIMIT,57627,0,0,32,0
2,12,711822.0,-4.317065906105426,-0.8017533106802975,TIME_LIMIT,57658,0,0,41,0
2,12,712358.0,-4.317065906105426,-0.8017533106802975,TIME_LIMIT,57710,0,0,32,0
2,12,712900.0,-4.317065906105426,-0.8017533106802975,TIME_LIMIT,57747,0,0,42,0
2,12,713434.0,-4.317065906105426,-0.8017533106802975,TIME_LIMIT,57799,0,0,29,0
2,12,714001.0,-4.317065906105426,-0.8017533106802975,TIME_LIMIT,57831,0,0,41,0
2,12,714595.0,-4.317065906105426,-0.8017533106802975,TIME_LIMIT,57881,0,0,30,0
2,12,715185.0,-4.317065906105426,-0.8017533106802975,TIME_LIMIT,57914,0,0,41,0
2,12,715749.0,-4.317065906105426,-0.8017533106802975,TIME_LIMIT,57968,0,0,34,0
2,12,716303.0,-4.317065906105426,-0.8017533106802975,TIME_LIMIT,58005,0,0,36,0
2,12,716862.0,-4.317065906105426,-0.8017533106802975,TIME_LIMIT,58048,0,0,39,0
2,12,717389.0,-4.317065906105426,-0.8017533106802975,TIME_LIMIT,58091,0,0,24,0
2,12,717972.0,-4.317065906105426,-0.8017533106802975,TIME_LIMIT,58136,0,0,30,0
2,12,718508.0,-4.317065906105426,-0.8017533106802975,TIME_LIMIT,58170,0,0,34,0
2,12,719034.0,-4.317065906105426,-0.8017533106802975,TIME_LIMIT,58218,0,0,27,0
2,12,719570.0,-4.317065906105426,-0.8017533106802975,TIME_LIMIT,58248,0,0,39,0
2,12,720097.0,-4.317065906105426,-0.8017533106802975,TIME_LIMIT,58300,0,0,27,0
2,12,720629.0,-4.317065906105426,-0.8017533106802975,TIME_LIMIT,58333,0,0,38,0
2,12,721176.0,-4.317065906105426,-0.8017533106802975,TIME_LIMIT,58379,0,0,33,0
2,12,721698.0,-4.317065906105426,-0.8017533106802975,TIME_LIMIT,58419,0,0,43,0
2,12,722226.0,-4.317065906105426,-0.8017533106802975,TIME_LIMIT,58458,0,0,40,0
2,12,722752.0,-4.317065906105426,-0.8017533106802975,TIME_LIMIT,58489,0,0,22,0
2,12,723279.0,-4.317065906105426,-0.8017533106802975,TIME_LIMIT,58548,0,0,36,0
2,12,723843.0,-4.317065906105426,-0.8017533106802975,TIME_LIMIT,58579,0,0,42,0
2,12,724434.0,-4.317065906105426,-0.8017533106802975,TIME_LIMIT,58638,0,0,38,0
2,12,724969.0,-4.317065906105426,-0.8017533106802975,TIME_LIMIT,58676,0,0,43,0
2,12,725529.0,-4.317065906105426,-0.8017533106802975,TIME_LIMIT,58723,0,0,26,0
2,12,726061.0,-4.317065906105426,-0.8017533106802975,TIME_LIMIT,58759,0,0,43,0
2,12,726642.0,-4.317065906105426,-0.8017533106802975,TIME_LIMIT,58799,0,0,35,0
2,12,727195.0,-4.317065906105426,-0.8017533106802975,TIME_LIMIT,58837,0,0,27,0
2,12,727736.0,-4.317065906105426,-0.8017533106802975,TIME_LIMIT,58885,0,0,30,0
2,12,728266.0,-4.317065906105426,-0.8017533106802975,TIME_LIMIT,58920,0,0,29,0
2,12,728840.0,-4.317065906105426,-0.8017533106802975,TIME_LIMIT,58970,0,0,31,0
2,12,729370.0,-4.317065906105426,-0.8017533106802975,TIME_LIMIT,59004,0,0,32,0
2,12,729901.0,-4.317065906105426,-0.8017533106802975,TIME_LIMIT,59058,0,0,36,0
2,12,730426.0,-4.317065906105426,-0.8017533106802975,TIME_LIMIT,59094,0,0,31,0
2,12,730978.0,-4.317065906105426,-0.8017533106802975,TIME_LIMIT,59150,0,0,33,0
2,12,731506.0,-4.317065906105426,-0.8017533106802975,TIME_LIMIT,59191,0,0,41,0
2,12,732062.0,-4.317065906105426,-0.8017533106802975,TIME_LIMIT,59238,0,0,29,0
2,12,732640.0,-4.317065906105426,-0.8017533106802975,TIME_LIMIT,59271,0,0,29,0
2,12,733235.0,-4.317065906105426,-0.8017533106802975,TIME_LIMIT,59322,0,0,28,0
2,12,733769.0,-4.317065906105426,-0.8017533106802975,TIME_LIMIT,59350,0,0,21,0
2,12,734314.0,-4.317065906105426,-0.8017533106802975,TIME_LIMIT,59407,0,0,31,0
2,12,734889.0,-4.317065906105426,-0.8017533106802975,TIME_LIMIT,59447,0,0,39,0
2,12,735441.0,-4.317065906105426,-0.8017533106802975,TIME_LIMIT,59488,0,0,38,0
2,12,736045.0,-4.317065906105426,-0.8017533106802975,TIME_LIMIT,59526,0,0,31,0
2,12,736594.0,-4.317065906105426,-0.8017533106802975,TIME_LIMIT,59574,0,0,26,0
2,12,737158.0,-4.317065906105426,-0.8017533106802975,TIME_LIMIT,59611,0,0,29,0
2,12,737696.0,-4.317065906105426,-0.8017533106802975,TIME_LIMIT,59648,0,0,37,0
2,12,738228.0,-4.317065906105426,-0.8017533106802975,TIME_LIMIT,59672,0,0,22,0
2,12,738791.0,-4.317065906105426,-0.8017533106802975,TIME_LIMIT,59721,0,0,29,0
2,12,739380.0,-4.317065906105426,-0.8017533106802975,TIME_LIMIT,59753,0,0,23,0
2,12,739912.0,-4.317065906105426,-0.8017533106802975,TIME_LIMIT,59804,0,0,25,0
2,12,740437.0,-4.317065906105426,-0.8017533106802975,TIME_LIMIT,59831,0,0,42,0
2,12,741004.0,-4.317065906105426,-0.8017533106802975,TIME_LIMIT,59882,0,0,27,0
2,12,741572.0,-4.317065906105426,-0.8017533106802975,TIME_LIMIT,59918,0,0,31,0
2,12,742193.0,-4.317065906105426,-0.8017533106802975,TIME_LIMIT,59963,0,0,17,0
2,12,742783.0,-4.317065906105426,-0.8017533106802975,TIME_LIMIT,59993,0,0,41,0
2,12,743350.0,-4.317065906105426,-0.8017533106802975,TIME_LIMIT,60049,0,0,19,0
2,12,743934.0,-4.317065906105426,-0.8017533106802975,TIME_LIMIT,60083,0,0,38,0
2,12,744507.0,-4.316248904999016,-0.8017533106802975,TIME_LIMIT,60128,0,0,34,0
2,12,745051.0,-4.316248904999016,-0.8017533106802975,TIME_LIMIT,60162,0,0,38,0
2,12,745482.0,-4.315971195119903,-0.8017533106802975,TIME_LIMIT,60222,0,0,35,0
2,12,746043.0,-4.315971195119903,-0.8017533106802975,TIME_LIMIT,60251,0,0,33,0
2,12,746574.0,-4.315568709139804,-0.8017533106802975,TIME_LIMIT,60293,0,0,27,0
2,12,747158.0,-4.315568709139804,-0.8017533106802975,TIME_LIMIT,60327,0,0,47,0
2,12,747734.0,-4.314197660166138,-0.8017533106802975,TIME_LIMIT,60386,0,0,37,0
2,12,748130.0,-4.314197660166138,-0.8017533106802975,TIME_LIMIT,60421,0,0,40,0
2,12,748604.0,-4.314197660166138,-0.8017533106802975,TIME_LIMIT,60481,0,0,34,0
2,12,748815.0,-4.314197660166138,-0.8017533106802975,TIME_LIMIT,60513,0,0,43,0
2,12,749377.0,-4.313307935976324,-0.8017533106802975,TIME_LIMIT,60559,0,0,26,0
2,12,749963.0,-4.313307935976324,-0.8017533106802975,TIME_LIMIT,60589,0,0,22,0
2,12,750512.0,-4.313307935976324,-0.8017533106802975,TIME_LIMIT,60634,0,0,16,0
2,12,751095.0,-4.313307935976324,-0.8017533106802975,TIME_LIMIT,60671,0,0,30,0
2,12,751657.0,-4.313307935976324,-0.8017533106802975,TIME_LIMIT,60708,0,0,34,0
2,12,752226.0,-4.313307935976324,-0.8017533106802975,TIME_LIMIT,60748,0,0,42,0
2,12,752767.0,-4.313257836782225,-0.8017533106802975,TIME_LIMIT,60798,0,0,33,0
2,12,753320.0,-4.313257836782225,-0.8017533106802975,TIME_LIMIT,60829,0,0,36,0
2,12,753841.0,-4.3132132119420135,-0.8017533106802975,TIME_LIMIT,60874,0,0,28,0
2,12,754395.0,-4.3132132119420135,-0.8017533106802975,TIME_LIMIT,60904,0,0,45,0
2,12,754918.0,-4.312752121952075,-0.8017533106802975,TIME_LIMIT,60962,0,0,19,0
2,12,755477.0,-4.312752121952075,-0.8017533106802975,TIME_LIMIT,60993,0,0,36,0
2,12,756049.0,-4.312752121952075,-0.8017533106802975,TIME_LIMIT,61053,0,0,39,0
2,12,756584.0,-4.312752121952075,-0.8017533106802975,TIME_LIMIT,61089,0,0,43,0
2,12,757107.0,-4.312752121952075,-0.8017533106802975,TIME_LIMIT,61146,0,0,36,0
2,12,757725.0,-4.312752121952075,-0.8017533106802975,TIME_LIMIT,61175,0,0,24,0
2,12,758276.0,-4.312752121952075,-0.8017533106802975,TIME_LIMIT,61237,0,0,39,0
2,12,758826.0,-4.312752121952075,-0.8017533106802975,TIME_LIMIT,61269,0,0,32,0
2,12,759398.0,-4.312752121952075,-0.8017533106802975,TIME_LIMIT,61322,0,0,23,0
2,12,759963.0,-4.312752121952075,-0.8017533106802975,TIME_LIMIT,61364,0,0,40,0
2,12,760517.0,-4.312752121952075,-0.8017533106802975,TIME_LIMIT,61406,0,0,43,0
2,12,761039.0,-4.312752121952075,-0.8017533106802975,TIME_LIMIT,61440,0,0,43,0
2,12,761570.0,-4.312752121952075,-0.8017533106802975,TIME_LIMIT,61492,0,0,31,0
2,12,762019.0,-4.312752121952075,-0.8017533106802975,TIME_LIMIT,61532,0,0,47,0
2,12,762553.0,-4.312752121952075,-0.8017533106802975,TIME_LIMIT,61587,0,0,23,0
2,12,763096.0,-4.312752121952075,-0.8017533106802975,TIME_LIMIT,61611,0,0,39,0
2,12,763648.0,-4.312752121952075,-0.8017533106802975,TIME_LIMIT,61666,0,0,33,0
2,12,764179.0,-4.312752121952075,-0.8017533106802975,TIME_LIMIT,61702,0,0,43,0
2,12,764710.0,-4.312752121952075,-0.8017533106802975,TIME_LIMIT,61751,0,0,32,0
2,12,765250.0,-4.312752121952075,-0.8017533106802975,TIME_LIMIT,61780,0,0,37,0
2,12,765780.0,-4.312752121952075,-0.8017533106802975,TIME_LIMIT,61824,0,0,26,0
2,12,766299.0,-4.312752121952075,-0.8017533106802975,TIME_LIMIT,61866,0,0,35,0
2,12,766851.0,-4.312752121952075,-0.8017533106802975,TIME_LIMIT,61906,0,0,37,0
2,12,767410.0,-4.312752121952075,-0.8017533106802975,TIME_LIMIT,61939,0,0,40,0
2,12,767931.0,-4.312752121952075,-0.8017533106802975,TIME_LIMIT,61993,0,0,16,0
2,12,768490.0,-4.312752121952075,-0.8017533106802975,TIME_LIMIT,62024,0,0,41,0
2,12,769052.0,-4.312752121952075,-0.8017533106802975,TIME_LIMIT,62075,0,0,36,0
2,12,769588.0,-4.312752121952075,-0.8017533106802975,TIME_LIMIT,62102,0,0,23,0
2,12,770174.0,-4.312752121952075,-0.8017533106802975,TIME_LIMIT,62149,0,0,28,0
2,12,770743.0,-4.312752121952075,-0.8017533106802975,TIME_LIMIT,62188,0,0,38,0
2,12,771309.0,-4.312752121952075,-0.8017533106802975,TIME_LIMIT,62224,0,0,34,0
2,12,771838.0,-4.312752121952075,-0.8017533106802975,TIME_LIMIT,62260,0,0,24,0
2,12,772361.0,-4.312752121952075,-0.8017533106802975,TIME_LIMIT,62313,0,0,30,0
2,12,772893.0,-4.312752121952075,-0.8017533106802975,TIME_LIMIT,62357,0,0,36,0
2,12,773415.0,-4.312752121952075,-0.8017533106802975,TIME_LIMIT,62394,0,0,41,0
2,12,773948.0,-4.312752121952075,-0.8017533106802975,TIME_LIMIT,62429,0,0,34,0
2,12,774493.0,-4.3123309999480774,-0.8017533106802975,TIME_LIMIT,62480,0,0,18,0
2,12,775066.0,-4.3123309999480774,-0.8017533106802975,TIME_LIMIT,62510,0,0,47,0
2,12,775588.0,-4.31184752793374,-0.8017533106802975,TIME_LIMIT,62563,0,0,27,0
2,12,776170.0,-4.31184752793374,-0.8017533106802975,TIME_LIMIT,62596,0,0,37,0
2,12,776733.0,-4.31184752793374,-0.8017533106802975,TIME_LIMIT,62653,0,0,31,0
2,12,777261.0,-4.31184752793374,-0.8017533106802975,TIME_LIMIT,62685,0,0,43,0
2,12,777805.0,-4.31184752793374,-0.8017533106802975,TIME_LIMIT,62740,0,0,31,0
2,12,778336.0,-4.31184752793374,-0.8017533106802975,TIME_LIMIT,62770,0,0,50,0
2,12,778879.0,-4.31134717090832,-0.8017533106802975,TIME_LIMIT,62820,0,0,29,0
2,12,779411.0,-4.31134717090832,-0.8017533106802975,TIME_LIMIT,62862,0,0,37,0
2,12,779930.0,-4.311075488072065,-0.8017533106802975,TIME_LIMIT,62899,0,0,36,0
2,12,780508.0,-4.311075488072065,-0.8017533106802975,TIME_LIMIT,62935,0,0,39,0
2,12,781053.0,-4.311075488072065,-0.8017533106802975,TIME_LIMIT,62982,0,0,30,0
2,12,781581.0,-4.311075488072065,-0.8017533106802975,TIME_LIMIT,63012,0,0,37,0
2,12,782156.0,-4.310932692619891,-0.8017533106802975,TIME_LIMIT,63070,0,0,33,0
2,12,782750.0,-4.310932692619891,-0.8017533106802975,TIME_LIMIT,63102,0,0,32,0
2,12,783295.0,-4.310932692619891,-0.8017533106802975,TIME_LIMIT,63153,0,0,28,0
2,12,783847.0,-4.310932692619891,-0.8017533106802975,TIME_LIMIT,63190,0,0,39,0
2,12,784368.0,-4.310932692619891,-0.8017533106802975,TIME_LIMIT,63239,0,0,33,0
2,12,784942.0,-4.310932692619891,-0.8017533106802975,TIME_LIMIT,63275,0,0,46,0
2,12,785472.0,-4.3102960366287775,-0.8017533106802975,TIME_LIMIT,63329,0,0,17,0
2,12,786034.0,-4.3102960366287775,-0.8017533106802975,TIME_LIMIT,63363,0,0,36,0
2,12,786589.0,-4.3102960366287775,-0.8017533106802975,TIME_LIMIT,63416,0,0,32,0
2,12,787119.0,-4.3102960366287775,-0.8017533106802975,TIME_LIMIT,63448,0,0,34,0
2,12,787676.0,-4.3102960366287775,-0.8017533106802975,TIME_LIMIT,63495,0,0,31,0
2,12,788226.0,-4.3102960366287775,-0.8017533106802975,TIME_LIMIT,63524,0,0,23,0
2,12,788786.0,-4.310269184666412,-0.8017533106802975,TIME_LIMIT,63576,0,0,28,0
2,12,789313.0,-4.310269184666412,-0.8017533106802975,TIME_LIMIT,63612,0,0,39,0
2,12,789872.0,-4.310003545321781,-0.8017533106802975,TIME_LIMIT,63664,0,0,33,0
2,12,790443.0,-4.310003545321781,-0.8017533106802975,TIME_LIMIT,63696,0,0,37,0
2,12,791005.0,-4.310003545321781,-0.8017533106802975,TIME_LIMIT,63744,0,0,31,0
2,12,791580.0,-4.310003545321781,-0.8017533106802975,TIME_LIMIT,63778,0,0,22,0
2,12,792155.0,-4.309722255907224,-0.8017533106802975,TIME_LIMIT,63822,0,0,27,0
2,12,792730.0,-4.309722255907224,-0.8017533106802975,TIME_LIMIT,63854,0,0,50,0
2,12,793340.0,-4.309722255907224,-0.8017533106802975,TIME_LIMIT,63910,0,0,23,0
2,12,793910.0,-4.309722255907224,-0.8017533106802975,TIME_LIMIT,63957,0,0,44,0
2,12,794469.0,-4.309722255907224,-0.8017533106802975,TIME_LIMIT,63998,0,0,37,0
2,12,795023.0,-4.309722255907224,-0.8017533106802975,TIME_LIMIT,64040,0,0,56,0
2,12,795605.0,-4.309722255907224,-0.8017533106802975,TIME_LIMIT,64093,0,0,33,0
2,12,796181.0,-4.309722255907224,-0.8017533106802975,TIME_LIMIT,64132,0,0,44,0
2,12,796761.0,-4.309015890786151,-0.8017533106802975,TIME_LIMIT,64176,0,0,17,0
2,12,797312.0,-4.309015890786151,-0.8017533106802975,TIME_LIMIT,64205,0,0,32,0
2,12,797857.0,-4.307796069088293,-0.8017533106802975,TIME_LIMIT,64256,0,0,34,0
2,12,798416.0,-4.307796069088293,-0.8017533106802975,TIME_LIMIT,64292,0,0,39,0
2,12,798945.0,-4.307245375943402,-0.8017533106802975,TIME_LIMIT,64349,0,0,35,0
2,12,799483.0,-4.307245375943402,-0.8017533106802975,TIME_LIMIT,64380,0,0,42,0
2,12,800094.0,-4.307245375943402,-0.8017533106802975,TIME_LIMIT,64444,0,0,35,0
2,12,800647.0,-4.307245375943402,-0.8017533106802975,TIME_LIMIT,64470,0,0,37,0
2,12,801214.0,-4.306766285394492,-0.8017533106802975,TIME_LIMIT,64519,0,0,30,0
2,12,801816.0,-4.306766285394492,-0.8017533106802975,TIME_LIMIT,64553,0,0,38,0
2,12,802373.0,-4.306191744409403,-0.8017533106802975,TIME_LIMIT,64600,0,0,30,0
2,12,802917.0,-4.306191744409403,-0.8017533106802975,TIME_LIMIT,64640,0,0,25,0
2,12,803447.0,-4.306091827572158,-0.8017533106802975,TIME_LIMIT,64675,0,0,33,0
2,12,803981.0,-4.306091827572158,-0.8017533106802975,TIME_LIMIT,64718,0,0,18,0
2,12,804537.0,-4.304526090291056,-0.8017533106802975,TIME_LIMIT,64767,0,0,27,0
2,12,805098.0,-4.304526090291056,-0.8017533106802975,TIME_LIMIT,64801,0,0,41,0
2,12,805628.0,-4.304012498711881,-0.8017533106802975,TIME_LIMIT,64853,0,0,34,0
2,12,806168.0,-4.304012498711881,-0.8017533106802975,TIME_LIMIT,64883,0,0,23,0
2,12,806698.0,-4.304012498711881,-0.8017533106802975,TIME_LIMIT,64937,0,0,32,0
2,12,807261.0,-4.304012498711881,-0.8017533106802975,TIME_LIMIT,64967,0,0,40,0
2,12,807791.0,-4.302396098004619,-0.8017533106802975,TIME_LIMIT,65021,0,0,31,0
2,12,808178.0,-4.302396098004619,-0.8017533106802975,TIME_LIMIT,65052,0,0,33,0
2,12,808731.0,-4.300164806211602,-0.8017533106802975,TIME_LIMIT,65105,0,0,32,0
2,12,809291.0,-4.300164806211602,-0.8017533106802975,TIME_LIMIT,65140,0,0,29,0
2,12,809839.0,-4.300060833961269,-0.8017533106802975,TIME_LIMIT,65191,0,0,25,0
2,12,810421.0,-4.300060833961269,-0.8017533106802975,TIME_LIMIT,65224,0,0,37,0
2,12,810967.0,-4.300060833961269,-0.8017533106802975,TIME_LIMIT,65279,0,0,35,0
2,12,811529.0,-4.300060833961269,-0.8017533106802975,TIME_LIMIT,65305,0,0,39,0
2,12,812082.0,-4.299189307198575,-0.8017533106802975,TIME_LIMIT,65357,0,0,31,0
2,12,812605.0,-4.299189307198575,-0.8017533106802975,TIME_LIMIT,65402,0,0,43,0
2,12,813137.0,-4.299189307198575,-0.8017533106802975,TIME_LIMIT,65435,0,0,33,0
2,12,813658.0,-4.299189307198575,-0.8017533106802975,TIME_LIMIT,65470,0,0,45,0
2,12,814191.0,-4.299189307198575,-0.8017533106802975,TIME_LIMIT,65517,0,0,30,0
2,12,814766.0,-4.299189307198575,-0.8017533106802975,TIME_LIMIT,65547,0,0,32,0
2,12,815330.0,-4.299189307198575,-0.8017533106802975,TIME_LIMIT,65602,0,0,27,0
2,12,815920.0,-4.299189307198575,-0.8017533106802975,TIME_LIMIT,65641,0,0,31,0
2,12,816449.0,-4.299189307198575,-0.8017533106802975,TIME_LIMIT,65689,0,0,30,0
2,12,816970.0,-4.299189307198575,-0.8017533106802975,TIME_LIMIT,65723,0,0,22,0
2,12,817537.0,-4.298900244641308,-0.8017533106802975,TIME_LIMIT,65774,0,0,10,0
2,12,818070.0,-4.298900244641308,-0.8017533106802975,TIME_LIMIT,65816,0,0,45,0
2,12,818485.0,-4.298900244641308,-0.8017533106802975,TIME_LIMIT,65853,0,0,39,0
2,12,818837.0,-4.298900244641308,-0.8017533106802975,TIME_LIMIT,65887,0,0,33,0
2,12,819359.0,-4.298900244641308,-0.8017533106802975,TIME_LIMIT,65934,0,0,31,0
2,12,819918.0,-4.298900244641308,-0.8017533106802975,TIME_LIMIT,65972,0,0,30,0
2,12,820404.0,-4.298900244641308,-0.8017533106802975,TIME_LIMIT,66021,0,0,40,0
2,12,820962.0,-4.298900244641308,-0.8017533106802975,TIME_LIMIT,66058,0,0,39,0
2,12,821484.0,-4.298900244641308,-0.8017533106802975,TIME_LIMIT,66111,0,0,32,0
2,12,822059.0,-4.298900244641308,-0.8017533106802975,TIME_LIMIT,66142,0,0,21,0
2,12,822626.0,-4.297370067940685,-0.8017533106802975,TIME_LIMIT,66198,0,0,33,0
2,12,823201.0,-4.297370067940685,-0.8017533106802975,TIME_LIMIT,66228,0,0,43,0
2,12,823767.0,-4.2972344849958155,-0.8017533106802975,TIME_LIMIT,66284,0,0,36,0
2,12,824290.0,-4.2972344849958155,-0.8017533106802975,TIME_LIMIT,66315,0,0,39,0
2,12,824821.0,-4.297225214664275,-0.8017533106802975,TIME_LIMIT,66365,0,0,33,0
2,12,825385.0,-4.297225214664275,-0.8017533106802975,TIME_LIMIT,66396,0,0,27,0
2,12,825922.0,-4.297225214664275,-0.8017533106802975,TIME_LIMIT,66456,0,0,32,0
2,12,826492.0,-4.297225214664275,-0.8017533106802975,TIME_LIMIT,66493,0,0,23,0
2,12,827032.0,-4.297189771798243,-0.8017533106802975,TIME_LIMIT,66547,0,0,14,0
2,12,827593.0,-4.297189771798243,-0.8017533106802975,TIME_LIMIT,66572,0,0,39,0
2,12,828174.0,-4.297189771798243,-0.8017533106802975,TIME_LIMIT,66620,0,0,28,0
2,12,828696.0,-4.297189771798243,-0.8017533106802975,TIME_LIMIT,66647,0,0,31,0
2,12,829275.0,-4.296911360076875,-0.8017533106802975,TIME_LIMIT,66698,0,0,26,0
2,12,829716.0,-4.296911360076875,-0.8017533106802975,TIME_LIMIT,66739,0,0,29,0
2,12,830250.0,-4.296911360076875,-0.8017533106802975,TIME_LIMIT,66784,0,0,12,0
2,12,830774.0,-4.296911360076875,-0.8017533106802975,TIME_LIMIT,66825,0,0,36,0
2,12,831328.0,-4.2966654144560845,-0.8017533106802975,TIME_LIMIT,66858,0,0,31,0
2,12,831872.0,-4.2966654144560845,-0.8017533106802975,TIME_LIMIT,66897,0,0,43,0
2,12,832416.0,-4.295551617090809,-0.8017533106802975,TIME_LIMIT,66945,0,0,30,0
2,12,832969.0,-4.295551617090809,-0.8017533106802975,TIME_LIMIT,66986,0,0,44,0
2,12,833526.0,-4.294767699709207,-0.8017533106802975,TIME_LIMIT,67035,0,0,28,0
2,12,834116.0,-4.294767699709207,-0.8017533106802975,TIME_LIMIT,67066,0,0,41,0
2,12,834661.0,-4.294284425042835,-0.8017533106802975,TIME_LIMIT,67116,0,0,22,0
2,12,835221.0,-4.294284425042835,-0.8017533106802975,TIME_LIMIT,67147,0,0,34,0
2,12,835784.0,-4.293774205438439,-0.8017533106802975,TIME_LIMIT,67201,0,0,28,0
2,12,836370.0,-4.293774205438439,-0.8017533106802975,TIME_LIMIT,67232,0,0,35,0
2,12,836902.0,-4.293104463432343,-0.8017533106802975,TIME_LIMIT,67284,0,0,21,0
2,12,837423.0,-4.293104463432343,-0.8017533106802975,TIME_LIMIT,67314,0,0,45,0
2,12,837996.0,-4.292807834886888,-0.8017533106802975,TIME_LIMIT,67375,0,0,33,0
2,12,838517.0,-4.292807834886888,-0.8017533106802975,TIME_LIMIT,67409,0,0,19,0
2,12,839061.0,-4.292235117522942,-0.8017533106802975,TIME_LIMIT,67448,0,0,35,0
2,12,839596.0,-4.292235117522942,-0.8017533106802975,TIME_LIMIT,67478,0,0,24,0
2,12,840172.0,-4.292235117522942,-0.8017533106802975,TIME_LIMIT,67532,0,0,29,0
2,12,840719.0,-4.292235117522942,-0.8017533106802975,TIME_LIMIT,67569,0,0,43,0
2,12,841241.0,-4.292235117522942,-0.8017533106802975,TIME_LIMIT,67613,0,0,33,0
2,12,841828.0,-4.292235117522942,-0.8017533106802975,TIME_LIMIT,67642,0,0,30,0
2,12,842358.0,-4.292235117522942,-0.8017533106802975,TIME_LIMIT,67701,0,0,32,0
2,12,842900.0,-4.292235117522942,-0.8017533106802975,TIME_LIMIT,67735,0,0,40,0
2,12,843454.0,-4.289145889349661,-0.8017533106802975,TIME_LIMIT,67792,0,0,32,0
2,12,844034.0,-4.289145889349661,-0.8017533106802975,TIME_LIMIT,67827,0,0,48,0
2,12,844669.0,-4.289145889349661,-0.8017533106802975,TIME_LIMIT,67877,0,0,28,0
2,12,845219.0,-4.289145889349661,-0.8017533106802975,TIME_LIMIT,67910,0,0,56,0
2,12,845765.0,-4.289145889349661,-0.8017533106802975,TIME_LIMIT,67961,0,0,33,0
2,12,846326.0,-4.289145889349661,-0.8017533106802975,TIME_LIMIT,67989,0,0,39,0
2,12,846869.0,-4.289145889349661,-0.8017533106802975,TIME_LIMIT,68051,0,0,34,0
2,12,847411.0,-4.289145889349661,-0.8017533106802975,TIME_LIMIT,68085,0,0,22,0
2,12,847977.0,-4.289145889349661,-0.8017533106802975,TIME_LIMIT,68136,0,0,28,0
2,12,848501.0,-4.289145889349661,-0.8017533106802975,TIME_LIMIT,68166,0,0,34,0
2,12,849081.0,-4.287321847088987,-0.8017533106802975,TIME_LIMIT,68218,0,0,26,0
2,12,849637.0,-4.287321847088987,-0.8017533106802975,TIME_LIMIT,68252,0,0,39,0
2,12,850202.0,-4.287321847088987,-0.8017533106802975,TIME_LIMIT,68291,0,0,23,0
2,12,850782.0,-4.287321847088987,-0.8017533106802975,TIME_LIMIT,68335,0,0,40,0
2,12,851311.0,-4.287321847088987,-0.8017533106802975,TIME_LIMIT,68376,0,0,37,0
2,12,851852.0,-4.287321847088987,-0.8017533106802975,TIME_LIMIT,68401,0,0,37,0
2,12,852414.0,-4.287321847088987,-0.8017533106802975,TIME_LIMIT,68447,0,0,27,0
2,12,852992.0,-4.287321847088987,-0.8017533106802975,TIME_LIMIT,68471,0,0,38,0
2,12,853570.0,-4.287321847088987,-0.8017533106802975,TIME_LIMIT,68519,0,0,24,0
2,12,854098.0,-4.287321847088987,-0.8017533106802975,TIME_LIMIT,68552,0,0,40,0
2,12,854658.0,-4.2864260008103985,-0.8017533106802975,TIME_LIMIT,68595,0,0,27,0
2,12,855250.0,-4.2864260008103985,-0.8017533106802975,TIME_LIMIT,68633,0,0,41,0
2,12,855785.0,-4.285855933567713,-0.8017533106802975,TIME_LIMIT,68684,0,0,33,0
2,12,856312.0,-4.285855933567713,-0.8017533106802975,TIME_LIMIT,68714,0,0,37,0
2,12,856863.0,-4.285818860852661,-0.8017533106802975,TIME_LIMIT,68765,0,0,33,0
2,12,857407.0,-4.285818860852661,-0.8017533106802975,TIME_LIMIT,68807,0,0,38,0
2,12,857941.0,-4.2855558864159455,-0.8017533106802975,TIME_LIMIT,68852,0,0,42,0
2,12,858491.0,-4.2855558864159455,-0.8017533106802975,TIME_LIMIT,68896,0,0,31,0
2,12,859047.0,-4.285319754022766,-0.8017533106802975,TIME_LIMIT,68935,0,0,37,0
2,12,859628.0,-4.285319754022766,-0.8017533106802975,TIME_LIMIT,68966,0,0,45,0
2,12,860194.0,-4.2851459846860624,-0.8017533106802975,TIME_LIMIT,69026,0,0,33,0
2,12,860728.0,-4.2851459846860624,-0.8017533106802975,TIME_LIMIT,69056,0,0,40,0
2,12,861280.0,-4.285070723030796,-0.8017533106802975,TIME_LIMIT,69108,0,0,29,0
2,12,861844.0,-4.285070723030796,-0.8017533106802975,TIME_LIMIT,69140,0,0,33,0
2,12,862422.0,-4.28432539369059,-0.8017533106802975,TIME_LIMIT,69194,0,0,28,0
2,12,862986.0,-4.28432539369059,-0.8017533106802975,TIME_LIMIT,69231,0,0,34,0
2,12,863516.0,-4.28432539369059,-0.8017533106802975,TIME_LIMIT,69286,0,0,30,0
2,12,864068.0,-4.28432539369059,-0.8017533106802975,TIME_LIMIT,69319,0,0,44,0
2,12,864673.0,-4.28432539369059,-0.8017533106802975,TIME_LIMIT,69373,0,0,36,0
2,12,865203.0,-4.28432539369059,-0.8017533106802975,TIME_LIMIT,69411,0,0,30,0
2,12,865741.0,-4.284195446816721,-0.8017533106802975,TIME_LIMIT,69470,0,0,34,0
2,12,866272.0,-4.284195446816721,-0.8017533106802975,TIME_LIMIT,69509,0,0,53,0
2,12,866826.0,-4.284157491292076,-0.8017533106802975,TIME_LIMIT,69560,0,0,33,0
2,12,867432.0,-4.284157491292076,-0.8017533106802975,TIME_LIMIT,69603,0,0,32,0
2,12,867966.0,-4.284125848289029,-0.8017533106802975,TIME_LIMIT,69647,0,0,39,0
2,12,868534.0,-4.284125848289029,-0.8017533106802975,TIME_LIMIT,69683,0,0,37,0
2,12,869093.0,-4.282894352671735,-0.8017533106802975,TIME_LIMIT,69730,0,0,29,0
2,12,869673.0,-4.282894352671735,-0.8017533106802975,TIME_LIMIT,69761,0,0,45,0
2,12,870194.0,-4.282315352418407,-0.8017533106802975,TIME_LIMIT,69816,0,0,39,0
2,12,870775.0,-4.282315352418407,-0.8017533106802975,TIME_LIMIT,69847,0,0,37,0
2,12,871364.0,-4.281509822766363,-0.8017533106802975,TIME_LIMIT,69896,0,0,32,0
2,12,871896.0,-4.281509822766363,-0.8017533106802975,TIME_LIMIT,69925,0,0,25,0
2,12,872441.0,-4.281509822766363,-0.8017533106802975,TIME_LIMIT,69982,0,0,30,0
2,12,872963.0,-4.281509822766363,-0.8017533106802975,TIME_LIMIT,70021,0,0,35,0
2,12,873517.0,-4.28137359638167,-0.8017533106802975,TIME_LIMIT,70068,0,0,42,0
2,12,874061.0,-4.28137359638167,-0.8017533106802975,TIME_LIMIT,70095,0,0,37,0
2,12,874604.0,-4.28137359638167,-0.8017533106802975,TIME_LIMIT,70151,0,0,35,0
2,12,875133.0,-4.28137359638167,-0.8017533106802975,TIME_LIMIT,70182,0,0,40,0
2,12,875654.0,-4.28137359638167,-0.8017533106802975,TIME_LIMIT,70236,0,0,29,0
2,12,876173.0,-4.28137359638167,-0.8017533106802975,TIME_LIMIT,70271,0,0,40,0
2,12,876753.0,-4.28137359638167,-0.8017533106802975,TIME_LIMIT,70322,0,0,32,0
2,12,877341.0,-4.28137359638167,-0.8017533106802975,TIME_LIMIT,70351,0,0,42,0
2,12,877965.0,-4.28137359638167,-0.8017533106802975,TIME_LIMIT,70405,0,0,19,0
2,12,878486.0,-4.28137359638167,-0.8017533106802975,TIME_LIMIT,70436,0,0,33,0
2,12,879006.0,-4.28137359638167,-0.8017533106802975,TIME_LIMIT,70488,0,0,30,0
2,12,879536.0,-4.28137359638167,-0.8017533106802975,TIME_LIMIT,70520,0,0,21,0
2,12,880098.0,-4.281133025293632,-0.8017533106802975,TIME_LIMIT,70559,0,0,37,0
2,12,880619.0,-4.281133025293632,-0.8017533106802975,TIME_LIMIT,70588,0,0,39,0
2,12,881177.0,-4.280887049553937,-0.8017533106802975,TIME_LIMIT,70638,0,0,32,0
2,12,881716.0,-4.280887049553937,-0.8017533106802975,TIME_LIMIT,70674,0,0,38,0
2,12,882234.0,-4.28059566924275,-0.8017533106802975,TIME_LIMIT,70721,0,0,26,0
2,12,882770.0,-4.28059566924275,-0.8017533106802975,TIME_LIMIT,70754,0,0,36,0
2,12,883325.0,-4.280022633347984,-0.8017533106802975,TIME_LIMIT,70805,0,0,33,0
2,12,883768.0,-4.280022633347984,-0.8017533106802975,TIME_LIMIT,70843,0,0,46,0
2,12,884291.0,-4.280022633347984,-0.8017533106802975,TIME_LIMIT,70897,0,0,35,0
2,12,884845.0,-4.280022633347984,-0.8017533106802975,TIME_LIMIT,70926,0,0,36,0
2,12,885396.0,-4.280022633347984,-0.8017533106802975,TIME_LIMIT,70979,0,0,31,0
2,12,885920.0,-4.280022633347984,-0.8017533106802975,TIME_LIMIT,71021,0,0,46,0
2,12,886477.0,-4.280022633347984,-0.8017533106802975,TIME_LIMIT,71078,0,0,40,0
2,12,887026.0,-4.280022633347984,-0.8017533106802975,TIME_LIMIT,71108,0,0,47,0
2,12,887548.0,-4.280022633347984,-0.8017533106802975,TIME_LIMIT,71164,0,0,16,0
2,12,888107.0,-4.280022633347984,-0.8017533106802975,TIME_LIMIT,71197,0,0,28,0
2,12,888680.0,-4.277479192735029,-0.8017533106802975,TIME_LIMIT,71246,0,0,30,0
2,12,889278.0,-4.277479192735029,-0.8017533106802975,TIME_LIMIT,71276,0,0,42,0
2,12,889812.0,-4.276825770281604,-0.8017533106802975,TIME_LIMIT,71334,0,0,35,0
2,12,890363.0,-4.276825770281604,-0.8017533106802975,TIME_LIMIT,71381,0,0,22,0
2,12,890889.0,-4.276825770281604,-0.8017533106802975,TIME_LIMIT,71425,0,0,40,0
2,12,891422.0,-4.276825770281604,-0.8017533106802975,TIME_LIMIT,71463,0,0,36,0
2,12,891948.0,-4.276825770281604,-0.8017533106802975,TIME_LIMIT,71500,0,0,36,0
2,12,892499.0,-4.276825770281604,-0.8017533106802975,TIME_LIMIT,71532,0,0,43,0
2,12,893051.0,-4.276287038378113,-0.8017533106802975,TIME_LIMIT,71585,0,0,30,0
2,12,893584.0,-4.276287038378113,-0.8017533106802975,TIME_LIMIT,71614,0,0,30,0
2,12,894126.0,-4.276287038378113,-0.8017533106802975,TIME_LIMIT,71669,0,0,30,0
2,12,894691.0,-4.276287038378113,-0.8017533106802975,TIME_LIMIT,71706,0,0,41,0
2,12,895240.0,-4.276287038378113,-0.8017533106802975,TIME_LIMIT,71767,0,0,35,0
2,12,895786.0,-4.276287038378113,-0.8017533106802975,TIME_LIMIT,71799,0,0,41,0
2,12,896319.0,-4.2749202188955575,-0.8017533106802975,TIME_LIMIT,71851,0,0,21,0
2,12,896843.0,-4.2749202188955575,-0.8017533106802975,TIME_LIMIT,71887,0,0,27,0
2,12,897389.0,-4.2749202188955575,-0.8017533106802975,TIME_LIMIT,71940,0,0,27,0
2,12,897947.0,-4.2749202188955575,-0.8017533106802975,TIME_LIMIT,71973,0,0,37,0
2,12,898474.0,-4.2749202188955575,-0.8017533106802975,TIME_LIMIT,72024,0,0,33,0
2,12,899079.0,-4.2749202188955575,-0.8017533106802975,TIME_LIMIT,72055,0,0,35,0
2,12,899609.0,-4.274763119678308,-0.8017533106802975,TIME_LIMIT,72104,0,0,29,0
2,12,900156.0,-4.274763119678308,-0.8017533106802975,TIME_LIMIT,72130,0,0,51,0
2,12,900728.0,-4.274763119678308,-0.8017533106802975,TIME_LIMIT,72178,0,0,27,0
2,12,901285.0,-4.274763119678308,-0.8017533106802975,TIME_LIMIT,72204,0,0,51,0
2,12,901812.0,-4.274365493269771,-0.8017533106802975,TIME_LIMIT,72257,0,0,19,0
2,12,902271.0,-4.274365493269771,-0.8017533106802975,TIME_LIMIT,72294,0,0,32,0
2,12,902808.0,-4.274365493269771,-0.8017533106802975,TIME_LIMIT,72339,0,0,15,0
2,12,903360.0,-4.274365493269771,-0.8017533106802975,TIME_LIMIT,72374,0,0,37,0
2,12,903956.0,-4.274091523191486,-0.8017533106802975,TIME_LIMIT,72409,0,0,34,0
2,12,904517.0,-4.274091523191486,-0.8017533106802975,TIME_LIMIT,72442,0,0,35,0
2,12,905093.0,-4.273753271667199,-0.8017533106802975,TIME_LIMIT,72498,0,0,32,0
2,12,905670.0,-4.273753271667199,-0.8017533106802975,TIME_LIMIT,72532,0,0,45,0
2,12,906206.0,-4.272693905640503,-0.8017533106802975,TIME_LIMIT,72584,0,0,32,0
2,12,906735.0,-4.272693905640503,-0.8017533106802975,TIME_LIMIT,72616,0,0,32,0
2,12,907265.0,-4.271568864361216,-0.8017533106802975,TIME_LIMIT,72667,0,0,33,0
2,12,907833.0,-4.271568864361216,-0.8017533106802975,TIME_LIMIT,72698,0,0,13,0
2,12,908391.0,-4.271318626589296,-0.8017533106802975,TIME_LIMIT,72747,0,0,32,0
2,12,908976.0,-4.271318626589296,-0.8017533106802975,TIME_LIMIT,72791,0,0,45,0
2,12,909482.0,-4.270162682899491,-0.8017533106802975,TIME_LIMIT,72833,0,0,30,0
2,12,910047.0,-4.270162682899491,-0.8017533106802975,TIME_LIMIT,72877,0,0,38,0
2,12,910581.0,-4.270162682899491,-0.8017533106802975,TIME_LIMIT,72918,0,0,25,0
2,12,911136.0,-4.270162682899491,-0.8017533106802975,TIME_LIMIT,72944,0,0,36,0
2,12,911666.0,-4.269975362853543,-0.8017533106802975,TIME_LIMIT,72995,0,0,30,0
2,12,912255.0,-4.269975362853543,-0.8017533106802975,TIME_LIMIT,73033,0,0,40,0
2,12,912834.0,-4.269828203117328,-0.8017533106802975,TIME_LIMIT,73078,0,0,31,0
2,12,913407.0,-4.269828203117328,-0.8017533106802975,TIME_LIMIT,73106,0,0,36,0
2,12,913943.0,-4.269828203117328,-0.8017533106802975,TIME_LIMIT,73155,0,0,29,0
2,12,914470.0,-4.269828203117328,-0.8017533106802975,TIME_LIMIT,73186,0,0,36,0
2,12,914995.0,-4.269828203117328,-0.8017533106802975,TIME_LIMIT,73236,0,0,32,0
2,12,915535.0,-4.269828203117328,-0.8017533106802975,TIME_LIMIT,73273,0,0,23,0
2,12,916070.0,-4.269828203117328,-0.8017533106802975,TIME_LIMIT,73320,0,0,30,0
2,12,916629.0,-4.269828203117328,-0.8017533106802975,TIME_LIMIT,73352,0,0,19,0
2,12,917200.0,-4.269529940359365,-0.8017533106802975,TIME_LIMIT,73400,0,0,30,0
2,12,917757.0,-4.269529940359365,-0.8017533106802975,TIME_LIMIT,73429,0,0,38,0
2,12,918292.0,-4.269500043709059,-0.8017533106802975,TIME_LIMIT,73479,0,0,24,0
2,12,918867.0,-4.269500043709059,-0.8017533106802975,TIME_LIMIT,73511,0,0,37,0
2,12,919430.0,-4.268839325755092,-0.8017533106802975,TIME_LIMIT,73566,0,0,35,0
2,12,919962.0,-4.268839325755092,-0.8017533106802975,TIME_LIMIT,73599,0,0,32,0
2,12,920491.0,-4.268839325755092,-0.8017533106802975,TIME_LIMIT,73651,0,0,28,0
2,12,921033.0,-4.268839325755092,-0.8017533106802975,TIME_LIMIT,73689,0,0,44,0
2,12,921566.0,-4.268839325755092,-0.8017533106802975,TIME_LIMIT,73740,0,0,17,0
2,12,922181.0,-4.268839325755092,-0.8017533106802975,TIME_LIMIT,73773,0,0,44,0
2,12,922721.0,-4.268839325755092,-0.8017533106802975,TIME_LIMIT,73829,0,0,26,0
2,12,923278.0,-4.268839325755092,-0.8017533106802975,TIME_LIMIT,73859,0,0,46,0
2,12,923860.0,-4.268839325755092,-0.8017533106802975,TIME_LIMIT,73914,0,0,31,0
2,12,924452.0,-4.268839325755092,-0.8017533106802975,TIME_LIMIT,73945,0,0,32,0
2,12,925036.0,-4.268839325755092,-0.8017533106802975,TIME_LIMIT,73991,0,0,20,0
2,12,925614.0,-4.268839325755092,-0.8017533106802975,TIME_LIMIT,74023,0,0,39,0
2,12,926144.0,-4.268033060191794,-0.8017533106802975,TIME_LIMIT,74077,0,0,23,0
2,12,926682.0,-4.268033060191794,-0.8017533106802975,TIME_LIMIT,74115,0,0,45,0
2,12,927252.0,-4.268033060191794,-0.8017533106802975,TIME_LIMIT,74168,0,0,16,0
2,12,927834.0,-4.268033060191794,-0.8017533106802975,TIME_LIMIT,74214,0,0,44,0
2,12,928414.0,-4.268033060191794,-0.8017533106802975,TIME_LIMIT,74251,0,0,33,0
2,12,928946.0,-4.268033060191794,-0.8017533106802975,TIME_LIMIT,74286,0,0,51,0
2,12,929466.0,-4.268033060191794,-0.8017533106802975,TIME_LIMIT,74335,0,0,33,0
2,12,930010.0,-4.268033060191794,-0.8017533106802975,TIME_LIMIT,74369,0,0,33,0
2,12,930616.0,-4.268033060191794,-0.8017533106802975,TIME_LIMIT,74421,0,0,32,0
2,12,931140.0,-4.268033060191794,-0.8017533106802975,TIME_LIMIT,74449,0,0,46,0
2,12,931678.0,-4.267749802546892,-0.8017533106802975,TIME_LIMIT,74501,0,0,32,0
2,12,932178.0,-4.267749802546892,-0.8017533106802975,TIME_LIMIT,74545,0,0,31,0
2,12,932723.0,-4.267628691136167,-0.8017533106802975,TIME_LIMIT,74586,0,0,31,0
2,12,933279.0,-4.267628691136167,-0.8017533106802975,TIME_LIMIT,74622,0,0,14,0
2,12,933824.0,-4.267307507827503,-0.8017533106802975,TIME_LIMIT,74674,0,0,35,0
2,12,934391.0,-4.267307507827503,-0.8017533106802975,TIME_LIMIT,74701,0,0,43,0
2,12,934921.0,-4.267003884399818,-0.8017533106802975,TIME_LIMIT,74756,0,0,28,0
2,12,935471.0,-4.267003884399818,-0.8017533106802975,TIME_LIMIT,74795,0,0,44,0
2,12,935994.0,-4.266711591485334,-0.8017533106802975,TIME_LIMIT,74846,0,0,30,0
2,12,936514.0,-4.266711591485334,-0.8017533106802975,TIME_LIMIT,74879,0,0,43,0
2,12,937067.0,-4.2657214705511315,-0.8017533106802975,TIME_LIMIT,74925,0,0,32,0
2,12,937615.0,-4.2657214705511315,-0.8017533106802975,TIME_LIMIT,74956,0,0,31,0
2,12,938169.0,-4.2657214705511315,-0.8017533106802975,TIME_LIMIT,75011,0,0,31,0
2,12,938687.0,-4.2657214705511315,-0.8017533106802975,TIME_LIMIT,75049,0,0,40,0
2,12,939247.0,-4.2657214705511315,-0.8017533106802975,TIME_LIMIT,75101,0,0,27,0
2,12,939837.0,-4.2657214705511315,-0.8017533106802975,TIME_LIMIT,75144,0,0,44,0
2,12,940381.0,-4.2657214705511315,-0.8017533106802975,TIME_LIMIT,75197,0,0,34,0
2,12,940905.0,-4.2657214705511315,-0.8017533106802975,TIME_LIMIT,75232,0,0,39,0
2,12,941453.0,-4.2657214705511315,-0.8017533106802975,TIME_LIMIT,75287,0,0,25,0
2,12,941951.0,-4.2657214705511315,-0.8017533106802975,TIME_LIMIT,75322,0,0,28,0
2,12,942475.0,-4.2654972478058255,-0.8017533106802975,TIME_LIMIT,75376,0,0,11,0
2,12,943007.0,-4.2654972478058255,-0.8017533106802975,TIME_LIMIT,75412,0,0,46,0
2,12,943555.0,-4.264999569329312,-0.8017533106802975,TIME_LIMIT,75468,0,0,19,0
2,12,944103.0,-4.264999569329312,-0.8017533106802975,TIME_LIMIT,75504,0,0,36,0
2,12,944641.0,-4.264999569329312,-0.8017533106802975,TIME_LIMIT,75557,0,0,24,0
2,12,945179.0,-4.264999569329312,-0.8017533106802975,TIME_LIMIT,75589,0,0,30,0
2,12,945701.0,-4.2642677670015905,-0.8017533106802975,TIME_LIMIT,75633,0,0,16,0
2,12,946255.0,-4.2642677670015905,-0.8017533106802975,TIME_LIMIT,75666,0,0,27,0
2,12,946815.0,-4.2642677670015905,-0.8017533106802975,TIME_LIMIT,75721,0,0,13,0
2,12,947346.0,-4.2642677670015905,-0.8017533106802975,TIME_LIMIT,75756,0,0,21,0
2,12,947868.0,-4.263910804029097,-0.8017533106802975,TIME_LIMIT,75792,0,0,36,0
2,12,948405.0,-4.263910804029097,-0.8017533106802975,TIME_LIMIT,75826,0,0,34,0
2,12,948965.0,-4.263603861663268,-0.8017533106802975,TIME_LIMIT,75878,0,0,31,0
2,12,949539.0,-4.263603861663268,-0.8017533106802975,TIME_LIMIT,75923,0,0,32,0
2,12,950086.0,-4.263603861663268,-0.8017533106802975,TIME_LIMIT,75957,0,0,27,0
2,12,950608.0,-4.263603861663268,-0.8017533106802975,TIME_LIMIT,75996,0,0,29,0
2,12,951224.0,-4.262945428527324,-0.8017533106802975,TIME_LIMIT,76045,0,0,33,0
2,12,951746.0,-4.262945428527324,-0.8017533106802975,TIME_LIMIT,76076,0,0,26,0
2,12,952280.0,-4.262619025102558,-0.8017533106802975,TIME_LIMIT,76129,0,0,22,0
2,12,952847.0,-4.262619025102558,-0.8017533106802975,TIME_LIMIT,76162,0,0,22,0
2,12,953432.0,-4.262619025102558,-0.8017533106802975,TIME_LIMIT,76213,0,0,35,0
2,12,953965.0,-4.262619025102558,-0.8017533106802975,TIME_LIMIT,76252,0,0,28,0
2,12,954497.0,-4.261573973710728,-0.8017533106802975,TIME_LIMIT,76291,0,0,36,0
2,12,955036.0,-4.261573973710728,-0.8017533106802975,TIME_LIMIT,76322,0,0,38,0
2,12,955569.0,-4.261573973710728,-0.8017533106802975,TIME_LIMIT,76376,0,0,22,0
2,12,956093.0,-4.261573973710728,-0.8017533106802975,TIME_LIMIT,76408,0,0,39,0
2,12,956615.0,-4.261573973710728,-0.8017533106802975,TIME_LIMIT,76456,0,0,28,0
2,12,957162.0,-4.261573973710728,-0.8017533106802975,TIME_LIMIT,76491,0,0,29,0
2,12,957743.0,-4.260880749525153,-0.8017533106802975,TIME_LIMIT,76532,0,0,27,0
2,12,958272.0,-4.260880749525153,-0.8017533106802975,TIME_LIMIT,76565,0,0,47,0
2,12,958847.0,-4.259766503603091,-0.8017533106802975,TIME_LIMIT,76618,0,0,34,0
2,12,959368.0,-4.259766503603091,-0.8017533106802975,TIME_LIMIT,76650,0,0,25,0
2,12,959929.0,-4.259493015188349,-0.8017533106802975,TIME_LIMIT,76705,0,0,25,0
2,12,960461.0,-4.259493015188349,-0.8017533106802975,TIME_LIMIT,76746,0,0,54,0
2,12,961036.0,-4.259176660615313,-0.8017533106802975,TIME_LIMIT,76798,0,0,27,0
2,12,961640.0,-4.259176660615313,-0.8017533106802975,TIME_LIMIT,76831,0,0,47,0
2,12,962215.0,-4.258263004636101,-0.8017533106802975,TIME_LIMIT,76885,0,0,29,0
2,12,962709.0,-4.258263004636101,-0.8017533106802975,TIME_LIMIT,76921,0,0,46,0
2,12,963245.0,-4.258250211664298,-0.8017533106802975,TIME_LIMIT,76968,0,0,17,0
2,12,963823.0,-4.258250211664298,-0.8017533106802975,TIME_LIMIT,77003,0,0,20,0
2,12,964375.0,-4.257924495862838,-0.8017533106802975,TIME_LIMIT,77052,0,0,17,0
2,12,964940.0,-4.257924495862838,-0.8017533106802975,TIME_LIMIT,77084,0,0,43,0
2,12,965500.0,-4.257114640715903,-0.8017533106802975,TIME_LIMIT,77139,0,0,35,0
2,12,966081.0,-4.257114640715903,-0.8017533106802975,TIME_LIMIT,77171,0,0,40,0
2,12,966652.0,-4.257114640715903,-0.8017533106802975,TIME_LIMIT,77226,0,0,29,0
2,12,967193.0,-4.257114640715903,-0.8017533106802975,TIME_LIMIT,77257,0,0,23,0
2,12,967746.0,-4.256832281764163,-0.8017533106802975,TIME_LIMIT,77306,0,0,29,0
2,12,968327.0,-4.256832281764163,-0.8017533106802975,TIME_LIMIT,77338,0,0,39,0
2,12,968802.0,-4.256832281764163,-0.8017533106802975,TIME_LIMIT,77387,0,0,32,0
2,12,969212.0,-4.256832281764163,-0.8017533106802975,TIME_LIMIT,77421,0,0,46,0
2,12,969763.0,-4.256832281764163,-0.8017533106802975,TIME_LIMIT,77469,0,0,25,0
2,12,970201.0,-4.256832281764163,-0.8017533106802975,TIME_LIMIT,77500,0,0,36,0
2,12,970695.0,-4.25645999140393,-0.8017533106802975,TIME_LIMIT,77557,0,0,33,0
2,12,971144.0,-4.25645999140393,-0.8017533106802975,TIME_LIMIT,77585,0,0,43,0
2,12,971705.0,-4.25645999140393,-0.8017533106802975,TIME_LIMIT,77638,0,0,34,0
2,12,972263.0,-4.25645999140393,-0.8017533106802975,TIME_LIMIT,77664,0,0,18,0
2,12,972817.0,-4.25645999140393,-0.8017533106802975,TIME_LIMIT,77719,0,0,29,0
2,12,973349.0,-4.25645999140393,-0.8017533106802975,TIME_LIMIT,77759,0,0,29,0
2,12,973950.0,-4.255602788290669,-0.8017533106802975,TIME_LIMIT,77793,0,0,31,0
2,12,974505.0,-4.255602788290669,-0.8017533106802975,TIME_LIMIT,77827,0,0,43,0
2,12,975064.0,-4.255602788290669,-0.8017533106802975,TIME_LIMIT,77881,0,0,37,0
2,12,975626.0,-4.255602788290669,-0.8017533106802975,TIME_LIMIT,77912,0,0,41,0
2,12,976184.0,-4.255602788290669,-0.8017533106802975,TIME_LIMIT,77960,0,0,31,0
2,12,976749.0,-4.255602788290669,-0.8017533106802975,TIME_LIMIT,77995,0,0,43,0
2,12,977308.0,-4.255602788290669,-0.8017533106802975,TIME_LIMIT,78042,0,0,28,0
2,12,977893.0,-4.255602788290669,-0.8017533106802975,TIME_LIMIT,78073,0,0,40,0
2,12,978475.0,-4.255602788290669,-0.8017533106802975,TIME_LIMIT,78126,0,0,38,0
2,12,979018.0,-4.255602788290669,-0.8017533106802975,TIME_LIMIT,78164,0,0,36,0
2,12,979550.0,-4.255602788290669,-0.8017533106802975,TIME_LIMIT,78216,0,0,33,0
2,12,980077.0,-4.255602788290669,-0.8017533106802975,TIME_LIMIT,78252,0,0,52,0
2,12,980605.0,-4.255602788290669,-0.8017533106802975,TIME_LIMIT,78298,0,0,18,0
2,12,981136.0,-4.255602788290669,-0.8017533106802975,TIME_LIMIT,78326,0,0,38,0
2,12,981700.0,-4.255602788290669,-0.8017533106802975,TIME_LIMIT,78376,0,0,26,0
2,12,982281.0,-4.255602788290669,-0.8017533106802975,TIME_LIMIT,78407,0,0,28,0
2,12,982868.0,-4.255602788290669,-0.8017533106802975,TIME_LIMIT,78457,0,0,31,0
2,12,983443.0,-4.255602788290669,-0.8017533106802975,TIME_LIMIT,78487,0,0,41,0
2,12,984008.0,-4.255602788290669,-0.8017533106802975,TIME_LIMIT,78544,0,0,34,0
2,12,984560.0,-4.255602788290669,-0.8017533106802975,TIME_LIMIT,78575,0,0,40,0
2,12,985138.0,-4.255144942532228,-0.8017533106802975,TIME_LIMIT,78622,0,0,27,0
2,12,985716.0,-4.255144942532228,-0.8017533106802975,TIME_LIMIT,78663,0,0,40,0
2,12,986268.0,-4.254832891932237,-0.8017533106802975,TIME_LIMIT,78713,0,0,35,0
2,12,986844.0,-4.254832891932237,-0.8017533106802975,TIME_LIMIT,78743,0,0,42,0
2,12,987365.0,-4.25472198117001,-0.8017533106802975,TIME_LIMIT,78791,0,0,33,0
2,12,987935.0,-4.25472198117001,-0.8017533106802975,TIME_LIMIT,78826,0,0,37,0
2,12,988460.0,-4.25461900331616,-0.8017533106802975,TIME_LIMIT,78878,0,0,26,0
2,12,988981.0,-4.25461900331616,-0.8017533106802975,TIME_LIMIT,78913,0,0,41,0
2,12,989514.0,-4.25461900331616,-0.8017533106802975,TIME_LIMIT,78966,0,0,27,0
2,12,990061.0,-4.25461900331616,-0.8017533106802975,TIME_LIMIT,78998,0,0,43,0
2,12,990614.0,-4.25461900331616,-0.8017533106802975,TIME_LIMIT,79049,0,0,19,0
2,12,991181.0,-4.25461900331616,-0.8017533106802975,TIME_LIMIT,79080,0,0,44,0
2,12,991762.0,-4.25461900331616,-0.8017533106802975,TIME_LIMIT,79127,0,0,18,0
2,12,992280.0,-4.25461900331616,-0.8017533106802975,TIME_LIMIT,79168,0,0,30,0
2,12,992856.0,-4.253305947528395,-0.8017533106802975,TIME_LIMIT,79212,0,0,30,0
2,12,993448.0,-4.253305947528395,-0.8017533106802975,TIME_LIMIT,79247,0,0,42,0
2,12,993971.0,-4.25295393747594,-0.8017533106802975,TIME_LIMIT,79291,0,0,28,0
2,12,994349.0,-4.25295393747594,-0.8017533106802975,TIME_LIMIT,79327,0,0,22,0
2,12,994868.0,-4.25295393747594,-0.8017533106802975,TIME_LIMIT,79385,0,0,19,0
2,12,995396.0,-4.25295393747594,-0.8017533106802975,TIME_LIMIT,79426,0,0,24,0
2,12,995953.0,-4.25295393747594,-0.8017533106802975,TIME_LIMIT,79469,0,0,36,0
2,12,996383.0,-4.25295393747594,-0.8017533106802975,TIME_LIMIT,79513,0,0,17,0
2,12,996904.0,-4.25295393747594,-0.8017533106802975,TIME_LIMIT,79548,0,0,35,0
2,12,997425.0,-4.25295393747594,-0.8017533106802975,TIME_LIMIT,79584,0,0,35,0
2,12,997951.0,-4.25295393747594,-0.8017533106802975,TIME_LIMIT,79637,0,0,28,0
2,12,998476.0,-4.25295393747594,-0.8017533106802975,TIME_LIMIT,79678,0,0,36,0
2,12,999001.0,-4.25295393747594,-0.8017533106802975,TIME_LIMIT,79715,0,0,44,0
2,12,999570.0,-4.25295393747594,-0.8017533106802975,TIME_LIMIT,79741,0,0,32,0
2,12,1.000067e6,-4.25295393747594,-0.8017533106802975,TIME_LIMIT,79796,0,0,11,0
2,12,1.000591e6,-4.25295393747594,-0.8017533106802975,TIME_LIMIT,79828,0,0,43,0
2,12,1.001164e6,-4.25295393747594,-0.8017533106802975,TIME_LIMIT,79879,0,0,33,0
2,12,1.001721e6,-4.25295393747594,-0.8017533106802975,TIME_LIMIT,79907,0,0,18,0
2,12,1.002244e6,-4.25295393747594,-0.8017533106802975,TIME_LIMIT,79961,0,0,21,0
2,12,1.002767e6,-4.25295393747594,-0.8017533106802975,TIME_LIMIT,80005,0,0,37,0
2,12,1.003315e6,-4.25295393747594,-0.8017533106802975,TIME_LIMIT,80041,0,0,28,0
2,12,1.003791e6,-4.25295393747594,-0.8017533106802975,TIME_LIMIT,80082,0,0,37,0
2,12,1.004312e6,-4.252360268292215,-0.8017533106802975,TIME_LIMIT,80123,0,0,29,0
2,12,1.004895e6,-4.252360268292215,-0.8017533106802975,TIME_LIMIT,80155,0,0,38,0
2,12,1.005445e6,-4.252360268292215,-0.8017533106802975,TIME_LIMIT,80204,0,0,29,0
2,12,1.00597e6,-4.252360268292215,-0.8017533106802975,TIME_LIMIT,80237,0,0,37,0
2,12,1.006519e6,-4.251890628722618,-0.8017533106802975,TIME_LIMIT,80286,0,0,33,0
2,12,1.007044e6,-4.251890628722618,-0.8017533106802975,TIME_LIMIT,80330,0,0,43,0
2,12,1.007583e6,-4.251890628722618,-0.8017533106802975,TIME_LIMIT,80368,0,0,32,0
2,12,1.008131e6,-4.251890628722618,-0.8017533106802975,TIME_LIMIT,80400,0,0,40,0
2,12,1.008712e6,-4.251282731000828,-0.8017533106802975,TIME_LIMIT,80458,0,0,25,0
2,12,1.009252e6,-4.251282731000828,-0.8017533106802975,TIME_LIMIT,80487,0,0,27,0
2,12,1.009827e6,-4.251101536006212,-0.8017533106802975,TIME_LIMIT,80543,0,0,34,0
2,12,1.010364e6,-4.251101536006212,-0.8017533106802975,TIME_LIMIT,80576,0,0,36,0
2,12,1.010896e6,-4.251043281282538,-0.8017533106802975,TIME_LIMIT,80629,0,0,24,0
2,12,1.011471e6,-4.251043281282538,-0.8017533106802975,TIME_LIMIT,80660,0,0,37,0
2,12,1.012022e6,-4.2505772367803525,-0.8017533106802975,TIME_LIMIT,80714,0,0,33,0
2,12,1.012603e6,-4.2505772367803525,-0.8017533106802975,TIME_LIMIT,80746,0,0,40,0
2,12,1.013184e6,-4.249539735829196,-0.8017533106802975,TIME_LIMIT,80801,0,0,36,0
2,12,1.013745e6,-4.249539735829196,-0.8017533106802975,TIME_LIMIT,80836,0,0,16,0
2,12,1.014293e6,-4.247738747305667,-0.8017533106802975,TIME_LIMIT,80881,0,0,23,0
2,12,1.014819e6,-4.247738747305667,-0.8017533106802975,TIME_LIMIT,80911,0,0,32,0
2,12,1.015342e6,-4.247678049942787,-0.8017533106802975,TIME_LIMIT,80962,0,0,30,0
2,12,1.01589e6,-4.247678049942787,-0.8017533106802975,TIME_LIMIT,80995,0,0,43,0
2,12,1.016448e6,-4.247453296388649,-0.8017533106802975,TIME_LIMIT,81048,0,0,18,0
2,12,1.016997e6,-4.247453296388649,-0.8017533106802975,TIME_LIMIT,81088,0,0,41,0
2,12,1.017551e6,-4.247453296388649,-0.8017533106802975,TIME_LIMIT,81138,0,0,21,0
2,12,1.018081e6,-4.247453296388649,-0.8017533106802975,TIME_LIMIT,81171,0,0,45,0
2,12,1.018609e6,-4.247453296388649,-0.8017533106802975,TIME_LIMIT,81227,0,0,16,0
2,12,1.01914e6,-4.247453296388649,-0.8017533106802975,TIME_LIMIT,81266,0,0,35,0
2,12,1.019704e6,-4.24680560177258,-0.8017533106802975,TIME_LIMIT,81320,0,0,26,0
2,12,1.02023e6,-4.24680560177258,-0.8017533106802975,TIME_LIMIT,81351,0,0,22,0
2,12,1.020805e6,-4.246071389404076,-0.8017533106802975,TIME_LIMIT,81405,0,0,33,0
2,12,1.021336e6,-4.246071389404076,-0.8017533106802975,TIME_LIMIT,81433,0,0,32,0
2,12,1.021877e6,-4.246071389404076,-0.8017533106802975,TIME_LIMIT,81485,0,0,32,0
2,12,1.022479e6,-4.246071389404076,-0.8017533106802975,TIME_LIMIT,81519,0,0,40,0
2,12,1.023048e6,-4.245998864468674,-0.8017533106802975,TIME_LIMIT,81572,0,0,35,0
2,12,1.023601e6,-4.245998864468674,-0.8017533106802975,TIME_LIMIT,81613,0,0,33,0
2,12,1.024132e6,-4.245998864468674,-0.8017533106802975,TIME_LIMIT,81653,0,0,31,0
2,12,1.024663e6,-4.245998864468674,-0.8017533106802975,TIME_LIMIT,81689,0,0,37,0
2,12,1.025249e6,-4.245998864468674,-0.8017533106802975,TIME_LIMIT,81742,0,0,31,0
2,12,1.025844e6,-4.245998864468674,-0.8017533106802975,TIME_LIMIT,81777,0,0,37,0
2,12,1.026385e6,-4.245528572761067,-0.8017533106802975,TIME_LIMIT,81836,0,0,38,0
2,12,1.026946e6,-4.245528572761067,-0.8017533106802975,TIME_LIMIT,81875,0,0,42,0
2,12,1.027481e6,-4.245303559338974,-0.8017533106802975,TIME_LIMIT,81927,0,0,32,0
2,12,1.02801e6,-4.245303559338974,-0.8017533106802975,TIME_LIMIT,81959,0,0,28,0
2,12,1.028537e6,-4.242277093128726,-0.8017533106802975,TIME_LIMIT,82005,0,0,27,0
2,12,1.029118e6,-4.242277093128726,-0.8017533106802975,TIME_LIMIT,82044,0,0,40,0
2,12,1.02968e6,-4.242277093128726,-0.8017533106802975,TIME_LIMIT,82096,0,0,29,0
2,12,1.030209e6,-4.242277093128726,-0.8017533106802975,TIME_LIMIT,82129,0,0,35,0
2,12,1.030818e6,-4.241458421262944,-0.8017533106802975,TIME_LIMIT,82179,0,0,31,0
2,12,1.031366e6,-4.241458421262944,-0.8017533106802975,TIME_LIMIT,82210,0,0,42,0
2,12,1.031898e6,-4.241308398120606,-0.8017533106802975,TIME_LIMIT,82262,0,0,11,0
2,12,1.03248e6,-4.241308398120606,-0.8017533106802975,TIME_LIMIT,82292,0,0,44,0
2,12,1.033047e6,-4.241308398120606,-0.8017533106802975,TIME_LIMIT,82347,0,0,34,0
2,12,1.033587e6,-4.241308398120606,-0.8017533106802975,TIME_LIMIT,82383,0,0,46,0
2,12,1.034163e6,-4.241261166755541,-0.8017533106802975,TIME_LIMIT,82435,0,0,32,0
2,12,1.034753e6,-4.241261166755541,-0.8017533106802975,TIME_LIMIT,82467,0,0,45,0
2,12,1.035356e6,-4.241261166755541,-0.8017533106802975,TIME_LIMIT,82519,0,0,16,0
2,12,1.035889e6,-4.241261166755541,-0.8017533106802975,TIME_LIMIT,82562,0,0,34,0
2,12,1.036466e6,-4.241229016921773,-0.8017533106802975,TIME_LIMIT,82598,0,0,34,0
2,12,1.037006e6,-4.241229016921773,-0.8017533106802975,TIME_LIMIT,82634,0,0,42,0
2,12,1.037538e6,-4.241229016921773,-0.8017533106802975,TIME_LIMIT,82696,0,0,33,0
2,12,1.03807e6,-4.241229016921773,-0.8017533106802975,TIME_LIMIT,82728,0,0,34,0
2,12,1.038667e6,-4.241229016921773,-0.8017533106802975,TIME_LIMIT,82781,0,0,35,0
2,12,1.039231e6,-4.241229016921773,-0.8017533106802975,TIME_LIMIT,82816,0,0,28,0
2,12,1.039777e6,-4.241229016921773,-0.8017533106802975,TIME_LIMIT,82866,0,0,36,0
2,12,1.040315e6,-4.241229016921773,-0.8017533106802975,TIME_LIMIT,82903,0,0,39,0
2,12,1.040856e6,-4.241229016921773,-0.8017533106802975,TIME_LIMIT,82947,0,0,43,0
2,12,1.041409e6,-4.241229016921773,-0.8017533106802975,TIME_LIMIT,82981,0,0,42,0
2,12,1.041959e6,-4.241229016921773,-0.8017533106802975,TIME_LIMIT,83033,0,0,30,0
2,12,1.042515e6,-4.241229016921773,-0.8017533106802975,TIME_LIMIT,83075,0,0,27,0
2,12,1.043082e6,-4.241229016921773,-0.8017533106802975,TIME_LIMIT,83122,0,0,33,0
2,12,1.043651e6,-4.241229016921773,-0.8017533106802975,TIME_LIMIT,83163,0,0,18,0
2,12,1.044199e6,-4.24098462482028,-0.8017533106802975,TIME_LIMIT,83211,0,0,28,0
2,12,1.044785e6,-4.24098462482028,-0.8017533106802975,TIME_LIMIT,83237,0,0,35,0
2,12,1.045337e6,-4.24036964539416,-0.8017533106802975,TIME_LIMIT,83284,0,0,30,0
2,12,1.045863e6,-4.24036964539416,-0.8017533106802975,TIME_LIMIT,83320,0,0,31,0
2,12,1.046414e6,-4.2398115671621355,-0.8017533106802975,TIME_LIMIT,83372,0,0,36,0
2,12,1.046968e6,-4.2398115671621355,-0.8017533106802975,TIME_LIMIT,83411,0,0,39,0
2,12,1.047526e6,-4.23977717827566,-0.8017533106802975,TIME_LIMIT,83453,0,0,20,0
2,12,1.048127e6,-4.23977717827566,-0.8017533106802975,TIME_LIMIT,83485,0,0,36,0
2,12,1.048687e6,-4.239527173649288,-0.8017533106802975,TIME_LIMIT,83536,0,0,31,0
2,12,1.049263e6,-4.239527173649288,-0.8017533106802975,TIME_LIMIT,83570,0,0,43,0
2,12,1.049838e6,-4.238381196471722,-0.8017533106802975,TIME_LIMIT,83624,0,0,32,0
2,12,1.050388e6,-4.238381196471722,-0.8017533106802975,TIME_LIMIT,83655,0,0,34,0
2,12,1.050967e6,-4.238381196471722,-0.8017533106802975,TIME_LIMIT,83703,0,0,35,0
2,12,1.051491e6,-4.238381196471722,-0.8017533106802975,TIME_LIMIT,83731,0,0,31,0
2,12,1.052067e6,-4.238381196471722,-0.8017533106802975,TIME_LIMIT,83779,0,0,29,0
2,12,1.052599e6,-4.238381196471722,-0.8017533106802975,TIME_LIMIT,83817,0,0,43,0
2,12,1.053154e6,-4.238252445690621,-0.8017533106802975,TIME_LIMIT,83862,0,0,31,0
2,12,1.053745e6,-4.238252445690621,-0.8017533106802975,TIME_LIMIT,83902,0,0,26,0
2,12,1.054296e6,-4.238252445690621,-0.8017533106802975,TIME_LIMIT,83947,0,0,25,0
2,12,1.054846e6,-4.238252445690621,-0.8017533106802975,TIME_LIMIT,83982,0,0,28,0
2,12,1.05537e6,-4.238158772288545,-0.8017533106802975,TIME_LIMIT,84020,0,0,38,0
2,12,1.055922e6,-4.238158772288545,-0.8017533106802975,TIME_LIMIT,84052,0,0,32,0
2,12,1.056446e6,-4.238158772288545,-0.8017533106802975,TIME_LIMIT,84100,0,0,29,0
2,12,1.057033e6,-4.238158772288545,-0.8017533106802975,TIME_LIMIT,84136,0,0,40,0
2,12,1.057592e6,-4.237860282890583,-0.8017533106802975,TIME_LIMIT,84183,0,0,27,0
2,12,1.058189e6,-4.237860282890583,-0.8017533106802975,TIME_LIMIT,84220,0,0,17,0
2,12,1.058765e6,-4.237860282890583,-0.8017533106802975,TIME_LIMIT,84272,0,0,32,0
2,12,1.059312e6,-4.237860282890583,-0.8017533106802975,TIME_LIMIT,84307,0,0,39,0
2,12,1.05986e6,-4.237860282890583,-0.8017533106802975,TIME_LIMIT,84352,0,0,21,0
2,12,1.060383e6,-4.237860282890583,-0.8017533106802975,TIME_LIMIT,84383,0,0,34,0
2,12,1.060903e6,-4.237860282890583,-0.8017533106802975,TIME_LIMIT,84431,0,0,28,0
2,12,1.061452e6,-4.237860282890583,-0.8017533106802975,TIME_LIMIT,84467,0,0,38,0
2,12,1.062012e6,-4.237860282890583,-0.8017533106802975,TIME_LIMIT,84519,0,0,30,0
2,12,1.062563e6,-4.237860282890583,-0.8017533106802975,TIME_LIMIT,84552,0,0,41,0
2,12,1.063085e6,-4.237860282890583,-0.8017533106802975,TIME_LIMIT,84599,0,0,30,0
2,12,1.063606e6,-4.237860282890583,-0.8017533106802975,TIME_LIMIT,84627,0,0,18,0
2,12,1.064126e6,-4.237860282890583,-0.8017533106802975,TIME_LIMIT,84673,0,0,29,0
2,12,1.064646e6,-4.237860282890583,-0.8017533106802975,TIME_LIMIT,84706,0,0,38,0
2,12,1.065196e6,-4.237860282890583,-0.8017533106802975,TIME_LIMIT,84755,0,0,28,0
2,12,1.06574e6,-4.237860282890583,-0.8017533106802975,TIME_LIMIT,84795,0,0,34,0
2,12,1.066299e6,-4.237713020460299,-0.8017533106802975,TIME_LIMIT,84836,0,0,36,0
2,12,1.066847e6,-4.237713020460299,-0.8017533106802975,TIME_LIMIT,84874,0,0,32,0
2,12,1.067367e6,-4.237511508855674,-0.8017533106802975,TIME_LIMIT,84909,0,0,27,0
2,12,1.067891e6,-4.237511508855674,-0.8017533106802975,TIME_LIMIT,84948,0,0,33,0
2,12,1.06844e6,-4.237511508855674,-0.8017533106802975,TIME_LIMIT,84998,0,0,21,0
2,12,1.068932e6,-4.237511508855674,-0.8017533106802975,TIME_LIMIT,85034,0,0,32,0
2,12,1.069479e6,-4.237511508855674,-0.8017533106802975,TIME_LIMIT,85082,0,0,20,0
2,12,1.070027e6,-4.237511508855674,-0.8017533106802975,TIME_LIMIT,85118,0,0,38,0
2,12,1.070559e6,-4.237511508855674,-0.8017533106802975,TIME_LIMIT,85161,0,0,42,0
2,12,1.071081e6,-4.237511508855674,-0.8017533106802975,TIME_LIMIT,85192,0,0,37,0
2,12,1.071602e6,-4.237511508855674,-0.8017533106802975,TIME_LIMIT,85244,0,0,19,0
2,12,1.072129e6,-4.237511508855674,-0.8017533106802975,TIME_LIMIT,85277,0,0,45,0
2,12,1.072651e6,-4.23745955011756,-0.8017533106802975,TIME_LIMIT,85330,0,0,34,0
2,12,1.073176e6,-4.23745955011756,-0.8017533106802975,TIME_LIMIT,85368,0,0,34,0
2,12,1.073719e6,-4.23745955011756,-0.8017533106802975,TIME_LIMIT,85429,0,0,35,0
2,12,1.074298e6,-4.23745955011756,-0.8017533106802975,TIME_LIMIT,85455,0,0,32,0
2,12,1.074826e6,-4.237242824837671,-0.8017533106802975,TIME_LIMIT,85509,0,0,17,0
2,12,1.075354e6,-4.237242824837671,-0.8017533106802975,TIME_LIMIT,85538,0,0,39,0
2,12,1.075891e6,-4.236698750456409,-0.8017533106802975,TIME_LIMIT,85589,0,0,34,0
2,12,1.076472e6,-4.236698750456409,-0.8017533106802975,TIME_LIMIT,85622,0,0,24,0
2,12,1.077025e6,-4.236698750456409,-0.8017533106802975,TIME_LIMIT,85673,0,0,26,0
2,12,1.077578e6,-4.236698750456409,-0.8017533106802975,TIME_LIMIT,85710,0,0,25,0
2,12,1.078109e6,-4.236666826801374,-0.8017533106802975,TIME_LIMIT,85746,0,0,35,0
2,12,1.078668e6,-4.236666826801374,-0.8017533106802975,TIME_LIMIT,85788,0,0,26,0
2,12,1.079197e6,-4.236363715145233,-0.8017533106802975,TIME_LIMIT,85827,0,0,33,0
2,12,1.079727e6,-4.236363715145233,-0.8017533106802975,TIME_LIMIT,85859,0,0,47,0
2,12,1.080257e6,-4.236363715145233,-0.8017533106802975,TIME_LIMIT,85904,0,0,25,0
2,12,1.080821e6,-4.236363715145233,-0.8017533106802975,TIME_LIMIT,85933,0,0,44,0
2,12,1.08139e6,-4.236363715145233,-0.8017533106802975,TIME_LIMIT,85981,0,0,31,0
2,12,1.081923e6,-4.236363715145233,-0.8017533106802975,TIME_LIMIT,86012,0,0,38,0
2,12,1.082461e6,-4.236363715145233,-0.8017533106802975,TIME_LIMIT,86060,0,0,31,0
2,12,1.08302e6,-4.236363715145233,-0.8017533106802975,TIME_LIMIT,86092,0,0,39,0
2,12,1.083553e6,-4.236363715145233,-0.8017533106802975,TIME_LIMIT,86140,0,0,18,0
2,12,1.084112e6,-4.236363715145233,-0.8017533106802975,TIME_LIMIT,86180,0,0,33,0
2,12,1.084643e6,-4.236321183584583,-0.8017533106802975,TIME_LIMIT,86215,0,0,28,0
2,12,1.085008e6,-4.236321183584583,-0.8017533106802975,TIME_LIMIT,86254,0,0,27,0
2,12,1.085563e6,-4.236321183584583,-0.8017533106802975,TIME_LIMIT,86290,0,0,36,0
2,12,1.08614e6,-4.236321183584583,-0.8017533106802975,TIME_LIMIT,86325,0,0,42,0
2,12,1.086511e6,-4.236321183584583,-0.8017533106802975,TIME_LIMIT,86370,0,0,38,0
2,12,1.086966e6,-4.236321183584583,-0.8017533106802975,TIME_LIMIT,86415,0,0,46,0
2,12,1.087544e6,-4.236321183584583,-0.8017533106802975,TIME_LIMIT,86468,0,0,36,0
2,12,1.088005e6,-4.236321183584583,-0.8017533106802975,TIME_LIMIT,86516,0,0,53,0
2,12,1.088552e6,-4.236321183584583,-0.8017533106802975,TIME_LIMIT,86571,0,0,35,0
2,12,1.089118e6,-4.236321183584583,-0.8017533106802975,TIME_LIMIT,86601,0,0,25,0
2,12,1.089649e6,-4.236321183584583,-0.8017533106802975,TIME_LIMIT,86666,0,0,16,0
2,12,1.090195e6,-4.236321183584583,-0.8017533106802975,TIME_LIMIT,86697,0,0,42,0
2,12,1.090727e6,-4.236321183584583,-0.8017533106802975,TIME_LIMIT,86754,0,0,30,0
2,12,1.091254e6,-4.236321183584583,-0.8017533106802975,TIME_LIMIT,86792,0,0,53,0
2,12,1.091785e6,-4.236321183584583,-0.8017533106802975,TIME_LIMIT,86840,0,0,29,0
2,12,1.092381e6,-4.236321183584583,-0.8017533106802975,TIME_LIMIT,86869,0,0,31,0
2,12,1.092912e6,-4.236321183584583,-0.8017533106802975,TIME_LIMIT,86921,0,0,32,0
2,12,1.093446e6,-4.236321183584583,-0.8017533106802975,TIME_LIMIT,86971,0,0,42,0
2,12,1.094007e6,-4.236321183584583,-0.8017533106802975,TIME_LIMIT,87010,0,0,44,0
2,12,1.094573e6,-4.236321183584583,-0.8017533106802975,TIME_LIMIT,87055,0,0,38,0
2,12,1.095184e6,-4.236321183584583,-0.8017533106802975,TIME_LIMIT,87113,0,0,34,0
2,12,1.095749e6,-4.236321183584583,-0.8017533106802975,TIME_LIMIT,87144,0,0,39,0
2,12,1.096287e6,-4.236321183584583,-0.8017533106802975,TIME_LIMIT,87193,0,0,29,0
2,12,1.096873e6,-4.236321183584583,-0.8017533106802975,TIME_LIMIT,87223,0,0,31,0
2,12,1.09746e6,-4.236321183584583,-0.8017533106802975,TIME_LIMIT,87286,0,0,37,0
2,12,1.098008e6,-4.236321183584583,-0.8017533106802975,TIME_LIMIT,87320,0,0,23,0
2,12,1.098545e6,-4.236321183584583,-0.8017533106802975,TIME_LIMIT,87377,0,0,35,0
2,12,1.099004e6,-4.236321183584583,-0.8017533106802975,TIME_LIMIT,87408,0,0,43,0
2,12,1.099499e6,-4.236321183584583,-0.8017533106802975,TIME_LIMIT,87465,0,0,29,0
2,12,1.100055e6,-4.236321183584583,-0.8017533106802975,TIME_LIMIT,87497,0,0,39,0
2,12,1.10061e6,-4.236321183584583,-0.8017533106802975,TIME_LIMIT,87550,0,0,15,0
2,12,1.101138e6,-4.236321183584583,-0.8017533106802975,TIME_LIMIT,87585,0,0,30,0
2,12,1.101697e6,-4.236321183584583,-0.8017533106802975,TIME_LIMIT,87640,0,0,30,0
2,12,1.102171e6,-4.236321183584583,-0.8017533106802975,TIME_LIMIT,87672,0,0,44,0
2,12,1.102726e6,-4.236321183584583,-0.8017533106802975,TIME_LIMIT,87723,0,0,33,0
2,12,1.103281e6,-4.236321183584583,-0.8017533106802975,TIME_LIMIT,87756,0,0,40,0
2,12,1.103835e6,-4.236321183584583,-0.8017533106802975,TIME_LIMIT,87805,0,0,44,0
2,12,1.104388e6,-4.236321183584583,-0.8017533106802975,TIME_LIMIT,87848,0,0,47,0
2,12,1.104913e6,-4.236321183584583,-0.8017533106802975,TIME_LIMIT,87908,0,0,25,0
2,12,1.105435e6,-4.236321183584583,-0.8017533106802975,TIME_LIMIT,87943,0,0,31,0
2,12,1.105957e6,-4.236321183584583,-0.8017533106802975,TIME_LIMIT,87980,0,0,34,0
2,12,1.106538e6,-4.236321183584583,-0.8017533106802975,TIME_LIMIT,88027,0,0,28,0
2,12,1.107063e6,-4.236321183584583,-0.8017533106802975,TIME_LIMIT,88064,0,0,30,0
2,12,1.107588e6,-4.236321183584583,-0.8017533106802975,TIME_LIMIT,88100,0,0,34,0
2,12,1.108113e6,-4.236321183584583,-0.8017533106802975,TIME_LIMIT,88139,0,0,44,0
2,12,1.108667e6,-4.236321183584583,-0.8017533106802975,TIME_LIMIT,88181,0,0,43,0
2,12,1.109219e6,-4.236321183584583,-0.8017533106802975,TIME_LIMIT,88228,0,0,22,0
2,12,1.10977e6,-4.236321183584583,-0.8017533106802975,TIME_LIMIT,88262,0,0,44,0
2,12,1.11032e6,-4.236321183584583,-0.8017533106802975,TIME_LIMIT,88312,0,0,29,0
2,12,1.110912e6,-4.236321183584583,-0.8017533106802975,TIME_LIMIT,88342,0,0,40,0
2,12,1.111464e6,-4.236321183584583,-0.8017533106802975,TIME_LIMIT,88391,0,0,25,0
2,12,1.112018e6,-4.236321183584583,-0.8017533106802975,TIME_LIMIT,88425,0,0,37,0
2,12,1.112598e6,-4.236321183584583,-0.8017533106802975,TIME_LIMIT,88473,0,0,31,0
2,12,1.113168e6,-4.236321183584583,-0.8017533106802975,TIME_LIMIT,88505,0,0,39,0
2,12,1.113775e6,-4.236321183584583,-0.8017533106802975,TIME_LIMIT,88556,0,0,33,0
2,12,1.114328e6,-4.236321183584583,-0.8017533106802975,TIME_LIMIT,88586,0,0,42,0
2,12,1.114892e6,-4.236321183584583,-0.8017533106802975,TIME_LIMIT,88641,0,0,30,0
2,12,1.115448e6,-4.236321183584583,-0.8017533106802975,TIME_LIMIT,88677,0,0,41,0
2,12,1.116004e6,-4.236132642912919,-0.8017533106802975,TIME_LIMIT,88728,0,0,27,0
2,12,1.116566e6,-4.236132642912919,-0.8017533106802975,TIME_LIMIT,88765,0,0,38,0
2,12,1.117118e6,-4.235871506465279,-0.8017533106802975,TIME_LIMIT,88815,0,0,31,0
2,12,1.117698e6,-4.235871506465279,-0.8017533106802975,TIME_LIMIT,88847,0,0,46,0
2,12,1.118251e6,-4.235871506465279,-0.8017533106802975,TIME_LIMIT,88907,0,0,40,0
2,12,1.118807e6,-4.235871506465279,-0.8017533106802975,TIME_LIMIT,88938,0,0,29,0
2,12,1.119358e6,-4.235871506465279,-0.8017533106802975,TIME_LIMIT,88987,0,0,32,0
2,12,1.119937e6,-4.235871506465279,-0.8017533106802975,TIME_LIMIT,89019,0,0,40,0
2,12,1.120465e6,-4.235871506465279,-0.8017533106802975,TIME_LIMIT,89071,0,0,30,0
2,12,1.121038e6,-4.235871506465279,-0.8017533106802975,TIME_LIMIT,89111,0,0,53,0
2,12,1.12156e6,-4.235766513104925,-0.8017533106802975,TIME_LIMIT,89167,0,0,25,0
2,12,1.122111e6,-4.235766513104925,-0.8017533106802975,TIME_LIMIT,89208,0,0,40,0
2,12,1.122636e6,-4.2356933795989455,-0.8017533106802975,TIME_LIMIT,89247,0,0,39,0
2,12,1.123186e6,-4.2356933795989455,-0.8017533106802975,TIME_LIMIT,89278,0,0,35,0
2,12,1.123734e6,-4.234864106449218,-0.8017533106802975,TIME_LIMIT,89329,0,0,29,0
2,12,1.124292e6,-4.234864106449218,-0.8017533106802975,TIME_LIMIT,89366,0,0,45,0
2,12,1.124877e6,-4.234479601734789,-0.8017533106802975,TIME_LIMIT,89408,0,0,41,0
2,12,1.125402e6,-4.234479601734789,-0.8017533106802975,TIME_LIMIT,89449,0,0,41,0
2,12,1.125974e6,-4.233674132358903,-0.8017533106802975,TIME_LIMIT,89486,0,0,42,0
2,12,1.126499e6,-4.233674132358903,-0.8017533106802975,TIME_LIMIT,89515,0,0,40,0
2,12,1.127079e6,-4.233490245186242,-0.8017533106802975,TIME_LIMIT,89570,0,0,36,0
2,12,1.127629e6,-4.233490245186242,-0.8017533106802975,TIME_LIMIT,89608,0,0,31,0
2,12,1.128154e6,-4.233164010823478,-0.8017533106802975,TIME_LIMIT,89650,0,0,35,0
2,12,1.128603e6,-4.233164010823478,-0.8017533106802975,TIME_LIMIT,89692,0,0,24,0
2,12,1.129137e6,-4.233164010823478,-0.8017533106802975,TIME_LIMIT,89742,0,0,31,0
2,12,1.129662e6,-4.233164010823478,-0.8017533106802975,TIME_LIMIT,89776,0,0,32,0
2,12,1.130186e6,-4.233164010823478,-0.8017533106802975,TIME_LIMIT,89816,0,0,36,0
2,12,1.130711e6,-4.233164010823478,-0.8017533106802975,TIME_LIMIT,89843,0,0,45,0
2,12,1.131263e6,-4.233164010823478,-0.8017533106802975,TIME_LIMIT,89889,0,0,27,0
2,12,1.131802e6,-4.233164010823478,-0.8017533106802975,TIME_LIMIT,89918,0,0,44,0
2,12,1.132357e6,-4.233164010823478,-0.8017533106802975,TIME_LIMIT,89969,0,0,21,0
2,12,1.132919e6,-4.233164010823478,-0.8017533106802975,TIME_LIMIT,90001,0,0,24,0
2,12,1.133449e6,-4.233164010823478,-0.8017533106802975,TIME_LIMIT,90052,0,0,27,0
2,12,1.133987e6,-4.233164010823478,-0.8017533106802975,TIME_LIMIT,90086,0,0,44,0
2,12,1.13454e6,-4.233164010823478,-0.8017533106802975,TIME_LIMIT,90134,0,0,27,0
2,12,1.135097e6,-4.233164010823478,-0.8017533106802975,TIME_LIMIT,90167,0,0,35,0
2,12,1.135699e6,-4.233164010823478,-0.8017533106802975,TIME_LIMIT,90208,0,0,33,0
2,12,1.136258e6,-4.233164010823478,-0.8017533106802975,TIME_LIMIT,90247,0,0,38,0
2,12,1.136786e6,-4.2323089326762755,-0.8017533106802975,TIME_LIMIT,90285,0,0,37,0
2,12,1.137343e6,-4.2323089326762755,-0.8017533106802975,TIME_LIMIT,90329,0,0,32,0
2,12,1.137888e6,-4.232214829572825,-0.8017533106802975,TIME_LIMIT,90367,0,0,36,0
2,12,1.138645e6,-4.232214829572825,-0.8017533106802975,TIME_LIMIT,90405,0,0,38,0
2,12,1.139237e6,-4.231620594794332,-0.8017533106802975,TIME_LIMIT,90455,0,0,23,0
2,12,1.139772e6,-4.231620594794332,-0.8017533106802975,TIME_LIMIT,90492,0,0,42,0
2,12,1.140333e6,-4.230947535838082,-0.8017533106802975,TIME_LIMIT,90547,0,0,31,0
2,12,1.140901e6,-4.230947535838082,-0.8017533106802975,TIME_LIMIT,90577,0,0,34,0
2,12,1.141487e6,-4.229586685750281,-0.8017533106802975,TIME_LIMIT,90632,0,0,31,0
2,12,1.142024e6,-4.229586685750281,-0.8017533106802975,TIME_LIMIT,90661,0,0,37,0
2,12,1.142585e6,-4.229381721030513,-0.8017533106802975,TIME_LIMIT,90719,0,0,36,0
2,12,1.143148e6,-4.229381721030513,-0.8017533106802975,TIME_LIMIT,90752,0,0,17,0
2,12,1.143744e6,-4.229381721030513,-0.8017533106802975,TIME_LIMIT,90803,0,0,31,0
2,12,1.144344e6,-4.229381721030513,-0.8017533106802975,TIME_LIMIT,90843,0,0,33,0
2,12,1.144871e6,-4.229381721030513,-0.8017533106802975,TIME_LIMIT,90885,0,0,31,0
2,12,1.145403e6,-4.229381721030513,-0.8017533106802975,TIME_LIMIT,90924,0,0,43,0
2,12,1.145975e6,-4.229381721030513,-0.8017533106802975,TIME_LIMIT,90969,0,0,28,0
2,12,1.146509e6,-4.229381721030513,-0.8017533106802975,TIME_LIMIT,91002,0,0,39,0
2,12,1.147039e6,-4.229381721030513,-0.8017533106802975,TIME_LIMIT,91050,0,0,24,0
2,12,1.14765e6,-4.229381721030513,-0.8017533106802975,TIME_LIMIT,91085,0,0,36,0
2,12,1.148181e6,-4.229381721030513,-0.8017533106802975,TIME_LIMIT,91135,0,0,29,0
2,12,1.148708e6,-4.229381721030513,-0.8017533106802975,TIME_LIMIT,91172,0,0,40,0
2,12,1.149263e6,-4.229381721030513,-0.8017533106802975,TIME_LIMIT,91218,0,0,16,0
2,12,1.149824e6,-4.229381721030513,-0.8017533106802975,TIME_LIMIT,91254,0,0,34,0
2,12,1.150385e6,-4.229205654583436,-0.8017533106802975,TIME_LIMIT,91293,0,0,28,0
2,12,1.150902e6,-4.229205654583436,-0.8017533106802975,TIME_LIMIT,91342,0,0,34,0
2,12,1.151442e6,-4.228666591795008,-0.8017533106802975,TIME_LIMIT,91375,0,0,31,0
2,12,1.152048e6,-4.228666591795008,-0.8017533106802975,TIME_LIMIT,91419,0,0,30,0
2,12,1.152631e6,-4.228666591795008,-0.8017533106802975,TIME_LIMIT,91468,0,0,40,0
2,12,1.153197e6,-4.228666591795008,-0.8017533106802975,TIME_LIMIT,91499,0,0,35,0
2,12,1.153777e6,-4.228666591795008,-0.8017533106802975,TIME_LIMIT,91543,0,0,30,0
2,12,1.154337e6,-4.228666591795008,-0.8017533106802975,TIME_LIMIT,91576,0,0,33,0
2,12,1.154873e6,-4.228018847899964,-0.8017533106802975,TIME_LIMIT,91629,0,0,29,0
2,12,1.155431e6,-4.228018847899964,-0.8017533106802975,TIME_LIMIT,91665,0,0,47,0
2,12,1.156014e6,-4.228018847899964,-0.8017533106802975,TIME_LIMIT,91717,0,0,36,0
2,12,1.156544e6,-4.228018847899964,-0.8017533106802975,TIME_LIMIT,91748,0,0,40,0
2,12,1.157098e6,-4.227883346850018,-0.8017533106802975,TIME_LIMIT,91801,0,0,34,0
2,12,1.157683e6,-4.227883346850018,-0.8017533106802975,TIME_LIMIT,91836,0,0,39,0
2,12,1.158263e6,-4.227883346850018,-0.8017533106802975,TIME_LIMIT,91889,0,0,32,0
2,12,1.158821e6,-4.227883346850018,-0.8017533106802975,TIME_LIMIT,91926,0,0,47,0
2,12,1.159375e6,-4.226811283584663,-0.8017533106802975,TIME_LIMIT,91979,0,0,28,0
2,12,1.159903e6,-4.226811283584663,-0.8017533106802975,TIME_LIMIT,92013,0,0,33,0
2,12,1.160456e6,-4.226615239208549,-0.8017533106802975,TIME_LIMIT,92064,0,0,34,0
2,12,1.161007e6,-4.226615239208549,-0.8017533106802975,TIME_LIMIT,92094,0,0,29,0
2,12,1.161558e6,-4.225573236507764,-0.8017533106802975,TIME_LIMIT,92142,0,0,19,0
2,12,1.162083e6,-4.225573236507764,-0.8017533106802975,TIME_LIMIT,92175,0,0,47,0
2,12,1.162609e6,-4.22556268757984,-0.8017533106802975,TIME_LIMIT,92229,0,0,39,0
2,12,1.163136e6,-4.22556268757984,-0.8017533106802975,TIME_LIMIT,92264,0,0,40,0
2,12,1.16366e6,-4.225559576984377,-0.8017533106802975,TIME_LIMIT,92312,0,0,27,0
2,12,1.16421e6,-4.225559576984377,-0.8017533106802975,TIME_LIMIT,92349,0,0,28,0
2,12,1.16478e6,-4.225558204975701,-0.8017533106802975,TIME_LIMIT,92400,0,0,15,0
2,12,1.165306e6,-4.225558204975701,-0.8017533106802975,TIME_LIMIT,92434,0,0,29,0
2,12,1.165899e6,-4.225558204975701,-0.8017533106802975,TIME_LIMIT,92473,0,0,34,0
2,12,1.166499e6,-4.225558204975701,-0.8017533106802975,TIME_LIMIT,92508,0,0,37,0
2,12,1.167076e6,-4.225392122634725,-0.8017533106802975,TIME_LIMIT,92551,0,0,18,0
2,12,1.167658e6,-4.225392122634725,-0.8017533106802975,TIME_LIMIT,92574,0,0,34,0
2,12,1.168214e6,-4.225159726130782,-0.8017533106802975,TIME_LIMIT,92630,0,0,33,0
2,12,1.168763e6,-4.225159726130782,-0.8017533106802975,TIME_LIMIT,92663,0,0,33,0
2,12,1.169288e6,-4.224698529516423,-0.8017533106802975,TIME_LIMIT,92718,0,0,18,0
2,12,1.169839e6,-4.224698529516423,-0.8017533106802975,TIME_LIMIT,92750,0,0,39,0
2,12,1.170387e6,-4.224698529516423,-0.8017533106802975,TIME_LIMIT,92801,0,0,30,0
2,12,1.170905e6,-4.224698529516423,-0.8017533106802975,TIME_LIMIT,92838,0,0,38,0
2,12,1.171447e6,-4.224698529516423,-0.8017533106802975,TIME_LIMIT,92889,0,0,20,0
2,12,1.171969e6,-4.224698529516423,-0.8017533106802975,TIME_LIMIT,92924,0,0,41,0
2,12,1.172515e6,-4.224698529516423,-0.8017533106802975,TIME_LIMIT,92977,0,0,28,0
2,12,1.17312e6,-4.224698529516423,-0.8017533106802975,TIME_LIMIT,93008,0,0,42,0
2,12,1.173636e6,-4.224501370307554,-0.8017533106802975,TIME_LIMIT,93063,0,0,31,0
2,12,1.174182e6,-4.224501370307554,-0.8017533106802975,TIME_LIMIT,93096,0,0,36,0
2,12,1.174697e6,-4.223584366597342,-0.8017533106802975,TIME_LIMIT,93149,0,0,15,0
2,12,1.175246e6,-4.223584366597342,-0.8017533106802975,TIME_LIMIT,93183,0,0,53,0
2,12,1.175761e6,-4.222730782285833,-0.8017533106802975,TIME_LIMIT,93234,0,0,35,0
2,12,1.176277e6,-4.222730782285833,-0.8017533106802975,TIME_LIMIT,93266,0,0,40,0
2,12,1.176797e6,-4.2225118363279,-0.8017533106802975,TIME_LIMIT,93315,0,0,33,0
2,12,1.177348e6,-4.2225118363279,-0.8017533106802975,TIME_LIMIT,93354,0,0,30,0
2,12,1.177871e6,-4.2225118363279,-0.8017533106802975,TIME_LIMIT,93398,0,0,32,0
2,12,1.178412e6,-4.2225118363279,-0.8017533106802975,TIME_LIMIT,93430,0,0,40,0
2,12,1.178962e6,-4.2225118363279,-0.8017533106802975,TIME_LIMIT,93487,0,0,33,0
2,12,1.179481e6,-4.2225118363279,-0.8017533106802975,TIME_LIMIT,93520,0,0,46,0
2,12,1.179996e6,-4.2225118363279,-0.8017533106802975,TIME_LIMIT,93567,0,0,32,0
2,12,1.180512e6,-4.2225118363279,-0.8017533106802975,TIME_LIMIT,93598,0,0,25,0
2,12,1.18106e6,-4.2225118363279,-0.8017533106802975,TIME_LIMIT,93653,0,0,17,0
2,12,1.181574e6,-4.2225118363279,-0.8017533106802975,TIME_LIMIT,93682,0,0,34,0
2,12,1.18212e6,-4.2225118363279,-0.8017533106802975,TIME_LIMIT,93735,0,0,35,0
2,12,1.182665e6,-4.2225118363279,-0.8017533106802975,TIME_LIMIT,93773,0,0,45,0
2,12,1.18321e6,-4.2225118363279,-0.8017533106802975,TIME_LIMIT,93807,0,0,30,0
2,12,1.183788e6,-4.2225118363279,-0.8017533106802975,TIME_LIMIT,93839,0,0,31,0
2,12,1.184412e6,-4.2225118363279,-0.8017533106802975,TIME_LIMIT,93887,0,0,28,0
2,12,1.184927e6,-4.2225118363279,-0.8017533106802975,TIME_LIMIT,93918,0,0,34,0
2,12,1.185505e6,-4.2225118363279,-0.8017533106802975,TIME_LIMIT,93964,0,0,23,0
2,12,1.186084e6,-4.2225118363279,-0.8017533106802975,TIME_LIMIT,93995,0,0,47,0
2,12,1.186604e6,-4.2225118363279,-0.8017533106802975,TIME_LIMIT,94054,0,0,17,0
2,12,1.187142e6,-4.2225118363279,-0.8017533106802975,TIME_LIMIT,94091,0,0,41,0
2,12,1.187686e6,-4.2225118363279,-0.8017533106802975,TIME_LIMIT,94143,0,0,33,0
2,12,1.1882e6,-4.2225118363279,-0.8017533106802975,TIME_LIMIT,94183,0,0,22,0
2,12,1.188712e6,-4.2225118363279,-0.8017533106802975,TIME_LIMIT,94225,0,0,28,0
2,12,1.189227e6,-4.2225118363279,-0.8017533106802975,TIME_LIMIT,94264,0,0,23,0
2,12,1.189774e6,-4.2225118363279,-0.8017533106802975,TIME_LIMIT,94303,0,0,21,0
2,12,1.190321e6,-4.2225118363279,-0.8017533106802975,TIME_LIMIT,94333,0,0,27,0
2,12,1.190841e6,-4.22250681719045,-0.8017533106802975,TIME_LIMIT,94381,0,0,25,0
2,12,1.191407e6,-4.22250681719045,-0.8017533106802975,TIME_LIMIT,94413,0,0,18,0
2,12,1.192012e6,-4.221403555367155,-0.8017533106802975,TIME_LIMIT,94459,0,0,27,0
2,12,1.192584e6,-4.221403555367155,-0.8017533106802975,TIME_LIMIT,94494,0,0,41,0
2,12,1.193131e6,-4.220840232450458,-0.8017533106802975,TIME_LIMIT,94536,0,0,26,0
2,12,1.19368e6,-4.220840232450458,-0.8017533106802975,TIME_LIMIT,94572,0,0,18,0
2,12,1.194196e6,-4.220629078675323,-0.8017533106802975,TIME_LIMIT,94610,0,0,34,0
2,12,1.194749e6,-4.220629078675323,-0.8017533106802975,TIME_LIMIT,94643,0,0,33,0
2,12,1.195259e6,-4.220629078675323,-0.8017533106802975,TIME_LIMIT,94693,0,0,33,0
2,12,1.195806e6,-4.220629078675323,-0.8017533106802975,TIME_LIMIT,94720,0,0,38,0
2,12,1.196385e6,-4.220629078675323,-0.8017533106802975,TIME_LIMIT,94771,0,0,29,0
2,12,1.196932e6,-4.220629078675323,-0.8017533106802975,TIME_LIMIT,94795,0,0,43,0
2,12,1.197486e6,-4.220629078675323,-0.8017533106802975,TIME_LIMIT,94841,0,0,27,0
2,12,1.198008e6,-4.220629078675323,-0.8017533106802975,TIME_LIMIT,94868,0,0,34,0
2,12,1.19855e6,-4.220259122801448,-0.8017533106802975,TIME_LIMIT,94920,0,0,21,0
2,12,1.199114e6,-4.220259122801448,-0.8017533106802975,TIME_LIMIT,94957,0,0,43,0
2,12,1.199667e6,-4.220259122801448,-0.8017533106802975,TIME_LIMIT,95010,0,0,28,0
2,12,1.20019e6,-4.220259122801448,-0.8017533106802975,TIME_LIMIT,95045,0,0,22,0
2,12,1.200726e6,-4.220073364990142,-0.8017533106802975,TIME_LIMIT,95094,0,0,31,0
2,12,1.201314e6,-4.220073364990142,-0.8017533106802975,TIME_LIMIT,95131,0,0,44,0
2,12,1.20188e6,-4.219699768415323,-0.8017533106802975,TIME_LIMIT,95188,0,0,35,0
2,12,1.202279e6,-4.219699768415323,-0.8017533106802975,TIME_LIMIT,95231,0,0,35,0
2,12,1.202815e6,-4.219699768415323,-0.8017533106802975,TIME_LIMIT,95273,0,0,42,0
2,12,1.203413e6,-4.219699768415323,-0.8017533106802975,TIME_LIMIT,95304,0,0,39,0
2,12,1.203937e6,-4.219699768415323,-0.8017533106802975,TIME_LIMIT,95358,0,0,35,0
2,12,1.204492e6,-4.219699768415323,-0.8017533106802975,TIME_LIMIT,95390,0,0,40,0
2,12,1.205044e6,-4.219699768415323,-0.8017533106802975,TIME_LIMIT,95442,0,0,22,0
2,12,1.205605e6,-4.219699768415323,-0.8017533106802975,TIME_LIMIT,95469,0,0,37,0
2,12,1.206154e6,-4.219699768415323,-0.8017533106802975,TIME_LIMIT,95531,0,0,32,0
2,12,1.206675e6,-4.219699768415323,-0.8017533106802975,TIME_LIMIT,95570,0,0,34,0
2,12,1.207227e6,-4.219699768415323,-0.8017533106802975,TIME_LIMIT,95619,0,0,36,0
2,12,1.207752e6,-4.219699768415323,-0.8017533106802975,TIME_LIMIT,95653,0,0,40,0
2,12,1.208305e6,-4.219699768415323,-0.8017533106802975,TIME_LIMIT,95706,0,0,21,0
2,12,1.208866e6,-4.219699768415323,-0.8017533106802975,TIME_LIMIT,95739,0,0,29,0
2,12,1.209391e6,-4.219699768415323,-0.8017533106802975,TIME_LIMIT,95788,0,0,19,0
2,12,1.209946e6,-4.219699768415323,-0.8017533106802975,TIME_LIMIT,95826,0,0,32,0
2,12,1.210488e6,-4.219699768415323,-0.8017533106802975,TIME_LIMIT,95874,0,0,31,0
2,12,1.211043e6,-4.219699768415323,-0.8017533106802975,TIME_LIMIT,95917,0,0,36,0
2,12,1.211632e6,-4.219699768415323,-0.8017533106802975,TIME_LIMIT,95971,0,0,26,0
2,12,1.212193e6,-4.219699768415323,-0.8017533106802975,TIME_LIMIT,96017,0,0,46,0
2,12,1.212747e6,-4.219699768415323,-0.8017533106802975,TIME_LIMIT,96052,0,0,36,0
2,12,1.213305e6,-4.219699768415323,-0.8017533106802975,TIME_LIMIT,96094,0,0,23,0
2,12,1.213892e6,-4.219699768415323,-0.8017533106802975,TIME_LIMIT,96133,0,0,37,0
2,12,1.214414e6,-4.219699768415323,-0.8017533106802975,TIME_LIMIT,96168,0,0,37,0
2,12,1.214972e6,-4.219699768415323,-0.8017533106802975,TIME_LIMIT,96220,0,0,27,0
2,12,1.215556e6,-4.219699768415323,-0.8017533106802975,TIME_LIMIT,96260,0,0,40,0
2,12,1.216076e6,-4.219559074225426,-0.8017533106802975,TIME_LIMIT,96298,0,0,17,0
2,12,1.216596e6,-4.219559074225426,-0.8017533106802975,TIME_LIMIT,96335,0,0,36,0
2,12,1.217118e6,-4.219385839733834,-0.8017533106802975,TIME_LIMIT,96368,0,0,32,0
2,12,1.217635e6,-4.219385839733834,-0.8017533106802975,TIME_LIMIT,96397,0,0,31,0
2,12,1.218185e6,-4.218699716751697,-0.8017533106802975,TIME_LIMIT,96447,0,0,35,0
2,12,1.218702e6,-4.218699716751697,-0.8017533106802975,TIME_LIMIT,96478,0,0,22,0
2,12,1.219252e6,-4.2183681799096515,-0.8017533106802975,TIME_LIMIT,96534,0,0,33,0
2,12,1.219819e6,-4.2183681799096515,-0.8017533106802975,TIME_LIMIT,96570,0,0,39,0
2,12,1.220369e6,-4.2183681799096515,-0.8017533106802975,TIME_LIMIT,96606,0,0,39,0
2,12,1.220891e6,-4.2183681799096515,-0.8017533106802975,TIME_LIMIT,96646,0,0,44,0
2,12,1.221441e6,-4.21774167417345,-0.8017533106802975,TIME_LIMIT,96701,0,0,30,0
2,12,1.221991e6,-4.21774167417345,-0.8017533106802975,TIME_LIMIT,96734,0,0,45,0
2,12,1.222509e6,-4.217708668787174,-0.8017533106802975,TIME_LIMIT,96786,0,0,30,0
2,12,1.223035e6,-4.217708668787174,-0.8017533106802975,TIME_LIMIT,96825,0,0,39,0
2,12,1.223577e6,-4.217708668787174,-0.8017533106802975,TIME_LIMIT,96870,0,0,43,0
2,12,1.224132e6,-4.217708668787174,-0.8017533106802975,TIME_LIMIT,96901,0,0,42,0
2,12,1.224675e6,-4.217293429841252,-0.8017533106802975,TIME_LIMIT,96955,0,0,19,0
2,12,1.225221e6,-4.217293429841252,-0.8017533106802975,TIME_LIMIT,96989,0,0,48,0
2,12,1.225798e6,-4.217293429841252,-0.8017533106802975,TIME_LIMIT,97045,0,0,17,0
2,12,1.22635e6,-4.217293429841252,-0.8017533106802975,TIME_LIMIT,97078,0,0,43,0
2,12,1.22692e6,-4.21728658818563,-0.8017533106802975,TIME_LIMIT,97121,0,0,30,0
2,12,1.227505e6,-4.21728658818563,-0.8017533106802975,TIME_LIMIT,97157,0,0,38,0
2,12,1.228041e6,-4.21728658818563,-0.8017533106802975,TIME_LIMIT,97213,0,0,34,0
2,12,1.228634e6,-4.21728658818563,-0.8017533106802975,TIME_LIMIT,97247,0,0,39,0
2,12,1.229174e6,-4.21728658818563,-0.8017533106802975,TIME_LIMIT,97295,0,0,15,0
2,12,1.229576e6,-4.21728658818563,-0.8017533106802975,TIME_LIMIT,97335,0,0,34,0
2,12,1.230093e6,-4.21728658818563,-0.8017533106802975,TIME_LIMIT,97383,0,0,31,0
2,12,1.2305e6,-4.21728658818563,-0.8017533106802975,TIME_LIMIT,97414,0,0,33,0
2,12,1.231015e6,-4.21728658818563,-0.8017533106802975,TIME_LIMIT,97462,0,0,27,0
2,12,1.231531e6,-4.21728658818563,-0.8017533106802975,TIME_LIMIT,97495,0,0,42,0
2,12,1.232046e6,-4.21728658818563,-0.8017533106802975,TIME_LIMIT,97541,0,0,20,0
2,12,1.232553e6,-4.21728658818563,-0.8017533106802975,TIME_LIMIT,97573,0,0,38,0
2,12,1.233101e6,-4.217226186998353,-0.8017533106802975,TIME_LIMIT,97623,0,0,31,0
2,12,1.233616e6,-4.217226186998353,-0.8017533106802975,TIME_LIMIT,97664,0,0,41,0
2,12,1.234188e6,-4.217226186998353,-0.8017533106802975,TIME_LIMIT,97722,0,0,41,0
2,12,1.234735e6,-4.217226186998353,-0.8017533106802975,TIME_LIMIT,97750,0,0,41,0
2,12,1.235282e6,-4.217226186998353,-0.8017533106802975,TIME_LIMIT,97802,0,0,29,0
2,12,1.235828e6,-4.217226186998353,-0.8017533106802975,TIME_LIMIT,97836,0,0,33,0
2,12,1.236378e6,-4.217226186998353,-0.8017533106802975,TIME_LIMIT,97889,0,0,26,0
2,12,1.23695e6,-4.217226186998353,-0.8017533106802975,TIME_LIMIT,97922,0,0,35,0
2,12,1.237535e6,-4.21658448779697,-0.8017533106802975,TIME_LIMIT,97974,0,0,18,0
2,12,1.238086e6,-4.21658448779697,-0.8017533106802975,TIME_LIMIT,98010,0,0,45,0
2,12,1.23865e6,-4.215818817877163,-0.8017533106802975,TIME_LIMIT,98056,0,0,29,0
2,12,1.239167e6,-4.215818817877163,-0.8017533106802975,TIME_LIMIT,98092,0,0,18,0
2,12,1.239719e6,-4.2157509175287995,-0.8017533106802975,TIME_LIMIT,98138,0,0,26,0
2,12,1.240269e6,-4.2157509175287995,-0.8017533106802975,TIME_LIMIT,98174,0,0,44,0
2,12,1.240816e6,-4.215726279377058,-0.8017533106802975,TIME_LIMIT,98225,0,0,30,0
2,12,1.241332e6,-4.215726279377058,-0.8017533106802975,TIME_LIMIT,98257,0,0,36,0
2,12,1.241879e6,-4.215513534981595,-0.8017533106802975,TIME_LIMIT,98311,0,0,21,0
2,12,1.242484e6,-4.215513534981595,-0.8017533106802975,TIME_LIMIT,98343,0,0,36,0
2,12,1.243033e6,-4.215513534981595,-0.8017533106802975,TIME_LIMIT,98391,0,0,32,0
2,12,1.243556e6,-4.215513534981595,-0.8017533106802975,TIME_LIMIT,98427,0,0,34,0
2,12,1.24413e6,-4.215513534981595,-0.8017533106802975,TIME_LIMIT,98474,0,0,29,0
2,12,1.244638e6,-4.215513534981595,-0.8017533106802975,TIME_LIMIT,98504,0,0,38,0
2,12,1.245184e6,-4.215384009106773,-0.8017533106802975,TIME_LIMIT,98558,0,0,26,0
2,12,1.245764e6,-4.215384009106773,-0.8017533106802975,TIME_LIMIT,98589,0,0,35,0
2,12,1.246311e6,-4.215172876356576,-0.8017533106802975,TIME_LIMIT,98643,0,0,19,0
2,12,1.246867e6,-4.215172876356576,-0.8017533106802975,TIME_LIMIT,98679,0,0,40,0
2,12,1.247452e6,-4.215151740393164,-0.8017533106802975,TIME_LIMIT,98730,0,0,31,0
2,12,1.247972e6,-4.215151740393164,-0.8017533106802975,TIME_LIMIT,98762,0,0,22,0
2,12,1.248495e6,-4.2141912065807166,-0.8017533106802975,TIME_LIMIT,98815,0,0,36,0
2,12,1.249016e6,-4.2141912065807166,-0.8017533106802975,TIME_LIMIT,98852,0,0,37,0
2,12,1.24957e6,-4.2141912065807166,-0.8017533106802975,TIME_LIMIT,98894,0,0,35,0
2,12,1.250083e6,-4.2141912065807166,-0.8017533106802975,TIME_LIMIT,98927,0,0,45,0
2,12,1.25064e6,-4.2141912065807166,-0.8017533106802975,TIME_LIMIT,98981,0,0,18,0
2,12,1.25116e6,-4.2141912065807166,-0.8017533106802975,TIME_LIMIT,99022,0,0,28,0
2,12,1.251714e6,-4.214139136837714,-0.8017533106802975,TIME_LIMIT,99057,0,0,33,0
2,12,1.252329e6,-4.214139136837714,-0.8017533106802975,TIME_LIMIT,99089,0,0,37,0
2,12,1.252889e6,-4.213992409151908,-0.8017533106802975,TIME_LIMIT,99136,0,0,27,0
2,12,1.253443e6,-4.213992409151908,-0.8017533106802975,TIME_LIMIT,99164,0,0,21,0
2,12,1.253999e6,-4.213710094172862,-0.8017533106802975,TIME_LIMIT,99226,0,0,36,0
2,12,1.254565e6,-4.213710094172862,-0.8017533106802975,TIME_LIMIT,99254,0,0,22,0
2,12,1.25513e6,-4.213617316552938,-0.8017533106802975,TIME_LIMIT,99304,0,0,26,0
2,12,1.255677e6,-4.213617316552938,-0.8017533106802975,TIME_LIMIT,99342,0,0,33,0
2,12,1.256201e6,-4.213535896013228,-0.8017533106802975,TIME_LIMIT,99393,0,0,37,0
2,12,1.256725e6,-4.213535896013228,-0.8017533106802975,TIME_LIMIT,99423,0,0,36,0
2,12,1.257249e6,-4.213313384079633,-0.8017533106802975,TIME_LIMIT,99465,0,0,26,0
2,12,1.257774e6,-4.213313384079633,-0.8017533106802975,TIME_LIMIT,99504,0,0,32,0
2,12,1.258299e6,-4.21326956086177,-0.8017533106802975,TIME_LIMIT,99545,0,0,42,0
2,12,1.25883e6,-4.21326956086177,-0.8017533106802975,TIME_LIMIT,99577,0,0,38,0
2,12,1.259379e6,-4.21326956086177,-0.8017533106802975,TIME_LIMIT,99623,0,0,27,0
2,12,1.259922e6,-4.21326956086177,-0.8017533106802975,TIME_LIMIT,99652,0,0,47,0
2,12,1.260424e6,-4.213171870080371,-0.8017533106802975,TIME_LIMIT,99710,0,0,32,0
2,12,1.260951e6,-4.213171870080371,-0.8017533106802975,TIME_LIMIT,99743,0,0,12,0
2,12,1.261509e6,-4.213171870080371,-0.8017533106802975,TIME_LIMIT,99793,0,0,29,0
2,12,1.262033e6,-4.213171870080371,-0.8017533106802975,TIME_LIMIT,99835,0,0,31,0
2,12,1.262557e6,-4.212261574773533,-0.8017533106802975,TIME_LIMIT,99869,0,0,27,0
2,12,1.263069e6,-4.212261574773533,-0.8017533106802975,TIME_LIMIT,99914,0,0,37,0
2,12,1.263622e6,-4.212210390391389,-0.8017533106802975,TIME_LIMIT,99956,0,0,32,0
2,12,1.264207e6,-4.212210390391389,-0.8017533106802975,TIME_LIMIT,100000,0,0,34,0
2,12,1.264727e6,-4.211594810569524,-0.8017533106802975,TIME_LIMIT,100036,0,0,39,0
2,12,1.26525e6,-4.211594810569524,-0.8017533106802975,TIME_LIMIT,100059,0,0,31,0
2,12,1.265775e6,-4.211429236158232,-0.8017533106802975,TIME_LIMIT,100112,0,0,26,0
2,12,1.266331e6,-4.211429236158232,-0.8017533106802975,TIME_LIMIT,100147,0,0,55,0
2,12,1.266854e6,-4.210935692151352,-0.8017533106802975,TIME_LIMIT,100197,0,0,29,0
2,12,1.267369e6,-4.210935692151352,-0.8017533106802975,TIME_LIMIT,100234,0,0,37,0
2,12,1.267923e6,-4.209582133060834,-0.8017533106802975,TIME_LIMIT,100287,0,0,30,0
2,12,1.268446e6,-4.209582133060834,-0.8017533106802975,TIME_LIMIT,100327,0,0,44,0
2,12,1.268998e6,-4.209262326834002,-0.8017533106802975,TIME_LIMIT,100377,0,0,29,0
2,12,1.26952e6,-4.209262326834002,-0.8017533106802975,TIME_LIMIT,100411,0,0,48,0
2,12,1.270074e6,-4.209262326834002,-0.8017533106802975,TIME_LIMIT,100466,0,0,33,0
2,12,1.270593e6,-4.209262326834002,-0.8017533106802975,TIME_LIMIT,100499,0,0,24,0
2,12,1.271179e6,-4.209262326834002,-0.8017533106802975,TIME_LIMIT,100553,0,0,13,0
2,12,1.271721e6,-4.209262326834002,-0.8017533106802975,TIME_LIMIT,100589,0,0,30,0
2,12,1.272353e6,-4.209262326834002,-0.8017533106802975,TIME_LIMIT,100631,0,0,37,0
2,12,1.272907e6,-4.209262326834002,-0.8017533106802975,TIME_LIMIT,100669,0,0,37,0
2,12,1.273428e6,-4.209262326834002,-0.8017533106802975,TIME_LIMIT,100712,0,0,26,0
2,12,1.27395e6,-4.209262326834002,-0.8017533106802975,TIME_LIMIT,100745,0,0,26,0
2,12,1.274473e6,-4.208642308305287,-0.8017533106802975,TIME_LIMIT,100797,0,0,25,0
2,12,1.274994e6,-4.208642308305287,-0.8017533106802975,TIME_LIMIT,100832,0,0,39,0
2,12,1.2755e6,-4.208455123052294,-0.8017533106802975,TIME_LIMIT,100880,0,0,29,0
2,12,1.276049e6,-4.208455123052294,-0.8017533106802975,TIME_LIMIT,100919,0,0,41,0
2,12,1.276639e6,-4.208315059811713,-0.8017533106802975,TIME_LIMIT,100968,0,0,26,0
2,12,1.277252e6,-4.208315059811713,-0.8017533106802975,TIME_LIMIT,101003,0,0,41,0
2,12,1.277772e6,-4.207863025989868,-0.8017533106802975,TIME_LIMIT,101055,0,0,35,0
2,12,1.278346e6,-4.207863025989868,-0.8017533106802975,TIME_LIMIT,101100,0,0,34,0
2,12,1.278893e6,-4.207371402937582,-0.8017533106802975,TIME_LIMIT,101129,0,0,24,0
2,12,1.279478e6,-4.207371402937582,-0.8017533106802975,TIME_LIMIT,101165,0,0,35,0
2,12,1.280003e6,-4.207308508418452,-0.8017533106802975,TIME_LIMIT,101212,0,0,26,0
2,12,1.280521e6,-4.207308508418452,-0.8017533106802975,TIME_LIMIT,101248,0,0,39,0
2,12,1.281081e6,-4.207308508418452,-0.8017533106802975,TIME_LIMIT,101301,0,0,34,0
2,12,1.281647e6,-4.207308508418452,-0.8017533106802975,TIME_LIMIT,101337,0,0,43,0
2,12,1.282196e6,-4.207207584766675,-0.8017533106802975,TIME_LIMIT,101390,0,0,23,0
2,12,1.282794e6,-4.207207584766675,-0.8017533106802975,TIME_LIMIT,101425,0,0,22,0
2,12,1.283343e6,-4.207028995578432,-0.8017533106802975,TIME_LIMIT,101468,0,0,33,0
2,12,1.283883e6,-4.207028995578432,-0.8017533106802975,TIME_LIMIT,101507,0,0,18,0
2,12,1.284419e6,-4.206139023454267,-0.8017533106802975,TIME_LIMIT,101557,0,0,20,0
2,12,1.285034e6,-4.206139023454267,-0.8017533106802975,TIME_LIMIT,101587,0,0,38,0
2,12,1.285545e6,-4.206135093062009,-0.8017533106802975,TIME_LIMIT,101640,0,0,30,0
2,12,1.286093e6,-4.206135093062009,-0.8017533106802975,TIME_LIMIT,101674,0,0,46,0
2,12,1.286683e6,-4.20567602375613,-0.8017533106802975,TIME_LIMIT,101727,0,0,37,0
2,12,1.287294e6,-4.20567602375613,-0.8017533106802975,TIME_LIMIT,101762,0,0,25,0
2,12,1.287831e6,-4.205339403184421,-0.8017533106802975,TIME_LIMIT,101810,0,0,28,0
2,12,1.288378e6,-4.205339403184421,-0.8017533106802975,TIME_LIMIT,101836,0,0,33,0
2,12,1.288925e6,-4.205339403184421,-0.8017533106802975,TIME_LIMIT,101888,0,0,27,0
2,12,1.289497e6,-4.205339403184421,-0.8017533106802975,TIME_LIMIT,101921,0,0,39,0
2,12,1.290068e6,-4.2049586366165,-0.8017533106802975,TIME_LIMIT,101973,0,0,33,0
2,12,1.290614e6,-4.2049586366165,-0.8017533106802975,TIME_LIMIT,102005,0,0,30,0
2,12,1.291119e6,-4.204568908657164,-0.8017533106802975,TIME_LIMIT,102053,0,0,24,0
2,12,1.291699e6,-4.204568908657164,-0.8017533106802975,TIME_LIMIT,102090,0,0,38,0
2,12,1.292279e6,-4.204505339611141,-0.8017533106802975,TIME_LIMIT,102141,0,0,21,0
2,12,1.292796e6,-4.204505339611141,-0.8017533106802975,TIME_LIMIT,102179,0,0,37,0
2,12,1.293318e6,-4.204391539763534,-0.8017533106802975,TIME_LIMIT,102229,0,0,10,0
2,12,1.293836e6,-4.204391539763534,-0.8017533106802975,TIME_LIMIT,102265,0,0,40,0
2,12,1.294399e6,-4.204391539763534,-0.8017533106802975,TIME_LIMIT,102319,0,0,33,0
2,12,1.294938e6,-4.204391539763534,-0.8017533106802975,TIME_LIMIT,102359,0,0,50,0
2,12,1.29547e6,-4.204391539763534,-0.8017533106802975,TIME_LIMIT,102415,0,0,38,0
2,12,1.296056e6,-4.204391539763534,-0.8017533106802975,TIME_LIMIT,102453,0,0,37,0
2,12,1.296602e6,-4.204391539763534,-0.8017533106802975,TIME_LIMIT,102500,0,0,32,0
2,12,1.297118e6,-4.204391539763534,-0.8017533106802975,TIME_LIMIT,102533,0,0,36,0
2,12,1.297656e6,-4.204261223905744,-0.8017533106802975,TIME_LIMIT,102590,0,0,34,0
2,12,1.298171e6,-4.204261223905744,-0.8017533106802975,TIME_LIMIT,102618,0,0,35,0
2,12,1.298723e6,-4.20416681191043,-0.8017533106802975,TIME_LIMIT,102673,0,0,19,0
2,12,1.299315e6,-4.20416681191043,-0.8017533106802975,TIME_LIMIT,102712,0,0,37,0
2,12,1.299881e6,-4.2039961119218585,-0.8017533106802975,TIME_LIMIT,102752,0,0,37,0
2,12,1.300419e6,-4.2039961119218585,-0.8017533106802975,TIME_LIMIT,102795,0,0,22,0
2,12,1.300969e6,-4.2039961119218585,-0.8017533106802975,TIME_LIMIT,102843,0,0,38,0
2,12,1.301552e6,-4.2039961119218585,-0.8017533106802975,TIME_LIMIT,102892,0,0,25,0
2,12,1.302141e6,-4.2039961119218585,-0.8017533106802975,TIME_LIMIT,102937,0,0,41,0
2,12,1.30266e6,-4.2039961119218585,-0.8017533106802975,TIME_LIMIT,102981,0,0,34,0
2,12,1.303205e6,-4.2039961119218585,-0.8017533106802975,TIME_LIMIT,103020,0,0,36,0
2,12,1.303759e6,-4.2039961119218585,-0.8017533106802975,TIME_LIMIT,103052,0,0,21,0
2,12,1.30428e6,-4.2039961119218585,-0.8017533106802975,TIME_LIMIT,103102,0,0,29,0
2,12,1.304861e6,-4.2039961119218585,-0.8017533106802975,TIME_LIMIT,103137,0,0,33,0
2,12,1.305382e6,-4.2039961119218585,-0.8017533106802975,TIME_LIMIT,103190,0,0,32,0
2,12,1.305929e6,-4.2039961119218585,-0.8017533106802975,TIME_LIMIT,103223,0,0,43,0
2,12,1.306457e6,-4.2039961119218585,-0.8017533106802975,TIME_LIMIT,103269,0,0,16,0
2,12,1.30701e6,-4.2039961119218585,-0.8017533106802975,TIME_LIMIT,103309,0,0,23,0
2,12,1.307563e6,-4.203538871895251,-0.8017533106802975,TIME_LIMIT,103348,0,0,31,0
2,12,1.308118e6,-4.203538871895251,-0.8017533106802975,TIME_LIMIT,103381,0,0,40,0
2,12,1.308654e6,-4.202751819107869,-0.8017533106802975,TIME_LIMIT,103438,0,0,31,0
2,12,1.309222e6,-4.202751819107869,-0.8017533106802975,TIME_LIMIT,103470,0,0,29,0
2,12,1.309749e6,-4.202584702353459,-0.8017533106802975,TIME_LIMIT,103525,0,0,37,0
2,12,1.310279e6,-4.202584702353459,-0.8017533106802975,TIME_LIMIT,103556,0,0,49,0
2,12,1.310823e6,-4.202584702353459,-0.8017533106802975,TIME_LIMIT,103609,0,0,25,0
2,12,1.311351e6,-4.202584702353459,-0.8017533106802975,TIME_LIMIT,103640,0,0,38,0
2,12,1.311911e6,-4.202584702353459,-0.8017533106802975,TIME_LIMIT,103696,0,0,28,0
2,12,1.312439e6,-4.202584702353459,-0.8017533106802975,TIME_LIMIT,103735,0,0,40,0
2,12,1.312967e6,-4.202584702353459,-0.8017533106802975,TIME_LIMIT,103790,0,0,35,0
2,12,1.313511e6,-4.202584702353459,-0.8017533106802975,TIME_LIMIT,103826,0,0,43,0
2,12,1.314045e6,-4.202584702353459,-0.8017533106802975,TIME_LIMIT,103873,0,0,32,0
2,12,1.314603e6,-4.202584702353459,-0.8017533106802975,TIME_LIMIT,103906,0,0,37,0
2,12,1.315162e6,-4.202584702353459,-0.8017533106802975,TIME_LIMIT,103960,0,0,33,0
2,12,1.315676e6,-4.202584702353459,-0.8017533106802975,TIME_LIMIT,103992,0,0,41,0
2,12,1.316202e6,-4.202584702353459,-0.8017533106802975,TIME_LIMIT,104043,0,0,32,0
2,12,1.316729e6,-4.202584702353459,-0.8017533106802975,TIME_LIMIT,104074,0,0,24,0
2,12,1.317287e6,-4.202584702353459,-0.8017533106802975,TIME_LIMIT,104128,0,0,35,0
2,12,1.317819e6,-4.202584702353459,-0.8017533106802975,TIME_LIMIT,104161,0,0,32,0
2,12,1.318359e6,-4.202584702353459,-0.8017533106802975,TIME_LIMIT,104212,0,0,26,0
2,12,1.318882e6,-4.202584702353459,-0.8017533106802975,TIME_LIMIT,104239,0,0,31,0
2,12,1.319406e6,-4.202584702353459,-0.8017533106802975,TIME_LIMIT,104293,0,0,33,0
2,12,1.319965e6,-4.202584702353459,-0.8017533106802975,TIME_LIMIT,104327,0,0,28,0
2,12,1.32051e6,-4.202584702353459,-0.8017533106802975,TIME_LIMIT,104381,0,0,34,0
2,12,1.321031e6,-4.202584702353459,-0.8017533106802975,TIME_LIMIT,104418,0,0,39,0
2,12,1.321621e6,-4.202584702353459,-0.8017533106802975,TIME_LIMIT,104471,0,0,36,0
2,12,1.32215e6,-4.202584702353459,-0.8017533106802975,TIME_LIMIT,104508,0,0,45,0
2,12,1.322707e6,-4.202584702353459,-0.8017533106802975,TIME_LIMIT,104560,0,0,28,0
2,12,1.32322e6,-4.202584702353459,-0.8017533106802975,TIME_LIMIT,104592,0,0,25,0
2,12,1.323744e6,-4.202584702353459,-0.8017533106802975,TIME_LIMIT,104643,0,0,33,0
2,12,1.324264e6,-4.202584702353459,-0.8017533106802975,TIME_LIMIT,104667,0,0,31,0
2,12,1.324902e6,-4.202584702353459,-0.8017533106802975,TIME_LIMIT,104718,0,0,34,0
2,12,1.325492e6,-4.202584702353459,-0.8017533106802975,TIME_LIMIT,104751,0,0,22,0
2,12,1.326054e6,-4.2012332049931995,-0.8017533106802975,TIME_LIMIT,104798,0,0,24,0
2,12,1.326573e6,-4.2012332049931995,-0.8017533106802975,TIME_LIMIT,104832,0,0,30,0
2,12,1.327095e6,-4.2012332049931995,-0.8017533106802975,TIME_LIMIT,104882,0,0,25,0
2,12,1.327609e6,-4.2012332049931995,-0.8017533106802975,TIME_LIMIT,104921,0,0,33,0
2,12,1.328134e6,-4.20095469228842,-0.8017533106802975,TIME_LIMIT,104965,0,0,35,0
2,12,1.32869e6,-4.20095469228842,-0.8017533106802975,TIME_LIMIT,105007,0,0,36,0
2,12,1.329126e6,-4.20095469228842,-0.8017533106802975,TIME_LIMIT,105047,0,0,19,0
2,12,1.329712e6,-4.20095469228842,-0.8017533106802975,TIME_LIMIT,105081,0,0,38,0
2,12,1.330262e6,-4.20095469228842,-0.8017533106802975,TIME_LIMIT,105135,0,0,30,0
2,12,1.330768e6,-4.20095469228842,-0.8017533106802975,TIME_LIMIT,105171,0,0,32,0
2,12,1.331278e6,-4.20095469228842,-0.8017533106802975,TIME_LIMIT,105223,0,0,25,0
2,12,1.331905e6,-4.20095469228842,-0.8017533106802975,TIME_LIMIT,105256,0,0,35,0
2,12,1.332481e6,-4.20095469228842,-0.8017533106802975,TIME_LIMIT,105305,0,0,29,0
2,12,1.332999e6,-4.20095469228842,-0.8017533106802975,TIME_LIMIT,105348,0,0,48,0
2,12,1.333555e6,-4.20095469228842,-0.8017533106802975,TIME_LIMIT,105401,0,0,27,0
2,12,1.334119e6,-4.20095469228842,-0.8017533106802975,TIME_LIMIT,105437,0,0,32,0
2,12,1.3347e6,-4.20095469228842,-0.8017533106802975,TIME_LIMIT,105486,0,0,25,0
2,12,1.335144e6,-4.20095469228842,-0.8017533106802975,TIME_LIMIT,105523,0,0,44,0
2,12,1.335717e6,-4.20095469228842,-0.8017533106802975,TIME_LIMIT,105575,0,0,32,0
2,12,1.336226e6,-4.20095469228842,-0.8017533106802975,TIME_LIMIT,105609,0,0,47,0
2,12,1.336778e6,-4.20095469228842,-0.8017533106802975,TIME_LIMIT,105658,0,0,18,0
2,12,1.337295e6,-4.20095469228842,-0.8017533106802975,TIME_LIMIT,105690,0,0,42,0
2,12,1.337813e6,-4.20095469228842,-0.8017533106802975,TIME_LIMIT,105743,0,0,36,0
2,12,1.338321e6,-4.20095469228842,-0.8017533106802975,TIME_LIMIT,105773,0,0,35,0
2,12,1.338881e6,-4.20095469228842,-0.8017533106802975,TIME_LIMIT,105830,0,0,35,0
2,12,1.339467e6,-4.20095469228842,-0.8017533106802975,TIME_LIMIT,105875,0,0,24,0
2,12,1.34002e6,-4.20095469228842,-0.8017533106802975,TIME_LIMIT,105916,0,0,22,0
2,12,1.340561e6,-4.20095469228842,-0.8017533106802975,TIME_LIMIT,105961,0,0,34,0
2,12,1.341147e6,-4.20095469228842,-0.8017533106802975,TIME_LIMIT,106003,0,0,34,0
2,12,1.341698e6,-4.20095469228842,-0.8017533106802975,TIME_LIMIT,106034,0,0,39,0
2,12,1.342271e6,-4.20095469228842,-0.8017533106802975,TIME_LIMIT,106087,0,0,26,0
2,12,1.342819e6,-4.20095469228842,-0.8017533106802975,TIME_LIMIT,106117,0,0,32,0
2,12,1.343397e6,-4.20095469228842,-0.8017533106802975,TIME_LIMIT,106165,0,0,31,0
2,12,1.343915e6,-4.20095469228842,-0.8017533106802975,TIME_LIMIT,106195,0,0,28,0
2,12,1.344431e6,-4.20095469228842,-0.8017533106802975,TIME_LIMIT,106239,0,0,28,0
2,12,1.344937e6,-4.20095469228842,-0.8017533106802975,TIME_LIMIT,106267,0,0,33,0
2,12,1.345464e6,-4.20095469228842,-0.8017533106802975,TIME_LIMIT,106316,0,0,27,0
2,12,1.346059e6,-4.20095469228842,-0.8017533106802975,TIME_LIMIT,106345,0,0,39,0
2,12,1.346692e6,-4.200537413803159,-0.8017533106802975,TIME_LIMIT,106393,0,0,29,0
2,12,1.347291e6,-4.200537413803159,-0.8017533106802975,TIME_LIMIT,106428,0,0,22,0
2,12,1.347846e6,-4.200183456068838,-0.8017533106802975,TIME_LIMIT,106479,0,0,31,0
2,12,1.348425e6,-4.200183456068838,-0.8017533106802975,TIME_LIMIT,106512,0,0,24,0
2,12,1.348942e6,-4.200040881372832,-0.8017533106802975,TIME_LIMIT,106565,0,0,26,0
2,12,1.349485e6,-4.200040881372832,-0.8017533106802975,TIME_LIMIT,106596,0,0,43,0
2,12,1.350055e6,-4.200040881372832,-0.8017533106802975,TIME_LIMIT,106649,0,0,34,0
2,12,1.350574e6,-4.200040881372832,-0.8017533106802975,TIME_LIMIT,106682,0,0,39,0
2,12,1.35108e6,-4.199009548976861,-0.8017533106802975,TIME_LIMIT,106734,0,0,31,0
2,12,1.351631e6,-4.199009548976861,-0.8017533106802975,TIME_LIMIT,106772,0,0,21,0
2,12,1.352177e6,-4.198020638260305,-0.8017533106802975,TIME_LIMIT,106823,0,0,26,0
2,12,1.35274e6,-4.198020638260305,-0.8017533106802975,TIME_LIMIT,106858,0,0,41,0
2,12,1.353276e6,-4.198020638260305,-0.8017533106802975,TIME_LIMIT,106897,0,0,35,0
2,12,1.353793e6,-4.198020638260305,-0.8017533106802975,TIME_LIMIT,106924,0,0,34,0
2,12,1.354342e6,-4.197932660487618,-0.8017533106802975,TIME_LIMIT,106974,0,0,27,0
2,12,1.354894e6,-4.197932660487618,-0.8017533106802975,TIME_LIMIT,107007,0,0,37,0
2,12,1.355443e6,-4.197872098037314,-0.8017533106802975,TIME_LIMIT,107054,0,0,45,0
2,12,1.355959e6,-4.197872098037314,-0.8017533106802975,TIME_LIMIT,107079,0,0,38,0
2,12,1.356512e6,-4.197220664316051,-0.8017533106802975,TIME_LIMIT,107129,0,0,33,0
2,12,1.357056e6,-4.197220664316051,-0.8017533106802975,TIME_LIMIT,107166,0,0,32,0
2,12,1.357611e6,-4.1970920349649665,-0.8017533106802975,TIME_LIMIT,107209,0,0,33,0
2,12,1.358168e6,-4.1970920349649665,-0.8017533106802975,TIME_LIMIT,107241,0,0,36,0
2,12,1.358678e6,-4.1970920349649665,-0.8017533106802975,TIME_LIMIT,107294,0,0,31,0
2,12,1.359197e6,-4.1970920349649665,-0.8017533106802975,TIME_LIMIT,107333,0,0,44,0
2,12,1.359753e6,-4.1970920349649665,-0.8017533106802975,TIME_LIMIT,107385,0,0,37,0
2,12,1.360308e6,-4.1970920349649665,-0.8017533106802975,TIME_LIMIT,107418,0,0,33,0
2,12,1.360819e6,-4.1970920349649665,-0.8017533106802975,TIME_LIMIT,107471,0,0,34,0
2,12,1.361343e6,-4.1970920349649665,-0.8017533106802975,TIME_LIMIT,107510,0,0,35,0
2,12,1.361898e6,-4.1970920349649665,-0.8017533106802975,TIME_LIMIT,107550,0,0,37,0
2,12,1.362451e6,-4.1970920349649665,-0.8017533106802975,TIME_LIMIT,107581,0,0,42,0
2,12,1.363045e6,-4.19703858849331,-0.8017533106802975,TIME_LIMIT,107626,0,0,30,0
2,12,1.363567e6,-4.19703858849331,-0.8017533106802975,TIME_LIMIT,107655,0,0,37,0
2,12,1.364125e6,-4.196948328154601,-0.8017533106802975,TIME_LIMIT,107711,0,0,26,0
2,12,1.364641e6,-4.196948328154601,-0.8017533106802975,TIME_LIMIT,107747,0,0,29,0
2,12,1.365167e6,-4.1968820732136365,-0.8017533106802975,TIME_LIMIT,107797,0,0,32,0
2,12,1.365689e6,-4.1968820732136365,-0.8017533106802975,TIME_LIMIT,107829,0,0,21,0
2,12,1.366161e6,-4.1968155080653755,-0.8017533106802975,TIME_LIMIT,107880,0,0,38,0
2,12,1.366679e6,-4.1968155080653755,-0.8017533106802975,TIME_LIMIT,107923,0,0,49,0
2,12,1.367206e6,-4.196492378480757,-0.8017533106802975,TIME_LIMIT,107961,0,0,37,0
2,12,1.367767e6,-4.196492378480757,-0.8017533106802975,TIME_LIMIT,107990,0,0,47,0
2,12,1.36828e6,-4.195965942855888,-0.8017533106802975,TIME_LIMIT,108040,0,0,30,0
2,12,1.368804e6,-4.195965942855888,-0.8017533106802975,TIME_LIMIT,108073,0,0,37,0
2,12,1.36933e6,-4.195939669797843,-0.8017533106802975,TIME_LIMIT,108119,0,0,40,0
2,12,1.369857e6,-4.195939669797843,-0.8017533106802975,TIME_LIMIT,108155,0,0,32,0
2,12,1.370377e6,-4.195521116801648,-0.8017533106802975,TIME_LIMIT,108199,0,0,30,0
2,12,1.370945e6,-4.195521116801648,-0.8017533106802975,TIME_LIMIT,108228,0,0,40,0
2,12,1.371542e6,-4.195521116801648,-0.8017533106802975,TIME_LIMIT,108283,0,0,36,0
2,12,1.37214e6,-4.195521116801648,-0.8017533106802975,TIME_LIMIT,108312,0,0,41,0
2,12,1.372712e6,-4.195421833485729,-0.8017533106802975,TIME_LIMIT,108368,0,0,33,0
2,12,1.373238e6,-4.195421833485729,-0.8017533106802975,TIME_LIMIT,108392,0,0,34,0
2,12,1.3738e6,-4.1954090355306635,-0.8017533106802975,TIME_LIMIT,108437,0,0,24,0
2,12,1.37435e6,-4.1954090355306635,-0.8017533106802975,TIME_LIMIT,108470,0,0,40,0
2,12,1.374877e6,-4.1954090355306635,-0.8017533106802975,TIME_LIMIT,108527,0,0,24,0
2,12,1.375465e6,-4.1954090355306635,-0.8017533106802975,TIME_LIMIT,108567,0,0,39,0
2,12,1.376004e6,-4.1954090355306635,-0.8017533106802975,TIME_LIMIT,108622,0,0,34,0
2,12,1.376608e6,-4.1954090355306635,-0.8017533106802975,TIME_LIMIT,108655,0,0,40,0
2,12,1.377177e6,-4.195214517991576,-0.8017533106802975,TIME_LIMIT,108707,0,0,29,0
2,12,1.377697e6,-4.195214517991576,-0.8017533106802975,TIME_LIMIT,108734,0,0,20,0
2,12,1.378224e6,-4.195041736757014,-0.8017533106802975,TIME_LIMIT,108787,0,0,29,0
2,12,1.378754e6,-4.195041736757014,-0.8017533106802975,TIME_LIMIT,108812,0,0,35,0
2,12,1.379305e6,-4.193422773898346,-0.8017533106802975,TIME_LIMIT,108858,0,0,19,0
2,12,1.379822e6,-4.193422773898346,-0.8017533106802975,TIME_LIMIT,108895,0,0,43,0
2,12,1.38038e6,-4.193119784020775,-0.8017533106802975,TIME_LIMIT,108952,0,0,33,0
2,12,1.380939e6,-4.193119784020775,-0.8017533106802975,TIME_LIMIT,108988,0,0,17,0
2,12,1.381456e6,-4.193119784020775,-0.8017533106802975,TIME_LIMIT,109033,0,0,31,0
2,12,1.38199e6,-4.193119784020775,-0.8017533106802975,TIME_LIMIT,109072,0,0,35,0
2,12,1.382534e6,-4.193119784020775,-0.8017533106802975,TIME_LIMIT,109105,0,0,32,0
2,12,1.383057e6,-4.193119784020775,-0.8017533106802975,TIME_LIMIT,109137,0,0,40,0
2,12,1.383605e6,-4.193119784020775,-0.8017533106802975,TIME_LIMIT,109187,0,0,19,0
2,12,1.384195e6,-4.193119784020775,-0.8017533106802975,TIME_LIMIT,109219,0,0,26,0
2,12,1.384719e6,-4.193119784020775,-0.8017533106802975,TIME_LIMIT,109257,0,0,32,0
2,12,1.385231e6,-4.193119784020775,-0.8017533106802975,TIME_LIMIT,109283,0,0,34,0
2,12,1.385754e6,-4.1930291488160565,-0.8017533106802975,TIME_LIMIT,109331,0,0,31,0
2,12,1.386345e6,-4.1930291488160565,-0.8017533106802975,TIME_LIMIT,109362,0,0,35,0
2,12,1.386946e6,-4.192951400655241,-0.8017533106802975,TIME_LIMIT,109412,0,0,29,0
2,12,1.387563e6,-4.192951400655241,-0.8017533106802975,TIME_LIMIT,109444,0,0,40,0
2,12,1.388117e6,-4.192387930177183,-0.8017533106802975,TIME_LIMIT,109491,0,0,31,0
2,12,1.388673e6,-4.192387930177183,-0.8017533106802975,TIME_LIMIT,109528,0,0,33,0
2,12,1.389217e6,-4.192387930177183,-0.8017533106802975,TIME_LIMIT,109577,0,0,27,0
2,12,1.389754e6,-4.192387930177183,-0.8017533106802975,TIME_LIMIT,109617,0,0,13,0
2,12,1.39025e6,-4.191855007029436,-0.8017533106802975,TIME_LIMIT,109659,0,0,39,0
2,12,1.390769e6,-4.191855007029436,-0.8017533106802975,TIME_LIMIT,109696,0,0,48,0
2,12,1.391277e6,-4.1917590498658495,-0.8017533106802975,TIME_LIMIT,109755,0,0,16,0
2,12,1.391795e6,-4.1917590498658495,-0.8017533106802975,TIME_LIMIT,109795,0,0,36,0
2,12,1.392349e6,-4.1917590498658495,-0.8017533106802975,TIME_LIMIT,109837,0,0,17,0
2,12,1.392856e6,-4.1917590498658495,-0.8017533106802975,TIME_LIMIT,109866,0,0,41,0
2,12,1.393435e6,-4.1917590498658495,-0.8017533106802975,TIME_LIMIT,109923,0,0,30,0
2,12,1.394022e6,-4.1917590498658495,-0.8017533106802975,TIME_LIMIT,109959,0,0,44,0
2,12,1.394575e6,-4.191689411363386,-0.8017533106802975,TIME_LIMIT,110013,0,0,23,0
2,12,1.395132e6,-4.191689411363386,-0.8017533106802975,TIME_LIMIT,110053,0,0,46,0
2,12,1.395684e6,-4.191689411363386,-0.8017533106802975,TIME_LIMIT,110103,0,0,32,0
2,12,1.396239e6,-4.191689411363386,-0.8017533106802975,TIME_LIMIT,110126,0,0,48,0
2,12,1.396748e6,-4.191689411363386,-0.8017533106802975,TIME_LIMIT,110177,0,0,29,0
2,12,1.397263e6,-4.191689411363386,-0.8017533106802975,TIME_LIMIT,110209,0,0,34,0
2,12,1.397777e6,-4.191689411363386,-0.8017533106802975,TIME_LIMIT,110263,0,0,32,0
2,12,1.398285e6,-4.191689411363386,-0.8017533106802975,TIME_LIMIT,110295,0,0,27,0
2,12,1.398859e6,-4.190361339856778,-0.8017533106802975,TIME_LIMIT,110347,0,0,33,0
2,12,1.399433e6,-4.190361339856778,-0.8017533106802975,TIME_LIMIT,110389,0,0,30,0
2,12,1.400011e6,-4.189848600067534,-0.8017533106802975,TIME_LIMIT,110424,0,0,33,0
2,12,1.400529e6,-4.189848600067534,-0.8017533106802975,TIME_LIMIT,110456,0,0,32,0
2,12,1.401046e6,-4.189848600067534,-0.8017533106802975,TIME_LIMIT,110510,0,0,39,0
2,12,1.401611e6,-4.189848600067534,-0.8017533106802975,TIME_LIMIT,110546,0,0,31,0
2,12,1.402246e6,-4.189634995617188,-0.8017533106802975,TIME_LIMIT,110592,0,0,32,0
2,12,1.402858e6,-4.189634995617188,-0.8017533106802975,TIME_LIMIT,110621,0,0,41,0
2,12,1.403367e6,-4.189634995617188,-0.8017533106802975,TIME_LIMIT,110671,0,0,17,0
2,12,1.403958e6,-4.189634995617188,-0.8017533106802975,TIME_LIMIT,110703,0,0,39,0
2,12,1.404484e6,-4.189634995617188,-0.8017533106802975,TIME_LIMIT,110756,0,0,33,0
2,12,1.405046e6,-4.189634995617188,-0.8017533106802975,TIME_LIMIT,110796,0,0,43,0
2,12,1.405599e6,-4.189022239455888,-0.8017533106802975,TIME_LIMIT,110842,0,0,21,0
2,12,1.406153e6,-4.189022239455888,-0.8017533106802975,TIME_LIMIT,110887,0,0,14,0
2,12,1.406706e6,-4.189022239455888,-0.8017533106802975,TIME_LIMIT,110924,0,0,29,0
2,12,1.407267e6,-4.189022239455888,-0.8017533106802975,TIME_LIMIT,110962,0,0,33,0
2,12,1.407837e6,-4.189022239455888,-0.8017533106802975,TIME_LIMIT,110997,0,0,33,0
2,12,1.408387e6,-4.189022239455888,-0.8017533106802975,TIME_LIMIT,111026,0,0,36,0
2,12,1.408896e6,-4.188005892159054,-0.8017533106802975,TIME_LIMIT,111075,0,0,27,0
2,12,1.409415e6,-4.188005892159054,-0.8017533106802975,TIME_LIMIT,111113,0,0,41,0
2,12,1.40997e6,-4.188005892159054,-0.8017533106802975,TIME_LIMIT,111162,0,0,25,0
2,12,1.41048e6,-4.188005892159054,-0.8017533106802975,TIME_LIMIT,111203,0,0,24,0
2,12,1.411032e6,-4.188005892159054,-0.8017533106802975,TIME_LIMIT,111255,0,0,32,0
2,12,1.41162e6,-4.188005892159054,-0.8017533106802975,TIME_LIMIT,111295,0,0,42,0
2,12,1.412165e6,-4.188005892159054,-0.8017533106802975,TIME_LIMIT,111327,0,0,35,0
2,12,1.412741e6,-4.188005892159054,-0.8017533106802975,TIME_LIMIT,111358,0,0,25,0
2,12,1.413261e6,-4.188005892159054,-0.8017533106802975,TIME_LIMIT,111419,0,0,38,0
2,12,1.413837e6,-4.188005892159054,-0.8017533106802975,TIME_LIMIT,111451,0,0,24,0
2,12,1.414412e6,-4.18736713779178,-0.8017533106802975,TIME_LIMIT,111499,0,0,30,0
2,12,1.414935e6,-4.18736713779178,-0.8017533106802975,TIME_LIMIT,111527,0,0,39,0
2,12,1.415448e6,-4.187020773146369,-0.8017533106802975,TIME_LIMIT,111576,0,0,31,0
2,12,1.415971e6,-4.187020773146369,-0.8017533106802975,TIME_LIMIT,111603,0,0,41,0
2,12,1.416495e6,-4.187020773146369,-0.8017533106802975,TIME_LIMIT,111661,0,0,19,0
2,12,1.41701e6,-4.187020773146369,-0.8017533106802975,TIME_LIMIT,111692,0,0,47,0
2,12,1.417575e6,-4.187020773146369,-0.8017533106802975,TIME_LIMIT,111746,0,0,33,0
2,12,1.4181e6,-4.187020773146369,-0.8017533106802975,TIME_LIMIT,111784,0,0,33,0
2,12,1.418611e6,-4.1869330505957745,-0.8017533106802975,TIME_LIMIT,111840,0,0,32,0
2,12,1.419174e6,-4.1869330505957745,-0.8017533106802975,TIME_LIMIT,111873,0,0,37,0
2,12,1.419714e6,-4.1869330505957745,-0.8017533106802975,TIME_LIMIT,111924,0,0,27,0
2,12,1.420261e6,-4.1869330505957745,-0.8017533106802975,TIME_LIMIT,111961,0,0,36,0
2,12,1.420818e6,-4.186917746512293,-0.8017533106802975,TIME_LIMIT,112018,0,0,35,0
2,12,1.421415e6,-4.186917746512293,-0.8017533106802975,TIME_LIMIT,112048,0,0,33,0
2,12,1.421932e6,-4.186917746512293,-0.8017533106802975,TIME_LIMIT,112105,0,0,34,0
2,12,1.422458e6,-4.186917746512293,-0.8017533106802975,TIME_LIMIT,112136,0,0,37,0
2,12,1.422985e6,-4.186590383919558,-0.8017533106802975,TIME_LIMIT,112194,0,0,32,0
2,12,1.423506e6,-4.186590383919558,-0.8017533106802975,TIME_LIMIT,112227,0,0,24,0
2,12,1.424032e6,-4.186478080381407,-0.8017533106802975,TIME_LIMIT,112279,0,0,11,0
2,12,1.424631e6,-4.186478080381407,-0.8017533106802975,TIME_LIMIT,112313,0,0,45,0
2,12,1.425148e6,-4.186418434939468,-0.8017533106802975,TIME_LIMIT,112365,0,0,33,0
2,12,1.425675e6,-4.186418434939468,-0.8017533106802975,TIME_LIMIT,112399,0,0,44,0
2,12,1.426227e6,-4.186295112003377,-0.8017533106802975,TIME_LIMIT,112455,0,0,37,0
2,12,1.426824e6,-4.186295112003377,-0.8017533106802975,TIME_LIMIT,112486,0,0,40,0
2,12,1.427385e6,-4.186052797232237,-0.8017533106802975,TIME_LIMIT,112533,0,0,33,0
2,12,1.427936e6,-4.186052797232237,-0.8017533106802975,TIME_LIMIT,112564,0,0,21,0
2,12,1.428469e6,-4.1859951721670825,-0.8017533106802975,TIME_LIMIT,112619,0,0,14,0
2,12,1.428996e6,-4.1859951721670825,-0.8017533106802975,TIME_LIMIT,112654,0,0,36,0
2,12,1.429584e6,-4.185891360379392,-0.8017533106802975,TIME_LIMIT,112708,0,0,28,0
2,12,1.430109e6,-4.185891360379392,-0.8017533106802975,TIME_LIMIT,112737,0,0,29,0
2,12,1.430652e6,-4.185264483146048,-0.8017533106802975,TIME_LIMIT,112784,0,0,13,0
2,12,1.431275e6,-4.185264483146048,-0.8017533106802975,TIME_LIMIT,112827,0,0,25,0
2,12,1.431804e6,-4.185264483146048,-0.8017533106802975,TIME_LIMIT,112866,0,0,34,0
2,12,1.432393e6,-4.185264483146048,-0.8017533106802975,TIME_LIMIT,112895,0,0,17,0
2,12,1.43291e6,-4.185264483146048,-0.8017533106802975,TIME_LIMIT,112949,0,0,34,0
2,12,1.433477e6,-4.185264483146048,-0.8017533106802975,TIME_LIMIT,112987,0,0,34,0
2,12,1.43407e6,-4.1851996847236865,-0.8017533106802975,TIME_LIMIT,113022,0,0,33,0
2,12,1.434645e6,-4.1851996847236865,-0.8017533106802975,TIME_LIMIT,113055,0,0,30,0
2,12,1.435103e6,-4.1851996847236865,-0.8017533106802975,TIME_LIMIT,113114,0,0,36,0
2,12,1.435655e6,-4.1851996847236865,-0.8017533106802975,TIME_LIMIT,113151,0,0,49,0
2,12,1.43618e6,-4.1851996847236865,-0.8017533106802975,TIME_LIMIT,113198,0,0,32,0
2,12,1.436714e6,-4.1851996847236865,-0.8017533106802975,TIME_LIMIT,113225,0,0,41,0
2,12,1.43729e6,-4.1851996847236865,-0.8017533106802975,TIME_LIMIT,113276,0,0,29,0
2,12,1.437813e6,-4.1851996847236865,-0.8017533106802975,TIME_LIMIT,113311,0,0,32,0
2,12,1.438338e6,-4.1851996847236865,-0.8017533106802975,TIME_LIMIT,113359,0,0,31,0
2,12,1.438847e6,-4.1851996847236865,-0.8017533106802975,TIME_LIMIT,113391,0,0,33,0
2,12,1.439367e6,-4.184974865112366,-0.8017533106802975,TIME_LIMIT,113445,0,0,27,0
2,12,1.43991e6,-4.184974865112366,-0.8017533106802975,TIME_LIMIT,113476,0,0,42,0
2,12,1.440445e6,-4.184789357109996,-0.8017533106802975,TIME_LIMIT,113529,0,0,28,0
2,12,1.440986e6,-4.184789357109996,-0.8017533106802975,TIME_LIMIT,113557,0,0,33,0
2,12,1.4415e6,-4.183877370245017,-0.8017533106802975,TIME_LIMIT,113608,0,0,31,0
2,12,1.442058e6,-4.183877370245017,-0.8017533106802975,TIME_LIMIT,113637,0,0,14,0
2,12,1.442577e6,-4.1837253607085145,-0.8017533106802975,TIME_LIMIT,113683,0,0,27,0
2,12,1.443152e6,-4.1837253607085145,-0.8017533106802975,TIME_LIMIT,113715,0,0,22,0
2,12,1.44372e6,-4.1837253607085145,-0.8017533106802975,TIME_LIMIT,113768,0,0,13,0
2,12,1.444249e6,-4.1837253607085145,-0.8017533106802975,TIME_LIMIT,113815,0,0,27,0
2,12,1.444761e6,-4.18345842760975,-0.8017533106802975,TIME_LIMIT,113848,0,0,45,0
2,12,1.44536e6,-4.18345842760975,-0.8017533106802975,TIME_LIMIT,113887,0,0,42,0
2,12,1.445905e6,-4.18345842760975,-0.8017533106802975,TIME_LIMIT,113939,0,0,33,0
2,12,1.44645e6,-4.18345842760975,-0.8017533106802975,TIME_LIMIT,113972,0,0,45,0
2,12,1.446968e6,-4.18345842760975,-0.8017533106802975,TIME_LIMIT,114025,0,0,34,0
2,12,1.44748e6,-4.18345842760975,-0.8017533106802975,TIME_LIMIT,114054,0,0,45,0
2,12,1.448034e6,-4.182518960261854,-0.8017533106802975,TIME_LIMIT,114112,0,0,20,0
2,12,1.448554e6,-4.182518960261854,-0.8017533106802975,TIME_LIMIT,114139,0,0,33,0
2,12,1.449087e6,-4.182413774962825,-0.8017533106802975,TIME_LIMIT,114196,0,0,34,0
2,12,1.449616e6,-4.182413774962825,-0.8017533106802975,TIME_LIMIT,114227,0,0,29,0
2,12,1.450206e6,-4.1817184194665735,-0.8017533106802975,TIME_LIMIT,114277,0,0,19,0
2,12,1.450712e6,-4.1817184194665735,-0.8017533106802975,TIME_LIMIT,114312,0,0,34,0
2,12,1.451228e6,-4.180968139940646,-0.8017533106802975,TIME_LIMIT,114354,0,0,22,0
2,12,1.451807e6,-4.180968139940646,-0.8017533106802975,TIME_LIMIT,114385,0,0,28,0
2,12,1.452329e6,-4.1808830812587825,-0.8017533106802975,TIME_LIMIT,114434,0,0,24,0
2,12,1.452847e6,-4.1808830812587825,-0.8017533106802975,TIME_LIMIT,114469,0,0,39,0
2,12,1.453355e6,-4.1808830812587825,-0.8017533106802975,TIME_LIMIT,114522,0,0,29,0
2,12,1.453873e6,-4.1808830812587825,-0.8017533106802975,TIME_LIMIT,114548,0,0,30,0
2,12,1.454388e6,-4.1807867136973185,-0.8017533106802975,TIME_LIMIT,114599,0,0,29,0
2,12,1.454936e6,-4.1807867136973185,-0.8017533106802975,TIME_LIMIT,114634,0,0,51,0
2,12,1.455596e6,-4.1807867136973185,-0.8017533106802975,TIME_LIMIT,114685,0,0,31,0
2,12,1.456106e6,-4.1807867136973185,-0.8017533106802975,TIME_LIMIT,114718,0,0,48,0
2,12,1.45666e6,-4.1807867136973185,-0.8017533106802975,TIME_LIMIT,114768,0,0,20,0
2,12,1.457179e6,-4.1807867136973185,-0.8017533106802975,TIME_LIMIT,114809,0,0,38,0
2,12,1.457764e6,-4.1807867136973185,-0.8017533106802975,TIME_LIMIT,114850,0,0,29,0
2,12,1.45829e6,-4.1807867136973185,-0.8017533106802975,TIME_LIMIT,114885,0,0,49,0
2,12,1.458816e6,-4.1807867136973185,-0.8017533106802975,TIME_LIMIT,114939,0,0,40,0
2,12,1.459329e6,-4.1807867136973185,-0.8017533106802975,TIME_LIMIT,114963,0,0,26,0
2,12,1.459846e6,-4.180355853083676,-0.8017533106802975,TIME_LIMIT,115012,0,0,24,0
2,12,1.460356e6,-4.180355853083676,-0.8017533106802975,TIME_LIMIT,115044,0,0,38,0
2,12,1.460947e6,-4.17989760283,-0.8017533106802975,TIME_LIMIT,115102,0,0,33,0
2,12,1.461466e6,-4.17989760283,-0.8017533106802975,TIME_LIMIT,115133,0,0,38,0
2,12,1.462053e6,-4.179764331532861,-0.8017533106802975,TIME_LIMIT,115181,0,0,27,0
2,12,1.462575e6,-4.179764331532861,-0.8017533106802975,TIME_LIMIT,115214,0,0,39,0
2,12,1.463127e6,-4.179608969845806,-0.8017533106802975,TIME_LIMIT,115262,0,0,29,0
2,12,1.463636e6,-4.179608969845806,-0.8017533106802975,TIME_LIMIT,115298,0,0,42,0
2,12,1.46419e6,-4.179608969845806,-0.8017533106802975,TIME_LIMIT,115342,0,0,29,0
2,12,1.464698e6,-4.179608969845806,-0.8017533106802975,TIME_LIMIT,115371,0,0,37,0
2,12,1.465256e6,-4.179608969845806,-0.8017533106802975,TIME_LIMIT,115422,0,0,28,0
2,12,1.465782e6,-4.179608969845806,-0.8017533106802975,TIME_LIMIT,115456,0,0,37,0
2,12,1.466387e6,-4.179143679540854,-0.8017533106802975,TIME_LIMIT,115506,0,0,30,0
2,12,1.46696e6,-4.179143679540854,-0.8017533106802975,TIME_LIMIT,115541,0,0,39,0
2,12,1.467505e6,-4.179136869846614,-0.8017533106802975,TIME_LIMIT,115594,0,0,22,0
2,12,1.468027e6,-4.179136869846614,-0.8017533106802975,TIME_LIMIT,115626,0,0,24,0
2,12,1.468546e6,-4.17874045007161,-0.8017533106802975,TIME_LIMIT,115677,0,0,18,0
2,12,1.469056e6,-4.17874045007161,-0.8017533106802975,TIME_LIMIT,115706,0,0,33,0
2,12,1.469618e6,-4.178618346878478,-0.8017533106802975,TIME_LIMIT,115755,0,0,34,0
2,12,1.470136e6,-4.178618346878478,-0.8017533106802975,TIME_LIMIT,115803,0,0,38,0
2,12,1.470662e6,-4.178618346878478,-0.8017533106802975,TIME_LIMIT,115847,0,0,21,0
2,12,1.471188e6,-4.178618346878478,-0.8017533106802975,TIME_LIMIT,115883,0,0,29,0
2,12,1.471695e6,-4.1778783715510075,-0.8017533106802975,TIME_LIMIT,115920,0,0,26,0
2,12,1.472248e6,-4.1778783715510075,-0.8017533106802975,TIME_LIMIT,115954,0,0,45,0
2,12,1.472827e6,-4.17769184285582,-0.8017533106802975,TIME_LIMIT,116008,0,0,33,0
2,12,1.473388e6,-4.17769184285582,-0.8017533106802975,TIME_LIMIT,116041,0,0,38,0
2,12,1.47395e6,-4.17769184285582,-0.8017533106802975,TIME_LIMIT,116101,0,0,23,0
2,12,1.474524e6,-4.17769184285582,-0.8017533106802975,TIME_LIMIT,116150,0,0,39,0
2,12,1.475083e6,-4.17769184285582,-0.8017533106802975,TIME_LIMIT,116195,0,0,32,0
2,12,1.475633e6,-4.17769184285582,-0.8017533106802975,TIME_LIMIT,116224,0,0,33,0
2,12,1.47631e6,-4.177346655924122,-0.8017533106802975,TIME_LIMIT,116272,0,0,27,0
2,12,1.476858e6,-4.177346655924122,-0.8017533106802975,TIME_LIMIT,116305,0,0,20,0
2,12,1.477384e6,-4.177346655924122,-0.8017533106802975,TIME_LIMIT,116363,0,0,15,0
2,12,1.478034e6,-4.177346655924122,-0.8017533106802975,TIME_LIMIT,116399,0,0,34,0
2,12,1.478648e6,-4.177346655924122,-0.8017533106802975,TIME_LIMIT,116439,0,0,33,0
2,12,1.479172e6,-4.177346655924122,-0.8017533106802975,TIME_LIMIT,116468,0,0,41,0
2,12,1.479697e6,-4.177346655924122,-0.8017533106802975,TIME_LIMIT,116519,0,0,27,0
2,12,1.480221e6,-4.177346655924122,-0.8017533106802975,TIME_LIMIT,116555,0,0,23,0
2,12,1.48076e6,-4.177040195165499,-0.8017533106802975,TIME_LIMIT,116611,0,0,27,0
2,12,1.481282e6,-4.177040195165499,-0.8017533106802975,TIME_LIMIT,116639,0,0,36,0
2,12,1.481812e6,-4.176624418132252,-0.8017533106802975,TIME_LIMIT,116703,0,0,38,0
2,12,1.482375e6,-4.176624418132252,-0.8017533106802975,TIME_LIMIT,116738,0,0,39,0
2,12,1.482964e6,-4.17646034755449,-0.8017533106802975,TIME_LIMIT,116795,0,0,29,0
2,12,1.483493e6,-4.17646034755449,-0.8017533106802975,TIME_LIMIT,116825,0,0,36,0
2,12,1.484041e6,-4.176197848235411,-0.8017533106802975,TIME_LIMIT,116876,0,0,32,0
2,12,1.484647e6,-4.176197848235411,-0.8017533106802975,TIME_LIMIT,116910,0,0,39,0
2,12,1.485081e6,-4.176197848235411,-0.8017533106802975,TIME_LIMIT,116969,0,0,20,0
2,12,1.485641e6,-4.176197848235411,-0.8017533106802975,TIME_LIMIT,117004,0,0,28,0
2,12,1.486175e6,-4.176197848235411,-0.8017533106802975,TIME_LIMIT,117058,0,0,32,0
2,12,1.48676e6,-4.176197848235411,-0.8017533106802975,TIME_LIMIT,117103,0,0,34,0
2,12,1.487273e6,-4.176197848235411,-0.8017533106802975,TIME_LIMIT,117146,0,0,35,0
2,12,1.487838e6,-4.176197848235411,-0.8017533106802975,TIME_LIMIT,117183,0,0,27,0
2,12,1.488393e6,-4.176197848235411,-0.8017533106802975,TIME_LIMIT,117222,0,0,24,0
2,12,1.488967e6,-4.176197848235411,-0.8017533106802975,TIME_LIMIT,117258,0,0,27,0
2,12,1.489495e6,-4.176197848235411,-0.8017533106802975,TIME_LIMIT,117311,0,0,16,0
2,12,1.490067e6,-4.176197848235411,-0.8017533106802975,TIME_LIMIT,117349,0,0,33,0
2,12,1.490646e6,-4.176197848235411,-0.8017533106802975,TIME_LIMIT,117394,0,0,37,0
2,12,1.491197e6,-4.176197848235411,-0.8017533106802975,TIME_LIMIT,117425,0,0,38,0
2,12,1.49172e6,-4.176046068829374,-0.8017533106802975,TIME_LIMIT,117480,0,0,29,0
2,12,1.492244e6,-4.176046068829374,-0.8017533106802975,TIME_LIMIT,117515,0,0,32,0
2,12,1.49277e6,-4.176046068829374,-0.8017533106802975,TIME_LIMIT,117574,0,0,41,0
2,12,1.493421e6,-4.176046068829374,-0.8017533106802975,TIME_LIMIT,117600,0,0,39,0
2,12,1.493972e6,-4.175799985355587,-0.8017533106802975,TIME_LIMIT,117649,0,0,28,0
2,12,1.494538e6,-4.175799985355587,-0.8017533106802975,TIME_LIMIT,117679,0,0,48,0
2,12,1.495056e6,-4.175799985355587,-0.8017533106802975,TIME_LIMIT,117732,0,0,30,0
2,12,1.495584e6,-4.175799985355587,-0.8017533106802975,TIME_LIMIT,117758,0,0,44,0
2,12,1.49611e6,-4.175799985355587,-0.8017533106802975,TIME_LIMIT,117813,0,0,31,0
2,12,1.496625e6,-4.175799985355587,-0.8017533106802975,TIME_LIMIT,117841,0,0,31,0
2,12,1.497184e6,-4.175799985355587,-0.8017533106802975,TIME_LIMIT,117891,0,0,27,0
2,12,1.4977e6,-4.175799985355587,-0.8017533106802975,TIME_LIMIT,117927,0,0,28,0
2,12,1.49826e6,-4.1755988030688735,-0.8017533106802975,TIME_LIMIT,117970,0,0,28,0
2,12,1.498827e6,-4.1755988030688735,-0.8017533106802975,TIME_LIMIT,118015,0,0,22,0
2,12,1.499372e6,-4.1755988030688735,-0.8017533106802975,TIME_LIMIT,118068,0,0,37,0
2,12,1.499939e6,-4.1755988030688735,-0.8017533106802975,TIME_LIMIT,118113,0,0,40,0
2,12,1.500518e6,-4.1755988030688735,-0.8017533106802975,TIME_LIMIT,118147,0,0,20,0
2,12,1.50104e6,-4.1755988030688735,-0.8017533106802975,TIME_LIMIT,118176,0,0,29,0
2,12,1.501553e6,-4.1755988030688735,-0.8017533106802975,TIME_LIMIT,118230,0,0,33,0
2,12,1.502114e6,-4.1755988030688735,-0.8017533106802975,TIME_LIMIT,118265,0,0,49,0
2,12,1.502672e6,-4.174680814181132,-0.8017533106802975,TIME_LIMIT,118319,0,0,36,0
2,12,1.503186e6,-4.174680814181132,-0.8017533106802975,TIME_LIMIT,118365,0,0,42,0
2,12,1.503711e6,-4.174632680041645,-0.8017533106802975,TIME_LIMIT,118403,0,0,33,0
2,12,1.504286e6,-4.174632680041645,-0.8017533106802975,TIME_LIMIT,118438,0,0,35,0
2,12,1.504852e6,-4.174012435622629,-0.8017533106802975,TIME_LIMIT,118478,0,0,35,0
2,12,1.505233e6,-4.174012435622629,-0.8017533106802975,TIME_LIMIT,118513,0,0,36,0
2,12,1.505751e6,-4.173963049933041,-0.8017533106802975,TIME_LIMIT,118561,0,0,26,0
2,12,1.506263e6,-4.173963049933041,-0.8017533106802975,TIME_LIMIT,118592,0,0,23,0
2,12,1.506818e6,-4.173684163294007,-0.8017533106802975,TIME_LIMIT,118648,0,0,35,0
2,12,1.507093e6,-4.173684163294007,-0.8017533106802975,TIME_LIMIT,118677,0,0,40,0
2,12,1.507611e6,-4.173684163294007,-0.8017533106802975,TIME_LIMIT,118735,0,0,23,0
2,12,1.508167e6,-4.173684163294007,-0.8017533106802975,TIME_LIMIT,118779,0,0,34,0
2,12,1.508713e6,-4.173684163294007,-0.8017533106802975,TIME_LIMIT,118822,0,0,38,0
2,12,1.509237e6,-4.173684163294007,-0.8017533106802975,TIME_LIMIT,118856,0,0,38,0
2,12,1.509758e6,-4.173684163294007,-0.8017533106802975,TIME_LIMIT,118906,0,0,31,0
2,12,1.510305e6,-4.173684163294007,-0.8017533106802975,TIME_LIMIT,118936,0,0,39,0
2,12,1.510859e6,-4.17366011344395,-0.8017533106802975,TIME_LIMIT,118983,0,0,29,0
2,12,1.511424e6,-4.17366011344395,-0.8017533106802975,TIME_LIMIT,119012,0,0,40,0
2,12,1.511957e6,-4.173373562418716,-0.8017533106802975,TIME_LIMIT,119058,0,0,34,0
2,12,1.512467e6,-4.173373562418716,-0.8017533106802975,TIME_LIMIT,119095,0,0,42,0
2,12,1.513021e6,-4.173003263809473,-0.8017533106802975,TIME_LIMIT,119138,0,0,18,0
2,12,1.513569e6,-4.173003263809473,-0.8017533106802975,TIME_LIMIT,119170,0,0,46,0
2,12,1.514198e6,-4.172343685258264,-0.8017533106802975,TIME_LIMIT,119225,0,0,29,0
2,12,1.51476e6,-4.172343685258264,-0.8017533106802975,TIME_LIMIT,119257,0,0,28,0
2,12,1.515337e6,-4.172339379179523,-0.8017533106802975,TIME_LIMIT,119301,0,0,28,0
2,12,1.515898e6,-4.172339379179523,-0.8017533106802975,TIME_LIMIT,119346,0,0,51,0
2,12,1.516476e6,-4.172339379179523,-0.8017533106802975,TIME_LIMIT,119404,0,0,22,0
2,12,1.516994e6,-4.172339379179523,-0.8017533106802975,TIME_LIMIT,119435,0,0,56,0
2,12,1.517501e6,-4.172339379179523,-0.8017533106802975,TIME_LIMIT,119495,0,0,15,0
2,12,1.518025e6,-4.172339379179523,-0.8017533106802975,TIME_LIMIT,119537,0,0,35,0
2,12,1.518606e6,-4.172299452262932,-0.8017533106802975,TIME_LIMIT,119574,0,0,39,0
2,12,1.519187e6,-4.172299452262932,-0.8017533106802975,TIME_LIMIT,119606,0,0,30,0
2,12,1.519704e6,-4.172159353998439,-0.8017533106802975,TIME_LIMIT,119656,0,0,32,0
2,12,1.520211e6,-4.172159353998439,-0.8017533106802975,TIME_LIMIT,119687,0,0,18,0
2,12,1.520731e6,-4.171134697056209,-0.8017533106802975,TIME_LIMIT,119739,0,0,35,0
2,12,1.52124e6,-4.171134697056209,-0.8017533106802975,TIME_LIMIT,119765,0,0,42,0
2,12,1.521756e6,-4.171076308772293,-0.8017533106802975,TIME_LIMIT,119816,0,0,32,0
2,12,1.522331e6,-4.171076308772293,-0.8017533106802975,TIME_LIMIT,119852,0,0,33,0
2,12,1.522927e6,-4.170685612868826,-0.8017533106802975,TIME_LIMIT,119901,0,0,26,0
2,12,1.52315e6,-4.170685612868826,-0.8017533106802975,TIME_LIMIT,119928,0,0,40,0
2,12,1.523723e6,-4.170685612868826,-0.8017533106802975,TIME_LIMIT,119976,0,0,30,0
2,12,1.524302e6,-4.170685612868826,-0.8017533106802975,TIME_LIMIT,120004,0,0,21,0
2,12,1.524815e6,-4.170685612868826,-0.8017533106802975,TIME_LIMIT,120057,0,0,21,0
2,12,1.525371e6,-4.170685612868826,-0.8017533106802975,TIME_LIMIT,120096,0,0,41,0
2,12,1.525868e6,-4.170685612868826,-0.8017533106802975,TIME_LIMIT,120136,0,0,40,0
2,12,1.526266e6,-4.170685612868826,-0.8017533106802975,TIME_LIMIT,120178,0,0,13,0
2,12,1.5268e6,-4.170685612868826,-0.8017533106802975,TIME_LIMIT,120220,0,0,37,0
2,12,1.52732e6,-4.170685612868826,-0.8017533106802975,TIME_LIMIT,120248,0,0,33,0
2,12,1.527809e6,-4.170685612868826,-0.8017533106802975,TIME_LIMIT,120299,0,0,32,0
2,12,1.528328e6,-4.170685612868826,-0.8017533106802975,TIME_LIMIT,120330,0,0,38,0
2,12,1.528851e6,-4.170685612868826,-0.8017533106802975,TIME_LIMIT,120378,0,0,29,0
2,12,1.529369e6,-4.170685612868826,-0.8017533106802975,TIME_LIMIT,120409,0,0,31,0
2,12,1.529879e6,-4.170685612868826,-0.8017533106802975,TIME_LIMIT,120461,0,0,26,0
2,12,1.530435e6,-4.170685612868826,-0.8017533106802975,TIME_LIMIT,120498,0,0,18,0
2,12,1.531069e6,-4.169657186593983,-0.8017533106802975,TIME_LIMIT,120547,0,0,33,0
2,12,1.531629e6,-4.169657186593983,-0.8017533106802975,TIME_LIMIT,120577,0,0,47,0
2,12,1.532224e6,-4.169633350235826,-0.8017533106802975,TIME_LIMIT,120630,0,0,32,0
2,12,1.532775e6,-4.169633350235826,-0.8017533106802975,TIME_LIMIT,120662,0,0,41,0
2,12,1.533298e6,-4.169633350235826,-0.8017533106802975,TIME_LIMIT,120711,0,0,29,0
2,12,1.53385e6,-4.169633350235826,-0.8017533106802975,TIME_LIMIT,120738,0,0,45,0
2,12,1.534374e6,-4.169633350235826,-0.8017533106802975,TIME_LIMIT,120785,0,0,31,0
2,12,1.534886e6,-4.169633350235826,-0.8017533106802975,TIME_LIMIT,120819,0,0,21,0
2,12,1.535448e6,-4.1686307179895286,-0.8017533106802975,TIME_LIMIT,120869,0,0,22,0
2,12,1.535963e6,-4.1686307179895286,-0.8017533106802975,TIME_LIMIT,120901,0,0,30,0
2,12,1.536488e6,-4.168076961079722,-0.8017533106802975,TIME_LIMIT,120956,0,0,30,0
2,12,1.537005e6,-4.168076961079722,-0.8017533106802975,TIME_LIMIT,120985,0,0,30,0
2,12,1.537569e6,-4.167802191225621,-0.8017533106802975,TIME_LIMIT,121036,0,0,19,0
2,12,1.538094e6,-4.167802191225621,-0.8017533106802975,TIME_LIMIT,121065,0,0,18,0
2,12,1.538648e6,-4.167615152747011,-0.8017533106802975,TIME_LIMIT,121112,0,0,27,0
2,12,1.539249e6,-4.167615152747011,-0.8017533106802975,TIME_LIMIT,121145,0,0,31,0
2,12,1.539803e6,-4.167597454803055,-0.8017533106802975,TIME_LIMIT,121196,0,0,30,0
2,12,1.540329e6,-4.167597454803055,-0.8017533106802975,TIME_LIMIT,121230,0,0,40,0
2,12,1.54088e6,-4.167304164080072,-0.8017533106802975,TIME_LIMIT,121289,0,0,28,0
2,12,1.541443e6,-4.167304164080072,-0.8017533106802975,TIME_LIMIT,121323,0,0,30,0
2,12,1.541956e6,-4.167304164080072,-0.8017533106802975,TIME_LIMIT,121374,0,0,32,0
2,12,1.542622e6,-4.167304164080072,-0.8017533106802975,TIME_LIMIT,121402,0,0,33,0
2,12,1.543136e6,-4.167304164080072,-0.8017533106802975,TIME_LIMIT,121454,0,0,19,0
2,12,1.54371e6,-4.167304164080072,-0.8017533106802975,TIME_LIMIT,121493,0,0,26,0
2,12,1.544294e6,-4.167304164080072,-0.8017533106802975,TIME_LIMIT,121543,0,0,14,0
2,12,1.544855e6,-4.167304164080072,-0.8017533106802975,TIME_LIMIT,121579,0,0,34,0
2,12,1.545372e6,-4.167302341464206,-0.8017533106802975,TIME_LIMIT,121619,0,0,33,0
2,12,1.545941e6,-4.167302341464206,-0.8017533106802975,TIME_LIMIT,121649,0,0,25,0
2,12,1.546495e6,-4.167302341464206,-0.8017533106802975,TIME_LIMIT,121703,0,0,33,0
2,12,1.547097e6,-4.167302341464206,-0.8017533106802975,TIME_LIMIT,121742,0,0,38,0
2,12,1.547704e6,-4.167302341464206,-0.8017533106802975,TIME_LIMIT,121778,0,0,32,0
2,12,1.548258e6,-4.167302341464206,-0.8017533106802975,TIME_LIMIT,121815,0,0,46,0
2,12,1.548821e6,-4.167141806885083,-0.8017533106802975,TIME_LIMIT,121868,0,0,19,0
2,12,1.549334e6,-4.167141806885083,-0.8017533106802975,TIME_LIMIT,121900,0,0,33,0
2,12,1.549856e6,-4.166831160911021,-0.8017533106802975,TIME_LIMIT,121937,0,0,14,0
2,12,1.550406e6,-4.166831160911021,-0.8017533106802975,TIME_LIMIT,121962,0,0,43,0
2,12,1.551e6,-4.166831160911021,-0.8017533106802975,TIME_LIMIT,122015,0,0,32,0
2,12,1.551514e6,-4.166831160911021,-0.8017533106802975,TIME_LIMIT,122048,0,0,41,0
2,12,1.552041e6,-4.1666740467252374,-0.8017533106802975,TIME_LIMIT,122101,0,0,31,0
2,12,1.552638e6,-4.1666740467252374,-0.8017533106802975,TIME_LIMIT,122134,0,0,26,0
2,12,1.553209e6,-4.1666740467252374,-0.8017533106802975,TIME_LIMIT,122189,0,0,17,0
2,12,1.553757e6,-4.1666740467252374,-0.8017533106802975,TIME_LIMIT,122229,0,0,27,0
2,12,1.554396e6,-4.1666740467252374,-0.8017533106802975,TIME_LIMIT,122265,0,0,28,0
2,12,1.554912e6,-4.1666740467252374,-0.8017533106802975,TIME_LIMIT,122299,0,0,39,0
2,12,1.555437e6,-4.166649547666084,-0.8017533106802975,TIME_LIMIT,122349,0,0,32,0
2,12,1.555951e6,-4.166649547666084,-0.8017533106802975,TIME_LIMIT,122385,0,0,42,0
2,12,1.55655e6,-4.166649547666084,-0.8017533106802975,TIME_LIMIT,122440,0,0,35,0
2,12,1.557064e6,-4.166649547666084,-0.8017533106802975,TIME_LIMIT,122471,0,0,32,0
2,12,1.557587e6,-4.166649547666084,-0.8017533106802975,TIME_LIMIT,122527,0,0,20,0
2,12,1.558101e6,-4.166649547666084,-0.8017533106802975,TIME_LIMIT,122569,0,0,35,0
2,12,1.558664e6,-4.166632694123928,-0.8017533106802975,TIME_LIMIT,122603,0,0,35,0
2,12,1.559178e6,-4.166632694123928,-0.8017533106802975,TIME_LIMIT,122645,0,0,35,0
2,12,1.559738e6,-4.166632694123928,-0.8017533106802975,TIME_LIMIT,122685,0,0,32,0
2,12,1.560255e6,-4.166632694123928,-0.8017533106802975,TIME_LIMIT,122721,0,0,32,0
2,12,1.560785e6,-4.166632694123928,-0.8017533106802975,TIME_LIMIT,122775,0,0,31,0
2,12,1.561363e6,-4.166632694123928,-0.8017533106802975,TIME_LIMIT,122810,0,0,36,0
2,12,1.561922e6,-4.166400355040481,-0.8017533106802975,TIME_LIMIT,122850,0,0,35,0
2,12,1.562506e6,-4.166400355040481,-0.8017533106802975,TIME_LIMIT,122880,0,0,16,0
2,12,1.563068e6,-4.1660596597039685,-0.8017533106802975,TIME_LIMIT,122933,0,0,14,0
2,12,1.563576e6,-4.1660596597039685,-0.8017533106802975,TIME_LIMIT,122973,0,0,39,0
2,12,1.564133e6,-4.165857090369352,-0.8017533106802975,TIME_LIMIT,123020,0,0,29,0
2,12,1.564661e6,-4.165857090369352,-0.8017533106802975,TIME_LIMIT,123053,0,0,45,0
2,12,1.565238e6,-4.165812095640037,-0.8017533106802975,TIME_LIMIT,123105,0,0,31,0
2,12,1.565757e6,-4.165812095640037,-0.8017533106802975,TIME_LIMIT,123134,0,0,40,0
2,12,1.566265e6,-4.16558644723585,-0.8017533106802975,TIME_LIMIT,123185,0,0,35,0
2,12,1.566785e6,-4.16558644723585,-0.8017533106802975,TIME_LIMIT,123218,0,0,24,0
2,12,1.567297e6,-4.165578961768077,-0.8017533106802975,TIME_LIMIT,123272,0,0,35,0
2,12,1.56785e6,-4.165578961768077,-0.8017533106802975,TIME_LIMIT,123307,0,0,43,0
2,12,1.568361e6,-4.165578961768077,-0.8017533106802975,TIME_LIMIT,123360,0,0,24,0
2,12,1.568967e6,-4.165578961768077,-0.8017533106802975,TIME_LIMIT,123392,0,0,25,0
2,12,1.569506e6,-4.164879602706524,-0.8017533106802975,TIME_LIMIT,123441,0,0,14,0
2,12,1.570027e6,-4.164879602706524,-0.8017533106802975,TIME_LIMIT,123478,0,0,42,0
2,12,1.570537e6,-4.163846576525444,-0.8017533106802975,TIME_LIMIT,123520,0,0,40,0
2,12,1.571056e6,-4.163846576525444,-0.8017533106802975,TIME_LIMIT,123552,0,0,39,0
2,12,1.571564e6,-4.163817864860551,-0.8017533106802975,TIME_LIMIT,123598,0,0,26,0
2,12,1.572158e6,-4.163817864860551,-0.8017533106802975,TIME_LIMIT,123630,0,0,42,0
2,12,1.57267e6,-4.163815884575671,-0.8017533106802975,TIME_LIMIT,123691,0,0,20,0
2,12,1.57319e6,-4.163815884575671,-0.8017533106802975,TIME_LIMIT,123723,0,0,48,0
2,12,1.573711e6,-4.163815884575671,-0.8017533106802975,TIME_LIMIT,123779,0,0,36,0
2,12,1.574329e6,-4.163815884575671,-0.8017533106802975,TIME_LIMIT,123814,0,0,21,0
2,12,1.574841e6,-4.163815884575671,-0.8017533106802975,TIME_LIMIT,123868,0,0,33,0
2,12,1.575391e6,-4.163815884575671,-0.8017533106802975,TIME_LIMIT,123909,0,0,44,0
2,12,1.575974e6,-4.163765711339682,-0.8017533106802975,TIME_LIMIT,123947,0,0,40,0
2,12,1.576534e6,-4.163765711339682,-0.8017533106802975,TIME_LIMIT,123983,0,0,42,0
2,12,1.577092e6,-4.163580096219375,-0.8017533106802975,TIME_LIMIT,124033,0,0,19,0
2,12,1.577641e6,-4.163580096219375,-0.8017533106802975,TIME_LIMIT,124064,0,0,47,0
2,12,1.578197e6,-4.163580096219375,-0.8017533106802975,TIME_LIMIT,124120,0,0,29,0
2,12,1.578754e6,-4.163580096219375,-0.8017533106802975,TIME_LIMIT,124162,0,0,37,0
2,12,1.579264e6,-4.163580096219375,-0.8017533106802975,TIME_LIMIT,124213,0,0,26,0
2,12,1.579821e6,-4.163580096219375,-0.8017533106802975,TIME_LIMIT,124248,0,0,37,0
2,12,1.58033e6,-4.163580096219375,-0.8017533106802975,TIME_LIMIT,124301,0,0,35,0
2,12,1.580924e6,-4.163580096219375,-0.8017533106802975,TIME_LIMIT,124336,0,0,39,0
2,12,1.581442e6,-4.163042572276376,-0.8017533106802975,TIME_LIMIT,124384,0,0,31,0
2,12,1.582026e6,-4.163042572276376,-0.8017533106802975,TIME_LIMIT,124414,0,0,28,0
2,12,1.582544e6,-4.16297681560274,-0.8017533106802975,TIME_LIMIT,124472,0,0,27,0
2,12,1.583069e6,-4.16297681560274,-0.8017533106802975,TIME_LIMIT,124503,0,0,33,0
2,12,1.583585e6,-4.16297681560274,-0.8017533106802975,TIME_LIMIT,124556,0,0,25,0
2,12,1.584109e6,-4.16297681560274,-0.8017533106802975,TIME_LIMIT,124585,0,0,34,0
2,12,1.584626e6,-4.16297681560274,-0.8017533106802975,TIME_LIMIT,124628,0,0,30,0
2,12,1.585145e6,-4.16297681560274,-0.8017533106802975,TIME_LIMIT,124660,0,0,34,0
2,12,1.585656e6,-4.162783375013387,-0.8017533106802975,TIME_LIMIT,124710,0,0,18,0
2,12,1.586172e6,-4.162783375013387,-0.8017533106802975,TIME_LIMIT,124743,0,0,40,0
2,12,1.586732e6,-4.162554817530905,-0.8017533106802975,TIME_LIMIT,124795,0,0,30,0
2,12,1.587242e6,-4.162554817530905,-0.8017533106802975,TIME_LIMIT,124826,0,0,31,0
2,12,1.587838e6,-4.1624421185293565,-0.8017533106802975,TIME_LIMIT,124874,0,0,31,0
2,12,1.588393e6,-4.1624421185293565,-0.8017533106802975,TIME_LIMIT,124908,0,0,29,0
2,12,1.588956e6,-4.162343378057631,-0.8017533106802975,TIME_LIMIT,124952,0,0,28,0
2,12,1.589468e6,-4.162343378057631,-0.8017533106802975,TIME_LIMIT,124984,0,0,20,0
2,12,1.589995e6,-4.162038826767478,-0.8017533106802975,TIME_LIMIT,125043,0,0,37,0
2,12,1.590416e6,-4.162038826767478,-0.8017533106802975,TIME_LIMIT,125073,0,0,39,0
2,12,1.590911e6,-4.162038826767478,-0.8017533106802975,TIME_LIMIT,125124,0,0,33,0
2,12,1.591324e6,-4.162038826767478,-0.8017533106802975,TIME_LIMIT,125156,0,0,42,0
2,12,1.59193e6,-4.162038826767478,-0.8017533106802975,TIME_LIMIT,125209,0,0,30,0
2,12,1.592353e6,-4.162038826767478,-0.8017533106802975,TIME_LIMIT,125251,0,0,41,0
2,12,1.592909e6,-4.162038826767478,-0.8017533106802975,TIME_LIMIT,125300,0,0,27,0
2,12,1.593272e6,-4.162038826767478,-0.8017533106802975,TIME_LIMIT,125333,0,0,39,0
2,12,1.593835e6,-4.162038826767478,-0.8017533106802975,TIME_LIMIT,125388,0,0,20,0
2,12,1.594313e6,-4.162038826767478,-0.8017533106802975,TIME_LIMIT,125422,0,0,47,0
2,12,1.594869e6,-4.162038826767478,-0.8017533106802975,TIME_LIMIT,125478,0,0,35,0
2,12,1.595466e6,-4.162038826767478,-0.8017533106802975,TIME_LIMIT,125517,0,0,36,0
2,12,1.596021e6,-4.162038826767478,-0.8017533106802975,TIME_LIMIT,125571,0,0,29,0
2,12,1.596594e6,-4.162038826767478,-0.8017533106802975,TIME_LIMIT,125605,0,0,33,0
2,12,1.597118e6,-4.162038826767478,-0.8017533106802975,TIME_LIMIT,125662,0,0,36,0
2,12,1.59773e6,-4.162038826767478,-0.8017533106802975,TIME_LIMIT,125703,0,0,42,0
2,12,1.598254e6,-4.162038826767478,-0.8017533106802975,TIME_LIMIT,125753,0,0,31,0
2,12,1.598848e6,-4.162038826767478,-0.8017533106802975,TIME_LIMIT,125785,0,0,40,0
2,12,1.599413e6,-4.162038826767478,-0.8017533106802975,TIME_LIMIT,125833,0,0,18,0
2,12,1.600003e6,-4.162038826767478,-0.8017533106802975,TIME_LIMIT,125869,0,0,43,0
2,12,1.600572e6,-4.162038826767478,-0.8017533106802975,TIME_LIMIT,125922,0,0,19,0
2,12,1.601086e6,-4.162038826767478,-0.8017533106802975,TIME_LIMIT,125953,0,0,43,0
2,12,1.601686e6,-4.162038826767478,-0.8017533106802975,TIME_LIMIT,126000,0,0,30,0
2,12,1.602207e6,-4.162038826767478,-0.8017533106802975,TIME_LIMIT,126034,0,0,27,0
2,12,1.602738e6,-4.162038826767478,-0.8017533106802975,TIME_LIMIT,126072,0,0,34,0
2,12,1.603294e6,-4.162038826767478,-0.8017533106802975,TIME_LIMIT,126104,0,0,37,0
2,12,1.603861e6,-4.162038826767478,-0.8017533106802975,TIME_LIMIT,126151,0,0,30,0
2,12,1.60442e6,-4.162038826767478,-0.8017533106802975,TIME_LIMIT,126180,0,0,33,0
2,12,1.604948e6,-4.162008919524144,-0.8017533106802975,TIME_LIMIT,126231,0,0,27,0
2,12,1.605526e6,-4.162008919524144,-0.8017533106802975,TIME_LIMIT,126267,0,0,27,0
2,12,1.606155e6,-4.161949744651482,-0.8017533106802975,TIME_LIMIT,126318,0,0,31,0
2,12,1.606703e6,-4.161949744651482,-0.8017533106802975,TIME_LIMIT,126357,0,0,38,0
2,12,1.607276e6,-4.161859458691618,-0.8017533106802975,TIME_LIMIT,126400,0,0,27,0
2,12,1.607835e6,-4.161859458691618,-0.8017533106802975,TIME_LIMIT,126431,0,0,39,0
2,12,1.608427e6,-4.161041228273051,-0.8017533106802975,TIME_LIMIT,126481,0,0,28,0
2,12,1.609035e6,-4.161041228273051,-0.8017533106802975,TIME_LIMIT,126519,0,0,44,0
2,12,1.609629e6,-4.160874003489012,-0.8017533106802975,TIME_LIMIT,126573,0,0,34,0
2,12,1.610195e6,-4.160874003489012,-0.8017533106802975,TIME_LIMIT,126604,0,0,32,0
2,12,1.610751e6,-4.160736406111818,-0.8017533106802975,TIME_LIMIT,126653,0,0,33,0
2,12,1.611281e6,-4.160736406111818,-0.8017533106802975,TIME_LIMIT,126687,0,0,43,0
2,12,1.611803e6,-4.16057216592103,-0.8017533106802975,TIME_LIMIT,126736,0,0,19,0
2,12,1.61237e6,-4.16057216592103,-0.8017533106802975,TIME_LIMIT,126774,0,0,36,0
2,12,1.612942e6,-4.16057216592103,-0.8017533106802975,TIME_LIMIT,126811,0,0,35,0
2,12,1.613525e6,-4.16057216592103,-0.8017533106802975,TIME_LIMIT,126842,0,0,43,0
2,12,1.614042e6,-4.160385131574622,-0.8017533106802975,TIME_LIMIT,126892,0,0,32,0
2,12,1.614568e6,-4.160385131574622,-0.8017533106802975,TIME_LIMIT,126922,0,0,29,0
2,12,1.615083e6,-4.160385131574622,-0.8017533106802975,TIME_LIMIT,126971,0,0,25,0
2,12,1.615649e6,-4.160385131574622,-0.8017533106802975,TIME_LIMIT,127003,0,0,34,0
2,12,1.616168e6,-4.160309375098231,-0.8017533106802975,TIME_LIMIT,127050,0,0,30,0
2,12,1.616684e6,-4.160309375098231,-0.8017533106802975,TIME_LIMIT,127077,0,0,49,0
2,12,1.617215e6,-4.160285691420965,-0.8017533106802975,TIME_LIMIT,127131,0,0,34,0
2,12,1.617735e6,-4.160285691420965,-0.8017533106802975,TIME_LIMIT,127165,0,0,25,0
2,12,1.618303e6,-4.159778313882875,-0.8017533106802975,TIME_LIMIT,127215,0,0,23,0
2,12,1.618826e6,-4.159778313882875,-0.8017533106802975,TIME_LIMIT,127249,0,0,47,0
2,12,1.619358e6,-4.159778313882875,-0.8017533106802975,TIME_LIMIT,127304,0,0,34,0
2,12,1.619875e6,-4.159778313882875,-0.8017533106802975,TIME_LIMIT,127336,0,0,37,0
2,12,1.620429e6,-4.159778313882875,-0.8017533106802975,TIME_LIMIT,127386,0,0,30,0
2,12,1.620944e6,-4.159778313882875,-0.8017533106802975,TIME_LIMIT,127411,0,0,34,0
2,12,1.621457e6,-4.159778313882875,-0.8017533106802975,TIME_LIMIT,127461,0,0,28,0
2,12,1.621982e6,-4.159778313882875,-0.8017533106802975,TIME_LIMIT,127498,0,0,23,0
2,12,1.622569e6,-4.159778313882875,-0.8017533106802975,TIME_LIMIT,127556,0,0,38,0
2,12,1.623098e6,-4.159778313882875,-0.8017533106802975,TIME_LIMIT,127589,0,0,33,0
2,12,1.623609e6,-4.159778313882875,-0.8017533106802975,TIME_LIMIT,127639,0,0,26,0
2,12,1.624243e6,-4.159778313882875,-0.8017533106802975,TIME_LIMIT,127685,0,0,44,0
2,12,1.624812e6,-4.159778313882875,-0.8017533106802975,TIME_LIMIT,127723,0,0,33,0
2,12,1.625398e6,-4.159778313882875,-0.8017533106802975,TIME_LIMIT,127755,0,0,38,0
2,12,1.625977e6,-4.159778313882875,-0.8017533106802975,TIME_LIMIT,127802,0,0,24,0
2,12,1.626528e6,-4.159778313882875,-0.8017533106802975,TIME_LIMIT,127829,0,0,43,0
2,12,1.627055e6,-4.159778313882875,-0.8017533106802975,TIME_LIMIT,127883,0,0,31,0
2,12,1.627609e6,-4.159778313882875,-0.8017533106802975,TIME_LIMIT,127910,0,0,26,0
2,12,1.628173e6,-4.159778313882875,-0.8017533106802975,TIME_LIMIT,127955,0,0,25,0
2,12,1.62869e6,-4.159778313882875,-0.8017533106802975,TIME_LIMIT,127981,0,0,38,0
2,12,1.629293e6,-4.159614234165701,-0.8017533106802975,TIME_LIMIT,128032,0,0,27,0
2,12,1.629812e6,-4.159614234165701,-0.8017533106802975,TIME_LIMIT,128065,0,0,40,0
2,12,1.630339e6,-4.159614234165701,-0.8017533106802975,TIME_LIMIT,128120,0,0,32,0
2,12,1.630894e6,-4.159614234165701,-0.8017533106802975,TIME_LIMIT,128152,0,0,41,0
2,12,1.631411e6,-4.159247788886082,-0.8017533106802975,TIME_LIMIT,128200,0,0,15,0
2,12,1.631941e6,-4.159247788886082,-0.8017533106802975,TIME_LIMIT,128228,0,0,46,0
2,12,1.632455e6,-4.15901193289661,-0.8017533106802975,TIME_LIMIT,128280,0,0,15,0
2,12,1.633063e6,-4.15901193289661,-0.8017533106802975,TIME_LIMIT,128312,0,0,32,0
2,12,1.633612e6,-4.15878475183303,-0.8017533106802975,TIME_LIMIT,128350,0,0,25,0
2,12,1.634142e6,-4.15878475183303,-0.8017533106802975,TIME_LIMIT,128381,0,0,38,0
2,12,1.634657e6,-4.158756859163496,-0.8017533106802975,TIME_LIMIT,128432,0,0,35,0
2,12,1.635177e6,-4.158756859163496,-0.8017533106802975,TIME_LIMIT,128460,0,0,47,0
2,12,1.635779e6,-4.158684020109396,-0.8017533106802975,TIME_LIMIT,128518,0,0,34,0
2,12,1.63637e6,-4.158684020109396,-0.8017533106802975,TIME_LIMIT,128550,0,0,20,0
2,12,1.636896e6,-4.158456576913576,-0.8017533106802975,TIME_LIMIT,128601,0,0,31,0
2,12,1.637436e6,-4.158456576913576,-0.8017533106802975,TIME_LIMIT,128630,0,0,29,0
2,12,1.638052e6,-4.158456576913576,-0.8017533106802975,TIME_LIMIT,128677,0,0,26,0
2,12,1.638573e6,-4.158456576913576,-0.8017533106802975,TIME_LIMIT,128712,0,0,29,0
2,12,1.639137e6,-4.158456576913576,-0.8017533106802975,TIME_LIMIT,128747,0,0,27,0
2,12,1.639697e6,-4.158456576913576,-0.8017533106802975,TIME_LIMIT,128781,0,0,40,0
2,12,1.640251e6,-4.158456576913576,-0.8017533106802975,TIME_LIMIT,128826,0,0,15,0
2,12,1.640818e6,-4.158456576913576,-0.8017533106802975,TIME_LIMIT,128868,0,0,35,0
2,12,1.641377e6,-4.157949637342137,-0.8017533106802975,TIME_LIMIT,128904,0,0,31,0
2,12,1.64195e6,-4.157949637342137,-0.8017533106802975,TIME_LIMIT,128946,0,0,36,0
2,12,1.642537e6,-4.157723562340893,-0.8017533106802975,TIME_LIMIT,128994,0,0,16,0
2,12,1.643064e6,-4.157723562340893,-0.8017533106802975,TIME_LIMIT,129036,0,0,33,0
2,12,1.643657e6,-4.157723562340893,-0.8017533106802975,TIME_LIMIT,129083,0,0,43,0
2,12,1.64425e6,-4.157723562340893,-0.8017533106802975,TIME_LIMIT,129113,0,0,25,0
2,12,1.644853e6,-4.157652380516647,-0.8017533106802975,TIME_LIMIT,129158,0,0,24,0
2,12,1.645407e6,-4.157652380516647,-0.8017533106802975,TIME_LIMIT,129188,0,0,36,0
2,12,1.645974e6,-4.156178201525513,-0.8017533106802975,TIME_LIMIT,129234,0,0,24,0
2,12,1.646525e6,-4.156178201525513,-0.8017533106802975,TIME_LIMIT,129273,0,0,43,0
2,12,1.647095e6,-4.1561659407367895,-0.8017533106802975,TIME_LIMIT,129328,0,0,20,0
2,12,1.64762e6,-4.1561659407367895,-0.8017533106802975,TIME_LIMIT,129365,0,0,34,0
2,12,1.648142e6,-4.155381347291153,-0.8017533106802975,TIME_LIMIT,129418,0,0,27,0
2,12,1.648682e6,-4.155381347291153,-0.8017533106802975,TIME_LIMIT,129453,0,0,35,0
2,12,1.649204e6,-4.155381347291153,-0.8017533106802975,TIME_LIMIT,129506,0,0,32,0
2,12,1.649738e6,-4.155381347291153,-0.8017533106802975,TIME_LIMIT,129538,0,0,37,0
2,12,1.65028e6,-4.155272248749728,-0.8017533106802975,TIME_LIMIT,129586,0,0,28,0
2,12,1.650833e6,-4.155272248749728,-0.8017533106802975,TIME_LIMIT,129619,0,0,41,0
2,12,1.651361e6,-4.155089801947934,-0.8017533106802975,TIME_LIMIT,129673,0,0,32,0
2,12,1.651815e6,-4.155089801947934,-0.8017533106802975,TIME_LIMIT,129718,0,0,34,0
2,12,1.652207e6,-4.155089801947934,-0.8017533106802975,TIME_LIMIT,129754,0,0,18,0
2,12,1.65274e6,-4.155089801947934,-0.8017533106802975,TIME_LIMIT,129790,0,0,47,0
2,12,1.653304e6,-4.155089801947934,-0.8017533106802975,TIME_LIMIT,129844,0,0,31,0
2,12,1.653883e6,-4.155089801947934,-0.8017533106802975,TIME_LIMIT,129875,0,0,14,0
2,12,1.654439e6,-4.155089801947934,-0.8017533106802975,TIME_LIMIT,129928,0,0,25,0
2,12,1.654984e6,-4.155089801947934,-0.8017533106802975,TIME_LIMIT,129961,0,0,33,0
2,12,1.65553e6,-4.155089801947934,-0.8017533106802975,TIME_LIMIT,130014,0,0,22,0
2,12,1.656056e6,-4.155089801947934,-0.8017533106802975,TIME_LIMIT,130049,0,0,31,0
2,12,1.656669e6,-4.155089801947934,-0.8017533106802975,TIME_LIMIT,130090,0,0,31,0
2,12,1.657197e6,-4.155089801947934,-0.8017533106802975,TIME_LIMIT,130122,0,0,35,0
2,12,1.657763e6,-4.155089801947934,-0.8017533106802975,TIME_LIMIT,130175,0,0,24,0
2,12,1.658287e6,-4.155089801947934,-0.8017533106802975,TIME_LIMIT,130211,0,0,31,0
2,12,1.658813e6,-4.155089801947934,-0.8017533106802975,TIME_LIMIT,130251,0,0,26,0
2,12,1.659346e6,-4.155089801947934,-0.8017533106802975,TIME_LIMIT,130284,0,0,38,0
2,12,1.65987e6,-4.155089801947934,-0.8017533106802975,TIME_LIMIT,130334,0,0,32,0
2,12,1.660442e6,-4.155089801947934,-0.8017533106802975,TIME_LIMIT,130370,0,0,24,0
2,12,1.660979e6,-4.155089801947934,-0.8017533106802975,TIME_LIMIT,130424,0,0,26,0
2,12,1.661565e6,-4.155089801947934,-0.8017533106802975,TIME_LIMIT,130455,0,0,27,0
2,12,1.66212e6,-4.155089801947934,-0.8017533106802975,TIME_LIMIT,130510,0,0,34,0
2,12,1.662719e6,-4.155089801947934,-0.8017533106802975,TIME_LIMIT,130537,0,0,39,0
2,12,1.663253e6,-4.154765839602874,-0.8017533106802975,TIME_LIMIT,130584,0,0,29,0
2,12,1.66382e6,-4.154765839602874,-0.8017533106802975,TIME_LIMIT,130617,0,0,51,0
2,12,1.664399e6,-4.154765839602874,-0.8017533106802975,TIME_LIMIT,130672,0,0,33,0
2,12,1.664928e6,-4.154765839602874,-0.8017533106802975,TIME_LIMIT,130702,0,0,40,0
2,12,1.665484e6,-4.154765839602874,-0.8017533106802975,TIME_LIMIT,130754,0,0,26,0
2,12,1.666058e6,-4.154765839602874,-0.8017533106802975,TIME_LIMIT,130789,0,0,46,0
2,12,1.666639e6,-4.154765839602874,-0.8017533106802975,TIME_LIMIT,130842,0,0,30,0
2,12,1.667192e6,-4.154765839602874,-0.8017533106802975,TIME_LIMIT,130875,0,0,37,0
2,12,1.667713e6,-4.154765839602874,-0.8017533106802975,TIME_LIMIT,130921,0,0,34,0
2,12,1.668236e6,-4.154765839602874,-0.8017533106802975,TIME_LIMIT,130955,0,0,29,0
2,12,1.668768e6,-4.154730271649141,-0.8017533106802975,TIME_LIMIT,131004,0,0,29,0
2,12,1.669289e6,-4.154730271649141,-0.8017533106802975,TIME_LIMIT,131029,0,0,38,0
2,12,1.669821e6,-4.154213623796375,-0.8017533106802975,TIME_LIMIT,131082,0,0,15,0
2,12,1.670349e6,-4.154213623796375,-0.8017533106802975,TIME_LIMIT,131111,0,0,22,0
2,12,1.67088e6,-4.154213623796375,-0.8017533106802975,TIME_LIMIT,131170,0,0,23,0
2,12,1.671417e6,-4.154213623796375,-0.8017533106802975,TIME_LIMIT,131211,0,0,31,0
2,12,1.671939e6,-4.154213623796375,-0.8017533106802975,TIME_LIMIT,131251,0,0,37,0
2,12,1.672476e6,-4.154213623796375,-0.8017533106802975,TIME_LIMIT,131279,0,0,39,0
2,12,1.672998e6,-4.154213623796375,-0.8017533106802975,TIME_LIMIT,131335,0,0,35,0
2,12,1.67352e6,-4.154213623796375,-0.8017533106802975,TIME_LIMIT,131364,0,0,41,0
2,12,1.674052e6,-4.154087992772146,-0.8017533106802975,TIME_LIMIT,131414,0,0,28,0
2,12,1.674576e6,-4.154087992772146,-0.8017533106802975,TIME_LIMIT,131450,0,0,40,0
2,12,1.675107e6,-4.153741837515243,-0.8017533106802975,TIME_LIMIT,131504,0,0,34,0
2,12,1.675627e6,-4.153741837515243,-0.8017533106802975,TIME_LIMIT,131533,0,0,33,0
2,12,1.676148e6,-4.152505863336281,-0.8017533106802975,TIME_LIMIT,131581,0,0,33,0
2,12,1.676683e6,-4.152505863336281,-0.8017533106802975,TIME_LIMIT,131615,0,0,19,0
2,12,1.677205e6,-4.152286966219884,-0.8017533106802975,TIME_LIMIT,131665,0,0,28,0
2,12,1.677738e6,-4.152286966219884,-0.8017533106802975,TIME_LIMIT,131701,0,0,49,0
2,12,1.678262e6,-4.152286966219884,-0.8017533106802975,TIME_LIMIT,131758,0,0,32,0
2,12,1.678786e6,-4.152286966219884,-0.8017533106802975,TIME_LIMIT,131788,0,0,26,0
2,12,1.679318e6,-4.152286966219884,-0.8017533106802975,TIME_LIMIT,131843,0,0,28,0
2,12,1.679839e6,-4.152286966219884,-0.8017533106802975,TIME_LIMIT,131886,0,0,36,0
2,12,1.680374e6,-4.152286966219884,-0.8017533106802975,TIME_LIMIT,131927,0,0,37,0
2,12,1.680895e6,-4.152286966219884,-0.8017533106802975,TIME_LIMIT,131963,0,0,27,0
2,12,1.681416e6,-4.152286966219884,-0.8017533106802975,TIME_LIMIT,132014,0,0,30,0
2,12,1.681944e6,-4.152286966219884,-0.8017533106802975,TIME_LIMIT,132051,0,0,29,0
2,12,1.68246e6,-4.1521773358964555,-0.8017533106802975,TIME_LIMIT,132088,0,0,36,0
2,12,1.682988e6,-4.1521773358964555,-0.8017533106802975,TIME_LIMIT,132125,0,0,37,0
2,12,1.683507e6,-4.1521773358964555,-0.8017533106802975,TIME_LIMIT,132180,0,0,30,0
2,12,1.684026e6,-4.1521773358964555,-0.8017533106802975,TIME_LIMIT,132222,0,0,21,0
2,12,1.684555e6,-4.1521773358964555,-0.8017533106802975,TIME_LIMIT,132264,0,0,17,0
2,12,1.685074e6,-4.1521773358964555,-0.8017533106802975,TIME_LIMIT,132305,0,0,32,0
2,12,1.685591e6,-4.1521773358964555,-0.8017533106802975,TIME_LIMIT,132340,0,0,30,0
2,12,1.68612e6,-4.1521773358964555,-0.8017533106802975,TIME_LIMIT,132381,0,0,39,0
2,12,1.686636e6,-4.151804486325005,-0.8017533106802975,TIME_LIMIT,132427,0,0,31,0
2,12,1.687165e6,-4.151804486325005,-0.8017533106802975,TIME_LIMIT,132464,0,0,34,0
2,12,1.687684e6,-4.151771729100831,-0.8017533106802975,TIME_LIMIT,132515,0,0,32,0
2,12,1.688202e6,-4.151771729100831,-0.8017533106802975,TIME_LIMIT,132544,0,0,31,0
2,12,1.688732e6,-4.151081917457444,-0.8017533106802975,TIME_LIMIT,132599,0,0,29,0
2,12,1.689254e6,-4.151081917457444,-0.8017533106802975,TIME_LIMIT,132635,0,0,28,0
2,12,1.689783e6,-4.151081917457444,-0.8017533106802975,TIME_LIMIT,132688,0,0,19,0
2,12,1.690307e6,-4.151081917457444,-0.8017533106802975,TIME_LIMIT,132729,0,0,36,0
2,12,1.690828e6,-4.151081917457444,-0.8017533106802975,TIME_LIMIT,132768,0,0,37,0
2,12,1.69136e6,-4.151081917457444,-0.8017533106802975,TIME_LIMIT,132800,0,0,43,0
2,12,1.691881e6,-4.151081917457444,-0.8017533106802975,TIME_LIMIT,132858,0,0,34,0
2,12,1.692392e6,-4.151081917457444,-0.8017533106802975,TIME_LIMIT,132896,0,0,35,0
2,12,1.692921e6,-4.151081917457444,-0.8017533106802975,TIME_LIMIT,132947,0,0,29,0
2,12,1.693444e6,-4.151081917457444,-0.8017533106802975,TIME_LIMIT,132983,0,0,25,0
2,12,1.693964e6,-4.151081917457444,-0.8017533106802975,TIME_LIMIT,133038,0,0,35,0
2,12,1.694495e6,-4.151081917457444,-0.8017533106802975,TIME_LIMIT,133071,0,0,36,0
2,12,1.695014e6,-4.151081917457444,-0.8017533106802975,TIME_LIMIT,133124,0,0,18,0
2,12,1.695547e6,-4.151081917457444,-0.8017533106802975,TIME_LIMIT,133154,0,0,38,0
2,12,1.696067e6,-4.151081917457444,-0.8017533106802975,TIME_LIMIT,133205,0,0,33,0
2,12,1.696588e6,-4.151081917457444,-0.8017533106802975,TIME_LIMIT,133250,0,0,41,0
2,12,1.697116e6,-4.151081917457444,-0.8017533106802975,TIME_LIMIT,133289,0,0,33,0
2,12,1.697638e6,-4.151081917457444,-0.8017533106802975,TIME_LIMIT,133324,0,0,23,0
2,12,1.698156e6,-4.151081917457444,-0.8017533106802975,TIME_LIMIT,133379,0,0,20,0
2,12,1.698685e6,-4.151081917457444,-0.8017533106802975,TIME_LIMIT,133412,0,0,37,0
2,12,1.699208e6,-4.151081917457444,-0.8017533106802975,TIME_LIMIT,133463,0,0,27,0
2,12,1.699737e6,-4.151081917457444,-0.8017533106802975,TIME_LIMIT,133488,0,0,37,0
2,12,1.700256e6,-4.151081917457444,-0.8017533106802975,TIME_LIMIT,133538,0,0,31,0
2,12,1.700777e6,-4.151081917457444,-0.8017533106802975,TIME_LIMIT,133577,0,0,20,0
2,12,1.701304e6,-4.151081917457444,-0.8017533106802975,TIME_LIMIT,133616,0,0,23,0
2,12,1.701823e6,-4.151081917457444,-0.8017533106802975,TIME_LIMIT,133646,0,0,43,0
2,12,1.702343e6,-4.151081917457444,-0.8017533106802975,TIME_LIMIT,133698,0,0,34,0
2,12,1.702906e6,-4.151081917457444,-0.8017533106802975,TIME_LIMIT,133740,0,0,33,0
2,12,1.703429e6,-4.151081917457444,-0.8017533106802975,TIME_LIMIT,133788,0,0,48,0
2,12,1.703958e6,-4.151081917457444,-0.8017533106802975,TIME_LIMIT,133825,0,0,48,0
2,12,1.704478e6,-4.151081917457444,-0.8017533106802975,TIME_LIMIT,133874,0,0,14,0
2,12,1.705002e6,-4.151081917457444,-0.8017533106802975,TIME_LIMIT,133905,0,0,41,0
2,12,1.705535e6,-4.151081917457444,-0.8017533106802975,TIME_LIMIT,133954,0,0,24,0
2,12,1.70606e6,-4.151081917457444,-0.8017533106802975,TIME_LIMIT,133979,0,0,23,0
2,12,1.706582e6,-4.151081917457444,-0.8017533106802975,TIME_LIMIT,134027,0,0,28,0
2,12,1.707114e6,-4.151081917457444,-0.8017533106802975,TIME_LIMIT,134061,0,0,50,0
2,12,1.707641e6,-4.151081917457444,-0.8017533106802975,TIME_LIMIT,134114,0,0,29,0
2,12,1.708165e6,-4.151081917457444,-0.8017533106802975,TIME_LIMIT,134146,0,0,44,0
2,12,1.708701e6,-4.151081917457444,-0.8017533106802975,TIME_LIMIT,134191,0,0,20,0
2,12,1.709226e6,-4.151081917457444,-0.8017533106802975,TIME_LIMIT,134220,0,0,25,0
2,12,1.70976e6,-4.150858294794768,-0.8017533106802975,TIME_LIMIT,134270,0,0,28,0
2,12,1.710314e6,-4.150858294794768,-0.8017533106802975,TIME_LIMIT,134309,0,0,37,0
2,12,1.710844e6,-4.150756386263831,-0.8017533106802975,TIME_LIMIT,134364,0,0,30,0
2,12,1.711378e6,-4.150756386263831,-0.8017533106802975,TIME_LIMIT,134399,0,0,22,0
2,12,1.711905e6,-4.150091134111729,-0.8017533106802975,TIME_LIMIT,134446,0,0,16,0
2,12,1.712426e6,-4.150091134111729,-0.8017533106802975,TIME_LIMIT,134481,0,0,39,0
2,12,1.712958e6,-4.1500262224263755,-0.8017533106802975,TIME_LIMIT,134532,0,0,18,0
2,12,1.713482e6,-4.1500262224263755,-0.8017533106802975,TIME_LIMIT,134564,0,0,39,0
2,12,1.714007e6,-4.1500262224263755,-0.8017533106802975,TIME_LIMIT,134620,0,0,34,0
2,12,1.714546e6,-4.1500262224263755,-0.8017533106802975,TIME_LIMIT,134654,0,0,46,0
2,12,1.715074e6,-4.1500262224263755,-0.8017533106802975,TIME_LIMIT,134705,0,0,29,0
2,12,1.7156e6,-4.1500262224263755,-0.8017533106802975,TIME_LIMIT,134738,0,0,36,0
2,12,1.716136e6,-4.1500262224263755,-0.8017533106802975,TIME_LIMIT,134783,0,0,27,0
2,12,1.716661e6,-4.1500262224263755,-0.8017533106802975,TIME_LIMIT,134809,0,0,38,0
2,12,1.717195e6,-4.1500262224263755,-0.8017533106802975,TIME_LIMIT,134852,0,0,25,0
2,12,1.717721e6,-4.1500262224263755,-0.8017533106802975,TIME_LIMIT,134879,0,0,26,0
2,12,1.718245e6,-4.149686660889337,-0.8017533106802975,TIME_LIMIT,134927,0,0,24,0
2,12,1.718781e6,-4.149686660889337,-0.8017533106802975,TIME_LIMIT,134952,0,0,41,0
2,12,1.719307e6,-4.149686660889337,-0.8017533106802975,TIME_LIMIT,135014,0,0,39,0
2,12,1.719833e6,-4.149686660889337,-0.8017533106802975,TIME_LIMIT,135042,0,0,41,0
2,12,1.720367e6,-4.149686660889337,-0.8017533106802975,TIME_LIMIT,135093,0,0,19,0
2,12,1.720806e6,-4.149686660889337,-0.8017533106802975,TIME_LIMIT,135136,0,0,48,0
2,12,1.721332e6,-4.149686660889337,-0.8017533106802975,TIME_LIMIT,135184,0,0,21,0
2,12,1.721873e6,-4.149686660889337,-0.8017533106802975,TIME_LIMIT,135218,0,0,31,0
2,12,1.722401e6,-4.149134492465564,-0.8017533106802975,TIME_LIMIT,135247,0,0,24,0
2,12,1.722937e6,-4.149134492465564,-0.8017533106802975,TIME_LIMIT,135283,0,0,40,0
2,12,1.723466e6,-4.1482785112671525,-0.8017533106802975,TIME_LIMIT,135335,0,0,34,0
2,12,1.723995e6,-4.1482785112671525,-0.8017533106802975,TIME_LIMIT,135363,0,0,40,0
2,12,1.724533e6,-4.1482785112671525,-0.8017533106802975,TIME_LIMIT,135415,0,0,31,0
2,12,1.72506e6,-4.1482785112671525,-0.8017533106802975,TIME_LIMIT,135448,0,0,38,0
2,12,1.725586e6,-4.1482785112671525,-0.8017533106802975,TIME_LIMIT,135499,0,0,19,0
2,12,1.726121e6,-4.1482785112671525,-0.8017533106802975,TIME_LIMIT,135533,0,0,42,0
2,12,1.726643e6,-4.147943777799128,-0.8017533106802975,TIME_LIMIT,135581,0,0,30,0
2,12,1.727165e6,-4.147943777799128,-0.8017533106802975,TIME_LIMIT,135608,0,0,26,0
2,12,1.727696e6,-4.147939113448304,-0.8017533106802975,TIME_LIMIT,135659,0,0,16,0
2,12,1.728221e6,-4.147939113448304,-0.8017533106802975,TIME_LIMIT,135688,0,0,49,0
2,12,1.728746e6,-4.147939113448304,-0.8017533106802975,TIME_LIMIT,135743,0,0,22,0
2,12,1.729282e6,-4.147939113448304,-0.8017533106802975,TIME_LIMIT,135773,0,0,45,0
2,12,1.729804e6,-4.1475609082582965,-0.8017533106802975,TIME_LIMIT,135824,0,0,26,0
2,12,1.730331e6,-4.1475609082582965,-0.8017533106802975,TIME_LIMIT,135856,0,0,42,0
2,12,1.730875e6,-4.1475609082582965,-0.8017533106802975,TIME_LIMIT,135904,0,0,18,0
2,12,1.731407e6,-4.1475609082582965,-0.8017533106802975,TIME_LIMIT,135949,0,0,26,0
2,12,1.731932e6,-4.1473159095042575,-0.8017533106802975,TIME_LIMIT,135982,0,0,16,0
2,12,1.732471e6,-4.1473159095042575,-0.8017533106802975,TIME_LIMIT,136014,0,0,36,0
2,12,1.732999e6,-4.147304755898826,-0.8017533106802975,TIME_LIMIT,136076,0,0,36,0
2,12,1.733524e6,-4.147304755898826,-0.8017533106802975,TIME_LIMIT,136106,0,0,34,0
2,12,1.734057e6,-4.147304755898826,-0.8017533106802975,TIME_LIMIT,136157,0,0,31,0
2,12,1.73458e6,-4.147304755898826,-0.8017533106802975,TIME_LIMIT,136189,0,0,36,0
2,12,1.735102e6,-4.147199225289754,-0.8017533106802975,TIME_LIMIT,136237,0,0,30,0
2,12,1.735639e6,-4.147199225289754,-0.8017533106802975,TIME_LIMIT,136271,0,0,46,0
2,12,1.73616e6,-4.147158166453011,-0.8017533106802975,TIME_LIMIT,136320,0,0,30,0
2,12,1.736684e6,-4.147158166453011,-0.8017533106802975,TIME_LIMIT,136352,0,0,37,0
2,12,1.737218e6,-4.146515732101805,-0.8017533106802975,TIME_LIMIT,136402,0,0,29,0
2,12,1.737744e6,-4.146515732101805,-0.8017533106802975,TIME_LIMIT,136435,0,0,28,0
2,12,1.738267e6,-4.146515732101805,-0.8017533106802975,TIME_LIMIT,136486,0,0,28,0
2,12,1.7388e6,-4.146515732101805,-0.8017533106802975,TIME_LIMIT,136522,0,0,44,0
2,12,1.739324e6,-4.146515732101805,-0.8017533106802975,TIME_LIMIT,136570,0,0,32,0
2,12,1.739847e6,-4.146515732101805,-0.8017533106802975,TIME_LIMIT,136601,0,0,39,0
2,12,1.740384e6,-4.146515732101805,-0.8017533106802975,TIME_LIMIT,136650,0,0,30,0
2,12,1.740908e6,-4.146515732101805,-0.8017533106802975,TIME_LIMIT,136682,0,0,35,0
2,12,1.74143e6,-4.146515732101805,-0.8017533106802975,TIME_LIMIT,136733,0,0,27,0
2,12,1.741962e6,-4.146515732101805,-0.8017533106802975,TIME_LIMIT,136762,0,0,38,0
2,12,1.742482e6,-4.146515732101805,-0.8017533106802975,TIME_LIMIT,136809,0,0,29,0
2,12,1.743002e6,-4.146515732101805,-0.8017533106802975,TIME_LIMIT,136836,0,0,34,0
2,12,1.743532e6,-4.146295646999315,-0.8017533106802975,TIME_LIMIT,136887,0,0,29,0
2,12,1.744053e6,-4.146295646999315,-0.8017533106802975,TIME_LIMIT,136923,0,0,29,0
2,12,1.744573e6,-4.145925128221154,-0.8017533106802975,TIME_LIMIT,136962,0,0,31,0
2,12,1.745106e6,-4.145925128221154,-0.8017533106802975,TIME_LIMIT,136997,0,0,45,0
2,12,1.745626e6,-4.145925128221154,-0.8017533106802975,TIME_LIMIT,137053,0,0,39,0
2,12,1.746145e6,-4.145925128221154,-0.8017533106802975,TIME_LIMIT,137081,0,0,42,0
2,12,1.746675e6,-4.14577749163929,-0.8017533106802975,TIME_LIMIT,137133,0,0,31,0
2,12,1.7472e6,-4.14577749163929,-0.8017533106802975,TIME_LIMIT,137165,0,0,45,0
2,12,1.747722e6,-4.14577749163929,-0.8017533106802975,TIME_LIMIT,137220,0,0,27,0
2,12,1.748255e6,-4.14577749163929,-0.8017533106802975,TIME_LIMIT,137251,0,0,47,0
2,12,1.748774e6,-4.144496059860088,-0.8017533106802975,TIME_LIMIT,137298,0,0,18,0
2,12,1.749292e6,-4.144496059860088,-0.8017533106802975,TIME_LIMIT,137333,0,0,41,0
2,12,1.749823e6,-4.144420423670139,-0.8017533106802975,TIME_LIMIT,137384,0,0,33,0
2,12,1.750343e6,-4.144420423670139,-0.8017533106802975,TIME_LIMIT,137421,0,0,32,0
2,12,1.750862e6,-4.144162067708729,-0.8017533106802975,TIME_LIMIT,137471,0,0,16,0
2,12,1.751379e6,-4.144162067708729,-0.8017533106802975,TIME_LIMIT,137506,0,0,38,0
2,12,1.751909e6,-4.144162067708729,-0.8017533106802975,TIME_LIMIT,137555,0,0,25,0
2,12,1.752431e6,-4.144162067708729,-0.8017533106802975,TIME_LIMIT,137583,0,0,29,0
2,12,1.752949e6,-4.144162067708729,-0.8017533106802975,TIME_LIMIT,137638,0,0,32,0
2,12,1.753481e6,-4.144162067708729,-0.8017533106802975,TIME_LIMIT,137673,0,0,40,0
2,12,1.753998e6,-4.144088473436663,-0.8017533106802975,TIME_LIMIT,137724,0,0,14,0
2,12,1.754518e6,-4.144088473436663,-0.8017533106802975,TIME_LIMIT,137760,0,0,15,0
2,12,1.755045e6,-4.143510111709532,-0.8017533106802975,TIME_LIMIT,137799,0,0,15,0
2,12,1.755593e6,-4.143510111709532,-0.8017533106802975,TIME_LIMIT,137843,0,0,35,0
2,12,1.756097e6,-4.143378405787095,-0.8017533106802975,TIME_LIMIT,137885,0,0,34,0
2,12,1.756614e6,-4.143378405787095,-0.8017533106802975,TIME_LIMIT,137918,0,0,23,0
2,12,1.757142e6,-4.143378405787095,-0.8017533106802975,TIME_LIMIT,137964,0,0,14,0
2,12,1.75766e6,-4.143378405787095,-0.8017533106802975,TIME_LIMIT,138008,0,0,40,0
2,12,1.758181e6,-4.14335736313158,-0.8017533106802975,TIME_LIMIT,138044,0,0,33,0
2,12,1.758715e6,-4.14335736313158,-0.8017533106802975,TIME_LIMIT,138077,0,0,46,0
2,12,1.759235e6,-4.14335736313158,-0.8017533106802975,TIME_LIMIT,138134,0,0,22,0
2,12,1.759754e6,-4.14335736313158,-0.8017533106802975,TIME_LIMIT,138167,0,0,26,0
2,12,1.760281e6,-4.14335736313158,-0.8017533106802975,TIME_LIMIT,138219,0,0,31,0
2,12,1.760803e6,-4.14335736313158,-0.8017533106802975,TIME_LIMIT,138262,0,0,22,0
2,12,1.761324e6,-4.14335736313158,-0.8017533106802975,TIME_LIMIT,138302,0,0,43,0
2,12,1.761853e6,-4.14335736313158,-0.8017533106802975,TIME_LIMIT,138347,0,0,38,0
2,12,1.762373e6,-4.143300558964609,-0.8017533106802975,TIME_LIMIT,138384,0,0,30,0
2,12,1.762928e6,-4.143300558964609,-0.8017533106802975,TIME_LIMIT,138419,0,0,25,0
2,12,1.763452e6,-4.143054195893385,-0.8017533106802975,TIME_LIMIT,138464,0,0,18,0
2,12,1.763982e6,-4.143054195893385,-0.8017533106802975,TIME_LIMIT,138497,0,0,28,0
2,12,1.764502e6,-4.143054195893385,-0.8017533106802975,TIME_LIMIT,138549,0,0,32,0
2,12,1.765022e6,-4.143054195893385,-0.8017533106802975,TIME_LIMIT,138592,0,0,44,0
2,12,1.765558e6,-4.143054195893385,-0.8017533106802975,TIME_LIMIT,138646,0,0,35,0
2,12,1.766085e6,-4.143054195893385,-0.8017533106802975,TIME_LIMIT,138685,0,0,47,0
2,12,1.766606e6,-4.142907981550061,-0.8017533106802975,TIME_LIMIT,138738,0,0,34,0
2,12,1.76714e6,-4.142907981550061,-0.8017533106802975,TIME_LIMIT,138777,0,0,21,0
2,12,1.767665e6,-4.142907981550061,-0.8017533106802975,TIME_LIMIT,138828,0,0,28,0
2,12,1.76819e6,-4.142907981550061,-0.8017533106802975,TIME_LIMIT,138869,0,0,36,0
2,12,1.768715e6,-4.142907981550061,-0.8017533106802975,TIME_LIMIT,138902,0,0,33,0
2,12,1.76925e6,-4.142907981550061,-0.8017533106802975,TIME_LIMIT,138937,0,0,47,0
2,12,1.769777e6,-4.142834430727733,-0.8017533106802975,TIME_LIMIT,138998,0,0,42,0
2,12,1.770297e6,-4.142834430727733,-0.8017533106802975,TIME_LIMIT,139031,0,0,24,0
2,12,1.77083e6,-4.142834430727733,-0.8017533106802975,TIME_LIMIT,139080,0,0,27,0
2,12,1.77135e6,-4.142834430727733,-0.8017533106802975,TIME_LIMIT,139115,0,0,31,0
2,12,1.771872e6,-4.142834430727733,-0.8017533106802975,TIME_LIMIT,139158,0,0,37,0
2,12,1.772403e6,-4.142834430727733,-0.8017533106802975,TIME_LIMIT,139192,0,0,40,0
2,12,1.772923e6,-4.142834430727733,-0.8017533106802975,TIME_LIMIT,139239,0,0,28,0
2,12,1.773444e6,-4.142834430727733,-0.8017533106802975,TIME_LIMIT,139274,0,0,21,0
2,12,1.773966e6,-4.142834430727733,-0.8017533106802975,TIME_LIMIT,139330,0,0,14,0
2,12,1.7745e6,-4.142834430727733,-0.8017533106802975,TIME_LIMIT,139365,0,0,32,0
2,12,1.775026e6,-4.1426967014934775,-0.8017533106802975,TIME_LIMIT,139397,0,0,28,0
2,12,1.775556e6,-4.1426967014934775,-0.8017533106802975,TIME_LIMIT,139434,0,0,33,0
2,12,1.776089e6,-4.142425437579552,-0.8017533106802975,TIME_LIMIT,139483,0,0,29,0
2,12,1.776618e6,-4.142425437579552,-0.8017533106802975,TIME_LIMIT,139520,0,0,32,0
2,12,1.777111e6,-4.1419422972084305,-0.8017533106802975,TIME_LIMIT,139562,0,0,36,0
2,12,1.777637e6,-4.1419422972084305,-0.8017533106802975,TIME_LIMIT,139597,0,0,40,0
2,12,1.778162e6,-4.1419422972084305,-0.8017533106802975,TIME_LIMIT,139644,0,0,30,0
2,12,1.778696e6,-4.1419422972084305,-0.8017533106802975,TIME_LIMIT,139674,0,0,31,0
2,12,1.779217e6,-4.1419422972084305,-0.8017533106802975,TIME_LIMIT,139718,0,0,27,0
2,12,1.779739e6,-4.1419422972084305,-0.8017533106802975,TIME_LIMIT,139753,0,0,39,0
2,12,1.780273e6,-4.141853277053052,-0.8017533106802975,TIME_LIMIT,139801,0,0,26,0
2,12,1.780797e6,-4.141853277053052,-0.8017533106802975,TIME_LIMIT,139839,0,0,42,0
2,12,1.781318e6,-4.141853277053052,-0.8017533106802975,TIME_LIMIT,139872,0,0,36,0
2,12,1.781843e6,-4.141853277053052,-0.8017533106802975,TIME_LIMIT,139902,0,0,34,0
2,12,1.78238e6,-4.141807121623282,-0.8017533106802975,TIME_LIMIT,139955,0,0,16,0
2,12,1.782909e6,-4.141807121623282,-0.8017533106802975,TIME_LIMIT,139986,0,0,41,0
2,12,1.783435e6,-4.141807121623282,-0.8017533106802975,TIME_LIMIT,140034,0,0,17,0
2,12,1.783974e6,-4.141807121623282,-0.8017533106802975,TIME_LIMIT,140078,0,0,35,0
2,12,1.784503e6,-4.141807121623282,-0.8017533106802975,TIME_LIMIT,140119,0,0,33,0
2,12,1.785033e6,-4.141807121623282,-0.8017533106802975,TIME_LIMIT,140149,0,0,24,0
2,12,1.785561e6,-4.141729570545226,-0.8017533106802975,TIME_LIMIT,140197,0,0,31,0
2,12,1.786096e6,-4.141729570545226,-0.8017533106802975,TIME_LIMIT,140232,0,0,36,0
2,12,1.786618e6,-4.141578100649309,-0.8017533106802975,TIME_LIMIT,140275,0,0,18,0
2,12,1.787144e6,-4.141578100649309,-0.8017533106802975,TIME_LIMIT,140308,0,0,51,0
2,12,1.787685e6,-4.141578100649309,-0.8017533106802975,TIME_LIMIT,140365,0,0,35,0
2,12,1.788213e6,-4.141578100649309,-0.8017533106802975,TIME_LIMIT,140401,0,0,29,0
2,12,1.788736e6,-4.141578100649309,-0.8017533106802975,TIME_LIMIT,140453,0,0,29,0
2,12,1.78926e6,-4.141578100649309,-0.8017533106802975,TIME_LIMIT,140491,0,0,30,0
2,12,1.789796e6,-4.141578100649309,-0.8017533106802975,TIME_LIMIT,140540,0,0,32,0
2,12,1.790323e6,-4.141578100649309,-0.8017533106802975,TIME_LIMIT,140576,0,0,47,0
2,12,1.790846e6,-4.141578100649309,-0.8017533106802975,TIME_LIMIT,140630,0,0,35,0
2,12,1.79138e6,-4.141578100649309,-0.8017533106802975,TIME_LIMIT,140665,0,0,19,0
2,12,1.791905e6,-4.141578100649309,-0.8017533106802975,TIME_LIMIT,140711,0,0,27,0
2,12,1.792435e6,-4.141578100649309,-0.8017533106802975,TIME_LIMIT,140752,0,0,34,0
2,12,1.792968e6,-4.141508172344257,-0.8017533106802975,TIME_LIMIT,140788,0,0,34,0
2,12,1.793503e6,-4.141508172344257,-0.8017533106802975,TIME_LIMIT,140824,0,0,38,0
2,12,1.794027e6,-4.141070621194387,-0.8017533106802975,TIME_LIMIT,140871,0,0,34,0
2,12,1.794553e6,-4.141070621194387,-0.8017533106802975,TIME_LIMIT,140908,0,0,39,0
2,12,1.795076e6,-4.141070621194387,-0.8017533106802975,TIME_LIMIT,140959,0,0,29,0
2,12,1.795609e6,-4.141070621194387,-0.8017533106802975,TIME_LIMIT,140990,0,0,36,0
2,12,1.796133e6,-4.140915834936391,-0.8017533106802975,TIME_LIMIT,141036,0,0,13,0
2,12,1.796658e6,-4.140915834936391,-0.8017533106802975,TIME_LIMIT,141062,0,0,38,0
2,12,1.797191e6,-4.140342843589524,-0.8017533106802975,TIME_LIMIT,141112,0,0,40,0
2,12,1.797716e6,-4.140342843589524,-0.8017533106802975,TIME_LIMIT,141140,0,0,36,0
2,12,1.798241e6,-4.140082597312455,-0.8017533106802975,TIME_LIMIT,141191,0,0,26,0
2,12,1.798766e6,-4.140082597312455,-0.8017533106802975,TIME_LIMIT,141229,0,0,15,0
2,12,1.799297e6,-4.140027093548528,-0.8017533106802975,TIME_LIMIT,141269,0,0,30,0
2,12,1.799821e6,-4.140027093548528,-0.8017533106802975,TIME_LIMIT,141309,0,0,35,0
2,12,1.800347e6,-4.140027093548528,-0.8017533106802975,TIME_LIMIT,141345,0,0,39,0
2,12,1.800868e6,-4.140027093548528,-0.8017533106802975,TIME_LIMIT,141376,0,0,34,0
2,12,1.801403e6,-4.140027093548528,-0.8017533106802975,TIME_LIMIT,141431,0,0,31,0
2,12,1.801927e6,-4.140027093548528,-0.8017533106802975,TIME_LIMIT,141470,0,0,26,0
2,12,1.802452e6,-4.140027093548528,-0.8017533106802975,TIME_LIMIT,141524,0,0,37,0
2,12,1.802987e6,-4.140027093548528,-0.8017533106802975,TIME_LIMIT,141559,0,0,42,0
2,12,1.803509e6,-4.139625312763532,-0.8017533106802975,TIME_LIMIT,141612,0,0,28,0
2,12,1.804029e6,-4.139625312763532,-0.8017533106802975,TIME_LIMIT,141656,0,0,33,0
2,12,1.804548e6,-4.139625312763532,-0.8017533106802975,TIME_LIMIT,141697,0,0,29,0
2,12,1.805077e6,-4.139625312763532,-0.8017533106802975,TIME_LIMIT,141731,0,0,42,0
2,12,1.805597e6,-4.13942291800953,-0.8017533106802975,TIME_LIMIT,141781,0,0,24,0
2,12,1.80612e6,-4.13942291800953,-0.8017533106802975,TIME_LIMIT,141809,0,0,26,0
2,12,1.806639e6,-4.138349125082026,-0.8017533106802975,TIME_LIMIT,141861,0,0,23,0
2,12,1.807173e6,-4.138349125082026,-0.8017533106802975,TIME_LIMIT,141897,0,0,41,0
2,12,1.807702e6,-4.138349125082026,-0.8017533106802975,TIME_LIMIT,141949,0,0,32,0
2,12,1.808245e6,-4.138349125082026,-0.8017533106802975,TIME_LIMIT,141979,0,0,48,0
2,12,1.808764e6,-4.138349125082026,-0.8017533106802975,TIME_LIMIT,142026,0,0,16,0
2,12,1.809294e6,-4.138349125082026,-0.8017533106802975,TIME_LIMIT,142058,0,0,49,0
2,12,1.809813e6,-4.138349125082026,-0.8017533106802975,TIME_LIMIT,142110,0,0,31,0
2,12,1.810331e6,-4.138349125082026,-0.8017533106802975,TIME_LIMIT,142145,0,0,16,0
2,12,1.81085e6,-4.138349125082026,-0.8017533106802975,TIME_LIMIT,142187,0,0,30,0
2,12,1.81138e6,-4.138349125082026,-0.8017533106802975,TIME_LIMIT,142217,0,0,33,0
2,12,1.8119e6,-4.138337438497238,-0.8017533106802975,TIME_LIMIT,142263,0,0,33,0
2,12,1.812418e6,-4.138337438497238,-0.8017533106802975,TIME_LIMIT,142292,0,0,32,0
2,12,1.812946e6,-4.138138539587097,-0.8017533106802975,TIME_LIMIT,142342,0,0,29,0
2,12,1.813468e6,-4.138138539587097,-0.8017533106802975,TIME_LIMIT,142374,0,0,20,0
2,12,1.814005e6,-4.138022902041415,-0.8017533106802975,TIME_LIMIT,142423,0,0,17,0
2,12,1.814525e6,-4.138022902041415,-0.8017533106802975,TIME_LIMIT,142456,0,0,33,0
2,12,1.815055e6,-4.137538638099809,-0.8017533106802975,TIME_LIMIT,142502,0,0,31,0
2,12,1.815608e6,-4.137538638099809,-0.8017533106802975,TIME_LIMIT,142547,0,0,37,0
2,12,1.816126e6,-4.137036287531938,-0.8017533106802975,TIME_LIMIT,142580,0,0,21,0
2,12,1.816648e6,-4.137036287531938,-0.8017533106802975,TIME_LIMIT,142612,0,0,29,0
2,12,1.81718e6,-4.136892362551371,-0.8017533106802975,TIME_LIMIT,142664,0,0,34,0
2,12,1.8177e6,-4.136892362551371,-0.8017533106802975,TIME_LIMIT,142694,0,0,33,0
2,12,1.818219e6,-4.136340984614084,-0.8017533106802975,TIME_LIMIT,142747,0,0,30,0
2,12,1.818738e6,-4.136340984614084,-0.8017533106802975,TIME_LIMIT,142790,0,0,38,0
2,12,1.819269e6,-4.136031103087506,-0.8017533106802975,TIME_LIMIT,142835,0,0,35,0
2,12,1.819789e6,-4.136031103087506,-0.8017533106802975,TIME_LIMIT,142871,0,0,31,0
2,12,1.820308e6,-4.136031103087506,-0.8017533106802975,TIME_LIMIT,142924,0,0,31,0
2,12,1.820827e6,-4.136031103087506,-0.8017533106802975,TIME_LIMIT,142965,0,0,48,0
2,12,1.821356e6,-4.136031103087506,-0.8017533106802975,TIME_LIMIT,143010,0,0,27,0
2,12,1.821875e6,-4.136031103087506,-0.8017533106802975,TIME_LIMIT,143042,0,0,51,0
2,12,1.822396e6,-4.136031103087506,-0.8017533106802975,TIME_LIMIT,143094,0,0,31,0
2,12,1.822921e6,-4.136031103087506,-0.8017533106802975,TIME_LIMIT,143129,0,0,26,0
2,12,1.82345e6,-4.136031103087506,-0.8017533106802975,TIME_LIMIT,143181,0,0,27,0
2,12,1.823968e6,-4.136031103087506,-0.8017533106802975,TIME_LIMIT,143215,0,0,37,0
2,12,1.824489e6,-4.136031103087506,-0.8017533106802975,TIME_LIMIT,143262,0,0,27,0
2,12,1.825012e6,-4.136031103087506,-0.8017533106802975,TIME_LIMIT,143292,0,0,38,0
2,12,1.825549e6,-4.136001969288898,-0.8017533106802975,TIME_LIMIT,143346,0,0,29,0
2,12,1.826072e6,-4.136001969288898,-0.8017533106802975,TIME_LIMIT,143382,0,0,39,0
2,12,1.826594e6,-4.136001969288898,-0.8017533106802975,TIME_LIMIT,143423,0,0,35,0
2,12,1.82712e6,-4.136001969288898,-0.8017533106802975,TIME_LIMIT,143454,0,0,36,0
2,12,1.827656e6,-4.136001969288898,-0.8017533106802975,TIME_LIMIT,143508,0,0,25,0
2,12,1.828182e6,-4.136001969288898,-0.8017533106802975,TIME_LIMIT,143548,0,0,41,0
2,12,1.828708e6,-4.13598540428448,-0.8017533106802975,TIME_LIMIT,143600,0,0,36,0
2,12,1.829234e6,-4.13598540428448,-0.8017533106802975,TIME_LIMIT,143642,0,0,33,0
2,12,1.829767e6,-4.1354798161581945,-0.8017533106802975,TIME_LIMIT,143678,0,0,40,0
2,12,1.830293e6,-4.1354798161581945,-0.8017533106802975,TIME_LIMIT,143712,0,0,27,0
2,12,1.830817e6,-4.1353176110922245,-0.8017533106802975,TIME_LIMIT,143761,0,0,17,0
2,12,1.831342e6,-4.1353176110922245,-0.8017533106802975,TIME_LIMIT,143805,0,0,38,0
2,12,1.831877e6,-4.135216773536674,-0.8017533106802975,TIME_LIMIT,143843,0,0,28,0
2,12,1.832404e6,-4.135216773536674,-0.8017533106802975,TIME_LIMIT,143876,0,0,47,0
2,12,1.832925e6,-4.135155211361605,-0.8017533106802975,TIME_LIMIT,143928,0,0,18,0
2,12,1.833452e6,-4.135155211361605,-0.8017533106802975,TIME_LIMIT,143959,0,0,38,0
2,12,1.833977e6,-4.134730486559903,-0.8017533106802975,TIME_LIMIT,144007,0,0,25,0
2,12,1.834519e6,-4.134730486559903,-0.8017533106802975,TIME_LIMIT,144047,0,0,22,0
2,12,1.835047e6,-4.134727754826037,-0.8017533106802975,TIME_LIMIT,144099,0,0,33,0
2,12,1.835575e6,-4.134727754826037,-0.8017533106802975,TIME_LIMIT,144134,0,0,36,0
2,12,1.836098e6,-4.134727754826037,-0.8017533106802975,TIME_LIMIT,144185,0,0,31,0
2,12,1.836634e6,-4.134727754826037,-0.8017533106802975,TIME_LIMIT,144223,0,0,38,0
2,12,1.837158e6,-4.134727754826037,-0.8017533106802975,TIME_LIMIT,144277,0,0,30,0
2,12,1.837683e6,-4.134727754826037,-0.8017533106802975,TIME_LIMIT,144310,0,0,33,0
2,12,1.838212e6,-4.134727754826037,-0.8017533106802975,TIME_LIMIT,144367,0,0,33,0
2,12,1.83875e6,-4.134727754826037,-0.8017533106802975,TIME_LIMIT,144404,0,0,37,0
2,12,1.839277e6,-4.134727754826037,-0.8017533106802975,TIME_LIMIT,144455,0,0,30,0
2,12,1.839804e6,-4.134727754826037,-0.8017533106802975,TIME_LIMIT,144485,0,0,27,0
2,12,1.840331e6,-4.134727754826037,-0.8017533106802975,TIME_LIMIT,144537,0,0,24,0
2,12,1.840867e6,-4.134727754826037,-0.8017533106802975,TIME_LIMIT,144571,0,0,31,0
2,12,1.84139e6,-4.134727754826037,-0.8017533106802975,TIME_LIMIT,144613,0,0,28,0
2,12,1.84192e6,-4.134727754826037,-0.8017533106802975,TIME_LIMIT,144644,0,0,37,0
2,12,1.842448e6,-4.134727754826037,-0.8017533106802975,TIME_LIMIT,144690,0,0,28,0
2,12,1.842973e6,-4.134727754826037,-0.8017533106802975,TIME_LIMIT,144722,0,0,34,0
2,12,1.843513e6,-4.134727754826037,-0.8017533106802975,TIME_LIMIT,144771,0,0,30,0
2,12,1.844042e6,-4.134727754826037,-0.8017533106802975,TIME_LIMIT,144803,0,0,40,0
2,12,1.844571e6,-4.13454930789845,-0.8017533106802975,TIME_LIMIT,144859,0,0,31,0
2,12,1.845096e6,-4.13454930789845,-0.8017533106802975,TIME_LIMIT,144895,0,0,40,0
2,12,1.845635e6,-4.13454930789845,-0.8017533106802975,TIME_LIMIT,144932,0,0,38,0
2,12,1.846161e6,-4.13454930789845,-0.8017533106802975,TIME_LIMIT,144968,0,0,37,0
2,12,1.846685e6,-4.13454930789845,-0.8017533106802975,TIME_LIMIT,145019,0,0,29,0
2,12,1.847212e6,-4.13454930789845,-0.8017533106802975,TIME_LIMIT,145061,0,0,43,0
2,12,1.847746e6,-4.134084929968321,-0.8017533106802975,TIME_LIMIT,145109,0,0,26,0
2,12,1.848112e6,-4.134084929968321,-0.8017533106802975,TIME_LIMIT,145142,0,0,44,0
2,12,1.848636e6,-4.133535186029953,-0.8017533106802975,TIME_LIMIT,145195,0,0,16,0
2,12,1.84917e6,-4.133535186029953,-0.8017533106802975,TIME_LIMIT,145224,0,0,31,0
2,12,1.849696e6,-4.1327534252150615,-0.8017533106802975,TIME_LIMIT,145275,0,0,28,0
2,12,1.849981e6,-4.1327534252150615,-0.8017533106802975,TIME_LIMIT,145303,0,0,40,0
2,12,1.850477e6,-4.132563293307371,-0.8017533106802975,TIME_LIMIT,145357,0,0,23,0
2,12,1.851014e6,-4.132563293307371,-0.8017533106802975,TIME_LIMIT,145387,0,0,41,0
2,12,1.851539e6,-4.132142556195623,-0.8017533106802975,TIME_LIMIT,145433,0,0,27,0
2,12,1.85207e6,-4.132142556195623,-0.8017533106802975,TIME_LIMIT,145460,0,0,36,0
2,12,1.852602e6,-4.132113699483753,-0.8017533106802975,TIME_LIMIT,145511,0,0,33,0
2,12,1.853141e6,-4.132113699483753,-0.8017533106802975,TIME_LIMIT,145550,0,0,30,0
2,12,1.853666e6,-4.132113269145968,-0.8017533106802975,TIME_LIMIT,145584,0,0,32,0
2,12,1.854192e6,-4.132113269145968,-0.8017533106802975,TIME_LIMIT,145619,0,0,42,0
2,12,1.854722e6,-4.132113269145968,-0.8017533106802975,TIME_LIMIT,145668,0,0,29,0
2,12,1.855249e6,-4.132113269145968,-0.8017533106802975,TIME_LIMIT,145697,0,0,39,0
2,12,1.855788e6,-4.132041642699054,-0.8017533106802975,TIME_LIMIT,145741,0,0,22,0
2,12,1.856312e6,-4.132041642699054,-0.8017533106802975,TIME_LIMIT,145781,0,0,32,0
2,12,1.856839e6,-4.132019988053857,-0.8017533106802975,TIME_LIMIT,145821,0,0,21,0
2,12,1.857362e6,-4.132019988053857,-0.8017533106802975,TIME_LIMIT,145851,0,0,40,0
2,12,1.857898e6,-4.132008381264947,-0.8017533106802975,TIME_LIMIT,145895,0,0,24,0
2,12,1.858426e6,-4.132008381264947,-0.8017533106802975,TIME_LIMIT,145925,0,0,48,0
2,12,1.858953e6,-4.132008381264947,-0.8017533106802975,TIME_LIMIT,145990,0,0,26,0
2,12,1.859477e6,-4.132008381264947,-0.8017533106802975,TIME_LIMIT,146035,0,0,32,0
2,12,1.860001e6,-4.132008381264947,-0.8017533106802975,TIME_LIMIT,146079,0,0,39,0
2,12,1.860566e6,-4.132008381264947,-0.8017533106802975,TIME_LIMIT,146120,0,0,38,0
2,12,1.861089e6,-4.132008381264947,-0.8017533106802975,TIME_LIMIT,146171,0,0,15,0
2,12,1.861614e6,-4.132008381264947,-0.8017533106802975,TIME_LIMIT,146208,0,0,38,0
2,12,1.862139e6,-4.132008381264947,-0.8017533106802975,TIME_LIMIT,146264,0,0,39,0
2,12,1.862661e6,-4.132008381264947,-0.8017533106802975,TIME_LIMIT,146309,0,0,21,0
2,12,1.863196e6,-4.132008381264947,-0.8017533106802975,TIME_LIMIT,146354,0,0,23,0
2,12,1.86372e6,-4.132008381264947,-0.8017533106802975,TIME_LIMIT,146386,0,0,36,0
2,12,1.864242e6,-4.132008381264947,-0.8017533106802975,TIME_LIMIT,146441,0,0,20,0
2,12,1.864765e6,-4.132008381264947,-0.8017533106802975,TIME_LIMIT,146482,0,0,52,0
2,12,1.865295e6,-4.132008381264947,-0.8017533106802975,TIME_LIMIT,146534,0,0,32,0
2,12,1.865817e6,-4.132008381264947,-0.8017533106802975,TIME_LIMIT,146577,0,0,24,0
2,12,1.866337e6,-4.132008381264947,-0.8017533106802975,TIME_LIMIT,146614,0,0,35,0
2,12,1.866858e6,-4.132008381264947,-0.8017533106802975,TIME_LIMIT,146649,0,0,43,0
2,12,1.86738e6,-4.132008381264947,-0.8017533106802975,TIME_LIMIT,146698,0,0,18,0
2,12,1.867948e6,-4.132008381264947,-0.8017533106802975,TIME_LIMIT,146735,0,0,33,0
2,12,1.868469e6,-4.132008381264947,-0.8017533106802975,TIME_LIMIT,146778,0,0,27,0
2,12,1.868989e6,-4.132008381264947,-0.8017533106802975,TIME_LIMIT,146809,0,0,30,0
2,12,1.869506e6,-4.132008381264947,-0.8017533106802975,TIME_LIMIT,146862,0,0,33,0
2,12,1.870027e6,-4.132008381264947,-0.8017533106802975,TIME_LIMIT,146903,0,0,33,0
2,12,1.870556e6,-4.132008381264947,-0.8017533106802975,TIME_LIMIT,146950,0,0,37,0
2,12,1.871077e6,-4.132008381264947,-0.8017533106802975,TIME_LIMIT,146986,0,0,43,0
2,12,1.871598e6,-4.132008381264947,-0.8017533106802975,TIME_LIMIT,147040,0,0,31,0
2,12,1.87212e6,-4.132008381264947,-0.8017533106802975,TIME_LIMIT,147073,0,0,20,0
2,12,1.872639e6,-4.132008381264947,-0.8017533106802975,TIME_LIMIT,147124,0,0,35,0
2,12,1.87317e6,-4.132008381264947,-0.8017533106802975,TIME_LIMIT,147153,0,0,34,0
2,12,1.873688e6,-4.132008381264947,-0.8017533106802975,TIME_LIMIT,147199,0,0,31,0
2,12,1.874209e6,-4.132008381264947,-0.8017533106802975,TIME_LIMIT,147232,0,0,35,0
2,12,1.874729e6,-4.132008381264947,-0.8017533106802975,TIME_LIMIT,147288,0,0,29,0
2,12,1.875245e6,-4.132008381264947,-0.8017533106802975,TIME_LIMIT,147319,0,0,35,0
2,12,1.875774e6,-4.130671875157735,-0.8017533106802975,TIME_LIMIT,147372,0,0,37,0
2,12,1.876294e6,-4.130671875157735,-0.8017533106802975,TIME_LIMIT,147400,0,0,41,0
2,12,1.876817e6,-4.130499333214562,-0.8017533106802975,TIME_LIMIT,147456,0,0,36,0
2,12,1.877339e6,-4.130499333214562,-0.8017533106802975,TIME_LIMIT,147487,0,0,44,0
2,12,1.87786e6,-4.128976518975064,-0.8017533106802975,TIME_LIMIT,147545,0,0,34,0
2,12,1.878394e6,-4.128976518975064,-0.8017533106802975,TIME_LIMIT,147580,0,0,37,0
2,12,1.878919e6,-4.128761051864151,-0.8017533106802975,TIME_LIMIT,147637,0,0,36,0
2,12,1.879442e6,-4.128761051864151,-0.8017533106802975,TIME_LIMIT,147667,0,0,38,0
2,12,1.879967e6,-4.12872412886556,-0.8017533106802975,TIME_LIMIT,147722,0,0,35,0
2,12,1.880487e6,-4.12872412886556,-0.8017533106802975,TIME_LIMIT,147751,0,0,32,0
2,12,1.88102e6,-4.128522958451054,-0.8017533106802975,TIME_LIMIT,147805,0,0,29,0
2,12,1.881541e6,-4.128522958451054,-0.8017533106802975,TIME_LIMIT,147830,0,0,33,0
2,12,1.88206e6,-4.128522958451054,-0.8017533106802975,TIME_LIMIT,147881,0,0,30,0
2,12,1.882585e6,-4.128522958451054,-0.8017533106802975,TIME_LIMIT,147915,0,0,39,0
2,12,1.883106e6,-4.128233998460809,-0.8017533106802975,TIME_LIMIT,147965,0,0,31,0
2,12,1.883639e6,-4.128233998460809,-0.8017533106802975,TIME_LIMIT,147997,0,0,23,0
2,12,1.884163e6,-4.1280818452971335,-0.8017533106802975,TIME_LIMIT,148048,0,0,29,0
2,12,1.884685e6,-4.1280818452971335,-0.8017533106802975,TIME_LIMIT,148084,0,0,46,0
2,12,1.885206e6,-4.127915676298368,-0.8017533106802975,TIME_LIMIT,148144,0,0,37,0
2,12,1.885731e6,-4.127915676298368,-0.8017533106802975,TIME_LIMIT,148176,0,0,24,0
2,12,1.886266e6,-4.127019918474733,-0.8017533106802975,TIME_LIMIT,148225,0,0,34,0
2,12,1.88679e6,-4.127019918474733,-0.8017533106802975,TIME_LIMIT,148253,0,0,40,0
2,12,1.887314e6,-4.127019918474733,-0.8017533106802975,TIME_LIMIT,148310,0,0,37,0
2,12,1.887843e6,-4.127019918474733,-0.8017533106802975,TIME_LIMIT,148352,0,0,38,0
2,12,1.888367e6,-4.126970531435328,-0.8017533106802975,TIME_LIMIT,148400,0,0,29,0
2,12,1.888894e6,-4.126970531435328,-0.8017533106802975,TIME_LIMIT,148428,0,0,39,0
2,12,1.889429e6,-4.126970531435328,-0.8017533106802975,TIME_LIMIT,148475,0,0,21,0
2,12,1.889951e6,-4.126970531435328,-0.8017533106802975,TIME_LIMIT,148502,0,0,35,0
2,12,1.890482e6,-4.126970531435328,-0.8017533106802975,TIME_LIMIT,148551,0,0,35,0
2,12,1.891012e6,-4.126970531435328,-0.8017533106802975,TIME_LIMIT,148577,0,0,38,0
2,12,1.891532e6,-4.126895359181301,-0.8017533106802975,TIME_LIMIT,148630,0,0,31,0
2,12,1.892064e6,-4.126895359181301,-0.8017533106802975,TIME_LIMIT,148668,0,0,40,0
2,12,1.892585e6,-4.126895359181301,-0.8017533106802975,TIME_LIMIT,148717,0,0,23,0
2,12,1.89311e6,-4.126895359181301,-0.8017533106802975,TIME_LIMIT,148752,0,0,28,0
2,12,1.893639e6,-4.126581668315596,-0.8017533106802975,TIME_LIMIT,148796,0,0,28,0
2,12,1.894169e6,-4.126581668315596,-0.8017533106802975,TIME_LIMIT,148830,0,0,39,0
2,12,1.894694e6,-4.126044969498425,-0.8017533106802975,TIME_LIMIT,148876,0,0,29,0
2,12,1.895236e6,-4.126044969498425,-0.8017533106802975,TIME_LIMIT,148910,0,0,36,0
2,12,1.895767e6,-4.126010525061043,-0.8017533106802975,TIME_LIMIT,148965,0,0,33,0
2,12,1.896294e6,-4.126010525061043,-0.8017533106802975,TIME_LIMIT,148994,0,0,25,0
2,12,1.896819e6,-4.126010525061043,-0.8017533106802975,TIME_LIMIT,149046,0,0,32,0
2,12,1.897347e6,-4.126010525061043,-0.8017533106802975,TIME_LIMIT,149087,0,0,22,0
2,12,1.897888e6,-4.126010525061043,-0.8017533106802975,TIME_LIMIT,149130,0,0,39,0
2,12,1.898415e6,-4.126010525061043,-0.8017533106802975,TIME_LIMIT,149167,0,0,38,0
2,12,1.898939e6,-4.126010525061043,-0.8017533106802975,TIME_LIMIT,149213,0,0,30,0
2,12,1.899464e6,-4.126010525061043,-0.8017533106802975,TIME_LIMIT,149243,0,0,44,0
2,12,1.899987e6,-4.126010525061043,-0.8017533106802975,TIME_LIMIT,149297,0,0,30,0
2,12,1.900513e6,-4.126010525061043,-0.8017533106802975,TIME_LIMIT,149325,0,0,34,0
2,12,1.901046e6,-4.125908091007223,-0.8017533106802975,TIME_LIMIT,149377,0,0,21,0
2,12,1.901572e6,-4.125908091007223,-0.8017533106802975,TIME_LIMIT,149410,0,0,40,0
2,12,1.902099e6,-4.125565818563731,-0.8017533106802975,TIME_LIMIT,149468,0,0,38,0
2,12,1.902631e6,-4.125565818563731,-0.8017533106802975,TIME_LIMIT,149498,0,0,44,0
2,12,1.90316e6,-4.125500430833374,-0.8017533106802975,TIME_LIMIT,149552,0,0,35,0
2,12,1.903686e6,-4.125500430833374,-0.8017533106802975,TIME_LIMIT,149592,0,0,27,0
2,12,1.904224e6,-4.125500430833374,-0.8017533106802975,TIME_LIMIT,149631,0,0,31,0
2,12,1.904751e6,-4.125500430833374,-0.8017533106802975,TIME_LIMIT,149664,0,0,39,0
2,12,1.905277e6,-4.125500430833374,-0.8017533106802975,TIME_LIMIT,149718,0,0,31,0
2,12,1.905832e6,-4.125500430833374,-0.8017533106802975,TIME_LIMIT,149752,0,0,37,0
2,12,1.906357e6,-4.125500430833374,-0.8017533106802975,TIME_LIMIT,149803,0,0,23,0
2,12,1.906895e6,-4.125500430833374,-0.8017533106802975,TIME_LIMIT,149832,0,0,35,0
2,12,1.907418e6,-4.125500430833374,-0.8017533106802975,TIME_LIMIT,149886,0,0,32,0
2,12,1.907947e6,-4.125500430833374,-0.8017533106802975,TIME_LIMIT,149923,0,0,33,0
2,12,1.908471e6,-4.125266422978974,-0.8017533106802975,TIME_LIMIT,149961,0,0,25,0
2,12,1.908998e6,-4.125266422978974,-0.8017533106802975,TIME_LIMIT,149995,0,0,48,0
2,12,1.909528e6,-4.125116328051064,-0.8017533106802975,TIME_LIMIT,150045,0,0,28,0
2,12,1.910065e6,-4.125116328051064,-0.8017533106802975,TIME_LIMIT,150082,0,0,48,0
2,12,1.91059e6,-4.125116328051064,-0.8017533106802975,TIME_LIMIT,150133,0,0,32,0
2,12,1.911117e6,-4.125116328051064,-0.8017533106802975,TIME_LIMIT,150168,0,0,40,0
2,12,1.911644e6,-4.12452099306421,-0.8017533106802975,TIME_LIMIT,150227,0,0,34,0
2,12,1.912169e6,-4.12452099306421,-0.8017533106802975,TIME_LIMIT,150264,0,0,38,0
2,12,1.912693e6,-4.12408018462528,-0.8017533106802975,TIME_LIMIT,150315,0,0,32,0
2,12,1.913258e6,-4.12408018462528,-0.8017533106802975,TIME_LIMIT,150349,0,0,37,0
2,12,1.913782e6,-4.124026464192342,-0.8017533106802975,TIME_LIMIT,150392,0,0,27,0
2,12,1.914244e6,-4.124026464192342,-0.8017533106802975,TIME_LIMIT,150430,0,0,35,0
2,12,1.914768e6,-4.1239094180270435,-0.8017533106802975,TIME_LIMIT,150480,0,0,17,0
2,12,1.915304e6,-4.1239094180270435,-0.8017533106802975,TIME_LIMIT,150510,0,0,33,0
2,12,1.91583e6,-4.123764216896145,-0.8017533106802975,TIME_LIMIT,150566,0,0,31,0
2,12,1.916356e6,-4.123764216896145,-0.8017533106802975,TIME_LIMIT,150604,0,0,36,0
2,12,1.916882e6,-4.123764216896145,-0.8017533106802975,TIME_LIMIT,150660,0,0,33,0
2,12,1.917408e6,-4.123764216896145,-0.8017533106802975,TIME_LIMIT,150694,0,0,43,0
2,12,1.917935e6,-4.123764216896145,-0.8017533106802975,TIME_LIMIT,150749,0,0,37,0
2,12,1.918474e6,-4.123764216896145,-0.8017533106802975,TIME_LIMIT,150784,0,0,31,0
2,12,1.918997e6,-4.123764216896145,-0.8017533106802975,TIME_LIMIT,150844,0,0,32,0
2,12,1.919525e6,-4.123764216896145,-0.8017533106802975,TIME_LIMIT,150879,0,0,40,0
2,12,1.920052e6,-4.123764216896145,-0.8017533106802975,TIME_LIMIT,150931,0,0,30,0
2,12,1.920577e6,-4.123764216896145,-0.8017533106802975,TIME_LIMIT,150963,0,0,44,0
2,12,1.921101e6,-4.123764216896145,-0.8017533106802975,TIME_LIMIT,151014,0,0,26,0
2,12,1.921628e6,-4.123764216896145,-0.8017533106802975,TIME_LIMIT,151054,0,0,53,0
2,12,1.922164e6,-4.123764216896145,-0.8017533106802975,TIME_LIMIT,151110,0,0,30,0
2,12,1.922689e6,-4.123764216896145,-0.8017533106802975,TIME_LIMIT,151141,0,0,36,0
2,12,1.923214e6,-4.123669021455322,-0.8017533106802975,TIME_LIMIT,151190,0,0,15,0
2,12,1.923742e6,-4.123669021455322,-0.8017533106802975,TIME_LIMIT,151226,0,0,34,0
2,12,1.924267e6,-4.123403406271967,-0.8017533106802975,TIME_LIMIT,151282,0,0,35,0
2,12,1.92479e6,-4.123403406271967,-0.8017533106802975,TIME_LIMIT,151323,0,0,27,0
2,12,1.925323e6,-4.123403406271967,-0.8017533106802975,TIME_LIMIT,151369,0,0,48,0
2,12,1.925844e6,-4.123403406271967,-0.8017533106802975,TIME_LIMIT,151403,0,0,42,0
2,12,1.926365e6,-4.123226423434714,-0.8017533106802975,TIME_LIMIT,151455,0,0,28,0
2,12,1.926886e6,-4.123226423434714,-0.8017533106802975,TIME_LIMIT,151495,0,0,37,0
2,12,1.927414e6,-4.123226423434714,-0.8017533106802975,TIME_LIMIT,151552,0,0,39,0
2,12,1.927937e6,-4.123226423434714,-0.8017533106802975,TIME_LIMIT,151583,0,0,42,0
2,12,1.928459e6,-4.123226423434714,-0.8017533106802975,TIME_LIMIT,151630,0,0,28,0
2,12,1.928991e6,-4.123226423434714,-0.8017533106802975,TIME_LIMIT,151664,0,0,43,0
2,12,1.929511e6,-4.122948587708862,-0.8017533106802975,TIME_LIMIT,151716,0,0,32,0
2,12,1.930034e6,-4.122948587708862,-0.8017533106802975,TIME_LIMIT,151752,0,0,39,0
2,12,1.930556e6,-4.122948587708862,-0.8017533106802975,TIME_LIMIT,151808,0,0,36,0
2,12,1.931081e6,-4.122948587708862,-0.8017533106802975,TIME_LIMIT,151849,0,0,22,0
2,12,1.931601e6,-4.1226520226886,-0.8017533106802975,TIME_LIMIT,151894,0,0,28,0
2,12,1.932121e6,-4.1226520226886,-0.8017533106802975,TIME_LIMIT,151923,0,0,30,0
2,12,1.932653e6,-4.122284357589972,-0.8017533106802975,TIME_LIMIT,151973,0,0,17,0
2,12,1.933175e6,-4.122284357589972,-0.8017533106802975,TIME_LIMIT,152010,0,0,37,0
2,12,1.933697e6,-4.122087589350303,-0.8017533106802975,TIME_LIMIT,152059,0,0,32,0
2,12,1.93422e6,-4.122087589350303,-0.8017533106802975,TIME_LIMIT,152091,0,0,38,0
2,12,1.934741e6,-4.12181166136369,-0.8017533106802975,TIME_LIMIT,152141,0,0,30,0
2,12,1.935262e6,-4.12181166136369,-0.8017533106802975,TIME_LIMIT,152175,0,0,31,0
2,12,1.935786e6,-4.121685779274582,-0.8017533106802975,TIME_LIMIT,152221,0,0,25,0
2,12,1.936321e6,-4.121685779274582,-0.8017533106802975,TIME_LIMIT,152249,0,0,21,0
2,12,1.936843e6,-4.121685779274582,-0.8017533106802975,TIME_LIMIT,152297,0,0,14,0
2,12,1.937365e6,-4.121685779274582,-0.8017533106802975,TIME_LIMIT,152342,0,0,46,0
2,12,1.937856e6,-4.121527019047861,-0.8017533106802975,TIME_LIMIT,152385,0,0,32,0
2,12,1.938378e6,-4.121527019047861,-0.8017533106802975,TIME_LIMIT,152415,0,0,33,0
2,12,1.938906e6,-4.120798604588634,-0.8017533106802975,TIME_LIMIT,152470,0,0,32,0
2,12,1.939428e6,-4.120798604588634,-0.8017533106802975,TIME_LIMIT,152500,0,0,47,0
2,12,1.939946e6,-4.120776144463369,-0.8017533106802975,TIME_LIMIT,152561,0,0,38,0
2,12,1.940467e6,-4.120776144463369,-0.8017533106802975,TIME_LIMIT,152600,0,0,38,0
2,12,1.941008e6,-4.120730089675408,-0.8017533106802975,TIME_LIMIT,152641,0,0,34,0
2,12,1.941531e6,-4.120730089675408,-0.8017533106802975,TIME_LIMIT,152684,0,0,34,0
2,12,1.942052e6,-4.120704288829163,-0.8017533106802975,TIME_LIMIT,152722,0,0,31,0
2,12,1.942579e6,-4.120704288829163,-0.8017533106802975,TIME_LIMIT,152748,0,0,44,0
2,12,1.943105e6,-4.120390172220667,-0.8017533106802975,TIME_LIMIT,152809,0,0,38,0
2,12,1.943624e6,-4.120390172220667,-0.8017533106802975,TIME_LIMIT,152849,0,0,38,0
2,12,1.944142e6,-4.120310551897153,-0.8017533106802975,TIME_LIMIT,152889,0,0,26,0
2,12,1.94464e6,-4.120310551897153,-0.8017533106802975,TIME_LIMIT,152926,0,0,34,0
2,12,1.945186e6,-4.120310551897153,-0.8017533106802975,TIME_LIMIT,152974,0,0,25,0
2,12,1.945716e6,-4.120310551897153,-0.8017533106802975,TIME_LIMIT,153006,0,0,34,0
2,12,1.946278e6,-4.120310551897153,-0.8017533106802975,TIME_LIMIT,153065,0,0,30,0
2,12,1.946784e6,-4.120310551897153,-0.8017533106802975,TIME_LIMIT,153106,0,0,33,0
2,12,1.947318e6,-4.120250152018389,-0.8017533106802975,TIME_LIMIT,153161,0,0,25,0
2,12,1.947843e6,-4.120250152018389,-0.8017533106802975,TIME_LIMIT,153193,0,0,37,0
2,12,1.948369e6,-4.119934709833055,-0.8017533106802975,TIME_LIMIT,153249,0,0,35,0
2,12,1.948896e6,-4.119934709833055,-0.8017533106802975,TIME_LIMIT,153284,0,0,38,0
2,12,1.949421e6,-4.119891336870381,-0.8017533106802975,TIME_LIMIT,153330,0,0,27,0
2,12,1.949944e6,-4.119891336870381,-0.8017533106802975,TIME_LIMIT,153366,0,0,35,0
2,12,1.950499e6,-4.119702445786813,-0.8017533106802975,TIME_LIMIT,153421,0,0,37,0
2,12,1.951037e6,-4.119702445786813,-0.8017533106802975,TIME_LIMIT,153458,0,0,37,0
2,12,1.951561e6,-4.119649596657063,-0.8017533106802975,TIME_LIMIT,153509,0,0,32,0
2,12,1.952087e6,-4.119649596657063,-0.8017533106802975,TIME_LIMIT,153536,0,0,39,0
2,12,1.952612e6,-4.119649596657063,-0.8017533106802975,TIME_LIMIT,153588,0,0,32,0
2,12,1.953139e6,-4.119649596657063,-0.8017533106802975,TIME_LIMIT,153615,0,0,43,0
2,12,1.953663e6,-4.119649596657063,-0.8017533106802975,TIME_LIMIT,153672,0,0,37,0
2,12,1.954188e6,-4.119649596657063,-0.8017533106802975,TIME_LIMIT,153706,0,0,39,0
2,12,1.954712e6,-4.119649596657063,-0.8017533106802975,TIME_LIMIT,153758,0,0,31,0
2,12,1.955247e6,-4.119649596657063,-0.8017533106802975,TIME_LIMIT,153787,0,0,32,0
2,12,1.955774e6,-4.119649596657063,-0.8017533106802975,TIME_LIMIT,153840,0,0,14,0
2,12,1.956302e6,-4.119649596657063,-0.8017533106802975,TIME_LIMIT,153873,0,0,26,0
2,12,1.95683e6,-4.119649596657063,-0.8017533106802975,TIME_LIMIT,153924,0,0,31,0
2,12,1.957358e6,-4.119649596657063,-0.8017533106802975,TIME_LIMIT,153959,0,0,38,0
2,12,1.957907e6,-4.119649596657063,-0.8017533106802975,TIME_LIMIT,154010,0,0,34,0
2,12,1.958452e6,-4.119649596657063,-0.8017533106802975,TIME_LIMIT,154039,0,0,24,0
2,12,1.958979e6,-4.119649596657063,-0.8017533106802975,TIME_LIMIT,154089,0,0,15,0
2,12,1.959518e6,-4.119649596657063,-0.8017533106802975,TIME_LIMIT,154123,0,0,39,0
2,12,1.960044e6,-4.119050406860437,-0.8017533106802975,TIME_LIMIT,154174,0,0,32,0
2,12,1.960567e6,-4.119050406860437,-0.8017533106802975,TIME_LIMIT,154207,0,0,41,0
2,12,1.961091e6,-4.118353231035689,-0.8017533106802975,TIME_LIMIT,154258,0,0,33,0
2,12,1.961624e6,-4.118353231035689,-0.8017533106802975,TIME_LIMIT,154296,0,0,30,0
2,12,1.962151e6,-4.118164977435271,-0.8017533106802975,TIME_LIMIT,154348,0,0,35,0
2,12,1.962676e6,-4.118164977435271,-0.8017533106802975,TIME_LIMIT,154386,0,0,34,0
2,12,1.963206e6,-4.117525467084925,-0.8017533106802975,TIME_LIMIT,154440,0,0,29,0
2,12,1.963741e6,-4.117525467084925,-0.8017533106802975,TIME_LIMIT,154472,0,0,27,0
2,12,1.964269e6,-4.117525467084925,-0.8017533106802975,TIME_LIMIT,154513,0,0,31,0
2,12,1.964801e6,-4.117525467084925,-0.8017533106802975,TIME_LIMIT,154546,0,0,38,0
2,12,1.965326e6,-4.117525467084925,-0.8017533106802975,TIME_LIMIT,154595,0,0,23,0
2,12,1.965857e6,-4.117525467084925,-0.8017533106802975,TIME_LIMIT,154632,0,0,48,0
2,12,1.966388e6,-4.117525467084925,-0.8017533106802975,TIME_LIMIT,154690,0,0,36,0
2,12,1.966916e6,-4.117525467084925,-0.8017533106802975,TIME_LIMIT,154720,0,0,30,0
2,12,1.967446e6,-4.117525467084925,-0.8017533106802975,TIME_LIMIT,154767,0,0,33,0
2,12,1.967986e6,-4.117525467084925,-0.8017533106802975,TIME_LIMIT,154790,0,0,19,0
2,12,1.968515e6,-4.117525467084925,-0.8017533106802975,TIME_LIMIT,154843,0,0,32,0
2,12,1.969038e6,-4.117525467084925,-0.8017533106802975,TIME_LIMIT,154880,0,0,47,0
2,12,1.969564e6,-4.117525467084925,-0.8017533106802975,TIME_LIMIT,154914,0,0,30,0
2,12,1.97009e6,-4.117525467084925,-0.8017533106802975,TIME_LIMIT,154947,0,0,32,0
2,12,1.970613e6,-4.117525467084925,-0.8017533106802975,TIME_LIMIT,154984,0,0,33,0
2,12,1.971137e6,-4.117525467084925,-0.8017533106802975,TIME_LIMIT,155016,0,0,41,0
2,12,1.97166e6,-4.117525467084925,-0.8017533106802975,TIME_LIMIT,155070,0,0,33,0
2,12,1.972186e6,-4.117525467084925,-0.8017533106802975,TIME_LIMIT,155093,0,0,37,0
2,12,1.972721e6,-4.117525467084925,-0.8017533106802975,TIME_LIMIT,155145,0,0,34,0
2,12,1.973246e6,-4.117525467084925,-0.8017533106802975,TIME_LIMIT,155177,0,0,31,0
2,12,1.97377e6,-4.117525467084925,-0.8017533106802975,TIME_LIMIT,155219,0,0,24,0
2,12,1.974294e6,-4.117525467084925,-0.8017533106802975,TIME_LIMIT,155253,0,0,26,0
2,12,1.974819e6,-4.116867254046011,-0.8017533106802975,TIME_LIMIT,155302,0,0,28,0
2,12,1.975226e6,-4.116867254046011,-0.8017533106802975,TIME_LIMIT,155340,0,0,52,0
2,12,1.975751e6,-4.116837233733577,-0.8017533106802975,TIME_LIMIT,155389,0,0,24,0
2,12,1.976275e6,-4.116837233733577,-0.8017533106802975,TIME_LIMIT,155421,0,0,38,0
2,12,1.976803e6,-4.116708663255876,-0.8017533106802975,TIME_LIMIT,155473,0,0,35,0
2,12,1.977332e6,-4.116708663255876,-0.8017533106802975,TIME_LIMIT,155505,0,0,22,0
2,12,1.977855e6,-4.116648054406227,-0.8017533106802975,TIME_LIMIT,155560,0,0,38,0
2,12,1.978392e6,-4.116648054406227,-0.8017533106802975,TIME_LIMIT,155587,0,0,32,0
2,12,1.97892e6,-4.116390696186184,-0.8017533106802975,TIME_LIMIT,155636,0,0,32,0
2,12,1.979444e6,-4.116390696186184,-0.8017533106802975,TIME_LIMIT,155669,0,0,40,0
2,12,1.979969e6,-4.116390696186184,-0.8017533106802975,TIME_LIMIT,155718,0,0,26,0
2,12,1.980493e6,-4.116390696186184,-0.8017533106802975,TIME_LIMIT,155749,0,0,32,0
2,12,1.981017e6,-4.116387598912771,-0.8017533106802975,TIME_LIMIT,155794,0,0,32,0
2,12,1.98154e6,-4.116387598912771,-0.8017533106802975,TIME_LIMIT,155824,0,0,35,0
2,12,1.982065e6,-4.116134786840108,-0.8017533106802975,TIME_LIMIT,155869,0,0,31,0
2,12,1.98259e6,-4.116134786840108,-0.8017533106802975,TIME_LIMIT,155900,0,0,37,0
2,12,1.983113e6,-4.115924860525359,-0.8017533106802975,TIME_LIMIT,155951,0,0,34,0
2,12,1.983653e6,-4.115924860525359,-0.8017533106802975,TIME_LIMIT,155979,0,0,37,0
2,12,1.984177e6,-4.115487655079898,-0.8017533106802975,TIME_LIMIT,156025,0,0,17,0
2,12,1.984703e6,-4.115487655079898,-0.8017533106802975,TIME_LIMIT,156057,0,0,44,0
2,12,1.98523e6,-4.115487655079898,-0.8017533106802975,TIME_LIMIT,156120,0,0,37,0
2,12,1.985754e6,-4.115487655079898,-0.8017533106802975,TIME_LIMIT,156146,0,0,34,0
2,12,1.986281e6,-4.11523847662978,-0.8017533106802975,TIME_LIMIT,156196,0,0,29,0
2,12,1.986806e6,-4.11523847662978,-0.8017533106802975,TIME_LIMIT,156229,0,0,39,0
2,12,1.987333e6,-4.115108144138463,-0.8017533106802975,TIME_LIMIT,156271,0,0,27,0
2,12,1.987855e6,-4.115108144138463,-0.8017533106802975,TIME_LIMIT,156304,0,0,43,0
2,12,1.988378e6,-4.115108144138463,-0.8017533106802975,TIME_LIMIT,156363,0,0,38,0
2,12,1.988908e6,-4.115108144138463,-0.8017533106802975,TIME_LIMIT,156396,0,0,44,0
2,12,1.989427e6,-4.115108144138463,-0.8017533106802975,TIME_LIMIT,156453,0,0,34,0
2,12,1.989946e6,-4.115108144138463,-0.8017533106802975,TIME_LIMIT,156488,0,0,49,0
2,12,1.990464e6,-4.114987070605167,-0.8017533106802975,TIME_LIMIT,156536,0,0,28,0
2,12,1.990986e6,-4.114987070605167,-0.8017533106802975,TIME_LIMIT,156565,0,0,34,0
2,12,1.991509e6,-4.114987070605167,-0.8017533106802975,TIME_LIMIT,156621,0,0,32,0
2,12,1.992031e6,-4.114987070605167,-0.8017533106802975,TIME_LIMIT,156652,0,0,30,0
2,12,1.992552e6,-4.1149356469648755,-0.8017533106802975,TIME_LIMIT,156703,0,0,32,0
2,12,1.993074e6,-4.1149356469648755,-0.8017533106802975,TIME_LIMIT,156741,0,0,19,0
2,12,1.993596e6,-4.114754279594512,-0.8017533106802975,TIME_LIMIT,156802,0,0,20,0
2,12,1.994119e6,-4.114754279594512,-0.8017533106802975,TIME_LIMIT,156833,0,0,45,0
2,12,1.994652e6,-4.114711296061413,-0.8017533106802975,TIME_LIMIT,156892,0,0,38,0
2,12,1.995175e6,-4.114711296061413,-0.8017533106802975,TIME_LIMIT,156922,0,0,28,0
2,12,1.995695e6,-4.1143187003427695,-0.8017533106802975,TIME_LIMIT,156971,0,0,27,0
2,12,1.996216e6,-4.1143187003427695,-0.8017533106802975,TIME_LIMIT,156998,0,0,26,0
2,12,1.996737e6,-4.113300691674379,-0.8017533106802975,TIME_LIMIT,157055,0,0,31,0
2,12,1.997257e6,-4.113300691674379,-0.8017533106802975,TIME_LIMIT,157093,0,0,22,0
2,12,1.997781e6,-4.113300691674379,-0.8017533106802975,TIME_LIMIT,157134,0,0,33,0
2,12,1.998302e6,-4.113300691674379,-0.8017533106802975,TIME_LIMIT,157173,0,0,20,0
2,12,1.998826e6,-4.112951752649704,-0.8017533106802975,TIME_LIMIT,157211,0,0,36,0
2,12,1.999346e6,-4.112951752649704,-0.8017533106802975,TIME_LIMIT,157242,0,0,28,0
2,12,1.999863e6,-4.112878976751729,-0.8017533106802975,TIME_LIMIT,157292,0,0,30,0
2,12,2.000395e6,-4.112878976751729,-0.8017533106802975,TIME_LIMIT,157328,0,0,39,0
2,12,2.000917e6,-4.11267000191401,-0.8017533106802975,TIME_LIMIT,157379,0,0,29,0
2,12,2.001439e6,-4.11267000191401,-0.8017533106802975,TIME_LIMIT,157413,0,0,38,0
2,12,2.001961e6,-4.11267000191401,-0.8017533106802975,TIME_LIMIT,157459,0,0,31,0
2,12,2.002488e6,-4.11267000191401,-0.8017533106802975,TIME_LIMIT,157490,0,0,40,0
2,12,2.003041e6,-4.11267000191401,-0.8017533106802975,TIME_LIMIT,157542,0,0,12,0
2,12,2.003568e6,-4.11267000191401,-0.8017533106802975,TIME_LIMIT,157574,0,0,49,0
2,12,2.004091e6,-4.11267000191401,-0.8017533106802975,TIME_LIMIT,157622,0,0,19,0
2,12,2.004618e6,-4.11267000191401,-0.8017533106802975,TIME_LIMIT,157663,0,0,32,0
2,12,2.005146e6,-4.11267000191401,-0.8017533106802975,TIME_LIMIT,157700,0,0,35,0
2,12,2.00567e6,-4.11267000191401,-0.8017533106802975,TIME_LIMIT,157727,0,0,30,0
2,12,2.006195e6,-4.11267000191401,-0.8017533106802975,TIME_LIMIT,157784,0,0,32,0
2,12,2.006732e6,-4.11267000191401,-0.8017533106802975,TIME_LIMIT,157819,0,0,39,0
2,12,2.007257e6,-4.112596132057849,-0.8017533106802975,TIME_LIMIT,157868,0,0,29,0
2,12,2.007787e6,-4.112596132057849,-0.8017533106802975,TIME_LIMIT,157895,0,0,40,0
2,12,2.008313e6,-4.112517013605991,-0.8017533106802975,TIME_LIMIT,157951,0,0,32,0
2,12,2.008841e6,-4.112517013605991,-0.8017533106802975,TIME_LIMIT,157978,0,0,34,0
2,12,2.009366e6,-4.112217981264763,-0.8017533106802975,TIME_LIMIT,158027,0,0,32,0
2,12,2.009893e6,-4.112217981264763,-0.8017533106802975,TIME_LIMIT,158064,0,0,37,0
2,12,2.010428e6,-4.112168769614433,-0.8017533106802975,TIME_LIMIT,158116,0,0,13,0
2,12,2.010981e6,-4.112168769614433,-0.8017533106802975,TIME_LIMIT,158144,0,0,54,0
2,12,2.011506e6,-4.112168769614433,-0.8017533106802975,TIME_LIMIT,158192,0,0,28,0
2,12,2.012033e6,-4.112168769614433,-0.8017533106802975,TIME_LIMIT,158226,0,0,42,0
2,12,2.012557e6,-4.111984858218779,-0.8017533106802975,TIME_LIMIT,158276,0,0,35,0
2,12,2.013082e6,-4.111984858218779,-0.8017533106802975,TIME_LIMIT,158310,0,0,29,0
2,12,2.013625e6,-4.111612097360725,-0.8017533106802975,TIME_LIMIT,158358,0,0,19,0
2,12,2.014157e6,-4.111612097360725,-0.8017533106802975,TIME_LIMIT,158383,0,0,39,0
2,12,2.014685e6,-4.110963222001407,-0.8017533106802975,TIME_LIMIT,158432,0,0,26,0
2,12,2.015214e6,-4.110963222001407,-0.8017533106802975,TIME_LIMIT,158471,0,0,33,0
2,12,2.015744e6,-4.11082758585564,-0.8017533106802975,TIME_LIMIT,158526,0,0,35,0
2,12,2.016274e6,-4.11082758585564,-0.8017533106802975,TIME_LIMIT,158556,0,0,44,0
2,12,2.016801e6,-4.110740213965046,-0.8017533106802975,TIME_LIMIT,158605,0,0,33,0
2,12,2.017331e6,-4.110740213965046,-0.8017533106802975,TIME_LIMIT,158641,0,0,36,0
2,12,2.01786e6,-4.110444569229771,-0.8017533106802975,TIME_LIMIT,158698,0,0,34,0
2,12,2.018387e6,-4.110444569229771,-0.8017533106802975,TIME_LIMIT,158729,0,0,43,0
2,12,2.018912e6,-4.110335009174164,-0.8017533106802975,TIME_LIMIT,158776,0,0,26,0
2,12,2.01944e6,-4.110335009174164,-0.8017533106802975,TIME_LIMIT,158804,0,0,28,0
2,12,2.019968e6,-4.109703375420912,-0.8017533106802975,TIME_LIMIT,158848,0,0,24,0
2,12,2.020498e6,-4.109703375420912,-0.8017533106802975,TIME_LIMIT,158886,0,0,24,0
2,12,2.021002e6,-4.1095700891472,-0.8017533106802975,TIME_LIMIT,158930,0,0,36,0
2,12,2.021533e6,-4.1095700891472,-0.8017533106802975,TIME_LIMIT,158960,0,0,38,0
2,12,2.022062e6,-4.1095700891472,-0.8017533106802975,TIME_LIMIT,159013,0,0,34,0
2,12,2.022594e6,-4.1095700891472,-0.8017533106802975,TIME_LIMIT,159042,0,0,31,0
2,12,2.02314e6,-4.1095700891472,-0.8017533106802975,TIME_LIMIT,159096,0,0,31,0
2,12,2.023671e6,-4.1095700891472,-0.8017533106802975,TIME_LIMIT,159131,0,0,32,0
2,12,2.024201e6,-4.10949528144807,-0.8017533106802975,TIME_LIMIT,159180,0,0,35,0
2,12,2.024731e6,-4.10949528144807,-0.8017533106802975,TIME_LIMIT,159213,0,0,41,0
2,12,2.025257e6,-4.109199223304188,-0.8017533106802975,TIME_LIMIT,159264,0,0,18,0
2,12,2.025783e6,-4.109199223304188,-0.8017533106802975,TIME_LIMIT,159294,0,0,43,0
2,12,2.026307e6,-4.108871888189665,-0.8017533106802975,TIME_LIMIT,159344,0,0,31,0
2,12,2.026835e6,-4.108871888189665,-0.8017533106802975,TIME_LIMIT,159377,0,0,26,0
2,12,2.02736e6,-4.108788960369733,-0.8017533106802975,TIME_LIMIT,159426,0,0,24,0
2,12,2.027886e6,-4.108788960369733,-0.8017533106802975,TIME_LIMIT,159451,0,0,46,0
2,12,2.028415e6,-4.108788960369733,-0.8017533106802975,TIME_LIMIT,159509,0,0,38,0
2,12,2.028942e6,-4.108788960369733,-0.8017533106802975,TIME_LIMIT,159543,0,0,31,0
2,12,2.029468e6,-4.108788960369733,-0.8017533106802975,TIME_LIMIT,159593,0,0,29,0
2,12,2.029992e6,-4.108788960369733,-0.8017533106802975,TIME_LIMIT,159629,0,0,38,0
2,12,2.030517e6,-4.108788960369733,-0.8017533106802975,TIME_LIMIT,159668,0,0,42,0
2,12,2.031039e6,-4.108788960369733,-0.8017533106802975,TIME_LIMIT,159695,0,0,45,0
2,12,2.031561e6,-4.108402029653271,-0.8017533106802975,TIME_LIMIT,159743,0,0,34,0
2,12,2.032085e6,-4.108402029653271,-0.8017533106802975,TIME_LIMIT,159781,0,0,44,0
2,12,2.032623e6,-4.108402029653271,-0.8017533106802975,TIME_LIMIT,159830,0,0,29,0
2,12,2.033152e6,-4.108402029653271,-0.8017533106802975,TIME_LIMIT,159863,0,0,36,0
2,12,2.033682e6,-4.108363725903069,-0.8017533106802975,TIME_LIMIT,159916,0,0,31,0
2,12,2.034206e6,-4.108363725903069,-0.8017533106802975,TIME_LIMIT,159954,0,0,38,0
2,12,2.034733e6,-4.108363725903069,-0.8017533106802975,TIME_LIMIT,159994,0,0,39,0
2,12,2.035259e6,-4.108363725903069,-0.8017533106802975,TIME_LIMIT,160029,0,0,30,0
2,12,2.035786e6,-4.108258903541795,-0.8017533106802975,TIME_LIMIT,160085,0,0,40,0
2,12,2.036313e6,-4.108258903541795,-0.8017533106802975,TIME_LIMIT,160126,0,0,38,0
2,12,2.036841e6,-4.1078652991439695,-0.8017533106802975,TIME_LIMIT,160162,0,0,18,0
2,12,2.03737e6,-4.1078652991439695,-0.8017533106802975,TIME_LIMIT,160192,0,0,38,0
2,12,2.037895e6,-4.107764006532419,-0.8017533106802975,TIME_LIMIT,160238,0,0,26,0
2,12,2.03842e6,-4.107764006532419,-0.8017533106802975,TIME_LIMIT,160267,0,0,35,0
2,12,2.038948e6,-4.107516575336944,-0.8017533106802975,TIME_LIMIT,160313,0,0,32,0
2,12,2.039472e6,-4.107516575336944,-0.8017533106802975,TIME_LIMIT,160350,0,0,33,0
2,12,2.039995e6,-4.107516575336944,-0.8017533106802975,TIME_LIMIT,160385,0,0,37,0
2,12,2.040523e6,-4.107516575336944,-0.8017533106802975,TIME_LIMIT,160416,0,0,35,0
2,12,2.041047e6,-4.107516575336944,-0.8017533106802975,TIME_LIMIT,160469,0,0,11,0
2,12,2.041571e6,-4.107516575336944,-0.8017533106802975,TIME_LIMIT,160503,0,0,29,0
2,12,2.042094e6,-4.1068590889195145,-0.8017533106802975,TIME_LIMIT,160555,0,0,15,0
2,12,2.042619e6,-4.1068590889195145,-0.8017533106802975,TIME_LIMIT,160583,0,0,37,0
2,12,2.043156e6,-4.106744123465995,-0.8017533106802975,TIME_LIMIT,160643,0,0,33,0
2,12,2.043683e6,-4.106744123465995,-0.8017533106802975,TIME_LIMIT,160681,0,0,46,0
2,12,2.044209e6,-4.106563923024641,-0.8017533106802975,TIME_LIMIT,160730,0,0,27,0
2,12,2.044732e6,-4.106563923024641,-0.8017533106802975,TIME_LIMIT,160767,0,0,36,0
2,12,2.045252e6,-4.106246697045631,-0.8017533106802975,TIME_LIMIT,160817,0,0,24,0
2,12,2.045774e6,-4.106246697045631,-0.8017533106802975,TIME_LIMIT,160855,0,0,33,0
2,12,2.046294e6,-4.106241704949873,-0.8017533106802975,TIME_LIMIT,160893,0,0,29,0
2,12,2.046818e6,-4.106241704949873,-0.8017533106802975,TIME_LIMIT,160929,0,0,41,0
2,12,2.047342e6,-4.106241704949873,-0.8017533106802975,TIME_LIMIT,160978,0,0,26,0
2,12,2.047864e6,-4.106241704949873,-0.8017533106802975,TIME_LIMIT,161014,0,0,41,0
2,12,2.048384e6,-4.106241704949873,-0.8017533106802975,TIME_LIMIT,161068,0,0,27,0
2,12,2.048906e6,-4.106241704949873,-0.8017533106802975,TIME_LIMIT,161107,0,0,33,0
2,12,2.049425e6,-4.106241704949873,-0.8017533106802975,TIME_LIMIT,161159,0,0,33,0
2,12,2.049945e6,-4.106241704949873,-0.8017533106802975,TIME_LIMIT,161199,0,0,20,0
2,12,2.050467e6,-4.106173440710935,-0.8017533106802975,TIME_LIMIT,161254,0,0,19,0
2,12,2.050993e6,-4.106173440710935,-0.8017533106802975,TIME_LIMIT,161287,0,0,26,0
2,12,2.051518e6,-4.105969124801848,-0.8017533106802975,TIME_LIMIT,161340,0,0,31,0
2,12,2.052037e6,-4.105969124801848,-0.8017533106802975,TIME_LIMIT,161369,0,0,38,0
2,12,2.052557e6,-4.1057167920656195,-0.8017533106802975,TIME_LIMIT,161417,0,0,27,0
2,12,2.053079e6,-4.1057167920656195,-0.8017533106802975,TIME_LIMIT,161451,0,0,21,0
2,12,2.053598e6,-4.1057167920656195,-0.8017533106802975,TIME_LIMIT,161500,0,0,26,0
2,12,2.054122e6,-4.1057167920656195,-0.8017533106802975,TIME_LIMIT,161542,0,0,32,0
2,12,2.054646e6,-4.1057167920656195,-0.8017533106802975,TIME_LIMIT,161579,0,0,37,0
2,12,2.055166e6,-4.1057167920656195,-0.8017533106802975,TIME_LIMIT,161612,0,0,40,0
2,12,2.055721e6,-4.1057167920656195,-0.8017533106802975,TIME_LIMIT,161666,0,0,29,0
2,12,2.056243e6,-4.1057167920656195,-0.8017533106802975,TIME_LIMIT,161705,0,0,34,0
2,12,2.056774e6,-4.1057167920656195,-0.8017533106802975,TIME_LIMIT,161751,0,0,23,0
2,12,2.057293e6,-4.1057167920656195,-0.8017533106802975,TIME_LIMIT,161786,0,0,36,0
2,12,2.057812e6,-4.105360791482603,-0.8017533106802975,TIME_LIMIT,161836,0,0,19,0
2,12,2.058332e6,-4.105360791482603,-0.8017533106802975,TIME_LIMIT,161880,0,0,27,0
2,12,2.058851e6,-4.105360791482603,-0.8017533106802975,TIME_LIMIT,161917,0,0,33,0
2,12,2.059372e6,-4.105360791482603,-0.8017533106802975,TIME_LIMIT,161956,0,0,32,0
2,12,2.059894e6,-4.105360791482603,-0.8017533106802975,TIME_LIMIT,161996,0,0,28,0
2,12,2.060421e6,-4.105360791482603,-0.8017533106802975,TIME_LIMIT,162032,0,0,40,0
2,12,2.060944e6,-4.105360791482603,-0.8017533106802975,TIME_LIMIT,162083,0,0,30,0
2,12,2.061464e6,-4.105360791482603,-0.8017533106802975,TIME_LIMIT,162111,0,0,35,0
2,12,2.061988e6,-4.105360791482603,-0.8017533106802975,TIME_LIMIT,162164,0,0,18,0
2,12,2.062513e6,-4.105360791482603,-0.8017533106802975,TIME_LIMIT,162197,0,0,30,0
2,12,2.06305e6,-4.105322757304821,-0.8017533106802975,TIME_LIMIT,162235,0,0,20,0
2,12,2.063588e6,-4.105322757304821,-0.8017533106802975,TIME_LIMIT,162263,0,0,39,0
2,12,2.064108e6,-4.105121107896777,-0.8017533106802975,TIME_LIMIT,162318,0,0,31,0
2,12,2.064629e6,-4.105121107896777,-0.8017533106802975,TIME_LIMIT,162350,0,0,34,0
2,12,2.065149e6,-4.104730822595925,-0.8017533106802975,TIME_LIMIT,162392,0,0,21,0
2,12,2.065668e6,-4.104730822595925,-0.8017533106802975,TIME_LIMIT,162425,0,0,25,0
2,12,2.066189e6,-4.104730822595925,-0.8017533106802975,TIME_LIMIT,162473,0,0,27,0
2,12,2.066718e6,-4.104730822595925,-0.8017533106802975,TIME_LIMIT,162503,0,0,32,0
2,12,2.067239e6,-4.104339152972585,-0.8017533106802975,TIME_LIMIT,162549,0,0,31,0
2,12,2.067764e6,-4.104339152972585,-0.8017533106802975,TIME_LIMIT,162587,0,0,40,0
2,12,2.068286e6,-4.10400055024086,-0.8017533106802975,TIME_LIMIT,162634,0,0,26,0
2,12,2.068812e6,-4.10400055024086,-0.8017533106802975,TIME_LIMIT,162664,0,0,42,0
2,12,2.069337e6,-4.10400055024086,-0.8017533106802975,TIME_LIMIT,162716,0,0,14,0
2,12,2.069859e6,-4.10400055024086,-0.8017533106802975,TIME_LIMIT,162757,0,0,32,0
2,12,2.070385e6,-4.10400055024086,-0.8017533106802975,TIME_LIMIT,162795,0,0,28,0
2,12,2.07091e6,-4.10400055024086,-0.8017533106802975,TIME_LIMIT,162832,0,0,38,0
2,12,2.071435e6,-4.103865269471163,-0.8017533106802975,TIME_LIMIT,162885,0,0,33,0
2,12,2.071962e6,-4.103865269471163,-0.8017533106802975,TIME_LIMIT,162914,0,0,47,0
2,12,2.072489e6,-4.103865269471163,-0.8017533106802975,TIME_LIMIT,162971,0,0,33,0
2,12,2.073019e6,-4.103865269471163,-0.8017533106802975,TIME_LIMIT,163011,0,0,52,0
2,12,2.073543e6,-4.103865269471163,-0.8017533106802975,TIME_LIMIT,163061,0,0,26,0
2,12,2.074072e6,-4.103865269471163,-0.8017533106802975,TIME_LIMIT,163092,0,0,53,0
2,12,2.074602e6,-4.103865269471163,-0.8017533106802975,TIME_LIMIT,163147,0,0,32,0
2,12,2.075129e6,-4.103865269471163,-0.8017533106802975,TIME_LIMIT,163175,0,0,53,0
2,12,2.075657e6,-4.103865269471163,-0.8017533106802975,TIME_LIMIT,163228,0,0,33,0
2,12,2.076194e6,-4.103865269471163,-0.8017533106802975,TIME_LIMIT,163261,0,0,33,0
2,12,2.076727e6,-4.103865269471163,-0.8017533106802975,TIME_LIMIT,163316,0,0,38,0
2,12,2.077259e6,-4.103865269471163,-0.8017533106802975,TIME_LIMIT,163349,0,0,38,0
2,12,2.077787e6,-4.103750043932471,-0.8017533106802975,TIME_LIMIT,163399,0,0,28,0
2,12,2.078316e6,-4.103750043932471,-0.8017533106802975,TIME_LIMIT,163436,0,0,32,0
2,12,2.078843e6,-4.103750043932471,-0.8017533106802975,TIME_LIMIT,163480,0,0,36,0
2,12,2.079371e6,-4.103750043932471,-0.8017533106802975,TIME_LIMIT,163511,0,0,39,0
2,12,2.079901e6,-4.103750043932471,-0.8017533106802975,TIME_LIMIT,163564,0,0,37,0
2,12,2.080429e6,-4.103750043932471,-0.8017533106802975,TIME_LIMIT,163591,0,0,23,0
2,12,2.080957e6,-4.103335603039592,-0.8017533106802975,TIME_LIMIT,163640,0,0,20,0
2,12,2.081489e6,-4.103335603039592,-0.8017533106802975,TIME_LIMIT,163674,0,0,36,0
2,12,2.08202e6,-4.102491495285051,-0.8017533106802975,TIME_LIMIT,163724,0,0,32,0
2,12,2.082551e6,-4.102491495285051,-0.8017533106802975,TIME_LIMIT,163748,0,0,35,0
2,12,2.08308e6,-4.102491495285051,-0.8017533106802975,TIME_LIMIT,163796,0,0,28,0
2,12,2.083611e6,-4.102491495285051,-0.8017533106802975,TIME_LIMIT,163830,0,0,15,0
2,12,2.08414e6,-4.102415167779603,-0.8017533106802975,TIME_LIMIT,163879,0,0,30,0
2,12,2.084673e6,-4.102415167779603,-0.8017533106802975,TIME_LIMIT,163922,0,0,46,0
2,12,2.085201e6,-4.102415167779603,-0.8017533106802975,TIME_LIMIT,163970,0,0,25,0
2,12,2.085737e6,-4.102415167779603,-0.8017533106802975,TIME_LIMIT,164004,0,0,32,0
2,12,2.086266e6,-4.102343648670648,-0.8017533106802975,TIME_LIMIT,164050,0,0,26,0
2,12,2.086808e6,-4.102343648670648,-0.8017533106802975,TIME_LIMIT,164083,0,0,36,0
2,12,2.087337e6,-4.10229667910845,-0.8017533106802975,TIME_LIMIT,164139,0,0,30,0
2,12,2.08787e6,-4.10229667910845,-0.8017533106802975,TIME_LIMIT,164179,0,0,55,0
2,12,2.088396e6,-4.101776303646445,-0.8017533106802975,TIME_LIMIT,164233,0,0,33,0
2,12,2.088923e6,-4.101776303646445,-0.8017533106802975,TIME_LIMIT,164264,0,0,21,0
2,12,2.089449e6,-4.100940093847916,-0.8017533106802975,TIME_LIMIT,164319,0,0,30,0
2,12,2.089974e6,-4.100940093847916,-0.8017533106802975,TIME_LIMIT,164352,0,0,57,0
2,12,2.090506e6,-4.100832438534665,-0.8017533106802975,TIME_LIMIT,164406,0,0,34,0
2,12,2.091042e6,-4.100832438534665,-0.8017533106802975,TIME_LIMIT,164442,0,0,33,0
2,12,2.091569e6,-4.1002104404921225,-0.8017533106802975,TIME_LIMIT,164477,0,0,29,0
2,12,2.092098e6,-4.1002104404921225,-0.8017533106802975,TIME_LIMIT,164523,0,0,39,0
2,12,2.092623e6,-4.1002104404921225,-0.8017533106802975,TIME_LIMIT,164564,0,0,30,0
2,12,2.093148e6,-4.1002104404921225,-0.8017533106802975,TIME_LIMIT,164600,0,0,26,0
2,12,2.093673e6,-4.100050787167008,-0.8017533106802975,TIME_LIMIT,164653,0,0,31,0
2,12,2.094115e6,-4.100050787167008,-0.8017533106802975,TIME_LIMIT,164696,0,0,45,0
2,12,2.094639e6,-4.100050787167008,-0.8017533106802975,TIME_LIMIT,164749,0,0,15,0
2,12,2.095167e6,-4.100050787167008,-0.8017533106802975,TIME_LIMIT,164780,0,0,47,0
2,12,2.0957e6,-4.100050787167008,-0.8017533106802975,TIME_LIMIT,164832,0,0,26,0
2,12,2.096226e6,-4.100050787167008,-0.8017533106802975,TIME_LIMIT,164868,0,0,34,0
2,12,2.096754e6,-4.099927587165929,-0.8017533106802975,TIME_LIMIT,164905,0,0,27,0
2,12,2.097281e6,-4.099927587165929,-0.8017533106802975,TIME_LIMIT,164937,0,0,38,0
2,12,2.097809e6,-4.099681972654134,-0.8017533106802975,TIME_LIMIT,164986,0,0,32,0
2,12,2.098337e6,-4.099681972654134,-0.8017533106802975,TIME_LIMIT,165022,0,0,37,0
2,12,2.098866e6,-4.099447474524602,-0.8017533106802975,TIME_LIMIT,165079,0,0,34,0
2,12,2.099392e6,-4.099447474524602,-0.8017533106802975,TIME_LIMIT,165111,0,0,38,0
2,12,2.099916e6,-4.099229895648188,-0.8017533106802975,TIME_LIMIT,165158,0,0,19,0
2,12,2.100442e6,-4.099229895648188,-0.8017533106802975,TIME_LIMIT,165190,0,0,40,0
2,12,2.100968e6,-4.099012216822903,-0.8017533106802975,TIME_LIMIT,165240,0,0,32,0
2,12,2.101496e6,-4.099012216822903,-0.8017533106802975,TIME_LIMIT,165275,0,0,29,0
2,12,2.102024e6,-4.099012216822903,-0.8017533106802975,TIME_LIMIT,165322,0,0,35,0
2,12,2.102549e6,-4.099012216822903,-0.8017533106802975,TIME_LIMIT,165359,0,0,39,0
2,12,2.103075e6,-4.099012216822903,-0.8017533106802975,TIME_LIMIT,165407,0,0,28,0
2,12,2.103602e6,-4.099012216822903,-0.8017533106802975,TIME_LIMIT,165442,0,0,47,0
2,12,2.104125e6,-4.098646378272138,-0.8017533106802975,TIME_LIMIT,165496,0,0,35,0
2,12,2.10465e6,-4.098646378272138,-0.8017533106802975,TIME_LIMIT,165527,0,0,45,0
2,12,2.105176e6,-4.098646378272138,-0.8017533106802975,TIME_LIMIT,165580,0,0,29,0
2,12,2.105702e6,-4.098646378272138,-0.8017533106802975,TIME_LIMIT,165611,0,0,41,0
2,12,2.106224e6,-4.098401359438155,-0.8017533106802975,TIME_LIMIT,165660,0,0,27,0
2,12,2.106745e6,-4.098401359438155,-0.8017533106802975,TIME_LIMIT,165689,0,0,33,0
2,12,2.107268e6,-4.098401359438155,-0.8017533106802975,TIME_LIMIT,165739,0,0,29,0
2,12,2.10779e6,-4.098401359438155,-0.8017533106802975,TIME_LIMIT,165770,0,0,34,0
2,12,2.108341e6,-4.098401359438155,-0.8017533106802975,TIME_LIMIT,165816,0,0,28,0
2,12,2.108863e6,-4.098401359438155,-0.8017533106802975,TIME_LIMIT,165856,0,0,36,0
2,12,2.109386e6,-4.097561713646316,-0.8017533106802975,TIME_LIMIT,165904,0,0,28,0
2,12,2.109914e6,-4.097561713646316,-0.8017533106802975,TIME_LIMIT,165938,0,0,41,0
2,12,2.110437e6,-4.097376990007373,-0.8017533106802975,TIME_LIMIT,165992,0,0,30,0
2,12,2.11096e6,-4.097376990007373,-0.8017533106802975,TIME_LIMIT,166024,0,0,43,0
2,12,2.111481e6,-4.097323897458114,-0.8017533106802975,TIME_LIMIT,166071,0,0,33,0
2,12,2.112002e6,-4.097323897458114,-0.8017533106802975,TIME_LIMIT,166105,0,0,29,0
2,12,2.112526e6,-4.097143057458188,-0.8017533106802975,TIME_LIMIT,166140,0,0,33,0
2,12,2.113051e6,-4.097143057458188,-0.8017533106802975,TIME_LIMIT,166176,0,0,45,0
2,12,2.113574e6,-4.097143057458188,-0.8017533106802975,TIME_LIMIT,166231,0,0,32,0
2,12,2.114098e6,-4.097143057458188,-0.8017533106802975,TIME_LIMIT,166263,0,0,36,0
2,12,2.11462e6,-4.097143057458188,-0.8017533106802975,TIME_LIMIT,166323,0,0,38,0
2,12,2.115142e6,-4.097143057458188,-0.8017533106802975,TIME_LIMIT,166359,0,0,42,0
2,12,2.115701e6,-4.097119061392213,-0.8017533106802975,TIME_LIMIT,166411,0,0,32,0
2,12,2.116223e6,-4.097119061392213,-0.8017533106802975,TIME_LIMIT,166442,0,0,42,0
2,12,2.116743e6,-4.097119061392213,-0.8017533106802975,TIME_LIMIT,166497,0,0,28,0
2,12,2.117264e6,-4.097119061392213,-0.8017533106802975,TIME_LIMIT,166524,0,0,45,0
2,12,2.117789e6,-4.096919350705475,-0.8017533106802975,TIME_LIMIT,166574,0,0,28,0
2,12,2.118309e6,-4.096919350705475,-0.8017533106802975,TIME_LIMIT,166605,0,0,25,0
2,12,2.11883e6,-4.096367383667859,-0.8017533106802975,TIME_LIMIT,166663,0,0,37,0
2,12,2.11935e6,-4.096367383667859,-0.8017533106802975,TIME_LIMIT,166696,0,0,35,0
2,12,2.119872e6,-4.096367383667859,-0.8017533106802975,TIME_LIMIT,166747,0,0,29,0
2,12,2.120396e6,-4.096367383667859,-0.8017533106802975,TIME_LIMIT,166780,0,0,39,0
2,12,2.120918e6,-4.09579912845495,-0.8017533106802975,TIME_LIMIT,166827,0,0,25,0
2,12,2.121442e6,-4.09579912845495,-0.8017533106802975,TIME_LIMIT,166864,0,0,32,0
2,12,2.121963e6,-4.095759861199709,-0.8017533106802975,TIME_LIMIT,166913,0,0,23,0
2,12,2.122488e6,-4.095759861199709,-0.8017533106802975,TIME_LIMIT,166951,0,0,36,0
2,12,2.12301e6,-4.094877096494622,-0.8017533106802975,TIME_LIMIT,166991,0,0,35,0
2,12,2.123533e6,-4.094877096494622,-0.8017533106802975,TIME_LIMIT,167022,0,0,24,0
2,12,2.124042e6,-4.094877096494622,-0.8017533106802975,TIME_LIMIT,167078,0,0,26,0
2,12,2.12457e6,-4.094877096494622,-0.8017533106802975,TIME_LIMIT,167115,0,0,39,0
2,12,2.125094e6,-4.094877096494622,-0.8017533106802975,TIME_LIMIT,167157,0,0,38,0
2,12,2.12562e6,-4.094877096494622,-0.8017533106802975,TIME_LIMIT,167191,0,0,42,0
2,12,2.126147e6,-4.0947531666423895,-0.8017533106802975,TIME_LIMIT,167249,0,0,33,0
2,12,2.126674e6,-4.0947531666423895,-0.8017533106802975,TIME_LIMIT,167288,0,0,33,0
2,12,2.127197e6,-4.094736579728492,-0.8017533106802975,TIME_LIMIT,167327,0,0,32,0
2,12,2.127721e6,-4.094736579728492,-0.8017533106802975,TIME_LIMIT,167360,0,0,37,0
2,12,2.128246e6,-4.094736579728492,-0.8017533106802975,TIME_LIMIT,167394,0,0,29,0
2,12,2.128776e6,-4.094736579728492,-0.8017533106802975,TIME_LIMIT,167422,0,0,29,0
2,12,2.129299e6,-4.0946819668549805,-0.8017533106802975,TIME_LIMIT,167472,0,0,29,0
2,12,2.129825e6,-4.0946819668549805,-0.8017533106802975,TIME_LIMIT,167502,0,0,40,0
2,12,2.130351e6,-4.094372767943498,-0.8017533106802975,TIME_LIMIT,167555,0,0,26,0
2,12,2.130881e6,-4.094372767943498,-0.8017533106802975,TIME_LIMIT,167593,0,0,37,0
2,12,2.131409e6,-4.094155526100682,-0.8017533106802975,TIME_LIMIT,167634,0,0,21,0
2,12,2.131933e6,-4.094155526100682,-0.8017533106802975,TIME_LIMIT,167659,0,0,39,0
2,12,2.132457e6,-4.093605210594761,-0.8017533106802975,TIME_LIMIT,167706,0,0,32,0
2,12,2.132983e6,-4.093605210594761,-0.8017533106802975,TIME_LIMIT,167737,0,0,32,0
2,12,2.133508e6,-4.093435951640961,-0.8017533106802975,TIME_LIMIT,167787,0,0,27,0
2,12,2.134038e6,-4.093435951640961,-0.8017533106802975,TIME_LIMIT,167818,0,0,50,0
2,12,2.134571e6,-4.093435951640961,-0.8017533106802975,TIME_LIMIT,167870,0,0,28,0
2,12,2.135102e6,-4.093435951640961,-0.8017533106802975,TIME_LIMIT,167900,0,0,34,0
2,12,2.135628e6,-4.093435951640961,-0.8017533106802975,TIME_LIMIT,167960,0,0,16,0
2,12,2.136154e6,-4.093435951640961,-0.8017533106802975,TIME_LIMIT,167995,0,0,21,0
2,12,2.136681e6,-4.093387535715468,-0.8017533106802975,TIME_LIMIT,168046,0,0,16,0
2,12,2.137211e6,-4.093387535715468,-0.8017533106802975,TIME_LIMIT,168081,0,0,34,0
2,12,2.137737e6,-4.093356020921806,-0.8017533106802975,TIME_LIMIT,168130,0,0,29,0
2,12,2.13827e6,-4.093356020921806,-0.8017533106802975,TIME_LIMIT,168168,0,0,42,0
2,12,2.138796e6,-4.093165274069545,-0.8017533106802975,TIME_LIMIT,168204,0,0,30,0
2,12,2.139323e6,-4.093165274069545,-0.8017533106802975,TIME_LIMIT,168237,0,0,38,0
2,12,2.139858e6,-4.0931523678442385,-0.8017533106802975,TIME_LIMIT,168294,0,0,31,0
2,12,2.140393e6,-4.0931523678442385,-0.8017533106802975,TIME_LIMIT,168324,0,0,41,0
2,12,2.140926e6,-4.093031097541383,-0.8017533106802975,TIME_LIMIT,168375,0,0,32,0
2,12,2.141459e6,-4.093031097541383,-0.8017533106802975,TIME_LIMIT,168411,0,0,17,0
2,12,2.141979e6,-4.093031097541383,-0.8017533106802975,TIME_LIMIT,168463,0,0,33,0
2,12,2.142509e6,-4.093031097541383,-0.8017533106802975,TIME_LIMIT,168506,0,0,24,0
2,12,2.14304e6,-4.093031097541383,-0.8017533106802975,TIME_LIMIT,168540,0,0,28,0
2,12,2.143571e6,-4.093031097541383,-0.8017533106802975,TIME_LIMIT,168573,0,0,35,0
2,12,2.144101e6,-4.093031097541383,-0.8017533106802975,TIME_LIMIT,168623,0,0,29,0
2,12,2.144629e6,-4.093031097541383,-0.8017533106802975,TIME_LIMIT,168657,0,0,40,0
2,12,2.145128e6,-4.093031097541383,-0.8017533106802975,TIME_LIMIT,168702,0,0,33,0
2,12,2.145657e6,-4.093031097541383,-0.8017533106802975,TIME_LIMIT,168731,0,0,37,0
2,12,2.146183e6,-4.093031097541383,-0.8017533106802975,TIME_LIMIT,168783,0,0,32,0
2,12,2.146708e6,-4.093031097541383,-0.8017533106802975,TIME_LIMIT,168811,0,0,31,0
2,12,2.147233e6,-4.093031097541383,-0.8017533106802975,TIME_LIMIT,168857,0,0,19,0
2,12,2.147758e6,-4.093031097541383,-0.8017533106802975,TIME_LIMIT,168887,0,0,40,0
2,12,2.148284e6,-4.093031097541383,-0.8017533106802975,TIME_LIMIT,168936,0,0,12,0
2,12,2.148813e6,-4.093031097541383,-0.8017533106802975,TIME_LIMIT,168967,0,0,32,0
2,12,2.14934e6,-4.093031097541383,-0.8017533106802975,TIME_LIMIT,169017,0,0,18,0
2,12,2.149867e6,-4.093031097541383,-0.8017533106802975,TIME_LIMIT,169049,0,0,26,0
2,12,2.150382e6,-4.093031097541383,-0.8017533106802975,TIME_LIMIT,169102,0,0,25,0
2,12,2.150904e6,-4.093031097541383,-0.8017533106802975,TIME_LIMIT,169138,0,0,15,0
2,12,2.151429e6,-4.093031097541383,-0.8017533106802975,TIME_LIMIT,169177,0,0,30,0
2,12,2.151948e6,-4.093031097541383,-0.8017533106802975,TIME_LIMIT,169224,0,0,35,0
2,12,2.152471e6,-4.093031097541383,-0.8017533106802975,TIME_LIMIT,169265,0,0,33,0
2,12,2.152993e6,-4.093031097541383,-0.8017533106802975,TIME_LIMIT,169305,0,0,33,0
2,12,2.153516e6,-4.093031097541383,-0.8017533106802975,TIME_LIMIT,169350,0,0,38,0
2,12,2.154039e6,-4.093031097541383,-0.8017533106802975,TIME_LIMIT,169385,0,0,22,0
2,12,2.154567e6,-4.093031097541383,-0.8017533106802975,TIME_LIMIT,169435,0,0,17,0
2,12,2.155094e6,-4.093031097541383,-0.8017533106802975,TIME_LIMIT,169461,0,0,21,0
2,12,2.155618e6,-4.093031097541383,-0.8017533106802975,TIME_LIMIT,169508,0,0,33,0
2,12,2.156143e6,-4.093031097541383,-0.8017533106802975,TIME_LIMIT,169539,0,0,32,0
2,12,2.15667e6,-4.093031097541383,-0.8017533106802975,TIME_LIMIT,169577,0,0,34,0
2,12,2.157198e6,-4.093031097541383,-0.8017533106802975,TIME_LIMIT,169613,0,0,27,0
2,12,2.157725e6,-4.093031097541383,-0.8017533106802975,TIME_LIMIT,169647,0,0,29,0
2,12,2.158253e6,-4.093031097541383,-0.8017533106802975,TIME_LIMIT,169673,0,0,34,0
2,12,2.158778e6,-4.092805785329915,-0.8017533106802975,TIME_LIMIT,169718,0,0,24,0
2,12,2.159335e6,-4.092805785329915,-0.8017533106802975,TIME_LIMIT,169751,0,0,41,0
2,12,2.159861e6,-4.092441626223044,-0.8017533106802975,TIME_LIMIT,169799,0,0,28,0
2,12,2.160387e6,-4.092441626223044,-0.8017533106802975,TIME_LIMIT,169826,0,0,33,0
2,12,2.160902e6,-4.092246656841608,-0.8017533106802975,TIME_LIMIT,169879,0,0,37,0
2,12,2.161426e6,-4.092246656841608,-0.8017533106802975,TIME_LIMIT,169917,0,0,34,0
2,12,2.16196e6,-4.092246656841608,-0.8017533106802975,TIME_LIMIT,169950,0,0,34,0
2,12,2.162485e6,-4.092246656841608,-0.8017533106802975,TIME_LIMIT,169980,0,0,39,0
2,12,2.16301e6,-4.0919882240780945,-0.8017533106802975,TIME_LIMIT,170032,0,0,29,0
2,12,2.163536e6,-4.0919882240780945,-0.8017533106802975,TIME_LIMIT,170060,0,0,43,0
2,12,2.164063e6,-4.0919882240780945,-0.8017533106802975,TIME_LIMIT,170120,0,0,20,0
2,12,2.164589e6,-4.0919882240780945,-0.8017533106802975,TIME_LIMIT,170159,0,0,27,0
2,12,2.165115e6,-4.0919882240780945,-0.8017533106802975,TIME_LIMIT,170195,0,0,35,0
2,12,2.16566e6,-4.0919882240780945,-0.8017533106802975,TIME_LIMIT,170230,0,0,33,0
2,12,2.166199e6,-4.0919882240780945,-0.8017533106802975,TIME_LIMIT,170291,0,0,35,0
2,12,2.166725e6,-4.0919882240780945,-0.8017533106802975,TIME_LIMIT,170320,0,0,29,0
2,12,2.167249e6,-4.0919882240780945,-0.8017533106802975,TIME_LIMIT,170371,0,0,33,0
2,12,2.167772e6,-4.0919882240780945,-0.8017533106802975,TIME_LIMIT,170398,0,0,19,0
2,12,2.168295e6,-4.0918257793382695,-0.8017533106802975,TIME_LIMIT,170445,0,0,23,0
2,12,2.168819e6,-4.0918257793382695,-0.8017533106802975,TIME_LIMIT,170475,0,0,42,0
2,12,2.169344e6,-4.0914504644854475,-0.8017533106802975,TIME_LIMIT,170528,0,0,28,0
2,12,2.169857e6,-4.0914504644854475,-0.8017533106802975,TIME_LIMIT,170563,0,0,22,0
2,12,2.17038e6,-4.091385635924992,-0.8017533106802975,TIME_LIMIT,170608,0,0,16,0
2,12,2.170904e6,-4.091385635924992,-0.8017533106802975,TIME_LIMIT,170641,0,0,42,0
2,12,2.171426e6,-4.091081454309052,-0.8017533106802975,TIME_LIMIT,170691,0,0,17,0
2,12,2.17195e6,-4.091081454309052,-0.8017533106802975,TIME_LIMIT,170726,0,0,21,0
2,12,2.172472e6,-4.091081454309052,-0.8017533106802975,TIME_LIMIT,170777,0,0,30,0
2,12,2.172994e6,-4.091081454309052,-0.8017533106802975,TIME_LIMIT,170813,0,0,20,0
2,12,2.173522e6,-4.091081454309052,-0.8017533106802975,TIME_LIMIT,170847,0,0,35,0
2,12,2.174044e6,-4.091081454309052,-0.8017533106802975,TIME_LIMIT,170885,0,0,36,0
2,12,2.174568e6,-4.091012907511466,-0.8017533106802975,TIME_LIMIT,170925,0,0,37,0
2,12,2.175091e6,-4.091012907511466,-0.8017533106802975,TIME_LIMIT,170953,0,0,35,0
2,12,2.175612e6,-4.091012907511466,-0.8017533106802975,TIME_LIMIT,171000,0,0,25,0
2,12,2.176134e6,-4.091012907511466,-0.8017533106802975,TIME_LIMIT,171030,0,0,45,0
2,12,2.176657e6,-4.0904749889618,-0.8017533106802975,TIME_LIMIT,171074,0,0,25,0
2,12,2.17718e6,-4.0904749889618,-0.8017533106802975,TIME_LIMIT,171106,0,0,43,0
2,12,2.177706e6,-4.09019969339604,-0.8017533106802975,TIME_LIMIT,171157,0,0,29,0
2,12,2.178217e6,-4.09019969339604,-0.8017533106802975,TIME_LIMIT,171182,0,0,37,0
2,12,2.178738e6,-4.090180930489932,-0.8017533106802975,TIME_LIMIT,171237,0,0,29,0
2,12,2.179262e6,-4.090180930489932,-0.8017533106802975,TIME_LIMIT,171265,0,0,27,0
2,12,2.179787e6,-4.090180930489932,-0.8017533106802975,TIME_LIMIT,171318,0,0,18,0
2,12,2.180309e6,-4.090180930489932,-0.8017533106802975,TIME_LIMIT,171358,0,0,38,0
2,12,2.180836e6,-4.090180930489932,-0.8017533106802975,TIME_LIMIT,171397,0,0,29,0
2,12,2.181362e6,-4.090180930489932,-0.8017533106802975,TIME_LIMIT,171437,0,0,49,0
2,12,2.181884e6,-4.090180930489932,-0.8017533106802975,TIME_LIMIT,171490,0,0,27,0
2,12,2.182411e6,-4.090180930489932,-0.8017533106802975,TIME_LIMIT,171526,0,0,39,0
2,12,2.182938e6,-4.090180930489932,-0.8017533106802975,TIME_LIMIT,171564,0,0,29,0
2,12,2.183467e6,-4.090180930489932,-0.8017533106802975,TIME_LIMIT,171592,0,0,46,0
2,12,2.183991e6,-4.090180930489932,-0.8017533106802975,TIME_LIMIT,171647,0,0,14,0
2,12,2.184517e6,-4.090180930489932,-0.8017533106802975,TIME_LIMIT,171687,0,0,33,0
2,12,2.185046e6,-4.090180930489932,-0.8017533106802975,TIME_LIMIT,171728,0,0,35,0
2,12,2.185561e6,-4.090180930489932,-0.8017533106802975,TIME_LIMIT,171760,0,0,23,0
2,12,2.186093e6,-4.090180930489932,-0.8017533106802975,TIME_LIMIT,171806,0,0,27,0
2,12,2.186621e6,-4.090180930489932,-0.8017533106802975,TIME_LIMIT,171845,0,0,31,0
2,12,2.18716e6,-4.089990411869092,-0.8017533106802975,TIME_LIMIT,171894,0,0,26,0
2,12,2.187687e6,-4.089990411869092,-0.8017533106802975,TIME_LIMIT,171928,0,0,30,0
2,12,2.188216e6,-4.089888539301543,-0.8017533106802975,TIME_LIMIT,171957,0,0,24,0
2,12,2.188746e6,-4.089888539301543,-0.8017533106802975,TIME_LIMIT,171988,0,0,32,0
2,12,2.189272e6,-4.089888539301543,-0.8017533106802975,TIME_LIMIT,172042,0,0,34,0
2,12,2.1898e6,-4.089888539301543,-0.8017533106802975,TIME_LIMIT,172081,0,0,45,0
2,12,2.190334e6,-4.089888539301543,-0.8017533106802975,TIME_LIMIT,172122,0,0,37,0
2,12,2.190863e6,-4.089888539301543,-0.8017533106802975,TIME_LIMIT,172149,0,0,48,0
2,12,2.191388e6,-4.089888539301543,-0.8017533106802975,TIME_LIMIT,172198,0,0,29,0
2,12,2.191915e6,-4.089888539301543,-0.8017533106802975,TIME_LIMIT,172236,0,0,50,0
2,12,2.192433e6,-4.089888539301543,-0.8017533106802975,TIME_LIMIT,172289,0,0,33,0
2,12,2.192967e6,-4.089888539301543,-0.8017533106802975,TIME_LIMIT,172324,0,0,39,0
2,12,2.193499e6,-4.089888539301543,-0.8017533106802975,TIME_LIMIT,172376,0,0,25,0
2,12,2.194029e6,-4.089888539301543,-0.8017533106802975,TIME_LIMIT,172412,0,0,47,0
2,12,2.194556e6,-4.089888539301543,-0.8017533106802975,TIME_LIMIT,172465,0,0,28,0
2,12,2.195085e6,-4.089888539301543,-0.8017533106802975,TIME_LIMIT,172501,0,0,36,0
2,12,2.195614e6,-4.089888539301543,-0.8017533106802975,TIME_LIMIT,172549,0,0,31,0
2,12,2.196145e6,-4.089888539301543,-0.8017533106802975,TIME_LIMIT,172587,0,0,46,0
2,12,2.196672e6,-4.089888539301543,-0.8017533106802975,TIME_LIMIT,172640,0,0,33,0
2,12,2.197202e6,-4.089888539301543,-0.8017533106802975,TIME_LIMIT,172677,0,0,39,0
2,12,2.197725e6,-4.089888539301543,-0.8017533106802975,TIME_LIMIT,172725,0,0,31,0
2,12,2.198252e6,-4.089888539301543,-0.8017533106802975,TIME_LIMIT,172756,0,0,32,0
2,12,2.198768e6,-4.089688784225193,-0.8017533106802975,TIME_LIMIT,172805,0,0,29,0
2,12,2.199308e6,-4.089688784225193,-0.8017533106802975,TIME_LIMIT,172838,0,0,42,0
2,12,2.19984e6,-4.089688784225193,-0.8017533106802975,TIME_LIMIT,172892,0,0,29,0
2,12,2.200373e6,-4.089688784225193,-0.8017533106802975,TIME_LIMIT,172920,0,0,44,0
2,12,2.200906e6,-4.089444812009812,-0.8017533106802975,TIME_LIMIT,172973,0,0,35,0
2,12,2.201438e6,-4.089444812009812,-0.8017533106802975,TIME_LIMIT,173004,0,0,45,0
2,12,2.20197e6,-4.089357459300741,-0.8017533106802975,TIME_LIMIT,173051,0,0,35,0
2,12,2.202444e6,-4.089357459300741,-0.8017533106802975,TIME_LIMIT,173095,0,0,44,0
2,12,2.202979e6,-4.088338685032678,-0.8017533106802975,TIME_LIMIT,173134,0,0,30,0
2,12,2.203515e6,-4.088338685032678,-0.8017533106802975,TIME_LIMIT,173166,0,0,36,0
2,12,2.204042e6,-4.088338685032678,-0.8017533106802975,TIME_LIMIT,173214,0,0,26,0
2,12,2.204571e6,-4.088338685032678,-0.8017533106802975,TIME_LIMIT,173249,0,0,43,0
2,12,2.205097e6,-4.088338685032678,-0.8017533106802975,TIME_LIMIT,173296,0,0,26,0
2,12,2.205641e6,-4.088338685032678,-0.8017533106802975,TIME_LIMIT,173322,0,0,38,0
2,12,2.206184e6,-4.087740043077137,-0.8017533106802975,TIME_LIMIT,173375,0,0,33,0
2,12,2.206713e6,-4.087740043077137,-0.8017533106802975,TIME_LIMIT,173414,0,0,41,0
2,12,2.207243e6,-4.087740043077137,-0.8017533106802975,TIME_LIMIT,173469,0,0,34,0
2,12,2.207759e6,-4.087740043077137,-0.8017533106802975,TIME_LIMIT,173496,0,0,38,0
2,12,2.208288e6,-4.087740043077137,-0.8017533106802975,TIME_LIMIT,173545,0,0,30,0
2,12,2.208819e6,-4.087740043077137,-0.8017533106802975,TIME_LIMIT,173577,0,0,32,0
2,12,2.209348e6,-4.08773659243103,-0.8017533106802975,TIME_LIMIT,173635,0,0,32,0
2,12,2.209877e6,-4.08773659243103,-0.8017533106802975,TIME_LIMIT,173666,0,0,36,0
2,12,2.210406e6,-4.08773659243103,-0.8017533106802975,TIME_LIMIT,173714,0,0,11,0
2,12,2.21093e6,-4.08773659243103,-0.8017533106802975,TIME_LIMIT,173746,0,0,37,0
2,12,2.211453e6,-4.08773659243103,-0.8017533106802975,TIME_LIMIT,173796,0,0,31,0
2,12,2.211977e6,-4.08773659243103,-0.8017533106802975,TIME_LIMIT,173826,0,0,39,0
2,12,2.212539e6,-4.0876561409340155,-0.8017533106802975,TIME_LIMIT,173871,0,0,25,0
2,12,2.213052e6,-4.0876561409340155,-0.8017533106802975,TIME_LIMIT,173902,0,0,45,0
2,12,2.213578e6,-4.0876561409340155,-0.8017533106802975,TIME_LIMIT,173953,0,0,32,0
2,12,2.214107e6,-4.0876561409340155,-0.8017533106802975,TIME_LIMIT,173984,0,0,36,0
2,12,2.214635e6,-4.0876561409340155,-0.8017533106802975,TIME_LIMIT,174039,0,0,37,0
2,12,2.215162e6,-4.0876561409340155,-0.8017533106802975,TIME_LIMIT,174068,0,0,41,0
2,12,2.21569e6,-4.0876561409340155,-0.8017533106802975,TIME_LIMIT,174121,0,0,26,0
2,12,2.216218e6,-4.0876561409340155,-0.8017533106802975,TIME_LIMIT,174149,0,0,42,0
2,12,2.216746e6,-4.087422587676812,-0.8017533106802975,TIME_LIMIT,174203,0,0,33,0
2,12,2.217276e6,-4.087422587676812,-0.8017533106802975,TIME_LIMIT,174240,0,0,46,0
2,12,2.217805e6,-4.087422587676812,-0.8017533106802975,TIME_LIMIT,174295,0,0,36,0
2,12,2.218326e6,-4.087422587676812,-0.8017533106802975,TIME_LIMIT,174326,0,0,22,0
2,12,2.218853e6,-4.087422587676812,-0.8017533106802975,TIME_LIMIT,174374,0,0,18,0
2,12,2.219383e6,-4.087422587676812,-0.8017533106802975,TIME_LIMIT,174411,0,0,38,0
2,12,2.219911e6,-4.087422587676812,-0.8017533106802975,TIME_LIMIT,174444,0,0,35,0
2,12,2.220441e6,-4.087422587676812,-0.8017533106802975,TIME_LIMIT,174479,0,0,35,0
2,12,2.220972e6,-4.087422587676812,-0.8017533106802975,TIME_LIMIT,174518,0,0,31,0
2,12,2.221508e6,-4.087422587676812,-0.8017533106802975,TIME_LIMIT,174548,0,0,40,0
2,12,2.22204e6,-4.087422587676812,-0.8017533106802975,TIME_LIMIT,174592,0,0,26,0
2,12,2.222567e6,-4.087422587676812,-0.8017533106802975,TIME_LIMIT,174619,0,0,41,0
2,12,2.223086e6,-4.087422587676812,-0.8017533106802975,TIME_LIMIT,174669,0,0,33,0
2,12,2.22361e6,-4.087422587676812,-0.8017533106802975,TIME_LIMIT,174694,0,0,35,0
2,12,2.224138e6,-4.087422587676812,-0.8017533106802975,TIME_LIMIT,174741,0,0,31,0
2,12,2.224664e6,-4.087422587676812,-0.8017533106802975,TIME_LIMIT,174770,0,0,38,0
2,12,2.225188e6,-4.087370516825608,-0.8017533106802975,TIME_LIMIT,174818,0,0,14,0
2,12,2.22564e6,-4.087370516825608,-0.8017533106802975,TIME_LIMIT,174851,0,0,44,0
2,12,2.226163e6,-4.087370516825608,-0.8017533106802975,TIME_LIMIT,174905,0,0,20,0
2,12,2.226689e6,-4.087370516825608,-0.8017533106802975,TIME_LIMIT,174933,0,0,24,0
2,12,2.227214e6,-4.087370516825608,-0.8017533106802975,TIME_LIMIT,174983,0,0,32,0
2,12,2.227743e6,-4.087370516825608,-0.8017533106802975,TIME_LIMIT,175026,0,0,32,0
2,12,2.228265e6,-4.087370516825608,-0.8017533106802975,TIME_LIMIT,175067,0,0,31,0
2,12,2.228788e6,-4.087370516825608,-0.8017533106802975,TIME_LIMIT,175099,0,0,29,0
2,12,2.229299e6,-4.087370516825608,-0.8017533106802975,TIME_LIMIT,175150,0,0,30,0
2,12,2.229822e6,-4.087370516825608,-0.8017533106802975,TIME_LIMIT,175189,0,0,23,0
2,12,2.230344e6,-4.0870639510256455,-0.8017533106802975,TIME_LIMIT,175233,0,0,27,0
2,12,2.230873e6,-4.0870639510256455,-0.8017533106802975,TIME_LIMIT,175271,0,0,28,0
2,12,2.231398e6,-4.086552710042627,-0.8017533106802975,TIME_LIMIT,175303,0,0,35,0
2,12,2.231922e6,-4.086552710042627,-0.8017533106802975,TIME_LIMIT,175334,0,0,24,0
2,12,2.232458e6,-4.086232432498965,-0.8017533106802975,TIME_LIMIT,175383,0,0,18,0
2,12,2.232992e6,-4.086232432498965,-0.8017533106802975,TIME_LIMIT,175410,0,0,33,0
2,12,2.233519e6,-4.085748588310219,-0.8017533106802975,TIME_LIMIT,175458,0,0,27,0
2,12,2.234036e6,-4.085748588310219,-0.8017533106802975,TIME_LIMIT,175493,0,0,39,0
2,12,2.23456e6,-4.085741762330685,-0.8017533106802975,TIME_LIMIT,175522,0,0,35,0
2,12,2.235089e6,-4.085741762330685,-0.8017533106802975,TIME_LIMIT,175555,0,0,35,0
2,12,2.235614e6,-4.084642571778806,-0.8017533106802975,TIME_LIMIT,175601,0,0,29,0
2,12,2.236139e6,-4.084642571778806,-0.8017533106802975,TIME_LIMIT,175633,0,0,44,0
2,12,2.236665e6,-4.084611355875168,-0.8017533106802975,TIME_LIMIT,175686,0,0,30,0
2,12,2.237188e6,-4.084611355875168,-0.8017533106802975,TIME_LIMIT,175718,0,0,38,0
2,12,2.237715e6,-4.084130181801336,-0.8017533106802975,TIME_LIMIT,175767,0,0,26,0
2,12,2.238236e6,-4.084130181801336,-0.8017533106802975,TIME_LIMIT,175793,0,0,38,0
2,12,2.238763e6,-4.084102864551992,-0.8017533106802975,TIME_LIMIT,175843,0,0,30,0
2,12,2.239292e6,-4.084102864551992,-0.8017533106802975,TIME_LIMIT,175878,0,0,27,0
2,12,2.23983e6,-4.084021480195588,-0.8017533106802975,TIME_LIMIT,175930,0,0,23,0
2,12,2.240356e6,-4.084021480195588,-0.8017533106802975,TIME_LIMIT,175966,0,0,35,0
2,12,2.24088e6,-4.083375903857458,-0.8017533106802975,TIME_LIMIT,176006,0,0,39,0
2,12,2.241409e6,-4.083375903857458,-0.8017533106802975,TIME_LIMIT,176040,0,0,38,0
2,12,2.241937e6,-4.083375903857458,-0.8017533106802975,TIME_LIMIT,176094,0,0,21,0
2,12,2.242464e6,-4.083375903857458,-0.8017533106802975,TIME_LIMIT,176126,0,0,32,0
2,12,2.243001e6,-4.083020440250834,-0.8017533106802975,TIME_LIMIT,176163,0,0,17,0
2,12,2.24354e6,-4.083020440250834,-0.8017533106802975,TIME_LIMIT,176203,0,0,41,0
2,12,2.244077e6,-4.083020440250834,-0.8017533106802975,TIME_LIMIT,176253,0,0,12,0
2,12,2.244614e6,-4.083020440250834,-0.8017533106802975,TIME_LIMIT,176290,0,0,39,0
2,12,2.245146e6,-4.082773770557324,-0.8017533106802975,TIME_LIMIT,176343,0,0,29,0
2,12,2.24568e6,-4.082773770557324,-0.8017533106802975,TIME_LIMIT,176377,0,0,24,0
2,12,2.24621e6,-4.0827729492831,-0.8017533106802975,TIME_LIMIT,176427,0,0,33,0
2,12,2.24673e6,-4.0827729492831,-0.8017533106802975,TIME_LIMIT,176466,0,0,17,0
2,12,2.247258e6,-4.082640834929435,-0.8017533106802975,TIME_LIMIT,176518,0,0,16,0
2,12,2.247791e6,-4.082640834929435,-0.8017533106802975,TIME_LIMIT,176552,0,0,44,0
2,12,2.24832e6,-4.08224419637598,-0.8017533106802975,TIME_LIMIT,176605,0,0,29,0
2,12,2.248852e6,-4.08224419637598,-0.8017533106802975,TIME_LIMIT,176638,0,0,17,0
2,12,2.24938e6,-4.081761220734207,-0.8017533106802975,TIME_LIMIT,176689,0,0,16,0
2,12,2.249909e6,-4.081761220734207,-0.8017533106802975,TIME_LIMIT,176728,0,0,30,0
2,12,2.250441e6,-4.081761220734207,-0.8017533106802975,TIME_LIMIT,176762,0,0,39,0
2,12,2.25096e6,-4.081761220734207,-0.8017533106802975,TIME_LIMIT,176808,0,0,49,0
2,12,2.25149e6,-4.081761220734207,-0.8017533106802975,TIME_LIMIT,176858,0,0,28,0
2,12,2.252019e6,-4.081761220734207,-0.8017533106802975,TIME_LIMIT,176895,0,0,23,0
2,12,2.252581e6,-4.081761220734207,-0.8017533106802975,TIME_LIMIT,176945,0,0,35,0
2,12,2.253118e6,-4.081761220734207,-0.8017533106802975,TIME_LIMIT,176983,0,0,36,0
2,12,2.253659e6,-4.081761220734207,-0.8017533106802975,TIME_LIMIT,177023,0,0,33,0
2,12,2.254192e6,-4.081761220734207,-0.8017533106802975,TIME_LIMIT,177065,0,0,46,0
2,12,2.254722e6,-4.081692724950306,-0.8017533106802975,TIME_LIMIT,177117,0,0,20,0
2,12,2.255242e6,-4.081692724950306,-0.8017533106802975,TIME_LIMIT,177144,0,0,40,0
2,12,2.255771e6,-4.081692724950306,-0.8017533106802975,TIME_LIMIT,177196,0,0,30,0
2,12,2.256301e6,-4.081692724950306,-0.8017533106802975,TIME_LIMIT,177227,0,0,33,0
2,12,2.256829e6,-4.081608675561804,-0.8017533106802975,TIME_LIMIT,177275,0,0,30,0
2,12,2.25736e6,-4.081608675561804,-0.8017533106802975,TIME_LIMIT,177305,0,0,36,0
2,12,2.257886e6,-4.081504990863678,-0.8017533106802975,TIME_LIMIT,177356,0,0,35,0
2,12,2.258413e6,-4.081504990863678,-0.8017533106802975,TIME_LIMIT,177394,0,0,28,0
2,12,2.258932e6,-4.081146543650595,-0.8017533106802975,TIME_LIMIT,177440,0,0,29,0
2,12,2.259503e6,-4.081146543650595,-0.8017533106802975,TIME_LIMIT,177467,0,0,29,0
2,12,2.260035e6,-4.081131525120892,-0.8017533106802975,TIME_LIMIT,177516,0,0,31,0
2,12,2.260567e6,-4.081131525120892,-0.8017533106802975,TIME_LIMIT,177554,0,0,33,0
2,12,2.2611e6,-4.079441681057857,-0.8017533106802975,TIME_LIMIT,177593,0,0,28,0
2,12,2.261635e6,-4.079441681057857,-0.8017533106802975,TIME_LIMIT,177628,0,0,41,0
2,12,2.262165e6,-4.07922082152877,-0.8017533106802975,TIME_LIMIT,177673,0,0,27,0
2,12,2.262686e6,-4.07922082152877,-0.8017533106802975,TIME_LIMIT,177700,0,0,32,0
2,12,2.263219e6,-4.07922082152877,-0.8017533106802975,TIME_LIMIT,177748,0,0,31,0
2,12,2.263753e6,-4.07922082152877,-0.8017533106802975,TIME_LIMIT,177773,0,0,31,0
2,12,2.26428e6,-4.079164064235313,-0.8017533106802975,TIME_LIMIT,177818,0,0,13,0
2,12,2.264808e6,-4.079164064235313,-0.8017533106802975,TIME_LIMIT,177853,0,0,33,0
2,12,2.265346e6,-4.079159878319836,-0.8017533106802975,TIME_LIMIT,177903,0,0,10,0
2,12,2.265877e6,-4.079159878319836,-0.8017533106802975,TIME_LIMIT,177935,0,0,31,0
2,12,2.266407e6,-4.079159878319836,-0.8017533106802975,TIME_LIMIT,177987,0,0,18,0
2,12,2.266906e6,-4.079159878319836,-0.8017533106802975,TIME_LIMIT,178026,0,0,43,0
2,12,2.267435e6,-4.079159878319836,-0.8017533106802975,TIME_LIMIT,178062,0,0,36,0
2,12,2.267963e6,-4.079159878319836,-0.8017533106802975,TIME_LIMIT,178097,0,0,45,0
2,12,2.268489e6,-4.079159878319836,-0.8017533106802975,TIME_LIMIT,178151,0,0,33,0
2,12,2.269019e6,-4.079159878319836,-0.8017533106802975,TIME_LIMIT,178181,0,0,38,0
2,12,2.269534e6,-4.079159878319836,-0.8017533106802975,TIME_LIMIT,178233,0,0,33,0
2,12,2.270065e6,-4.079159878319836,-0.8017533106802975,TIME_LIMIT,178274,0,0,42,0
2,12,2.270593e6,-4.079159878319836,-0.8017533106802975,TIME_LIMIT,178323,0,0,24,0
2,12,2.271116e6,-4.079159878319836,-0.8017533106802975,TIME_LIMIT,178349,0,0,33,0
2,12,2.27164e6,-4.079159878319836,-0.8017533106802975,TIME_LIMIT,178396,0,0,26,0
2,12,2.272175e6,-4.079159878319836,-0.8017533106802975,TIME_LIMIT,178427,0,0,33,0
2,12,2.272705e6,-4.079159878319836,-0.8017533106802975,TIME_LIMIT,178478,0,0,13,0
2,12,2.273218e6,-4.079159878319836,-0.8017533106802975,TIME_LIMIT,178509,0,0,23,0
2,12,2.273743e6,-4.079159878319836,-0.8017533106802975,TIME_LIMIT,178554,0,0,28,0
2,12,2.274268e6,-4.079159878319836,-0.8017533106802975,TIME_LIMIT,178587,0,0,41,0
2,12,2.2748e6,-4.079085242511456,-0.8017533106802975,TIME_LIMIT,178627,0,0,24,0
2,12,2.275328e6,-4.079085242511456,-0.8017533106802975,TIME_LIMIT,178659,0,0,37,0
2,12,2.275853e6,-4.079085242511456,-0.8017533106802975,TIME_LIMIT,178707,0,0,31,0
2,12,2.276383e6,-4.079085242511456,-0.8017533106802975,TIME_LIMIT,178741,0,0,40,0
2,12,2.276899e6,-4.079085242511456,-0.8017533106802975,TIME_LIMIT,178787,0,0,18,0
2,12,2.277426e6,-4.079085242511456,-0.8017533106802975,TIME_LIMIT,178831,0,0,14,0
2,12,2.277955e6,-4.0790754037741515,-0.8017533106802975,TIME_LIMIT,178869,0,0,30,0
2,12,2.278484e6,-4.0790754037741515,-0.8017533106802975,TIME_LIMIT,178901,0,0,39,0
2,12,2.279018e6,-4.0790161890145935,-0.8017533106802975,TIME_LIMIT,178948,0,0,29,0
2,12,2.279549e6,-4.0790161890145935,-0.8017533106802975,TIME_LIMIT,178983,0,0,36,0
2,12,2.280066e6,-4.0787531389685165,-0.8017533106802975,TIME_LIMIT,179036,0,0,29,0
2,12,2.280595e6,-4.0787531389685165,-0.8017533106802975,TIME_LIMIT,179068,0,0,33,0
2,12,2.281123e6,-4.078673250342554,-0.8017533106802975,TIME_LIMIT,179116,0,0,15,0
2,12,2.281654e6,-4.078673250342554,-0.8017533106802975,TIME_LIMIT,179147,0,0,44,0
2,12,2.282183e6,-4.078606769392698,-0.8017533106802975,TIME_LIMIT,179200,0,0,31,0
2,12,2.282713e6,-4.078606769392698,-0.8017533106802975,TIME_LIMIT,179238,0,0,45,0
2,12,2.283246e6,-4.078606769392698,-0.8017533106802975,TIME_LIMIT,179292,0,0,37,0
2,12,2.283764e6,-4.078606769392698,-0.8017533106802975,TIME_LIMIT,179328,0,0,45,0
2,12,2.284293e6,-4.078606769392698,-0.8017533106802975,TIME_LIMIT,179380,0,0,33,0
2,12,2.284821e6,-4.078606769392698,-0.8017533106802975,TIME_LIMIT,179409,0,0,40,0
2,12,2.285346e6,-4.078403574801891,-0.8017533106802975,TIME_LIMIT,179461,0,0,24,0
2,12,2.285874e6,-4.078403574801891,-0.8017533106802975,TIME_LIMIT,179489,0,0,37,0
2,12,2.286396e6,-4.077447892590486,-0.8017533106802975,TIME_LIMIT,179535,0,0,19,0
2,12,2.286911e6,-4.077447892590486,-0.8017533106802975,TIME_LIMIT,179576,0,0,35,0
2,12,2.287438e6,-4.077393396573737,-0.8017533106802975,TIME_LIMIT,179614,0,0,36,0
2,12,2.287963e6,-4.077393396573737,-0.8017533106802975,TIME_LIMIT,179649,0,0,18,0
2,12,2.288488e6,-4.077353136725306,-0.8017533106802975,TIME_LIMIT,179685,0,0,31,0
2,12,2.289013e6,-4.077353136725306,-0.8017533106802975,TIME_LIMIT,179734,0,0,10,0
2,12,2.28952e6,-4.077353136725306,-0.8017533106802975,TIME_LIMIT,179771,0,0,16,0
2,12,2.290047e6,-4.077353136725306,-0.8017533106802975,TIME_LIMIT,179822,0,0,42,0
2,12,2.290571e6,-4.077353136725306,-0.8017533106802975,TIME_LIMIT,179859,0,0,43,0
2,12,2.2911e6,-4.077353136725306,-0.8017533106802975,TIME_LIMIT,179890,0,0,48,0
2,12,2.291627e6,-4.077353136725306,-0.8017533106802975,TIME_LIMIT,179951,0,0,43,0
2,12,2.292154e6,-4.077353136725306,-0.8017533106802975,TIME_LIMIT,179976,0,0,37,0
2,12,2.29267e6,-4.077353136725306,-0.8017533106802975,TIME_LIMIT,180023,0,0,23,0
2,12,2.293199e6,-4.077353136725306,-0.8017533106802975,TIME_LIMIT,180060,0,0,38,0
2,12,2.293724e6,-4.0768748580810446,-0.8017533106802975,TIME_LIMIT,180114,0,0,20,0
2,12,2.294252e6,-4.0768748580810446,-0.8017533106802975,TIME_LIMIT,180144,0,0,43,0
2,12,2.294776e6,-4.0768748580810446,-0.8017533106802975,TIME_LIMIT,180197,0,0,15,0
2,12,2.295302e6,-4.0768748580810446,-0.8017533106802975,TIME_LIMIT,180225,0,0,41,0
2,12,2.295815e6,-4.0767142772600895,-0.8017533106802975,TIME_LIMIT,180277,0,0,32,0
2,12,2.296338e6,-4.0767142772600895,-0.8017533106802975,TIME_LIMIT,180308,0,0,44,0
2,12,2.29686e6,-4.0767142772600895,-0.8017533106802975,TIME_LIMIT,180351,0,0,23,0
2,12,2.297383e6,-4.0767142772600895,-0.8017533106802975,TIME_LIMIT,180377,0,0,37,0
2,12,2.297906e6,-4.076558238717218,-0.8017533106802975,TIME_LIMIT,180430,0,0,30,0
2,12,2.298435e6,-4.076558238717218,-0.8017533106802975,TIME_LIMIT,180460,0,0,37,0
2,12,2.29895e6,-4.076558238717218,-0.8017533106802975,TIME_LIMIT,180509,0,0,16,0
2,12,2.299507e6,-4.076558238717218,-0.8017533106802975,TIME_LIMIT,180539,0,0,43,0
2,12,2.300031e6,-4.076358669352782,-0.8017533106802975,TIME_LIMIT,180588,0,0,36,0
2,12,2.300555e6,-4.076358669352782,-0.8017533106802975,TIME_LIMIT,180621,0,0,32,0
2,12,2.301083e6,-4.076243495849548,-0.8017533106802975,TIME_LIMIT,180672,0,0,32,0
2,12,2.30161e6,-4.076243495849548,-0.8017533106802975,TIME_LIMIT,180702,0,0,29,0
2,12,2.302088e6,-4.076200309458996,-0.8017533106802975,TIME_LIMIT,180742,0,0,35,0
2,12,2.302619e6,-4.076200309458996,-0.8017533106802975,TIME_LIMIT,180778,0,0,38,0
2,12,2.303148e6,-4.076137731038221,-0.8017533106802975,TIME_LIMIT,180823,0,0,26,0
2,12,2.303666e6,-4.076137731038221,-0.8017533106802975,TIME_LIMIT,180853,0,0,43,0
2,12,2.304194e6,-4.0759885810048,-0.8017533106802975,TIME_LIMIT,180906,0,0,37,0
2,12,2.304727e6,-4.0759885810048,-0.8017533106802975,TIME_LIMIT,180933,0,0,36,0
2,12,2.305256e6,-4.0758705296556235,-0.8017533106802975,TIME_LIMIT,180983,0,0,18,0
2,12,2.305808e6,-4.0758705296556235,-0.8017533106802975,TIME_LIMIT,181025,0,0,38,0
2,12,2.306351e6,-4.0758705296556235,-0.8017533106802975,TIME_LIMIT,181064,0,0,37,0
2,12,2.306868e6,-4.0758705296556235,-0.8017533106802975,TIME_LIMIT,181098,0,0,43,0
2,12,2.307396e6,-4.07543351630679,-0.8017533106802975,TIME_LIMIT,181150,0,0,20,0
2,12,2.307927e6,-4.07543351630679,-0.8017533106802975,TIME_LIMIT,181191,0,0,39,0
2,12,2.308457e6,-4.07543351630679,-0.8017533106802975,TIME_LIMIT,181225,0,0,17,0
2,12,2.308986e6,-4.07543351630679,-0.8017533106802975,TIME_LIMIT,181266,0,0,34,0
2,12,2.309507e6,-4.075387995662864,-0.8017533106802975,TIME_LIMIT,181306,0,0,34,0
2,12,2.310038e6,-4.075387995662864,-0.8017533106802975,TIME_LIMIT,181336,0,0,32,0
2,12,2.310565e6,-4.075387995662864,-0.8017533106802975,TIME_LIMIT,181386,0,0,26,0
2,12,2.311091e6,-4.075387995662864,-0.8017533106802975,TIME_LIMIT,181424,0,0,24,0
2,12,2.311615e6,-4.0752814081028825,-0.8017533106802975,TIME_LIMIT,181473,0,0,20,0
2,12,2.312142e6,-4.0752814081028825,-0.8017533106802975,TIME_LIMIT,181504,0,0,40,0
2,12,2.31266e6,-4.075234105205434,-0.8017533106802975,TIME_LIMIT,181552,0,0,30,0
2,12,2.313189e6,-4.075234105205434,-0.8017533106802975,TIME_LIMIT,181583,0,0,34,0
2,12,2.313716e6,-4.0750518937075775,-0.8017533106802975,TIME_LIMIT,181632,0,0,8,0
2,12,2.31425e6,-4.0750518937075775,-0.8017533106802975,TIME_LIMIT,181662,0,0,26,0
2,12,2.31478e6,-4.0750518937075775,-0.8017533106802975,TIME_LIMIT,181716,0,0,32,0
2,12,2.315299e6,-4.0750518937075775,-0.8017533106802975,TIME_LIMIT,181750,0,0,41,0
2,12,2.315828e6,-4.0750518937075775,-0.8017533106802975,TIME_LIMIT,181802,0,0,35,0
2,12,2.316356e6,-4.0750518937075775,-0.8017533106802975,TIME_LIMIT,181836,0,0,38,0
2,12,2.316885e6,-4.0749886228095775,-0.8017533106802975,TIME_LIMIT,181889,0,0,30,0
2,12,2.317412e6,-4.0749886228095775,-0.8017533106802975,TIME_LIMIT,181921,0,0,36,0
2,12,2.31794e6,-4.074978574232744,-0.8017533106802975,TIME_LIMIT,181958,0,0,32,0
2,12,2.318464e6,-4.074978574232744,-0.8017533106802975,TIME_LIMIT,181992,0,0,28,0
2,12,2.319002e6,-4.074961690341505,-0.8017533106802975,TIME_LIMIT,182030,0,0,35,0
2,12,2.319533e6,-4.074961690341505,-0.8017533106802975,TIME_LIMIT,182071,0,0,28,0
2,12,2.320064e6,-4.074961690341505,-0.8017533106802975,TIME_LIMIT,182107,0,0,34,0
2,12,2.320596e6,-4.074961690341505,-0.8017533106802975,TIME_LIMIT,182134,0,0,36,0
2,12,2.321115e6,-4.074929551895477,-0.8017533106802975,TIME_LIMIT,182181,0,0,25,0
2,12,2.321521e6,-4.074929551895477,-0.8017533106802975,TIME_LIMIT,182213,0,0,34,0
2,12,2.322054e6,-4.074848707725105,-0.8017533106802975,TIME_LIMIT,182255,0,0,29,0
2,12,2.322588e6,-4.074848707725105,-0.8017533106802975,TIME_LIMIT,182287,0,0,22,0
2,12,2.323106e6,-4.074848707725105,-0.8017533106802975,TIME_LIMIT,182340,0,0,28,0
2,12,2.323636e6,-4.074848707725105,-0.8017533106802975,TIME_LIMIT,182380,0,0,23,0
2,12,2.324164e6,-4.074848707725105,-0.8017533106802975,TIME_LIMIT,182420,0,0,34,0
2,12,2.324693e6,-4.074848707725105,-0.8017533106802975,TIME_LIMIT,182450,0,0,33,0
2,12,2.325222e6,-4.074217985164244,-0.8017533106802975,TIME_LIMIT,182502,0,0,31,0
2,12,2.325738e6,-4.074217985164244,-0.8017533106802975,TIME_LIMIT,182527,0,0,28,0
2,12,2.32627e6,-4.07415211194904,-0.8017533106802975,TIME_LIMIT,182574,0,0,27,0
2,12,2.326798e6,-4.07415211194904,-0.8017533106802975,TIME_LIMIT,182605,0,0,36,0
2,12,2.327328e6,-4.07415211194904,-0.8017533106802975,TIME_LIMIT,182652,0,0,28,0
2,12,2.327856e6,-4.07415211194904,-0.8017533106802975,TIME_LIMIT,182684,0,0,25,0
2,12,2.328385e6,-4.073843526098056,-0.8017533106802975,TIME_LIMIT,182735,0,0,28,0
2,12,2.328903e6,-4.073843526098056,-0.8017533106802975,TIME_LIMIT,182779,0,0,29,0
2,12,2.329432e6,-4.073843526098056,-0.8017533106802975,TIME_LIMIT,182813,0,0,33,0
2,12,2.329958e6,-4.073843526098056,-0.8017533106802975,TIME_LIMIT,182848,0,0,35,0
2,12,2.330486e6,-4.073843526098056,-0.8017533106802975,TIME_LIMIT,182896,0,0,32,0
2,12,2.331014e6,-4.073843526098056,-0.8017533106802975,TIME_LIMIT,182929,0,0,37,0
2,12,2.331529e6,-4.073843526098056,-0.8017533106802975,TIME_LIMIT,182980,0,0,30,0
2,12,2.332054e6,-4.073843526098056,-0.8017533106802975,TIME_LIMIT,183012,0,0,36,0
2,12,2.332584e6,-4.073843526098056,-0.8017533106802975,TIME_LIMIT,183064,0,0,24,0
2,12,2.33311e6,-4.073843526098056,-0.8017533106802975,TIME_LIMIT,183098,0,0,36,0
2,12,2.333637e6,-4.07357051252183,-0.8017533106802975,TIME_LIMIT,183143,0,0,26,0
2,12,2.334162e6,-4.07357051252183,-0.8017533106802975,TIME_LIMIT,183184,0,0,23,0
2,12,2.334694e6,-4.073540402847634,-0.8017533106802975,TIME_LIMIT,183223,0,0,22,0
2,12,2.335221e6,-4.073540402847634,-0.8017533106802975,TIME_LIMIT,183253,0,0,34,0
2,12,2.335751e6,-4.073540402847634,-0.8017533106802975,TIME_LIMIT,183307,0,0,27,0
2,12,2.336282e6,-4.073540402847634,-0.8017533106802975,TIME_LIMIT,183340,0,0,45,0
2,12,2.336801e6,-4.073540402847634,-0.8017533106802975,TIME_LIMIT,183391,0,0,35,0
2,12,2.337332e6,-4.073540402847634,-0.8017533106802975,TIME_LIMIT,183419,0,0,40,0
2,12,2.337861e6,-4.073340957625776,-0.8017533106802975,TIME_LIMIT,183472,0,0,31,0
2,12,2.338393e6,-4.073340957625776,-0.8017533106802975,TIME_LIMIT,183504,0,0,27,0
2,12,2.338924e6,-4.073234723146992,-0.8017533106802975,TIME_LIMIT,183552,0,0,27,0
2,12,2.339413e6,-4.073234723146992,-0.8017533106802975,TIME_LIMIT,183596,0,0,45,0
2,12,2.339943e6,-4.07314078025638,-0.8017533106802975,TIME_LIMIT,183652,0,0,34,0
2,12,2.340473e6,-4.07314078025638,-0.8017533106802975,TIME_LIMIT,183681,0,0,32,0
2,12,2.34099e6,-4.072919363754989,-0.8017533106802975,TIME_LIMIT,183732,0,0,31,0
2,12,2.341521e6,-4.072919363754989,-0.8017533106802975,TIME_LIMIT,183770,0,0,21,0
2,12,2.342061e6,-4.072823139856048,-0.8017533106802975,TIME_LIMIT,183818,0,0,23,0
2,12,2.342606e6,-4.072823139856048,-0.8017533106802975,TIME_LIMIT,183853,0,0,36,0
2,12,2.343149e6,-4.072784483662612,-0.8017533106802975,TIME_LIMIT,183907,0,0,33,0
2,12,2.343667e6,-4.072784483662612,-0.8017533106802975,TIME_LIMIT,183941,0,0,41,0
2,12,2.344197e6,-4.072401062363983,-0.8017533106802975,TIME_LIMIT,183991,0,0,27,0
2,12,2.344737e6,-4.072401062363983,-0.8017533106802975,TIME_LIMIT,184029,0,0,42,0
2,12,2.345291e6,-4.072316378875849,-0.8017533106802975,TIME_LIMIT,184081,0,0,31,0
2,12,2.345853e6,-4.072316378875849,-0.8017533106802975,TIME_LIMIT,184113,0,0,37,0
2,12,2.346405e6,-4.072302389791895,-0.8017533106802975,TIME_LIMIT,184166,0,0,12,0
2,12,2.346944e6,-4.072302389791895,-0.8017533106802975,TIME_LIMIT,184195,0,0,48,0
2,12,2.347499e6,-4.072118632380731,-0.8017533106802975,TIME_LIMIT,184251,0,0,17,0
2,12,2.34805e6,-4.072118632380731,-0.8017533106802975,TIME_LIMIT,184282,0,0,31,0
2,12,2.348599e6,-4.072058878164592,-0.8017533106802975,TIME_LIMIT,184334,0,0,33,0
2,12,2.34914e6,-4.072058878164592,-0.8017533106802975,TIME_LIMIT,184377,0,0,37,0
2,12,2.349697e6,-4.07179162869793,-0.8017533106802975,TIME_LIMIT,184407,0,0,31,0
2,12,2.350255e6,-4.07179162869793,-0.8017533106802975,TIME_LIMIT,184436,0,0,40,0
2,12,2.350807e6,-4.071773366688844,-0.8017533106802975,TIME_LIMIT,184495,0,0,32,0
2,12,2.351339e6,-4.071773366688844,-0.8017533106802975,TIME_LIMIT,184525,0,0,40,0
2,12,2.351889e6,-4.071454608638172,-0.8017533106802975,TIME_LIMIT,184574,0,0,31,0
2,12,2.352454e6,-4.071454608638172,-0.8017533106802975,TIME_LIMIT,184606,0,0,37,0
2,12,2.353044e6,-4.071301342350715,-0.8017533106802975,TIME_LIMIT,184657,0,0,17,0
2,12,2.353592e6,-4.071301342350715,-0.8017533106802975,TIME_LIMIT,184694,0,0,23,0
2,12,2.354123e6,-4.071299965619919,-0.8017533106802975,TIME_LIMIT,184736,0,0,22,0
2,12,2.354681e6,-4.071299965619919,-0.8017533106802975,TIME_LIMIT,184767,0,0,21,0
2,12,2.35523e6,-4.070696933468182,-0.8017533106802975,TIME_LIMIT,184818,0,0,24,0
2,12,2.355791e6,-4.070696933468182,-0.8017533106802975,TIME_LIMIT,184849,0,0,37,0
2,12,2.356343e6,-4.070661004624919,-0.8017533106802975,TIME_LIMIT,184895,0,0,24,0
2,12,2.356879e6,-4.070661004624919,-0.8017533106802975,TIME_LIMIT,184937,0,0,47,0
2,12,2.357427e6,-4.070661004624919,-0.8017533106802975,TIME_LIMIT,184991,0,0,20,0
2,12,2.357976e6,-4.070661004624919,-0.8017533106802975,TIME_LIMIT,185020,0,0,30,0
2,12,2.358526e6,-4.070661004624919,-0.8017533106802975,TIME_LIMIT,185069,0,0,29,0
2,12,2.35906e6,-4.070661004624919,-0.8017533106802975,TIME_LIMIT,185096,0,0,34,0
2,12,2.359608e6,-4.0706145093415556,-0.8017533106802975,TIME_LIMIT,185143,0,0,28,0
2,12,2.360164e6,-4.0706145093415556,-0.8017533106802975,TIME_LIMIT,185188,0,0,46,0
2,12,2.36073e6,-4.070138110559367,-0.8017533106802975,TIME_LIMIT,185226,0,0,22,0
2,12,2.361282e6,-4.070138110559367,-0.8017533106802975,TIME_LIMIT,185268,0,0,35,0
2,12,2.361813e6,-4.0690542286104066,-0.8017533106802975,TIME_LIMIT,185308,0,0,41,0
2,12,2.36237e6,-4.0690542286104066,-0.8017533106802975,TIME_LIMIT,185341,0,0,38,0
2,12,2.362925e6,-4.068780228404386,-0.8017533106802975,TIME_LIMIT,185395,0,0,27,0
2,12,2.363483e6,-4.068780228404386,-0.8017533106802975,TIME_LIMIT,185428,0,0,33,0
2,12,2.364038e6,-4.068780228404386,-0.8017533106802975,TIME_LIMIT,185473,0,0,28,0
2,12,2.36458e6,-4.068780228404386,-0.8017533106802975,TIME_LIMIT,185505,0,0,36,0
2,12,2.365133e6,-4.068680533844891,-0.8017533106802975,TIME_LIMIT,185551,0,0,33,0
2,12,2.365685e6,-4.068680533844891,-0.8017533106802975,TIME_LIMIT,185588,0,0,28,0
2,12,2.366237e6,-4.068648382002917,-0.8017533106802975,TIME_LIMIT,185620,0,0,29,0
2,12,2.366771e6,-4.068648382002917,-0.8017533106802975,TIME_LIMIT,185650,0,0,17,0
2,12,2.367323e6,-4.068484740417718,-0.8017533106802975,TIME_LIMIT,185691,0,0,26,0
2,12,2.367876e6,-4.068484740417718,-0.8017533106802975,TIME_LIMIT,185723,0,0,39,0
2,12,2.368443e6,-4.068484740417718,-0.8017533106802975,TIME_LIMIT,185779,0,0,20,0
2,12,2.369001e6,-4.068484740417718,-0.8017533106802975,TIME_LIMIT,185814,0,0,43,0
2,12,2.369558e6,-4.068299043393683,-0.8017533106802975,TIME_LIMIT,185872,0,0,29,0
2,12,2.370115e6,-4.068299043393683,-0.8017533106802975,TIME_LIMIT,185908,0,0,47,0
2,12,2.370664e6,-4.06796502908483,-0.8017533106802975,TIME_LIMIT,185962,0,0,30,0
2,12,2.371219e6,-4.06796502908483,-0.8017533106802975,TIME_LIMIT,185996,0,0,32,0
2,12,2.371759e6,-4.067865994094425,-0.8017533106802975,TIME_LIMIT,186041,0,0,36,0
2,12,2.372315e6,-4.067865994094425,-0.8017533106802975,TIME_LIMIT,186069,0,0,45,0
2,12,2.372872e6,-4.067865994094425,-0.8017533106802975,TIME_LIMIT,186126,0,0,33,0
2,12,2.373429e6,-4.067865994094425,-0.8017533106802975,TIME_LIMIT,186156,0,0,32,0
2,12,2.373985e6,-4.067865994094425,-0.8017533106802975,TIME_LIMIT,186205,0,0,36,0
2,12,2.374526e6,-4.067865994094425,-0.8017533106802975,TIME_LIMIT,186238,0,0,38,0
2,12,2.375081e6,-4.067792987480824,-0.8017533106802975,TIME_LIMIT,186291,0,0,30,0
2,12,2.375635e6,-4.067792987480824,-0.8017533106802975,TIME_LIMIT,186327,0,0,25,0
2,12,2.376026e6,-4.067792987480824,-0.8017533106802975,TIME_LIMIT,186363,0,0,27,0
2,12,2.376582e6,-4.067792987480824,-0.8017533106802975,TIME_LIMIT,186397,0,0,18,0
2,12,2.377126e6,-4.067792987480824,-0.8017533106802975,TIME_LIMIT,186440,0,0,32,0
2,12,2.377414e6,-4.067792987480824,-0.8017533106802975,TIME_LIMIT,186475,0,0,36,0
2,12,2.377816e6,-4.067792987480824,-0.8017533106802975,TIME_LIMIT,186527,0,0,34,0
2,12,2.378364e6,-4.067792987480824,-0.8017533106802975,TIME_LIMIT,186563,0,0,25,0
2,12,2.378699e6,-4.067792987480824,-0.8017533106802975,TIME_LIMIT,186605,0,0,39,0
2,12,2.379219e6,-4.067792987480824,-0.8017533106802975,TIME_LIMIT,186635,0,0,32,0
2,12,2.379754e6,-4.067792987480824,-0.8017533106802975,TIME_LIMIT,186682,0,0,30,0
2,12,2.380323e6,-4.067792987480824,-0.8017533106802975,TIME_LIMIT,186711,0,0,20,0
2,12,2.380899e6,-4.067792987480824,-0.8017533106802975,TIME_LIMIT,186751,0,0,25,0
2,12,2.38146e6,-4.067792987480824,-0.8017533106802975,TIME_LIMIT,186788,0,0,40,0
2,12,2.381875e6,-4.067792987480824,-0.8017533106802975,TIME_LIMIT,186841,0,0,34,0
2,12,2.382432e6,-4.067792987480824,-0.8017533106802975,TIME_LIMIT,186872,0,0,34,0
2,12,2.382912e6,-4.067792987480824,-0.8017533106802975,TIME_LIMIT,186925,0,0,21,0
2,12,2.383345e6,-4.067792987480824,-0.8017533106802975,TIME_LIMIT,186955,0,0,36,0
2,12,2.383889e6,-4.067792987480824,-0.8017533106802975,TIME_LIMIT,186999,0,0,12,0
2,12,2.384428e6,-4.067792987480824,-0.806146205938715,TIME_LIMIT,187025,0,0,28,0
2,12,2.384981e6,-4.067792987480824,-0.806146205938715,TIME_LIMIT,187056,0,0,31,0
2,12,2.385547e6,-4.067792987480824,-0.806146205938715,TIME_LIMIT,187085,0,0,32,0
2,12,2.386057e6,-4.067792987480824,-0.806146205938715,TIME_LIMIT,187134,0,0,32,0
2,12,2.386614e6,-4.067792987480824,-0.806146205938715,TIME_LIMIT,187159,0,0,41,0
2,12,2.387172e6,-4.067792987480824,-0.806146205938715,TIME_LIMIT,187214,0,0,36,0
2,12,2.387728e6,-4.067792987480824,-0.806146205938715,TIME_LIMIT,187250,0,0,40,0
2,12,2.388272e6,-4.067792987480824,-0.806146205938715,TIME_LIMIT,187298,0,0,29,0
2,12,2.388818e6,-4.067792987480824,-0.806146205938715,TIME_LIMIT,187331,0,0,23,0
2,12,2.38937e6,-4.067792987480824,-0.806146205938715,TIME_LIMIT,187384,0,0,15,0
2,12,2.389919e6,-4.067792987480824,-0.806146205938715,TIME_LIMIT,187418,0,0,51,0
2,12,2.39045e6,-4.067792987480824,-0.806146205938715,TIME_LIMIT,187469,0,0,32,0
2,12,2.390999e6,-4.067792987480824,-0.806146205938715,TIME_LIMIT,187499,0,0,35,0
2,12,2.39155e6,-4.067792987480824,-0.806146205938715,TIME_LIMIT,187548,0,0,26,0
2,12,2.392099e6,-4.067792987480824,-0.806146205938715,TIME_LIMIT,187583,0,0,44,0
2,12,2.392681e6,-4.067792987480824,-0.806146205938715,TIME_LIMIT,187634,0,0,33,0
2,12,2.39322e6,-4.067792987480824,-0.806146205938715,TIME_LIMIT,187660,0,0,22,0
2,12,2.393787e6,-4.067569451098257,-0.806146205938715,TIME_LIMIT,187711,0,0,32,0
2,12,2.394354e6,-4.067569451098257,-0.806146205938715,TIME_LIMIT,187746,0,0,36,0
2,12,2.394893e6,-4.067569451098257,-0.806146205938715,TIME_LIMIT,187795,0,0,19,0
2,12,2.395445e6,-4.067569451098257,-0.806146205938715,TIME_LIMIT,187828,0,0,24,0
2,12,2.395999e6,-4.067447455131067,-0.806146205938715,TIME_LIMIT,187872,0,0,28,0
2,12,2.396555e6,-4.067447455131067,-0.806146205938715,TIME_LIMIT,187904,0,0,39,0
2,12,2.397085e6,-4.067428085234949,-0.806146205938715,TIME_LIMIT,187952,0,0,25,0
2,12,2.397646e6,-4.067428085234949,-0.806146205938715,TIME_LIMIT,187977,0,0,41,0
2,12,2.398202e6,-4.067428085234949,-0.806146205938715,TIME_LIMIT,188034,0,0,31,0
2,12,2.39876e6,-4.067428085234949,-0.806146205938715,TIME_LIMIT,188068,0,0,44,0
2,12,2.399341e6,-4.067428085234949,-0.806146205938715,TIME_LIMIT,188119,0,0,21,0
2,12,2.399875e6,-4.067428085234949,-0.806146205938715,TIME_LIMIT,188155,0,0,34,0
2,12,2.400427e6,-4.0671084257334424,-0.806146205938715,TIME_LIMIT,188195,0,0,36,0
2,12,2.400982e6,-4.0671084257334424,-0.806146205938715,TIME_LIMIT,188229,0,0,38,0
2,12,2.401538e6,-4.067105222723741,-0.806146205938715,TIME_LIMIT,188274,0,0,28,0
2,12,2.402077e6,-4.067105222723741,-0.806146205938715,TIME_LIMIT,188308,0,0,33,0
2,12,2.402644e6,-4.067105222723741,-0.806146205938715,TIME_LIMIT,188362,0,0,33,0
2,12,2.403198e6,-4.067105222723741,-0.806146205938715,TIME_LIMIT,188391,0,0,34,0
2,12,2.403767e6,-4.067105222723741,-0.806146205938715,TIME_LIMIT,188431,0,0,42,0
2,12,2.404301e6,-4.067105222723741,-0.806146205938715,TIME_LIMIT,188470,0,0,44,0
2,12,2.404862e6,-4.067105222723741,-0.806146205938715,TIME_LIMIT,188519,0,0,31,0
2,12,2.405428e6,-4.067105222723741,-0.806146205938715,TIME_LIMIT,188551,0,0,49,0
2,12,2.405979e6,-4.067105222723741,-0.806146205938715,TIME_LIMIT,188606,0,0,32,0
2,12,2.406521e6,-4.067105222723741,-0.806146205938715,TIME_LIMIT,188638,0,0,37,0
2,12,2.407084e6,-4.067105222723741,-0.806146205938715,TIME_LIMIT,188689,0,0,33,0
2,12,2.407637e6,-4.067105222723741,-0.806146205938715,TIME_LIMIT,188719,0,0,39,0
2,12,2.408175e6,-4.067080016218302,-0.806146205938715,TIME_LIMIT,188783,0,0,37,0
2,12,2.408728e6,-4.067080016218302,-0.806146205938715,TIME_LIMIT,188816,0,0,40,0
2,12,2.40928e6,-4.067080016218302,-0.806146205938715,TIME_LIMIT,188870,0,0,29,0
2,12,2.409834e6,-4.067080016218302,-0.806146205938715,TIME_LIMIT,188902,0,0,32,0
2,12,2.41037e6,-4.067080016218302,-0.806146205938715,TIME_LIMIT,188949,0,0,31,0
2,12,2.410911e6,-4.067080016218302,-0.806146205938715,TIME_LIMIT,188989,0,0,46,0
2,12,2.411471e6,-4.067080016218302,-0.806146205938715,TIME_LIMIT,189029,0,0,35,0
2,12,2.412024e6,-4.067080016218302,-0.806146205938715,TIME_LIMIT,189062,0,0,37,0
2,12,2.412563e6,-4.067080016218302,-0.806146205938715,TIME_LIMIT,189117,0,0,34,0
2,12,2.413109e6,-4.067080016218302,-0.806146205938715,TIME_LIMIT,189150,0,0,33,0
2,12,2.41366e6,-4.067080016218302,-0.806146205938715,TIME_LIMIT,189201,0,0,31,0
2,12,2.41422e6,-4.067080016218302,-0.806146205938715,TIME_LIMIT,189234,0,0,43,0
2,12,2.414766e6,-4.067080016218302,-0.806146205938715,TIME_LIMIT,189282,0,0,27,0
2,12,2.415322e6,-4.067080016218302,-0.806146205938715,TIME_LIMIT,189318,0,0,21,0
2,12,2.415874e6,-4.067080016218302,-0.806146205938715,TIME_LIMIT,189364,0,0,21,0
2,12,2.416436e6,-4.067080016218302,-0.806146205938715,TIME_LIMIT,189404,0,0,37,0
2,12,2.416978e6,-4.066978308174841,-0.806146205938715,TIME_LIMIT,189459,0,0,31,0
2,12,2.417537e6,-4.066978308174841,-0.806146205938715,TIME_LIMIT,189498,0,0,48,0
2,12,2.418094e6,-4.066897616797727,-0.806146205938715,TIME_LIMIT,189553,0,0,32,0
2,12,2.418655e6,-4.066897616797727,-0.806146205938715,TIME_LIMIT,189593,0,0,43,0
2,12,2.419199e6,-4.066597767716548,-0.806146205938715,TIME_LIMIT,189642,0,0,27,0
2,12,2.419765e6,-4.066597767716548,-0.806146205938715,TIME_LIMIT,189671,0,0,31,0
2,12,2.42032e6,-4.066218549865658,-0.806146205938715,TIME_LIMIT,189704,0,0,28,0
2,12,2.420897e6,-4.066218549865658,-0.806146205938715,TIME_LIMIT,189737,0,0,43,0
2,12,2.42144e6,-4.066218549865658,-0.806146205938715,TIME_LIMIT,189794,0,0,32,0
2,12,2.421998e6,-4.066218549865658,-0.806146205938715,TIME_LIMIT,189820,0,0,38,0
2,12,2.422562e6,-4.066095750710236,-0.806146205938715,TIME_LIMIT,189864,0,0,24,0
2,12,2.423118e6,-4.066095750710236,-0.806146205938715,TIME_LIMIT,189901,0,0,36,0
2,12,2.423661e6,-4.066095750710236,-0.806146205938715,TIME_LIMIT,189951,0,0,27,0
2,12,2.424217e6,-4.066095750710236,-0.806146205938715,TIME_LIMIT,189992,0,0,47,0
2,12,2.424774e6,-4.066095750710236,-0.806146205938715,TIME_LIMIT,190035,0,0,10,0
2,12,2.425323e6,-4.066095750710236,-0.806146205938715,TIME_LIMIT,190077,0,0,32,0
2,12,2.42588e6,-4.066095380421573,-0.806146205938715,TIME_LIMIT,190118,0,0,31,0
2,12,2.426439e6,-4.066095380421573,-0.806146205938715,TIME_LIMIT,190151,0,0,42,0
2,12,2.426994e6,-4.066048983436066,-0.806146205938715,TIME_LIMIT,190208,0,0,30,0
2,12,2.427538e6,-4.066048983436066,-0.806146205938715,TIME_LIMIT,190241,0,0,42,0
2,12,2.428104e6,-4.066048983436066,-0.806146205938715,TIME_LIMIT,190299,0,0,24,0
2,12,2.428663e6,-4.066048983436066,-0.806146205938715,TIME_LIMIT,190334,0,0,19,0
2,12,2.429221e6,-4.066048983436066,-0.806146205938715,TIME_LIMIT,190378,0,0,30,0
2,12,2.429761e6,-4.066048983436066,-0.806146205938715,TIME_LIMIT,190412,0,0,32,0
2,12,2.430315e6,-4.066048983436066,-0.806146205938715,TIME_LIMIT,190449,0,0,33,0
2,12,2.430867e6,-4.066048983436066,-0.806146205938715,TIME_LIMIT,190485,0,0,35,0
2,12,2.431423e6,-4.066048983436066,-0.806146205938715,TIME_LIMIT,190534,0,0,28,0
2,12,2.431972e6,-4.066048983436066,-0.806146205938715,TIME_LIMIT,190568,0,0,46,0
2,12,2.432528e6,-4.066048983436066,-0.806146205938715,TIME_LIMIT,190617,0,0,31,0
2,12,2.433095e6,-4.066048983436066,-0.806146205938715,TIME_LIMIT,190651,0,0,48,0
2,12,2.433646e6,-4.066048983436066,-0.806146205938715,TIME_LIMIT,190696,0,0,29,0
2,12,2.434209e6,-4.066048983436066,-0.806146205938715,TIME_LIMIT,190727,0,0,38,0
2,12,2.434766e6,-4.066048983436066,-0.806146205938715,TIME_LIMIT,190781,0,0,26,0
2,12,2.435322e6,-4.066048983436066,-0.806146205938715,TIME_LIMIT,190819,0,0,33,0
2,12,2.435866e6,-4.066048983436066,-0.806146205938715,TIME_LIMIT,190866,0,0,30,0
2,12,2.436437e6,-4.066048983436066,-0.806146205938715,TIME_LIMIT,190902,0,0,28,0
2,12,2.437e6,-4.065932757741859,-0.806146205938715,TIME_LIMIT,190952,0,0,27,0
2,12,2.437559e6,-4.065932757741859,-0.806146205938715,TIME_LIMIT,190990,0,0,31,0
2,12,2.438098e6,-4.065728515307683,-0.806146205938715,TIME_LIMIT,191032,0,0,35,0
2,12,2.438672e6,-4.065728515307683,-0.806146205938715,TIME_LIMIT,191070,0,0,43,0
2,12,2.439251e6,-4.065728515307683,-0.806146205938715,TIME_LIMIT,191120,0,0,18,0
2,12,2.439818e6,-4.065728515307683,-0.806146205938715,TIME_LIMIT,191158,0,0,27,0
2,12,2.440374e6,-4.065683456702436,-0.806146205938715,TIME_LIMIT,191215,0,0,38,0
2,12,2.440932e6,-4.065683456702436,-0.806146205938715,TIME_LIMIT,191244,0,0,30,0
2,12,2.441495e6,-4.065347180758231,-0.806146205938715,TIME_LIMIT,191292,0,0,30,0
2,12,2.442055e6,-4.065347180758231,-0.806146205938715,TIME_LIMIT,191324,0,0,41,0
2,12,2.442627e6,-4.065347180758231,-0.806146205938715,TIME_LIMIT,191377,0,0,37,0
2,12,2.443183e6,-4.065347180758231,-0.806146205938715,TIME_LIMIT,191407,0,0,43,0
2,12,2.443725e6,-4.065347180758231,-0.806146205938715,TIME_LIMIT,191457,0,0,15,0
2,12,2.444288e6,-4.065347180758231,-0.806146205938715,TIME_LIMIT,191489,0,0,31,0
2,12,2.444846e6,-4.065347180758231,-0.806146205938715,TIME_LIMIT,191537,0,0,17,0
2,12,2.445404e6,-4.065347180758231,-0.806146205938715,TIME_LIMIT,191567,0,0,23,0
2,12,2.445975e6,-4.065057717652842,-0.806146205938715,TIME_LIMIT,191619,0,0,21,0
2,12,2.446548e6,-4.065057717652842,-0.806146205938715,TIME_LIMIT,191653,0,0,50,0
2,12,2.447104e6,-4.0644442412378705,-0.806146205938715,TIME_LIMIT,191704,0,0,34,0
2,12,2.447645e6,-4.0644442412378705,-0.806146205938715,TIME_LIMIT,191737,0,0,40,0
2,12,2.448192e6,-4.0644442412378705,-0.806146205938715,TIME_LIMIT,191789,0,0,20,0
2,12,2.448754e6,-4.0644442412378705,-0.806146205938715,TIME_LIMIT,191831,0,0,41,0
2,12,2.449307e6,-4.0644442412378705,-0.806146205938715,TIME_LIMIT,191884,0,0,28,0
2,12,2.449849e6,-4.0644442412378705,-0.806146205938715,TIME_LIMIT,191924,0,0,38,0
2,12,2.450401e6,-4.0644442412378705,-0.806146205938715,TIME_LIMIT,191976,0,0,31,0
2,12,2.450952e6,-4.0644442412378705,-0.806146205938715,TIME_LIMIT,192009,0,0,23,0
2,12,2.451499e6,-4.0644442412378705,-0.806146205938715,TIME_LIMIT,192057,0,0,18,0
2,12,2.452054e6,-4.0644442412378705,-0.806146205938715,TIME_LIMIT,192090,0,0,34,0
2,12,2.452621e6,-4.0644442412378705,-0.806146205938715,TIME_LIMIT,192137,0,0,16,0
2,12,2.453179e6,-4.0644442412378705,-0.806146205938715,TIME_LIMIT,192178,0,0,31,0
2,12,2.453724e6,-4.0644442412378705,-0.806146205938715,TIME_LIMIT,192219,0,0,18,0
2,12,2.454282e6,-4.0644442412378705,-0.806146205938715,TIME_LIMIT,192255,0,0,28,0
2,12,2.454849e6,-4.0644442412378705,-0.806146205938715,TIME_LIMIT,192290,0,0,34,0
2,12,2.455392e6,-4.0644442412378705,-0.806146205938715,TIME_LIMIT,192327,0,0,36,0
2,12,2.455949e6,-4.0644001621520065,-0.806146205938715,TIME_LIMIT,192361,0,0,28,0
2,12,2.456509e6,-4.0644001621520065,-0.806146205938715,TIME_LIMIT,192394,0,0,38,0
2,12,2.457067e6,-4.06355578112382,-0.806146205938715,TIME_LIMIT,192447,0,0,35,0
2,12,2.457613e6,-4.06355578112382,-0.806146205938715,TIME_LIMIT,192484,0,0,36,0
2,12,2.458173e6,-4.063277441067399,-0.806146205938715,TIME_LIMIT,192519,0,0,16,0
2,12,2.458751e6,-4.063277441067399,-0.806146205938715,TIME_LIMIT,192549,0,0,38,0
2,12,2.459296e6,-4.063059172015616,-0.806146205938715,TIME_LIMIT,192606,0,0,28,0
2,12,2.45986e6,-4.063059172015616,-0.806146205938715,TIME_LIMIT,192633,0,0,39,0
2,12,2.460417e6,-4.06305135548527,-0.806146205938715,TIME_LIMIT,192689,0,0,32,0
2,12,2.460974e6,-4.06305135548527,-0.806146205938715,TIME_LIMIT,192719,0,0,36,0
2,12,2.461518e6,-4.06305135548527,-0.806146205938715,TIME_LIMIT,192765,0,0,25,0
2,12,2.462074e6,-4.06305135548527,-0.806146205938715,TIME_LIMIT,192799,0,0,36,0
2,12,2.462631e6,-4.063012107593593,-0.806146205938715,TIME_LIMIT,192841,0,0,14,0
2,12,2.463176e6,-4.063012107593593,-0.806146205938715,TIME_LIMIT,192882,0,0,32,0
2,12,2.463734e6,-4.063012107593593,-0.806146205938715,TIME_LIMIT,192923,0,0,17,0
2,12,2.46428e6,-4.063012107593593,-0.806146205938715,TIME_LIMIT,192958,0,0,34,0
2,12,2.464819e6,-4.06280525644422,-0.806146205938715,TIME_LIMIT,193007,0,0,26,0
2,12,2.465376e6,-4.06280525644422,-0.806146205938715,TIME_LIMIT,193043,0,0,47,0
2,12,2.465943e6,-4.06280525644422,-0.806146205938715,TIME_LIMIT,193097,0,0,35,0
2,12,2.466485e6,-4.06280525644422,-0.806146205938715,TIME_LIMIT,193126,0,0,40,0
2,12,2.467017e6,-4.06280525644422,-0.806146205938715,TIME_LIMIT,193176,0,0,26,0
2,12,2.467583e6,-4.06280525644422,-0.806146205938715,TIME_LIMIT,193211,0,0,45,0
2,12,2.468138e6,-4.06280525644422,-0.806146205938715,TIME_LIMIT,193257,0,0,27,0
2,12,2.468672e6,-4.06280525644422,-0.806146205938715,TIME_LIMIT,193292,0,0,50,0
2,12,2.469225e6,-4.06280525644422,-0.806146205938715,TIME_LIMIT,193341,0,0,26,0
2,12,2.469779e6,-4.06280525644422,-0.806146205938715,TIME_LIMIT,193374,0,0,43,0
2,12,2.470319e6,-4.06280525644422,-0.806146205938715,TIME_LIMIT,193428,0,0,32,0
2,12,2.470864e6,-4.06280525644422,-0.806146205938715,TIME_LIMIT,193465,0,0,45,0
2,12,2.471429e6,-4.06280525644422,-0.806146205938715,TIME_LIMIT,193514,0,0,26,0
2,12,2.471987e6,-4.06280525644422,-0.806146205938715,TIME_LIMIT,193552,0,0,37,0
2,12,2.472528e6,-4.06280525644422,-0.806146205938715,TIME_LIMIT,193602,0,0,14,0
2,12,2.473086e6,-4.06280525644422,-0.806146205938715,TIME_LIMIT,193635,0,0,38,0
2,12,2.473655e6,-4.06280525644422,-0.806146205938715,TIME_LIMIT,193686,0,0,29,0
2,12,2.474196e6,-4.06280525644422,-0.806146205938715,TIME_LIMIT,193720,0,0,37,0
2,12,2.474754e6,-4.06280525644422,-0.806146205938715,TIME_LIMIT,193770,0,0,14,0
2,12,2.475322e6,-4.06280525644422,-0.806146205938715,TIME_LIMIT,193801,0,0,43,0
2,12,2.475865e6,-4.06280525644422,-0.806146205938715,TIME_LIMIT,193857,0,0,38,0
2,12,2.476422e6,-4.06280525644422,-0.806146205938715,TIME_LIMIT,193892,0,0,33,0
2,12,2.476973e6,-4.06280525644422,-0.806146205938715,TIME_LIMIT,193946,0,0,21,0
2,12,2.477529e6,-4.06280525644422,-0.806146205938715,TIME_LIMIT,193981,0,0,23,0
2,12,2.478072e6,-4.06280525644422,-0.806146205938715,TIME_LIMIT,194032,0,0,36,0
2,12,2.478635e6,-4.06280525644422,-0.806146205938715,TIME_LIMIT,194069,0,0,30,0
2,12,2.479196e6,-4.06280525644422,-0.806146205938715,TIME_LIMIT,194106,0,0,36,0
2,12,2.479744e6,-4.06280525644422,-0.806146205938715,TIME_LIMIT,194135,0,0,22,0
2,12,2.480304e6,-4.06280525644422,-0.806146205938715,TIME_LIMIT,194180,0,0,22,0
2,12,2.480852e6,-4.06280525644422,-0.806146205938715,TIME_LIMIT,194215,0,0,29,0
2,12,2.481403e6,-4.062524432115835,-0.806146205938715,TIME_LIMIT,194264,0,0,32,0
2,12,2.481977e6,-4.062524432115835,-0.806146205938715,TIME_LIMIT,194298,0,0,41,0
2,12,2.482534e6,-4.062524432115835,-0.806146205938715,TIME_LIMIT,194345,0,0,30,0
2,12,2.483083e6,-4.062524432115835,-0.806146205938715,TIME_LIMIT,194377,0,0,44,0
2,12,2.483652e6,-4.06248928257202,-0.806146205938715,TIME_LIMIT,194433,0,0,37,0
2,12,2.484226e6,-4.06248928257202,-0.806146205938715,TIME_LIMIT,194468,0,0,28,0
2,12,2.484773e6,-4.061975703683283,-0.806146205938715,TIME_LIMIT,194505,0,0,15,0
2,12,2.485319e6,-4.061975703683283,-0.806146205938715,TIME_LIMIT,194536,0,0,34,0
2,12,2.485875e6,-4.061975703683283,-0.806146205938715,TIME_LIMIT,194588,0,0,35,0
2,12,2.486465e6,-4.061975703683283,-0.806146205938715,TIME_LIMIT,194629,0,0,52,0
2,12,2.48701e6,-4.061975703683283,-0.806146205938715,TIME_LIMIT,194677,0,0,14,0
2,12,2.487569e6,-4.061975703683283,-0.806146205938715,TIME_LIMIT,194706,0,0,43,0
2,12,2.488126e6,-4.061898306132427,-0.806146205938715,TIME_LIMIT,194757,0,0,29,0
2,12,2.488673e6,-4.061898306132427,-0.806146205938715,TIME_LIMIT,194791,0,0,46,0
2,12,2.489233e6,-4.061831313132161,-0.806146205938715,TIME_LIMIT,194841,0,0,30,0
2,12,2.4898e6,-4.061831313132161,-0.806146205938715,TIME_LIMIT,194872,0,0,41,0
2,12,2.490342e6,-4.061831313132161,-0.806146205938715,TIME_LIMIT,194921,0,0,29,0
2,12,2.490895e6,-4.061831313132161,-0.806146205938715,TIME_LIMIT,194950,0,0,32,0
2,12,2.491462e6,-4.061565368059916,-0.806146205938715,TIME_LIMIT,195004,0,0,33,0
2,12,2.491993e6,-4.061565368059916,-0.806146205938715,TIME_LIMIT,195043,0,0,45,0
2,12,2.492566e6,-4.061565368059916,-0.806146205938715,TIME_LIMIT,195094,0,0,31,0
2,12,2.493154e6,-4.061565368059916,-0.806146205938715,TIME_LIMIT,195132,0,0,19,0
2,12,2.4937e6,-4.06146035007397,-0.806146205938715,TIME_LIMIT,195192,0,0,32,0
2,12,2.494248e6,-4.06146035007397,-0.806146205938715,TIME_LIMIT,195233,0,0,41,0
2,12,2.494808e6,-4.06146035007397,-0.806146205938715,TIME_LIMIT,195270,0,0,28,0
2,12,2.495358e6,-4.06146035007397,-0.806146205938715,TIME_LIMIT,195301,0,0,37,0
2,12,2.495922e6,-4.061445365124448,-0.806146205938715,TIME_LIMIT,195355,0,0,35,0
2,12,2.496488e6,-4.061445365124448,-0.806146205938715,TIME_LIMIT,195389,0,0,43,0
2,12,2.497047e6,-4.061241738653466,-0.806146205938715,TIME_LIMIT,195439,0,0,29,0
2,12,2.497601e6,-4.061241738653466,-0.806146205938715,TIME_LIMIT,195474,0,0,28,0
2,12,2.498166e6,-4.061241738653466,-0.806146205938715,TIME_LIMIT,195520,0,0,24,0
2,12,2.498732e6,-4.061241738653466,-0.806146205938715,TIME_LIMIT,195553,0,0,27,0
2,12,2.499281e6,-4.061106416763608,-0.806146205938715,TIME_LIMIT,195604,0,0,30,0
2,12,2.49985e6,-4.061106416763608,-0.806146205938715,TIME_LIMIT,195634,0,0,35,0
2,12,2.500423e6,-4.061086346867148,-0.806146205938715,TIME_LIMIT,195680,0,0,31,0
2,12,2.500984e6,-4.061086346867148,-0.806146205938715,TIME_LIMIT,195710,0,0,36,0
2,12,2.501547e6,-4.0610611554137375,-0.806146205938715,TIME_LIMIT,195754,0,0,24,0
2,12,2.502104e6,-4.0610611554137375,-0.806146205938715,TIME_LIMIT,195785,0,0,34,0
2,12,2.502639e6,-4.061003991509893,-0.806146205938715,TIME_LIMIT,195832,0,0,25,0
2,12,2.50321e6,-4.061003991509893,-0.806146205938715,TIME_LIMIT,195869,0,0,40,0
2,12,2.503771e6,-4.061003991509893,-0.806146205938715,TIME_LIMIT,195920,0,0,29,0
2,12,2.504324e6,-4.061003991509893,-0.806146205938715,TIME_LIMIT,195951,0,0,40,0
2,12,2.504882e6,-4.061002598681662,-0.806146205938715,TIME_LIMIT,196002,0,0,17,0
2,12,2.505442e6,-4.061002598681662,-0.806146205938715,TIME_LIMIT,196041,0,0,39,0
2,12,2.505988e6,-4.060696951602018,-0.806146205938715,TIME_LIMIT,196091,0,0,29,0
2,12,2.506551e6,-4.060696951602018,-0.806146205938715,TIME_LIMIT,196127,0,0,44,0
2,12,2.507128e6,-4.060696951602018,-0.806146205938715,TIME_LIMIT,196181,0,0,28,0
2,12,2.50766e6,-4.060696951602018,-0.806146205938715,TIME_LIMIT,196216,0,0,40,0
2,12,2.508207e6,-4.060509247706131,-0.806146205938715,TIME_LIMIT,196268,0,0,28,0
2,12,2.508768e6,-4.060509247706131,-0.806146205938715,TIME_LIMIT,196296,0,0,38,0
2,12,2.50931e6,-4.060280832992904,-0.806146205938715,TIME_LIMIT,196357,0,0,38,0
2,12,2.509856e6,-4.060280832992904,-0.806146205938715,TIME_LIMIT,196394,0,0,30,0
2,12,2.510411e6,-4.060277241888473,-0.806146205938715,TIME_LIMIT,196441,0,0,29,0
2,12,2.510955e6,-4.060277241888473,-0.806146205938715,TIME_LIMIT,196474,0,0,40,0
2,12,2.511517e6,-4.060274735915577,-0.806146205938715,TIME_LIMIT,196530,0,0,14,0
2,12,2.512073e6,-4.060274735915577,-0.806146205938715,TIME_LIMIT,196560,0,0,42,0
2,12,2.512623e6,-4.0602668617747995,-0.806146205938715,TIME_LIMIT,196611,0,0,26,0
2,12,2.512897e6,-4.0602668617747995,-0.806146205938715,TIME_LIMIT,196640,0,0,45,0
2,12,2.513452e6,-4.0602668617747995,-0.806146205938715,TIME_LIMIT,196697,0,0,17,0
2,12,2.514012e6,-4.0602668617747995,-0.806146205938715,TIME_LIMIT,196727,0,0,45,0
2,12,2.514584e6,-4.0602668617747995,-0.806146205938715,TIME_LIMIT,196775,0,0,29,0
2,12,2.515137e6,-4.0602668617747995,-0.806146205938715,TIME_LIMIT,196806,0,0,46,0
2,12,2.515693e6,-4.0602668617747995,-0.806146205938715,TIME_LIMIT,196862,0,0,34,0
2,12,2.516264e6,-4.0602668617747995,-0.806146205938715,TIME_LIMIT,196897,0,0,24,0
2,12,2.516813e6,-4.0602668617747995,-0.806146205938715,TIME_LIMIT,196944,0,0,16,0
2,12,2.517374e6,-4.0602668617747995,-0.806146205938715,TIME_LIMIT,196976,0,0,52,0
2,12,2.517952e6,-4.0602668617747995,-0.806146205938715,TIME_LIMIT,197031,0,0,34,0
2,12,2.518485e6,-4.0602668617747995,-0.806146205938715,TIME_LIMIT,197067,0,0,38,0
2,12,2.519047e6,-4.0602668617747995,-0.806146205938715,TIME_LIMIT,197123,0,0,18,0
2,12,2.519605e6,-4.0602668617747995,-0.806146205938715,TIME_LIMIT,197164,0,0,31,0
2,12,2.520154e6,-4.0602668617747995,-0.806146205938715,TIME_LIMIT,197202,0,0,18,0
2,12,2.520703e6,-4.0602668617747995,-0.806146205938715,TIME_LIMIT,197236,0,0,58,0
2,12,2.521274e6,-4.0602668617747995,-0.806146205938715,TIME_LIMIT,197285,0,0,18,0
2,12,2.521824e6,-4.0602668617747995,-0.806146205938715,TIME_LIMIT,197319,0,0,41,0
2,12,2.522388e6,-4.0602668617747995,-0.806146205938715,TIME_LIMIT,197374,0,0,27,0
2,12,2.522949e6,-4.0602668617747995,-0.806146205938715,TIME_LIMIT,197411,0,0,22,0
2,12,2.523492e6,-4.0602668617747995,-0.806146205938715,TIME_LIMIT,197463,0,0,24,0
2,12,2.523965e6,-4.0602668617747995,-0.806146205938715,TIME_LIMIT,197501,0,0,33,0
2,12,2.524526e6,-4.0602668617747995,-0.806146205938715,TIME_LIMIT,197536,0,0,36,0
2,12,2.525082e6,-4.0602668617747995,-0.806146205938715,TIME_LIMIT,197571,0,0,35,0
2,12,2.525642e6,-4.0602668617747995,-0.806146205938715,TIME_LIMIT,197607,0,0,33,0
2,12,2.526203e6,-4.0602668617747995,-0.806146205938715,TIME_LIMIT,197641,0,0,54,0
2,12,2.526744e6,-4.0602668617747995,-0.806146205938715,TIME_LIMIT,197695,0,0,28,0
2,12,2.527311e6,-4.0602668617747995,-0.806146205938715,TIME_LIMIT,197737,0,0,14,0
2,12,2.527881e6,-4.0602668617747995,-0.806146205938715,TIME_LIMIT,197779,0,0,26,0
2,12,2.528432e6,-4.0602668617747995,-0.806146205938715,TIME_LIMIT,197819,0,0,46,0
2,12,2.528995e6,-4.0602668617747995,-0.806146205938715,TIME_LIMIT,197874,0,0,25,0
2,12,2.529557e6,-4.0602668617747995,-0.806146205938715,TIME_LIMIT,197914,0,0,38,0
2,12,2.530108e6,-4.0602668617747995,-0.806146205938715,TIME_LIMIT,197950,0,0,37,0
2,12,2.530659e6,-4.0602668617747995,-0.806146205938715,TIME_LIMIT,197987,0,0,26,0
2,12,2.531214e6,-4.0602668617747995,-0.806146205938715,TIME_LIMIT,198025,0,0,34,0
2,12,2.531757e6,-4.0602668617747995,-0.806146205938715,TIME_LIMIT,198060,0,0,38,0
2,12,2.532326e6,-4.0602668617747995,-0.806146205938715,TIME_LIMIT,198110,0,0,30,0
2,12,2.532904e6,-4.0602668617747995,-0.806146205938715,TIME_LIMIT,198150,0,0,44,0
2,12,2.533447e6,-4.0602668617747995,-0.806146205938715,TIME_LIMIT,198202,0,0,41,0
2,12,2.534007e6,-4.0602668617747995,-0.806146205938715,TIME_LIMIT,198237,0,0,30,0
2,12,2.534575e6,-4.0602668617747995,-0.806146205938715,TIME_LIMIT,198275,0,0,27,0
2,12,2.535124e6,-4.0602668617747995,-0.806146205938715,TIME_LIMIT,198306,0,0,34,0
2,12,2.53568e6,-4.0602668617747995,-0.806146205938715,TIME_LIMIT,198355,0,0,27,0
2,12,2.536236e6,-4.0602668617747995,-0.806146205938715,TIME_LIMIT,198391,0,0,28,0
2,12,2.536778e6,-4.0602668617747995,-0.806146205938715,TIME_LIMIT,198433,0,0,40,0
2,12,2.537335e6,-4.0602668617747995,-0.806146205938715,TIME_LIMIT,198471,0,0,37,0
2,12,2.537905e6,-4.0602668617747995,-0.806146205938715,TIME_LIMIT,198527,0,0,28,0
2,12,2.538452e6,-4.0602668617747995,-0.806146205938715,TIME_LIMIT,198558,0,0,25,0
2,12,2.539014e6,-4.0602668617747995,-0.806146205938715,TIME_LIMIT,198609,0,0,24,0
2,12,2.539606e6,-4.0602668617747995,-0.806146205938715,TIME_LIMIT,198644,0,0,44,0
2,12,2.540155e6,-4.0602668617747995,-0.806146205938715,TIME_LIMIT,198697,0,0,32,0
2,12,2.540719e6,-4.0602668617747995,-0.806146205938715,TIME_LIMIT,198732,0,0,48,0
2,12,2.541278e6,-4.0602668617747995,-0.806146205938715,TIME_LIMIT,198788,0,0,29,0
2,12,2.541813e6,-4.0602668617747995,-0.806146205938715,TIME_LIMIT,198828,0,0,32,0
2,12,2.542377e6,-4.0602668617747995,-0.806146205938715,TIME_LIMIT,198878,0,0,29,0
2,12,2.542925e6,-4.0602668617747995,-0.806146205938715,TIME_LIMIT,198922,0,0,41,0
2,12,2.543498e6,-4.0602668617747995,-0.806146205938715,TIME_LIMIT,198972,0,0,33,0
2,12,2.544063e6,-4.0602668617747995,-0.806146205938715,TIME_LIMIT,199014,0,0,47,0
2,12,2.544618e6,-4.0602668617747995,-0.806146205938715,TIME_LIMIT,199058,0,0,30,0
2,12,2.545186e6,-4.0602668617747995,-0.806146205938715,TIME_LIMIT,199088,0,0,19,0
2,12,2.545731e6,-4.0602668617747995,-0.806146205938715,TIME_LIMIT,199137,0,0,31,0
2,12,2.546293e6,-4.0602668617747995,-0.806146205938715,TIME_LIMIT,199170,0,0,48,0
2,12,2.546863e6,-4.0602668617747995,-0.806146205938715,TIME_LIMIT,199229,0,0,43,0
2,12,2.547436e6,-4.0602668617747995,-0.806146205938715,TIME_LIMIT,199263,0,0,46,0
2,12,2.547987e6,-4.0602668617747995,-0.806146205938715,TIME_LIMIT,199316,0,0,32,0
2,12,2.548551e6,-4.0602668617747995,-0.806146205938715,TIME_LIMIT,199349,0,0,51,0
2,12,2.549107e6,-4.0602668617747995,-0.806146205938715,TIME_LIMIT,199396,0,0,32,0
2,12,2.549637e6,-4.0602668617747995,-0.806146205938715,TIME_LIMIT,199432,0,0,37,0
2,12,2.550203e6,-4.0602668617747995,-0.806146205938715,TIME_LIMIT,199479,0,0,25,0
2,12,2.550773e6,-4.0602668617747995,-0.806146205938715,TIME_LIMIT,199506,0,0,45,0
2,12,2.551323e6,-4.0602668617747995,-0.806146205938715,TIME_LIMIT,199558,0,0,35,0
2,12,2.551895e6,-4.0602668617747995,-0.806146205938715,TIME_LIMIT,199601,0,0,37,0
2,12,2.552437e6,-4.0602668617747995,-0.806146205938715,TIME_LIMIT,199648,0,0,29,0
2,12,2.553002e6,-4.0602668617747995,-0.806146205938715,TIME_LIMIT,199687,0,0,22,0
2,12,2.553564e6,-4.060214524042419,-0.806146205938715,TIME_LIMIT,199737,0,0,26,0
2,12,2.554109e6,-4.060214524042419,-0.806146205938715,TIME_LIMIT,199769,0,0,27,0
2,12,2.554677e6,-4.060067033781664,-0.806146205938715,TIME_LIMIT,199819,0,0,33,0
2,12,2.55524e6,-4.060067033781664,-0.806146205938715,TIME_LIMIT,199856,0,0,43,0
2,12,2.5558e6,-4.0599439724456685,-0.806146205938715,TIME_LIMIT,199915,0,0,18,0
2,12,2.556367e6,-4.0599439724456685,-0.806146205938715,TIME_LIMIT,199949,0,0,34,0
2,12,2.556934e6,-4.0599439724456685,-0.806146205938715,TIME_LIMIT,199994,0,0,29,0
2,12,2.557484e6,-4.0599439724456685,-0.806146205938715,TIME_LIMIT,200026,0,0,35,0
2,12,2.558051e6,-4.059717306979621,-0.806146205938715,TIME_LIMIT,200073,0,0,30,0
2,12,2.558626e6,-4.059717306979621,-0.806146205938715,TIME_LIMIT,200099,0,0,40,0
2,12,2.559179e6,-4.059706889397075,-0.806146205938715,TIME_LIMIT,200158,0,0,34,0
2,12,2.559749e6,-4.059706889397075,-0.806146205938715,TIME_LIMIT,200193,0,0,45,0
2,12,2.5603e6,-4.0596438027636434,-0.806146205938715,TIME_LIMIT,200242,0,0,30,0
2,12,2.56087e6,-4.0596438027636434,-0.806146205938715,TIME_LIMIT,200281,0,0,43,0
2,12,2.561436e6,-4.059642862667654,-0.806146205938715,TIME_LIMIT,200328,0,0,26,0
2,12,2.561983e6,-4.059642862667654,-0.806146205938715,TIME_LIMIT,200363,0,0,25,0
2,12,2.562547e6,-4.059406840988105,-0.806146205938715,TIME_LIMIT,200414,0,0,32,0
2,12,2.563107e6,-4.059406840988105,-0.806146205938715,TIME_LIMIT,200449,0,0,37,0
2,12,2.563645e6,-4.059406840988105,-0.806146205938715,TIME_LIMIT,200503,0,0,38,0
2,12,2.564214e6,-4.059406840988105,-0.806146205938715,TIME_LIMIT,200527,0,0,36,0
2,12,2.564777e6,-4.059406840988105,-0.806146205938715,TIME_LIMIT,200579,0,0,35,0
2,12,2.565318e6,-4.059406840988105,-0.806146205938715,TIME_LIMIT,200610,0,0,28,0
2,12,2.565879e6,-4.059140515215545,-0.806146205938715,TIME_LIMIT,200660,0,0,29,0
2,12,2.56642e6,-4.059140515215545,-0.806146205938715,TIME_LIMIT,200692,0,0,30,0
2,12,2.566981e6,-4.059062055210328,-0.806146205938715,TIME_LIMIT,200731,0,0,27,0
2,12,2.567552e6,-4.059062055210328,-0.806146205938715,TIME_LIMIT,200759,0,0,36,0
2,12,2.56809e6,-4.059052684093857,-0.8076210509435326,TIME_LIMIT,200814,0,0,30,0
2,12,2.56866e6,-4.059052684093857,-0.8076210509435326,TIME_LIMIT,200846,0,0,37,0
2,12,2.569218e6,-4.058986032627047,-0.8076210509435326,TIME_LIMIT,200899,0,0,19,0
2,12,2.569752e6,-4.058986032627047,-0.8076210509435326,TIME_LIMIT,200936,0,0,32,0
2,12,2.570322e6,-4.058986032627047,-0.8076210509435326,TIME_LIMIT,200972,0,0,29,0
2,12,2.570882e6,-4.058986032627047,-0.8076210509435326,TIME_LIMIT,201001,0,0,37,0
2,12,2.571417e6,-4.058986032627047,-0.8076210509435326,TIME_LIMIT,201047,0,0,11,0
2,12,2.571983e6,-4.058986032627047,-0.8076210509435326,TIME_LIMIT,201074,0,0,33,0
2,12,2.57253e6,-4.058986032627047,-0.8076210509435326,TIME_LIMIT,201121,0,0,16,0
2,12,2.573091e6,-4.058986032627047,-0.8076210509435326,TIME_LIMIT,201159,0,0,23,0
2,12,2.573645e6,-4.058986032627047,-0.9279398234010284,TIME_LIMIT,201193,0,0,27,0
2,12,2.574182e6,-4.058986032627047,-0.9279398234010284,TIME_LIMIT,201221,0,0,24,0
2,12,2.574757e6,-4.058986032627047,-0.9279398234010284,TIME_LIMIT,201270,0,0,30,0
2,12,2.575319e6,-4.058986032627047,-0.9279398234010284,TIME_LIMIT,201312,0,0,30,0
2,12,2.575879e6,-4.058986032627047,-0.9279398234010284,TIME_LIMIT,201344,0,0,37,0
2,12,2.576426e6,-4.058986032627047,-0.9279398234010284,TIME_LIMIT,201380,0,0,36,0
2,12,2.576979e6,-4.058986032627047,-0.9279398234010284,TIME_LIMIT,201428,0,0,21,0
2,12,2.577541e6,-4.058986032627047,-0.9279398234010284,TIME_LIMIT,201456,0,0,32,0
2,12,2.578091e6,-4.058896070163704,-0.9279398234010284,TIME_LIMIT,201507,0,0,28,0
2,12,2.578641e6,-4.058896070163704,-0.9279398234010284,TIME_LIMIT,201535,0,0,38,0
2,12,2.579203e6,-4.058896070163704,-0.9279398234010284,TIME_LIMIT,201580,0,0,27,0
2,12,2.579802e6,-4.058896070163704,-0.9279398234010284,TIME_LIMIT,201609,0,0,35,0
2,12,2.58034e6,-4.058896070163704,-0.9279398234010284,TIME_LIMIT,201658,0,0,30,0
2,12,2.580948e6,-4.058896070163704,-0.9279398234010284,TIME_LIMIT,201688,0,0,27,0
2,12,2.581529e6,-4.058896070163704,-0.9279398234010284,TIME_LIMIT,201734,0,0,22,0
2,12,2.582081e6,-4.058896070163704,-0.9279398234010284,TIME_LIMIT,201768,0,0,31,0
2,12,2.582612e6,-4.057999242313311,-0.9279398234010284,TIME_LIMIT,201802,0,0,25,0
2,12,2.58313e6,-4.057999242313311,-0.9279398234010284,TIME_LIMIT,201831,0,0,37,0
2,12,2.583696e6,-4.057999242313311,-0.9279398234010284,TIME_LIMIT,201882,0,0,31,0
2,12,2.584244e6,-4.057999242313311,-0.9279398234010284,TIME_LIMIT,201920,0,0,44,0
2,12,2.584776e6,-4.057999242313311,-0.9279398234010284,TIME_LIMIT,201969,0,0,23,0
2,12,2.585301e6,-4.057999242313311,-0.9279398234010284,TIME_LIMIT,202003,0,0,31,0
2,12,2.585855e6,-4.057999242313311,-0.9279398234010284,TIME_LIMIT,202057,0,0,13,0
2,12,2.586468e6,-4.057999242313311,-0.9279398234010284,TIME_LIMIT,202088,0,0,36,0
2,12,2.587037e6,-4.057999242313311,-0.9279398234010284,TIME_LIMIT,202135,0,0,24,0
2,12,2.587624e6,-4.057999242313311,-0.9279398234010284,TIME_LIMIT,202170,0,0,23,0
2,12,2.588136e6,-4.057999242313311,-0.9279398234010284,TIME_LIMIT,202217,0,0,14,0
2,12,2.588703e6,-4.057999242313311,-0.9279398234010284,TIME_LIMIT,202252,0,0,45,0
2,12,2.58927e6,-4.057999242313311,-0.9279398234010284,TIME_LIMIT,202304,0,0,27,0
2,12,2.589785e6,-4.057999242313311,-0.9279398234010284,TIME_LIMIT,202341,0,0,37,0
2,12,2.590349e6,-4.057999242313311,-0.9279398234010284,TIME_LIMIT,202386,0,0,25,0
2,12,2.590863e6,-4.057999242313311,-0.9279398234010284,TIME_LIMIT,202419,0,0,30,0
2,12,2.591393e6,-4.057999242313311,-0.9279398234010284,TIME_LIMIT,202455,0,0,38,0
2,12,2.591945e6,-4.057999242313311,-0.9279398234010284,TIME_LIMIT,202494,0,0,34,0
2,12,2.592512e6,-4.057999242313311,-0.9279398234010284,TIME_LIMIT,202531,0,0,31,0
2,12,2.593033e6,-4.057999242313311,-0.9279398234010284,TIME_LIMIT,202564,0,0,46,0
2,12,2.593558e6,-4.057999242313311,-0.9279398234010284,TIME_LIMIT,202610,0,0,27,0
2,12,2.594081e6,-4.057999242313311,-0.9279398234010284,TIME_LIMIT,202645,0,0,39,0
2,12,2.594595e6,-4.057999242313311,-0.9279398234010284,TIME_LIMIT,202699,0,0,24,0
2,12,2.595159e6,-4.057999242313311,-0.9279398234010284,TIME_LIMIT,202739,0,0,26,0
2,12,2.595672e6,-4.057999242313311,-0.9279398234010284,TIME_LIMIT,202782,0,0,32,0
2,12,2.596238e6,-4.057999242313311,-0.9279398234010284,TIME_LIMIT,202811,0,0,39,0
2,12,2.596758e6,-4.057970372298159,-0.9279398234010284,TIME_LIMIT,202861,0,0,29,0
2,12,2.597289e6,-4.057970372298159,-0.9279398234010284,TIME_LIMIT,202886,0,0,39,0
2,12,2.597858e6,-4.057811727680378,-0.9279398234010284,TIME_LIMIT,202937,0,0,31,0
2,12,2.598377e6,-4.057811727680378,-0.9279398234010284,TIME_LIMIT,202972,0,0,40,0
2,12,2.598948e6,-4.057811727680378,-0.9279398234010284,TIME_LIMIT,203019,0,0,31,0
2,12,2.59951e6,-4.057811727680378,-0.9279398234010284,TIME_LIMIT,203049,0,0,34,0
2,12,2.600079e6,-4.057785015962528,-0.9279398234010284,TIME_LIMIT,203105,0,0,29,0
2,12,2.60061e6,-4.057785015962528,-0.9279398234010284,TIME_LIMIT,203140,0,0,41,0
2,12,2.60114e6,-4.057785015962528,-0.9279398234010284,TIME_LIMIT,203188,0,0,32,0
2,12,2.601698e6,-4.057785015962528,-0.9279398234010284,TIME_LIMIT,203216,0,0,38,0
2,12,2.602278e6,-4.057785015962528,-0.9279398234010284,TIME_LIMIT,203272,0,0,27,0
2,12,2.602918e6,-4.057785015962528,-0.9279398234010284,TIME_LIMIT,203305,0,0,26,0
2,12,2.603447e6,-4.057712698989791,-0.9279398234010284,TIME_LIMIT,203354,0,0,28,0
2,12,2.604046e6,-4.057712698989791,-0.9279398234010284,TIME_LIMIT,203386,0,0,44,0
2,12,2.604607e6,-4.0575750032216,-0.9279398234010284,TIME_LIMIT,203445,0,0,35,0
2,12,2.605221e6,-4.0575750032216,-0.9279398234010284,TIME_LIMIT,203476,0,0,35,0
2,12,2.605781e6,-4.0575750032216,-0.9279398234010284,TIME_LIMIT,203528,0,0,35,0
2,12,2.606319e6,-4.0575750032216,-0.9279398234010284,TIME_LIMIT,203553,0,0,41,0
2,12,2.606837e6,-4.057380786931386,-0.9279398234010284,TIME_LIMIT,203603,0,0,26,0
2,12,2.60741e6,-4.057380786931386,-0.9279398234010284,TIME_LIMIT,203631,0,0,36,0
2,12,2.60798e6,-4.057327791419868,-0.9279398234010284,TIME_LIMIT,203686,0,0,29,0
2,12,2.608508e6,-4.057327791419868,-0.9279398234010284,TIME_LIMIT,203719,0,0,34,0
2,12,2.609103e6,-4.057012323913577,-0.9279398234010284,TIME_LIMIT,203769,0,0,35,0
2,12,2.609626e6,-4.057012323913577,-0.9279398234010284,TIME_LIMIT,203814,0,0,31,0
2,12,2.610202e6,-4.057004465182782,-0.9279398234010284,TIME_LIMIT,203857,0,0,36,0
2,12,2.610721e6,-4.057004465182782,-0.9279398234010284,TIME_LIMIT,203880,0,0,36,0
2,12,2.611252e6,-4.056996932544521,-0.9279398234010284,TIME_LIMIT,203936,0,0,35,0
2,12,2.611773e6,-4.056996932544521,-0.9279398234010284,TIME_LIMIT,203972,0,0,41,0
2,12,2.612344e6,-4.056995694701132,-0.9279398234010284,TIME_LIMIT,204015,0,0,27,0
2,12,2.612876e6,-4.056995694701132,-0.9279398234010284,TIME_LIMIT,204047,0,0,32,0
2,12,2.613437e6,-4.056914750286009,-0.9279398234010284,TIME_LIMIT,204087,0,0,22,0
2,12,2.613968e6,-4.056914750286009,-0.9279398234010284,TIME_LIMIT,204117,0,0,38,0
2,12,2.614486e6,-4.0567745506217925,-0.9279398234010284,TIME_LIMIT,204170,0,0,30,0
2,12,2.615017e6,-4.0567745506217925,-0.9279398234010284,TIME_LIMIT,204203,0,0,38,0
2,12,2.615543e6,-4.0565850579624385,-0.9279398234010284,TIME_LIMIT,204254,0,0,37,0
2,12,2.616081e6,-4.0565850579624385,-0.9279398234010284,TIME_LIMIT,204288,0,0,45,0
2,12,2.616645e6,-4.0565850579624385,-0.9279398234010284,TIME_LIMIT,204340,0,0,29,0
2,12,2.617227e6,-4.0565850579624385,-0.9279398234010284,TIME_LIMIT,204368,0,0,45,0
2,12,2.617751e6,-4.0565850579624385,-0.9279398234010284,TIME_LIMIT,204420,0,0,31,0
2,12,2.618287e6,-4.0565850579624385,-0.9279398234010284,TIME_LIMIT,204454,0,0,48,0
2,12,2.618872e6,-4.0565850579624385,-0.9279398234010284,TIME_LIMIT,204510,0,0,20,0
2,12,2.619471e6,-4.0565850579624385,-0.9279398234010284,TIME_LIMIT,204548,0,0,40,0
2,12,2.620091e6,-4.0565850579624385,-0.9279398234010284,TIME_LIMIT,204608,0,0,37,0
2,12,2.620654e6,-4.0565850579624385,-0.9279398234010284,TIME_LIMIT,204637,0,0,32,0
2,12,2.621226e6,-4.0565850579624385,-0.9279398234010284,TIME_LIMIT,204684,0,0,19,0
2,12,2.621789e6,-4.0565850579624385,-0.9279398234010284,TIME_LIMIT,204727,0,0,35,0
2,12,2.622366e6,-4.056543925599263,-0.9279398234010284,TIME_LIMIT,204770,0,0,32,0
2,12,2.622918e6,-4.056543925599263,-0.9279398234010284,TIME_LIMIT,204806,0,0,31,0
2,12,2.623449e6,-4.056320546601961,-0.9279398234010284,TIME_LIMIT,204842,0,0,42,0
2,12,2.623633e6,-4.056320546601961,-0.9279398234010284,TIME_LIMIT,204874,0,0,34,0
2,12,2.624054e6,-4.056130660109152,-0.9279398234010284,TIME_LIMIT,204930,0,0,17,0
2,12,2.624648e6,-4.056130660109152,-0.9279398234010284,TIME_LIMIT,204966,0,0,36,0
2,12,2.625181e6,-4.055471579804086,-0.9279398234010284,TIME_LIMIT,205015,0,0,28,0
2,12,2.625755e6,-4.055471579804086,-0.9279398234010284,TIME_LIMIT,205049,0,0,42,0
2,12,2.626302e6,-4.055471579804086,-0.9279398234010284,TIME_LIMIT,205103,0,0,33,0
2,12,2.626909e6,-4.055471579804086,-0.9279398234010284,TIME_LIMIT,205135,0,0,43,0
2,12,2.627423e6,-4.055471579804086,-0.9279398234010284,TIME_LIMIT,205193,0,0,17,0
2,12,2.62795e6,-4.055471579804086,-0.9279398234010284,TIME_LIMIT,205222,0,0,25,0
2,12,2.628542e6,-4.055471579804086,-0.9279398234010284,TIME_LIMIT,205277,0,0,18,0
2,12,2.62907e6,-4.055471579804086,-0.9279398234010284,TIME_LIMIT,205326,0,0,38,0
2,12,2.629627e6,-4.055471579804086,-0.9279398234010284,TIME_LIMIT,205367,0,0,23,0
2,12,2.630198e6,-4.055471579804086,-0.9279398234010284,TIME_LIMIT,205405,0,0,37,0
2,12,2.630753e6,-4.055471579804086,-0.9279398234010284,TIME_LIMIT,205451,0,0,40,0
2,12,2.631288e6,-4.055471579804086,-0.9279398234010284,TIME_LIMIT,205481,0,0,46,0
2,12,2.631866e6,-4.055471579804086,-0.9279398234010284,TIME_LIMIT,205527,0,0,16,0
2,12,2.632424e6,-4.055471579804086,-0.9279398234010284,TIME_LIMIT,205569,0,0,44,0
2,12,2.632988e6,-4.055471579804086,-0.9279398234010284,TIME_LIMIT,205612,0,0,22,0
2,12,2.633512e6,-4.055471579804086,-0.9279398234010284,TIME_LIMIT,205641,0,0,37,0
2,12,2.634051e6,-4.055471579804086,-0.9279398234010284,TIME_LIMIT,205694,0,0,34,0
2,12,2.634604e6,-4.055471579804086,-0.9279398234010284,TIME_LIMIT,205729,0,0,32,0
2,12,2.635246e6,-4.055334074798809,-0.9279398234010284,TIME_LIMIT,205765,0,0,36,0
2,12,2.63579e6,-4.055334074798809,-0.9279398234010284,TIME_LIMIT,205801,0,0,30,0
2,12,2.636382e6,-4.055262485946674,-0.9279398234010284,TIME_LIMIT,205851,0,0,19,0
2,12,2.636967e6,-4.055262485946674,-0.9279398234010284,TIME_LIMIT,205893,0,0,41,0
2,12,2.637598e6,-4.055262485946674,-0.9279398234010284,TIME_LIMIT,205927,0,0,35,0
2,12,2.638146e6,-4.055262485946674,-0.9279398234010284,TIME_LIMIT,205960,0,0,40,0
2,12,2.638719e6,-4.0549241726022185,-0.9279398234010284,TIME_LIMIT,206011,0,0,32,0
2,12,2.639236e6,-4.0549241726022185,-0.9279398234010284,TIME_LIMIT,206040,0,0,29,0
2,12,2.639774e6,-4.054837634867801,-0.9279398234010284,TIME_LIMIT,206087,0,0,27,0
2,12,2.64029e6,-4.054837634867801,-0.9279398234010284,TIME_LIMIT,206112,0,0,30,0
2,12,2.640862e6,-4.054387585876373,-0.9279398234010284,TIME_LIMIT,206164,0,0,29,0
2,12,2.641433e6,-4.054387585876373,-0.9279398234010284,TIME_LIMIT,206197,0,0,34,0
2,12,2.641962e6,-4.054387585876373,-0.9279398234010284,TIME_LIMIT,206251,0,0,16,0
2,12,2.64252e6,-4.054387585876373,-0.9279398234010284,TIME_LIMIT,206288,0,0,27,0
2,12,2.643042e6,-4.054031828382135,-0.9279398234010284,TIME_LIMIT,206324,0,0,32,0
2,12,2.643645e6,-4.054031828382135,-0.9279398234010284,TIME_LIMIT,206361,0,0,13,0
2,12,2.644159e6,-4.053974557697722,-0.9279398234010284,TIME_LIMIT,206397,0,0,31,0
2,12,2.644764e6,-4.053974557697722,-0.9279398234010284,TIME_LIMIT,206429,0,0,43,0
2,12,2.645322e6,-4.05327279778782,-0.9279398234010284,TIME_LIMIT,206480,0,0,29,0
2,12,2.645852e6,-4.05327279778782,-0.9279398234010284,TIME_LIMIT,206513,0,0,45,0
2,12,2.646367e6,-4.05327279778782,-0.9279398234010284,TIME_LIMIT,206568,0,0,37,0
2,12,2.646988e6,-4.05327279778782,-0.9279398234010284,TIME_LIMIT,206603,0,0,44,0
2,12,2.647609e6,-4.05327279778782,-0.9279398234010284,TIME_LIMIT,206664,0,0,37,0
2,12,2.648137e6,-4.05327279778782,-0.9279398234010284,TIME_LIMIT,206688,0,0,39,0
2,12,2.648652e6,-4.05327279778782,-0.9279398234010284,TIME_LIMIT,206746,0,0,35,0
2,12,2.649186e6,-4.05327279778782,-0.9279398234010284,TIME_LIMIT,206783,0,0,49,0
2,12,2.649743e6,-4.05327279778782,-0.9279398234010284,TIME_LIMIT,206837,0,0,33,0
2,12,2.65028e6,-4.05327279778782,-0.9279398234010284,TIME_LIMIT,206871,0,0,38,0
2,12,2.650863e6,-4.05327279778782,-0.9279398234010284,TIME_LIMIT,206919,0,0,25,0
2,12,2.651392e6,-4.05327279778782,-0.9279398234010284,TIME_LIMIT,206950,0,0,22,0
2,12,2.651959e6,-4.05327279778782,-0.9279398234010284,TIME_LIMIT,206999,0,0,23,0
2,12,2.652475e6,-4.05327279778782,-0.9279398234010284,TIME_LIMIT,207037,0,0,30,0
2,12,2.653079e6,-4.05327279778782,-0.9279398234010284,TIME_LIMIT,207075,0,0,32,0
2,12,2.653594e6,-4.05327279778782,-0.9279398234010284,TIME_LIMIT,207106,0,0,39,0
2,12,2.654121e6,-4.05327279778782,-0.9279398234010284,TIME_LIMIT,207158,0,0,30,0
2,12,2.654638e6,-4.05327279778782,-0.9279398234010284,TIME_LIMIT,207191,0,0,37,0
2,12,2.655167e6,-4.052900633134819,-0.9279398234010284,TIME_LIMIT,207237,0,0,30,0
2,12,2.655731e6,-4.052900633134819,-0.9279398234010284,TIME_LIMIT,207271,0,0,38,0
2,12,2.65631e6,-4.052900633134819,-0.9279398234010284,TIME_LIMIT,207322,0,0,28,0
2,12,2.656882e6,-4.052900633134819,-0.9279398234010284,TIME_LIMIT,207359,0,0,34,0
2,12,2.657511e6,-4.052855403601496,-0.9279398234010284,TIME_LIMIT,207408,0,0,31,0
2,12,2.658073e6,-4.052855403601496,-0.9279398234010284,TIME_LIMIT,207445,0,0,31,0
2,12,2.658604e6,-4.052855403601496,-0.9279398234010284,TIME_LIMIT,207475,0,0,29,0
2,12,2.659123e6,-4.052855403601496,-0.9279398234010284,TIME_LIMIT,207510,0,0,33,0
2,12,2.659697e6,-4.052638851093848,-0.9279398234010284,TIME_LIMIT,207555,0,0,24,0
2,12,2.660258e6,-4.052638851093848,-0.9279398234010284,TIME_LIMIT,207583,0,0,43,0
2,12,2.660831e6,-4.052581573426165,-0.9279398234010284,TIME_LIMIT,207636,0,0,35,0
2,12,2.661329e6,-4.052581573426165,-0.9279398234010284,TIME_LIMIT,207672,0,0,43,0
2,12,2.661863e6,-4.052429830675214,-0.9279398234010284,TIME_LIMIT,207719,0,0,20,0
2,12,2.662387e6,-4.052429830675214,-0.9279398234010284,TIME_LIMIT,207749,0,0,42,0
2,12,2.662924e6,-4.052093172303876,-0.9279398234010284,TIME_LIMIT,207797,0,0,31,0
2,12,2.663521e6,-4.052093172303876,-0.9279398234010284,TIME_LIMIT,207830,0,0,21,0
2,12,2.664095e6,-4.052093172303876,-0.9279398234010284,TIME_LIMIT,207881,0,0,29,0
2,12,2.664656e6,-4.052093172303876,-0.9279398234010284,TIME_LIMIT,207929,0,0,33,0
2,12,2.665232e6,-4.052093172303876,-0.9279398234010284,TIME_LIMIT,207969,0,0,37,0
2,12,2.665863e6,-4.052093172303876,-0.9279398234010284,TIME_LIMIT,208005,0,0,36,0
2,12,2.666433e6,-4.052093172303876,-0.9279398234010284,TIME_LIMIT,208053,0,0,30,0
2,12,2.66695e6,-4.052093172303876,-0.9279398234010284,TIME_LIMIT,208084,0,0,39,0
2,12,2.667478e6,-4.052093172303876,-0.9279398234010284,TIME_LIMIT,208135,0,0,13,0
2,12,2.667997e6,-4.052093172303876,-0.9279398234010284,TIME_LIMIT,208170,0,0,34,0
2,12,2.668565e6,-4.052093172303876,-0.9279398234010284,TIME_LIMIT,208219,0,0,30,0
2,12,2.669126e6,-4.052093172303876,-0.9279398234010284,TIME_LIMIT,208258,0,0,34,0
2,12,2.669699e6,-4.052093172303876,-0.9279398234010284,TIME_LIMIT,208287,0,0,25,0
2,12,2.67022e6,-4.052093172303876,-0.9279398234010284,TIME_LIMIT,208325,0,0,44,0
2,12,2.670753e6,-4.052047133929573,-0.9279398234010284,TIME_LIMIT,208373,0,0,32,0
2,12,2.671274e6,-4.052047133929573,-0.9279398234010284,TIME_LIMIT,208409,0,0,40,0
2,12,2.671811e6,-4.05193007317865,-0.9279398234010284,TIME_LIMIT,208455,0,0,26,0
2,12,2.672365e6,-4.05193007317865,-0.9279398234010284,TIME_LIMIT,208487,0,0,24,0
2,12,2.672905e6,-4.051883580669913,-0.9279398234010284,TIME_LIMIT,208535,0,0,27,0
2,12,2.673532e6,-4.051883580669913,-0.9279398234010284,TIME_LIMIT,208571,0,0,42,0
2,12,2.674139e6,-4.051883580669913,-0.9279398234010284,TIME_LIMIT,208618,0,0,32,0
2,12,2.674661e6,-4.051883580669913,-0.9279398234010284,TIME_LIMIT,208650,0,0,43,0
2,12,2.675241e6,-4.051880407059613,-0.9279398234010284,TIME_LIMIT,208699,0,0,25,0
2,12,2.675809e6,-4.051880407059613,-0.9279398234010284,TIME_LIMIT,208741,0,0,21,0
2,12,2.676345e6,-4.051880407059613,-0.9279398234010284,TIME_LIMIT,208780,0,0,42,0
2,12,2.67687e6,-4.051880407059613,-0.9279398234010284,TIME_LIMIT,208819,0,0,20,0
2,12,2.677529e6,-4.051880407059613,-0.9279398234010284,TIME_LIMIT,208862,0,0,44,0
2,12,2.678129e6,-4.051880407059613,-0.9279398234010284,TIME_LIMIT,208894,0,0,42,0
2,12,2.678706e6,-4.051846542042436,-0.9279398234010284,TIME_LIMIT,208947,0,0,33,0
2,12,2.679241e6,-4.051846542042436,-0.9279398234010284,TIME_LIMIT,208989,0,0,55,0
2,12,2.679808e6,-4.051846542042436,-0.9279398234010284,TIME_LIMIT,209045,0,0,33,0
2,12,2.680371e6,-4.051846542042436,-0.9279398234010284,TIME_LIMIT,209077,0,0,54,0
2,12,2.680952e6,-4.051846542042436,-0.9279398234010284,TIME_LIMIT,209135,0,0,36,0
2,12,2.681534e6,-4.051846542042436,-0.9279398234010284,TIME_LIMIT,209168,0,0,41,0
2,12,2.682106e6,-4.051846542042436,-0.9279398234010284,TIME_LIMIT,209222,0,0,32,0
2,12,2.682666e6,-4.051846542042436,-0.9279398234010284,TIME_LIMIT,209250,0,0,32,0
2,12,2.683236e6,-4.051673541986969,-0.9279398234010284,TIME_LIMIT,209305,0,0,33,0
2,12,2.683761e6,-4.051673541986969,-0.9279398234010284,TIME_LIMIT,209345,0,0,36,0
2,12,2.684342e6,-4.051642080081531,-0.9279398234010284,TIME_LIMIT,209374,0,0,27,0
2,12,2.684928e6,-4.051642080081531,-0.9279398234010284,TIME_LIMIT,209408,0,0,31,0
2,12,2.685511e6,-4.051642080081531,-0.9279398234010284,TIME_LIMIT,209463,0,0,34,0
2,12,2.686029e6,-4.051642080081531,-0.9279398234010284,TIME_LIMIT,209496,0,0,41,0
2,12,2.686564e6,-4.051642080081531,-0.9279398234010284,TIME_LIMIT,209546,0,0,31,0
2,12,2.687082e6,-4.051642080081531,-0.9279398234010284,TIME_LIMIT,209580,0,0,38,0
2,12,2.687609e6,-4.051402565804533,-0.9279398234010284,TIME_LIMIT,209628,0,0,29,0
2,12,2.688129e6,-4.051402565804533,-0.9279398234010284,TIME_LIMIT,209663,0,0,26,0
2,12,2.688658e6,-4.051291300300974,-0.9279398234010284,TIME_LIMIT,209715,0,0,28,0
2,12,2.689176e6,-4.051291300300974,-0.9279398234010284,TIME_LIMIT,209748,0,0,40,0
2,12,2.689705e6,-4.051289021825694,-0.9279398234010284,TIME_LIMIT,209800,0,0,31,0
2,12,2.690224e6,-4.051289021825694,-0.9279398234010284,TIME_LIMIT,209829,0,0,41,0
2,12,2.690755e6,-4.0512472629281495,-0.9279398234010284,TIME_LIMIT,209876,0,0,30,0
2,12,2.691278e6,-4.0512472629281495,-0.9279398234010284,TIME_LIMIT,209913,0,0,33,0
2,12,2.691811e6,-4.051031347231845,-0.9279398234010284,TIME_LIMIT,209954,0,0,25,0
2,12,2.69234e6,-4.051031347231845,-0.9279398234010284,TIME_LIMIT,209987,0,0,40,0
2,12,2.692871e6,-4.051031347231845,-0.9279398234010284,TIME_LIMIT,210045,0,0,33,0
2,12,2.693395e6,-4.051031347231845,-0.9279398234010284,TIME_LIMIT,210082,0,0,33,0
2,12,2.693932e6,-4.051031347231845,-0.9279398234010284,TIME_LIMIT,210126,0,0,36,0
2,12,2.694459e6,-4.051031347231845,-0.9279398234010284,TIME_LIMIT,210164,0,0,46,0
2,12,2.694993e6,-4.051031347231845,-0.9279398234010284,TIME_LIMIT,210216,0,0,37,0
2,12,2.695515e6,-4.051031347231845,-0.9279398234010284,TIME_LIMIT,210244,0,0,33,0
2,12,2.69605e6,-4.051031347231845,-0.9279398234010284,TIME_LIMIT,210295,0,0,32,0
2,12,2.696571e6,-4.051031347231845,-0.9279398234010284,TIME_LIMIT,210322,0,0,39,0
2,12,2.697104e6,-4.050700621881372,-0.9279398234010284,TIME_LIMIT,210377,0,0,30,0
2,12,2.697628e6,-4.050700621881372,-0.9279398234010284,TIME_LIMIT,210410,0,0,29,0
2,12,2.698159e6,-4.050526310248157,-0.9279398234010284,TIME_LIMIT,210459,0,0,28,0
2,12,2.698683e6,-4.050526310248157,-0.9279398234010284,TIME_LIMIT,210487,0,0,35,0
2,12,2.699219e6,-4.050526310248157,-0.9279398234010284,TIME_LIMIT,210541,0,0,28,0
2,12,2.699743e6,-4.050526310248157,-0.9279398234010284,TIME_LIMIT,210574,0,0,23,0
2,12,2.70028e6,-4.050526310248157,-0.9279398234010284,TIME_LIMIT,210627,0,0,33,0
2,12,2.700801e6,-4.050526310248157,-0.9279398234010284,TIME_LIMIT,210668,0,0,23,0
2,12,2.701334e6,-4.050368673491481,-0.9279398234010284,TIME_LIMIT,210717,0,0,37,0
2,12,2.701859e6,-4.050368673491481,-0.9279398234010284,TIME_LIMIT,210745,0,0,33,0
2,12,2.70239e6,-4.050321982550084,-0.9279398234010284,TIME_LIMIT,210790,0,0,22,0
2,12,2.702908e6,-4.050321982550084,-0.9279398234010284,TIME_LIMIT,210819,0,0,23,0
2,12,2.703425e6,-4.050215522533416,-0.9279398234010284,TIME_LIMIT,210862,0,0,22,0
2,12,2.703952e6,-4.050215522533416,-0.9279398234010284,TIME_LIMIT,210894,0,0,35,0
2,12,2.704465e6,-4.050005679337254,-0.9279398234010284,TIME_LIMIT,210942,0,0,28,0
2,12,2.704994e6,-4.050005679337254,-0.9279398234010284,TIME_LIMIT,210975,0,0,37,0
2,12,2.705509e6,-4.050005679337254,-0.9279398234010284,TIME_LIMIT,211020,0,0,30,0
2,12,2.706037e6,-4.050005679337254,-0.9279398234010284,TIME_LIMIT,211048,0,0,39,0
2,12,2.706556e6,-4.050005679337254,-0.9279398234010284,TIME_LIMIT,211098,0,0,15,0
2,12,2.707084e6,-4.050005679337254,-0.9279398234010284,TIME_LIMIT,211130,0,0,41,0
2,12,2.707601e6,-4.0499448711003225,-0.9279398234010284,TIME_LIMIT,211174,0,0,21,0
2,12,2.708131e6,-4.0499448711003225,-0.9279398234010284,TIME_LIMIT,211208,0,0,37,0
2,12,2.708646e6,-4.0499448711003225,-0.9279398234010284,TIME_LIMIT,211255,0,0,26,0
2,12,2.709174e6,-4.0499448711003225,-0.9279398234010284,TIME_LIMIT,211283,0,0,40,0
2,12,2.709689e6,-4.049872481148228,-0.9279398234010284,TIME_LIMIT,211334,0,0,17,0
2,12,2.710217e6,-4.049872481148228,-0.9279398234010284,TIME_LIMIT,211368,0,0,37,0
2,12,2.710732e6,-4.04940417566918,-0.9279398234010284,TIME_LIMIT,211420,0,0,30,0
2,12,2.711258e6,-4.04940417566918,-0.9279398234010284,TIME_LIMIT,211450,0,0,35,0
2,12,2.711772e6,-4.049045751171631,-0.9279398234010284,TIME_LIMIT,211506,0,0,29,0
2,12,2.712307e6,-4.049045751171631,-0.9279398234010284,TIME_LIMIT,211539,0,0,39,0
2,12,2.712826e6,-4.048807015304426,-0.9279398234010284,TIME_LIMIT,211586,0,0,30,0
2,12,2.713357e6,-4.048807015304426,-0.9279398234010284,TIME_LIMIT,211613,0,0,33,0
2,12,2.713873e6,-4.048712853532939,-0.9279398234010284,TIME_LIMIT,211673,0,0,31,0
2,12,2.714399e6,-4.048712853532939,-0.9279398234010284,TIME_LIMIT,211703,0,0,36,0
2,12,2.714914e6,-4.048712853532939,-0.9279398234010284,TIME_LIMIT,211755,0,0,28,0
2,12,2.71544e6,-4.048712853532939,-0.9279398234010284,TIME_LIMIT,211790,0,0,38,0
2,12,2.715955e6,-4.048677289605118,-0.9279398234010284,TIME_LIMIT,211833,0,0,17,0
2,12,2.716475e6,-4.048677289605118,-0.9279398234010284,TIME_LIMIT,211867,0,0,44,0
2,12,2.717004e6,-4.0486720765755,-0.9279398234010284,TIME_LIMIT,211914,0,0,21,0
2,12,2.717524e6,-4.0486720765755,-0.9279398234010284,TIME_LIMIT,211947,0,0,37,0
2,12,2.718057e6,-4.0486720765755,-0.9279398234010284,TIME_LIMIT,212002,0,0,36,0
2,12,2.718578e6,-4.0486720765755,-0.9279398234010284,TIME_LIMIT,212029,0,0,40,0
2,12,2.719111e6,-4.048561156105717,-0.9279398234010284,TIME_LIMIT,212081,0,0,27,0
2,12,2.719629e6,-4.048561156105717,-0.9279398234010284,TIME_LIMIT,212109,0,0,37,0
2,12,2.720194e6,-4.048404942799067,-0.9279398234010284,TIME_LIMIT,212162,0,0,35,0
2,12,2.720715e6,-4.048404942799067,-0.9279398234010284,TIME_LIMIT,212193,0,0,36,0
2,12,2.721247e6,-4.048347039591424,-0.9279398234010284,TIME_LIMIT,212246,0,0,34,0
2,12,2.721767e6,-4.048347039591424,-0.9279398234010284,TIME_LIMIT,212275,0,0,25,0
2,12,2.7223e6,-4.048336786671267,-0.9279398234010284,TIME_LIMIT,212323,0,0,18,0
2,12,2.722824e6,-4.048336786671267,-0.9279398234010284,TIME_LIMIT,212360,0,0,35,0
2,12,2.723354e6,-4.048336786671267,-0.9279398234010284,TIME_LIMIT,212408,0,0,29,0
2,12,2.723875e6,-4.048336786671267,-0.9279398234010284,TIME_LIMIT,212445,0,0,17,0
2,12,2.724404e6,-4.048336786671267,-0.9279398234010284,TIME_LIMIT,212493,0,0,28,0
2,12,2.724923e6,-4.048336786671267,-0.9279398234010284,TIME_LIMIT,212528,0,0,38,0
2,12,2.725453e6,-4.048112415694226,-0.9279398234010284,TIME_LIMIT,212580,0,0,30,0
2,12,2.725973e6,-4.048112415694226,-0.9279398234010284,TIME_LIMIT,212618,0,0,46,0
2,12,2.726529e6,-4.047946960515073,-0.9279398234010284,TIME_LIMIT,212669,0,0,19,0
2,12,2.72706e6,-4.047946960515073,-0.9279398234010284,TIME_LIMIT,212695,0,0,31,0
2,12,2.727577e6,-4.047802086398429,-0.9279398234010284,TIME_LIMIT,212748,0,0,34,0
2,12,2.728109e6,-4.047802086398429,-0.9279398234010284,TIME_LIMIT,212789,0,0,15,0
2,12,2.72863e6,-4.047802086398429,-0.9279398234010284,TIME_LIMIT,212822,0,0,34,0
2,12,2.72916e6,-4.047802086398429,-0.9279398234010284,TIME_LIMIT,212862,0,0,31,0
2,12,2.729676e6,-4.047781380377533,-0.9279398234010284,TIME_LIMIT,212894,0,0,30,0
2,12,2.730207e6,-4.047781380377533,-0.9279398234010284,TIME_LIMIT,212927,0,0,30,0
2,12,2.730723e6,-4.047601037504742,-0.9279398234010284,TIME_LIMIT,212978,0,0,31,0
2,12,2.731255e6,-4.047601037504742,-0.9279398234010284,TIME_LIMIT,213009,0,0,42,0
2,12,2.731772e6,-4.047586539344952,-0.9279398234010284,TIME_LIMIT,213065,0,0,24,0
2,12,2.732249e6,-4.047586539344952,-0.9279398234010284,TIME_LIMIT,213108,0,0,43,0
2,12,2.732779e6,-4.047428457265401,-0.9279398234010284,TIME_LIMIT,213164,0,0,39,0
2,12,2.733307e6,-4.047428457265401,-0.9279398234010284,TIME_LIMIT,213199,0,0,37,0
2,12,2.733839e6,-4.047336003303496,-0.9279398234010284,TIME_LIMIT,213250,0,0,25,0
2,12,2.734361e6,-4.047336003303496,-0.9279398234010284,TIME_LIMIT,213289,0,0,44,0
2,12,2.734887e6,-4.047277506975448,-0.9279398234010284,TIME_LIMIT,213336,0,0,32,0
2,12,2.735426e6,-4.047277506975448,-0.9279398234010284,TIME_LIMIT,213370,0,0,41,0
2,12,2.735952e6,-4.047172251890662,-0.9279398234010284,TIME_LIMIT,213426,0,0,39,0
2,12,2.736491e6,-4.047172251890662,-0.9279398234010284,TIME_LIMIT,213467,0,0,32,0
2,12,2.737015e6,-4.04704826874161,-0.9279398234010284,TIME_LIMIT,213501,0,0,22,0
2,12,2.737556e6,-4.04704826874161,-0.9279398234010284,TIME_LIMIT,213530,0,0,21,0
2,12,2.738081e6,-4.04704826874161,-0.9279398234010284,TIME_LIMIT,213580,0,0,28,0
2,12,2.738616e6,-4.04704826874161,-0.9279398234010284,TIME_LIMIT,213622,0,0,35,0
2,12,2.739141e6,-4.04704826874161,-0.9279398234010284,TIME_LIMIT,213668,0,0,30,0
2,12,2.739677e6,-4.04704826874161,-0.9279398234010284,TIME_LIMIT,213699,0,0,40,0
2,12,2.740204e6,-4.046750960263433,-0.9279398234010284,TIME_LIMIT,213749,0,0,27,0
2,12,2.740741e6,-4.046750960263433,-0.9279398234010284,TIME_LIMIT,213787,0,0,32,0
2,12,2.741269e6,-4.046562008297477,-0.9279398234010284,TIME_LIMIT,213842,0,0,13,0
2,12,2.741795e6,-4.046562008297477,-0.9279398234010284,TIME_LIMIT,213874,0,0,37,0
2,12,2.742331e6,-4.046450258254451,-0.9279398234010284,TIME_LIMIT,213912,0,0,34,0
2,12,2.742855e6,-4.046450258254451,-0.9279398234010284,TIME_LIMIT,213949,0,0,29,0
2,12,2.743388e6,-4.046450258254451,-0.9279398234010284,TIME_LIMIT,214009,0,0,17,0
2,12,2.743909e6,-4.046450258254451,-0.9279398234010284,TIME_LIMIT,214052,0,0,40,0
2,12,2.744442e6,-4.046450258254451,-0.9279398234010284,TIME_LIMIT,214092,0,0,21,0
2,12,2.744963e6,-4.046450258254451,-0.9279398234010284,TIME_LIMIT,214126,0,0,41,0
2,12,2.745497e6,-4.046426980006457,-0.9279398234010284,TIME_LIMIT,214184,0,0,43,0
2,12,2.746018e6,-4.046426980006457,-0.9279398234010284,TIME_LIMIT,214207,0,0,30,0
2,12,2.746549e6,-4.046366908244952,-0.9279398234010284,TIME_LIMIT,214253,0,0,22,0
2,12,2.747068e6,-4.046366908244952,-0.9279398234010284,TIME_LIMIT,214288,0,0,26,0
2,12,2.747584e6,-4.046366908244952,-0.9279398234010284,TIME_LIMIT,214335,0,0,29,0
2,12,2.748114e6,-4.046366908244952,-0.9279398234010284,TIME_LIMIT,214375,0,0,36,0
2,12,2.748629e6,-4.046366908244952,-0.9279398234010284,TIME_LIMIT,214412,0,0,40,0
2,12,2.749159e6,-4.046366908244952,-0.9279398234010284,TIME_LIMIT,214447,0,0,40,0
2,12,2.749674e6,-4.046366908244952,-0.9279398234010284,TIME_LIMIT,214499,0,0,18,0
2,12,2.750203e6,-4.046366908244952,-0.9279398234010284,TIME_LIMIT,214529,0,0,44,0
2,12,2.750721e6,-4.046298109382674,-0.9279398234010284,TIME_LIMIT,214581,0,0,19,0
2,12,2.751249e6,-4.046298109382674,-0.9279398234010284,TIME_LIMIT,214612,0,0,40,0
2,12,2.751763e6,-4.046295081818609,-0.9279398234010284,TIME_LIMIT,214662,0,0,30,0
2,12,2.752294e6,-4.046295081818609,-0.9279398234010284,TIME_LIMIT,214690,0,0,32,0
2,12,2.752813e6,-4.04621025762306,-0.9279398234010284,TIME_LIMIT,214741,0,0,32,0
2,12,2.753332e6,-4.04621025762306,-0.9279398234010284,TIME_LIMIT,214773,0,0,45,0
2,12,2.753862e6,-4.045992135835746,-0.9279398234010284,TIME_LIMIT,214827,0,0,35,0
2,12,2.75438e6,-4.045992135835746,-0.9279398234010284,TIME_LIMIT,214860,0,0,44,0
2,12,2.754913e6,-4.045992135835746,-0.9279398234010284,TIME_LIMIT,214912,0,0,31,0
2,12,2.755431e6,-4.045992135835746,-0.9279398234010284,TIME_LIMIT,214942,0,0,38,0
2,12,2.755959e6,-4.045821934738973,-0.9279398234010284,TIME_LIMIT,214991,0,0,28,0
2,12,2.756482e6,-4.045821934738973,-0.9279398234010284,TIME_LIMIT,215021,0,0,22,0
2,12,2.757011e6,-4.045821934738973,-0.9279398234010284,TIME_LIMIT,215073,0,0,36,0
2,12,2.757529e6,-4.045821934738973,-0.9279398234010284,TIME_LIMIT,215116,0,0,38,0
2,12,2.758062e6,-4.045821934738973,-0.9279398234010284,TIME_LIMIT,215154,0,0,14,0
2,12,2.758583e6,-4.045821934738973,-0.9279398234010284,TIME_LIMIT,215196,0,0,34,0
2,12,2.759104e6,-4.045821934738973,-0.9279398234010284,TIME_LIMIT,215236,0,0,32,0
2,12,2.759636e6,-4.045821934738973,-0.9279398234010284,TIME_LIMIT,215270,0,0,38,0
2,12,2.760157e6,-4.045607296920892,-0.9279398234010284,TIME_LIMIT,215322,0,0,26,0
2,12,2.760693e6,-4.045607296920892,-0.9279398234010284,TIME_LIMIT,215355,0,0,36,0
2,12,2.761214e6,-4.04558588088825,-0.9279398234010284,TIME_LIMIT,215405,0,0,17,0
2,12,2.761748e6,-4.04558588088825,-0.9279398234010284,TIME_LIMIT,215435,0,0,37,0
2,12,2.762268e6,-4.04558588088825,-0.9279398234010284,TIME_LIMIT,215485,0,0,29,0
2,12,2.762799e6,-4.04558588088825,-0.9279398234010284,TIME_LIMIT,215513,0,0,26,0
2,12,2.763322e6,-4.045494713395561,-0.9279398234010284,TIME_LIMIT,215562,0,0,28,0
2,12,2.763852e6,-4.045494713395561,-0.9279398234010284,TIME_LIMIT,215599,0,0,34,0
2,12,2.764373e6,-4.045435785743459,-0.9279398234010284,TIME_LIMIT,215646,0,0,36,0
2,12,2.764891e6,-4.045435785743459,-0.9279398234010284,TIME_LIMIT,215674,0,0,35,0
2,12,2.765422e6,-4.045435785743459,-0.9279398234010284,TIME_LIMIT,215724,0,0,25,0
2,12,2.765942e6,-4.045435785743459,-0.9279398234010284,TIME_LIMIT,215758,0,0,34,0
2,12,2.766502e6,-4.045435785743459,-0.9279398234010284,TIME_LIMIT,215808,0,0,29,0
2,12,2.767024e6,-4.045435785743459,-0.9279398234010284,TIME_LIMIT,215836,0,0,31,0
2,12,2.767553e6,-4.045293347858421,-0.9279398234010284,TIME_LIMIT,215886,0,0,18,0
2,12,2.768073e6,-4.045293347858421,-0.9279398234010284,TIME_LIMIT,215918,0,0,37,0
2,12,2.768606e6,-4.045293347858421,-0.9279398234010284,TIME_LIMIT,215974,0,0,33,0
2,12,2.769128e6,-4.045293347858421,-0.9279398234010284,TIME_LIMIT,216011,0,0,42,0
2,12,2.769646e6,-4.045087233885864,-0.9279398234010284,TIME_LIMIT,216063,0,0,30,0
2,12,2.770174e6,-4.045087233885864,-0.9279398234010284,TIME_LIMIT,216098,0,0,44,0
2,12,2.770692e6,-4.045067915183678,-0.9279398234010284,TIME_LIMIT,216153,0,0,35,0
2,12,2.771222e6,-4.045067915183678,-0.9279398234010284,TIME_LIMIT,216195,0,0,15,0
2,12,2.77174e6,-4.044999078748083,-0.9279398234010284,TIME_LIMIT,216242,0,0,23,0
2,12,2.772268e6,-4.044999078748083,-0.9279398234010284,TIME_LIMIT,216280,0,0,24,0
2,12,2.772785e6,-4.044919341016236,-0.9279398234010284,TIME_LIMIT,216315,0,0,34,0
2,12,2.773336e6,-4.044919341016236,-0.9279398234010284,TIME_LIMIT,216345,0,0,32,0
2,12,2.773866e6,-4.044887238990926,-0.9279398234010284,TIME_LIMIT,216393,0,0,28,0
2,12,2.774383e6,-4.044887238990926,-0.9279398234010284,TIME_LIMIT,216428,0,0,40,0
2,12,2.774913e6,-4.044811446353783,-0.9279398234010284,TIME_LIMIT,216479,0,0,32,0
2,12,2.775435e6,-4.044811446353783,-0.9279398234010284,TIME_LIMIT,216514,0,0,36,0
2,12,2.775968e6,-4.044811446353783,-0.9279398234010284,TIME_LIMIT,216564,0,0,30,0
2,12,2.776488e6,-4.044811446353783,-0.9279398234010284,TIME_LIMIT,216599,0,0,40,0
2,12,2.777022e6,-4.044811446353783,-0.9279398234010284,TIME_LIMIT,216646,0,0,28,0
2,12,2.777546e6,-4.044811446353783,-0.9279398234010284,TIME_LIMIT,216683,0,0,43,0
2,12,2.778065e6,-4.044811446353783,-0.9279398234010284,TIME_LIMIT,216733,0,0,24,0
2,12,2.778597e6,-4.044811446353783,-0.9279398234010284,TIME_LIMIT,216769,0,0,21,0
2,12,2.779119e6,-4.044057021149683,-0.9279398234010284,TIME_LIMIT,216824,0,0,36,0
2,12,2.779653e6,-4.044057021149683,-0.9279398234010284,TIME_LIMIT,216854,0,0,33,0
2,12,2.78018e6,-4.043973875056314,-0.9279398234010284,TIME_LIMIT,216912,0,0,18,0
2,12,2.780712e6,-4.043973875056314,-0.9279398234010284,TIME_LIMIT,216938,0,0,40,0
2,12,2.781232e6,-4.043926918866334,-0.9279398234010284,TIME_LIMIT,216983,0,0,30,0
2,12,2.781752e6,-4.043926918866334,-0.9279398234010284,TIME_LIMIT,217020,0,0,31,0
2,12,2.782287e6,-4.043715136339852,-0.9279398234010284,TIME_LIMIT,217060,0,0,36,0
2,12,2.782809e6,-4.043715136339852,-0.9279398234010284,TIME_LIMIT,217094,0,0,21,0
2,12,2.783342e6,-4.043715136339852,-0.9279398234010284,TIME_LIMIT,217145,0,0,15,0
2,12,2.783863e6,-4.043715136339852,-0.9279398234010284,TIME_LIMIT,217184,0,0,33,0
2,12,2.784394e6,-4.043715136339852,-0.9279398234010284,TIME_LIMIT,217225,0,0,31,0
2,12,2.784915e6,-4.043715136339852,-0.9279398234010284,TIME_LIMIT,217260,0,0,30,0
2,12,2.785436e6,-4.043715136339852,-0.9279398234010284,TIME_LIMIT,217301,0,0,29,0
2,12,2.785967e6,-4.043715136339852,-0.9279398234010284,TIME_LIMIT,217334,0,0,34,0
2,12,2.786485e6,-4.043715136339852,-0.9279398234010284,TIME_LIMIT,217383,0,0,28,0
2,12,2.787015e6,-4.043715136339852,-0.9279398234010284,TIME_LIMIT,217409,0,0,39,0
2,12,2.78753e6,-4.042956938051424,-0.9279398234010284,TIME_LIMIT,217455,0,0,18,0
2,12,2.788058e6,-4.042956938051424,-0.9279398234010284,TIME_LIMIT,217490,0,0,36,0
2,12,2.788572e6,-4.042789806339458,-0.9279398234010284,TIME_LIMIT,217538,0,0,27,0
2,12,2.789103e6,-4.042789806339458,-0.9279398234010284,TIME_LIMIT,217569,0,0,38,0
2,12,2.789624e6,-4.042789806339458,-0.9279398234010284,TIME_LIMIT,217614,0,0,28,0
2,12,2.790142e6,-4.042789806339458,-0.9279398234010284,TIME_LIMIT,217645,0,0,30,0
2,12,2.790671e6,-4.0424558830366335,-0.9279398234010284,TIME_LIMIT,217691,0,0,25,0
2,12,2.791195e6,-4.0424558830366335,-0.9279398234010284,TIME_LIMIT,217718,0,0,33,0
2,12,2.791728e6,-4.0424558830366335,-0.9279398234010284,TIME_LIMIT,217772,0,0,16,0
2,12,2.792249e6,-4.0424558830366335,-0.9279398234010284,TIME_LIMIT,217815,0,0,33,0
2,12,2.792782e6,-4.0424394184587245,-0.9279398234010284,TIME_LIMIT,217848,0,0,36,0
2,12,2.793314e6,-4.0424394184587245,-0.9279398234010284,TIME_LIMIT,217880,0,0,29,0
2,12,2.793841e6,-4.042234172581905,-0.9279398234010284,TIME_LIMIT,217932,0,0,13,0
2,12,2.794376e6,-4.042234172581905,-0.9279398234010284,TIME_LIMIT,217973,0,0,35,0
2,12,2.794901e6,-4.042075017660044,-0.9279398234010284,TIME_LIMIT,218013,0,0,23,0
2,12,2.795438e6,-4.042075017660044,-0.9279398234010284,TIME_LIMIT,218041,0,0,38,0
2,12,2.795963e6,-4.042075017660044,-0.9279398234010284,TIME_LIMIT,218096,0,0,31,0
2,12,2.7965e6,-4.042075017660044,-0.9279398234010284,TIME_LIMIT,218125,0,0,36,0
2,12,2.797024e6,-4.041999480902643,-0.9279398234010284,TIME_LIMIT,218174,0,0,30,0
2,12,2.797551e6,-4.041999480902643,-0.9279398234010284,TIME_LIMIT,218212,0,0,41,0
2,12,2.798086e6,-4.041921206783178,-0.9279398234010284,TIME_LIMIT,218266,0,0,37,0
2,12,2.798609e6,-4.041921206783178,-0.9279398234010284,TIME_LIMIT,218293,0,0,29,0
2,12,2.799147e6,-4.041629446526153,-0.9279398234010284,TIME_LIMIT,218341,0,0,29,0
2,12,2.799672e6,-4.041629446526153,-0.9279398234010284,TIME_LIMIT,218382,0,0,54,0
2,12,2.800208e6,-4.041519252113356,-0.9279398234010284,TIME_LIMIT,218438,0,0,20,0
2,12,2.800727e6,-4.041519252113356,-0.9279398234010284,TIME_LIMIT,218469,0,0,42,0
2,12,2.801245e6,-4.041330123579598,-0.9279398234010284,TIME_LIMIT,218517,0,0,31,0
2,12,2.801779e6,-4.041330123579598,-0.9279398234010284,TIME_LIMIT,218546,0,0,25,0
2,12,2.802299e6,-4.041330123579598,-0.9279398234010284,TIME_LIMIT,218598,0,0,15,0
2,12,2.802829e6,-4.041330123579598,-0.9279398234010284,TIME_LIMIT,218629,0,0,30,0
2,12,2.803351e6,-4.041330123579598,-0.9279398234010284,TIME_LIMIT,218675,0,0,26,0
2,12,2.803875e6,-4.041330123579598,-0.9279398234010284,TIME_LIMIT,218713,0,0,25,0
2,12,2.804403e6,-4.0412873087487355,-0.9279398234010284,TIME_LIMIT,218744,0,0,27,0
2,12,2.804919e6,-4.0412873087487355,-0.9279398234010284,TIME_LIMIT,218775,0,0,42,0
2,12,2.805447e6,-4.0412823339319255,-0.9279398234010284,TIME_LIMIT,218819,0,0,13,0
2,12,2.805966e6,-4.0412823339319255,-0.9279398234010284,TIME_LIMIT,218848,0,0,26,0
2,12,2.806497e6,-4.041151849123665,-0.9279398234010284,TIME_LIMIT,218896,0,0,23,0
2,12,2.807016e6,-4.041151849123665,-0.9279398234010284,TIME_LIMIT,218928,0,0,23,0
2,12,2.807533e6,-4.041151849123665,-0.9279398234010284,TIME_LIMIT,218982,0,0,37,0
2,12,2.808061e6,-4.041151849123665,-0.9279398234010284,TIME_LIMIT,219020,0,0,32,0
2,12,2.808578e6,-4.041151849123665,-0.9279398234010284,TIME_LIMIT,219060,0,0,37,0
2,12,2.809105e6,-4.041151849123665,-0.9279398234010284,TIME_LIMIT,219096,0,0,46,0
2,12,2.809621e6,-4.041151849123665,-0.9279398234010284,TIME_LIMIT,219143,0,0,32,0
2,12,2.810149e6,-4.041151849123665,-0.9279398234010284,TIME_LIMIT,219172,0,0,52,0
2,12,2.810667e6,-4.040964386808049,-0.9279398234010284,TIME_LIMIT,219225,0,0,31,0
2,12,2.81118e6,-4.040964386808049,-0.9279398234010284,TIME_LIMIT,219247,0,0,25,0
2,12,2.811706e6,-4.040964386808049,-0.9279398234010284,TIME_LIMIT,219297,0,0,29,0
2,12,2.812222e6,-4.040964386808049,-0.9279398234010284,TIME_LIMIT,219326,0,0,33,0
2,12,2.812747e6,-4.040964386808049,-0.9279398234010284,TIME_LIMIT,219370,0,0,27,0
2,12,2.813262e6,-4.040964386808049,-0.9279398234010284,TIME_LIMIT,219399,0,0,20,0
2,12,2.813774e6,-4.040954389236457,-0.9279398234010284,TIME_LIMIT,219450,0,0,29,0
2,12,2.814301e6,-4.040954389236457,-0.9279398234010284,TIME_LIMIT,219488,0,0,42,0
2,12,2.814816e6,-4.04086023921274,-0.9279398234010284,TIME_LIMIT,219538,0,0,28,0
2,12,2.815344e6,-4.04086023921274,-0.9279398234010284,TIME_LIMIT,219571,0,0,13,0
2,12,2.815862e6,-4.040689682744893,-0.9279398234010284,TIME_LIMIT,219621,0,0,28,0
2,12,2.816386e6,-4.040689682744893,-0.9279398234010284,TIME_LIMIT,219657,0,0,37,0
2,12,2.816921e6,-4.040485013389273,-0.9279398234010284,TIME_LIMIT,219701,0,0,28,0
2,12,2.81745e6,-4.040485013389273,-0.9279398234010284,TIME_LIMIT,219734,0,0,23,0
2,12,2.817983e6,-4.040435335450095,-0.9279398234010284,TIME_LIMIT,219782,0,0,34,0
2,12,2.818504e6,-4.040435335450095,-0.9279398234010284,TIME_LIMIT,219819,0,0,31,0
2,12,2.819033e6,-4.040435335450095,-0.9279398234010284,TIME_LIMIT,219855,0,0,24,0
2,12,2.819551e6,-4.040435335450095,-0.9279398234010284,TIME_LIMIT,219877,0,0,34,0
2,12,2.820098e6,-4.040394239313812,-0.9279398234010284,TIME_LIMIT,219920,0,0,24,0
2,12,2.820629e6,-4.040394239313812,-0.9279398234010284,TIME_LIMIT,219952,0,0,32,0
2,12,2.821146e6,-4.040387854388325,-0.9279398234010284,TIME_LIMIT,220003,0,0,32,0
2,12,2.821679e6,-4.040387854388325,-0.9279398234010284,TIME_LIMIT,220035,0,0,27,0
2,12,2.822196e6,-4.040387854388325,-0.9279398234010284,TIME_LIMIT,220096,0,0,18,0
2,12,2.822711e6,-4.040387854388325,-0.9279398234010284,TIME_LIMIT,220139,0,0,34,0
2,12,2.82324e6,-4.040387854388325,-0.9279398234010284,TIME_LIMIT,220180,0,0,33,0
2,12,2.823759e6,-4.040387854388325,-0.9279398234010284,TIME_LIMIT,220215,0,0,44,0
2,12,2.824288e6,-4.040387854388325,-0.9279398234010284,TIME_LIMIT,220261,0,0,31,0
2,12,2.824808e6,-4.040387854388325,-0.9279398234010284,TIME_LIMIT,220294,0,0,41,0
2,12,2.825322e6,-4.040387854388325,-0.9279398234010284,TIME_LIMIT,220349,0,0,29,0
2,12,2.825851e6,-4.040387854388325,-0.9279398234010284,TIME_LIMIT,220375,0,0,40,0
2,12,2.826368e6,-4.040372108109783,-0.9279398234010284,TIME_LIMIT,220426,0,0,33,0
2,12,2.826934e6,-4.040372108109783,-0.9279398234010284,TIME_LIMIT,220454,0,0,35,0
2,12,2.827458e6,-4.040365224869133,-0.9279398234010284,TIME_LIMIT,220501,0,0,26,0
2,12,2.827971e6,-4.040365224869133,-0.9279398234010284,TIME_LIMIT,220536,0,0,36,0
2,12,2.828496e6,-4.040335404420444,-0.9279398234010284,TIME_LIMIT,220590,0,0,17,0
2,12,2.829011e6,-4.040335404420444,-0.9279398234010284,TIME_LIMIT,220622,0,0,43,0
2,12,2.829536e6,-4.040335404420444,-0.9279398234010284,TIME_LIMIT,220669,0,0,30,0
2,12,2.830051e6,-4.040335404420444,-0.9279398234010284,TIME_LIMIT,220704,0,0,51,0
2,12,2.830567e6,-4.040335404420444,-0.9279398234010284,TIME_LIMIT,220753,0,0,35,0
2,12,2.831097e6,-4.040335404420444,-0.9279398234010284,TIME_LIMIT,220782,0,0,52,0
2,12,2.831609e6,-4.040335404420444,-0.9279398234010284,TIME_LIMIT,220836,0,0,18,0
2,12,2.832136e6,-4.040335404420444,-0.9279398234010284,TIME_LIMIT,220865,0,0,49,0
2,12,2.83265e6,-4.040335404420444,-0.9279398234010284,TIME_LIMIT,220916,0,0,32,0
2,12,2.833169e6,-4.040335404420444,-0.9279398234010284,TIME_LIMIT,220954,0,0,34,0
2,12,2.833699e6,-4.040335404420444,-0.9279398234010284,TIME_LIMIT,220996,0,0,36,0
2,12,2.834226e6,-4.040335404420444,-0.9279398234010284,TIME_LIMIT,221033,0,0,43,0
2,12,2.834759e6,-4.03976980295708,-0.9279398234010284,TIME_LIMIT,221084,0,0,35,0
2,12,2.835275e6,-4.03976980295708,-0.9279398234010284,TIME_LIMIT,221115,0,0,40,0
2,12,2.835791e6,-4.03976980295708,-0.9279398234010284,TIME_LIMIT,221173,0,0,35,0
2,12,2.836321e6,-4.03976980295708,-0.9279398234010284,TIME_LIMIT,221210,0,0,44,0
2,12,2.836843e6,-4.03976980295708,-0.9279398234010284,TIME_LIMIT,221264,0,0,29,0
2,12,2.837374e6,-4.03976980295708,-0.9279398234010284,TIME_LIMIT,221296,0,0,39,0
2,12,2.837897e6,-4.03976980295708,-0.9279398234010284,TIME_LIMIT,221351,0,0,17,0
2,12,2.838413e6,-4.03976980295708,-0.9279398234010284,TIME_LIMIT,221381,0,0,46,0
2,12,2.838941e6,-4.03976980295708,-0.9279398234010284,TIME_LIMIT,221434,0,0,32,0
2,12,2.839458e6,-4.03976980295708,-0.9279398234010284,TIME_LIMIT,221474,0,0,32,0
2,12,2.839984e6,-4.03976980295708,-0.9279398234010284,TIME_LIMIT,221528,0,0,32,0
2,12,2.840499e6,-4.03976980295708,-0.9279398234010284,TIME_LIMIT,221559,0,0,45,0
2,12,2.841015e6,-4.03976980295708,-0.9279398234010284,TIME_LIMIT,221614,0,0,28,0
2,12,2.841543e6,-4.03976980295708,-0.9279398234010284,TIME_LIMIT,221652,0,0,35,0
2,12,2.842057e6,-4.03976980295708,-0.9279398234010284,TIME_LIMIT,221702,0,0,29,0
2,12,2.842589e6,-4.03976980295708,-0.9279398234010284,TIME_LIMIT,221745,0,0,41,0
2,12,2.843105e6,-4.03976980295708,-0.9279398234010284,TIME_LIMIT,221792,0,0,13,0
2,12,2.84362e6,-4.03976980295708,-0.9279398234010284,TIME_LIMIT,221820,0,0,32,0
2,12,2.844145e6,-4.03976980295708,-0.9279398234010284,TIME_LIMIT,221873,0,0,18,0
2,12,2.84466e6,-4.03976980295708,-0.9279398234010284,TIME_LIMIT,221907,0,0,36,0
2,12,2.845174e6,-4.03976980295708,-0.9279398234010284,TIME_LIMIT,221962,0,0,26,0
2,12,2.845705e6,-4.03976980295708,-0.9279398234010284,TIME_LIMIT,222000,0,0,40,0
2,12,2.846217e6,-4.03976980295708,-0.9279398234010284,TIME_LIMIT,222036,0,0,21,0
2,12,2.846746e6,-4.03976980295708,-0.9279398234010284,TIME_LIMIT,222075,0,0,32,0
2,12,2.847265e6,-4.039754321158429,-0.9279398234010284,TIME_LIMIT,222121,0,0,28,0
2,12,2.84779e6,-4.039754321158429,-0.9279398234010284,TIME_LIMIT,222155,0,0,36,0
2,12,2.848314e6,-4.039754321158429,-0.9279398234010284,TIME_LIMIT,222206,0,0,25,0
2,12,2.848824e6,-4.039754321158429,-0.9279398234010284,TIME_LIMIT,222234,0,0,35,0
2,12,2.849347e6,-4.039754321158429,-0.9279398234010284,TIME_LIMIT,222287,0,0,35,0
2,12,2.849858e6,-4.039754321158429,-0.9279398234010284,TIME_LIMIT,222316,0,0,34,0
2,12,2.85037e6,-4.039754321158429,-0.9279398234010284,TIME_LIMIT,222366,0,0,19,0
2,12,2.850899e6,-4.039754321158429,-0.9279398234010284,TIME_LIMIT,222410,0,0,37,0
2,12,2.851417e6,-4.039754321158429,-0.9279398234010284,TIME_LIMIT,222451,0,0,34,0
2,12,2.851932e6,-4.039754321158429,-0.9279398234010284,TIME_LIMIT,222484,0,0,43,0
2,12,2.852458e6,-4.039703373783912,-0.9279398234010284,TIME_LIMIT,222531,0,0,24,0
2,12,2.852978e6,-4.039703373783912,-0.9279398234010284,TIME_LIMIT,222562,0,0,38,0
2,12,2.853508e6,-4.039586555665878,-0.9279398234010284,TIME_LIMIT,222614,0,0,31,0
2,12,2.854025e6,-4.039586555665878,-0.9279398234010284,TIME_LIMIT,222648,0,0,44,0
2,12,2.85454e6,-4.039586555665878,-0.9279398234010284,TIME_LIMIT,222699,0,0,26,0
2,12,2.855075e6,-4.039586555665878,-0.9279398234010284,TIME_LIMIT,222728,0,0,27,0
2,12,2.855594e6,-4.039586555665878,-0.9279398234010284,TIME_LIMIT,222780,0,0,27,0
2,12,2.856122e6,-4.039586555665878,-0.9279398234010284,TIME_LIMIT,222815,0,0,40,0
2,12,2.856639e6,-4.039586555665878,-0.9279398234010284,TIME_LIMIT,222866,0,0,17,0
2,12,2.857158e6,-4.039586555665878,-0.9279398234010284,TIME_LIMIT,222900,0,0,33,0
2,12,2.857693e6,-4.0394385529928005,-0.9279398234010284,TIME_LIMIT,222941,0,0,21,0
2,12,2.858221e6,-4.0394385529928005,-0.9279398234010284,TIME_LIMIT,222980,0,0,34,0
2,12,2.85874e6,-4.0394385529928005,-0.9279398234010284,TIME_LIMIT,223024,0,0,29,0
2,12,2.859276e6,-4.0394385529928005,-0.9279398234010284,TIME_LIMIT,223054,0,0,37,0
2,12,2.859795e6,-4.0394385529928005,-0.9279398234010284,TIME_LIMIT,223100,0,0,31,0
2,12,2.860328e6,-4.0394385529928005,-0.9279398234010284,TIME_LIMIT,223129,0,0,30,0
2,12,2.860845e6,-4.039099900516434,-0.9279398234010284,TIME_LIMIT,223181,0,0,35,0
2,12,2.861364e6,-4.039099900516434,-0.9279398234010284,TIME_LIMIT,223211,0,0,27,0
2,12,2.861892e6,-4.039063404366993,-0.9279398234010284,TIME_LIMIT,223260,0,0,34,0
2,12,2.862408e6,-4.039063404366993,-0.9279398234010284,TIME_LIMIT,223291,0,0,41,0
2,12,2.862922e6,-4.038920077064484,-0.9279398234010284,TIME_LIMIT,223342,0,0,31,0
2,12,2.863448e6,-4.038920077064484,-0.9279398234010284,TIME_LIMIT,223380,0,0,34,0
2,12,2.863964e6,-4.038535162843656,-0.9279398234010284,TIME_LIMIT,223415,0,0,42,0
2,12,2.864493e6,-4.038535162843656,-0.9279398234010284,TIME_LIMIT,223456,0,0,58,0
2,12,2.865008e6,-4.038514646102785,-0.9279398234010284,TIME_LIMIT,223513,0,0,39,0
2,12,2.865524e6,-4.038514646102785,-0.9279398234010284,TIME_LIMIT,223540,0,0,19,0
2,12,2.866049e6,-4.038231158065564,-0.9279398234010284,TIME_LIMIT,223590,0,0,32,0
2,12,2.866536e6,-4.038231158065564,-0.9279398234010284,TIME_LIMIT,223623,0,0,34,0
2,12,2.866915e6,-4.038231158065564,-0.9279398234010284,TIME_LIMIT,223671,0,0,27,0
2,12,2.867124e6,-4.038231158065564,-0.9279398234010284,TIME_LIMIT,223701,0,0,22,0
2,12,2.867551e6,-4.038229867995907,-0.9279398234010284,TIME_LIMIT,223753,0,0,13,0
2,12,2.868076e6,-4.038229867995907,-0.9279398234010284,TIME_LIMIT,223791,0,0,45,0
2,12,2.86859e6,-4.038229166453384,-0.9279398234010284,TIME_LIMIT,223841,0,0,30,0
2,12,2.86911e6,-4.038229166453384,-0.9279398234010284,TIME_LIMIT,223876,0,0,38,0
2,12,2.86962e6,-4.03794746715024,-0.9279398234010284,TIME_LIMIT,223926,0,0,30,0
2,12,2.87013e6,-4.03794746715024,-0.9279398234010284,TIME_LIMIT,223959,0,0,38,0
2,12,2.870652e6,-4.03794746715024,-0.9279398234010284,TIME_LIMIT,224016,0,0,37,0
2,12,2.871161e6,-4.03794746715024,-0.9279398234010284,TIME_LIMIT,224050,0,0,23,0
2,12,2.871668e6,-4.03794746715024,-0.9279398234010284,TIME_LIMIT,224101,0,0,21,0
2,12,2.87219e6,-4.03794746715024,-0.9279398234010284,TIME_LIMIT,224134,0,0,36,0
2,12,2.872699e6,-4.03794746715024,-0.9279398234010284,TIME_LIMIT,224165,0,0,32,0
2,12,2.873226e6,-4.03794746715024,-0.9279398234010284,TIME_LIMIT,224207,0,0,35,0
2,12,2.873751e6,-4.03794746715024,-0.9279398234010284,TIME_LIMIT,224244,0,0,16,0
2,12,2.874263e6,-4.03794746715024,-0.9279398234010284,TIME_LIMIT,224274,0,0,22,0
2,12,2.874787e6,-4.03794746715024,-0.9279398234010284,TIME_LIMIT,224328,0,0,29,0
2,12,2.875301e6,-4.03794746715024,-0.9279398234010284,TIME_LIMIT,224358,0,0,39,0
2,12,2.875809e6,-4.03794746715024,-0.9279398234010284,TIME_LIMIT,224409,0,0,31,0
2,12,2.87633e6,-4.03794746715024,-0.9279398234010284,TIME_LIMIT,224449,0,0,25,0
2,12,2.876836e6,-4.03794746715024,-0.9279398234010284,TIME_LIMIT,224484,0,0,28,0
2,12,2.877347e6,-4.03794746715024,-0.9279398234010284,TIME_LIMIT,224523,0,0,46,0
2,12,2.87787e6,-4.037910451278821,-0.9279398234010284,TIME_LIMIT,224566,0,0,25,0
2,12,2.878394e6,-4.037910451278821,-0.9279398234010284,TIME_LIMIT,224593,0,0,24,0
2,12,2.878921e6,-4.0378230308028495,-0.9279398234010284,TIME_LIMIT,224644,0,0,12,0
2,12,2.879437e6,-4.0378230308028495,-0.9279398234010284,TIME_LIMIT,224672,0,0,37,0
2,12,2.879977e6,-4.0378230308028495,-0.9279398234010284,TIME_LIMIT,224724,0,0,27,0
2,12,2.880509e6,-4.0378230308028495,-0.9279398234010284,TIME_LIMIT,224754,0,0,24,0
2,12,2.881022e6,-4.0378230308028495,-0.9279398234010284,TIME_LIMIT,224806,0,0,34,0
2,12,2.881536e6,-4.0378230308028495,-0.9279398234010284,TIME_LIMIT,224843,0,0,34,0
2,12,2.882062e6,-4.037386929885885,-0.9279398234010284,TIME_LIMIT,224900,0,0,33,0
2,12,2.882576e6,-4.037386929885885,-0.9279398234010284,TIME_LIMIT,224936,0,0,35,0
2,12,2.883105e6,-4.037097811933264,-0.9279398234010284,TIME_LIMIT,224976,0,0,33,0
2,12,2.88362e6,-4.037097811933264,-0.9279398234010284,TIME_LIMIT,225008,0,0,42,0
2,12,2.884131e6,-4.037097811933264,-0.9279398234010284,TIME_LIMIT,225063,0,0,33,0
2,12,2.884658e6,-4.037097811933264,-0.9279398234010284,TIME_LIMIT,225096,0,0,37,0
2,12,2.88517e6,-4.037035547051827,-0.9279398234010284,TIME_LIMIT,225147,0,0,30,0
2,12,2.885683e6,-4.037035547051827,-0.9279398234010284,TIME_LIMIT,225185,0,0,46,0
2,12,2.88621e6,-4.036885649682196,-0.9279398234010284,TIME_LIMIT,225237,0,0,29,0
2,12,2.886734e6,-4.036885649682196,-0.9279398234010284,TIME_LIMIT,225269,0,0,40,0
2,12,2.887249e6,-4.036827341713737,-0.9279398234010284,TIME_LIMIT,225324,0,0,26,0
2,12,2.887776e6,-4.036827341713737,-0.9279398234010284,TIME_LIMIT,225371,0,0,27,0
2,12,2.888289e6,-4.036827341713737,-0.9279398234010284,TIME_LIMIT,225408,0,0,35,0
2,12,2.888808e6,-4.036827341713737,-0.9279398234010284,TIME_LIMIT,225445,0,0,40,0
2,12,2.889333e6,-4.036827341713737,-0.9279398234010284,TIME_LIMIT,225485,0,0,22,0
2,12,2.889844e6,-4.036827341713737,-0.9279398234010284,TIME_LIMIT,225510,0,0,29,0
2,12,2.890365e6,-4.036827341713737,-0.9279398234010284,TIME_LIMIT,225564,0,0,33,0
2,12,2.890873e6,-4.036827341713737,-0.9279398234010284,TIME_LIMIT,225595,0,0,35,0
2,12,2.891381e6,-4.036827341713737,-0.9279398234010284,TIME_LIMIT,225635,0,0,29,0
2,12,2.891901e6,-4.036827341713737,-0.9279398234010284,TIME_LIMIT,225664,0,0,37,0
2,12,2.892409e6,-4.036827341713737,-0.9279398234010284,TIME_LIMIT,225718,0,0,37,0
2,12,2.892918e6,-4.036827341713737,-0.9279398234010284,TIME_LIMIT,225748,0,0,38,0
2,12,2.893438e6,-4.0366662377442175,-0.9279398234010284,TIME_LIMIT,225805,0,0,36,0
2,12,2.893947e6,-4.0366662377442175,-0.9279398234010284,TIME_LIMIT,225845,0,0,48,0
2,12,2.894455e6,-4.036665131454242,-0.9279398234010284,TIME_LIMIT,225893,0,0,27,0
2,12,2.894976e6,-4.036665131454242,-0.9279398234010284,TIME_LIMIT,225920,0,0,37,0
2,12,2.895487e6,-4.036665131454242,-0.9279398234010284,TIME_LIMIT,225974,0,0,36,0
2,12,2.895997e6,-4.036665131454242,-0.9279398234010284,TIME_LIMIT,226004,0,0,36,0
2,12,2.896517e6,-4.036614633611675,-0.9279398234010284,TIME_LIMIT,226055,0,0,28,0
2,12,2.897032e6,-4.036614633611675,-0.9279398234010284,TIME_LIMIT,226088,0,0,22,0
2,12,2.897557e6,-4.036548458139361,-0.9279398234010284,TIME_LIMIT,226142,0,0,21,0
2,12,2.898071e6,-4.036548458139361,-0.9279398234010284,TIME_LIMIT,226174,0,0,37,0
2,12,2.898587e6,-4.036414485942192,-0.9279398234010284,TIME_LIMIT,226227,0,0,18,0
2,12,2.899111e6,-4.036414485942192,-0.9279398234010284,TIME_LIMIT,226267,0,0,34,0
2,12,2.89962e6,-4.036414485942192,-0.9279398234010284,TIME_LIMIT,226308,0,0,20,0
2,12,2.90013e6,-4.036414485942192,-0.9279398234010284,TIME_LIMIT,226351,0,0,40,0
2,12,2.900654e6,-4.036311156750278,-0.9279398234010284,TIME_LIMIT,226386,0,0,31,0
2,12,2.901165e6,-4.036311156750278,-0.9279398234010284,TIME_LIMIT,226417,0,0,37,0
2,12,2.901677e6,-4.036173200657428,-0.9279398234010284,TIME_LIMIT,226468,0,0,29,0
2,12,2.902208e6,-4.036173200657428,-0.9279398234010284,TIME_LIMIT,226499,0,0,42,0
2,12,2.902726e6,-4.035697465682166,-0.9279398234010284,TIME_LIMIT,226547,0,0,14,0
2,12,2.903238e6,-4.035697465682166,-0.9279398234010284,TIME_LIMIT,226587,0,0,41,0
2,12,2.903764e6,-4.035394505950563,-0.9279398234010284,TIME_LIMIT,226637,0,0,26,0
2,12,2.904284e6,-4.035394505950563,-0.9279398234010284,TIME_LIMIT,226675,0,0,33,0
2,12,2.904797e6,-4.035102953929019,-0.9279398234010284,TIME_LIMIT,226721,0,0,25,0
2,12,2.905249e6,-4.035102953929019,-0.9279398234010284,TIME_LIMIT,226754,0,0,37,0
2,12,2.905773e6,-4.03491032370696,-0.9279398234010284,TIME_LIMIT,226807,0,0,21,0
2,12,2.906283e6,-4.03491032370696,-0.9279398234010284,TIME_LIMIT,226839,0,0,36,0
2,12,2.906793e6,-4.034467378117054,-0.9279398234010284,TIME_LIMIT,226890,0,0,27,0
2,12,2.907316e6,-4.034467378117054,-0.9279398234010284,TIME_LIMIT,226922,0,0,37,0
2,12,2.907829e6,-4.034439975613541,-0.9279398234010284,TIME_LIMIT,226979,0,0,29,0
2,12,2.908339e6,-4.034439975613541,-0.9279398234010284,TIME_LIMIT,227011,0,0,37,0
2,12,2.908861e6,-4.034439975613541,-0.9279398234010284,TIME_LIMIT,227061,0,0,29,0
2,12,2.909373e6,-4.034439975613541,-0.9279398234010284,TIME_LIMIT,227098,0,0,38,0
2,12,2.909888e6,-4.034439975613541,-0.9279398234010284,TIME_LIMIT,227148,0,0,24,0
2,12,2.910413e6,-4.034439975613541,-0.9279398234010284,TIME_LIMIT,227186,0,0,21,0
2,12,2.910925e6,-4.034439975613541,-0.9279398234010284,TIME_LIMIT,227224,0,0,40,0
2,12,2.911437e6,-4.034439975613541,-0.9279398234010284,TIME_LIMIT,227254,0,0,28,0
2,12,2.911965e6,-4.03395652223298,-0.9279398234010284,TIME_LIMIT,227313,0,0,37,0
2,12,2.912479e6,-4.03395652223298,-0.9279398234010284,TIME_LIMIT,227346,0,0,37,0
2,12,2.91299e6,-4.03395652223298,-0.9279398234010284,TIME_LIMIT,227397,0,0,26,0
2,12,2.913517e6,-4.03395652223298,-0.9279398234010284,TIME_LIMIT,227431,0,0,32,0
2,12,2.914035e6,-4.03395652223298,-0.9279398234010284,TIME_LIMIT,227477,0,0,26,0
2,12,2.914551e6,-4.03395652223298,-0.9279398234010284,TIME_LIMIT,227510,0,0,19,0
2,12,2.915078e6,-4.033921975234474,-0.9279398234010284,TIME_LIMIT,227559,0,0,26,0
2,12,2.915592e6,-4.033921975234474,-0.9279398234010284,TIME_LIMIT,227594,0,0,41,0
2,12,2.916106e6,-4.0338802716504665,-0.9279398234010284,TIME_LIMIT,227637,0,0,29,0
2,12,2.916636e6,-4.0338802716504665,-0.9279398234010284,TIME_LIMIT,227672,0,0,45,0
2,12,2.917157e6,-4.0338802716504665,-0.9279398234010284,TIME_LIMIT,227729,0,0,20,0
2,12,2.917672e6,-4.0338802716504665,-0.9279398234010284,TIME_LIMIT,227774,0,0,38,0
2,12,2.918197e6,-4.033667956004267,-0.9279398234010284,TIME_LIMIT,227812,0,0,27,0
2,12,2.918714e6,-4.033667956004267,-0.9279398234010284,TIME_LIMIT,227835,0,0,31,0
2,12,2.919241e6,-4.031841919578995,-0.9279398234010284,TIME_LIMIT,227887,0,0,30,0
2,12,2.919758e6,-4.031841919578995,-0.9279398234010284,TIME_LIMIT,227915,0,0,40,0
2,12,2.92029e6,-4.031790125827997,-0.9279398234010284,TIME_LIMIT,227966,0,0,29,0
2,12,2.920816e6,-4.031790125827997,-0.9279398234010284,TIME_LIMIT,228002,0,0,27,0
2,12,2.921329e6,-4.031644140347427,-0.9279398234010284,TIME_LIMIT,228038,0,0,32,0
2,12,2.921842e6,-4.031644140347427,-0.9279398234010284,TIME_LIMIT,228075,0,0,36,0
2,12,2.922365e6,-4.031644140347427,-0.9279398234010284,TIME_LIMIT,228131,0,0,34,0
2,12,2.922874e6,-4.031644140347427,-0.9279398234010284,TIME_LIMIT,228159,0,0,35,0
2,12,2.923389e6,-4.031644140347427,-0.9279398234010284,TIME_LIMIT,228212,0,0,31,0
2,12,2.923912e6,-4.031644140347427,-0.9279398234010284,TIME_LIMIT,228245,0,0,37,0
2,12,2.924424e6,-4.031644140347427,-0.9279398234010284,TIME_LIMIT,228292,0,0,21,0
2,12,2.924939e6,-4.031644140347427,-0.9279398234010284,TIME_LIMIT,228327,0,0,46,0
2,12,2.92546e6,-4.031644140347427,-0.9279398234010284,TIME_LIMIT,228375,0,0,27,0
2,12,2.925972e6,-4.031644140347427,-0.9279398234010284,TIME_LIMIT,228413,0,0,38,0
2,12,2.926479e6,-4.031644140347427,-0.9279398234010284,TIME_LIMIT,228457,0,0,26,0
2,12,2.927036e6,-4.031644140347427,-0.9279398234010284,TIME_LIMIT,228490,0,0,43,0
2,12,2.927543e6,-4.031644140347427,-0.9279398234010284,TIME_LIMIT,228539,0,0,27,0
2,12,2.928051e6,-4.031644140347427,-0.9279398234010284,TIME_LIMIT,228569,0,0,15,0
2,12,2.928571e6,-4.031644140347427,-0.9279398234010284,TIME_LIMIT,228612,0,0,11,0
2,12,2.929078e6,-4.031644140347427,-0.9279398234010284,TIME_LIMIT,228648,0,0,46,0
2,12,2.929588e6,-4.031644140347427,-0.9279398234010284,TIME_LIMIT,228700,0,0,29,0
2,12,2.930108e6,-4.031644140347427,-0.9279398234010284,TIME_LIMIT,228723,0,0,41,0
2,12,2.930617e6,-4.03164239396323,-0.9279398234010284,TIME_LIMIT,228774,0,0,30,0
2,12,2.931124e6,-4.03164239396323,-0.9279398234010284,TIME_LIMIT,228813,0,0,14,0
2,12,2.931484e6,-4.03164239396323,-0.9279398234010284,TIME_LIMIT,228850,0,0,12,0
2,12,2.932007e6,-4.03164239396323,-0.9279398234010284,TIME_LIMIT,228893,0,0,21,0
2,12,2.932519e6,-4.03164239396323,-0.9279398234010284,TIME_LIMIT,228928,0,0,33,0
2,12,2.933029e6,-4.03164239396323,-0.9279398234010284,TIME_LIMIT,228965,0,0,19,0
2,12,2.933261e6,-4.03164239396323,-0.9279398234010284,TIME_LIMIT,228997,0,0,21,0
2,12,2.933789e6,-4.03164239396323,-0.9279398234010284,TIME_LIMIT,229025,0,0,37,0
2,12,2.934296e6,-4.03164239396323,-0.9279398234010284,TIME_LIMIT,229071,0,0,28,0
2,12,2.934809e6,-4.03164239396323,-0.9279398234010284,TIME_LIMIT,229109,0,0,28,0
2,12,2.93522e6,-4.03164239396323,-0.9279398234010284,TIME_LIMIT,229149,0,0,38,0
2,12,2.935592e6,-4.03164239396323,-0.9279398234010284,TIME_LIMIT,229184,0,0,40,0
2,12,2.936102e6,-4.03164239396323,-0.9279398234010284,TIME_LIMIT,229231,0,0,16,0
2,12,2.93661e6,-4.03164239396323,-0.9279398234010284,TIME_LIMIT,229265,0,0,37,0
2,12,2.93713e6,-4.03164239396323,-0.9279398234010284,TIME_LIMIT,229315,0,0,21,0
2,12,2.937643e6,-4.03164239396323,-0.9279398234010284,TIME_LIMIT,229347,0,0,39,0
2,12,2.938154e6,-4.03164239396323,-0.9279398234010284,TIME_LIMIT,229398,0,0,29,0
2,12,2.938678e6,-4.03164239396323,-0.9279398234010284,TIME_LIMIT,229432,0,0,33,0
2,12,2.939199e6,-4.03164239396323,-0.9279398234010284,TIME_LIMIT,229468,0,0,28,0
2,12,2.939709e6,-4.03164239396323,-0.9279398234010284,TIME_LIMIT,229499,0,0,35,0
2,12,2.940234e6,-4.031618712347099,-0.9279398234010284,TIME_LIMIT,229547,0,0,26,0
2,12,2.940749e6,-4.031618712347099,-0.9279398234010284,TIME_LIMIT,229575,0,0,34,0
2,12,2.941259e6,-4.031405293619295,-0.9279398234010284,TIME_LIMIT,229625,0,0,27,0
2,12,2.941782e6,-4.031405293619295,-0.9279398234010284,TIME_LIMIT,229664,0,0,37,0
2,12,2.942295e6,-4.031340975958125,-0.9279398234010284,TIME_LIMIT,229712,0,0,30,0
2,12,2.942802e6,-4.031340975958125,-0.9279398234010284,TIME_LIMIT,229741,0,0,33,0
2,12,2.943324e6,-4.031340975958125,-0.9279398234010284,TIME_LIMIT,229794,0,0,29,0
2,12,2.943837e6,-4.031340975958125,-0.9279398234010284,TIME_LIMIT,229826,0,0,20,0
2,12,2.944345e6,-4.031340975958125,-0.9279398234010284,TIME_LIMIT,229875,0,0,28,0
2,12,2.944866e6,-4.031340975958125,-0.9279398234010284,TIME_LIMIT,229916,0,0,39,0
2,12,2.945377e6,-4.031340975958125,-0.9279398234010284,TIME_LIMIT,229953,0,0,33,0
2,12,2.945886e6,-4.031340975958125,-0.9279398234010284,TIME_LIMIT,229982,0,0,34,0
2,12,2.946407e6,-4.031340975958125,-0.9279398234010284,TIME_LIMIT,230040,0,0,20,0
2,12,2.94692e6,-4.031340975958125,-0.9279398234010284,TIME_LIMIT,230069,0,0,36,0
2,12,2.947433e6,-4.03125395153881,-0.9279398234010284,TIME_LIMIT,230121,0,0,27,0
2,12,2.947956e6,-4.03125395153881,-0.9279398234010284,TIME_LIMIT,230159,0,0,34,0
2,12,2.948466e6,-4.031159420369217,-0.9279398234010284,TIME_LIMIT,230203,0,0,42,0
2,12,2.948976e6,-4.031159420369217,-0.9279398234010284,TIME_LIMIT,230231,0,0,32,0
2,12,2.949497e6,-4.030785115138642,-0.9279398234010284,TIME_LIMIT,230286,0,0,29,0
2,12,2.950006e6,-4.030785115138642,-0.9279398234010284,TIME_LIMIT,230316,0,0,41,0
2,12,2.950517e6,-4.030766030866641,-0.9279398234010284,TIME_LIMIT,230363,0,0,18,0
2,12,2.950939e6,-4.030766030866641,-0.9279398234010284,TIME_LIMIT,230410,0,0,39,0
2,12,2.951449e6,-4.030760123168005,-0.9279398234010284,TIME_LIMIT,230446,0,0,36,0
2,12,2.951958e6,-4.030760123168005,-0.9279398234010284,TIME_LIMIT,230476,0,0,26,0
2,12,2.952477e6,-4.0306934449286524,-0.9279398234010284,TIME_LIMIT,230527,0,0,31,0
2,12,2.952984e6,-4.0306934449286524,-0.9279398234010284,TIME_LIMIT,230560,0,0,32,0
2,12,2.953495e6,-4.0306934449286524,-0.9279398234010284,TIME_LIMIT,230613,0,0,34,0
2,12,2.954017e6,-4.0306934449286524,-0.9279398234010284,TIME_LIMIT,230644,0,0,25,0
2,12,2.954532e6,-4.030675772113297,-0.9279398234010284,TIME_LIMIT,230692,0,0,29,0
2,12,2.955047e6,-4.030675772113297,-0.9279398234010284,TIME_LIMIT,230724,0,0,30,0
2,12,2.955569e6,-4.030675772113297,-0.9279398234010284,TIME_LIMIT,230765,0,0,35,0
2,12,2.956082e6,-4.030675772113297,-0.9279398234010284,TIME_LIMIT,230802,0,0,35,0
2,12,2.956595e6,-4.030675772113297,-0.9279398234010284,TIME_LIMIT,230851,0,0,29,0
2,12,2.957118e6,-4.030675772113297,-0.9279398234010284,TIME_LIMIT,230888,0,0,38,0
2,12,2.95763e6,-4.030392894020734,-0.9279398234010284,TIME_LIMIT,230938,0,0,20,0
2,12,2.958145e6,-4.030392894020734,-0.9279398234010284,TIME_LIMIT,230975,0,0,33,0
2,12,2.95866e6,-4.030392894020734,-0.9279398234010284,TIME_LIMIT,231029,0,0,29,0
2,12,2.959187e6,-4.030392894020734,-0.9279398234010284,TIME_LIMIT,231061,0,0,33,0
2,12,2.9597e6,-4.030392894020734,-0.9279398234010284,TIME_LIMIT,231111,0,0,28,0
2,12,2.960217e6,-4.030392894020734,-0.9279398234010284,TIME_LIMIT,231142,0,0,38,0
2,12,2.960743e6,-4.030376019877276,-0.9279398234010284,TIME_LIMIT,231192,0,0,31,0
2,12,2.961256e6,-4.030376019877276,-0.9279398234010284,TIME_LIMIT,231229,0,0,45,0
2,12,2.961767e6,-4.030364602251891,-0.9279398234010284,TIME_LIMIT,231281,0,0,32,0
2,12,2.962296e6,-4.030364602251891,-0.9279398234010284,TIME_LIMIT,231321,0,0,49,0
2,12,2.962809e6,-4.030346385674445,-0.9279398234010284,TIME_LIMIT,231378,0,0,35,0
2,12,2.963322e6,-4.030346385674445,-0.9279398234010284,TIME_LIMIT,231410,0,0,28,0
2,12,2.963846e6,-4.030346385674445,-0.9279398234010284,TIME_LIMIT,231468,0,0,29,0
2,12,2.964358e6,-4.030346385674445,-0.9279398234010284,TIME_LIMIT,231494,0,0,29,0
2,12,2.964869e6,-4.030346385674445,-0.9279398234010284,TIME_LIMIT,231540,0,0,21,0
2,12,2.96539e6,-4.030346385674445,-0.9279398234010284,TIME_LIMIT,231564,0,0,21,0
2,12,2.965897e6,-4.029925316526866,-0.9279398234010284,TIME_LIMIT,231609,0,0,17,0
2,12,2.966406e6,-4.029925316526866,-0.9279398234010284,TIME_LIMIT,231640,0,0,32,0
2,12,2.966941e6,-4.029676060888253,-0.9279398234010284,TIME_LIMIT,231689,0,0,18,0
2,12,2.967451e6,-4.029676060888253,-0.9279398234010284,TIME_LIMIT,231719,0,0,18,0
2,12,2.967963e6,-4.029560370925724,-0.9279398234010284,TIME_LIMIT,231756,0,0,39,0
2,12,2.968471e6,-4.029560370925724,-0.9279398234010284,TIME_LIMIT,231797,0,0,22,0
2,12,2.968991e6,-4.029436602926423,-0.9279398234010284,TIME_LIMIT,231835,0,0,43,0
2,12,2.969501e6,-4.029436602926423,-0.9279398234010284,TIME_LIMIT,231866,0,0,24,0
2,12,2.970014e6,-4.029348717230579,-0.9279398234010284,TIME_LIMIT,231923,0,0,32,0
2,12,2.970542e6,-4.029348717230579,-0.9279398234010284,TIME_LIMIT,231955,0,0,29,0
2,12,2.971054e6,-4.028762805193667,-0.9279398234010284,TIME_LIMIT,231994,0,0,38,0
2,12,2.971564e6,-4.028762805193667,-0.9279398234010284,TIME_LIMIT,232029,0,0,38,0
2,12,2.972088e6,-4.028762805193667,-0.9279398234010284,TIME_LIMIT,232083,0,0,30,0
2,12,2.9726e6,-4.028762805193667,-0.9279398234010284,TIME_LIMIT,232115,0,0,45,0
2,12,2.973112e6,-4.028762805193667,-0.9279398234010284,TIME_LIMIT,232162,0,0,30,0
2,12,2.973673e6,-4.028762805193667,-0.9279398234010284,TIME_LIMIT,232194,0,0,44,0
2,12,2.974188e6,-4.0285763085111865,-0.9279398234010284,TIME_LIMIT,232244,0,0,27,0
2,12,2.974709e6,-4.0285763085111865,-0.9279398234010284,TIME_LIMIT,232267,0,0,42,0
2,12,2.975222e6,-4.028307807926624,-0.9279398234010284,TIME_LIMIT,232317,0,0,31,0
2,12,2.975747e6,-4.028307807926624,-0.9279398234010284,TIME_LIMIT,232348,0,0,36,0
2,12,2.976264e6,-4.028269203884148,-0.9279398234010284,TIME_LIMIT,232391,0,0,25,0
2,12,2.976781e6,-4.028269203884148,-0.9279398234010284,TIME_LIMIT,232434,0,0,25,0
2,12,2.977316e6,-4.028267599712837,-0.9279398234010284,TIME_LIMIT,232471,0,0,33,0
2,12,2.977836e6,-4.028267599712837,-0.9279398234010284,TIME_LIMIT,232502,0,0,37,0
2,12,2.978352e6,-4.028032231281871,-0.9279398234010284,TIME_LIMIT,232549,0,0,29,0
2,12,2.978882e6,-4.028032231281871,-0.9279398234010284,TIME_LIMIT,232582,0,0,33,0
2,12,2.979399e6,-4.027424953158402,-0.9279398234010284,TIME_LIMIT,232629,0,0,32,0
2,12,2.979916e6,-4.027424953158402,-0.9279398234010284,TIME_LIMIT,232658,0,0,22,0
2,12,2.98044e6,-4.027424953158402,-0.9279398234010284,TIME_LIMIT,232707,0,0,23,0
2,12,2.980964e6,-4.027424953158402,-0.9279398234010284,TIME_LIMIT,232734,0,0,32,0
2,12,2.981476e6,-4.027424953158402,-0.9279398234010284,TIME_LIMIT,232775,0,0,25,0
2,12,2.981986e6,-4.027424953158402,-0.9279398234010284,TIME_LIMIT,232807,0,0,18,0
2,12,2.982509e6,-4.027241535099682,-0.9279398234010284,TIME_LIMIT,232847,0,0,18,0
2,12,2.983023e6,-4.027241535099682,-0.9279398234010284,TIME_LIMIT,232878,0,0,35,0
2,12,2.983537e6,-4.027192138791853,-0.9279398234010284,TIME_LIMIT,232930,0,0,22,0
2,12,2.984059e6,-4.027192138791853,-0.9279398234010284,TIME_LIMIT,232959,0,0,29,0
2,12,2.984571e6,-4.027131909522322,-0.9279398234010284,TIME_LIMIT,233006,0,0,28,0
2,12,2.985082e6,-4.027131909522322,-0.9279398234010284,TIME_LIMIT,233038,0,0,29,0
2,12,2.985591e6,-4.027131909522322,-0.9279398234010284,TIME_LIMIT,233077,0,0,31,0
2,12,2.98611e6,-4.027131909522322,-0.9279398234010284,TIME_LIMIT,233108,0,0,17,0
2,12,2.986618e6,-4.027131909522322,-0.9279398234010284,TIME_LIMIT,233161,0,0,31,0
2,12,2.987125e6,-4.027131909522322,-0.9279398234010284,TIME_LIMIT,233192,0,0,26,0
2,12,2.987646e6,-4.027096689264101,-0.9279398234010284,TIME_LIMIT,233241,0,0,17,0
2,12,2.988155e6,-4.027096689264101,-0.9279398234010284,TIME_LIMIT,233274,0,0,33,0
2,12,2.988664e6,-4.027066301661624,-0.9279398234010284,TIME_LIMIT,233316,0,0,27,0
2,12,2.989183e6,-4.027066301661624,-0.9279398234010284,TIME_LIMIT,233347,0,0,25,0
2,12,2.989689e6,-4.027039423265437,-0.9279398234010284,TIME_LIMIT,233396,0,0,29,0
2,12,2.990199e6,-4.027039423265437,-0.9279398234010284,TIME_LIMIT,233430,0,0,35,0
2,12,2.990707e6,-4.026965777599974,-0.9279398234010284,TIME_LIMIT,233481,0,0,26,0
2,12,2.991228e6,-4.026965777599974,-0.9279398234010284,TIME_LIMIT,233519,0,0,40,0
2,12,2.991703e6,-4.026837478596487,-0.9279398234010284,TIME_LIMIT,233555,0,0,36,0
2,12,2.992215e6,-4.026837478596487,-0.9279398234010284,TIME_LIMIT,233582,0,0,39,0
2,12,2.992722e6,-4.0265340964317,-0.9279398234010284,TIME_LIMIT,233638,0,0,32,0
2,12,2.993244e6,-4.0265340964317,-0.9279398234010284,TIME_LIMIT,233673,0,0,37,0
2,12,2.993755e6,-4.0265340964317,-0.9279398234010284,TIME_LIMIT,233727,0,0,24,0
2,12,2.994267e6,-4.0265340964317,-0.9279398234010284,TIME_LIMIT,233759,0,0,42,0
2,12,2.994775e6,-4.0258180639199175,-0.9279398234010284,TIME_LIMIT,233809,0,0,27,0
2,12,2.995298e6,-4.0258180639199175,-0.9279398234010284,TIME_LIMIT,233840,0,0,45,0
2,12,2.995815e6,-4.025688427170893,-0.9279398234010284,TIME_LIMIT,233890,0,0,28,0
2,12,2.99633e6,-4.025688427170893,-0.9279398234010284,TIME_LIMIT,233924,0,0,31,0
2,12,2.996851e6,-4.025688427170893,-0.9279398234010284,TIME_LIMIT,233974,0,0,32,0
2,12,2.997364e6,-4.025688427170893,-0.9279398234010284,TIME_LIMIT,234001,0,0,31,0
2,12,2.997879e6,-4.025662644567572,-0.9279398234010284,TIME_LIMIT,234050,0,0,28,0
2,12,2.998387e6,-4.025662644567572,-0.9279398234010284,TIME_LIMIT,234090,0,0,39,0
2,12,2.998911e6,-4.025657045043559,-0.9279398234010284,TIME_LIMIT,234135,0,0,24,0
2,12,2.999427e6,-4.025657045043559,-0.9279398234010284,TIME_LIMIT,234177,0,0,44,0
2,12,2.99994e6,-4.025657045043559,-0.9279398234010284,TIME_LIMIT,234218,0,0,34,0
2,12,3.000469e6,-4.025657045043559,-0.9279398234010284,TIME_LIMIT,234252,0,0,46,0
2,12,3.000983e6,-4.02549808888876,-0.9279398234010284,TIME_LIMIT,234307,0,0,28,0
2,12,3.001497e6,-4.02549808888876,-0.9279398234010284,TIME_LIMIT,234348,0,0,24,0
2,12,3.002009e6,-4.025432703152828,-0.9279398234010284,TIME_LIMIT,234396,0,0,25,0
2,12,3.002533e6,-4.025432703152828,-0.9279398234010284,TIME_LIMIT,234432,0,0,39,0
2,12,3.003051e6,-4.025053220640054,-0.9279398234010284,TIME_LIMIT,234487,0,0,37,0
2,12,3.003566e6,-4.025053220640054,-0.9279398234010284,TIME_LIMIT,234519,0,0,32,0
2,12,3.00409e6,-4.025053220640054,-0.9279398234010284,TIME_LIMIT,234572,0,0,38,0
2,12,3.004603e6,-4.025053220640054,-0.9279398234010284,TIME_LIMIT,234605,0,0,36,0
2,12,3.005117e6,-4.025053220640054,-0.9279398234010284,TIME_LIMIT,234654,0,0,25,0
2,12,3.005632e6,-4.025053220640054,-0.9279398234010284,TIME_LIMIT,234694,0,0,55,0
2,12,3.006159e6,-4.025053220640054,-0.9279398234010284,TIME_LIMIT,234738,0,0,26,0
2,12,3.006675e6,-4.025053220640054,-0.9279398234010284,TIME_LIMIT,234773,0,0,43,0
2,12,3.007192e6,-4.025053220640054,-0.9279398234010284,TIME_LIMIT,234826,0,0,33,0
2,12,3.007717e6,-4.025053220640054,-0.9279398234010284,TIME_LIMIT,234865,0,0,40,0
2,12,3.008228e6,-4.025053220640054,-0.9279398234010284,TIME_LIMIT,234923,0,0,31,0
2,12,3.00874e6,-4.025053220640054,-0.9279398234010284,TIME_LIMIT,234960,0,0,40,0
2,12,3.009247e6,-4.025053220640054,-0.9279398234010284,TIME_LIMIT,235011,0,0,13,0
2,12,3.009767e6,-4.025053220640054,-0.9279398234010284,TIME_LIMIT,235039,0,0,32,0
2,12,3.010279e6,-4.025053220640054,-0.9279398234010284,TIME_LIMIT,235087,0,0,33,0
2,12,3.010795e6,-4.025053220640054,-0.9279398234010284,TIME_LIMIT,235125,0,0,28,0
2,12,3.011319e6,-4.025025857802378,-0.9279398234010284,TIME_LIMIT,235160,0,0,30,0
2,12,3.011829e6,-4.025025857802378,-0.9279398234010284,TIME_LIMIT,235199,0,0,29,0
2,12,3.012339e6,-4.024819208318586,-0.9279398234010284,TIME_LIMIT,235249,0,0,20,0
2,12,3.012849e6,-4.024819208318586,-0.9279398234010284,TIME_LIMIT,235289,0,0,42,0
2,12,3.013377e6,-4.024454420669351,-0.9279398234010284,TIME_LIMIT,235335,0,0,13,0
2,12,3.013894e6,-4.024454420669351,-0.9279398234010284,TIME_LIMIT,235369,0,0,33,0
2,12,3.014411e6,-4.024428396164245,-0.9279398234010284,TIME_LIMIT,235419,0,0,30,0
2,12,3.014927e6,-4.024428396164245,-0.9279398234010284,TIME_LIMIT,235444,0,0,36,0
2,12,3.01546e6,-4.0242265714593035,-0.9279398234010284,TIME_LIMIT,235499,0,0,33,0
2,12,3.015979e6,-4.0242265714593035,-0.9279398234010284,TIME_LIMIT,235534,0,0,34,0
2,12,3.016491e6,-4.024121387563414,-0.9279398234010284,TIME_LIMIT,235583,0,0,28,0
2,12,3.017018e6,-4.024121387563414,-0.9279398234010284,TIME_LIMIT,235617,0,0,41,0
2,12,3.01753e6,-4.024121387563414,-0.9279398234010284,TIME_LIMIT,235666,0,0,16,0
2,12,3.018044e6,-4.024121387563414,-0.9279398234010284,TIME_LIMIT,235695,0,0,26,0
2,12,3.018559e6,-4.024121387563414,-0.9279398234010284,TIME_LIMIT,235729,0,0,28,0
2,12,3.019081e6,-4.024121387563414,-0.9279398234010284,TIME_LIMIT,235762,0,0,29,0
2,12,3.019595e6,-4.024002668486983,-0.9279398234010284,TIME_LIMIT,235815,0,0,30,0
2,12,3.02014e6,-4.024002668486983,-0.9279398234010284,TIME_LIMIT,235850,0,0,32,0
2,12,3.020681e6,-4.023419527062283,-0.9279398234010284,TIME_LIMIT,235903,0,0,21,0
2,12,3.021195e6,-4.023419527062283,-0.9279398234010284,TIME_LIMIT,235935,0,0,35,0
2,12,3.021709e6,-4.023402073531242,-0.9279398234010284,TIME_LIMIT,235988,0,0,28,0
2,12,3.022223e6,-4.023402073531242,-0.9279398234010284,TIME_LIMIT,236020,0,0,41,0
2,12,3.02275e6,-4.023246407640779,-0.9279398234010284,TIME_LIMIT,236068,0,0,29,0
2,12,3.023264e6,-4.023246407640779,-0.9279398234010284,TIME_LIMIT,236101,0,0,45,0
2,12,3.023778e6,-4.0229772944363615,-0.9279398234010284,TIME_LIMIT,236154,0,0,29,0
2,12,3.024293e6,-4.0229772944363615,-0.9279398234010284,TIME_LIMIT,236186,0,0,45,0
2,12,3.024819e6,-4.022917493460683,-0.9279398234010284,TIME_LIMIT,236238,0,0,29,0
2,12,3.025332e6,-4.022917493460683,-0.9279398234010284,TIME_LIMIT,236267,0,0,28,0
2,12,3.025841e6,-4.022917493460683,-0.9279398234010284,TIME_LIMIT,236313,0,0,24,0
2,12,3.026348e6,-4.022917493460683,-0.9279398234010284,TIME_LIMIT,236347,0,0,34,0
2,12,3.026882e6,-4.022917493460683,-0.9279398234010284,TIME_LIMIT,236395,0,0,30,0
2,12,3.027391e6,-4.022917493460683,-0.9279398234010284,TIME_LIMIT,236429,0,0,41,0
2,12,3.027899e6,-4.022917493460683,-0.9279398234010284,TIME_LIMIT,236481,0,0,25,0
2,12,3.028421e6,-4.022917493460683,-0.9279398234010284,TIME_LIMIT,236507,0,0,22,0
2,12,3.028928e6,-4.022917493460683,-0.9279398234010284,TIME_LIMIT,236551,0,0,28,0
2,12,3.029436e6,-4.022917493460683,-0.9279398234010284,TIME_LIMIT,236587,0,0,38,0
2,12,3.029943e6,-4.022917493460683,-0.9279398234010284,TIME_LIMIT,236642,0,0,31,0
2,12,3.030464e6,-4.022917493460683,-0.9279398234010284,TIME_LIMIT,236681,0,0,29,0
2,12,3.030977e6,-4.022917493460683,-0.9279398234010284,TIME_LIMIT,236714,0,0,38,0
2,12,3.031489e6,-4.022917493460683,-0.9279398234010284,TIME_LIMIT,236739,0,0,12,0
2,12,3.032e6,-4.022917493460683,-0.9279398234010284,TIME_LIMIT,236787,0,0,25,0
2,12,3.032522e6,-4.022917493460683,-0.9279398234010284,TIME_LIMIT,236829,0,0,14,0
2,12,3.033035e6,-4.022622530108346,-0.9279398234010284,TIME_LIMIT,236868,0,0,27,0
2,12,3.033478e6,-4.022622530108346,-0.9279398234010284,TIME_LIMIT,236899,0,0,48,0
2,12,3.033993e6,-4.022622530108346,-0.9279398234010284,TIME_LIMIT,236948,0,0,27,0
2,12,3.034512e6,-4.022622530108346,-0.9279398234010284,TIME_LIMIT,236984,0,0,17,0
2,12,3.034987e6,-4.0225390754025785,-0.9279398234010284,TIME_LIMIT,237038,0,0,22,0
2,12,3.035507e6,-4.0225390754025785,-0.9279398234010284,TIME_LIMIT,237067,0,0,35,0
2,12,3.036033e6,-4.0225390754025785,-0.9279398234010284,TIME_LIMIT,237119,0,0,31,0
2,12,3.036549e6,-4.0225390754025785,-0.9279398234010284,TIME_LIMIT,237148,0,0,41,0
2,12,3.037067e6,-4.022306269865741,-0.9279398234010284,TIME_LIMIT,237202,0,0,34,0
2,12,3.037588e6,-4.022306269865741,-0.9279398234010284,TIME_LIMIT,237245,0,0,20,0
2,12,3.0378e6,-4.022213512530688,-0.9279398234010284,TIME_LIMIT,237277,0,0,21,0
2,12,3.038317e6,-4.022213512530688,-0.9279398234010284,TIME_LIMIT,237306,0,0,31,0
2,12,3.038833e6,-4.02205563944566,-0.9279398234010284,TIME_LIMIT,237355,0,0,28,0
2,12,3.039358e6,-4.02205563944566,-0.9279398234010284,TIME_LIMIT,237387,0,0,37,0
2,12,3.039879e6,-4.021928867416758,-0.9279398234010284,TIME_LIMIT,237435,0,0,13,0
2,12,3.040409e6,-4.021928867416758,-0.9279398234010284,TIME_LIMIT,237467,0,0,42,0
2,12,3.040938e6,-4.021902822916905,-0.9279398234010284,TIME_LIMIT,237526,0,0,39,0
2,12,3.041456e6,-4.021902822916905,-0.9279398234010284,TIME_LIMIT,237561,0,0,34,0
2,12,3.041974e6,-4.0218541055622055,-0.9279398234010284,TIME_LIMIT,237608,0,0,18,0
2,12,3.04249e6,-4.0218541055622055,-0.9279398234010284,TIME_LIMIT,237638,0,0,28,0
2,12,3.043014e6,-4.0218541055622055,-0.9279398234010284,TIME_LIMIT,237694,0,0,31,0
2,12,3.043528e6,-4.0218541055622055,-0.9279398234010284,TIME_LIMIT,237731,0,0,33,0
2,12,3.044042e6,-4.021836094246244,-0.9279398234010284,TIME_LIMIT,237781,0,0,28,0
2,12,3.044556e6,-4.021836094246244,-0.9279398234010284,TIME_LIMIT,237813,0,0,37,0
2,12,3.045079e6,-4.021836094246244,-0.9279398234010284,TIME_LIMIT,237860,0,0,28,0
2,12,3.045593e6,-4.021836094246244,-0.9279398234010284,TIME_LIMIT,237898,0,0,34,0
2,12,3.046103e6,-4.021836094246244,-0.9279398234010284,TIME_LIMIT,237951,0,0,33,0
2,12,3.046611e6,-4.021836094246244,-0.9279398234010284,TIME_LIMIT,237977,0,0,33,0
2,12,3.047134e6,-4.021545524086124,-0.9279398234010284,TIME_LIMIT,238022,0,0,16,0
2,12,3.047645e6,-4.021545524086124,-0.9279398234010284,TIME_LIMIT,238053,0,0,33,0
2,12,3.048155e6,-4.020897320905928,-0.9279398234010284,TIME_LIMIT,238109,0,0,23,0
2,12,3.04867e6,-4.020897320905928,-0.9279398234010284,TIME_LIMIT,238145,0,0,51,0
2,12,3.049196e6,-4.020735411564456,-0.9279398234010284,TIME_LIMIT,238193,0,0,17,0
2,12,3.04971e6,-4.020735411564456,-0.9279398234010284,TIME_LIMIT,238228,0,0,33,0
2,12,3.050224e6,-4.020735411564456,-0.9279398234010284,TIME_LIMIT,238263,0,0,27,0
2,12,3.050738e6,-4.020735411564456,-0.9279398234010284,TIME_LIMIT,238297,0,0,40,0
2,12,3.051262e6,-4.020490125711248,-0.9279398234010284,TIME_LIMIT,238352,0,0,28,0
2,12,3.051773e6,-4.020490125711248,-0.9279398234010284,TIME_LIMIT,238387,0,0,55,0
2,12,3.052288e6,-4.0203913468052415,-0.9279398234010284,TIME_LIMIT,238438,0,0,23,0
2,12,3.052799e6,-4.0203913468052415,-0.9279398234010284,TIME_LIMIT,238476,0,0,30,0
2,12,3.053321e6,-4.020370544671902,-0.9279398234010284,TIME_LIMIT,238531,0,0,32,0
2,12,3.053834e6,-4.020370544671902,-0.9279398234010284,TIME_LIMIT,238564,0,0,36,0
2,12,3.054342e6,-4.020370544671902,-0.9279398234010284,TIME_LIMIT,238614,0,0,36,0
2,12,3.054864e6,-4.020370544671902,-0.9279398234010284,TIME_LIMIT,238644,0,0,45,0
2,12,3.055373e6,-4.020370544671902,-0.9279398234010284,TIME_LIMIT,238697,0,0,30,0
2,12,3.055884e6,-4.020370544671902,-0.9279398234010284,TIME_LIMIT,238723,0,0,42,0
2,12,3.056393e6,-4.020020589200666,-0.9279398234010284,TIME_LIMIT,238775,0,0,33,0
2,12,3.056913e6,-4.020020589200666,-0.9279398234010284,TIME_LIMIT,238814,0,0,45,0
2,12,3.057423e6,-4.019579185656084,-0.9279398234010284,TIME_LIMIT,238853,0,0,35,0
2,12,3.057938e6,-4.019579185656084,-0.9279398234010284,TIME_LIMIT,238894,0,0,35,0
2,12,3.058455e6,-4.019579185656084,-0.9279398234010284,TIME_LIMIT,238937,0,0,34,0
2,12,3.058985e6,-4.019579185656084,-0.9279398234010284,TIME_LIMIT,238967,0,0,38,0
2,12,3.059501e6,-4.019493753877704,-0.9279398234010284,TIME_LIMIT,239015,0,0,32,0
2,12,3.060018e6,-4.019493753877704,-0.9279398234010284,TIME_LIMIT,239043,0,0,36,0
2,12,3.060547e6,-4.019395501071047,-0.9279398234010284,TIME_LIMIT,239094,0,0,30,0
2,12,3.061075e6,-4.019395501071047,-0.9279398234010284,TIME_LIMIT,239124,0,0,41,0
2,12,3.061589e6,-4.019160648167356,-0.9279398234010284,TIME_LIMIT,239181,0,0,31,0
2,12,3.062106e6,-4.019160648167356,-0.9279398234010284,TIME_LIMIT,239220,0,0,32,0
2,12,3.062618e6,-4.019066188097185,-0.9279398234010284,TIME_LIMIT,239267,0,0,26,0
2,12,3.063129e6,-4.019066188097185,-0.9279398234010284,TIME_LIMIT,239306,0,0,13,0
2,12,3.063657e6,-4.018925383360896,-0.9279398234010284,TIME_LIMIT,239339,0,0,27,0
2,12,3.064172e6,-4.018925383360896,-0.9279398234010284,TIME_LIMIT,239375,0,0,25,0
2,12,3.064687e6,-4.018850046994191,-0.9279398234010284,TIME_LIMIT,239426,0,0,32,0
2,12,3.065202e6,-4.018850046994191,-0.9279398234010284,TIME_LIMIT,239453,0,0,44,0
2,12,3.065728e6,-4.018850046994191,-0.9279398234010284,TIME_LIMIT,239505,0,0,30,0
2,12,3.066244e6,-4.018850046994191,-0.9279398234010284,TIME_LIMIT,239533,0,0,40,0
2,12,3.066767e6,-4.018850046994191,-0.9279398234010284,TIME_LIMIT,239592,0,0,39,0
2,12,3.067312e6,-4.018850046994191,-0.9279398234010284,TIME_LIMIT,239624,0,0,35,0
2,12,3.067839e6,-4.0188368447155005,-0.9279398234010284,TIME_LIMIT,239677,0,0,30,0
2,12,3.068355e6,-4.0188368447155005,-0.9279398234010284,TIME_LIMIT,239709,0,0,19,0
2,12,3.06887e6,-4.018801673105978,-0.9279398234010284,TIME_LIMIT,239764,0,0,34,0
2,12,3.069378e6,-4.018801673105978,-0.9279398234010284,TIME_LIMIT,239793,0,0,34,0
2,12,3.0699e6,-4.01874841237599,-0.9279398234010284,TIME_LIMIT,239848,0,0,17,0
2,12,3.070412e6,-4.01874841237599,-0.9279398234010284,TIME_LIMIT,239886,0,0,32,0
2,12,3.070926e6,-4.018649150681214,-0.9279398234010284,TIME_LIMIT,239922,0,0,30,0
2,12,3.071434e6,-4.018649150681214,-0.9279398234010284,TIME_LIMIT,239963,0,0,35,0
2,12,3.071955e6,-4.018053810499263,-0.9279398234010284,TIME_LIMIT,240004,0,0,32,0
2,12,3.072463e6,-4.018053810499263,-0.9279398234010284,TIME_LIMIT,240042,0,0,37,0
2,12,3.072973e6,-4.017487815538324,-0.9279398234010284,TIME_LIMIT,240090,0,0,29,0
2,12,3.073487e6,-4.017487815538324,-0.9279398234010284,TIME_LIMIT,240126,0,0,41,0
2,12,3.074017e6,-4.017484194472772,-0.9279398234010284,TIME_LIMIT,240179,0,0,32,0
2,12,3.074532e6,-4.017484194472772,-0.9279398234010284,TIME_LIMIT,240222,0,0,31,0
2,12,3.075045e6,-4.017484194472772,-0.9279398234010284,TIME_LIMIT,240273,0,0,33,0
2,12,3.075557e6,-4.017484194472772,-0.9279398234010284,TIME_LIMIT,240311,0,0,37,0
2,12,3.076084e6,-4.017484194472772,-0.9279398234010284,TIME_LIMIT,240350,0,0,39,0
2,12,3.076597e6,-4.017484194472772,-0.9279398234010284,TIME_LIMIT,240381,0,0,31,0
2,12,3.077114e6,-4.01739516210825,-0.9279398234010284,TIME_LIMIT,240433,0,0,22,0
2,12,3.077629e6,-4.01739516210825,-0.9279398234010284,TIME_LIMIT,240470,0,0,37,0
2,12,3.078144e6,-4.016864750786272,-0.9279398234010284,TIME_LIMIT,240526,0,0,30,0
2,12,3.078673e6,-4.016864750786272,-0.9279398234010284,TIME_LIMIT,240557,0,0,37,0
2,12,3.079186e6,-4.0163337722113415,-0.9279398234010284,TIME_LIMIT,240604,0,0,17,0
2,12,3.0797e6,-4.0163337722113415,-0.9279398234010284,TIME_LIMIT,240630,0,0,49,0
2,12,3.080222e6,-4.016053562819133,-0.9279398234010284,TIME_LIMIT,240678,0,0,28,0
2,12,3.080749e6,-4.016053562819133,-0.9279398234010284,TIME_LIMIT,240711,0,0,36,0
2,12,3.081261e6,-4.015931584651927,-0.9279398234010284,TIME_LIMIT,240762,0,0,25,0
2,12,3.081779e6,-4.015931584651927,-0.9279398234010284,TIME_LIMIT,240799,0,0,40,0
2,12,3.082296e6,-4.01589242968298,-0.9279398234010284,TIME_LIMIT,240851,0,0,34,0
2,12,3.082825e6,-4.01589242968298,-0.9279398234010284,TIME_LIMIT,240880,0,0,25,0
2,12,3.08334e6,-4.015822209266683,-0.9279398234010284,TIME_LIMIT,240926,0,0,29,0
2,12,3.083852e6,-4.015822209266683,-0.9279398234010284,TIME_LIMIT,240970,0,0,33,0
2,12,3.084365e6,-4.0152999297226035,-0.9279398234010284,TIME_LIMIT,241009,0,0,35,0
2,12,3.08489e6,-4.0152999297226035,-0.9279398234010284,TIME_LIMIT,241040,0,0,33,0
2,12,3.085221e6,-4.015129659540644,-0.9279398234010284,TIME_LIMIT,241078,0,0,21,0
2,12,3.085746e6,-4.015129659540644,-0.9279398234010284,TIME_LIMIT,241113,0,0,32,0
2,12,3.086255e6,-4.014966178751787,-0.9279398234010284,TIME_LIMIT,241169,0,0,41,0
2,12,3.086765e6,-4.014966178751787,-0.9279398234010284,TIME_LIMIT,241196,0,0,32,0
2,12,3.087276e6,-4.014912222063017,-0.9279398234010284,TIME_LIMIT,241241,0,0,14,0
2,12,3.087784e6,-4.014912222063017,-0.9279398234010284,TIME_LIMIT,241275,0,0,42,0
2,12,3.088304e6,-4.014912222063017,-0.9279398234010284,TIME_LIMIT,241316,0,0,27,0
2,12,3.088813e6,-4.014912222063017,-0.9279398234010284,TIME_LIMIT,241347,0,0,39,0
2,12,3.089322e6,-4.014723531160236,-0.9279398234010284,TIME_LIMIT,241395,0,0,31,0
2,12,3.089695e6,-4.014723531160236,-0.9279398234010284,TIME_LIMIT,241426,0,0,21,0
2,12,3.089954e6,-4.014468230573948,-0.9279398234010284,TIME_LIMIT,241473,0,0,20,0
2,12,3.090476e6,-4.014468230573948,-0.9279398234010284,TIME_LIMIT,241503,0,0,25,0
2,12,3.09099e6,-4.014468230573948,-0.9279398234010284,TIME_LIMIT,241546,0,0,16,0
2,12,3.091504e6,-4.014468230573948,-0.9279398234010284,TIME_LIMIT,241585,0,0,30,0
2,12,3.092018e6,-4.014231134699282,-0.9279398234010284,TIME_LIMIT,241624,0,0,16,0
2,12,3.092544e6,-4.014231134699282,-0.9279398234010284,TIME_LIMIT,241655,0,0,41,0
2,12,3.093057e6,-4.014147066166773,-0.9279398234010284,TIME_LIMIT,241704,0,0,29,0
2,12,3.093575e6,-4.014147066166773,-0.9279398234010284,TIME_LIMIT,241734,0,0,31,0
2,12,3.094096e6,-4.01408707259414,-0.9279398234010284,TIME_LIMIT,241780,0,0,29,0
2,12,3.094615e6,-4.01408707259414,-0.9279398234010284,TIME_LIMIT,241811,0,0,34,0
2,12,3.095144e6,-4.01408707259414,-0.9279398234010284,TIME_LIMIT,241858,0,0,23,0
2,12,3.095664e6,-4.01408707259414,-0.9279398234010284,TIME_LIMIT,241892,0,0,31,0
2,12,3.096181e6,-4.014000040663265,-0.9279398234010284,TIME_LIMIT,241934,0,0,17,0
2,12,3.096699e6,-4.014000040663265,-0.9279398234010284,TIME_LIMIT,241968,0,0,45,0
2,12,3.097239e6,-4.013870224795308,-0.9279398234010284,TIME_LIMIT,242023,0,0,27,0
2,12,3.097756e6,-4.013870224795308,-0.9279398234010284,TIME_LIMIT,242052,0,0,35,0
2,12,3.098275e6,-4.013855418233195,-0.9279398234010284,TIME_LIMIT,242101,0,0,32,0
2,12,3.098792e6,-4.013855418233195,-0.9279398234010284,TIME_LIMIT,242134,0,0,36,0
2,12,3.099307e6,-4.013855418233195,-0.9279398234010284,TIME_LIMIT,242184,0,0,24,0
2,12,3.099834e6,-4.013855418233195,-0.9279398234010284,TIME_LIMIT,242217,0,0,23,0
2,12,3.100354e6,-4.013819924350734,-0.9279398234010284,TIME_LIMIT,242272,0,0,32,0
2,12,3.10087e6,-4.013819924350734,-0.9279398234010284,TIME_LIMIT,242302,0,0,27,0
2,12,3.101386e6,-4.013798855903521,-0.9279398234010284,TIME_LIMIT,242358,0,0,19,0
2,12,3.101915e6,-4.013798855903521,-0.9279398234010284,TIME_LIMIT,242396,0,0,26,0
2,12,3.102429e6,-4.013798855903521,-0.9279398234010284,TIME_LIMIT,242431,0,0,34,0
2,12,3.102941e6,-4.013798855903521,-0.9279398234010284,TIME_LIMIT,242463,0,0,38,0
2,12,3.103454e6,-4.013798855903521,-0.9279398234010284,TIME_LIMIT,242515,0,0,31,0
2,12,3.103967e6,-4.013798855903521,-0.9279398234010284,TIME_LIMIT,242544,0,0,41,0
2,12,3.104493e6,-4.013798855903521,-0.9279398234010284,TIME_LIMIT,242593,0,0,27,0
2,12,3.105005e6,-4.013798855903521,-0.9279398234010284,TIME_LIMIT,242622,0,0,32,0
2,12,3.105515e6,-4.013798855903521,-0.9279398234010284,TIME_LIMIT,242666,0,0,24,0
2,12,3.106024e6,-4.013798855903521,-0.9279398234010284,TIME_LIMIT,242693,0,0,40,0
2,12,3.106542e6,-4.0136647555209795,-0.9279398234010284,TIME_LIMIT,242744,0,0,15,0
2,12,3.107069e6,-4.0136647555209795,-0.9279398234010284,TIME_LIMIT,242776,0,0,45,0
2,12,3.107581e6,-4.013607299130543,-0.9279398234010284,TIME_LIMIT,242826,0,0,17,0
2,12,3.108089e6,-4.013607299130543,-0.9279398234010284,TIME_LIMIT,242863,0,0,38,0
2,12,3.1086e6,-4.013607299130543,-0.9279398234010284,TIME_LIMIT,242913,0,0,29,0
2,12,3.109123e6,-4.013607299130543,-0.9279398234010284,TIME_LIMIT,242952,0,0,48,0
2,12,3.109632e6,-4.013607299130543,-0.9279398234010284,TIME_LIMIT,243005,0,0,28,0
2,12,3.110149e6,-4.013607299130543,-0.9279398234010284,TIME_LIMIT,243043,0,0,26,0
2,12,3.110662e6,-4.013607299130543,-0.9279398234010284,TIME_LIMIT,243098,0,0,23,0
2,12,3.111184e6,-4.013607299130543,-0.9279398234010284,TIME_LIMIT,243137,0,0,41,0
2,12,3.111694e6,-4.013198506102119,-0.9279398234010284,TIME_LIMIT,243173,0,0,34,0
2,12,3.112207e6,-4.013198506102119,-0.9279398234010284,TIME_LIMIT,243208,0,0,33,0
2,12,3.112715e6,-4.013198506102119,-0.9279398234010284,TIME_LIMIT,243261,0,0,33,0
2,12,3.113224e6,-4.013198506102119,-0.9279398234010284,TIME_LIMIT,243288,0,0,37,0
2,12,3.113782e6,-4.013083907843968,-0.9279398234010284,TIME_LIMIT,243333,0,0,23,0
2,12,3.114293e6,-4.013083907843968,-0.9279398234010284,TIME_LIMIT,243361,0,0,27,0
2,12,3.114802e6,-4.013046158978215,-0.9279398234010284,TIME_LIMIT,243410,0,0,27,0
2,12,3.11531e6,-4.013046158978215,-0.9279398234010284,TIME_LIMIT,243444,0,0,19,0
2,12,3.11582e6,-4.013046158978215,-0.9279398234010284,TIME_LIMIT,243495,0,0,31,0
2,12,3.116341e6,-4.013046158978215,-0.9279398234010284,TIME_LIMIT,243536,0,0,33,0
2,12,3.116847e6,-4.012945273825399,-0.9279398234010284,TIME_LIMIT,243572,0,0,19,0
2,12,3.117361e6,-4.012945273825399,-0.9279398234010284,TIME_LIMIT,243606,0,0,44,0
2,12,3.117873e6,-4.012945273825399,-0.9279398234010284,TIME_LIMIT,243662,0,0,34,0
2,12,3.118396e6,-4.012945273825399,-0.9279398234010284,TIME_LIMIT,243692,0,0,42,0
2,12,3.118905e6,-4.012945273825399,-0.9279398234010284,TIME_LIMIT,243744,0,0,35,0
2,12,3.11942e6,-4.012945273825399,-0.9279398234010284,TIME_LIMIT,243772,0,0,36,0
2,12,3.119935e6,-4.012945273825399,-0.9279398234010284,TIME_LIMIT,243823,0,0,34,0
2,12,3.120458e6,-4.012945273825399,-0.9279398234010284,TIME_LIMIT,243854,0,0,26,0
2,12,3.120983e6,-4.012840824096736,-0.9279398234010284,TIME_LIMIT,243906,0,0,22,0
2,12,3.121498e6,-4.012840824096736,-0.9279398234010284,TIME_LIMIT,243941,0,0,40,0
2,12,3.122011e6,-4.012840824096736,-0.9279398234010284,TIME_LIMIT,243990,0,0,35,0
2,12,3.122524e6,-4.012840824096736,-0.9279398234010284,TIME_LIMIT,244020,0,0,23,0
2,12,3.123039e6,-4.0127854970393635,-0.9279398234010284,TIME_LIMIT,244071,0,0,17,0
2,12,3.123567e6,-4.0127854970393635,-0.9279398234010284,TIME_LIMIT,244105,0,0,37,0
2,12,3.124082e6,-4.0127854970393635,-0.9279398234010284,TIME_LIMIT,244142,0,0,31,0
2,12,3.124598e6,-4.0127854970393635,-0.9279398234010284,TIME_LIMIT,244172,0,0,42,0
2,12,3.125112e6,-4.0127854970393635,-0.9279398234010284,TIME_LIMIT,244222,0,0,30,0
2,12,3.125625e6,-4.0127854970393635,-0.9279398234010284,TIME_LIMIT,244259,0,0,37,0
2,12,3.126151e6,-4.012586052114882,-0.9279398234010284,TIME_LIMIT,244309,0,0,34,0
2,12,3.126665e6,-4.012586052114882,-0.9279398234010284,TIME_LIMIT,244340,0,0,20,0
2,12,3.127185e6,-4.0125368148924965,-0.9279398234010284,TIME_LIMIT,244394,0,0,32,0
2,12,3.127699e6,-4.0125368148924965,-0.9279398234010284,TIME_LIMIT,244423,0,0,38,0
2,12,3.128213e6,-4.0125368148924965,-0.9279398234010284,TIME_LIMIT,244485,0,0,27,0
2,12,3.128743e6,-4.0125368148924965,-0.9279398234010284,TIME_LIMIT,244516,0,0,34,0
2,12,3.129258e6,-4.0125368148924965,-0.9279398234010284,TIME_LIMIT,244569,0,0,30,0
2,12,3.129774e6,-4.0125368148924965,-0.9279398234010284,TIME_LIMIT,244598,0,0,37,0
2,12,3.130287e6,-4.0125368148924965,-0.9279398234010284,TIME_LIMIT,244646,0,0,30,0
2,12,3.130799e6,-4.0125368148924965,-0.9279398234010284,TIME_LIMIT,244678,0,0,34,0
2,12,3.131321e6,-4.01252520259388,-0.9279398234010284,TIME_LIMIT,244729,0,0,32,0
2,12,3.131833e6,-4.01252520259388,-0.9279398234010284,TIME_LIMIT,244761,0,0,46,0
2,12,3.132347e6,-4.012260169537799,-0.9279398234010284,TIME_LIMIT,244817,0,0,24,0
2,12,3.132855e6,-4.012260169537799,-0.9279398234010284,TIME_LIMIT,244849,0,0,30,0
2,12,3.133365e6,-4.011413325271283,-0.9279398234010284,TIME_LIMIT,244899,0,0,29,0
2,12,3.133892e6,-4.011413325271283,-0.9279398234010284,TIME_LIMIT,244935,0,0,33,0
2,12,3.134407e6,-4.011413325271283,-0.9279398234010284,TIME_LIMIT,244981,0,0,27,0
2,12,3.13492e6,-4.011413325271283,-0.9279398234010284,TIME_LIMIT,245007,0,0,18,0
2,12,3.135432e6,-4.011413325271283,-0.9279398234010284,TIME_LIMIT,245058,0,0,30,0
2,12,3.135945e6,-4.011413325271283,-0.9279398234010284,TIME_LIMIT,245096,0,0,36,0
2,12,3.136468e6,-4.011413325271283,-0.9279398234010284,TIME_LIMIT,245130,0,0,17,0
2,12,3.13698e6,-4.011413325271283,-0.9279398234010284,TIME_LIMIT,245162,0,0,28,0
2,12,3.137494e6,-4.011413325271283,-0.9279398234010284,TIME_LIMIT,245217,0,0,30,0
2,12,3.138006e6,-4.011413325271283,-0.9279398234010284,TIME_LIMIT,245252,0,0,35,0
2,12,3.138516e6,-4.011413325271283,-0.9279398234010284,TIME_LIMIT,245287,0,0,31,0
2,12,3.13904e6,-4.011413325271283,-0.9279398234010284,TIME_LIMIT,245317,0,0,30,0
2,12,3.139552e6,-4.0113933095015994,-0.9279398234010284,TIME_LIMIT,245363,0,0,12,0
2,12,3.140066e6,-4.0113933095015994,-0.9279398234010284,TIME_LIMIT,245401,0,0,30,0
2,12,3.140581e6,-4.0113757078517285,-0.9279398234010284,TIME_LIMIT,245451,0,0,24,0
2,12,3.141094e6,-4.0113757078517285,-0.9279398234010284,TIME_LIMIT,245481,0,0,43,0
2,12,3.14162e6,-4.011292034634623,-0.9279398234010284,TIME_LIMIT,245529,0,0,31,0
2,12,3.14214e6,-4.011292034634623,-0.9279398234010284,TIME_LIMIT,245564,0,0,43,0
2,12,3.142655e6,-4.011292034634623,-0.9279398234010284,TIME_LIMIT,245611,0,0,34,0
2,12,3.143168e6,-4.011292034634623,-0.9279398234010284,TIME_LIMIT,245640,0,0,39,0
2,12,3.143684e6,-4.011292034634623,-0.9279398234010284,TIME_LIMIT,245695,0,0,30,0
2,12,3.144211e6,-4.011292034634623,-0.9279398234010284,TIME_LIMIT,245727,0,0,28,0
2,12,3.144724e6,-4.011292034634623,-0.9279398234010284,TIME_LIMIT,245771,0,0,16,0
2,12,3.145235e6,-4.011292034634623,-0.9279398234010284,TIME_LIMIT,245798,0,0,32,0
2,12,3.145744e6,-4.011196834438242,-0.9279398234010284,TIME_LIMIT,245846,0,0,29,0
2,12,3.146253e6,-4.011196834438242,-0.9279398234010284,TIME_LIMIT,245876,0,0,32,0
2,12,3.146776e6,-4.011164830516505,-0.9279398234010284,TIME_LIMIT,245923,0,0,29,0
2,12,3.147293e6,-4.011164830516505,-0.9279398234010284,TIME_LIMIT,245954,0,0,34,0
2,12,3.147805e6,-4.011164830516505,-0.9279398234010284,TIME_LIMIT,246001,0,0,26,0
2,12,3.148306e6,-4.011164830516505,-0.9279398234010284,TIME_LIMIT,246040,0,0,42,0
2,12,3.148816e6,-4.011041607749541,-0.9279398234010284,TIME_LIMIT,246086,0,0,26,0
2,12,3.149327e6,-4.011041607749541,-0.9279398234010284,TIME_LIMIT,246119,0,0,21,0
2,12,3.149854e6,-4.011041607749541,-0.9279398234010284,TIME_LIMIT,246165,0,0,17,0
2,12,3.15037e6,-4.011041607749541,-0.9279398234010284,TIME_LIMIT,246203,0,0,34,0
2,12,3.150884e6,-4.010922643089823,-0.9279398234010284,TIME_LIMIT,246243,0,0,37,0
2,12,3.151398e6,-4.010922643089823,-0.9279398234010284,TIME_LIMIT,246275,0,0,35,0
2,12,3.151911e6,-4.010877677792658,-0.9279398234010284,TIME_LIMIT,246323,0,0,12,0
2,12,3.152427e6,-4.010877677792658,-0.9279398234010284,TIME_LIMIT,246361,0,0,43,0
2,12,3.152955e6,-4.010877677792658,-0.9279398234010284,TIME_LIMIT,246414,0,0,29,0
2,12,3.153477e6,-4.010877677792658,-0.9279398234010284,TIME_LIMIT,246449,0,0,39,0
2,12,3.153999e6,-4.010727407545168,-0.9279398234010284,TIME_LIMIT,246494,0,0,33,0
2,12,3.154516e6,-4.010727407545168,-0.9279398234010284,TIME_LIMIT,246537,0,0,22,0
2,12,3.155031e6,-4.01050268978592,-0.9279398234010284,TIME_LIMIT,246574,0,0,35,0
2,12,3.155566e6,-4.01050268978592,-0.9279398234010284,TIME_LIMIT,246607,0,0,28,0
2,12,3.156087e6,-4.009809147797478,-0.9279398234010284,TIME_LIMIT,246663,0,0,30,0
2,12,3.156605e6,-4.009809147797478,-0.9279398234010284,TIME_LIMIT,246698,0,0,38,0
2,12,3.157123e6,-4.009809147797478,-0.9279398234010284,TIME_LIMIT,246748,0,0,33,0
2,12,3.157642e6,-4.009809147797478,-0.9279398234010284,TIME_LIMIT,246779,0,0,40,0
2,12,3.158157e6,-4.009809147797478,-0.9279398234010284,TIME_LIMIT,246830,0,0,29,0
2,12,3.158686e6,-4.009809147797478,-0.9279398234010284,TIME_LIMIT,246860,0,0,33,0
2,12,3.159219e6,-4.009809147797478,-0.9279398234010284,TIME_LIMIT,246913,0,0,32,0
2,12,3.159739e6,-4.009809147797478,-0.9279398234010284,TIME_LIMIT,246951,0,0,39,0
2,12,3.160257e6,-4.009809147797478,-0.9279398234010284,TIME_LIMIT,247004,0,0,37,0
2,12,3.160773e6,-4.009809147797478,-0.9279398234010284,TIME_LIMIT,247043,0,0,41,0
2,12,3.161303e6,-4.009694565540175,-0.9279398234010284,TIME_LIMIT,247099,0,0,31,0
2,12,3.161816e6,-4.009694565540175,-0.9279398234010284,TIME_LIMIT,247134,0,0,39,0
2,12,3.162331e6,-4.009532058153642,-0.9279398234010284,TIME_LIMIT,247184,0,0,30,0
2,12,3.162849e6,-4.009532058153642,-0.9279398234010284,TIME_LIMIT,247221,0,0,41,0
2,12,3.163364e6,-4.009489171909154,-0.9279398234010284,TIME_LIMIT,247273,0,0,14,0
2,12,3.16388e6,-4.009489171909154,-0.9279398234010284,TIME_LIMIT,247301,0,0,39,0
2,12,3.164407e6,-4.008978379441031,-0.9279398234010284,TIME_LIMIT,247348,0,0,27,0
2,12,3.164927e6,-4.008978379441031,-0.9279398234010284,TIME_LIMIT,247392,0,0,35,0
2,12,3.165465e6,-4.008978379441031,-0.9279398234010284,TIME_LIMIT,247434,0,0,38,0
2,12,3.165977e6,-4.008978379441031,-0.9279398234010284,TIME_LIMIT,247472,0,0,43,0
2,12,3.16649e6,-4.008921790091751,-0.9279398234010284,TIME_LIMIT,247524,0,0,28,0
2,12,3.167014e6,-4.008921790091751,-0.9279398234010284,TIME_LIMIT,247563,0,0,42,0
2,12,3.167524e6,-4.008760221949126,-0.9279398234010284,TIME_LIMIT,247619,0,0,24,0
2,12,3.168038e6,-4.008760221949126,-0.9279398234010284,TIME_LIMIT,247655,0,0,44,0
2,12,3.168548e6,-4.008750605762273,-0.9279398234010284,TIME_LIMIT,247703,0,0,26,0
2,12,3.169058e6,-4.008750605762273,-0.9279398234010284,TIME_LIMIT,247730,0,0,32,0
2,12,3.169565e6,-4.008612378176015,-0.9279398234010284,TIME_LIMIT,247778,0,0,29,0
2,12,3.170089e6,-4.008612378176015,-0.9279398234010284,TIME_LIMIT,247814,0,0,38,0
2,12,3.170599e6,-4.008135815067869,-0.9279398234010284,TIME_LIMIT,247866,0,0,34,0
2,12,3.17112e6,-4.008135815067869,-0.9279398234010284,TIME_LIMIT,247895,0,0,34,0
2,12,3.171631e6,-4.008135815067869,-0.9279398234010284,TIME_LIMIT,247942,0,0,33,0
2,12,3.172141e6,-4.008135815067869,-0.9279398234010284,TIME_LIMIT,247974,0,0,37,0
2,12,3.17267e6,-4.008132804413772,-0.9279398234010284,TIME_LIMIT,248024,0,0,34,0
2,12,3.173184e6,-4.008132804413772,-0.9279398234010284,TIME_LIMIT,248056,0,0,24,0
2,12,3.173694e6,-4.0080746906457065,-0.9279398234010284,TIME_LIMIT,248104,0,0,31,0
2,12,3.174205e6,-4.0080746906457065,-0.9279398234010284,TIME_LIMIT,248129,0,0,26,0
2,12,3.174717e6,-4.008045137923382,-0.9279398234010284,TIME_LIMIT,248173,0,0,22,0
2,12,3.175226e6,-4.008045137923382,-0.9279398234010284,TIME_LIMIT,248203,0,0,35,0
2,12,3.175749e6,-4.008023301977347,-0.9279398234010284,TIME_LIMIT,248250,0,0,29,0
2,12,3.176259e6,-4.008023301977347,-0.9279398234010284,TIME_LIMIT,248278,0,0,38,0
2,12,3.176769e6,-4.007960916192243,-0.9279398234010284,TIME_LIMIT,248333,0,0,29,0
2,12,3.17728e6,-4.007960916192243,-0.9279398234010284,TIME_LIMIT,248367,0,0,34,0
2,12,3.177793e6,-4.0079333526691485,-0.9279398234010284,TIME_LIMIT,248416,0,0,28,0
2,12,3.178305e6,-4.0079333526691485,-0.9279398234010284,TIME_LIMIT,248454,0,0,43,0
2,12,3.178829e6,-4.007883049377318,-0.9279398234010284,TIME_LIMIT,248504,0,0,30,0
2,12,3.179342e6,-4.007883049377318,-0.9279398234010284,TIME_LIMIT,248547,0,0,30,0
2,12,3.179858e6,-4.007659571330109,-0.9279398234010284,TIME_LIMIT,248586,0,0,33,0
2,12,3.180373e6,-4.007659571330109,-0.9279398234010284,TIME_LIMIT,248613,0,0,52,0
2,12,3.180885e6,-4.007554928786914,-0.9279398234010284,TIME_LIMIT,248661,0,0,26,0
2,12,3.181401e6,-4.007554928786914,-0.9279398234010284,TIME_LIMIT,248693,0,0,45,0
2,12,3.18193e6,-4.007534003840961,-0.9279398234010284,TIME_LIMIT,248746,0,0,27,0
2,12,3.182445e6,-4.007534003840961,-0.9279398234010284,TIME_LIMIT,248781,0,0,40,0
2,12,3.182962e6,-4.007119424162257,-0.9279398234010284,TIME_LIMIT,248829,0,0,16,0
2,12,3.183476e6,-4.007119424162257,-0.9279398234010284,TIME_LIMIT,248862,0,0,33,0
2,12,3.183992e6,-4.007087134406286,-0.9279398234010284,TIME_LIMIT,248913,0,0,27,0
2,12,3.184505e6,-4.007087134406286,-0.9279398234010284,TIME_LIMIT,248941,0,0,40,0
2,12,3.185032e6,-4.0070057926377345,-0.9279398234010284,TIME_LIMIT,248997,0,0,33,0
2,12,3.185549e6,-4.0070057926377345,-0.9279398234010284,TIME_LIMIT,249026,0,0,42,0
2,12,3.186065e6,-4.0070057926377345,-0.9279398234010284,TIME_LIMIT,249076,0,0,17,0
2,12,3.186581e6,-4.0070057926377345,-0.9279398234010284,TIME_LIMIT,249102,0,0,21,0
2,12,3.187105e6,-4.006860250993181,-0.9279398234010284,TIME_LIMIT,249163,0,0,12,0
2,12,3.187621e6,-4.006860250993181,-0.9279398234010284,TIME_LIMIT,249194,0,0,24,0
2,12,3.188155e6,-4.0068472069963565,-0.9279398234010284,TIME_LIMIT,249252,0,0,16,0
2,12,3.188668e6,-4.0068472069963565,-0.9279398234010284,TIME_LIMIT,249290,0,0,32,0
2,12,3.188966e6,-4.0068198719312385,-0.9279398234010284,TIME_LIMIT,249330,0,0,16,0
2,12,3.189482e6,-4.0068198719312385,-0.9279398234010284,TIME_LIMIT,249363,0,0,45,0
2,12,3.19001e6,-4.006663310966412,-0.9279398234010284,TIME_LIMIT,249418,0,0,35,0
2,12,3.190524e6,-4.006663310966412,-0.9279398234010284,TIME_LIMIT,249460,0,0,36,0
2,12,3.191035e6,-4.006593354104368,-0.9279398234010284,TIME_LIMIT,249503,0,0,30,0
2,12,3.191548e6,-4.006593354104368,-0.9279398234010284,TIME_LIMIT,249538,0,0,31,0
2,12,3.192057e6,-4.006526201011072,-0.9279398234010284,TIME_LIMIT,249577,0,0,36,0
2,12,3.192567e6,-4.006526201011072,-0.9279398234010284,TIME_LIMIT,249606,0,0,28,0
2,12,3.193091e6,-4.006446031956566,-0.9279398234010284,TIME_LIMIT,249652,0,0,19,0
2,12,3.193597e6,-4.006446031956566,-0.9279398234010284,TIME_LIMIT,249695,0,0,43,0
2,12,3.194113e6,-4.006446031956566,-0.9279398234010284,TIME_LIMIT,249735,0,0,37,0
2,12,3.194628e6,-4.006446031956566,-0.9279398234010284,TIME_LIMIT,249768,0,0,44,0
2,12,3.195144e6,-4.006446031956566,-0.9279398234010284,TIME_LIMIT,249820,0,0,36,0
2,12,3.19566e6,-4.006446031956566,-0.9279398234010284,TIME_LIMIT,249852,0,0,50,0
2,12,3.196174e6,-4.006446031956566,-0.9279398234010284,TIME_LIMIT,249904,0,0,36,0
2,12,3.196702e6,-4.006446031956566,-0.9279398234010284,TIME_LIMIT,249934,0,0,49,0
2,12,3.197219e6,-4.006416049800723,-0.9279398234010284,TIME_LIMIT,249987,0,0,37,0
2,12,3.197739e6,-4.006416049800723,-0.9279398234010284,TIME_LIMIT,250012,0,0,19,0
2,12,3.198254e6,-4.006410849505845,-0.9279398234010284,TIME_LIMIT,250061,0,0,31,0
2,12,3.198767e6,-4.006410849505845,-0.9279398234010284,TIME_LIMIT,250096,0,0,47,0
2,12,3.199283e6,-4.006410849505845,-0.9279398234010284,TIME_LIMIT,250139,0,0,25,0
2,12,3.199809e6,-4.006410849505845,-0.9279398234010284,TIME_LIMIT,250169,0,0,37,0
2,12,3.200322e6,-4.006410849505845,-0.9279398234010284,TIME_LIMIT,250223,0,0,31,0
2,12,3.200836e6,-4.006410849505845,-0.9279398234010284,TIME_LIMIT,250256,0,0,34,0
2,12,3.201363e6,-4.006410849505845,-0.9279398234010284,TIME_LIMIT,250308,0,0,28,0
2,12,3.201875e6,-4.006410849505845,-0.9279398234010284,TIME_LIMIT,250341,0,0,46,0
2,12,3.202391e6,-4.006186016752467,-0.9279398234010284,TIME_LIMIT,250390,0,0,29,0
2,12,3.202921e6,-4.006186016752467,-0.9279398234010284,TIME_LIMIT,250416,0,0,40,0
2,12,3.203435e6,-4.006186016752467,-0.9279398234010284,TIME_LIMIT,250464,0,0,31,0
2,12,3.203951e6,-4.006186016752467,-0.9279398234010284,TIME_LIMIT,250494,0,0,37,0
2,12,3.204464e6,-4.005922079369634,-0.9279398234010284,TIME_LIMIT,250537,0,0,28,0
2,12,3.204978e6,-4.005922079369634,-0.9279398234010284,TIME_LIMIT,250567,0,0,38,0
2,12,3.20549e6,-4.005852755738223,-0.9279398234010284,TIME_LIMIT,250622,0,0,33,0
2,12,3.205999e6,-4.005852755738223,-0.9279398234010284,TIME_LIMIT,250653,0,0,34,0
2,12,3.206524e6,-4.0058429544421035,-0.9279398234010284,TIME_LIMIT,250699,0,0,25,0
2,12,3.207069e6,-4.0058429544421035,-0.9279398234010284,TIME_LIMIT,250726,0,0,48,0
2,12,3.20758e6,-4.0058386950151785,-0.9279398234010284,TIME_LIMIT,250777,0,0,30,0
2,12,3.208093e6,-4.0058386950151785,-0.9279398234010284,TIME_LIMIT,250820,0,0,38,0
2,12,3.208603e6,-4.005703076174381,-0.9279398234010284,TIME_LIMIT,250861,0,0,33,0
2,12,3.209116e6,-4.005703076174381,-0.9279398234010284,TIME_LIMIT,250895,0,0,52,0
2,12,3.209644e6,-4.005415748132436,-0.9279398234010284,TIME_LIMIT,250942,0,0,33,0
2,12,3.210161e6,-4.005415748132436,-0.9279398234010284,TIME_LIMIT,250980,0,0,43,0
2,12,3.210676e6,-4.005415748132436,-0.9279398234010284,TIME_LIMIT,251030,0,0,30,0
2,12,3.21119e6,-4.005415748132436,-0.9279398234010284,TIME_LIMIT,251060,0,0,29,0
2,12,3.211707e6,-4.004925083964359,-0.9279398234010284,TIME_LIMIT,251109,0,0,20,0
2,12,3.212224e6,-4.004925083964359,-0.9279398234010284,TIME_LIMIT,251149,0,0,36,0
2,12,3.212748e6,-4.004895060003857,-0.9279398234010284,TIME_LIMIT,251183,0,0,24,0
2,12,3.213278e6,-4.004895060003857,-0.9279398234010284,TIME_LIMIT,251222,0,0,21,0
2,12,3.213795e6,-4.004895060003857,-0.9279398234010284,TIME_LIMIT,251278,0,0,33,0
2,12,3.214319e6,-4.004895060003857,-0.9279398234010284,TIME_LIMIT,251309,0,0,32,0
2,12,3.214839e6,-4.0048699722690735,-0.9279398234010284,TIME_LIMIT,251361,0,0,30,0
2,12,3.215358e6,-4.0048699722690735,-0.9279398234010284,TIME_LIMIT,251400,0,0,39,0
2,12,3.215879e6,-4.0048699722690735,-0.9279398234010284,TIME_LIMIT,251450,0,0,33,0
2,12,3.216412e6,-4.0048699722690735,-0.9279398234010284,TIME_LIMIT,251480,0,0,35,0
2,12,3.216931e6,-4.0048699722690735,-0.9279398234010284,TIME_LIMIT,251536,0,0,40,0
2,12,3.217454e6,-4.0048699722690735,-0.9279398234010284,TIME_LIMIT,251577,0,0,50,0
2,12,3.217973e6,-4.0048699722690735,-0.9279398234010284,TIME_LIMIT,251621,0,0,26,0
2,12,3.218493e6,-4.0048699722690735,-0.9279398234010284,TIME_LIMIT,251649,0,0,37,0
2,12,3.219011e6,-4.0048699722690735,-0.9279398234010284,TIME_LIMIT,251703,0,0,35,0
2,12,3.21953e6,-4.0048699722690735,-0.9279398234010284,TIME_LIMIT,251739,0,0,50,0
2,12,3.22006e6,-4.0048699722690735,-0.9279398234010284,TIME_LIMIT,251789,0,0,19,0
2,12,3.220579e6,-4.0048699722690735,-0.9279398234010284,TIME_LIMIT,251827,0,0,39,0
2,12,3.221093e6,-4.0048699722690735,-0.9279398234010284,TIME_LIMIT,251874,0,0,30,0
2,12,3.221608e6,-4.0048699722690735,-0.9279398234010284,TIME_LIMIT,251904,0,0,38,0
2,12,3.222124e6,-4.0048699722690735,-0.9279398234010284,TIME_LIMIT,251960,0,0,37,0
2,12,3.222639e6,-4.0048699722690735,-0.9279398234010284,TIME_LIMIT,251991,0,0,43,0
2,12,3.223167e6,-4.0048699722690735,-0.9279398234010284,TIME_LIMIT,252046,0,0,14,0
2,12,3.223681e6,-4.0048699722690735,-0.9279398234010284,TIME_LIMIT,252071,0,0,49,0
2,12,3.224196e6,-4.0048699722690735,-0.9279398234010284,TIME_LIMIT,252123,0,0,22,0
2,12,3.22471e6,-4.0048699722690735,-0.9279398234010284,TIME_LIMIT,252163,0,0,33,0
2,12,3.225224e6,-4.0048699722690735,-0.9279398234010284,TIME_LIMIT,252203,0,0,35,0
2,12,3.225735e6,-4.0048699722690735,-0.9279398234010284,TIME_LIMIT,252229,0,0,41,0
2,12,3.226245e6,-4.0048699722690735,-0.9279398234010284,TIME_LIMIT,252278,0,0,26,0
2,12,3.226769e6,-4.0048699722690735,-0.9279398234010284,TIME_LIMIT,252306,0,0,35,0
2,12,3.227279e6,-4.0048699722690735,-0.9279398234010284,TIME_LIMIT,252357,0,0,30,0
2,12,3.227792e6,-4.0048699722690735,-0.9279398234010284,TIME_LIMIT,252385,0,0,22,0
2,12,3.228313e6,-4.0048699722690735,-0.9279398234010284,TIME_LIMIT,252439,0,0,30,0
2,12,3.228826e6,-4.0048699722690735,-0.9279398234010284,TIME_LIMIT,252473,0,0,34,0
2,12,3.229335e6,-4.0048699722690735,-0.9279398234010284,TIME_LIMIT,252520,0,0,30,0
2,12,3.229848e6,-4.0048699722690735,-0.9279398234010284,TIME_LIMIT,252552,0,0,40,0
2,12,3.230373e6,-4.004642496291282,-0.9279398234010284,TIME_LIMIT,252603,0,0,34,0
2,12,3.230885e6,-4.004642496291282,-0.9279398234010284,TIME_LIMIT,252637,0,0,37,0
2,12,3.231399e6,-4.004449204345218,-0.9279398234010284,TIME_LIMIT,252687,0,0,33,0
2,12,3.231911e6,-4.004449204345218,-0.9279398234010284,TIME_LIMIT,252725,0,0,37,0
2,12,3.232425e6,-4.004449204345218,-0.9279398234010284,TIME_LIMIT,252771,0,0,40,0
2,12,3.232937e6,-4.004449204345218,-0.9279398234010284,TIME_LIMIT,252808,0,0,19,0
2,12,3.23345e6,-4.004449204345218,-0.9279398234010284,TIME_LIMIT,252863,0,0,37,0
2,12,3.233972e6,-4.004449204345218,-0.9279398234010284,TIME_LIMIT,252909,0,0,39,0
2,12,3.234482e6,-4.004449204345218,-0.9279398234010284,TIME_LIMIT,252951,0,0,35,0
2,12,3.234994e6,-4.004449204345218,-0.9279398234010284,TIME_LIMIT,252984,0,0,44,0
2,12,3.235504e6,-4.004449204345218,-0.9279398234010284,TIME_LIMIT,253039,0,0,32,0
2,12,3.236014e6,-4.004449204345218,-0.9279398234010284,TIME_LIMIT,253080,0,0,46,0
2,12,3.236525e6,-4.004449204345218,-0.9279398234010284,TIME_LIMIT,253132,0,0,24,0
2,12,3.237039e6,-4.004449204345218,-0.9279398234010284,TIME_LIMIT,253172,0,0,43,0
2,12,3.237563e6,-4.004449204345218,-0.9279398234010284,TIME_LIMIT,253223,0,0,26,0
2,12,3.238073e6,-4.004449204345218,-0.9279398234010284,TIME_LIMIT,253256,0,0,19,0
2,12,3.238584e6,-4.004449204345218,-0.9279398234010284,TIME_LIMIT,253311,0,0,15,0
2,12,3.239095e6,-4.004449204345218,-0.9279398234010284,TIME_LIMIT,253340,0,0,48,0
2,12,3.239606e6,-4.004449204345218,-0.9279398234010284,TIME_LIMIT,253393,0,0,26,0
2,12,3.240121e6,-4.004449204345218,-0.9279398234010284,TIME_LIMIT,253440,0,0,28,0
2,12,3.240635e6,-4.004449204345218,-0.9279398234010284,TIME_LIMIT,253476,0,0,18,0
2,12,3.241149e6,-4.004449204345218,-0.9279398234010284,TIME_LIMIT,253511,0,0,42,0
2,12,3.241676e6,-4.004425330514609,-0.9279398234010284,TIME_LIMIT,253560,0,0,29,0
2,12,3.242131e6,-4.004425330514609,-0.9279398234010284,TIME_LIMIT,253605,0,0,32,0
2,12,3.242612e6,-4.004425330514609,-0.9279398234010284,TIME_LIMIT,253646,0,0,37,0
2,12,3.243006e6,-4.004425330514609,-0.9279398234010284,TIME_LIMIT,253680,0,0,38,0
2,12,3.24353e6,-4.004425330514609,-0.9279398234010284,TIME_LIMIT,253729,0,0,26,0
2,12,3.243887e6,-4.004425330514609,-0.9279398234010284,TIME_LIMIT,253760,0,0,43,0
2,12,3.244409e6,-4.004425330514609,-0.9279398234010284,TIME_LIMIT,253804,0,0,17,0
2,12,3.244929e6,-4.004425330514609,-0.9279398234010284,TIME_LIMIT,253840,0,0,34,0
2,12,3.245447e6,-4.004425330514609,-0.9279398234010284,TIME_LIMIT,253891,0,0,28,0
2,12,3.24598e6,-4.004425330514609,-0.9279398234010284,TIME_LIMIT,253926,0,0,40,0
2,12,3.246497e6,-4.004359956387141,-0.9279398234010284,TIME_LIMIT,253971,0,0,14,0
2,12,3.246946e6,-4.004359956387141,-0.9279398234010284,TIME_LIMIT,254005,0,0,41,0
2,12,3.247479e6,-4.0043493835277415,-0.9279398234010284,TIME_LIMIT,254052,0,0,28,0
2,12,3.247999e6,-4.0043493835277415,-0.9279398234010284,TIME_LIMIT,254083,0,0,34,0
2,12,3.248516e6,-4.0042878518005365,-0.9279398234010284,TIME_LIMIT,254136,0,0,28,0
2,12,3.249048e6,-4.0042878518005365,-0.9279398234010284,TIME_LIMIT,254167,0,0,51,0
2,12,3.249568e6,-4.0042878518005365,-0.9279398234010284,TIME_LIMIT,254222,0,0,38,0
2,12,3.250084e6,-4.0042878518005365,-0.9279398234010284,TIME_LIMIT,254256,0,0,52,0
2,12,3.2506e6,-4.0042878518005365,-0.9279398234010284,TIME_LIMIT,254307,0,0,35,0
2,12,3.251123e6,-4.0042878518005365,-0.9279398234010284,TIME_LIMIT,254342,0,0,26,0
2,12,3.251649e6,-4.0042878518005365,-0.9279398234010284,TIME_LIMIT,254397,0,0,36,0
2,12,3.25216e6,-4.0042878518005365,-0.9279398234010284,TIME_LIMIT,254428,0,0,34,0
2,12,3.252673e6,-4.0042878518005365,-0.9279398234010284,TIME_LIMIT,254477,0,0,28,0
2,12,3.25319e6,-4.0042878518005365,-0.9279398234010284,TIME_LIMIT,254510,0,0,32,0
2,12,3.253706e6,-4.004042609046632,-0.9279398234010284,TIME_LIMIT,254562,0,0,39,0
2,12,3.254221e6,-4.004042609046632,-0.9279398234010284,TIME_LIMIT,254595,0,0,24,0
2,12,3.254739e6,-4.0039487081176794,-0.9279398234010284,TIME_LIMIT,254645,0,0,34,0
2,12,3.255292e6,-4.0039487081176794,-0.9279398234010284,TIME_LIMIT,254680,0,0,10,0
2,12,3.255819e6,-4.003667756246899,-0.9279398234010284,TIME_LIMIT,254725,0,0,29,0
2,12,3.256337e6,-4.003667756246899,-0.9279398234010284,TIME_LIMIT,254753,0,0,35,0
2,12,3.256852e6,-4.003196184615488,-0.9279398234010284,TIME_LIMIT,254807,0,0,31,0
2,12,3.257371e6,-4.003196184615488,-0.9279398234010284,TIME_LIMIT,254849,0,0,33,0
2,12,3.257884e6,-4.003196184615488,-0.9279398234010284,TIME_LIMIT,254902,0,0,21,0
2,12,3.2584e6,-4.003196184615488,-0.9279398234010284,TIME_LIMIT,254937,0,0,41,0
2,12,3.258918e6,-4.002919829985611,-0.9279398234010284,TIME_LIMIT,254986,0,0,17,0
2,12,3.259434e6,-4.002919829985611,-0.9279398234010284,TIME_LIMIT,255024,0,0,36,0
2,12,3.259962e6,-4.002919829985611,-0.9279398234010284,TIME_LIMIT,255074,0,0,31,0
2,12,3.260476e6,-4.002919829985611,-0.9279398234010284,TIME_LIMIT,255110,0,0,49,0
2,12,3.260992e6,-4.002798837421901,-0.9279398234010284,TIME_LIMIT,255165,0,0,28,0
2,12,3.261519e6,-4.002798837421901,-0.9279398234010284,TIME_LIMIT,255199,0,0,37,0
2,12,3.262036e6,-4.002675332112535,-0.9279398234010284,TIME_LIMIT,255246,0,0,27,0
2,12,3.262554e6,-4.002675332112535,-0.9279398234010284,TIME_LIMIT,255284,0,0,28,0
2,12,3.263069e6,-4.002527961235616,-0.9279398234010284,TIME_LIMIT,255316,0,0,29,0
2,12,3.26359e6,-4.002527961235616,-0.9279398234010284,TIME_LIMIT,255349,0,0,37,0
2,12,3.264118e6,-4.002481587827257,-0.9279398234010284,TIME_LIMIT,255399,0,0,15,0
2,12,3.264632e6,-4.002481587827257,-0.9279398234010284,TIME_LIMIT,255441,0,0,36,0
2,12,3.265146e6,-4.002249439230381,-0.9279398234010284,TIME_LIMIT,255474,0,0,19,0
2,12,3.26566e6,-4.002249439230381,-0.9279398234010284,TIME_LIMIT,255505,0,0,37,0
2,12,3.266173e6,-4.0022185157499335,-0.9279398234010284,TIME_LIMIT,255557,0,0,32,0
2,12,3.266687e6,-4.0022185157499335,-0.9279398234010284,TIME_LIMIT,255594,0,0,40,0
2,12,3.267198e6,-4.0022185157499335,-0.9279398234010284,TIME_LIMIT,255646,0,0,26,0
2,12,3.267712e6,-4.0022185157499335,-0.9279398234010284,TIME_LIMIT,255681,0,0,38,0
2,12,3.268237e6,-4.002056348625508,-0.9279398234010284,TIME_LIMIT,255733,0,0,33,0
2,12,3.268753e6,-4.002056348625508,-0.9279398234010284,TIME_LIMIT,255760,0,0,43,0
2,12,3.269273e6,-4.001995116026761,-0.9279398234010284,TIME_LIMIT,255811,0,0,27,0
2,12,3.269792e6,-4.001995116026761,-0.9279398234010284,TIME_LIMIT,255845,0,0,29,0
2,12,3.270309e6,-4.001863503680712,-0.9279398234010284,TIME_LIMIT,255899,0,0,31,0
2,12,3.27083e6,-4.001863503680712,-0.9279398234010284,TIME_LIMIT,255939,0,0,40,0
2,12,3.271348e6,-4.001696933975623,-0.9279398234010284,TIME_LIMIT,255989,0,0,26,0
2,12,3.271864e6,-4.001696933975623,-0.9279398234010284,TIME_LIMIT,256021,0,0,32,0
2,12,3.272382e6,-4.001453922011031,-0.9279398234010284,TIME_LIMIT,256066,0,0,27,0
2,12,3.272915e6,-4.001453922011031,-0.9279398234010284,TIME_LIMIT,256100,0,0,47,0
2,12,3.273434e6,-4.001453922011031,-0.9279398234010284,TIME_LIMIT,256152,0,0,31,0
2,12,3.27395e6,-4.001453922011031,-0.9279398234010284,TIME_LIMIT,256183,0,0,47,0
2,12,3.27447e6,-4.001453922011031,-0.9279398234010284,TIME_LIMIT,256236,0,0,32,0
2,12,3.274994e6,-4.001453922011031,-0.9279398234010284,TIME_LIMIT,256267,0,0,44,0
2,12,3.275514e6,-4.001453922011031,-0.9279398234010284,TIME_LIMIT,256321,0,0,32,0
2,12,3.276034e6,-4.001453922011031,-0.9279398234010284,TIME_LIMIT,256351,0,0,35,0
2,12,3.276553e6,-4.001453922011031,-0.9279398234010284,TIME_LIMIT,256402,0,0,34,0
2,12,3.277085e6,-4.001453922011031,-0.9279398234010284,TIME_LIMIT,256434,0,0,35,0
2,12,3.277606e6,-4.001453922011031,-0.9279398234010284,TIME_LIMIT,256488,0,0,31,0
2,12,3.278124e6,-4.001453922011031,-0.9279398234010284,TIME_LIMIT,256517,0,0,35,0
2,12,3.27865e6,-4.001453922011031,-0.9279398234010284,TIME_LIMIT,256569,0,0,22,0
2,12,3.279174e6,-4.001453922011031,-0.9279398234010284,TIME_LIMIT,256614,0,0,38,0
2,12,3.279692e6,-4.001409030070789,-0.9279398234010284,TIME_LIMIT,256655,0,0,39,0
2,12,3.280212e6,-4.001409030070789,-0.9279398234010284,TIME_LIMIT,256687,0,0,41,0
2,12,3.280731e6,-4.001409030070789,-0.9279398234010284,TIME_LIMIT,256733,0,0,27,0
2,12,3.281248e6,-4.001409030070789,-0.9279398234010284,TIME_LIMIT,256768,0,0,35,0
2,12,3.281776e6,-4.001409030070789,-0.9279398234010284,TIME_LIMIT,256821,0,0,34,0
2,12,3.282295e6,-4.001409030070789,-0.9279398234010284,TIME_LIMIT,256856,0,0,48,0
2,12,3.282812e6,-4.001409030070789,-0.9279398234010284,TIME_LIMIT,256902,0,0,29,0
2,12,3.283331e6,-4.001409030070789,-0.9279398234010284,TIME_LIMIT,256930,0,0,40,0
2,12,3.283846e6,-4.00122136963711,-0.9279398234010284,TIME_LIMIT,256983,0,0,37,0
2,12,3.284363e6,-4.00122136963711,-0.9279398234010284,TIME_LIMIT,257009,0,0,20,0
2,12,3.284877e6,-4.001006556271655,-0.9279398234010284,TIME_LIMIT,257056,0,0,20,0
2,12,3.285397e6,-4.001006556271655,-0.9279398234010284,TIME_LIMIT,257088,0,0,40,0
2,12,3.285915e6,-4.000844146364271,-0.9279398234010284,TIME_LIMIT,257140,0,0,29,0
2,12,3.286443e6,-4.000844146364271,-0.9279398234010284,TIME_LIMIT,257173,0,0,41,0
2,12,3.286955e6,-4.000788424705935,-0.9279398234010284,TIME_LIMIT,257233,0,0,35,0
2,12,3.287467e6,-4.000788424705935,-0.9279398234010284,TIME_LIMIT,257269,0,0,40,0
2,12,3.287979e6,-4.000773841342548,-0.9279398234010284,TIME_LIMIT,257318,0,0,31,0
2,12,3.288496e6,-4.000773841342548,-0.9279398234010284,TIME_LIMIT,257356,0,0,29,0
2,12,3.289018e6,-4.000773841342548,-0.9279398234010284,TIME_LIMIT,257392,0,0,30,0
2,12,3.289534e6,-4.000773841342548,-0.9279398234010284,TIME_LIMIT,257422,0,0,28,0
2,12,3.290045e6,-4.000677038570459,-0.9279398234010284,TIME_LIMIT,257467,0,0,23,0
2,12,3.290558e6,-4.000677038570459,-0.9279398234010284,TIME_LIMIT,257502,0,0,40,0
2,12,3.291083e6,-4.0004435402647776,-0.9279398234010284,TIME_LIMIT,257552,0,0,17,0
2,12,3.291597e6,-4.0004435402647776,-0.9279398234010284,TIME_LIMIT,257581,0,0,24,0
2,12,3.292109e6,-4.000349789906612,-0.9279398234010284,TIME_LIMIT,257633,0,0,25,0
2,12,3.292636e6,-4.000349789906612,-0.9279398234010284,TIME_LIMIT,257669,0,0,19,0
2,12,3.293148e6,-4.000349789906612,-0.9279398234010284,TIME_LIMIT,257720,0,0,31,0
2,12,3.293664e6,-4.000349789906612,-0.9279398234010284,TIME_LIMIT,257748,0,0,29,0
2,12,3.294176e6,-4.000316948543444,-0.9279398234010284,TIME_LIMIT,257796,0,0,27,0
2,12,3.294691e6,-4.000316948543444,-0.9279398234010284,TIME_LIMIT,257828,0,0,17,0
2,12,3.295201e6,-4.000111757965588,-0.9279398234010284,TIME_LIMIT,257878,0,0,18,0
2,12,3.295712e6,-4.000111757965588,-0.9279398234010284,TIME_LIMIT,257923,0,0,29,0
2,12,3.296239e6,-3.999756872808674,-0.9279398234010284,TIME_LIMIT,257960,0,0,11,0
2,12,3.296754e6,-3.999756872808674,-0.9279398234010284,TIME_LIMIT,257994,0,0,42,0
2,12,3.297282e6,-3.9996094928835157,-0.9279398234010284,TIME_LIMIT,258039,0,0,27,0
2,12,3.297794e6,-3.9996094928835157,-0.9279398234010284,TIME_LIMIT,258069,0,0,32,0
2,12,3.298309e6,-3.9995198874144826,-0.9279398234010284,TIME_LIMIT,258123,0,0,33,0
2,12,3.298823e6,-3.9995198874144826,-0.9279398234010284,TIME_LIMIT,258156,0,0,34,0
2,12,3.299335e6,-3.9993238204911457,-0.9279398234010284,TIME_LIMIT,258202,0,0,29,0
2,12,3.299846e6,-3.9993238204911457,-0.9279398234010284,TIME_LIMIT,258234,0,0,36,0
2,12,3.300359e6,-3.9989980980879793,-0.9279398234010284,TIME_LIMIT,258282,0,0,28,0
2,12,3.300889e6,-3.9989980980879793,-0.9279398234010284,TIME_LIMIT,258311,0,0,43,0
2,12,3.301406e6,-3.9987753249314704,-0.9279398234010284,TIME_LIMIT,258369,0,0,22,0
2,12,3.301921e6,-3.9987753249314704,-0.9279398234010284,TIME_LIMIT,258406,0,0,39,0
2,12,3.302436e6,-3.9987753249314704,-0.9279398234010284,TIME_LIMIT,258456,0,0,26,0
2,12,3.302953e6,-3.9987753249314704,-0.9279398234010284,TIME_LIMIT,258494,0,0,26,0
2,12,3.303507e6,-3.9987753249314704,-0.9279398234010284,TIME_LIMIT,258548,0,0,18,0
2,12,3.304021e6,-3.9987753249314704,-0.9279398234010284,TIME_LIMIT,258583,0,0,24,0
2,12,3.30454e6,-3.9987753249314704,-0.9279398234010284,TIME_LIMIT,258623,0,0,25,0
2,12,3.305056e6,-3.9987753249314704,-0.9279398234010284,TIME_LIMIT,258655,0,0,36,0
2,12,3.305572e6,-3.9987376472259717,-0.9279398234010284,TIME_LIMIT,258698,0,0,28,0
2,12,3.306099e6,-3.9987376472259717,-0.9279398234010284,TIME_LIMIT,258729,0,0,34,0
2,12,3.306616e6,-3.997939134478659,-0.9279398234010284,TIME_LIMIT,258773,0,0,23,0
2,12,3.307134e6,-3.997939134478659,-0.9279398234010284,TIME_LIMIT,258806,0,0,33,0
2,12,3.307653e6,-3.997939134478659,-0.9279398234010284,TIME_LIMIT,258848,0,0,34,0
2,12,3.308169e6,-3.997939134478659,-0.9279398234010284,TIME_LIMIT,258880,0,0,36,0
2,12,3.308686e6,-3.997558844305807,-0.9279398234010284,TIME_LIMIT,258931,0,0,30,0
2,12,3.309217e6,-3.997558844305807,-0.9279398234010284,TIME_LIMIT,258960,0,0,36,0
2,12,3.309738e6,-3.997558844305807,-0.9279398234010284,TIME_LIMIT,259010,0,0,32,0
2,12,3.310255e6,-3.997558844305807,-0.9279398234010284,TIME_LIMIT,259035,0,0,33,0
2,12,3.310772e6,-3.9975457742081426,-0.9279398234010284,TIME_LIMIT,259085,0,0,20,0
2,12,3.311302e6,-3.9975457742081426,-0.9279398234010284,TIME_LIMIT,259124,0,0,46,0
2,12,3.311819e6,-3.9975457742081426,-0.9279398234010284,TIME_LIMIT,259182,0,0,36,0
2,12,3.312338e6,-3.9975457742081426,-0.9279398234010284,TIME_LIMIT,259218,0,0,39,0
2,12,3.312859e6,-3.9975457742081426,-0.9279398234010284,TIME_LIMIT,259275,0,0,38,0
2,12,3.313376e6,-3.9975457742081426,-0.9279398234010284,TIME_LIMIT,259304,0,0,40,0
2,12,3.313894e6,-3.9975307783712855,-0.9279398234010284,TIME_LIMIT,259353,0,0,31,0
2,12,3.314416e6,-3.9975307783712855,-0.9279398234010284,TIME_LIMIT,259388,0,0,46,0
2,12,3.314934e6,-3.997168127870294,-0.9279398234010284,TIME_LIMIT,259434,0,0,27,0
2,12,3.315452e6,-3.997168127870294,-0.9279398234010284,TIME_LIMIT,259459,0,0,31,0
2,12,3.315969e6,-3.997168127870294,-0.9279398234010284,TIME_LIMIT,259508,0,0,27,0
2,12,3.316485e6,-3.997168127870294,-0.9279398234010284,TIME_LIMIT,259549,0,0,43,0
2,12,3.317016e6,-3.9971678558812145,-0.9279398234010284,TIME_LIMIT,259603,0,0,32,0
2,12,3.31737e6,-3.9971678558812145,-0.9279398234010284,TIME_LIMIT,259643,0,0,46,0
2,12,3.317897e6,-3.9971678558812145,-0.9279398234010284,TIME_LIMIT,259693,0,0,32,0
2,12,3.318416e6,-3.9971678558812145,-0.9279398234010284,TIME_LIMIT,259725,0,0,42,0
2,12,3.318934e6,-3.9970909144471163,-0.9279398234010284,TIME_LIMIT,259776,0,0,21,0
2,12,3.319449e6,-3.9970909144471163,-0.9279398234010284,TIME_LIMIT,259808,0,0,24,0
2,12,3.319968e6,-3.996999032306231,-0.9279398234010284,TIME_LIMIT,259856,0,0,12,0
2,12,3.320484e6,-3.996999032306231,-0.9279398234010284,TIME_LIMIT,259885,0,0,37,0
2,12,3.321003e6,-3.996999032306231,-0.9279398234010284,TIME_LIMIT,259935,0,0,16,0
2,12,3.321524e6,-3.996999032306231,-0.9279398234010284,TIME_LIMIT,259966,0,0,25,0
2,12,3.322039e6,-3.9968945893431336,-0.9279398234010284,TIME_LIMIT,260010,0,0,29,0
2,12,3.32256e6,-3.9968945893431336,-0.9279398234010284,TIME_LIMIT,260040,0,0,49,0
2,12,3.323075e6,-3.9967607061307575,-0.9279398234010284,TIME_LIMIT,260091,0,0,30,0
2,12,3.323607e6,-3.9967607061307575,-0.9279398234010284,TIME_LIMIT,260134,0,0,44,0
2,12,3.324121e6,-3.9967607061307575,-0.9279398234010284,TIME_LIMIT,260185,0,0,18,0
2,12,3.324633e6,-3.9967607061307575,-0.9279398234010284,TIME_LIMIT,260223,0,0,30,0
2,12,3.325145e6,-3.9967607061307575,-0.9279398234010284,TIME_LIMIT,260259,0,0,35,0
2,12,3.32566e6,-3.9967607061307575,-0.9279398234010284,TIME_LIMIT,260287,0,0,35,0
2,12,3.326171e6,-3.9965883986129596,-0.9279398234010284,TIME_LIMIT,260339,0,0,31,0
2,12,3.326686e6,-3.9965883986129596,-0.9279398234010284,TIME_LIMIT,260373,0,0,23,0
2,12,3.327203e6,-3.996319979219294,-0.9279398234010284,TIME_LIMIT,260422,0,0,27,0
2,12,3.327718e6,-3.996319979219294,-0.9279398234010284,TIME_LIMIT,260454,0,0,34,0
2,12,3.328234e6,-3.9962392132539124,-0.9279398234010284,TIME_LIMIT,260506,0,0,27,0
2,12,3.328747e6,-3.9962392132539124,-0.9279398234010284,TIME_LIMIT,260538,0,0,38,0
2,12,3.329262e6,-3.995924225896054,-0.9279398234010284,TIME_LIMIT,260587,0,0,32,0
2,12,3.329794e6,-3.995924225896054,-0.9279398234010284,TIME_LIMIT,260621,0,0,30,0
2,12,3.330313e6,-3.995902978527436,-0.9279398234010284,TIME_LIMIT,260675,0,0,26,0
2,12,3.330831e6,-3.995902978527436,-0.9279398234010284,TIME_LIMIT,260709,0,0,42,0
2,12,3.331349e6,-3.995869367406586,-0.9279398234010284,TIME_LIMIT,260758,0,0,27,0
2,12,3.331867e6,-3.995869367406586,-0.9279398234010284,TIME_LIMIT,260788,0,0,30,0
2,12,3.332385e6,-3.9957036541100135,-0.9279398234010284,TIME_LIMIT,260843,0,0,38,0
2,12,3.332898e6,-3.9957036541100135,-0.9279398234010284,TIME_LIMIT,260874,0,0,19,0
2,12,3.333415e6,-3.995465224026233,-0.9279398234010284,TIME_LIMIT,260925,0,0,31,0
2,12,3.333936e6,-3.995465224026233,-0.9279398234010284,TIME_LIMIT,260958,0,0,42,0
2,12,3.334452e6,-3.995354626108864,-0.9279398234010284,TIME_LIMIT,261016,0,0,19,0
2,12,3.334972e6,-3.995354626108864,-0.9279398234010284,TIME_LIMIT,261049,0,0,34,0
2,12,3.335494e6,-3.995354626108864,-0.9279398234010284,TIME_LIMIT,261101,0,0,25,0
2,12,3.336027e6,-3.995354626108864,-0.9279398234010284,TIME_LIMIT,261130,0,0,26,0
2,12,3.336545e6,-3.995034152510086,-0.9279398234010284,TIME_LIMIT,261176,0,0,30,0
2,12,3.337066e6,-3.995034152510086,-0.9279398234010284,TIME_LIMIT,261202,0,0,42,0
2,12,3.337588e6,-3.995034152510086,-0.9279398234010284,TIME_LIMIT,261250,0,0,25,0
2,12,3.33811e6,-3.995034152510086,-0.9279398234010284,TIME_LIMIT,261278,0,0,19,0
2,12,3.338632e6,-3.995034152510086,-0.9279398234010284,TIME_LIMIT,261324,0,0,20,0
2,12,3.339151e6,-3.995034152510086,-0.9279398234010284,TIME_LIMIT,261357,0,0,31,0
2,12,3.339675e6,-3.995024779974022,-0.9279398234010284,TIME_LIMIT,261399,0,0,18,0
2,12,3.340194e6,-3.995024779974022,-0.9279398234010284,TIME_LIMIT,261440,0,0,36,0
2,12,3.340713e6,-3.9949745859921793,-0.9279398234010284,TIME_LIMIT,261476,0,0,38,0
2,12,3.34123e6,-3.9949745859921793,-0.9279398234010284,TIME_LIMIT,261505,0,0,34,0
2,12,3.341744e6,-3.9949604579202136,-0.9279398234010284,TIME_LIMIT,261548,0,0,29,0
2,12,3.342262e6,-3.9949604579202136,-0.9279398234010284,TIME_LIMIT,261583,0,0,46,0
2,12,3.342794e6,-3.9949604579202136,-0.9279398234010284,TIME_LIMIT,261636,0,0,32,0
2,12,3.343314e6,-3.9949604579202136,-0.9279398234010284,TIME_LIMIT,261662,0,0,44,0
2,12,3.343829e6,-3.9949604579202136,-0.9279398234010284,TIME_LIMIT,261715,0,0,17,0
2,12,3.344346e6,-3.9949604579202136,-0.9279398234010284,TIME_LIMIT,261755,0,0,23,0
2,12,3.344863e6,-3.9949604579202136,-0.9279398234010284,TIME_LIMIT,261795,0,0,33,0
2,12,3.345395e6,-3.9949604579202136,-0.9279398234010284,TIME_LIMIT,261836,0,0,40,0
2,12,3.345911e6,-3.9949593121621376,-0.9279398234010284,TIME_LIMIT,261878,0,0,18,0
2,12,3.346424e6,-3.9949593121621376,-0.9279398234010284,TIME_LIMIT,261910,0,0,27,0
2,12,3.346935e6,-3.9949593121621376,-0.9279398234010284,TIME_LIMIT,261959,0,0,28,0
2,12,3.347447e6,-3.9949593121621376,-0.9279398234010284,TIME_LIMIT,261996,0,0,37,0
2,12,3.347958e6,-3.9949593121621376,-0.9279398234010284,TIME_LIMIT,262048,0,0,31,0
2,12,3.348473e6,-3.9949593121621376,-0.9279398234010284,TIME_LIMIT,262077,0,0,39,0
2,12,3.348986e6,-3.9949593121621376,-0.9279398234010284,TIME_LIMIT,262126,0,0,16,0
2,12,3.349512e6,-3.9949593121621376,-0.9279398234010284,TIME_LIMIT,262166,0,0,32,0
2,12,3.350026e6,-3.994588299411734,-0.9279398234010284,TIME_LIMIT,262204,0,0,32,0
2,12,3.350542e6,-3.994588299411734,-0.9279398234010284,TIME_LIMIT,262231,0,0,32,0
2,12,3.351045e6,-3.9945230164561023,-0.9279398234010284,TIME_LIMIT,262275,0,0,27,0
2,12,3.351585e6,-3.9945230164561023,-0.9279398234010284,TIME_LIMIT,262314,0,0,28,0
2,12,3.352094e6,-3.994352639098082,-0.9279398234010284,TIME_LIMIT,262368,0,0,30,0
2,12,3.352603e6,-3.994352639098082,-0.9279398234010284,TIME_LIMIT,262399,0,0,39,0
2,12,3.353111e6,-3.994352639098082,-0.9279398234010284,TIME_LIMIT,262455,0,0,36,0
2,12,3.353619e6,-3.994352639098082,-0.9279398234010284,TIME_LIMIT,262487,0,0,33,0
2,12,3.354133e6,-3.9943470217491557,-0.9279398234010284,TIME_LIMIT,262541,0,0,28,0
2,12,3.354646e6,-3.9943470217491557,-0.9279398234010284,TIME_LIMIT,262576,0,0,42,0
2,12,3.355157e6,-3.9943470217491557,-0.9279398234010284,TIME_LIMIT,262627,0,0,20,0
2,12,3.355667e6,-3.9943470217491557,-0.9279398234010284,TIME_LIMIT,262667,0,0,34,0
2,12,3.356178e6,-3.9943298504416243,-0.9279398234010284,TIME_LIMIT,262705,0,0,31,0
2,12,3.356702e6,-3.9943298504416243,-0.9279398234010284,TIME_LIMIT,262742,0,0,36,0
2,12,3.357229e6,-3.994131619055408,-0.9279398234010284,TIME_LIMIT,262796,0,0,24,0
2,12,3.357742e6,-3.994131619055408,-0.9279398234010284,TIME_LIMIT,262826,0,0,15,0
2,12,3.358254e6,-3.993982084903864,-0.9279398234010284,TIME_LIMIT,262879,0,0,28,0
2,12,3.358766e6,-3.993982084903864,-0.9279398234010284,TIME_LIMIT,262920,0,0,38,0
2,12,3.359277e6,-3.9938703351745195,-0.9279398234010284,TIME_LIMIT,262958,0,0,39,0
2,12,3.359792e6,-3.9938703351745195,-0.9279398234010284,TIME_LIMIT,262993,0,0,46,0
2,12,3.360307e6,-3.9938703351745195,-0.9279398234010284,TIME_LIMIT,263047,0,0,14,0
2,12,3.360821e6,-3.9938703351745195,-0.9279398234010284,TIME_LIMIT,263080,0,0,39,0
2,12,3.361335e6,-3.9938703351745195,-0.9279398234010284,TIME_LIMIT,263143,0,0,39,0
2,12,3.36185e6,-3.9938703351745195,-0.9279398234010284,TIME_LIMIT,263187,0,0,38,0
2,12,3.362367e6,-3.9938703351745195,-0.9279398234010284,TIME_LIMIT,263225,0,0,37,0
2,12,3.362884e6,-3.9938703351745195,-0.9279398234010284,TIME_LIMIT,263263,0,0,40,0
2,12,3.3634e6,-3.9938703351745195,-0.9279398234010284,TIME_LIMIT,263323,0,0,29,0
2,12,3.363917e6,-3.9938703351745195,-0.9279398234010284,TIME_LIMIT,263359,0,0,41,0
2,12,3.364432e6,-3.9938703351745195,-0.9279398234010284,TIME_LIMIT,263409,0,0,31,0
2,12,3.364962e6,-3.9938703351745195,-0.9279398234010284,TIME_LIMIT,263443,0,0,17,0
2,12,3.365478e6,-3.9933209963423084,-0.9279398234010284,TIME_LIMIT,263497,0,0,25,0
2,12,3.365995e6,-3.9933209963423084,-0.9279398234010284,TIME_LIMIT,263529,0,0,39,0
2,12,3.366512e6,-3.9932100724460087,-0.9279398234010284,TIME_LIMIT,263582,0,0,30,0
2,12,3.367028e6,-3.9932100724460087,-0.9279398234010284,TIME_LIMIT,263620,0,0,37,0
2,12,3.367548e6,-3.9929567420506347,-0.9279398234010284,TIME_LIMIT,263671,0,0,19,0
2,12,3.368066e6,-3.9929567420506347,-0.9279398234010284,TIME_LIMIT,263704,0,0,22,0
2,12,3.368485e6,-3.9929567420506347,-0.9279398234010284,TIME_LIMIT,263757,0,0,27,0
2,12,3.368815e6,-3.9929567420506347,-0.9279398234010284,TIME_LIMIT,263800,0,0,35,0
2,12,3.369337e6,-3.9929567420506347,-0.9279398234010284,TIME_LIMIT,263840,0,0,37,0
2,12,3.369853e6,-3.9929567420506347,-0.9279398234010284,TIME_LIMIT,263874,0,0,46,0
2,12,3.370285e6,-3.9929567420506347,-0.9279398234010284,TIME_LIMIT,263932,0,0,41,0
2,12,3.370805e6,-3.9929567420506347,-0.9279398234010284,TIME_LIMIT,263967,0,0,47,0
2,12,3.371324e6,-3.9929567420506347,-0.9279398234010284,TIME_LIMIT,264025,0,0,24,0
2,12,3.371824e6,-3.9929567420506347,-0.9279398234010284,TIME_LIMIT,264066,0,0,50,0
2,12,3.372346e6,-3.9929567420506347,-0.9279398234010284,TIME_LIMIT,264117,0,0,34,0
2,12,3.372865e6,-3.9929567420506347,-0.9279398234010284,TIME_LIMIT,264152,0,0,36,0
2,12,3.373384e6,-3.9929567420506347,-0.9279398234010284,TIME_LIMIT,264201,0,0,29,0
2,12,3.373916e6,-3.9929567420506347,-0.9279398234010284,TIME_LIMIT,264230,0,0,45,0
2,12,3.374436e6,-3.9929567420506347,-0.9279398234010284,TIME_LIMIT,264279,0,0,31,0
2,12,3.374952e6,-3.9929567420506347,-0.9279398234010284,TIME_LIMIT,264314,0,0,43,0
2,12,3.37547e6,-3.9929567420506347,-0.9279398234010284,TIME_LIMIT,264343,0,0,33,0
2,12,3.375989e6,-3.9929567420506347,-0.9279398234010284,TIME_LIMIT,264371,0,0,43,0
2,12,3.376504e6,-3.9929567420506347,-0.9279398234010284,TIME_LIMIT,264422,0,0,35,0
2,12,3.377019e6,-3.9929567420506347,-0.9279398234010284,TIME_LIMIT,264458,0,0,47,0
2,12,3.377535e6,-3.9929567420506347,-0.9279398234010284,TIME_LIMIT,264501,0,0,25,0
2,12,3.378052e6,-3.9929567420506347,-0.9279398234010284,TIME_LIMIT,264527,0,0,45,0
2,12,3.378569e6,-3.9929567420506347,-0.9279398234010284,TIME_LIMIT,264581,0,0,29,0
2,12,3.379085e6,-3.9929567420506347,-0.9279398234010284,TIME_LIMIT,264614,0,0,43,0
2,12,3.3796e6,-3.9929567420506347,-0.9279398234010284,TIME_LIMIT,264662,0,0,24,0
2,12,3.380115e6,-3.9929567420506347,-0.9279398234010284,TIME_LIMIT,264693,0,0,40,0
2,12,3.380631e6,-3.9929567420506347,-0.9279398234010284,TIME_LIMIT,264739,0,0,24,0
2,12,3.381146e6,-3.9929567420506347,-0.9279398234010284,TIME_LIMIT,264770,0,0,21,0
2,12,3.381663e6,-3.9929567420506347,-0.9279398234010284,TIME_LIMIT,264819,0,0,28,0
2,12,3.382183e6,-3.9929567420506347,-0.9279398234010284,TIME_LIMIT,264855,0,0,33,0
2,12,3.382703e6,-3.992741419102303,-0.9279398234010284,TIME_LIMIT,264901,0,0,29,0
2,12,3.383216e6,-3.992741419102303,-0.9279398234010284,TIME_LIMIT,264936,0,0,47,0
2,12,3.383744e6,-3.9926545264779705,-0.9279398234010284,TIME_LIMIT,264988,0,0,34,0
2,12,3.384255e6,-3.9926545264779705,-0.9279398234010284,TIME_LIMIT,265020,0,0,41,0
2,12,3.38477e6,-3.992593929417163,-0.9279398234010284,TIME_LIMIT,265068,0,0,22,0
2,12,3.385278e6,-3.992593929417163,-0.9279398234010284,TIME_LIMIT,265100,0,0,36,0
2,12,3.385784e6,-3.992593929417163,-0.9279398234010284,TIME_LIMIT,265144,0,0,26,0
2,12,3.386295e6,-3.992593929417163,-0.9279398234010284,TIME_LIMIT,265172,0,0,38,0
2,12,3.386808e6,-3.992593929417163,-0.9279398234010284,TIME_LIMIT,265223,0,0,30,0
2,12,3.387322e6,-3.992593929417163,-0.9279398234010284,TIME_LIMIT,265248,0,0,40,0
2,12,3.387836e6,-3.992593929417163,-0.9279398234010284,TIME_LIMIT,265298,0,0,31,0
2,12,3.388348e6,-3.992593929417163,-0.9279398234010284,TIME_LIMIT,265330,0,0,32,0
2,12,3.388863e6,-3.992593929417163,-0.9279398234010284,TIME_LIMIT,265378,0,0,28,0
2,12,3.389379e6,-3.992593929417163,-0.9279398234010284,TIME_LIMIT,265410,0,0,34,0
2,12,3.389895e6,-3.9925834179427224,-0.9279398234010284,TIME_LIMIT,265463,0,0,33,0
2,12,3.390412e6,-3.9925834179427224,-0.9279398234010284,TIME_LIMIT,265502,0,0,42,0
2,12,3.390933e6,-3.9925834179427224,-0.9279398234010284,TIME_LIMIT,265554,0,0,30,0
2,12,3.391452e6,-3.9925834179427224,-0.9279398234010284,TIME_LIMIT,265581,0,0,33,0
2,12,3.391967e6,-3.9925834179427224,-0.9279398234010284,TIME_LIMIT,265634,0,0,25,0
2,12,3.392486e6,-3.9925834179427224,-0.9279398234010284,TIME_LIMIT,265673,0,0,41,0
2,12,3.393006e6,-3.9925834179427224,-0.9279398234010284,TIME_LIMIT,265723,0,0,26,0
2,12,3.393539e6,-3.9925834179427224,-0.9279398234010284,TIME_LIMIT,265751,0,0,29,0
2,12,3.394068e6,-3.9925834179427224,-0.9279398234010284,TIME_LIMIT,265800,0,0,30,0
2,12,3.394588e6,-3.9925834179427224,-0.9279398234010284,TIME_LIMIT,265832,0,0,31,0
2,12,3.39511e6,-3.9925834179427224,-0.9279398234010284,TIME_LIMIT,265870,0,0,28,0
2,12,3.395632e6,-3.9925834179427224,-0.9279398234010284,TIME_LIMIT,265902,0,0,20,0
2,12,3.396152e6,-3.9924080177256913,-0.9279398234010284,TIME_LIMIT,265947,0,0,27,0
2,12,3.396676e6,-3.9924080177256913,-0.9279398234010284,TIME_LIMIT,265993,0,0,15,0
2,12,3.397199e6,-3.9923542994011525,-0.9279398234010284,TIME_LIMIT,266039,0,0,37,0
2,12,3.397726e6,-3.9923542994011525,-0.9279398234010284,TIME_LIMIT,266068,0,0,35,0
2,12,3.398247e6,-3.9922363589369785,-0.9279398234010284,TIME_LIMIT,266116,0,0,30,0
2,12,3.398772e6,-3.9922363589369785,-0.9279398234010284,TIME_LIMIT,266152,0,0,28,0
2,12,3.399326e6,-3.9921397632337605,-0.9279398234010284,TIME_LIMIT,266206,0,0,32,0
2,12,3.399853e6,-3.9921397632337605,-0.9279398234010284,TIME_LIMIT,266240,0,0,37,0
2,12,3.400372e6,-3.9920792138168792,-0.9279398234010284,TIME_LIMIT,266294,0,0,33,0
2,12,3.400891e6,-3.9920792138168792,-0.9279398234010284,TIME_LIMIT,266320,0,0,44,0
2,12,3.401409e6,-3.9920792138168792,-0.9279398234010284,TIME_LIMIT,266371,0,0,31,0
2,12,3.401926e6,-3.9920792138168792,-0.9279398234010284,TIME_LIMIT,266400,0,0,23,0
2,12,3.402442e6,-3.992060962882422,-0.9279398234010284,TIME_LIMIT,266447,0,0,22,0
2,12,3.402959e6,-3.992060962882422,-0.9279398234010284,TIME_LIMIT,266481,0,0,22,0
2,12,3.403479e6,-3.9920520805965065,-0.9279398234010284,TIME_LIMIT,266530,0,0,34,0
2,12,3.403998e6,-3.9920520805965065,-0.9279398234010284,TIME_LIMIT,266555,0,0,50,0
2,12,3.404514e6,-3.991984573654828,-0.9279398234010284,TIME_LIMIT,266609,0,0,31,0
2,12,3.405032e6,-3.991984573654828,-0.9279398234010284,TIME_LIMIT,266643,0,0,30,0
2,12,3.405565e6,-3.991984573654828,-0.9279398234010284,TIME_LIMIT,266690,0,0,29,0
2,12,3.406084e6,-3.991984573654828,-0.9279398234010284,TIME_LIMIT,266725,0,0,24,0
2,12,3.406599e6,-3.991984573654828,-0.9279398234010284,TIME_LIMIT,266763,0,0,33,0
2,12,3.407125e6,-3.991984573654828,-0.9279398234010284,TIME_LIMIT,266792,0,0,40,0
2,12,3.407637e6,-3.9917937596142323,-0.9279398234010284,TIME_LIMIT,266843,0,0,27,0
2,12,3.408151e6,-3.9917937596142323,-0.9279398234010284,TIME_LIMIT,266884,0,0,34,0
2,12,3.408667e6,-3.9917937596142323,-0.9279398234010284,TIME_LIMIT,266923,0,0,29,0
2,12,3.40918e6,-3.9917937596142323,-0.9279398234010284,TIME_LIMIT,266949,0,0,29,0
2,12,3.409694e6,-3.9917728785681676,-0.9279398234010284,TIME_LIMIT,266991,0,0,26,0
2,12,3.410208e6,-3.9917728785681676,-0.9279398234010284,TIME_LIMIT,267020,0,0,36,0
2,12,3.410723e6,-3.9917728785681676,-0.9279398234010284,TIME_LIMIT,267070,0,0,16,0
2,12,3.411239e6,-3.9917728785681676,-0.9279398234010284,TIME_LIMIT,267105,0,0,30,0
2,12,3.411751e6,-3.9917728785681676,-0.9279398234010284,TIME_LIMIT,267159,0,0,36,0
2,12,3.412268e6,-3.9917728785681676,-0.9279398234010284,TIME_LIMIT,267199,0,0,39,0
2,12,3.412781e6,-3.9917728785681676,-0.9279398234010284,TIME_LIMIT,267233,0,0,35,0
2,12,3.413297e6,-3.9917728785681676,-0.9279398234010284,TIME_LIMIT,267270,0,0,48,0
2,12,3.413811e6,-3.9917728785681676,-0.9279398234010284,TIME_LIMIT,267323,0,0,34,0
2,12,3.414328e6,-3.9917728785681676,-0.9279398234010284,TIME_LIMIT,267348,0,0,48,0
2,12,3.414843e6,-3.9917728785681676,-0.9279398234010284,TIME_LIMIT,267398,0,0,16,0
2,12,3.415356e6,-3.9917728785681676,-0.9279398234010284,TIME_LIMIT,267441,0,0,39,0
2,12,3.415867e6,-3.9917728785681676,-0.9279398234010284,TIME_LIMIT,267475,0,0,35,0
2,12,3.416383e6,-3.9917728785681676,-0.9279398234010284,TIME_LIMIT,267508,0,0,42,0
2,12,3.416894e6,-3.9917728785681676,-0.9279398234010284,TIME_LIMIT,267555,0,0,25,0
2,12,3.417407e6,-3.9917728785681676,-0.9279398234010284,TIME_LIMIT,267586,0,0,41,0
2,12,3.417919e6,-3.9917728785681676,-0.9279398234010284,TIME_LIMIT,267638,0,0,26,0
2,12,3.418432e6,-3.9917728785681676,-0.9279398234010284,TIME_LIMIT,267670,0,0,38,0
2,12,3.418944e6,-3.9915405056654665,-0.9279398234010284,TIME_LIMIT,267716,0,0,28,0
2,12,3.419456e6,-3.9915405056654665,-0.9279398234010284,TIME_LIMIT,267748,0,0,33,0
2,12,3.41997e6,-3.9914218810477906,-0.9279398234010284,TIME_LIMIT,267801,0,0,22,0
2,12,3.42049e6,-3.9914218810477906,-0.9279398234010284,TIME_LIMIT,267834,0,0,44,0
2,12,3.421019e6,-3.9914218810477906,-0.9279398234010284,TIME_LIMIT,267881,0,0,25,0
2,12,3.421535e6,-3.9914218810477906,-0.9279398234010284,TIME_LIMIT,267913,0,0,16,0
2,12,3.422053e6,-3.9914218810477906,-0.9279398234010284,TIME_LIMIT,267960,0,0,27,0
2,12,3.422572e6,-3.9914218810477906,-0.9279398234010284,TIME_LIMIT,267994,0,0,31,0
2,12,3.423089e6,-3.9913617993072212,-0.9279398234010284,TIME_LIMIT,268044,0,0,20,0
2,12,3.42361e6,-3.9913617993072212,-0.9279398234010284,TIME_LIMIT,268079,0,0,33,0
2,12,3.42413e6,-3.9913617993072212,-0.9279398234010284,TIME_LIMIT,268119,0,0,27,0
2,12,3.424653e6,-3.9913617993072212,-0.9279398234010284,TIME_LIMIT,268152,0,0,38,0
2,12,3.425172e6,-3.9913617993072212,-0.9279398234010284,TIME_LIMIT,268202,0,0,20,0
2,12,3.425689e6,-3.9913617993072212,-0.9279398234010284,TIME_LIMIT,268232,0,0,44,0
2,12,3.426207e6,-3.9913617993072212,-0.9279398234010284,TIME_LIMIT,268288,0,0,34,0
2,12,3.426726e6,-3.9913617993072212,-0.9279398234010284,TIME_LIMIT,268330,0,0,34,0
2,12,3.427246e6,-3.9913617993072212,-0.9279398234010284,TIME_LIMIT,268368,0,0,33,0
2,12,3.427764e6,-3.9913617993072212,-0.9279398234010284,TIME_LIMIT,268398,0,0,40,0
2,12,3.428282e6,-3.9913617993072212,-0.9279398234010284,TIME_LIMIT,268450,0,0,35,0
2,12,3.4288e6,-3.9913617993072212,-0.9279398234010284,TIME_LIMIT,268483,0,0,37,0
2,12,3.42932e6,-3.9913617993072212,-0.9279398234010284,TIME_LIMIT,268537,0,0,25,0
2,12,3.42984e6,-3.9913617993072212,-0.9279398234010284,TIME_LIMIT,268573,0,0,37,0
2,12,3.430357e6,-3.9913617993072212,-0.9279398234010284,TIME_LIMIT,268620,0,0,29,0
2,12,3.430878e6,-3.9913617993072212,-0.9279398234010284,TIME_LIMIT,268646,0,0,30,0
2,12,3.431398e6,-3.9909516759985237,-0.9279398234010284,TIME_LIMIT,268696,0,0,30,0
2,12,3.431921e6,-3.9909516759985237,-0.9279398234010284,TIME_LIMIT,268741,0,0,36,0
2,12,3.432444e6,-3.9909501385987083,-0.9279398234010284,TIME_LIMIT,268784,0,0,28,0
2,12,3.432967e6,-3.9909501385987083,-0.9279398234010284,TIME_LIMIT,268813,0,0,13,0
2,12,3.433492e6,-3.9906979245993783,-0.9279398234010284,TIME_LIMIT,268859,0,0,27,0
2,12,3.434013e6,-3.9906979245993783,-0.9279398234010284,TIME_LIMIT,268886,0,0,35,0
2,12,3.434531e6,-3.9906608745847634,-0.9279398234010284,TIME_LIMIT,268932,0,0,26,0
2,12,3.435052e6,-3.9906608745847634,-0.9279398234010284,TIME_LIMIT,268970,0,0,41,0
2,12,3.435571e6,-3.9906272854046003,-0.9279398234010284,TIME_LIMIT,269024,0,0,36,0
2,12,3.436092e6,-3.9906272854046003,-0.9279398234010284,TIME_LIMIT,269060,0,0,35,0
2,12,3.436609e6,-3.990361065441643,-0.9279398234010284,TIME_LIMIT,269109,0,0,35,0
2,12,3.437129e6,-3.990361065441643,-0.9279398234010284,TIME_LIMIT,269149,0,0,31,0
2,12,3.437647e6,-3.990361065441643,-0.9279398234010284,TIME_LIMIT,269186,0,0,34,0
2,12,3.438168e6,-3.990361065441643,-0.9279398234010284,TIME_LIMIT,269220,0,0,33,0
2,12,3.438708e6,-3.9899455176576346,-0.9279398234010284,TIME_LIMIT,269267,0,0,30,0
2,12,3.439249e6,-3.9899455176576346,-0.9279398234010284,TIME_LIMIT,269301,0,0,40,0
2,12,3.439784e6,-3.9899455176576346,-0.9279398234010284,TIME_LIMIT,269354,0,0,30,0
2,12,3.440328e6,-3.9899455176576346,-0.9279398234010284,TIME_LIMIT,269388,0,0,42,0
2,12,3.440868e6,-3.989701496347374,-0.9279398234010284,TIME_LIMIT,269439,0,0,30,0
2,12,3.441421e6,-3.989701496347374,-0.9279398234010284,TIME_LIMIT,269487,0,0,39,0
2,12,3.441942e6,-3.989701496347374,-0.9279398234010284,TIME_LIMIT,269525,0,0,45,0
2,12,3.442466e6,-3.989701496347374,-0.9279398234010284,TIME_LIMIT,269549,0,0,39,0
2,12,3.442986e6,-3.989701496347374,-0.9279398234010284,TIME_LIMIT,269602,0,0,15,0
2,12,3.443503e6,-3.989701496347374,-0.9279398234010284,TIME_LIMIT,269637,0,0,46,0
2,12,3.444017e6,-3.989701496347374,-0.9279398234010284,TIME_LIMIT,269690,0,0,32,0
2,12,3.444534e6,-3.989701496347374,-0.9279398234010284,TIME_LIMIT,269722,0,0,37,0
2,12,3.445048e6,-3.989701496347374,-0.9279398234010284,TIME_LIMIT,269771,0,0,21,0
2,12,3.445563e6,-3.989701496347374,-0.9279398234010284,TIME_LIMIT,269803,0,0,33,0
2,12,3.446076e6,-3.989701496347374,-0.9279398234010284,TIME_LIMIT,269857,0,0,28,0
2,12,3.446591e6,-3.989701496347374,-0.9279398234010284,TIME_LIMIT,269891,0,0,35,0
2,12,3.447104e6,-3.9894162954984944,-0.9279398234010284,TIME_LIMIT,269943,0,0,28,0
2,12,3.447657e6,-3.9894162954984944,-0.9279398234010284,TIME_LIMIT,269975,0,0,36,0
2,12,3.448177e6,-3.9894162954984944,-0.9279398234010284,TIME_LIMIT,270026,0,0,29,0
2,12,3.448696e6,-3.9894162954984944,-0.9279398234010284,TIME_LIMIT,270057,0,0,21,0
2,12,3.44921e6,-3.9894162954984944,-0.9279398234010284,TIME_LIMIT,270105,0,0,18,0
2,12,3.449729e6,-3.9894162954984944,-0.9279398234010284,TIME_LIMIT,270142,0,0,39,0
2,12,3.450248e6,-3.9894162954984944,-0.9279398234010284,TIME_LIMIT,270196,0,0,34,0
2,12,3.450766e6,-3.9894162954984944,-0.9279398234010284,TIME_LIMIT,270227,0,0,42,0
2,12,3.451283e6,-3.989380695979862,-0.9279398234010284,TIME_LIMIT,270279,0,0,31,0
2,12,3.4518e6,-3.989380695979862,-0.9279398234010284,TIME_LIMIT,270321,0,0,37,0
2,12,3.452319e6,-3.9892656688141903,-0.9279398234010284,TIME_LIMIT,270360,0,0,27,0
2,12,3.452832e6,-3.9892656688141903,-0.9279398234010284,TIME_LIMIT,270390,0,0,33,0
2,12,3.453355e6,-3.9892573176659356,-0.9279398234010284,TIME_LIMIT,270430,0,0,22,0
2,12,3.453878e6,-3.9892573176659356,-0.9279398234010284,TIME_LIMIT,270465,0,0,35,0
2,12,3.454396e6,-3.9892573176659356,-0.9279398234010284,TIME_LIMIT,270504,0,0,43,0
2,12,3.454917e6,-3.9892573176659356,-0.9279398234010284,TIME_LIMIT,270535,0,0,37,0
2,12,3.45544e6,-3.989104664659588,-0.9279398234010284,TIME_LIMIT,270584,0,0,29,0
2,12,3.455963e6,-3.989104664659588,-0.9279398234010284,TIME_LIMIT,270611,0,0,27,0
2,12,3.456485e6,-3.988851939976354,-0.9279398234010284,TIME_LIMIT,270667,0,0,36,0
2,12,3.457007e6,-3.988851939976354,-0.9279398234010284,TIME_LIMIT,270693,0,0,31,0
2,12,3.457533e6,-3.9886331280994813,-0.9279398234010284,TIME_LIMIT,270737,0,0,26,0
2,12,3.458055e6,-3.9886331280994813,-0.9279398234010284,TIME_LIMIT,270770,0,0,41,0
2,12,3.458578e6,-3.988505810536859,-0.9279398234010284,TIME_LIMIT,270823,0,0,32,0
2,12,3.459101e6,-3.988505810536859,-0.9279398234010284,TIME_LIMIT,270855,0,0,42,0
2,12,3.459622e6,-3.988505810536859,-0.9279398234010284,TIME_LIMIT,270903,0,0,29,0
2,12,3.460139e6,-3.988505810536859,-0.9279398234010284,TIME_LIMIT,270929,0,0,30,0
2,12,3.460657e6,-3.988485901551109,-0.9279398234010284,TIME_LIMIT,270983,0,0,22,0
2,12,3.461176e6,-3.988485901551109,-0.9279398234010284,TIME_LIMIT,271012,0,0,38,0
2,12,3.461695e6,-3.9883758282234534,-0.9279398234010284,TIME_LIMIT,271068,0,0,39,0
2,12,3.462213e6,-3.9883758282234534,-0.9279398234010284,TIME_LIMIT,271107,0,0,36,0
2,12,3.462734e6,-3.9883736012762143,-0.9279398234010284,TIME_LIMIT,271148,0,0,27,0
2,12,3.463256e6,-3.9883736012762143,-0.9279398234010284,TIME_LIMIT,271180,0,0,35,0
2,12,3.463775e6,-3.9883736012762143,-0.9279398234010284,TIME_LIMIT,271235,0,0,33,0
2,12,3.464295e6,-3.9883736012762143,-0.9279398234010284,TIME_LIMIT,271268,0,0,39,0
2,12,3.464815e6,-3.9879743711398916,-0.9279398234010284,TIME_LIMIT,271316,0,0,31,0
2,12,3.465335e6,-3.9879743711398916,-0.9279398234010284,TIME_LIMIT,271346,0,0,31,0
2,12,3.465852e6,-3.9879743711398916,-0.9279398234010284,TIME_LIMIT,271402,0,0,29,0
2,12,3.466366e6,-3.9879743711398916,-0.9279398234010284,TIME_LIMIT,271438,0,0,43,0
2,12,3.466881e6,-3.9879743711398916,-0.9279398234010284,TIME_LIMIT,271489,0,0,32,0
2,12,3.467394e6,-3.9879743711398916,-0.9279398234010284,TIME_LIMIT,271518,0,0,45,0
2,12,3.467906e6,-3.9879743711398916,-0.9279398234010284,TIME_LIMIT,271569,0,0,38,0
2,12,3.468423e6,-3.9879743711398916,-0.9279398234010284,TIME_LIMIT,271606,0,0,40,0
2,12,3.468935e6,-3.9879743711398916,-0.9279398234010284,TIME_LIMIT,271658,0,0,34,0
2,12,3.469449e6,-3.9879743711398916,-0.9279398234010284,TIME_LIMIT,271687,0,0,40,0
2,12,3.469968e6,-3.9879502277811167,-0.9279398234010284,TIME_LIMIT,271737,0,0,30,0
2,12,3.470482e6,-3.9879502277811167,-0.9279398234010284,TIME_LIMIT,271770,0,0,37,0
2,12,3.470997e6,-3.9879502277811167,-0.9279398234010284,TIME_LIMIT,271818,0,0,17,0
2,12,3.471513e6,-3.9879502277811167,-0.9279398234010284,TIME_LIMIT,271856,0,0,31,0
2,12,3.472029e6,-3.9879502277811167,-0.9279398234010284,TIME_LIMIT,271895,0,0,32,0
2,12,3.472547e6,-3.9879502277811167,-0.9279398234010284,TIME_LIMIT,271926,0,0,35,0
2,12,3.473063e6,-3.9878958688927066,-0.9279398234010284,TIME_LIMIT,271978,0,0,25,0
2,12,3.473577e6,-3.9878958688927066,-0.9279398234010284,TIME_LIMIT,272011,0,0,39,0
2,12,3.474092e6,-3.9878958688927066,-0.9279398234010284,TIME_LIMIT,272055,0,0,26,0
2,12,3.474608e6,-3.9878958688927066,-0.9279398234010284,TIME_LIMIT,272090,0,0,42,0
2,12,3.475121e6,-3.9874928338098714,-0.9279398234010284,TIME_LIMIT,272145,0,0,36,0
2,12,3.475635e6,-3.9874928338098714,-0.9279398234010284,TIME_LIMIT,272179,0,0,42,0
2,12,3.476148e6,-3.98733217876217,-0.9279398234010284,TIME_LIMIT,272227,0,0,28,0
2,12,3.476664e6,-3.98733217876217,-0.9279398234010284,TIME_LIMIT,272255,0,0,25,0
2,12,3.477178e6,-3.98733217876217,-0.9279398234010284,TIME_LIMIT,272304,0,0,28,0
2,12,3.477695e6,-3.98733217876217,-0.9279398234010284,TIME_LIMIT,272347,0,0,41,0
2,12,3.47821e6,-3.9872321353270435,-0.9279398234010284,TIME_LIMIT,272382,0,0,19,0
2,12,3.478729e6,-3.9872321353270435,-0.9279398234010284,TIME_LIMIT,272414,0,0,32,0
2,12,3.479242e6,-3.9872321353270435,-0.9279398234010284,TIME_LIMIT,272469,0,0,11,0
2,12,3.479754e6,-3.9872321353270435,-0.9279398234010284,TIME_LIMIT,272511,0,0,32,0
2,12,3.480268e6,-3.9872321353270435,-0.9279398234010284,TIME_LIMIT,272550,0,0,29,0
2,12,3.48078e6,-3.9872321353270435,-0.9279398234010284,TIME_LIMIT,272581,0,0,19,0
2,12,3.481292e6,-3.987065237269222,-0.9279398234010284,TIME_LIMIT,272635,0,0,24,0
2,12,3.481808e6,-3.987065237269222,-0.9279398234010284,TIME_LIMIT,272667,0,0,41,0
2,12,3.482322e6,-3.9868588224835873,-0.9279398234010284,TIME_LIMIT,272720,0,0,35,0
2,12,3.482839e6,-3.9868588224835873,-0.9279398234010284,TIME_LIMIT,272750,0,0,42,0
2,12,3.483358e6,-3.986852277592507,-0.9279398234010284,TIME_LIMIT,272800,0,0,32,0
2,12,3.48388e6,-3.986852277592507,-0.9279398234010284,TIME_LIMIT,272837,0,0,43,0
2,12,3.484401e6,-3.9867424668214597,-0.9279398234010284,TIME_LIMIT,272888,0,0,32,0
2,12,3.484919e6,-3.9867424668214597,-0.9279398234010284,TIME_LIMIT,272919,0,0,34,0
2,12,3.485438e6,-3.98672479341552,-0.9279398234010284,TIME_LIMIT,272969,0,0,26,0
2,12,3.485955e6,-3.98672479341552,-0.9279398234010284,TIME_LIMIT,273002,0,0,41,0
2,12,3.486473e6,-3.9865028004897427,-0.9279398234010284,TIME_LIMIT,273052,0,0,26,0
2,12,3.486991e6,-3.9865028004897427,-0.9279398234010284,TIME_LIMIT,273082,0,0,49,0
2,12,3.487511e6,-3.986269706524326,-0.9279398234010284,TIME_LIMIT,273135,0,0,24,0
2,12,3.488031e6,-3.986269706524326,-0.9279398234010284,TIME_LIMIT,273172,0,0,45,0
2,12,3.488548e6,-3.986269706524326,-0.9279398234010284,TIME_LIMIT,273228,0,0,14,0
2,12,3.489067e6,-3.986269706524326,-0.9279398234010284,TIME_LIMIT,273259,0,0,35,0
2,12,3.489603e6,-3.9861920102833825,-0.9279398234010284,TIME_LIMIT,273304,0,0,30,0
2,12,3.490121e6,-3.9861920102833825,-0.9279398234010284,TIME_LIMIT,273332,0,0,32,0
2,12,3.490634e6,-3.9861920102833825,-0.9279398234010284,TIME_LIMIT,273379,0,0,29,0
2,12,3.491152e6,-3.9861920102833825,-0.9279398234010284,TIME_LIMIT,273410,0,0,35,0
2,12,3.49167e6,-3.9860553618609824,-0.9279398234010284,TIME_LIMIT,273463,0,0,34,0
2,12,3.492187e6,-3.9860553618609824,-0.9279398234010284,TIME_LIMIT,273493,0,0,36,0
2,12,3.492702e6,-3.9860541806945777,-0.9279398234010284,TIME_LIMIT,273530,0,0,37,0
2,12,3.493221e6,-3.9860541806945777,-0.9279398234010284,TIME_LIMIT,273565,0,0,31,0
2,12,3.493737e6,-3.9860541806945777,-0.9279398234010284,TIME_LIMIT,273606,0,0,27,0
2,12,3.494254e6,-3.9860541806945777,-0.9279398234010284,TIME_LIMIT,273635,0,0,35,0
2,12,3.494771e6,-3.9860541806945777,-0.9279398234010284,TIME_LIMIT,273687,0,0,29,0
2,12,3.495283e6,-3.9860541806945777,-0.9279398234010284,TIME_LIMIT,273717,0,0,41,0
2,12,3.495831e6,-3.9860541806945777,-0.9279398234010284,TIME_LIMIT,273764,0,0,32,0
2,12,3.496344e6,-3.9860541806945777,-0.9279398234010284,TIME_LIMIT,273799,0,0,38,0
2,12,3.496857e6,-3.9860541806945777,-0.9279398234010284,TIME_LIMIT,273848,0,0,32,0
2,12,3.497371e6,-3.9860541806945777,-0.9279398234010284,TIME_LIMIT,273880,0,0,41,0
2,12,3.497884e6,-3.9860541806945777,-0.9279398234010284,TIME_LIMIT,273932,0,0,31,0
2,12,3.498397e6,-3.9860541806945777,-0.9279398234010284,TIME_LIMIT,273964,0,0,25,0
2,12,3.498909e6,-3.985917957826672,-0.9279398234010284,TIME_LIMIT,274017,0,0,33,0
2,12,3.499421e6,-3.985917957826672,-0.9279398234010284,TIME_LIMIT,274055,0,0,46,0
2,12,3.49993e6,-3.985917678687115,-0.9279398234010284,TIME_LIMIT,274102,0,0,35,0
2,12,3.500441e6,-3.985917678687115,-0.9279398234010284,TIME_LIMIT,274129,0,0,16,0
2,12,3.500951e6,-3.9856098608377444,-0.9279398234010284,TIME_LIMIT,274185,0,0,31,0
2,12,3.501476e6,-3.9856098608377444,-0.9279398234010284,TIME_LIMIT,274216,0,0,41,0
2,12,3.501989e6,-3.985581669916626,-0.9279398234010284,TIME_LIMIT,274265,0,0,26,0
2,12,3.502507e6,-3.985581669916626,-0.9279398234010284,TIME_LIMIT,274298,0,0,33,0
2,12,3.50302e6,-3.985581669916626,-0.9279398234010284,TIME_LIMIT,274351,0,0,32,0
2,12,3.503536e6,-3.985581669916626,-0.9279398234010284,TIME_LIMIT,274392,0,0,49,0
2,12,3.504049e6,-3.985581669916626,-0.9279398234010284,TIME_LIMIT,274434,0,0,37,0
2,12,3.504562e6,-3.985581669916626,-0.9279398234010284,TIME_LIMIT,274465,0,0,47,0
2,12,3.505075e6,-3.985581669916626,-0.9279398234010284,TIME_LIMIT,274519,0,0,19,0
2,12,3.505588e6,-3.985581669916626,-0.9279398234010284,TIME_LIMIT,274549,0,0,51,0
2,12,3.5061e6,-3.985581669916626,-0.9279398234010284,TIME_LIMIT,274608,0,0,38,0
2,12,3.506613e6,-3.985581669916626,-0.9279398234010284,TIME_LIMIT,274642,0,0,51,0
2,12,3.507125e6,-3.985581669916626,-0.9279398234010284,TIME_LIMIT,274694,0,0,31,0
2,12,3.507642e6,-3.985581669916626,-0.9279398234010284,TIME_LIMIT,274734,0,0,58,0
2,12,3.508154e6,-3.985581669916626,-0.9279398234010284,TIME_LIMIT,274788,0,0,37,0
2,12,3.508668e6,-3.985581669916626,-0.9279398234010284,TIME_LIMIT,274822,0,0,32,0
2,12,3.509182e6,-3.985570860714952,-0.9279398234010284,TIME_LIMIT,274877,0,0,29,0
2,12,3.509698e6,-3.985570860714952,-0.9279398234010284,TIME_LIMIT,274907,0,0,22,0
2,12,3.510213e6,-3.985362742649791,-0.9279398234010284,TIME_LIMIT,274958,0,0,35,0
2,12,3.510729e6,-3.985362742649791,-0.9279398234010284,TIME_LIMIT,274988,0,0,35,0
2,12,3.51124e6,-3.98503885191765,-0.9279398234010284,TIME_LIMIT,275040,0,0,33,0
2,12,3.511752e6,-3.98503885191765,-0.9279398234010284,TIME_LIMIT,275069,0,0,25,0
2,12,3.512264e6,-3.98503885191765,-0.9279398234010284,TIME_LIMIT,275119,0,0,33,0
2,12,3.512776e6,-3.98503885191765,-0.9279398234010284,TIME_LIMIT,275151,0,0,29,0
2,12,3.51329e6,-3.98503885191765,-0.9279398234010284,TIME_LIMIT,275192,0,0,36,0
2,12,3.513802e6,-3.98503885191765,-0.9279398234010284,TIME_LIMIT,275227,0,0,37,0
2,12,3.514317e6,-3.98503885191765,-0.9279398234010284,TIME_LIMIT,275271,0,0,27,0
2,12,3.514828e6,-3.98503885191765,-0.9279398234010284,TIME_LIMIT,275302,0,0,42,0
2,12,3.515341e6,-3.98503885191765,-0.9279398234010284,TIME_LIMIT,275349,0,0,29,0
2,12,3.515852e6,-3.98503885191765,-0.9279398234010284,TIME_LIMIT,275386,0,0,39,0
2,12,3.516364e6,-3.98503885191765,-0.9279398234010284,TIME_LIMIT,275434,0,0,26,0
2,12,3.516874e6,-3.98503885191765,-0.9279398234010284,TIME_LIMIT,275458,0,0,33,0
2,12,3.517388e6,-3.98503885191765,-0.9279398234010284,TIME_LIMIT,275509,0,0,30,0
2,12,3.517898e6,-3.98503885191765,-0.9279398234010284,TIME_LIMIT,275543,0,0,35,0
2,12,3.51841e6,-3.98479827958134,-0.9279398234010284,TIME_LIMIT,275591,0,0,25,0
2,12,3.518925e6,-3.98479827958134,-0.9279398234010284,TIME_LIMIT,275625,0,0,41,0
2,12,3.519439e6,-3.984670099882955,-0.9279398234010284,TIME_LIMIT,275677,0,0,34,0
2,12,3.519952e6,-3.984670099882955,-0.9279398234010284,TIME_LIMIT,275708,0,0,37,0
2,12,3.520465e6,-3.984670099882955,-0.9279398234010284,TIME_LIMIT,275765,0,0,33,0
2,12,3.520979e6,-3.984670099882955,-0.9279398234010284,TIME_LIMIT,275795,0,0,45,0
2,12,3.521492e6,-3.984670099882955,-0.9279398234010284,TIME_LIMIT,275846,0,0,32,0
2,12,3.521993e6,-3.984670099882955,-0.9279398234010284,TIME_LIMIT,275876,0,0,41,0
2,12,3.522509e6,-3.984670099882955,-0.9279398234010284,TIME_LIMIT,275927,0,0,34,0
2,12,3.523021e6,-3.984670099882955,-0.9279398234010284,TIME_LIMIT,275962,0,0,34,0
2,12,3.523535e6,-3.984670099882955,-0.9279398234010284,TIME_LIMIT,276020,0,0,34,0
2,12,3.524047e6,-3.984670099882955,-0.9279398234010284,TIME_LIMIT,276056,0,0,40,0
2,12,3.524559e6,-3.984670099882955,-0.9279398234010284,TIME_LIMIT,276107,0,0,34,0
2,12,3.525073e6,-3.984670099882955,-0.9279398234010284,TIME_LIMIT,276136,0,0,39,0
2,12,3.525588e6,-3.984670099882955,-0.9279398234010284,TIME_LIMIT,276191,0,0,36,0
2,12,3.526102e6,-3.984670099882955,-0.9279398234010284,TIME_LIMIT,276229,0,0,42,0
2,12,3.526613e6,-3.9842967615440057,-0.9279398234010284,TIME_LIMIT,276280,0,0,20,0
2,12,3.527129e6,-3.9842967615440057,-0.9279398234010284,TIME_LIMIT,276307,0,0,42,0
2,12,3.527641e6,-3.9842967615440057,-0.9279398234010284,TIME_LIMIT,276353,0,0,29,0
2,12,3.528153e6,-3.9842967615440057,-0.9279398234010284,TIME_LIMIT,276383,0,0,34,0
2,12,3.528666e6,-3.9841739459121372,-0.9279398234010284,TIME_LIMIT,276426,0,0,27,0
2,12,3.529181e6,-3.9841739459121372,-0.9279398234010284,TIME_LIMIT,276460,0,0,34,0
2,12,3.529693e6,-3.9841739459121372,-0.9279398234010284,TIME_LIMIT,276512,0,0,28,0
2,12,3.530208e6,-3.9841739459121372,-0.9279398234010284,TIME_LIMIT,276550,0,0,44,0
2,12,3.530721e6,-3.9841739459121372,-0.9279398234010284,TIME_LIMIT,276589,0,0,15,0
2,12,3.531235e6,-3.9841739459121372,-0.9279398234010284,TIME_LIMIT,276632,0,0,33,0
2,12,3.531749e6,-3.984074015441704,-0.9279398234010284,TIME_LIMIT,276670,0,0,34,0
2,12,3.532265e6,-3.984074015441704,-0.9279398234010284,TIME_LIMIT,276709,0,0,44,0
2,12,3.532781e6,-3.984074015441704,-0.9279398234010284,TIME_LIMIT,276759,0,0,35,0
2,12,3.533087e6,-3.984074015441704,-0.9279398234010284,TIME_LIMIT,276791,0,0,48,0
2,12,3.533603e6,-3.983693591059035,-0.9279398234010284,TIME_LIMIT,276850,0,0,27,0
2,12,3.534116e6,-3.983693591059035,-0.9279398234010284,TIME_LIMIT,276883,0,0,31,0
2,12,3.53463e6,-3.9836871680031196,-0.9279398234010284,TIME_LIMIT,276934,0,0,32,0
2,12,3.535143e6,-3.9836871680031196,-0.9279398234010284,TIME_LIMIT,276973,0,0,40,0
2,12,3.535656e6,-3.9835376574758845,-0.9279398234010284,TIME_LIMIT,277003,0,0,31,0
2,12,3.53617e6,-3.9835376574758845,-0.9279398234010284,TIME_LIMIT,277034,0,0,42,0
2,12,3.536682e6,-3.9835376574758845,-0.9279398234010284,TIME_LIMIT,277082,0,0,28,0
2,12,3.537193e6,-3.9835376574758845,-0.9279398234010284,TIME_LIMIT,277113,0,0,35,0
2,12,3.537723e6,-3.9833573161323,-0.9279398234010284,TIME_LIMIT,277158,0,0,24,0
2,12,3.538237e6,-3.9833573161323,-0.9279398234010284,TIME_LIMIT,277191,0,0,43,0
2,12,3.53875e6,-3.982969587785476,-0.9279398234010284,TIME_LIMIT,277249,0,0,35,0
2,12,3.53926e6,-3.982969587785476,-0.9279398234010284,TIME_LIMIT,277275,0,0,21,0
2,12,3.539773e6,-3.982969587785476,-0.9279398234010284,TIME_LIMIT,277325,0,0,34,0
2,12,3.540285e6,-3.982969587785476,-0.9279398234010284,TIME_LIMIT,277368,0,0,36,0
2,12,3.540795e6,-3.982969587785476,-0.9279398234010284,TIME_LIMIT,277401,0,0,38,0
2,12,3.541308e6,-3.982969587785476,-0.9279398234010284,TIME_LIMIT,277430,0,0,40,0
2,12,3.54182e6,-3.9829587938573856,-0.9279398234010284,TIME_LIMIT,277487,0,0,28,0
2,12,3.542333e6,-3.9829587938573856,-0.9279398234010284,TIME_LIMIT,277516,0,0,41,0
2,12,3.542847e6,-3.9829587938573856,-0.9279398234010284,TIME_LIMIT,277567,0,0,30,0
2,12,3.54336e6,-3.9829587938573856,-0.9279398234010284,TIME_LIMIT,277604,0,0,18,0
2,12,3.543908e6,-3.982784893261109,-0.9279398234010284,TIME_LIMIT,277657,0,0,25,0
2,12,3.544419e6,-3.982784893261109,-0.9279398234010284,TIME_LIMIT,277697,0,0,40,0
2,12,3.544929e6,-3.982784893261109,-0.9279398234010284,TIME_LIMIT,277741,0,0,37,0
2,12,3.545441e6,-3.982784893261109,-0.9279398234010284,TIME_LIMIT,277770,0,0,42,0
2,12,3.545949e6,-3.982784893261109,-0.9279398234010284,TIME_LIMIT,277817,0,0,20,0
2,12,3.546458e6,-3.982784893261109,-0.9279398234010284,TIME_LIMIT,277853,0,0,43,0
2,12,3.546955e6,-3.982784893261109,-0.9279398234010284,TIME_LIMIT,277903,0,0,18,0
2,12,3.547467e6,-3.982784893261109,-0.9279398234010284,TIME_LIMIT,277936,0,0,29,0
2,12,3.547977e6,-3.982784893261109,-0.9279398234010284,TIME_LIMIT,277976,0,0,34,0
2,12,3.54849e6,-3.982784893261109,-0.9279398234010284,TIME_LIMIT,278013,0,0,40,0
2,12,3.549002e6,-3.982784893261109,-0.9279398234010284,TIME_LIMIT,278066,0,0,32,0
2,12,3.549528e6,-3.982784893261109,-0.9279398234010284,TIME_LIMIT,278103,0,0,44,0
2,12,3.550038e6,-3.982784893261109,-0.9279398234010284,TIME_LIMIT,278152,0,0,32,0
2,12,3.550551e6,-3.982784893261109,-0.9279398234010284,TIME_LIMIT,278182,0,0,34,0
2,12,3.551063e6,-3.982784893261109,-0.9279398234010284,TIME_LIMIT,278232,0,0,28,0
2,12,3.551577e6,-3.982784893261109,-0.9279398234010284,TIME_LIMIT,278267,0,0,39,0
2,12,3.552091e6,-3.982784893261109,-0.9279398234010284,TIME_LIMIT,278322,0,0,33,0
2,12,3.552603e6,-3.982784893261109,-0.9279398234010284,TIME_LIMIT,278355,0,0,25,0
2,12,3.553114e6,-3.982784893261109,-0.9279398234010284,TIME_LIMIT,278402,0,0,28,0
2,12,3.553627e6,-3.982784893261109,-0.9279398234010284,TIME_LIMIT,278432,0,0,23,0
2,12,3.554139e6,-3.982769509127888,-0.9279398234010284,TIME_LIMIT,278474,0,0,18,0
2,12,3.554652e6,-3.982769509127888,-0.9279398234010284,TIME_LIMIT,278515,0,0,38,0
2,12,3.555165e6,-3.982756566976836,-0.9279398234010284,TIME_LIMIT,278555,0,0,31,0
2,12,3.55568e6,-3.982756566976836,-0.9279398234010284,TIME_LIMIT,278590,0,0,41,0
2,12,3.556194e6,-3.9827299702199004,-0.9279398234010284,TIME_LIMIT,278640,0,0,33,0
2,12,3.556709e6,-3.9827299702199004,-0.9279398234010284,TIME_LIMIT,278682,0,0,43,0
2,12,3.557221e6,-3.982522584083036,-0.9279398234010284,TIME_LIMIT,278726,0,0,33,0
2,12,3.557736e6,-3.982522584083036,-0.9279398234010284,TIME_LIMIT,278761,0,0,30,0
2,12,3.558249e6,-3.982522584083036,-0.9279398234010284,TIME_LIMIT,278814,0,0,27,0
2,12,3.558763e6,-3.982522584083036,-0.9279398234010284,TIME_LIMIT,278848,0,0,36,0
2,12,3.559277e6,-3.982522584083036,-0.9279398234010284,TIME_LIMIT,278895,0,0,28,0
2,12,3.559776e6,-3.982522584083036,-0.9279398234010284,TIME_LIMIT,278925,0,0,25,0
2,12,3.560288e6,-3.982522584083036,-0.9279398234010284,TIME_LIMIT,278979,0,0,31,0
2,12,3.560801e6,-3.982522584083036,-0.9279398234010284,TIME_LIMIT,279008,0,0,38,0
2,12,3.561313e6,-3.9822554181060097,-0.9279398234010284,TIME_LIMIT,279057,0,0,27,0
2,12,3.561828e6,-3.9822554181060097,-0.9279398234010284,TIME_LIMIT,279095,0,0,43,0
2,12,3.562345e6,-3.98209502664288,-0.9279398234010284,TIME_LIMIT,279138,0,0,16,0
2,12,3.562861e6,-3.98209502664288,-0.9279398234010284,TIME_LIMIT,279167,0,0,17,0
2,12,3.563376e6,-3.98209502664288,-0.9279398234010284,TIME_LIMIT,279213,0,0,27,0
2,12,3.563886e6,-3.98209502664288,-0.9279398234010284,TIME_LIMIT,279247,0,0,31,0
2,12,3.564398e6,-3.98209502664288,-0.9279398234010284,TIME_LIMIT,279282,0,0,32,0
2,12,3.564912e6,-3.98209502664288,-0.9279398234010284,TIME_LIMIT,279312,0,0,29,0
2,12,3.565423e6,-3.98209502664288,-0.9279398234010284,TIME_LIMIT,279352,0,0,26,0
2,12,3.565936e6,-3.98209502664288,-0.9279398234010284,TIME_LIMIT,279386,0,0,41,0
2,12,3.566449e6,-3.98209502664288,-0.9279398234010284,TIME_LIMIT,279431,0,0,27,0
2,12,3.566961e6,-3.98209502664288,-0.9279398234010284,TIME_LIMIT,279462,0,0,25,0
2,12,3.567477e6,-3.98209502664288,-0.9279398234010284,TIME_LIMIT,279511,0,0,32,0
2,12,3.567993e6,-3.98209502664288,-0.9279398234010284,TIME_LIMIT,279539,0,0,35,0
2,12,3.568506e6,-3.98209502664288,-0.9279398234010284,TIME_LIMIT,279585,0,0,24,0
2,12,3.569017e6,-3.98209502664288,-0.9279398234010284,TIME_LIMIT,279622,0,0,30,0
2,12,3.56953e6,-3.98209502664288,-0.9279398234010284,TIME_LIMIT,279665,0,0,28,0
2,12,3.570046e6,-3.98209502664288,-0.9279398234010284,TIME_LIMIT,279696,0,0,37,0
2,12,3.570559e6,-3.982043426613974,-0.9279398234010284,TIME_LIMIT,279748,0,0,25,0
2,12,3.571059e6,-3.982043426613974,-0.9279398234010284,TIME_LIMIT,279779,0,0,21,0
2,12,3.571573e6,-3.9815772492531423,-0.9279398234010284,TIME_LIMIT,279828,0,0,25,0
2,12,3.572086e6,-3.9815772492531423,-0.9279398234010284,TIME_LIMIT,279862,0,0,32,0
2,12,3.572601e6,-3.981079509082568,-0.9279398234010284,TIME_LIMIT,279896,0,0,33,0
2,12,3.573111e6,-3.981079509082568,-0.9279398234010284,TIME_LIMIT,279933,0,0,32,0
2,12,3.573625e6,-3.9808614980302908,-0.9279398234010284,TIME_LIMIT,279970,0,0,28,0
2,12,3.574138e6,-3.9808614980302908,-0.9279398234010284,TIME_LIMIT,280003,0,0,33,0
2,12,3.574652e6,-3.980814623890892,-0.9279398234010284,TIME_LIMIT,280051,0,0,27,0
2,12,3.575167e6,-3.980814623890892,-0.9279398234010284,TIME_LIMIT,280084,0,0,40,0
2,12,3.575679e6,-3.9802609304483467,-0.9279398234010284,TIME_LIMIT,280132,0,0,28,0
2,12,3.576193e6,-3.9802609304483467,-0.9279398234010284,TIME_LIMIT,280163,0,0,28,0
2,12,3.576705e6,-3.9795709595047755,-0.9279398234010284,TIME_LIMIT,280217,0,0,32,0
2,12,3.577222e6,-3.9795709595047755,-0.9279398234010284,TIME_LIMIT,280247,0,0,36,0
2,12,3.577737e6,-3.979499928309676,-0.9279398234010284,TIME_LIMIT,280301,0,0,32,0
2,12,3.578253e6,-3.979499928309676,-0.9279398234010284,TIME_LIMIT,280328,0,0,33,0
2,12,3.578766e6,-3.979499928309676,-0.9279398234010284,TIME_LIMIT,280373,0,0,15,0
2,12,3.57928e6,-3.979499928309676,-0.9279398234010284,TIME_LIMIT,280405,0,0,21,0
2,12,3.579795e6,-3.979499928309676,-0.9279398234010284,TIME_LIMIT,280449,0,0,27,0
2,12,3.580297e6,-3.979499928309676,-0.9279398234010284,TIME_LIMIT,280482,0,0,32,0
2,12,3.580809e6,-3.9793894005739623,-0.9279398234010284,TIME_LIMIT,280517,0,0,33,0
2,12,3.581323e6,-3.9793894005739623,-0.9279398234010284,TIME_LIMIT,280552,0,0,22,0
2,12,3.581835e6,-3.9793554182880237,-0.9279398234010284,TIME_LIMIT,280598,0,0,25,0
2,12,3.582347e6,-3.9793554182880237,-0.9279398234010284,TIME_LIMIT,280632,0,0,40,0
2,12,3.582859e6,-3.9793280108944478,-0.9279398234010284,TIME_LIMIT,280678,0,0,25,0
2,12,3.583375e6,-3.9793280108944478,-0.9279398234010284,TIME_LIMIT,280707,0,0,45,0
2,12,3.583889e6,-3.979234025145688,-0.9279398234010284,TIME_LIMIT,280759,0,0,31,0
2,12,3.584403e6,-3.979234025145688,-0.9279398234010284,TIME_LIMIT,280790,0,0,33,0
2,12,3.584916e6,-3.9792040705548493,-0.9279398234010284,TIME_LIMIT,280844,0,0,31,0
2,12,3.585433e6,-3.9792040705548493,-0.9279398234010284,TIME_LIMIT,280874,0,0,28,0
2,12,3.585958e6,-3.9792040705548493,-0.9279398234010284,TIME_LIMIT,280919,0,0,28,0
2,12,3.58647e6,-3.9792040705548493,-0.9279398234010284,TIME_LIMIT,280950,0,0,33,0
2,12,3.586981e6,-3.9790884783160676,-0.9279398234010284,TIME_LIMIT,280999,0,0,29,0
2,12,3.587496e6,-3.9790884783160676,-0.9279398234010284,TIME_LIMIT,281026,0,0,40,0
2,12,3.588009e6,-3.9790884783160676,-0.9279398234010284,TIME_LIMIT,281082,0,0,29,0
2,12,3.588524e6,-3.9790884783160676,-0.9279398234010284,TIME_LIMIT,281116,0,0,18,0
2,12,3.589027e6,-3.979064195735745,-0.9279398234010284,TIME_LIMIT,281171,0,0,26,0
2,12,3.589542e6,-3.979064195735745,-0.9279398234010284,TIME_LIMIT,281203,0,0,40,0
2,12,3.590055e6,-3.9790179791611484,-0.9279398234010284,TIME_LIMIT,281257,0,0,35,0
2,12,3.590569e6,-3.9790179791611484,-0.9279398234010284,TIME_LIMIT,281295,0,0,19,0
2,12,3.591083e6,-3.978997984989136,-0.9279398234010284,TIME_LIMIT,281343,0,0,32,0
2,12,3.591635e6,-3.978997984989136,-0.9279398234010284,TIME_LIMIT,281377,0,0,50,0
2,12,3.59215e6,-3.9789397616441384,-0.9279398234010284,TIME_LIMIT,281425,0,0,25,0
2,12,3.592666e6,-3.9789397616441384,-0.9279398234010284,TIME_LIMIT,281454,0,0,38,0
2,12,3.593181e6,-3.978921410006694,-0.9279398234010284,TIME_LIMIT,281506,0,0,34,0
2,12,3.593698e6,-3.978921410006694,-0.9279398234010284,TIME_LIMIT,281542,0,0,35,0
2,12,3.594212e6,-3.978861371352288,-0.9279398234010284,TIME_LIMIT,281594,0,0,19,0
2,12,3.594729e6,-3.978861371352288,-0.9279398234010284,TIME_LIMIT,281631,0,0,26,0
2,12,3.595243e6,-3.978861371352288,-0.9279398234010284,TIME_LIMIT,281684,0,0,29,0
2,12,3.595755e6,-3.978861371352288,-0.9279398234010284,TIME_LIMIT,281723,0,0,33,0
2,12,3.59627e6,-3.9785385651225957,-0.9279398234010284,TIME_LIMIT,281773,0,0,26,0
2,12,3.596782e6,-3.9785385651225957,-0.9279398234010284,TIME_LIMIT,281810,0,0,24,0
2,12,3.59728e6,-3.9785385651225957,-0.9279398234010284,TIME_LIMIT,281847,0,0,27,0
2,12,3.597809e6,-3.9785385651225957,-0.9279398234010284,TIME_LIMIT,281886,0,0,36,0
2,12,3.598323e6,-3.978483243292079,-0.9279398234010284,TIME_LIMIT,281924,0,0,26,0
2,12,3.598839e6,-3.978483243292079,-0.9279398234010284,TIME_LIMIT,281955,0,0,23,0
2,12,3.599355e6,-3.978483243292079,-0.9279398234010284,TIME_LIMIT,282010,0,0,27,0
2,12,3.599869e6,-3.978483243292079,-0.9279398234010284,TIME_LIMIT,282049,0,0,33,0
2,12,3.600002e6,-3.9783676958427363,-0.9279398234010284,TIME_LIMIT,282074,0,0,28,0
