seed,dimension,time,lowerBound,upperBound,termination,LMOcalls,localTighteings,globalTightenings,list_active_set_size_cb,list_discarded_set_size_cb
4,12,527.0,-4.277843781882762,3.6734768021673975e-16,TIME_LIMIT,58,0,0,35,0
4,12,960.0,-4.277843781882762,3.1553244771869243e-16,TIME_LIMIT,93,0,0,43,0
4,12,1487.0,-4.233297919518677,-3.316943794631247,TIME_LIMIT,153,0,0,35,0
4,12,1983.0,-4.233297919518677,-3.316943794631247,TIME_LIMIT,191,0,0,53,0
4,12,2457.0,-4.22621180919122,-3.360042498394556,TIME_LIMIT,239,0,0,35,0
4,12,2950.0,-4.22621180919122,-3.360042498394556,TIME_LIMIT,274,0,0,56,0
4,12,3425.0,-4.2144616202083345,-3.360042498394556,TIME_LIMIT,317,0,0,24,0
4,12,3919.0,-4.2144616202083345,-3.360042498394556,TIME_LIMIT,360,0,0,43,0
4,12,4392.0,-4.203689780958845,-3.360042498394556,TIME_LIMIT,405,0,0,30,0
4,12,4887.0,-4.203689780958845,-3.3616038859251525,TIME_LIMIT,434,0,0,28,0
4,12,5363.0,-4.188370919298247,-3.3616038859251525,TIME_LIMIT,487,0,0,35,0
4,12,5855.0,-4.188370919298247,-3.3616038859251525,TIME_LIMIT,516,0,0,37,0
4,12,6330.0,-4.188365269040648,-3.3873786930478285,TIME_LIMIT,569,0,0,34,0
4,12,6826.0,-4.188365269040648,-3.3873786930478285,TIME_LIMIT,595,0,0,41,0
4,12,7300.0,-4.186011638893996,-3.3873786930478285,TIME_LIMIT,654,0,0,39,0
4,12,7794.0,-4.186011638893996,-3.3873786930478285,TIME_LIMIT,680,0,0,60,0
4,12,8268.0,-4.179252792596827,-3.3873786930478285,TIME_LIMIT,738,0,0,38,0
4,12,8762.0,-4.179252792596827,-3.397493566849901,TIME_LIMIT,769,0,0,38,0
4,12,9239.0,-4.166909617178536,-3.4075721598782693,TIME_LIMIT,826,0,0,30,0
4,12,9734.0,-4.166909617178536,-3.4400481977143182,TIME_LIMIT,849,0,0,47,0
4,12,10209.0,-4.161349923083717,-3.4400481977143182,TIME_LIMIT,902,0,0,35,0
4,12,10683.0,-4.161349923083717,-3.4400481977143182,TIME_LIMIT,934,0,0,52,0
4,12,11178.0,-4.155304783883148,-3.4400481977143182,TIME_LIMIT,986,0,0,37,0
4,12,11652.0,-4.155304783883148,-3.4400481977143182,TIME_LIMIT,1019,0,0,28,0
4,12,12145.0,-4.155304783883148,-3.4400481977143182,TIME_LIMIT,1070,0,0,33,0
4,12,12620.0,-4.155304783883148,-3.4400481977143182,TIME_LIMIT,1109,0,0,32,0
4,12,13111.0,-4.153976857152733,-3.4492282539215156,TIME_LIMIT,1157,0,0,30,0
4,12,13586.0,-4.153976857152733,-3.4492282539215156,TIME_LIMIT,1201,0,0,46,0
4,12,14081.0,-4.146609575733272,-3.4492282539215156,TIME_LIMIT,1249,0,0,38,0
4,12,14555.0,-4.146609575733272,-3.4492282539215156,TIME_LIMIT,1282,0,0,46,0
4,12,15047.0,-4.14518899769121,-3.4492282539215156,TIME_LIMIT,1329,0,0,46,0
4,12,15522.0,-4.14518899769121,-3.4492282539215156,TIME_LIMIT,1349,0,0,65,0
4,12,16014.0,-4.140067854861574,-3.4492282539215156,TIME_LIMIT,1402,0,0,37,0
4,12,16488.0,-4.140067854861574,-3.461045341418187,TIME_LIMIT,1424,0,0,43,0
4,12,16982.0,-4.139477420706755,-3.465849025400495,TIME_LIMIT,1480,0,0,25,0
4,12,17456.0,-4.139477420706755,-3.465849025400495,TIME_LIMIT,1503,0,0,41,0
4,12,17949.0,-4.136298720573253,-3.465849025400495,TIME_LIMIT,1558,0,0,15,0
4,12,18425.0,-4.136298720573253,-3.465849025400495,TIME_LIMIT,1592,0,0,48,0
4,12,18917.0,-4.134136575748417,-3.465849025400495,TIME_LIMIT,1640,0,0,35,0
4,12,19393.0,-4.134136575748417,-3.465849025400495,TIME_LIMIT,1674,0,0,45,0
4,12,19866.0,-4.132033959774169,-3.465849025400495,TIME_LIMIT,1726,0,0,31,0
4,12,20360.0,-4.132033959774169,-3.465849025400495,TIME_LIMIT,1750,0,0,42,0
4,12,20836.0,-4.128106382058483,-3.465849025400495,TIME_LIMIT,1803,0,0,31,0
4,12,21328.0,-4.128106382058483,-3.465849025400495,TIME_LIMIT,1842,0,0,38,0
4,12,21802.0,-4.127152915593011,-3.465849025400495,TIME_LIMIT,1895,0,0,34,0
4,12,22293.0,-4.127152915593011,-3.465849025400495,TIME_LIMIT,1927,0,0,38,0
4,12,22767.0,-4.125921478311183,-3.465849025400495,TIME_LIMIT,1978,0,0,13,0
4,12,23258.0,-4.125921478311183,-3.465849025400495,TIME_LIMIT,2007,0,0,53,0
4,12,23733.0,-4.124745634923514,-3.465849025400495,TIME_LIMIT,2060,0,0,38,0
4,12,24227.0,-4.124745634923514,-3.465849025400495,TIME_LIMIT,2086,0,0,25,0
4,12,24701.0,-4.124199972489704,-3.465849025400495,TIME_LIMIT,2145,0,0,34,0
4,12,25194.0,-4.124199972489704,-3.465849025400495,TIME_LIMIT,2183,0,0,29,0
4,12,25668.0,-4.124067238824459,-3.474585236159545,TIME_LIMIT,2225,0,0,36,0
4,12,26162.0,-4.124067238824459,-3.474585236159545,TIME_LIMIT,2266,0,0,52,0
4,12,26638.0,-4.123999874079992,-3.474585236159545,TIME_LIMIT,2312,0,0,32,0
4,12,27131.0,-4.123999874079992,-3.474585236159545,TIME_LIMIT,2344,0,0,49,0
4,12,27605.0,-4.1232742279655685,-3.474585236159545,TIME_LIMIT,2390,0,0,34,0
4,12,28100.0,-4.1232742279655685,-3.474585236159545,TIME_LIMIT,2427,0,0,30,0
4,12,28596.0,-4.11975218606404,-3.474585236159545,TIME_LIMIT,2480,0,0,37,0
4,12,29070.0,-4.11975218606404,-3.474585236159545,TIME_LIMIT,2510,0,0,45,0
4,12,29563.0,-4.114138335273779,-3.474585236159545,TIME_LIMIT,2565,0,0,37,0
4,12,30037.0,-4.114138335273779,-3.474585236159545,TIME_LIMIT,2587,0,0,63,0
4,12,30530.0,-4.111659329732452,-3.474585236159545,TIME_LIMIT,2643,0,0,39,0
4,12,31004.0,-4.111659329732452,-3.474585236159545,TIME_LIMIT,2662,0,0,52,0
4,12,31496.0,-4.111607900125451,-3.474585236159545,TIME_LIMIT,2720,0,0,28,0
4,12,31972.0,-4.111607900125451,-3.474585236159545,TIME_LIMIT,2760,0,0,45,0
4,12,32465.0,-4.111607900125451,-3.474585236159545,TIME_LIMIT,2819,0,0,38,0
4,12,32960.0,-4.111607900125451,-3.474585236159545,TIME_LIMIT,2849,0,0,36,0
4,12,33451.0,-4.1096158685184605,-3.474585236159545,TIME_LIMIT,2906,0,0,36,0
4,12,33926.0,-4.1096158685184605,-3.474585236159545,TIME_LIMIT,2940,0,0,53,0
4,12,34419.0,-4.1096158685184605,-3.474585236159545,TIME_LIMIT,2986,0,0,34,0
4,12,34894.0,-4.1096158685184605,-3.474585236159545,TIME_LIMIT,3016,0,0,45,0
4,12,35367.0,-4.109005344656756,-3.474585236159545,TIME_LIMIT,3072,0,0,33,0
4,12,35861.0,-4.109005344656756,-3.474585236159545,TIME_LIMIT,3107,0,0,33,0
4,12,36336.0,-4.109005344656756,-3.474585236159545,TIME_LIMIT,3164,0,0,33,0
4,12,36831.0,-4.109005344656756,-3.474585236159545,TIME_LIMIT,3205,0,0,30,0
4,12,37305.0,-4.107751921274991,-3.474585236159545,TIME_LIMIT,3254,0,0,32,0
4,12,37799.0,-4.107751921274991,-3.474585236159545,TIME_LIMIT,3285,0,0,35,0
4,12,38275.0,-4.107751921274991,-3.474585236159545,TIME_LIMIT,3333,0,0,31,0
4,12,38770.0,-4.107751921274991,-3.474585236159545,TIME_LIMIT,3360,0,0,40,0
4,12,39245.0,-4.106620215037339,-3.474585236159545,TIME_LIMIT,3415,0,0,23,0
4,12,39738.0,-4.106620215037339,-3.474585236159545,TIME_LIMIT,3449,0,0,48,0
4,12,40214.0,-4.106395860594751,-3.474585236159545,TIME_LIMIT,3508,0,0,33,0
4,12,40707.0,-4.106395860594751,-3.474585236159545,TIME_LIMIT,3533,0,0,45,0
4,12,41183.0,-4.105804964162099,-3.474585236159545,TIME_LIMIT,3584,0,0,37,0
4,12,41655.0,-4.105804964162099,-3.474585236159545,TIME_LIMIT,3610,0,0,40,0
4,12,42150.0,-4.1054884259051665,-3.474585236159545,TIME_LIMIT,3665,0,0,13,0
4,12,42623.0,-4.1054884259051665,-3.474585236159545,TIME_LIMIT,3695,0,0,51,0
4,12,43116.0,-4.1054884259051665,-3.474585236159545,TIME_LIMIT,3748,0,0,35,0
4,12,43590.0,-4.1054884259051665,-3.474585236159545,TIME_LIMIT,3775,0,0,46,0
4,12,44084.0,-4.1030727661957265,-3.474585236159545,TIME_LIMIT,3833,0,0,37,0
4,12,44560.0,-4.1030727661957265,-3.474585236159545,TIME_LIMIT,3870,0,0,41,0
4,12,45053.0,-4.102438902870219,-3.474585236159545,TIME_LIMIT,3922,0,0,32,0
4,12,45528.0,-4.102438902870219,-3.474585236159545,TIME_LIMIT,3955,0,0,35,0
4,12,46020.0,-4.102438902870219,-3.474585236159545,TIME_LIMIT,4004,0,0,29,0
4,12,46495.0,-4.102438902870219,-3.474585236159545,TIME_LIMIT,4042,0,0,36,0
4,12,46988.0,-4.102308863542532,-3.474585236159545,TIME_LIMIT,4096,0,0,24,0
4,12,47461.0,-4.102308863542532,-3.474585236159545,TIME_LIMIT,4118,0,0,29,0
4,12,47936.0,-4.1010469560803475,-3.474585236159545,TIME_LIMIT,4175,0,0,36,0
4,12,48431.0,-4.1010469560803475,-3.474585236159545,TIME_LIMIT,4214,0,0,34,0
4,12,48905.0,-4.101033180936484,-3.474585236159545,TIME_LIMIT,4258,0,0,28,0
4,12,49399.0,-4.101033180936484,-3.474585236159545,TIME_LIMIT,4290,0,0,40,0
4,12,49873.0,-4.099613189203432,-3.474585236159545,TIME_LIMIT,4346,0,0,34,0
4,12,50367.0,-4.099613189203432,-3.474585236159545,TIME_LIMIT,4380,0,0,36,0
4,12,50843.0,-4.099613189203432,-3.474585236159545,TIME_LIMIT,4431,0,0,36,0
4,12,51340.0,-4.099613189203432,-3.4947387058843926,TIME_LIMIT,4469,0,0,34,0
4,12,51817.0,-4.099481253434561,-3.4947387058843926,TIME_LIMIT,4516,0,0,14,0
4,12,52310.0,-4.099481253434561,-3.4947387058843926,TIME_LIMIT,4545,0,0,41,0
4,12,52786.0,-4.097830785955983,-3.4947387058843926,TIME_LIMIT,4598,0,0,36,0
4,12,53278.0,-4.097830785955983,-3.4947387058843926,TIME_LIMIT,4639,0,0,40,0
4,12,53752.0,-4.094637887321799,-3.4947387058843926,TIME_LIMIT,4676,0,0,19,0
4,12,54225.0,-4.094637887321799,-3.4947387058843926,TIME_LIMIT,4720,0,0,38,0
4,12,54718.0,-4.0912507855251405,-3.4947387058843926,TIME_LIMIT,4763,0,0,47,0
4,12,55193.0,-4.0912507855251405,-3.4947387058843926,TIME_LIMIT,4795,0,0,24,0
4,12,55686.0,-4.087763401278533,-3.4947387058843926,TIME_LIMIT,4843,0,0,26,0
4,12,56165.0,-4.087763401278533,-3.4947387058843926,TIME_LIMIT,4876,0,0,33,0
4,12,56659.0,-4.087763401278533,-3.4947387058843926,TIME_LIMIT,4929,0,0,34,0
4,12,57134.0,-4.087763401278533,-3.4947387058843926,TIME_LIMIT,4956,0,0,38,0
4,12,57627.0,-4.087763401278533,-3.4947387058843926,TIME_LIMIT,5001,0,0,28,0
4,12,58102.0,-4.087763401278533,-3.4947387058843926,TIME_LIMIT,5030,0,0,34,0
4,12,58595.0,-4.086119888763307,-3.4947387058843926,TIME_LIMIT,5081,0,0,37,0
4,12,59070.0,-4.086119888763307,-3.4947387058843926,TIME_LIMIT,5119,0,0,25,0
4,12,59544.0,-4.086119888763307,-3.4965466815862705,TIME_LIMIT,5169,0,0,31,0
4,12,60038.0,-4.086119888763307,-3.4992913550703055,TIME_LIMIT,5208,0,0,34,0
4,12,60517.0,-4.085909898781255,-3.4992913550703055,TIME_LIMIT,5260,0,0,26,0
4,12,61011.0,-4.085909898781255,-3.4992913550703055,TIME_LIMIT,5292,0,0,51,0
4,12,61486.0,-4.085909898781255,-3.4992913550703055,TIME_LIMIT,5344,0,0,22,0
4,12,61979.0,-4.085909898781255,-3.4992913550703055,TIME_LIMIT,5382,0,0,34,0
4,12,62453.0,-4.085837716253164,-3.4992913550703055,TIME_LIMIT,5421,0,0,28,0
4,12,62946.0,-4.085837716253164,-3.4992913550703055,TIME_LIMIT,5451,0,0,30,0
4,12,63420.0,-4.085837716253164,-3.4992913550703055,TIME_LIMIT,5507,0,0,31,0
4,12,63911.0,-4.085837716253164,-3.4992913550703055,TIME_LIMIT,5545,0,0,38,0
4,12,64384.0,-4.085071677883418,-3.4992913550703055,TIME_LIMIT,5594,0,0,29,0
4,12,64860.0,-4.085071677883418,-3.4992913550703055,TIME_LIMIT,5628,0,0,40,0
4,12,65353.0,-4.084819823584272,-3.4992913550703055,TIME_LIMIT,5680,0,0,30,0
4,12,65828.0,-4.084819823584272,-3.4992913550703055,TIME_LIMIT,5710,0,0,47,0
4,12,66323.0,-4.0845797249960984,-3.4992913550703055,TIME_LIMIT,5764,0,0,34,0
4,12,66797.0,-4.0845797249960984,-3.4992913550703055,TIME_LIMIT,5805,0,0,43,0
4,12,67291.0,-4.083407096406903,-3.4992913550703055,TIME_LIMIT,5856,0,0,32,0
4,12,67768.0,-4.083407096406903,-3.4992913550703055,TIME_LIMIT,5890,0,0,39,0
4,12,68261.0,-4.081839106421017,-3.4992913550703055,TIME_LIMIT,5942,0,0,36,0
4,12,68737.0,-4.081839106421017,-3.4992913550703055,TIME_LIMIT,5978,0,0,37,0
4,12,69231.0,-4.081474210240181,-3.4992913550703055,TIME_LIMIT,6030,0,0,34,0
4,12,69705.0,-4.081474210240181,-3.4992913550703055,TIME_LIMIT,6060,0,0,41,0
4,12,70179.0,-4.080142763784871,-3.4992913550703055,TIME_LIMIT,6108,0,0,34,0
4,12,70672.0,-4.080142763784871,-3.4992913550703055,TIME_LIMIT,6140,0,0,49,0
4,12,71146.0,-4.07971918318815,-3.4992913550703055,TIME_LIMIT,6189,0,0,34,0
4,12,71639.0,-4.07971918318815,-3.4992913550703055,TIME_LIMIT,6222,0,0,33,0
4,12,72115.0,-4.07971918318815,-3.4992913550703055,TIME_LIMIT,6267,0,0,17,0
4,12,72610.0,-4.07971918318815,-3.4992913550703055,TIME_LIMIT,6304,0,0,29,0
4,12,73085.0,-4.079460133309723,-3.4992913550703055,TIME_LIMIT,6350,0,0,37,0
4,12,73579.0,-4.079460133309723,-3.4992913550703055,TIME_LIMIT,6374,0,0,39,0
4,12,74055.0,-4.079285627514979,-3.4992913550703055,TIME_LIMIT,6430,0,0,38,0
4,12,74552.0,-4.079285627514979,-3.4992913550703055,TIME_LIMIT,6470,0,0,36,0
4,12,75046.0,-4.0782572221592,-3.4992913550703055,TIME_LIMIT,6513,0,0,36,0
4,12,75520.0,-4.0782572221592,-3.4992913550703055,TIME_LIMIT,6541,0,0,45,0
4,12,76013.0,-4.077774280907084,-3.4992913550703055,TIME_LIMIT,6592,0,0,34,0
4,12,76488.0,-4.077774280907084,-3.4992913550703055,TIME_LIMIT,6609,0,0,48,0
4,12,76981.0,-4.077774280907084,-3.4992913550703055,TIME_LIMIT,6656,0,0,30,0
4,12,77456.0,-4.077774280907084,-3.4992913550703055,TIME_LIMIT,6686,0,0,16,0
4,12,77949.0,-4.07724743841423,-3.4992913550703055,TIME_LIMIT,6737,0,0,36,0
4,12,78423.0,-4.07724743841423,-3.4992913550703055,TIME_LIMIT,6760,0,0,49,0
4,12,78932.0,-4.07724743841423,-3.4992913550703055,TIME_LIMIT,6814,0,0,34,0
4,12,79412.0,-4.07724743841423,-3.4992913550703055,TIME_LIMIT,6846,0,0,35,0
4,12,79885.0,-4.076863144640657,-3.4992913550703055,TIME_LIMIT,6893,0,0,31,0
4,12,80381.0,-4.076863144640657,-3.4992913550703055,TIME_LIMIT,6915,0,0,52,0
4,12,80856.0,-4.07617320757185,-3.4992913550703055,TIME_LIMIT,6975,0,0,30,0
4,12,81351.0,-4.07617320757185,-3.4992913550703055,TIME_LIMIT,7013,0,0,26,0
4,12,81827.0,-4.07617320757185,-3.4992913550703055,TIME_LIMIT,7059,0,0,30,0
4,12,82319.0,-4.07617320757185,-3.4992913550703055,TIME_LIMIT,7094,0,0,30,0
4,12,82795.0,-4.07617320757185,-3.4992913550703055,TIME_LIMIT,7147,0,0,35,0
4,12,83289.0,-4.07617320757185,-3.4992913550703055,TIME_LIMIT,7176,0,0,23,0
4,12,83763.0,-4.075216996342733,-3.4992913550703055,TIME_LIMIT,7223,0,0,30,0
4,12,84236.0,-4.075216996342733,-3.4992913550703055,TIME_LIMIT,7261,0,0,28,0
4,12,84729.0,-4.074539846601522,-3.4992913550703055,TIME_LIMIT,7317,0,0,29,0
4,12,85204.0,-4.074539846601522,-3.4992913550703055,TIME_LIMIT,7348,0,0,42,0
4,12,85699.0,-4.074012725295662,-3.4992913550703055,TIME_LIMIT,7403,0,0,34,0
4,12,86171.0,-4.074012725295662,-3.5178176994727486,TIME_LIMIT,7434,0,0,40,0
4,12,86664.0,-4.07327854455395,-3.5178176994727486,TIME_LIMIT,7482,0,0,32,0
4,12,87139.0,-4.07327854455395,-3.5178176994727486,TIME_LIMIT,7521,0,0,36,0
4,12,87632.0,-4.072887086869804,-3.5178176994727486,TIME_LIMIT,7578,0,0,37,0
4,12,88107.0,-4.072887086869804,-3.5178176994727486,TIME_LIMIT,7617,0,0,37,0
4,12,88579.0,-4.072047698591927,-3.5178176994727486,TIME_LIMIT,7672,0,0,19,0
4,12,89073.0,-4.072047698591927,-3.5178176994727486,TIME_LIMIT,7711,0,0,37,0
4,12,89547.0,-4.07173437376383,-3.5178176994727486,TIME_LIMIT,7758,0,0,29,0
4,12,90040.0,-4.07173437376383,-3.5178176994727486,TIME_LIMIT,7778,0,0,37,0
4,12,90515.0,-4.07173437376383,-3.5178176994727486,TIME_LIMIT,7831,0,0,27,0
4,12,91008.0,-4.07173437376383,-3.5178176994727486,TIME_LIMIT,7864,0,0,43,0
4,12,91484.0,-4.070871131952058,-3.5178176994727486,TIME_LIMIT,7910,0,0,29,0
4,12,91976.0,-4.070871131952058,-3.5178176994727486,TIME_LIMIT,7951,0,0,43,0
4,12,92450.0,-4.070647036726788,-3.5178176994727486,TIME_LIMIT,8002,0,0,36,0
4,12,92924.0,-4.070647036726788,-3.5178176994727486,TIME_LIMIT,8025,0,0,38,0
4,12,93417.0,-4.0702937276121816,-3.5178176994727486,TIME_LIMIT,8078,0,0,30,0
4,12,93891.0,-4.0702937276121816,-3.5178176994727486,TIME_LIMIT,8109,0,0,46,0
4,12,94383.0,-4.070165804536516,-3.5178176994727486,TIME_LIMIT,8155,0,0,13,0
4,12,94859.0,-4.070165804536516,-3.5178176994727486,TIME_LIMIT,8183,0,0,37,0
4,12,95352.0,-4.0681619096994694,-3.5178176994727486,TIME_LIMIT,8227,0,0,31,0
4,12,95828.0,-4.0681619096994694,-3.5178176994727486,TIME_LIMIT,8251,0,0,47,0
4,12,96320.0,-4.068129219047359,-3.5178176994727486,TIME_LIMIT,8302,0,0,18,0
4,12,96795.0,-4.068129219047359,-3.5178176994727486,TIME_LIMIT,8325,0,0,57,0
4,12,97270.0,-4.067850308794629,-3.5178176994727486,TIME_LIMIT,8384,0,0,33,0
4,12,97767.0,-4.067850308794629,-3.5178176994727486,TIME_LIMIT,8408,0,0,38,0
4,12,98241.0,-4.067692612403743,-3.5178176994727486,TIME_LIMIT,8464,0,0,29,0
4,12,98736.0,-4.067692612403743,-3.5178176994727486,TIME_LIMIT,8490,0,0,43,0
4,12,99210.0,-4.067636409324638,-3.5178176994727486,TIME_LIMIT,8547,0,0,36,0
4,12,99704.0,-4.067636409324638,-3.5178176994727486,TIME_LIMIT,8580,0,0,25,0
4,12,100180.0,-4.067636409324638,-3.5178176994727486,TIME_LIMIT,8638,0,0,33,0
4,12,100673.0,-4.067636409324638,-3.5178176994727486,TIME_LIMIT,8674,0,0,34,0
4,12,101147.0,-4.067636409324638,-3.5178176994727486,TIME_LIMIT,8717,0,0,31,0
4,12,101621.0,-4.067636409324638,-3.5178176994727486,TIME_LIMIT,8758,0,0,38,0
4,12,102116.0,-4.067254520556482,-3.5178176994727486,TIME_LIMIT,8810,0,0,35,0
4,12,102591.0,-4.067254520556482,-3.5178176994727486,TIME_LIMIT,8840,0,0,44,0
4,12,103083.0,-4.067254520556482,-3.5178176994727486,TIME_LIMIT,8886,0,0,28,0
4,12,103558.0,-4.067254520556482,-3.5178176994727486,TIME_LIMIT,8915,0,0,8,0
4,12,104052.0,-4.066367921135432,-3.5178176994727486,TIME_LIMIT,8963,0,0,33,0
4,12,104525.0,-4.066367921135432,-3.5178176994727486,TIME_LIMIT,8987,0,0,38,0
4,12,105018.0,-4.066080087705713,-3.5178176994727486,TIME_LIMIT,9039,0,0,33,0
4,12,105493.0,-4.066080087705713,-3.5178176994727486,TIME_LIMIT,9086,0,0,45,0
4,12,105967.0,-4.065257148183786,-3.5178176994727486,TIME_LIMIT,9123,0,0,51,0
4,12,106461.0,-4.065257148183786,-3.5178176994727486,TIME_LIMIT,9157,0,0,47,0
4,12,106938.0,-4.064653928660379,-3.5178176994727486,TIME_LIMIT,9214,0,0,20,0
4,12,107431.0,-4.064653928660379,-3.5178176994727486,TIME_LIMIT,9236,0,0,39,0
4,12,107906.0,-4.0645593006061365,-3.5178176994727486,TIME_LIMIT,9289,0,0,33,0
4,12,108400.0,-4.0645593006061365,-3.5178176994727486,TIME_LIMIT,9329,0,0,37,0
4,12,108874.0,-4.064505027135571,-3.5178176994727486,TIME_LIMIT,9370,0,0,37,0
4,12,109347.0,-4.064505027135571,-3.5178176994727486,TIME_LIMIT,9398,0,0,44,0
4,12,109840.0,-4.064137219841339,-3.5178176994727486,TIME_LIMIT,9456,0,0,29,0
4,12,110315.0,-4.064137219841339,-3.5178176994727486,TIME_LIMIT,9480,0,0,38,0
4,12,110808.0,-4.064137219841339,-3.5178176994727486,TIME_LIMIT,9530,0,0,25,0
4,12,111284.0,-4.064137219841339,-3.5178176994727486,TIME_LIMIT,9571,0,0,44,0
4,12,111777.0,-4.063747676766824,-3.5178176994727486,TIME_LIMIT,9619,0,0,32,0
4,12,112254.0,-4.063747676766824,-3.5178176994727486,TIME_LIMIT,9653,0,0,40,0
4,12,112748.0,-4.063508322917819,-3.5178176994727486,TIME_LIMIT,9698,0,0,29,0
4,12,113224.0,-4.063508322917819,-3.5178176994727486,TIME_LIMIT,9735,0,0,35,0
4,12,113699.0,-4.063338738588354,-3.5178176994727486,TIME_LIMIT,9777,0,0,36,0
4,12,114194.0,-4.063338738588354,-3.5178176994727486,TIME_LIMIT,9801,0,0,36,0
4,12,114669.0,-4.061643055594388,-3.5178176994727486,TIME_LIMIT,9849,0,0,28,0
4,12,115164.0,-4.061643055594388,-3.5178176994727486,TIME_LIMIT,9886,0,0,35,0
4,12,115639.0,-4.060952733200293,-3.5178176994727486,TIME_LIMIT,9938,0,0,31,0
4,12,116134.0,-4.060952733200293,-3.5178176994727486,TIME_LIMIT,9969,0,0,39,0
4,12,116607.0,-4.06040540265394,-3.5178176994727486,TIME_LIMIT,10017,0,0,31,0
4,12,117099.0,-4.06040540265394,-3.5178176994727486,TIME_LIMIT,10045,0,0,29,0
4,12,117573.0,-4.059382470435296,-3.5178176994727486,TIME_LIMIT,10101,0,0,26,0
4,12,118047.0,-4.059382470435296,-3.5178176994727486,TIME_LIMIT,10130,0,0,51,0
4,12,118541.0,-4.058300028165115,-3.5178176994727486,TIME_LIMIT,10189,0,0,39,0
4,12,119016.0,-4.058300028165115,-3.5178176994727486,TIME_LIMIT,10229,0,0,34,0
4,12,119508.0,-4.057744603196694,-3.5178176994727486,TIME_LIMIT,10272,0,0,31,0
4,12,119983.0,-4.057744603196694,-3.5178176994727486,TIME_LIMIT,10298,0,0,39,0
4,12,120485.0,-4.05766062919529,-3.5178176994727486,TIME_LIMIT,10355,0,0,29,0
4,12,120975.0,-4.05766062919529,-3.5178176994727486,TIME_LIMIT,10391,0,0,40,0
4,12,121448.0,-4.057252558868008,-3.5178176994727486,TIME_LIMIT,10441,0,0,37,0
4,12,121943.0,-4.057252558868008,-3.5178176994727486,TIME_LIMIT,10461,0,0,42,0
4,12,122419.0,-4.056391717884633,-3.5178176994727486,TIME_LIMIT,10517,0,0,38,0
4,12,122913.0,-4.056391717884633,-3.5178176994727486,TIME_LIMIT,10542,0,0,41,0
4,12,123388.0,-4.055082563177808,-3.5178176994727486,TIME_LIMIT,10593,0,0,35,0
4,12,123883.0,-4.055082563177808,-3.5178176994727486,TIME_LIMIT,10618,0,0,48,0
4,12,124359.0,-4.0549538695981795,-3.5178176994727486,TIME_LIMIT,10671,0,0,25,0
4,12,124854.0,-4.0549538695981795,-3.5178176994727486,TIME_LIMIT,10703,0,0,36,0
4,12,125347.0,-4.0549538695981795,-3.5178176994727486,TIME_LIMIT,10752,0,0,30,0
4,12,125821.0,-4.0549538695981795,-3.5178176994727486,TIME_LIMIT,10790,0,0,46,0
4,12,126315.0,-4.054372376993063,-3.5178176994727486,TIME_LIMIT,10841,0,0,32,0
4,12,126790.0,-4.054372376993063,-3.5178176994727486,TIME_LIMIT,10866,0,0,33,0
4,12,127283.0,-4.05359043993892,-3.5178176994727486,TIME_LIMIT,10923,0,0,36,0
4,12,127759.0,-4.05359043993892,-3.5178176994727486,TIME_LIMIT,10958,0,0,35,0
4,12,128251.0,-4.053178334858476,-3.5178176994727486,TIME_LIMIT,11014,0,0,34,0
4,12,128726.0,-4.053178334858476,-3.5178176994727486,TIME_LIMIT,11036,0,0,35,0
4,12,129200.0,-4.053178334858476,-3.5178176994727486,TIME_LIMIT,11086,0,0,25,0
4,12,129695.0,-4.053178334858476,-3.5178176994727486,TIME_LIMIT,11126,0,0,44,0
4,12,130169.0,-4.053079123119359,-3.5178176994727486,TIME_LIMIT,11171,0,0,31,0
4,12,130664.0,-4.053079123119359,-3.5178176994727486,TIME_LIMIT,11198,0,0,34,0
4,12,131139.0,-4.053079123119359,-3.5178176994727486,TIME_LIMIT,11255,0,0,38,0
4,12,131632.0,-4.053079123119359,-3.5178176994727486,TIME_LIMIT,11287,0,0,36,0
4,12,132107.0,-4.052095778652442,-3.5178176994727486,TIME_LIMIT,11332,0,0,31,0
4,12,132580.0,-4.052095778652442,-3.5178176994727486,TIME_LIMIT,11357,0,0,39,0
4,12,133073.0,-4.051925260096654,-3.5178176994727486,TIME_LIMIT,11411,0,0,34,0
4,12,133548.0,-4.051925260096654,-3.5178176994727486,TIME_LIMIT,11455,0,0,41,0
4,12,134041.0,-4.051360948353643,-3.5178176994727486,TIME_LIMIT,11497,0,0,45,0
4,12,134514.0,-4.051360948353643,-3.5178176994727486,TIME_LIMIT,11525,0,0,45,0
4,12,135007.0,-4.050961021949779,-3.5178176994727486,TIME_LIMIT,11581,0,0,35,0
4,12,135482.0,-4.050961021949779,-3.5178176994727486,TIME_LIMIT,11619,0,0,22,0
4,12,135973.0,-4.050141148845588,-3.5178176994727486,TIME_LIMIT,11672,0,0,38,0
4,12,136450.0,-4.050141148845588,-3.5178176994727486,TIME_LIMIT,11705,0,0,46,0
4,12,136925.0,-4.050141148845588,-3.5178176994727486,TIME_LIMIT,11763,0,0,38,0
4,12,137420.0,-4.050141148845588,-3.5178176994727486,TIME_LIMIT,11794,0,0,45,0
4,12,137896.0,-4.0496843718266025,-3.5178176994727486,TIME_LIMIT,11848,0,0,34,0
4,12,138389.0,-4.0496843718266025,-3.5178176994727486,TIME_LIMIT,11884,0,0,26,0
4,12,138864.0,-4.0496843718266025,-3.5178176994727486,TIME_LIMIT,11937,0,0,32,0
4,12,139358.0,-4.0496843718266025,-3.5178176994727486,TIME_LIMIT,11976,0,0,43,0
4,12,139834.0,-4.049221766561232,-3.5178176994727486,TIME_LIMIT,12020,0,0,36,0
4,12,140307.0,-4.049221766561232,-3.5178176994727486,TIME_LIMIT,12056,0,0,16,0
4,12,140801.0,-4.048688739776571,-3.5178176994727486,TIME_LIMIT,12091,0,0,36,0
4,12,141276.0,-4.048688739776571,-3.5178176994727486,TIME_LIMIT,12111,0,0,40,0
4,12,141770.0,-4.048672643371386,-3.5178176994727486,TIME_LIMIT,12164,0,0,31,0
4,12,142245.0,-4.048672643371386,-3.5178176994727486,TIME_LIMIT,12189,0,0,22,0
4,12,142737.0,-4.048556922396729,-3.5178176994727486,TIME_LIMIT,12244,0,0,28,0
4,12,143211.0,-4.048556922396729,-3.5178176994727486,TIME_LIMIT,12273,0,0,53,0
4,12,143686.0,-4.048201145161903,-3.5178176994727486,TIME_LIMIT,12325,0,0,35,0
4,12,144181.0,-4.048201145161903,-3.5178176994727486,TIME_LIMIT,12357,0,0,26,0
4,12,144656.0,-4.047990226166982,-3.5178176994727486,TIME_LIMIT,12410,0,0,24,0
4,12,145150.0,-4.047990226166982,-3.5194169910799964,TIME_LIMIT,12443,0,0,13,0
4,12,145625.0,-4.047340622980917,-3.5194169910799964,TIME_LIMIT,12501,0,0,38,0
4,12,146118.0,-4.047340622980917,-3.5194169910799964,TIME_LIMIT,12535,0,0,45,0
4,12,146593.0,-4.0464492322296435,-3.5194169910799964,TIME_LIMIT,12585,0,0,33,0
4,12,147086.0,-4.0464492322296435,-3.5194169910799964,TIME_LIMIT,12616,0,0,36,0
4,12,147560.0,-4.046299938082268,-3.5194169910799964,TIME_LIMIT,12665,0,0,29,0
4,12,148036.0,-4.046299938082268,-3.5194169910799964,TIME_LIMIT,12686,0,0,37,0
4,12,148530.0,-4.046048443711397,-3.5194169910799964,TIME_LIMIT,12739,0,0,16,0
4,12,149007.0,-4.046048443711397,-3.5194169910799964,TIME_LIMIT,12773,0,0,40,0
4,12,149501.0,-4.046038343237521,-3.5194169910799964,TIME_LIMIT,12825,0,0,26,0
4,12,149975.0,-4.046038343237521,-3.5194169910799964,TIME_LIMIT,12854,0,0,18,0
4,12,150468.0,-4.04598191098629,-3.5194169910799964,TIME_LIMIT,12909,0,0,21,0
4,12,150943.0,-4.04598191098629,-3.5194169910799964,TIME_LIMIT,12945,0,0,35,0
4,12,151415.0,-4.04598191098629,-3.5194169910799964,TIME_LIMIT,12992,0,0,31,0
4,12,151906.0,-4.04598191098629,-3.5194169910799964,TIME_LIMIT,13016,0,0,33,0
4,12,152380.0,-4.04575163387137,-3.5194169910799964,TIME_LIMIT,13066,0,0,28,0
4,12,152875.0,-4.04575163387137,-3.5194169910799964,TIME_LIMIT,13094,0,0,45,0
4,12,153351.0,-4.045157819203938,-3.5194169910799964,TIME_LIMIT,13146,0,0,35,0
4,12,153843.0,-4.045157819203938,-3.5194169910799964,TIME_LIMIT,13179,0,0,38,0
4,12,154317.0,-4.044750885611477,-3.5194169910799964,TIME_LIMIT,13232,0,0,29,0
4,12,154789.0,-4.044750885611477,-3.5194169910799964,TIME_LIMIT,13266,0,0,27,0
4,12,155283.0,-4.04474724445616,-3.5194169910799964,TIME_LIMIT,13323,0,0,37,0
4,12,155759.0,-4.04474724445616,-3.5194169910799964,TIME_LIMIT,13357,0,0,35,0
4,12,156253.0,-4.04474724445616,-3.5194169910799964,TIME_LIMIT,13412,0,0,21,0
4,12,156730.0,-4.04474724445616,-3.5194169910799964,TIME_LIMIT,13435,0,0,35,0
4,12,157222.0,-4.044388096676665,-3.5194169910799964,TIME_LIMIT,13485,0,0,32,0
4,12,157697.0,-4.044388096676665,-3.5194169910799964,TIME_LIMIT,13517,0,0,36,0
4,12,158169.0,-4.044388096676665,-3.5194169910799964,TIME_LIMIT,13562,0,0,32,0
4,12,158663.0,-4.044388096676665,-3.5194169910799964,TIME_LIMIT,13592,0,0,23,0
4,12,159137.0,-4.044388096676665,-3.5194169910799964,TIME_LIMIT,13647,0,0,32,0
4,12,159630.0,-4.044388096676665,-3.5194169910799964,TIME_LIMIT,13671,0,0,39,0
4,12,160103.0,-4.043575020832138,-3.5194169910799964,TIME_LIMIT,13725,0,0,32,0
4,12,160595.0,-4.043575020832138,-3.5194169910799964,TIME_LIMIT,13760,0,0,40,0
4,12,161068.0,-4.043357943963718,-3.5194169910799964,TIME_LIMIT,13796,0,0,35,0
4,12,161544.0,-4.043357943963718,-3.5194169910799964,TIME_LIMIT,13833,0,0,37,0
4,12,162037.0,-4.042552633138634,-3.5194169910799964,TIME_LIMIT,13888,0,0,39,0
4,12,162512.0,-4.042552633138634,-3.5194169910799964,TIME_LIMIT,13916,0,0,38,0
4,12,163004.0,-4.042473538969466,-3.5194169910799964,TIME_LIMIT,13968,0,0,16,0
4,12,163479.0,-4.042473538969466,-3.5194169910799964,TIME_LIMIT,13996,0,0,43,0
4,12,163971.0,-4.042473538969466,-3.5194169910799964,TIME_LIMIT,14047,0,0,30,0
4,12,164444.0,-4.042473538969466,-3.5194169910799964,TIME_LIMIT,14078,0,0,40,0
4,12,164918.0,-4.042462270396349,-3.5194169910799964,TIME_LIMIT,14128,0,0,32,0
4,12,165411.0,-4.042462270396349,-3.5194169910799964,TIME_LIMIT,14158,0,0,30,0
4,12,165887.0,-4.042181040466048,-3.5194169910799964,TIME_LIMIT,14205,0,0,36,0
4,12,166381.0,-4.042181040466048,-3.5194169910799964,TIME_LIMIT,14239,0,0,12,0
4,12,166881.0,-4.042181040466048,-3.5194169910799964,TIME_LIMIT,14287,0,0,32,0
4,12,167377.0,-4.042181040466048,-3.5194169910799964,TIME_LIMIT,14322,0,0,31,0
4,12,167851.0,-4.041974941402215,-3.5194169910799964,TIME_LIMIT,14370,0,0,27,0
4,12,168324.0,-4.041974941402215,-3.5194169910799964,TIME_LIMIT,14402,0,0,28,0
4,12,168818.0,-4.041974941402215,-3.5194169910799964,TIME_LIMIT,14450,0,0,34,0
4,12,169292.0,-4.041974941402215,-3.5194169910799964,TIME_LIMIT,14488,0,0,25,0
4,12,169784.0,-4.041584430525802,-3.5194169910799964,TIME_LIMIT,14543,0,0,32,0
4,12,170261.0,-4.041584430525802,-3.5194169910799964,TIME_LIMIT,14576,0,0,33,0
4,12,170755.0,-4.041584430525802,-3.5194169910799964,TIME_LIMIT,14622,0,0,30,0
4,12,171232.0,-4.041584430525802,-3.5194169910799964,TIME_LIMIT,14658,0,0,34,0
4,12,171728.0,-4.041382522990512,-3.5194169910799964,TIME_LIMIT,14707,0,0,22,0
4,12,172222.0,-4.041382522990512,-3.5194169910799964,TIME_LIMIT,14734,0,0,38,0
4,12,172697.0,-4.041382522990512,-3.5194169910799964,TIME_LIMIT,14783,0,0,30,0
4,12,173191.0,-4.041382522990512,-3.5194169910799964,TIME_LIMIT,14806,0,0,30,0
4,12,173666.0,-4.040873500812586,-3.5194169910799964,TIME_LIMIT,14858,0,0,26,0
4,12,174160.0,-4.040873500812586,-3.5194169910799964,TIME_LIMIT,14896,0,0,41,0
4,12,174634.0,-4.040873500812586,-3.5194169910799964,TIME_LIMIT,14952,0,0,38,0
4,12,175107.0,-4.040873500812586,-3.5194169910799964,TIME_LIMIT,14977,0,0,39,0
4,12,175600.0,-4.040867534035013,-3.5194169910799964,TIME_LIMIT,15032,0,0,37,0
4,12,176075.0,-4.040867534035013,-3.5194169910799964,TIME_LIMIT,15065,0,0,32,0
4,12,176568.0,-4.040867534035013,-3.5194169910799964,TIME_LIMIT,15114,0,0,32,0
4,12,177042.0,-4.040867534035013,-3.5194169910799964,TIME_LIMIT,15145,0,0,22,0
4,12,177516.0,-4.040745032054769,-3.5194169910799964,TIME_LIMIT,15201,0,0,29,0
4,12,178009.0,-4.040745032054769,-3.5194169910799964,TIME_LIMIT,15233,0,0,27,0
4,12,178485.0,-4.040745032054769,-3.5194169910799964,TIME_LIMIT,15278,0,0,33,0
4,12,178978.0,-4.040745032054769,-3.5194169910799964,TIME_LIMIT,15312,0,0,29,0
4,12,179454.0,-4.040737386718181,-3.5194169910799964,TIME_LIMIT,15364,0,0,32,0
4,12,179947.0,-4.040737386718181,-3.5194169910799964,TIME_LIMIT,15393,0,0,36,0
4,12,180422.0,-4.040737386718181,-3.5194169910799964,TIME_LIMIT,15444,0,0,33,0
4,12,180896.0,-4.040737386718181,-3.5194169910799964,TIME_LIMIT,15480,0,0,23,0
4,12,181389.0,-4.039945622601127,-3.5194169910799964,TIME_LIMIT,15532,0,0,36,0
4,12,181865.0,-4.039945622601127,-3.5194169910799964,TIME_LIMIT,15568,0,0,41,0
4,12,182358.0,-4.039945622601127,-3.5194169910799964,TIME_LIMIT,15608,0,0,33,0
4,12,182833.0,-4.039945622601127,-3.5194169910799964,TIME_LIMIT,15630,0,0,39,0
4,12,183326.0,-4.039945622601127,-3.5194169910799964,TIME_LIMIT,15681,0,0,31,0
4,12,183800.0,-4.039945622601127,-3.5194169910799964,TIME_LIMIT,15718,0,0,38,0
4,12,184274.0,-4.039945622601127,-3.5194169910799964,TIME_LIMIT,15763,0,0,28,0
4,12,184768.0,-4.039945622601127,-3.5271807737900573,TIME_LIMIT,15786,0,0,34,0
4,12,185244.0,-4.039945622601127,-3.5271807737900573,TIME_LIMIT,15842,0,0,28,0
4,12,185736.0,-4.039945622601127,-3.5271807737900573,TIME_LIMIT,15865,0,0,37,0
4,12,186210.0,-4.039945622601127,-3.5271807737900573,TIME_LIMIT,15918,0,0,33,0
4,12,186702.0,-4.039945622601127,-3.5271807737900573,TIME_LIMIT,15947,0,0,19,0
4,12,187175.0,-4.039809367016859,-3.5271807737900573,TIME_LIMIT,15999,0,0,31,0
4,12,187648.0,-4.039809367016859,-3.5271807737900573,TIME_LIMIT,16026,0,0,36,0
4,12,188151.0,-4.0392090034961345,-3.5271807737900573,TIME_LIMIT,16077,0,0,35,0
4,12,188628.0,-4.0392090034961345,-3.5271807737900573,TIME_LIMIT,16113,0,0,21,0
4,12,189120.0,-4.0392074231902475,-3.5271807737900573,TIME_LIMIT,16157,0,0,22,0
4,12,189597.0,-4.0392074231902475,-3.5271807737900573,TIME_LIMIT,16195,0,0,36,0
4,12,190073.0,-4.038913676826971,-3.5271807737900573,TIME_LIMIT,16253,0,0,30,0
4,12,190567.0,-4.038913676826971,-3.5271807737900573,TIME_LIMIT,16286,0,0,44,0
4,12,191042.0,-4.038548884005564,-3.5271807737900573,TIME_LIMIT,16338,0,0,33,0
4,12,191535.0,-4.038548884005564,-3.5271807737900573,TIME_LIMIT,16378,0,0,35,0
4,12,192009.0,-4.038229924603869,-3.5271807737900573,TIME_LIMIT,16422,0,0,28,0
4,12,192502.0,-4.038229924603869,-3.5271807737900573,TIME_LIMIT,16459,0,0,39,0
4,12,192977.0,-4.037991069294641,-3.5271807737900573,TIME_LIMIT,16503,0,0,32,0
4,12,193450.0,-4.037991069294641,-3.5271807737900573,TIME_LIMIT,16528,0,0,44,0
4,12,193945.0,-4.037748068015431,-3.5271807737900573,TIME_LIMIT,16588,0,0,42,0
4,12,194422.0,-4.037748068015431,-3.5271807737900573,TIME_LIMIT,16624,0,0,29,0
4,12,194916.0,-4.037748068015431,-3.5271807737900573,TIME_LIMIT,16673,0,0,20,0
4,12,195391.0,-4.037748068015431,-3.5271807737900573,TIME_LIMIT,16706,0,0,29,0
4,12,195882.0,-4.037748068015431,-3.5271807737900573,TIME_LIMIT,16759,0,0,35,0
4,12,196356.0,-4.037748068015431,-3.5271807737900573,TIME_LIMIT,16789,0,0,37,0
4,12,196830.0,-4.0377393371187775,-3.5271807737900573,TIME_LIMIT,16837,0,0,31,0
4,12,197324.0,-4.0377393371187775,-3.5271807737900573,TIME_LIMIT,16871,0,0,29,0
4,12,197799.0,-4.0377393371187775,-3.5271807737900573,TIME_LIMIT,16918,0,0,28,0
4,12,198293.0,-4.0377393371187775,-3.5271807737900573,TIME_LIMIT,16948,0,0,33,0
4,12,198769.0,-4.037650466053112,-3.5271807737900573,TIME_LIMIT,17000,0,0,32,0
4,12,199244.0,-4.037650466053112,-3.5271807737900573,TIME_LIMIT,17033,0,0,42,0
4,12,199739.0,-4.037521879009624,-3.5271807737900573,TIME_LIMIT,17080,0,0,29,0
4,12,200212.0,-4.037521879009624,-3.5271807737900573,TIME_LIMIT,17106,0,0,45,0
4,12,200706.0,-4.037402968592702,-3.5271807737900573,TIME_LIMIT,17159,0,0,24,0
4,12,201179.0,-4.037402968592702,-3.5271807737900573,TIME_LIMIT,17197,0,0,45,0
4,12,201673.0,-4.037025920132868,-3.5271807737900573,TIME_LIMIT,17255,0,0,34,0
4,12,202147.0,-4.037025920132868,-3.5271807737900573,TIME_LIMIT,17283,0,0,53,0
4,12,202621.0,-4.037025920132868,-3.5271807737900573,TIME_LIMIT,17331,0,0,20,0
4,12,203115.0,-4.037025920132868,-3.5271807737900573,TIME_LIMIT,17368,0,0,38,0
4,12,203589.0,-4.036558404921669,-3.5271807737900573,TIME_LIMIT,17402,0,0,34,0
4,12,204084.0,-4.036558404921669,-3.5271807737900573,TIME_LIMIT,17427,0,0,38,0
4,12,204558.0,-4.0364721221299416,-3.5271807737900573,TIME_LIMIT,17479,0,0,36,0
4,12,205032.0,-4.0364721221299416,-3.5271807737900573,TIME_LIMIT,17512,0,0,35,0
4,12,205526.0,-4.036271817124556,-3.5271807737900573,TIME_LIMIT,17552,0,0,45,0
4,12,206001.0,-4.036271817124556,-3.5271807737900573,TIME_LIMIT,17580,0,0,40,0
4,12,206495.0,-4.035771351595768,-3.5271807737900573,TIME_LIMIT,17643,0,0,39,0
4,12,206970.0,-4.035771351595768,-3.5271807737900573,TIME_LIMIT,17679,0,0,36,0
4,12,207463.0,-4.035771351595768,-3.5271807737900573,TIME_LIMIT,17732,0,0,34,0
4,12,207938.0,-4.035771351595768,-3.5271807737900573,TIME_LIMIT,17761,0,0,43,0
4,12,208414.0,-4.035554988562614,-3.5271807737900573,TIME_LIMIT,17817,0,0,36,0
4,12,208908.0,-4.035554988562614,-3.5271807737900573,TIME_LIMIT,17854,0,0,46,0
4,12,209381.0,-4.034957655322483,-3.5271807737900573,TIME_LIMIT,17909,0,0,30,0
4,12,209874.0,-4.034957655322483,-3.5271807737900573,TIME_LIMIT,17941,0,0,34,0
4,12,210349.0,-4.0349332371412725,-3.5271807737900573,TIME_LIMIT,17994,0,0,35,0
4,12,210823.0,-4.0349332371412725,-3.5271807737900573,TIME_LIMIT,18032,0,0,31,0
4,12,211317.0,-4.034607443253056,-3.5271807737900573,TIME_LIMIT,18062,0,0,30,0
4,12,211791.0,-4.034607443253056,-3.5271807737900573,TIME_LIMIT,18100,0,0,40,0
4,12,212285.0,-4.034415936550218,-3.5271807737900573,TIME_LIMIT,18136,0,0,29,0
4,12,212761.0,-4.034415936550218,-3.5271807737900573,TIME_LIMIT,18168,0,0,38,0
4,12,213279.0,-4.034415936550218,-3.5271807737900573,TIME_LIMIT,18216,0,0,34,0
4,12,213754.0,-4.034415936550218,-3.5271807737900573,TIME_LIMIT,18250,0,0,38,0
4,12,214230.0,-4.034402754663877,-3.5271807737900573,TIME_LIMIT,18307,0,0,35,0
4,12,214723.0,-4.034402754663877,-3.5271807737900573,TIME_LIMIT,18337,0,0,49,0
4,12,215198.0,-4.034373272593529,-3.5271807737900573,TIME_LIMIT,18389,0,0,36,0
4,12,215692.0,-4.034373272593529,-3.5271807737900573,TIME_LIMIT,18424,0,0,29,0
4,12,216167.0,-4.033923716910197,-3.5271807737900573,TIME_LIMIT,18478,0,0,30,0
4,12,216640.0,-4.033923716910197,-3.5271807737900573,TIME_LIMIT,18515,0,0,36,0
4,12,217133.0,-4.033923716910197,-3.5271807737900573,TIME_LIMIT,18566,0,0,32,0
4,12,217619.0,-4.033923716910197,-3.5271807737900573,TIME_LIMIT,18598,0,0,29,0
4,12,218122.0,-4.0329325331873385,-3.5271807737900573,TIME_LIMIT,18649,0,0,30,0
4,12,218598.0,-4.0329325331873385,-3.5271807737900573,TIME_LIMIT,18682,0,0,45,0
4,12,219089.0,-4.032804835671912,-3.5271807737900573,TIME_LIMIT,18723,0,0,32,0
4,12,219564.0,-4.032804835671912,-3.5271807737900573,TIME_LIMIT,18752,0,0,28,0
4,12,220039.0,-4.031186422673286,-3.5271807737900573,TIME_LIMIT,18800,0,0,31,0
4,12,220533.0,-4.031186422673286,-3.5271807737900573,TIME_LIMIT,18833,0,0,34,0
4,12,221006.0,-4.030895794715534,-3.5271807737900573,TIME_LIMIT,18877,0,0,31,0
4,12,221499.0,-4.030895794715534,-3.5271807737900573,TIME_LIMIT,18900,0,0,33,0
4,12,221974.0,-4.030658179694763,-3.5271807737900573,TIME_LIMIT,18950,0,0,16,0
4,12,222448.0,-4.030658179694763,-3.5271807737900573,TIME_LIMIT,18984,0,0,34,0
4,12,222941.0,-4.029857427713134,-3.5271807737900573,TIME_LIMIT,19020,0,0,39,0
4,12,223416.0,-4.029857427713134,-3.5271807737900573,TIME_LIMIT,19051,0,0,26,0
4,12,223909.0,-4.029857427713134,-3.5271807737900573,TIME_LIMIT,19099,0,0,32,0
4,12,224384.0,-4.029857427713134,-3.5271807737900573,TIME_LIMIT,19123,0,0,39,0
4,12,224858.0,-4.0293835768846575,-3.5271807737900573,TIME_LIMIT,19176,0,0,24,0
4,12,225350.0,-4.0293835768846575,-3.5271807737900573,TIME_LIMIT,19217,0,0,34,0
4,12,225823.0,-4.029265720880041,-3.5271807737900573,TIME_LIMIT,19265,0,0,47,0
4,12,226317.0,-4.029265720880041,-3.5271807737900573,TIME_LIMIT,19292,0,0,40,0
4,12,226792.0,-4.028840126239105,-3.5271807737900573,TIME_LIMIT,19340,0,0,26,0
4,12,227286.0,-4.028840126239105,-3.5271807737900573,TIME_LIMIT,19374,0,0,35,0
4,12,227762.0,-4.028732243973258,-3.5271807737900573,TIME_LIMIT,19416,0,0,25,0
4,12,228237.0,-4.028732243973258,-3.5271807737900573,TIME_LIMIT,19457,0,0,43,0
4,12,228731.0,-4.028427384214343,-3.5271807737900573,TIME_LIMIT,19514,0,0,33,0
4,12,229207.0,-4.028427384214343,-3.5271807737900573,TIME_LIMIT,19552,0,0,32,0
4,12,229700.0,-4.0280542714303795,-3.5271807737900573,TIME_LIMIT,19592,0,0,30,0
4,12,230174.0,-4.0280542714303795,-3.5271807737900573,TIME_LIMIT,19619,0,0,40,0
4,12,230648.0,-4.028005342416806,-3.5271807737900573,TIME_LIMIT,19671,0,0,21,0
4,12,231142.0,-4.028005342416806,-3.5271807737900573,TIME_LIMIT,19694,0,0,32,0
4,12,231627.0,-4.027987816026371,-3.5271807737900573,TIME_LIMIT,19742,0,0,22,0
4,12,232122.0,-4.027987816026371,-3.5271807737900573,TIME_LIMIT,19772,0,0,45,0
4,12,232598.0,-4.027617159990067,-3.5271807737900573,TIME_LIMIT,19820,0,0,34,0
4,12,233071.0,-4.027617159990067,-3.5271807737900573,TIME_LIMIT,19842,0,0,53,0
4,12,233565.0,-4.027617159990067,-3.5271807737900573,TIME_LIMIT,19895,0,0,33,0
4,12,234040.0,-4.027617159990067,-3.5271807737900573,TIME_LIMIT,19928,0,0,43,0
4,12,234533.0,-4.027220071121759,-3.5271807737900573,TIME_LIMIT,19976,0,0,36,0
4,12,235008.0,-4.027220071121759,-3.5271807737900573,TIME_LIMIT,20011,0,0,37,0
4,12,235502.0,-4.027193885211489,-3.5271807737900573,TIME_LIMIT,20060,0,0,27,0
4,12,235976.0,-4.027193885211489,-3.5271807737900573,TIME_LIMIT,20088,0,0,27,0
4,12,236452.0,-4.027163929182592,-3.5271807737900573,TIME_LIMIT,20141,0,0,12,0
4,12,236945.0,-4.027163929182592,-3.5271807737900573,TIME_LIMIT,20167,0,0,37,0
4,12,237420.0,-4.027063351930353,-3.5271807737900573,TIME_LIMIT,20213,0,0,29,0
4,12,237915.0,-4.027063351930353,-3.5276533960712495,TIME_LIMIT,20251,0,0,42,0
4,12,238391.0,-4.027063351930353,-3.5276533960712495,TIME_LIMIT,20305,0,0,26,0
4,12,238864.0,-4.027063351930353,-3.5276533960712495,TIME_LIMIT,20346,0,0,42,0
4,12,239357.0,-4.026818057345366,-3.5276533960712495,TIME_LIMIT,20397,0,0,28,0
4,12,239831.0,-4.026818057345366,-3.5276533960712495,TIME_LIMIT,20427,0,0,44,0
4,12,240326.0,-4.026200610505266,-3.5276533960712495,TIME_LIMIT,20479,0,0,28,0
4,12,240805.0,-4.026200610505266,-3.5276533960712495,TIME_LIMIT,20501,0,0,44,0
4,12,241278.0,-4.026106571260077,-3.5276533960712495,TIME_LIMIT,20552,0,0,32,0
4,12,241773.0,-4.026106571260077,-3.5276533960712495,TIME_LIMIT,20577,0,0,38,0
4,12,242248.0,-4.025749393517961,-3.5276533960712495,TIME_LIMIT,20631,0,0,36,0
4,12,242742.0,-4.025749393517961,-3.5276533960712495,TIME_LIMIT,20662,0,0,37,0
4,12,243218.0,-4.025745768920164,-3.5276533960712495,TIME_LIMIT,20711,0,0,30,0
4,12,243711.0,-4.025745768920164,-3.5276533960712495,TIME_LIMIT,20744,0,0,31,0
4,12,244186.0,-4.025745768920164,-3.5276533960712495,TIME_LIMIT,20799,0,0,24,0
4,12,244661.0,-4.025745768920164,-3.5276533960712495,TIME_LIMIT,20836,0,0,31,0
4,12,245155.0,-4.025672653575363,-3.5276533960712495,TIME_LIMIT,20888,0,0,33,0
4,12,245633.0,-4.025672653575363,-3.5276533960712495,TIME_LIMIT,20911,0,0,29,0
4,12,246126.0,-4.025672653575363,-3.5276533960712495,TIME_LIMIT,20961,0,0,29,0
4,12,246600.0,-4.025672653575363,-3.5276533960712495,TIME_LIMIT,20989,0,0,32,0
4,12,247074.0,-4.025584620226556,-3.5276533960712495,TIME_LIMIT,21040,0,0,29,0
4,12,247569.0,-4.025584620226556,-3.5276533960712495,TIME_LIMIT,21071,0,0,57,0
4,12,248045.0,-4.025226301740723,-3.5276533960712495,TIME_LIMIT,21123,0,0,34,0
4,12,248541.0,-4.025226301740723,-3.5276533960712495,TIME_LIMIT,21155,0,0,39,0
4,12,249016.0,-4.025226301740723,-3.5276533960712495,TIME_LIMIT,21192,0,0,29,0
4,12,249492.0,-4.025226301740723,-3.5276533960712495,TIME_LIMIT,21224,0,0,29,0
4,12,249986.0,-4.025130744899727,-3.5276533960712495,TIME_LIMIT,21276,0,0,37,0
4,12,250462.0,-4.025130744899727,-3.5276533960712495,TIME_LIMIT,21304,0,0,27,0
4,12,250955.0,-4.025006680658895,-3.5276533960712495,TIME_LIMIT,21349,0,0,32,0
4,12,251430.0,-4.025006680658895,-3.5276533960712495,TIME_LIMIT,21385,0,0,31,0
4,12,251905.0,-4.025006680658895,-3.5276533960712495,TIME_LIMIT,21440,0,0,28,0
4,12,252400.0,-4.025006680658895,-3.5276533960712495,TIME_LIMIT,21462,0,0,32,0
4,12,252875.0,-4.025006680658895,-3.5276533960712495,TIME_LIMIT,21514,0,0,24,0
4,12,253370.0,-4.025006680658895,-3.5276533960712495,TIME_LIMIT,21546,0,0,19,0
4,12,253845.0,-4.024918952760902,-3.5276533960712495,TIME_LIMIT,21590,0,0,32,0
4,12,254320.0,-4.024918952760902,-3.531915579150652,TIME_LIMIT,21621,0,0,28,0
4,12,254815.0,-4.024807115220865,-3.531915579150652,TIME_LIMIT,21675,0,0,35,0
4,12,255292.0,-4.024807115220865,-3.531915579150652,TIME_LIMIT,21703,0,0,42,0
4,12,255785.0,-4.024461618271773,-3.531915579150652,TIME_LIMIT,21753,0,0,30,0
4,12,256261.0,-4.024461618271773,-3.531915579150652,TIME_LIMIT,21776,0,0,46,0
4,12,256755.0,-4.024461618271773,-3.531915579150652,TIME_LIMIT,21821,0,0,21,0
4,12,257230.0,-4.024461618271773,-3.531915579150652,TIME_LIMIT,21853,0,0,31,0
4,12,257704.0,-4.024461618271773,-3.531915579150652,TIME_LIMIT,21894,0,0,33,0
4,12,258199.0,-4.024461618271773,-3.531915579150652,TIME_LIMIT,21930,0,0,17,0
4,12,258675.0,-4.024458576857034,-3.531915579150652,TIME_LIMIT,21980,0,0,15,0
4,12,259183.0,-4.024458576857034,-3.531915579150652,TIME_LIMIT,22006,0,0,40,0
4,12,259670.0,-4.024458576857034,-3.531915579150652,TIME_LIMIT,22057,0,0,26,0
4,12,260146.0,-4.024458576857034,-3.531915579150652,TIME_LIMIT,22089,0,0,32,0
4,12,260642.0,-4.024199727408929,-3.531915579150652,TIME_LIMIT,22141,0,0,34,0
4,12,261117.0,-4.024199727408929,-3.531915579150652,TIME_LIMIT,22173,0,0,21,0
4,12,261610.0,-4.024199727408929,-3.531915579150652,TIME_LIMIT,22217,0,0,28,0
4,12,262086.0,-4.024199727408929,-3.531915579150652,TIME_LIMIT,22247,0,0,33,0
4,12,262561.0,-4.024178022258316,-3.531915579150652,TIME_LIMIT,22296,0,0,15,0
4,12,263054.0,-4.024178022258316,-3.531915579150652,TIME_LIMIT,22323,0,0,10,0
4,12,263529.0,-4.0241535298572,-3.531915579150652,TIME_LIMIT,22379,0,0,37,0
4,12,264047.0,-4.0241535298572,-3.531915579150652,TIME_LIMIT,22399,0,0,47,0
4,12,264522.0,-4.02348449667508,-3.531915579150652,TIME_LIMIT,22452,0,0,35,0
4,12,264996.0,-4.02348449667508,-3.531915579150652,TIME_LIMIT,22487,0,0,44,0
4,12,265489.0,-4.023372670762928,-3.531915579150652,TIME_LIMIT,22540,0,0,32,0
4,12,265966.0,-4.023372670762928,-3.531915579150652,TIME_LIMIT,22567,0,0,44,0
4,12,266462.0,-4.023372670762928,-3.531915579150652,TIME_LIMIT,22616,0,0,25,0
4,12,266937.0,-4.023372670762928,-3.531915579150652,TIME_LIMIT,22653,0,0,42,0
4,12,267411.0,-4.023372670762928,-3.531915579150652,TIME_LIMIT,22693,0,0,23,0
4,12,267907.0,-4.023372670762928,-3.531915579150652,TIME_LIMIT,22730,0,0,29,0
4,12,268383.0,-4.023249732917722,-3.531915579150652,TIME_LIMIT,22773,0,0,32,0
4,12,268878.0,-4.023249732917722,-3.531915579150652,TIME_LIMIT,22806,0,0,35,0
4,12,269353.0,-4.023027429760598,-3.531915579150652,TIME_LIMIT,22852,0,0,36,0
4,12,269827.0,-4.023027429760598,-3.5539738586304126,TIME_LIMIT,22875,0,0,35,0
4,12,270321.0,-4.022298087287332,-3.5539738586304126,TIME_LIMIT,22931,0,0,34,0
4,12,270796.0,-4.022298087287332,-3.5539738586304126,TIME_LIMIT,22957,0,0,47,0
4,12,271289.0,-4.022202946022887,-3.5539738586304126,TIME_LIMIT,23005,0,0,31,0
4,12,271764.0,-4.022202946022887,-3.5539738586304126,TIME_LIMIT,23039,0,0,14,0
4,12,272238.0,-4.0220395047620965,-3.5539738586304126,TIME_LIMIT,23080,0,0,40,0
4,12,272733.0,-4.0220395047620965,-3.5539738586304126,TIME_LIMIT,23117,0,0,35,0
4,12,273208.0,-4.021882535612997,-3.5539738586304126,TIME_LIMIT,23165,0,0,34,0
4,12,273702.0,-4.021882535612997,-3.5539738586304126,TIME_LIMIT,23194,0,0,40,0
4,12,274178.0,-4.021781928846862,-3.5539738586304126,TIME_LIMIT,23251,0,0,35,0
4,12,274652.0,-4.021781928846862,-3.5539738586304126,TIME_LIMIT,23277,0,0,31,0
4,12,275146.0,-4.021579575844768,-3.5539738586304126,TIME_LIMIT,23331,0,0,28,0
4,12,275621.0,-4.021579575844768,-3.5539738586304126,TIME_LIMIT,23358,0,0,42,0
4,12,276115.0,-4.021286126488477,-3.5539738586304126,TIME_LIMIT,23407,0,0,35,0
4,12,276589.0,-4.021286126488477,-3.5539738586304126,TIME_LIMIT,23435,0,0,36,0
4,12,277062.0,-4.020691100054375,-3.5539738586304126,TIME_LIMIT,23491,0,0,35,0
4,12,277555.0,-4.020691100054375,-3.5539738586304126,TIME_LIMIT,23526,0,0,32,0
4,12,278030.0,-4.020570444841066,-3.5539738586304126,TIME_LIMIT,23567,0,0,41,0
4,12,278523.0,-4.020570444841066,-3.5539738586304126,TIME_LIMIT,23599,0,0,41,0
4,12,278998.0,-4.020086508624548,-3.5539738586304126,TIME_LIMIT,23651,0,0,29,0
4,12,279473.0,-4.020086508624548,-3.5539738586304126,TIME_LIMIT,23682,0,0,44,0
4,12,279967.0,-4.020033289648436,-3.5539738586304126,TIME_LIMIT,23736,0,0,27,0
4,12,280442.0,-4.020033289648436,-3.5539738586304126,TIME_LIMIT,23776,0,0,39,0
4,12,280938.0,-4.019949424711719,-3.5539738586304126,TIME_LIMIT,23823,0,0,33,0
4,12,281414.0,-4.019949424711719,-3.5539738586304126,TIME_LIMIT,23853,0,0,42,0
4,12,281888.0,-4.0198006763552545,-3.5539738586304126,TIME_LIMIT,23901,0,0,30,0
4,12,282385.0,-4.0198006763552545,-3.5539738586304126,TIME_LIMIT,23938,0,0,23,0
4,12,282860.0,-4.0198006763552545,-3.5539738586304126,TIME_LIMIT,23994,0,0,32,0
4,12,283355.0,-4.0198006763552545,-3.5539738586304126,TIME_LIMIT,24041,0,0,38,0
4,12,283831.0,-4.019735520467101,-3.5539738586304126,TIME_LIMIT,24090,0,0,31,0
4,12,284307.0,-4.019735520467101,-3.5539738586304126,TIME_LIMIT,24128,0,0,44,0
4,12,284800.0,-4.019535245649584,-3.5539738586304126,TIME_LIMIT,24185,0,0,32,0
4,12,285279.0,-4.019535245649584,-3.5539738586304126,TIME_LIMIT,24212,0,0,35,0
4,12,285774.0,-4.019351972180305,-3.5539738586304126,TIME_LIMIT,24263,0,0,35,0
4,12,286249.0,-4.019351972180305,-3.5539738586304126,TIME_LIMIT,24296,0,0,44,0
4,12,286725.0,-4.019073787910743,-3.5539738586304126,TIME_LIMIT,24344,0,0,32,0
4,12,287221.0,-4.019073787910743,-3.5539738586304126,TIME_LIMIT,24381,0,0,35,0
4,12,287696.0,-4.019073787910743,-3.5539738586304126,TIME_LIMIT,24429,0,0,27,0
4,12,288189.0,-4.019073787910743,-3.5539738586304126,TIME_LIMIT,24452,0,0,35,0
4,12,288663.0,-4.019073787910743,-3.5539738586304126,TIME_LIMIT,24505,0,0,27,0
4,12,289137.0,-4.019073787910743,-3.5539738586304126,TIME_LIMIT,24542,0,0,35,0
4,12,289630.0,-4.019073787910743,-3.5539738586304126,TIME_LIMIT,24587,0,0,27,0
4,12,290105.0,-4.019073787910743,-3.5539738586304126,TIME_LIMIT,24623,0,0,27,0
4,12,290599.0,-4.018788313053232,-3.5539738586304126,TIME_LIMIT,24670,0,0,35,0
4,12,291075.0,-4.018788313053232,-3.5539738586304126,TIME_LIMIT,24692,0,0,35,0
4,12,291550.0,-4.018720523074095,-3.5539738586304126,TIME_LIMIT,24744,0,0,29,0
4,12,292046.0,-4.018720523074095,-3.5539738586304126,TIME_LIMIT,24786,0,0,29,0
4,12,292520.0,-4.018235808558039,-3.5539738586304126,TIME_LIMIT,24823,0,0,24,0
4,12,293015.0,-4.018235808558039,-3.5539738586304126,TIME_LIMIT,24854,0,0,49,0
4,12,293491.0,-4.018036238034907,-3.5539738586304126,TIME_LIMIT,24906,0,0,32,0
4,12,293964.0,-4.018036238034907,-3.5539738586304126,TIME_LIMIT,24942,0,0,34,0
4,12,294458.0,-4.017791989807535,-3.5539738586304126,TIME_LIMIT,24997,0,0,35,0
4,12,294934.0,-4.017791989807535,-3.5539738586304126,TIME_LIMIT,25034,0,0,38,0
4,12,295429.0,-4.017585396142284,-3.5539738586304126,TIME_LIMIT,25089,0,0,34,0
4,12,295906.0,-4.017585396142284,-3.5539738586304126,TIME_LIMIT,25125,0,0,29,0
4,12,296381.0,-4.017585396142284,-3.5539738586304126,TIME_LIMIT,25169,0,0,25,0
4,12,296876.0,-4.017585396142284,-3.5539738586304126,TIME_LIMIT,25211,0,0,40,0
4,12,297352.0,-4.017409341796368,-3.5539738586304126,TIME_LIMIT,25252,0,0,32,0
4,12,297847.0,-4.017409341796368,-3.5539738586304126,TIME_LIMIT,25293,0,0,38,0
4,12,298321.0,-4.0171404217703826,-3.5539738586304126,TIME_LIMIT,25354,0,0,40,0
4,12,298796.0,-4.0171404217703826,-3.5539738586304126,TIME_LIMIT,25392,0,0,34,0
4,12,299291.0,-4.017108680845983,-3.5539738586304126,TIME_LIMIT,25436,0,0,38,0
4,12,299767.0,-4.017108680845983,-3.5539738586304126,TIME_LIMIT,25467,0,0,52,0
4,12,300261.0,-4.017050327630437,-3.5539738586304126,TIME_LIMIT,25522,0,0,37,0
4,12,300738.0,-4.017050327630437,-3.5539738586304126,TIME_LIMIT,25561,0,0,38,0
4,12,301214.0,-4.017039126906735,-3.5539738586304126,TIME_LIMIT,25594,0,0,38,0
4,12,301707.0,-4.017039126906735,-3.5539738586304126,TIME_LIMIT,25628,0,0,33,0
4,12,302182.0,-4.016690747608882,-3.5539738586304126,TIME_LIMIT,25669,0,0,30,0
4,12,302677.0,-4.016690747608882,-3.5539738586304126,TIME_LIMIT,25690,0,0,44,0
4,12,303152.0,-4.016621641835151,-3.5539738586304126,TIME_LIMIT,25736,0,0,22,0
4,12,303627.0,-4.016621641835151,-3.5539738586304126,TIME_LIMIT,25766,0,0,50,0
4,12,304122.0,-4.0163073467849975,-3.5539738586304126,TIME_LIMIT,25816,0,0,31,0
4,12,304598.0,-4.0163073467849975,-3.5539738586304126,TIME_LIMIT,25843,0,0,35,0
4,12,305071.0,-4.016289801953826,-3.5539738586304126,TIME_LIMIT,25887,0,0,30,0
4,12,305592.0,-4.016289801953826,-3.5539738586304126,TIME_LIMIT,25927,0,0,31,0
4,12,306067.0,-4.015748847848011,-3.5539738586304126,TIME_LIMIT,25973,0,0,28,0
4,12,306559.0,-4.015748847848011,-3.5539738586304126,TIME_LIMIT,26000,0,0,36,0
4,12,307035.0,-4.015544569656688,-3.5539738586304126,TIME_LIMIT,26050,0,0,31,0
4,12,307509.0,-4.015544569656688,-3.5539738586304126,TIME_LIMIT,26078,0,0,38,0
4,12,308004.0,-4.015544569656688,-3.5539738586304126,TIME_LIMIT,26125,0,0,33,0
4,12,308481.0,-4.015544569656688,-3.5539738586304126,TIME_LIMIT,26159,0,0,41,0
4,12,308977.0,-4.0153669265804055,-3.5539738586304126,TIME_LIMIT,26210,0,0,30,0
4,12,309453.0,-4.0153669265804055,-3.5539738586304126,TIME_LIMIT,26239,0,0,22,0
4,12,309928.0,-4.015312953326012,-3.5539738586304126,TIME_LIMIT,26287,0,0,31,0
4,12,310449.0,-4.015312953326012,-3.5539738586304126,TIME_LIMIT,26318,0,0,56,0
4,12,310926.0,-4.015274706281012,-3.5539738586304126,TIME_LIMIT,26375,0,0,37,0
4,12,311420.0,-4.015274706281012,-3.5539738586304126,TIME_LIMIT,26413,0,0,32,0
4,12,311897.0,-4.014833660979926,-3.5539738586304126,TIME_LIMIT,26464,0,0,22,0
4,12,312374.0,-4.014833660979926,-3.5539738586304126,TIME_LIMIT,26497,0,0,37,0
4,12,312867.0,-4.014833660979926,-3.5539738586304126,TIME_LIMIT,26547,0,0,28,0
4,12,313344.0,-4.014833660979926,-3.5539738586304126,TIME_LIMIT,26584,0,0,35,0
4,12,313839.0,-4.01481723439589,-3.5539738586304126,TIME_LIMIT,26634,0,0,26,0
4,12,314316.0,-4.01481723439589,-3.5539738586304126,TIME_LIMIT,26662,0,0,38,0
4,12,314792.0,-4.014745243866199,-3.5539738586304126,TIME_LIMIT,26712,0,0,30,0
4,12,315287.0,-4.014745243866199,-3.5539738586304126,TIME_LIMIT,26740,0,0,37,0
4,12,315764.0,-4.014705610684313,-3.5539738586304126,TIME_LIMIT,26788,0,0,19,0
4,12,316239.0,-4.014705610684313,-3.5539738586304126,TIME_LIMIT,26826,0,0,43,0
4,12,316734.0,-4.01460006269845,-3.5539738586304126,TIME_LIMIT,26877,0,0,29,0
4,12,317209.0,-4.01460006269845,-3.5539738586304126,TIME_LIMIT,26915,0,0,36,0
4,12,317704.0,-4.014569337792892,-3.5539738586304126,TIME_LIMIT,26957,0,0,45,0
4,12,318179.0,-4.014569337792892,-3.5539738586304126,TIME_LIMIT,26992,0,0,41,0
4,12,318653.0,-4.014410869802305,-3.5539738586304126,TIME_LIMIT,27043,0,0,15,0
4,12,319146.0,-4.014410869802305,-3.5539738586304126,TIME_LIMIT,27085,0,0,42,0
4,12,319622.0,-4.014215566010192,-3.5539738586304126,TIME_LIMIT,27125,0,0,25,0
4,12,320115.0,-4.014215566010192,-3.5539738586304126,TIME_LIMIT,27154,0,0,33,0
4,12,320590.0,-4.014039769934088,-3.5539738586304126,TIME_LIMIT,27211,0,0,30,0
4,12,321065.0,-4.014039769934088,-3.5539738586304126,TIME_LIMIT,27237,0,0,32,0
4,12,321558.0,-4.014039769934088,-3.5539738586304126,TIME_LIMIT,27284,0,0,26,0
4,12,322033.0,-4.014039769934088,-3.5539738586304126,TIME_LIMIT,27320,0,0,39,0
4,12,322526.0,-4.013931104985673,-3.5539738586304126,TIME_LIMIT,27370,0,0,32,0
4,12,323002.0,-4.013931104985673,-3.5539738586304126,TIME_LIMIT,27402,0,0,53,0
4,12,323478.0,-4.013742348720712,-3.5539738586304126,TIME_LIMIT,27455,0,0,34,0
4,12,323968.0,-4.013742348720712,-3.5539738586304126,TIME_LIMIT,27489,0,0,36,0
4,12,324437.0,-4.0135904664660185,-3.5539738586304126,TIME_LIMIT,27535,0,0,33,0
4,12,324905.0,-4.0135904664660185,-3.5539738586304126,TIME_LIMIT,27560,0,0,33,0
4,12,325393.0,-4.012870283526868,-3.5539738586304126,TIME_LIMIT,27605,0,0,20,0
4,12,325864.0,-4.012870283526868,-3.5539738586304126,TIME_LIMIT,27639,0,0,33,0
4,12,326353.0,-4.012774939014729,-3.5539738586304126,TIME_LIMIT,27691,0,0,9,0
4,12,326823.0,-4.012774939014729,-3.5539738586304126,TIME_LIMIT,27719,0,0,44,0
4,12,327292.0,-4.012715238127928,-3.5539738586304126,TIME_LIMIT,27769,0,0,22,0
4,12,327780.0,-4.012715238127928,-3.5539738586304126,TIME_LIMIT,27802,0,0,44,0
4,12,328249.0,-4.0126896032788295,-3.5539738586304126,TIME_LIMIT,27854,0,0,32,0
4,12,328739.0,-4.0126896032788295,-3.5539738586304126,TIME_LIMIT,27878,0,0,20,0
4,12,329209.0,-4.012410996409106,-3.5539738586304126,TIME_LIMIT,27934,0,0,29,0
4,12,329678.0,-4.012410996409106,-3.5539738586304126,TIME_LIMIT,27962,0,0,9,0
4,12,330167.0,-4.012410996409106,-3.5539738586304126,TIME_LIMIT,28014,0,0,30,0
4,12,330638.0,-4.012410996409106,-3.5539738586304126,TIME_LIMIT,28052,0,0,41,0
4,12,331127.0,-4.012410996409106,-3.5539738586304126,TIME_LIMIT,28098,0,0,31,0
4,12,331596.0,-4.012410996409106,-3.5539738586304126,TIME_LIMIT,28127,0,0,14,0
4,12,332065.0,-4.012194589981627,-3.5539738586304126,TIME_LIMIT,28178,0,0,14,0
4,12,332557.0,-4.012194589981627,-3.5539738586304126,TIME_LIMIT,28206,0,0,44,0
4,12,333027.0,-4.012150870284254,-3.5539738586304126,TIME_LIMIT,28259,0,0,27,0
4,12,333498.0,-4.012150870284254,-3.5539738586304126,TIME_LIMIT,28279,0,0,37,0
4,12,333987.0,-4.0119953765360385,-3.5539738586304126,TIME_LIMIT,28328,0,0,31,0
4,12,334456.0,-4.0119953765360385,-3.5539738586304126,TIME_LIMIT,28360,0,0,34,0
4,12,334945.0,-4.0119953765360385,-3.5539738586304126,TIME_LIMIT,28408,0,0,30,0
4,12,335415.0,-4.0119953765360385,-3.5539738586304126,TIME_LIMIT,28438,0,0,37,0
4,12,335889.0,-4.0119953765360385,-3.5539738586304126,TIME_LIMIT,28490,0,0,30,0
4,12,336376.0,-4.0119953765360385,-3.5539738586304126,TIME_LIMIT,28524,0,0,41,0
4,12,336849.0,-4.011888925730092,-3.5539738586304126,TIME_LIMIT,28575,0,0,30,0
4,12,337340.0,-4.011888925730092,-3.5539738586304126,TIME_LIMIT,28607,0,0,53,0
4,12,337813.0,-4.0118554377426,-3.5539738586304126,TIME_LIMIT,28660,0,0,29,0
4,12,338287.0,-4.0118554377426,-3.5539738586304126,TIME_LIMIT,28686,0,0,49,0
4,12,338782.0,-4.011781550017236,-3.5539738586304126,TIME_LIMIT,28738,0,0,34,0
4,12,339252.0,-4.011781550017236,-3.5539738586304126,TIME_LIMIT,28759,0,0,37,0
4,12,339722.0,-4.011678980986009,-3.5539738586304126,TIME_LIMIT,28808,0,0,33,0
4,12,340214.0,-4.011678980986009,-3.5539738586304126,TIME_LIMIT,28840,0,0,37,0
4,12,340686.0,-4.011678980986009,-3.5539738586304126,TIME_LIMIT,28886,0,0,32,0
4,12,341175.0,-4.011678980986009,-3.5539738586304126,TIME_LIMIT,28921,0,0,33,0
4,12,341646.0,-4.011678980986009,-3.5539738586304126,TIME_LIMIT,28973,0,0,34,0
4,12,342115.0,-4.011678980986009,-3.5539738586304126,TIME_LIMIT,29002,0,0,41,0
4,12,342607.0,-4.011662779258296,-3.5539738586304126,TIME_LIMIT,29056,0,0,32,0
4,12,343079.0,-4.011662779258296,-3.5539738586304126,TIME_LIMIT,29092,0,0,21,0
4,12,343568.0,-4.011549611583897,-3.5539738586304126,TIME_LIMIT,29151,0,0,36,0
4,12,344037.0,-4.011549611583897,-3.5539738586304126,TIME_LIMIT,29182,0,0,35,0
4,12,344510.0,-4.011399175100196,-3.5539738586304126,TIME_LIMIT,29236,0,0,34,0
4,12,345004.0,-4.011399175100196,-3.5539738586304126,TIME_LIMIT,29272,0,0,37,0
4,12,345480.0,-4.011399175100196,-3.5539738586304126,TIME_LIMIT,29333,0,0,12,0
4,12,345954.0,-4.011399175100196,-3.5539738586304126,TIME_LIMIT,29358,0,0,38,0
4,12,346449.0,-4.011312878788253,-3.5539738586304126,TIME_LIMIT,29409,0,0,31,0
4,12,346925.0,-4.011312878788253,-3.5539738586304126,TIME_LIMIT,29431,0,0,34,0
4,12,347420.0,-4.011080265583646,-3.5539738586304126,TIME_LIMIT,29486,0,0,35,0
4,12,347894.0,-4.011080265583646,-3.5539738586304126,TIME_LIMIT,29525,0,0,45,0
4,12,348370.0,-4.011080265583646,-3.5539738586304126,TIME_LIMIT,29572,0,0,27,0
4,12,348865.0,-4.011080265583646,-3.5539738586304126,TIME_LIMIT,29609,0,0,29,0
4,12,349340.0,-4.0110587297455425,-3.5539738586304126,TIME_LIMIT,29659,0,0,31,0
4,12,349835.0,-4.0110587297455425,-3.5539738586304126,TIME_LIMIT,29687,0,0,38,0
4,12,350309.0,-4.010779635043276,-3.5539738586304126,TIME_LIMIT,29739,0,0,30,0
4,12,350786.0,-4.010779635043276,-3.5539738586304126,TIME_LIMIT,29769,0,0,19,0
4,12,351282.0,-4.010779635043276,-3.5539738586304126,TIME_LIMIT,29815,0,0,33,0
4,12,351781.0,-4.010779635043276,-3.5539738586304126,TIME_LIMIT,29845,0,0,28,0
4,12,352257.0,-4.010694737276545,-3.5539738586304126,TIME_LIMIT,29884,0,0,34,0
4,12,352753.0,-4.010694737276545,-3.5539738586304126,TIME_LIMIT,29914,0,0,36,0
4,12,353229.0,-4.010694737276545,-3.5539738586304126,TIME_LIMIT,29962,0,0,31,0
4,12,353721.0,-4.010694737276545,-3.5539738586304126,TIME_LIMIT,29993,0,0,37,0
4,12,354196.0,-4.010694737276545,-3.5539738586304126,TIME_LIMIT,30043,0,0,32,0
4,12,354670.0,-4.010694737276545,-3.5539738586304126,TIME_LIMIT,30071,0,0,45,0
4,12,355163.0,-4.010633498935101,-3.5539738586304126,TIME_LIMIT,30121,0,0,27,0
4,12,355640.0,-4.010633498935101,-3.5539738586304126,TIME_LIMIT,30154,0,0,36,0
4,12,356135.0,-4.010633498935101,-3.5539738586304126,TIME_LIMIT,30206,0,0,36,0
4,12,356636.0,-4.010633498935101,-3.5539738586304126,TIME_LIMIT,30228,0,0,21,0
4,12,357111.0,-4.010554229744557,-3.5539738586304126,TIME_LIMIT,30277,0,0,31,0
4,12,357606.0,-4.010554229744557,-3.5539738586304126,TIME_LIMIT,30304,0,0,31,0
4,12,358081.0,-4.0104652313545746,-3.5539738586304126,TIME_LIMIT,30353,0,0,27,0
4,12,358555.0,-4.0104652313545746,-3.5539738586304126,TIME_LIMIT,30398,0,0,35,0
4,12,359048.0,-4.010459040989789,-3.5539738586304126,TIME_LIMIT,30430,0,0,30,0
4,12,359524.0,-4.010459040989789,-3.5539738586304126,TIME_LIMIT,30453,0,0,38,0
4,12,360017.0,-4.010414272807343,-3.5539738586304126,TIME_LIMIT,30501,0,0,26,0
4,12,360493.0,-4.010414272807343,-3.5539738586304126,TIME_LIMIT,30523,0,0,35,0
4,12,360969.0,-4.010403803215474,-3.5539738586304126,TIME_LIMIT,30574,0,0,32,0
4,12,361466.0,-4.010403803215474,-3.5539738586304126,TIME_LIMIT,30604,0,0,38,0
4,12,361943.0,-4.010403803215474,-3.5539738586304126,TIME_LIMIT,30656,0,0,32,0
4,12,362418.0,-4.010403803215474,-3.5539738586304126,TIME_LIMIT,30696,0,0,35,0
4,12,362913.0,-4.010316490719203,-3.5539738586304126,TIME_LIMIT,30745,0,0,29,0
4,12,363390.0,-4.010316490719203,-3.5539738586304126,TIME_LIMIT,30773,0,0,42,0
4,12,363885.0,-4.010000171572326,-3.5539738586304126,TIME_LIMIT,30823,0,0,29,0
4,12,364361.0,-4.010000171572326,-3.5539738586304126,TIME_LIMIT,30856,0,0,43,0
4,12,364838.0,-4.009899907707794,-3.5539738586304126,TIME_LIMIT,30909,0,0,29,0
4,12,365333.0,-4.009899907707794,-3.5539738586304126,TIME_LIMIT,30944,0,0,24,0
4,12,365809.0,-4.009460071716939,-3.5539738586304126,TIME_LIMIT,30990,0,0,29,0
4,12,366305.0,-4.009460071716939,-3.5539738586304126,TIME_LIMIT,31030,0,0,38,0
4,12,366780.0,-4.009266665290331,-3.5539738586304126,TIME_LIMIT,31073,0,0,30,0
4,12,367256.0,-4.009266665290331,-3.5539738586304126,TIME_LIMIT,31098,0,0,42,0
4,12,367751.0,-4.009266665290331,-3.5539738586304126,TIME_LIMIT,31151,0,0,36,0
4,12,368225.0,-4.009266665290331,-3.5539738586304126,TIME_LIMIT,31175,0,0,38,0
4,12,368700.0,-4.009260067315294,-3.5539738586304126,TIME_LIMIT,31229,0,0,23,0
4,12,369196.0,-4.009260067315294,-3.5539738586304126,TIME_LIMIT,31263,0,0,40,0
4,12,369672.0,-4.009135914253019,-3.5539738586304126,TIME_LIMIT,31304,0,0,32,0
4,12,370168.0,-4.009135914253019,-3.5539738586304126,TIME_LIMIT,31326,0,0,44,0
4,12,370644.0,-4.009034028974373,-3.5539738586304126,TIME_LIMIT,31381,0,0,32,0
4,12,371119.0,-4.009034028974373,-3.5539738586304126,TIME_LIMIT,31407,0,0,38,0
4,12,371615.0,-4.009034028974373,-3.5539738586304126,TIME_LIMIT,31453,0,0,35,0
4,12,372092.0,-4.009034028974373,-3.5539738586304126,TIME_LIMIT,31477,0,0,38,0
4,12,372566.0,-4.008882523999395,-3.5539738586304126,TIME_LIMIT,31526,0,0,30,0
4,12,373063.0,-4.008882523999395,-3.5539738586304126,TIME_LIMIT,31550,0,0,41,0
4,12,373539.0,-4.0088490795094724,-3.5539738586304126,TIME_LIMIT,31598,0,0,29,0
4,12,374034.0,-4.0088490795094724,-3.5539738586304126,TIME_LIMIT,31630,0,0,22,0
4,12,374510.0,-4.0088490795094724,-3.5539738586304126,TIME_LIMIT,31686,0,0,37,0
4,12,374987.0,-4.0088490795094724,-3.5539738586304126,TIME_LIMIT,31720,0,0,32,0
4,12,375481.0,-4.008689137680115,-3.5539738586304126,TIME_LIMIT,31759,0,0,36,0
4,12,375958.0,-4.008689137680115,-3.5539738586304126,TIME_LIMIT,31793,0,0,40,0
4,12,376433.0,-4.008673159505515,-3.5539738586304126,TIME_LIMIT,31842,0,0,32,0
4,12,376927.0,-4.008673159505515,-3.5539738586304126,TIME_LIMIT,31876,0,0,38,0
4,12,377403.0,-4.008556063147262,-3.5539738586304126,TIME_LIMIT,31927,0,0,28,0
4,12,377899.0,-4.008556063147262,-3.5539738586304126,TIME_LIMIT,31960,0,0,50,0
4,12,378374.0,-4.008556063147262,-3.5539738586304126,TIME_LIMIT,32002,0,0,30,0
4,12,378851.0,-4.008556063147262,-3.5539738586304126,TIME_LIMIT,32034,0,0,40,0
4,12,379347.0,-4.0084345803363455,-3.5539738586304126,TIME_LIMIT,32085,0,0,13,0
4,12,379825.0,-4.0084345803363455,-3.5539738586304126,TIME_LIMIT,32117,0,0,37,0
4,12,380301.0,-4.0084345803363455,-3.5539738586304126,TIME_LIMIT,32176,0,0,27,0
4,12,380797.0,-4.0084345803363455,-3.5539738586304126,TIME_LIMIT,32212,0,0,24,0
4,12,381276.0,-4.008343236171369,-3.5539738586304126,TIME_LIMIT,32269,0,0,26,0
4,12,381770.0,-4.008343236171369,-3.5539738586304126,TIME_LIMIT,32309,0,0,36,0
4,12,382247.0,-4.008125823281279,-3.5539738586304126,TIME_LIMIT,32354,0,0,34,0
4,12,382725.0,-4.008125823281279,-3.5539738586304126,TIME_LIMIT,32387,0,0,46,0
4,12,383219.0,-4.008125823281279,-3.5539738586304126,TIME_LIMIT,32430,0,0,17,0
4,12,383697.0,-4.008125823281279,-3.5539738586304126,TIME_LIMIT,32450,0,0,24,0
4,12,384173.0,-4.008125823281279,-3.5539738586304126,TIME_LIMIT,32502,0,0,12,0
4,12,384668.0,-4.008125823281279,-3.5539738586304126,TIME_LIMIT,32546,0,0,33,0
4,12,385146.0,-4.008125823281279,-3.5539738586304126,TIME_LIMIT,32593,0,0,49,0
4,12,385642.0,-4.008125823281279,-3.5539738586304126,TIME_LIMIT,32634,0,0,37,0
4,12,386118.0,-4.007727091296097,-3.5539738586304126,TIME_LIMIT,32668,0,0,39,0
4,12,386593.0,-4.007727091296097,-3.5539738586304126,TIME_LIMIT,32695,0,0,47,0
4,12,387089.0,-4.007670057433649,-3.5539738586304126,TIME_LIMIT,32742,0,0,31,0
4,12,387566.0,-4.007670057433649,-3.5539738586304126,TIME_LIMIT,32784,0,0,35,0
4,12,388040.0,-4.007670057433649,-3.5539738586304126,TIME_LIMIT,32836,0,0,34,0
4,12,388537.0,-4.007670057433649,-3.5539738586304126,TIME_LIMIT,32863,0,0,36,0
4,12,389013.0,-4.007421075526939,-3.5539738586304126,TIME_LIMIT,32917,0,0,33,0
4,12,389509.0,-4.007421075526939,-3.5539738586304126,TIME_LIMIT,32953,0,0,34,0
4,12,389985.0,-4.007164269675773,-3.5539738586304126,TIME_LIMIT,33004,0,0,33,0
4,12,390460.0,-4.007164269675773,-3.5539738586304126,TIME_LIMIT,33030,0,0,10,0
4,12,390953.0,-4.006769108069766,-3.5539738586304126,TIME_LIMIT,33077,0,0,26,0
4,12,391429.0,-4.006769108069766,-3.5539738586304126,TIME_LIMIT,33100,0,0,35,0
4,12,391903.0,-4.006769108069766,-3.5539738586304126,TIME_LIMIT,33149,0,0,21,0
4,12,392397.0,-4.006769108069766,-3.5539738586304126,TIME_LIMIT,33184,0,0,29,0
4,12,392875.0,-4.006761443740491,-3.5539738586304126,TIME_LIMIT,33228,0,0,30,0
4,12,393371.0,-4.006761443740491,-3.5539738586304126,TIME_LIMIT,33250,0,0,33,0
4,12,393848.0,-4.006618350865208,-3.5539738586304126,TIME_LIMIT,33303,0,0,35,0
4,12,394323.0,-4.006618350865208,-3.5539738586304126,TIME_LIMIT,33335,0,0,61,0
4,12,394818.0,-4.006401880837573,-3.5539738586304126,TIME_LIMIT,33389,0,0,36,0
4,12,395293.0,-4.006401880837573,-3.5539738586304126,TIME_LIMIT,33419,0,0,37,0
4,12,395768.0,-4.006367811838194,-3.5539738586304126,TIME_LIMIT,33475,0,0,36,0
4,12,396263.0,-4.006367811838194,-3.5539738586304126,TIME_LIMIT,33506,0,0,40,0
4,12,396738.0,-4.006367811838194,-3.5539738586304126,TIME_LIMIT,33547,0,0,29,0
4,12,397234.0,-4.006367811838194,-3.5539738586304126,TIME_LIMIT,33572,0,0,38,0
4,12,397709.0,-4.006367811838194,-3.5539738586304126,TIME_LIMIT,33624,0,0,19,0
4,12,398209.0,-4.006367811838194,-3.5539738586304126,TIME_LIMIT,33662,0,0,43,0
4,12,398703.0,-4.006111297662969,-3.5539738586304126,TIME_LIMIT,33716,0,0,34,0
4,12,399181.0,-4.006111297662969,-3.5539738586304126,TIME_LIMIT,33754,0,0,39,0
4,12,399656.0,-4.006001819393459,-3.5539738586304126,TIME_LIMIT,33798,0,0,39,0
4,12,400152.0,-4.006001819393459,-3.5539738586304126,TIME_LIMIT,33821,0,0,37,0
4,12,400628.0,-4.005923378366891,-3.5539738586304126,TIME_LIMIT,33873,0,0,12,0
4,12,401124.0,-4.005923378366891,-3.5539738586304126,TIME_LIMIT,33896,0,0,25,0
4,12,401601.0,-4.005923378366891,-3.5539738586304126,TIME_LIMIT,33953,0,0,35,0
4,12,402077.0,-4.005923378366891,-3.5539738586304126,TIME_LIMIT,33977,0,0,24,0
4,12,402594.0,-4.005713034748871,-3.5539738586304126,TIME_LIMIT,34025,0,0,27,0
4,12,403075.0,-4.005713034748871,-3.5539738586304126,TIME_LIMIT,34060,0,0,41,0
4,12,403548.0,-4.005695166792805,-3.5539738586304126,TIME_LIMIT,34109,0,0,25,0
4,12,404044.0,-4.005695166792805,-3.5539738586304126,TIME_LIMIT,34151,0,0,25,0
4,12,404521.0,-4.00551011483366,-3.5539738586304126,TIME_LIMIT,34204,0,0,35,0
4,12,405017.0,-4.00551011483366,-3.5539738586304126,TIME_LIMIT,34247,0,0,39,0
4,12,405492.0,-4.005441710412454,-3.5539738586304126,TIME_LIMIT,34285,0,0,36,0
4,12,405967.0,-4.005441710412454,-3.5539738586304126,TIME_LIMIT,34310,0,0,43,0
4,12,406461.0,-4.005441710412454,-3.5539738586304126,TIME_LIMIT,34361,0,0,31,0
4,12,406940.0,-4.005441710412454,-3.5539738586304126,TIME_LIMIT,34396,0,0,36,0
4,12,407415.0,-4.00502949367586,-3.5539738586304126,TIME_LIMIT,34451,0,0,32,0
4,12,407910.0,-4.00502949367586,-3.5539738586304126,TIME_LIMIT,34484,0,0,35,0
4,12,408386.0,-4.004746830625094,-3.5539738586304126,TIME_LIMIT,34529,0,0,30,0
4,12,408881.0,-4.004746830625094,-3.5539738586304126,TIME_LIMIT,34548,0,0,36,0
4,12,409357.0,-4.004502329792947,-3.5539738586304126,TIME_LIMIT,34600,0,0,29,0
4,12,409833.0,-4.004502329792947,-3.5539738586304126,TIME_LIMIT,34628,0,0,40,0
4,12,410330.0,-4.004436257716003,-3.5539738586304126,TIME_LIMIT,34682,0,0,36,0
4,12,410806.0,-4.004436257716003,-3.5539738586304126,TIME_LIMIT,34715,0,0,24,0
4,12,411282.0,-4.004195596550636,-3.5539738586304126,TIME_LIMIT,34758,0,0,35,0
4,12,411780.0,-4.004195596550636,-3.5539738586304126,TIME_LIMIT,34792,0,0,54,0
4,12,412256.0,-4.004195596550636,-3.5539738586304126,TIME_LIMIT,34842,0,0,26,0
4,12,412732.0,-4.004195596550636,-3.5539738586304126,TIME_LIMIT,34879,0,0,38,0
4,12,413228.0,-4.004020127318428,-3.5539738586304126,TIME_LIMIT,34922,0,0,32,0
4,12,413705.0,-4.004020127318428,-3.5539738586304126,TIME_LIMIT,34947,0,0,36,0
4,12,414201.0,-4.003979002264003,-3.5539738586304126,TIME_LIMIT,35003,0,0,19,0
4,12,414677.0,-4.003979002264003,-3.5539738586304126,TIME_LIMIT,35038,0,0,19,0
4,12,415153.0,-4.003979002264003,-3.5539738586304126,TIME_LIMIT,35085,0,0,34,0
4,12,415648.0,-4.003979002264003,-3.5539738586304126,TIME_LIMIT,35111,0,0,19,0
4,12,416126.0,-4.00395434753465,-3.5539738586304126,TIME_LIMIT,35167,0,0,26,0
4,12,416600.0,-4.00395434753465,-3.5539738586304126,TIME_LIMIT,35193,0,0,22,0
4,12,417096.0,-4.003817857904396,-3.5539738586304126,TIME_LIMIT,35244,0,0,31,0
4,12,417573.0,-4.003817857904396,-3.5539738586304126,TIME_LIMIT,35275,0,0,41,0
4,12,418070.0,-4.00378992841083,-3.5539738586304126,TIME_LIMIT,35328,0,0,33,0
4,12,418546.0,-4.00378992841083,-3.5539738586304126,TIME_LIMIT,35364,0,0,31,0
4,12,419023.0,-4.00378992841083,-3.5539738586304126,TIME_LIMIT,35418,0,0,34,0
4,12,419520.0,-4.00378992841083,-3.5539738586304126,TIME_LIMIT,35454,0,0,33,0
4,12,419996.0,-4.003775378992772,-3.5539738586304126,TIME_LIMIT,35514,0,0,28,0
4,12,420471.0,-4.003775378992772,-3.5539738586304126,TIME_LIMIT,35548,0,0,25,0
4,12,420966.0,-4.003750431779766,-3.5539738586304126,TIME_LIMIT,35590,0,0,34,0
4,12,421445.0,-4.003750431779766,-3.5539738586304126,TIME_LIMIT,35622,0,0,25,0
4,12,421940.0,-4.003750431779766,-3.5539738586304126,TIME_LIMIT,35675,0,0,32,0
4,12,422417.0,-4.003750431779766,-3.5539738586304126,TIME_LIMIT,35710,0,0,23,0
4,12,422895.0,-4.003742333432554,-3.5539738586304126,TIME_LIMIT,35756,0,0,32,0
4,12,423390.0,-4.003742333432554,-3.5539738586304126,TIME_LIMIT,35785,0,0,30,0
4,12,423865.0,-4.003677223364242,-3.5539738586304126,TIME_LIMIT,35832,0,0,26,0
4,12,424342.0,-4.003677223364242,-3.5539738586304126,TIME_LIMIT,35868,0,0,42,0
4,12,424838.0,-4.003677223364242,-3.5539738586304126,TIME_LIMIT,35916,0,0,31,0
4,12,425315.0,-4.003677223364242,-3.5539738586304126,TIME_LIMIT,35950,0,0,37,0
4,12,425793.0,-4.003677223364242,-3.5539738586304126,TIME_LIMIT,35998,0,0,33,0
4,12,426290.0,-4.003677223364242,-3.5539738586304126,TIME_LIMIT,36029,0,0,30,0
4,12,426766.0,-4.003677223364242,-3.5539738586304126,TIME_LIMIT,36084,0,0,26,0
4,12,427261.0,-4.003677223364242,-3.5539738586304126,TIME_LIMIT,36107,0,0,35,0
4,12,427735.0,-4.003632678139335,-3.5539738586304126,TIME_LIMIT,36165,0,0,34,0
4,12,428215.0,-4.003632678139335,-3.5539738586304126,TIME_LIMIT,36196,0,0,40,0
4,12,428710.0,-4.003632678139335,-3.5539738586304126,TIME_LIMIT,36246,0,0,34,0
4,12,429186.0,-4.003632678139335,-3.5539738586304126,TIME_LIMIT,36273,0,0,42,0
4,12,429662.0,-4.003532523943198,-3.5539738586304126,TIME_LIMIT,36326,0,0,23,0
4,12,430157.0,-4.003532523943198,-3.5539738586304126,TIME_LIMIT,36356,0,0,42,0
4,12,430636.0,-4.003532523943198,-3.5539738586304126,TIME_LIMIT,36407,0,0,30,0
4,12,431112.0,-4.003532523943198,-3.5539738586304126,TIME_LIMIT,36446,0,0,29,0
4,12,431607.0,-4.003479299532696,-3.5539738586304126,TIME_LIMIT,36494,0,0,30,0
4,12,432085.0,-4.003479299532696,-3.5539738586304126,TIME_LIMIT,36530,0,0,28,0
4,12,432580.0,-4.00334479004233,-3.5539738586304126,TIME_LIMIT,36583,0,0,33,0
4,12,433056.0,-4.00334479004233,-3.5539738586304126,TIME_LIMIT,36618,0,0,35,0
4,12,433533.0,-4.003184351414253,-3.5539738586304126,TIME_LIMIT,36665,0,0,33,0
4,12,434030.0,-4.003184351414253,-3.5539738586304126,TIME_LIMIT,36691,0,0,35,0
4,12,434507.0,-4.003184351414253,-3.5539738586304126,TIME_LIMIT,36742,0,0,31,0
4,12,434983.0,-4.003184351414253,-3.5539738586304126,TIME_LIMIT,36778,0,0,35,0
4,12,435480.0,-4.003184351414253,-3.5539738586304126,TIME_LIMIT,36827,0,0,28,0
4,12,435955.0,-4.003184351414253,-3.5539738586304126,TIME_LIMIT,36862,0,0,26,0
4,12,436452.0,-4.003184351414253,-3.5539738586304126,TIME_LIMIT,36917,0,0,36,0
4,12,436927.0,-4.003184351414253,-3.5539738586304126,TIME_LIMIT,36948,0,0,40,0
4,12,437402.0,-4.003025545649308,-3.5539738586304126,TIME_LIMIT,36997,0,0,32,0
4,12,437898.0,-4.003025545649308,-3.5539738586304126,TIME_LIMIT,37023,0,0,35,0
4,12,438373.0,-4.002841373262204,-3.5539738586304126,TIME_LIMIT,37080,0,0,37,0
4,12,438850.0,-4.002841373262204,-3.5539738586304126,TIME_LIMIT,37115,0,0,49,0
4,12,439346.0,-4.002833645827956,-3.5539738586304126,TIME_LIMIT,37167,0,0,28,0
4,12,439825.0,-4.002833645827956,-3.5539738586304126,TIME_LIMIT,37194,0,0,44,0
4,12,440302.0,-4.002620753483468,-3.5539738586304126,TIME_LIMIT,37243,0,0,32,0
4,12,440796.0,-4.002620753483468,-3.5539738586304126,TIME_LIMIT,37275,0,0,44,0
4,12,441273.0,-4.0025193062649045,-3.5539738586304126,TIME_LIMIT,37333,0,0,15,0
4,12,441768.0,-4.0025193062649045,-3.5539738586304126,TIME_LIMIT,37353,0,0,30,0
4,12,442244.0,-4.0019694756551125,-3.5539738586304126,TIME_LIMIT,37401,0,0,27,0
4,12,442720.0,-4.0019694756551125,-3.5539738586304126,TIME_LIMIT,37431,0,0,40,0
4,12,443215.0,-4.001852236052202,-3.5539738586304126,TIME_LIMIT,37486,0,0,35,0
4,12,443690.0,-4.001852236052202,-3.5539738586304126,TIME_LIMIT,37505,0,0,40,0
4,12,444178.0,-4.001826868421492,-3.5539738586304126,TIME_LIMIT,37553,0,0,29,0
4,12,444684.0,-4.001826868421492,-3.5539738586304126,TIME_LIMIT,37586,0,0,37,0
4,12,445161.0,-4.0017401875302525,-3.5539738586304126,TIME_LIMIT,37639,0,0,30,0
4,12,445638.0,-4.0017401875302525,-3.5539738586304126,TIME_LIMIT,37663,0,0,36,0
4,12,446132.0,-4.0017357681679275,-3.5539738586304126,TIME_LIMIT,37712,0,0,31,0
4,12,446610.0,-4.0017357681679275,-3.5539738586304126,TIME_LIMIT,37740,0,0,47,0
4,12,447107.0,-4.0017357681679275,-3.5539738586304126,TIME_LIMIT,37792,0,0,29,0
4,12,447581.0,-4.0017357681679275,-3.5539738586304126,TIME_LIMIT,37829,0,0,37,0
4,12,448058.0,-4.001672716792488,-3.5539738586304126,TIME_LIMIT,37878,0,0,30,0
4,12,448553.0,-4.001672716792488,-3.5539738586304126,TIME_LIMIT,37911,0,0,23,0
4,12,449057.0,-4.001672716792488,-3.5539738586304126,TIME_LIMIT,37962,0,0,31,0
4,12,449534.0,-4.001672716792488,-3.5539738586304126,TIME_LIMIT,37999,0,0,22,0
4,12,450027.0,-4.001672716792488,-3.5539738586304126,TIME_LIMIT,38040,0,0,20,0
4,12,450504.0,-4.001672716792488,-3.5539738586304126,TIME_LIMIT,38081,0,0,42,0
4,12,450979.0,-4.001672716792488,-3.5539738586304126,TIME_LIMIT,38136,0,0,34,0
4,12,451474.0,-4.001672716792488,-3.5539738586304126,TIME_LIMIT,38172,0,0,30,0
4,12,451951.0,-4.001453512654243,-3.5539738586304126,TIME_LIMIT,38222,0,0,29,0
4,12,452425.0,-4.001453512654243,-3.5539738586304126,TIME_LIMIT,38252,0,0,28,0
4,12,452921.0,-4.001424369576467,-3.5539738586304126,TIME_LIMIT,38301,0,0,25,0
4,12,453399.0,-4.001424369576467,-3.5539738586304126,TIME_LIMIT,38337,0,0,36,0
4,12,453896.0,-4.001424369576467,-3.5539738586304126,TIME_LIMIT,38396,0,0,40,0
4,12,454373.0,-4.001424369576467,-3.5539738586304126,TIME_LIMIT,38431,0,0,37,0
4,12,454848.0,-4.001205319674315,-3.5539738586304126,TIME_LIMIT,38479,0,0,25,0
4,12,455344.0,-4.001205319674315,-3.5539738586304126,TIME_LIMIT,38503,0,0,42,0
4,12,455820.0,-4.0011080126508,-3.5539738586304126,TIME_LIMIT,38553,0,0,32,0
4,12,456296.0,-4.0011080126508,-3.5539738586304126,TIME_LIMIT,38578,0,0,42,0
4,12,456792.0,-4.000799528182574,-3.5539738586304126,TIME_LIMIT,38629,0,0,32,0
4,12,457270.0,-4.000799528182574,-3.5539738586304126,TIME_LIMIT,38671,0,0,36,0
4,12,457745.0,-4.000754616644489,-3.5539738586304126,TIME_LIMIT,38721,0,0,33,0
4,12,458242.0,-4.000754616644489,-3.5539738586304126,TIME_LIMIT,38745,0,0,47,0
4,12,458720.0,-4.000673847939282,-3.5539738586304126,TIME_LIMIT,38797,0,0,34,0
4,12,459216.0,-4.000673847939282,-3.5539738586304126,TIME_LIMIT,38834,0,0,39,0
4,12,459692.0,-4.000599035483939,-3.5539738586304126,TIME_LIMIT,38885,0,0,34,0
4,12,460170.0,-4.000599035483939,-3.5539738586304126,TIME_LIMIT,38920,0,0,28,0
4,12,460666.0,-4.000599035483939,-3.5539738586304126,TIME_LIMIT,38975,0,0,33,0
4,12,461142.0,-4.000599035483939,-3.5539738586304126,TIME_LIMIT,39004,0,0,37,0
4,12,461618.0,-4.000453230071205,-3.5539738586304126,TIME_LIMIT,39047,0,0,33,0
4,12,462114.0,-4.000453230071205,-3.5539738586304126,TIME_LIMIT,39076,0,0,40,0
4,12,462591.0,-4.000285572858793,-3.5539738586304126,TIME_LIMIT,39123,0,0,32,0
4,12,463065.0,-4.000285572858793,-3.5539738586304126,TIME_LIMIT,39154,0,0,41,0
4,12,463562.0,-4.000245666378723,-3.5539738586304126,TIME_LIMIT,39203,0,0,32,0
4,12,464040.0,-4.000245666378723,-3.5539738586304126,TIME_LIMIT,39231,0,0,10,0
4,12,464534.0,-4.000182619740091,-3.5539738586304126,TIME_LIMIT,39281,0,0,33,0
4,12,465010.0,-4.000182619740091,-3.5539738586304126,TIME_LIMIT,39313,0,0,22,0
4,12,465486.0,-4.000182619740091,-3.5539738586304126,TIME_LIMIT,39368,0,0,37,0
4,12,465983.0,-4.000182619740091,-3.5539738586304126,TIME_LIMIT,39406,0,0,31,0
4,12,466458.0,-4.000182619740091,-3.5539738586304126,TIME_LIMIT,39451,0,0,31,0
4,12,466935.0,-4.000182619740091,-3.5539738586304126,TIME_LIMIT,39484,0,0,10,0
4,12,467431.0,-4.000067736872503,-3.5539738586304126,TIME_LIMIT,39536,0,0,31,0
4,12,467908.0,-4.000067736872503,-3.5539738586304126,TIME_LIMIT,39574,0,0,35,0
4,12,468384.0,-3.9999544912494374,-3.5539738586304126,TIME_LIMIT,39622,0,0,28,0
4,12,468880.0,-3.9999544912494374,-3.5539738586304126,TIME_LIMIT,39665,0,0,41,0
4,12,469356.0,-3.9999544912494374,-3.5539738586304126,TIME_LIMIT,39710,0,0,32,0
4,12,469832.0,-3.9999544912494374,-3.5539738586304126,TIME_LIMIT,39747,0,0,35,0
4,12,470327.0,-3.9999192944240085,-3.5539738586304126,TIME_LIMIT,39802,0,0,33,0
4,12,470804.0,-3.9999192944240085,-3.5539738586304126,TIME_LIMIT,39833,0,0,35,0
4,12,471300.0,-3.9999192944240085,-3.5539738586304126,TIME_LIMIT,39889,0,0,32,0
4,12,471776.0,-3.9999192944240085,-3.5539738586304126,TIME_LIMIT,39912,0,0,35,0
4,12,472255.0,-3.9997752418000374,-3.5539738586304126,TIME_LIMIT,39963,0,0,36,0
4,12,472749.0,-3.9997752418000374,-3.5539738586304126,TIME_LIMIT,39984,0,0,38,0
4,12,473226.0,-3.9997670581549243,-3.5539738586304126,TIME_LIMIT,40034,0,0,37,0
4,12,473703.0,-3.9997670581549243,-3.5539738586304126,TIME_LIMIT,40069,0,0,32,0
4,12,474201.0,-3.9997670581549243,-3.5539738586304126,TIME_LIMIT,40126,0,0,38,0
4,12,474679.0,-3.9997670581549243,-3.5539738586304126,TIME_LIMIT,40166,0,0,39,0
4,12,475154.0,-3.9996737992095293,-3.5539738586304126,TIME_LIMIT,40216,0,0,32,0
4,12,475649.0,-3.9996737992095293,-3.5539738586304126,TIME_LIMIT,40236,0,0,18,0
4,12,476126.0,-3.9995681797100238,-3.5539738586304126,TIME_LIMIT,40284,0,0,31,0
4,12,476604.0,-3.9995681797100238,-3.5539738586304126,TIME_LIMIT,40316,0,0,43,0
4,12,477100.0,-3.999483128339443,-3.5539738586304126,TIME_LIMIT,40373,0,0,34,0
4,12,477577.0,-3.999483128339443,-3.5539738586304126,TIME_LIMIT,40405,0,0,39,0
4,12,478074.0,-3.99940551746834,-3.5539738586304126,TIME_LIMIT,40459,0,0,36,0
4,12,478548.0,-3.99940551746834,-3.5539738586304126,TIME_LIMIT,40484,0,0,39,0
4,12,479025.0,-3.9992350621881503,-3.5539738586304126,TIME_LIMIT,40535,0,0,29,0
4,12,479520.0,-3.9992350621881503,-3.5539738586304126,TIME_LIMIT,40574,0,0,22,0
4,12,479997.0,-3.9992350621881503,-3.5539738586304126,TIME_LIMIT,40628,0,0,35,0
4,12,480473.0,-3.9992350621881503,-3.5539738586304126,TIME_LIMIT,40662,0,0,33,0
4,12,480967.0,-3.9989590872183993,-3.5539738586304126,TIME_LIMIT,40707,0,0,30,0
4,12,481444.0,-3.9989590872183993,-3.5539738586304126,TIME_LIMIT,40731,0,0,29,0
4,12,481919.0,-3.998361764069378,-3.5539738586304126,TIME_LIMIT,40789,0,0,35,0
4,12,482414.0,-3.998361764069378,-3.5539738586304126,TIME_LIMIT,40824,0,0,42,0
4,12,482891.0,-3.998348156202056,-3.5539738586304126,TIME_LIMIT,40877,0,0,36,0
4,12,483366.0,-3.998348156202056,-3.5539738586304126,TIME_LIMIT,40911,0,0,30,0
4,12,483864.0,-3.998348156202056,-3.5539738586304126,TIME_LIMIT,40959,0,0,29,0
4,12,484341.0,-3.998348156202056,-3.5539738586304126,TIME_LIMIT,41000,0,0,36,0
4,12,484837.0,-3.9982055472634883,-3.5539738586304126,TIME_LIMIT,41045,0,0,20,0
4,12,485314.0,-3.9982055472634883,-3.5539738586304126,TIME_LIMIT,41078,0,0,35,0
4,12,485790.0,-3.9981394874707195,-3.5539738586304126,TIME_LIMIT,41115,0,0,24,0
4,12,486287.0,-3.9981394874707195,-3.5539738586304126,TIME_LIMIT,41146,0,0,33,0
4,12,486763.0,-3.9979070508420804,-3.5539738586304126,TIME_LIMIT,41200,0,0,34,0
4,12,487239.0,-3.9979070508420804,-3.5539738586304126,TIME_LIMIT,41232,0,0,41,0
4,12,487735.0,-3.9978104575129523,-3.5539738586304126,TIME_LIMIT,41289,0,0,34,0
4,12,488212.0,-3.9978104575129523,-3.5539738586304126,TIME_LIMIT,41326,0,0,36,0
4,12,488688.0,-3.9976652071205887,-3.5539738586304126,TIME_LIMIT,41367,0,0,33,0
4,12,489184.0,-3.9976652071205887,-3.5539738586304126,TIME_LIMIT,41394,0,0,16,0
4,12,489660.0,-3.997532135849087,-3.5539738586304126,TIME_LIMIT,41445,0,0,24,0
4,12,490135.0,-3.997532135849087,-3.5539738586304126,TIME_LIMIT,41473,0,0,44,0
4,12,490653.0,-3.997532135849087,-3.5539738586304126,TIME_LIMIT,41517,0,0,19,0
4,12,491131.0,-3.997532135849087,-3.5539738586304126,TIME_LIMIT,41556,0,0,31,0
4,12,491606.0,-3.9974896443935077,-3.5539738586304126,TIME_LIMIT,41600,0,0,33,0
4,12,492102.0,-3.9974896443935077,-3.5539738586304126,TIME_LIMIT,41635,0,0,42,0
4,12,492579.0,-3.99731940053372,-3.5539738586304126,TIME_LIMIT,41683,0,0,32,0
4,12,493074.0,-3.99731940053372,-3.5539738586304126,TIME_LIMIT,41712,0,0,35,0
4,12,493550.0,-3.9971646485584094,-3.5539738586304126,TIME_LIMIT,41765,0,0,23,0
4,12,494028.0,-3.9971646485584094,-3.5539738586304126,TIME_LIMIT,41797,0,0,30,0
4,12,494522.0,-3.9971646485584094,-3.5539738586304126,TIME_LIMIT,41840,0,0,29,0
4,12,495004.0,-3.9971646485584094,-3.5539738586304126,TIME_LIMIT,41874,0,0,33,0
4,12,495503.0,-3.9971646485584094,-3.5539738586304126,TIME_LIMIT,41921,0,0,30,0
4,12,495999.0,-3.9971646485584094,-3.5539738586304126,TIME_LIMIT,41958,0,0,32,0
4,12,496475.0,-3.9970938706917485,-3.5539738586304126,TIME_LIMIT,42011,0,0,30,0
4,12,496951.0,-3.9970938706917485,-3.5539738586304126,TIME_LIMIT,42043,0,0,41,0
4,12,497446.0,-3.9970020675765237,-3.5539738586304126,TIME_LIMIT,42091,0,0,32,0
4,12,497921.0,-3.9970020675765237,-3.5539738586304126,TIME_LIMIT,42117,0,0,30,0
4,12,498396.0,-3.9970020675765237,-3.5539738586304126,TIME_LIMIT,42166,0,0,29,0
4,12,498891.0,-3.9970020675765237,-3.5539738586304126,TIME_LIMIT,42202,0,0,46,0
4,12,499367.0,-3.9969246694005425,-3.5539738586304126,TIME_LIMIT,42247,0,0,27,0
4,12,499845.0,-3.9969246694005425,-3.5539738586304126,TIME_LIMIT,42284,0,0,32,0
4,12,500340.0,-3.9969246694005425,-3.5539738586304126,TIME_LIMIT,42337,0,0,31,0
4,12,500819.0,-3.9969246694005425,-3.5539738586304126,TIME_LIMIT,42367,0,0,27,0
4,12,501316.0,-3.9967133650541933,-3.5539738586304126,TIME_LIMIT,42423,0,0,30,0
4,12,501791.0,-3.9967133650541933,-3.5539738586304126,TIME_LIMIT,42457,0,0,18,0
4,12,502267.0,-3.996459117342946,-3.5539738586304126,TIME_LIMIT,42512,0,0,33,0
4,12,502762.0,-3.996459117342946,-3.5539738586304126,TIME_LIMIT,42543,0,0,39,0
4,12,503238.0,-3.9964249724201317,-3.5539738586304126,TIME_LIMIT,42596,0,0,29,0
4,12,503714.0,-3.9964249724201317,-3.5539738586304126,TIME_LIMIT,42627,0,0,14,0
4,12,504211.0,-3.995899177590139,-3.5539738586304126,TIME_LIMIT,42682,0,0,29,0
4,12,504687.0,-3.995899177590139,-3.5539738586304126,TIME_LIMIT,42722,0,0,39,0
4,12,505164.0,-3.9956563227628337,-3.5539738586304126,TIME_LIMIT,42753,0,0,28,0
4,12,505661.0,-3.9956563227628337,-3.5539738586304126,TIME_LIMIT,42778,0,0,34,0
4,12,506137.0,-3.995635509832664,-3.5539738586304126,TIME_LIMIT,42829,0,0,32,0
4,12,506614.0,-3.995635509832664,-3.5539738586304126,TIME_LIMIT,42864,0,0,37,0
4,12,507108.0,-3.995635509832664,-3.5539738586304126,TIME_LIMIT,42895,0,0,36,0
4,12,507586.0,-3.995635509832664,-3.5539738586304126,TIME_LIMIT,42911,0,0,29,0
4,12,508062.0,-3.9956232521977375,-3.5539738586304126,TIME_LIMIT,42964,0,0,34,0
4,12,508560.0,-3.9956232521977375,-3.5539738586304126,TIME_LIMIT,42988,0,0,42,0
4,12,509037.0,-3.9956232521977375,-3.5539738586304126,TIME_LIMIT,43028,0,0,32,0
4,12,509513.0,-3.9956232521977375,-3.5539738586304126,TIME_LIMIT,43058,0,0,34,0
4,12,510009.0,-3.995444347995126,-3.5539738586304126,TIME_LIMIT,43112,0,0,35,0
4,12,510484.0,-3.995444347995126,-3.5539738586304126,TIME_LIMIT,43139,0,0,38,0
4,12,510979.0,-3.995425655565495,-3.5539738586304126,TIME_LIMIT,43182,0,0,32,0
4,12,511457.0,-3.995425655565495,-3.5539738586304126,TIME_LIMIT,43215,0,0,41,0
4,12,511934.0,-3.9954133725393284,-3.5539738586304126,TIME_LIMIT,43267,0,0,33,0
4,12,512431.0,-3.9954133725393284,-3.5539738586304126,TIME_LIMIT,43298,0,0,39,0
4,12,512906.0,-3.99536842494054,-3.5539738586304126,TIME_LIMIT,43344,0,0,30,0
4,12,513383.0,-3.99536842494054,-3.5539738586304126,TIME_LIMIT,43375,0,0,32,0
4,12,513880.0,-3.99536842494054,-3.5539738586304126,TIME_LIMIT,43420,0,0,27,0
4,12,514357.0,-3.99536842494054,-3.5539738586304126,TIME_LIMIT,43444,0,0,32,0
4,12,514834.0,-3.9953059455095805,-3.5539738586304126,TIME_LIMIT,43493,0,0,17,0
4,12,515331.0,-3.9953059455095805,-3.5539738586304126,TIME_LIMIT,43531,0,0,37,0
4,12,515808.0,-3.9953059455095805,-3.5539738586304126,TIME_LIMIT,43576,0,0,27,0
4,12,516284.0,-3.9953059455095805,-3.5539738586304126,TIME_LIMIT,43614,0,0,31,0
4,12,516782.0,-3.995186324587125,-3.5539738586304126,TIME_LIMIT,43664,0,0,31,0
4,12,517257.0,-3.995186324587125,-3.5539738586304126,TIME_LIMIT,43695,0,0,16,0
4,12,517733.0,-3.995112586697895,-3.5539738586304126,TIME_LIMIT,43737,0,0,31,0
4,12,518232.0,-3.995112586697895,-3.5539738586304126,TIME_LIMIT,43772,0,0,29,0
4,12,518708.0,-3.9949761783983306,-3.5539738586304126,TIME_LIMIT,43810,0,0,32,0
4,12,519183.0,-3.9949761783983306,-3.5539738586304126,TIME_LIMIT,43841,0,0,38,0
4,12,519680.0,-3.99491782145669,-3.5539738586304126,TIME_LIMIT,43882,0,0,31,0
4,12,520158.0,-3.99491782145669,-3.5539738586304126,TIME_LIMIT,43919,0,0,36,0
4,12,520632.0,-3.99491782145669,-3.5539738586304126,TIME_LIMIT,43959,0,0,20,0
4,12,521127.0,-3.99491782145669,-3.5539738586304126,TIME_LIMIT,44001,0,0,37,0
4,12,521603.0,-3.9948112001322227,-3.5539738586304126,TIME_LIMIT,44047,0,0,33,0
4,12,522099.0,-3.9948112001322227,-3.5539738586304126,TIME_LIMIT,44070,0,0,29,0
4,12,522574.0,-3.994760303397027,-3.5539738586304126,TIME_LIMIT,44122,0,0,23,0
4,12,523054.0,-3.994760303397027,-3.5539738586304126,TIME_LIMIT,44156,0,0,35,0
4,12,523551.0,-3.9946470952602993,-3.5539738586304126,TIME_LIMIT,44202,0,0,26,0
4,12,524027.0,-3.9946470952602993,-3.5539738586304126,TIME_LIMIT,44224,0,0,42,0
4,12,524504.0,-3.9946076645053012,-3.5539738586304126,TIME_LIMIT,44277,0,0,29,0
4,12,525001.0,-3.9946076645053012,-3.5539738586304126,TIME_LIMIT,44302,0,0,45,0
4,12,525476.0,-3.9946076645053012,-3.5539738586304126,TIME_LIMIT,44352,0,0,33,0
4,12,525953.0,-3.9946076645053012,-3.5539738586304126,TIME_LIMIT,44379,0,0,32,0
4,12,526448.0,-3.994591274656512,-3.5539738586304126,TIME_LIMIT,44430,0,0,28,0
4,12,526925.0,-3.994591274656512,-3.5539738586304126,TIME_LIMIT,44471,0,0,44,0
4,12,527401.0,-3.994585443923529,-3.5539738586304126,TIME_LIMIT,44518,0,0,28,0
4,12,527898.0,-3.994585443923529,-3.5539738586304126,TIME_LIMIT,44553,0,0,35,0
4,12,528375.0,-3.994585443923529,-3.5539738586304126,TIME_LIMIT,44605,0,0,35,0
4,12,528850.0,-3.994585443923529,-3.5539738586304126,TIME_LIMIT,44631,0,0,34,0
4,12,529347.0,-3.994585443923529,-3.5539738586304126,TIME_LIMIT,44678,0,0,32,0
4,12,529826.0,-3.994585443923529,-3.5539738586304126,TIME_LIMIT,44717,0,0,42,0
4,12,530301.0,-3.994585443923529,-3.5539738586304126,TIME_LIMIT,44770,0,0,23,0
4,12,530798.0,-3.994585443923529,-3.5539738586304126,TIME_LIMIT,44811,0,0,44,0
4,12,531274.0,-3.9945255589074207,-3.5539738586304126,TIME_LIMIT,44844,0,0,36,0
4,12,531750.0,-3.9945255589074207,-3.5539738586304126,TIME_LIMIT,44879,0,0,42,0
4,12,532247.0,-3.9945255589074207,-3.5539738586304126,TIME_LIMIT,44925,0,0,34,0
4,12,532726.0,-3.9945255589074207,-3.5539738586304126,TIME_LIMIT,44955,0,0,38,0
4,12,533211.0,-3.9942593349970896,-3.5539738586304126,TIME_LIMIT,45015,0,0,37,0
4,12,533708.0,-3.9942593349970896,-3.5539738586304126,TIME_LIMIT,45047,0,0,40,0
4,12,534185.0,-3.994119967819337,-3.5539738586304126,TIME_LIMIT,45096,0,0,32,0
4,12,534660.0,-3.994119967819337,-3.5539738586304126,TIME_LIMIT,45120,0,0,39,0
4,12,535156.0,-3.994119967819337,-3.5539738586304126,TIME_LIMIT,45172,0,0,31,0
4,12,535633.0,-3.994119967819337,-3.5663670767608884,TIME_LIMIT,45199,0,0,34,0
4,12,536128.0,-3.994094587956523,-3.5663670767608884,TIME_LIMIT,45244,0,0,30,0
4,12,536615.0,-3.994094587956523,-3.5663670767608884,TIME_LIMIT,45276,0,0,38,0
4,12,537106.0,-3.9940817565395568,-3.5663670767608884,TIME_LIMIT,45332,0,0,35,0
4,12,537602.0,-3.9940817565395568,-3.5663670767608884,TIME_LIMIT,45367,0,0,32,0
4,12,538078.0,-3.9940817565395568,-3.5663670767608884,TIME_LIMIT,45409,0,0,28,0
4,12,538555.0,-3.9940817565395568,-3.5663670767608884,TIME_LIMIT,45434,0,0,30,0
4,12,539052.0,-3.9940817565395568,-3.5663670767608884,TIME_LIMIT,45480,0,0,30,0
4,12,539527.0,-3.9940817565395568,-3.5663670767608884,TIME_LIMIT,45508,0,0,40,0
4,12,540003.0,-3.9940704696034834,-3.5663670767608884,TIME_LIMIT,45561,0,0,35,0
4,12,540499.0,-3.9940704696034834,-3.5663670767608884,TIME_LIMIT,45599,0,0,34,0
4,12,540975.0,-3.993931906728976,-3.5663670767608884,TIME_LIMIT,45638,0,0,33,0
4,12,541477.0,-3.993931906728976,-3.5663670767608884,TIME_LIMIT,45663,0,0,30,0
4,12,541974.0,-3.99390574619128,-3.5663670767608884,TIME_LIMIT,45707,0,0,30,0
4,12,542451.0,-3.99390574619128,-3.5663670767608884,TIME_LIMIT,45732,0,0,30,0
4,12,542927.0,-3.99390574619128,-3.5663670767608884,TIME_LIMIT,45773,0,0,29,0
4,12,543422.0,-3.99390574619128,-3.5663670767608884,TIME_LIMIT,45808,0,0,29,0
4,12,543899.0,-3.9937572622164184,-3.5663670767608884,TIME_LIMIT,45858,0,0,31,0
4,12,544376.0,-3.9937572622164184,-3.5663670767608884,TIME_LIMIT,45889,0,0,32,0
4,12,544872.0,-3.9937572622164184,-3.5663670767608884,TIME_LIMIT,45933,0,0,27,0
4,12,545350.0,-3.9937572622164184,-3.5663670767608884,TIME_LIMIT,45967,0,0,33,0
4,12,545826.0,-3.9937416526105562,-3.5663670767608884,TIME_LIMIT,46021,0,0,33,0
4,12,546322.0,-3.9937416526105562,-3.5663670767608884,TIME_LIMIT,46048,0,0,37,0
4,12,546798.0,-3.993694957248426,-3.5663670767608884,TIME_LIMIT,46097,0,0,24,0
4,12,547275.0,-3.993694957248426,-3.5663670767608884,TIME_LIMIT,46125,0,0,43,0
4,12,547771.0,-3.993694957248426,-3.5663670767608884,TIME_LIMIT,46174,0,0,28,0
4,12,548248.0,-3.993694957248426,-3.5663670767608884,TIME_LIMIT,46214,0,0,40,0
4,12,548724.0,-3.993694957248426,-3.5663670767608884,TIME_LIMIT,46264,0,0,32,0
4,12,549218.0,-3.993694957248426,-3.5663670767608884,TIME_LIMIT,46291,0,0,32,0
4,12,549694.0,-3.993642023370316,-3.5663670767608884,TIME_LIMIT,46344,0,0,21,0
4,12,550172.0,-3.993642023370316,-3.5663670767608884,TIME_LIMIT,46383,0,0,35,0
4,12,550668.0,-3.993164734804756,-3.5663670767608884,TIME_LIMIT,46431,0,0,30,0
4,12,551144.0,-3.993164734804756,-3.5663670767608884,TIME_LIMIT,46454,0,0,40,0
4,12,551620.0,-3.9929455507644023,-3.5663670767608884,TIME_LIMIT,46504,0,0,34,0
4,12,552118.0,-3.9929455507644023,-3.5663670767608884,TIME_LIMIT,46534,0,0,45,0
4,12,552594.0,-3.9927067984018363,-3.5663670767608884,TIME_LIMIT,46591,0,0,36,0
4,12,553070.0,-3.9927067984018363,-3.5663670767608884,TIME_LIMIT,46617,0,0,36,0
4,12,553566.0,-3.9925580011044817,-3.5663670767608884,TIME_LIMIT,46675,0,0,32,0
4,12,554042.0,-3.9925580011044817,-3.5663670767608884,TIME_LIMIT,46697,0,0,35,0
4,12,554540.0,-3.99254420302458,-3.5663670767608884,TIME_LIMIT,46752,0,0,23,0
4,12,555014.0,-3.99254420302458,-3.5663670767608884,TIME_LIMIT,46779,0,0,39,0
4,12,555490.0,-3.9924207523472455,-3.5663670767608884,TIME_LIMIT,46836,0,0,36,0
4,12,555987.0,-3.9924207523472455,-3.5663670767608884,TIME_LIMIT,46864,0,0,40,0
4,12,556463.0,-3.9923619998524567,-3.5663670767608884,TIME_LIMIT,46913,0,0,32,0
4,12,556939.0,-3.9923619998524567,-3.5663670767608884,TIME_LIMIT,46935,0,0,37,0
4,12,557435.0,-3.992336017337735,-3.5663670767608884,TIME_LIMIT,46988,0,0,25,0
4,12,557912.0,-3.992336017337735,-3.5663670767608884,TIME_LIMIT,47018,0,0,30,0
4,12,558388.0,-3.9921871163455234,-3.5663670767608884,TIME_LIMIT,47070,0,0,31,0
4,12,558884.0,-3.9921871163455234,-3.5663670767608884,TIME_LIMIT,47106,0,0,35,0
4,12,559360.0,-3.992036834773574,-3.5663670767608884,TIME_LIMIT,47148,0,0,27,0
4,12,559839.0,-3.992036834773574,-3.5663670767608884,TIME_LIMIT,47178,0,0,46,0
4,12,560334.0,-3.992036834773574,-3.5663670767608884,TIME_LIMIT,47224,0,0,24,0
4,12,560810.0,-3.992036834773574,-3.5663670767608884,TIME_LIMIT,47258,0,0,34,0
4,12,561287.0,-3.99196792639436,-3.5663670767608884,TIME_LIMIT,47303,0,0,29,0
4,12,561784.0,-3.99196792639436,-3.5663670767608884,TIME_LIMIT,47334,0,0,46,0
4,12,562260.0,-3.9918996062146466,-3.5663670767608884,TIME_LIMIT,47387,0,0,30,0
4,12,562736.0,-3.9918996062146466,-3.5663670767608884,TIME_LIMIT,47424,0,0,19,0
4,12,563233.0,-3.9918996062146466,-3.5663670767608884,TIME_LIMIT,47465,0,0,28,0
4,12,563707.0,-3.9918996062146466,-3.5663670767608884,TIME_LIMIT,47506,0,0,38,0
4,12,564181.0,-3.9918996062146466,-3.5663670767608884,TIME_LIMIT,47547,0,0,42,0
4,12,564679.0,-3.9918996062146466,-3.5663670767608884,TIME_LIMIT,47578,0,0,37,0
4,12,565156.0,-3.9918487657029593,-3.5663670767608884,TIME_LIMIT,47627,0,0,33,0
4,12,565631.0,-3.9918487657029593,-3.5663670767608884,TIME_LIMIT,47655,0,0,37,0
4,12,566128.0,-3.9916847543719385,-3.5663670767608884,TIME_LIMIT,47707,0,0,18,0
4,12,566604.0,-3.9916847543719385,-3.5663670767608884,TIME_LIMIT,47738,0,0,38,0
4,12,567080.0,-3.9916590504087632,-3.5663670767608884,TIME_LIMIT,47787,0,0,33,0
4,12,567576.0,-3.9916590504087632,-3.5663670767608884,TIME_LIMIT,47812,0,0,41,0
4,12,568053.0,-3.9916590504087632,-3.5663670767608884,TIME_LIMIT,47863,0,0,30,0
4,12,568531.0,-3.9916590504087632,-3.5663670767608884,TIME_LIMIT,47898,0,0,35,0
4,12,569051.0,-3.9916590504087632,-3.5663670767608884,TIME_LIMIT,47944,0,0,27,0
4,12,569529.0,-3.9916590504087632,-3.5663670767608884,TIME_LIMIT,47982,0,0,33,0
4,12,570020.0,-3.9916590504087632,-3.5663670767608884,TIME_LIMIT,48032,0,0,23,0
4,12,570532.0,-3.9916590504087632,-3.5663670767608884,TIME_LIMIT,48057,0,0,28,0
4,12,571025.0,-3.9915018866611525,-3.5663670767608884,TIME_LIMIT,48107,0,0,30,0
4,12,571517.0,-3.9915018866611525,-3.5663670767608884,TIME_LIMIT,48147,0,0,23,0
4,12,572032.0,-3.9915018866611525,-3.5663670767608884,TIME_LIMIT,48193,0,0,32,0
4,12,572522.0,-3.9915018866611525,-3.5663670767608884,TIME_LIMIT,48233,0,0,35,0
4,12,573020.0,-3.9912703851535625,-3.5663670767608884,TIME_LIMIT,48277,0,0,31,0
4,12,573522.0,-3.9912703851535625,-3.5663670767608884,TIME_LIMIT,48309,0,0,37,0
4,12,574010.0,-3.9912703851535625,-3.5663670767608884,TIME_LIMIT,48361,0,0,33,0
4,12,574500.0,-3.9912703851535625,-3.5663670767608884,TIME_LIMIT,48396,0,0,32,0
4,12,575014.0,-3.9912411627771154,-3.5663670767608884,TIME_LIMIT,48449,0,0,32,0
4,12,575504.0,-3.9912411627771154,-3.5663670767608884,TIME_LIMIT,48475,0,0,36,0
4,12,575996.0,-3.9912063283213404,-3.5663670767608884,TIME_LIMIT,48525,0,0,35,0
4,12,576512.0,-3.9912063283213404,-3.5663670767608884,TIME_LIMIT,48551,0,0,34,0
4,12,577004.0,-3.990872814104929,-3.5663670767608884,TIME_LIMIT,48605,0,0,15,0
4,12,577494.0,-3.990872814104929,-3.5663670767608884,TIME_LIMIT,48633,0,0,33,0
4,12,578006.0,-3.990712797352025,-3.5663670767608884,TIME_LIMIT,48683,0,0,23,0
4,12,578499.0,-3.990712797352025,-3.5663670767608884,TIME_LIMIT,48721,0,0,30,0
4,12,578989.0,-3.9906898981889767,-3.5663670767608884,TIME_LIMIT,48760,0,0,32,0
4,12,579512.0,-3.9906898981889767,-3.5663670767608884,TIME_LIMIT,48794,0,0,53,0
4,12,580004.0,-3.990620920798354,-3.5663670767608884,TIME_LIMIT,48844,0,0,32,0
4,12,580496.0,-3.990620920798354,-3.5663670767608884,TIME_LIMIT,48869,0,0,28,0
4,12,581010.0,-3.990611970453859,-3.5663670767608884,TIME_LIMIT,48922,0,0,28,0
4,12,581501.0,-3.990611970453859,-3.5663670767608884,TIME_LIMIT,48943,0,0,23,0
4,12,581994.0,-3.9905752472575964,-3.5663670767608884,TIME_LIMIT,48997,0,0,33,0
4,12,582501.0,-3.9905752472575964,-3.5663670767608884,TIME_LIMIT,49023,0,0,44,0
4,12,583025.0,-3.9905752472575964,-3.5663670767608884,TIME_LIMIT,49080,0,0,37,0
4,12,583504.0,-3.9905752472575964,-3.5663670767608884,TIME_LIMIT,49104,0,0,15,0
4,12,584029.0,-3.990526062257017,-3.5663670767608884,TIME_LIMIT,49156,0,0,30,0
4,12,584515.0,-3.990526062257017,-3.5663670767608884,TIME_LIMIT,49178,0,0,41,0
4,12,585010.0,-3.9905069603027874,-3.5663670767608884,TIME_LIMIT,49231,0,0,31,0
4,12,585517.0,-3.9905069603027874,-3.5663670767608884,TIME_LIMIT,49269,0,0,30,0
4,12,586006.0,-3.9904762366928517,-3.5663670767608884,TIME_LIMIT,49311,0,0,40,0
4,12,586498.0,-3.9904762366928517,-3.5663670767608884,TIME_LIMIT,49347,0,0,35,0
4,12,587010.0,-3.9904223743028173,-3.5663670767608884,TIME_LIMIT,49397,0,0,31,0
4,12,587510.0,-3.9904223743028173,-3.5663670767608884,TIME_LIMIT,49423,0,0,37,0
4,12,588008.0,-3.990380812407739,-3.5663670767608884,TIME_LIMIT,49472,0,0,30,0
4,12,588534.0,-3.990380812407739,-3.5663670767608884,TIME_LIMIT,49503,0,0,31,0
4,12,589026.0,-3.9903333646798003,-3.5663670767608884,TIME_LIMIT,49557,0,0,30,0
4,12,589503.0,-3.9903333646798003,-3.5663670767608884,TIME_LIMIT,49592,0,0,34,0
4,12,590018.0,-3.9902252769599915,-3.5663670767608884,TIME_LIMIT,49638,0,0,30,0
4,12,590507.0,-3.9902252769599915,-3.5663670767608884,TIME_LIMIT,49671,0,0,46,0
4,12,590999.0,-3.990100385043168,-3.5663670767608884,TIME_LIMIT,49723,0,0,33,0
4,12,591521.0,-3.990100385043168,-3.5663670767608884,TIME_LIMIT,49754,0,0,36,0
4,12,592016.0,-3.9900481665490286,-3.5663670767608884,TIME_LIMIT,49798,0,0,25,0
4,12,592512.0,-3.9900481665490286,-3.5663670767608884,TIME_LIMIT,49826,0,0,31,0
4,12,593023.0,-3.9900481665490286,-3.5663670767608884,TIME_LIMIT,49880,0,0,33,0
4,12,593515.0,-3.9900481665490286,-3.5663670767608884,TIME_LIMIT,49916,0,0,36,0
4,12,594009.0,-3.9900481665490286,-3.5663670767608884,TIME_LIMIT,49963,0,0,27,0
4,12,594518.0,-3.9900481665490286,-3.5663670767608884,TIME_LIMIT,49986,0,0,33,0
4,12,595007.0,-3.990010693897201,-3.5663670767608884,TIME_LIMIT,50036,0,0,32,0
4,12,595501.0,-3.990010693897201,-3.5663670767608884,TIME_LIMIT,50072,0,0,53,0
4,12,596016.0,-3.990010693897201,-3.5663670767608884,TIME_LIMIT,50128,0,0,34,0
4,12,596508.0,-3.990010693897201,-3.5663670767608884,TIME_LIMIT,50166,0,0,39,0
4,12,597002.0,-3.990010693897201,-3.5663670767608884,TIME_LIMIT,50207,0,0,30,0
4,12,597509.0,-3.990010693897201,-3.5663670767608884,TIME_LIMIT,50228,0,0,40,0
4,12,598001.0,-3.990010693897201,-3.5663670767608884,TIME_LIMIT,50278,0,0,35,0
4,12,598494.0,-3.990010693897201,-3.5663670767608884,TIME_LIMIT,50312,0,0,39,0
4,12,599010.0,-3.990010693897201,-3.5663670767608884,TIME_LIMIT,50362,0,0,31,0
4,12,599499.0,-3.990010693897201,-3.5663670767608884,TIME_LIMIT,50382,0,0,16,0
4,12,599995.0,-3.990010693897201,-3.5663670767608884,TIME_LIMIT,50428,0,0,21,0
4,12,600504.0,-3.990010693897201,-3.5663670767608884,TIME_LIMIT,50468,0,0,20,0
4,12,600993.0,-3.9899863707424106,-3.5663670767608884,TIME_LIMIT,50516,0,0,37,0
4,12,601485.0,-3.9899863707424106,-3.5663670767608884,TIME_LIMIT,50551,0,0,28,0
4,12,601984.0,-3.9899863707424106,-3.5663670767608884,TIME_LIMIT,50600,0,0,27,0
4,12,602475.0,-3.9899863707424106,-3.5663670767608884,TIME_LIMIT,50626,0,0,33,0
4,12,602971.0,-3.9899584890916007,-3.5663670767608884,TIME_LIMIT,50678,0,0,34,0
4,12,603479.0,-3.9899584890916007,-3.5663670767608884,TIME_LIMIT,50709,0,0,42,0
4,12,603966.0,-3.9899584890916007,-3.5663670767608884,TIME_LIMIT,50756,0,0,15,0
4,12,604459.0,-3.9899584890916007,-3.5663670767608884,TIME_LIMIT,50797,0,0,34,0
4,12,604970.0,-3.9899242763456018,-3.5663670767608884,TIME_LIMIT,50840,0,0,41,0
4,12,605463.0,-3.9899242763456018,-3.5663670767608884,TIME_LIMIT,50875,0,0,24,0
4,12,605957.0,-3.9899242763456018,-3.5663670767608884,TIME_LIMIT,50926,0,0,31,0
4,12,606469.0,-3.9899242763456018,-3.5663670767608884,TIME_LIMIT,50957,0,0,33,0
4,12,606962.0,-3.98986627764673,-3.5663670767608884,TIME_LIMIT,51003,0,0,30,0
4,12,607453.0,-3.98986627764673,-3.5663670767608884,TIME_LIMIT,51042,0,0,37,0
4,12,607942.0,-3.9896337553246917,-3.5663670767608884,TIME_LIMIT,51084,0,0,42,0
4,12,608442.0,-3.9896337553246917,-3.5663670767608884,TIME_LIMIT,51119,0,0,34,0
4,12,608935.0,-3.9896337553246917,-3.5663670767608884,TIME_LIMIT,51165,0,0,30,0
4,12,609434.0,-3.9896337553246917,-3.5663670767608884,TIME_LIMIT,51185,0,0,33,0
4,12,609946.0,-3.9895695880089384,-3.5663670767608884,TIME_LIMIT,51236,0,0,29,0
4,12,610441.0,-3.9895695880089384,-3.5663670767608884,TIME_LIMIT,51259,0,0,36,0
4,12,610927.0,-3.989494344298326,-3.5663670767608884,TIME_LIMIT,51311,0,0,36,0
4,12,611439.0,-3.989494344298326,-3.5663670767608884,TIME_LIMIT,51339,0,0,39,0
4,12,611919.0,-3.989427137689617,-3.5663670767608884,TIME_LIMIT,51389,0,0,19,0
4,12,612414.0,-3.989427137689617,-3.5663670767608884,TIME_LIMIT,51424,0,0,32,0
4,12,612943.0,-3.989427137689617,-3.5663670767608884,TIME_LIMIT,51469,0,0,32,0
4,12,613422.0,-3.989427137689617,-3.5663670767608884,TIME_LIMIT,51507,0,0,33,0
4,12,613922.0,-3.9893752755660303,-3.5663670767608884,TIME_LIMIT,51550,0,0,31,0
4,12,614429.0,-3.9893752755660303,-3.5663670767608884,TIME_LIMIT,51574,0,0,43,0
4,12,614919.0,-3.9893626323004567,-3.5663670767608884,TIME_LIMIT,51629,0,0,37,0
4,12,615413.0,-3.9893626323004567,-3.5663670767608884,TIME_LIMIT,51666,0,0,37,0
4,12,615936.0,-3.989329972915245,-3.5663670767608884,TIME_LIMIT,51717,0,0,36,0
4,12,616414.0,-3.989329972915245,-3.5663670767608884,TIME_LIMIT,51745,0,0,43,0
4,12,616905.0,-3.989223371906367,-3.5663670767608884,TIME_LIMIT,51791,0,0,29,0
4,12,617422.0,-3.989223371906367,-3.5663670767608884,TIME_LIMIT,51820,0,0,35,0
4,12,617912.0,-3.989223371906367,-3.5663670767608884,TIME_LIMIT,51877,0,0,42,0
4,12,618405.0,-3.989223371906367,-3.5663670767608884,TIME_LIMIT,51904,0,0,37,0
4,12,618918.0,-3.9891274848391807,-3.5663670767608884,TIME_LIMIT,51958,0,0,24,0
4,12,619410.0,-3.9891274848391807,-3.5663670767608884,TIME_LIMIT,51986,0,0,38,0
4,12,619887.0,-3.989068995474374,-3.5663670767608884,TIME_LIMIT,52036,0,0,16,0
4,12,620412.0,-3.989068995474374,-3.5663670767608884,TIME_LIMIT,52053,0,0,37,0
4,12,620905.0,-3.989068995474374,-3.5663670767608884,TIME_LIMIT,52098,0,0,30,0
4,12,621402.0,-3.989068995474374,-3.5663670767608884,TIME_LIMIT,52126,0,0,34,0
4,12,621911.0,-3.98886517240564,-3.5663670767608884,TIME_LIMIT,52178,0,0,33,0
4,12,622404.0,-3.98886517240564,-3.5663670767608884,TIME_LIMIT,52218,0,0,33,0
4,12,622894.0,-3.988861638616161,-3.5663670767608884,TIME_LIMIT,52257,0,0,39,0
4,12,623411.0,-3.988861638616161,-3.5663670767608884,TIME_LIMIT,52281,0,0,28,0
4,12,623901.0,-3.988861638616161,-3.5663670767608884,TIME_LIMIT,52331,0,0,30,0
4,12,624392.0,-3.988861638616161,-3.5663670767608884,TIME_LIMIT,52356,0,0,36,0
4,12,624903.0,-3.988861638616161,-3.5663670767608884,TIME_LIMIT,52405,0,0,24,0
4,12,625394.0,-3.988861638616161,-3.5663670767608884,TIME_LIMIT,52440,0,0,34,0
4,12,625889.0,-3.988860981717506,-3.5663670767608884,TIME_LIMIT,52485,0,0,24,0
4,12,626399.0,-3.988860981717506,-3.5663670767608884,TIME_LIMIT,52518,0,0,43,0
4,12,626886.0,-3.988703065859519,-3.5663670767608884,TIME_LIMIT,52566,0,0,22,0
4,12,627379.0,-3.988703065859519,-3.5663670767608884,TIME_LIMIT,52597,0,0,41,0
4,12,627871.0,-3.9886735487380856,-3.5663670767608884,TIME_LIMIT,52648,0,0,33,0
4,12,628394.0,-3.9886735487380856,-3.5663670767608884,TIME_LIMIT,52686,0,0,36,0
4,12,628872.0,-3.9886292593761565,-3.5663670767608884,TIME_LIMIT,52734,0,0,28,0
4,12,629387.0,-3.9886292593761565,-3.5663670767608884,TIME_LIMIT,52774,0,0,24,0
4,12,629898.0,-3.988622273113017,-3.5663670767608884,TIME_LIMIT,52816,0,0,37,0
4,12,630392.0,-3.988622273113017,-3.5663670767608884,TIME_LIMIT,52851,0,0,24,0
4,12,630886.0,-3.988622273113017,-3.5663670767608884,TIME_LIMIT,52902,0,0,29,0
4,12,631386.0,-3.988622273113017,-3.5663670767608884,TIME_LIMIT,52941,0,0,33,0
4,12,631874.0,-3.9884863485263944,-3.5663670767608884,TIME_LIMIT,52984,0,0,33,0
4,12,632366.0,-3.9884863485263944,-3.5663670767608884,TIME_LIMIT,53017,0,0,36,0
4,12,632877.0,-3.9884863485263944,-3.5663670767608884,TIME_LIMIT,53063,0,0,32,0
4,12,633368.0,-3.9884863485263944,-3.5663670767608884,TIME_LIMIT,53082,0,0,38,0
4,12,633878.0,-3.9884863485263944,-3.5663670767608884,TIME_LIMIT,53138,0,0,38,0
4,12,634392.0,-3.9884863485263944,-3.5663670767608884,TIME_LIMIT,53169,0,0,33,0
4,12,634890.0,-3.9884863485263944,-3.5663670767608884,TIME_LIMIT,53226,0,0,37,0
4,12,635368.0,-3.9884863485263944,-3.5663670767608884,TIME_LIMIT,53253,0,0,41,0
4,12,635865.0,-3.9884697950502486,-3.5663670767608884,TIME_LIMIT,53302,0,0,28,0
4,12,636342.0,-3.9884697950502486,-3.5663670767608884,TIME_LIMIT,53324,0,0,36,0
4,12,636834.0,-3.988466082074081,-3.5663670767608884,TIME_LIMIT,53378,0,0,34,0
4,12,637332.0,-3.988466082074081,-3.5663670767608884,TIME_LIMIT,53401,0,0,47,0
4,12,637824.0,-3.988466082074081,-3.5663670767608884,TIME_LIMIT,53450,0,0,32,0
4,12,638301.0,-3.988466082074081,-3.5663670767608884,TIME_LIMIT,53476,0,0,41,0
4,12,638809.0,-3.9883882386124716,-3.5663670767608884,TIME_LIMIT,53528,0,0,13,0
4,12,639300.0,-3.9883882386124716,-3.5663670767608884,TIME_LIMIT,53557,0,0,29,0
4,12,639791.0,-3.9883882386124716,-3.5663670767608884,TIME_LIMIT,53609,0,0,34,0
4,12,640300.0,-3.9883882386124716,-3.5663670767608884,TIME_LIMIT,53651,0,0,40,0
4,12,640777.0,-3.9883882386124716,-3.5663670767608884,TIME_LIMIT,53691,0,0,41,0
4,12,641255.0,-3.9883882386124716,-3.5663670767608884,TIME_LIMIT,53721,0,0,45,0
4,12,641751.0,-3.9882346940569895,-3.5663670767608884,TIME_LIMIT,53767,0,0,28,0
4,12,642227.0,-3.9882346940569895,-3.5663670767608884,TIME_LIMIT,53801,0,0,29,0
4,12,642704.0,-3.9881336365907205,-3.5663670767608884,TIME_LIMIT,53840,0,0,37,0
4,12,643177.0,-3.9881336365907205,-3.5663670767608884,TIME_LIMIT,53872,0,0,33,0
4,12,643687.0,-3.9881226278221584,-3.5663670767608884,TIME_LIMIT,53920,0,0,31,0
4,12,644165.0,-3.9881226278221584,-3.5663670767608884,TIME_LIMIT,53949,0,0,23,0
4,12,644641.0,-3.9881226278221584,-3.5663670767608884,TIME_LIMIT,54005,0,0,30,0
4,12,645135.0,-3.9881226278221584,-3.5663670767608884,TIME_LIMIT,54044,0,0,31,0
4,12,645612.0,-3.9881218800482157,-3.5663670767608884,TIME_LIMIT,54097,0,0,34,0
4,12,646087.0,-3.9881218800482157,-3.5663670767608884,TIME_LIMIT,54122,0,0,54,0
4,12,646607.0,-3.9881218800482157,-3.5663670767608884,TIME_LIMIT,54177,0,0,36,0
4,12,647086.0,-3.9881218800482157,-3.5663670767608884,TIME_LIMIT,54202,0,0,43,0
4,12,647561.0,-3.988076611705685,-3.5663670767608884,TIME_LIMIT,54258,0,0,33,0
4,12,648059.0,-3.988076611705685,-3.5663670767608884,TIME_LIMIT,54290,0,0,29,0
4,12,648536.0,-3.9879695915962237,-3.5663670767608884,TIME_LIMIT,54341,0,0,29,0
4,12,649012.0,-3.9879695915962237,-3.5663670767608884,TIME_LIMIT,54373,0,0,29,0
4,12,649511.0,-3.9877149026029195,-3.5663670767608884,TIME_LIMIT,54427,0,0,34,0
4,12,650011.0,-3.9877149026029195,-3.5663670767608884,TIME_LIMIT,54453,0,0,42,0
4,12,650490.0,-3.9876986070487703,-3.5663670767608884,TIME_LIMIT,54508,0,0,18,0
4,12,650998.0,-3.9876986070487703,-3.5663670767608884,TIME_LIMIT,54539,0,0,39,0
4,12,651474.0,-3.987531381255341,-3.5663670767608884,TIME_LIMIT,54586,0,0,31,0
4,12,651967.0,-3.987531381255341,-3.5663670767608884,TIME_LIMIT,54625,0,0,37,0
4,12,652467.0,-3.987529213145779,-3.5663670767608884,TIME_LIMIT,54677,0,0,31,0
4,12,652942.0,-3.987529213145779,-3.5663670767608884,TIME_LIMIT,54702,0,0,33,0
4,12,653419.0,-3.9874629419083343,-3.5663670767608884,TIME_LIMIT,54754,0,0,31,0
4,12,653915.0,-3.9874629419083343,-3.5663670767608884,TIME_LIMIT,54777,0,0,29,0
4,12,654389.0,-3.987416560364429,-3.5663670767608884,TIME_LIMIT,54821,0,0,30,0
4,12,654865.0,-3.987416560364429,-3.5663670767608884,TIME_LIMIT,54849,0,0,34,0
4,12,655340.0,-3.987416560364429,-3.5663670767608884,TIME_LIMIT,54897,0,0,30,0
4,12,655835.0,-3.987416560364429,-3.5663670767608884,TIME_LIMIT,54923,0,0,36,0
4,12,656312.0,-3.987416560364429,-3.5663670767608884,TIME_LIMIT,54977,0,0,23,0
4,12,656789.0,-3.987416560364429,-3.5663670767608884,TIME_LIMIT,55009,0,0,28,0
4,12,657287.0,-3.987416560364429,-3.5663670767608884,TIME_LIMIT,55057,0,0,32,0
4,12,657764.0,-3.987416560364429,-3.5663670767608884,TIME_LIMIT,55086,0,0,40,0
4,12,658239.0,-3.987295092568061,-3.5663670767608884,TIME_LIMIT,55139,0,0,30,0
4,12,658751.0,-3.987295092568061,-3.5663670767608884,TIME_LIMIT,55173,0,0,45,0
4,12,659230.0,-3.987295092568061,-3.5663670767608884,TIME_LIMIT,55226,0,0,34,0
4,12,659731.0,-3.987295092568061,-3.5663670767608884,TIME_LIMIT,55247,0,0,46,0
4,12,660226.0,-3.9872821556809153,-3.5663670767608884,TIME_LIMIT,55295,0,0,34,0
4,12,660704.0,-3.9872821556809153,-3.5663670767608884,TIME_LIMIT,55329,0,0,21,0
4,12,661181.0,-3.9872821556809153,-3.5663670767608884,TIME_LIMIT,55374,0,0,31,0
4,12,661697.0,-3.9872821556809153,-3.5663670767608884,TIME_LIMIT,55413,0,0,33,0
4,12,662171.0,-3.9872821556809153,-3.5663670767608884,TIME_LIMIT,55450,0,0,26,0
4,12,662665.0,-3.9872821556809153,-3.5663670767608884,TIME_LIMIT,55487,0,0,37,0
4,12,663161.0,-3.987177531539165,-3.5663670767608884,TIME_LIMIT,55546,0,0,37,0
4,12,663637.0,-3.987177531539165,-3.5663670767608884,TIME_LIMIT,55579,0,0,32,0
4,12,664113.0,-3.9869393260743142,-3.5663670767608884,TIME_LIMIT,55632,0,0,31,0
4,12,664588.0,-3.9869393260743142,-3.5663670767608884,TIME_LIMIT,55660,0,0,35,0
4,12,665085.0,-3.9869042453171493,-3.5663670767608884,TIME_LIMIT,55708,0,0,30,0
4,12,665565.0,-3.9869042453171493,-3.5663670767608884,TIME_LIMIT,55743,0,0,29,0
4,12,666055.0,-3.9867730171048987,-3.5663670767608884,TIME_LIMIT,55793,0,0,26,0
4,12,666580.0,-3.9867730171048987,-3.5663670767608884,TIME_LIMIT,55822,0,0,41,0
4,12,667075.0,-3.9867730171048987,-3.5663670767608884,TIME_LIMIT,55864,0,0,29,0
4,12,667564.0,-3.9867730171048987,-3.5663670767608884,TIME_LIMIT,55898,0,0,31,0
4,12,668084.0,-3.9867730171048987,-3.5663670767608884,TIME_LIMIT,55946,0,0,30,0
4,12,668563.0,-3.9867730171048987,-3.5663670767608884,TIME_LIMIT,55975,0,0,27,0
4,12,669038.0,-3.9866677410892217,-3.5663670767608884,TIME_LIMIT,56023,0,0,16,0
4,12,669562.0,-3.9866677410892217,-3.5663670767608884,TIME_LIMIT,56050,0,0,40,0
4,12,670054.0,-3.9866324430042344,-3.5663670767608884,TIME_LIMIT,56103,0,0,36,0
4,12,670531.0,-3.9866324430042344,-3.5663670767608884,TIME_LIMIT,56142,0,0,41,0
4,12,671045.0,-3.9866196199314428,-3.5663670767608884,TIME_LIMIT,56186,0,0,28,0
4,12,671522.0,-3.9866196199314428,-3.5663670767608884,TIME_LIMIT,56232,0,0,33,0
4,12,672003.0,-3.9866196199314428,-3.5663670767608884,TIME_LIMIT,56263,0,0,47,0
4,12,672515.0,-3.9866196199314428,-3.5663670767608884,TIME_LIMIT,56296,0,0,35,0
4,12,673009.0,-3.9863753643568796,-3.5663670767608884,TIME_LIMIT,56349,0,0,36,0
4,12,673488.0,-3.9863753643568796,-3.5663670767608884,TIME_LIMIT,56385,0,0,26,0
4,12,673964.0,-3.9863753643568796,-3.5663670767608884,TIME_LIMIT,56440,0,0,22,0
4,12,674460.0,-3.9863753643568796,-3.5663670767608884,TIME_LIMIT,56472,0,0,38,0
4,12,674939.0,-3.9862508093108753,-3.5663670767608884,TIME_LIMIT,56524,0,0,31,0
4,12,675438.0,-3.9862508093108753,-3.5663670767608884,TIME_LIMIT,56554,0,0,33,0
4,12,675935.0,-3.985995061644897,-3.5663670767608884,TIME_LIMIT,56596,0,0,26,0
4,12,676422.0,-3.985995061644897,-3.5663670767608884,TIME_LIMIT,56628,0,0,33,0
4,12,676916.0,-3.9858534755475525,-3.5663670767608884,TIME_LIMIT,56684,0,0,35,0
4,12,677431.0,-3.9858534755475525,-3.5663670767608884,TIME_LIMIT,56717,0,0,19,0
4,12,677909.0,-3.9857787906159885,-3.5663670767608884,TIME_LIMIT,56774,0,0,36,0
4,12,678403.0,-3.9857787906159885,-3.5663670767608884,TIME_LIMIT,56799,0,0,40,0
4,12,678899.0,-3.9857787906159885,-3.5663670767608884,TIME_LIMIT,56850,0,0,30,0
4,12,679374.0,-3.9857787906159885,-3.5663670767608884,TIME_LIMIT,56877,0,0,35,0
4,12,679854.0,-3.985734621492102,-3.5663670767608884,TIME_LIMIT,56935,0,0,20,0
4,12,680393.0,-3.985734621492102,-3.5663670767608884,TIME_LIMIT,56972,0,0,36,0
4,12,680885.0,-3.985653892323481,-3.5663670767608884,TIME_LIMIT,57023,0,0,30,0
4,12,681379.0,-3.985653892323481,-3.5663670767608884,TIME_LIMIT,57052,0,0,46,0
4,12,681854.0,-3.985575935097176,-3.5663670767608884,TIME_LIMIT,57100,0,0,29,0
4,12,682367.0,-3.985575935097176,-3.5663670767608884,TIME_LIMIT,57136,0,0,17,0
4,12,682844.0,-3.9853902307582567,-3.5663670767608884,TIME_LIMIT,57185,0,0,33,0
4,12,683320.0,-3.9853902307582567,-3.5663670767608884,TIME_LIMIT,57223,0,0,29,0
4,12,683816.0,-3.985360113886312,-3.5663670767608884,TIME_LIMIT,57267,0,0,23,0
4,12,684310.0,-3.985360113886312,-3.5663670767608884,TIME_LIMIT,57308,0,0,38,0
4,12,684788.0,-3.985316246657539,-3.5663670767608884,TIME_LIMIT,57351,0,0,39,0
4,12,685284.0,-3.985316246657539,-3.5663670767608884,TIME_LIMIT,57383,0,0,35,0
4,12,685761.0,-3.985316246657539,-3.5663670767608884,TIME_LIMIT,57434,0,0,24,0
4,12,686238.0,-3.985316246657539,-3.5663670767608884,TIME_LIMIT,57470,0,0,30,0
4,12,686751.0,-3.985316246657539,-3.5663670767608884,TIME_LIMIT,57523,0,0,33,0
4,12,687227.0,-3.985316246657539,-3.5663670767608884,TIME_LIMIT,57549,0,0,35,0
4,12,687710.0,-3.985256209892393,-3.5663670767608884,TIME_LIMIT,57598,0,0,31,0
4,12,688225.0,-3.985256209892393,-3.5663670767608884,TIME_LIMIT,57627,0,0,44,0
4,12,688700.0,-3.985256209892393,-3.5663670767608884,TIME_LIMIT,57676,0,0,32,0
4,12,689178.0,-3.985256209892393,-3.5663670767608884,TIME_LIMIT,57711,0,0,35,0
4,12,689654.0,-3.985228601319079,-3.5663670767608884,TIME_LIMIT,57761,0,0,30,0
4,12,690153.0,-3.985228601319079,-3.5663670767608884,TIME_LIMIT,57794,0,0,43,0
4,12,690648.0,-3.985071038126736,-3.5663670767608884,TIME_LIMIT,57848,0,0,34,0
4,12,691142.0,-3.985071038126736,-3.5663670767608884,TIME_LIMIT,57889,0,0,31,0
4,12,691638.0,-3.9849169459214853,-3.5663670767608884,TIME_LIMIT,57930,0,0,43,0
4,12,692115.0,-3.9849169459214853,-3.5663670767608884,TIME_LIMIT,57962,0,0,34,0
4,12,692595.0,-3.9848759586608313,-3.5663670767608884,TIME_LIMIT,58016,0,0,34,0
4,12,693104.0,-3.9848759586608313,-3.5663670767608884,TIME_LIMIT,58044,0,0,37,0
4,12,693580.0,-3.9848759586608313,-3.5663670767608884,TIME_LIMIT,58096,0,0,33,0
4,12,694072.0,-3.9848759586608313,-3.5663670767608884,TIME_LIMIT,58117,0,0,42,0
4,12,694587.0,-3.984850730118294,-3.5663670767608884,TIME_LIMIT,58178,0,0,36,0
4,12,695061.0,-3.984850730118294,-3.5663670767608884,TIME_LIMIT,58219,0,0,30,0
4,12,695537.0,-3.984850730118294,-3.5663670767608884,TIME_LIMIT,58264,0,0,29,0
4,12,696028.0,-3.984850730118294,-3.5663670767608884,TIME_LIMIT,58295,0,0,40,0
4,12,696527.0,-3.984844616312332,-3.5663670767608884,TIME_LIMIT,58349,0,0,35,0
4,12,697005.0,-3.984844616312332,-3.5663670767608884,TIME_LIMIT,58384,0,0,38,0
4,12,697484.0,-3.984814397283131,-3.5663670767608884,TIME_LIMIT,58441,0,0,31,0
4,12,697993.0,-3.984814397283131,-3.5663670767608884,TIME_LIMIT,58471,0,0,41,0
4,12,698472.0,-3.984814397283131,-3.5663670767608884,TIME_LIMIT,58521,0,0,32,0
4,12,698946.0,-3.984814397283131,-3.5663670767608884,TIME_LIMIT,58541,0,0,33,0
4,12,699445.0,-3.984721008544056,-3.5663670767608884,TIME_LIMIT,58591,0,0,28,0
4,12,699936.0,-3.984721008544056,-3.5663670767608884,TIME_LIMIT,58624,0,0,33,0
4,12,700412.0,-3.984706061769541,-3.5663670767608884,TIME_LIMIT,58666,0,0,20,0
4,12,700909.0,-3.984706061769541,-3.5663670767608884,TIME_LIMIT,58697,0,0,30,0
4,12,701384.0,-3.984706061769541,-3.5663670767608884,TIME_LIMIT,58746,0,0,29,0
4,12,701863.0,-3.984706061769541,-3.5663670767608884,TIME_LIMIT,58778,0,0,31,0
4,12,702339.0,-3.9845711388084615,-3.5663670767608884,TIME_LIMIT,58831,0,0,32,0
4,12,702839.0,-3.9845711388084615,-3.5663670767608884,TIME_LIMIT,58868,0,0,31,0
4,12,703334.0,-3.984550025881138,-3.5663670767608884,TIME_LIMIT,58915,0,0,44,0
4,12,703829.0,-3.984550025881138,-3.5663670767608884,TIME_LIMIT,58952,0,0,40,0
4,12,704326.0,-3.9845167956785783,-3.5663670767608884,TIME_LIMIT,58991,0,0,29,0
4,12,704802.0,-3.9845167956785783,-3.5663670767608884,TIME_LIMIT,59021,0,0,42,0
4,12,705278.0,-3.9843219871370095,-3.5663670767608884,TIME_LIMIT,59068,0,0,22,0
4,12,705779.0,-3.9843219871370095,-3.5663670767608884,TIME_LIMIT,59102,0,0,20,0
4,12,706280.0,-3.9843219871370095,-3.5663670767608884,TIME_LIMIT,59145,0,0,27,0
4,12,706761.0,-3.9843219871370095,-3.5663670767608884,TIME_LIMIT,59181,0,0,39,0
4,12,707274.0,-3.9842820563525994,-3.5663670767608884,TIME_LIMIT,59228,0,0,31,0
4,12,707769.0,-3.9842820563525994,-3.5663670767608884,TIME_LIMIT,59260,0,0,41,0
4,12,708246.0,-3.9842820563525994,-3.5663670767608884,TIME_LIMIT,59311,0,0,31,0
4,12,708722.0,-3.9842820563525994,-3.5663670767608884,TIME_LIMIT,59336,0,0,42,0
4,12,709217.0,-3.9842207098036764,-3.5663670767608884,TIME_LIMIT,59385,0,0,32,0
4,12,709695.0,-3.9842207098036764,-3.5663670767608884,TIME_LIMIT,59415,0,0,35,0
4,12,710173.0,-3.984033752800579,-3.5663670767608884,TIME_LIMIT,59465,0,0,28,0
4,12,710670.0,-3.984033752800579,-3.5663670767608884,TIME_LIMIT,59499,0,0,30,0
4,12,711148.0,-3.9839245328438695,-3.5663670767608884,TIME_LIMIT,59552,0,0,32,0
4,12,711624.0,-3.9839245328438695,-3.5663670767608884,TIME_LIMIT,59572,0,0,37,0
4,12,712121.0,-3.983718874694156,-3.5663670767608884,TIME_LIMIT,59621,0,0,27,0
4,12,712599.0,-3.983718874694156,-3.5663670767608884,TIME_LIMIT,59649,0,0,40,0
4,12,713076.0,-3.983679400132942,-3.5663670767608884,TIME_LIMIT,59707,0,0,10,0
4,12,713574.0,-3.983679400132942,-3.5663670767608884,TIME_LIMIT,59751,0,0,32,0
4,12,714051.0,-3.9836627335574737,-3.5663670767608884,TIME_LIMIT,59787,0,0,22,0
4,12,714530.0,-3.9836627335574737,-3.5663670767608884,TIME_LIMIT,59820,0,0,41,0
4,12,715007.0,-3.9835887345838437,-3.5663670767608884,TIME_LIMIT,59872,0,0,24,0
4,12,715504.0,-3.9835887345838437,-3.5663670767608884,TIME_LIMIT,59900,0,0,35,0
4,12,715982.0,-3.9835887345838437,-3.5663670767608884,TIME_LIMIT,59952,0,0,30,0
4,12,716458.0,-3.9835887345838437,-3.5663670767608884,TIME_LIMIT,59982,0,0,8,0
4,12,716955.0,-3.983558515824788,-3.5663670767608884,TIME_LIMIT,60032,0,0,34,0
4,12,717434.0,-3.983558515824788,-3.5663670767608884,TIME_LIMIT,60061,0,0,40,0
4,12,717911.0,-3.9835074873245264,-3.5663670767608884,TIME_LIMIT,60112,0,0,29,0
4,12,718409.0,-3.9835074873245264,-3.5663670767608884,TIME_LIMIT,60146,0,0,38,0
4,12,718888.0,-3.9834721418169785,-3.5663670767608884,TIME_LIMIT,60202,0,0,35,0
4,12,719365.0,-3.9834721418169785,-3.5663670767608884,TIME_LIMIT,60229,0,0,36,0
4,12,719841.0,-3.9834721418169785,-3.5663670767608884,TIME_LIMIT,60282,0,0,29,0
4,12,720337.0,-3.9834721418169785,-3.5663670767608884,TIME_LIMIT,60305,0,0,33,0
4,12,720814.0,-3.9834556627895417,-3.5663670767608884,TIME_LIMIT,60357,0,0,28,0
4,12,721291.0,-3.9834556627895417,-3.5663670767608884,TIME_LIMIT,60383,0,0,44,0
4,12,721788.0,-3.9834434897995186,-3.5663670767608884,TIME_LIMIT,60433,0,0,32,0
4,12,722266.0,-3.9834434897995186,-3.5663670767608884,TIME_LIMIT,60457,0,0,44,0
4,12,722744.0,-3.983082593144095,-3.5663670767608884,TIME_LIMIT,60512,0,0,35,0
4,12,723242.0,-3.983082593144095,-3.5663670767608884,TIME_LIMIT,60537,0,0,37,0
4,12,723719.0,-3.9830766148397108,-3.5663670767608884,TIME_LIMIT,60591,0,0,29,0
4,12,724199.0,-3.9830766148397108,-3.5663670767608884,TIME_LIMIT,60623,0,0,50,0
4,12,724697.0,-3.9830766148397108,-3.5663670767608884,TIME_LIMIT,60680,0,0,34,0
4,12,725174.0,-3.9830766148397108,-3.5663670767608884,TIME_LIMIT,60718,0,0,36,0
4,12,725652.0,-3.9830766148397108,-3.5663670767608884,TIME_LIMIT,60763,0,0,29,0
4,12,726144.0,-3.9830766148397108,-3.5663670767608884,TIME_LIMIT,60790,0,0,37,0
4,12,726650.0,-3.982698504180263,-3.5663670767608884,TIME_LIMIT,60841,0,0,30,0
4,12,727129.0,-3.982698504180263,-3.5663670767608884,TIME_LIMIT,60871,0,0,23,0
4,12,727604.0,-3.982692901415046,-3.5663670767608884,TIME_LIMIT,60922,0,0,34,0
4,12,728102.0,-3.982692901415046,-3.5663670767608884,TIME_LIMIT,60956,0,0,38,0
4,12,728580.0,-3.982692901415046,-3.5663670767608884,TIME_LIMIT,60996,0,0,31,0
4,12,729057.0,-3.982692901415046,-3.5663670767608884,TIME_LIMIT,61022,0,0,33,0
4,12,729553.0,-3.982692901415046,-3.5663670767608884,TIME_LIMIT,61063,0,0,29,0
4,12,730030.0,-3.982692901415046,-3.5663670767608884,TIME_LIMIT,61093,0,0,39,0
4,12,730508.0,-3.9822281529359795,-3.5663670767608884,TIME_LIMIT,61146,0,0,21,0
4,12,731014.0,-3.9822281529359795,-3.5663670767608884,TIME_LIMIT,61184,0,0,40,0
4,12,731510.0,-3.9822281529359795,-3.5663670767608884,TIME_LIMIT,61223,0,0,25,0
4,12,731989.0,-3.9822281529359795,-3.5663670767608884,TIME_LIMIT,61246,0,0,40,0
4,12,732464.0,-3.9822281529359795,-3.5663670767608884,TIME_LIMIT,61293,0,0,21,0
4,12,732973.0,-3.9822281529359795,-3.5663670767608884,TIME_LIMIT,61331,0,0,37,0
4,12,733449.0,-3.9822281529359795,-3.5663670767608884,TIME_LIMIT,61378,0,0,21,0
4,12,733926.0,-3.9822281529359795,-3.5663670767608884,TIME_LIMIT,61416,0,0,35,0
4,12,734422.0,-3.9822281529359795,-3.5663670767608884,TIME_LIMIT,61459,0,0,27,0
4,12,734900.0,-3.9822281529359795,-3.5663670767608884,TIME_LIMIT,61490,0,0,30,0
4,12,735380.0,-3.982222523371349,-3.5663670767608884,TIME_LIMIT,61537,0,0,15,0
4,12,735856.0,-3.982222523371349,-3.5663670767608884,TIME_LIMIT,61570,0,0,30,0
4,12,736353.0,-3.9821699059203195,-3.5663670767608884,TIME_LIMIT,61609,0,0,26,0
4,12,736832.0,-3.9821699059203195,-3.5663670767608884,TIME_LIMIT,61642,0,0,41,0
4,12,737307.0,-3.9821699059203195,-3.5663670767608884,TIME_LIMIT,61690,0,0,27,0
4,12,737804.0,-3.9821699059203195,-3.5663670767608884,TIME_LIMIT,61717,0,0,37,0
4,12,738281.0,-3.9821216287461167,-3.5663670767608884,TIME_LIMIT,61769,0,0,38,0
4,12,738758.0,-3.9821216287461167,-3.5663670767608884,TIME_LIMIT,61801,0,0,42,0
4,12,739255.0,-3.9821216287461167,-3.5663670767608884,TIME_LIMIT,61849,0,0,30,0
4,12,739731.0,-3.9821216287461167,-3.5663670767608884,TIME_LIMIT,61883,0,0,34,0
4,12,740209.0,-3.981932846270848,-3.5663670767608884,TIME_LIMIT,61935,0,0,21,0
4,12,740688.0,-3.981932846270848,-3.5663670767608884,TIME_LIMIT,61968,0,0,42,0
4,12,741186.0,-3.9817853387706337,-3.5663670767608884,TIME_LIMIT,62022,0,0,36,0
4,12,741665.0,-3.9817853387706337,-3.5663670767608884,TIME_LIMIT,62050,0,0,37,0
4,12,742142.0,-3.9816265814494303,-3.5663670767608884,TIME_LIMIT,62098,0,0,28,0
4,12,742639.0,-3.9816265814494303,-3.5663670767608884,TIME_LIMIT,62120,0,0,37,0
4,12,743116.0,-3.9815175069802584,-3.5663670767608884,TIME_LIMIT,62170,0,0,29,0
4,12,743592.0,-3.9815175069802584,-3.5663670767608884,TIME_LIMIT,62199,0,0,32,0
4,12,744089.0,-3.9814837625107256,-3.5663670767608884,TIME_LIMIT,62249,0,0,17,0
4,12,744567.0,-3.9814837625107256,-3.5663670767608884,TIME_LIMIT,62278,0,0,48,0
4,12,745045.0,-3.981454334997623,-3.5663670767608884,TIME_LIMIT,62341,0,0,43,0
4,12,745522.0,-3.981454334997623,-3.5663670767608884,TIME_LIMIT,62368,0,0,30,0
4,12,746019.0,-3.981414655264643,-3.5663670767608884,TIME_LIMIT,62417,0,0,32,0
4,12,746498.0,-3.981414655264643,-3.5663670767608884,TIME_LIMIT,62450,0,0,33,0
4,12,746975.0,-3.981414655264643,-3.5663670767608884,TIME_LIMIT,62496,0,0,28,0
4,12,747473.0,-3.981414655264643,-3.5663670767608884,TIME_LIMIT,62527,0,0,36,0
4,12,747951.0,-3.981414655264643,-3.5663670767608884,TIME_LIMIT,62560,0,0,40,0
4,12,748429.0,-3.981414655264643,-3.5663670767608884,TIME_LIMIT,62588,0,0,37,0
4,12,748927.0,-3.9813954706365524,-3.5663670767608884,TIME_LIMIT,62640,0,0,38,0
4,12,749406.0,-3.9813954706365524,-3.5663670767608884,TIME_LIMIT,62678,0,0,17,0
4,12,749885.0,-3.9813954706365524,-3.5663670767608884,TIME_LIMIT,62730,0,0,32,0
4,12,750362.0,-3.9813954706365524,-3.5663670767608884,TIME_LIMIT,62762,0,0,31,0
4,12,750859.0,-3.9812689202939895,-3.5663670767608884,TIME_LIMIT,62818,0,0,33,0
4,12,751337.0,-3.9812689202939895,-3.5663670767608884,TIME_LIMIT,62851,0,0,29,0
4,12,751813.0,-3.9812689202939895,-3.5663670767608884,TIME_LIMIT,62901,0,0,27,0
4,12,752311.0,-3.9812689202939895,-3.5663670767608884,TIME_LIMIT,62933,0,0,36,0
4,12,752788.0,-3.9812187727527713,-3.5663670767608884,TIME_LIMIT,62980,0,0,30,0
4,12,753264.0,-3.9812187727527713,-3.5663670767608884,TIME_LIMIT,63009,0,0,24,0
4,12,753762.0,-3.9811905756011563,-3.5663670767608884,TIME_LIMIT,63058,0,0,27,0
4,12,754242.0,-3.9811905756011563,-3.5663670767608884,TIME_LIMIT,63092,0,0,32,0
4,12,754719.0,-3.9811905756011563,-3.5663670767608884,TIME_LIMIT,63131,0,0,30,0
4,12,755196.0,-3.9811905756011563,-3.5663670767608884,TIME_LIMIT,63166,0,0,31,0
4,12,755692.0,-3.9811905756011563,-3.5663670767608884,TIME_LIMIT,63211,0,0,32,0
4,12,756169.0,-3.9811905756011563,-3.5663670767608884,TIME_LIMIT,63248,0,0,44,0
4,12,756645.0,-3.9811905756011563,-3.5663670767608884,TIME_LIMIT,63299,0,0,32,0
4,12,757141.0,-3.9811905756011563,-3.5663670767608884,TIME_LIMIT,63326,0,0,39,0
4,12,757617.0,-3.981188860091861,-3.5663670767608884,TIME_LIMIT,63378,0,0,33,0
4,12,758093.0,-3.981188860091861,-3.5663670767608884,TIME_LIMIT,63406,0,0,35,0
4,12,758593.0,-3.9810986306035328,-3.5663670767608884,TIME_LIMIT,63458,0,0,33,0
4,12,759069.0,-3.9810986306035328,-3.5663670767608884,TIME_LIMIT,63485,0,0,40,0
4,12,759546.0,-3.98108195056723,-3.5663670767608884,TIME_LIMIT,63540,0,0,32,0
4,12,760022.0,-3.98108195056723,-3.5663670767608884,TIME_LIMIT,63562,0,0,36,0
4,12,760520.0,-3.98108195056723,-3.5663670767608884,TIME_LIMIT,63613,0,0,30,0
4,12,760998.0,-3.98108195056723,-3.5663670767608884,TIME_LIMIT,63645,0,0,39,0
4,12,761474.0,-3.9809615594355954,-3.5663670767608884,TIME_LIMIT,63689,0,0,31,0
4,12,761972.0,-3.9809615594355954,-3.5663670767608884,TIME_LIMIT,63714,0,0,39,0
4,12,762449.0,-3.980917530874557,-3.5663670767608884,TIME_LIMIT,63766,0,0,13,0
4,12,762927.0,-3.980917530874557,-3.5663670767608884,TIME_LIMIT,63793,0,0,38,0
4,12,763407.0,-3.980858510941259,-3.5663670767608884,TIME_LIMIT,63852,0,0,35,0
4,12,763905.0,-3.980858510941259,-3.5663670767608884,TIME_LIMIT,63890,0,0,37,0
4,12,764383.0,-3.980625240756173,-3.5663670767608884,TIME_LIMIT,63923,0,0,39,0
4,12,764860.0,-3.980625240756173,-3.5663670767608884,TIME_LIMIT,63951,0,0,34,0
4,12,765358.0,-3.980601066517589,-3.5663670767608884,TIME_LIMIT,64002,0,0,17,0
4,12,765836.0,-3.980601066517589,-3.5663670767608884,TIME_LIMIT,64036,0,0,39,0
4,12,766313.0,-3.9805214400661546,-3.5663670767608884,TIME_LIMIT,64088,0,0,31,0
4,12,766811.0,-3.9805214400661546,-3.5663670767608884,TIME_LIMIT,64126,0,0,36,0
4,12,767289.0,-3.980466916767898,-3.5663670767608884,TIME_LIMIT,64182,0,0,31,0
4,12,767766.0,-3.980466916767898,-3.5663670767608884,TIME_LIMIT,64217,0,0,22,0
4,12,768244.0,-3.9804517266589814,-3.5663670767608884,TIME_LIMIT,64250,0,0,32,0
4,12,768743.0,-3.9804517266589814,-3.5663670767608884,TIME_LIMIT,64275,0,0,39,0
4,12,769221.0,-3.9804131400386593,-3.5663670767608884,TIME_LIMIT,64329,0,0,32,0
4,12,769699.0,-3.9804131400386593,-3.5663670767608884,TIME_LIMIT,64362,0,0,35,0
4,12,770198.0,-3.980388660291524,-3.5663670767608884,TIME_LIMIT,64407,0,0,29,0
4,12,770675.0,-3.980388660291524,-3.5663670767608884,TIME_LIMIT,64440,0,0,30,0
4,12,771153.0,-3.980388660291524,-3.5663670767608884,TIME_LIMIT,64486,0,0,24,0
4,12,771630.0,-3.980388660291524,-3.5663670767608884,TIME_LIMIT,64521,0,0,38,0
4,12,772128.0,-3.980388660291524,-3.5663670767608884,TIME_LIMIT,64571,0,0,22,0
4,12,772606.0,-3.980388660291524,-3.5663670767608884,TIME_LIMIT,64610,0,0,45,0
4,12,773082.0,-3.980388660291524,-3.5663670767608884,TIME_LIMIT,64657,0,0,33,0
4,12,773580.0,-3.980388660291524,-3.5663670767608884,TIME_LIMIT,64688,0,0,37,0
4,12,774059.0,-3.9803453753581826,-3.5663670767608884,TIME_LIMIT,64736,0,0,32,0
4,12,774536.0,-3.9803453753581826,-3.5663670767608884,TIME_LIMIT,64765,0,0,48,0
4,12,775034.0,-3.98028940348004,-3.5663670767608884,TIME_LIMIT,64818,0,0,36,0
4,12,775511.0,-3.98028940348004,-3.5663670767608884,TIME_LIMIT,64842,0,0,49,0
4,12,775989.0,-3.98028940348004,-3.5663670767608884,TIME_LIMIT,64889,0,0,30,0
4,12,776465.0,-3.98028940348004,-3.5663670767608884,TIME_LIMIT,64914,0,0,39,0
4,12,776965.0,-3.980239177826996,-3.5663670767608884,TIME_LIMIT,64965,0,0,28,0
4,12,777465.0,-3.980239177826996,-3.5663670767608884,TIME_LIMIT,64993,0,0,53,0
4,12,777943.0,-3.980119459125008,-3.5663670767608884,TIME_LIMIT,65046,0,0,33,0
4,12,778441.0,-3.980119459125008,-3.5663670767608884,TIME_LIMIT,65076,0,0,42,0
4,12,778918.0,-3.980119459125008,-3.5663670767608884,TIME_LIMIT,65127,0,0,30,0
4,12,779397.0,-3.980119459125008,-3.5663670767608884,TIME_LIMIT,65160,0,0,19,0
4,12,779873.0,-3.979953731642276,-3.5663670767608884,TIME_LIMIT,65215,0,0,28,0
4,12,780371.0,-3.979953731642276,-3.5663670767608884,TIME_LIMIT,65237,0,0,19,0
4,12,780851.0,-3.9799358575875354,-3.5663670767608884,TIME_LIMIT,65291,0,0,33,0
4,12,781329.0,-3.9799358575875354,-3.5663670767608884,TIME_LIMIT,65326,0,0,34,0
4,12,781855.0,-3.979900420465303,-3.5663670767608884,TIME_LIMIT,65373,0,0,26,0
4,12,782332.0,-3.979900420465303,-3.5663670767608884,TIME_LIMIT,65400,0,0,29,0
4,12,782809.0,-3.979470625686002,-3.5663670767608884,TIME_LIMIT,65448,0,0,30,0
4,12,783287.0,-3.979470625686002,-3.5663670767608884,TIME_LIMIT,65486,0,0,36,0
4,12,783785.0,-3.979400729744436,-3.5663670767608884,TIME_LIMIT,65536,0,0,35,0
4,12,784260.0,-3.979400729744436,-3.5663670767608884,TIME_LIMIT,65564,0,0,36,0
4,12,784736.0,-3.979400729744436,-3.5663670767608884,TIME_LIMIT,65618,0,0,34,0
4,12,785233.0,-3.979400729744436,-3.5663670767608884,TIME_LIMIT,65649,0,0,42,0
4,12,785712.0,-3.9792907253535166,-3.5663670767608884,TIME_LIMIT,65706,0,0,37,0
4,12,786188.0,-3.9792907253535166,-3.5663670767608884,TIME_LIMIT,65733,0,0,32,0
4,12,786688.0,-3.9792751334330796,-3.5663670767608884,TIME_LIMIT,65782,0,0,34,0
4,12,787162.0,-3.9792751334330796,-3.5663670767608884,TIME_LIMIT,65809,0,0,36,0
4,12,787639.0,-3.9792751334330796,-3.5663670767608884,TIME_LIMIT,65859,0,0,28,0
4,12,788115.0,-3.9792751334330796,-3.5663670767608884,TIME_LIMIT,65887,0,0,36,0
4,12,788612.0,-3.9792292962416083,-3.5663670767608884,TIME_LIMIT,65935,0,0,28,0
4,12,789089.0,-3.9792292962416083,-3.5663670767608884,TIME_LIMIT,65968,0,0,23,0
4,12,789566.0,-3.9792292962416083,-3.5663670767608884,TIME_LIMIT,66011,0,0,32,0
4,12,790063.0,-3.9792292962416083,-3.5663670767608884,TIME_LIMIT,66043,0,0,33,0
4,12,790541.0,-3.9792109700552025,-3.5663670767608884,TIME_LIMIT,66077,0,0,38,0
4,12,791018.0,-3.9792109700552025,-3.5663670767608884,TIME_LIMIT,66103,0,0,36,0
4,12,791493.0,-3.9790694448170356,-3.5663670767608884,TIME_LIMIT,66160,0,0,32,0
4,12,791991.0,-3.9790694448170356,-3.5663670767608884,TIME_LIMIT,66183,0,0,37,0
4,12,792468.0,-3.979022603182795,-3.5663670767608884,TIME_LIMIT,66236,0,0,36,0
4,12,792945.0,-3.979022603182795,-3.5663670767608884,TIME_LIMIT,66266,0,0,52,0
4,12,793442.0,-3.979022603182795,-3.5663670767608884,TIME_LIMIT,66316,0,0,18,0
4,12,793919.0,-3.979022603182795,-3.5663670767608884,TIME_LIMIT,66357,0,0,36,0
4,12,794397.0,-3.978891895362962,-3.5663670767608884,TIME_LIMIT,66397,0,0,40,0
4,12,794873.0,-3.978891895362962,-3.5663670767608884,TIME_LIMIT,66428,0,0,31,0
4,12,795371.0,-3.9788224206330227,-3.5663670767608884,TIME_LIMIT,66475,0,0,31,0
4,12,795850.0,-3.9788224206330227,-3.5663670767608884,TIME_LIMIT,66509,0,0,45,0
4,12,796326.0,-3.9787798791395868,-3.5663670767608884,TIME_LIMIT,66553,0,0,18,0
4,12,796823.0,-3.9787798791395868,-3.5663670767608884,TIME_LIMIT,66587,0,0,32,0
4,12,797301.0,-3.9787798791395868,-3.5663670767608884,TIME_LIMIT,66645,0,0,37,0
4,12,797778.0,-3.9787798791395868,-3.5663670767608884,TIME_LIMIT,66675,0,0,23,0
4,12,798255.0,-3.9784947542460705,-3.5663670767608884,TIME_LIMIT,66725,0,0,28,0
4,12,798752.0,-3.9784947542460705,-3.5663670767608884,TIME_LIMIT,66766,0,0,36,0
4,12,799231.0,-3.978415921695507,-3.5663670767608884,TIME_LIMIT,66810,0,0,29,0
4,12,799707.0,-3.978415921695507,-3.5663670767608884,TIME_LIMIT,66841,0,0,40,0
4,12,800204.0,-3.978410917946443,-3.5663670767608884,TIME_LIMIT,66896,0,0,33,0
4,12,800682.0,-3.978410917946443,-3.5663670767608884,TIME_LIMIT,66927,0,0,35,0
4,12,801161.0,-3.978410917946443,-3.5663670767608884,TIME_LIMIT,66979,0,0,24,0
4,12,801638.0,-3.978410917946443,-3.5663670767608884,TIME_LIMIT,67010,0,0,14,0
4,12,802136.0,-3.978388177241719,-3.5663670767608884,TIME_LIMIT,67061,0,0,33,0
4,12,802614.0,-3.978388177241719,-3.5663670767608884,TIME_LIMIT,67098,0,0,42,0
4,12,803090.0,-3.978388177241719,-3.5663670767608884,TIME_LIMIT,67146,0,0,30,0
4,12,803587.0,-3.978388177241719,-3.5663670767608884,TIME_LIMIT,67182,0,0,46,0
4,12,804064.0,-3.978325837305972,-3.5663670767608884,TIME_LIMIT,67234,0,0,33,0
4,12,804544.0,-3.978325837305972,-3.5663670767608884,TIME_LIMIT,67269,0,0,35,0
4,12,805045.0,-3.978325837305972,-3.5663670767608884,TIME_LIMIT,67321,0,0,28,0
4,12,805523.0,-3.978325837305972,-3.5663670767608884,TIME_LIMIT,67350,0,0,36,0
4,12,806001.0,-3.97826952716757,-3.5663670767608884,TIME_LIMIT,67402,0,0,28,0
4,12,806477.0,-3.97826952716757,-3.5663670767608884,TIME_LIMIT,67430,0,0,39,0
4,12,806975.0,-3.978243241381563,-3.5663670767608884,TIME_LIMIT,67482,0,0,33,0
4,12,807453.0,-3.978243241381563,-3.5663670767608884,TIME_LIMIT,67508,0,0,42,0
4,12,807931.0,-3.978236657767036,-3.5663670767608884,TIME_LIMIT,67563,0,0,33,0
4,12,808427.0,-3.978236657767036,-3.5663670767608884,TIME_LIMIT,67607,0,0,34,0
4,12,808903.0,-3.978112849588178,-3.5663670767608884,TIME_LIMIT,67642,0,0,35,0
4,12,809382.0,-3.978112849588178,-3.5663670767608884,TIME_LIMIT,67664,0,0,36,0
4,12,809859.0,-3.9779841230489863,-3.5663670767608884,TIME_LIMIT,67717,0,0,29,0
4,12,810357.0,-3.9779841230489863,-3.5663670767608884,TIME_LIMIT,67741,0,0,31,0
4,12,810834.0,-3.9779815865185806,-3.5663670767608884,TIME_LIMIT,67794,0,0,33,0
4,12,811312.0,-3.9779815865185806,-3.5663670767608884,TIME_LIMIT,67822,0,0,39,0
4,12,811809.0,-3.9779318793454728,-3.5663670767608884,TIME_LIMIT,67867,0,0,34,0
4,12,812288.0,-3.9779318793454728,-3.5663670767608884,TIME_LIMIT,67902,0,0,32,0
4,12,812766.0,-3.9779318793454728,-3.5663670767608884,TIME_LIMIT,67941,0,0,28,0
4,12,813244.0,-3.9779318793454728,-3.5663670767608884,TIME_LIMIT,67972,0,0,38,0
4,12,813742.0,-3.9779318793454728,-3.5663670767608884,TIME_LIMIT,68022,0,0,31,0
4,12,814223.0,-3.9779318793454728,-3.5663670767608884,TIME_LIMIT,68059,0,0,41,0
4,12,814700.0,-3.9779318793454728,-3.5663670767608884,TIME_LIMIT,68111,0,0,33,0
4,12,815198.0,-3.9779318793454728,-3.5663670767608884,TIME_LIMIT,68146,0,0,32,0
4,12,815676.0,-3.9779318793454728,-3.5663670767608884,TIME_LIMIT,68198,0,0,35,0
4,12,816154.0,-3.9779318793454728,-3.5663670767608884,TIME_LIMIT,68237,0,0,35,0
4,12,816630.0,-3.977928692424796,-3.5663670767608884,TIME_LIMIT,68286,0,0,23,0
4,12,817128.0,-3.977928692424796,-3.5663670767608884,TIME_LIMIT,68323,0,0,36,0
4,12,817606.0,-3.977928692424796,-3.5663670767608884,TIME_LIMIT,68368,0,0,32,0
4,12,818083.0,-3.977928692424796,-3.5663670767608884,TIME_LIMIT,68391,0,0,34,0
4,12,818561.0,-3.977928692424796,-3.5663670767608884,TIME_LIMIT,68441,0,0,34,0
4,12,819059.0,-3.977928692424796,-3.5663670767608884,TIME_LIMIT,68468,0,0,40,0
4,12,819536.0,-3.977884579575981,-3.5663670767608884,TIME_LIMIT,68518,0,0,28,0
4,12,820014.0,-3.977884579575981,-3.5663670767608884,TIME_LIMIT,68540,0,0,33,0
4,12,820512.0,-3.9777565416645664,-3.5663670767608884,TIME_LIMIT,68598,0,0,34,0
4,12,820988.0,-3.9777565416645664,-3.5663670767608884,TIME_LIMIT,68625,0,0,37,0
4,12,821466.0,-3.977734230562974,-3.5663670767608884,TIME_LIMIT,68671,0,0,24,0
4,12,821941.0,-3.977734230562974,-3.5663670767608884,TIME_LIMIT,68698,0,0,30,0
4,12,822439.0,-3.9775318178854695,-3.5663670767608884,TIME_LIMIT,68749,0,0,30,0
4,12,822921.0,-3.9775318178854695,-3.5663670767608884,TIME_LIMIT,68778,0,0,31,0
4,12,823399.0,-3.9775304118348656,-3.5663670767608884,TIME_LIMIT,68829,0,0,29,0
4,12,823898.0,-3.9775304118348656,-3.5663670767608884,TIME_LIMIT,68856,0,0,37,0
4,12,824376.0,-3.977527576303773,-3.5663670767608884,TIME_LIMIT,68901,0,0,30,0
4,12,824855.0,-3.977527576303773,-3.5663670767608884,TIME_LIMIT,68939,0,0,36,0
4,12,825333.0,-3.9774905756785266,-3.5663670767608884,TIME_LIMIT,68980,0,0,29,0
4,12,825830.0,-3.9774905756785266,-3.5663670767608884,TIME_LIMIT,69014,0,0,31,0
4,12,826309.0,-3.977366509562648,-3.5663670767608884,TIME_LIMIT,69060,0,0,35,0
4,12,826785.0,-3.977366509562648,-3.5663670767608884,TIME_LIMIT,69087,0,0,25,0
4,12,827281.0,-3.977282019106412,-3.5663670767608884,TIME_LIMIT,69138,0,0,25,0
4,12,827758.0,-3.977282019106412,-3.5663670767608884,TIME_LIMIT,69163,0,0,36,0
4,12,828260.0,-3.9772249986760864,-3.5663670767608884,TIME_LIMIT,69204,0,0,32,0
4,12,828735.0,-3.9772249986760864,-3.5663670767608884,TIME_LIMIT,69237,0,0,35,0
4,12,829233.0,-3.9771525966733616,-3.5663670767608884,TIME_LIMIT,69279,0,0,29,0
4,12,829712.0,-3.9771525966733616,-3.5663670767608884,TIME_LIMIT,69314,0,0,44,0
4,12,830189.0,-3.9771525966733616,-3.5663670767608884,TIME_LIMIT,69367,0,0,29,0
4,12,830687.0,-3.9771525966733616,-3.5663670767608884,TIME_LIMIT,69395,0,0,40,0
4,12,831165.0,-3.97706330254186,-3.5663670767608884,TIME_LIMIT,69443,0,0,35,0
4,12,831644.0,-3.97706330254186,-3.5663670767608884,TIME_LIMIT,69484,0,0,34,0
4,12,832119.0,-3.9770486715702695,-3.5663670767608884,TIME_LIMIT,69526,0,0,30,0
4,12,832646.0,-3.9770486715702695,-3.5663670767608884,TIME_LIMIT,69548,0,0,37,0
4,12,833123.0,-3.9770486715702695,-3.5663670767608884,TIME_LIMIT,69596,0,0,29,0
4,12,833600.0,-3.9770486715702695,-3.5663670767608884,TIME_LIMIT,69619,0,0,34,0
4,12,834097.0,-3.9770486715702695,-3.5663670767608884,TIME_LIMIT,69667,0,0,29,0
4,12,834573.0,-3.9770486715702695,-3.5663670767608884,TIME_LIMIT,69696,0,0,17,0
4,12,835050.0,-3.976989346198238,-3.5663670767608884,TIME_LIMIT,69742,0,0,28,0
4,12,835525.0,-3.976989346198238,-3.5663670767608884,TIME_LIMIT,69765,0,0,36,0
4,12,836023.0,-3.976950921461054,-3.5663670767608884,TIME_LIMIT,69818,0,0,34,0
4,12,836505.0,-3.976950921461054,-3.5663670767608884,TIME_LIMIT,69856,0,0,32,0
4,12,836983.0,-3.976950921461054,-3.5663670767608884,TIME_LIMIT,69910,0,0,35,0
4,12,837462.0,-3.976950921461054,-3.5663670767608884,TIME_LIMIT,69943,0,0,36,0
4,12,837961.0,-3.9769315125894846,-3.5663670767608884,TIME_LIMIT,69991,0,0,32,0
4,12,838440.0,-3.9769315125894846,-3.5663670767608884,TIME_LIMIT,70012,0,0,34,0
4,12,838918.0,-3.976828098813106,-3.5663670767608884,TIME_LIMIT,70065,0,0,36,0
4,12,839417.0,-3.976828098813106,-3.5663670767608884,TIME_LIMIT,70098,0,0,48,0
4,12,839895.0,-3.976763784147961,-3.5663670767608884,TIME_LIMIT,70152,0,0,36,0
4,12,840374.0,-3.976763784147961,-3.5663670767608884,TIME_LIMIT,70172,0,0,41,0
4,12,840851.0,-3.976763784147961,-3.5663670767608884,TIME_LIMIT,70222,0,0,34,0
4,12,841352.0,-3.976763784147961,-3.5663670767608884,TIME_LIMIT,70254,0,0,46,0
4,12,841829.0,-3.976746588098124,-3.5663670767608884,TIME_LIMIT,70310,0,0,32,0
4,12,842306.0,-3.976746588098124,-3.5663670767608884,TIME_LIMIT,70343,0,0,26,0
4,12,842805.0,-3.976746588098124,-3.5663670767608884,TIME_LIMIT,70384,0,0,19,0
4,12,843282.0,-3.976746588098124,-3.5663670767608884,TIME_LIMIT,70416,0,0,34,0
4,12,843760.0,-3.976746588098124,-3.5663670767608884,TIME_LIMIT,70467,0,0,33,0
4,12,844235.0,-3.976746588098124,-3.5663670767608884,TIME_LIMIT,70490,0,0,33,0
4,12,844732.0,-3.976619083887702,-3.5663670767608884,TIME_LIMIT,70548,0,0,36,0
4,12,845211.0,-3.976619083887702,-3.5663670767608884,TIME_LIMIT,70574,0,0,46,0
4,12,845688.0,-3.976609226329086,-3.5663670767608884,TIME_LIMIT,70624,0,0,36,0
4,12,846188.0,-3.976609226329086,-3.5663670767608884,TIME_LIMIT,70668,0,0,38,0
4,12,846667.0,-3.976600091230697,-3.5663670767608884,TIME_LIMIT,70701,0,0,31,0
4,12,847146.0,-3.976600091230697,-3.5663670767608884,TIME_LIMIT,70740,0,0,25,0
4,12,847622.0,-3.976600091230697,-3.5663670767608884,TIME_LIMIT,70784,0,0,31,0
4,12,848120.0,-3.976600091230697,-3.5663670767608884,TIME_LIMIT,70814,0,0,40,0
4,12,848598.0,-3.976600091230697,-3.5663670767608884,TIME_LIMIT,70855,0,0,28,0
4,12,849076.0,-3.976600091230697,-3.5663670767608884,TIME_LIMIT,70892,0,0,40,0
4,12,849553.0,-3.9765424069185644,-3.5663670767608884,TIME_LIMIT,70943,0,0,31,0
4,12,850051.0,-3.9765424069185644,-3.5663670767608884,TIME_LIMIT,70979,0,0,33,0
4,12,850530.0,-3.9765219283775957,-3.5663670767608884,TIME_LIMIT,71033,0,0,20,0
4,12,851009.0,-3.9765219283775957,-3.5663670767608884,TIME_LIMIT,71068,0,0,33,0
4,12,851509.0,-3.9763785581699125,-3.5663670767608884,TIME_LIMIT,71120,0,0,31,0
4,12,851988.0,-3.9763785581699125,-3.5663670767608884,TIME_LIMIT,71149,0,0,16,0
4,12,852468.0,-3.9763651414488557,-3.5663670767608884,TIME_LIMIT,71199,0,0,28,0
4,12,852945.0,-3.9763651414488557,-3.5663670767608884,TIME_LIMIT,71231,0,0,32,0
4,12,853441.0,-3.976361857685176,-3.5663670767608884,TIME_LIMIT,71275,0,0,27,0
4,12,853919.0,-3.976361857685176,-3.5663670767608884,TIME_LIMIT,71315,0,0,29,0
4,12,854397.0,-3.9762864518322294,-3.5663670767608884,TIME_LIMIT,71347,0,0,30,0
4,12,854896.0,-3.9762864518322294,-3.5663670767608884,TIME_LIMIT,71382,0,0,34,0
4,12,855372.0,-3.976275982964746,-3.5663670767608884,TIME_LIMIT,71426,0,0,26,0
4,12,855852.0,-3.976275982964746,-3.5663670767608884,TIME_LIMIT,71462,0,0,37,0
4,12,856328.0,-3.976275982964746,-3.5663670767608884,TIME_LIMIT,71505,0,0,26,0
4,12,856826.0,-3.976275982964746,-3.5663670767608884,TIME_LIMIT,71526,0,0,35,0
4,12,857303.0,-3.976275982964746,-3.5663670767608884,TIME_LIMIT,71575,0,0,7,0
4,12,857781.0,-3.976275982964746,-3.5663670767608884,TIME_LIMIT,71617,0,0,37,0
4,12,858259.0,-3.976275982964746,-3.5663670767608884,TIME_LIMIT,71660,0,0,26,0
4,12,858756.0,-3.976275982964746,-3.5663670767608884,TIME_LIMIT,71705,0,0,32,0
4,12,859233.0,-3.9762547665019548,-3.5663670767608884,TIME_LIMIT,71741,0,0,37,0
4,12,859709.0,-3.9762547665019548,-3.5663670767608884,TIME_LIMIT,71772,0,0,34,0
4,12,860209.0,-3.9762379368875873,-3.5663670767608884,TIME_LIMIT,71823,0,0,27,0
4,12,860684.0,-3.9762379368875873,-3.5663670767608884,TIME_LIMIT,71854,0,0,46,0
4,12,861165.0,-3.976156977929147,-3.5663670767608884,TIME_LIMIT,71904,0,0,29,0
4,12,861642.0,-3.976156977929147,-3.5663670767608884,TIME_LIMIT,71944,0,0,41,0
4,12,862138.0,-3.9761556770774895,-3.5663670767608884,TIME_LIMIT,71981,0,0,30,0
4,12,862615.0,-3.9761556770774895,-3.5663670767608884,TIME_LIMIT,72013,0,0,34,0
4,12,863094.0,-3.976095137531543,-3.5663670767608884,TIME_LIMIT,72059,0,0,30,0
4,12,863570.0,-3.976095137531543,-3.5663670767608884,TIME_LIMIT,72088,0,0,45,0
4,12,864068.0,-3.976091218494934,-3.5663670767608884,TIME_LIMIT,72139,0,0,35,0
4,12,864545.0,-3.976091218494934,-3.5663670767608884,TIME_LIMIT,72174,0,0,41,0
4,12,865027.0,-3.976086412737354,-3.5663670767608884,TIME_LIMIT,72208,0,0,40,0
4,12,865526.0,-3.976086412737354,-3.5663670767608884,TIME_LIMIT,72242,0,0,23,0
4,12,866002.0,-3.976086412737354,-3.5663670767608884,TIME_LIMIT,72297,0,0,18,0
4,12,866482.0,-3.976086412737354,-3.5663670767608884,TIME_LIMIT,72331,0,0,32,0
4,12,866958.0,-3.976086412737354,-3.5663670767608884,TIME_LIMIT,72362,0,0,35,0
4,12,867456.0,-3.976086412737354,-3.5663670767608884,TIME_LIMIT,72387,0,0,26,0
4,12,867933.0,-3.976056937392204,-3.5663670767608884,TIME_LIMIT,72439,0,0,30,0
4,12,868410.0,-3.976056937392204,-3.5663670767608884,TIME_LIMIT,72467,0,0,41,0
4,12,868886.0,-3.9760164941740443,-3.5663670767608884,TIME_LIMIT,72518,0,0,30,0
4,12,869385.0,-3.9760164941740443,-3.5663670767608884,TIME_LIMIT,72562,0,0,33,0
4,12,869865.0,-3.9760164941740443,-3.5663670767608884,TIME_LIMIT,72607,0,0,20,0
4,12,870342.0,-3.9760164941740443,-3.5663670767608884,TIME_LIMIT,72643,0,0,26,0
4,12,870840.0,-3.9760164941740443,-3.5663670767608884,TIME_LIMIT,72692,0,0,28,0
4,12,871317.0,-3.9760164941740443,-3.5663670767608884,TIME_LIMIT,72730,0,0,17,0
4,12,871796.0,-3.975969867462659,-3.5663670767608884,TIME_LIMIT,72780,0,0,32,0
4,12,872276.0,-3.975969867462659,-3.5663670767608884,TIME_LIMIT,72802,0,0,41,0
4,12,872773.0,-3.9757483763097756,-3.5663670767608884,TIME_LIMIT,72862,0,0,27,0
4,12,873250.0,-3.9757483763097756,-3.5663670767608884,TIME_LIMIT,72888,0,0,36,0
4,12,873728.0,-3.975697291168242,-3.5663670767608884,TIME_LIMIT,72938,0,0,34,0
4,12,874228.0,-3.975697291168242,-3.5663670767608884,TIME_LIMIT,72964,0,0,38,0
4,12,874706.0,-3.975691576341974,-3.5663670767608884,TIME_LIMIT,73016,0,0,28,0
4,12,875185.0,-3.975691576341974,-3.5663670767608884,TIME_LIMIT,73048,0,0,32,0
4,12,875664.0,-3.975657301469734,-3.5663670767608884,TIME_LIMIT,73091,0,0,30,0
4,12,876163.0,-3.975657301469734,-3.5663670767608884,TIME_LIMIT,73126,0,0,18,0
4,12,876638.0,-3.975657301469734,-3.5663670767608884,TIME_LIMIT,73176,0,0,33,0
4,12,877116.0,-3.975657301469734,-3.5663670767608884,TIME_LIMIT,73222,0,0,27,0
4,12,877595.0,-3.9755917373529606,-3.5663670767608884,TIME_LIMIT,73266,0,0,28,0
4,12,878093.0,-3.9755917373529606,-3.5663670767608884,TIME_LIMIT,73305,0,0,22,0
4,12,878570.0,-3.9755917373529606,-3.5663670767608884,TIME_LIMIT,73352,0,0,30,0
4,12,879074.0,-3.9755917373529606,-3.5663670767608884,TIME_LIMIT,73387,0,0,27,0
4,12,879571.0,-3.9754826883630985,-3.5663670767608884,TIME_LIMIT,73432,0,0,27,0
4,12,880048.0,-3.9754826883630985,-3.5663670767608884,TIME_LIMIT,73466,0,0,36,0
4,12,880527.0,-3.9754826883630985,-3.5663670767608884,TIME_LIMIT,73518,0,0,30,0
4,12,881006.0,-3.9754826883630985,-3.5663670767608884,TIME_LIMIT,73547,0,0,36,0
4,12,881503.0,-3.975441013340404,-3.5663670767608884,TIME_LIMIT,73599,0,0,19,0
4,12,881982.0,-3.975441013340404,-3.5663670767608884,TIME_LIMIT,73632,0,0,37,0
4,12,882462.0,-3.975441013340404,-3.5663670767608884,TIME_LIMIT,73680,0,0,27,0
4,12,882939.0,-3.975441013340404,-3.5663670767608884,TIME_LIMIT,73705,0,0,32,0
4,12,883468.0,-3.975432526554308,-3.5663670767608884,TIME_LIMIT,73751,0,0,19,0
4,12,883947.0,-3.975432526554308,-3.5663670767608884,TIME_LIMIT,73780,0,0,27,0
4,12,884425.0,-3.975432526554308,-3.5663670767608884,TIME_LIMIT,73828,0,0,26,0
4,12,884903.0,-3.975432526554308,-3.5663670767608884,TIME_LIMIT,73864,0,0,32,0
4,12,885400.0,-3.975432526554308,-3.5663670767608884,TIME_LIMIT,73911,0,0,33,0
4,12,885878.0,-3.975432526554308,-3.5663670767608884,TIME_LIMIT,73938,0,0,30,0
4,12,886354.0,-3.9753432959775283,-3.5663670767608884,TIME_LIMIT,73988,0,0,26,0
4,12,886853.0,-3.9753432959775283,-3.5663670767608884,TIME_LIMIT,74027,0,0,38,0
4,12,887331.0,-3.9753432959775283,-3.5663670767608884,TIME_LIMIT,74074,0,0,21,0
4,12,887810.0,-3.9753432959775283,-3.5663670767608884,TIME_LIMIT,74098,0,0,36,0
4,12,888290.0,-3.9753432959775283,-3.5663670767608884,TIME_LIMIT,74151,0,0,27,0
4,12,888789.0,-3.9753432959775283,-3.5663670767608884,TIME_LIMIT,74188,0,0,14,0
4,12,889267.0,-3.9753190234669282,-3.5663670767608884,TIME_LIMIT,74232,0,0,21,0
4,12,889747.0,-3.9753190234669282,-3.5663670767608884,TIME_LIMIT,74259,0,0,39,0
4,12,890224.0,-3.975270904685596,-3.5663670767608884,TIME_LIMIT,74309,0,0,29,0
4,12,890722.0,-3.975270904685596,-3.5663670767608884,TIME_LIMIT,74343,0,0,31,0
4,12,891202.0,-3.9752341990832636,-3.5663670767608884,TIME_LIMIT,74390,0,0,27,0
4,12,891680.0,-3.9752341990832636,-3.5663670767608884,TIME_LIMIT,74428,0,0,22,0
4,12,892179.0,-3.975194080074956,-3.5663670767608884,TIME_LIMIT,74481,0,0,17,0
4,12,892658.0,-3.975194080074956,-3.5663670767608884,TIME_LIMIT,74505,0,0,41,0
4,12,893137.0,-3.9751724197421363,-3.5663670767608884,TIME_LIMIT,74555,0,0,31,0
4,12,893616.0,-3.9751724197421363,-3.5663670767608884,TIME_LIMIT,74584,0,0,28,0
4,12,894114.0,-3.975042318121518,-3.5663670767608884,TIME_LIMIT,74630,0,0,14,0
4,12,894594.0,-3.975042318121518,-3.5663670767608884,TIME_LIMIT,74665,0,0,33,0
4,12,895072.0,-3.9750092167879765,-3.5663670767608884,TIME_LIMIT,74715,0,0,17,0
4,12,895553.0,-3.9750092167879765,-3.5663670767608884,TIME_LIMIT,74754,0,0,39,0
4,12,896052.0,-3.9750092167879765,-3.5663670767608884,TIME_LIMIT,74808,0,0,36,0
4,12,896529.0,-3.9750092167879765,-3.5663670767608884,TIME_LIMIT,74831,0,0,40,0
4,12,897007.0,-3.9749830577717336,-3.5663670767608884,TIME_LIMIT,74884,0,0,30,0
4,12,897507.0,-3.9749830577717336,-3.5663670767608884,TIME_LIMIT,74918,0,0,19,0
4,12,897985.0,-3.9749109294925704,-3.5663670767608884,TIME_LIMIT,74972,0,0,31,0
4,12,898464.0,-3.9749109294925704,-3.5663670767608884,TIME_LIMIT,75004,0,0,35,0
4,12,898942.0,-3.9749109294925704,-3.5663670767608884,TIME_LIMIT,75052,0,0,28,0
4,12,899442.0,-3.9749109294925704,-3.5663670767608884,TIME_LIMIT,75087,0,0,29,0
4,12,899919.0,-3.974894711727527,-3.5663670767608884,TIME_LIMIT,75137,0,0,27,0
4,12,900398.0,-3.974894711727527,-3.5663670767608884,TIME_LIMIT,75168,0,0,18,0
4,12,900876.0,-3.9748391334962627,-3.5663670767608884,TIME_LIMIT,75216,0,0,29,0
4,12,901374.0,-3.9748391334962627,-3.5663670767608884,TIME_LIMIT,75244,0,0,32,0
4,12,901852.0,-3.974792131284297,-3.5663670767608884,TIME_LIMIT,75295,0,0,15,0
4,12,902330.0,-3.974792131284297,-3.5663670767608884,TIME_LIMIT,75331,0,0,40,0
4,12,902808.0,-3.9747597707435802,-3.5663670767608884,TIME_LIMIT,75388,0,0,37,0
4,12,903307.0,-3.9747597707435802,-3.5663670767608884,TIME_LIMIT,75411,0,0,39,0
4,12,903786.0,-3.9747420109394858,-3.5663670767608884,TIME_LIMIT,75462,0,0,30,0
4,12,904263.0,-3.9747420109394858,-3.5663670767608884,TIME_LIMIT,75490,0,0,37,0
4,12,904762.0,-3.974738491121867,-3.5663670767608884,TIME_LIMIT,75538,0,0,29,0
4,12,905241.0,-3.974738491121867,-3.5663670767608884,TIME_LIMIT,75563,0,0,33,0
4,12,905719.0,-3.97472465213997,-3.5663670767608884,TIME_LIMIT,75614,0,0,32,0
4,12,906199.0,-3.97472465213997,-3.5663670767608884,TIME_LIMIT,75650,0,0,37,0
4,12,906702.0,-3.97472465213997,-3.5663670767608884,TIME_LIMIT,75682,0,0,30,0
4,12,907189.0,-3.97472465213997,-3.5663670767608884,TIME_LIMIT,75703,0,0,37,0
4,12,907667.0,-3.97472465213997,-3.5663670767608884,TIME_LIMIT,75752,0,0,28,0
4,12,908145.0,-3.97472465213997,-3.5663670767608884,TIME_LIMIT,75780,0,0,31,0
4,12,908642.0,-3.9746205300018658,-3.5663670767608884,TIME_LIMIT,75828,0,0,31,0
4,12,909122.0,-3.9746205300018658,-3.5663670767608884,TIME_LIMIT,75859,0,0,22,0
4,12,909601.0,-3.9746205300018658,-3.5663670767608884,TIME_LIMIT,75908,0,0,32,0
4,12,910078.0,-3.9746205300018658,-3.5663670767608884,TIME_LIMIT,75949,0,0,32,0
4,12,910577.0,-3.9746205300018658,-3.5663670767608884,TIME_LIMIT,75986,0,0,34,0
4,12,911057.0,-3.9746205300018658,-3.5663670767608884,TIME_LIMIT,76015,0,0,40,0
4,12,911535.0,-3.9746205300018658,-3.5663670767608884,TIME_LIMIT,76064,0,0,32,0
4,12,912034.0,-3.9746205300018658,-3.5663670767608884,TIME_LIMIT,76101,0,0,27,0
4,12,912512.0,-3.9746205300018658,-3.5663670767608884,TIME_LIMIT,76153,0,0,14,0
4,12,912990.0,-3.9746205300018658,-3.5663670767608884,TIME_LIMIT,76189,0,0,39,0
4,12,913470.0,-3.974480248956593,-3.5663670767608884,TIME_LIMIT,76238,0,0,31,0
4,12,913969.0,-3.974480248956593,-3.5663670767608884,TIME_LIMIT,76263,0,0,32,0
4,12,914445.0,-3.9744594984862087,-3.5663670767608884,TIME_LIMIT,76310,0,0,30,0
4,12,914925.0,-3.9744594984862087,-3.5663670767608884,TIME_LIMIT,76338,0,0,39,0
4,12,915403.0,-3.9744545636883353,-3.5663670767608884,TIME_LIMIT,76391,0,0,24,0
4,12,915904.0,-3.9744545636883353,-3.5663670767608884,TIME_LIMIT,76415,0,0,34,0
4,12,916382.0,-3.974387055607933,-3.5663670767608884,TIME_LIMIT,76465,0,0,29,0
4,12,916860.0,-3.974387055607933,-3.5663670767608884,TIME_LIMIT,76499,0,0,32,0
4,12,917337.0,-3.974379691002044,-3.5663670767608884,TIME_LIMIT,76548,0,0,28,0
4,12,917835.0,-3.974379691002044,-3.5663670767608884,TIME_LIMIT,76578,0,0,36,0
4,12,918313.0,-3.974379691002044,-3.5663670767608884,TIME_LIMIT,76629,0,0,31,0
4,12,918790.0,-3.974379691002044,-3.5663670767608884,TIME_LIMIT,76653,0,0,31,0
4,12,919268.0,-3.974379691002044,-3.5663670767608884,TIME_LIMIT,76708,0,0,29,0
4,12,919766.0,-3.974379691002044,-3.5663670767608884,TIME_LIMIT,76736,0,0,26,0
4,12,920246.0,-3.9743092144076204,-3.5663670767608884,TIME_LIMIT,76795,0,0,16,0
4,12,920723.0,-3.9743092144076204,-3.5663670767608884,TIME_LIMIT,76831,0,0,34,0
4,12,921222.0,-3.9741875806152036,-3.5663670767608884,TIME_LIMIT,76877,0,0,31,0
4,12,921700.0,-3.9741875806152036,-3.5663670767608884,TIME_LIMIT,76920,0,0,43,0
4,12,922180.0,-3.974174410854119,-3.5663670767608884,TIME_LIMIT,76956,0,0,33,0
4,12,922658.0,-3.974174410854119,-3.5663670767608884,TIME_LIMIT,76988,0,0,28,0
4,12,923155.0,-3.974174410854119,-3.5663670767608884,TIME_LIMIT,77037,0,0,24,0
4,12,923632.0,-3.974174410854119,-3.5663670767608884,TIME_LIMIT,77070,0,0,15,0
4,12,924111.0,-3.974174410854119,-3.5663670767608884,TIME_LIMIT,77114,0,0,29,0
4,12,924588.0,-3.974174410854119,-3.5663670767608884,TIME_LIMIT,77155,0,0,28,0
4,12,925088.0,-3.974174410854119,-3.5663670767608884,TIME_LIMIT,77195,0,0,34,0
4,12,925565.0,-3.974174410854119,-3.5663670767608884,TIME_LIMIT,77226,0,0,41,0
4,12,926044.0,-3.974126073816068,-3.5663670767608884,TIME_LIMIT,77277,0,0,25,0
4,12,926521.0,-3.974126073816068,-3.5663670767608884,TIME_LIMIT,77313,0,0,41,0
4,12,927018.0,-3.974126073816068,-3.5663670767608884,TIME_LIMIT,77351,0,0,31,0
4,12,927497.0,-3.974126073816068,-3.5663670767608884,TIME_LIMIT,77384,0,0,34,0
4,12,927975.0,-3.974126073816068,-3.5663670767608884,TIME_LIMIT,77436,0,0,31,0
4,12,928453.0,-3.974126073816068,-3.5663670767608884,TIME_LIMIT,77465,0,0,41,0
4,12,928952.0,-3.973999555098708,-3.5663670767608884,TIME_LIMIT,77516,0,0,21,0
4,12,929431.0,-3.973999555098708,-3.5663670767608884,TIME_LIMIT,77539,0,0,38,0
4,12,929932.0,-3.973994742192271,-3.5663670767608884,TIME_LIMIT,77592,0,0,37,0
4,12,930429.0,-3.973994742192271,-3.5663670767608884,TIME_LIMIT,77633,0,0,33,0
4,12,930906.0,-3.9739528955213674,-3.5663670767608884,TIME_LIMIT,77674,0,0,30,0
4,12,931383.0,-3.9739528955213674,-3.5663670767608884,TIME_LIMIT,77711,0,0,30,0
4,12,931860.0,-3.973882646680841,-3.5663670767608884,TIME_LIMIT,77758,0,0,29,0
4,12,932357.0,-3.973882646680841,-3.5663670767608884,TIME_LIMIT,77791,0,0,39,0
4,12,932835.0,-3.973837388033105,-3.5663670767608884,TIME_LIMIT,77844,0,0,32,0
4,12,933313.0,-3.973837388033105,-3.5663670767608884,TIME_LIMIT,77870,0,0,41,0
4,12,933790.0,-3.973718269526084,-3.5663670767608884,TIME_LIMIT,77918,0,0,36,0
4,12,934319.0,-3.973718269526084,-3.5663670767608884,TIME_LIMIT,77946,0,0,37,0
4,12,934796.0,-3.973718269526084,-3.5663670767608884,TIME_LIMIT,77996,0,0,32,0
4,12,935276.0,-3.973718269526084,-3.5663670767608884,TIME_LIMIT,78020,0,0,30,0
4,12,935753.0,-3.973701532993099,-3.5663670767608884,TIME_LIMIT,78069,0,0,32,0
4,12,936250.0,-3.973701532993099,-3.5663670767608884,TIME_LIMIT,78095,0,0,36,0
4,12,936728.0,-3.973701532993099,-3.5663670767608884,TIME_LIMIT,78144,0,0,29,0
4,12,937207.0,-3.973701532993099,-3.5663670767608884,TIME_LIMIT,78180,0,0,41,0
4,12,937685.0,-3.973701532993099,-3.5663670767608884,TIME_LIMIT,78228,0,0,30,0
4,12,938183.0,-3.973701532993099,-3.5663670767608884,TIME_LIMIT,78258,0,0,38,0
4,12,938662.0,-3.9735215507753217,-3.5663670767608884,TIME_LIMIT,78311,0,0,30,0
4,12,939143.0,-3.9735215507753217,-3.5663670767608884,TIME_LIMIT,78337,0,0,39,0
4,12,939639.0,-3.9734660023324273,-3.5663670767608884,TIME_LIMIT,78387,0,0,32,0
4,12,940116.0,-3.9734660023324273,-3.5663670767608884,TIME_LIMIT,78426,0,0,36,0
4,12,940596.0,-3.973360593244865,-3.5663670767608884,TIME_LIMIT,78480,0,0,31,0
4,12,941073.0,-3.973360593244865,-3.5663670767608884,TIME_LIMIT,78509,0,0,23,0
4,12,941571.0,-3.9733007334651984,-3.5663670767608884,TIME_LIMIT,78558,0,0,29,0
4,12,942050.0,-3.9733007334651984,-3.5663670767608884,TIME_LIMIT,78586,0,0,30,0
4,12,942529.0,-3.973300455812946,-3.5663670767608884,TIME_LIMIT,78636,0,0,31,0
4,12,943005.0,-3.973300455812946,-3.5663670767608884,TIME_LIMIT,78668,0,0,27,0
4,12,943505.0,-3.9731466584330795,-3.5663670767608884,TIME_LIMIT,78727,0,0,33,0
4,12,943984.0,-3.9731466584330795,-3.5663670767608884,TIME_LIMIT,78768,0,0,33,0
4,12,944462.0,-3.9731466584330795,-3.5663670767608884,TIME_LIMIT,78793,0,0,41,0
4,12,944940.0,-3.9731466584330795,-3.5663670767608884,TIME_LIMIT,78820,0,0,40,0
4,12,945439.0,-3.9731114965202456,-3.5663670767608884,TIME_LIMIT,78872,0,0,29,0
4,12,945917.0,-3.9731114965202456,-3.5663670767608884,TIME_LIMIT,78907,0,0,29,0
4,12,946396.0,-3.9729516162551204,-3.5663670767608884,TIME_LIMIT,78954,0,0,32,0
4,12,946875.0,-3.9729516162551204,-3.5663670767608884,TIME_LIMIT,78990,0,0,38,0
4,12,947374.0,-3.972909370018296,-3.5663670767608884,TIME_LIMIT,79045,0,0,37,0
4,12,947853.0,-3.972909370018296,-3.5663670767608884,TIME_LIMIT,79066,0,0,40,0
4,12,948331.0,-3.972741628539916,-3.5663670767608884,TIME_LIMIT,79110,0,0,31,0
4,12,948809.0,-3.972741628539916,-3.5663670767608884,TIME_LIMIT,79130,0,0,26,0
4,12,949309.0,-3.9727329576224135,-3.5663670767608884,TIME_LIMIT,79185,0,0,17,0
4,12,949790.0,-3.9727329576224135,-3.5663670767608884,TIME_LIMIT,79215,0,0,34,0
4,12,950268.0,-3.9727260105271007,-3.5663670767608884,TIME_LIMIT,79266,0,0,29,0
4,12,950748.0,-3.9727260105271007,-3.5663670767608884,TIME_LIMIT,79287,0,0,40,0
4,12,951248.0,-3.9727146196190115,-3.5663670767608884,TIME_LIMIT,79344,0,0,32,0
4,12,951727.0,-3.9727146196190115,-3.5663670767608884,TIME_LIMIT,79390,0,0,30,0
4,12,952206.0,-3.972566871657256,-3.5663670767608884,TIME_LIMIT,79419,0,0,26,0
4,12,952704.0,-3.972566871657256,-3.5663670767608884,TIME_LIMIT,79441,0,0,39,0
4,12,953181.0,-3.972566871657256,-3.5663670767608884,TIME_LIMIT,79488,0,0,26,0
4,12,953661.0,-3.972566871657256,-3.5663670767608884,TIME_LIMIT,79520,0,0,29,0
4,12,954139.0,-3.972528074788071,-3.5663670767608884,TIME_LIMIT,79573,0,0,35,0
4,12,954638.0,-3.972528074788071,-3.5663670767608884,TIME_LIMIT,79604,0,0,31,0
4,12,955115.0,-3.9725145918029336,-3.5663670767608884,TIME_LIMIT,79653,0,0,29,0
4,12,955595.0,-3.9725145918029336,-3.5663670767608884,TIME_LIMIT,79684,0,0,52,0
4,12,956070.0,-3.972492684148672,-3.5663670767608884,TIME_LIMIT,79737,0,0,28,0
4,12,956571.0,-3.972492684148672,-3.5663670767608884,TIME_LIMIT,79768,0,0,43,0
4,12,957049.0,-3.972492684148672,-3.5663670767608884,TIME_LIMIT,79817,0,0,30,0
4,12,957530.0,-3.972492684148672,-3.5663670767608884,TIME_LIMIT,79844,0,0,33,0
4,12,958007.0,-3.9724517328988047,-3.5663670767608884,TIME_LIMIT,79896,0,0,29,0
4,12,958507.0,-3.9724517328988047,-3.5663670767608884,TIME_LIMIT,79929,0,0,44,0
4,12,958985.0,-3.9724517328988047,-3.5663670767608884,TIME_LIMIT,79980,0,0,29,0
4,12,959466.0,-3.9724517328988047,-3.5663670767608884,TIME_LIMIT,80008,0,0,32,0
4,12,959943.0,-3.9724441659172904,-3.5663670767608884,TIME_LIMIT,80056,0,0,33,0
4,12,960442.0,-3.9724441659172904,-3.5663670767608884,TIME_LIMIT,80081,0,0,37,0
4,12,960919.0,-3.9723078862792653,-3.5663670767608884,TIME_LIMIT,80128,0,0,23,0
4,12,961399.0,-3.9723078862792653,-3.5663670767608884,TIME_LIMIT,80166,0,0,46,0
4,12,961880.0,-3.97224801231159,-3.5663670767608884,TIME_LIMIT,80224,0,0,28,0
4,12,962379.0,-3.97224801231159,-3.5663670767608884,TIME_LIMIT,80249,0,0,46,0
4,12,962857.0,-3.9722301050462634,-3.5663670767608884,TIME_LIMIT,80298,0,0,31,0
4,12,963336.0,-3.9722301050462634,-3.5663670767608884,TIME_LIMIT,80323,0,0,39,0
4,12,963814.0,-3.9721208390586638,-3.5663670767608884,TIME_LIMIT,80377,0,0,27,0
4,12,964314.0,-3.9721208390586638,-3.5663670767608884,TIME_LIMIT,80400,0,0,28,0
4,12,964792.0,-3.9721050188808973,-3.5663670767608884,TIME_LIMIT,80449,0,0,24,0
4,12,965271.0,-3.9721050188808973,-3.5663670767608884,TIME_LIMIT,80482,0,0,31,0
4,12,965747.0,-3.972102750795446,-3.5663670767608884,TIME_LIMIT,80526,0,0,25,0
4,12,966247.0,-3.972102750795446,-3.5663670767608884,TIME_LIMIT,80550,0,0,38,0
4,12,966727.0,-3.972102750795446,-3.5663670767608884,TIME_LIMIT,80603,0,0,32,0
4,12,967207.0,-3.972102750795446,-3.5663670767608884,TIME_LIMIT,80635,0,0,38,0
4,12,967686.0,-3.9719998324532586,-3.5663670767608884,TIME_LIMIT,80689,0,0,27,0
4,12,968186.0,-3.9719998324532586,-3.5663670767608884,TIME_LIMIT,80709,0,0,44,0
4,12,968664.0,-3.9719710124538046,-3.5663670767608884,TIME_LIMIT,80763,0,0,30,0
4,12,969143.0,-3.9719710124538046,-3.5663670767608884,TIME_LIMIT,80799,0,0,16,0
4,12,969621.0,-3.9719447549649285,-3.5663670767608884,TIME_LIMIT,80842,0,0,30,0
4,12,970118.0,-3.9719447549649285,-3.5663670767608884,TIME_LIMIT,80876,0,0,40,0
4,12,970596.0,-3.9719447549649285,-3.5663670767608884,TIME_LIMIT,80924,0,0,30,0
4,12,971076.0,-3.9719447549649285,-3.5663670767608884,TIME_LIMIT,80958,0,0,38,0
4,12,971555.0,-3.971659852485933,-3.5663670767608884,TIME_LIMIT,81011,0,0,34,0
4,12,972054.0,-3.971659852485933,-3.5663670767608884,TIME_LIMIT,81045,0,0,47,0
4,12,972532.0,-3.971659852485933,-3.5663670767608884,TIME_LIMIT,81097,0,0,32,0
4,12,973011.0,-3.971659852485933,-3.5663670767608884,TIME_LIMIT,81118,0,0,40,0
4,12,973509.0,-3.971659852485933,-3.5663670767608884,TIME_LIMIT,81170,0,0,29,0
4,12,973987.0,-3.971659852485933,-3.5663670767608884,TIME_LIMIT,81202,0,0,27,0
4,12,974466.0,-3.9716314205918057,-3.5663670767608884,TIME_LIMIT,81256,0,0,33,0
4,12,974945.0,-3.9716314205918057,-3.5663670767608884,TIME_LIMIT,81291,0,0,35,0
4,12,975445.0,-3.9715471515355367,-3.5663670767608884,TIME_LIMIT,81334,0,0,25,0
4,12,975923.0,-3.9715471515355367,-3.5663670767608884,TIME_LIMIT,81366,0,0,26,0
4,12,976402.0,-3.9714946786324385,-3.5663670767608884,TIME_LIMIT,81418,0,0,34,0
4,12,976884.0,-3.9714946786324385,-3.5663670767608884,TIME_LIMIT,81453,0,0,56,0
4,12,977384.0,-3.9714946786324385,-3.5663670767608884,TIME_LIMIT,81504,0,0,32,0
4,12,977862.0,-3.9714946786324385,-3.5663670767608884,TIME_LIMIT,81536,0,0,38,0
4,12,978343.0,-3.9714946786324385,-3.5663670767608884,TIME_LIMIT,81587,0,0,31,0
4,12,978822.0,-3.9714946786324385,-3.5663670767608884,TIME_LIMIT,81619,0,0,34,0
4,12,979319.0,-3.9714509350165397,-3.5663670767608884,TIME_LIMIT,81674,0,0,16,0
4,12,979797.0,-3.9714509350165397,-3.5663670767608884,TIME_LIMIT,81720,0,0,40,0
4,12,980276.0,-3.9714318402159243,-3.5663670767608884,TIME_LIMIT,81751,0,0,38,0
4,12,980777.0,-3.9714318402159243,-3.5663670767608884,TIME_LIMIT,81777,0,0,21,0
4,12,981275.0,-3.971309710048524,-3.5663670767608884,TIME_LIMIT,81830,0,0,26,0
4,12,981752.0,-3.971309710048524,-3.5663670767608884,TIME_LIMIT,81864,0,0,19,0
4,12,982230.0,-3.9712527684778425,-3.5663670767608884,TIME_LIMIT,81909,0,0,17,0
4,12,982709.0,-3.9712527684778425,-3.5663670767608884,TIME_LIMIT,81937,0,0,38,0
4,12,983208.0,-3.9712527684778425,-3.5663670767608884,TIME_LIMIT,81986,0,0,30,0
4,12,983687.0,-3.9712527684778425,-3.5663670767608884,TIME_LIMIT,82016,0,0,37,0
4,12,984167.0,-3.9712527684778425,-3.5663670767608884,TIME_LIMIT,82070,0,0,36,0
4,12,984644.0,-3.9712527684778425,-3.5663670767608884,TIME_LIMIT,82093,0,0,33,0
4,12,985174.0,-3.971245188757443,-3.5663670767608884,TIME_LIMIT,82143,0,0,33,0
4,12,985651.0,-3.971245188757443,-3.5663670767608884,TIME_LIMIT,82174,0,0,34,0
4,12,986130.0,-3.971245188757443,-3.5663670767608884,TIME_LIMIT,82225,0,0,33,0
4,12,986608.0,-3.971245188757443,-3.5663670767608884,TIME_LIMIT,82262,0,0,40,0
4,12,987107.0,-3.971245188757443,-3.5663670767608884,TIME_LIMIT,82313,0,0,25,0
4,12,987586.0,-3.971245188757443,-3.5663670767608884,TIME_LIMIT,82345,0,0,37,0
4,12,988065.0,-3.9712328851608154,-3.5663670767608884,TIME_LIMIT,82390,0,0,30,0
4,12,988543.0,-3.9712328851608154,-3.5663670767608884,TIME_LIMIT,82427,0,0,32,0
4,12,989044.0,-3.9712233765862788,-3.5663670767608884,TIME_LIMIT,82478,0,0,29,0
4,12,989522.0,-3.9712233765862788,-3.5663670767608884,TIME_LIMIT,82516,0,0,30,0
4,12,990002.0,-3.9711420603328116,-3.5663670767608884,TIME_LIMIT,82565,0,0,33,0
4,12,990480.0,-3.9711420603328116,-3.5663670767608884,TIME_LIMIT,82597,0,0,35,0
4,12,990978.0,-3.9711420603328116,-3.5663670767608884,TIME_LIMIT,82647,0,0,28,0
4,12,991457.0,-3.9711420603328116,-3.5663670767608884,TIME_LIMIT,82674,0,0,34,0
4,12,991939.0,-3.9711360194216425,-3.5663670767608884,TIME_LIMIT,82728,0,0,32,0
4,12,992418.0,-3.9711360194216425,-3.5663670767608884,TIME_LIMIT,82757,0,0,42,0
4,12,992917.0,-3.9711360194216425,-3.5663670767608884,TIME_LIMIT,82810,0,0,17,0
4,12,993395.0,-3.9711360194216425,-3.5663670767608884,TIME_LIMIT,82849,0,0,25,0
4,12,993875.0,-3.9710728256566235,-3.5663670767608884,TIME_LIMIT,82891,0,0,40,0
4,12,994354.0,-3.9710728256566235,-3.5663670767608884,TIME_LIMIT,82925,0,0,40,0
4,12,994854.0,-3.970982417108705,-3.5663670767608884,TIME_LIMIT,82984,0,0,40,0
4,12,995334.0,-3.970982417108705,-3.5663670767608884,TIME_LIMIT,83021,0,0,38,0
4,12,995814.0,-3.970982417108705,-3.5663670767608884,TIME_LIMIT,83067,0,0,32,0
4,12,996291.0,-3.970982417108705,-3.5663670767608884,TIME_LIMIT,83098,0,0,41,0
4,12,996791.0,-3.970904525531392,-3.5663670767608884,TIME_LIMIT,83153,0,0,34,0
4,12,997270.0,-3.970904525531392,-3.5663670767608884,TIME_LIMIT,83188,0,0,41,0
4,12,997750.0,-3.9708370120759997,-3.5663670767608884,TIME_LIMIT,83248,0,0,38,0
4,12,998228.0,-3.9708370120759997,-3.5663670767608884,TIME_LIMIT,83287,0,0,36,0
4,12,998727.0,-3.9706974708026137,-3.5663670767608884,TIME_LIMIT,83333,0,0,29,0
4,12,999206.0,-3.9706974708026137,-3.5663670767608884,TIME_LIMIT,83357,0,0,30,0
4,12,999685.0,-3.9706974708026137,-3.5663670767608884,TIME_LIMIT,83406,0,0,26,0
4,12,1.000162e6,-3.9706974708026137,-3.5663670767608884,TIME_LIMIT,83436,0,0,39,0
4,12,1.00066e6,-3.9706974708026137,-3.5663670767608884,TIME_LIMIT,83481,0,0,44,0
4,12,1.001137e6,-3.9706974708026137,-3.5663670767608884,TIME_LIMIT,83508,0,0,37,0
4,12,1.001617e6,-3.9706973520333433,-3.5663670767608884,TIME_LIMIT,83557,0,0,16,0
4,12,1.002095e6,-3.9706973520333433,-3.5663670767608884,TIME_LIMIT,83585,0,0,34,0
4,12,1.002593e6,-3.970694263705129,-3.5663670767608884,TIME_LIMIT,83633,0,0,24,0
4,12,1.00307e6,-3.970694263705129,-3.5663670767608884,TIME_LIMIT,83655,0,0,26,0
4,12,1.003548e6,-3.970694263705129,-3.5663670767608884,TIME_LIMIT,83700,0,0,29,0
4,12,1.004025e6,-3.970694263705129,-3.5663670767608884,TIME_LIMIT,83732,0,0,21,0
4,12,1.004524e6,-3.970694263705129,-3.5663670767608884,TIME_LIMIT,83783,0,0,28,0
4,12,1.005003e6,-3.970694263705129,-3.5663670767608884,TIME_LIMIT,83818,0,0,19,0
4,12,1.005482e6,-3.9706373054380575,-3.5663670767608884,TIME_LIMIT,83868,0,0,29,0
4,12,1.00596e6,-3.9706373054380575,-3.5663670767608884,TIME_LIMIT,83903,0,0,34,0
4,12,1.006459e6,-3.9706373054380575,-3.5663670767608884,TIME_LIMIT,83944,0,0,32,0
4,12,1.006937e6,-3.9706373054380575,-3.5663670767608884,TIME_LIMIT,83972,0,0,38,0
4,12,1.007416e6,-3.970594750692424,-3.5663670767608884,TIME_LIMIT,84035,0,0,32,0
4,12,1.007895e6,-3.970594750692424,-3.5663670767608884,TIME_LIMIT,84060,0,0,32,0
4,12,1.008396e6,-3.9705646674937456,-3.5663670767608884,TIME_LIMIT,84110,0,0,33,0
4,12,1.008875e6,-3.9705646674937456,-3.5663670767608884,TIME_LIMIT,84130,0,0,43,0
4,12,1.009354e6,-3.9704554798072182,-3.5663670767608884,TIME_LIMIT,84187,0,0,36,0
4,12,1.009831e6,-3.9704554798072182,-3.5663670767608884,TIME_LIMIT,84220,0,0,42,0
4,12,1.01033e6,-3.970444775013105,-3.5663670767608884,TIME_LIMIT,84268,0,0,19,0
4,12,1.010809e6,-3.970444775013105,-3.5663670767608884,TIME_LIMIT,84293,0,0,41,0
4,12,1.011287e6,-3.970430545800632,-3.5663670767608884,TIME_LIMIT,84350,0,0,38,0
4,12,1.011765e6,-3.970430545800632,-3.5663670767608884,TIME_LIMIT,84373,0,0,32,0
4,12,1.012264e6,-3.97035668985403,-3.5663670767608884,TIME_LIMIT,84427,0,0,36,0
4,12,1.012745e6,-3.97035668985403,-3.5663670767608884,TIME_LIMIT,84469,0,0,46,0
4,12,1.013225e6,-3.970340463048168,-3.5663670767608884,TIME_LIMIT,84507,0,0,33,0
4,12,1.013704e6,-3.970340463048168,-3.5663670767608884,TIME_LIMIT,84537,0,0,38,0
4,12,1.014205e6,-3.970340463048168,-3.5663670767608884,TIME_LIMIT,84586,0,0,27,0
4,12,1.014683e6,-3.970340463048168,-3.5663670767608884,TIME_LIMIT,84608,0,0,31,0
4,12,1.015164e6,-3.970340463048168,-3.5663670767608884,TIME_LIMIT,84659,0,0,13,0
4,12,1.015644e6,-3.970340463048168,-3.5663670767608884,TIME_LIMIT,84695,0,0,26,0
4,12,1.016144e6,-3.970291656493406,-3.5663670767608884,TIME_LIMIT,84741,0,0,31,0
4,12,1.016624e6,-3.970291656493406,-3.5663670767608884,TIME_LIMIT,84764,0,0,35,0
4,12,1.017104e6,-3.970211927959843,-3.5663670767608884,TIME_LIMIT,84812,0,0,28,0
4,12,1.017587e6,-3.970211927959843,-3.5663670767608884,TIME_LIMIT,84837,0,0,45,0
4,12,1.018087e6,-3.970209318764927,-3.5663670767608884,TIME_LIMIT,84879,0,0,30,0
4,12,1.018568e6,-3.970209318764927,-3.5663670767608884,TIME_LIMIT,84909,0,0,48,0
4,12,1.019049e6,-3.970209318764927,-3.5663670767608884,TIME_LIMIT,84958,0,0,28,0
4,12,1.019528e6,-3.970209318764927,-3.5663670767608884,TIME_LIMIT,84987,0,0,30,0
4,12,1.020029e6,-3.970209318764927,-3.5663670767608884,TIME_LIMIT,85040,0,0,23,0
4,12,1.020508e6,-3.970209318764927,-3.5663670767608884,TIME_LIMIT,85061,0,0,32,0
4,12,1.020988e6,-3.970209318764927,-3.5663670767608884,TIME_LIMIT,85111,0,0,17,0
4,12,1.021466e6,-3.970209318764927,-3.5663670767608884,TIME_LIMIT,85146,0,0,34,0
4,12,1.021967e6,-3.970199989020555,-3.5663670767608884,TIME_LIMIT,85183,0,0,30,0
4,12,1.022446e6,-3.970199989020555,-3.5663670767608884,TIME_LIMIT,85206,0,0,33,0
4,12,1.022925e6,-3.9701888530189855,-3.5663670767608884,TIME_LIMIT,85255,0,0,28,0
4,12,1.023404e6,-3.9701888530189855,-3.5663670767608884,TIME_LIMIT,85272,0,0,37,0
4,12,1.023905e6,-3.9701888530189855,-3.5663670767608884,TIME_LIMIT,85321,0,0,29,0
4,12,1.024384e6,-3.9701888530189855,-3.5663670767608884,TIME_LIMIT,85342,0,0,39,0
4,12,1.024862e6,-3.969938006358419,-3.5663670767608884,TIME_LIMIT,85391,0,0,27,0
4,12,1.025339e6,-3.969938006358419,-3.5663670767608884,TIME_LIMIT,85424,0,0,27,0
4,12,1.025837e6,-3.969938006358419,-3.5663670767608884,TIME_LIMIT,85465,0,0,27,0
4,12,1.026314e6,-3.969938006358419,-3.5663670767608884,TIME_LIMIT,85501,0,0,41,0
4,12,1.026794e6,-3.9699317314395444,-3.5663670767608884,TIME_LIMIT,85551,0,0,30,0
4,12,1.027272e6,-3.9699317314395444,-3.5663670767608884,TIME_LIMIT,85583,0,0,43,0
4,12,1.02777e6,-3.9699317314395444,-3.5663670767608884,TIME_LIMIT,85628,0,0,31,0
4,12,1.028249e6,-3.9699317314395444,-3.5663670767608884,TIME_LIMIT,85663,0,0,36,0
4,12,1.028727e6,-3.9699317314395444,-3.5663670767608884,TIME_LIMIT,85717,0,0,33,0
4,12,1.029204e6,-3.9699317314395444,-3.5663670767608884,TIME_LIMIT,85738,0,0,32,0
4,12,1.029684e6,-3.9699046463478753,-3.5663670767608884,TIME_LIMIT,85792,0,0,14,0
4,12,1.030184e6,-3.9699046463478753,-3.5663670767608884,TIME_LIMIT,85813,0,0,36,0
4,12,1.030662e6,-3.9699046463478753,-3.5663670767608884,TIME_LIMIT,85861,0,0,31,0
4,12,1.031141e6,-3.9699046463478753,-3.5663670767608884,TIME_LIMIT,85896,0,0,37,0
4,12,1.031642e6,-3.9699046463478753,-3.5663670767608884,TIME_LIMIT,85943,0,0,19,0
4,12,1.032139e6,-3.9699046463478753,-3.5663670767608884,TIME_LIMIT,85976,0,0,25,0
4,12,1.032617e6,-3.969862819061121,-3.5663670767608884,TIME_LIMIT,86014,0,0,31,0
4,12,1.033097e6,-3.969862819061121,-3.5663670767608884,TIME_LIMIT,86045,0,0,54,0
4,12,1.033575e6,-3.969746703570913,-3.5663670767608884,TIME_LIMIT,86091,0,0,30,0
4,12,1.034075e6,-3.969746703570913,-3.5663670767608884,TIME_LIMIT,86120,0,0,34,0
4,12,1.034554e6,-3.969746703570913,-3.5663670767608884,TIME_LIMIT,86175,0,0,39,0
4,12,1.035033e6,-3.969746703570913,-3.5663670767608884,TIME_LIMIT,86205,0,0,14,0
4,12,1.035512e6,-3.969746703570913,-3.5663670767608884,TIME_LIMIT,86261,0,0,35,0
4,12,1.036045e6,-3.969746703570913,-3.5663670767608884,TIME_LIMIT,86293,0,0,47,0
4,12,1.036524e6,-3.9697174212690522,-3.5663670767608884,TIME_LIMIT,86343,0,0,19,0
4,12,1.037003e6,-3.9697174212690522,-3.5663670767608884,TIME_LIMIT,86374,0,0,31,0
4,12,1.037481e6,-3.9696914628068805,-3.5663670767608884,TIME_LIMIT,86431,0,0,36,0
4,12,1.037979e6,-3.9696914628068805,-3.5663670767608884,TIME_LIMIT,86460,0,0,17,0
4,12,1.038458e6,-3.9696707218191176,-3.5663670767608884,TIME_LIMIT,86512,0,0,32,0
4,12,1.038937e6,-3.9696707218191176,-3.5663670767608884,TIME_LIMIT,86548,0,0,36,0
4,12,1.039416e6,-3.96948918237899,-3.5663670767608884,TIME_LIMIT,86597,0,0,27,0
4,12,1.039915e6,-3.96948918237899,-3.5663670767608884,TIME_LIMIT,86618,0,0,35,0
4,12,1.040392e6,-3.9694583475261864,-3.5663670767608884,TIME_LIMIT,86666,0,0,27,0
4,12,1.040873e6,-3.9694583475261864,-3.5663670767608884,TIME_LIMIT,86690,0,0,35,0
4,12,1.041351e6,-3.9694158945605715,-3.5663670767608884,TIME_LIMIT,86742,0,0,31,0
4,12,1.041851e6,-3.9694158945605715,-3.5663670767608884,TIME_LIMIT,86772,0,0,46,0
4,12,1.04233e6,-3.9693865237654427,-3.5663670767608884,TIME_LIMIT,86819,0,0,27,0
4,12,1.04281e6,-3.9693865237654427,-3.5663670767608884,TIME_LIMIT,86835,0,0,31,0
4,12,1.04329e6,-3.969385102790003,-3.5663670767608884,TIME_LIMIT,86886,0,0,32,0
4,12,1.043792e6,-3.969385102790003,-3.5663670767608884,TIME_LIMIT,86911,0,0,35,0
4,12,1.04427e6,-3.969335081840404,-3.5663670767608884,TIME_LIMIT,86959,0,0,31,0
4,12,1.044749e6,-3.969335081840404,-3.5663670767608884,TIME_LIMIT,86988,0,0,26,0
4,12,1.045226e6,-3.9692550292081394,-3.5663670767608884,TIME_LIMIT,87040,0,0,32,0
4,12,1.045727e6,-3.9692550292081394,-3.5663670767608884,TIME_LIMIT,87069,0,0,36,0
4,12,1.046214e6,-3.969243833893814,-3.5663670767608884,TIME_LIMIT,87122,0,0,20,0
4,12,1.046693e6,-3.969243833893814,-3.5663670767608884,TIME_LIMIT,87146,0,0,46,0
4,12,1.04717e6,-3.969243833893814,-3.5663670767608884,TIME_LIMIT,87196,0,0,28,0
4,12,1.047669e6,-3.969243833893814,-3.5663670767608884,TIME_LIMIT,87229,0,0,45,0
4,12,1.048146e6,-3.9692241185242367,-3.5663670767608884,TIME_LIMIT,87275,0,0,36,0
4,12,1.048623e6,-3.9692241185242367,-3.5663670767608884,TIME_LIMIT,87301,0,0,40,0
4,12,1.049101e6,-3.9690534135755886,-3.5663670767608884,TIME_LIMIT,87347,0,0,22,0
4,12,1.049581e6,-3.9690534135755886,-3.5663670767608884,TIME_LIMIT,87381,0,0,30,0
4,12,1.050081e6,-3.9690534135755886,-3.5663670767608884,TIME_LIMIT,87430,0,0,29,0
4,12,1.05056e6,-3.9690534135755886,-3.5663670767608884,TIME_LIMIT,87464,0,0,28,0
4,12,1.051039e6,-3.969007621814609,-3.5663670767608884,TIME_LIMIT,87514,0,0,29,0
4,12,1.051516e6,-3.969007621814609,-3.5663670767608884,TIME_LIMIT,87546,0,0,37,0
4,12,1.052015e6,-3.969007621814609,-3.5663670767608884,TIME_LIMIT,87595,0,0,32,0
4,12,1.052496e6,-3.969007621814609,-3.5663670767608884,TIME_LIMIT,87636,0,0,33,0
4,12,1.052972e6,-3.969007621814609,-3.5663670767608884,TIME_LIMIT,87682,0,0,23,0
4,12,1.053451e6,-3.969007621814609,-3.5663670767608884,TIME_LIMIT,87716,0,0,39,0
4,12,1.053949e6,-3.9689873014080135,-3.5663670767608884,TIME_LIMIT,87769,0,0,30,0
4,12,1.054427e6,-3.9689873014080135,-3.5663670767608884,TIME_LIMIT,87801,0,0,37,0
4,12,1.054906e6,-3.9689873014080135,-3.5663670767608884,TIME_LIMIT,87841,0,0,25,0
4,12,1.055385e6,-3.9689873014080135,-3.5663670767608884,TIME_LIMIT,87869,0,0,36,0
4,12,1.055883e6,-3.9689873014080135,-3.5663670767608884,TIME_LIMIT,87917,0,0,20,0
4,12,1.05636e6,-3.9689873014080135,-3.5663670767608884,TIME_LIMIT,87952,0,0,39,0
4,12,1.05684e6,-3.9689873014080135,-3.5663670767608884,TIME_LIMIT,88000,0,0,30,0
4,12,1.057318e6,-3.9689873014080135,-3.5663670767608884,TIME_LIMIT,88035,0,0,32,0
4,12,1.057816e6,-3.96894568149788,-3.5663670767608884,TIME_LIMIT,88075,0,0,17,0
4,12,1.058295e6,-3.96894568149788,-3.5663670767608884,TIME_LIMIT,88099,0,0,27,0
4,12,1.058773e6,-3.968867395866429,-3.5663670767608884,TIME_LIMIT,88151,0,0,32,0
4,12,1.059253e6,-3.968867395866429,-3.5663670767608884,TIME_LIMIT,88186,0,0,34,0
4,12,1.059753e6,-3.9687117529980087,-3.5663670767608884,TIME_LIMIT,88223,0,0,34,0
4,12,1.06023e6,-3.9687117529980087,-3.5663670767608884,TIME_LIMIT,88251,0,0,36,0
4,12,1.06071e6,-3.968700231093696,-3.5663670767608884,TIME_LIMIT,88306,0,0,33,0
4,12,1.061189e6,-3.968700231093696,-3.5663670767608884,TIME_LIMIT,88335,0,0,19,0
4,12,1.061687e6,-3.968700231093696,-3.5663670767608884,TIME_LIMIT,88379,0,0,18,0
4,12,1.062165e6,-3.968700231093696,-3.5663670767608884,TIME_LIMIT,88412,0,0,31,0
4,12,1.062643e6,-3.968582227242184,-3.5663670767608884,TIME_LIMIT,88450,0,0,34,0
4,12,1.063121e6,-3.968582227242184,-3.5663670767608884,TIME_LIMIT,88478,0,0,46,0
4,12,1.063601e6,-3.96856430500808,-3.5663670767608884,TIME_LIMIT,88529,0,0,33,0
4,12,1.064102e6,-3.96856430500808,-3.5663670767608884,TIME_LIMIT,88566,0,0,33,0
4,12,1.064582e6,-3.9685175925779648,-3.5663670767608884,TIME_LIMIT,88617,0,0,30,0
4,12,1.06506e6,-3.9685175925779648,-3.5663670767608884,TIME_LIMIT,88648,0,0,29,0
4,12,1.065538e6,-3.9684225713245125,-3.5663670767608884,TIME_LIMIT,88700,0,0,24,0
4,12,1.066037e6,-3.9684225713245125,-3.5663670767608884,TIME_LIMIT,88726,0,0,43,0
4,12,1.066516e6,-3.9683414381873177,-3.5663670767608884,TIME_LIMIT,88775,0,0,31,0
4,12,1.066997e6,-3.9683414381873177,-3.5663670767608884,TIME_LIMIT,88806,0,0,41,0
4,12,1.067477e6,-3.9683414381873177,-3.5663670767608884,TIME_LIMIT,88853,0,0,31,0
4,12,1.067978e6,-3.9683414381873177,-3.5663670767608884,TIME_LIMIT,88891,0,0,32,0
4,12,1.068458e6,-3.9683414381873177,-3.5663670767608884,TIME_LIMIT,88939,0,0,34,0
4,12,1.068938e6,-3.9683414381873177,-3.5663670767608884,TIME_LIMIT,88964,0,0,37,0
4,12,1.069415e6,-3.9683414381873177,-3.5663670767608884,TIME_LIMIT,89017,0,0,29,0
4,12,1.069915e6,-3.9683414381873177,-3.5663670767608884,TIME_LIMIT,89050,0,0,26,0
4,12,1.070392e6,-3.9683414381873177,-3.5663670767608884,TIME_LIMIT,89101,0,0,33,0
4,12,1.070872e6,-3.9683414381873177,-3.5663670767608884,TIME_LIMIT,89131,0,0,33,0
4,12,1.07135e6,-3.9683395454014234,-3.5663670767608884,TIME_LIMIT,89182,0,0,30,0
4,12,1.071848e6,-3.9683395454014234,-3.5663670767608884,TIME_LIMIT,89217,0,0,25,0
4,12,1.072326e6,-3.9683395454014234,-3.5663670767608884,TIME_LIMIT,89265,0,0,26,0
4,12,1.072804e6,-3.9683395454014234,-3.5663670767608884,TIME_LIMIT,89294,0,0,35,0
4,12,1.073282e6,-3.968286126282051,-3.5663670767608884,TIME_LIMIT,89338,0,0,28,0
4,12,1.073762e6,-3.968286126282051,-3.5663670767608884,TIME_LIMIT,89363,0,0,36,0
4,12,1.07426e6,-3.9682693552159405,-3.5663670767608884,TIME_LIMIT,89417,0,0,30,0
4,12,1.074739e6,-3.9682693552159405,-3.5663670767608884,TIME_LIMIT,89440,0,0,38,0
4,12,1.075217e6,-3.9682038554754024,-3.5663670767608884,TIME_LIMIT,89484,0,0,29,0
4,12,1.075697e6,-3.9682038554754024,-3.5663670767608884,TIME_LIMIT,89521,0,0,49,0
4,12,1.076195e6,-3.9682038554754024,-3.5663670767608884,TIME_LIMIT,89562,0,0,29,0
4,12,1.076673e6,-3.9682038554754024,-3.5663670767608884,TIME_LIMIT,89591,0,0,37,0
4,12,1.077153e6,-3.968183827984503,-3.5663670767608884,TIME_LIMIT,89643,0,0,34,0
4,12,1.077632e6,-3.968183827984503,-3.5663670767608884,TIME_LIMIT,89670,0,0,52,0
4,12,1.07813e6,-3.968048899741401,-3.5663670767608884,TIME_LIMIT,89724,0,0,26,0
4,12,1.078607e6,-3.968048899741401,-3.5663670767608884,TIME_LIMIT,89746,0,0,38,0
4,12,1.079088e6,-3.968035624446066,-3.5663670767608884,TIME_LIMIT,89802,0,0,38,0
4,12,1.079567e6,-3.968035624446066,-3.5663670767608884,TIME_LIMIT,89835,0,0,38,0
4,12,1.080067e6,-3.968006227628826,-3.5663670767608884,TIME_LIMIT,89879,0,0,36,0
4,12,1.080546e6,-3.968006227628826,-3.5663670767608884,TIME_LIMIT,89902,0,0,35,0
4,12,1.081028e6,-3.9679718012347083,-3.5663670767608884,TIME_LIMIT,89955,0,0,29,0
4,12,1.081507e6,-3.9679718012347083,-3.5663670767608884,TIME_LIMIT,89983,0,0,42,0
4,12,1.081984e6,-3.9679718012347083,-3.5663670767608884,TIME_LIMIT,90025,0,0,25,0
4,12,1.082508e6,-3.9679718012347083,-3.5663670767608884,TIME_LIMIT,90057,0,0,38,0
4,12,1.082987e6,-3.9677859521797747,-3.5663670767608884,TIME_LIMIT,90101,0,0,32,0
4,12,1.083467e6,-3.9677859521797747,-3.5663670767608884,TIME_LIMIT,90136,0,0,37,0
4,12,1.083946e6,-3.9677859521797747,-3.5663670767608884,TIME_LIMIT,90182,0,0,29,0
4,12,1.084446e6,-3.9677859521797747,-3.5663670767608884,TIME_LIMIT,90206,0,0,37,0
4,12,1.084927e6,-3.9677859521797747,-3.5663670767608884,TIME_LIMIT,90259,0,0,34,0
4,12,1.085407e6,-3.9677859521797747,-3.5663670767608884,TIME_LIMIT,90285,0,0,42,0
4,12,1.085884e6,-3.967728794866073,-3.5663670767608884,TIME_LIMIT,90335,0,0,37,0
4,12,1.086383e6,-3.967728794866073,-3.5663670767608884,TIME_LIMIT,90365,0,0,42,0
4,12,1.086893e6,-3.967728794866073,-3.5663670767608884,TIME_LIMIT,90408,0,0,30,0
4,12,1.087375e6,-3.967728794866073,-3.5663670767608884,TIME_LIMIT,90440,0,0,35,0
4,12,1.087853e6,-3.96772250253367,-3.5663670767608884,TIME_LIMIT,90488,0,0,29,0
4,12,1.088352e6,-3.96772250253367,-3.5663670767608884,TIME_LIMIT,90511,0,0,41,0
4,12,1.08883e6,-3.9676903479864545,-3.5663670767608884,TIME_LIMIT,90558,0,0,28,0
4,12,1.089311e6,-3.9676903479864545,-3.5663670767608884,TIME_LIMIT,90590,0,0,35,0
4,12,1.08979e6,-3.9676258642765956,-3.5663670767608884,TIME_LIMIT,90640,0,0,32,0
4,12,1.090268e6,-3.9676258642765956,-3.5663670767608884,TIME_LIMIT,90675,0,0,30,0
4,12,1.090768e6,-3.967507664893168,-3.5663670767608884,TIME_LIMIT,90713,0,0,33,0
4,12,1.091245e6,-3.967507664893168,-3.5663670767608884,TIME_LIMIT,90738,0,0,33,0
4,12,1.091725e6,-3.9674949749774484,-3.5663670767608884,TIME_LIMIT,90790,0,0,30,0
4,12,1.092203e6,-3.9674949749774484,-3.5663670767608884,TIME_LIMIT,90824,0,0,37,0
4,12,1.092703e6,-3.967489782341624,-3.5663670767608884,TIME_LIMIT,90874,0,0,30,0
4,12,1.093182e6,-3.967489782341624,-3.5663670767608884,TIME_LIMIT,90914,0,0,30,0
4,12,1.093661e6,-3.967489782341624,-3.5663670767608884,TIME_LIMIT,90960,0,0,29,0
4,12,1.094139e6,-3.967489782341624,-3.5663670767608884,TIME_LIMIT,90998,0,0,25,0
4,12,1.094638e6,-3.9674552288977276,-3.5663670767608884,TIME_LIMIT,91051,0,0,34,0
4,12,1.095117e6,-3.9674552288977276,-3.5663670767608884,TIME_LIMIT,91076,0,0,33,0
4,12,1.095596e6,-3.9674538433635202,-3.5663670767608884,TIME_LIMIT,91131,0,0,31,0
4,12,1.096076e6,-3.9674538433635202,-3.5663670767608884,TIME_LIMIT,91166,0,0,33,0
4,12,1.096554e6,-3.9674538433635202,-3.5663670767608884,TIME_LIMIT,91214,0,0,29,0
4,12,1.097054e6,-3.9674538433635202,-3.5663670767608884,TIME_LIMIT,91242,0,0,25,0
4,12,1.097534e6,-3.9672658548180775,-3.5663670767608884,TIME_LIMIT,91290,0,0,26,0
4,12,1.098015e6,-3.9672658548180775,-3.5663670767608884,TIME_LIMIT,91315,0,0,43,0
4,12,1.098494e6,-3.9671875099198535,-3.5663670767608884,TIME_LIMIT,91372,0,0,12,0
4,12,1.098992e6,-3.9671875099198535,-3.56967692130706,TIME_LIMIT,91398,0,0,42,0
4,12,1.099469e6,-3.9671200536884386,-3.56967692130706,TIME_LIMIT,91448,0,0,13,0
4,12,1.099948e6,-3.9671200536884386,-3.56967692130706,TIME_LIMIT,91486,0,0,37,0
4,12,1.100426e6,-3.967064487745792,-3.56967692130706,TIME_LIMIT,91537,0,0,31,0
4,12,1.100926e6,-3.967064487745792,-3.56967692130706,TIME_LIMIT,91572,0,0,30,0
4,12,1.101405e6,-3.9670354021380003,-3.56967692130706,TIME_LIMIT,91616,0,0,28,0
4,12,1.101885e6,-3.9670354021380003,-3.56967692130706,TIME_LIMIT,91641,0,0,32,0
4,12,1.102362e6,-3.966941888142692,-3.56967692130706,TIME_LIMIT,91693,0,0,35,0
4,12,1.102842e6,-3.966941888142692,-3.56967692130706,TIME_LIMIT,91717,0,0,44,0
4,12,1.103343e6,-3.9669151181229036,-3.56967692130706,TIME_LIMIT,91771,0,0,33,0
4,12,1.103823e6,-3.9669151181229036,-3.56967692130706,TIME_LIMIT,91796,0,0,39,0
4,12,1.104302e6,-3.9669151181229036,-3.56967692130706,TIME_LIMIT,91845,0,0,29,0
4,12,1.104779e6,-3.9669151181229036,-3.56967692130706,TIME_LIMIT,91876,0,0,34,0
4,12,1.10528e6,-3.9669117712175823,-3.56967692130706,TIME_LIMIT,91927,0,0,33,0
4,12,1.105759e6,-3.9669117712175823,-3.56967692130706,TIME_LIMIT,91951,0,0,29,0
4,12,1.106239e6,-3.9667946065878126,-3.56967692130706,TIME_LIMIT,92006,0,0,33,0
4,12,1.106717e6,-3.9667946065878126,-3.56967692130706,TIME_LIMIT,92038,0,0,34,0
4,12,1.107217e6,-3.9667946065878126,-3.56967692130706,TIME_LIMIT,92086,0,0,30,0
4,12,1.107696e6,-3.9667946065878126,-3.56967692130706,TIME_LIMIT,92116,0,0,37,0
4,12,1.108176e6,-3.966792046372574,-3.56967692130706,TIME_LIMIT,92172,0,0,34,0
4,12,1.108654e6,-3.966792046372574,-3.56967692130706,TIME_LIMIT,92198,0,0,35,0
4,12,1.109133e6,-3.9667870539363492,-3.56967692130706,TIME_LIMIT,92252,0,0,34,0
4,12,1.109632e6,-3.9667870539363492,-3.56967692130706,TIME_LIMIT,92274,0,0,33,0
4,12,1.110114e6,-3.966731243668844,-3.56967692130706,TIME_LIMIT,92327,0,0,29,0
4,12,1.110594e6,-3.966731243668844,-3.56967692130706,TIME_LIMIT,92359,0,0,41,0
4,12,1.111074e6,-3.966655677920667,-3.56967692130706,TIME_LIMIT,92411,0,0,33,0
4,12,1.111576e6,-3.966655677920667,-3.56967692130706,TIME_LIMIT,92443,0,0,40,0
4,12,1.112055e6,-3.966655677920667,-3.56967692130706,TIME_LIMIT,92493,0,0,27,0
4,12,1.112535e6,-3.966655677920667,-3.56967692130706,TIME_LIMIT,92535,0,0,40,0
4,12,1.113011e6,-3.9666344638824924,-3.56967692130706,TIME_LIMIT,92577,0,0,30,0
4,12,1.113513e6,-3.9666344638824924,-3.56967692130706,TIME_LIMIT,92615,0,0,33,0
4,12,1.113991e6,-3.966570424702775,-3.56967692130706,TIME_LIMIT,92670,0,0,38,0
4,12,1.114474e6,-3.966570424702775,-3.56967692130706,TIME_LIMIT,92704,0,0,47,0
4,12,1.114953e6,-3.966518142846103,-3.56967692130706,TIME_LIMIT,92753,0,0,27,0
4,12,1.115431e6,-3.966518142846103,-3.56967692130706,TIME_LIMIT,92790,0,0,15,0
4,12,1.115931e6,-3.9664974075089687,-3.56967692130706,TIME_LIMIT,92840,0,0,13,0
4,12,1.11641e6,-3.9664974075089687,-3.56967692130706,TIME_LIMIT,92872,0,0,42,0
4,12,1.11689e6,-3.9664974075089687,-3.56967692130706,TIME_LIMIT,92923,0,0,33,0
4,12,1.117368e6,-3.9664974075089687,-3.56967692130706,TIME_LIMIT,92948,0,0,37,0
4,12,1.117869e6,-3.96643490244364,-3.56967692130706,TIME_LIMIT,92998,0,0,12,0
4,12,1.118348e6,-3.96643490244364,-3.56967692130706,TIME_LIMIT,93032,0,0,31,0
4,12,1.118827e6,-3.96643490244364,-3.56967692130706,TIME_LIMIT,93073,0,0,13,0
4,12,1.119307e6,-3.96643490244364,-3.56967692130706,TIME_LIMIT,93112,0,0,30,0
4,12,1.119786e6,-3.9663299126093996,-3.56967692130706,TIME_LIMIT,93148,0,0,29,0
4,12,1.120287e6,-3.9663299126093996,-3.56967692130706,TIME_LIMIT,93181,0,0,40,0
4,12,1.120766e6,-3.9663299126093996,-3.56967692130706,TIME_LIMIT,93239,0,0,20,0
4,12,1.121248e6,-3.9663299126093996,-3.56967692130706,TIME_LIMIT,93263,0,0,34,0
4,12,1.121727e6,-3.9662965025302137,-3.56967692130706,TIME_LIMIT,93315,0,0,33,0
4,12,1.122227e6,-3.9662965025302137,-3.56967692130706,TIME_LIMIT,93347,0,0,36,0
4,12,1.122705e6,-3.9662507549889154,-3.56967692130706,TIME_LIMIT,93403,0,0,36,0
4,12,1.123184e6,-3.9662507549889154,-3.56967692130706,TIME_LIMIT,93440,0,0,34,0
4,12,1.123664e6,-3.966196001487844,-3.56967692130706,TIME_LIMIT,93492,0,0,30,0
4,12,1.124163e6,-3.966196001487844,-3.56967692130706,TIME_LIMIT,93521,0,0,46,0
4,12,1.124642e6,-3.966184013747603,-3.56967692130706,TIME_LIMIT,93573,0,0,17,0
4,12,1.125121e6,-3.966184013747603,-3.56967692130706,TIME_LIMIT,93607,0,0,37,0
4,12,1.125599e6,-3.966184013747603,-3.56967692130706,TIME_LIMIT,93653,0,0,28,0
4,12,1.126078e6,-3.966184013747603,-3.56967692130706,TIME_LIMIT,93674,0,0,34,0
4,12,1.126577e6,-3.966184013747603,-3.56967692130706,TIME_LIMIT,93734,0,0,32,0
4,12,1.127057e6,-3.966184013747603,-3.56967692130706,TIME_LIMIT,93767,0,0,37,0
4,12,1.127536e6,-3.966184013747603,-3.56967692130706,TIME_LIMIT,93816,0,0,34,0
4,12,1.128014e6,-3.966184013747603,-3.56967692130706,TIME_LIMIT,93839,0,0,38,0
4,12,1.128514e6,-3.966184013747603,-3.56967692130706,TIME_LIMIT,93885,0,0,23,0
4,12,1.128994e6,-3.966184013747603,-3.56967692130706,TIME_LIMIT,93916,0,0,42,0
4,12,1.129473e6,-3.966184013747603,-3.56967692130706,TIME_LIMIT,93965,0,0,26,0
4,12,1.129952e6,-3.966184013747603,-3.56967692130706,TIME_LIMIT,94005,0,0,34,0
4,12,1.13043e6,-3.966119224443343,-3.56967692130706,TIME_LIMIT,94050,0,0,28,0
4,12,1.130929e6,-3.966119224443343,-3.56967692130706,TIME_LIMIT,94089,0,0,30,0
4,12,1.131408e6,-3.9660730229834367,-3.56967692130706,TIME_LIMIT,94122,0,0,26,0
4,12,1.131888e6,-3.9660730229834367,-3.56967692130706,TIME_LIMIT,94160,0,0,30,0
4,12,1.132367e6,-3.9660501254516887,-3.56967692130706,TIME_LIMIT,94215,0,0,28,0
4,12,1.132868e6,-3.9660501254516887,-3.56967692130706,TIME_LIMIT,94255,0,0,32,0
4,12,1.133346e6,-3.9659992806736986,-3.56967692130706,TIME_LIMIT,94307,0,0,31,0
4,12,1.133827e6,-3.9659992806736986,-3.56967692130706,TIME_LIMIT,94346,0,0,38,0
4,12,1.134307e6,-3.965998205626422,-3.56967692130706,TIME_LIMIT,94393,0,0,21,0
4,12,1.134785e6,-3.965998205626422,-3.56967692130706,TIME_LIMIT,94426,0,0,39,0
4,12,1.135285e6,-3.9659395689681354,-3.56967692130706,TIME_LIMIT,94461,0,0,35,0
4,12,1.135764e6,-3.9659395689681354,-3.56967692130706,TIME_LIMIT,94488,0,0,38,0
4,12,1.136256e6,-3.965928653875435,-3.56967692130706,TIME_LIMIT,94537,0,0,33,0
4,12,1.136745e6,-3.965928653875435,-3.56967692130706,TIME_LIMIT,94568,0,0,26,0
4,12,1.137245e6,-3.965928653875435,-3.56967692130706,TIME_LIMIT,94619,0,0,36,0
4,12,1.137723e6,-3.965928653875435,-3.56967692130706,TIME_LIMIT,94655,0,0,40,0
4,12,1.138202e6,-3.9658502057998817,-3.56967692130706,TIME_LIMIT,94702,0,0,30,0
4,12,1.138683e6,-3.9658502057998817,-3.56967692130706,TIME_LIMIT,94731,0,0,42,0
4,12,1.139184e6,-3.9658502057998817,-3.56967692130706,TIME_LIMIT,94779,0,0,30,0
4,12,1.139664e6,-3.9658502057998817,-3.56967692130706,TIME_LIMIT,94810,0,0,23,0
4,12,1.140145e6,-3.9656558995448745,-3.56967692130706,TIME_LIMIT,94860,0,0,29,0
4,12,1.140644e6,-3.9656558995448745,-3.56967692130706,TIME_LIMIT,94880,0,0,31,0
4,12,1.14114e6,-3.9655906810129196,-3.56967692130706,TIME_LIMIT,94932,0,0,28,0
4,12,1.141641e6,-3.9655906810129196,-3.56967692130706,TIME_LIMIT,94958,0,0,46,0
4,12,1.142119e6,-3.9655906810129196,-3.56967692130706,TIME_LIMIT,95013,0,0,33,0
4,12,1.142599e6,-3.9655906810129196,-3.56967692130706,TIME_LIMIT,95040,0,0,41,0
4,12,1.143079e6,-3.965585682933575,-3.56967692130706,TIME_LIMIT,95097,0,0,16,0
4,12,1.14358e6,-3.965585682933575,-3.56967692130706,TIME_LIMIT,95124,0,0,13,0
4,12,1.144058e6,-3.9655726764077293,-3.56967692130706,TIME_LIMIT,95169,0,0,16,0
4,12,1.144536e6,-3.9655726764077293,-3.56967692130706,TIME_LIMIT,95198,0,0,38,0
4,12,1.145016e6,-3.9655314740693464,-3.56967692130706,TIME_LIMIT,95251,0,0,29,0
4,12,1.145496e6,-3.9655314740693464,-3.56967692130706,TIME_LIMIT,95280,0,0,30,0
4,12,1.145995e6,-3.9655314740693464,-3.56967692130706,TIME_LIMIT,95331,0,0,8,0
4,12,1.146475e6,-3.9655314740693464,-3.56967692130706,TIME_LIMIT,95359,0,0,30,0
4,12,1.146955e6,-3.9654616821013744,-3.56967692130706,TIME_LIMIT,95410,0,0,32,0
4,12,1.147433e6,-3.9654616821013744,-3.56967692130706,TIME_LIMIT,95431,0,0,15,0
4,12,1.147934e6,-3.9654616821013744,-3.56967692130706,TIME_LIMIT,95471,0,0,26,0
4,12,1.148414e6,-3.9654616821013744,-3.56967692130706,TIME_LIMIT,95506,0,0,31,0
4,12,1.148893e6,-3.9654616821013744,-3.56967692130706,TIME_LIMIT,95557,0,0,19,0
4,12,1.149377e6,-3.9654616821013744,-3.56967692130706,TIME_LIMIT,95582,0,0,28,0
4,12,1.149863e6,-3.9654616821013744,-3.56967692130706,TIME_LIMIT,95633,0,0,30,0
4,12,1.150364e6,-3.9654616821013744,-3.56967692130706,TIME_LIMIT,95653,0,0,20,0
4,12,1.150843e6,-3.965454784238166,-3.56967692130706,TIME_LIMIT,95703,0,0,31,0
4,12,1.151326e6,-3.965454784238166,-3.56967692130706,TIME_LIMIT,95724,0,0,33,0
4,12,1.151821e6,-3.9654170132717548,-3.56967692130706,TIME_LIMIT,95774,0,0,29,0
4,12,1.152319e6,-3.9654170132717548,-3.56967692130706,TIME_LIMIT,95799,0,0,33,0
4,12,1.152796e6,-3.965397049154614,-3.56967692130706,TIME_LIMIT,95852,0,0,28,0
4,12,1.153275e6,-3.965397049154614,-3.56967692130706,TIME_LIMIT,95885,0,0,27,0
4,12,1.153754e6,-3.9652377660360325,-3.56967692130706,TIME_LIMIT,95922,0,0,30,0
4,12,1.154233e6,-3.9652377660360325,-3.56967692130706,TIME_LIMIT,95948,0,0,37,0
4,12,1.154732e6,-3.9651386781775653,-3.56967692130706,TIME_LIMIT,96005,0,0,19,0
4,12,1.155211e6,-3.9651386781775653,-3.56967692130706,TIME_LIMIT,96034,0,0,16,0
4,12,1.15569e6,-3.9650038515537376,-3.56967692130706,TIME_LIMIT,96079,0,0,32,0
4,12,1.156171e6,-3.9650038515537376,-3.56967692130706,TIME_LIMIT,96113,0,0,35,0
4,12,1.156649e6,-3.9649193111779897,-3.56967692130706,TIME_LIMIT,96164,0,0,33,0
4,12,1.157151e6,-3.9649193111779897,-3.56967692130706,TIME_LIMIT,96195,0,0,38,0
4,12,1.15763e6,-3.9648443663071387,-3.56967692130706,TIME_LIMIT,96249,0,0,22,0
4,12,1.15813e6,-3.9648443663071387,-3.56967692130706,TIME_LIMIT,96293,0,0,37,0
4,12,1.15861e6,-3.964768794201161,-3.56967692130706,TIME_LIMIT,96334,0,0,23,0
4,12,1.159141e6,-3.964768794201161,-3.56967692130706,TIME_LIMIT,96360,0,0,36,0
4,12,1.15962e6,-3.964741995702483,-3.56967692130706,TIME_LIMIT,96410,0,0,30,0
4,12,1.160122e6,-3.964741995702483,-3.56967692130706,TIME_LIMIT,96445,0,0,37,0
4,12,1.160602e6,-3.9646770241341747,-3.56967692130706,TIME_LIMIT,96482,0,0,22,0
4,12,1.16108e6,-3.9646770241341747,-3.56967692130706,TIME_LIMIT,96505,0,0,37,0
4,12,1.161579e6,-3.9646770241341747,-3.56967692130706,TIME_LIMIT,96551,0,0,26,0
4,12,1.16206e6,-3.9646770241341747,-3.56967692130706,TIME_LIMIT,96588,0,0,35,0
4,12,1.162562e6,-3.9646770241341747,-3.56967692130706,TIME_LIMIT,96633,0,0,31,0
4,12,1.163061e6,-3.9646770241341747,-3.56967692130706,TIME_LIMIT,96659,0,0,32,0
4,12,1.163539e6,-3.9646308642990546,-3.56967692130706,TIME_LIMIT,96708,0,0,22,0
4,12,1.164059e6,-3.9646308642990546,-3.56967692130706,TIME_LIMIT,96738,0,0,38,0
4,12,1.164539e6,-3.9646018811842727,-3.56967692130706,TIME_LIMIT,96789,0,0,30,0
4,12,1.165041e6,-3.9646018811842727,-3.56967692130706,TIME_LIMIT,96820,0,0,32,0
4,12,1.165542e6,-3.9646018811842727,-3.56967692130706,TIME_LIMIT,96874,0,0,27,0
4,12,1.166043e6,-3.9646018811842727,-3.56967692130706,TIME_LIMIT,96904,0,0,12,0
4,12,1.166523e6,-3.9645461489463205,-3.56967692130706,TIME_LIMIT,96946,0,0,25,0
4,12,1.167001e6,-3.9645461489463205,-3.56967692130706,TIME_LIMIT,96984,0,0,33,0
4,12,1.167504e6,-3.964521767178482,-3.56967692130706,TIME_LIMIT,97034,0,0,32,0
4,12,1.167992e6,-3.964521767178482,-3.56967692130706,TIME_LIMIT,97061,0,0,40,0
4,12,1.168498e6,-3.964521767178482,-3.56967692130706,TIME_LIMIT,97111,0,0,33,0
4,12,1.168996e6,-3.964521767178482,-3.56967692130706,TIME_LIMIT,97143,0,0,16,0
4,12,1.169482e6,-3.964521767178482,-3.56967692130706,TIME_LIMIT,97200,0,0,29,0
4,12,1.169983e6,-3.964521767178482,-3.56967692130706,TIME_LIMIT,97236,0,0,20,0
4,12,1.17048e6,-3.964521767178482,-3.56967692130706,TIME_LIMIT,97283,0,0,28,0
4,12,1.170991e6,-3.964521767178482,-3.56967692130706,TIME_LIMIT,97321,0,0,39,0
4,12,1.171469e6,-3.9645129695401478,-3.56967692130706,TIME_LIMIT,97373,0,0,30,0
4,12,1.171953e6,-3.9645129695401478,-3.56967692130706,TIME_LIMIT,97412,0,0,27,0
4,12,1.17245e6,-3.9643296142453206,-3.56967692130706,TIME_LIMIT,97448,0,0,32,0
4,12,1.172929e6,-3.9643296142453206,-3.56967692130706,TIME_LIMIT,97475,0,0,33,0
4,12,1.173452e6,-3.9642871412019933,-3.56967692130706,TIME_LIMIT,97526,0,0,24,0
4,12,1.173952e6,-3.9642871412019933,-3.56967692130706,TIME_LIMIT,97546,0,0,41,0
4,12,1.174437e6,-3.9642871412019933,-3.56967692130706,TIME_LIMIT,97597,0,0,21,0
4,12,1.174934e6,-3.9642871412019933,-3.56967692130706,TIME_LIMIT,97636,0,0,38,0
4,12,1.175434e6,-3.9642871412019933,-3.56967692130706,TIME_LIMIT,97684,0,0,29,0
4,12,1.175914e6,-3.9642871412019933,-3.56967692130706,TIME_LIMIT,97709,0,0,32,0
4,12,1.176414e6,-3.9642529609979573,-3.56967692130706,TIME_LIMIT,97760,0,0,30,0
4,12,1.176893e6,-3.9642529609979573,-3.56967692130706,TIME_LIMIT,97796,0,0,14,0
4,12,1.177377e6,-3.9642450721782256,-3.56967692130706,TIME_LIMIT,97852,0,0,36,0
4,12,1.177893e6,-3.9642450721782256,-3.56967692130706,TIME_LIMIT,97882,0,0,39,0
4,12,1.178372e6,-3.9642450721782256,-3.56967692130706,TIME_LIMIT,97931,0,0,32,0
4,12,1.178853e6,-3.9642450721782256,-3.56967692130706,TIME_LIMIT,97954,0,0,21,0
4,12,1.179333e6,-3.9642450721782256,-3.56967692130706,TIME_LIMIT,98007,0,0,33,0
4,12,1.179811e6,-3.9642450721782256,-3.56967692130706,TIME_LIMIT,98036,0,0,38,0
4,12,1.180311e6,-3.9642450721782256,-3.56967692130706,TIME_LIMIT,98092,0,0,27,0
4,12,1.180788e6,-3.9642450721782256,-3.56967692130706,TIME_LIMIT,98113,0,0,37,0
4,12,1.181287e6,-3.9639032218283123,-3.56967692130706,TIME_LIMIT,98161,0,0,35,0
4,12,1.181764e6,-3.9639032218283123,-3.56967692130706,TIME_LIMIT,98187,0,0,45,0
4,12,1.182238e6,-3.963832637170701,-3.56967692130706,TIME_LIMIT,98238,0,0,33,0
4,12,1.182761e6,-3.963832637170701,-3.56967692130706,TIME_LIMIT,98275,0,0,14,0
4,12,1.183262e6,-3.963799256459749,-3.56967692130706,TIME_LIMIT,98329,0,0,26,0
4,12,1.183781e6,-3.963799256459749,-3.56967692130706,TIME_LIMIT,98357,0,0,37,0
4,12,1.184282e6,-3.963799256459749,-3.56967692130706,TIME_LIMIT,98409,0,0,29,0
4,12,1.184803e6,-3.963799256459749,-3.56967692130706,TIME_LIMIT,98449,0,0,42,0
4,12,1.185282e6,-3.9637898685276034,-3.56967692130706,TIME_LIMIT,98499,0,0,20,0
4,12,1.185762e6,-3.9637898685276034,-3.56967692130706,TIME_LIMIT,98530,0,0,44,0
4,12,1.186242e6,-3.9637898685276034,-3.56967692130706,TIME_LIMIT,98578,0,0,26,0
4,12,1.18672e6,-3.9637898685276034,-3.56967692130706,TIME_LIMIT,98610,0,0,32,0
4,12,1.187241e6,-3.963658135760747,-3.56967692130706,TIME_LIMIT,98660,0,0,35,0
4,12,1.18775e6,-3.963658135760747,-3.56967692130706,TIME_LIMIT,98686,0,0,38,0
4,12,1.18826e6,-3.963658135760747,-3.56967692130706,TIME_LIMIT,98738,0,0,18,0
4,12,1.188738e6,-3.963658135760747,-3.56967692130706,TIME_LIMIT,98771,0,0,32,0
4,12,1.189217e6,-3.96362404176808,-3.56967692130706,TIME_LIMIT,98815,0,0,40,0
4,12,1.189718e6,-3.96362404176808,-3.56967692130706,TIME_LIMIT,98851,0,0,34,0
4,12,1.190198e6,-3.96362404176808,-3.56967692130706,TIME_LIMIT,98896,0,0,16,0
4,12,1.190676e6,-3.96362404176808,-3.56967692130706,TIME_LIMIT,98935,0,0,30,0
4,12,1.191155e6,-3.963559240085756,-3.56967692130706,TIME_LIMIT,98975,0,0,36,0
4,12,1.191637e6,-3.963559240085756,-3.56967692130706,TIME_LIMIT,99009,0,0,29,0
4,12,1.192139e6,-3.963559240085756,-3.56967692130706,TIME_LIMIT,99072,0,0,42,0
4,12,1.192618e6,-3.963559240085756,-3.56967692130706,TIME_LIMIT,99099,0,0,40,0
4,12,1.193098e6,-3.963559240085756,-3.56967692130706,TIME_LIMIT,99149,0,0,17,0
4,12,1.193575e6,-3.963559240085756,-3.56967692130706,TIME_LIMIT,99186,0,0,33,0
4,12,1.194053e6,-3.9635180299701105,-3.56967692130706,TIME_LIMIT,99218,0,0,24,0
4,12,1.194553e6,-3.9635180299701105,-3.56967692130706,TIME_LIMIT,99251,0,0,32,0
4,12,1.195032e6,-3.9635180299701105,-3.56967692130706,TIME_LIMIT,99298,0,0,32,0
4,12,1.195512e6,-3.9635180299701105,-3.56967692130706,TIME_LIMIT,99329,0,0,33,0
4,12,1.19599e6,-3.963457895514144,-3.56967692130706,TIME_LIMIT,99374,0,0,28,0
4,12,1.196486e6,-3.963457895514144,-3.56967692130706,TIME_LIMIT,99396,0,0,33,0
4,12,1.196963e6,-3.9634407222560015,-3.56967692130706,TIME_LIMIT,99451,0,0,29,0
4,12,1.197442e6,-3.9634407222560015,-3.56967692130706,TIME_LIMIT,99481,0,0,22,0
4,12,1.197923e6,-3.9634178850050352,-3.56967692130706,TIME_LIMIT,99529,0,0,32,0
4,12,1.198402e6,-3.9634178850050352,-3.56967692130706,TIME_LIMIT,99570,0,0,36,0
4,12,1.198903e6,-3.9634178850050352,-3.56967692130706,TIME_LIMIT,99618,0,0,31,0
4,12,1.199381e6,-3.9634178850050352,-3.56967692130706,TIME_LIMIT,99648,0,0,38,0
4,12,1.199861e6,-3.963408705062818,-3.56967692130706,TIME_LIMIT,99701,0,0,35,0
4,12,1.200343e6,-3.963408705062818,-3.56967692130706,TIME_LIMIT,99722,0,0,40,0
4,12,1.200823e6,-3.963408705062818,-3.56967692130706,TIME_LIMIT,99772,0,0,34,0
4,12,1.201322e6,-3.963408705062818,-3.56967692130706,TIME_LIMIT,99799,0,0,19,0
4,12,1.2018e6,-3.963408705062818,-3.56967692130706,TIME_LIMIT,99848,0,0,23,0
4,12,1.202277e6,-3.963408705062818,-3.56967692130706,TIME_LIMIT,99888,0,0,34,0
4,12,1.202757e6,-3.9633706478971336,-3.56967692130706,TIME_LIMIT,99934,0,0,33,0
4,12,1.203235e6,-3.9633706478971336,-3.56967692130706,TIME_LIMIT,99974,0,0,42,0
4,12,1.203734e6,-3.9633452596516245,-3.56967692130706,TIME_LIMIT,100011,0,0,38,0
4,12,1.204212e6,-3.9633452596516245,-3.56967692130706,TIME_LIMIT,100036,0,0,40,0
4,12,1.204691e6,-3.9633452596516245,-3.56967692130706,TIME_LIMIT,100087,0,0,32,0
4,12,1.205171e6,-3.9633452596516245,-3.56967692130706,TIME_LIMIT,100113,0,0,38,0
4,12,1.20565e6,-3.9632459774157724,-3.56967692130706,TIME_LIMIT,100167,0,0,33,0
4,12,1.206151e6,-3.9632459774157724,-3.56967692130706,TIME_LIMIT,100190,0,0,37,0
4,12,1.20663e6,-3.9632459774157724,-3.56967692130706,TIME_LIMIT,100234,0,0,23,0
4,12,1.207109e6,-3.9632459774157724,-3.56967692130706,TIME_LIMIT,100267,0,0,13,0
4,12,1.207588e6,-3.963199417244175,-3.56967692130706,TIME_LIMIT,100312,0,0,26,0
4,12,1.208066e6,-3.963199417244175,-3.56967692130706,TIME_LIMIT,100336,0,0,42,0
4,12,1.208567e6,-3.963199417244175,-3.56967692130706,TIME_LIMIT,100386,0,0,32,0
4,12,1.209043e6,-3.963199417244175,-3.56967692130706,TIME_LIMIT,100414,0,0,31,0
4,12,1.209526e6,-3.963186654932438,-3.56967692130706,TIME_LIMIT,100470,0,0,24,0
4,12,1.210005e6,-3.963186654932438,-3.56967692130706,TIME_LIMIT,100505,0,0,32,0
4,12,1.210483e6,-3.9631613584636094,-3.56967692130706,TIME_LIMIT,100545,0,0,39,0
4,12,1.210984e6,-3.9631613584636094,-3.56967692130706,TIME_LIMIT,100576,0,0,50,0
4,12,1.211462e6,-3.9631613584636094,-3.56967692130706,TIME_LIMIT,100629,0,0,36,0
4,12,1.211942e6,-3.9631613584636094,-3.56967692130706,TIME_LIMIT,100665,0,0,33,0
4,12,1.212421e6,-3.9631613584636094,-3.56967692130706,TIME_LIMIT,100715,0,0,34,0
4,12,1.212898e6,-3.9631613584636094,-3.56967692130706,TIME_LIMIT,100747,0,0,38,0
4,12,1.213399e6,-3.9630806033679775,-3.56967692130706,TIME_LIMIT,100802,0,0,38,0
4,12,1.21388e6,-3.9630806033679775,-3.56967692130706,TIME_LIMIT,100827,0,0,48,0
4,12,1.214362e6,-3.9630806033679775,-3.56967692130706,TIME_LIMIT,100887,0,0,31,0
4,12,1.214841e6,-3.9630806033679775,-3.56967692130706,TIME_LIMIT,100917,0,0,35,0
4,12,1.21532e6,-3.9630806033679775,-3.56967692130706,TIME_LIMIT,100961,0,0,26,0
4,12,1.215819e6,-3.9630806033679775,-3.56967692130706,TIME_LIMIT,100994,0,0,18,0
4,12,1.216298e6,-3.9630676453849754,-3.56967692130706,TIME_LIMIT,101046,0,0,30,0
4,12,1.216778e6,-3.9630676453849754,-3.56967692130706,TIME_LIMIT,101077,0,0,20,0
4,12,1.217256e6,-3.96300695065036,-3.56967692130706,TIME_LIMIT,101130,0,0,31,0
4,12,1.217734e6,-3.96300695065036,-3.56967692130706,TIME_LIMIT,101164,0,0,28,0
4,12,1.218237e6,-3.9627585833441294,-3.56967692130706,TIME_LIMIT,101206,0,0,29,0
4,12,1.218715e6,-3.9627585833441294,-3.56967692130706,TIME_LIMIT,101227,0,0,41,0
4,12,1.219195e6,-3.96271314870912,-3.56967692130706,TIME_LIMIT,101275,0,0,29,0
4,12,1.219671e6,-3.96271314870912,-3.56967692130706,TIME_LIMIT,101308,0,0,50,0
4,12,1.220171e6,-3.96270121002211,-3.56967692130706,TIME_LIMIT,101364,0,0,27,0
4,12,1.220648e6,-3.96270121002211,-3.56967692130706,TIME_LIMIT,101406,0,0,43,0
4,12,1.221125e6,-3.962655053148544,-3.56967692130706,TIME_LIMIT,101444,0,0,28,0
4,12,1.221604e6,-3.962655053148544,-3.56967692130706,TIME_LIMIT,101477,0,0,21,0
4,12,1.222084e6,-3.9626415611139256,-3.56967692130706,TIME_LIMIT,101526,0,0,25,0
4,12,1.222583e6,-3.9626415611139256,-3.56967692130706,TIME_LIMIT,101558,0,0,38,0
4,12,1.223062e6,-3.962487463703327,-3.56967692130706,TIME_LIMIT,101607,0,0,34,0
4,12,1.22354e6,-3.962487463703327,-3.56967692130706,TIME_LIMIT,101642,0,0,39,0
4,12,1.224018e6,-3.962487463703327,-3.56967692130706,TIME_LIMIT,101682,0,0,25,0
4,12,1.224494e6,-3.962487463703327,-3.56967692130706,TIME_LIMIT,101716,0,0,35,0
4,12,1.224993e6,-3.962482660067471,-3.56967692130706,TIME_LIMIT,101760,0,0,19,0
4,12,1.225471e6,-3.962482660067471,-3.56967692130706,TIME_LIMIT,101789,0,0,38,0
4,12,1.22595e6,-3.9624375568064583,-3.56967692130706,TIME_LIMIT,101841,0,0,27,0
4,12,1.226429e6,-3.9624375568064583,-3.56967692130706,TIME_LIMIT,101872,0,0,47,0
4,12,1.226905e6,-3.962383483677613,-3.56967692130706,TIME_LIMIT,101923,0,0,34,0
4,12,1.227407e6,-3.962383483677613,-3.56967692130706,TIME_LIMIT,101959,0,0,21,0
4,12,1.227886e6,-3.962383483677613,-3.56967692130706,TIME_LIMIT,102008,0,0,34,0
4,12,1.228364e6,-3.962383483677613,-3.56967692130706,TIME_LIMIT,102040,0,0,38,0
4,12,1.228842e6,-3.96234437254623,-3.56967692130706,TIME_LIMIT,102095,0,0,36,0
4,12,1.229323e6,-3.96234437254623,-3.56967692130706,TIME_LIMIT,102133,0,0,37,0
4,12,1.229822e6,-3.96234437254623,-3.56967692130706,TIME_LIMIT,102184,0,0,24,0
4,12,1.230302e6,-3.96234437254623,-3.56967692130706,TIME_LIMIT,102227,0,0,42,0
4,12,1.230784e6,-3.96234437254623,-3.56967692130706,TIME_LIMIT,102280,0,0,33,0
4,12,1.231264e6,-3.96234437254623,-3.56967692130706,TIME_LIMIT,102315,0,0,39,0
4,12,1.231742e6,-3.9623393446930337,-3.56967692130706,TIME_LIMIT,102360,0,0,31,0
4,12,1.232246e6,-3.9623393446930337,-3.56967692130706,TIME_LIMIT,102398,0,0,43,0
4,12,1.232723e6,-3.9622773053350615,-3.56967692130706,TIME_LIMIT,102455,0,0,32,0
4,12,1.233201e6,-3.9622773053350615,-3.56967692130706,TIME_LIMIT,102485,0,0,36,0
4,12,1.233679e6,-3.9622773053350615,-3.56967692130706,TIME_LIMIT,102541,0,0,35,0
4,12,1.234157e6,-3.9622773053350615,-3.56967692130706,TIME_LIMIT,102567,0,0,39,0
4,12,1.234654e6,-3.962241112705027,-3.56967692130706,TIME_LIMIT,102617,0,0,27,0
4,12,1.235166e6,-3.962241112705027,-3.56967692130706,TIME_LIMIT,102651,0,0,29,0
4,12,1.235647e6,-3.962241112705027,-3.56967692130706,TIME_LIMIT,102689,0,0,29,0
4,12,1.236123e6,-3.962241112705027,-3.56967692130706,TIME_LIMIT,102717,0,0,36,0
4,12,1.2366e6,-3.962224498276698,-3.56967692130706,TIME_LIMIT,102760,0,0,24,0
4,12,1.2371e6,-3.962224498276698,-3.56967692130706,TIME_LIMIT,102812,0,0,28,0
4,12,1.237577e6,-3.962224498276698,-3.56967692130706,TIME_LIMIT,102845,0,0,48,0
4,12,1.238056e6,-3.962224498276698,-3.56967692130706,TIME_LIMIT,102881,0,0,39,0
4,12,1.238534e6,-3.962224498276698,-3.56967692130706,TIME_LIMIT,102930,0,0,20,0
4,12,1.23901e6,-3.962224498276698,-3.56967692130706,TIME_LIMIT,102974,0,0,36,0
4,12,1.239509e6,-3.9622079884320063,-3.56967692130706,TIME_LIMIT,103009,0,0,34,0
4,12,1.239987e6,-3.9622079884320063,-3.56967692130706,TIME_LIMIT,103036,0,0,41,0
4,12,1.240466e6,-3.9622079884320063,-3.56967692130706,TIME_LIMIT,103088,0,0,30,0
4,12,1.240945e6,-3.9622079884320063,-3.56967692130706,TIME_LIMIT,103113,0,0,40,0
4,12,1.241424e6,-3.9621535872132414,-3.56967692130706,TIME_LIMIT,103168,0,0,34,0
4,12,1.241923e6,-3.9621535872132414,-3.56967692130706,TIME_LIMIT,103200,0,0,39,0
4,12,1.242403e6,-3.9621534513496903,-3.56967692130706,TIME_LIMIT,103257,0,0,36,0
4,12,1.242885e6,-3.9621534513496903,-3.56967692130706,TIME_LIMIT,103302,0,0,41,0
4,12,1.243363e6,-3.9621534513496903,-3.56967692130706,TIME_LIMIT,103344,0,0,34,0
4,12,1.243839e6,-3.9621534513496903,-3.56967692130706,TIME_LIMIT,103367,0,0,33,0
4,12,1.244337e6,-3.962100473635765,-3.56967692130706,TIME_LIMIT,103417,0,0,35,0
4,12,1.244814e6,-3.962100473635765,-3.56967692130706,TIME_LIMIT,103439,0,0,42,0
4,12,1.245292e6,-3.962034390686735,-3.56967692130706,TIME_LIMIT,103494,0,0,25,0
4,12,1.245768e6,-3.962034390686735,-3.56967692130706,TIME_LIMIT,103536,0,0,33,0
4,12,1.246243e6,-3.962028596272979,-3.56967692130706,TIME_LIMIT,103567,0,0,20,0
4,12,1.246742e6,-3.962028596272979,-3.56967692130706,TIME_LIMIT,103603,0,0,46,0
4,12,1.247218e6,-3.962005095965345,-3.56967692130706,TIME_LIMIT,103638,0,0,38,0
4,12,1.247696e6,-3.962005095965345,-3.56967692130706,TIME_LIMIT,103675,0,0,37,0
4,12,1.248174e6,-3.961987033722164,-3.56967692130706,TIME_LIMIT,103716,0,0,39,0
4,12,1.248652e6,-3.961987033722164,-3.56967692130706,TIME_LIMIT,103744,0,0,30,0
4,12,1.24915e6,-3.9619812507144383,-3.56967692130706,TIME_LIMIT,103799,0,0,30,0
4,12,1.24963e6,-3.9619812507144383,-3.56967692130706,TIME_LIMIT,103820,0,0,36,0
4,12,1.250109e6,-3.9619812507144383,-3.56967692130706,TIME_LIMIT,103865,0,0,25,0
4,12,1.250586e6,-3.9619812507144383,-3.56967692130706,TIME_LIMIT,103898,0,0,32,0
4,12,1.251064e6,-3.9619664028353774,-3.56967692130706,TIME_LIMIT,103940,0,0,27,0
4,12,1.251542e6,-3.9619664028353774,-3.56967692130706,TIME_LIMIT,103976,0,0,18,0
4,12,1.25204e6,-3.9618615664293704,-3.56967692130706,TIME_LIMIT,104023,0,0,10,0
4,12,1.25252e6,-3.9618615664293704,-3.56967692130706,TIME_LIMIT,104059,0,0,35,0
4,12,1.252999e6,-3.961843421377984,-3.56967692130706,TIME_LIMIT,104120,0,0,42,0
4,12,1.253476e6,-3.961843421377984,-3.56967692130706,TIME_LIMIT,104154,0,0,37,0
4,12,1.253952e6,-3.961843421377984,-3.56967692130706,TIME_LIMIT,104194,0,0,28,0
4,12,1.254449e6,-3.961843421377984,-3.56967692130706,TIME_LIMIT,104223,0,0,28,0
4,12,1.254926e6,-3.9618299365943437,-3.56967692130706,TIME_LIMIT,104268,0,0,24,0
4,12,1.255405e6,-3.9618299365943437,-3.56967692130706,TIME_LIMIT,104288,0,0,30,0
4,12,1.255882e6,-3.9618299365943437,-3.56967692130706,TIME_LIMIT,104338,0,0,29,0
4,12,1.256359e6,-3.9618299365943437,-3.56967692130706,TIME_LIMIT,104370,0,0,38,0
4,12,1.256861e6,-3.961798764278639,-3.56967692130706,TIME_LIMIT,104422,0,0,30,0
4,12,1.257338e6,-3.961798764278639,-3.56967692130706,TIME_LIMIT,104458,0,0,27,0
4,12,1.257816e6,-3.96173954926704,-3.56967692130706,TIME_LIMIT,104494,0,0,42,0
4,12,1.258294e6,-3.96173954926704,-3.56967692130706,TIME_LIMIT,104523,0,0,39,0
4,12,1.258773e6,-3.9617109203996073,-3.56967692130706,TIME_LIMIT,104573,0,0,35,0
4,12,1.259273e6,-3.9617109203996073,-3.56967692130706,TIME_LIMIT,104596,0,0,23,0
4,12,1.259751e6,-3.9617109203996073,-3.56967692130706,TIME_LIMIT,104643,0,0,29,0
4,12,1.260232e6,-3.9617109203996073,-3.56967692130706,TIME_LIMIT,104678,0,0,39,0
4,12,1.260712e6,-3.9616933135882726,-3.56967692130706,TIME_LIMIT,104725,0,0,30,0
4,12,1.261188e6,-3.9616933135882726,-3.56967692130706,TIME_LIMIT,104761,0,0,29,0
4,12,1.261688e6,-3.9616855489046623,-3.56967692130706,TIME_LIMIT,104809,0,0,32,0
4,12,1.262165e6,-3.9616855489046623,-3.56967692130706,TIME_LIMIT,104827,0,0,35,0
4,12,1.262645e6,-3.9616855489046623,-3.56967692130706,TIME_LIMIT,104873,0,0,25,0
4,12,1.263122e6,-3.9616855489046623,-3.56967692130706,TIME_LIMIT,104906,0,0,32,0
4,12,1.263601e6,-3.961642734366293,-3.56967692130706,TIME_LIMIT,104956,0,0,29,0
4,12,1.264101e6,-3.961642734366293,-3.56967692130706,TIME_LIMIT,104981,0,0,39,0
4,12,1.264581e6,-3.961642734366293,-3.56967692130706,TIME_LIMIT,105036,0,0,34,0
4,12,1.265062e6,-3.961642734366293,-3.56967692130706,TIME_LIMIT,105060,0,0,36,0
4,12,1.265542e6,-3.961621031295443,-3.56967692130706,TIME_LIMIT,105111,0,0,26,0
4,12,1.266019e6,-3.961621031295443,-3.56967692130706,TIME_LIMIT,105139,0,0,31,0
4,12,1.266518e6,-3.961521850414687,-3.56967692130706,TIME_LIMIT,105186,0,0,29,0
4,12,1.266999e6,-3.961521850414687,-3.56967692130706,TIME_LIMIT,105220,0,0,12,0
4,12,1.26748e6,-3.961521850414687,-3.56967692130706,TIME_LIMIT,105274,0,0,34,0
4,12,1.267959e6,-3.961521850414687,-3.56967692130706,TIME_LIMIT,105318,0,0,25,0
4,12,1.268437e6,-3.961521850414687,-3.56967692130706,TIME_LIMIT,105351,0,0,30,0
4,12,1.268937e6,-3.961521850414687,-3.56967692130706,TIME_LIMIT,105379,0,0,30,0
4,12,1.269415e6,-3.961521850414687,-3.56967692130706,TIME_LIMIT,105420,0,0,27,0
4,12,1.269895e6,-3.961521850414687,-3.56967692130706,TIME_LIMIT,105453,0,0,30,0
4,12,1.270373e6,-3.961521850414687,-3.56967692130706,TIME_LIMIT,105508,0,0,34,0
4,12,1.270851e6,-3.961521850414687,-3.56967692130706,TIME_LIMIT,105539,0,0,37,0
4,12,1.271329e6,-3.9615115512681256,-3.56967692130706,TIME_LIMIT,105592,0,0,34,0
4,12,1.27183e6,-3.9615115512681256,-3.56967692130706,TIME_LIMIT,105629,0,0,41,0
4,12,1.272308e6,-3.9615115512681256,-3.56967692130706,TIME_LIMIT,105670,0,0,23,0
4,12,1.272788e6,-3.9615115512681256,-3.56967692130706,TIME_LIMIT,105693,0,0,39,0
4,12,1.273266e6,-3.9615115512681256,-3.56967692130706,TIME_LIMIT,105736,0,0,31,0
4,12,1.273744e6,-3.9615115512681256,-3.56967692130706,TIME_LIMIT,105771,0,0,35,0
4,12,1.274245e6,-3.9615115512681256,-3.56967692130706,TIME_LIMIT,105815,0,0,33,0
4,12,1.274724e6,-3.9615115512681256,-3.56967692130706,TIME_LIMIT,105836,0,0,34,0
4,12,1.275206e6,-3.9615115512681256,-3.56967692130706,TIME_LIMIT,105893,0,0,30,0
4,12,1.275684e6,-3.9615115512681256,-3.56967692130706,TIME_LIMIT,105917,0,0,36,0
4,12,1.276162e6,-3.9615115512681256,-3.56967692130706,TIME_LIMIT,105967,0,0,30,0
4,12,1.276662e6,-3.9615115512681256,-3.56967692130706,TIME_LIMIT,105991,0,0,38,0
4,12,1.277139e6,-3.9615115512681256,-3.56967692130706,TIME_LIMIT,106046,0,0,32,0
4,12,1.277617e6,-3.9615115512681256,-3.56967692130706,TIME_LIMIT,106070,0,0,26,0
4,12,1.278095e6,-3.9615115512681256,-3.56967692130706,TIME_LIMIT,106118,0,0,12,0
4,12,1.278573e6,-3.9615115512681256,-3.56967692130706,TIME_LIMIT,106155,0,0,34,0
4,12,1.279074e6,-3.9615115512681256,-3.56967692130706,TIME_LIMIT,106202,0,0,32,0
4,12,1.279554e6,-3.9615115512681256,-3.56967692130706,TIME_LIMIT,106231,0,0,21,0
4,12,1.280034e6,-3.9615115512681256,-3.56967692130706,TIME_LIMIT,106276,0,0,15,0
4,12,1.280514e6,-3.9615115512681256,-3.56967692130706,TIME_LIMIT,106314,0,0,31,0
4,12,1.280992e6,-3.961437678841542,-3.56967692130706,TIME_LIMIT,106356,0,0,38,0
4,12,1.281492e6,-3.961437678841542,-3.56967692130706,TIME_LIMIT,106381,0,0,35,0
4,12,1.28197e6,-3.96135387349618,-3.56967692130706,TIME_LIMIT,106437,0,0,36,0
4,12,1.282484e6,-3.96135387349618,-3.56967692130706,TIME_LIMIT,106478,0,0,32,0
4,12,1.282964e6,-3.961317842809048,-3.56967692130706,TIME_LIMIT,106523,0,0,32,0
4,12,1.283444e6,-3.961317842809048,-3.56967692130706,TIME_LIMIT,106558,0,0,40,0
4,12,1.283922e6,-3.9612535791793113,-3.56967692130706,TIME_LIMIT,106610,0,0,31,0
4,12,1.284422e6,-3.9612535791793113,-3.56967692130706,TIME_LIMIT,106640,0,0,32,0
4,12,1.284902e6,-3.9612535791793113,-3.56967692130706,TIME_LIMIT,106691,0,0,24,0
4,12,1.285381e6,-3.9612535791793113,-3.56967692130706,TIME_LIMIT,106718,0,0,36,0
4,12,1.28586e6,-3.9612269593007285,-3.56967692130706,TIME_LIMIT,106767,0,0,28,0
4,12,1.286336e6,-3.9612269593007285,-3.56967692130706,TIME_LIMIT,106798,0,0,33,0
4,12,1.286839e6,-3.961225125139878,-3.56967692130706,TIME_LIMIT,106851,0,0,31,0
4,12,1.287318e6,-3.961225125139878,-3.56967692130706,TIME_LIMIT,106880,0,0,45,0
4,12,1.287798e6,-3.9612041454170406,-3.56967692130706,TIME_LIMIT,106933,0,0,31,0
4,12,1.288276e6,-3.9612041454170406,-3.56967692130706,TIME_LIMIT,106960,0,0,42,0
4,12,1.288754e6,-3.9611818561737855,-3.56967692130706,TIME_LIMIT,107010,0,0,30,0
4,12,1.289254e6,-3.9611818561737855,-3.56967692130706,TIME_LIMIT,107046,0,0,12,0
4,12,1.289731e6,-3.9611412149816485,-3.56967692130706,TIME_LIMIT,107092,0,0,32,0
4,12,1.29021e6,-3.9611412149816485,-3.56967692130706,TIME_LIMIT,107123,0,0,22,0
4,12,1.290686e6,-3.961066125015438,-3.56967692130706,TIME_LIMIT,107169,0,0,28,0
4,12,1.291165e6,-3.961066125015438,-3.56967692130706,TIME_LIMIT,107206,0,0,33,0
4,12,1.291665e6,-3.960908204868638,-3.56967692130706,TIME_LIMIT,107242,0,0,15,0
4,12,1.292145e6,-3.960908204868638,-3.56967692130706,TIME_LIMIT,107272,0,0,41,0
4,12,1.292624e6,-3.960874854902539,-3.56967692130706,TIME_LIMIT,107324,0,0,32,0
4,12,1.293103e6,-3.960874854902539,-3.56967692130706,TIME_LIMIT,107366,0,0,36,0
4,12,1.29358e6,-3.960874854902539,-3.56967692130706,TIME_LIMIT,107404,0,0,34,0
4,12,1.294058e6,-3.960874854902539,-3.56967692130706,TIME_LIMIT,107436,0,0,40,0
4,12,1.294558e6,-3.9608420856359565,-3.56967692130706,TIME_LIMIT,107486,0,0,13,0
4,12,1.295035e6,-3.9608420856359565,-3.56967692130706,TIME_LIMIT,107518,0,0,45,0
4,12,1.295514e6,-3.9607859364695917,-3.56967692130706,TIME_LIMIT,107576,0,0,6,0
4,12,1.295993e6,-3.9607859364695917,-3.56967692130706,TIME_LIMIT,107597,0,0,38,0
4,12,1.296471e6,-3.960709678531652,-3.56967692130706,TIME_LIMIT,107652,0,0,31,0
4,12,1.296971e6,-3.960709678531652,-3.56967692130706,TIME_LIMIT,107673,0,0,36,0
4,12,1.29745e6,-3.9607047815503504,-3.56967692130706,TIME_LIMIT,107726,0,0,35,0
4,12,1.297928e6,-3.9607047815503504,-3.56967692130706,TIME_LIMIT,107755,0,0,27,0
4,12,1.298407e6,-3.9607047815503504,-3.56967692130706,TIME_LIMIT,107801,0,0,34,0
4,12,1.298884e6,-3.9607047815503504,-3.56967692130706,TIME_LIMIT,107831,0,0,31,0
4,12,1.299385e6,-3.9607047815503504,-3.56967692130706,TIME_LIMIT,107885,0,0,31,0
4,12,1.299862e6,-3.9607047815503504,-3.56967692130706,TIME_LIMIT,107908,0,0,36,0
4,12,1.30034e6,-3.9606387050714145,-3.56967692130706,TIME_LIMIT,107955,0,0,27,0
4,12,1.300818e6,-3.9606387050714145,-3.56967692130706,TIME_LIMIT,107981,0,0,27,0
4,12,1.301296e6,-3.9605811733315206,-3.56967692130706,TIME_LIMIT,108034,0,0,34,0
4,12,1.301773e6,-3.9605811733315206,-3.56967692130706,TIME_LIMIT,108069,0,0,49,0
4,12,1.302273e6,-3.9605811733315206,-3.56967692130706,TIME_LIMIT,108117,0,0,30,0
4,12,1.302751e6,-3.9605811733315206,-3.56967692130706,TIME_LIMIT,108137,0,0,42,0
4,12,1.303228e6,-3.9605811733315206,-3.56967692130706,TIME_LIMIT,108189,0,0,27,0
4,12,1.303707e6,-3.9605811733315206,-3.56967692130706,TIME_LIMIT,108222,0,0,44,0
4,12,1.304188e6,-3.9605811733315206,-3.56967692130706,TIME_LIMIT,108268,0,0,34,0
4,12,1.304688e6,-3.9605811733315206,-3.56967692130706,TIME_LIMIT,108300,0,0,34,0
4,12,1.305165e6,-3.9605811733315206,-3.56967692130706,TIME_LIMIT,108341,0,0,26,0
4,12,1.305645e6,-3.9605811733315206,-3.56967692130706,TIME_LIMIT,108380,0,0,38,0
4,12,1.306123e6,-3.9604300634483147,-3.56967692130706,TIME_LIMIT,108428,0,0,30,0
4,12,1.306602e6,-3.9604300634483147,-3.56967692130706,TIME_LIMIT,108453,0,0,35,0
4,12,1.307101e6,-3.9604300634483147,-3.56967692130706,TIME_LIMIT,108501,0,0,24,0
4,12,1.307579e6,-3.9604300634483147,-3.56967692130706,TIME_LIMIT,108537,0,0,35,0
4,12,1.308059e6,-3.9604300634483147,-3.56967692130706,TIME_LIMIT,108578,0,0,23,0
4,12,1.308537e6,-3.9604300634483147,-3.56967692130706,TIME_LIMIT,108619,0,0,39,0
4,12,1.309014e6,-3.9603914603673935,-3.56967692130706,TIME_LIMIT,108664,0,0,31,0
4,12,1.309491e6,-3.9603914603673935,-3.56967692130706,TIME_LIMIT,108692,0,0,37,0
4,12,1.309991e6,-3.960390416640673,-3.56967692130706,TIME_LIMIT,108742,0,0,32,0
4,12,1.310468e6,-3.960390416640673,-3.56967692130706,TIME_LIMIT,108778,0,0,43,0
4,12,1.310948e6,-3.960388081374289,-3.56967692130706,TIME_LIMIT,108830,0,0,33,0
4,12,1.311426e6,-3.960388081374289,-3.56967692130706,TIME_LIMIT,108861,0,0,31,0
4,12,1.311904e6,-3.960388081374289,-3.56967692130706,TIME_LIMIT,108914,0,0,27,0
4,12,1.312407e6,-3.960388081374289,-3.56967692130706,TIME_LIMIT,108949,0,0,34,0
4,12,1.312885e6,-3.9603144711918468,-3.56967692130706,TIME_LIMIT,109000,0,0,38,0
4,12,1.313365e6,-3.9603144711918468,-3.56967692130706,TIME_LIMIT,109020,0,0,36,0
4,12,1.313844e6,-3.960209598096265,-3.56967692130706,TIME_LIMIT,109072,0,0,35,0
4,12,1.314323e6,-3.960209598096265,-3.56967692130706,TIME_LIMIT,109109,0,0,44,0
4,12,1.314824e6,-3.9602093992084706,-3.56967692130706,TIME_LIMIT,109163,0,0,32,0
4,12,1.315304e6,-3.9602093992084706,-3.56967692130706,TIME_LIMIT,109193,0,0,41,0
4,12,1.315784e6,-3.9601622582699703,-3.56967692130706,TIME_LIMIT,109247,0,0,31,0
4,12,1.316265e6,-3.9601622582699703,-3.56967692130706,TIME_LIMIT,109271,0,0,23,0
4,12,1.316744e6,-3.9601622582699703,-3.56967692130706,TIME_LIMIT,109324,0,0,29,0
4,12,1.317223e6,-3.9601622582699703,-3.56967692130706,TIME_LIMIT,109362,0,0,43,0
4,12,1.317722e6,-3.9601622582699703,-3.56967692130706,TIME_LIMIT,109409,0,0,27,0
4,12,1.318201e6,-3.9601622582699703,-3.56967692130706,TIME_LIMIT,109444,0,0,31,0
4,12,1.318679e6,-3.960161669209828,-3.56967692130706,TIME_LIMIT,109495,0,0,31,0
4,12,1.319157e6,-3.960161669209828,-3.56967692130706,TIME_LIMIT,109523,0,0,38,0
4,12,1.319636e6,-3.960161669209828,-3.56967692130706,TIME_LIMIT,109574,0,0,26,0
4,12,1.320136e6,-3.960161669209828,-3.56967692130706,TIME_LIMIT,109610,0,0,20,0
4,12,1.320614e6,-3.960161669209828,-3.56967692130706,TIME_LIMIT,109659,0,0,12,0
4,12,1.321092e6,-3.960161669209828,-3.56967692130706,TIME_LIMIT,109703,0,0,29,0
4,12,1.321572e6,-3.960156342841243,-3.56967692130706,TIME_LIMIT,109741,0,0,31,0
4,12,1.322053e6,-3.960156342841243,-3.56967692130706,TIME_LIMIT,109772,0,0,41,0
4,12,1.322532e6,-3.9600736872790505,-3.56967692130706,TIME_LIMIT,109821,0,0,33,0
4,12,1.323035e6,-3.9600736872790505,-3.56967692130706,TIME_LIMIT,109856,0,0,22,0
4,12,1.323514e6,-3.9600736872790505,-3.56967692130706,TIME_LIMIT,109903,0,0,13,0
4,12,1.323996e6,-3.9600736872790505,-3.56967692130706,TIME_LIMIT,109943,0,0,20,0
4,12,1.324474e6,-3.9600736872790505,-3.56967692130706,TIME_LIMIT,109981,0,0,30,0
4,12,1.324954e6,-3.9600736872790505,-3.56967692130706,TIME_LIMIT,110020,0,0,36,0
4,12,1.325454e6,-3.9600262460811493,-3.56967692130706,TIME_LIMIT,110054,0,0,27,0
4,12,1.325932e6,-3.9600262460811493,-3.56967692130706,TIME_LIMIT,110084,0,0,41,0
4,12,1.326412e6,-3.9600262460811493,-3.56967692130706,TIME_LIMIT,110132,0,0,30,0
4,12,1.326893e6,-3.9600262460811493,-3.56967692130706,TIME_LIMIT,110168,0,0,34,0
4,12,1.327371e6,-3.9600262460811493,-3.56967692130706,TIME_LIMIT,110216,0,0,26,0
4,12,1.327851e6,-3.9600262460811493,-3.56967692130706,TIME_LIMIT,110253,0,0,33,0
4,12,1.328351e6,-3.9599968466870163,-3.56967692130706,TIME_LIMIT,110301,0,0,34,0
4,12,1.328831e6,-3.9599968466870163,-3.56967692130706,TIME_LIMIT,110324,0,0,35,0
4,12,1.329312e6,-3.959874940139276,-3.56967692130706,TIME_LIMIT,110379,0,0,33,0
4,12,1.329824e6,-3.959874940139276,-3.56967692130706,TIME_LIMIT,110404,0,0,38,0
4,12,1.330302e6,-3.959874940139276,-3.56967692130706,TIME_LIMIT,110453,0,0,30,0
4,12,1.330802e6,-3.959874940139276,-3.56967692130706,TIME_LIMIT,110482,0,0,35,0
4,12,1.331282e6,-3.9598502780444775,-3.56967692130706,TIME_LIMIT,110534,0,0,36,0
4,12,1.33176e6,-3.9598502780444775,-3.56967692130706,TIME_LIMIT,110570,0,0,38,0
4,12,1.332238e6,-3.9598498720783617,-3.56967692130706,TIME_LIMIT,110604,0,0,33,0
4,12,1.332716e6,-3.9598498720783617,-3.56967692130706,TIME_LIMIT,110634,0,0,45,0
4,12,1.333195e6,-3.9597562865548492,-3.56967692130706,TIME_LIMIT,110685,0,0,33,0
4,12,1.333697e6,-3.9597562865548492,-3.56967692130706,TIME_LIMIT,110720,0,0,53,0
4,12,1.334178e6,-3.9597562865548492,-3.56967692130706,TIME_LIMIT,110772,0,0,36,0
4,12,1.334659e6,-3.9597562865548492,-3.56967692130706,TIME_LIMIT,110801,0,0,41,0
4,12,1.335139e6,-3.9597403226180172,-3.56967692130706,TIME_LIMIT,110855,0,0,9,0
4,12,1.335617e6,-3.9597403226180172,-3.56967692130706,TIME_LIMIT,110885,0,0,32,0
4,12,1.336117e6,-3.959704916434627,-3.56967692130706,TIME_LIMIT,110924,0,0,26,0
4,12,1.336596e6,-3.959704916434627,-3.56967692130706,TIME_LIMIT,110951,0,0,42,0
4,12,1.337076e6,-3.959682879126411,-3.56967692130706,TIME_LIMIT,110998,0,0,31,0
4,12,1.337554e6,-3.959682879126411,-3.56967692130706,TIME_LIMIT,111025,0,0,25,0
4,12,1.338032e6,-3.959682879126411,-3.56967692130706,TIME_LIMIT,111078,0,0,27,0
4,12,1.33851e6,-3.959682879126411,-3.56967692130706,TIME_LIMIT,111114,0,0,31,0
4,12,1.33901e6,-3.959649012206001,-3.56967692130706,TIME_LIMIT,111161,0,0,30,0
4,12,1.33949e6,-3.959649012206001,-3.56967692130706,TIME_LIMIT,111194,0,0,33,0
4,12,1.339968e6,-3.959601514508611,-3.56967692130706,TIME_LIMIT,111236,0,0,28,0
4,12,1.340447e6,-3.959601514508611,-3.56967692130706,TIME_LIMIT,111274,0,0,34,0
4,12,1.340927e6,-3.9595660636076535,-3.56967692130706,TIME_LIMIT,111307,0,0,31,0
4,12,1.341429e6,-3.9595660636076535,-3.56967692130706,TIME_LIMIT,111337,0,0,31,0
4,12,1.341907e6,-3.9594963761876296,-3.56967692130706,TIME_LIMIT,111394,0,0,40,0
4,12,1.342386e6,-3.9594963761876296,-3.56967692130706,TIME_LIMIT,111432,0,0,40,0
4,12,1.342865e6,-3.959423632072825,-3.56967692130706,TIME_LIMIT,111480,0,0,22,0
4,12,1.343343e6,-3.959423632072825,-3.56967692130706,TIME_LIMIT,111507,0,0,37,0
4,12,1.343821e6,-3.959344539225144,-3.56967692130706,TIME_LIMIT,111560,0,0,27,0
4,12,1.344323e6,-3.959344539225144,-3.56967692130706,TIME_LIMIT,111589,0,0,40,0
4,12,1.344801e6,-3.9592227789801653,-3.56967692130706,TIME_LIMIT,111640,0,0,28,0
4,12,1.345283e6,-3.9592227789801653,-3.56967692130706,TIME_LIMIT,111672,0,0,25,0
4,12,1.345761e6,-3.9592227789801653,-3.56967692130706,TIME_LIMIT,111720,0,0,29,0
4,12,1.34624e6,-3.9592227789801653,-3.56967692130706,TIME_LIMIT,111757,0,0,33,0
4,12,1.346739e6,-3.9592227789801653,-3.56967692130706,TIME_LIMIT,111805,0,0,29,0
4,12,1.347217e6,-3.9592227789801653,-3.56967692130706,TIME_LIMIT,111834,0,0,37,0
4,12,1.347696e6,-3.9592227789801653,-3.56967692130706,TIME_LIMIT,111877,0,0,26,0
4,12,1.348176e6,-3.9592227789801653,-3.56967692130706,TIME_LIMIT,111903,0,0,24,0
4,12,1.348654e6,-3.9591915550361825,-3.56967692130706,TIME_LIMIT,111951,0,0,28,0
4,12,1.349133e6,-3.9591915550361825,-3.56967692130706,TIME_LIMIT,111987,0,0,44,0
4,12,1.349634e6,-3.9591915550361825,-3.56967692130706,TIME_LIMIT,112037,0,0,30,0
4,12,1.350112e6,-3.9591915550361825,-3.56967692130706,TIME_LIMIT,112074,0,0,35,0
4,12,1.350592e6,-3.9591915550361825,-3.56967692130706,TIME_LIMIT,112123,0,0,32,0
4,12,1.351074e6,-3.9591915550361825,-3.56967692130706,TIME_LIMIT,112151,0,0,38,0
4,12,1.351552e6,-3.9591915550361825,-3.56967692130706,TIME_LIMIT,112200,0,0,30,0
4,12,1.35205e6,-3.9591915550361825,-3.56967692130706,TIME_LIMIT,112230,0,0,33,0
4,12,1.352527e6,-3.959160062120999,-3.56967692130706,TIME_LIMIT,112277,0,0,26,0
4,12,1.353007e6,-3.959160062120999,-3.56967692130706,TIME_LIMIT,112308,0,0,37,0
4,12,1.353487e6,-3.959160062120999,-3.56967692130706,TIME_LIMIT,112346,0,0,20,0
4,12,1.353965e6,-3.959160062120999,-3.56967692130706,TIME_LIMIT,112378,0,0,35,0
4,12,1.354444e6,-3.959160062120999,-3.56967692130706,TIME_LIMIT,112427,0,0,29,0
4,12,1.354946e6,-3.959160062120999,-3.56967692130706,TIME_LIMIT,112468,0,0,32,0
4,12,1.355426e6,-3.959160062120999,-3.56967692130706,TIME_LIMIT,112505,0,0,31,0
4,12,1.355905e6,-3.959160062120999,-3.56967692130706,TIME_LIMIT,112532,0,0,42,0
4,12,1.356385e6,-3.959160062120999,-3.56967692130706,TIME_LIMIT,112581,0,0,28,0
4,12,1.356863e6,-3.959160062120999,-3.56967692130706,TIME_LIMIT,112615,0,0,41,0
4,12,1.357342e6,-3.959160062120999,-3.56967692130706,TIME_LIMIT,112668,0,0,30,0
4,12,1.357843e6,-3.959160062120999,-3.56967692130706,TIME_LIMIT,112697,0,0,36,0
4,12,1.358322e6,-3.9590552929115197,-3.56967692130706,TIME_LIMIT,112752,0,0,11,0
4,12,1.358803e6,-3.9590552929115197,-3.56967692130706,TIME_LIMIT,112787,0,0,38,0
4,12,1.359283e6,-3.9590177129143043,-3.56967692130706,TIME_LIMIT,112841,0,0,34,0
4,12,1.359762e6,-3.9590177129143043,-3.56967692130706,TIME_LIMIT,112873,0,0,42,0
4,12,1.360262e6,-3.958954031392223,-3.56967692130706,TIME_LIMIT,112931,0,0,34,0
4,12,1.360742e6,-3.958954031392223,-3.56967692130706,TIME_LIMIT,112965,0,0,33,0
4,12,1.36122e6,-3.958931020431423,-3.56967692130706,TIME_LIMIT,113015,0,0,29,0
4,12,1.361699e6,-3.958931020431423,-3.56967692130706,TIME_LIMIT,113042,0,0,42,0
4,12,1.362179e6,-3.958931020431423,-3.56967692130706,TIME_LIMIT,113097,0,0,34,0
4,12,1.362657e6,-3.958931020431423,-3.56967692130706,TIME_LIMIT,113120,0,0,46,0
4,12,1.363156e6,-3.958931020431423,-3.56967692130706,TIME_LIMIT,113174,0,0,35,0
4,12,1.363633e6,-3.958931020431423,-3.56967692130706,TIME_LIMIT,113199,0,0,26,0
4,12,1.364114e6,-3.958931020431423,-3.56967692130706,TIME_LIMIT,113244,0,0,12,0
4,12,1.364594e6,-3.958931020431423,-3.56967692130706,TIME_LIMIT,113286,0,0,36,0
4,12,1.365074e6,-3.9589229808449247,-3.56967692130706,TIME_LIMIT,113330,0,0,42,0
4,12,1.365552e6,-3.9589229808449247,-3.56967692130706,TIME_LIMIT,113356,0,0,49,0
4,12,1.366051e6,-3.9588656686020793,-3.56967692130706,TIME_LIMIT,113408,0,0,32,0
4,12,1.36653e6,-3.9588656686020793,-3.56967692130706,TIME_LIMIT,113439,0,0,47,0
4,12,1.367011e6,-3.9588656686020793,-3.56967692130706,TIME_LIMIT,113494,0,0,35,0
4,12,1.367489e6,-3.9588656686020793,-3.56967692130706,TIME_LIMIT,113519,0,0,38,0
4,12,1.367967e6,-3.9588602734423755,-3.56967692130706,TIME_LIMIT,113573,0,0,13,0
4,12,1.36847e6,-3.9588602734423755,-3.56967692130706,TIME_LIMIT,113606,0,0,36,0
4,12,1.36895e6,-3.95885721221376,-3.56967692130706,TIME_LIMIT,113655,0,0,31,0
4,12,1.369429e6,-3.95885721221376,-3.56967692130706,TIME_LIMIT,113676,0,0,32,0
4,12,1.36991e6,-3.95885721221376,-3.56967692130706,TIME_LIMIT,113727,0,0,28,0
4,12,1.370386e6,-3.95885721221376,-3.56967692130706,TIME_LIMIT,113757,0,0,21,0
4,12,1.370864e6,-3.958817569871781,-3.56967692130706,TIME_LIMIT,113807,0,0,31,0
4,12,1.371366e6,-3.958817569871781,-3.56967692130706,TIME_LIMIT,113848,0,0,32,0
4,12,1.371842e6,-3.9587992549746818,-3.56967692130706,TIME_LIMIT,113881,0,0,39,0
4,12,1.372321e6,-3.9587992549746818,-3.56967692130706,TIME_LIMIT,113916,0,0,37,0
4,12,1.372799e6,-3.9587992549746818,-3.56967692130706,TIME_LIMIT,113968,0,0,26,0
4,12,1.373276e6,-3.9587992549746818,-3.56967692130706,TIME_LIMIT,113997,0,0,35,0
4,12,1.373754e6,-3.958788420551753,-3.56967692130706,TIME_LIMIT,114050,0,0,22,0
4,12,1.374254e6,-3.958788420551753,-3.56967692130706,TIME_LIMIT,114091,0,0,36,0
4,12,1.374732e6,-3.958781465831986,-3.56967692130706,TIME_LIMIT,114140,0,0,24,0
4,12,1.375212e6,-3.958781465831986,-3.56967692130706,TIME_LIMIT,114178,0,0,38,0
4,12,1.375692e6,-3.9587543003364023,-3.56967692130706,TIME_LIMIT,114221,0,0,29,0
4,12,1.376169e6,-3.9587543003364023,-3.56967692130706,TIME_LIMIT,114261,0,0,34,0
4,12,1.376691e6,-3.9587426385147064,-3.56967692130706,TIME_LIMIT,114306,0,0,48,0
4,12,1.377185e6,-3.9587426385147064,-3.56967692130706,TIME_LIMIT,114334,0,0,41,0
4,12,1.377664e6,-3.9587426385147064,-3.56967692130706,TIME_LIMIT,114382,0,0,32,0
4,12,1.378144e6,-3.9587426385147064,-3.56967692130706,TIME_LIMIT,114419,0,0,32,0
4,12,1.378622e6,-3.9587426385147064,-3.56967692130706,TIME_LIMIT,114467,0,0,16,0
4,12,1.379101e6,-3.9587426385147064,-3.56967692130706,TIME_LIMIT,114494,0,0,36,0
4,12,1.379602e6,-3.958729837802639,-3.56967692130706,TIME_LIMIT,114547,0,0,37,0
4,12,1.380082e6,-3.958729837802639,-3.56967692130706,TIME_LIMIT,114571,0,0,37,0
4,12,1.380562e6,-3.958665891057287,-3.56967692130706,TIME_LIMIT,114623,0,0,36,0
4,12,1.381043e6,-3.958665891057287,-3.56967692130706,TIME_LIMIT,114655,0,0,37,0
4,12,1.381523e6,-3.958665891057287,-3.56967692130706,TIME_LIMIT,114707,0,0,24,0
4,12,1.382e6,-3.958665891057287,-3.56967692130706,TIME_LIMIT,114730,0,0,20,0
4,12,1.382502e6,-3.958665891057287,-3.56967692130706,TIME_LIMIT,114786,0,0,31,0
4,12,1.38298e6,-3.958665891057287,-3.56967692130706,TIME_LIMIT,114820,0,0,34,0
4,12,1.383458e6,-3.958629180871765,-3.56967692130706,TIME_LIMIT,114859,0,0,29,0
4,12,1.383939e6,-3.958629180871765,-3.56967692130706,TIME_LIMIT,114891,0,0,35,0
4,12,1.384416e6,-3.958629180871765,-3.56967692130706,TIME_LIMIT,114937,0,0,30,0
4,12,1.384894e6,-3.958629180871765,-3.56967692130706,TIME_LIMIT,114970,0,0,31,0
4,12,1.385394e6,-3.9586187172437857,-3.56967692130706,TIME_LIMIT,115016,0,0,27,0
4,12,1.385876e6,-3.9586187172437857,-3.56967692130706,TIME_LIMIT,115040,0,0,47,0
4,12,1.386355e6,-3.958545300557454,-3.56967692130706,TIME_LIMIT,115092,0,0,12,0
4,12,1.386835e6,-3.958545300557454,-3.56967692130706,TIME_LIMIT,115126,0,0,32,0
4,12,1.387312e6,-3.958545300557454,-3.56967692130706,TIME_LIMIT,115177,0,0,27,0
4,12,1.38779e6,-3.958545300557454,-3.56967692130706,TIME_LIMIT,115214,0,0,23,0
4,12,1.38829e6,-3.9585381739581202,-3.56967692130706,TIME_LIMIT,115268,0,0,21,0
4,12,1.388769e6,-3.9585381739581202,-3.56967692130706,TIME_LIMIT,115293,0,0,36,0
4,12,1.389249e6,-3.958383389272236,-3.56967692130706,TIME_LIMIT,115341,0,0,27,0
4,12,1.389728e6,-3.958383389272236,-3.56967692130706,TIME_LIMIT,115367,0,0,40,0
4,12,1.390206e6,-3.958383389272236,-3.56967692130706,TIME_LIMIT,115417,0,0,32,0
4,12,1.390705e6,-3.958383389272236,-3.56967692130706,TIME_LIMIT,115442,0,0,29,0
4,12,1.391184e6,-3.9583499306485717,-3.56967692130706,TIME_LIMIT,115490,0,0,29,0
4,12,1.391664e6,-3.9583499306485717,-3.56967692130706,TIME_LIMIT,115508,0,0,44,0
4,12,1.392146e6,-3.958326745850623,-3.56967692130706,TIME_LIMIT,115563,0,0,22,0
4,12,1.392623e6,-3.958326745850623,-3.56967692130706,TIME_LIMIT,115593,0,0,43,0
4,12,1.3931e6,-3.958302962284448,-3.56967692130706,TIME_LIMIT,115644,0,0,13,0
4,12,1.393602e6,-3.958302962284448,-3.56967692130706,TIME_LIMIT,115667,0,0,37,0
4,12,1.394082e6,-3.958302512149872,-3.56967692130706,TIME_LIMIT,115718,0,0,33,0
4,12,1.394564e6,-3.958302512149872,-3.56967692130706,TIME_LIMIT,115746,0,0,47,0
4,12,1.395044e6,-3.958273930664571,-3.56967692130706,TIME_LIMIT,115801,0,0,34,0
4,12,1.395521e6,-3.958273930664571,-3.56967692130706,TIME_LIMIT,115828,0,0,37,0
4,12,1.396001e6,-3.9582716689345263,-3.56967692130706,TIME_LIMIT,115876,0,0,32,0
4,12,1.396503e6,-3.9582716689345263,-3.56967692130706,TIME_LIMIT,115914,0,0,44,0
4,12,1.396981e6,-3.958157969050205,-3.56967692130706,TIME_LIMIT,115967,0,0,32,0
4,12,1.397461e6,-3.958157969050205,-3.56967692130706,TIME_LIMIT,116001,0,0,28,0
4,12,1.39794e6,-3.958136323590813,-3.56967692130706,TIME_LIMIT,116053,0,0,28,0
4,12,1.398422e6,-3.958136323590813,-3.56967692130706,TIME_LIMIT,116084,0,0,46,0
4,12,1.398901e6,-3.9580234348553334,-3.56967692130706,TIME_LIMIT,116129,0,0,29,0
4,12,1.399404e6,-3.9580234348553334,-3.56967692130706,TIME_LIMIT,116152,0,0,41,0
4,12,1.399883e6,-3.9580234348553334,-3.56967692130706,TIME_LIMIT,116206,0,0,31,0
4,12,1.400362e6,-3.9580234348553334,-3.56967692130706,TIME_LIMIT,116240,0,0,42,0
4,12,1.400842e6,-3.958010807709332,-3.56967692130706,TIME_LIMIT,116293,0,0,27,0
4,12,1.401321e6,-3.958010807709332,-3.56967692130706,TIME_LIMIT,116329,0,0,35,0
4,12,1.4018e6,-3.958010807709332,-3.56967692130706,TIME_LIMIT,116382,0,0,34,0
4,12,1.402301e6,-3.958010807709332,-3.56967692130706,TIME_LIMIT,116404,0,0,39,0
4,12,1.40278e6,-3.958010807709332,-3.56967692130706,TIME_LIMIT,116460,0,0,27,0
4,12,1.403259e6,-3.958010807709332,-3.56967692130706,TIME_LIMIT,116483,0,0,32,0
4,12,1.403739e6,-3.9579932143457075,-3.56967692130706,TIME_LIMIT,116542,0,0,33,0
4,12,1.404219e6,-3.9579932143457075,-3.56967692130706,TIME_LIMIT,116571,0,0,36,0
4,12,1.404696e6,-3.9579932143457075,-3.56967692130706,TIME_LIMIT,116617,0,0,25,0
4,12,1.405196e6,-3.9579932143457075,-3.56967692130706,TIME_LIMIT,116655,0,0,40,0
4,12,1.405675e6,-3.9579671772059957,-3.56967692130706,TIME_LIMIT,116708,0,0,36,0
4,12,1.406156e6,-3.9579671772059957,-3.56967692130706,TIME_LIMIT,116733,0,0,32,0
4,12,1.406635e6,-3.9579237203549336,-3.56967692130706,TIME_LIMIT,116781,0,0,31,0
4,12,1.407116e6,-3.9579237203549336,-3.56967692130706,TIME_LIMIT,116810,0,0,35,0
4,12,1.407594e6,-3.9579237203549336,-3.56967692130706,TIME_LIMIT,116860,0,0,28,0
4,12,1.408094e6,-3.9579237203549336,-3.56967692130706,TIME_LIMIT,116890,0,0,19,0
4,12,1.408574e6,-3.9579237203549336,-3.56967692130706,TIME_LIMIT,116940,0,0,33,0
4,12,1.409054e6,-3.9579237203549336,-3.56967692130706,TIME_LIMIT,116977,0,0,33,0
4,12,1.409533e6,-3.957834203496572,-3.56967692130706,TIME_LIMIT,117015,0,0,35,0
4,12,1.410011e6,-3.957834203496572,-3.56967692130706,TIME_LIMIT,117050,0,0,32,0
4,12,1.410511e6,-3.9578318705894295,-3.56967692130706,TIME_LIMIT,117091,0,0,33,0
4,12,1.41099e6,-3.9578318705894295,-3.56967692130706,TIME_LIMIT,117131,0,0,47,0
4,12,1.411469e6,-3.957768565090246,-3.56967692130706,TIME_LIMIT,117172,0,0,46,0
4,12,1.411948e6,-3.957768565090246,-3.56967692130706,TIME_LIMIT,117206,0,0,41,0
4,12,1.412426e6,-3.957768565090246,-3.56967692130706,TIME_LIMIT,117256,0,0,29,0
4,12,1.412905e6,-3.957768565090246,-3.56967692130706,TIME_LIMIT,117288,0,0,38,0
4,12,1.413404e6,-3.957584104867551,-3.56967692130706,TIME_LIMIT,117339,0,0,34,0
4,12,1.413883e6,-3.957584104867551,-3.56967692130706,TIME_LIMIT,117360,0,0,37,0
4,12,1.414362e6,-3.957567576125172,-3.56967692130706,TIME_LIMIT,117411,0,0,33,0
4,12,1.414842e6,-3.957567576125172,-3.56967692130706,TIME_LIMIT,117442,0,0,34,0
4,12,1.415323e6,-3.9575413700329425,-3.56967692130706,TIME_LIMIT,117491,0,0,28,0
4,12,1.415802e6,-3.9575413700329425,-3.56967692130706,TIME_LIMIT,117528,0,0,34,0
4,12,1.416302e6,-3.9575413700329425,-3.56967692130706,TIME_LIMIT,117570,0,0,26,0
4,12,1.416781e6,-3.9575413700329425,-3.56967692130706,TIME_LIMIT,117606,0,0,40,0
4,12,1.41726e6,-3.9575174828235027,-3.56967692130706,TIME_LIMIT,117658,0,0,19,0
4,12,1.417739e6,-3.9575174828235027,-3.56967692130706,TIME_LIMIT,117691,0,0,31,0
4,12,1.418218e6,-3.9575174828235027,-3.56967692130706,TIME_LIMIT,117731,0,0,24,0
4,12,1.418697e6,-3.9575174828235027,-3.56967692130706,TIME_LIMIT,117754,0,0,27,0
4,12,1.419195e6,-3.9575174828235027,-3.56967692130706,TIME_LIMIT,117793,0,0,31,0
4,12,1.419673e6,-3.9575174828235027,-3.56967692130706,TIME_LIMIT,117828,0,0,37,0
4,12,1.420152e6,-3.9575029953827614,-3.56967692130706,TIME_LIMIT,117880,0,0,13,0
4,12,1.420633e6,-3.9575029953827614,-3.56967692130706,TIME_LIMIT,117916,0,0,35,0
4,12,1.421112e6,-3.9574929455349355,-3.56967692130706,TIME_LIMIT,117971,0,0,30,0
4,12,1.421591e6,-3.9574929455349355,-3.56967692130706,TIME_LIMIT,118007,0,0,37,0
4,12,1.42209e6,-3.9574929455349355,-3.56967692130706,TIME_LIMIT,118052,0,0,30,0
4,12,1.422568e6,-3.9574929455349355,-3.56967692130706,TIME_LIMIT,118079,0,0,34,0
4,12,1.423048e6,-3.9574674862400676,-3.56967692130706,TIME_LIMIT,118115,0,0,25,0
4,12,1.423527e6,-3.9574674862400676,-3.56967692130706,TIME_LIMIT,118148,0,0,36,0
4,12,1.424034e6,-3.957368270563093,-3.56967692130706,TIME_LIMIT,118201,0,0,33,0
4,12,1.42452e6,-3.957368270563093,-3.56967692130706,TIME_LIMIT,118238,0,0,40,0
4,12,1.425022e6,-3.957368270563093,-3.56967692130706,TIME_LIMIT,118286,0,0,31,0
4,12,1.425504e6,-3.957368270563093,-3.56967692130706,TIME_LIMIT,118327,0,0,29,0
4,12,1.425984e6,-3.957368270563093,-3.56967692130706,TIME_LIMIT,118379,0,0,31,0
4,12,1.426465e6,-3.957368270563093,-3.56967692130706,TIME_LIMIT,118415,0,0,41,0
4,12,1.426945e6,-3.957368270563093,-3.56967692130706,TIME_LIMIT,118466,0,0,24,0
4,12,1.427425e6,-3.957368270563093,-3.56967692130706,TIME_LIMIT,118506,0,0,35,0
4,12,1.427926e6,-3.957368270563093,-3.56967692130706,TIME_LIMIT,118554,0,0,35,0
4,12,1.428408e6,-3.957368270563093,-3.56967692130706,TIME_LIMIT,118583,0,0,14,0
4,12,1.428887e6,-3.957368270563093,-3.56967692130706,TIME_LIMIT,118634,0,0,30,0
4,12,1.429368e6,-3.957368270563093,-3.56967692130706,TIME_LIMIT,118667,0,0,38,0
4,12,1.429848e6,-3.957368270563093,-3.56967692130706,TIME_LIMIT,118721,0,0,33,0
4,12,1.430328e6,-3.957368270563093,-3.56967692130706,TIME_LIMIT,118754,0,0,36,0
4,12,1.430828e6,-3.95731504743704,-3.56967692130706,TIME_LIMIT,118812,0,0,37,0
4,12,1.431307e6,-3.95731504743704,-3.56967692130706,TIME_LIMIT,118836,0,0,39,0
4,12,1.431786e6,-3.95731504743704,-3.56967692130706,TIME_LIMIT,118882,0,0,31,0
4,12,1.432264e6,-3.95731504743704,-3.56967692130706,TIME_LIMIT,118914,0,0,34,0
4,12,1.432743e6,-3.9573074481813455,-3.56967692130706,TIME_LIMIT,118963,0,0,32,0
4,12,1.433224e6,-3.9573074481813455,-3.56967692130706,TIME_LIMIT,118991,0,0,31,0
4,12,1.433726e6,-3.9572076058428785,-3.56967692130706,TIME_LIMIT,119044,0,0,30,0
4,12,1.434206e6,-3.9572076058428785,-3.56967692130706,TIME_LIMIT,119067,0,0,32,0
4,12,1.434686e6,-3.9571774825724324,-3.56967692130706,TIME_LIMIT,119119,0,0,34,0
4,12,1.435168e6,-3.9571774825724324,-3.56967692130706,TIME_LIMIT,119146,0,0,43,0
4,12,1.435647e6,-3.9571607926355354,-3.56967692130706,TIME_LIMIT,119198,0,0,28,0
4,12,1.436127e6,-3.9571607926355354,-3.56967692130706,TIME_LIMIT,119239,0,0,9,0
4,12,1.436628e6,-3.9570609005231616,-3.56967692130706,TIME_LIMIT,119290,0,0,30,0
4,12,1.437109e6,-3.9570609005231616,-3.56967692130706,TIME_LIMIT,119324,0,0,38,0
4,12,1.437588e6,-3.9569715986507474,-3.56967692130706,TIME_LIMIT,119377,0,0,30,0
4,12,1.438067e6,-3.9569715986507474,-3.56967692130706,TIME_LIMIT,119399,0,0,43,0
4,12,1.438546e6,-3.9569715986507474,-3.56967692130706,TIME_LIMIT,119445,0,0,32,0
4,12,1.439025e6,-3.9569715986507474,-3.56967692130706,TIME_LIMIT,119475,0,0,42,0
4,12,1.439504e6,-3.956961973922802,-3.56967692130706,TIME_LIMIT,119526,0,0,9,0
4,12,1.440005e6,-3.956961973922802,-3.56967692130706,TIME_LIMIT,119560,0,0,45,0
4,12,1.440486e6,-3.956958859428881,-3.56967692130706,TIME_LIMIT,119613,0,0,28,0
4,12,1.440967e6,-3.956958859428881,-3.56967692130706,TIME_LIMIT,119636,0,0,29,0
4,12,1.441447e6,-3.956958859428881,-3.56967692130706,TIME_LIMIT,119685,0,0,27,0
4,12,1.441927e6,-3.956958859428881,-3.56967692130706,TIME_LIMIT,119714,0,0,37,0
4,12,1.442405e6,-3.9569393169982408,-3.56967692130706,TIME_LIMIT,119752,0,0,30,0
4,12,1.442907e6,-3.9569393169982408,-3.56967692130706,TIME_LIMIT,119769,0,0,31,0
4,12,1.443387e6,-3.956926975699485,-3.56967692130706,TIME_LIMIT,119822,0,0,34,0
4,12,1.443867e6,-3.956926975699485,-3.56967692130706,TIME_LIMIT,119862,0,0,33,0
4,12,1.444346e6,-3.956926975699485,-3.56967692130706,TIME_LIMIT,119907,0,0,29,0
4,12,1.444825e6,-3.956926975699485,-3.56967692130706,TIME_LIMIT,119946,0,0,39,0
4,12,1.445304e6,-3.956917665917683,-3.56967692130706,TIME_LIMIT,119992,0,0,26,0
4,12,1.445808e6,-3.956917665917683,-3.56967692130706,TIME_LIMIT,120028,0,0,39,0
4,12,1.446288e6,-3.956916825840001,-3.56967692130706,TIME_LIMIT,120064,0,0,35,0
4,12,1.44677e6,-3.956916825840001,-3.56967692130706,TIME_LIMIT,120099,0,0,36,0
4,12,1.447251e6,-3.9569032937702193,-3.56967692130706,TIME_LIMIT,120141,0,0,40,0
4,12,1.447728e6,-3.9569032937702193,-3.56967692130706,TIME_LIMIT,120169,0,0,35,0
4,12,1.448206e6,-3.9568918507584514,-3.56967692130706,TIME_LIMIT,120214,0,0,29,0
4,12,1.448707e6,-3.9568918507584514,-3.56967692130706,TIME_LIMIT,120235,0,0,38,0
4,12,1.449187e6,-3.956825273062538,-3.56967692130706,TIME_LIMIT,120289,0,0,36,0
4,12,1.449667e6,-3.956825273062538,-3.56967692130706,TIME_LIMIT,120325,0,0,36,0
4,12,1.450146e6,-3.9568196786748833,-3.56967692130706,TIME_LIMIT,120368,0,0,29,0
4,12,1.450627e6,-3.9568196786748833,-3.56967692130706,TIME_LIMIT,120392,0,0,35,0
4,12,1.451106e6,-3.9568167308842104,-3.56967692130706,TIME_LIMIT,120440,0,0,27,0
4,12,1.45161e6,-3.9568167308842104,-3.56967692130706,TIME_LIMIT,120477,0,0,28,0
4,12,1.452089e6,-3.9568167308842104,-3.56967692130706,TIME_LIMIT,120526,0,0,28,0
4,12,1.452567e6,-3.9568167308842104,-3.56967692130706,TIME_LIMIT,120559,0,0,39,0
4,12,1.453048e6,-3.9568034303703263,-3.56967692130706,TIME_LIMIT,120611,0,0,31,0
4,12,1.453526e6,-3.9568034303703263,-3.56967692130706,TIME_LIMIT,120638,0,0,37,0
4,12,1.454006e6,-3.9567943786919075,-3.56967692130706,TIME_LIMIT,120695,0,0,36,0
4,12,1.454507e6,-3.9567943786919075,-3.56967692130706,TIME_LIMIT,120718,0,0,26,0
4,12,1.454986e6,-3.9567943786919075,-3.56967692130706,TIME_LIMIT,120766,0,0,27,0
4,12,1.455466e6,-3.9567943786919075,-3.56967692130706,TIME_LIMIT,120795,0,0,24,0
4,12,1.455945e6,-3.9567943786919075,-3.56967692130706,TIME_LIMIT,120846,0,0,35,0
4,12,1.456426e6,-3.9567943786919075,-3.56967692130706,TIME_LIMIT,120879,0,0,34,0
4,12,1.456904e6,-3.956752500417188,-3.56967692130706,TIME_LIMIT,120927,0,0,29,0
4,12,1.457406e6,-3.956752500417188,-3.56967692130706,TIME_LIMIT,120961,0,0,26,0
4,12,1.457888e6,-3.9567049567514876,-3.56967692130706,TIME_LIMIT,121007,0,0,28,0
4,12,1.458369e6,-3.9567049567514876,-3.56967692130706,TIME_LIMIT,121030,0,0,28,0
4,12,1.458849e6,-3.956624966497104,-3.56967692130706,TIME_LIMIT,121077,0,0,29,0
4,12,1.459328e6,-3.956624966497104,-3.56967692130706,TIME_LIMIT,121109,0,0,37,0
4,12,1.459809e6,-3.956624966497104,-3.56967692130706,TIME_LIMIT,121164,0,0,31,0
4,12,1.460289e6,-3.956624966497104,-3.56967692130706,TIME_LIMIT,121193,0,0,37,0
4,12,1.460791e6,-3.9565881524948208,-3.56967692130706,TIME_LIMIT,121244,0,0,31,0
4,12,1.461269e6,-3.9565881524948208,-3.56967692130706,TIME_LIMIT,121269,0,0,39,0
4,12,1.461748e6,-3.9565881524948208,-3.56967692130706,TIME_LIMIT,121326,0,0,33,0
4,12,1.462227e6,-3.9565881524948208,-3.56967692130706,TIME_LIMIT,121355,0,0,37,0
4,12,1.462705e6,-3.95658676432277,-3.56967692130706,TIME_LIMIT,121408,0,0,29,0
4,12,1.463183e6,-3.95658676432277,-3.56967692130706,TIME_LIMIT,121440,0,0,12,0
4,12,1.463684e6,-3.9565838800544,-3.56967692130706,TIME_LIMIT,121492,0,0,36,0
4,12,1.464165e6,-3.9565838800544,-3.56967692130706,TIME_LIMIT,121527,0,0,32,0
4,12,1.464645e6,-3.9565674724948794,-3.56967692130706,TIME_LIMIT,121577,0,0,31,0
4,12,1.465127e6,-3.9565674724948794,-3.56967692130706,TIME_LIMIT,121606,0,0,43,0
4,12,1.465606e6,-3.9565674724948794,-3.56967692130706,TIME_LIMIT,121646,0,0,16,0
4,12,1.466085e6,-3.9565674724948794,-3.56967692130706,TIME_LIMIT,121690,0,0,32,0
4,12,1.466584e6,-3.956558161303313,-3.56967692130706,TIME_LIMIT,121727,0,0,34,0
4,12,1.467065e6,-3.956558161303313,-3.56967692130706,TIME_LIMIT,121759,0,0,35,0
4,12,1.467546e6,-3.956558161303313,-3.56967692130706,TIME_LIMIT,121808,0,0,29,0
4,12,1.468027e6,-3.956558161303313,-3.56967692130706,TIME_LIMIT,121840,0,0,35,0
4,12,1.468507e6,-3.9565089325784184,-3.56967692130706,TIME_LIMIT,121889,0,0,32,0
4,12,1.468986e6,-3.9565089325784184,-3.56967692130706,TIME_LIMIT,121913,0,0,34,0
4,12,1.469487e6,-3.956504098371471,-3.56967692130706,TIME_LIMIT,121960,0,0,30,0
4,12,1.469967e6,-3.956504098371471,-3.56967692130706,TIME_LIMIT,121987,0,0,40,0
4,12,1.470446e6,-3.956502077633141,-3.56967692130706,TIME_LIMIT,122040,0,0,29,0
4,12,1.470927e6,-3.956502077633141,-3.56967692130706,TIME_LIMIT,122064,0,0,35,0
4,12,1.471443e6,-3.9564542329232375,-3.56967692130706,TIME_LIMIT,122115,0,0,32,0
4,12,1.471921e6,-3.9564542329232375,-3.56967692130706,TIME_LIMIT,122157,0,0,36,0
4,12,1.4724e6,-3.956434435126939,-3.56967692130706,TIME_LIMIT,122197,0,0,35,0
4,12,1.472904e6,-3.956434435126939,-3.56967692130706,TIME_LIMIT,122233,0,0,32,0
4,12,1.473383e6,-3.956434435126939,-3.56967692130706,TIME_LIMIT,122284,0,0,28,0
4,12,1.473864e6,-3.956434435126939,-3.56967692130706,TIME_LIMIT,122318,0,0,30,0
4,12,1.474345e6,-3.956434435126939,-3.56967692130706,TIME_LIMIT,122369,0,0,33,0
4,12,1.474822e6,-3.956434435126939,-3.56967692130706,TIME_LIMIT,122402,0,0,41,0
4,12,1.475299e6,-3.956434435126939,-3.56967692130706,TIME_LIMIT,122457,0,0,27,0
4,12,1.475802e6,-3.956434435126939,-3.56967692130706,TIME_LIMIT,122487,0,0,41,0
4,12,1.476282e6,-3.9564195449690605,-3.56967692130706,TIME_LIMIT,122542,0,0,20,0
4,12,1.476762e6,-3.9564195449690605,-3.56967692130706,TIME_LIMIT,122574,0,0,17,0
4,12,1.477241e6,-3.956387967235832,-3.56967692130706,TIME_LIMIT,122613,0,0,32,0
4,12,1.477722e6,-3.956387967235832,-3.56967692130706,TIME_LIMIT,122639,0,0,38,0
4,12,1.478201e6,-3.9563274736598557,-3.56967692130706,TIME_LIMIT,122691,0,0,33,0
4,12,1.478681e6,-3.9563274736598557,-3.56967692130706,TIME_LIMIT,122718,0,0,47,0
4,12,1.479182e6,-3.956200359003007,-3.56967692130706,TIME_LIMIT,122773,0,0,38,0
4,12,1.479662e6,-3.956200359003007,-3.56967692130706,TIME_LIMIT,122798,0,0,37,0
4,12,1.480143e6,-3.9561530448342745,-3.56967692130706,TIME_LIMIT,122855,0,0,30,0
4,12,1.480624e6,-3.9561530448342745,-3.56967692130706,TIME_LIMIT,122895,0,0,51,0
4,12,1.481104e6,-3.956124762152922,-3.56967692130706,TIME_LIMIT,122950,0,0,23,0
4,12,1.481583e6,-3.956124762152922,-3.56967692130706,TIME_LIMIT,122978,0,0,38,0
4,12,1.482084e6,-3.9561210315874296,-3.56967692130706,TIME_LIMIT,123037,0,0,30,0
4,12,1.482562e6,-3.9561210315874296,-3.56967692130706,TIME_LIMIT,123064,0,0,36,0
4,12,1.483043e6,-3.9561210315874296,-3.56967692130706,TIME_LIMIT,123117,0,0,36,0
4,12,1.483525e6,-3.9561210315874296,-3.56967692130706,TIME_LIMIT,123142,0,0,31,0
4,12,1.484005e6,-3.956087411739225,-3.56967692130706,TIME_LIMIT,123193,0,0,32,0
4,12,1.484483e6,-3.956087411739225,-3.56967692130706,TIME_LIMIT,123220,0,0,42,0
4,12,1.484983e6,-3.9559593744486157,-3.56967692130706,TIME_LIMIT,123265,0,0,28,0
4,12,1.485463e6,-3.9559593744486157,-3.56967692130706,TIME_LIMIT,123300,0,0,36,0
4,12,1.485942e6,-3.9559592179550394,-3.56967692130706,TIME_LIMIT,123352,0,0,32,0
4,12,1.486422e6,-3.9559592179550394,-3.56967692130706,TIME_LIMIT,123387,0,0,30,0
4,12,1.486902e6,-3.9559592179550394,-3.56967692130706,TIME_LIMIT,123436,0,0,12,0
4,12,1.48738e6,-3.9559592179550394,-3.56967692130706,TIME_LIMIT,123471,0,0,18,0
4,12,1.48786e6,-3.9559386171757396,-3.56967692130706,TIME_LIMIT,123520,0,0,36,0
4,12,1.488364e6,-3.9559386171757396,-3.56967692130706,TIME_LIMIT,123560,0,0,47,0
4,12,1.488843e6,-3.9559386171757396,-3.56967692130706,TIME_LIMIT,123613,0,0,34,0
4,12,1.489324e6,-3.9559386171757396,-3.56967692130706,TIME_LIMIT,123633,0,0,39,0
4,12,1.489807e6,-3.9559002845508955,-3.56967692130706,TIME_LIMIT,123687,0,0,28,0
4,12,1.490287e6,-3.9559002845508955,-3.56967692130706,TIME_LIMIT,123712,0,0,31,0
4,12,1.490765e6,-3.9559002845508955,-3.56967692130706,TIME_LIMIT,123763,0,0,31,0
4,12,1.491265e6,-3.9559002845508955,-3.56967692130706,TIME_LIMIT,123782,0,0,34,0
4,12,1.491744e6,-3.9558357388965764,-3.56967692130706,TIME_LIMIT,123834,0,0,29,0
4,12,1.492226e6,-3.9558357388965764,-3.56967692130706,TIME_LIMIT,123873,0,0,37,0
4,12,1.492709e6,-3.9558357388965764,-3.56967692130706,TIME_LIMIT,123909,0,0,27,0
4,12,1.493189e6,-3.9558357388965764,-3.56967692130706,TIME_LIMIT,123937,0,0,40,0
4,12,1.493668e6,-3.9558357388965764,-3.56967692130706,TIME_LIMIT,123986,0,0,30,0
4,12,1.494146e6,-3.9558357388965764,-3.56967692130706,TIME_LIMIT,124014,0,0,33,0
4,12,1.494648e6,-3.955802711531219,-3.56967692130706,TIME_LIMIT,124061,0,0,30,0
4,12,1.495126e6,-3.955802711531219,-3.56967692130706,TIME_LIMIT,124089,0,0,40,0
4,12,1.495607e6,-3.955802711531219,-3.56967692130706,TIME_LIMIT,124145,0,0,38,0
4,12,1.496088e6,-3.955802711531219,-3.56967692130706,TIME_LIMIT,124173,0,0,45,0
4,12,1.496568e6,-3.955802711531219,-3.56967692130706,TIME_LIMIT,124224,0,0,33,0
4,12,1.497048e6,-3.955802711531219,-3.56967692130706,TIME_LIMIT,124251,0,0,38,0
4,12,1.497548e6,-3.955781821838258,-3.56967692130706,TIME_LIMIT,124304,0,0,35,0
4,12,1.498028e6,-3.955781821838258,-3.56967692130706,TIME_LIMIT,124336,0,0,38,0
4,12,1.498508e6,-3.9557776512656977,-3.56967692130706,TIME_LIMIT,124386,0,0,29,0
4,12,1.498989e6,-3.9557776512656977,-3.56967692130706,TIME_LIMIT,124426,0,0,38,0
4,12,1.499469e6,-3.9556907422866323,-3.56967692130706,TIME_LIMIT,124483,0,0,35,0
4,12,1.499949e6,-3.9556907422866323,-3.56967692130706,TIME_LIMIT,124514,0,0,42,0
4,12,1.500429e6,-3.9556907422866323,-3.56967692130706,TIME_LIMIT,124561,0,0,26,0
4,12,1.500932e6,-3.9556907422866323,-3.56967692130706,TIME_LIMIT,124593,0,0,33,0
4,12,1.501415e6,-3.9556907422866323,-3.56967692130706,TIME_LIMIT,124640,0,0,33,0
4,12,1.501895e6,-3.9556907422866323,-3.56967692130706,TIME_LIMIT,124666,0,0,38,0
4,12,1.502377e6,-3.955636554081788,-3.56967692130706,TIME_LIMIT,124716,0,0,26,0
4,12,1.502855e6,-3.955636554081788,-3.56967692130706,TIME_LIMIT,124756,0,0,18,0
4,12,1.503334e6,-3.955636554081788,-3.56967692130706,TIME_LIMIT,124801,0,0,34,0
4,12,1.503835e6,-3.955636554081788,-3.56967692130706,TIME_LIMIT,124835,0,0,21,0
4,12,1.504315e6,-3.955599471994386,-3.56967692130706,TIME_LIMIT,124871,0,0,39,0
4,12,1.504794e6,-3.955599471994386,-3.56967692130706,TIME_LIMIT,124895,0,0,44,0
4,12,1.505274e6,-3.9555867743648623,-3.56967692130706,TIME_LIMIT,124944,0,0,33,0
4,12,1.505755e6,-3.9555867743648623,-3.56967692130706,TIME_LIMIT,124966,0,0,37,0
4,12,1.506235e6,-3.9555867743648623,-3.56967692130706,TIME_LIMIT,125015,0,0,27,0
4,12,1.506715e6,-3.9555867743648623,-3.56967692130706,TIME_LIMIT,125048,0,0,33,0
4,12,1.507218e6,-3.9555867743648623,-3.56967692130706,TIME_LIMIT,125097,0,0,29,0
4,12,1.507697e6,-3.9555867743648623,-3.56967692130706,TIME_LIMIT,125121,0,0,15,0
4,12,1.508177e6,-3.9555393512625336,-3.56967692130706,TIME_LIMIT,125174,0,0,28,0
4,12,1.508659e6,-3.9555393512625336,-3.56967692130706,TIME_LIMIT,125197,0,0,34,0
4,12,1.50914e6,-3.9555295864100004,-3.56967692130706,TIME_LIMIT,125246,0,0,24,0
4,12,1.509619e6,-3.9555295864100004,-3.56967692130706,TIME_LIMIT,125276,0,0,26,0
4,12,1.510119e6,-3.9555295864100004,-3.56967692130706,TIME_LIMIT,125323,0,0,19,0
4,12,1.510599e6,-3.9555295864100004,-3.56967692130706,TIME_LIMIT,125362,0,0,29,0
4,12,1.511078e6,-3.9555295864100004,-3.56967692130706,TIME_LIMIT,125407,0,0,28,0
4,12,1.511558e6,-3.9555295864100004,-3.56967692130706,TIME_LIMIT,125442,0,0,29,0
4,12,1.512037e6,-3.955515736493727,-3.56967692130706,TIME_LIMIT,125482,0,0,27,0
4,12,1.512515e6,-3.955515736493727,-3.56967692130706,TIME_LIMIT,125521,0,0,34,0
4,12,1.512994e6,-3.955514529836389,-3.56967692130706,TIME_LIMIT,125557,0,0,38,0
4,12,1.513496e6,-3.955514529836389,-3.56967692130706,TIME_LIMIT,125595,0,0,47,0
4,12,1.513976e6,-3.955514529836389,-3.56967692130706,TIME_LIMIT,125651,0,0,29,0
4,12,1.514457e6,-3.955514529836389,-3.56967692130706,TIME_LIMIT,125685,0,0,31,0
4,12,1.514937e6,-3.9554899038105003,-3.56967692130706,TIME_LIMIT,125740,0,0,34,0
4,12,1.515416e6,-3.9554899038105003,-3.56967692130706,TIME_LIMIT,125766,0,0,49,0
4,12,1.515895e6,-3.9554862081692845,-3.56967692130706,TIME_LIMIT,125819,0,0,33,0
4,12,1.516373e6,-3.9554862081692845,-3.56967692130706,TIME_LIMIT,125845,0,0,35,0
4,12,1.516875e6,-3.9554810977187778,-3.56967692130706,TIME_LIMIT,125899,0,0,28,0
4,12,1.517354e6,-3.9554810977187778,-3.56967692130706,TIME_LIMIT,125924,0,0,43,0
4,12,1.517833e6,-3.9554810977187778,-3.56967692130706,TIME_LIMIT,125977,0,0,33,0
4,12,1.518319e6,-3.9554810977187778,-3.56967692130706,TIME_LIMIT,125998,0,0,30,0
4,12,1.518829e6,-3.9554810977187778,-3.56967692130706,TIME_LIMIT,126048,0,0,30,0
4,12,1.519308e6,-3.9554810977187778,-3.56967692130706,TIME_LIMIT,126080,0,0,33,0
4,12,1.519809e6,-3.9554746208393956,-3.56967692130706,TIME_LIMIT,126126,0,0,30,0
4,12,1.520287e6,-3.9554746208393956,-3.56967692130706,TIME_LIMIT,126157,0,0,33,0
4,12,1.520765e6,-3.9552703089945385,-3.56967692130706,TIME_LIMIT,126208,0,0,32,0
4,12,1.521247e6,-3.9552703089945385,-3.56967692130706,TIME_LIMIT,126240,0,0,45,0
4,12,1.521727e6,-3.955255804645378,-3.56967692130706,TIME_LIMIT,126297,0,0,22,0
4,12,1.522206e6,-3.955255804645378,-3.56967692130706,TIME_LIMIT,126333,0,0,34,0
4,12,1.522683e6,-3.955255804645378,-3.56967692130706,TIME_LIMIT,126373,0,0,30,0
4,12,1.523183e6,-3.955255804645378,-3.56967692130706,TIME_LIMIT,126398,0,0,36,0
4,12,1.523662e6,-3.955241546316632,-3.56967692130706,TIME_LIMIT,126446,0,0,29,0
4,12,1.524142e6,-3.955241546316632,-3.56967692130706,TIME_LIMIT,126477,0,0,43,0
4,12,1.524623e6,-3.955195763489944,-3.56967692130706,TIME_LIMIT,126527,0,0,29,0
4,12,1.525104e6,-3.955195763489944,-3.56967692130706,TIME_LIMIT,126567,0,0,40,0
4,12,1.525584e6,-3.955195763489944,-3.56967692130706,TIME_LIMIT,126616,0,0,21,0
4,12,1.526065e6,-3.955195763489944,-3.56967692130706,TIME_LIMIT,126639,0,0,38,0
4,12,1.526567e6,-3.9551618898968384,-3.56967692130706,TIME_LIMIT,126692,0,0,30,0
4,12,1.527046e6,-3.9551618898968384,-3.56967692130706,TIME_LIMIT,126726,0,0,35,0
4,12,1.527527e6,-3.9551618898968384,-3.56967692130706,TIME_LIMIT,126780,0,0,36,0
4,12,1.528009e6,-3.9551618898968384,-3.56967692130706,TIME_LIMIT,126805,0,0,31,0
4,12,1.528489e6,-3.9551082244016134,-3.56967692130706,TIME_LIMIT,126859,0,0,33,0
4,12,1.528968e6,-3.9551082244016134,-3.56967692130706,TIME_LIMIT,126885,0,0,37,0
4,12,1.529469e6,-3.955071298075082,-3.56967692130706,TIME_LIMIT,126938,0,0,29,0
4,12,1.529948e6,-3.955071298075082,-3.56967692130706,TIME_LIMIT,126958,0,0,23,0
4,12,1.530427e6,-3.955071298075082,-3.56967692130706,TIME_LIMIT,127006,0,0,28,0
4,12,1.530907e6,-3.955071298075082,-3.56967692130706,TIME_LIMIT,127039,0,0,26,0
4,12,1.531387e6,-3.955071298075082,-3.56967692130706,TIME_LIMIT,127089,0,0,16,0
4,12,1.531865e6,-3.955071298075082,-3.56967692130706,TIME_LIMIT,127129,0,0,26,0
4,12,1.532343e6,-3.9550442777514423,-3.56967692130706,TIME_LIMIT,127163,0,0,29,0
4,12,1.532845e6,-3.9550442777514423,-3.56967692130706,TIME_LIMIT,127195,0,0,36,0
4,12,1.533325e6,-3.955038622513519,-3.56967692130706,TIME_LIMIT,127246,0,0,31,0
4,12,1.533805e6,-3.955038622513519,-3.56967692130706,TIME_LIMIT,127272,0,0,40,0
4,12,1.534284e6,-3.9550379183377062,-3.56967692130706,TIME_LIMIT,127321,0,0,28,0
4,12,1.534765e6,-3.9550379183377062,-3.56967692130706,TIME_LIMIT,127352,0,0,43,0
4,12,1.535245e6,-3.9550158279583587,-3.56967692130706,TIME_LIMIT,127401,0,0,31,0
4,12,1.535725e6,-3.9550158279583587,-3.56967692130706,TIME_LIMIT,127430,0,0,39,0
4,12,1.536227e6,-3.9549437096708715,-3.56967692130706,TIME_LIMIT,127480,0,0,11,0
4,12,1.536706e6,-3.9549437096708715,-3.56967692130706,TIME_LIMIT,127506,0,0,28,0
4,12,1.537186e6,-3.9549437096708715,-3.56967692130706,TIME_LIMIT,127558,0,0,30,0
4,12,1.537664e6,-3.9549437096708715,-3.56967692130706,TIME_LIMIT,127587,0,0,35,0
4,12,1.538144e6,-3.9549315220294843,-3.56967692130706,TIME_LIMIT,127636,0,0,30,0
4,12,1.538624e6,-3.9549315220294843,-3.56967692130706,TIME_LIMIT,127658,0,0,38,0
4,12,1.539104e6,-3.9549315220294843,-3.56967692130706,TIME_LIMIT,127706,0,0,31,0
4,12,1.539607e6,-3.9549315220294843,-3.56967692130706,TIME_LIMIT,127732,0,0,38,0
4,12,1.540089e6,-3.9547963343821086,-3.56967692130706,TIME_LIMIT,127783,0,0,36,0
4,12,1.540569e6,-3.9547963343821086,-3.56967692130706,TIME_LIMIT,127806,0,0,34,0
4,12,1.54105e6,-3.9547849583648516,-3.56967692130706,TIME_LIMIT,127855,0,0,29,0
4,12,1.541532e6,-3.9547849583648516,-3.56967692130706,TIME_LIMIT,127885,0,0,42,0
4,12,1.542012e6,-3.9547849583648516,-3.56967692130706,TIME_LIMIT,127939,0,0,38,0
4,12,1.542491e6,-3.9547849583648516,-3.56967692130706,TIME_LIMIT,127967,0,0,45,0
4,12,1.542992e6,-3.9547849583648516,-3.56967692130706,TIME_LIMIT,128015,0,0,33,0
4,12,1.543473e6,-3.9547849583648516,-3.56967692130706,TIME_LIMIT,128040,0,0,29,0
4,12,1.543953e6,-3.954771699566002,-3.56967692130706,TIME_LIMIT,128086,0,0,14,0
4,12,1.544436e6,-3.954771699566002,-3.56967692130706,TIME_LIMIT,128115,0,0,49,0
4,12,1.544915e6,-3.954771699566002,-3.56967692130706,TIME_LIMIT,128168,0,0,32,0
4,12,1.545394e6,-3.954771699566002,-3.56967692130706,TIME_LIMIT,128198,0,0,39,0
4,12,1.545898e6,-3.954762896841282,-3.56967692130706,TIME_LIMIT,128253,0,0,38,0
4,12,1.546379e6,-3.954762896841282,-3.56967692130706,TIME_LIMIT,128283,0,0,41,0
4,12,1.546858e6,-3.954742828843362,-3.56967692130706,TIME_LIMIT,128334,0,0,33,0
4,12,1.547337e6,-3.954742828843362,-3.56967692130706,TIME_LIMIT,128365,0,0,28,0
4,12,1.547817e6,-3.954737777559316,-3.56967692130706,TIME_LIMIT,128416,0,0,32,0
4,12,1.548298e6,-3.954737777559316,-3.56967692130706,TIME_LIMIT,128449,0,0,39,0
4,12,1.548778e6,-3.954737777559316,-3.56967692130706,TIME_LIMIT,128496,0,0,27,0
4,12,1.549278e6,-3.954737777559316,-3.56967692130706,TIME_LIMIT,128518,0,0,33,0
4,12,1.549757e6,-3.954702165809257,-3.56967692130706,TIME_LIMIT,128561,0,0,17,0
4,12,1.550236e6,-3.954702165809257,-3.56967692130706,TIME_LIMIT,128589,0,0,42,0
4,12,1.550717e6,-3.9546945092828047,-3.56967692130706,TIME_LIMIT,128644,0,0,35,0
4,12,1.5512e6,-3.9546945092828047,-3.56967692130706,TIME_LIMIT,128677,0,0,20,0
4,12,1.55168e6,-3.954687208560924,-3.56967692130706,TIME_LIMIT,128720,0,0,24,0
4,12,1.552159e6,-3.954687208560924,-3.56967692130706,TIME_LIMIT,128747,0,0,37,0
4,12,1.552661e6,-3.954652874827746,-3.56967692130706,TIME_LIMIT,128805,0,0,35,0
4,12,1.55314e6,-3.954652874827746,-3.56967692130706,TIME_LIMIT,128835,0,0,33,0
4,12,1.55362e6,-3.9545745687131237,-3.56967692130706,TIME_LIMIT,128885,0,0,30,0
4,12,1.554102e6,-3.9545745687131237,-3.56967692130706,TIME_LIMIT,128916,0,0,30,0
4,12,1.554582e6,-3.954521770358742,-3.56967692130706,TIME_LIMIT,128969,0,0,31,0
4,12,1.555062e6,-3.954521770358742,-3.56967692130706,TIME_LIMIT,129002,0,0,15,0
4,12,1.555542e6,-3.9544854992968643,-3.56967692130706,TIME_LIMIT,129049,0,0,27,0
4,12,1.556044e6,-3.9544854992968643,-3.56967692130706,TIME_LIMIT,129078,0,0,19,0
4,12,1.556524e6,-3.9544630771457085,-3.56967692130706,TIME_LIMIT,129124,0,0,32,0
4,12,1.557003e6,-3.9544630771457085,-3.56967692130706,TIME_LIMIT,129152,0,0,37,0
4,12,1.557484e6,-3.9544533834624054,-3.56967692130706,TIME_LIMIT,129208,0,0,30,0
4,12,1.557965e6,-3.9544533834624054,-3.56967692130706,TIME_LIMIT,129233,0,0,36,0
4,12,1.558445e6,-3.954427478694323,-3.56967692130706,TIME_LIMIT,129289,0,0,34,0
4,12,1.558924e6,-3.954427478694323,-3.56967692130706,TIME_LIMIT,129310,0,0,24,0
4,12,1.559425e6,-3.954427478694323,-3.56967692130706,TIME_LIMIT,129357,0,0,30,0
4,12,1.559904e6,-3.954427478694323,-3.56967692130706,TIME_LIMIT,129386,0,0,39,0
4,12,1.560384e6,-3.9544114336658494,-3.56967692130706,TIME_LIMIT,129437,0,0,28,0
4,12,1.560864e6,-3.9544114336658494,-3.56967692130706,TIME_LIMIT,129485,0,0,13,0
4,12,1.561346e6,-3.9543875710555754,-3.56967692130706,TIME_LIMIT,129525,0,0,43,0
4,12,1.561826e6,-3.9543875710555754,-3.56967692130706,TIME_LIMIT,129557,0,0,24,0
4,12,1.562305e6,-3.9543875710555754,-3.56967692130706,TIME_LIMIT,129601,0,0,22,0
4,12,1.562805e6,-3.9543875710555754,-3.56967692130706,TIME_LIMIT,129642,0,0,30,0
4,12,1.563283e6,-3.9543875710555754,-3.56967692130706,TIME_LIMIT,129680,0,0,13,0
4,12,1.563763e6,-3.9543875710555754,-3.56967692130706,TIME_LIMIT,129723,0,0,26,0
4,12,1.564243e6,-3.9543859175786533,-3.56967692130706,TIME_LIMIT,129757,0,0,30,0
4,12,1.564722e6,-3.9543859175786533,-3.56967692130706,TIME_LIMIT,129783,0,0,45,0
4,12,1.565203e6,-3.9543859175786533,-3.56967692130706,TIME_LIMIT,129827,0,0,33,0
4,12,1.565707e6,-3.9543859175786533,-3.56967692130706,TIME_LIMIT,129849,0,0,10,0
4,12,1.566218e6,-3.9543423284474017,-3.56967692130706,TIME_LIMIT,129901,0,0,29,0
4,12,1.5667e6,-3.9543423284474017,-3.56967692130706,TIME_LIMIT,129934,0,0,35,0
4,12,1.567179e6,-3.9543423284474017,-3.56967692130706,TIME_LIMIT,129990,0,0,20,0
4,12,1.56766e6,-3.9543423284474017,-3.56967692130706,TIME_LIMIT,130030,0,0,38,0
4,12,1.568139e6,-3.9543172980279877,-3.56967692130706,TIME_LIMIT,130082,0,0,30,0
4,12,1.568618e6,-3.9543172980279877,-3.56967692130706,TIME_LIMIT,130117,0,0,21,0
4,12,1.569097e6,-3.9543172980279877,-3.56967692130706,TIME_LIMIT,130172,0,0,20,0
4,12,1.569598e6,-3.9543172980279877,-3.56967692130706,TIME_LIMIT,130212,0,0,33,0
4,12,1.570078e6,-3.9543172980279877,-3.56967692130706,TIME_LIMIT,130254,0,0,28,0
4,12,1.570558e6,-3.9543172980279877,-3.56967692130706,TIME_LIMIT,130290,0,0,38,0
4,12,1.571038e6,-3.9543134640247923,-3.56967692130706,TIME_LIMIT,130343,0,0,32,0
4,12,1.571517e6,-3.9543134640247923,-3.56967692130706,TIME_LIMIT,130380,0,0,33,0
4,12,1.571997e6,-3.9543134640247923,-3.56967692130706,TIME_LIMIT,130423,0,0,28,0
4,12,1.572476e6,-3.9543134640247923,-3.56967692130706,TIME_LIMIT,130450,0,0,38,0
4,12,1.572977e6,-3.9543134640247923,-3.56967692130706,TIME_LIMIT,130495,0,0,25,0
4,12,1.573455e6,-3.9543134640247923,-3.56967692130706,TIME_LIMIT,130525,0,0,32,0
4,12,1.573935e6,-3.9543071187204726,-3.56967692130706,TIME_LIMIT,130578,0,0,7,0
4,12,1.574416e6,-3.9543071187204726,-3.56967692130706,TIME_LIMIT,130604,0,0,43,0
4,12,1.574897e6,-3.9542686051653075,-3.56967692130706,TIME_LIMIT,130662,0,0,34,0
4,12,1.575375e6,-3.9542686051653075,-3.56967692130706,TIME_LIMIT,130687,0,0,18,0
4,12,1.575854e6,-3.954230488809129,-3.56967692130706,TIME_LIMIT,130740,0,0,34,0
4,12,1.576356e6,-3.954230488809129,-3.56967692130706,TIME_LIMIT,130769,0,0,50,0
4,12,1.576835e6,-3.954215155662428,-3.56967692130706,TIME_LIMIT,130824,0,0,37,0
4,12,1.577316e6,-3.954215155662428,-3.56967692130706,TIME_LIMIT,130844,0,0,37,0
4,12,1.577797e6,-3.9542046012223118,-3.56967692130706,TIME_LIMIT,130901,0,0,36,0
4,12,1.578278e6,-3.9542046012223118,-3.56967692130706,TIME_LIMIT,130936,0,0,35,0
4,12,1.578757e6,-3.9542046012223118,-3.56967692130706,TIME_LIMIT,130979,0,0,28,0
4,12,1.579236e6,-3.9542046012223118,-3.56967692130706,TIME_LIMIT,131009,0,0,34,0
4,12,1.579717e6,-3.954202904629367,-3.56967692130706,TIME_LIMIT,131058,0,0,29,0
4,12,1.580218e6,-3.954202904629367,-3.56967692130706,TIME_LIMIT,131097,0,0,37,0
4,12,1.580697e6,-3.954202904629367,-3.56967692130706,TIME_LIMIT,131147,0,0,30,0
4,12,1.581176e6,-3.954202904629367,-3.56967692130706,TIME_LIMIT,131172,0,0,34,0
4,12,1.581657e6,-3.95419160645057,-3.56967692130706,TIME_LIMIT,131221,0,0,26,0
4,12,1.582136e6,-3.95419160645057,-3.56967692130706,TIME_LIMIT,131254,0,0,41,0
4,12,1.582616e6,-3.954180296683891,-3.56967692130706,TIME_LIMIT,131302,0,0,27,0
4,12,1.583097e6,-3.954180296683891,-3.56967692130706,TIME_LIMIT,131340,0,0,40,0
4,12,1.583598e6,-3.954144163355641,-3.56967692130706,TIME_LIMIT,131377,0,0,27,0
4,12,1.584077e6,-3.954144163355641,-3.56967692130706,TIME_LIMIT,131404,0,0,37,0
4,12,1.584557e6,-3.954096150350538,-3.56967692130706,TIME_LIMIT,131455,0,0,33,0
4,12,1.585038e6,-3.954096150350538,-3.56967692130706,TIME_LIMIT,131485,0,0,23,0
4,12,1.585518e6,-3.954096150350538,-3.56967692130706,TIME_LIMIT,131540,0,0,33,0
4,12,1.585997e6,-3.954096150350538,-3.56967692130706,TIME_LIMIT,131576,0,0,28,0
4,12,1.586477e6,-3.954096150350538,-3.56967692130706,TIME_LIMIT,131621,0,0,32,0
4,12,1.586982e6,-3.954096150350538,-3.56967692130706,TIME_LIMIT,131654,0,0,44,0
4,12,1.587462e6,-3.954096150350538,-3.56967692130706,TIME_LIMIT,131702,0,0,27,0
4,12,1.587942e6,-3.954096150350538,-3.56967692130706,TIME_LIMIT,131732,0,0,33,0
4,12,1.588421e6,-3.954096150350538,-3.56967692130706,TIME_LIMIT,131778,0,0,30,0
4,12,1.588902e6,-3.954096150350538,-3.56967692130706,TIME_LIMIT,131802,0,0,25,0
4,12,1.589381e6,-3.9540739453676936,-3.56967692130706,TIME_LIMIT,131855,0,0,30,0
4,12,1.589861e6,-3.9540739453676936,-3.56967692130706,TIME_LIMIT,131889,0,0,32,0
4,12,1.590363e6,-3.9540325484000793,-3.56967692130706,TIME_LIMIT,131942,0,0,27,0
4,12,1.590843e6,-3.9540325484000793,-3.56967692130706,TIME_LIMIT,131971,0,0,40,0
4,12,1.591325e6,-3.95400280123666,-3.56967692130706,TIME_LIMIT,132028,0,0,21,0
4,12,1.591803e6,-3.95400280123666,-3.56967692130706,TIME_LIMIT,132056,0,0,35,0
4,12,1.592284e6,-3.9539933033581884,-3.56967692130706,TIME_LIMIT,132100,0,0,15,0
4,12,1.592763e6,-3.9539933033581884,-3.56967692130706,TIME_LIMIT,132138,0,0,39,0
4,12,1.593241e6,-3.9539595172238524,-3.56967692130706,TIME_LIMIT,132188,0,0,30,0
4,12,1.593721e6,-3.9539595172238524,-3.56967692130706,TIME_LIMIT,132219,0,0,37,0
4,12,1.594223e6,-3.953957918493657,-3.56967692130706,TIME_LIMIT,132273,0,0,25,0
4,12,1.594704e6,-3.953957918493657,-3.56967692130706,TIME_LIMIT,132309,0,0,20,0
4,12,1.595185e6,-3.9539134566522915,-3.56967692130706,TIME_LIMIT,132353,0,0,29,0
4,12,1.595667e6,-3.9539134566522915,-3.56967692130706,TIME_LIMIT,132387,0,0,40,0
4,12,1.596148e6,-3.9538999315157333,-3.56967692130706,TIME_LIMIT,132438,0,0,28,0
4,12,1.596628e6,-3.9538999315157333,-3.56967692130706,TIME_LIMIT,132472,0,0,41,0
4,12,1.597107e6,-3.9538999315157333,-3.56967692130706,TIME_LIMIT,132524,0,0,33,0
4,12,1.597607e6,-3.9538999315157333,-3.56967692130706,TIME_LIMIT,132562,0,0,45,0
4,12,1.598085e6,-3.9538919017769976,-3.56967692130706,TIME_LIMIT,132614,0,0,28,0
4,12,1.598565e6,-3.9538919017769976,-3.56967692130706,TIME_LIMIT,132640,0,0,40,0
4,12,1.599046e6,-3.9538919017769976,-3.56967692130706,TIME_LIMIT,132694,0,0,23,0
4,12,1.599526e6,-3.9538919017769976,-3.56967692130706,TIME_LIMIT,132729,0,0,18,0
4,12,1.600007e6,-3.9538919017769976,-3.56967692130706,TIME_LIMIT,132772,0,0,24,0
4,12,1.600485e6,-3.9538919017769976,-3.56967692130706,TIME_LIMIT,132808,0,0,31,0
4,12,1.600987e6,-3.9538919017769976,-3.56967692130706,TIME_LIMIT,132844,0,0,37,0
4,12,1.601467e6,-3.9538919017769976,-3.56967692130706,TIME_LIMIT,132882,0,0,34,0
4,12,1.601947e6,-3.9538857558829505,-3.56967692130706,TIME_LIMIT,132924,0,0,28,0
4,12,1.602428e6,-3.9538857558829505,-3.56967692130706,TIME_LIMIT,132948,0,0,40,0
4,12,1.602908e6,-3.9538301532870888,-3.56967692130706,TIME_LIMIT,132996,0,0,28,0
4,12,1.603389e6,-3.9538301532870888,-3.56967692130706,TIME_LIMIT,133027,0,0,36,0
4,12,1.60387e6,-3.9538301532870888,-3.56967692130706,TIME_LIMIT,133078,0,0,25,0
4,12,1.604351e6,-3.9538301532870888,-3.56967692130706,TIME_LIMIT,133098,0,0,18,0
4,12,1.604852e6,-3.9538301532870888,-3.56967692130706,TIME_LIMIT,133146,0,0,15,0
4,12,1.605332e6,-3.9538301532870888,-3.56967692130706,TIME_LIMIT,133182,0,0,35,0
4,12,1.605812e6,-3.9538301532870888,-3.56967692130706,TIME_LIMIT,133225,0,0,20,0
4,12,1.606293e6,-3.9538301532870888,-3.56967692130706,TIME_LIMIT,133263,0,0,30,0
4,12,1.606773e6,-3.9538301532870888,-3.56967692130706,TIME_LIMIT,133301,0,0,28,0
4,12,1.607254e6,-3.9538301532870888,-3.56967692130706,TIME_LIMIT,133323,0,0,13,0
4,12,1.607733e6,-3.9537578434649254,-3.56967692130706,TIME_LIMIT,133374,0,0,31,0
4,12,1.608236e6,-3.9537578434649254,-3.56967692130706,TIME_LIMIT,133406,0,0,17,0
4,12,1.608718e6,-3.953690682621297,-3.56967692130706,TIME_LIMIT,133448,0,0,43,0
4,12,1.609198e6,-3.953690682621297,-3.56967692130706,TIME_LIMIT,133483,0,0,37,0
4,12,1.609678e6,-3.95360285140453,-3.56967692130706,TIME_LIMIT,133530,0,0,11,0
4,12,1.610159e6,-3.95360285140453,-3.56967692130706,TIME_LIMIT,133565,0,0,36,0
4,12,1.610641e6,-3.953574394598986,-3.56967692130706,TIME_LIMIT,133607,0,0,31,0
4,12,1.611121e6,-3.953574394598986,-3.56967692130706,TIME_LIMIT,133639,0,0,28,0
4,12,1.611602e6,-3.953574394598986,-3.56967692130706,TIME_LIMIT,133682,0,0,26,0
4,12,1.612103e6,-3.953574394598986,-3.56967692130706,TIME_LIMIT,133710,0,0,33,0
4,12,1.612583e6,-3.953574394598986,-3.56967692130706,TIME_LIMIT,133755,0,0,19,0
4,12,1.613103e6,-3.953574394598986,-3.56967692130706,TIME_LIMIT,133780,0,0,32,0
4,12,1.613584e6,-3.953574394598986,-3.56967692130706,TIME_LIMIT,133827,0,0,29,0
4,12,1.614063e6,-3.953574394598986,-3.56967692130706,TIME_LIMIT,133855,0,0,34,0
4,12,1.614543e6,-3.9535721398414383,-3.56967692130706,TIME_LIMIT,133901,0,0,25,0
4,12,1.615021e6,-3.9535721398414383,-3.56967692130706,TIME_LIMIT,133931,0,0,35,0
4,12,1.615523e6,-3.9535710337807664,-3.56967692130706,TIME_LIMIT,133977,0,0,23,0
4,12,1.616004e6,-3.9535710337807664,-3.56967692130706,TIME_LIMIT,134008,0,0,48,0
4,12,1.616485e6,-3.9535121071344856,-3.56967692130706,TIME_LIMIT,134060,0,0,32,0
4,12,1.616963e6,-3.9535121071344856,-3.56967692130706,TIME_LIMIT,134090,0,0,38,0
4,12,1.617445e6,-3.9535121071344856,-3.56967692130706,TIME_LIMIT,134139,0,0,25,0
4,12,1.617925e6,-3.9535121071344856,-3.56967692130706,TIME_LIMIT,134164,0,0,26,0
4,12,1.618403e6,-3.9535121071344856,-3.56967692130706,TIME_LIMIT,134220,0,0,37,0
4,12,1.618883e6,-3.9535121071344856,-3.56967692130706,TIME_LIMIT,134243,0,0,30,0
4,12,1.619384e6,-3.9534911282848837,-3.56967692130706,TIME_LIMIT,134289,0,0,29,0
4,12,1.619865e6,-3.9534911282848837,-3.56967692130706,TIME_LIMIT,134324,0,0,44,0
4,12,1.620345e6,-3.953482185650837,-3.56967692130706,TIME_LIMIT,134374,0,0,22,0
4,12,1.620825e6,-3.953482185650837,-3.56967692130706,TIME_LIMIT,134403,0,0,37,0
4,12,1.621303e6,-3.953408152431133,-3.56967692130706,TIME_LIMIT,134448,0,0,25,0
4,12,1.621782e6,-3.953408152431133,-3.56967692130706,TIME_LIMIT,134472,0,0,29,0
4,12,1.622261e6,-3.9534035314384175,-3.56967692130706,TIME_LIMIT,134527,0,0,29,0
4,12,1.622762e6,-3.9534035314384175,-3.56967692130706,TIME_LIMIT,134555,0,0,30,0
4,12,1.623241e6,-3.953357047825658,-3.56967692130706,TIME_LIMIT,134598,0,0,26,0
4,12,1.623721e6,-3.953357047825658,-3.56967692130706,TIME_LIMIT,134627,0,0,31,0
4,12,1.6242e6,-3.953357047825658,-3.56967692130706,TIME_LIMIT,134680,0,0,35,0
4,12,1.624683e6,-3.953357047825658,-3.56967692130706,TIME_LIMIT,134718,0,0,30,0
4,12,1.625162e6,-3.953357047825658,-3.56967692130706,TIME_LIMIT,134765,0,0,27,0
4,12,1.625639e6,-3.953357047825658,-3.56967692130706,TIME_LIMIT,134790,0,0,39,0
4,12,1.626118e6,-3.953357047825658,-3.56967692130706,TIME_LIMIT,134835,0,0,27,0
4,12,1.62662e6,-3.953357047825658,-3.56967692130706,TIME_LIMIT,134868,0,0,28,0
4,12,1.6271e6,-3.953357047825658,-3.56967692130706,TIME_LIMIT,134911,0,0,29,0
4,12,1.627581e6,-3.953357047825658,-3.56967692130706,TIME_LIMIT,134948,0,0,37,0
4,12,1.628061e6,-3.953357047825658,-3.56967692130706,TIME_LIMIT,134994,0,0,30,0
4,12,1.628541e6,-3.953357047825658,-3.56967692130706,TIME_LIMIT,135026,0,0,34,0
4,12,1.629021e6,-3.953357047825658,-3.56967692130706,TIME_LIMIT,135075,0,0,35,0
4,12,1.629499e6,-3.953357047825658,-3.56967692130706,TIME_LIMIT,135114,0,0,32,0
4,12,1.629979e6,-3.953273985139974,-3.56967692130706,TIME_LIMIT,135157,0,0,27,0
4,12,1.630482e6,-3.953273985139974,-3.56967692130706,TIME_LIMIT,135182,0,0,28,0
4,12,1.630961e6,-3.953265246079432,-3.56967692130706,TIME_LIMIT,135235,0,0,16,0
4,12,1.631441e6,-3.953265246079432,-3.56967692130706,TIME_LIMIT,135275,0,0,28,0
4,12,1.631924e6,-3.9532300568681094,-3.56967692130706,TIME_LIMIT,135315,0,0,45,0
4,12,1.632405e6,-3.9532300568681094,-3.56967692130706,TIME_LIMIT,135352,0,0,39,0
4,12,1.632884e6,-3.9532300568681094,-3.56967692130706,TIME_LIMIT,135402,0,0,32,0
4,12,1.633365e6,-3.9532300568681094,-3.56967692130706,TIME_LIMIT,135428,0,0,41,0
4,12,1.633867e6,-3.9532300568681094,-3.56967692130706,TIME_LIMIT,135473,0,0,27,0
4,12,1.634349e6,-3.9532300568681094,-3.56967692130706,TIME_LIMIT,135500,0,0,39,0
4,12,1.634832e6,-3.9532300568681094,-3.56967692130706,TIME_LIMIT,135551,0,0,31,0
4,12,1.635313e6,-3.9532300568681094,-3.56967692130706,TIME_LIMIT,135581,0,0,37,0
4,12,1.635792e6,-3.9532300568681094,-3.56967692130706,TIME_LIMIT,135628,0,0,27,0
4,12,1.636272e6,-3.9532300568681094,-3.56967692130706,TIME_LIMIT,135662,0,0,41,0
4,12,1.636753e6,-3.953195215545178,-3.56967692130706,TIME_LIMIT,135716,0,0,20,0
4,12,1.637236e6,-3.953195215545178,-3.56967692130706,TIME_LIMIT,135748,0,0,30,0
4,12,1.637739e6,-3.953195215545178,-3.56967692130706,TIME_LIMIT,135802,0,0,24,0
4,12,1.63822e6,-3.953195215545178,-3.56967692130706,TIME_LIMIT,135832,0,0,37,0
4,12,1.638702e6,-3.9529958115236727,-3.56967692130706,TIME_LIMIT,135876,0,0,32,0
4,12,1.639184e6,-3.9529958115236727,-3.56967692130706,TIME_LIMIT,135906,0,0,55,0
4,12,1.639665e6,-3.9529958115236727,-3.56967692130706,TIME_LIMIT,135955,0,0,17,0
4,12,1.640144e6,-3.9529958115236727,-3.56967692130706,TIME_LIMIT,135990,0,0,31,0
4,12,1.640624e6,-3.9529958115236727,-3.56967692130706,TIME_LIMIT,136031,0,0,35,0
4,12,1.641104e6,-3.9529958115236727,-3.56967692130706,TIME_LIMIT,136071,0,0,43,0
4,12,1.641607e6,-3.9529958115236727,-3.56967692130706,TIME_LIMIT,136121,0,0,33,0
4,12,1.642086e6,-3.9529958115236727,-3.56967692130706,TIME_LIMIT,136140,0,0,36,0
4,12,1.642566e6,-3.9527873084283014,-3.56967692130706,TIME_LIMIT,136192,0,0,32,0
4,12,1.64305e6,-3.9527873084283014,-3.56967692130706,TIME_LIMIT,136222,0,0,32,0
4,12,1.643532e6,-3.952771363673059,-3.56967692130706,TIME_LIMIT,136268,0,0,38,0
4,12,1.644013e6,-3.952771363673059,-3.56967692130706,TIME_LIMIT,136299,0,0,34,0
4,12,1.644492e6,-3.952771334703159,-3.56967692130706,TIME_LIMIT,136333,0,0,34,0
4,12,1.644974e6,-3.952771334703159,-3.56967692130706,TIME_LIMIT,136362,0,0,40,0
4,12,1.645478e6,-3.952771334703159,-3.56967692130706,TIME_LIMIT,136414,0,0,33,0
4,12,1.645959e6,-3.952771334703159,-3.56967692130706,TIME_LIMIT,136438,0,0,37,0
4,12,1.646439e6,-3.952681960156342,-3.56967692130706,TIME_LIMIT,136488,0,0,30,0
4,12,1.646921e6,-3.952681960156342,-3.56967692130706,TIME_LIMIT,136523,0,0,26,0
4,12,1.647401e6,-3.952676190849621,-3.56967692130706,TIME_LIMIT,136572,0,0,25,0
4,12,1.64788e6,-3.952676190849621,-3.56967692130706,TIME_LIMIT,136604,0,0,41,0
4,12,1.648361e6,-3.952676190849621,-3.56967692130706,TIME_LIMIT,136651,0,0,29,0
4,12,1.648842e6,-3.952676190849621,-3.56967692130706,TIME_LIMIT,136684,0,0,35,0
4,12,1.649343e6,-3.952623361139225,-3.56967692130706,TIME_LIMIT,136729,0,0,16,0
4,12,1.649824e6,-3.952623361139225,-3.56967692130706,TIME_LIMIT,136762,0,0,37,0
4,12,1.650303e6,-3.9525779581915135,-3.56967692130706,TIME_LIMIT,136819,0,0,27,0
4,12,1.650783e6,-3.9525779581915135,-3.56967692130706,TIME_LIMIT,136848,0,0,42,0
4,12,1.651263e6,-3.9525779581915135,-3.56967692130706,TIME_LIMIT,136899,0,0,33,0
4,12,1.651743e6,-3.9525779581915135,-3.56967692130706,TIME_LIMIT,136924,0,0,38,0
4,12,1.652223e6,-3.9525779581915135,-3.56967692130706,TIME_LIMIT,136973,0,0,28,0
4,12,1.652703e6,-3.9525779581915135,-3.56967692130706,TIME_LIMIT,137003,0,0,29,0
4,12,1.653204e6,-3.9525463734606943,-3.56967692130706,TIME_LIMIT,137047,0,0,29,0
4,12,1.653686e6,-3.9525463734606943,-3.56967692130706,TIME_LIMIT,137094,0,0,32,0
4,12,1.654165e6,-3.9525463734606943,-3.56967692130706,TIME_LIMIT,137136,0,0,21,0
4,12,1.654647e6,-3.9525463734606943,-3.56967692130706,TIME_LIMIT,137170,0,0,37,0
4,12,1.655126e6,-3.9524732269590714,-3.56967692130706,TIME_LIMIT,137210,0,0,31,0
4,12,1.655606e6,-3.9524732269590714,-3.56967692130706,TIME_LIMIT,137243,0,0,51,0
4,12,1.656085e6,-3.9524732269590714,-3.56967692130706,TIME_LIMIT,137292,0,0,27,0
4,12,1.656564e6,-3.9524732269590714,-3.56967692130706,TIME_LIMIT,137323,0,0,19,0
4,12,1.657065e6,-3.952449443192941,-3.56967692130706,TIME_LIMIT,137375,0,0,28,0
4,12,1.657545e6,-3.952449443192941,-3.56967692130706,TIME_LIMIT,137419,0,0,27,0
4,12,1.658026e6,-3.952396865633949,-3.56967692130706,TIME_LIMIT,137456,0,0,37,0
4,12,1.658508e6,-3.952396865633949,-3.56967692130706,TIME_LIMIT,137481,0,0,37,0
4,12,1.658988e6,-3.952396865633949,-3.56967692130706,TIME_LIMIT,137531,0,0,28,0
4,12,1.659467e6,-3.952396865633949,-3.56967692130706,TIME_LIMIT,137571,0,0,47,0
4,12,1.65995e6,-3.9523777570182013,-3.56967692130706,TIME_LIMIT,137624,0,0,32,0
4,12,1.660465e6,-3.9523777570182013,-3.56967692130706,TIME_LIMIT,137650,0,0,42,0
4,12,1.660968e6,-3.9523725705871655,-3.56967692130706,TIME_LIMIT,137703,0,0,27,0
4,12,1.661447e6,-3.9523725705871655,-3.56967692130706,TIME_LIMIT,137735,0,0,22,0
4,12,1.661927e6,-3.9523725705871655,-3.56967692130706,TIME_LIMIT,137785,0,0,33,0
4,12,1.662406e6,-3.9523725705871655,-3.56967692130706,TIME_LIMIT,137809,0,0,30,0
4,12,1.662886e6,-3.952299528832085,-3.56967692130706,TIME_LIMIT,137864,0,0,34,0
4,12,1.663366e6,-3.952299528832085,-3.56967692130706,TIME_LIMIT,137906,0,0,25,0
4,12,1.663846e6,-3.9522864124515564,-3.56967692130706,TIME_LIMIT,137936,0,0,43,0
4,12,1.664325e6,-3.9522864124515564,-3.56967692130706,TIME_LIMIT,137959,0,0,35,0
4,12,1.664828e6,-3.9522763503907608,-3.56967692130706,TIME_LIMIT,138006,0,0,29,0
4,12,1.665312e6,-3.9522763503907608,-3.56967692130706,TIME_LIMIT,138035,0,0,19,0
4,12,1.665793e6,-3.952228560095655,-3.56967692130706,TIME_LIMIT,138086,0,0,31,0
4,12,1.666272e6,-3.952228560095655,-3.56967692130706,TIME_LIMIT,138114,0,0,38,0
4,12,1.666754e6,-3.9521984079884516,-3.56967692130706,TIME_LIMIT,138161,0,0,30,0
4,12,1.667236e6,-3.9521984079884516,-3.56967692130706,TIME_LIMIT,138186,0,0,36,0
4,12,1.667716e6,-3.9521814118357046,-3.56967692130706,TIME_LIMIT,138241,0,0,29,0
4,12,1.668194e6,-3.9521814118357046,-3.56967692130706,TIME_LIMIT,138278,0,0,35,0
4,12,1.668697e6,-3.952112184995764,-3.56967692130706,TIME_LIMIT,138321,0,0,38,0
4,12,1.669177e6,-3.952112184995764,-3.56967692130706,TIME_LIMIT,138352,0,0,43,0
4,12,1.669657e6,-3.9521023888252684,-3.56967692130706,TIME_LIMIT,138403,0,0,28,0
4,12,1.670136e6,-3.9521023888252684,-3.56967692130706,TIME_LIMIT,138429,0,0,40,0
4,12,1.670618e6,-3.9521023888252684,-3.56967692130706,TIME_LIMIT,138480,0,0,32,0
4,12,1.671098e6,-3.9521023888252684,-3.56967692130706,TIME_LIMIT,138507,0,0,35,0
4,12,1.671578e6,-3.9521023888252684,-3.56967692130706,TIME_LIMIT,138556,0,0,11,0
4,12,1.672057e6,-3.9521023888252684,-3.56967692130706,TIME_LIMIT,138595,0,0,30,0
4,12,1.672557e6,-3.952101840699296,-3.56967692130706,TIME_LIMIT,138634,0,0,33,0
4,12,1.673037e6,-3.952101840699296,-3.56967692130706,TIME_LIMIT,138670,0,0,40,0
4,12,1.673518e6,-3.952079871370649,-3.56967692130706,TIME_LIMIT,138716,0,0,33,0
4,12,1.673996e6,-3.952079871370649,-3.56967692130706,TIME_LIMIT,138741,0,0,29,0
4,12,1.674476e6,-3.952045486702109,-3.56967692130706,TIME_LIMIT,138800,0,0,20,0
4,12,1.674956e6,-3.952045486702109,-3.56967692130706,TIME_LIMIT,138819,0,0,37,0
4,12,1.675436e6,-3.952045486702109,-3.56967692130706,TIME_LIMIT,138867,0,0,28,0
4,12,1.675915e6,-3.952045486702109,-3.56967692130706,TIME_LIMIT,138892,0,0,36,0
4,12,1.676417e6,-3.952045486702109,-3.56967692130706,TIME_LIMIT,138937,0,0,29,0
4,12,1.676897e6,-3.952045486702109,-3.56967692130706,TIME_LIMIT,138968,0,0,31,0
4,12,1.677377e6,-3.9519442177173874,-3.56967692130706,TIME_LIMIT,139023,0,0,36,0
4,12,1.677857e6,-3.9519442177173874,-3.56967692130706,TIME_LIMIT,139054,0,0,30,0
4,12,1.678339e6,-3.9519309183557154,-3.56967692130706,TIME_LIMIT,139108,0,0,31,0
4,12,1.67882e6,-3.9519309183557154,-3.56967692130706,TIME_LIMIT,139133,0,0,39,0
4,12,1.679301e6,-3.9519239015147365,-3.56967692130706,TIME_LIMIT,139186,0,0,32,0
4,12,1.679783e6,-3.9519239015147365,-3.56967692130706,TIME_LIMIT,139211,0,0,33,0
4,12,1.680284e6,-3.9519239015147365,-3.56967692130706,TIME_LIMIT,139265,0,0,34,0
4,12,1.680764e6,-3.9519239015147365,-3.56967692130706,TIME_LIMIT,139300,0,0,39,0
4,12,1.681244e6,-3.951914959503452,-3.56967692130706,TIME_LIMIT,139357,0,0,33,0
4,12,1.681729e6,-3.951914959503452,-3.56967692130706,TIME_LIMIT,139382,0,0,48,0
4,12,1.682211e6,-3.9518611582637044,-3.56967692130706,TIME_LIMIT,139437,0,0,34,0
4,12,1.682692e6,-3.9518611582637044,-3.56967692130706,TIME_LIMIT,139460,0,0,28,0
4,12,1.683173e6,-3.9518134470138246,-3.56967692130706,TIME_LIMIT,139513,0,0,33,0
4,12,1.683654e6,-3.9518134470138246,-3.56967692130706,TIME_LIMIT,139554,0,0,34,0
4,12,1.684134e6,-3.9517974955408492,-3.56967692130706,TIME_LIMIT,139591,0,0,39,0
4,12,1.684637e6,-3.9517974955408492,-3.56967692130706,TIME_LIMIT,139628,0,0,39,0
4,12,1.685118e6,-3.9517974955408492,-3.56967692130706,TIME_LIMIT,139677,0,0,31,0
4,12,1.685599e6,-3.9517974955408492,-3.56967692130706,TIME_LIMIT,139704,0,0,35,0
4,12,1.686082e6,-3.9517974955408492,-3.56967692130706,TIME_LIMIT,139751,0,0,25,0
4,12,1.686563e6,-3.9517974955408492,-3.56967692130706,TIME_LIMIT,139782,0,0,25,0
4,12,1.687043e6,-3.9517779950965526,-3.56967692130706,TIME_LIMIT,139830,0,0,29,0
4,12,1.687522e6,-3.9517779950965526,-3.56967692130706,TIME_LIMIT,139861,0,0,34,0
4,12,1.688e6,-3.951775297048005,-3.56967692130706,TIME_LIMIT,139911,0,0,28,0
4,12,1.688502e6,-3.951775297048005,-3.56967692130706,TIME_LIMIT,139940,0,0,48,0
4,12,1.688984e6,-3.9516640147578728,-3.56967692130706,TIME_LIMIT,139995,0,0,32,0
4,12,1.689465e6,-3.9516640147578728,-3.56967692130706,TIME_LIMIT,140029,0,0,29,0
4,12,1.689945e6,-3.9516640147578728,-3.56967692130706,TIME_LIMIT,140080,0,0,32,0
4,12,1.690431e6,-3.9516640147578728,-3.56967692130706,TIME_LIMIT,140112,0,0,39,0
4,12,1.690912e6,-3.9516640147578728,-3.56967692130706,TIME_LIMIT,140161,0,0,32,0
4,12,1.691393e6,-3.9516640147578728,-3.56967692130706,TIME_LIMIT,140200,0,0,40,0
4,12,1.691874e6,-3.9516518497148603,-3.56967692130706,TIME_LIMIT,140250,0,0,28,0
4,12,1.692375e6,-3.9516518497148603,-3.56967692130706,TIME_LIMIT,140280,0,0,35,0
4,12,1.692856e6,-3.9516202775290004,-3.56967692130706,TIME_LIMIT,140328,0,0,27,0
4,12,1.693339e6,-3.9516202775290004,-3.56967692130706,TIME_LIMIT,140352,0,0,37,0
4,12,1.69382e6,-3.951599811844312,-3.56967692130706,TIME_LIMIT,140411,0,0,35,0
4,12,1.694302e6,-3.951599811844312,-3.56967692130706,TIME_LIMIT,140443,0,0,30,0
4,12,1.694783e6,-3.951599811844312,-3.56967692130706,TIME_LIMIT,140493,0,0,32,0
4,12,1.695264e6,-3.951599811844312,-3.56967692130706,TIME_LIMIT,140518,0,0,39,0
4,12,1.695745e6,-3.951586177913294,-3.56967692130706,TIME_LIMIT,140568,0,0,28,0
4,12,1.696228e6,-3.951586177913294,-3.56967692130706,TIME_LIMIT,140609,0,0,40,0
4,12,1.696731e6,-3.951586177913294,-3.56967692130706,TIME_LIMIT,140648,0,0,26,0
4,12,1.697212e6,-3.951586177913294,-3.56967692130706,TIME_LIMIT,140680,0,0,37,0
4,12,1.697692e6,-3.951463050099023,-3.56967692130706,TIME_LIMIT,140726,0,0,34,0
4,12,1.698172e6,-3.951463050099023,-3.56967692130706,TIME_LIMIT,140762,0,0,21,0
4,12,1.698653e6,-3.951384652200298,-3.56967692130706,TIME_LIMIT,140797,0,0,35,0
4,12,1.699135e6,-3.951384652200298,-3.56967692130706,TIME_LIMIT,140832,0,0,30,0
4,12,1.699615e6,-3.951384652200298,-3.56967692130706,TIME_LIMIT,140888,0,0,36,0
4,12,1.700095e6,-3.951384652200298,-3.56967692130706,TIME_LIMIT,140922,0,0,37,0
4,12,1.700599e6,-3.951384047232787,-3.56967692130706,TIME_LIMIT,140979,0,0,37,0
4,12,1.701081e6,-3.951384047232787,-3.56967692130706,TIME_LIMIT,141016,0,0,32,0
4,12,1.701561e6,-3.951384047232787,-3.56967692130706,TIME_LIMIT,141066,0,0,34,0
4,12,1.702041e6,-3.951384047232787,-3.56967692130706,TIME_LIMIT,141098,0,0,31,0
4,12,1.702523e6,-3.9513692591546876,-3.56967692130706,TIME_LIMIT,141146,0,0,29,0
4,12,1.703005e6,-3.9513692591546876,-3.56967692130706,TIME_LIMIT,141173,0,0,8,0
4,12,1.703486e6,-3.9513692591546876,-3.56967692130706,TIME_LIMIT,141224,0,0,30,0
4,12,1.703965e6,-3.9513692591546876,-3.56967692130706,TIME_LIMIT,141249,0,0,32,0
4,12,1.704445e6,-3.9513692591546876,-3.56967692130706,TIME_LIMIT,141292,0,0,28,0
4,12,1.704946e6,-3.9513692591546876,-3.56967692130706,TIME_LIMIT,141327,0,0,37,0
4,12,1.705426e6,-3.9513445617839937,-3.56967692130706,TIME_LIMIT,141378,0,0,30,0
4,12,1.705908e6,-3.9513445617839937,-3.56967692130706,TIME_LIMIT,141414,0,0,51,0
4,12,1.70639e6,-3.9513445617839937,-3.56967692130706,TIME_LIMIT,141459,0,0,31,0
4,12,1.706872e6,-3.9513445617839937,-3.56967692130706,TIME_LIMIT,141495,0,0,36,0
4,12,1.707391e6,-3.9513419765664466,-3.56967692130706,TIME_LIMIT,141546,0,0,35,0
4,12,1.707875e6,-3.9513419765664466,-3.56967692130706,TIME_LIMIT,141580,0,0,32,0
4,12,1.708357e6,-3.951336847549706,-3.56967692130706,TIME_LIMIT,141629,0,0,22,0
4,12,1.708861e6,-3.951336847549706,-3.56967692130706,TIME_LIMIT,141649,0,0,43,0
4,12,1.709341e6,-3.951336847549706,-3.56967692130706,TIME_LIMIT,141701,0,0,33,0
4,12,1.709822e6,-3.951336847549706,-3.56967692130706,TIME_LIMIT,141728,0,0,40,0
4,12,1.710305e6,-3.951336847549706,-3.56967692130706,TIME_LIMIT,141780,0,0,29,0
4,12,1.710787e6,-3.951336847549706,-3.56967692130706,TIME_LIMIT,141813,0,0,39,0
4,12,1.711267e6,-3.9513337773307313,-3.56967692130706,TIME_LIMIT,141863,0,0,34,0
4,12,1.71175e6,-3.9513337773307313,-3.56967692130706,TIME_LIMIT,141896,0,0,42,0
4,12,1.712231e6,-3.9512869718084787,-3.56967692130706,TIME_LIMIT,141945,0,0,33,0
4,12,1.712712e6,-3.9512869718084787,-3.56967692130706,TIME_LIMIT,141978,0,0,34,0
4,12,1.713215e6,-3.9512869718084787,-3.56967692130706,TIME_LIMIT,142029,0,0,35,0
4,12,1.713696e6,-3.9512869718084787,-3.56967692130706,TIME_LIMIT,142058,0,0,35,0
4,12,1.714177e6,-3.9512522597114255,-3.56967692130706,TIME_LIMIT,142101,0,0,25,0
4,12,1.714659e6,-3.9512522597114255,-3.56967692130706,TIME_LIMIT,142126,0,0,31,0
4,12,1.715138e6,-3.9512522597114255,-3.56967692130706,TIME_LIMIT,142178,0,0,18,0
4,12,1.715618e6,-3.9512522597114255,-3.56967692130706,TIME_LIMIT,142223,0,0,38,0
4,12,1.716099e6,-3.951115741502382,-3.56967692130706,TIME_LIMIT,142261,0,0,24,0
4,12,1.716581e6,-3.951115741502382,-3.56967692130706,TIME_LIMIT,142297,0,0,39,0
4,12,1.717084e6,-3.9511022272561274,-3.56967692130706,TIME_LIMIT,142335,0,0,43,0
4,12,1.717564e6,-3.9511022272561274,-3.56967692130706,TIME_LIMIT,142370,0,0,31,0
4,12,1.718047e6,-3.9511022272561274,-3.56967692130706,TIME_LIMIT,142419,0,0,27,0
4,12,1.718528e6,-3.9511022272561274,-3.56967692130706,TIME_LIMIT,142448,0,0,29,0
4,12,1.719009e6,-3.951086234161452,-3.56967692130706,TIME_LIMIT,142496,0,0,16,0
4,12,1.71949e6,-3.951086234161452,-3.56967692130706,TIME_LIMIT,142525,0,0,26,0
4,12,1.71997e6,-3.9510732159433224,-3.56967692130706,TIME_LIMIT,142577,0,0,22,0
4,12,1.720451e6,-3.9510732159433224,-3.56967692130706,TIME_LIMIT,142612,0,0,41,0
4,12,1.720932e6,-3.9510732159433224,-3.56967692130706,TIME_LIMIT,142652,0,0,23,0
4,12,1.721434e6,-3.9510732159433224,-3.56967692130706,TIME_LIMIT,142674,0,0,29,0
4,12,1.721913e6,-3.9510732159433224,-3.56967692130706,TIME_LIMIT,142722,0,0,30,0
4,12,1.722392e6,-3.9510732159433224,-3.56967692130706,TIME_LIMIT,142753,0,0,32,0
4,12,1.722873e6,-3.9510732159433224,-3.56967692130706,TIME_LIMIT,142804,0,0,25,0
4,12,1.723354e6,-3.9510732159433224,-3.56967692130706,TIME_LIMIT,142833,0,0,28,0
4,12,1.723834e6,-3.9510732159433224,-3.56967692130706,TIME_LIMIT,142880,0,0,31,0
4,12,1.724314e6,-3.9510732159433224,-3.56967692130706,TIME_LIMIT,142909,0,0,24,0
4,12,1.724794e6,-3.95105956783163,-3.56967692130706,TIME_LIMIT,142959,0,0,30,0
4,12,1.725276e6,-3.95105956783163,-3.56967692130706,TIME_LIMIT,142992,0,0,47,0
4,12,1.725778e6,-3.951047051631927,-3.56967692130706,TIME_LIMIT,143049,0,0,34,0
4,12,1.726258e6,-3.951047051631927,-3.56967692130706,TIME_LIMIT,143077,0,0,33,0
4,12,1.726739e6,-3.951047051631927,-3.56967692130706,TIME_LIMIT,143125,0,0,28,0
4,12,1.72722e6,-3.951047051631927,-3.56967692130706,TIME_LIMIT,143159,0,0,28,0
4,12,1.727702e6,-3.951023905374771,-3.56967692130706,TIME_LIMIT,143208,0,0,31,0
4,12,1.728184e6,-3.951023905374771,-3.56967692130706,TIME_LIMIT,143243,0,0,36,0
4,12,1.728665e6,-3.950946597202722,-3.56967692130706,TIME_LIMIT,143290,0,0,33,0
4,12,1.729146e6,-3.950946597202722,-3.56967692130706,TIME_LIMIT,143325,0,0,35,0
4,12,1.729628e6,-3.950946597202722,-3.56967692130706,TIME_LIMIT,143372,0,0,26,0
4,12,1.730131e6,-3.950946597202722,-3.56967692130706,TIME_LIMIT,143396,0,0,35,0
4,12,1.730613e6,-3.950946597202722,-3.56967692130706,TIME_LIMIT,143441,0,0,20,0
4,12,1.731095e6,-3.950946597202722,-3.56967692130706,TIME_LIMIT,143477,0,0,35,0
4,12,1.731577e6,-3.950946597202722,-3.56967692130706,TIME_LIMIT,143518,0,0,27,0
4,12,1.732059e6,-3.950946597202722,-3.56967692130706,TIME_LIMIT,143557,0,0,26,0
4,12,1.73254e6,-3.950946597202722,-3.56967692130706,TIME_LIMIT,143592,0,0,24,0
4,12,1.733022e6,-3.950946597202722,-3.56967692130706,TIME_LIMIT,143622,0,0,43,0
4,12,1.733504e6,-3.950946597202722,-3.56967692130706,TIME_LIMIT,143676,0,0,31,0
4,12,1.733986e6,-3.950946597202722,-3.56967692130706,TIME_LIMIT,143711,0,0,26,0
4,12,1.734489e6,-3.950946597202722,-3.56967692130706,TIME_LIMIT,143763,0,0,27,0
4,12,1.734968e6,-3.950946597202722,-3.56967692130706,TIME_LIMIT,143794,0,0,24,0
4,12,1.735449e6,-3.950926566120008,-3.56967692130706,TIME_LIMIT,143848,0,0,35,0
4,12,1.73593e6,-3.950926566120008,-3.56967692130706,TIME_LIMIT,143886,0,0,28,0
4,12,1.736413e6,-3.950921343397376,-3.56967692130706,TIME_LIMIT,143925,0,0,30,0
4,12,1.736893e6,-3.950921343397376,-3.56967692130706,TIME_LIMIT,143957,0,0,50,0
4,12,1.737375e6,-3.950921343397376,-3.56967692130706,TIME_LIMIT,143999,0,0,32,0
4,12,1.737857e6,-3.950921343397376,-3.56967692130706,TIME_LIMIT,144028,0,0,42,0
4,12,1.738337e6,-3.9508945014327645,-3.56967692130706,TIME_LIMIT,144084,0,0,37,0
4,12,1.738841e6,-3.9508945014327645,-3.56967692130706,TIME_LIMIT,144125,0,0,28,0
4,12,1.739323e6,-3.950852025272687,-3.56967692130706,TIME_LIMIT,144169,0,0,12,0
4,12,1.739803e6,-3.950852025272687,-3.56967692130706,TIME_LIMIT,144196,0,0,44,0
4,12,1.740286e6,-3.95082048857529,-3.56967692130706,TIME_LIMIT,144253,0,0,30,0
4,12,1.740768e6,-3.95082048857529,-3.56967692130706,TIME_LIMIT,144278,0,0,32,0
4,12,1.741247e6,-3.95082048857529,-3.56967692130706,TIME_LIMIT,144322,0,0,31,0
4,12,1.741729e6,-3.95082048857529,-3.56967692130706,TIME_LIMIT,144349,0,0,33,0
4,12,1.742209e6,-3.950758293656142,-3.56967692130706,TIME_LIMIT,144399,0,0,34,0
4,12,1.742691e6,-3.950758293656142,-3.56967692130706,TIME_LIMIT,144419,0,0,41,0
4,12,1.743195e6,-3.9507253145797896,-3.56967692130706,TIME_LIMIT,144469,0,0,32,0
4,12,1.743675e6,-3.9507253145797896,-3.56967692130706,TIME_LIMIT,144492,0,0,26,0
4,12,1.744156e6,-3.950694875166872,-3.56967692130706,TIME_LIMIT,144545,0,0,33,0
4,12,1.74464e6,-3.950694875166872,-3.56967692130706,TIME_LIMIT,144574,0,0,44,0
4,12,1.745121e6,-3.9506531469986785,-3.56967692130706,TIME_LIMIT,144625,0,0,28,0
4,12,1.745604e6,-3.9506531469986785,-3.56967692130706,TIME_LIMIT,144653,0,0,36,0
4,12,1.746085e6,-3.950568888630471,-3.56967692130706,TIME_LIMIT,144707,0,0,12,0
4,12,1.746565e6,-3.950568888630471,-3.56967692130706,TIME_LIMIT,144735,0,0,31,0
4,12,1.747044e6,-3.950502876813214,-3.56967692130706,TIME_LIMIT,144788,0,0,34,0
4,12,1.747547e6,-3.950502876813214,-3.56967692130706,TIME_LIMIT,144820,0,0,42,0
4,12,1.748028e6,-3.9504681352135957,-3.56967692130706,TIME_LIMIT,144877,0,0,35,0
4,12,1.748508e6,-3.9504681352135957,-3.56967692130706,TIME_LIMIT,144902,0,0,19,0
4,12,1.74899e6,-3.9504681352135957,-3.56967692130706,TIME_LIMIT,144955,0,0,22,0
4,12,1.74947e6,-3.9504681352135957,-3.56967692130706,TIME_LIMIT,144994,0,0,31,0
4,12,1.74995e6,-3.950414717937116,-3.56967692130706,TIME_LIMIT,145031,0,0,33,0
4,12,1.750431e6,-3.950414717937116,-3.56967692130706,TIME_LIMIT,145055,0,0,26,0
4,12,1.750911e6,-3.950414717937116,-3.56967692130706,TIME_LIMIT,145106,0,0,32,0
4,12,1.751391e6,-3.950414717937116,-3.56967692130706,TIME_LIMIT,145131,0,0,38,0
4,12,1.751892e6,-3.9504020985402297,-3.56967692130706,TIME_LIMIT,145188,0,0,33,0
4,12,1.752372e6,-3.9504020985402297,-3.56967692130706,TIME_LIMIT,145211,0,0,34,0
4,12,1.752853e6,-3.950346863307559,-3.56967692130706,TIME_LIMIT,145262,0,0,26,0
4,12,1.753336e6,-3.950346863307559,-3.56967692130706,TIME_LIMIT,145294,0,0,40,0
4,12,1.753818e6,-3.950346863307559,-3.56967692130706,TIME_LIMIT,145344,0,0,25,0
4,12,1.754299e6,-3.950346863307559,-3.56967692130706,TIME_LIMIT,145365,0,0,31,0
4,12,1.754782e6,-3.950346863307559,-3.56967692130706,TIME_LIMIT,145415,0,0,30,0
4,12,1.755262e6,-3.950346863307559,-3.56967692130706,TIME_LIMIT,145452,0,0,32,0
4,12,1.755742e6,-3.950346863307559,-3.56967692130706,TIME_LIMIT,145494,0,0,24,0
4,12,1.756245e6,-3.950346863307559,-3.56967692130706,TIME_LIMIT,145519,0,0,31,0
4,12,1.756725e6,-3.950346863307559,-3.56967692130706,TIME_LIMIT,145560,0,0,28,0
4,12,1.757205e6,-3.950346863307559,-3.56967692130706,TIME_LIMIT,145586,0,0,34,0
4,12,1.757686e6,-3.950332731119409,-3.56967692130706,TIME_LIMIT,145635,0,0,27,0
4,12,1.758168e6,-3.950332731119409,-3.56967692130706,TIME_LIMIT,145670,0,0,29,0
4,12,1.758649e6,-3.950332731119409,-3.56967692130706,TIME_LIMIT,145718,0,0,37,0
4,12,1.759171e6,-3.950332731119409,-3.56967692130706,TIME_LIMIT,145753,0,0,41,0
4,12,1.759651e6,-3.950332731119409,-3.56967692130706,TIME_LIMIT,145798,0,0,31,0
4,12,1.760133e6,-3.950332731119409,-3.56967692130706,TIME_LIMIT,145823,0,0,40,0
4,12,1.760636e6,-3.950332731119409,-3.56967692130706,TIME_LIMIT,145875,0,0,35,0
4,12,1.761116e6,-3.950332731119409,-3.56967692130706,TIME_LIMIT,145902,0,0,39,0
4,12,1.761598e6,-3.950315055812605,-3.56967692130706,TIME_LIMIT,145956,0,0,29,0
4,12,1.762078e6,-3.950315055812605,-3.56967692130706,TIME_LIMIT,145976,0,0,21,0
4,12,1.762557e6,-3.950271297265212,-3.56967692130706,TIME_LIMIT,146027,0,0,29,0
4,12,1.76304e6,-3.950271297265212,-3.56967692130706,TIME_LIMIT,146060,0,0,29,0
4,12,1.76352e6,-3.950271297265212,-3.56967692130706,TIME_LIMIT,146106,0,0,31,0
4,12,1.764e6,-3.950271297265212,-3.56967692130706,TIME_LIMIT,146133,0,0,39,0
4,12,1.764481e6,-3.9502346790832896,-3.56967692130706,TIME_LIMIT,146179,0,0,27,0
4,12,1.764962e6,-3.9502346790832896,-3.56967692130706,TIME_LIMIT,146227,0,0,39,0
4,12,1.765464e6,-3.950170248790529,-3.56967692130706,TIME_LIMIT,146268,0,0,30,0
4,12,1.765944e6,-3.950170248790529,-3.56967692130706,TIME_LIMIT,146306,0,0,38,0
4,12,1.766426e6,-3.950164716833761,-3.56967692130706,TIME_LIMIT,146359,0,0,31,0
4,12,1.766907e6,-3.950164716833761,-3.56967692130706,TIME_LIMIT,146396,0,0,33,0
4,12,1.767389e6,-3.950159525790761,-3.56967692130706,TIME_LIMIT,146434,0,0,21,0
4,12,1.76787e6,-3.950159525790761,-3.56967692130706,TIME_LIMIT,146461,0,0,42,0
4,12,1.76835e6,-3.9501546519773942,-3.56967692130706,TIME_LIMIT,146509,0,0,25,0
4,12,1.76883e6,-3.9501546519773942,-3.56967692130706,TIME_LIMIT,146532,0,0,30,0
4,12,1.769309e6,-3.9501395291099364,-3.56967692130706,TIME_LIMIT,146580,0,0,21,0
4,12,1.769813e6,-3.9501395291099364,-3.56967692130706,TIME_LIMIT,146616,0,0,32,0
4,12,1.770294e6,-3.9501232510707505,-3.56967692130706,TIME_LIMIT,146660,0,0,27,0
4,12,1.770774e6,-3.9501232510707505,-3.56967692130706,TIME_LIMIT,146682,0,0,34,0
4,12,1.771255e6,-3.9501222905534146,-3.56967692130706,TIME_LIMIT,146730,0,0,26,0
4,12,1.771737e6,-3.9501222905534146,-3.56967692130706,TIME_LIMIT,146772,0,0,38,0
4,12,1.772217e6,-3.9501000971869606,-3.56967692130706,TIME_LIMIT,146811,0,0,34,0
4,12,1.772699e6,-3.9501000971869606,-3.56967692130706,TIME_LIMIT,146844,0,0,48,0
4,12,1.773181e6,-3.9501000971869606,-3.56967692130706,TIME_LIMIT,146887,0,0,34,0
4,12,1.77366e6,-3.9501000971869606,-3.56967692130706,TIME_LIMIT,146912,0,0,38,0
4,12,1.774142e6,-3.9500846138487806,-3.56967692130706,TIME_LIMIT,146965,0,0,35,0
4,12,1.774647e6,-3.9500846138487806,-3.56967692130706,TIME_LIMIT,147002,0,0,33,0
4,12,1.775129e6,-3.9500846138487806,-3.56967692130706,TIME_LIMIT,147043,0,0,27,0
4,12,1.775608e6,-3.9500846138487806,-3.56967692130706,TIME_LIMIT,147069,0,0,33,0
4,12,1.77609e6,-3.950074623969336,-3.56967692130706,TIME_LIMIT,147118,0,0,31,0
4,12,1.776572e6,-3.950074623969336,-3.56967692130706,TIME_LIMIT,147152,0,0,35,0
4,12,1.777052e6,-3.950074623969336,-3.56967692130706,TIME_LIMIT,147202,0,0,31,0
4,12,1.777532e6,-3.950074623969336,-3.56967692130706,TIME_LIMIT,147235,0,0,45,0
4,12,1.778012e6,-3.9500536217288427,-3.56967692130706,TIME_LIMIT,147280,0,0,28,0
4,12,1.778494e6,-3.9500536217288427,-3.56967692130706,TIME_LIMIT,147312,0,0,27,0
4,12,1.778997e6,-3.9500536217288427,-3.56967692130706,TIME_LIMIT,147363,0,0,8,0
4,12,1.779478e6,-3.9500536217288427,-3.56967692130706,TIME_LIMIT,147405,0,0,30,0
4,12,1.779959e6,-3.949982449568884,-3.56967692130706,TIME_LIMIT,147452,0,0,31,0
4,12,1.780441e6,-3.949982449568884,-3.56967692130706,TIME_LIMIT,147493,0,0,38,0
4,12,1.780923e6,-3.9499785935176135,-3.56967692130706,TIME_LIMIT,147547,0,0,37,0
4,12,1.781406e6,-3.9499785935176135,-3.56967692130706,TIME_LIMIT,147583,0,0,36,0
4,12,1.781888e6,-3.9499785935176135,-3.56967692130706,TIME_LIMIT,147633,0,0,28,0
4,12,1.78237e6,-3.9499785935176135,-3.56967692130706,TIME_LIMIT,147660,0,0,43,0
4,12,1.78285e6,-3.9499785935176135,-3.56967692130706,TIME_LIMIT,147718,0,0,37,0
4,12,1.78333e6,-3.9499785935176135,-3.56967692130706,TIME_LIMIT,147754,0,0,37,0
4,12,1.783834e6,-3.9499440103877115,-3.56967692130706,TIME_LIMIT,147810,0,0,21,0
4,12,1.784317e6,-3.9499440103877115,-3.56967692130706,TIME_LIMIT,147843,0,0,34,0
4,12,1.784801e6,-3.9499440103877115,-3.56967692130706,TIME_LIMIT,147889,0,0,30,0
4,12,1.785284e6,-3.9499440103877115,-3.56967692130706,TIME_LIMIT,147916,0,0,39,0
4,12,1.785767e6,-3.949943335661145,-3.56967692130706,TIME_LIMIT,147961,0,0,28,0
4,12,1.786246e6,-3.949943335661145,-3.56967692130706,TIME_LIMIT,147984,0,0,34,0
4,12,1.786727e6,-3.949889286808933,-3.56967692130706,TIME_LIMIT,148041,0,0,21,0
4,12,1.787207e6,-3.949889286808933,-3.56967692130706,TIME_LIMIT,148070,0,0,34,0
4,12,1.787688e6,-3.949858693842783,-3.56967692130706,TIME_LIMIT,148115,0,0,29,0
4,12,1.788192e6,-3.949858693842783,-3.56967692130706,TIME_LIMIT,148145,0,0,36,0
4,12,1.788673e6,-3.949858693842783,-3.56967692130706,TIME_LIMIT,148190,0,0,22,0
4,12,1.789155e6,-3.949858693842783,-3.56967692130706,TIME_LIMIT,148227,0,0,32,0
4,12,1.789636e6,-3.9497638087807942,-3.56967692130706,TIME_LIMIT,148270,0,0,34,0
4,12,1.79012e6,-3.9497638087807942,-3.56967692130706,TIME_LIMIT,148298,0,0,41,0
4,12,1.790602e6,-3.9497638087807942,-3.56967692130706,TIME_LIMIT,148351,0,0,31,0
4,12,1.791084e6,-3.9497638087807942,-3.56967692130706,TIME_LIMIT,148376,0,0,44,0
4,12,1.791565e6,-3.9497638087807942,-3.56967692130706,TIME_LIMIT,148426,0,0,32,0
4,12,1.792046e6,-3.9497638087807942,-3.56967692130706,TIME_LIMIT,148449,0,0,40,0
4,12,1.792528e6,-3.94973956795396,-3.56967692130706,TIME_LIMIT,148501,0,0,34,0
4,12,1.793032e6,-3.94973956795396,-3.56967692130706,TIME_LIMIT,148532,0,0,20,0
4,12,1.793515e6,-3.94973956795396,-3.56967692130706,TIME_LIMIT,148582,0,0,31,0
4,12,1.793996e6,-3.94973956795396,-3.56967692130706,TIME_LIMIT,148610,0,0,39,0
4,12,1.794477e6,-3.94973956795396,-3.56967692130706,TIME_LIMIT,148654,0,0,28,0
4,12,1.794959e6,-3.94973956795396,-3.56967692130706,TIME_LIMIT,148682,0,0,47,0
4,12,1.795441e6,-3.9497306182671394,-3.56967692130706,TIME_LIMIT,148735,0,0,21,0
4,12,1.795922e6,-3.9497306182671394,-3.56967692130706,TIME_LIMIT,148765,0,0,40,0
4,12,1.796404e6,-3.949674355140799,-3.56967692130706,TIME_LIMIT,148813,0,0,27,0
4,12,1.796886e6,-3.949674355140799,-3.56967692130706,TIME_LIMIT,148836,0,0,38,0
4,12,1.797369e6,-3.9496064185221362,-3.56967692130706,TIME_LIMIT,148886,0,0,27,0
4,12,1.797873e6,-3.9496064185221362,-3.56967692130706,TIME_LIMIT,148919,0,0,40,0
4,12,1.798353e6,-3.9496064185221362,-3.56967692130706,TIME_LIMIT,148959,0,0,16,0
4,12,1.798836e6,-3.9496064185221362,-3.56967692130706,TIME_LIMIT,148983,0,0,48,0
4,12,1.799318e6,-3.9496064185221362,-3.56967692130706,TIME_LIMIT,149036,0,0,25,0
4,12,1.799799e6,-3.9496064185221362,-3.56967692130706,TIME_LIMIT,149070,0,0,17,0
4,12,1.800282e6,-3.9496064185221362,-3.56967692130706,TIME_LIMIT,149113,0,0,31,0
4,12,1.800764e6,-3.9496064185221362,-3.56967692130706,TIME_LIMIT,149151,0,0,38,0
4,12,1.801244e6,-3.9496064185221362,-3.56967692130706,TIME_LIMIT,149200,0,0,15,0
4,12,1.801725e6,-3.9496064185221362,-3.56967692130706,TIME_LIMIT,149242,0,0,38,0
4,12,1.802206e6,-3.9496064185221362,-3.56967692130706,TIME_LIMIT,149285,0,0,32,0
4,12,1.802712e6,-3.9496064185221362,-3.56967692130706,TIME_LIMIT,149308,0,0,20,0
4,12,1.803194e6,-3.9496064185221362,-3.56967692130706,TIME_LIMIT,149363,0,0,13,0
4,12,1.803675e6,-3.9496064185221362,-3.56967692130706,TIME_LIMIT,149405,0,0,32,0
4,12,1.804156e6,-3.9495841788703268,-3.56967692130706,TIME_LIMIT,149444,0,0,36,0
4,12,1.804638e6,-3.9495841788703268,-3.56967692130706,TIME_LIMIT,149467,0,0,36,0
4,12,1.80512e6,-3.949470603057521,-3.56967692130706,TIME_LIMIT,149517,0,0,31,0
4,12,1.805599e6,-3.949470603057521,-3.56967692130706,TIME_LIMIT,149544,0,0,33,0
4,12,1.80608e6,-3.949386505599687,-3.56967692130706,TIME_LIMIT,149592,0,0,28,0
4,12,1.806562e6,-3.949386505599687,-3.56967692130706,TIME_LIMIT,149615,0,0,43,0
4,12,1.807044e6,-3.9493585167747076,-3.56967692130706,TIME_LIMIT,149664,0,0,29,0
4,12,1.807548e6,-3.9493585167747076,-3.56967692130706,TIME_LIMIT,149699,0,0,37,0
4,12,1.808028e6,-3.949353699233765,-3.56967692130706,TIME_LIMIT,149735,0,0,40,0
4,12,1.80851e6,-3.949353699233765,-3.56967692130706,TIME_LIMIT,149767,0,0,37,0
4,12,1.808991e6,-3.949328395785388,-3.56967692130706,TIME_LIMIT,149820,0,0,20,0
4,12,1.809472e6,-3.949328395785388,-3.56967692130706,TIME_LIMIT,149856,0,0,32,0
4,12,1.809954e6,-3.949328395785388,-3.56967692130706,TIME_LIMIT,149898,0,0,29,0
4,12,1.810475e6,-3.949328395785388,-3.56967692130706,TIME_LIMIT,149926,0,0,7,0
4,12,1.810954e6,-3.949328395785388,-3.56967692130706,TIME_LIMIT,149972,0,0,27,0
4,12,1.811435e6,-3.949328395785388,-3.56967692130706,TIME_LIMIT,150001,0,0,34,0
4,12,1.811916e6,-3.949328395785388,-3.56967692130706,TIME_LIMIT,150051,0,0,31,0
4,12,1.81242e6,-3.949328395785388,-3.56967692130706,TIME_LIMIT,150084,0,0,36,0
4,12,1.8129e6,-3.949200190617105,-3.56967692130706,TIME_LIMIT,150131,0,0,29,0
4,12,1.813381e6,-3.949200190617105,-3.56967692130706,TIME_LIMIT,150163,0,0,54,0
4,12,1.813862e6,-3.949200190617105,-3.56967692130706,TIME_LIMIT,150215,0,0,22,0
4,12,1.814343e6,-3.949200190617105,-3.56967692130706,TIME_LIMIT,150254,0,0,27,0
4,12,1.814826e6,-3.949200190617105,-3.56967692130706,TIME_LIMIT,150299,0,0,30,0
4,12,1.815306e6,-3.949200190617105,-3.56967692130706,TIME_LIMIT,150324,0,0,37,0
4,12,1.815785e6,-3.949048565931669,-3.56967692130706,TIME_LIMIT,150375,0,0,33,0
4,12,1.816266e6,-3.949048565931669,-3.56967692130706,TIME_LIMIT,150403,0,0,20,0
4,12,1.816747e6,-3.949048565931669,-3.56967692130706,TIME_LIMIT,150449,0,0,10,0
4,12,1.817248e6,-3.949048565931669,-3.56967692130706,TIME_LIMIT,150489,0,0,28,0
4,12,1.817728e6,-3.9489231025411646,-3.56967692130706,TIME_LIMIT,150523,0,0,36,0
4,12,1.818211e6,-3.9489231025411646,-3.56967692130706,TIME_LIMIT,150550,0,0,33,0
4,12,1.818692e6,-3.948830056777216,-3.56967692130706,TIME_LIMIT,150599,0,0,27,0
4,12,1.819176e6,-3.948830056777216,-3.56967692130706,TIME_LIMIT,150621,0,0,38,0
4,12,1.819657e6,-3.9486684704256323,-3.56967692130706,TIME_LIMIT,150672,0,0,29,0
4,12,1.82014e6,-3.9486684704256323,-3.56967692130706,TIME_LIMIT,150707,0,0,17,0
4,12,1.82062e6,-3.9486684704256323,-3.56967692130706,TIME_LIMIT,150752,0,0,24,0
4,12,1.8211e6,-3.9486684704256323,-3.56967692130706,TIME_LIMIT,150793,0,0,33,0
4,12,1.821582e6,-3.948638589317817,-3.56967692130706,TIME_LIMIT,150830,0,0,25,0
4,12,1.822087e6,-3.948638589317817,-3.56967692130706,TIME_LIMIT,150865,0,0,42,0
4,12,1.822569e6,-3.948599137552476,-3.56967692130706,TIME_LIMIT,150916,0,0,27,0
4,12,1.82305e6,-3.948599137552476,-3.56967692130706,TIME_LIMIT,150947,0,0,41,0
4,12,1.823532e6,-3.94855640581319,-3.56967692130706,TIME_LIMIT,150995,0,0,27,0
4,12,1.824013e6,-3.94855640581319,-3.56967692130706,TIME_LIMIT,151017,0,0,42,0
4,12,1.824495e6,-3.948508835259066,-3.56967692130706,TIME_LIMIT,151067,0,0,31,0
4,12,1.824976e6,-3.948508835259066,-3.56967692130706,TIME_LIMIT,151091,0,0,36,0
4,12,1.825456e6,-3.948508835259066,-3.56967692130706,TIME_LIMIT,151138,0,0,31,0
4,12,1.825937e6,-3.948508835259066,-3.56967692130706,TIME_LIMIT,151168,0,0,41,0
4,12,1.826419e6,-3.9484761277719325,-3.56967692130706,TIME_LIMIT,151217,0,0,31,0
4,12,1.826924e6,-3.9484761277719325,-3.56967692130706,TIME_LIMIT,151247,0,0,30,0
4,12,1.827405e6,-3.9484761277719325,-3.56967692130706,TIME_LIMIT,151296,0,0,28,0
4,12,1.827888e6,-3.9484761277719325,-3.56967692130706,TIME_LIMIT,151337,0,0,18,0
4,12,1.82837e6,-3.9484761277719325,-3.56967692130706,TIME_LIMIT,151380,0,0,32,0
4,12,1.828852e6,-3.9484761277719325,-3.56967692130706,TIME_LIMIT,151413,0,0,40,0
4,12,1.829333e6,-3.9484761277719325,-3.56967692130706,TIME_LIMIT,151468,0,0,32,0
4,12,1.829814e6,-3.9484761277719325,-3.56967692130706,TIME_LIMIT,151492,0,0,31,0
4,12,1.830295e6,-3.948459257623293,-3.56967692130706,TIME_LIMIT,151543,0,0,31,0
4,12,1.830776e6,-3.948459257623293,-3.56967692130706,TIME_LIMIT,151585,0,0,37,0
4,12,1.831257e6,-3.948427438845872,-3.56967692130706,TIME_LIMIT,151618,0,0,16,0
4,12,1.831762e6,-3.948427438845872,-3.56967692130706,TIME_LIMIT,151657,0,0,43,0
4,12,1.832243e6,-3.9483625595142744,-3.56967692130706,TIME_LIMIT,151696,0,0,33,0
4,12,1.832724e6,-3.9483625595142744,-3.56967692130706,TIME_LIMIT,151723,0,0,33,0
4,12,1.833204e6,-3.948325886230647,-3.56967692130706,TIME_LIMIT,151772,0,0,33,0
4,12,1.833685e6,-3.948325886230647,-3.56967692130706,TIME_LIMIT,151805,0,0,36,0
4,12,1.834168e6,-3.948317211335966,-3.56967692130706,TIME_LIMIT,151841,0,0,38,0
4,12,1.834649e6,-3.948317211335966,-3.56967692130706,TIME_LIMIT,151868,0,0,17,0
4,12,1.835131e6,-3.948290812273476,-3.56967692130706,TIME_LIMIT,151915,0,0,26,0
4,12,1.835613e6,-3.948290812273476,-3.56967692130706,TIME_LIMIT,151956,0,0,37,0
4,12,1.836096e6,-3.948290812273476,-3.56967692130706,TIME_LIMIT,151998,0,0,29,0
4,12,1.836579e6,-3.948290812273476,-3.56967692130706,TIME_LIMIT,152033,0,0,37,0
4,12,1.837082e6,-3.9482415322882427,-3.56967692130706,TIME_LIMIT,152080,0,0,15,0
4,12,1.837563e6,-3.9482415322882427,-3.56967692130706,TIME_LIMIT,152110,0,0,18,0
4,12,1.838044e6,-3.9482089885688745,-3.56967692130706,TIME_LIMIT,152157,0,0,24,0
4,12,1.838524e6,-3.9482089885688745,-3.56967692130706,TIME_LIMIT,152182,0,0,33,0
4,12,1.839005e6,-3.9482088135119024,-3.56967692130706,TIME_LIMIT,152230,0,0,30,0
4,12,1.839486e6,-3.9482088135119024,-3.56967692130706,TIME_LIMIT,152256,0,0,24,0
4,12,1.839967e6,-3.9482088135119024,-3.56967692130706,TIME_LIMIT,152303,0,0,29,0
4,12,1.84045e6,-3.9482088135119024,-3.56967692130706,TIME_LIMIT,152333,0,0,36,0
4,12,1.84093e6,-3.9482088135119024,-3.56967692130706,TIME_LIMIT,152379,0,0,27,0
4,12,1.84141e6,-3.9482088135119024,-3.56967692130706,TIME_LIMIT,152411,0,0,35,0
4,12,1.841914e6,-3.948194068789384,-3.56967692130706,TIME_LIMIT,152463,0,0,28,0
4,12,1.842396e6,-3.948194068789384,-3.56967692130706,TIME_LIMIT,152491,0,0,37,0
4,12,1.842879e6,-3.948194068789384,-3.56967692130706,TIME_LIMIT,152542,0,0,33,0
4,12,1.843362e6,-3.948194068789384,-3.56967692130706,TIME_LIMIT,152563,0,0,34,0
4,12,1.843843e6,-3.9481905693034984,-3.56967692130706,TIME_LIMIT,152614,0,0,30,0
4,12,1.844326e6,-3.9481905693034984,-3.56967692130706,TIME_LIMIT,152632,0,0,31,0
4,12,1.844808e6,-3.9481495400779303,-3.56967692130706,TIME_LIMIT,152678,0,0,23,0
4,12,1.845291e6,-3.9481495400779303,-3.56967692130706,TIME_LIMIT,152706,0,0,40,0
4,12,1.845772e6,-3.9481495400779303,-3.56967692130706,TIME_LIMIT,152755,0,0,32,0
4,12,1.846252e6,-3.9481495400779303,-3.56967692130706,TIME_LIMIT,152773,0,0,29,0
4,12,1.846734e6,-3.9481495400779303,-3.56967692130706,TIME_LIMIT,152823,0,0,32,0
4,12,1.847238e6,-3.9481495400779303,-3.56967692130706,TIME_LIMIT,152855,0,0,24,0
4,12,1.847719e6,-3.9481495400779303,-3.56967692130706,TIME_LIMIT,152904,0,0,33,0
4,12,1.848199e6,-3.9481495400779303,-3.56967692130706,TIME_LIMIT,152940,0,0,25,0
4,12,1.84868e6,-3.9481481931560203,-3.56967692130706,TIME_LIMIT,152979,0,0,26,0
4,12,1.849164e6,-3.9481481931560203,-3.56967692130706,TIME_LIMIT,153011,0,0,43,0
4,12,1.849647e6,-3.948125272240851,-3.56967692130706,TIME_LIMIT,153066,0,0,34,0
4,12,1.850128e6,-3.948125272240851,-3.56967692130706,TIME_LIMIT,153093,0,0,27,0
4,12,1.850609e6,-3.948110579074145,-3.56967692130706,TIME_LIMIT,153142,0,0,26,0
4,12,1.851091e6,-3.948110579074145,-3.56967692130706,TIME_LIMIT,153164,0,0,35,0
4,12,1.851571e6,-3.9481085115201378,-3.56967692130706,TIME_LIMIT,153221,0,0,33,0
4,12,1.852073e6,-3.9481085115201378,-3.56967692130706,TIME_LIMIT,153241,0,0,43,0
4,12,1.852556e6,-3.9480841655682335,-3.56967692130706,TIME_LIMIT,153291,0,0,33,0
4,12,1.853036e6,-3.9480841655682335,-3.56967692130706,TIME_LIMIT,153320,0,0,22,0
4,12,1.853517e6,-3.9480841655682335,-3.56967692130706,TIME_LIMIT,153366,0,0,19,0
4,12,1.853998e6,-3.9480841655682335,-3.56967692130706,TIME_LIMIT,153400,0,0,32,0
4,12,1.854478e6,-3.9480628994674936,-3.56967692130706,TIME_LIMIT,153438,0,0,32,0
4,12,1.854958e6,-3.9480628994674936,-3.56967692130706,TIME_LIMIT,153465,0,0,38,0
4,12,1.855439e6,-3.9480628994674936,-3.56967692130706,TIME_LIMIT,153519,0,0,25,0
4,12,1.85592e6,-3.9480628994674936,-3.56967692130706,TIME_LIMIT,153555,0,0,35,0
4,12,1.856401e6,-3.9480628994674936,-3.56967692130706,TIME_LIMIT,153596,0,0,29,0
4,12,1.856884e6,-3.9480628994674936,-3.56967692130706,TIME_LIMIT,153624,0,0,38,0
4,12,1.857388e6,-3.9480524920901585,-3.56967692130706,TIME_LIMIT,153678,0,0,32,0
4,12,1.85787e6,-3.9480524920901585,-3.56967692130706,TIME_LIMIT,153713,0,0,32,0
4,12,1.858352e6,-3.9480513465803058,-3.56967692130706,TIME_LIMIT,153765,0,0,32,0
4,12,1.858833e6,-3.9480513465803058,-3.56967692130706,TIME_LIMIT,153787,0,0,42,0
4,12,1.859314e6,-3.948001713669283,-3.56967692130706,TIME_LIMIT,153840,0,0,33,0
4,12,1.859796e6,-3.948001713669283,-3.56967692130706,TIME_LIMIT,153872,0,0,29,0
4,12,1.860278e6,-3.948001713669283,-3.56967692130706,TIME_LIMIT,153913,0,0,23,0
4,12,1.86076e6,-3.948001713669283,-3.56967692130706,TIME_LIMIT,153947,0,0,33,0
4,12,1.861241e6,-3.948001713669283,-3.56967692130706,TIME_LIMIT,153998,0,0,26,0
4,12,1.861725e6,-3.948001713669283,-3.56967692130706,TIME_LIMIT,154037,0,0,26,0
4,12,1.862243e6,-3.9479477659382103,-3.56967692130706,TIME_LIMIT,154086,0,0,32,0
4,12,1.862747e6,-3.9479477659382103,-3.56967692130706,TIME_LIMIT,154113,0,0,49,0
4,12,1.863229e6,-3.9479477659382103,-3.56967692130706,TIME_LIMIT,154158,0,0,29,0
4,12,1.863712e6,-3.9479477659382103,-3.56967692130706,TIME_LIMIT,154188,0,0,32,0
4,12,1.864194e6,-3.947877776483088,-3.56967692130706,TIME_LIMIT,154238,0,0,30,0
4,12,1.864676e6,-3.947877776483088,-3.56967692130706,TIME_LIMIT,154261,0,0,44,0
4,12,1.865157e6,-3.947877776483088,-3.56967692130706,TIME_LIMIT,154306,0,0,31,0
4,12,1.865639e6,-3.947877776483088,-3.56967692130706,TIME_LIMIT,154332,0,0,36,0
4,12,1.866121e6,-3.947877776483088,-3.56967692130706,TIME_LIMIT,154381,0,0,28,0
4,12,1.866604e6,-3.947877776483088,-3.56967692130706,TIME_LIMIT,154408,0,0,36,0
4,12,1.867085e6,-3.9478251671581206,-3.56967692130706,TIME_LIMIT,154459,0,0,30,0
4,12,1.867565e6,-3.9478251671581206,-3.56967692130706,TIME_LIMIT,154491,0,0,30,0
4,12,1.868069e6,-3.947795828714444,-3.56967692130706,TIME_LIMIT,154527,0,0,33,0
4,12,1.86855e6,-3.947795828714444,-3.56967692130706,TIME_LIMIT,154564,0,0,44,0
4,12,1.86903e6,-3.947795828714444,-3.56967692130706,TIME_LIMIT,154600,0,0,27,0
4,12,1.869513e6,-3.947795828714444,-3.56967692130706,TIME_LIMIT,154627,0,0,43,0
4,12,1.869994e6,-3.947795828714444,-3.56967692130706,TIME_LIMIT,154676,0,0,30,0
4,12,1.870473e6,-3.947795828714444,-3.56967692130706,TIME_LIMIT,154708,0,0,23,0
4,12,1.870953e6,-3.947795828714444,-3.56967692130706,TIME_LIMIT,154762,0,0,29,0
4,12,1.871436e6,-3.947795828714444,-3.56967692130706,TIME_LIMIT,154796,0,0,23,0
4,12,1.871918e6,-3.947795828714444,-3.56967692130706,TIME_LIMIT,154847,0,0,13,0
4,12,1.8724e6,-3.947795828714444,-3.56967692130706,TIME_LIMIT,154872,0,0,32,0
4,12,1.872882e6,-3.9477826935973015,-3.56967692130706,TIME_LIMIT,154927,0,0,23,0
4,12,1.873385e6,-3.9477826935973015,-3.56967692130706,TIME_LIMIT,154946,0,0,35,0
4,12,1.873867e6,-3.9476596735852842,-3.56967692130706,TIME_LIMIT,154996,0,0,32,0
4,12,1.874347e6,-3.9476596735852842,-3.56967692130706,TIME_LIMIT,155024,0,0,40,0
4,12,1.874827e6,-3.9476494596467684,-3.56967692130706,TIME_LIMIT,155070,0,0,32,0
4,12,1.875308e6,-3.9476494596467684,-3.56967692130706,TIME_LIMIT,155094,0,0,33,0
4,12,1.875789e6,-3.947613403604808,-3.56967692130706,TIME_LIMIT,155138,0,0,27,0
4,12,1.87627e6,-3.947613403604808,-3.56967692130706,TIME_LIMIT,155175,0,0,30,0
4,12,1.87675e6,-3.947613403604808,-3.56967692130706,TIME_LIMIT,155213,0,0,27,0
4,12,1.87723e6,-3.947613403604808,-3.56967692130706,TIME_LIMIT,155237,0,0,28,0
4,12,1.877713e6,-3.947613403604808,-3.56967692130706,TIME_LIMIT,155284,0,0,11,0
4,12,1.878194e6,-3.947613403604808,-3.56967692130706,TIME_LIMIT,155312,0,0,31,0
4,12,1.878674e6,-3.9475717283280436,-3.56967692130706,TIME_LIMIT,155362,0,0,24,0
4,12,1.879176e6,-3.9475717283280436,-3.56967692130706,TIME_LIMIT,155396,0,0,41,0
4,12,1.879658e6,-3.9475347360369524,-3.56967692130706,TIME_LIMIT,155448,0,0,33,0
4,12,1.880141e6,-3.9475347360369524,-3.56967692130706,TIME_LIMIT,155474,0,0,40,0
4,12,1.880621e6,-3.9475194483484994,-3.56967692130706,TIME_LIMIT,155534,0,0,37,0
4,12,1.881103e6,-3.9475194483484994,-3.56967692130706,TIME_LIMIT,155567,0,0,43,0
4,12,1.881584e6,-3.9475194483484994,-3.56967692130706,TIME_LIMIT,155614,0,0,31,0
4,12,1.882065e6,-3.9475194483484994,-3.56967692130706,TIME_LIMIT,155641,0,0,24,0
4,12,1.882547e6,-3.947192655491858,-3.56967692130706,TIME_LIMIT,155697,0,0,32,0
4,12,1.883028e6,-3.947192655491858,-3.56967692130706,TIME_LIMIT,155732,0,0,35,0
4,12,1.88351e6,-3.947192655491858,-3.56967692130706,TIME_LIMIT,155772,0,0,27,0
4,12,1.883993e6,-3.947192655491858,-3.56967692130706,TIME_LIMIT,155799,0,0,33,0
4,12,1.884496e6,-3.947192655491858,-3.56967692130706,TIME_LIMIT,155842,0,0,22,0
4,12,1.884976e6,-3.947192655491858,-3.56967692130706,TIME_LIMIT,155869,0,0,27,0
4,12,1.885456e6,-3.947192655491858,-3.56967692130706,TIME_LIMIT,155920,0,0,29,0
4,12,1.885937e6,-3.947192655491858,-3.56967692130706,TIME_LIMIT,155955,0,0,31,0
4,12,1.886419e6,-3.9471774728398885,-3.56967692130706,TIME_LIMIT,156000,0,0,29,0
4,12,1.886902e6,-3.9471774728398885,-3.56967692130706,TIME_LIMIT,156033,0,0,36,0
4,12,1.887384e6,-3.9471691464192715,-3.56967692130706,TIME_LIMIT,156087,0,0,38,0
4,12,1.887869e6,-3.9471691464192715,-3.56967692130706,TIME_LIMIT,156109,0,0,28,0
4,12,1.88835e6,-3.9471592731892797,-3.56967692130706,TIME_LIMIT,156160,0,0,30,0
4,12,1.888832e6,-3.9471592731892797,-3.56967692130706,TIME_LIMIT,156197,0,0,38,0
4,12,1.889312e6,-3.9471592731892797,-3.56967692130706,TIME_LIMIT,156237,0,0,26,0
4,12,1.889816e6,-3.9471592731892797,-3.56967692130706,TIME_LIMIT,156271,0,0,38,0
4,12,1.890296e6,-3.9471533044070983,-3.56967692130706,TIME_LIMIT,156323,0,0,35,0
4,12,1.890777e6,-3.9471533044070983,-3.56967692130706,TIME_LIMIT,156352,0,0,47,0
4,12,1.891259e6,-3.947150215343368,-3.56967692130706,TIME_LIMIT,156407,0,0,32,0
4,12,1.89174e6,-3.947150215343368,-3.56967692130706,TIME_LIMIT,156427,0,0,30,0
4,12,1.892225e6,-3.9471363706236806,-3.56967692130706,TIME_LIMIT,156480,0,0,23,0
4,12,1.892709e6,-3.9471363706236806,-3.56967692130706,TIME_LIMIT,156515,0,0,40,0
4,12,1.89319e6,-3.9471363706236806,-3.56967692130706,TIME_LIMIT,156565,0,0,20,0
4,12,1.893671e6,-3.9471363706236806,-3.56967692130706,TIME_LIMIT,156606,0,0,26,0
4,12,1.894151e6,-3.9471363706236806,-3.56967692130706,TIME_LIMIT,156650,0,0,31,0
4,12,1.894632e6,-3.9471363706236806,-3.56967692130706,TIME_LIMIT,156674,0,0,39,0
4,12,1.895114e6,-3.9471093314016814,-3.56967692130706,TIME_LIMIT,156722,0,0,30,0
4,12,1.895619e6,-3.9471093314016814,-3.56967692130706,TIME_LIMIT,156745,0,0,43,0
4,12,1.896103e6,-3.9470839599557284,-3.56967692130706,TIME_LIMIT,156798,0,0,24,0
4,12,1.896584e6,-3.9470839599557284,-3.56967692130706,TIME_LIMIT,156831,0,0,16,0
4,12,1.897066e6,-3.947002923071252,-3.56967692130706,TIME_LIMIT,156887,0,0,35,0
4,12,1.897549e6,-3.947002923071252,-3.56967692130706,TIME_LIMIT,156917,0,0,26,0
4,12,1.898031e6,-3.9469116934789072,-3.56967692130706,TIME_LIMIT,156964,0,0,31,0
4,12,1.898515e6,-3.9469116934789072,-3.56967692130706,TIME_LIMIT,157005,0,0,42,0
4,12,1.898996e6,-3.9469116934789072,-3.56967692130706,TIME_LIMIT,157052,0,0,31,0
4,12,1.899479e6,-3.9469116934789072,-3.56967692130706,TIME_LIMIT,157076,0,0,39,0
4,12,1.899961e6,-3.9469116934789072,-3.56967692130706,TIME_LIMIT,157125,0,0,33,0
4,12,1.900443e6,-3.9469116934789072,-3.56967692130706,TIME_LIMIT,157153,0,0,34,0
4,12,1.900925e6,-3.9469004356929656,-3.56967692130706,TIME_LIMIT,157204,0,0,33,0
4,12,1.901431e6,-3.9469004356929656,-3.56967692130706,TIME_LIMIT,157235,0,0,39,0
4,12,1.901913e6,-3.946892480510893,-3.56967692130706,TIME_LIMIT,157282,0,0,29,0
4,12,1.902395e6,-3.946892480510893,-3.56967692130706,TIME_LIMIT,157315,0,0,32,0
4,12,1.902876e6,-3.9468887094220078,-3.56967692130706,TIME_LIMIT,157367,0,0,32,0
4,12,1.903359e6,-3.9468887094220078,-3.56967692130706,TIME_LIMIT,157403,0,0,30,0
4,12,1.903842e6,-3.94687911599811,-3.56967692130706,TIME_LIMIT,157455,0,0,29,0
4,12,1.904324e6,-3.94687911599811,-3.56967692130706,TIME_LIMIT,157490,0,0,36,0
4,12,1.904806e6,-3.946859191042898,-3.56967692130706,TIME_LIMIT,157536,0,0,28,0
4,12,1.905288e6,-3.946859191042898,-3.56967692130706,TIME_LIMIT,157579,0,0,36,0
4,12,1.905772e6,-3.946799754705139,-3.56967692130706,TIME_LIMIT,157627,0,0,42,0
4,12,1.906254e6,-3.946799754705139,-3.56967692130706,TIME_LIMIT,157664,0,0,39,0
4,12,1.906735e6,-3.946799754705139,-3.56967692130706,TIME_LIMIT,157711,0,0,13,0
4,12,1.907239e6,-3.946799754705139,-3.56967692130706,TIME_LIMIT,157752,0,0,31,0
4,12,1.90772e6,-3.946798965791502,-3.56967692130706,TIME_LIMIT,157785,0,0,31,0
4,12,1.908199e6,-3.946798965791502,-3.56967692130706,TIME_LIMIT,157816,0,0,36,0
4,12,1.908682e6,-3.9466488487749563,-3.56967692130706,TIME_LIMIT,157865,0,0,17,0
4,12,1.909165e6,-3.9466488487749563,-3.56967692130706,TIME_LIMIT,157903,0,0,40,0
4,12,1.909647e6,-3.94659086809138,-3.56967692130706,TIME_LIMIT,157947,0,0,32,0
4,12,1.910129e6,-3.94659086809138,-3.56967692130706,TIME_LIMIT,157968,0,0,44,0
4,12,1.910612e6,-3.946588756183009,-3.56967692130706,TIME_LIMIT,158019,0,0,32,0
4,12,1.911094e6,-3.946588756183009,-3.56967692130706,TIME_LIMIT,158050,0,0,31,0
4,12,1.911575e6,-3.9465884954389865,-3.56967692130706,TIME_LIMIT,158095,0,0,31,0
4,12,1.912058e6,-3.9465884954389865,-3.56967692130706,TIME_LIMIT,158120,0,0,42,0
4,12,1.912541e6,-3.9465884954389865,-3.56967692130706,TIME_LIMIT,158172,0,0,32,0
4,12,1.913045e6,-3.9465884954389865,-3.56967692130706,TIME_LIMIT,158202,0,0,25,0
4,12,1.913566e6,-3.9465884954389865,-3.56967692130706,TIME_LIMIT,158250,0,0,30,0
4,12,1.914049e6,-3.9465884954389865,-3.56967692130706,TIME_LIMIT,158281,0,0,43,0
4,12,1.91453e6,-3.9465794124259608,-3.56967692130706,TIME_LIMIT,158334,0,0,32,0
4,12,1.915012e6,-3.9465794124259608,-3.56967692130706,TIME_LIMIT,158359,0,0,34,0
4,12,1.915494e6,-3.9465794124259608,-3.56967692130706,TIME_LIMIT,158412,0,0,31,0
4,12,1.915978e6,-3.9465794124259608,-3.56967692130706,TIME_LIMIT,158452,0,0,40,0
4,12,1.916462e6,-3.9465794124259608,-3.56967692130706,TIME_LIMIT,158501,0,0,26,0
4,12,1.916944e6,-3.9465794124259608,-3.56967692130706,TIME_LIMIT,158531,0,0,39,0
4,12,1.917426e6,-3.9465794124259608,-3.56967692130706,TIME_LIMIT,158577,0,0,21,0
4,12,1.917912e6,-3.9465794124259608,-3.56967692130706,TIME_LIMIT,158610,0,0,35,0
4,12,1.918394e6,-3.9465185062625463,-3.56967692130706,TIME_LIMIT,158656,0,0,31,0
4,12,1.918898e6,-3.9465185062625463,-3.56967692130706,TIME_LIMIT,158681,0,0,40,0
4,12,1.91938e6,-3.9465185062625463,-3.56967692130706,TIME_LIMIT,158733,0,0,29,0
4,12,1.919859e6,-3.9465185062625463,-3.56967692130706,TIME_LIMIT,158763,0,0,30,0
4,12,1.920342e6,-3.946485906946123,-3.56967692130706,TIME_LIMIT,158816,0,0,34,0
4,12,1.920823e6,-3.946485906946123,-3.56967692130706,TIME_LIMIT,158840,0,0,32,0
4,12,1.921305e6,-3.946485906946123,-3.56967692130706,TIME_LIMIT,158888,0,0,30,0
4,12,1.921786e6,-3.946485906946123,-3.56967692130706,TIME_LIMIT,158920,0,0,42,0
4,12,1.922269e6,-3.9464837713011582,-3.56967692130706,TIME_LIMIT,158967,0,0,29,0
4,12,1.922752e6,-3.9464837713011582,-3.56967692130706,TIME_LIMIT,159004,0,0,32,0
4,12,1.923233e6,-3.9464837713011582,-3.56967692130706,TIME_LIMIT,159054,0,0,31,0
4,12,1.923714e6,-3.9464837713011582,-3.56967692130706,TIME_LIMIT,159085,0,0,36,0
4,12,1.924194e6,-3.9463872057492972,-3.56967692130706,TIME_LIMIT,159132,0,0,28,0
4,12,1.924697e6,-3.9463872057492972,-3.56967692130706,TIME_LIMIT,159156,0,0,38,0
4,12,1.925178e6,-3.9463872057492972,-3.56967692130706,TIME_LIMIT,159209,0,0,33,0
4,12,1.925659e6,-3.9463872057492972,-3.56967692130706,TIME_LIMIT,159235,0,0,38,0
4,12,1.926141e6,-3.9463828734457387,-3.56967692130706,TIME_LIMIT,159295,0,0,33,0
4,12,1.926623e6,-3.9463828734457387,-3.56967692130706,TIME_LIMIT,159319,0,0,36,0
4,12,1.927104e6,-3.9463828734457387,-3.56967692130706,TIME_LIMIT,159368,0,0,28,0
4,12,1.927586e6,-3.9463828734457387,-3.56967692130706,TIME_LIMIT,159402,0,0,28,0
4,12,1.928068e6,-3.9463828734457387,-3.56967692130706,TIME_LIMIT,159446,0,0,24,0
4,12,1.928558e6,-3.9463828734457387,-3.56967692130706,TIME_LIMIT,159479,0,0,32,0
4,12,1.929039e6,-3.9463663511735736,-3.56967692130706,TIME_LIMIT,159527,0,0,30,0
4,12,1.929519e6,-3.9463663511735736,-3.56967692130706,TIME_LIMIT,159552,0,0,40,0
4,12,1.93e6,-3.9463600680468867,-3.56967692130706,TIME_LIMIT,159600,0,0,34,0
4,12,1.930482e6,-3.9463600680468867,-3.56967692130706,TIME_LIMIT,159635,0,0,31,0
4,12,1.930985e6,-3.9463600680468867,-3.56967692130706,TIME_LIMIT,159683,0,0,29,0
4,12,1.931467e6,-3.9463600680468867,-3.56967692130706,TIME_LIMIT,159708,0,0,23,0
4,12,1.93195e6,-3.9463600680468867,-3.56967692130706,TIME_LIMIT,159759,0,0,28,0
4,12,1.932432e6,-3.9463600680468867,-3.56967692130706,TIME_LIMIT,159786,0,0,36,0
4,12,1.932914e6,-3.9463591630870267,-3.56967692130706,TIME_LIMIT,159834,0,0,29,0
4,12,1.933396e6,-3.9463591630870267,-3.56967692130706,TIME_LIMIT,159869,0,0,41,0
4,12,1.933878e6,-3.9463591630870267,-3.56967692130706,TIME_LIMIT,159917,0,0,25,0
4,12,1.934359e6,-3.9463591630870267,-3.56967692130706,TIME_LIMIT,159954,0,0,41,0
4,12,1.934839e6,-3.9463408489608285,-3.56967692130706,TIME_LIMIT,160006,0,0,32,0
4,12,1.935321e6,-3.9463408489608285,-3.56967692130706,TIME_LIMIT,160034,0,0,45,0
4,12,1.935803e6,-3.9463139114234718,-3.56967692130706,TIME_LIMIT,160093,0,0,26,0
4,12,1.936286e6,-3.9463139114234718,-3.56967692130706,TIME_LIMIT,160120,0,0,39,0
4,12,1.93679e6,-3.9462872326239653,-3.56967692130706,TIME_LIMIT,160171,0,0,33,0
4,12,1.937273e6,-3.9462872326239653,-3.56967692130706,TIME_LIMIT,160205,0,0,21,0
4,12,1.937755e6,-3.9462872326239653,-3.56967692130706,TIME_LIMIT,160254,0,0,33,0
4,12,1.938236e6,-3.9462872326239653,-3.56967692130706,TIME_LIMIT,160292,0,0,39,0
4,12,1.93872e6,-3.946275259275188,-3.56967692130706,TIME_LIMIT,160328,0,0,37,0
4,12,1.939207e6,-3.946275259275188,-3.56967692130706,TIME_LIMIT,160355,0,0,44,0
4,12,1.93969e6,-3.946239122165604,-3.56967692130706,TIME_LIMIT,160407,0,0,29,0
4,12,1.940174e6,-3.946239122165604,-3.56967692130706,TIME_LIMIT,160439,0,0,43,0
4,12,1.940657e6,-3.9462352049418317,-3.56967692130706,TIME_LIMIT,160488,0,0,28,0
4,12,1.941137e6,-3.9462352049418317,-3.56967692130706,TIME_LIMIT,160513,0,0,40,0
4,12,1.94162e6,-3.9462195313106463,-3.56967692130706,TIME_LIMIT,160565,0,0,23,0
4,12,1.942103e6,-3.9462195313106463,-3.56967692130706,TIME_LIMIT,160599,0,0,31,0
4,12,1.942586e6,-3.9462195313106463,-3.56967692130706,TIME_LIMIT,160648,0,0,27,0
4,12,1.943092e6,-3.9462195313106463,-3.56967692130706,TIME_LIMIT,160684,0,0,24,0
4,12,1.943575e6,-3.9462195313106463,-3.56967692130706,TIME_LIMIT,160730,0,0,27,0
4,12,1.944056e6,-3.9462195313106463,-3.56967692130706,TIME_LIMIT,160764,0,0,37,0
4,12,1.944538e6,-3.9461965470383586,-3.56967692130706,TIME_LIMIT,160808,0,0,26,0
4,12,1.94502e6,-3.9461965470383586,-3.56967692130706,TIME_LIMIT,160839,0,0,52,0
4,12,1.945502e6,-3.9461965470383586,-3.56967692130706,TIME_LIMIT,160898,0,0,36,0
4,12,1.945986e6,-3.9461965470383586,-3.56967692130706,TIME_LIMIT,160926,0,0,43,0
4,12,1.946468e6,-3.9461965470383586,-3.56967692130706,TIME_LIMIT,160978,0,0,32,0
4,12,1.946948e6,-3.9461965470383586,-3.56967692130706,TIME_LIMIT,161014,0,0,42,0
4,12,1.947429e6,-3.9461965470383586,-3.56967692130706,TIME_LIMIT,161065,0,0,28,0
4,12,1.947911e6,-3.9461965470383586,-3.56967692130706,TIME_LIMIT,161102,0,0,39,0
4,12,1.948392e6,-3.946138620017191,-3.56967692130706,TIME_LIMIT,161152,0,0,32,0
4,12,1.948875e6,-3.946138620017191,-3.56967692130706,TIME_LIMIT,161179,0,0,25,0
4,12,1.949379e6,-3.946117080748445,-3.56967692130706,TIME_LIMIT,161228,0,0,24,0
4,12,1.949862e6,-3.946117080748445,-3.56967692130706,TIME_LIMIT,161263,0,0,39,0
4,12,1.950344e6,-3.94606433489291,-3.56967692130706,TIME_LIMIT,161303,0,0,27,0
4,12,1.950826e6,-3.94606433489291,-3.56967692130706,TIME_LIMIT,161334,0,0,57,0
4,12,1.951308e6,-3.94606433489291,-3.56967692130706,TIME_LIMIT,161381,0,0,35,0
4,12,1.951789e6,-3.94606433489291,-3.56967692130706,TIME_LIMIT,161402,0,0,16,0
4,12,1.952271e6,-3.946059476604727,-3.56967692130706,TIME_LIMIT,161454,0,0,15,0
4,12,1.952755e6,-3.946059476604727,-3.56967692130706,TIME_LIMIT,161493,0,0,40,0
4,12,1.953236e6,-3.946044906074521,-3.56967692130706,TIME_LIMIT,161551,0,0,35,0
4,12,1.953718e6,-3.946044906074521,-3.56967692130706,TIME_LIMIT,161585,0,0,35,0
4,12,1.954198e6,-3.9459867932846664,-3.56967692130706,TIME_LIMIT,161626,0,0,18,0
4,12,1.95468e6,-3.9459867932846664,-3.56967692130706,TIME_LIMIT,161659,0,0,29,0
4,12,1.955163e6,-3.9459867932846664,-3.56967692130706,TIME_LIMIT,161702,0,0,32,0
4,12,1.955646e6,-3.9459867932846664,-3.56967692130706,TIME_LIMIT,161742,0,0,34,0
4,12,1.956149e6,-3.9458795039921917,-3.56967692130706,TIME_LIMIT,161792,0,0,30,0
4,12,1.956632e6,-3.9458795039921917,-3.56967692130706,TIME_LIMIT,161819,0,0,14,0
4,12,1.957113e6,-3.9458795039921917,-3.56967692130706,TIME_LIMIT,161867,0,0,31,0
4,12,1.957596e6,-3.9458795039921917,-3.56967692130706,TIME_LIMIT,161892,0,0,38,0
4,12,1.958078e6,-3.945878098242457,-3.56967692130706,TIME_LIMIT,161946,0,0,34,0
4,12,1.95856e6,-3.945878098242457,-3.56967692130706,TIME_LIMIT,161965,0,0,33,0
4,12,1.959043e6,-3.9458476088274503,-3.56967692130706,TIME_LIMIT,162017,0,0,30,0
4,12,1.959523e6,-3.9458476088274503,-3.56967692130706,TIME_LIMIT,162042,0,0,38,0
4,12,1.960005e6,-3.945838479042306,-3.56967692130706,TIME_LIMIT,162095,0,0,31,0
4,12,1.960488e6,-3.945838479042306,-3.56967692130706,TIME_LIMIT,162134,0,0,35,0
4,12,1.960971e6,-3.9458141555477586,-3.56967692130706,TIME_LIMIT,162175,0,0,36,0
4,12,1.961454e6,-3.9458141555477586,-3.56967692130706,TIME_LIMIT,162206,0,0,23,0
4,12,1.961936e6,-3.9458141555477586,-3.56967692130706,TIME_LIMIT,162253,0,0,30,0
4,12,1.96244e6,-3.9458141555477586,-3.56967692130706,TIME_LIMIT,162284,0,0,23,0
4,12,1.962921e6,-3.945804918877988,-3.56967692130706,TIME_LIMIT,162329,0,0,30,0
4,12,1.963405e6,-3.945804918877988,-3.56967692130706,TIME_LIMIT,162350,0,0,36,0
4,12,1.963887e6,-3.9458013903520146,-3.56967692130706,TIME_LIMIT,162401,0,0,29,0
4,12,1.964369e6,-3.9458013903520146,-3.56967692130706,TIME_LIMIT,162430,0,0,46,0
4,12,1.964862e6,-3.9457945020097345,-3.56967692130706,TIME_LIMIT,162479,0,0,33,0
4,12,1.965374e6,-3.9457945020097345,-3.56967692130706,TIME_LIMIT,162508,0,0,28,0
4,12,1.965858e6,-3.9457945020097345,-3.56967692130706,TIME_LIMIT,162554,0,0,32,0
4,12,1.966341e6,-3.9457945020097345,-3.56967692130706,TIME_LIMIT,162584,0,0,36,0
4,12,1.966825e6,-3.9457945020097345,-3.56967692130706,TIME_LIMIT,162628,0,0,26,0
4,12,1.967306e6,-3.9457945020097345,-3.56967692130706,TIME_LIMIT,162651,0,0,35,0
4,12,1.967788e6,-3.9457854121105997,-3.56967692130706,TIME_LIMIT,162697,0,0,25,0
4,12,1.96827e6,-3.9457854121105997,-3.56967692130706,TIME_LIMIT,162735,0,0,36,0
4,12,1.968753e6,-3.9457729094692966,-3.56967692130706,TIME_LIMIT,162790,0,0,37,0
4,12,1.969262e6,-3.9457729094692966,-3.56967692130706,TIME_LIMIT,162823,0,0,34,0
4,12,1.969744e6,-3.945760552244133,-3.56967692130706,TIME_LIMIT,162875,0,0,30,0
4,12,1.970228e6,-3.945760552244133,-3.56967692130706,TIME_LIMIT,162913,0,0,47,0
4,12,1.970709e6,-3.945748689995142,-3.56967692130706,TIME_LIMIT,162951,0,0,42,0
4,12,1.97119e6,-3.945748689995142,-3.56967692130706,TIME_LIMIT,162979,0,0,36,0
4,12,1.971671e6,-3.945748689995142,-3.56967692130706,TIME_LIMIT,163016,0,0,25,0
4,12,1.972152e6,-3.945748689995142,-3.56967692130706,TIME_LIMIT,163044,0,0,17,0
4,12,1.972632e6,-3.945665547613559,-3.56967692130706,TIME_LIMIT,163091,0,0,30,0
4,12,1.973114e6,-3.945665547613559,-3.56967692130706,TIME_LIMIT,163116,0,0,40,0
4,12,1.973597e6,-3.9456412236697505,-3.56967692130706,TIME_LIMIT,163171,0,0,33,0
4,12,1.974079e6,-3.9456412236697505,-3.56967692130706,TIME_LIMIT,163196,0,0,35,0
4,12,1.974562e6,-3.945638191559735,-3.56967692130706,TIME_LIMIT,163250,0,0,19,0
4,12,1.975045e6,-3.945638191559735,-3.56967692130706,TIME_LIMIT,163275,0,0,48,0
4,12,1.975549e6,-3.945638191559735,-3.56967692130706,TIME_LIMIT,163322,0,0,29,0
4,12,1.976032e6,-3.945638191559735,-3.56967692130706,TIME_LIMIT,163356,0,0,41,0
4,12,1.976514e6,-3.945638191559735,-3.56967692130706,TIME_LIMIT,163410,0,0,34,0
4,12,1.976997e6,-3.945638191559735,-3.56967692130706,TIME_LIMIT,163438,0,0,44,0
4,12,1.977479e6,-3.945638191559735,-3.56967692130706,TIME_LIMIT,163488,0,0,25,0
4,12,1.977961e6,-3.945638191559735,-3.56967692130706,TIME_LIMIT,163521,0,0,26,0
4,12,1.978443e6,-3.9456335587642877,-3.56967692130706,TIME_LIMIT,163570,0,0,27,0
4,12,1.978927e6,-3.9456335587642877,-3.56967692130706,TIME_LIMIT,163609,0,0,21,0
4,12,1.97941e6,-3.9456335587642877,-3.56967692130706,TIME_LIMIT,163660,0,0,27,0
4,12,1.979892e6,-3.9456335587642877,-3.56967692130706,TIME_LIMIT,163691,0,0,38,0
4,12,1.980374e6,-3.9455311495006398,-3.56967692130706,TIME_LIMIT,163727,0,0,36,0
4,12,1.980854e6,-3.9455311495006398,-3.56967692130706,TIME_LIMIT,163751,0,0,39,0
4,12,1.981336e6,-3.9455159894405085,-3.56967692130706,TIME_LIMIT,163797,0,0,31,0
4,12,1.981816e6,-3.9455159894405085,-3.56967692130706,TIME_LIMIT,163827,0,0,41,0
4,12,1.982322e6,-3.945503736384317,-3.56967692130706,TIME_LIMIT,163880,0,0,36,0
4,12,1.982803e6,-3.945503736384317,-3.56967692130706,TIME_LIMIT,163921,0,0,32,0
4,12,1.983285e6,-3.9455027621258214,-3.56967692130706,TIME_LIMIT,163959,0,0,32,0
4,12,1.983767e6,-3.9455027621258214,-3.56967692130706,TIME_LIMIT,163993,0,0,28,0
4,12,1.984248e6,-3.9455027621258214,-3.56967692130706,TIME_LIMIT,164036,0,0,28,0
4,12,1.984728e6,-3.9455027621258214,-3.56967692130706,TIME_LIMIT,164067,0,0,38,0
4,12,1.98521e6,-3.945442860335272,-3.56967692130706,TIME_LIMIT,164120,0,0,33,0
4,12,1.985694e6,-3.945442860335272,-3.56967692130706,TIME_LIMIT,164146,0,0,50,0
4,12,1.986178e6,-3.945440603838518,-3.56967692130706,TIME_LIMIT,164197,0,0,31,0
4,12,1.986661e6,-3.945440603838518,-3.56967692130706,TIME_LIMIT,164219,0,0,47,0
4,12,1.987145e6,-3.945354231421566,-3.56967692130706,TIME_LIMIT,164276,0,0,35,0
4,12,1.987628e6,-3.945354231421566,-3.56967692130706,TIME_LIMIT,164302,0,0,50,0
4,12,1.988109e6,-3.9453351602880673,-3.56967692130706,TIME_LIMIT,164353,0,0,32,0
4,12,1.988593e6,-3.9453351602880673,-3.56967692130706,TIME_LIMIT,164387,0,0,40,0
4,12,1.989095e6,-3.9452867953987583,-3.56967692130706,TIME_LIMIT,164427,0,0,29,0
4,12,1.989576e6,-3.9452867953987583,-3.56967692130706,TIME_LIMIT,164457,0,0,38,0
4,12,1.990058e6,-3.94525801990321,-3.56967692130706,TIME_LIMIT,164509,0,0,30,0
4,12,1.990542e6,-3.94525801990321,-3.56967692130706,TIME_LIMIT,164540,0,0,27,0
4,12,1.991025e6,-3.94525801990321,-3.56967692130706,TIME_LIMIT,164587,0,0,14,0
4,12,1.991508e6,-3.94525801990321,-3.56967692130706,TIME_LIMIT,164615,0,0,37,0
4,12,1.991991e6,-3.9451542809155145,-3.56967692130706,TIME_LIMIT,164663,0,0,30,0
4,12,1.992475e6,-3.9451542809155145,-3.56967692130706,TIME_LIMIT,164699,0,0,36,0
4,12,1.992958e6,-3.9451542809155145,-3.56967692130706,TIME_LIMIT,164748,0,0,32,0
4,12,1.993439e6,-3.9451542809155145,-3.56967692130706,TIME_LIMIT,164774,0,0,6,0
4,12,1.993921e6,-3.9450738841199886,-3.56967692130706,TIME_LIMIT,164826,0,0,31,0
4,12,1.994401e6,-3.9450738841199886,-3.56967692130706,TIME_LIMIT,164856,0,0,31,0
4,12,1.994886e6,-3.9450738841199886,-3.56967692130706,TIME_LIMIT,164890,0,0,35,0
4,12,1.995369e6,-3.9450738841199886,-3.56967692130706,TIME_LIMIT,164926,0,0,40,0
4,12,1.995851e6,-3.945036196313018,-3.56967692130706,TIME_LIMIT,164977,0,0,29,0
4,12,1.996356e6,-3.945036196313018,-3.56967692130706,TIME_LIMIT,165008,0,0,34,0
4,12,1.996838e6,-3.9450099400118437,-3.56967692130706,TIME_LIMIT,165054,0,0,25,0
4,12,1.997321e6,-3.9450099400118437,-3.56967692130706,TIME_LIMIT,165084,0,0,43,0
4,12,1.997805e6,-3.944947611987598,-3.56967692130706,TIME_LIMIT,165135,0,0,30,0
4,12,1.998286e6,-3.944947611987598,-3.56967692130706,TIME_LIMIT,165155,0,0,41,0
4,12,1.998768e6,-3.944903473680994,-3.56967692130706,TIME_LIMIT,165210,0,0,27,0
4,12,1.999252e6,-3.944903473680994,-3.56967692130706,TIME_LIMIT,165236,0,0,36,0
4,12,1.999734e6,-3.9448098466261032,-3.56967692130706,TIME_LIMIT,165290,0,0,30,0
4,12,2.000217e6,-3.9448098466261032,-3.56967692130706,TIME_LIMIT,165311,0,0,28,0
4,12,2.000698e6,-3.9447996891379953,-3.56967692130706,TIME_LIMIT,165357,0,0,28,0
4,12,2.001179e6,-3.9447996891379953,-3.56967692130706,TIME_LIMIT,165392,0,0,28,0
4,12,2.00166e6,-3.9447592036209227,-3.56967692130706,TIME_LIMIT,165427,0,0,34,0
4,12,2.002142e6,-3.9447592036209227,-3.56967692130706,TIME_LIMIT,165464,0,0,39,0
4,12,2.002626e6,-3.9447592036209227,-3.56967692130706,TIME_LIMIT,165515,0,0,36,0
4,12,2.003132e6,-3.9447592036209227,-3.56967692130706,TIME_LIMIT,165552,0,0,29,0
4,12,2.003615e6,-3.9447065036654005,-3.56967692130706,TIME_LIMIT,165609,0,0,22,0
4,12,2.004098e6,-3.9447065036654005,-3.56967692130706,TIME_LIMIT,165641,0,0,8,0
4,12,2.004581e6,-3.9447065036654005,-3.56967692130706,TIME_LIMIT,165692,0,0,27,0
4,12,2.005063e6,-3.9447065036654005,-3.56967692130706,TIME_LIMIT,165736,0,0,30,0
4,12,2.005545e6,-3.944649127383998,-3.56967692130706,TIME_LIMIT,165768,0,0,34,0
4,12,2.006028e6,-3.944649127383998,-3.56967692130706,TIME_LIMIT,165804,0,0,51,0
4,12,2.006512e6,-3.944607835237386,-3.56967692130706,TIME_LIMIT,165851,0,0,31,0
4,12,2.006995e6,-3.944607835237386,-3.56967692130706,TIME_LIMIT,165883,0,0,36,0
4,12,2.007478e6,-3.9445537290655133,-3.56967692130706,TIME_LIMIT,165938,0,0,41,0
4,12,2.00796e6,-3.9445537290655133,-3.56967692130706,TIME_LIMIT,165969,0,0,26,0
4,12,2.008442e6,-3.944440298048686,-3.56967692130706,TIME_LIMIT,166015,0,0,27,0
4,12,2.008924e6,-3.944440298048686,-3.56967692130706,TIME_LIMIT,166038,0,0,47,0
4,12,2.009405e6,-3.9443442588577504,-3.56967692130706,TIME_LIMIT,166089,0,0,29,0
4,12,2.009887e6,-3.9443442588577504,-3.56967692130706,TIME_LIMIT,166118,0,0,48,0
4,12,2.010392e6,-3.9443442588577504,-3.56967692130706,TIME_LIMIT,166177,0,0,36,0
4,12,2.010873e6,-3.9443442588577504,-3.56967692130706,TIME_LIMIT,166205,0,0,41,0
4,12,2.011355e6,-3.9443423415076215,-3.56967692130706,TIME_LIMIT,166257,0,0,33,0
4,12,2.011839e6,-3.9443423415076215,-3.56967692130706,TIME_LIMIT,166280,0,0,39,0
4,12,2.012334e6,-3.9443386938881746,-3.56967692130706,TIME_LIMIT,166335,0,0,29,0
4,12,2.012817e6,-3.9443386938881746,-3.56967692130706,TIME_LIMIT,166370,0,0,39,0
4,12,2.0133e6,-3.9442722021199845,-3.56967692130706,TIME_LIMIT,166422,0,0,32,0
4,12,2.013781e6,-3.9442722021199845,-3.56967692130706,TIME_LIMIT,166462,0,0,31,0
4,12,2.014263e6,-3.944252599940933,-3.56967692130706,TIME_LIMIT,166503,0,0,29,0
4,12,2.014748e6,-3.944252599940933,-3.56967692130706,TIME_LIMIT,166530,0,0,61,0
4,12,2.015231e6,-3.944252599940933,-3.56967692130706,TIME_LIMIT,166584,0,0,31,0
4,12,2.015714e6,-3.944252599940933,-3.56967692130706,TIME_LIMIT,166617,0,0,40,0
4,12,2.016197e6,-3.944252599940933,-3.56967692130706,TIME_LIMIT,166665,0,0,29,0
4,12,2.016723e6,-3.944252599940933,-3.56967692130706,TIME_LIMIT,166686,0,0,25,0
4,12,2.017215e6,-3.9442355650627774,-3.56967692130706,TIME_LIMIT,166736,0,0,15,0
4,12,2.017723e6,-3.9442355650627774,-3.56967692130706,TIME_LIMIT,166762,0,0,32,0
4,12,2.018213e6,-3.9442297820527226,-3.56967692130706,TIME_LIMIT,166813,0,0,28,0
4,12,2.018696e6,-3.9442297820527226,-3.56967692130706,TIME_LIMIT,166839,0,0,24,0
4,12,2.0192e6,-3.9442297820527226,-3.56967692130706,TIME_LIMIT,166886,0,0,29,0
4,12,2.019684e6,-3.9442297820527226,-3.56967692130706,TIME_LIMIT,166909,0,0,25,0
4,12,2.020187e6,-3.94422403396929,-3.56967692130706,TIME_LIMIT,166957,0,0,22,0
4,12,2.020672e6,-3.94422403396929,-3.56967692130706,TIME_LIMIT,166993,0,0,35,0
4,12,2.02117e6,-3.9441662859056317,-3.56967692130706,TIME_LIMIT,167040,0,0,34,0
4,12,2.021664e6,-3.9441662859056317,-3.56967692130706,TIME_LIMIT,167077,0,0,28,0
4,12,2.022147e6,-3.944139243707075,-3.56967692130706,TIME_LIMIT,167117,0,0,46,0
4,12,2.022639e6,-3.944139243707075,-3.56967692130706,TIME_LIMIT,167144,0,0,39,0
4,12,2.023132e6,-3.9441125477894574,-3.56967692130706,TIME_LIMIT,167190,0,0,30,0
4,12,2.023629e6,-3.9441125477894574,-3.56967692130706,TIME_LIMIT,167218,0,0,43,0
4,12,2.024121e6,-3.9441125477894574,-3.56967692130706,TIME_LIMIT,167264,0,0,23,0
4,12,2.024605e6,-3.9441125477894574,-3.56967692130706,TIME_LIMIT,167293,0,0,34,0
4,12,2.02512e6,-3.944091346561395,-3.56967692130706,TIME_LIMIT,167344,0,0,31,0
4,12,2.025613e6,-3.944091346561395,-3.56967692130706,TIME_LIMIT,167368,0,0,37,0
4,12,2.026108e6,-3.9440830156239652,-3.56967692130706,TIME_LIMIT,167417,0,0,31,0
4,12,2.026591e6,-3.9440830156239652,-3.56967692130706,TIME_LIMIT,167438,0,0,20,0
4,12,2.027087e6,-3.944027110618395,-3.56967692130706,TIME_LIMIT,167488,0,0,35,0
4,12,2.027579e6,-3.944027110618395,-3.56967692130706,TIME_LIMIT,167516,0,0,35,0
4,12,2.028072e6,-3.9439427118951866,-3.56967692130706,TIME_LIMIT,167568,0,0,31,0
4,12,2.028557e6,-3.9439427118951866,-3.56967692130706,TIME_LIMIT,167599,0,0,35,0
4,12,2.029053e6,-3.9439427118951866,-3.571726706309323,TIME_LIMIT,167645,0,0,23,0
4,12,2.029547e6,-3.9439427118951866,-3.571726706309323,TIME_LIMIT,167673,0,0,36,0
4,12,2.030042e6,-3.9439427118951866,-3.571726706309323,TIME_LIMIT,167724,0,0,34,0
4,12,2.030536e6,-3.9439427118951866,-3.571726706309323,TIME_LIMIT,167766,0,0,37,0
4,12,2.03103e6,-3.9439427118951866,-3.571726706309323,TIME_LIMIT,167808,0,0,29,0
4,12,2.031523e6,-3.9439427118951866,-3.571726706309323,TIME_LIMIT,167836,0,0,40,0
4,12,2.032017e6,-3.9439427118951866,-3.571726706309323,TIME_LIMIT,167886,0,0,28,0
4,12,2.0325e6,-3.9439427118951866,-3.571726706309323,TIME_LIMIT,167914,0,0,31,0
4,12,2.033029e6,-3.9439427118951866,-3.571726706309323,TIME_LIMIT,167960,0,0,23,0
4,12,2.033511e6,-3.9439427118951866,-3.571726706309323,TIME_LIMIT,167992,0,0,36,0
4,12,2.034005e6,-3.9438759012156828,-3.571726706309323,TIME_LIMIT,168036,0,0,24,0
4,12,2.0345e6,-3.9438759012156828,-3.571726706309323,TIME_LIMIT,168065,0,0,53,0
4,12,2.034981e6,-3.9438759012156828,-3.571726706309323,TIME_LIMIT,168117,0,0,30,0
4,12,2.035475e6,-3.9438759012156828,-3.571726706309323,TIME_LIMIT,168149,0,0,41,0
4,12,2.03597e6,-3.943872469746794,-3.571726706309323,TIME_LIMIT,168205,0,0,35,0
4,12,2.036465e6,-3.943872469746794,-3.571726706309323,TIME_LIMIT,168249,0,0,23,0
4,12,2.036962e6,-3.943835115051964,-3.571726706309323,TIME_LIMIT,168291,0,0,40,0
4,12,2.037454e6,-3.943835115051964,-3.571726706309323,TIME_LIMIT,168319,0,0,37,0
4,12,2.037939e6,-3.9438115003169476,-3.571726706309323,TIME_LIMIT,168373,0,0,36,0
4,12,2.038432e6,-3.9438115003169476,-3.571726706309323,TIME_LIMIT,168397,0,0,35,0
4,12,2.038929e6,-3.943790339829947,-3.571726706309323,TIME_LIMIT,168448,0,0,31,0
4,12,2.03942e6,-3.943790339829947,-3.571726706309323,TIME_LIMIT,168470,0,0,34,0
4,12,2.039915e6,-3.943790339829947,-3.571726706309323,TIME_LIMIT,168522,0,0,31,0
4,12,2.040402e6,-3.943790339829947,-3.571726706309323,TIME_LIMIT,168554,0,0,38,0
4,12,2.040925e6,-3.943710640984638,-3.571726706309323,TIME_LIMIT,168605,0,0,29,0
4,12,2.041418e6,-3.943710640984638,-3.571726706309323,TIME_LIMIT,168636,0,0,36,0
4,12,2.041912e6,-3.9437085732574113,-3.571726706309323,TIME_LIMIT,168686,0,0,31,0
4,12,2.042401e6,-3.9437085732574113,-3.571726706309323,TIME_LIMIT,168716,0,0,32,0
4,12,2.042907e6,-3.9437085732574113,-3.571726706309323,TIME_LIMIT,168763,0,0,26,0
4,12,2.043399e6,-3.9437085732574113,-3.571726706309323,TIME_LIMIT,168788,0,0,35,0
4,12,2.043894e6,-3.9437085732574113,-3.571726706309323,TIME_LIMIT,168833,0,0,32,0
4,12,2.044379e6,-3.9437085732574113,-3.571726706309323,TIME_LIMIT,168863,0,0,29,0
4,12,2.044873e6,-3.9436533020035,-3.571726706309323,TIME_LIMIT,168910,0,0,19,0
4,12,2.045378e6,-3.9436533020035,-3.571726706309323,TIME_LIMIT,168939,0,0,35,0
4,12,2.045872e6,-3.9435933255948834,-3.571726706309323,TIME_LIMIT,168994,0,0,34,0
4,12,2.046359e6,-3.9435933255948834,-3.571726706309323,TIME_LIMIT,169017,0,0,35,0
4,12,2.046854e6,-3.9435933255948834,-3.571726706309323,TIME_LIMIT,169061,0,0,32,0
4,12,2.047357e6,-3.9435933255948834,-3.571726706309323,TIME_LIMIT,169095,0,0,41,0
4,12,2.04784e6,-3.943582138107771,-3.571726706309323,TIME_LIMIT,169142,0,0,32,0
4,12,2.048335e6,-3.943582138107771,-3.571726706309323,TIME_LIMIT,169177,0,0,39,0
4,12,2.048829e6,-3.943582138107771,-3.571726706309323,TIME_LIMIT,169230,0,0,32,0
4,12,2.04935e6,-3.943582138107771,-3.571726706309323,TIME_LIMIT,169258,0,0,32,0
4,12,2.049848e6,-3.943582138107771,-3.571726706309323,TIME_LIMIT,169316,0,0,38,0
4,12,2.050339e6,-3.943582138107771,-3.571726706309323,TIME_LIMIT,169345,0,0,29,0
4,12,2.050835e6,-3.943582138107771,-3.571726706309323,TIME_LIMIT,169398,0,0,25,0
4,12,2.05133e6,-3.943582138107771,-3.571726706309323,TIME_LIMIT,169429,0,0,32,0
4,12,2.051813e6,-3.943513470340918,-3.571726706309323,TIME_LIMIT,169483,0,0,28,0
4,12,2.05231e6,-3.943513470340918,-3.571726706309323,TIME_LIMIT,169516,0,0,18,0
4,12,2.052807e6,-3.943513470340918,-3.571726706309323,TIME_LIMIT,169566,0,0,30,0
4,12,2.053292e6,-3.943513470340918,-3.571726706309323,TIME_LIMIT,169598,0,0,34,0
4,12,2.053789e6,-3.943513470340918,-3.571726706309323,TIME_LIMIT,169634,0,0,29,0
4,12,2.054285e6,-3.943513470340918,-3.571726706309323,TIME_LIMIT,169662,0,0,40,0
4,12,2.054779e6,-3.943513470340918,-3.571726706309323,TIME_LIMIT,169712,0,0,30,0
4,12,2.055273e6,-3.943513470340918,-3.571726706309323,TIME_LIMIT,169735,0,0,38,0
4,12,2.055769e6,-3.9434886328935645,-3.571726706309323,TIME_LIMIT,169789,0,0,15,0
4,12,2.056262e6,-3.9434886328935645,-3.571726706309323,TIME_LIMIT,169822,0,0,25,0
4,12,2.056757e6,-3.9434735768538935,-3.571726706309323,TIME_LIMIT,169869,0,0,9,0
4,12,2.057276e6,-3.9434735768538935,-3.571726706309323,TIME_LIMIT,169909,0,0,37,0
4,12,2.05777e6,-3.9434623370708284,-3.571726706309323,TIME_LIMIT,169956,0,0,27,0
4,12,2.058256e6,-3.9434623370708284,-3.571726706309323,TIME_LIMIT,169998,0,0,28,0
4,12,2.058752e6,-3.9434597076610753,-3.571726706309323,TIME_LIMIT,170039,0,0,9,0
4,12,2.059247e6,-3.9434597076610753,-3.571726706309323,TIME_LIMIT,170079,0,0,11,0
4,12,2.059743e6,-3.9434367819903615,-3.571726706309323,TIME_LIMIT,170120,0,0,37,0
4,12,2.060237e6,-3.9434367819903615,-3.571726706309323,TIME_LIMIT,170155,0,0,34,0
4,12,2.060731e6,-3.943412021723176,-3.571726706309323,TIME_LIMIT,170198,0,0,28,0
4,12,2.061227e6,-3.943412021723176,-3.571726706309323,TIME_LIMIT,170237,0,0,36,0
4,12,2.061722e6,-3.943412021723176,-3.571726706309323,TIME_LIMIT,170282,0,0,28,0
4,12,2.062207e6,-3.943412021723176,-3.571726706309323,TIME_LIMIT,170312,0,0,34,0
4,12,2.062702e6,-3.943412021723176,-3.571726706309323,TIME_LIMIT,170362,0,0,27,0
4,12,2.063193e6,-3.943412021723176,-3.571726706309323,TIME_LIMIT,170391,0,0,27,0
4,12,2.063688e6,-3.9434103599182886,-3.571726706309323,TIME_LIMIT,170434,0,0,22,0
4,12,2.064181e6,-3.9434103599182886,-3.571726706309323,TIME_LIMIT,170459,0,0,40,0
4,12,2.064676e6,-3.9433984226314602,-3.571726706309323,TIME_LIMIT,170517,0,0,34,0
4,12,2.06516e6,-3.9433984226314602,-3.571726706309323,TIME_LIMIT,170542,0,0,47,0
4,12,2.065656e6,-3.943353503971586,-3.571726706309323,TIME_LIMIT,170597,0,0,29,0
4,12,2.066177e6,-3.943353503971586,-3.571726706309323,TIME_LIMIT,170622,0,0,47,0
4,12,2.066669e6,-3.943353503971586,-3.571726706309323,TIME_LIMIT,170676,0,0,34,0
4,12,2.067154e6,-3.943353503971586,-3.571726706309323,TIME_LIMIT,170701,0,0,41,0
4,12,2.067657e6,-3.943349756773052,-3.571726706309323,TIME_LIMIT,170752,0,0,32,0
4,12,2.068182e6,-3.943349756773052,-3.571726706309323,TIME_LIMIT,170777,0,0,39,0
4,12,2.068676e6,-3.9433417832833833,-3.571726706309323,TIME_LIMIT,170828,0,0,25,0
4,12,2.069173e6,-3.9433417832833833,-3.571726706309323,TIME_LIMIT,170855,0,0,44,0
4,12,2.069659e6,-3.943335386363204,-3.571726706309323,TIME_LIMIT,170909,0,0,25,0
4,12,2.070154e6,-3.943335386363204,-3.571726706309323,TIME_LIMIT,170949,0,0,38,0
4,12,2.070648e6,-3.9432974296654373,-3.571726706309323,TIME_LIMIT,170988,0,0,32,0
4,12,2.071134e6,-3.9432974296654373,-3.571726706309323,TIME_LIMIT,171022,0,0,31,0
4,12,2.071627e6,-3.9432974296654373,-3.571726706309323,TIME_LIMIT,171074,0,0,33,0
4,12,2.072113e6,-3.9432974296654373,-3.571726706309323,TIME_LIMIT,171110,0,0,38,0
4,12,2.072618e6,-3.9432974296654373,-3.571726706309323,TIME_LIMIT,171167,0,0,32,0
4,12,2.073103e6,-3.9432974296654373,-3.571726706309323,TIME_LIMIT,171194,0,0,38,0
4,12,2.073596e6,-3.9432974296654373,-3.571726706309323,TIME_LIMIT,171245,0,0,28,0
4,12,2.074087e6,-3.9432974296654373,-3.571726706309323,TIME_LIMIT,171274,0,0,27,0
4,12,2.074615e6,-3.9432974296654373,-3.571726706309323,TIME_LIMIT,171324,0,0,32,0
4,12,2.07511e6,-3.9432974296654373,-3.571726706309323,TIME_LIMIT,171352,0,0,34,0
4,12,2.075604e6,-3.943276068695836,-3.571726706309323,TIME_LIMIT,171400,0,0,26,0
4,12,2.076098e6,-3.943276068695836,-3.571726706309323,TIME_LIMIT,171432,0,0,32,0
4,12,2.076582e6,-3.943276068695836,-3.571726706309323,TIME_LIMIT,171475,0,0,23,0
4,12,2.077077e6,-3.943276068695836,-3.571726706309323,TIME_LIMIT,171506,0,0,35,0
4,12,2.077572e6,-3.943259961345721,-3.571726706309323,TIME_LIMIT,171560,0,0,30,0
4,12,2.078068e6,-3.943259961345721,-3.571726706309323,TIME_LIMIT,171602,0,0,30,0
4,12,2.078563e6,-3.943259961345721,-3.571726706309323,TIME_LIMIT,171639,0,0,30,0
4,12,2.079059e6,-3.943259961345721,-3.571726706309323,TIME_LIMIT,171679,0,0,33,0
4,12,2.079555e6,-3.943229300224259,-3.571726706309323,TIME_LIMIT,171730,0,0,25,0
4,12,2.080051e6,-3.943229300224259,-3.571726706309323,TIME_LIMIT,171755,0,0,42,0
4,12,2.080547e6,-3.943229300224259,-3.571726706309323,TIME_LIMIT,171804,0,0,5,0
4,12,2.081031e6,-3.943229300224259,-3.571726706309323,TIME_LIMIT,171844,0,0,21,0
4,12,2.081522e6,-3.9432284390822465,-3.571726706309323,TIME_LIMIT,171879,0,0,28,0
4,12,2.082008e6,-3.9432284390822465,-3.571726706309323,TIME_LIMIT,171907,0,0,40,0
4,12,2.082502e6,-3.943184624164407,-3.571726706309323,TIME_LIMIT,171963,0,0,35,0
4,12,2.082997e6,-3.943184624164407,-3.571726706309323,TIME_LIMIT,171993,0,0,8,0
4,12,2.083516e6,-3.9431762173301026,-3.571726706309323,TIME_LIMIT,172046,0,0,30,0
4,12,2.084002e6,-3.9431762173301026,-3.571726706309323,TIME_LIMIT,172074,0,0,36,0
4,12,2.084496e6,-3.9431635715174296,-3.571726706309323,TIME_LIMIT,172120,0,0,29,0
4,12,2.084991e6,-3.9431635715174296,-3.571726706309323,TIME_LIMIT,172143,0,0,34,0
4,12,2.085486e6,-3.943161790088189,-3.571726706309323,TIME_LIMIT,172190,0,0,26,0
4,12,2.085972e6,-3.943161790088189,-3.571726706309323,TIME_LIMIT,172225,0,0,56,0
4,12,2.086466e6,-3.943161790088189,-3.571726706309323,TIME_LIMIT,172275,0,0,34,0
4,12,2.086962e6,-3.943161790088189,-3.571726706309323,TIME_LIMIT,172314,0,0,47,0
4,12,2.087456e6,-3.9431592833183315,-3.571726706309323,TIME_LIMIT,172367,0,0,32,0
4,12,2.087953e6,-3.9431592833183315,-3.571726706309323,TIME_LIMIT,172391,0,0,25,0
4,12,2.088436e6,-3.94314299274405,-3.571726706309323,TIME_LIMIT,172441,0,0,27,0
4,12,2.088931e6,-3.94314299274405,-3.571726706309323,TIME_LIMIT,172474,0,0,24,0
4,12,2.089414e6,-3.9430935703830317,-3.571726706309323,TIME_LIMIT,172522,0,0,23,0
4,12,2.089912e6,-3.9430935703830317,-3.571726706309323,TIME_LIMIT,172547,0,0,43,0
4,12,2.090405e6,-3.9430869233360584,-3.571726706309323,TIME_LIMIT,172602,0,0,30,0
4,12,2.09089e6,-3.9430869233360584,-3.571726706309323,TIME_LIMIT,172632,0,0,36,0
4,12,2.091382e6,-3.9430869233360584,-3.571726706309323,TIME_LIMIT,172681,0,0,33,0
4,12,2.091877e6,-3.9430869233360584,-3.571726706309323,TIME_LIMIT,172707,0,0,35,0
4,12,2.092396e6,-3.943064381751151,-3.571726706309323,TIME_LIMIT,172760,0,0,32,0
4,12,2.092883e6,-3.943064381751151,-3.571726706309323,TIME_LIMIT,172781,0,0,33,0
4,12,2.093375e6,-3.9430611423076685,-3.571726706309323,TIME_LIMIT,172828,0,0,28,0
4,12,2.093874e6,-3.9430611423076685,-3.571726706309323,TIME_LIMIT,172856,0,0,17,0
4,12,2.094357e6,-3.943042682640993,-3.571726706309323,TIME_LIMIT,172906,0,0,31,0
4,12,2.094855e6,-3.943042682640993,-3.571726706309323,TIME_LIMIT,172948,0,0,41,0
4,12,2.095351e6,-3.9430370933339813,-3.571726706309323,TIME_LIMIT,172983,0,0,34,0
4,12,2.095848e6,-3.9430370933339813,-3.571726706309323,TIME_LIMIT,173015,0,0,35,0
4,12,2.096331e6,-3.943007119436012,-3.571726706309323,TIME_LIMIT,173068,0,0,20,0
4,12,2.096828e6,-3.943007119436012,-3.571726706309323,TIME_LIMIT,173093,0,0,43,0
4,12,2.097324e6,-3.942966681350355,-3.571726706309323,TIME_LIMIT,173147,0,0,28,0
4,12,2.09781e6,-3.942966681350355,-3.571726706309323,TIME_LIMIT,173180,0,0,19,0
4,12,2.098305e6,-3.9429467948478116,-3.571726706309323,TIME_LIMIT,173234,0,0,24,0
4,12,2.098802e6,-3.9429467948478116,-3.571726706309323,TIME_LIMIT,173263,0,0,35,0
4,12,2.099296e6,-3.9429432746867583,-3.571726706309323,TIME_LIMIT,173309,0,0,28,0
4,12,2.099781e6,-3.9429432746867583,-3.571726706309323,TIME_LIMIT,173329,0,0,44,0
4,12,2.100278e6,-3.942933854858482,-3.571726706309323,TIME_LIMIT,173383,0,0,36,0
4,12,2.100783e6,-3.942933854858482,-3.571726706309323,TIME_LIMIT,173409,0,0,23,0
4,12,2.101274e6,-3.942930222353438,-3.571726706309323,TIME_LIMIT,173466,0,0,38,0
4,12,2.101801e6,-3.942930222353438,-3.571726706309323,TIME_LIMIT,173497,0,0,39,0
4,12,2.102295e6,-3.942926529367381,-3.571726706309323,TIME_LIMIT,173546,0,0,23,0
4,12,2.102781e6,-3.942926529367381,-3.571726706309323,TIME_LIMIT,173576,0,0,35,0
4,12,2.103274e6,-3.9428360711649,-3.571726706309323,TIME_LIMIT,173629,0,0,20,0
4,12,2.103761e6,-3.9428360711649,-3.571726706309323,TIME_LIMIT,173658,0,0,24,0
4,12,2.104258e6,-3.9428360711649,-3.571726706309323,TIME_LIMIT,173705,0,0,32,0
4,12,2.104752e6,-3.9428360711649,-3.571726706309323,TIME_LIMIT,173744,0,0,34,0
4,12,2.105237e6,-3.9428272692018314,-3.571726706309323,TIME_LIMIT,173793,0,0,32,0
4,12,2.105732e6,-3.9428272692018314,-3.571726706309323,TIME_LIMIT,173816,0,0,34,0
4,12,2.106229e6,-3.9427962306060635,-3.571726706309323,TIME_LIMIT,173867,0,0,30,0
4,12,2.106725e6,-3.9427962306060635,-3.571726706309323,TIME_LIMIT,173914,0,0,25,0
4,12,2.107221e6,-3.9427917890380657,-3.571726706309323,TIME_LIMIT,173947,0,0,33,0
4,12,2.107714e6,-3.9427917890380657,-3.571726706309323,TIME_LIMIT,173974,0,0,42,0
4,12,2.108209e6,-3.9427897274590746,-3.571726706309323,TIME_LIMIT,174024,0,0,32,0
4,12,2.108693e6,-3.9427897274590746,-3.571726706309323,TIME_LIMIT,174053,0,0,27,0
4,12,2.10919e6,-3.9427897274590746,-3.571726706309323,TIME_LIMIT,174098,0,0,26,0
4,12,2.109681e6,-3.9427897274590746,-3.571726706309323,TIME_LIMIT,174125,0,0,38,0
4,12,2.11018e6,-3.942766434812801,-3.571726706309323,TIME_LIMIT,174170,0,0,31,0
4,12,2.110673e6,-3.942766434812801,-3.571726706309323,TIME_LIMIT,174204,0,0,33,0
4,12,2.111168e6,-3.9427546219477128,-3.571726706309323,TIME_LIMIT,174259,0,0,32,0
4,12,2.111688e6,-3.9427546219477128,-3.571726706309323,TIME_LIMIT,174292,0,0,33,0
4,12,2.112184e6,-3.942752153163083,-3.571726706309323,TIME_LIMIT,174334,0,0,16,0
4,12,2.112671e6,-3.942752153163083,-3.571726706309323,TIME_LIMIT,174369,0,0,29,0
4,12,2.113177e6,-3.942752153163083,-3.571726706309323,TIME_LIMIT,174417,0,0,29,0
4,12,2.113663e6,-3.942752153163083,-3.571726706309323,TIME_LIMIT,174444,0,0,32,0
4,12,2.114159e6,-3.942752153163083,-3.571726706309323,TIME_LIMIT,174480,0,0,29,0
4,12,2.114655e6,-3.942752153163083,-3.571726706309323,TIME_LIMIT,174508,0,0,37,0
4,12,2.115152e6,-3.942752153163083,-3.571726706309323,TIME_LIMIT,174558,0,0,32,0
4,12,2.115649e6,-3.942752153163083,-3.571726706309323,TIME_LIMIT,174589,0,0,35,0
4,12,2.116143e6,-3.942720661682265,-3.571726706309323,TIME_LIMIT,174633,0,0,14,0
4,12,2.116629e6,-3.942720661682265,-3.571726706309323,TIME_LIMIT,174667,0,0,32,0
4,12,2.117123e6,-3.942720661682265,-3.571726706309323,TIME_LIMIT,174718,0,0,29,0
4,12,2.11761e6,-3.942720661682265,-3.571726706309323,TIME_LIMIT,174756,0,0,31,0
4,12,2.118107e6,-3.9426971176044714,-3.571726706309323,TIME_LIMIT,174814,0,0,33,0
4,12,2.118602e6,-3.9426971176044714,-3.571726706309323,TIME_LIMIT,174841,0,0,42,0
4,12,2.119096e6,-3.9426971176044714,-3.571726706309323,TIME_LIMIT,174885,0,0,31,0
4,12,2.11962e6,-3.9426971176044714,-3.571726706309323,TIME_LIMIT,174912,0,0,28,0
4,12,2.120115e6,-3.9426498199971607,-3.571726706309323,TIME_LIMIT,174960,0,0,14,0
4,12,2.120614e6,-3.9426498199971607,-3.571726706309323,TIME_LIMIT,174986,0,0,35,0
4,12,2.121107e6,-3.9426498199971607,-3.571726706309323,TIME_LIMIT,175042,0,0,28,0
4,12,2.121625e6,-3.9426498199971607,-3.571726706309323,TIME_LIMIT,175068,0,0,38,0
4,12,2.12212e6,-3.9426498199971607,-3.571726706309323,TIME_LIMIT,175111,0,0,25,0
4,12,2.122618e6,-3.9426498199971607,-3.571726706309323,TIME_LIMIT,175146,0,0,22,0
4,12,2.123114e6,-3.9426498199971607,-3.571726706309323,TIME_LIMIT,175186,0,0,25,0
4,12,2.123597e6,-3.9426498199971607,-3.571726706309323,TIME_LIMIT,175209,0,0,27,0
4,12,2.124093e6,-3.9426498199971607,-3.571726706309323,TIME_LIMIT,175259,0,0,35,0
4,12,2.12459e6,-3.9426498199971607,-3.571726706309323,TIME_LIMIT,175294,0,0,40,0
4,12,2.125089e6,-3.9426361909697936,-3.571726706309323,TIME_LIMIT,175347,0,0,31,0
4,12,2.125582e6,-3.9426361909697936,-3.571726706309323,TIME_LIMIT,175381,0,0,34,0
4,12,2.126079e6,-3.9426361909697936,-3.571726706309323,TIME_LIMIT,175426,0,0,30,0
4,12,2.126566e6,-3.9426361909697936,-3.571726706309323,TIME_LIMIT,175462,0,0,19,0
4,12,2.127059e6,-3.9425711528042333,-3.571726706309323,TIME_LIMIT,175511,0,0,30,0
4,12,2.127558e6,-3.9425711528042333,-3.571726706309323,TIME_LIMIT,175546,0,0,44,0
4,12,2.12805e6,-3.942567373774969,-3.571726706309323,TIME_LIMIT,175593,0,0,28,0
4,12,2.128536e6,-3.942567373774969,-3.571726706309323,TIME_LIMIT,175628,0,0,16,0
4,12,2.129034e6,-3.942549751789659,-3.571726706309323,TIME_LIMIT,175676,0,0,28,0
4,12,2.12954e6,-3.942549751789659,-3.571726706309323,TIME_LIMIT,175701,0,0,10,0
4,12,2.130023e6,-3.9425270190417008,-3.571726706309323,TIME_LIMIT,175751,0,0,35,0
4,12,2.13052e6,-3.9425270190417008,-3.571726706309323,TIME_LIMIT,175779,0,0,35,0
4,12,2.131009e6,-3.9425005345389788,-3.571726706309323,TIME_LIMIT,175830,0,0,23,0
4,12,2.131538e6,-3.9425005345389788,-3.571726706309323,TIME_LIMIT,175854,0,0,43,0
4,12,2.132036e6,-3.942424464865902,-3.571726706309323,TIME_LIMIT,175904,0,0,32,0
4,12,2.132522e6,-3.942424464865902,-3.571726706309323,TIME_LIMIT,175929,0,0,33,0
4,12,2.133019e6,-3.9423884013313515,-3.571726706309323,TIME_LIMIT,175978,0,0,31,0
4,12,2.133516e6,-3.9423884013313515,-3.571726706309323,TIME_LIMIT,176012,0,0,34,0
4,12,2.134011e6,-3.9423737571125694,-3.571726706309323,TIME_LIMIT,176044,0,0,29,0
4,12,2.134498e6,-3.9423737571125694,-3.571726706309323,TIME_LIMIT,176074,0,0,16,0
4,12,2.134994e6,-3.9423737571125694,-3.571726706309323,TIME_LIMIT,176125,0,0,29,0
4,12,2.135491e6,-3.9423737571125694,-3.571726706309323,TIME_LIMIT,176162,0,0,26,0
4,12,2.135975e6,-3.942349302391347,-3.571726706309323,TIME_LIMIT,176197,0,0,29,0
4,12,2.136471e6,-3.942349302391347,-3.571726706309323,TIME_LIMIT,176220,0,0,44,0
4,12,2.136966e6,-3.942325390995525,-3.571726706309323,TIME_LIMIT,176268,0,0,31,0
4,12,2.137463e6,-3.942325390995525,-3.571726706309323,TIME_LIMIT,176308,0,0,36,0
4,12,2.137949e6,-3.942325390995525,-3.571726706309323,TIME_LIMIT,176359,0,0,32,0
4,12,2.138445e6,-3.942325390995525,-3.571726706309323,TIME_LIMIT,176385,0,0,36,0
4,12,2.138941e6,-3.942324687136269,-3.571726706309323,TIME_LIMIT,176432,0,0,30,0
4,12,2.139425e6,-3.942324687136269,-3.571726706309323,TIME_LIMIT,176470,0,0,32,0
4,12,2.139921e6,-3.9422364892055612,-3.571726706309323,TIME_LIMIT,176525,0,0,32,0
4,12,2.140428e6,-3.9422364892055612,-3.571726706309323,TIME_LIMIT,176563,0,0,27,0
4,12,2.140915e6,-3.942232948093649,-3.571726706309323,TIME_LIMIT,176612,0,0,32,0
4,12,2.141409e6,-3.942232948093649,-3.571726706309323,TIME_LIMIT,176648,0,0,41,0
4,12,2.141905e6,-3.942217286340461,-3.571726706309323,TIME_LIMIT,176689,0,0,33,0
4,12,2.142429e6,-3.942217286340461,-3.571726706309323,TIME_LIMIT,176724,0,0,32,0
4,12,2.142922e6,-3.942179685851308,-3.571726706309323,TIME_LIMIT,176781,0,0,35,0
4,12,2.143408e6,-3.942179685851308,-3.571726706309323,TIME_LIMIT,176815,0,0,31,0
4,12,2.143913e6,-3.9421138393084294,-3.571726706309323,TIME_LIMIT,176862,0,0,34,0
4,12,2.1444e6,-3.9421138393084294,-3.571726706309323,TIME_LIMIT,176890,0,0,19,0
4,12,2.144894e6,-3.9420890920246667,-3.571726706309323,TIME_LIMIT,176939,0,0,29,0
4,12,2.145381e6,-3.9420890920246667,-3.571726706309323,TIME_LIMIT,176963,0,0,30,0
4,12,2.145877e6,-3.94207450760794,-3.571726706309323,TIME_LIMIT,177015,0,0,24,0
4,12,2.146375e6,-3.94207450760794,-3.571726706309323,TIME_LIMIT,177051,0,0,37,0
4,12,2.146874e6,-3.942060912050126,-3.571726706309323,TIME_LIMIT,177104,0,0,32,0
4,12,2.147372e6,-3.942060912050126,-3.571726706309323,TIME_LIMIT,177131,0,0,36,0
4,12,2.147856e6,-3.942060912050126,-3.571726706309323,TIME_LIMIT,177179,0,0,31,0
4,12,2.148352e6,-3.942060912050126,-3.571726706309323,TIME_LIMIT,177203,0,0,38,0
4,12,2.14885e6,-3.9420345194194324,-3.571726706309323,TIME_LIMIT,177256,0,0,29,0
4,12,2.149348e6,-3.9420345194194324,-3.571726706309323,TIME_LIMIT,177279,0,0,11,0
4,12,2.149845e6,-3.9420254016172045,-3.571726706309323,TIME_LIMIT,177327,0,0,23,0
4,12,2.150339e6,-3.9420254016172045,-3.571726706309323,TIME_LIMIT,177348,0,0,41,0
4,12,2.150825e6,-3.94202332867241,-3.571726706309323,TIME_LIMIT,177394,0,0,26,0
4,12,2.151321e6,-3.94202332867241,-3.571726706309323,TIME_LIMIT,177424,0,0,39,0
4,12,2.151819e6,-3.941956238193211,-3.571726706309323,TIME_LIMIT,177474,0,0,25,0
4,12,2.152325e6,-3.941956238193211,-3.571726706309323,TIME_LIMIT,177510,0,0,27,0
4,12,2.15282e6,-3.9418431287331535,-3.571726706309323,TIME_LIMIT,177563,0,0,30,0
4,12,2.15333e6,-3.9418431287331535,-3.571726706309323,TIME_LIMIT,177600,0,0,41,0
4,12,2.153826e6,-3.9418257759624935,-3.571726706309323,TIME_LIMIT,177649,0,0,31,0
4,12,2.154323e6,-3.9418257759624935,-3.571726706309323,TIME_LIMIT,177685,0,0,39,0
4,12,2.154821e6,-3.9417568033860286,-3.571726706309323,TIME_LIMIT,177730,0,0,27,0
4,12,2.155328e6,-3.9417568033860286,-3.571726706309323,TIME_LIMIT,177763,0,0,36,0
4,12,2.155827e6,-3.941746250469207,-3.571726706309323,TIME_LIMIT,177813,0,0,31,0
4,12,2.156323e6,-3.941746250469207,-3.571726706309323,TIME_LIMIT,177839,0,0,35,0
4,12,2.156818e6,-3.941746250469207,-3.571726706309323,TIME_LIMIT,177888,0,0,30,0
4,12,2.157305e6,-3.941746250469207,-3.571726706309323,TIME_LIMIT,177913,0,0,30,0
4,12,2.157804e6,-3.941746250469207,-3.571726706309323,TIME_LIMIT,177963,0,0,20,0
4,12,2.1583e6,-3.941746250469207,-3.571726706309323,TIME_LIMIT,178005,0,0,37,0
4,12,2.158799e6,-3.9415891749476795,-3.571726706309323,TIME_LIMIT,178048,0,0,23,0
4,12,2.159297e6,-3.9415891749476795,-3.571726706309323,TIME_LIMIT,178084,0,0,40,0
4,12,2.159783e6,-3.9415416641334278,-3.571726706309323,TIME_LIMIT,178125,0,0,41,0
4,12,2.160282e6,-3.9415416641334278,-3.571726706309323,TIME_LIMIT,178162,0,0,42,0
4,12,2.160777e6,-3.9415416641334278,-3.571726706309323,TIME_LIMIT,178205,0,0,34,0
4,12,2.161275e6,-3.9415416641334278,-3.571726706309323,TIME_LIMIT,178228,0,0,40,0
4,12,2.161772e6,-3.9415416641334278,-3.571726706309323,TIME_LIMIT,178273,0,0,25,0
4,12,2.162259e6,-3.9415416641334278,-3.571726706309323,TIME_LIMIT,178304,0,0,37,0
4,12,2.162758e6,-3.9415416641334278,-3.571726706309323,TIME_LIMIT,178359,0,0,18,0
4,12,2.163253e6,-3.9415416641334278,-3.571726706309323,TIME_LIMIT,178395,0,0,33,0
4,12,2.163742e6,-3.9415416641334278,-3.571726706309323,TIME_LIMIT,178446,0,0,29,0
4,12,2.164246e6,-3.9415416641334278,-3.571726706309323,TIME_LIMIT,178474,0,0,32,0
4,12,2.164768e6,-3.9415148653721426,-3.571726706309323,TIME_LIMIT,178530,0,0,33,0
4,12,2.165255e6,-3.9415148653721426,-3.571726706309323,TIME_LIMIT,178566,0,0,36,0
4,12,2.165752e6,-3.941502665033145,-3.571726706309323,TIME_LIMIT,178613,0,0,22,0
4,12,2.166248e6,-3.941502665033145,-3.571726706309323,TIME_LIMIT,178641,0,0,35,0
4,12,2.166743e6,-3.941480565408842,-3.571726706309323,TIME_LIMIT,178690,0,0,32,0
4,12,2.167228e6,-3.941480565408842,-3.571726706309323,TIME_LIMIT,178719,0,0,25,0
4,12,2.167723e6,-3.941425627013201,-3.571726706309323,TIME_LIMIT,178768,0,0,34,0
4,12,2.168209e6,-3.941425627013201,-3.571726706309323,TIME_LIMIT,178791,0,0,9,0
4,12,2.168714e6,-3.941412522750835,-3.571726706309323,TIME_LIMIT,178845,0,0,35,0
4,12,2.169201e6,-3.941412522750835,-3.571726706309323,TIME_LIMIT,178883,0,0,17,0
4,12,2.169708e6,-3.9414121190421127,-3.571726706309323,TIME_LIMIT,178916,0,0,34,0
4,12,2.170195e6,-3.9414121190421127,-3.571726706309323,TIME_LIMIT,178949,0,0,21,0
4,12,2.170693e6,-3.941398570061226,-3.571726706309323,TIME_LIMIT,179000,0,0,25,0
4,12,2.17123e6,-3.941398570061226,-3.571726706309323,TIME_LIMIT,179031,0,0,39,0
4,12,2.171737e6,-3.9413653884986832,-3.571726706309323,TIME_LIMIT,179080,0,0,31,0
4,12,2.172221e6,-3.9413653884986832,-3.571726706309323,TIME_LIMIT,179106,0,0,40,0
4,12,2.172716e6,-3.9413448796032395,-3.571726706309323,TIME_LIMIT,179157,0,0,18,0
4,12,2.173202e6,-3.9413448796032395,-3.571726706309323,TIME_LIMIT,179189,0,0,44,0
4,12,2.17371e6,-3.9413448796032395,-3.571726706309323,TIME_LIMIT,179237,0,0,28,0
4,12,2.174202e6,-3.9413448796032395,-3.571726706309323,TIME_LIMIT,179270,0,0,26,0
4,12,2.174699e6,-3.941255399019631,-3.571726706309323,TIME_LIMIT,179321,0,0,26,0
4,12,2.175185e6,-3.941255399019631,-3.571726706309323,TIME_LIMIT,179353,0,0,43,0
4,12,2.175681e6,-3.9412262829167077,-3.571726706309323,TIME_LIMIT,179400,0,0,31,0
4,12,2.176167e6,-3.9412262829167077,-3.571726706309323,TIME_LIMIT,179434,0,0,27,0
4,12,2.176699e6,-3.9412243328266676,-3.571726706309323,TIME_LIMIT,179487,0,0,29,0
4,12,2.177186e6,-3.9412243328266676,-3.571726706309323,TIME_LIMIT,179516,0,0,57,0
4,12,2.177682e6,-3.9412243328266676,-3.571726706309323,TIME_LIMIT,179568,0,0,21,0
4,12,2.178168e6,-3.9412243328266676,-3.571726706309323,TIME_LIMIT,179604,0,0,27,0
4,12,2.178664e6,-3.9412243328266676,-3.571726706309323,TIME_LIMIT,179643,0,0,34,0
4,12,2.17917e6,-3.9412243328266676,-3.571726706309323,TIME_LIMIT,179669,0,0,37,0
4,12,2.179668e6,-3.9412235759696745,-3.571726706309323,TIME_LIMIT,179721,0,0,25,0
4,12,2.180155e6,-3.9412235759696745,-3.571726706309323,TIME_LIMIT,179756,0,0,36,0
4,12,2.180661e6,-3.9412235759696745,-3.571726706309323,TIME_LIMIT,179797,0,0,31,0
4,12,2.181147e6,-3.9412235759696745,-3.571726706309323,TIME_LIMIT,179829,0,0,37,0
4,12,2.181643e6,-3.9412235759696745,-3.571726706309323,TIME_LIMIT,179886,0,0,30,0
4,12,2.182142e6,-3.9412235759696745,-3.571726706309323,TIME_LIMIT,179917,0,0,42,0
4,12,2.18263e6,-3.9412183886597525,-3.571726706309323,TIME_LIMIT,179972,0,0,35,0
4,12,2.183126e6,-3.9412183886597525,-3.571726706309323,TIME_LIMIT,179998,0,0,39,0
4,12,2.183622e6,-3.9412005421976173,-3.571726706309323,TIME_LIMIT,180053,0,0,37,0
4,12,2.184107e6,-3.9412005421976173,-3.571726706309323,TIME_LIMIT,180099,0,0,32,0
4,12,2.184606e6,-3.9411994108517643,-3.571726706309323,TIME_LIMIT,180134,0,0,30,0
4,12,2.185103e6,-3.9411994108517643,-3.571726706309323,TIME_LIMIT,180168,0,0,31,0
4,12,2.185602e6,-3.9411593512162253,-3.571726706309323,TIME_LIMIT,180215,0,0,24,0
4,12,2.186107e6,-3.9411593512162253,-3.571726706309323,TIME_LIMIT,180257,0,0,33,0
4,12,2.186593e6,-3.941138387309923,-3.571726706309323,TIME_LIMIT,180291,0,0,9,0
4,12,2.1871e6,-3.941138387309923,-3.571726706309323,TIME_LIMIT,180318,0,0,44,0
4,12,2.187584e6,-3.9411329912823274,-3.571726706309323,TIME_LIMIT,180371,0,0,25,0
4,12,2.188083e6,-3.9411329912823274,-3.571726706309323,TIME_LIMIT,180392,0,0,12,0
4,12,2.188579e6,-3.9411329912823274,-3.571726706309323,TIME_LIMIT,180441,0,0,32,0
4,12,2.189102e6,-3.9411329912823274,-3.571726706309323,TIME_LIMIT,180474,0,0,38,0
4,12,2.189599e6,-3.941120189626136,-3.571726706309323,TIME_LIMIT,180516,0,0,30,0
4,12,2.190099e6,-3.941120189626136,-3.571726706309323,TIME_LIMIT,180552,0,0,35,0
4,12,2.190596e6,-3.941120189626136,-3.571726706309323,TIME_LIMIT,180602,0,0,31,0
4,12,2.191083e6,-3.941120189626136,-3.571726706309323,TIME_LIMIT,180627,0,0,29,0
4,12,2.191578e6,-3.941111705164282,-3.571726706309323,TIME_LIMIT,180681,0,0,32,0
4,12,2.192066e6,-3.941111705164282,-3.571726706309323,TIME_LIMIT,180728,0,0,40,0
4,12,2.192562e6,-3.9410937569655453,-3.571726706309323,TIME_LIMIT,180767,0,0,29,0
4,12,2.193064e6,-3.9410937569655453,-3.571726706309323,TIME_LIMIT,180793,0,0,36,0
4,12,2.193557e6,-3.941068414540345,-3.571726706309323,TIME_LIMIT,180842,0,0,28,0
4,12,2.194045e6,-3.941068414540345,-3.571726706309323,TIME_LIMIT,180879,0,0,35,0
4,12,2.194543e6,-3.941064039640915,-3.571726706309323,TIME_LIMIT,180920,0,0,24,0
4,12,2.195042e6,-3.941064039640915,-3.571726706309323,TIME_LIMIT,180953,0,0,43,0
4,12,2.195538e6,-3.941064039640915,-3.571726706309323,TIME_LIMIT,181004,0,0,36,0
4,12,2.196025e6,-3.941064039640915,-3.571726706309323,TIME_LIMIT,181035,0,0,44,0
4,12,2.196523e6,-3.941064039640915,-3.571726706309323,TIME_LIMIT,181086,0,0,33,0
4,12,2.197022e6,-3.941064039640915,-3.571726706309323,TIME_LIMIT,181108,0,0,41,0
4,12,2.19752e6,-3.941060355606936,-3.571726706309323,TIME_LIMIT,181158,0,0,35,0
4,12,2.198018e6,-3.941060355606936,-3.571726706309323,TIME_LIMIT,181187,0,0,38,0
4,12,2.198516e6,-3.941060355606936,-3.571726706309323,TIME_LIMIT,181229,0,0,28,0
4,12,2.199001e6,-3.941060355606936,-3.571726706309323,TIME_LIMIT,181253,0,0,32,0
4,12,2.199497e6,-3.9410274191088037,-3.571726706309323,TIME_LIMIT,181299,0,0,9,0
4,12,2.199997e6,-3.9410274191088037,-3.571726706309323,TIME_LIMIT,181338,0,0,32,0
4,12,2.20048e6,-3.941015178462659,-3.571726706309323,TIME_LIMIT,181391,0,0,30,0
4,12,2.200981e6,-3.941015178462659,-3.571726706309323,TIME_LIMIT,181426,0,0,38,0
4,12,2.201465e6,-3.9409857217710944,-3.571726706309323,TIME_LIMIT,181474,0,0,27,0
4,12,2.20199e6,-3.9409857217710944,-3.571726706309323,TIME_LIMIT,181501,0,0,39,0
4,12,2.202498e6,-3.940954373430254,-3.571726706309323,TIME_LIMIT,181549,0,0,30,0
4,12,2.202984e6,-3.940954373430254,-3.571726706309323,TIME_LIMIT,181573,0,0,30,0
4,12,2.203478e6,-3.940933328183158,-3.571726706309323,TIME_LIMIT,181619,0,0,29,0
4,12,2.203978e6,-3.940933328183158,-3.571726706309323,TIME_LIMIT,181648,0,0,31,0
4,12,2.204477e6,-3.9409326475183946,-3.571726706309323,TIME_LIMIT,181703,0,0,38,0
4,12,2.204976e6,-3.9409326475183946,-3.571726706309323,TIME_LIMIT,181726,0,0,34,0
4,12,2.205463e6,-3.9409326475183946,-3.571726706309323,TIME_LIMIT,181772,0,0,11,0
4,12,2.20597e6,-3.9409326475183946,-3.571726706309323,TIME_LIMIT,181810,0,0,29,0
4,12,2.206455e6,-3.9408776938736487,-3.571726706309323,TIME_LIMIT,181850,0,0,37,0
4,12,2.206954e6,-3.9408776938736487,-3.571726706309323,TIME_LIMIT,181884,0,0,41,0
4,12,2.207462e6,-3.9408741687912214,-3.571726706309323,TIME_LIMIT,181925,0,0,30,0
4,12,2.207962e6,-3.9408741687912214,-3.571726706309323,TIME_LIMIT,181964,0,0,39,0
4,12,2.20846e6,-3.9408531293981395,-3.571726706309323,TIME_LIMIT,182009,0,0,21,0
4,12,2.20896e6,-3.9408531293981395,-3.571726706309323,TIME_LIMIT,182041,0,0,28,0
4,12,2.20946e6,-3.9408531293981395,-3.571726706309323,TIME_LIMIT,182078,0,0,25,0
4,12,2.209947e6,-3.9408531293981395,-3.571726706309323,TIME_LIMIT,182113,0,0,13,0
4,12,2.210445e6,-3.9408531293981395,-3.571726706309323,TIME_LIMIT,182157,0,0,28,0
4,12,2.210941e6,-3.9408531293981395,-3.571726706309323,TIME_LIMIT,182193,0,0,36,0
4,12,2.211427e6,-3.9408200355082466,-3.571726706309323,TIME_LIMIT,182237,0,0,27,0
4,12,2.211926e6,-3.9408200355082466,-3.571726706309323,TIME_LIMIT,182265,0,0,38,0
4,12,2.212425e6,-3.9407740982033497,-3.571726706309323,TIME_LIMIT,182311,0,0,30,0
4,12,2.21292e6,-3.9407740982033497,-3.571726706309323,TIME_LIMIT,182335,0,0,38,0
4,12,2.213418e6,-3.940768879979713,-3.571726706309323,TIME_LIMIT,182389,0,0,38,0
4,12,2.213905e6,-3.940768879979713,-3.571726706309323,TIME_LIMIT,182426,0,0,34,0
4,12,2.214401e6,-3.9407597102109024,-3.571726706309323,TIME_LIMIT,182470,0,0,32,0
4,12,2.214888e6,-3.9407597102109024,-3.571726706309323,TIME_LIMIT,182500,0,0,44,0
4,12,2.215392e6,-3.940711783658824,-3.571726706309323,TIME_LIMIT,182550,0,0,27,0
4,12,2.215919e6,-3.940711783658824,-3.571726706309323,TIME_LIMIT,182571,0,0,23,0
4,12,2.216418e6,-3.9407084130738657,-3.571726706309323,TIME_LIMIT,182614,0,0,20,0
4,12,2.216904e6,-3.9407084130738657,-3.571726706309323,TIME_LIMIT,182640,0,0,39,0
4,12,2.2174e6,-3.9407084130738657,-3.571726706309323,TIME_LIMIT,182692,0,0,22,0
4,12,2.217898e6,-3.9407084130738657,-3.571726706309323,TIME_LIMIT,182728,0,0,17,0
4,12,2.218398e6,-3.9407084130738657,-3.571726706309323,TIME_LIMIT,182772,0,0,27,0
4,12,2.218892e6,-3.9407084130738657,-3.571726706309323,TIME_LIMIT,182808,0,0,29,0
4,12,2.219377e6,-3.9407084130738657,-3.571726706309323,TIME_LIMIT,182848,0,0,34,0
4,12,2.219875e6,-3.9407084130738657,-3.571726706309323,TIME_LIMIT,182882,0,0,35,0
4,12,2.220371e6,-3.9406809798244864,-3.571726706309323,TIME_LIMIT,182930,0,0,27,0
4,12,2.220869e6,-3.9406809798244864,-3.571726706309323,TIME_LIMIT,182967,0,0,30,0
4,12,2.221368e6,-3.9406392332443305,-3.571726706309323,TIME_LIMIT,183019,0,0,29,0
4,12,2.221865e6,-3.9406392332443305,-3.571726706309323,TIME_LIMIT,183044,0,0,36,0
4,12,2.222369e6,-3.940636490357312,-3.571726706309323,TIME_LIMIT,183093,0,0,28,0
4,12,2.222902e6,-3.940636490357312,-3.571726706309323,TIME_LIMIT,183127,0,0,33,0
4,12,2.223401e6,-3.9406212664546896,-3.571726706309323,TIME_LIMIT,183180,0,0,29,0
4,12,2.223885e6,-3.9406212664546896,-3.571726706309323,TIME_LIMIT,183212,0,0,35,0
4,12,2.224384e6,-3.9406212664546896,-3.571726706309323,TIME_LIMIT,183262,0,0,24,0
4,12,2.224871e6,-3.9406212664546896,-3.571726706309323,TIME_LIMIT,183286,0,0,17,0
4,12,2.225367e6,-3.9406212664546896,-3.571726706309323,TIME_LIMIT,183328,0,0,24,0
4,12,2.225853e6,-3.9406212664546896,-3.571726706309323,TIME_LIMIT,183363,0,0,25,0
4,12,2.226348e6,-3.9406212664546896,-3.571726706309323,TIME_LIMIT,183407,0,0,32,0
4,12,2.226836e6,-3.9406212664546896,-3.571726706309323,TIME_LIMIT,183433,0,0,26,0
4,12,2.227335e6,-3.9405864313988213,-3.571726706309323,TIME_LIMIT,183480,0,0,28,0
4,12,2.227831e6,-3.9405864313988213,-3.571726706309323,TIME_LIMIT,183510,0,0,58,0
4,12,2.228329e6,-3.9405864313988213,-3.571726706309323,TIME_LIMIT,183559,0,0,35,0
4,12,2.228813e6,-3.9405864313988213,-3.571726706309323,TIME_LIMIT,183586,0,0,37,0
4,12,2.229312e6,-3.9405471664805747,-3.571726706309323,TIME_LIMIT,183638,0,0,32,0
4,12,2.229811e6,-3.9405471664805747,-3.571726706309323,TIME_LIMIT,183673,0,0,25,0
4,12,2.230294e6,-3.940530732398413,-3.571726706309323,TIME_LIMIT,183719,0,0,32,0
4,12,2.230819e6,-3.940530732398413,-3.571726706309323,TIME_LIMIT,183754,0,0,40,0
4,12,2.23132e6,-3.940530732398413,-3.571726706309323,TIME_LIMIT,183805,0,0,33,0
4,12,2.231822e6,-3.940530732398413,-3.571726706309323,TIME_LIMIT,183826,0,0,38,0
4,12,2.232319e6,-3.940530732398413,-3.571726706309323,TIME_LIMIT,183882,0,0,34,0
4,12,2.232827e6,-3.940530732398413,-3.571726706309323,TIME_LIMIT,183908,0,0,39,0
4,12,2.233312e6,-3.9404990353467526,-3.571726706309323,TIME_LIMIT,183953,0,0,30,0
4,12,2.233811e6,-3.9404990353467526,-3.571726706309323,TIME_LIMIT,183996,0,0,46,0
4,12,2.234299e6,-3.9404906628560012,-3.571726706309323,TIME_LIMIT,184047,0,0,30,0
4,12,2.234798e6,-3.9404906628560012,-3.571726706309323,TIME_LIMIT,184086,0,0,36,0
4,12,2.235294e6,-3.9404906628560012,-3.571726706309323,TIME_LIMIT,184132,0,0,24,0
4,12,2.235793e6,-3.9404906628560012,-3.571726706309323,TIME_LIMIT,184167,0,0,36,0
4,12,2.236279e6,-3.9404896414101875,-3.571726706309323,TIME_LIMIT,184213,0,0,21,0
4,12,2.236775e6,-3.9404896414101875,-3.571726706309323,TIME_LIMIT,184235,0,0,37,0
4,12,2.237274e6,-3.9404896414101875,-3.571726706309323,TIME_LIMIT,184284,0,0,30,0
4,12,2.237761e6,-3.9404896414101875,-3.571726706309323,TIME_LIMIT,184320,0,0,43,0
4,12,2.238258e6,-3.9404574012699767,-3.571726706309323,TIME_LIMIT,184368,0,0,30,0
4,12,2.238759e6,-3.9404574012699767,-3.571726706309323,TIME_LIMIT,184403,0,0,37,0
4,12,2.239258e6,-3.9404544508211483,-3.571726706309323,TIME_LIMIT,184456,0,0,37,0
4,12,2.239757e6,-3.9404544508211483,-3.571726706309323,TIME_LIMIT,184475,0,0,33,0
4,12,2.240254e6,-3.9404392766892204,-3.571726706309323,TIME_LIMIT,184523,0,0,30,0
4,12,2.240742e6,-3.9404392766892204,-3.571726706309323,TIME_LIMIT,184556,0,0,39,0
4,12,2.24124e6,-3.9404247185508776,-3.571726706309323,TIME_LIMIT,184610,0,0,25,0
4,12,2.241738e6,-3.9404247185508776,-3.571726706309323,TIME_LIMIT,184651,0,0,13,0
4,12,2.242224e6,-3.940375355174079,-3.571726706309323,TIME_LIMIT,184692,0,0,23,0
4,12,2.242723e6,-3.940375355174079,-3.571726706309323,TIME_LIMIT,184722,0,0,44,0
4,12,2.243218e6,-3.940371385202165,-3.571726706309323,TIME_LIMIT,184777,0,0,31,0
4,12,2.243705e6,-3.940371385202165,-3.571726706309323,TIME_LIMIT,184817,0,0,36,0
4,12,2.244202e6,-3.9403677420115284,-3.571726706309323,TIME_LIMIT,184877,0,0,31,0
4,12,2.244688e6,-3.9403677420115284,-3.571726706309323,TIME_LIMIT,184909,0,0,34,0
4,12,2.245182e6,-3.9403171000326607,-3.571726706309323,TIME_LIMIT,184953,0,0,29,0
4,12,2.245686e6,-3.9403171000326607,-3.571726706309323,TIME_LIMIT,184981,0,0,30,0
4,12,2.246176e6,-3.9403171000326607,-3.571726706309323,TIME_LIMIT,185031,0,0,31,0
4,12,2.246699e6,-3.9403171000326607,-3.571726706309323,TIME_LIMIT,185063,0,0,29,0
4,12,2.247198e6,-3.9402840819935485,-3.571726706309323,TIME_LIMIT,185114,0,0,30,0
4,12,2.247682e6,-3.9402840819935485,-3.571726706309323,TIME_LIMIT,185149,0,0,40,0
4,12,2.248182e6,-3.9402840819935485,-3.571726706309323,TIME_LIMIT,185194,0,0,19,0
4,12,2.24868e6,-3.9402840819935485,-3.571726706309323,TIME_LIMIT,185228,0,0,34,0
4,12,2.249178e6,-3.940226586820273,-3.571726706309323,TIME_LIMIT,185269,0,0,38,0
4,12,2.249662e6,-3.940226586820273,-3.571726706309323,TIME_LIMIT,185299,0,0,32,0
4,12,2.250158e6,-3.9402232645444495,-3.571726706309323,TIME_LIMIT,185351,0,0,29,0
4,12,2.250658e6,-3.9402232645444495,-3.571726706309323,TIME_LIMIT,185393,0,0,40,0
4,12,2.251145e6,-3.940213026897402,-3.571726706309323,TIME_LIMIT,185429,0,0,41,0
4,12,2.251645e6,-3.940213026897402,-3.571726706309323,TIME_LIMIT,185453,0,0,13,0
4,12,2.25214e6,-3.940204774656345,-3.571726706309323,TIME_LIMIT,185501,0,0,26,0
4,12,2.25263e6,-3.940204774656345,-3.571726706309323,TIME_LIMIT,185526,0,0,36,0
4,12,2.253126e6,-3.940204774656345,-3.571726706309323,TIME_LIMIT,185574,0,0,27,0
4,12,2.253626e6,-3.940204774656345,-3.571726706309323,TIME_LIMIT,185599,0,0,36,0
4,12,2.254118e6,-3.940204774656345,-3.571726706309323,TIME_LIMIT,185652,0,0,29,0
4,12,2.254617e6,-3.940204774656345,-3.571726706309323,TIME_LIMIT,185681,0,0,37,0
4,12,2.255121e6,-3.940203038199715,-3.571726706309323,TIME_LIMIT,185724,0,0,28,0
4,12,2.255609e6,-3.940203038199715,-3.571726706309323,TIME_LIMIT,185758,0,0,39,0
4,12,2.256104e6,-3.9401733606203524,-3.571726706309323,TIME_LIMIT,185806,0,0,29,0
4,12,2.256591e6,-3.9401733606203524,-3.571726706309323,TIME_LIMIT,185824,0,0,32,0
4,12,2.257101e6,-3.940173017750035,-3.571726706309323,TIME_LIMIT,185876,0,0,34,0
4,12,2.257586e6,-3.940173017750035,-3.571726706309323,TIME_LIMIT,185902,0,0,41,0
4,12,2.258081e6,-3.940173017750035,-3.571726706309323,TIME_LIMIT,185955,0,0,32,0
4,12,2.258575e6,-3.940173017750035,-3.571726706309323,TIME_LIMIT,185989,0,0,34,0
4,12,2.259074e6,-3.9401526278151824,-3.571726706309323,TIME_LIMIT,186046,0,0,36,0
4,12,2.259569e6,-3.9401526278151824,-3.571726706309323,TIME_LIMIT,186077,0,0,42,0
4,12,2.260069e6,-3.9401526278151824,-3.571726706309323,TIME_LIMIT,186128,0,0,31,0
4,12,2.26057e6,-3.9401526278151824,-3.571726706309323,TIME_LIMIT,186153,0,0,39,0
4,12,2.261068e6,-3.94011713516429,-3.571726706309323,TIME_LIMIT,186208,0,0,34,0
4,12,2.261552e6,-3.94011713516429,-3.571726706309323,TIME_LIMIT,186238,0,0,31,0
4,12,2.262053e6,-3.94011713516429,-3.571726706309323,TIME_LIMIT,186279,0,0,28,0
4,12,2.262546e6,-3.94011713516429,-3.571726706309323,TIME_LIMIT,186308,0,0,30,0
4,12,2.263046e6,-3.94011713516429,-3.571726706309323,TIME_LIMIT,186354,0,0,32,0
4,12,2.263567e6,-3.94011713516429,-3.571726706309323,TIME_LIMIT,186379,0,0,38,0
4,12,2.264067e6,-3.9400930509405465,-3.571726706309323,TIME_LIMIT,186426,0,0,31,0
4,12,2.264552e6,-3.9400930509405465,-3.571726706309323,TIME_LIMIT,186449,0,0,36,0
4,12,2.265049e6,-3.9400707282928016,-3.571726706309323,TIME_LIMIT,186495,0,0,24,0
4,12,2.265552e6,-3.9400707282928016,-3.571726706309323,TIME_LIMIT,186528,0,0,33,0
4,12,2.266051e6,-3.9400707282928016,-3.571726706309323,TIME_LIMIT,186580,0,0,31,0
4,12,2.26655e6,-3.9400707282928016,-3.571726706309323,TIME_LIMIT,186603,0,0,19,0
4,12,2.267038e6,-3.9400707282928016,-3.571726706309323,TIME_LIMIT,186652,0,0,31,0
4,12,2.267534e6,-3.9400707282928016,-3.571726706309323,TIME_LIMIT,186680,0,0,42,0
4,12,2.268033e6,-3.940063357567309,-3.571726706309323,TIME_LIMIT,186729,0,0,28,0
4,12,2.268531e6,-3.940063357567309,-3.571726706309323,TIME_LIMIT,186750,0,0,37,0
4,12,2.269015e6,-3.9400620994992672,-3.571726706309323,TIME_LIMIT,186797,0,0,23,0
4,12,2.269514e6,-3.9400620994992672,-3.571726706309323,TIME_LIMIT,186833,0,0,31,0
4,12,2.270013e6,-3.9400620994992672,-3.571726706309323,TIME_LIMIT,186875,0,0,31,0
4,12,2.270502e6,-3.9400620994992672,-3.571726706309323,TIME_LIMIT,186908,0,0,35,0
4,12,2.271002e6,-3.9400620994992672,-3.571726706309323,TIME_LIMIT,186953,0,0,27,0
4,12,2.271498e6,-3.9400620994992672,-3.571726706309323,TIME_LIMIT,186977,0,0,24,0
4,12,2.271998e6,-3.940019662885434,-3.571726706309323,TIME_LIMIT,187030,0,0,34,0
4,12,2.272487e6,-3.940019662885434,-3.571726706309323,TIME_LIMIT,187061,0,0,25,0
4,12,2.272983e6,-3.940019662885434,-3.571726706309323,TIME_LIMIT,187107,0,0,34,0
4,12,2.273482e6,-3.940019662885434,-3.571726706309323,TIME_LIMIT,187137,0,0,31,0
4,12,2.273997e6,-3.9400093232920192,-3.571726706309323,TIME_LIMIT,187186,0,0,30,0
4,12,2.274508e6,-3.9400093232920192,-3.571726706309323,TIME_LIMIT,187214,0,0,36,0
4,12,2.275006e6,-3.9400093232920192,-3.571726706309323,TIME_LIMIT,187259,0,0,32,0
4,12,2.275494e6,-3.9400093232920192,-3.571726706309323,TIME_LIMIT,187285,0,0,37,0
4,12,2.275994e6,-3.940001495590764,-3.571726706309323,TIME_LIMIT,187338,0,0,34,0
4,12,2.276501e6,-3.940001495590764,-3.571726706309323,TIME_LIMIT,187370,0,0,26,0
4,12,2.276986e6,-3.9399709492055917,-3.571726706309323,TIME_LIMIT,187413,0,0,30,0
4,12,2.277486e6,-3.9399709492055917,-3.571726706309323,TIME_LIMIT,187443,0,0,49,0
4,12,2.277986e6,-3.9399709492055917,-3.571726706309323,TIME_LIMIT,187488,0,0,32,0
4,12,2.278487e6,-3.9399709492055917,-3.571726706309323,TIME_LIMIT,187514,0,0,39,0
4,12,2.278972e6,-3.939960409290135,-3.571726706309323,TIME_LIMIT,187563,0,0,27,0
4,12,2.279479e6,-3.939960409290135,-3.571726706309323,TIME_LIMIT,187593,0,0,36,0
4,12,2.279967e6,-3.939960409290135,-3.571726706309323,TIME_LIMIT,187643,0,0,30,0
4,12,2.280464e6,-3.939960409290135,-3.571726706309323,TIME_LIMIT,187677,0,0,47,0
4,12,2.280959e6,-3.939960409290135,-3.571726706309323,TIME_LIMIT,187727,0,0,33,0
4,12,2.281466e6,-3.939960409290135,-3.571726706309323,TIME_LIMIT,187763,0,0,37,0
4,12,2.281989e6,-3.939947490448467,-3.571726706309323,TIME_LIMIT,187811,0,0,34,0
4,12,2.28249e6,-3.939947490448467,-3.571726706309323,TIME_LIMIT,187840,0,0,31,0
4,12,2.282992e6,-3.939905675401036,-3.571726706309323,TIME_LIMIT,187894,0,0,25,0
4,12,2.283487e6,-3.939905675401036,-3.571726706309323,TIME_LIMIT,187926,0,0,44,0
4,12,2.283987e6,-3.939905675401036,-3.571726706309323,TIME_LIMIT,187980,0,0,29,0
4,12,2.284487e6,-3.939905675401036,-3.571726706309323,TIME_LIMIT,188015,0,0,36,0
4,12,2.284987e6,-3.9398933835617242,-3.571726706309323,TIME_LIMIT,188069,0,0,33,0
4,12,2.285475e6,-3.9398933835617242,-3.571726706309323,TIME_LIMIT,188103,0,0,36,0
4,12,2.285975e6,-3.9398897869577256,-3.571726706309323,TIME_LIMIT,188141,0,0,32,0
4,12,2.286478e6,-3.9398897869577256,-3.571726706309323,TIME_LIMIT,188165,0,0,43,0
4,12,2.286976e6,-3.939843201282162,-3.571726706309323,TIME_LIMIT,188217,0,0,26,0
4,12,2.287477e6,-3.939843201282162,-3.571726706309323,TIME_LIMIT,188242,0,0,37,0
4,12,2.28797e6,-3.939791833512809,-3.571726706309323,TIME_LIMIT,188294,0,0,30,0
4,12,2.288472e6,-3.939791833512809,-3.571726706309323,TIME_LIMIT,188327,0,0,35,0
4,12,2.288965e6,-3.939791833512809,-3.571726706309323,TIME_LIMIT,188374,0,0,28,0
4,12,2.289452e6,-3.939791833512809,-3.571726706309323,TIME_LIMIT,188409,0,0,34,0
4,12,2.289952e6,-3.9397741214419235,-3.571726706309323,TIME_LIMIT,188455,0,0,32,0
4,12,2.290453e6,-3.9397741214419235,-3.571726706309323,TIME_LIMIT,188478,0,0,38,0
4,12,2.290952e6,-3.9397201499356993,-3.571726706309323,TIME_LIMIT,188533,0,0,28,0
4,12,2.291453e6,-3.9397201499356993,-3.571726706309323,TIME_LIMIT,188560,0,0,44,0
4,12,2.291953e6,-3.9397009567185455,-3.571726706309323,TIME_LIMIT,188606,0,0,33,0
4,12,2.292438e6,-3.9397009567185455,-3.571726706309323,TIME_LIMIT,188637,0,0,26,0
4,12,2.292934e6,-3.9396937974434536,-3.571726706309323,TIME_LIMIT,188681,0,0,27,0
4,12,2.293434e6,-3.9396937974434536,-3.571726706309323,TIME_LIMIT,188710,0,0,13,0
4,12,2.293922e6,-3.939692006793672,-3.571726706309323,TIME_LIMIT,188758,0,0,35,0
4,12,2.294422e6,-3.939692006793672,-3.571726706309323,TIME_LIMIT,188792,0,0,49,0
4,12,2.294919e6,-3.939592967008476,-3.571726706309323,TIME_LIMIT,188841,0,0,32,0
4,12,2.295407e6,-3.939592967008476,-3.571726706309323,TIME_LIMIT,188876,0,0,34,0
4,12,2.295913e6,-3.939547312404769,-3.571726706309323,TIME_LIMIT,188916,0,0,19,0
4,12,2.296413e6,-3.939547312404769,-3.571726706309323,TIME_LIMIT,188946,0,0,32,0
4,12,2.296896e6,-3.939547312404769,-3.571726706309323,TIME_LIMIT,188989,0,0,17,0
4,12,2.297395e6,-3.939547312404769,-3.571726706309323,TIME_LIMIT,189024,0,0,28,0
4,12,2.297876e6,-3.93952692313396,-3.571726706309323,TIME_LIMIT,189055,0,0,27,0
4,12,2.298376e6,-3.93952692313396,-3.571726706309323,TIME_LIMIT,189082,0,0,32,0
4,12,2.298875e6,-3.93952692313396,-3.571726706309323,TIME_LIMIT,189133,0,0,28,0
4,12,2.29936e6,-3.93952692313396,-3.571726706309323,TIME_LIMIT,189155,0,0,27,0
4,12,2.299859e6,-3.9395150597054305,-3.571726706309323,TIME_LIMIT,189201,0,0,30,0
4,12,2.300346e6,-3.9395150597054305,-3.571726706309323,TIME_LIMIT,189230,0,0,39,0
4,12,2.300846e6,-3.9394470355227837,-3.571726706309323,TIME_LIMIT,189275,0,0,32,0
4,12,2.301342e6,-3.9394470355227837,-3.571726706309323,TIME_LIMIT,189305,0,0,30,0
4,12,2.30184e6,-3.939397527296233,-3.571726706309323,TIME_LIMIT,189355,0,0,30,0
4,12,2.302341e6,-3.939397527296233,-3.571726706309323,TIME_LIMIT,189383,0,0,55,0
4,12,2.302843e6,-3.939397527296233,-3.571726706309323,TIME_LIMIT,189432,0,0,27,0
4,12,2.303367e6,-3.939397527296233,-3.571726706309323,TIME_LIMIT,189463,0,0,38,0
4,12,2.303869e6,-3.939397527296233,-3.571726706309323,TIME_LIMIT,189511,0,0,33,0
4,12,2.304361e6,-3.939397527296233,-3.571726706309323,TIME_LIMIT,189540,0,0,41,0
4,12,2.304857e6,-3.9393941486346393,-3.571726706309323,TIME_LIMIT,189589,0,0,26,0
4,12,2.305359e6,-3.9393941486346393,-3.571726706309323,TIME_LIMIT,189618,0,0,33,0
4,12,2.30586e6,-3.9393941486346393,-3.571726706309323,TIME_LIMIT,189661,0,0,29,0
4,12,2.306346e6,-3.9393941486346393,-3.571726706309323,TIME_LIMIT,189681,0,0,32,0
4,12,2.306844e6,-3.939389426521014,-3.571726706309323,TIME_LIMIT,189737,0,0,29,0
4,12,2.307345e6,-3.939389426521014,-3.571726706309323,TIME_LIMIT,189771,0,0,44,0
4,12,2.307846e6,-3.9393854242380892,-3.571726706309323,TIME_LIMIT,189828,0,0,33,0
4,12,2.308337e6,-3.9393854242380892,-3.571726706309323,TIME_LIMIT,189857,0,0,27,0
4,12,2.308843e6,-3.9393854242380892,-3.571726706309323,TIME_LIMIT,189907,0,0,26,0
4,12,2.309328e6,-3.9393854242380892,-3.571726706309323,TIME_LIMIT,189934,0,0,32,0
4,12,2.309839e6,-3.939379334703855,-3.571726706309323,TIME_LIMIT,189989,0,0,29,0
4,12,2.310332e6,-3.939379334703855,-3.571726706309323,TIME_LIMIT,190031,0,0,19,0
4,12,2.310832e6,-3.9392772822860547,-3.571726706309323,TIME_LIMIT,190078,0,0,30,0
4,12,2.31132e6,-3.9392772822860547,-3.571726706309323,TIME_LIMIT,190109,0,0,34,0
4,12,2.31182e6,-3.9392772822860547,-3.571726706309323,TIME_LIMIT,190156,0,0,9,0
4,12,2.312329e6,-3.9392772822860547,-3.571726706309323,TIME_LIMIT,190192,0,0,33,0
4,12,2.312834e6,-3.9392772822860547,-3.571726706309323,TIME_LIMIT,190241,0,0,23,0
4,12,2.313318e6,-3.9392772822860547,-3.571726706309323,TIME_LIMIT,190288,0,0,32,0
4,12,2.313821e6,-3.9392708331244104,-3.571726706309323,TIME_LIMIT,190321,0,0,30,0
4,12,2.314306e6,-3.9392708331244104,-3.571726706309323,TIME_LIMIT,190354,0,0,44,0
4,12,2.314803e6,-3.939238809683879,-3.571726706309323,TIME_LIMIT,190402,0,0,9,0
4,12,2.315303e6,-3.939238809683879,-3.571726706309323,TIME_LIMIT,190436,0,0,38,0
4,12,2.315789e6,-3.939223648720764,-3.571726706309323,TIME_LIMIT,190477,0,0,29,0
4,12,2.316287e6,-3.939223648720764,-3.571726706309323,TIME_LIMIT,190501,0,0,28,0
4,12,2.316791e6,-3.939223648720764,-3.571726706309323,TIME_LIMIT,190548,0,0,20,0
4,12,2.317285e6,-3.939223648720764,-3.571726706309323,TIME_LIMIT,190588,0,0,33,0
4,12,2.317786e6,-3.939223648720764,-3.571726706309323,TIME_LIMIT,190630,0,0,32,0
4,12,2.318289e6,-3.939223648720764,-3.571726706309323,TIME_LIMIT,190664,0,0,39,0
4,12,2.318793e6,-3.939210944860619,-3.571726706309323,TIME_LIMIT,190715,0,0,28,0
4,12,2.319278e6,-3.939210944860619,-3.571726706309323,TIME_LIMIT,190737,0,0,39,0
4,12,2.319782e6,-3.939113700612369,-3.571726706309323,TIME_LIMIT,190789,0,0,32,0
4,12,2.320276e6,-3.939113700612369,-3.571726706309323,TIME_LIMIT,190814,0,0,27,0
4,12,2.320776e6,-3.939094613953017,-3.571726706309323,TIME_LIMIT,190864,0,0,33,0
4,12,2.321263e6,-3.939094613953017,-3.571726706309323,TIME_LIMIT,190894,0,0,28,0
4,12,2.32176e6,-3.9390849026204524,-3.571726706309323,TIME_LIMIT,190947,0,0,18,0
4,12,2.322247e6,-3.9390849026204524,-3.571726706309323,TIME_LIMIT,190977,0,0,43,0
4,12,2.322744e6,-3.9390849026204524,-3.571726706309323,TIME_LIMIT,191024,0,0,23,0
4,12,2.323231e6,-3.9390849026204524,-3.571726706309323,TIME_LIMIT,191064,0,0,33,0
4,12,2.323739e6,-3.9390849026204524,-3.571726706309323,TIME_LIMIT,191103,0,0,28,0
4,12,2.324226e6,-3.9390849026204524,-3.571726706309323,TIME_LIMIT,191132,0,0,43,0
4,12,2.324724e6,-3.9390849026204524,-3.571726706309323,TIME_LIMIT,191175,0,0,31,0
4,12,2.32521e6,-3.9390849026204524,-3.571726706309323,TIME_LIMIT,191208,0,0,35,0
4,12,2.325707e6,-3.939067668580532,-3.571726706309323,TIME_LIMIT,191255,0,0,31,0
4,12,2.326194e6,-3.939067668580532,-3.571726706309323,TIME_LIMIT,191275,0,0,32,0
4,12,2.326697e6,-3.9389981510834797,-3.571726706309323,TIME_LIMIT,191327,0,0,31,0
4,12,2.327196e6,-3.9389981510834797,-3.571726706309323,TIME_LIMIT,191365,0,0,22,0
4,12,2.327683e6,-3.9389519602943284,-3.571726706309323,TIME_LIMIT,191410,0,0,28,0
4,12,2.328186e6,-3.9389519602943284,-3.571726706309323,TIME_LIMIT,191446,0,0,16,0
4,12,2.328736e6,-3.9389519602943284,-3.571726706309323,TIME_LIMIT,191491,0,0,31,0
4,12,2.329232e6,-3.9389519602943284,-3.571726706309323,TIME_LIMIT,191523,0,0,40,0
4,12,2.329741e6,-3.93894702140126,-3.571726706309323,TIME_LIMIT,191575,0,0,35,0
4,12,2.330227e6,-3.93894702140126,-3.571726706309323,TIME_LIMIT,191600,0,0,31,0
4,12,2.330725e6,-3.9389267561581387,-3.571726706309323,TIME_LIMIT,191647,0,0,19,0
4,12,2.331226e6,-3.9389267561581387,-3.571726706309323,TIME_LIMIT,191687,0,0,31,0
4,12,2.331727e6,-3.9388353240776115,-3.571726706309323,TIME_LIMIT,191731,0,0,30,0
4,12,2.332211e6,-3.9388353240776115,-3.571726706309323,TIME_LIMIT,191757,0,0,33,0
4,12,2.332714e6,-3.938832245646297,-3.571726706309323,TIME_LIMIT,191808,0,0,34,0
4,12,2.333199e6,-3.938832245646297,-3.571726706309323,TIME_LIMIT,191837,0,0,37,0
4,12,2.333699e6,-3.938828858565994,-3.571726706309323,TIME_LIMIT,191889,0,0,24,0
4,12,2.334183e6,-3.938828858565994,-3.571726706309323,TIME_LIMIT,191921,0,0,39,0
4,12,2.334685e6,-3.938797006053448,-3.571726706309323,TIME_LIMIT,191976,0,0,32,0
4,12,2.335167e6,-3.938797006053448,-3.571726706309323,TIME_LIMIT,192001,0,0,37,0
4,12,2.335668e6,-3.938797006053448,-3.571726706309323,TIME_LIMIT,192046,0,0,28,0
4,12,2.336158e6,-3.938797006053448,-3.571726706309323,TIME_LIMIT,192078,0,0,29,0
4,12,2.336654e6,-3.938790227332907,-3.571726706309323,TIME_LIMIT,192124,0,0,25,0
4,12,2.337147e6,-3.938790227332907,-3.571726706309323,TIME_LIMIT,192151,0,0,30,0
4,12,2.337643e6,-3.938776849799638,-3.571726706309323,TIME_LIMIT,192201,0,0,30,0
4,12,2.338136e6,-3.938776849799638,-3.571726706309323,TIME_LIMIT,192226,0,0,30,0
4,12,2.338638e6,-3.938775671998459,-3.571726706309323,TIME_LIMIT,192274,0,0,28,0
4,12,2.339132e6,-3.938775671998459,-3.571726706309323,TIME_LIMIT,192303,0,0,36,0
4,12,2.339627e6,-3.938763290865484,-3.571726706309323,TIME_LIMIT,192361,0,0,29,0
4,12,2.340132e6,-3.938763290865484,-3.571726706309323,TIME_LIMIT,192381,0,0,44,0
4,12,2.34063e6,-3.938763290865484,-3.571726706309323,TIME_LIMIT,192430,0,0,25,0
4,12,2.341133e6,-3.938763290865484,-3.571726706309323,TIME_LIMIT,192466,0,0,33,0
4,12,2.341635e6,-3.938763290865484,-3.571726706309323,TIME_LIMIT,192510,0,0,29,0
4,12,2.342124e6,-3.938763290865484,-3.571726706309323,TIME_LIMIT,192534,0,0,33,0
4,12,2.342633e6,-3.938763290865484,-3.571726706309323,TIME_LIMIT,192583,0,0,29,0
4,12,2.343123e6,-3.938763290865484,-3.571726706309323,TIME_LIMIT,192613,0,0,38,0
4,12,2.343643e6,-3.938750302546054,-3.571726706309323,TIME_LIMIT,192664,0,0,27,0
4,12,2.344146e6,-3.938750302546054,-3.571726706309323,TIME_LIMIT,192692,0,0,36,0
4,12,2.344652e6,-3.938750302546054,-3.571726706309323,TIME_LIMIT,192734,0,0,17,0
4,12,2.345141e6,-3.938750302546054,-3.571726706309323,TIME_LIMIT,192774,0,0,32,0
4,12,2.345639e6,-3.9387481259381847,-3.571726706309323,TIME_LIMIT,192806,0,0,32,0
4,12,2.346129e6,-3.9387481259381847,-3.571726706309323,TIME_LIMIT,192840,0,0,27,0
4,12,2.346632e6,-3.938730882864204,-3.571726706309323,TIME_LIMIT,192888,0,0,20,0
4,12,2.347117e6,-3.938730882864204,-3.571726706309323,TIME_LIMIT,192910,0,0,42,0
4,12,2.34762e6,-3.938699432872795,-3.571726706309323,TIME_LIMIT,192959,0,0,27,0
4,12,2.348117e6,-3.938699432872795,-3.571726706309323,TIME_LIMIT,193002,0,0,27,0
4,12,2.348608e6,-3.938685082844693,-3.571726706309323,TIME_LIMIT,193034,0,0,37,0
4,12,2.349102e6,-3.938685082844693,-3.571726706309323,TIME_LIMIT,193078,0,0,30,0
4,12,2.349594e6,-3.938685082844693,-3.571726706309323,TIME_LIMIT,193105,0,0,33,0
4,12,2.350087e6,-3.938685082844693,-3.571726706309323,TIME_LIMIT,193132,0,0,32,0
4,12,2.350589e6,-3.938666984332183,-3.571726706309323,TIME_LIMIT,193179,0,0,24,0
4,12,2.351082e6,-3.938666984332183,-3.571726706309323,TIME_LIMIT,193201,0,0,35,0
4,12,2.351587e6,-3.938666984332183,-3.571726706309323,TIME_LIMIT,193254,0,0,28,0
4,12,2.352082e6,-3.938666984332183,-3.571726706309323,TIME_LIMIT,193292,0,0,39,0
4,12,2.352574e6,-3.938659069543095,-3.571726706309323,TIME_LIMIT,193339,0,0,32,0
4,12,2.353069e6,-3.938659069543095,-3.571726706309323,TIME_LIMIT,193371,0,0,15,0
4,12,2.353557e6,-3.9386184448448054,-3.571726706309323,TIME_LIMIT,193411,0,0,23,0
4,12,2.354055e6,-3.9386184448448054,-3.571726706309323,TIME_LIMIT,193434,0,0,44,0
4,12,2.354543e6,-3.938541106082104,-3.571726706309323,TIME_LIMIT,193483,0,0,30,0
4,12,2.355051e6,-3.938541106082104,-3.571726706309323,TIME_LIMIT,193512,0,0,34,0
4,12,2.355538e6,-3.9384992078888605,-3.571726706309323,TIME_LIMIT,193561,0,0,27,0
4,12,2.356038e6,-3.9384992078888605,-3.571726706309323,TIME_LIMIT,193586,0,0,38,0
4,12,2.356544e6,-3.938493253519249,-3.571726706309323,TIME_LIMIT,193638,0,0,14,0
4,12,2.357047e6,-3.938493253519249,-3.571726706309323,TIME_LIMIT,193666,0,0,41,0
4,12,2.357533e6,-3.9384923777867678,-3.571726706309323,TIME_LIMIT,193719,0,0,34,0
4,12,2.358037e6,-3.9384923777867678,-3.571726706309323,TIME_LIMIT,193748,0,0,35,0
4,12,2.358541e6,-3.9384673523134768,-3.571726706309323,TIME_LIMIT,193798,0,0,15,0
4,12,2.35903e6,-3.9384673523134768,-3.571726706309323,TIME_LIMIT,193831,0,0,22,0
4,12,2.359534e6,-3.9384673523134768,-3.571726706309323,TIME_LIMIT,193874,0,0,29,0
4,12,2.360034e6,-3.9384673523134768,-3.571726706309323,TIME_LIMIT,193910,0,0,38,0
4,12,2.360524e6,-3.938430938812064,-3.571726706309323,TIME_LIMIT,193949,0,0,38,0
4,12,2.361034e6,-3.938430938812064,-3.571726706309323,TIME_LIMIT,193977,0,0,29,0
4,12,2.361535e6,-3.938430938812064,-3.571726706309323,TIME_LIMIT,194025,0,0,28,0
4,12,2.362023e6,-3.938430938812064,-3.571726706309323,TIME_LIMIT,194058,0,0,32,0
4,12,2.36252e6,-3.938430938812064,-3.571726706309323,TIME_LIMIT,194104,0,0,25,0
4,12,2.363022e6,-3.938430938812064,-3.571726706309323,TIME_LIMIT,194131,0,0,23,0
4,12,2.363525e6,-3.938429921796355,-3.571726706309323,TIME_LIMIT,194183,0,0,28,0
4,12,2.364011e6,-3.938429921796355,-3.571726706309323,TIME_LIMIT,194213,0,0,36,0
4,12,2.364515e6,-3.938407950934246,-3.571726706309323,TIME_LIMIT,194261,0,0,21,0
4,12,2.36502e6,-3.938407950934246,-3.571726706309323,TIME_LIMIT,194283,0,0,34,0
4,12,2.365509e6,-3.938407950934246,-3.571726706309323,TIME_LIMIT,194331,0,0,29,0
4,12,2.366009e6,-3.938407950934246,-3.571726706309323,TIME_LIMIT,194365,0,0,25,0
4,12,2.366513e6,-3.938376166911081,-3.571726706309323,TIME_LIMIT,194419,0,0,29,0
4,12,2.367017e6,-3.938376166911081,-3.571726706309323,TIME_LIMIT,194456,0,0,28,0
4,12,2.367519e6,-3.938376166911081,-3.571726706309323,TIME_LIMIT,194505,0,0,31,0
4,12,2.368023e6,-3.938376166911081,-3.571726706309323,TIME_LIMIT,194540,0,0,33,0
4,12,2.368511e6,-3.938362896283306,-3.571726706309323,TIME_LIMIT,194583,0,0,30,0
4,12,2.36901e6,-3.938362896283306,-3.571726706309323,TIME_LIMIT,194610,0,0,35,0
4,12,2.369497e6,-3.938277279488803,-3.571726706309323,TIME_LIMIT,194659,0,0,32,0
4,12,2.370013e6,-3.938277279488803,-3.571726706309323,TIME_LIMIT,194693,0,0,24,0
4,12,2.370505e6,-3.938277279488803,-3.571726706309323,TIME_LIMIT,194740,0,0,32,0
4,12,2.370993e6,-3.938277279488803,-3.571726706309323,TIME_LIMIT,194768,0,0,39,0
4,12,2.371495e6,-3.9382654443842964,-3.571726706309323,TIME_LIMIT,194817,0,0,33,0
4,12,2.371998e6,-3.9382654443842964,-3.571726706309323,TIME_LIMIT,194844,0,0,41,0
4,12,2.372503e6,-3.9382508926296627,-3.571726706309323,TIME_LIMIT,194899,0,0,25,0
4,12,2.373007e6,-3.9382508926296627,-3.571726706309323,TIME_LIMIT,194940,0,0,28,0
4,12,2.373509e6,-3.938249833172308,-3.571726706309323,TIME_LIMIT,194980,0,0,31,0
4,12,2.374011e6,-3.938249833172308,-3.571726706309323,TIME_LIMIT,195020,0,0,7,0
4,12,2.374521e6,-3.938248680738725,-3.571726706309323,TIME_LIMIT,195055,0,0,32,0
4,12,2.375008e6,-3.938248680738725,-3.571726706309323,TIME_LIMIT,195091,0,0,23,0
4,12,2.375519e6,-3.938248680738725,-3.571726706309323,TIME_LIMIT,195131,0,0,33,0
4,12,2.376022e6,-3.938248680738725,-3.571726706309323,TIME_LIMIT,195158,0,0,27,0
4,12,2.376547e6,-3.9382343984401222,-3.571726706309323,TIME_LIMIT,195211,0,0,22,0
4,12,2.377048e6,-3.9382343984401222,-3.571726706309323,TIME_LIMIT,195234,0,0,46,0
4,12,2.377551e6,-3.9382343984401222,-3.571726706309323,TIME_LIMIT,195287,0,0,29,0
4,12,2.378043e6,-3.9382343984401222,-3.571726706309323,TIME_LIMIT,195317,0,0,37,0
4,12,2.378544e6,-3.9382059173464907,-3.571726706309323,TIME_LIMIT,195366,0,0,29,0
4,12,2.379028e6,-3.9382059173464907,-3.571726706309323,TIME_LIMIT,195396,0,0,42,0
4,12,2.379531e6,-3.938137123798139,-3.571726706309323,TIME_LIMIT,195444,0,0,19,0
4,12,2.380019e6,-3.938137123798139,-3.571726706309323,TIME_LIMIT,195471,0,0,46,0
4,12,2.38053e6,-3.9381145682145706,-3.571726706309323,TIME_LIMIT,195520,0,0,37,0
4,12,2.381018e6,-3.9381145682145706,-3.571726706309323,TIME_LIMIT,195556,0,0,41,0
4,12,2.381515e6,-3.938107064198398,-3.571726706309323,TIME_LIMIT,195609,0,0,26,0
4,12,2.382016e6,-3.938107064198398,-3.571726706309323,TIME_LIMIT,195649,0,0,34,0
4,12,2.382503e6,-3.9380793650884507,-3.571726706309323,TIME_LIMIT,195692,0,0,42,0
4,12,2.383008e6,-3.9380793650884507,-3.571726706309323,TIME_LIMIT,195717,0,0,57,0
4,12,2.383512e6,-3.938057601912628,-3.571726706309323,TIME_LIMIT,195766,0,0,27,0
4,12,2.384015e6,-3.938057601912628,-3.571726706309323,TIME_LIMIT,195788,0,0,43,0
4,12,2.384514e6,-3.9380469829353757,-3.571726706309323,TIME_LIMIT,195842,0,0,35,0
4,12,2.385001e6,-3.9380469829353757,-3.571726706309323,TIME_LIMIT,195863,0,0,29,0
4,12,2.3855e6,-3.938043121035566,-3.571726706309323,TIME_LIMIT,195916,0,0,30,0
4,12,2.386002e6,-3.938043121035566,-3.571726706309323,TIME_LIMIT,195956,0,0,37,0
4,12,2.386505e6,-3.938023276757043,-3.571726706309323,TIME_LIMIT,195998,0,0,34,0
4,12,2.386991e6,-3.938023276757043,-3.571726706309323,TIME_LIMIT,196030,0,0,30,0
4,12,2.387493e6,-3.938020574690564,-3.571726706309323,TIME_LIMIT,196064,0,0,39,0
4,12,2.388004e6,-3.938020574690564,-3.571726706309323,TIME_LIMIT,196102,0,0,37,0
4,12,2.388488e6,-3.938020574690564,-3.571726706309323,TIME_LIMIT,196150,0,0,29,0
4,12,2.388992e6,-3.938020574690564,-3.571726706309323,TIME_LIMIT,196178,0,0,42,0
4,12,2.389487e6,-3.938020574690564,-3.571726706309323,TIME_LIMIT,196221,0,0,28,0
4,12,2.389974e6,-3.938020574690564,-3.571726706309323,TIME_LIMIT,196248,0,0,38,0
4,12,2.390474e6,-3.9378844526635173,-3.571726706309323,TIME_LIMIT,196298,0,0,27,0
4,12,2.39096e6,-3.9378844526635173,-3.571726706309323,TIME_LIMIT,196324,0,0,33,0
4,12,2.391458e6,-3.9378844526635173,-3.571726706309323,TIME_LIMIT,196373,0,0,30,0
4,12,2.391947e6,-3.9378844526635173,-3.571726706309323,TIME_LIMIT,196400,0,0,31,0
4,12,2.392474e6,-3.9378844526635173,-3.571726706309323,TIME_LIMIT,196444,0,0,21,0
4,12,2.392973e6,-3.9378844526635173,-3.571726706309323,TIME_LIMIT,196482,0,0,36,0
4,12,2.393474e6,-3.9378814056495526,-3.571726706309323,TIME_LIMIT,196526,0,0,32,0
4,12,2.393962e6,-3.9378814056495526,-3.571726706309323,TIME_LIMIT,196554,0,0,36,0
4,12,2.394461e6,-3.9378516483121593,-3.571726706309323,TIME_LIMIT,196604,0,0,24,0
4,12,2.394949e6,-3.9378516483121593,-3.571726706309323,TIME_LIMIT,196634,0,0,33,0
4,12,2.395448e6,-3.937833486938545,-3.571726706309323,TIME_LIMIT,196681,0,0,26,0
4,12,2.395951e6,-3.937833486938545,-3.571726706309323,TIME_LIMIT,196723,0,0,35,0
4,12,2.396453e6,-3.9378098767668592,-3.571726706309323,TIME_LIMIT,196770,0,0,29,0
4,12,2.396956e6,-3.9378098767668592,-3.571726706309323,TIME_LIMIT,196806,0,0,36,0
4,12,2.397458e6,-3.9378098767668592,-3.571726706309323,TIME_LIMIT,196853,0,0,29,0
4,12,2.397942e6,-3.9378098767668592,-3.571726706309323,TIME_LIMIT,196874,0,0,37,0
4,12,2.398445e6,-3.9378002158245513,-3.571726706309323,TIME_LIMIT,196920,0,0,26,0
4,12,2.398932e6,-3.9378002158245513,-3.571726706309323,TIME_LIMIT,196958,0,0,14,0
4,12,2.399433e6,-3.9377934144078557,-3.571726706309323,TIME_LIMIT,197009,0,0,30,0
4,12,2.399934e6,-3.9377934144078557,-3.571726706309323,TIME_LIMIT,197048,0,0,32,0
4,12,2.400437e6,-3.937777374924911,-3.571726706309323,TIME_LIMIT,197091,0,0,43,0
4,12,2.400932e6,-3.937777374924911,-3.571726706309323,TIME_LIMIT,197113,0,0,35,0
4,12,2.40143e6,-3.937772641842427,-3.571726706309323,TIME_LIMIT,197163,0,0,30,0
4,12,2.401934e6,-3.937772641842427,-3.571726706309323,TIME_LIMIT,197187,0,0,33,0
4,12,2.402426e6,-3.937772641842427,-3.571726706309323,TIME_LIMIT,197242,0,0,32,0
4,12,2.402912e6,-3.937772641842427,-3.571726706309323,TIME_LIMIT,197269,0,0,30,0
4,12,2.40341e6,-3.9377550616076,-3.571726706309323,TIME_LIMIT,197316,0,0,24,0
4,12,2.403911e6,-3.9377550616076,-3.571726706309323,TIME_LIMIT,197349,0,0,47,0
4,12,2.404415e6,-3.9377550616076,-3.571726706309323,TIME_LIMIT,197400,0,0,25,0
4,12,2.404903e6,-3.9377550616076,-3.571726706309323,TIME_LIMIT,197441,0,0,38,0
4,12,2.405401e6,-3.937750793405396,-3.571726706309323,TIME_LIMIT,197487,0,0,26,0
4,12,2.405905e6,-3.937750793405396,-3.571726706309323,TIME_LIMIT,197513,0,0,38,0
4,12,2.406398e6,-3.937750793405396,-3.571726706309323,TIME_LIMIT,197563,0,0,30,0
4,12,2.406899e6,-3.937750793405396,-3.571726706309323,TIME_LIMIT,197591,0,0,36,0
4,12,2.407383e6,-3.937750793405396,-3.571726706309323,TIME_LIMIT,197644,0,0,28,0
4,12,2.407885e6,-3.937750793405396,-3.571726706309323,TIME_LIMIT,197677,0,0,36,0
4,12,2.408367e6,-3.9377432056245207,-3.571726706309323,TIME_LIMIT,197728,0,0,31,0
4,12,2.408874e6,-3.9377432056245207,-3.571726706309323,TIME_LIMIT,197750,0,0,31,0
4,12,2.409366e6,-3.9377432056245207,-3.571726706309323,TIME_LIMIT,197796,0,0,29,0
4,12,2.409867e6,-3.9377432056245207,-3.571726706309323,TIME_LIMIT,197825,0,0,33,0
4,12,2.41037e6,-3.9377151739673013,-3.571726706309323,TIME_LIMIT,197874,0,0,32,0
4,12,2.410856e6,-3.9377151739673013,-3.571726706309323,TIME_LIMIT,197900,0,0,34,0
4,12,2.411354e6,-3.9376703585884147,-3.571726706309323,TIME_LIMIT,197952,0,0,30,0
4,12,2.41184e6,-3.9376703585884147,-3.571726706309323,TIME_LIMIT,197983,0,0,38,0
4,12,2.412345e6,-3.937667105378769,-3.571726706309323,TIME_LIMIT,198024,0,0,29,0
4,12,2.41285e6,-3.937667105378769,-3.571726706309323,TIME_LIMIT,198059,0,0,39,0
4,12,2.413334e6,-3.937667105378769,-3.571726706309323,TIME_LIMIT,198112,0,0,29,0
4,12,2.413836e6,-3.937667105378769,-3.571726706309323,TIME_LIMIT,198136,0,0,33,0
4,12,2.414337e6,-3.937667105378769,-3.571726706309323,TIME_LIMIT,198185,0,0,29,0
4,12,2.414838e6,-3.937667105378769,-3.571726706309323,TIME_LIMIT,198213,0,0,39,0
4,12,2.415338e6,-3.9376644375855396,-3.571726706309323,TIME_LIMIT,198261,0,0,27,0
4,12,2.415826e6,-3.9376644375855396,-3.571726706309323,TIME_LIMIT,198281,0,0,36,0
4,12,2.416325e6,-3.9376644375855396,-3.571726706309323,TIME_LIMIT,198329,0,0,22,0
4,12,2.416828e6,-3.9376644375855396,-3.571726706309323,TIME_LIMIT,198360,0,0,15,0
4,12,2.41732e6,-3.9376012476861812,-3.571726706309323,TIME_LIMIT,198407,0,0,34,0
4,12,2.417823e6,-3.9376012476861812,-3.571726706309323,TIME_LIMIT,198449,0,0,28,0
4,12,2.418325e6,-3.93754670667307,-3.571726706309323,TIME_LIMIT,198484,0,0,29,0
4,12,2.418813e6,-3.93754670667307,-3.571726706309323,TIME_LIMIT,198522,0,0,38,0
4,12,2.419313e6,-3.937493612360739,-3.571726706309323,TIME_LIMIT,198567,0,0,28,0
4,12,2.419814e6,-3.937493612360739,-3.571726706309323,TIME_LIMIT,198603,0,0,34,0
4,12,2.420314e6,-3.9374548611045177,-3.571726706309323,TIME_LIMIT,198643,0,0,25,0
4,12,2.420815e6,-3.9374548611045177,-3.571726706309323,TIME_LIMIT,198677,0,0,20,0
4,12,2.421329e6,-3.937453055725599,-3.571726706309323,TIME_LIMIT,198734,0,0,21,0
4,12,2.421814e6,-3.937453055725599,-3.571726706309323,TIME_LIMIT,198770,0,0,38,0
4,12,2.422317e6,-3.937453055725599,-3.571726706309323,TIME_LIMIT,198810,0,0,29,0
4,12,2.422822e6,-3.937453055725599,-3.571726706309323,TIME_LIMIT,198836,0,0,39,0
4,12,2.423309e6,-3.937453055725599,-3.571726706309323,TIME_LIMIT,198887,0,0,33,0
4,12,2.423807e6,-3.937453055725599,-3.571726706309323,TIME_LIMIT,198917,0,0,38,0
4,12,2.42431e6,-3.937453055725599,-3.571726706309323,TIME_LIMIT,198968,0,0,32,0
4,12,2.424851e6,-3.937453055725599,-3.571726706309323,TIME_LIMIT,199000,0,0,36,0
4,12,2.425334e6,-3.9374504007731477,-3.571726706309323,TIME_LIMIT,199053,0,0,29,0
4,12,2.425835e6,-3.9374504007731477,-3.571726706309323,TIME_LIMIT,199080,0,0,39,0
4,12,2.426318e6,-3.9373833964727307,-3.571726706309323,TIME_LIMIT,199129,0,0,30,0
4,12,2.426819e6,-3.9373833964727307,-3.571726706309323,TIME_LIMIT,199159,0,0,38,0
4,12,2.427322e6,-3.937369587494832,-3.571726706309323,TIME_LIMIT,199206,0,0,29,0
4,12,2.427823e6,-3.937369587494832,-3.571726706309323,TIME_LIMIT,199228,0,0,37,0
4,12,2.428326e6,-3.937369587494832,-3.571726706309323,TIME_LIMIT,199283,0,0,29,0
4,12,2.428839e6,-3.937369587494832,-3.571726706309323,TIME_LIMIT,199317,0,0,23,0
4,12,2.429341e6,-3.9373661789033343,-3.571726706309323,TIME_LIMIT,199364,0,0,29,0
4,12,2.429844e6,-3.9373661789033343,-3.571726706309323,TIME_LIMIT,199403,0,0,33,0
4,12,2.430349e6,-3.937351073732726,-3.571726706309323,TIME_LIMIT,199449,0,0,26,0
4,12,2.430836e6,-3.937351073732726,-3.571726706309323,TIME_LIMIT,199470,0,0,24,0
4,12,2.431335e6,-3.937351073732726,-3.571726706309323,TIME_LIMIT,199516,0,0,23,0
4,12,2.431837e6,-3.937351073732726,-3.571726706309323,TIME_LIMIT,199553,0,0,39,0
4,12,2.432321e6,-3.937343047942764,-3.571726706309323,TIME_LIMIT,199602,0,0,33,0
4,12,2.432824e6,-3.937343047942764,-3.571726706309323,TIME_LIMIT,199628,0,0,33,0
4,12,2.433326e6,-3.937299801723237,-3.571726706309323,TIME_LIMIT,199679,0,0,31,0
4,12,2.433829e6,-3.937299801723237,-3.571726706309323,TIME_LIMIT,199713,0,0,30,0
4,12,2.434335e6,-3.937288606250186,-3.571726706309323,TIME_LIMIT,199762,0,0,32,0
4,12,2.434832e6,-3.937288606250186,-3.571726706309323,TIME_LIMIT,199789,0,0,39,0
4,12,2.435331e6,-3.937288606250186,-3.571726706309323,TIME_LIMIT,199839,0,0,30,0
4,12,2.435832e6,-3.937288606250186,-3.571726706309323,TIME_LIMIT,199866,0,0,17,0
4,12,2.436336e6,-3.9372623465564502,-3.571726706309323,TIME_LIMIT,199918,0,0,32,0
4,12,2.436842e6,-3.9372623465564502,-3.571726706309323,TIME_LIMIT,199953,0,0,38,0
4,12,2.437311e6,-3.937211792718702,-3.571726706309323,TIME_LIMIT,199996,0,0,38,0
4,12,2.437812e6,-3.937211792718702,-3.571726706309323,TIME_LIMIT,200019,0,0,38,0
4,12,2.438313e6,-3.9371847975792753,-3.571726706309323,TIME_LIMIT,200068,0,0,30,0
4,12,2.438808e6,-3.9371847975792753,-3.571726706309323,TIME_LIMIT,200103,0,0,41,0
4,12,2.439307e6,-3.9371847975792753,-3.571726706309323,TIME_LIMIT,200157,0,0,37,0
4,12,2.439809e6,-3.9371847975792753,-3.571726706309323,TIME_LIMIT,200185,0,0,40,0
4,12,2.440309e6,-3.9371847975792753,-3.571726706309323,TIME_LIMIT,200232,0,0,31,0
4,12,2.440799e6,-3.9371847975792753,-3.571726706309323,TIME_LIMIT,200252,0,0,38,0
4,12,2.441301e6,-3.9371600235374253,-3.571726706309323,TIME_LIMIT,200307,0,0,33,0
4,12,2.441793e6,-3.9371600235374253,-3.571726706309323,TIME_LIMIT,200348,0,0,36,0
4,12,2.442286e6,-3.9371557514862734,-3.571726706309323,TIME_LIMIT,200393,0,0,29,0
4,12,2.442789e6,-3.9371557514862734,-3.571726706309323,TIME_LIMIT,200417,0,0,40,0
4,12,2.443283e6,-3.9371557514862734,-3.571726706309323,TIME_LIMIT,200469,0,0,32,0
4,12,2.44377e6,-3.9371557514862734,-3.571726706309323,TIME_LIMIT,200501,0,0,43,0
4,12,2.444266e6,-3.937137788835391,-3.571726706309323,TIME_LIMIT,200547,0,0,31,0
4,12,2.444756e6,-3.937137788835391,-3.571726706309323,TIME_LIMIT,200577,0,0,35,0
4,12,2.445256e6,-3.9371356584971777,-3.571726706309323,TIME_LIMIT,200632,0,0,31,0
4,12,2.445745e6,-3.9371356584971777,-3.571726706309323,TIME_LIMIT,200658,0,0,41,0
4,12,2.446245e6,-3.9371356584971777,-3.571726706309323,TIME_LIMIT,200712,0,0,25,0
4,12,2.446733e6,-3.9371356584971777,-3.571726706309323,TIME_LIMIT,200747,0,0,35,0
4,12,2.447232e6,-3.93709672484494,-3.571726706309323,TIME_LIMIT,200795,0,0,29,0
4,12,2.44772e6,-3.93709672484494,-3.571726706309323,TIME_LIMIT,200818,0,0,41,0
4,12,2.448222e6,-3.9370907493473433,-3.571726706309323,TIME_LIMIT,200868,0,0,27,0
4,12,2.448725e6,-3.9370907493473433,-3.571726706309323,TIME_LIMIT,200898,0,0,32,0
4,12,2.449236e6,-3.9370800551463963,-3.571726706309323,TIME_LIMIT,200945,0,0,15,0
4,12,2.44972e6,-3.9370800551463963,-3.571726706309323,TIME_LIMIT,200974,0,0,40,0
4,12,2.450225e6,-3.9370768958582123,-3.571726706309323,TIME_LIMIT,201018,0,0,32,0
4,12,2.450729e6,-3.9370768958582123,-3.571726706309323,TIME_LIMIT,201049,0,0,35,0
4,12,2.451217e6,-3.9370768958582123,-3.571726706309323,TIME_LIMIT,201098,0,0,32,0
4,12,2.451717e6,-3.9370768958582123,-3.571726706309323,TIME_LIMIT,201122,0,0,37,0
4,12,2.452222e6,-3.9370768958582123,-3.571726706309323,TIME_LIMIT,201174,0,0,31,0
4,12,2.452716e6,-3.9370768958582123,-3.571726706309323,TIME_LIMIT,201197,0,0,37,0
4,12,2.453219e6,-3.9370605821468,-3.571726706309323,TIME_LIMIT,201252,0,0,38,0
4,12,2.453721e6,-3.9370605821468,-3.571726706309323,TIME_LIMIT,201284,0,0,28,0
4,12,2.454225e6,-3.9370605821468,-3.571726706309323,TIME_LIMIT,201326,0,0,29,0
4,12,2.454717e6,-3.9370605821468,-3.571726706309323,TIME_LIMIT,201346,0,0,25,0
4,12,2.455222e6,-3.937031330310816,-3.571726706309323,TIME_LIMIT,201398,0,0,28,0
4,12,2.455729e6,-3.937031330310816,-3.571726706309323,TIME_LIMIT,201435,0,0,35,0
4,12,2.456215e6,-3.937031330310816,-3.571726706309323,TIME_LIMIT,201482,0,0,30,0
4,12,2.45672e6,-3.937031330310816,-3.571726706309323,TIME_LIMIT,201502,0,0,35,0
4,12,2.457224e6,-3.937031330310816,-3.571726706309323,TIME_LIMIT,201548,0,0,29,0
4,12,2.457712e6,-3.937031330310816,-3.571726706309323,TIME_LIMIT,201581,0,0,43,0
4,12,2.458213e6,-3.937031330310816,-3.571726706309323,TIME_LIMIT,201629,0,0,28,0
4,12,2.458701e6,-3.937031330310816,-3.571726706309323,TIME_LIMIT,201656,0,0,34,0
4,12,2.459202e6,-3.937009593475364,-3.571726706309323,TIME_LIMIT,201705,0,0,30,0
4,12,2.459692e6,-3.937009593475364,-3.571726706309323,TIME_LIMIT,201731,0,0,46,0
4,12,2.460197e6,-3.937009593475364,-3.571726706309323,TIME_LIMIT,201781,0,0,31,0
4,12,2.460698e6,-3.937009593475364,-3.571726706309323,TIME_LIMIT,201812,0,0,45,0
4,12,2.461202e6,-3.9370089890607605,-3.571726706309323,TIME_LIMIT,201863,0,0,32,0
4,12,2.46169e6,-3.9370089890607605,-3.571726706309323,TIME_LIMIT,201898,0,0,30,0
4,12,2.4622e6,-3.9370089890607605,-3.571726706309323,TIME_LIMIT,201939,0,0,32,0
4,12,2.462688e6,-3.9370089890607605,-3.571726706309323,TIME_LIMIT,201974,0,0,36,0
4,12,2.46319e6,-3.9370039927610225,-3.571726706309323,TIME_LIMIT,202028,0,0,35,0
4,12,2.463696e6,-3.9370039927610225,-3.571726706309323,TIME_LIMIT,202056,0,0,34,0
4,12,2.464197e6,-3.9369722846981556,-3.571726706309323,TIME_LIMIT,202101,0,0,21,0
4,12,2.464686e6,-3.9369722846981556,-3.571726706309323,TIME_LIMIT,202128,0,0,32,0
4,12,2.46519e6,-3.936948865053228,-3.571726706309323,TIME_LIMIT,202178,0,0,34,0
4,12,2.465692e6,-3.936948865053228,-3.571726706309323,TIME_LIMIT,202207,0,0,31,0
4,12,2.466195e6,-3.9369160210539813,-3.571726706309323,TIME_LIMIT,202257,0,0,28,0
4,12,2.466699e6,-3.9369160210539813,-3.571726706309323,TIME_LIMIT,202293,0,0,21,0
4,12,2.467186e6,-3.9369160210539813,-3.571726706309323,TIME_LIMIT,202331,0,0,29,0
4,12,2.467691e6,-3.9369160210539813,-3.571726706309323,TIME_LIMIT,202366,0,0,34,0
4,12,2.46819e6,-3.9369160210539813,-3.571726706309323,TIME_LIMIT,202404,0,0,37,0
4,12,2.468678e6,-3.9369160210539813,-3.571726706309323,TIME_LIMIT,202433,0,0,31,0
4,12,2.469181e6,-3.936904299954361,-3.571726706309323,TIME_LIMIT,202477,0,0,29,0
4,12,2.469683e6,-3.936904299954361,-3.571726706309323,TIME_LIMIT,202504,0,0,33,0
4,12,2.470193e6,-3.936879637306638,-3.571726706309323,TIME_LIMIT,202554,0,0,28,0
4,12,2.470682e6,-3.936879637306638,-3.571726706309323,TIME_LIMIT,202588,0,0,49,0
4,12,2.471183e6,-3.936879637306638,-3.571726706309323,TIME_LIMIT,202638,0,0,32,0
4,12,2.471686e6,-3.936879637306638,-3.571726706309323,TIME_LIMIT,202666,0,0,37,0
4,12,2.472188e6,-3.9368706582483997,-3.571726706309323,TIME_LIMIT,202716,0,0,28,0
4,12,2.4727e6,-3.9368706582483997,-3.571726706309323,TIME_LIMIT,202752,0,0,19,0
4,12,2.473212e6,-3.9368706582483997,-3.571726706309323,TIME_LIMIT,202796,0,0,28,0
4,12,2.473698e6,-3.9368706582483997,-3.571726706309323,TIME_LIMIT,202821,0,0,35,0
4,12,2.474198e6,-3.9368669962491825,-3.571726706309323,TIME_LIMIT,202869,0,0,32,0
4,12,2.4747e6,-3.9368669962491825,-3.571726706309323,TIME_LIMIT,202906,0,0,33,0
4,12,2.475189e6,-3.9368160838498527,-3.571726706309323,TIME_LIMIT,202944,0,0,35,0
4,12,2.475689e6,-3.9368160838498527,-3.571726706309323,TIME_LIMIT,202983,0,0,34,0
4,12,2.476193e6,-3.9367946282069943,-3.571726706309323,TIME_LIMIT,203032,0,0,33,0
4,12,2.47669e6,-3.9367946282069943,-3.571726706309323,TIME_LIMIT,203066,0,0,34,0
4,12,2.477189e6,-3.936764758637405,-3.571726706309323,TIME_LIMIT,203110,0,0,33,0
4,12,2.477678e6,-3.936764758637405,-3.571726706309323,TIME_LIMIT,203140,0,0,38,0
4,12,2.47819e6,-3.936764758637405,-3.571726706309323,TIME_LIMIT,203187,0,0,34,0
4,12,2.478674e6,-3.936764758637405,-3.571726706309323,TIME_LIMIT,203212,0,0,38,0
4,12,2.479179e6,-3.9367588985031805,-3.571726706309323,TIME_LIMIT,203265,0,0,32,0
4,12,2.479683e6,-3.9367588985031805,-3.571726706309323,TIME_LIMIT,203290,0,0,22,0
4,12,2.480185e6,-3.93675610522582,-3.571726706309323,TIME_LIMIT,203343,0,0,31,0
4,12,2.480687e6,-3.93675610522582,-3.571726706309323,TIME_LIMIT,203369,0,0,40,0
4,12,2.481176e6,-3.936750951745342,-3.571726706309323,TIME_LIMIT,203419,0,0,26,0
4,12,2.481652e6,-3.936750951745342,-3.571726706309323,TIME_LIMIT,203438,0,0,29,0
4,12,2.482156e6,-3.936750951745342,-3.571726706309323,TIME_LIMIT,203491,0,0,26,0
4,12,2.482655e6,-3.936750951745342,-3.571726706309323,TIME_LIMIT,203531,0,0,34,0
4,12,2.483147e6,-3.9366978931812606,-3.571726706309323,TIME_LIMIT,203580,0,0,32,0
4,12,2.483642e6,-3.9366978931812606,-3.571726706309323,TIME_LIMIT,203615,0,0,30,0
4,12,2.484138e6,-3.9366677320126624,-3.571726706309323,TIME_LIMIT,203659,0,0,42,0
4,12,2.484626e6,-3.9366677320126624,-3.571726706309323,TIME_LIMIT,203693,0,0,45,0
4,12,2.48513e6,-3.9366677320126624,-3.571726706309323,TIME_LIMIT,203743,0,0,16,0
4,12,2.48563e6,-3.9366677320126624,-3.571726706309323,TIME_LIMIT,203781,0,0,28,0
4,12,2.486118e6,-3.9365808454476943,-3.571726706309323,TIME_LIMIT,203827,0,0,41,0
4,12,2.486617e6,-3.9365808454476943,-3.571726706309323,TIME_LIMIT,203851,0,0,20,0
4,12,2.487104e6,-3.936564402492434,-3.571726706309323,TIME_LIMIT,203903,0,0,34,0
4,12,2.487608e6,-3.936564402492434,-3.571726706309323,TIME_LIMIT,203929,0,0,54,0
4,12,2.488113e6,-3.936564402492434,-3.571726706309323,TIME_LIMIT,203981,0,0,34,0
4,12,2.488613e6,-3.936564402492434,-3.571726706309323,TIME_LIMIT,204008,0,0,39,0
4,12,2.489118e6,-3.936560113265798,-3.571726706309323,TIME_LIMIT,204059,0,0,32,0
4,12,2.489623e6,-3.936560113265798,-3.571726706309323,TIME_LIMIT,204084,0,0,35,0
4,12,2.490127e6,-3.936560113265798,-3.571726706309323,TIME_LIMIT,204131,0,0,29,0
4,12,2.490611e6,-3.936560113265798,-3.571726706309323,TIME_LIMIT,204169,0,0,29,0
4,12,2.491117e6,-3.936560113265798,-3.571726706309323,TIME_LIMIT,204227,0,0,32,0
4,12,2.491617e6,-3.936560113265798,-3.571726706309323,TIME_LIMIT,204263,0,0,35,0
4,12,2.49212e6,-3.936560113265798,-3.571726706309323,TIME_LIMIT,204303,0,0,28,0
4,12,2.492626e6,-3.936560113265798,-3.571726706309323,TIME_LIMIT,204338,0,0,38,0
4,12,2.493143e6,-3.936560113265798,-3.571726706309323,TIME_LIMIT,204384,0,0,33,0
4,12,2.493649e6,-3.936560113265798,-3.571726706309323,TIME_LIMIT,204413,0,0,36,0
4,12,2.494154e6,-3.9365441816277102,-3.571726706309323,TIME_LIMIT,204459,0,0,26,0
4,12,2.494643e6,-3.9365441816277102,-3.571726706309323,TIME_LIMIT,204493,0,0,30,0
4,12,2.495148e6,-3.9365441816277102,-3.571726706309323,TIME_LIMIT,204531,0,0,28,0
4,12,2.495659e6,-3.9365441816277102,-3.571726706309323,TIME_LIMIT,204564,0,0,33,0
4,12,2.496162e6,-3.9365441816277102,-3.571726706309323,TIME_LIMIT,204615,0,0,30,0
4,12,2.496653e6,-3.9365441816277102,-3.571726706309323,TIME_LIMIT,204649,0,0,35,0
4,12,2.497154e6,-3.9365441816277102,-3.571726706309323,TIME_LIMIT,204695,0,0,26,0
4,12,2.497641e6,-3.9365441816277102,-3.571726706309323,TIME_LIMIT,204722,0,0,35,0
4,12,2.498156e6,-3.9365441816277102,-3.571726706309323,TIME_LIMIT,204771,0,0,17,0
4,12,2.498659e6,-3.9365441816277102,-3.571726706309323,TIME_LIMIT,204807,0,0,40,0
4,12,2.499146e6,-3.93653967102725,-3.571726706309323,TIME_LIMIT,204859,0,0,30,0
4,12,2.499657e6,-3.93653967102725,-3.571726706309323,TIME_LIMIT,204885,0,0,43,0
4,12,2.500145e6,-3.93653967102725,-3.571726706309323,TIME_LIMIT,204940,0,0,31,0
4,12,2.500649e6,-3.93653967102725,-3.571726706309323,TIME_LIMIT,204972,0,0,39,0
4,12,2.501153e6,-3.936538918053778,-3.571726706309323,TIME_LIMIT,205015,0,0,33,0
4,12,2.501659e6,-3.936538918053778,-3.571726706309323,TIME_LIMIT,205052,0,0,23,0
4,12,2.502164e6,-3.936538918053778,-3.571726706309323,TIME_LIMIT,205106,0,0,33,0
4,12,2.502649e6,-3.936538918053778,-3.571726706309323,TIME_LIMIT,205142,0,0,32,0
4,12,2.503153e6,-3.936468227760684,-3.571726706309323,TIME_LIMIT,205180,0,0,30,0
4,12,2.503648e6,-3.936468227760684,-3.571726706309323,TIME_LIMIT,205203,0,0,32,0
4,12,2.504151e6,-3.936455383123125,-3.571726706309323,TIME_LIMIT,205256,0,0,37,0
4,12,2.504658e6,-3.936455383123125,-3.571726706309323,TIME_LIMIT,205288,0,0,40,0
4,12,2.505164e6,-3.9364236311978,-3.571726706309323,TIME_LIMIT,205337,0,0,23,0
4,12,2.505648e6,-3.9364236311978,-3.571726706309323,TIME_LIMIT,205364,0,0,39,0
4,12,2.506153e6,-3.9364236311978,-3.571726706309323,TIME_LIMIT,205414,0,0,28,0
4,12,2.506658e6,-3.9364236311978,-3.571726706309323,TIME_LIMIT,205443,0,0,38,0
4,12,2.507152e6,-3.936422093504112,-3.571726706309323,TIME_LIMIT,205487,0,0,28,0
4,12,2.507639e6,-3.936422093504112,-3.571726706309323,TIME_LIMIT,205517,0,0,41,0
4,12,2.508138e6,-3.9364196366602417,-3.571726706309323,TIME_LIMIT,205561,0,0,31,0
4,12,2.508643e6,-3.9364196366602417,-3.571726706309323,TIME_LIMIT,205582,0,0,35,0
4,12,2.50915e6,-3.9363828925099997,-3.571726706309323,TIME_LIMIT,205633,0,0,31,0
4,12,2.509643e6,-3.9363828925099997,-3.571726706309323,TIME_LIMIT,205674,0,0,36,0
4,12,2.51015e6,-3.936339465575393,-3.571726706309323,TIME_LIMIT,205714,0,0,24,0
4,12,2.510658e6,-3.936339465575393,-3.571726706309323,TIME_LIMIT,205750,0,0,25,0
4,12,2.511161e6,-3.936339465575393,-3.571726706309323,TIME_LIMIT,205798,0,0,26,0
4,12,2.511666e6,-3.936339465575393,-3.571726706309323,TIME_LIMIT,205833,0,0,36,0
4,12,2.512145e6,-3.936339465575393,-3.571726706309323,TIME_LIMIT,205879,0,0,30,0
4,12,2.512646e6,-3.936339465575393,-3.571726706309323,TIME_LIMIT,205913,0,0,34,0
4,12,2.513134e6,-3.936339465575393,-3.571726706309323,TIME_LIMIT,205956,0,0,27,0
4,12,2.513628e6,-3.936339465575393,-3.571726706309323,TIME_LIMIT,205989,0,0,39,0
4,12,2.514136e6,-3.936339465575393,-3.571726706309323,TIME_LIMIT,206038,0,0,27,0
4,12,2.51462e6,-3.936339465575393,-3.571726706309323,TIME_LIMIT,206064,0,0,37,0
4,12,2.515124e6,-3.9363099340409757,-3.571726706309323,TIME_LIMIT,206116,0,0,30,0
4,12,2.515608e6,-3.9363099340409757,-3.571726706309323,TIME_LIMIT,206139,0,0,36,0
4,12,2.516112e6,-3.936299318635907,-3.571726706309323,TIME_LIMIT,206192,0,0,17,0
4,12,2.51662e6,-3.936299318635907,-3.571726706309323,TIME_LIMIT,206221,0,0,41,0
4,12,2.51713e6,-3.936299318635907,-3.571726706309323,TIME_LIMIT,206277,0,0,27,0
4,12,2.517624e6,-3.936299318635907,-3.571726706309323,TIME_LIMIT,206309,0,0,20,0
4,12,2.518115e6,-3.936299318635907,-3.571726706309323,TIME_LIMIT,206359,0,0,31,0
4,12,2.518623e6,-3.936299318635907,-3.571726706309323,TIME_LIMIT,206386,0,0,26,0
4,12,2.519136e6,-3.936292331065754,-3.571726706309323,TIME_LIMIT,206439,0,0,33,0
4,12,2.519619e6,-3.936292331065754,-3.571726706309323,TIME_LIMIT,206460,0,0,35,0
4,12,2.520123e6,-3.9362481324509266,-3.571726706309323,TIME_LIMIT,206511,0,0,12,0
4,12,2.520632e6,-3.9362481324509266,-3.571726706309323,TIME_LIMIT,206542,0,0,41,0
4,12,2.521171e6,-3.9362442437740013,-3.571726706309323,TIME_LIMIT,206593,0,0,30,0
4,12,2.521674e6,-3.9362442437740013,-3.571726706309323,TIME_LIMIT,206633,0,0,28,0
4,12,2.522163e6,-3.9362442437740013,-3.571726706309323,TIME_LIMIT,206661,0,0,45,0
4,12,2.522676e6,-3.9362442437740013,-3.571726706309323,TIME_LIMIT,206687,0,0,35,0
4,12,2.52317e6,-3.936217394698234,-3.571726706309323,TIME_LIMIT,206738,0,0,28,0
4,12,2.523658e6,-3.936217394698234,-3.571726706309323,TIME_LIMIT,206763,0,0,34,0
4,12,2.524159e6,-3.9361966504985877,-3.571726706309323,TIME_LIMIT,206809,0,0,27,0
4,12,2.524647e6,-3.9361966504985877,-3.571726706309323,TIME_LIMIT,206826,0,0,32,0
4,12,2.52515e6,-3.9361573406780295,-3.571726706309323,TIME_LIMIT,206875,0,0,31,0
4,12,2.525656e6,-3.9361573406780295,-3.571726706309323,TIME_LIMIT,206904,0,0,43,0
4,12,2.526144e6,-3.9361573406780295,-3.571726706309323,TIME_LIMIT,206956,0,0,26,0
4,12,2.526648e6,-3.9361573406780295,-3.571726706309323,TIME_LIMIT,206994,0,0,34,0
4,12,2.527148e6,-3.9361474782586745,-3.571726706309323,TIME_LIMIT,207036,0,0,19,0
4,12,2.527653e6,-3.9361474782586745,-3.571726706309323,TIME_LIMIT,207062,0,0,35,0
4,12,2.528159e6,-3.9361433729538438,-3.571726706309323,TIME_LIMIT,207112,0,0,31,0
4,12,2.528648e6,-3.9361433729538438,-3.571726706309323,TIME_LIMIT,207141,0,0,40,0
4,12,2.529148e6,-3.9361202160742432,-3.571726706309323,TIME_LIMIT,207194,0,0,32,0
4,12,2.529635e6,-3.9361202160742432,-3.571726706309323,TIME_LIMIT,207228,0,0,42,0
4,12,2.530138e6,-3.9361202160742432,-3.571726706309323,TIME_LIMIT,207267,0,0,31,0
4,12,2.530642e6,-3.9361202160742432,-3.571726706309323,TIME_LIMIT,207291,0,0,35,0
4,12,2.531141e6,-3.9361202160742432,-3.571726706309323,TIME_LIMIT,207338,0,0,31,0
4,12,2.531628e6,-3.9361202160742432,-3.571726706309323,TIME_LIMIT,207365,0,0,36,0
4,12,2.53214e6,-3.9361202160742432,-3.571726706309323,TIME_LIMIT,207417,0,0,33,0
4,12,2.532628e6,-3.9361202160742432,-3.571726706309323,TIME_LIMIT,207445,0,0,41,0
4,12,2.533129e6,-3.9361029714722533,-3.571726706309323,TIME_LIMIT,207498,0,0,32,0
4,12,2.533633e6,-3.9361029714722533,-3.571726706309323,TIME_LIMIT,207523,0,0,31,0
4,12,2.534138e6,-3.9361029714722533,-3.571726706309323,TIME_LIMIT,207566,0,0,23,0
4,12,2.534642e6,-3.9361029714722533,-3.571726706309323,TIME_LIMIT,207602,0,0,35,0
4,12,2.535135e6,-3.9361029714722533,-3.571726706309323,TIME_LIMIT,207654,0,0,33,0
4,12,2.535622e6,-3.9361029714722533,-3.571726706309323,TIME_LIMIT,207680,0,0,38,0
4,12,2.536123e6,-3.9360746962636197,-3.571726706309323,TIME_LIMIT,207731,0,0,32,0
4,12,2.536603e6,-3.9360746962636197,-3.571726706309323,TIME_LIMIT,207754,0,0,46,0
4,12,2.537103e6,-3.9360553227576505,-3.571726706309323,TIME_LIMIT,207809,0,0,34,0
4,12,2.537591e6,-3.9360553227576505,-3.571726706309323,TIME_LIMIT,207835,0,0,36,0
4,12,2.538075e6,-3.936052950733139,-3.571726706309323,TIME_LIMIT,207881,0,0,28,0
4,12,2.538558e6,-3.936052950733139,-3.571726706309323,TIME_LIMIT,207910,0,0,34,0
4,12,2.539043e6,-3.936046529106494,-3.571726706309323,TIME_LIMIT,207959,0,0,27,0
4,12,2.539528e6,-3.936046529106494,-3.571726706309323,TIME_LIMIT,207994,0,0,39,0
4,12,2.540012e6,-3.9360392083315885,-3.571726706309323,TIME_LIMIT,208042,0,0,33,0
4,12,2.540496e6,-3.9360392083315885,-3.571726706309323,TIME_LIMIT,208062,0,0,46,0
4,12,2.540999e6,-3.9360392083315885,-3.571726706309323,TIME_LIMIT,208110,0,0,28,0
4,12,2.541483e6,-3.9360392083315885,-3.571726706309323,TIME_LIMIT,208138,0,0,36,0
4,12,2.541968e6,-3.9360392083315885,-3.571726706309323,TIME_LIMIT,208188,0,0,26,0
4,12,2.542472e6,-3.9360392083315885,-3.571726706309323,TIME_LIMIT,208221,0,0,34,0
4,12,2.542955e6,-3.9360392083315885,-3.571726706309323,TIME_LIMIT,208267,0,0,14,0
4,12,2.54344e6,-3.9360392083315885,-3.571726706309323,TIME_LIMIT,208289,0,0,33,0
4,12,2.543925e6,-3.9360174809375383,-3.571726706309323,TIME_LIMIT,208339,0,0,31,0
4,12,2.544411e6,-3.9360174809375383,-3.571726706309323,TIME_LIMIT,208371,0,0,35,0
4,12,2.5449e6,-3.9360174809375383,-3.571726706309323,TIME_LIMIT,208419,0,0,31,0
4,12,2.545405e6,-3.9360174809375383,-3.571726706309323,TIME_LIMIT,208442,0,0,36,0
4,12,2.545889e6,-3.9360098957740948,-3.571726706309323,TIME_LIMIT,208492,0,0,35,0
4,12,2.546372e6,-3.9360098957740948,-3.571726706309323,TIME_LIMIT,208517,0,0,34,0
4,12,2.546857e6,-3.9359751274735624,-3.571726706309323,TIME_LIMIT,208564,0,0,24,0
4,12,2.54734e6,-3.9359751274735624,-3.571726706309323,TIME_LIMIT,208601,0,0,43,0
4,12,2.547828e6,-3.9359002300715584,-3.571726706309323,TIME_LIMIT,208654,0,0,17,0
4,12,2.548329e6,-3.9359002300715584,-3.571726706309323,TIME_LIMIT,208679,0,0,34,0
4,12,2.548838e6,-3.9358946536089348,-3.571726706309323,TIME_LIMIT,208730,0,0,33,0
4,12,2.549343e6,-3.9358946536089348,-3.571726706309323,TIME_LIMIT,208759,0,0,41,0
4,12,2.549847e6,-3.9358835215662635,-3.571726706309323,TIME_LIMIT,208803,0,0,17,0
4,12,2.550334e6,-3.9358835215662635,-3.571726706309323,TIME_LIMIT,208836,0,0,35,0
4,12,2.55082e6,-3.9358835215662635,-3.571726706309323,TIME_LIMIT,208884,0,0,36,0
4,12,2.551307e6,-3.9358835215662635,-3.571726706309323,TIME_LIMIT,208910,0,0,38,0
4,12,2.551792e6,-3.9358835215662635,-3.571726706309323,TIME_LIMIT,208960,0,0,33,0
4,12,2.552278e6,-3.9358835215662635,-3.571726706309323,TIME_LIMIT,208983,0,0,25,0
4,12,2.552765e6,-3.935869274277533,-3.571726706309323,TIME_LIMIT,209038,0,0,22,0
4,12,2.553249e6,-3.935869274277533,-3.571726706309323,TIME_LIMIT,209060,0,0,35,0
4,12,2.553734e6,-3.935869274277533,-3.571726706309323,TIME_LIMIT,209110,0,0,29,0
4,12,2.554219e6,-3.935869274277533,-3.571726706309323,TIME_LIMIT,209137,0,0,36,0
4,12,2.554723e6,-3.935863871811395,-3.571726706309323,TIME_LIMIT,209191,0,0,32,0
4,12,2.555209e6,-3.935863871811395,-3.571726706309323,TIME_LIMIT,209220,0,0,48,0
4,12,2.555713e6,-3.935863871811395,-3.571726706309323,TIME_LIMIT,209269,0,0,31,0
4,12,2.556199e6,-3.935863871811395,-3.571726706309323,TIME_LIMIT,209298,0,0,26,0
4,12,2.556684e6,-3.9357861478868883,-3.571726706309323,TIME_LIMIT,209348,0,0,29,0
4,12,2.557168e6,-3.9357861478868883,-3.571726706309323,TIME_LIMIT,209373,0,0,36,0
4,12,2.557653e6,-3.9357743452209264,-3.571726706309323,TIME_LIMIT,209414,0,0,26,0
4,12,2.558115e6,-3.9357743452209264,-3.571726706309323,TIME_LIMIT,209440,0,0,44,0
4,12,2.558598e6,-3.9357743452209264,-3.571726706309323,TIME_LIMIT,209493,0,0,13,0
4,12,2.559081e6,-3.9357743452209264,-3.571726706309323,TIME_LIMIT,209530,0,0,32,0
4,12,2.559565e6,-3.9357638610596153,-3.571726706309323,TIME_LIMIT,209566,0,0,38,0
4,12,2.56005e6,-3.9357638610596153,-3.571726706309323,TIME_LIMIT,209596,0,0,27,0
4,12,2.560535e6,-3.9357638610596153,-3.571726706309323,TIME_LIMIT,209643,0,0,25,0
4,12,2.561019e6,-3.9357638610596153,-3.571726706309323,TIME_LIMIT,209678,0,0,32,0
4,12,2.561506e6,-3.9357564878722724,-3.571726706309323,TIME_LIMIT,209724,0,0,29,0
4,12,2.562007e6,-3.9357564878722724,-3.571726706309323,TIME_LIMIT,209747,0,0,35,0
4,12,2.562492e6,-3.9357322814421156,-3.571726706309323,TIME_LIMIT,209797,0,0,21,0
4,12,2.562998e6,-3.9357322814421156,-3.571726706309323,TIME_LIMIT,209824,0,0,33,0
4,12,2.563491e6,-3.9357219048215333,-3.571726706309323,TIME_LIMIT,209875,0,0,29,0
4,12,2.563979e6,-3.9357219048215333,-3.571726706309323,TIME_LIMIT,209911,0,0,38,0
4,12,2.564487e6,-3.935707987299106,-3.571726706309323,TIME_LIMIT,209968,0,0,31,0
4,12,2.564991e6,-3.935707987299106,-3.571726706309323,TIME_LIMIT,210006,0,0,40,0
4,12,2.565475e6,-3.9356864612221396,-3.571726706309323,TIME_LIMIT,210052,0,0,34,0
4,12,2.565966e6,-3.9356864612221396,-3.571726706309323,TIME_LIMIT,210090,0,0,36,0
4,12,2.566469e6,-3.9356864612221396,-3.571726706309323,TIME_LIMIT,210139,0,0,32,0
4,12,2.566954e6,-3.9356864612221396,-3.571726706309323,TIME_LIMIT,210172,0,0,40,0
4,12,2.56744e6,-3.9356864612221396,-3.571726706309323,TIME_LIMIT,210215,0,0,19,0
4,12,2.567929e6,-3.9356864612221396,-3.571726706309323,TIME_LIMIT,210249,0,0,32,0
4,12,2.568431e6,-3.9356257651430093,-3.571726706309323,TIME_LIMIT,210297,0,0,22,0
4,12,2.568949e6,-3.9356257651430093,-3.571726706309323,TIME_LIMIT,210323,0,0,39,0
4,12,2.569459e6,-3.9356175731235026,-3.571726706309323,TIME_LIMIT,210376,0,0,31,0
4,12,2.569945e6,-3.9356175731235026,-3.571726706309323,TIME_LIMIT,210400,0,0,41,0
4,12,2.570433e6,-3.9356175731235026,-3.571726706309323,TIME_LIMIT,210449,0,0,29,0
4,12,2.570936e6,-3.9356175731235026,-3.571726706309323,TIME_LIMIT,210483,0,0,39,0
4,12,2.57142e6,-3.9356175731235026,-3.571726706309323,TIME_LIMIT,210532,0,0,31,0
4,12,2.571907e6,-3.9356175731235026,-3.571726706309323,TIME_LIMIT,210557,0,0,39,0
4,12,2.572413e6,-3.935610629955126,-3.571726706309323,TIME_LIMIT,210605,0,0,22,0
4,12,2.57291e6,-3.935610629955126,-3.571726706309323,TIME_LIMIT,210636,0,0,38,0
4,12,2.573414e6,-3.935521753135059,-3.571726706309323,TIME_LIMIT,210687,0,0,33,0
4,12,2.5739e6,-3.935521753135059,-3.571726706309323,TIME_LIMIT,210725,0,0,27,0
4,12,2.574385e6,-3.935521753135059,-3.571726706309323,TIME_LIMIT,210770,0,0,30,0
4,12,2.574869e6,-3.935521753135059,-3.571726706309323,TIME_LIMIT,210801,0,0,32,0
4,12,2.575354e6,-3.935521375377674,-3.571726706309323,TIME_LIMIT,210849,0,0,25,0
4,12,2.575841e6,-3.935521375377674,-3.571726706309323,TIME_LIMIT,210888,0,0,43,0
4,12,2.576327e6,-3.9354689182372247,-3.571726706309323,TIME_LIMIT,210938,0,0,25,0
4,12,2.576808e6,-3.9354689182372247,-3.571726706309323,TIME_LIMIT,210971,0,0,35,0
4,12,2.577296e6,-3.9354689182372247,-3.571726706309323,TIME_LIMIT,211023,0,0,37,0
4,12,2.577791e6,-3.9354689182372247,-3.571726706309323,TIME_LIMIT,211050,0,0,37,0
4,12,2.578286e6,-3.9354689182372247,-3.571726706309323,TIME_LIMIT,211096,0,0,29,0
4,12,2.578772e6,-3.9354689182372247,-3.571726706309323,TIME_LIMIT,211122,0,0,34,0
4,12,2.579259e6,-3.9354689182372247,-3.571726706309323,TIME_LIMIT,211172,0,0,32,0
4,12,2.57976e6,-3.9354689182372247,-3.571726706309323,TIME_LIMIT,211197,0,0,36,0
4,12,2.580265e6,-3.9354689182372247,-3.571726706309323,TIME_LIMIT,211238,0,0,21,0
4,12,2.580772e6,-3.9354689182372247,-3.571726706309323,TIME_LIMIT,211257,0,0,37,0
4,12,2.581257e6,-3.9354689182372247,-3.571726706309323,TIME_LIMIT,211305,0,0,27,0
4,12,2.581747e6,-3.9354689182372247,-3.571726706309323,TIME_LIMIT,211336,0,0,24,0
4,12,2.58225e6,-3.9354689182372247,-3.571726706309323,TIME_LIMIT,211383,0,0,30,0
4,12,2.582735e6,-3.9354689182372247,-3.571726706309323,TIME_LIMIT,211414,0,0,25,0
4,12,2.583224e6,-3.935464263474175,-3.571726706309323,TIME_LIMIT,211457,0,0,28,0
4,12,2.583732e6,-3.935464263474175,-3.571726706309323,TIME_LIMIT,211488,0,0,41,0
4,12,2.584241e6,-3.935464263474175,-3.571726706309323,TIME_LIMIT,211538,0,0,30,0
4,12,2.584755e6,-3.935464263474175,-3.571726706309323,TIME_LIMIT,211572,0,0,41,0
4,12,2.585261e6,-3.935454616462202,-3.571726706309323,TIME_LIMIT,211622,0,0,31,0
4,12,2.585745e6,-3.935454616462202,-3.571726706309323,TIME_LIMIT,211652,0,0,42,0
4,12,2.586231e6,-3.935429845428712,-3.571726706309323,TIME_LIMIT,211705,0,0,27,0
4,12,2.586717e6,-3.935429845428712,-3.571726706309323,TIME_LIMIT,211732,0,0,17,0
4,12,2.587207e6,-3.935429845428712,-3.571726706309323,TIME_LIMIT,211778,0,0,28,0
4,12,2.587721e6,-3.935429845428712,-3.571726706309323,TIME_LIMIT,211812,0,0,29,0
4,12,2.588226e6,-3.9354297775920433,-3.571726706309323,TIME_LIMIT,211863,0,0,27,0
4,12,2.588713e6,-3.9354297775920433,-3.571726706309323,TIME_LIMIT,211891,0,0,39,0
4,12,2.589218e6,-3.9354297775920433,-3.571726706309323,TIME_LIMIT,211938,0,0,29,0
4,12,2.589704e6,-3.9354297775920433,-3.571726706309323,TIME_LIMIT,211964,0,0,41,0
4,12,2.590194e6,-3.9354297775920433,-3.571726706309323,TIME_LIMIT,212016,0,0,31,0
4,12,2.590697e6,-3.9354297775920433,-3.571726706309323,TIME_LIMIT,212051,0,0,30,0
4,12,2.591182e6,-3.9354297775920433,-3.571726706309323,TIME_LIMIT,212104,0,0,32,0
4,12,2.591667e6,-3.9354297775920433,-3.571726706309323,TIME_LIMIT,212131,0,0,28,0
4,12,2.592172e6,-3.9354089122374405,-3.571726706309323,TIME_LIMIT,212181,0,0,32,0
4,12,2.592661e6,-3.9354089122374405,-3.571726706309323,TIME_LIMIT,212220,0,0,33,0
4,12,2.593167e6,-3.935384223880949,-3.571726706309323,TIME_LIMIT,212262,0,0,30,0
4,12,2.593651e6,-3.935384223880949,-3.571726706309323,TIME_LIMIT,212296,0,0,36,0
4,12,2.594133e6,-3.935384223880949,-3.571726706309323,TIME_LIMIT,212346,0,0,28,0
4,12,2.594618e6,-3.935384223880949,-3.571726706309323,TIME_LIMIT,212374,0,0,33,0
4,12,2.595125e6,-3.9353582734898205,-3.571726706309323,TIME_LIMIT,212430,0,0,33,0
4,12,2.595635e6,-3.9353582734898205,-3.571726706309323,TIME_LIMIT,212464,0,0,40,0
4,12,2.596141e6,-3.9353251447641986,-3.571726706309323,TIME_LIMIT,212513,0,0,28,0
4,12,2.596627e6,-3.9353251447641986,-3.571726706309323,TIME_LIMIT,212540,0,0,31,0
4,12,2.597113e6,-3.9353251447641986,-3.571726706309323,TIME_LIMIT,212584,0,0,30,0
4,12,2.597604e6,-3.9353251447641986,-3.571726706309323,TIME_LIMIT,212608,0,0,33,0
4,12,2.598088e6,-3.9353251447641986,-3.571726706309323,TIME_LIMIT,212660,0,0,15,0
4,12,2.598574e6,-3.9353251447641986,-3.571726706309323,TIME_LIMIT,212686,0,0,38,0
4,12,2.599058e6,-3.9353251447641986,-3.571726706309323,TIME_LIMIT,212736,0,0,29,0
4,12,2.599567e6,-3.9353251447641986,-3.571726706309323,TIME_LIMIT,212779,0,0,14,0
4,12,2.600061e6,-3.9353088751061827,-3.571726706309323,TIME_LIMIT,212812,0,0,31,0
4,12,2.600553e6,-3.9353088751061827,-3.571726706309323,TIME_LIMIT,212838,0,0,37,0
4,12,2.601062e6,-3.935304756715447,-3.571726706309323,TIME_LIMIT,212896,0,0,36,0
4,12,2.601568e6,-3.935304756715447,-3.571726706309323,TIME_LIMIT,212927,0,0,35,0
4,12,2.602072e6,-3.935304756715447,-3.571726706309323,TIME_LIMIT,212976,0,0,34,0
4,12,2.602555e6,-3.935304756715447,-3.571726706309323,TIME_LIMIT,212996,0,0,27,0
4,12,2.60304e6,-3.9352940910538785,-3.571726706309323,TIME_LIMIT,213045,0,0,25,0
4,12,2.603525e6,-3.9352940910538785,-3.571726706309323,TIME_LIMIT,213086,0,0,34,0
4,12,2.604011e6,-3.9352905789879027,-3.571726706309323,TIME_LIMIT,213120,0,0,31,0
4,12,2.604496e6,-3.9352905789879027,-3.571726706309323,TIME_LIMIT,213149,0,0,34,0
4,12,2.604981e6,-3.9352905789879027,-3.571726706309323,TIME_LIMIT,213198,0,0,24,0
4,12,2.605465e6,-3.9352905789879027,-3.571726706309323,TIME_LIMIT,213233,0,0,32,0
4,12,2.60595e6,-3.9352905789879027,-3.571726706309323,TIME_LIMIT,213278,0,0,28,0
4,12,2.606434e6,-3.9352905789879027,-3.571726706309323,TIME_LIMIT,213309,0,0,43,0
4,12,2.606918e6,-3.9352905789879027,-3.571726706309323,TIME_LIMIT,213363,0,0,33,0
4,12,2.607426e6,-3.9352905789879027,-3.571726706309323,TIME_LIMIT,213388,0,0,33,0
4,12,2.607919e6,-3.9352905789879027,-3.571726706309323,TIME_LIMIT,213432,0,0,31,0
4,12,2.608405e6,-3.9352905789879027,-3.571726706309323,TIME_LIMIT,213470,0,0,37,0
4,12,2.60889e6,-3.935276247884753,-3.571726706309323,TIME_LIMIT,213518,0,0,11,0
4,12,2.609376e6,-3.935276247884753,-3.571726706309323,TIME_LIMIT,213541,0,0,37,0
4,12,2.609863e6,-3.9352723525307813,-3.571726706309323,TIME_LIMIT,213591,0,0,19,0
4,12,2.610324e6,-3.9352723525307813,-3.571726706309323,TIME_LIMIT,213612,0,0,39,0
4,12,2.61081e6,-3.9352723525307813,-3.571726706309323,TIME_LIMIT,213661,0,0,34,0
4,12,2.611295e6,-3.9352723525307813,-3.571726706309323,TIME_LIMIT,213688,0,0,42,0
4,12,2.611781e6,-3.9352723525307813,-3.571726706309323,TIME_LIMIT,213735,0,0,32,0
4,12,2.612265e6,-3.9352723525307813,-3.571726706309323,TIME_LIMIT,213761,0,0,35,0
4,12,2.61275e6,-3.9352117892238407,-3.571726706309323,TIME_LIMIT,213808,0,0,31,0
4,12,2.613241e6,-3.9352117892238407,-3.571726706309323,TIME_LIMIT,213837,0,0,35,0
4,12,2.613745e6,-3.935195997282135,-3.571726706309323,TIME_LIMIT,213892,0,0,24,0
4,12,2.61423e6,-3.935195997282135,-3.571726706309323,TIME_LIMIT,213920,0,0,36,0
4,12,2.614718e6,-3.935195997282135,-3.571726706309323,TIME_LIMIT,213970,0,0,28,0
4,12,2.61522e6,-3.935195997282135,-3.571726706309323,TIME_LIMIT,213995,0,0,33,0
4,12,2.615704e6,-3.935185610614098,-3.571726706309323,TIME_LIMIT,214043,0,0,25,0
4,12,2.616189e6,-3.935185610614098,-3.571726706309323,TIME_LIMIT,214068,0,0,38,0
4,12,2.616675e6,-3.9351753791144417,-3.571726706309323,TIME_LIMIT,214118,0,0,31,0
4,12,2.617198e6,-3.9351753791144417,-3.571726706309323,TIME_LIMIT,214145,0,0,41,0
4,12,2.617682e6,-3.935160581204046,-3.571726706309323,TIME_LIMIT,214194,0,0,31,0
4,12,2.618167e6,-3.935160581204046,-3.571726706309323,TIME_LIMIT,214229,0,0,34,0
4,12,2.618652e6,-3.935160581204046,-3.571726706309323,TIME_LIMIT,214282,0,0,17,0
4,12,2.619137e6,-3.935160581204046,-3.571726706309323,TIME_LIMIT,214307,0,0,41,0
4,12,2.619622e6,-3.9351504025592297,-3.571726706309323,TIME_LIMIT,214356,0,0,36,0
4,12,2.620111e6,-3.9351504025592297,-3.571726706309323,TIME_LIMIT,214384,0,0,22,0
4,12,2.620596e6,-3.9351279688188217,-3.571726706309323,TIME_LIMIT,214434,0,0,34,0
4,12,2.621093e6,-3.9351279688188217,-3.571726706309323,TIME_LIMIT,214461,0,0,35,0
4,12,2.621601e6,-3.9351279688188217,-3.571726706309323,TIME_LIMIT,214511,0,0,28,0
4,12,2.622086e6,-3.9351279688188217,-3.571726706309323,TIME_LIMIT,214542,0,0,38,0
4,12,2.622571e6,-3.9350945745995634,-3.571726706309323,TIME_LIMIT,214592,0,0,35,0
4,12,2.623057e6,-3.9350945745995634,-3.571726706309323,TIME_LIMIT,214622,0,0,14,0
4,12,2.623545e6,-3.9350945745995634,-3.571726706309323,TIME_LIMIT,214662,0,0,23,0
4,12,2.624029e6,-3.9350945745995634,-3.571726706309323,TIME_LIMIT,214696,0,0,29,0
4,12,2.624492e6,-3.935071362601689,-3.571726706309323,TIME_LIMIT,214740,0,0,32,0
4,12,2.624978e6,-3.935071362601689,-3.571726706309323,TIME_LIMIT,214767,0,0,48,0
4,12,2.625473e6,-3.935071362601689,-3.571726706309323,TIME_LIMIT,214816,0,0,30,0
4,12,2.625984e6,-3.935071362601689,-3.571726706309323,TIME_LIMIT,214850,0,0,41,0
4,12,2.62647e6,-3.9350686813969,-3.571726706309323,TIME_LIMIT,214906,0,0,33,0
4,12,2.626955e6,-3.9350686813969,-3.571726706309323,TIME_LIMIT,214931,0,0,42,0
4,12,2.627464e6,-3.9350322547775622,-3.571726706309323,TIME_LIMIT,214979,0,0,33,0
4,12,2.627949e6,-3.9350322547775622,-3.571726706309323,TIME_LIMIT,215005,0,0,30,0
4,12,2.628457e6,-3.9350322547775622,-3.571726706309323,TIME_LIMIT,215051,0,0,31,0
4,12,2.628951e6,-3.9350322547775622,-3.571726706309323,TIME_LIMIT,215077,0,0,34,0
4,12,2.629456e6,-3.9350322547775622,-3.571726706309323,TIME_LIMIT,215132,0,0,35,0
4,12,2.62994e6,-3.9350322547775622,-3.571726706309323,TIME_LIMIT,215162,0,0,27,0
4,12,2.630445e6,-3.9350300841309553,-3.571726706309323,TIME_LIMIT,215208,0,0,18,0
4,12,2.63093e6,-3.9350300841309553,-3.571726706309323,TIME_LIMIT,215246,0,0,40,0
4,12,2.631417e6,-3.9350300841309553,-3.571726706309323,TIME_LIMIT,215292,0,0,17,0
4,12,2.631906e6,-3.9350300841309553,-3.571726706309323,TIME_LIMIT,215328,0,0,30,0
4,12,2.632409e6,-3.935002244181938,-3.571726706309323,TIME_LIMIT,215372,0,0,11,0
4,12,2.632898e6,-3.935002244181938,-3.571726706309323,TIME_LIMIT,215399,0,0,37,0
4,12,2.633411e6,-3.935002244181938,-3.571726706309323,TIME_LIMIT,215447,0,0,31,0
4,12,2.63392e6,-3.935002244181938,-3.571726706309323,TIME_LIMIT,215479,0,0,27,0
4,12,2.634414e6,-3.9350014598452723,-3.571726706309323,TIME_LIMIT,215527,0,0,28,0
4,12,2.634903e6,-3.9350014598452723,-3.571726706309323,TIME_LIMIT,215561,0,0,39,0
4,12,2.635408e6,-3.9349992418545026,-3.571726706309323,TIME_LIMIT,215604,0,0,31,0
4,12,2.635895e6,-3.9349992418545026,-3.571726706309323,TIME_LIMIT,215633,0,0,47,0
4,12,2.636379e6,-3.93492262201908,-3.571726706309323,TIME_LIMIT,215694,0,0,41,0
4,12,2.636869e6,-3.93492262201908,-3.571726706309323,TIME_LIMIT,215730,0,0,44,0
4,12,2.637385e6,-3.93492262201908,-3.571726706309323,TIME_LIMIT,215782,0,0,25,0
4,12,2.637872e6,-3.93492262201908,-3.571726706309323,TIME_LIMIT,215811,0,0,37,0
4,12,2.638333e6,-3.93492262201908,-3.571726706309323,TIME_LIMIT,215853,0,0,27,0
4,12,2.638821e6,-3.93492262201908,-3.571726706309323,TIME_LIMIT,215886,0,0,28,0
4,12,2.639308e6,-3.93492262201908,-3.571726706309323,TIME_LIMIT,215929,0,0,26,0
4,12,2.639792e6,-3.93492262201908,-3.571726706309323,TIME_LIMIT,215959,0,0,25,0
4,12,2.640299e6,-3.9349101454465107,-3.571726706309323,TIME_LIMIT,216006,0,0,27,0
4,12,2.640809e6,-3.9349101454465107,-3.571726706309323,TIME_LIMIT,216031,0,0,25,0
4,12,2.641298e6,-3.934901773398882,-3.571726706309323,TIME_LIMIT,216079,0,0,25,0
4,12,2.641785e6,-3.934901773398882,-3.571726706309323,TIME_LIMIT,216112,0,0,48,0
4,12,2.642272e6,-3.934901773398882,-3.571726706309323,TIME_LIMIT,216163,0,0,33,0
4,12,2.642758e6,-3.934901773398882,-3.571726706309323,TIME_LIMIT,216196,0,0,36,0
4,12,2.643244e6,-3.934901773398882,-3.571726706309323,TIME_LIMIT,216244,0,0,25,0
4,12,2.64373e6,-3.934901773398882,-3.571726706309323,TIME_LIMIT,216277,0,0,36,0
4,12,2.644216e6,-3.9348871248293262,-3.571726706309323,TIME_LIMIT,216320,0,0,27,0
4,12,2.644701e6,-3.9348871248293262,-3.571726706309323,TIME_LIMIT,216347,0,0,25,0
4,12,2.645187e6,-3.9348804001937854,-3.571726706309323,TIME_LIMIT,216395,0,0,32,0
4,12,2.645673e6,-3.9348804001937854,-3.571726706309323,TIME_LIMIT,216427,0,0,27,0
4,12,2.646158e6,-3.9348757950177227,-3.571726706309323,TIME_LIMIT,216469,0,0,41,0
4,12,2.646644e6,-3.9348757950177227,-3.571726706309323,TIME_LIMIT,216500,0,0,45,0
4,12,2.647131e6,-3.934873565878323,-3.571726706309323,TIME_LIMIT,216551,0,0,29,0
4,12,2.647622e6,-3.934873565878323,-3.571726706309323,TIME_LIMIT,216571,0,0,29,0
4,12,2.648126e6,-3.934873565878323,-3.571726706309323,TIME_LIMIT,216624,0,0,29,0
4,12,2.648612e6,-3.934873565878323,-3.571726706309323,TIME_LIMIT,216659,0,0,35,0
4,12,2.649103e6,-3.9348540241085312,-3.571726706309323,TIME_LIMIT,216709,0,0,29,0
4,12,2.649606e6,-3.9348540241085312,-3.571726706309323,TIME_LIMIT,216739,0,0,37,0
4,12,2.650114e6,-3.934842313162255,-3.571726706309323,TIME_LIMIT,216792,0,0,22,0
4,12,2.6506e6,-3.934842313162255,-3.571726706309323,TIME_LIMIT,216821,0,0,27,0
4,12,2.651086e6,-3.934842313162255,-3.571726706309323,TIME_LIMIT,216871,0,0,30,0
4,12,2.651549e6,-3.934842313162255,-3.571726706309323,TIME_LIMIT,216906,0,0,34,0
4,12,2.652035e6,-3.934842313162255,-3.571726706309323,TIME_LIMIT,216944,0,0,25,0
4,12,2.65252e6,-3.934842313162255,-3.571726706309323,TIME_LIMIT,216972,0,0,30,0
4,12,2.653005e6,-3.9348241427521606,-3.571726706309323,TIME_LIMIT,217020,0,0,28,0
4,12,2.653489e6,-3.9348241427521606,-3.571726706309323,TIME_LIMIT,217041,0,0,30,0
4,12,2.653976e6,-3.93481107238316,-3.571726706309323,TIME_LIMIT,217095,0,0,28,0
4,12,2.65446e6,-3.93481107238316,-3.571726706309323,TIME_LIMIT,217128,0,0,41,0
4,12,2.654951e6,-3.934769911922605,-3.571726706309323,TIME_LIMIT,217180,0,0,32,0
4,12,2.655455e6,-3.934769911922605,-3.571726706309323,TIME_LIMIT,217209,0,0,33,0
4,12,2.65594e6,-3.9347634573810994,-3.571726706309323,TIME_LIMIT,217246,0,0,36,0
4,12,2.656427e6,-3.9347634573810994,-3.571726706309323,TIME_LIMIT,217283,0,0,31,0
4,12,2.656935e6,-3.9347628072064653,-3.571726706309323,TIME_LIMIT,217322,0,0,31,0
4,12,2.657418e6,-3.9347628072064653,-3.571726706309323,TIME_LIMIT,217356,0,0,34,0
4,12,2.657929e6,-3.9347628072064653,-3.571726706309323,TIME_LIMIT,217397,0,0,31,0
4,12,2.658416e6,-3.9347628072064653,-3.571726706309323,TIME_LIMIT,217429,0,0,41,0
4,12,2.658902e6,-3.9347359387661607,-3.571726706309323,TIME_LIMIT,217483,0,0,29,0
4,12,2.659388e6,-3.9347359387661607,-3.571726706309323,TIME_LIMIT,217515,0,0,15,0
4,12,2.659873e6,-3.9347359387661607,-3.571726706309323,TIME_LIMIT,217550,0,0,24,0
4,12,2.660357e6,-3.9347359387661607,-3.571726706309323,TIME_LIMIT,217578,0,0,31,0
4,12,2.660843e6,-3.934721095524196,-3.571726706309323,TIME_LIMIT,217627,0,0,31,0
4,12,2.661353e6,-3.934721095524196,-3.571726706309323,TIME_LIMIT,217662,0,0,41,0
4,12,2.661839e6,-3.9347005751120387,-3.571726706309323,TIME_LIMIT,217709,0,0,32,0
4,12,2.662323e6,-3.9347005751120387,-3.571726706309323,TIME_LIMIT,217732,0,0,33,0
4,12,2.662809e6,-3.934643378439235,-3.571726706309323,TIME_LIMIT,217777,0,0,33,0
4,12,2.663295e6,-3.934643378439235,-3.571726706309323,TIME_LIMIT,217803,0,0,38,0
4,12,2.663757e6,-3.934643378439235,-3.571726706309323,TIME_LIMIT,217850,0,0,25,0
4,12,2.664243e6,-3.934643378439235,-3.571726706309323,TIME_LIMIT,217886,0,0,24,0
4,12,2.664728e6,-3.934639041654694,-3.571726706309323,TIME_LIMIT,217939,0,0,36,0
4,12,2.665253e6,-3.934639041654694,-3.571726706309323,TIME_LIMIT,217971,0,0,34,0
4,12,2.66574e6,-3.934639041654694,-3.571726706309323,TIME_LIMIT,218023,0,0,8,0
4,12,2.666225e6,-3.934639041654694,-3.571726706309323,TIME_LIMIT,218058,0,0,35,0
4,12,2.66671e6,-3.934639041654694,-3.571726706309323,TIME_LIMIT,218117,0,0,33,0
4,12,2.667197e6,-3.934639041654694,-3.571726706309323,TIME_LIMIT,218143,0,0,29,0
4,12,2.667683e6,-3.9346381951823513,-3.571726706309323,TIME_LIMIT,218195,0,0,29,0
4,12,2.668171e6,-3.9346381951823513,-3.571726706309323,TIME_LIMIT,218223,0,0,36,0
4,12,2.668656e6,-3.9346209358055826,-3.571726706309323,TIME_LIMIT,218273,0,0,30,0
4,12,2.669154e6,-3.9346209358055826,-3.571726706309323,TIME_LIMIT,218301,0,0,26,0
4,12,2.669666e6,-3.934607938990161,-3.571726706309323,TIME_LIMIT,218352,0,0,22,0
4,12,2.670152e6,-3.934607938990161,-3.571726706309323,TIME_LIMIT,218389,0,0,34,0
4,12,2.670639e6,-3.934572552931281,-3.571726706309323,TIME_LIMIT,218439,0,0,25,0
4,12,2.671124e6,-3.934572552931281,-3.571726706309323,TIME_LIMIT,218471,0,0,36,0
4,12,2.67161e6,-3.9345550637427786,-3.571726706309323,TIME_LIMIT,218515,0,0,31,0
4,12,2.672096e6,-3.9345550637427786,-3.571726706309323,TIME_LIMIT,218546,0,0,22,0
4,12,2.672581e6,-3.9345550637427786,-3.571726706309323,TIME_LIMIT,218596,0,0,32,0
4,12,2.673068e6,-3.9345550637427786,-3.571726706309323,TIME_LIMIT,218632,0,0,30,0
4,12,2.673554e6,-3.9345550637427786,-3.571726706309323,TIME_LIMIT,218671,0,0,20,0
4,12,2.674042e6,-3.9345550637427786,-3.571726706309323,TIME_LIMIT,218692,0,0,41,0
4,12,2.674527e6,-3.9345159410967394,-3.571726706309323,TIME_LIMIT,218741,0,0,21,0
4,12,2.675013e6,-3.9345159410967394,-3.571726706309323,TIME_LIMIT,218777,0,0,32,0
4,12,2.675499e6,-3.9345159410967394,-3.571726706309323,TIME_LIMIT,218825,0,0,27,0
4,12,2.675962e6,-3.9345159410967394,-3.571726706309323,TIME_LIMIT,218864,0,0,30,0
4,12,2.676447e6,-3.9345159410967394,-3.571726706309323,TIME_LIMIT,218912,0,0,28,0
4,12,2.676934e6,-3.9345159410967394,-3.571726706309323,TIME_LIMIT,218941,0,0,30,0
4,12,2.677418e6,-3.9344655382575726,-3.571726706309323,TIME_LIMIT,218982,0,0,25,0
4,12,2.677904e6,-3.9344655382575726,-3.571726706309323,TIME_LIMIT,219020,0,0,37,0
4,12,2.678391e6,-3.9344655382575726,-3.571726706309323,TIME_LIMIT,219075,0,0,35,0
4,12,2.678879e6,-3.9344655382575726,-3.571726706309323,TIME_LIMIT,219111,0,0,41,0
4,12,2.679365e6,-3.9344655382575726,-3.571726706309323,TIME_LIMIT,219164,0,0,23,0
4,12,2.67985e6,-3.9344655382575726,-3.571726706309323,TIME_LIMIT,219185,0,0,38,0
4,12,2.680337e6,-3.934454390717627,-3.571726706309323,TIME_LIMIT,219241,0,0,34,0
4,12,2.680823e6,-3.934454390717627,-3.571726706309323,TIME_LIMIT,219278,0,0,32,0
4,12,2.681308e6,-3.934454390717627,-3.571726706309323,TIME_LIMIT,219315,0,0,24,0
4,12,2.681791e6,-3.934454390717627,-3.571726706309323,TIME_LIMIT,219346,0,0,21,0
4,12,2.682274e6,-3.934454390717627,-3.571726706309323,TIME_LIMIT,219390,0,0,28,0
4,12,2.68276e6,-3.934454390717627,-3.571726706309323,TIME_LIMIT,219417,0,0,37,0
4,12,2.683247e6,-3.9344470793098125,-3.571726706309323,TIME_LIMIT,219469,0,0,31,0
4,12,2.683734e6,-3.9344470793098125,-3.571726706309323,TIME_LIMIT,219500,0,0,36,0
4,12,2.684221e6,-3.93444345849425,-3.571726706309323,TIME_LIMIT,219556,0,0,32,0
4,12,2.684707e6,-3.93444345849425,-3.571726706309323,TIME_LIMIT,219593,0,0,42,0
4,12,2.685193e6,-3.93444345849425,-3.571726706309323,TIME_LIMIT,219641,0,0,30,0
4,12,2.685676e6,-3.93444345849425,-3.571726706309323,TIME_LIMIT,219664,0,0,14,0
4,12,2.686162e6,-3.9344133164502133,-3.571726706309323,TIME_LIMIT,219714,0,0,33,0
4,12,2.686648e6,-3.9344133164502133,-3.571726706309323,TIME_LIMIT,219734,0,0,42,0
4,12,2.687109e6,-3.934388098321115,-3.571726706309323,TIME_LIMIT,219787,0,0,32,0
4,12,2.687594e6,-3.934388098321115,-3.571726706309323,TIME_LIMIT,219821,0,0,32,0
4,12,2.688079e6,-3.934332100343249,-3.571726706309323,TIME_LIMIT,219866,0,0,28,0
4,12,2.688565e6,-3.934332100343249,-3.571726706309323,TIME_LIMIT,219887,0,0,45,0
4,12,2.689049e6,-3.934332100343249,-3.571726706309323,TIME_LIMIT,219935,0,0,28,0
4,12,2.689534e6,-3.934332100343249,-3.571726706309323,TIME_LIMIT,219963,0,0,28,0
4,12,2.690019e6,-3.934332100343249,-3.571726706309323,TIME_LIMIT,220008,0,0,21,0
4,12,2.690505e6,-3.934332100343249,-3.571726706309323,TIME_LIMIT,220042,0,0,31,0
4,12,2.69099e6,-3.934332100343249,-3.571726706309323,TIME_LIMIT,220083,0,0,21,0
4,12,2.691474e6,-3.934332100343249,-3.571726706309323,TIME_LIMIT,220118,0,0,37,0
4,12,2.691959e6,-3.934307604211372,-3.571726706309323,TIME_LIMIT,220160,0,0,23,0
4,12,2.692444e6,-3.934307604211372,-3.571726706309323,TIME_LIMIT,220196,0,0,13,0
4,12,2.692928e6,-3.9343071807893097,-3.571726706309323,TIME_LIMIT,220242,0,0,17,0
4,12,2.693416e6,-3.9343071807893097,-3.571726706309323,TIME_LIMIT,220273,0,0,50,0
4,12,2.693901e6,-3.9343071807893097,-3.571726706309323,TIME_LIMIT,220324,0,0,28,0
4,12,2.694388e6,-3.9343071807893097,-3.571726706309323,TIME_LIMIT,220352,0,0,39,0
4,12,2.694873e6,-3.9343071807893097,-3.571726706309323,TIME_LIMIT,220404,0,0,32,0
4,12,2.695357e6,-3.9343071807893097,-3.571726706309323,TIME_LIMIT,220430,0,0,35,0
4,12,2.695843e6,-3.9342842814361965,-3.571726706309323,TIME_LIMIT,220480,0,0,26,0
4,12,2.696329e6,-3.9342842814361965,-3.571726706309323,TIME_LIMIT,220511,0,0,41,0
4,12,2.696815e6,-3.9342800027953895,-3.571726706309323,TIME_LIMIT,220567,0,0,35,0
4,12,2.697303e6,-3.9342800027953895,-3.571726706309323,TIME_LIMIT,220596,0,0,35,0
4,12,2.697789e6,-3.9342658567307236,-3.571726706309323,TIME_LIMIT,220646,0,0,35,0
4,12,2.698251e6,-3.9342658567307236,-3.571726706309323,TIME_LIMIT,220679,0,0,51,0
4,12,2.698738e6,-3.9342658567307236,-3.571726706309323,TIME_LIMIT,220723,0,0,29,0
4,12,2.699224e6,-3.9342658567307236,-3.571726706309323,TIME_LIMIT,220755,0,0,37,0
4,12,2.699709e6,-3.9341877316975493,-3.571726706309323,TIME_LIMIT,220805,0,0,29,0
4,12,2.700195e6,-3.9341877316975493,-3.571726706309323,TIME_LIMIT,220840,0,0,42,0
4,12,2.700681e6,-3.934136628987975,-3.571726706309323,TIME_LIMIT,220887,0,0,24,0
4,12,2.701168e6,-3.934136628987975,-3.571726706309323,TIME_LIMIT,220919,0,0,36,0
4,12,2.701653e6,-3.934136628987975,-3.571726706309323,TIME_LIMIT,220958,0,0,23,0
4,12,2.702138e6,-3.934136628987975,-3.571726706309323,TIME_LIMIT,220991,0,0,15,0
4,12,2.702623e6,-3.9341292690591767,-3.571726706309323,TIME_LIMIT,221037,0,0,26,0
4,12,2.70311e6,-3.9341292690591767,-3.571726706309323,TIME_LIMIT,221057,0,0,18,0
4,12,2.703595e6,-3.9341292690591767,-3.571726706309323,TIME_LIMIT,221108,0,0,31,0
4,12,2.704081e6,-3.9341292690591767,-3.571726706309323,TIME_LIMIT,221146,0,0,37,0
4,12,2.704566e6,-3.934127162032616,-3.571726706309323,TIME_LIMIT,221180,0,0,31,0
4,12,2.705054e6,-3.934127162032616,-3.571726706309323,TIME_LIMIT,221218,0,0,43,0
4,12,2.70554e6,-3.934127162032616,-3.571726706309323,TIME_LIMIT,221262,0,0,23,0
4,12,2.706025e6,-3.934127162032616,-3.571726706309323,TIME_LIMIT,221299,0,0,37,0
4,12,2.706511e6,-3.934127162032616,-3.571726706309323,TIME_LIMIT,221339,0,0,29,0
4,12,2.706997e6,-3.934127162032616,-3.571726706309323,TIME_LIMIT,221368,0,0,38,0
4,12,2.707484e6,-3.93411775964331,-3.571726706309323,TIME_LIMIT,221417,0,0,33,0
4,12,2.707972e6,-3.93411775964331,-3.571726706309323,TIME_LIMIT,221444,0,0,39,0
4,12,2.708457e6,-3.93411775964331,-3.571726706309323,TIME_LIMIT,221495,0,0,29,0
4,12,2.708918e6,-3.93411775964331,-3.571726706309323,TIME_LIMIT,221524,0,0,41,0
4,12,2.709404e6,-3.9340888519807065,-3.571726706309323,TIME_LIMIT,221579,0,0,29,0
4,12,2.70989e6,-3.9340888519807065,-3.571726706309323,TIME_LIMIT,221608,0,0,36,0
4,12,2.710375e6,-3.9340888519807065,-3.571726706309323,TIME_LIMIT,221648,0,0,30,0
4,12,2.710861e6,-3.9340888519807065,-3.571726706309323,TIME_LIMIT,221675,0,0,37,0
4,12,2.711348e6,-3.9340888519807065,-3.571726706309323,TIME_LIMIT,221723,0,0,31,0
4,12,2.711833e6,-3.9340888519807065,-3.571726706309323,TIME_LIMIT,221746,0,0,23,0
4,12,2.712318e6,-3.9340566234791847,-3.571726706309323,TIME_LIMIT,221797,0,0,29,0
4,12,2.712807e6,-3.9340566234791847,-3.571726706309323,TIME_LIMIT,221829,0,0,47,0
4,12,2.713293e6,-3.9340566234791847,-3.571726706309323,TIME_LIMIT,221878,0,0,32,0
4,12,2.713778e6,-3.9340566234791847,-3.571726706309323,TIME_LIMIT,221907,0,0,32,0
4,12,2.714265e6,-3.9340327566518933,-3.571726706309323,TIME_LIMIT,221963,0,0,30,0
4,12,2.714752e6,-3.9340327566518933,-3.571726706309323,TIME_LIMIT,222000,0,0,33,0
4,12,2.715238e6,-3.9340327566518933,-3.571726706309323,TIME_LIMIT,222047,0,0,28,0
4,12,2.715725e6,-3.9340327566518933,-3.571726706309323,TIME_LIMIT,222081,0,0,36,0
4,12,2.716213e6,-3.933970167150749,-3.571726706309323,TIME_LIMIT,222130,0,0,30,0
4,12,2.716699e6,-3.933970167150749,-3.571726706309323,TIME_LIMIT,222167,0,0,30,0
4,12,2.717214e6,-3.933970167150749,-3.571726706309323,TIME_LIMIT,222214,0,0,30,0
4,12,2.71771e6,-3.933970167150749,-3.571726706309323,TIME_LIMIT,222244,0,0,31,0
4,12,2.718196e6,-3.933961461023309,-3.571726706309323,TIME_LIMIT,222298,0,0,33,0
4,12,2.718681e6,-3.933961461023309,-3.571726706309323,TIME_LIMIT,222323,0,0,39,0
4,12,2.719143e6,-3.933961461023309,-3.571726706309323,TIME_LIMIT,222376,0,0,31,0
4,12,2.719629e6,-3.933961461023309,-3.571726706309323,TIME_LIMIT,222407,0,0,36,0
4,12,2.720115e6,-3.933929327057863,-3.571726706309323,TIME_LIMIT,222462,0,0,36,0
4,12,2.720602e6,-3.933929327057863,-3.571726706309323,TIME_LIMIT,222494,0,0,32,0
4,12,2.721089e6,-3.9339227192630646,-3.571726706309323,TIME_LIMIT,222531,0,0,28,0
4,12,2.721585e6,-3.9339227192630646,-3.571726706309323,TIME_LIMIT,222553,0,0,39,0
4,12,2.722073e6,-3.933899916943518,-3.571726706309323,TIME_LIMIT,222606,0,0,31,0
4,12,2.722559e6,-3.933899916943518,-3.571726706309323,TIME_LIMIT,222632,0,0,34,0
4,12,2.723043e6,-3.93386372972727,-3.571726706309323,TIME_LIMIT,222681,0,0,28,0
4,12,2.72353e6,-3.93386372972727,-3.571726706309323,TIME_LIMIT,222714,0,0,30,0
4,12,2.724016e6,-3.9338566159454698,-3.571726706309323,TIME_LIMIT,222763,0,0,22,0
4,12,2.724504e6,-3.9338566159454698,-3.571726706309323,TIME_LIMIT,222802,0,0,37,0
4,12,2.72499e6,-3.9338566159454698,-3.571726706309323,TIME_LIMIT,222840,0,0,28,0
4,12,2.725476e6,-3.9338566159454698,-3.571726706309323,TIME_LIMIT,222870,0,0,35,0
4,12,2.72596e6,-3.933836361754107,-3.571726706309323,TIME_LIMIT,222922,0,0,30,0
4,12,2.726447e6,-3.933836361754107,-3.571726706309323,TIME_LIMIT,222946,0,0,39,0
4,12,2.726933e6,-3.933836361754107,-3.571726706309323,TIME_LIMIT,222989,0,0,28,0
4,12,2.727419e6,-3.933836361754107,-3.571726706309323,TIME_LIMIT,223025,0,0,32,0
4,12,2.727906e6,-3.933836361754107,-3.571726706309323,TIME_LIMIT,223075,0,0,30,0
4,12,2.728392e6,-3.933836361754107,-3.571726706309323,TIME_LIMIT,223110,0,0,37,0
4,12,2.728854e6,-3.933836361754107,-3.571726706309323,TIME_LIMIT,223161,0,0,32,0
4,12,2.729342e6,-3.933836361754107,-3.571726706309323,TIME_LIMIT,223188,0,0,38,0
4,12,2.729826e6,-3.9337272421731044,-3.571726706309323,TIME_LIMIT,223227,0,0,29,0
4,12,2.730312e6,-3.9337272421731044,-3.571726706309323,TIME_LIMIT,223253,0,0,32,0
4,12,2.730797e6,-3.933712119464034,-3.571726706309323,TIME_LIMIT,223298,0,0,33,0
4,12,2.731283e6,-3.933712119464034,-3.571726706309323,TIME_LIMIT,223335,0,0,35,0
4,12,2.731769e6,-3.9337025862891273,-3.571726706309323,TIME_LIMIT,223376,0,0,29,0
4,12,2.732256e6,-3.9337025862891273,-3.571726706309323,TIME_LIMIT,223401,0,0,43,0
4,12,2.732741e6,-3.9337025862891273,-3.571726706309323,TIME_LIMIT,223456,0,0,32,0
4,12,2.733228e6,-3.9337025862891273,-3.571726706309323,TIME_LIMIT,223492,0,0,37,0
4,12,2.733714e6,-3.9337025862891273,-3.571726706309323,TIME_LIMIT,223547,0,0,34,0
4,12,2.7342e6,-3.9337025862891273,-3.571726706309323,TIME_LIMIT,223578,0,0,38,0
4,12,2.734685e6,-3.9336504616584493,-3.571726706309323,TIME_LIMIT,223626,0,0,28,0
4,12,2.73517e6,-3.9336504616584493,-3.571726706309323,TIME_LIMIT,223663,0,0,32,0
4,12,2.735656e6,-3.93358650748223,-3.571726706309323,TIME_LIMIT,223702,0,0,40,0
4,12,2.736142e6,-3.93358650748223,-3.571726706309323,TIME_LIMIT,223736,0,0,33,0
4,12,2.736628e6,-3.93358650748223,-3.571726706309323,TIME_LIMIT,223785,0,0,22,0
4,12,2.737113e6,-3.93358650748223,-3.571726706309323,TIME_LIMIT,223809,0,0,33,0
4,12,2.7376e6,-3.9335772958569595,-3.571726706309323,TIME_LIMIT,223857,0,0,24,0
4,12,2.738086e6,-3.9335772958569595,-3.571726706309323,TIME_LIMIT,223878,0,0,33,0
4,12,2.738548e6,-3.933567489092917,-3.571726706309323,TIME_LIMIT,223925,0,0,21,0
4,12,2.739034e6,-3.933567489092917,-3.571726706309323,TIME_LIMIT,223955,0,0,33,0
4,12,2.739521e6,-3.933567489092917,-3.571726706309323,TIME_LIMIT,224004,0,0,28,0
4,12,2.740007e6,-3.933567489092917,-3.571726706309323,TIME_LIMIT,224031,0,0,33,0
4,12,2.740491e6,-3.933567489092917,-3.571726706309323,TIME_LIMIT,224078,0,0,9,0
4,12,2.740978e6,-3.933567489092917,-3.571726706309323,TIME_LIMIT,224109,0,0,41,0
4,12,2.741466e6,-3.9335323009670544,-3.571726706309323,TIME_LIMIT,224160,0,0,29,0
4,12,2.74195e6,-3.9335323009670544,-3.571726706309323,TIME_LIMIT,224189,0,0,36,0
4,12,2.742438e6,-3.933486279833443,-3.571726706309323,TIME_LIMIT,224236,0,0,29,0
4,12,2.742923e6,-3.933486279833443,-3.571726706309323,TIME_LIMIT,224271,0,0,29,0
4,12,2.743408e6,-3.9334846493381392,-3.571726706309323,TIME_LIMIT,224310,0,0,30,0
4,12,2.743895e6,-3.9334846493381392,-3.571726706309323,TIME_LIMIT,224337,0,0,40,0
4,12,2.744382e6,-3.933476375698363,-3.571726706309323,TIME_LIMIT,224391,0,0,28,0
4,12,2.744869e6,-3.933476375698363,-3.571726706309323,TIME_LIMIT,224417,0,0,40,0
4,12,2.745358e6,-3.933432627271521,-3.571726706309323,TIME_LIMIT,224472,0,0,35,0
4,12,2.745846e6,-3.933432627271521,-3.571726706309323,TIME_LIMIT,224491,0,0,32,0
4,12,2.746331e6,-3.933328278019216,-3.571726706309323,TIME_LIMIT,224540,0,0,28,0
4,12,2.746818e6,-3.933328278019216,-3.571726706309323,TIME_LIMIT,224566,0,0,43,0
4,12,2.747303e6,-3.933328278019216,-3.571726706309323,TIME_LIMIT,224616,0,0,32,0
4,12,2.747764e6,-3.933328278019216,-3.571726706309323,TIME_LIMIT,224644,0,0,42,0
4,12,2.748248e6,-3.9333172966583545,-3.571726706309323,TIME_LIMIT,224696,0,0,31,0
4,12,2.748735e6,-3.9333172966583545,-3.571726706309323,TIME_LIMIT,224718,0,0,32,0
4,12,2.749223e6,-3.9333171742828306,-3.571726706309323,TIME_LIMIT,224766,0,0,31,0
4,12,2.74971e6,-3.9333171742828306,-3.571726706309323,TIME_LIMIT,224791,0,0,25,0
4,12,2.750195e6,-3.9333102674821463,-3.571726706309323,TIME_LIMIT,224843,0,0,32,0
4,12,2.750681e6,-3.9333102674821463,-3.571726706309323,TIME_LIMIT,224878,0,0,35,0
4,12,2.751168e6,-3.9333073094608495,-3.571726706309323,TIME_LIMIT,224914,0,0,33,0
4,12,2.751652e6,-3.9333073094608495,-3.571726706309323,TIME_LIMIT,224936,0,0,35,0
4,12,2.752137e6,-3.933304558683514,-3.571726706309323,TIME_LIMIT,224984,0,0,27,0
4,12,2.752631e6,-3.933304558683514,-3.571726706309323,TIME_LIMIT,225020,0,0,35,0
4,12,2.753143e6,-3.93326964370421,-3.571726706309323,TIME_LIMIT,225069,0,0,34,0
4,12,2.75363e6,-3.93326964370421,-3.571726706309323,TIME_LIMIT,225102,0,0,47,0
4,12,2.754117e6,-3.9332617236820915,-3.571726706309323,TIME_LIMIT,225152,0,0,23,0
4,12,2.754601e6,-3.9332617236820915,-3.571726706309323,TIME_LIMIT,225187,0,0,44,0
4,12,2.755088e6,-3.933255343692366,-3.571726706309323,TIME_LIMIT,225237,0,0,31,0
4,12,2.755573e6,-3.933255343692366,-3.571726706309323,TIME_LIMIT,225260,0,0,34,0
4,12,2.75606e6,-3.933255343692366,-3.571726706309323,TIME_LIMIT,225308,0,0,27,0
4,12,2.756547e6,-3.933255343692366,-3.571726706309323,TIME_LIMIT,225344,0,0,39,0
4,12,2.757007e6,-3.933224885625092,-3.571726706309323,TIME_LIMIT,225391,0,0,29,0
4,12,2.757511e6,-3.933224885625092,-3.571726706309323,TIME_LIMIT,225436,0,0,36,0
4,12,2.757999e6,-3.933167944849991,-3.571726706309323,TIME_LIMIT,225472,0,0,38,0
4,12,2.758487e6,-3.933167944849991,-3.571726706309323,TIME_LIMIT,225511,0,0,39,0
4,12,2.758974e6,-3.933167944849991,-3.571726706309323,TIME_LIMIT,225559,0,0,28,0
4,12,2.759461e6,-3.933167944849991,-3.571726706309323,TIME_LIMIT,225592,0,0,36,0
4,12,2.759947e6,-3.933167944849991,-3.571726706309323,TIME_LIMIT,225639,0,0,25,0
4,12,2.760433e6,-3.933167944849991,-3.571726706309323,TIME_LIMIT,225672,0,0,38,0
4,12,2.760918e6,-3.9331375805310658,-3.571726706309323,TIME_LIMIT,225717,0,0,32,0
4,12,2.761404e6,-3.9331375805310658,-3.571726706309323,TIME_LIMIT,225743,0,0,43,0
4,12,2.76189e6,-3.9331375805310658,-3.571726706309323,TIME_LIMIT,225793,0,0,32,0
4,12,2.762377e6,-3.9331375805310658,-3.571726706309323,TIME_LIMIT,225820,0,0,37,0
4,12,2.762863e6,-3.9331104878912484,-3.571726706309323,TIME_LIMIT,225873,0,0,27,0
4,12,2.763349e6,-3.9331104878912484,-3.571726706309323,TIME_LIMIT,225902,0,0,37,0
4,12,2.763837e6,-3.9331048516909117,-3.571726706309323,TIME_LIMIT,225951,0,0,28,0
4,12,2.764322e6,-3.9331048516909117,-3.571726706309323,TIME_LIMIT,225974,0,0,35,0
4,12,2.76481e6,-3.933088778162304,-3.571726706309323,TIME_LIMIT,226022,0,0,27,0
4,12,2.765296e6,-3.933088778162304,-3.571726706309323,TIME_LIMIT,226056,0,0,30,0
4,12,2.765757e6,-3.9330883316266476,-3.571726706309323,TIME_LIMIT,226111,0,0,28,0
4,12,2.766246e6,-3.9330883316266476,-3.571726706309323,TIME_LIMIT,226146,0,0,40,0
4,12,2.766731e6,-3.9330651900350637,-3.571726706309323,TIME_LIMIT,226197,0,0,31,0
4,12,2.767219e6,-3.9330651900350637,-3.571726706309323,TIME_LIMIT,226222,0,0,55,0
4,12,2.767706e6,-3.933027798366383,-3.571726706309323,TIME_LIMIT,226275,0,0,34,0
4,12,2.768195e6,-3.933027798366383,-3.571726706309323,TIME_LIMIT,226304,0,0,33,0
4,12,2.768679e6,-3.93299897703967,-3.571726706309323,TIME_LIMIT,226348,0,0,30,0
4,12,2.769176e6,-3.93299897703967,-3.571726706309323,TIME_LIMIT,226387,0,0,36,0
4,12,2.769694e6,-3.93299897703967,-3.571726706309323,TIME_LIMIT,226429,0,0,39,0
4,12,2.77018e6,-3.93299897703967,-3.571726706309323,TIME_LIMIT,226453,0,0,40,0
4,12,2.770666e6,-3.9329884624458935,-3.571726706309323,TIME_LIMIT,226505,0,0,20,0
4,12,2.771155e6,-3.9329884624458935,-3.571726706309323,TIME_LIMIT,226530,0,0,29,0
4,12,2.771641e6,-3.9329837793015896,-3.571726706309323,TIME_LIMIT,226583,0,0,31,0
4,12,2.772128e6,-3.9329837793015896,-3.571726706309323,TIME_LIMIT,226611,0,0,29,0
4,12,2.772616e6,-3.9329837793015896,-3.571726706309323,TIME_LIMIT,226662,0,0,22,0
4,12,2.773103e6,-3.9329837793015896,-3.571726706309323,TIME_LIMIT,226702,0,0,37,0
4,12,2.773602e6,-3.9329837793015896,-3.571726706309323,TIME_LIMIT,226737,0,0,29,0
4,12,2.774087e6,-3.9329837793015896,-3.571726706309323,TIME_LIMIT,226763,0,0,29,0
4,12,2.774549e6,-3.93290898434018,-3.571726706309323,TIME_LIMIT,226816,0,0,34,0
4,12,2.775037e6,-3.93290898434018,-3.571726706309323,TIME_LIMIT,226850,0,0,29,0
4,12,2.775524e6,-3.93290898434018,-3.571726706309323,TIME_LIMIT,226889,0,0,11,0
4,12,2.776013e6,-3.93290898434018,-3.571726706309323,TIME_LIMIT,226924,0,0,24,0
4,12,2.776501e6,-3.93290898434018,-3.571726706309323,TIME_LIMIT,226977,0,0,23,0
4,12,2.776988e6,-3.93290898434018,-3.571726706309323,TIME_LIMIT,227022,0,0,32,0
4,12,2.777478e6,-3.9329047602687113,-3.571726706309323,TIME_LIMIT,227053,0,0,32,0
4,12,2.777964e6,-3.9329047602687113,-3.571726706309323,TIME_LIMIT,227077,0,0,32,0
4,12,2.778451e6,-3.9328585679405057,-3.571726706309323,TIME_LIMIT,227129,0,0,31,0
4,12,2.778937e6,-3.9328585679405057,-3.571726706309323,TIME_LIMIT,227157,0,0,27,0
4,12,2.779422e6,-3.9328585679405057,-3.571726706309323,TIME_LIMIT,227197,0,0,24,0
4,12,2.779908e6,-3.9328585679405057,-3.571726706309323,TIME_LIMIT,227228,0,0,30,0
4,12,2.780393e6,-3.9328235484781344,-3.571726706309323,TIME_LIMIT,227270,0,0,28,0
4,12,2.780878e6,-3.9328235484781344,-3.571726706309323,TIME_LIMIT,227292,0,0,20,0
4,12,2.781365e6,-3.9328114423166367,-3.571726706309323,TIME_LIMIT,227343,0,0,33,0
4,12,2.781853e6,-3.9328114423166367,-3.571726706309323,TIME_LIMIT,227376,0,0,44,0
4,12,2.78234e6,-3.9328074721195194,-3.571726706309323,TIME_LIMIT,227419,0,0,34,0
4,12,2.782827e6,-3.9328074721195194,-3.571726706309323,TIME_LIMIT,227445,0,0,40,0
4,12,2.783289e6,-3.9328074721195194,-3.571726706309323,TIME_LIMIT,227489,0,0,23,0
4,12,2.783775e6,-3.9328074721195194,-3.571726706309323,TIME_LIMIT,227526,0,0,33,0
4,12,2.784261e6,-3.9328074721195194,-3.571726706309323,TIME_LIMIT,227569,0,0,31,0
4,12,2.784747e6,-3.9328074721195194,-3.571726706309323,TIME_LIMIT,227594,0,0,38,0
4,12,2.785233e6,-3.9328040174295342,-3.571726706309323,TIME_LIMIT,227642,0,0,26,0
4,12,2.785719e6,-3.9328040174295342,-3.571726706309323,TIME_LIMIT,227663,0,0,36,0
4,12,2.786206e6,-3.9328034931209643,-3.571726706309323,TIME_LIMIT,227714,0,0,30,0
4,12,2.786694e6,-3.9328034931209643,-3.571726706309323,TIME_LIMIT,227748,0,0,39,0
4,12,2.78718e6,-3.9328034931209643,-3.571726706309323,TIME_LIMIT,227796,0,0,34,0
4,12,2.787668e6,-3.9328034931209643,-3.571726706309323,TIME_LIMIT,227819,0,0,27,0
4,12,2.788156e6,-3.9328034931209643,-3.571726706309323,TIME_LIMIT,227866,0,0,22,0
4,12,2.788643e6,-3.9328034931209643,-3.571726706309323,TIME_LIMIT,227890,0,0,41,0
4,12,2.78913e6,-3.9328034931209643,-3.571726706309323,TIME_LIMIT,227941,0,0,19,0
4,12,2.789616e6,-3.9328034931209643,-3.571726706309323,TIME_LIMIT,227979,0,0,34,0
4,12,2.790102e6,-3.9328034931209643,-3.571726706309323,TIME_LIMIT,228019,0,0,26,0
4,12,2.790591e6,-3.9328034931209643,-3.571726706309323,TIME_LIMIT,228055,0,0,35,0
4,12,2.791076e6,-3.9327414175310063,-3.571726706309323,TIME_LIMIT,228099,0,0,28,0
4,12,2.791537e6,-3.9327414175310063,-3.571726706309323,TIME_LIMIT,228122,0,0,31,0
4,12,2.792021e6,-3.932740204646253,-3.571726706309323,TIME_LIMIT,228166,0,0,26,0
4,12,2.792511e6,-3.932740204646253,-3.571726706309323,TIME_LIMIT,228185,0,0,43,0
4,12,2.792998e6,-3.932740204646253,-3.571726706309323,TIME_LIMIT,228235,0,0,15,0
4,12,2.793485e6,-3.932740204646253,-3.571726706309323,TIME_LIMIT,228274,0,0,38,0
4,12,2.79397e6,-3.9327221570890982,-3.571726706309323,TIME_LIMIT,228311,0,0,37,0
4,12,2.794458e6,-3.9327221570890982,-3.571726706309323,TIME_LIMIT,228348,0,0,29,0
4,12,2.794947e6,-3.9327221570890982,-3.571726706309323,TIME_LIMIT,228393,0,0,36,0
4,12,2.795434e6,-3.9327221570890982,-3.571726706309323,TIME_LIMIT,228422,0,0,12,0
4,12,2.795922e6,-3.9327179666997227,-3.571726706309323,TIME_LIMIT,228472,0,0,30,0
4,12,2.796409e6,-3.9327179666997227,-3.571726706309323,TIME_LIMIT,228501,0,0,41,0
4,12,2.796895e6,-3.9327175134099828,-3.571726706309323,TIME_LIMIT,228551,0,0,27,0
4,12,2.797384e6,-3.9327175134099828,-3.571726706309323,TIME_LIMIT,228580,0,0,17,0
4,12,2.797869e6,-3.9327175134099828,-3.571726706309323,TIME_LIMIT,228628,0,0,29,0
4,12,2.798356e6,-3.9327175134099828,-3.571726706309323,TIME_LIMIT,228668,0,0,33,0
4,12,2.798842e6,-3.9327175134099828,-3.571726706309323,TIME_LIMIT,228707,0,0,37,0
4,12,2.799329e6,-3.9327175134099828,-3.571726706309323,TIME_LIMIT,228731,0,0,34,0
4,12,2.799791e6,-3.93270503803071,-3.571726706309323,TIME_LIMIT,228782,0,0,34,0
4,12,2.800278e6,-3.93270503803071,-3.571726706309323,TIME_LIMIT,228820,0,0,30,0
4,12,2.800764e6,-3.9326996128717573,-3.571726706309323,TIME_LIMIT,228864,0,0,32,0
4,12,2.801253e6,-3.9326996128717573,-3.571726706309323,TIME_LIMIT,228899,0,0,26,0
4,12,2.801742e6,-3.9326890687201033,-3.571726706309323,TIME_LIMIT,228942,0,0,29,0
4,12,2.802228e6,-3.9326890687201033,-3.571726706309323,TIME_LIMIT,228981,0,0,34,0
4,12,2.802714e6,-3.9326767252272616,-3.571726706309323,TIME_LIMIT,229013,0,0,21,0
4,12,2.8032e6,-3.9326767252272616,-3.571726706309323,TIME_LIMIT,229040,0,0,41,0
4,12,2.803686e6,-3.93267245572769,-3.571726706309323,TIME_LIMIT,229096,0,0,37,0
4,12,2.804174e6,-3.93267245572769,-3.571726706309323,TIME_LIMIT,229120,0,0,43,0
4,12,2.804661e6,-3.932652998530254,-3.571726706309323,TIME_LIMIT,229176,0,0,39,0
4,12,2.805146e6,-3.932652998530254,-3.571726706309323,TIME_LIMIT,229205,0,0,41,0
4,12,2.805634e6,-3.9326442993293544,-3.571726706309323,TIME_LIMIT,229255,0,0,31,0
4,12,2.80612e6,-3.9326442993293544,-3.571726706309323,TIME_LIMIT,229294,0,0,38,0
4,12,2.806605e6,-3.932631007654443,-3.571726706309323,TIME_LIMIT,229329,0,0,34,0
4,12,2.807093e6,-3.932631007654443,-3.571726706309323,TIME_LIMIT,229362,0,0,35,0
4,12,2.807579e6,-3.932620452052394,-3.571726706309323,TIME_LIMIT,229408,0,0,26,0
4,12,2.808043e6,-3.932620452052394,-3.571726706309323,TIME_LIMIT,229431,0,0,38,0
4,12,2.808529e6,-3.932585862408527,-3.571726706309323,TIME_LIMIT,229483,0,0,26,0
4,12,2.809017e6,-3.932585862408527,-3.571726706309323,TIME_LIMIT,229528,0,0,40,0
4,12,2.809505e6,-3.9325345909861875,-3.571726706309323,TIME_LIMIT,229563,0,0,42,0
4,12,2.809993e6,-3.9325345909861875,-3.571726706309323,TIME_LIMIT,229597,0,0,49,0
4,12,2.810482e6,-3.9324879804346375,-3.571726706309323,TIME_LIMIT,229635,0,0,24,0
4,12,2.810969e6,-3.9324879804346375,-3.571726706309323,TIME_LIMIT,229664,0,0,33,0
4,12,2.811455e6,-3.9324879804346375,-3.571726706309323,TIME_LIMIT,229711,0,0,21,0
4,12,2.811943e6,-3.9324879804346375,-3.571726706309323,TIME_LIMIT,229747,0,0,27,0
4,12,2.812429e6,-3.932472136092062,-3.571726706309323,TIME_LIMIT,229791,0,0,28,0
4,12,2.812916e6,-3.932472136092062,-3.571726706309323,TIME_LIMIT,229836,0,0,33,0
4,12,2.813403e6,-3.932472136092062,-3.571726706309323,TIME_LIMIT,229878,0,0,26,0
4,12,2.81389e6,-3.932472136092062,-3.571726706309323,TIME_LIMIT,229911,0,0,31,0
4,12,2.814376e6,-3.932472136092062,-3.571726706309323,TIME_LIMIT,229966,0,0,29,0
4,12,2.814862e6,-3.932472136092062,-3.571726706309323,TIME_LIMIT,229996,0,0,37,0
4,12,2.815347e6,-3.932472136092062,-3.571726706309323,TIME_LIMIT,230039,0,0,28,0
4,12,2.815833e6,-3.932472136092062,-3.571726706309323,TIME_LIMIT,230064,0,0,32,0
4,12,2.816345e6,-3.9324595136654423,-3.571726706309323,TIME_LIMIT,230111,0,0,23,0
4,12,2.81683e6,-3.9324595136654423,-3.571726706309323,TIME_LIMIT,230136,0,0,11,0
4,12,2.817318e6,-3.932443740701932,-3.571726706309323,TIME_LIMIT,230186,0,0,26,0
4,12,2.817807e6,-3.932443740701932,-3.571726706309323,TIME_LIMIT,230205,0,0,37,0
4,12,2.818294e6,-3.9324134945942792,-3.571726706309323,TIME_LIMIT,230262,0,0,35,0
4,12,2.81878e6,-3.9324134945942792,-3.571726706309323,TIME_LIMIT,230291,0,0,41,0
4,12,2.819268e6,-3.9324134945942792,-3.571726706309323,TIME_LIMIT,230331,0,0,34,0
4,12,2.819753e6,-3.9324134945942792,-3.571726706309323,TIME_LIMIT,230352,0,0,45,0
4,12,2.820242e6,-3.9324134945942792,-3.571726706309323,TIME_LIMIT,230398,0,0,32,0
4,12,2.820729e6,-3.9324134945942792,-3.571726706309323,TIME_LIMIT,230421,0,0,24,0
4,12,2.821215e6,-3.9324134945942792,-3.571726706309323,TIME_LIMIT,230472,0,0,28,0
4,12,2.82174e6,-3.9324134945942792,-3.571726706309323,TIME_LIMIT,230491,0,0,42,0
4,12,2.822227e6,-3.9324134945942792,-3.571726706309323,TIME_LIMIT,230538,0,0,29,0
4,12,2.822713e6,-3.9324134945942792,-3.571726706309323,TIME_LIMIT,230563,0,0,37,0
4,12,2.823199e6,-3.9324134945942792,-3.571726706309323,TIME_LIMIT,230615,0,0,34,0
4,12,2.823661e6,-3.9324134945942792,-3.571726706309323,TIME_LIMIT,230640,0,0,24,0
4,12,2.82415e6,-3.9324134945942792,-3.571726706309323,TIME_LIMIT,230700,0,0,24,0
4,12,2.824636e6,-3.9324134945942792,-3.571726706309323,TIME_LIMIT,230723,0,0,42,0
4,12,2.825123e6,-3.9323910068425856,-3.571726706309323,TIME_LIMIT,230772,0,0,29,0
4,12,2.825621e6,-3.9323910068425856,-3.571726706309323,TIME_LIMIT,230806,0,0,31,0
4,12,2.826108e6,-3.9323511132196467,-3.571726706309323,TIME_LIMIT,230853,0,0,28,0
4,12,2.826594e6,-3.9323511132196467,-3.571726706309323,TIME_LIMIT,230882,0,0,28,0
4,12,2.82708e6,-3.9323511132196467,-3.571726706309323,TIME_LIMIT,230927,0,0,32,0
4,12,2.827567e6,-3.9323511132196467,-3.571726706309323,TIME_LIMIT,230954,0,0,25,0
4,12,2.828055e6,-3.9323511132196467,-3.571726706309323,TIME_LIMIT,231006,0,0,34,0
4,12,2.828541e6,-3.9323511132196467,-3.571726706309323,TIME_LIMIT,231028,0,0,30,0
4,12,2.829027e6,-3.93234385695064,-3.571726706309323,TIME_LIMIT,231079,0,0,33,0
4,12,2.829514e6,-3.93234385695064,-3.571726706309323,TIME_LIMIT,231107,0,0,40,0
4,12,2.83e6,-3.9323053195697306,-3.571726706309323,TIME_LIMIT,231166,0,0,36,0
4,12,2.830487e6,-3.9323053195697306,-3.571726706309323,TIME_LIMIT,231203,0,0,29,0
4,12,2.830948e6,-3.932293494597879,-3.571726706309323,TIME_LIMIT,231238,0,0,33,0
4,12,2.831435e6,-3.932293494597879,-3.571726706309323,TIME_LIMIT,231261,0,0,32,0
4,12,2.83192e6,-3.932287809532117,-3.571726706309323,TIME_LIMIT,231312,0,0,29,0
4,12,2.832406e6,-3.932287809532117,-3.571726706309323,TIME_LIMIT,231347,0,0,36,0
4,12,2.832894e6,-3.932287809532117,-3.571726706309323,TIME_LIMIT,231391,0,0,32,0
4,12,2.833382e6,-3.932287809532117,-3.571726706309323,TIME_LIMIT,231414,0,0,35,0
4,12,2.833869e6,-3.932287809532117,-3.571726706309323,TIME_LIMIT,231465,0,0,32,0
4,12,2.834356e6,-3.932287809532117,-3.571726706309323,TIME_LIMIT,231502,0,0,37,0
4,12,2.834843e6,-3.932287809532117,-3.571726706309323,TIME_LIMIT,231553,0,0,31,0
4,12,2.835328e6,-3.932287809532117,-3.571726706309323,TIME_LIMIT,231572,0,0,21,0
4,12,2.835814e6,-3.932272697186261,-3.571726706309323,TIME_LIMIT,231622,0,0,30,0
4,12,2.836301e6,-3.932272697186261,-3.571726706309323,TIME_LIMIT,231648,0,0,39,0
4,12,2.836786e6,-3.9322717584452724,-3.571726706309323,TIME_LIMIT,231697,0,0,30,0
4,12,2.837274e6,-3.9322717584452724,-3.571726706309323,TIME_LIMIT,231733,0,0,32,0
4,12,2.837761e6,-3.9322717584452724,-3.571726706309323,TIME_LIMIT,231779,0,0,29,0
4,12,2.838223e6,-3.9322717584452724,-3.571726706309323,TIME_LIMIT,231808,0,0,42,0
4,12,2.83871e6,-3.9322380669772983,-3.571726706309323,TIME_LIMIT,231858,0,0,26,0
4,12,2.839195e6,-3.9322380669772983,-3.571726706309323,TIME_LIMIT,231892,0,0,38,0
4,12,2.839681e6,-3.932230229600565,-3.571726706309323,TIME_LIMIT,231944,0,0,30,0
4,12,2.840166e6,-3.932230229600565,-3.571726706309323,TIME_LIMIT,231970,0,0,36,0
4,12,2.840653e6,-3.932230229600565,-3.571726706309323,TIME_LIMIT,232018,0,0,30,0
4,12,2.841139e6,-3.932230229600565,-3.571726706309323,TIME_LIMIT,232045,0,0,37,0
4,12,2.841625e6,-3.932230229600565,-3.571726706309323,TIME_LIMIT,232095,0,0,30,0
4,12,2.842111e6,-3.932230229600565,-3.571726706309323,TIME_LIMIT,232125,0,0,16,0
4,12,2.842597e6,-3.9322288451751612,-3.571726706309323,TIME_LIMIT,232179,0,0,17,0
4,12,2.843083e6,-3.9322288451751612,-3.571726706309323,TIME_LIMIT,232213,0,0,24,0
4,12,2.843569e6,-3.9322288451751612,-3.571726706309323,TIME_LIMIT,232263,0,0,29,0
4,12,2.844056e6,-3.9322288451751612,-3.571726706309323,TIME_LIMIT,232296,0,0,24,0
4,12,2.844542e6,-3.9322288451751612,-3.571726706309323,TIME_LIMIT,232336,0,0,38,0
4,12,2.845027e6,-3.9322288451751612,-3.571726706309323,TIME_LIMIT,232370,0,0,31,0
4,12,2.845514e6,-3.932222014281387,-3.571726706309323,TIME_LIMIT,232421,0,0,32,0
4,12,2.845979e6,-3.932222014281387,-3.571726706309323,TIME_LIMIT,232454,0,0,49,0
4,12,2.846466e6,-3.9322089089369228,-3.571726706309323,TIME_LIMIT,232514,0,0,18,0
4,12,2.846955e6,-3.9322089089369228,-3.571726706309323,TIME_LIMIT,232545,0,0,40,0
4,12,2.847442e6,-3.932204595969095,-3.571726706309323,TIME_LIMIT,232605,0,0,22,0
4,12,2.847928e6,-3.932204595969095,-3.571726706309323,TIME_LIMIT,232635,0,0,37,0
4,12,2.848414e6,-3.932203951361567,-3.571726706309323,TIME_LIMIT,232679,0,0,20,0
4,12,2.848901e6,-3.932203951361567,-3.571726706309323,TIME_LIMIT,232713,0,0,39,0
4,12,2.849388e6,-3.932203951361567,-3.571726706309323,TIME_LIMIT,232767,0,0,32,0
4,12,2.849877e6,-3.932203951361567,-3.571726706309323,TIME_LIMIT,232790,0,0,20,0
4,12,2.850363e6,-3.9321885751942554,-3.571726706309323,TIME_LIMIT,232845,0,0,31,0
4,12,2.850851e6,-3.9321885751942554,-3.571726706309323,TIME_LIMIT,232874,0,0,50,0
4,12,2.851339e6,-3.9321885751942554,-3.571726706309323,TIME_LIMIT,232921,0,0,27,0
4,12,2.851825e6,-3.9321885751942554,-3.571726706309323,TIME_LIMIT,232950,0,0,22,0
4,12,2.852312e6,-3.9321814698852022,-3.571726706309323,TIME_LIMIT,232995,0,0,31,0
4,12,2.852774e6,-3.9321814698852022,-3.571726706309323,TIME_LIMIT,233032,0,0,18,0
4,12,2.853261e6,-3.9321814698852022,-3.571726706309323,TIME_LIMIT,233076,0,0,26,0
4,12,2.85375e6,-3.9321814698852022,-3.571726706309323,TIME_LIMIT,233097,0,0,28,0
4,12,2.854236e6,-3.9321446013877623,-3.571726706309323,TIME_LIMIT,233145,0,0,21,0
4,12,2.854723e6,-3.9321446013877623,-3.571726706309323,TIME_LIMIT,233169,0,0,35,0
4,12,2.855211e6,-3.9321343332634497,-3.571726706309323,TIME_LIMIT,233224,0,0,28,0
4,12,2.855699e6,-3.9321343332634497,-3.571726706309323,TIME_LIMIT,233248,0,0,43,0
4,12,2.856185e6,-3.932115887800093,-3.571726706309323,TIME_LIMIT,233296,0,0,30,0
4,12,2.85667e6,-3.932115887800093,-3.571726706309323,TIME_LIMIT,233322,0,0,30,0
4,12,2.857156e6,-3.9320987479601257,-3.571726706309323,TIME_LIMIT,233371,0,0,25,0
4,12,2.857645e6,-3.9320987479601257,-3.571726706309323,TIME_LIMIT,233407,0,0,31,0
4,12,2.858133e6,-3.9320987479601257,-3.571726706309323,TIME_LIMIT,233451,0,0,30,0
4,12,2.858621e6,-3.9320987479601257,-3.571726706309323,TIME_LIMIT,233478,0,0,37,0
4,12,2.859107e6,-3.9320987479601257,-3.571726706309323,TIME_LIMIT,233526,0,0,26,0
4,12,2.859596e6,-3.9320987479601257,-3.571726706309323,TIME_LIMIT,233559,0,0,38,0
4,12,2.860058e6,-3.932069254759792,-3.571726706309323,TIME_LIMIT,233608,0,0,27,0
4,12,2.860545e6,-3.932069254759792,-3.571726706309323,TIME_LIMIT,233640,0,0,28,0
4,12,2.861035e6,-3.932034213447562,-3.571726706309323,TIME_LIMIT,233681,0,0,39,0
4,12,2.861522e6,-3.932034213447562,-3.571726706309323,TIME_LIMIT,233722,0,0,37,0
4,12,2.86201e6,-3.9320235215546218,-3.571726706309323,TIME_LIMIT,233761,0,0,37,0
4,12,2.8625e6,-3.9320235215546218,-3.571726706309323,TIME_LIMIT,233799,0,0,34,0
4,12,2.862987e6,-3.9320235215546218,-3.571726706309323,TIME_LIMIT,233854,0,0,31,0
4,12,2.863474e6,-3.9320235215546218,-3.571726706309323,TIME_LIMIT,233879,0,0,32,0
4,12,2.86396e6,-3.9320235215546218,-3.571726706309323,TIME_LIMIT,233926,0,0,25,0
4,12,2.864446e6,-3.9320235215546218,-3.571726706309323,TIME_LIMIT,233959,0,0,33,0
4,12,2.864933e6,-3.932009959708119,-3.571726706309323,TIME_LIMIT,234003,0,0,21,0
4,12,2.865421e6,-3.932009959708119,-3.571726706309323,TIME_LIMIT,234029,0,0,39,0
4,12,2.865908e6,-3.932009959708119,-3.571726706309323,TIME_LIMIT,234085,0,0,35,0
4,12,2.866395e6,-3.932009959708119,-3.571726706309323,TIME_LIMIT,234111,0,0,42,0
4,12,2.866882e6,-3.9319863059765647,-3.571726706309323,TIME_LIMIT,234163,0,0,32,0
4,12,2.867344e6,-3.9319863059765647,-3.571726706309323,TIME_LIMIT,234194,0,0,23,0
4,12,2.867832e6,-3.9319863059765647,-3.571726706309323,TIME_LIMIT,234243,0,0,34,0
4,12,2.868319e6,-3.9319863059765647,-3.571726706309323,TIME_LIMIT,234279,0,0,34,0
4,12,2.868806e6,-3.931981719001056,-3.571726706309323,TIME_LIMIT,234321,0,0,30,0
4,12,2.86929e6,-3.931981719001056,-3.571726706309323,TIME_LIMIT,234345,0,0,37,0
4,12,2.869776e6,-3.931859325115659,-3.571726706309323,TIME_LIMIT,234401,0,0,32,0
4,12,2.870263e6,-3.931859325115659,-3.571726706309323,TIME_LIMIT,234433,0,0,34,0
4,12,2.870749e6,-3.931859325115659,-3.571726706309323,TIME_LIMIT,234472,0,0,25,0
4,12,2.871234e6,-3.931859325115659,-3.571726706309323,TIME_LIMIT,234509,0,0,34,0
4,12,2.87172e6,-3.931859325115659,-3.571726706309323,TIME_LIMIT,234561,0,0,29,0
4,12,2.872205e6,-3.931859325115659,-3.571726706309323,TIME_LIMIT,234581,0,0,35,0
4,12,2.872691e6,-3.931859325115659,-3.571726706309323,TIME_LIMIT,234632,0,0,29,0
4,12,2.873177e6,-3.931859325115659,-3.571726706309323,TIME_LIMIT,234656,0,0,35,0
4,12,2.873718e6,-3.9318592856142995,-3.571726706309323,TIME_LIMIT,234702,0,0,27,0
4,12,2.874181e6,-3.9318592856142995,-3.571726706309323,TIME_LIMIT,234729,0,0,47,0
4,12,2.874669e6,-3.9318592856142995,-3.571726706309323,TIME_LIMIT,234781,0,0,22,0
4,12,2.875156e6,-3.9318592856142995,-3.571726706309323,TIME_LIMIT,234820,0,0,26,0
4,12,2.875641e6,-3.9318592856142995,-3.571726706309323,TIME_LIMIT,234863,0,0,29,0
4,12,2.876125e6,-3.9318592856142995,-3.571726706309323,TIME_LIMIT,234881,0,0,17,0
4,12,2.876613e6,-3.9318575974838565,-3.571726706309323,TIME_LIMIT,234929,0,0,19,0
4,12,2.877101e6,-3.9318575974838565,-3.571726706309323,TIME_LIMIT,234956,0,0,19,0
4,12,2.877601e6,-3.9318575974838565,-3.571726706309323,TIME_LIMIT,234999,0,0,28,0
4,12,2.878089e6,-3.9318575974838565,-3.571726706309323,TIME_LIMIT,235027,0,0,41,0
4,12,2.878575e6,-3.9317963473685946,-3.571726706309323,TIME_LIMIT,235077,0,0,32,0
4,12,2.879064e6,-3.9317963473685946,-3.571726706309323,TIME_LIMIT,235106,0,0,45,0
4,12,2.879551e6,-3.9317963473685946,-3.571726706309323,TIME_LIMIT,235158,0,0,32,0
4,12,2.880038e6,-3.9317963473685946,-3.571726706309323,TIME_LIMIT,235187,0,0,34,0
4,12,2.880526e6,-3.9317204763411637,-3.571726706309323,TIME_LIMIT,235237,0,0,31,0
4,12,2.880988e6,-3.9317204763411637,-3.571726706309323,TIME_LIMIT,235269,0,0,39,0
4,12,2.881474e6,-3.9317204763411637,-3.571726706309323,TIME_LIMIT,235319,0,0,30,0
4,12,2.881962e6,-3.9317204763411637,-3.571726706309323,TIME_LIMIT,235356,0,0,30,0
4,12,2.882448e6,-3.931710120811163,-3.571726706309323,TIME_LIMIT,235411,0,0,32,0
4,12,2.882935e6,-3.931710120811163,-3.571726706309323,TIME_LIMIT,235433,0,0,36,0
4,12,2.883421e6,-3.9316641681599727,-3.571726706309323,TIME_LIMIT,235479,0,0,27,0
4,12,2.883908e6,-3.9316641681599727,-3.571726706309323,TIME_LIMIT,235500,0,0,35,0
4,12,2.884394e6,-3.931637662397585,-3.571726706309323,TIME_LIMIT,235550,0,0,33,0
4,12,2.884879e6,-3.931637662397585,-3.571726706309323,TIME_LIMIT,235578,0,0,28,0
4,12,2.885365e6,-3.931615048399777,-3.571726706309323,TIME_LIMIT,235623,0,0,17,0
4,12,2.885853e6,-3.931615048399777,-3.571726706309323,TIME_LIMIT,235647,0,0,39,0
4,12,2.886339e6,-3.931614920209509,-3.571726706309323,TIME_LIMIT,235701,0,0,17,0
4,12,2.886828e6,-3.931614920209509,-3.571726706309323,TIME_LIMIT,235734,0,0,38,0
4,12,2.887313e6,-3.9315996673899485,-3.571726706309323,TIME_LIMIT,235783,0,0,26,0
4,12,2.887775e6,-3.9315996673899485,-3.571726706309323,TIME_LIMIT,235809,0,0,19,0
4,12,2.888262e6,-3.9315996673899485,-3.571726706309323,TIME_LIMIT,235861,0,0,23,0
4,12,2.888749e6,-3.9315996673899485,-3.571726706309323,TIME_LIMIT,235897,0,0,31,0
4,12,2.889236e6,-3.9315851225008593,-3.571726706309323,TIME_LIMIT,235944,0,0,26,0
4,12,2.889724e6,-3.9315851225008593,-3.571726706309323,TIME_LIMIT,235969,0,0,35,0
4,12,2.890212e6,-3.9315831838186774,-3.571726706309323,TIME_LIMIT,236018,0,0,17,0
4,12,2.890697e6,-3.9315831838186774,-3.571726706309323,TIME_LIMIT,236054,0,0,32,0
4,12,2.891184e6,-3.9315575066285153,-3.571726706309323,TIME_LIMIT,236105,0,0,29,0
4,12,2.891672e6,-3.9315575066285153,-3.571726706309323,TIME_LIMIT,236134,0,0,43,0
4,12,2.89216e6,-3.9315569372369943,-3.571726706309323,TIME_LIMIT,236186,0,0,31,0
4,12,2.892648e6,-3.9315569372369943,-3.571726706309323,TIME_LIMIT,236211,0,0,42,0
4,12,2.893136e6,-3.931501464458534,-3.571726706309323,TIME_LIMIT,236262,0,0,29,0
4,12,2.893624e6,-3.931501464458534,-3.571726706309323,TIME_LIMIT,236284,0,0,21,0
4,12,2.894113e6,-3.931501464458534,-3.571726706309323,TIME_LIMIT,236334,0,0,31,0
4,12,2.894576e6,-3.931501464458534,-3.571726706309323,TIME_LIMIT,236359,0,0,33,0
4,12,2.895064e6,-3.931501464458534,-3.571726706309323,TIME_LIMIT,236413,0,0,31,0
4,12,2.895551e6,-3.931501464458534,-3.571726706309323,TIME_LIMIT,236448,0,0,37,0
4,12,2.896038e6,-3.931501464458534,-3.571726706309323,TIME_LIMIT,236500,0,0,30,0
4,12,2.896526e6,-3.931501464458534,-3.571726706309323,TIME_LIMIT,236523,0,0,27,0
4,12,2.897014e6,-3.931501464458534,-3.571726706309323,TIME_LIMIT,236572,0,0,24,0
4,12,2.8975e6,-3.931501464458534,-3.571726706309323,TIME_LIMIT,236604,0,0,34,0
4,12,2.897988e6,-3.9314732716460687,-3.571726706309323,TIME_LIMIT,236652,0,0,35,0
4,12,2.898473e6,-3.9314732716460687,-3.571726706309323,TIME_LIMIT,236677,0,0,26,0
4,12,2.898958e6,-3.9314489094294984,-3.571726706309323,TIME_LIMIT,236725,0,0,28,0
4,12,2.899446e6,-3.9314489094294984,-3.571726706309323,TIME_LIMIT,236762,0,0,23,0
4,12,2.899933e6,-3.9314489094294984,-3.571726706309323,TIME_LIMIT,236813,0,0,29,0
4,12,2.90042e6,-3.9314489094294984,-3.571726706309323,TIME_LIMIT,236849,0,0,32,0
4,12,2.900906e6,-3.931443097959878,-3.571726706309323,TIME_LIMIT,236891,0,0,30,0
4,12,2.901369e6,-3.931443097959878,-3.571726706309323,TIME_LIMIT,236929,0,0,42,0
4,12,2.901858e6,-3.931420573244156,-3.571726706309323,TIME_LIMIT,236975,0,0,23,0
4,12,2.902347e6,-3.931420573244156,-3.571726706309323,TIME_LIMIT,237014,0,0,38,0
4,12,2.902834e6,-3.931420573244156,-3.571726706309323,TIME_LIMIT,237063,0,0,10,0
4,12,2.903322e6,-3.931420573244156,-3.571726706309323,TIME_LIMIT,237108,0,0,33,0
4,12,2.90381e6,-3.931372222227006,-3.571726706309323,TIME_LIMIT,237149,0,0,40,0
4,12,2.904296e6,-3.931372222227006,-3.571726706309323,TIME_LIMIT,237177,0,0,35,0
4,12,2.90478e6,-3.931315302259588,-3.571726706309323,TIME_LIMIT,237220,0,0,27,0
4,12,2.905267e6,-3.931315302259588,-3.571726706309323,TIME_LIMIT,237250,0,0,39,0
4,12,2.905756e6,-3.931315302259588,-3.571726706309323,TIME_LIMIT,237302,0,0,30,0
4,12,2.906243e6,-3.931315302259588,-3.571726706309323,TIME_LIMIT,237337,0,0,38,0
4,12,2.90673e6,-3.93131234261138,-3.571726706309323,TIME_LIMIT,237388,0,0,25,0
4,12,2.907218e6,-3.93131234261138,-3.571726706309323,TIME_LIMIT,237419,0,0,31,0
4,12,2.907681e6,-3.931303396794427,-3.571726706309323,TIME_LIMIT,237472,0,0,18,0
4,12,2.90817e6,-3.931303396794427,-3.571726706309323,TIME_LIMIT,237511,0,0,20,0
4,12,2.908655e6,-3.931278295107056,-3.571726706309323,TIME_LIMIT,237559,0,0,31,0
4,12,2.909143e6,-3.931278295107056,-3.571726706309323,TIME_LIMIT,237593,0,0,37,0
4,12,2.909631e6,-3.9312728597704245,-3.571726706309323,TIME_LIMIT,237638,0,0,28,0
4,12,2.910119e6,-3.9312728597704245,-3.571726706309323,TIME_LIMIT,237676,0,0,37,0
4,12,2.910604e6,-3.9312453841717128,-3.571726706309323,TIME_LIMIT,237727,0,0,30,0
4,12,2.911089e6,-3.9312453841717128,-3.571726706309323,TIME_LIMIT,237753,0,0,26,0
4,12,2.911574e6,-3.9312453841717128,-3.571726706309323,TIME_LIMIT,237803,0,0,24,0
4,12,2.91206e6,-3.9312453841717128,-3.571726706309323,TIME_LIMIT,237835,0,0,34,0
4,12,2.912547e6,-3.9312453841717128,-3.571726706309323,TIME_LIMIT,237880,0,0,33,0
4,12,2.913035e6,-3.9312453841717128,-3.571726706309323,TIME_LIMIT,237900,0,0,34,0
4,12,2.913521e6,-3.9312453841717128,-3.571726706309323,TIME_LIMIT,237947,0,0,22,0
4,12,2.913982e6,-3.9312453841717128,-3.571726706309323,TIME_LIMIT,237977,0,0,24,0
4,12,2.914469e6,-3.9312453841717128,-3.571726706309323,TIME_LIMIT,238027,0,0,28,0
4,12,2.914956e6,-3.9312453841717128,-3.571726706309323,TIME_LIMIT,238056,0,0,32,0
4,12,2.915441e6,-3.9312453841717128,-3.571726706309323,TIME_LIMIT,238095,0,0,26,0
4,12,2.91595e6,-3.9312453841717128,-3.571726706309323,TIME_LIMIT,238120,0,0,25,0
4,12,2.916446e6,-3.9312423920083295,-3.571726706309323,TIME_LIMIT,238166,0,0,23,0
4,12,2.916934e6,-3.9312423920083295,-3.571726706309323,TIME_LIMIT,238196,0,0,37,0
4,12,2.91742e6,-3.9312423920083295,-3.571726706309323,TIME_LIMIT,238249,0,0,17,0
4,12,2.917907e6,-3.9312423920083295,-3.571726706309323,TIME_LIMIT,238288,0,0,35,0
4,12,2.918402e6,-3.9312124841381055,-3.571726706309323,TIME_LIMIT,238335,0,0,40,0
4,12,2.918889e6,-3.9312124841381055,-3.571726706309323,TIME_LIMIT,238368,0,0,17,0
4,12,2.919377e6,-3.9311759497733707,-3.571726706309323,TIME_LIMIT,238409,0,0,38,0
4,12,2.919864e6,-3.9311759497733707,-3.571726706309323,TIME_LIMIT,238440,0,0,16,0
4,12,2.920328e6,-3.9311759497733707,-3.571726706309323,TIME_LIMIT,238491,0,0,29,0
4,12,2.920814e6,-3.9311759497733707,-3.571726706309323,TIME_LIMIT,238531,0,0,33,0
4,12,2.921299e6,-3.9311759497733707,-3.571726706309323,TIME_LIMIT,238566,0,0,31,0
4,12,2.921788e6,-3.9311759497733707,-3.571726706309323,TIME_LIMIT,238595,0,0,37,0
4,12,2.922276e6,-3.931160509205066,-3.571726706309323,TIME_LIMIT,238650,0,0,37,0
4,12,2.922764e6,-3.931160509205066,-3.571726706309323,TIME_LIMIT,238676,0,0,36,0
4,12,2.923252e6,-3.931160509205066,-3.571726706309323,TIME_LIMIT,238729,0,0,31,0
4,12,2.92374e6,-3.931160509205066,-3.571726706309323,TIME_LIMIT,238772,0,0,36,0
4,12,2.924227e6,-3.931160509205066,-3.571726706309323,TIME_LIMIT,238824,0,0,31,0
4,12,2.924714e6,-3.931160509205066,-3.571726706309323,TIME_LIMIT,238852,0,0,31,0
4,12,2.925201e6,-3.931160509205066,-3.571726706309323,TIME_LIMIT,238907,0,0,31,0
4,12,2.925727e6,-3.931160509205066,-3.571726706309323,TIME_LIMIT,238939,0,0,39,0
4,12,2.926215e6,-3.931097857673638,-3.571726706309323,TIME_LIMIT,238993,0,0,33,0
4,12,2.926678e6,-3.931097857673638,-3.571726706309323,TIME_LIMIT,239024,0,0,25,0
4,12,2.927166e6,-3.931097857673638,-3.571726706309323,TIME_LIMIT,239073,0,0,29,0
4,12,2.927653e6,-3.931097857673638,-3.571726706309323,TIME_LIMIT,239109,0,0,33,0
4,12,2.92814e6,-3.931097857673638,-3.571726706309323,TIME_LIMIT,239149,0,0,24,0
4,12,2.928627e6,-3.931097857673638,-3.571726706309323,TIME_LIMIT,239183,0,0,31,0
4,12,2.929113e6,-3.931088577415068,-3.571726706309323,TIME_LIMIT,239231,0,0,26,0
4,12,2.929614e6,-3.931088577415068,-3.571726706309323,TIME_LIMIT,239256,0,0,28,0
4,12,2.930099e6,-3.931088577415068,-3.571726706309323,TIME_LIMIT,239299,0,0,29,0
4,12,2.930588e6,-3.931088577415068,-3.571726706309323,TIME_LIMIT,239333,0,0,34,0
4,12,2.931075e6,-3.931088577415068,-3.571726706309323,TIME_LIMIT,239368,0,0,26,0
4,12,2.931564e6,-3.931088577415068,-3.571726706309323,TIME_LIMIT,239396,0,0,31,0
4,12,2.932053e6,-3.931088577415068,-3.571726706309323,TIME_LIMIT,239447,0,0,33,0
4,12,2.932539e6,-3.931088577415068,-3.571726706309323,TIME_LIMIT,239467,0,0,32,0
4,12,2.933002e6,-3.931088577415068,-3.571726706309323,TIME_LIMIT,239514,0,0,32,0
4,12,2.933487e6,-3.931088577415068,-3.571726706309323,TIME_LIMIT,239545,0,0,31,0
4,12,2.933976e6,-3.9310796304864275,-3.571726706309323,TIME_LIMIT,239590,0,0,10,0
4,12,2.934462e6,-3.9310796304864275,-3.571726706309323,TIME_LIMIT,239613,0,0,37,0
4,12,2.934949e6,-3.9310796304864275,-3.571726706309323,TIME_LIMIT,239660,0,0,26,0
4,12,2.935435e6,-3.9310796304864275,-3.571726706309323,TIME_LIMIT,239687,0,0,29,0
4,12,2.935921e6,-3.931078490777194,-3.571726706309323,TIME_LIMIT,239737,0,0,29,0
4,12,2.936409e6,-3.931078490777194,-3.571726706309323,TIME_LIMIT,239779,0,0,35,0
4,12,2.936894e6,-3.931078490777194,-3.571726706309323,TIME_LIMIT,239816,0,0,25,0
4,12,2.937383e6,-3.931078490777194,-3.571726706309323,TIME_LIMIT,239844,0,0,39,0
4,12,2.937871e6,-3.931076670462607,-3.571726706309323,TIME_LIMIT,239895,0,0,29,0
4,12,2.938358e6,-3.931076670462607,-3.571726706309323,TIME_LIMIT,239925,0,0,28,0
4,12,2.938843e6,-3.931072005017452,-3.571726706309323,TIME_LIMIT,239974,0,0,29,0
4,12,2.939308e6,-3.931072005017452,-3.571726706309323,TIME_LIMIT,240011,0,0,31,0
4,12,2.939795e6,-3.931072005017452,-3.571726706309323,TIME_LIMIT,240063,0,0,22,0
4,12,2.940283e6,-3.931072005017452,-3.571726706309323,TIME_LIMIT,240098,0,0,36,0
4,12,2.94077e6,-3.931072005017452,-3.571726706309323,TIME_LIMIT,240141,0,0,23,0
4,12,2.941257e6,-3.931072005017452,-3.571726706309323,TIME_LIMIT,240173,0,0,25,0
4,12,2.941744e6,-3.931072005017452,-3.571726706309323,TIME_LIMIT,240214,0,0,10,0
4,12,2.942232e6,-3.931072005017452,-3.571726706309323,TIME_LIMIT,240256,0,0,33,0
4,12,2.942719e6,-3.931072005017452,-3.571726706309323,TIME_LIMIT,240302,0,0,33,0
4,12,2.943206e6,-3.931072005017452,-3.571726706309323,TIME_LIMIT,240345,0,0,23,0
4,12,2.943694e6,-3.93104552218175,-3.571726706309323,TIME_LIMIT,240383,0,0,30,0
4,12,2.944182e6,-3.93104552218175,-3.571726706309323,TIME_LIMIT,240405,0,0,35,0
4,12,2.944669e6,-3.9310427010383573,-3.571726706309323,TIME_LIMIT,240457,0,0,24,0
4,12,2.945131e6,-3.9310427010383573,-3.571726706309323,TIME_LIMIT,240484,0,0,40,0
4,12,2.945619e6,-3.931039891809857,-3.571726706309323,TIME_LIMIT,240534,0,0,26,0
4,12,2.946106e6,-3.931039891809857,-3.571726706309323,TIME_LIMIT,240559,0,0,20,0
4,12,2.946594e6,-3.931039891809857,-3.571726706309323,TIME_LIMIT,240609,0,0,32,0
4,12,2.947081e6,-3.931039891809857,-3.571726706309323,TIME_LIMIT,240638,0,0,39,0
4,12,2.947568e6,-3.9310340615370603,-3.571726706309323,TIME_LIMIT,240685,0,0,31,0
4,12,2.948055e6,-3.9310340615370603,-3.571726706309323,TIME_LIMIT,240718,0,0,31,0
4,12,2.948543e6,-3.9310340615370603,-3.571726706309323,TIME_LIMIT,240762,0,0,32,0
4,12,2.94903e6,-3.9310340615370603,-3.571726706309323,TIME_LIMIT,240788,0,0,33,0
4,12,2.949517e6,-3.9310340615370603,-3.571726706309323,TIME_LIMIT,240838,0,0,29,0
4,12,2.950004e6,-3.9310340615370603,-3.571726706309323,TIME_LIMIT,240863,0,0,31,0
4,12,2.950493e6,-3.931002712848044,-3.571726706309323,TIME_LIMIT,240911,0,0,28,0
4,12,2.95098e6,-3.931002712848044,-3.571726706309323,TIME_LIMIT,240945,0,0,48,0
4,12,2.951444e6,-3.931002712848044,-3.571726706309323,TIME_LIMIT,240994,0,0,25,0
4,12,2.951932e6,-3.931002712848044,-3.571726706309323,TIME_LIMIT,241032,0,0,37,0
4,12,2.952418e6,-3.931002712848044,-3.571726706309323,TIME_LIMIT,241073,0,0,28,0
4,12,2.952903e6,-3.931002712848044,-3.571726706309323,TIME_LIMIT,241100,0,0,34,0
4,12,2.95339e6,-3.930996225572527,-3.571726706309323,TIME_LIMIT,241150,0,0,28,0
4,12,2.95388e6,-3.930996225572527,-3.571726706309323,TIME_LIMIT,241180,0,0,45,0
4,12,2.954365e6,-3.930996225572527,-3.571726706309323,TIME_LIMIT,241218,0,0,30,0
4,12,2.954851e6,-3.930996225572527,-3.571726706309323,TIME_LIMIT,241248,0,0,38,0
4,12,2.955337e6,-3.930996225572527,-3.571726706309323,TIME_LIMIT,241299,0,0,34,0
4,12,2.955825e6,-3.930996225572527,-3.571726706309323,TIME_LIMIT,241322,0,0,36,0
4,12,2.956312e6,-3.9309612426876446,-3.571726706309323,TIME_LIMIT,241379,0,0,34,0
4,12,2.956799e6,-3.9309612426876446,-3.571726706309323,TIME_LIMIT,241421,0,0,25,0
4,12,2.95726e6,-3.9309226547016323,-3.571726706309323,TIME_LIMIT,241450,0,0,36,0
4,12,2.95775e6,-3.9309226547016323,-3.571726706309323,TIME_LIMIT,241488,0,0,31,0
4,12,2.958237e6,-3.930854157685328,-3.571726706309323,TIME_LIMIT,241537,0,0,31,0
4,12,2.958726e6,-3.930854157685328,-3.571726706309323,TIME_LIMIT,241568,0,0,29,0
4,12,2.959213e6,-3.9308056776856968,-3.571726706309323,TIME_LIMIT,241619,0,0,31,0
4,12,2.9597e6,-3.9308056776856968,-3.571726706309323,TIME_LIMIT,241652,0,0,34,0
4,12,2.960189e6,-3.9308056776856968,-3.571726706309323,TIME_LIMIT,241697,0,0,30,0
4,12,2.960676e6,-3.9308056776856968,-3.571726706309323,TIME_LIMIT,241721,0,0,40,0
4,12,2.961164e6,-3.9307997529491967,-3.571726706309323,TIME_LIMIT,241764,0,0,29,0
4,12,2.961653e6,-3.9307997529491967,-3.571726706309323,TIME_LIMIT,241785,0,0,51,0
4,12,2.96214e6,-3.93079251858177,-3.571726706309323,TIME_LIMIT,241835,0,0,32,0
4,12,2.962626e6,-3.93079251858177,-3.571726706309323,TIME_LIMIT,241861,0,0,33,0
4,12,2.963087e6,-3.9307882567683117,-3.571726706309323,TIME_LIMIT,241903,0,0,26,0
4,12,2.963577e6,-3.9307882567683117,-3.571726706309323,TIME_LIMIT,241931,0,0,47,0
4,12,2.964065e6,-3.9307882567683117,-3.571726706309323,TIME_LIMIT,241982,0,0,31,0
4,12,2.964553e6,-3.9307882567683117,-3.571726706309323,TIME_LIMIT,242012,0,0,31,0
4,12,2.965041e6,-3.9307658346034096,-3.571726706309323,TIME_LIMIT,242062,0,0,32,0
4,12,2.965529e6,-3.9307658346034096,-3.571726706309323,TIME_LIMIT,242098,0,0,29,0
4,12,2.966016e6,-3.9307658346034096,-3.571726706309323,TIME_LIMIT,242145,0,0,31,0
4,12,2.966505e6,-3.9307658346034096,-3.571726706309323,TIME_LIMIT,242171,0,0,33,0
4,12,2.966992e6,-3.9307658346034096,-3.571726706309323,TIME_LIMIT,242221,0,0,25,0
4,12,2.967482e6,-3.9307658346034096,-3.571726706309323,TIME_LIMIT,242259,0,0,33,0
4,12,2.96797e6,-3.9307658346034096,-3.571726706309323,TIME_LIMIT,242318,0,0,31,0
4,12,2.96846e6,-3.9307658346034096,-3.571726706309323,TIME_LIMIT,242360,0,0,39,0
4,12,2.968947e6,-3.9307405272099114,-3.571726706309323,TIME_LIMIT,242407,0,0,29,0
4,12,2.96941e6,-3.9307405272099114,-3.571726706309323,TIME_LIMIT,242433,0,0,49,0
4,12,2.969898e6,-3.93073892741218,-3.571726706309323,TIME_LIMIT,242486,0,0,29,0
4,12,2.970385e6,-3.93073892741218,-3.571726706309323,TIME_LIMIT,242529,0,0,32,0
4,12,2.970872e6,-3.930725360595172,-3.571726706309323,TIME_LIMIT,242567,0,0,41,0
4,12,2.971358e6,-3.930725360595172,-3.571726706309323,TIME_LIMIT,242602,0,0,35,0
4,12,2.971846e6,-3.9307209864589114,-3.571726706309323,TIME_LIMIT,242648,0,0,29,0
4,12,2.972331e6,-3.9307209864589114,-3.571726706309323,TIME_LIMIT,242682,0,0,34,0
4,12,2.972819e6,-3.930720839583575,-3.571726706309323,TIME_LIMIT,242717,0,0,34,0
4,12,2.973307e6,-3.930720839583575,-3.571726706309323,TIME_LIMIT,242749,0,0,32,0
4,12,2.973794e6,-3.930720839583575,-3.571726706309323,TIME_LIMIT,242793,0,0,31,0
4,12,2.974282e6,-3.930720839583575,-3.5782838484303436,TIME_LIMIT,242819,0,0,32,0
4,12,2.974747e6,-3.930720839583575,-3.5782838484303436,TIME_LIMIT,242869,0,0,30,0
4,12,2.975237e6,-3.930720839583575,-3.5782838484303436,TIME_LIMIT,242901,0,0,42,0
4,12,2.975723e6,-3.93070865828496,-3.5782838484303436,TIME_LIMIT,242955,0,0,17,0
4,12,2.97621e6,-3.93070865828496,-3.5782838484303436,TIME_LIMIT,242986,0,0,43,0
4,12,2.976698e6,-3.930706564763805,-3.5782838484303436,TIME_LIMIT,243038,0,0,31,0
4,12,2.977185e6,-3.930706564763805,-3.5782838484303436,TIME_LIMIT,243068,0,0,37,0
4,12,2.977685e6,-3.9307037478675864,-3.5782838484303436,TIME_LIMIT,243119,0,0,26,0
4,12,2.978197e6,-3.9307037478675864,-3.5782838484303436,TIME_LIMIT,243152,0,0,13,0
4,12,2.978684e6,-3.9307037478675864,-3.5782838484303436,TIME_LIMIT,243195,0,0,26,0
4,12,2.979171e6,-3.9307037478675864,-3.5782838484303436,TIME_LIMIT,243242,0,0,27,0
4,12,2.979658e6,-3.930698962908083,-3.5782838484303436,TIME_LIMIT,243287,0,0,33,0
4,12,2.980144e6,-3.930698962908083,-3.5782838484303436,TIME_LIMIT,243315,0,0,40,0
4,12,2.980608e6,-3.9306952893094325,-3.5782838484303436,TIME_LIMIT,243365,0,0,34,0
4,12,2.981095e6,-3.9306952893094325,-3.5782838484303436,TIME_LIMIT,243393,0,0,39,0
4,12,2.981584e6,-3.930691909556674,-3.5782838484303436,TIME_LIMIT,243445,0,0,36,0
4,12,2.982084e6,-3.930691909556674,-3.5782838484303436,TIME_LIMIT,243480,0,0,31,0
4,12,2.98257e6,-3.930691909556674,-3.5782838484303436,TIME_LIMIT,243528,0,0,31,0
4,12,2.983058e6,-3.930691909556674,-3.5782838484303436,TIME_LIMIT,243560,0,0,35,0
4,12,2.983557e6,-3.930654234063524,-3.5782838484303436,TIME_LIMIT,243607,0,0,25,0
4,12,2.984046e6,-3.930654234063524,-3.5782838484303436,TIME_LIMIT,243638,0,0,36,0
4,12,2.984531e6,-3.930580241245612,-3.5782838484303436,TIME_LIMIT,243691,0,0,32,0
4,12,2.985021e6,-3.930580241245612,-3.5782838484303436,TIME_LIMIT,243725,0,0,41,0
4,12,2.985509e6,-3.930580241245612,-3.5782838484303436,TIME_LIMIT,243778,0,0,31,0
4,12,2.985995e6,-3.930580241245612,-3.5782838484303436,TIME_LIMIT,243800,0,0,19,0
4,12,2.986458e6,-3.930580241245612,-3.5782838484303436,TIME_LIMIT,243847,0,0,28,0
4,12,2.986945e6,-3.930580241245612,-3.5782838484303436,TIME_LIMIT,243877,0,0,33,0
4,12,2.987433e6,-3.930580241245612,-3.5782838484303436,TIME_LIMIT,243928,0,0,39,0
4,12,2.98792e6,-3.930580241245612,-3.5782838484303436,TIME_LIMIT,243956,0,0,36,0
4,12,2.988408e6,-3.930580241245612,-3.5782838484303436,TIME_LIMIT,244006,0,0,28,0
4,12,2.988896e6,-3.930580241245612,-3.5782838484303436,TIME_LIMIT,244040,0,0,27,0
4,12,2.989385e6,-3.9305718626035357,-3.5782838484303436,TIME_LIMIT,244092,0,0,11,0
4,12,2.989871e6,-3.9305718626035357,-3.5782838484303436,TIME_LIMIT,244120,0,0,29,0
4,12,2.990358e6,-3.9305622961610083,-3.5782838484303436,TIME_LIMIT,244165,0,0,19,0
4,12,2.990846e6,-3.9305622961610083,-3.5782838484303436,TIME_LIMIT,244186,0,0,33,0
4,12,2.991333e6,-3.930561473200654,-3.5782838484303436,TIME_LIMIT,244236,0,0,24,0
4,12,2.991822e6,-3.930561473200654,-3.5782838484303436,TIME_LIMIT,244262,0,0,31,0
4,12,2.992284e6,-3.9305465725594284,-3.5782838484303436,TIME_LIMIT,244305,0,0,24,0
4,12,2.992771e6,-3.9305465725594284,-3.5782838484303436,TIME_LIMIT,244328,0,0,36,0
4,12,2.993258e6,-3.9305309950129947,-3.5782838484303436,TIME_LIMIT,244379,0,0,22,0
4,12,2.993745e6,-3.9305309950129947,-3.5782838484303436,TIME_LIMIT,244400,0,0,38,0
4,12,2.994233e6,-3.9305239164233594,-3.5782838484303436,TIME_LIMIT,244453,0,0,31,0
4,12,2.994721e6,-3.9305239164233594,-3.5782838484303436,TIME_LIMIT,244489,0,0,25,0
4,12,2.995208e6,-3.9305239164233594,-3.5782838484303436,TIME_LIMIT,244528,0,0,24,0
4,12,2.995696e6,-3.9305239164233594,-3.5782838484303436,TIME_LIMIT,244566,0,0,40,0
4,12,2.996184e6,-3.9305168026993482,-3.5782838484303436,TIME_LIMIT,244619,0,0,33,0
4,12,2.996671e6,-3.9305168026993482,-3.5782838484303436,TIME_LIMIT,244652,0,0,24,0
4,12,2.997158e6,-3.930477667426733,-3.5782838484303436,TIME_LIMIT,244701,0,0,28,0
4,12,2.99762e6,-3.930477667426733,-3.5782838484303436,TIME_LIMIT,244734,0,0,36,0
4,12,2.998106e6,-3.930473202047007,-3.5782838484303436,TIME_LIMIT,244781,0,0,29,0
4,12,2.998593e6,-3.930473202047007,-3.5782838484303436,TIME_LIMIT,244809,0,0,44,0
4,12,2.99908e6,-3.9304609812139857,-3.5782838484303436,TIME_LIMIT,244853,0,0,30,0
4,12,2.999567e6,-3.9304609812139857,-3.5782838484303436,TIME_LIMIT,244890,0,0,37,0
4,12,3.000054e6,-3.930454645596163,-3.5782838484303436,TIME_LIMIT,244941,0,0,29,0
4,12,3.000541e6,-3.930454645596163,-3.5782838484303436,TIME_LIMIT,244962,0,0,38,0
4,12,3.001027e6,-3.930400328150829,-3.5782838484303436,TIME_LIMIT,245013,0,0,27,0
4,12,3.001514e6,-3.930400328150829,-3.5782838484303436,TIME_LIMIT,245034,0,0,28,0
4,12,3.002002e6,-3.9303802899571894,-3.5782838484303436,TIME_LIMIT,245088,0,0,35,0
4,12,3.002492e6,-3.9303802899571894,-3.5782838484303436,TIME_LIMIT,245111,0,0,13,0
4,12,3.002979e6,-3.9303802899571894,-3.5782838484303436,TIME_LIMIT,245149,0,0,24,0
4,12,3.003441e6,-3.9303802899571894,-3.5782838484303436,TIME_LIMIT,245176,0,0,34,0
4,12,3.003929e6,-3.9303565385432093,-3.5782838484303436,TIME_LIMIT,245220,0,0,30,0
4,12,3.004417e6,-3.9303565385432093,-3.5782838484303436,TIME_LIMIT,245252,0,0,49,0
4,12,3.004904e6,-3.9303565385432093,-3.5782838484303436,TIME_LIMIT,245301,0,0,30,0
4,12,3.005392e6,-3.9303565385432093,-3.5782838484303436,TIME_LIMIT,245334,0,0,37,0
4,12,3.005881e6,-3.93034660982743,-3.5782838484303436,TIME_LIMIT,245384,0,0,33,0
4,12,3.006368e6,-3.93034660982743,-3.5782838484303436,TIME_LIMIT,245411,0,0,32,0
4,12,3.006853e6,-3.9303339113487192,-3.5782838484303436,TIME_LIMIT,245459,0,0,29,0
4,12,3.00734e6,-3.9303339113487192,-3.5782838484303436,TIME_LIMIT,245483,0,0,35,0
4,12,3.007826e6,-3.9303339113487192,-3.5782838484303436,TIME_LIMIT,245531,0,0,27,0
4,12,3.008313e6,-3.9303339113487192,-3.5782838484303436,TIME_LIMIT,245567,0,0,44,0
4,12,3.008777e6,-3.9303297115825457,-3.5782838484303436,TIME_LIMIT,245612,0,0,28,0
4,12,3.009265e6,-3.9303297115825457,-3.5782838484303436,TIME_LIMIT,245636,0,0,32,0
4,12,3.009754e6,-3.9303033222516754,-3.5782838484303436,TIME_LIMIT,245689,0,0,29,0
4,12,3.010242e6,-3.9303033222516754,-3.5782838484303436,TIME_LIMIT,245714,0,0,32,0
4,12,3.010729e6,-3.9303033222516754,-3.5782838484303436,TIME_LIMIT,245760,0,0,23,0
4,12,3.011219e6,-3.9303033222516754,-3.5782838484303436,TIME_LIMIT,245796,0,0,32,0
4,12,3.011707e6,-3.930295554763782,-3.5782838484303436,TIME_LIMIT,245836,0,0,24,0
4,12,3.012195e6,-3.930295554763782,-3.5782838484303436,TIME_LIMIT,245868,0,0,25,0
4,12,3.012684e6,-3.9302714630759645,-3.5782838484303436,TIME_LIMIT,245916,0,0,27,0
4,12,3.013175e6,-3.9302714630759645,-3.5782838484303436,TIME_LIMIT,245949,0,0,40,0
4,12,3.013664e6,-3.9302714630759645,-3.5782838484303436,TIME_LIMIT,245997,0,0,19,0
4,12,3.014129e6,-3.9302714630759645,-3.5782838484303436,TIME_LIMIT,246015,0,0,25,0
4,12,3.014617e6,-3.930253005749898,-3.5782838484303436,TIME_LIMIT,246067,0,0,30,0
4,12,3.015105e6,-3.930253005749898,-3.5782838484303436,TIME_LIMIT,246093,0,0,32,0
4,12,3.015593e6,-3.930239306625924,-3.5782838484303436,TIME_LIMIT,246144,0,0,15,0
4,12,3.01608e6,-3.930239306625924,-3.5782838484303436,TIME_LIMIT,246171,0,0,46,0
4,12,3.016567e6,-3.930239306625924,-3.5782838484303436,TIME_LIMIT,246222,0,0,31,0
4,12,3.017055e6,-3.930239306625924,-3.5782838484303436,TIME_LIMIT,246255,0,0,25,0
4,12,3.017543e6,-3.930239306625924,-3.5782838484303436,TIME_LIMIT,246307,0,0,30,0
4,12,3.018032e6,-3.930239306625924,-3.5782838484303436,TIME_LIMIT,246343,0,0,39,0
4,12,3.01852e6,-3.930230042027011,-3.5782838484303436,TIME_LIMIT,246389,0,0,32,0
4,12,3.019006e6,-3.930230042027011,-3.5782838484303436,TIME_LIMIT,246427,0,0,33,0
4,12,3.019492e6,-3.9301770474713296,-3.5782838484303436,TIME_LIMIT,246468,0,0,27,0
4,12,3.019954e6,-3.9301770474713296,-3.5782838484303436,TIME_LIMIT,246502,0,0,24,0
4,12,3.020441e6,-3.9301770474713296,-3.5782838484303436,TIME_LIMIT,246546,0,0,24,0
4,12,3.020929e6,-3.9301770474713296,-3.5782838484303436,TIME_LIMIT,246584,0,0,20,0
4,12,3.021415e6,-3.930173153242214,-3.5782838484303436,TIME_LIMIT,246624,0,0,25,0
4,12,3.021905e6,-3.930173153242214,-3.5782838484303436,TIME_LIMIT,246647,0,0,43,0
4,12,3.022392e6,-3.930173153242214,-3.5782838484303436,TIME_LIMIT,246697,0,0,33,0
4,12,3.022879e6,-3.930173153242214,-3.5782838484303436,TIME_LIMIT,246731,0,0,20,0
4,12,3.023367e6,-3.930173153242214,-3.5782838484303436,TIME_LIMIT,246783,0,0,24,0
4,12,3.023854e6,-3.930173153242214,-3.5782838484303436,TIME_LIMIT,246818,0,0,31,0
4,12,3.024341e6,-3.930173153242214,-3.5782838484303436,TIME_LIMIT,246866,0,0,31,0
4,12,3.024829e6,-3.930173153242214,-3.5782838484303436,TIME_LIMIT,246891,0,0,32,0
4,12,3.025291e6,-3.930173153242214,-3.5782838484303436,TIME_LIMIT,246937,0,0,28,0
4,12,3.02578e6,-3.930173153242214,-3.5782838484303436,TIME_LIMIT,246965,0,0,33,0
4,12,3.026267e6,-3.9301507093482058,-3.5782838484303436,TIME_LIMIT,247016,0,0,26,0
4,12,3.026757e6,-3.9301507093482058,-3.5782838484303436,TIME_LIMIT,247044,0,0,33,0
4,12,3.027244e6,-3.9301507093482058,-3.5782838484303436,TIME_LIMIT,247098,0,0,20,0
4,12,3.027732e6,-3.9301507093482058,-3.5782838484303436,TIME_LIMIT,247117,0,0,31,0
4,12,3.028219e6,-3.9301507093482058,-3.5782838484303436,TIME_LIMIT,247171,0,0,15,0
4,12,3.028707e6,-3.9301507093482058,-3.5782838484303436,TIME_LIMIT,247206,0,0,31,0
4,12,3.029195e6,-3.9301507093482058,-3.5782838484303436,TIME_LIMIT,247241,0,0,25,0
4,12,3.029688e6,-3.9301507093482058,-3.5782838484303436,TIME_LIMIT,247270,0,0,33,0
4,12,3.030211e6,-3.9301507093482058,-3.5782838484303436,TIME_LIMIT,247320,0,0,31,0
4,12,3.030674e6,-3.9301507093482058,-3.5782838484303436,TIME_LIMIT,247353,0,0,27,0
4,12,3.031164e6,-3.930135604256251,-3.5782838484303436,TIME_LIMIT,247404,0,0,7,0
4,12,3.031652e6,-3.930135604256251,-3.5782838484303436,TIME_LIMIT,247426,0,0,36,0
4,12,3.03214e6,-3.930126775304401,-3.5782838484303436,TIME_LIMIT,247473,0,0,26,0
4,12,3.032628e6,-3.930126775304401,-3.5782838484303436,TIME_LIMIT,247499,0,0,38,0
4,12,3.033118e6,-3.9300610317083224,-3.5782838484303436,TIME_LIMIT,247550,0,0,31,0
4,12,3.033605e6,-3.9300610317083224,-3.5782838484303436,TIME_LIMIT,247578,0,0,39,0
4,12,3.034108e6,-3.9300610317083224,-3.5782838484303436,TIME_LIMIT,247624,0,0,27,0
4,12,3.034596e6,-3.9300610317083224,-3.5782838484303436,TIME_LIMIT,247653,0,0,11,0
4,12,3.035083e6,-3.9300397954027915,-3.5782838484303436,TIME_LIMIT,247691,0,0,21,0
4,12,3.035573e6,-3.9300397954027915,-3.5782838484303436,TIME_LIMIT,247721,0,0,42,0
4,12,3.036036e6,-3.9300352731606942,-3.5782838484303436,TIME_LIMIT,247771,0,0,28,0
4,12,3.036525e6,-3.9300352731606942,-3.5782838484303436,TIME_LIMIT,247800,0,0,41,0
4,12,3.037012e6,-3.93003017381944,-3.5782838484303436,TIME_LIMIT,247852,0,0,35,0
4,12,3.037501e6,-3.93003017381944,-3.5782838484303436,TIME_LIMIT,247879,0,0,21,0
4,12,3.037991e6,-3.9300154085012484,-3.5782838484303436,TIME_LIMIT,247926,0,0,27,0
4,12,3.038479e6,-3.9300154085012484,-3.5782838484303436,TIME_LIMIT,247958,0,0,45,0
4,12,3.038967e6,-3.9299941505964555,-3.5782838484303436,TIME_LIMIT,248003,0,0,31,0
4,12,3.039455e6,-3.9299941505964555,-3.5782838484303436,TIME_LIMIT,248035,0,0,41,0
4,12,3.039942e6,-3.9299941505964555,-3.5782838484303436,TIME_LIMIT,248088,0,0,29,0
4,12,3.04043e6,-3.9299941505964555,-3.5782838484303436,TIME_LIMIT,248119,0,0,42,0
4,12,3.040916e6,-3.929985296226043,-3.5782838484303436,TIME_LIMIT,248163,0,0,29,0
4,12,3.041379e6,-3.929985296226043,-3.5782838484303436,TIME_LIMIT,248199,0,0,34,0
4,12,3.041866e6,-3.929979891356268,-3.5782838484303436,TIME_LIMIT,248236,0,0,30,0
4,12,3.042354e6,-3.929979891356268,-3.5782838484303436,TIME_LIMIT,248257,0,0,34,0
4,12,3.042842e6,-3.9299574455577386,-3.5782838484303436,TIME_LIMIT,248307,0,0,30,0
4,12,3.043329e6,-3.9299574455577386,-3.5782838484303436,TIME_LIMIT,248350,0,0,33,0
4,12,3.043816e6,-3.9299511621410215,-3.5782838484303436,TIME_LIMIT,248383,0,0,30,0
4,12,3.044305e6,-3.9299511621410215,-3.5782838484303436,TIME_LIMIT,248405,0,0,20,0
4,12,3.044795e6,-3.9299511621410215,-3.5782838484303436,TIME_LIMIT,248456,0,0,32,0
4,12,3.045282e6,-3.9299511621410215,-3.5782838484303436,TIME_LIMIT,248479,0,0,33,0
4,12,3.045772e6,-3.9299278123252113,-3.5782838484303436,TIME_LIMIT,248528,0,0,28,0
4,12,3.046233e6,-3.9299278123252113,-3.5782838484303436,TIME_LIMIT,248558,0,0,36,0
4,12,3.046719e6,-3.9298750961838076,-3.5782838484303436,TIME_LIMIT,248606,0,0,27,0
4,12,3.047208e6,-3.9298750961838076,-3.5782838484303436,TIME_LIMIT,248631,0,0,39,0
4,12,3.047696e6,-3.929864075800215,-3.5782838484303436,TIME_LIMIT,248673,0,0,35,0
4,12,3.048185e6,-3.929864075800215,-3.5782838484303436,TIME_LIMIT,248702,0,0,47,0
4,12,3.048673e6,-3.929864075800215,-3.5782838484303436,TIME_LIMIT,248747,0,0,30,0
4,12,3.04916e6,-3.929864075800215,-3.5782838484303436,TIME_LIMIT,248768,0,0,38,0
4,12,3.049648e6,-3.929864075800215,-3.5782838484303436,TIME_LIMIT,248812,0,0,25,0
4,12,3.050136e6,-3.929864075800215,-3.5782838484303436,TIME_LIMIT,248843,0,0,36,0
4,12,3.050625e6,-3.92986066231853,-3.5782838484303436,TIME_LIMIT,248892,0,0,30,0
4,12,3.051112e6,-3.92986066231853,-3.5782838484303436,TIME_LIMIT,248920,0,0,41,0
4,12,3.051575e6,-3.9298559723246975,-3.5782838484303436,TIME_LIMIT,248968,0,0,15,0
4,12,3.052062e6,-3.9298559723246975,-3.5782838484303436,TIME_LIMIT,249005,0,0,29,0
4,12,3.05255e6,-3.9298336886800795,-3.5782838484303436,TIME_LIMIT,249052,0,0,40,0
4,12,3.053038e6,-3.9298336886800795,-3.5782838484303436,TIME_LIMIT,249088,0,0,34,0
4,12,3.053527e6,-3.9297821740452745,-3.5782838484303436,TIME_LIMIT,249137,0,0,28,0
4,12,3.054015e6,-3.9297821740452745,-3.5782838484303436,TIME_LIMIT,249168,0,0,36,0
4,12,3.054504e6,-3.929781111450341,-3.5782838484303436,TIME_LIMIT,249214,0,0,29,0
4,12,3.054993e6,-3.929781111450341,-3.5782838484303436,TIME_LIMIT,249235,0,0,39,0
4,12,3.055481e6,-3.929776506906392,-3.5782838484303436,TIME_LIMIT,249286,0,0,33,0
4,12,3.055969e6,-3.929776506906392,-3.5782838484303436,TIME_LIMIT,249318,0,0,42,0
4,12,3.056456e6,-3.929776506906392,-3.5782838484303436,TIME_LIMIT,249371,0,0,37,0
4,12,3.056919e6,-3.929776506906392,-3.5782838484303436,TIME_LIMIT,249400,0,0,49,0
4,12,3.057408e6,-3.929776506906392,-3.5782838484303436,TIME_LIMIT,249448,0,0,32,0
4,12,3.057898e6,-3.929776506906392,-3.5782838484303436,TIME_LIMIT,249475,0,0,48,0
4,12,3.058385e6,-3.929776506906392,-3.5782838484303436,TIME_LIMIT,249528,0,0,38,0
4,12,3.058874e6,-3.929776506906392,-3.5782838484303436,TIME_LIMIT,249557,0,0,37,0
4,12,3.059362e6,-3.9297664569890065,-3.5782838484303436,TIME_LIMIT,249603,0,0,34,0
4,12,3.059849e6,-3.9297664569890065,-3.5782838484303436,TIME_LIMIT,249638,0,0,38,0
4,12,3.060337e6,-3.9297570170956906,-3.5782838484303436,TIME_LIMIT,249688,0,0,29,0
4,12,3.060826e6,-3.9297570170956906,-3.5782838484303436,TIME_LIMIT,249711,0,0,40,0
4,12,3.061314e6,-3.929739003826444,-3.5782838484303436,TIME_LIMIT,249768,0,0,31,0
4,12,3.061779e6,-3.929739003826444,-3.5782838484303436,TIME_LIMIT,249790,0,0,39,0
4,12,3.062267e6,-3.9297111801080375,-3.5782838484303436,TIME_LIMIT,249843,0,0,17,0
4,12,3.062752e6,-3.9297111801080375,-3.5782838484303436,TIME_LIMIT,249865,0,0,36,0
4,12,3.06324e6,-3.9297045445453795,-3.5782838484303436,TIME_LIMIT,249917,0,0,25,0
4,12,3.063728e6,-3.9297045445453795,-3.5782838484303436,TIME_LIMIT,249947,0,0,40,0
4,12,3.064215e6,-3.9296982821601447,-3.5782838484303436,TIME_LIMIT,249997,0,0,24,0
4,12,3.064703e6,-3.9296982821601447,-3.5782838484303436,TIME_LIMIT,250035,0,0,39,0
4,12,3.06519e6,-3.929688245598362,-3.5782838484303436,TIME_LIMIT,250079,0,0,28,0
4,12,3.065677e6,-3.929688245598362,-3.5782838484303436,TIME_LIMIT,250104,0,0,37,0
4,12,3.066168e6,-3.929688245598362,-3.5782838484303436,TIME_LIMIT,250153,0,0,28,0
4,12,3.066656e6,-3.929688245598362,-3.5782838484303436,TIME_LIMIT,250178,0,0,30,0
4,12,3.067118e6,-3.929688245598362,-3.5782838484303436,TIME_LIMIT,250227,0,0,28,0
4,12,3.067631e6,-3.929688245598362,-3.5782838484303436,TIME_LIMIT,250255,0,0,34,0
4,12,3.068143e6,-3.929688245598362,-3.5782838484303436,TIME_LIMIT,250300,0,0,29,0
4,12,3.068631e6,-3.929688245598362,-3.5782838484303436,TIME_LIMIT,250326,0,0,16,0
4,12,3.069118e6,-3.929688245598362,-3.5782838484303436,TIME_LIMIT,250371,0,0,28,0
4,12,3.069605e6,-3.929688245598362,-3.5782838484303436,TIME_LIMIT,250399,0,0,34,0
4,12,3.070092e6,-3.929684643045853,-3.5782838484303436,TIME_LIMIT,250446,0,0,27,0
4,12,3.070581e6,-3.929684643045853,-3.5782838484303436,TIME_LIMIT,250473,0,0,37,0
4,12,3.071093e6,-3.9296839489070816,-3.5782838484303436,TIME_LIMIT,250516,0,0,27,0
4,12,3.07158e6,-3.9296839489070816,-3.5782838484303436,TIME_LIMIT,250550,0,0,34,0
4,12,3.072044e6,-3.929680115830055,-3.5782838484303436,TIME_LIMIT,250597,0,0,26,0
4,12,3.072532e6,-3.929680115830055,-3.5782838484303436,TIME_LIMIT,250632,0,0,21,0
4,12,3.073021e6,-3.929680115830055,-3.5782838484303436,TIME_LIMIT,250675,0,0,27,0
4,12,3.073509e6,-3.929680115830055,-3.5782838484303436,TIME_LIMIT,250708,0,0,40,0
4,12,3.073998e6,-3.929680115830055,-3.5782838484303436,TIME_LIMIT,250746,0,0,27,0
4,12,3.074484e6,-3.929680115830055,-3.5782838484303436,TIME_LIMIT,250768,0,0,28,0
4,12,3.074971e6,-3.929675911056701,-3.5782838484303436,TIME_LIMIT,250820,0,0,30,0
4,12,3.075459e6,-3.929675911056701,-3.5782838484303436,TIME_LIMIT,250855,0,0,34,0
4,12,3.075946e6,-3.929673309668691,-3.5782838484303436,TIME_LIMIT,250906,0,0,30,0
4,12,3.076433e6,-3.929673309668691,-3.5782838484303436,TIME_LIMIT,250939,0,0,33,0
4,12,3.076895e6,-3.9296713006418296,-3.5782838484303436,TIME_LIMIT,250984,0,0,27,0
4,12,3.077385e6,-3.9296713006418296,-3.5782838484303436,TIME_LIMIT,251013,0,0,49,0
4,12,3.077873e6,-3.9296713006418296,-3.5782838484303436,TIME_LIMIT,251070,0,0,33,0
4,12,3.078361e6,-3.9296713006418296,-3.5782838484303436,TIME_LIMIT,251098,0,0,7,0
4,12,3.078849e6,-3.9296713006418296,-3.5782838484303436,TIME_LIMIT,251149,0,0,30,0
4,12,3.079337e6,-3.9296713006418296,-3.5782838484303436,TIME_LIMIT,251176,0,0,39,0
4,12,3.079824e6,-3.9296684515097313,-3.5782838484303436,TIME_LIMIT,251231,0,0,29,0
4,12,3.080312e6,-3.9296684515097313,-3.5782838484303436,TIME_LIMIT,251264,0,0,29,0
4,12,3.0808e6,-3.9296684515097313,-3.5782838484303436,TIME_LIMIT,251307,0,0,22,0
4,12,3.08129e6,-3.9296684515097313,-3.5782838484303436,TIME_LIMIT,251341,0,0,30,0
4,12,3.081783e6,-3.9296684515097313,-3.5782838484303436,TIME_LIMIT,251382,0,0,28,0
4,12,3.082284e6,-3.9296684515097313,-3.5782838484303436,TIME_LIMIT,251411,0,0,19,0
4,12,3.082797e6,-3.9296562612178345,-3.5782838484303436,TIME_LIMIT,251454,0,0,25,0
4,12,3.083285e6,-3.9296562612178345,-3.5782838484303436,TIME_LIMIT,251490,0,0,28,0
4,12,3.083773e6,-3.929626196154504,-3.5782838484303436,TIME_LIMIT,251532,0,0,26,0
4,12,3.084263e6,-3.929626196154504,-3.5782838484303436,TIME_LIMIT,251568,0,0,28,0
4,12,3.084749e6,-3.929626196154504,-3.5782838484303436,TIME_LIMIT,251611,0,0,31,0
4,12,3.085237e6,-3.929626196154504,-3.5782838484303436,TIME_LIMIT,251643,0,0,40,0
4,12,3.085724e6,-3.929614969521055,-3.5782838484303436,TIME_LIMIT,251693,0,0,31,0
4,12,3.086228e6,-3.929614969521055,-3.5782838484303436,TIME_LIMIT,251728,0,0,42,0
4,12,3.086716e6,-3.929576172127565,-3.5782838484303436,TIME_LIMIT,251776,0,0,32,0
4,12,3.087178e6,-3.929576172127565,-3.5782838484303436,TIME_LIMIT,251813,0,0,33,0
4,12,3.087666e6,-3.9295726774103423,-3.5782838484303436,TIME_LIMIT,251851,0,0,38,0
4,12,3.088155e6,-3.9295726774103423,-3.5782838484303436,TIME_LIMIT,251880,0,0,37,0
4,12,3.088644e6,-3.929547711530406,-3.5782838484303436,TIME_LIMIT,251934,0,0,31,0
4,12,3.089134e6,-3.929547711530406,-3.5782838484303436,TIME_LIMIT,251968,0,0,34,0
4,12,3.089622e6,-3.929547711530406,-3.5782838484303436,TIME_LIMIT,252015,0,0,33,0
4,12,3.090111e6,-3.929547711530406,-3.5782838484303436,TIME_LIMIT,252037,0,0,34,0
4,12,3.090599e6,-3.92954330346296,-3.5782838484303436,TIME_LIMIT,252087,0,0,29,0
4,12,3.091089e6,-3.92954330346296,-3.5782838484303436,TIME_LIMIT,252121,0,0,24,0
4,12,3.091578e6,-3.92954330346296,-3.5782838484303436,TIME_LIMIT,252171,0,0,17,0
4,12,3.092042e6,-3.92954330346296,-3.5782838484303436,TIME_LIMIT,252209,0,0,36,0
4,12,3.092531e6,-3.929427231719026,-3.5782838484303436,TIME_LIMIT,252254,0,0,33,0
4,12,3.09302e6,-3.929427231719026,-3.5782838484303436,TIME_LIMIT,252279,0,0,42,0
4,12,3.093508e6,-3.9294173983507754,-3.5782838484303436,TIME_LIMIT,252329,0,0,30,0
4,12,3.093996e6,-3.9294173983507754,-3.5782838484303436,TIME_LIMIT,252363,0,0,28,0
4,12,3.094483e6,-3.9294173983507754,-3.5782838484303436,TIME_LIMIT,252409,0,0,31,0
4,12,3.094968e6,-3.9294173983507754,-3.5782838484303436,TIME_LIMIT,252443,0,0,26,0
4,12,3.095455e6,-3.929392488612684,-3.5782838484303436,TIME_LIMIT,252493,0,0,27,0
4,12,3.095944e6,-3.929392488612684,-3.5782838484303436,TIME_LIMIT,252523,0,0,42,0
4,12,3.096432e6,-3.929392488612684,-3.5782838484303436,TIME_LIMIT,252575,0,0,15,0
4,12,3.096894e6,-3.929392488612684,-3.5782838484303436,TIME_LIMIT,252614,0,0,21,0
4,12,3.097381e6,-3.929386720896634,-3.5782838484303436,TIME_LIMIT,252646,0,0,34,0
4,12,3.097869e6,-3.929386720896634,-3.5782838484303436,TIME_LIMIT,252669,0,0,43,0
4,12,3.098357e6,-3.929386720896634,-3.5782838484303436,TIME_LIMIT,252718,0,0,23,0
4,12,3.098843e6,-3.929386720896634,-3.5782838484303436,TIME_LIMIT,252747,0,0,33,0
4,12,3.099331e6,-3.929386720896634,-3.5782838484303436,TIME_LIMIT,252786,0,0,30,0
4,12,3.099817e6,-3.929386720896634,-3.5782838484303436,TIME_LIMIT,252810,0,0,33,0
4,12,3.100305e6,-3.929380249550131,-3.5782838484303436,TIME_LIMIT,252853,0,0,29,0
4,12,3.100793e6,-3.929380249550131,-3.5782838484303436,TIME_LIMIT,252881,0,0,40,0
4,12,3.101279e6,-3.9293733167926836,-3.5782838484303436,TIME_LIMIT,252933,0,0,34,0
4,12,3.101743e6,-3.9293733167926836,-3.5782838484303436,TIME_LIMIT,252973,0,0,31,0
4,12,3.10223e6,-3.9293481627955775,-3.5782838484303436,TIME_LIMIT,253016,0,0,23,0
4,12,3.10272e6,-3.9293481627955775,-3.5782838484303436,TIME_LIMIT,253046,0,0,44,0
4,12,3.103209e6,-3.929334626375947,-3.5782838484303436,TIME_LIMIT,253094,0,0,32,0
4,12,3.103695e6,-3.929334626375947,-3.5782838484303436,TIME_LIMIT,253128,0,0,31,0
4,12,3.104183e6,-3.929334626375947,-3.5782838484303436,TIME_LIMIT,253168,0,0,19,0
4,12,3.104671e6,-3.929334626375947,-3.5782838484303436,TIME_LIMIT,253201,0,0,34,0
4,12,3.105159e6,-3.929334626375947,-3.5782838484303436,TIME_LIMIT,253245,0,0,31,0
4,12,3.105649e6,-3.929334626375947,-3.5782838484303436,TIME_LIMIT,253268,0,0,31,0
4,12,3.106138e6,-3.929334626375947,-3.5782838484303436,TIME_LIMIT,253315,0,0,28,0
4,12,3.106601e6,-3.929334626375947,-3.5782838484303436,TIME_LIMIT,253345,0,0,31,0
4,12,3.107089e6,-3.929334572671406,-3.5782838484303436,TIME_LIMIT,253394,0,0,28,0
4,12,3.107577e6,-3.929334572671406,-3.5782838484303436,TIME_LIMIT,253426,0,0,40,0
4,12,3.108065e6,-3.9292967441020497,-3.5782838484303436,TIME_LIMIT,253472,0,0,33,0
4,12,3.108552e6,-3.9292967441020497,-3.5782838484303436,TIME_LIMIT,253498,0,0,41,0
4,12,3.10904e6,-3.9292967441020497,-3.5782838484303436,TIME_LIMIT,253547,0,0,29,0
4,12,3.109528e6,-3.9292967441020497,-3.5782838484303436,TIME_LIMIT,253580,0,0,47,0
4,12,3.110018e6,-3.929296707034794,-3.5782838484303436,TIME_LIMIT,253629,0,0,15,0
4,12,3.110507e6,-3.929296707034794,-3.5782838484303436,TIME_LIMIT,253653,0,0,41,0
4,12,3.110995e6,-3.929296707034794,-3.5782838484303436,TIME_LIMIT,253702,0,0,33,0
4,12,3.111484e6,-3.929296707034794,-3.5782838484303436,TIME_LIMIT,253728,0,0,37,0
4,12,3.111994e6,-3.9292958922701575,-3.5782838484303436,TIME_LIMIT,253779,0,0,30,0
4,12,3.112481e6,-3.9292958922701575,-3.5782838484303436,TIME_LIMIT,253820,0,0,37,0
4,12,3.112967e6,-3.929295357258886,-3.5782838484303436,TIME_LIMIT,253863,0,0,37,0
4,12,3.113482e6,-3.929295357258886,-3.5782838484303436,TIME_LIMIT,253897,0,0,31,0
4,12,3.114e6,-3.9292745543697585,-3.5782838484303436,TIME_LIMIT,253953,0,0,25,0
4,12,3.114488e6,-3.9292745543697585,-3.5782838484303436,TIME_LIMIT,253983,0,0,24,0
4,12,3.114976e6,-3.9292745543697585,-3.5782838484303436,TIME_LIMIT,254032,0,0,31,0
4,12,3.115464e6,-3.9292745543697585,-3.5782838484303436,TIME_LIMIT,254066,0,0,38,0
4,12,3.115927e6,-3.9292480746427945,-3.5782838484303436,TIME_LIMIT,254120,0,0,14,0
4,12,3.116416e6,-3.9292480746427945,-3.5782838484303436,TIME_LIMIT,254152,0,0,37,0
4,12,3.116904e6,-3.929225241515856,-3.5782838484303436,TIME_LIMIT,254194,0,0,26,0
4,12,3.117393e6,-3.929225241515856,-3.5782838484303436,TIME_LIMIT,254220,0,0,28,0
4,12,3.117881e6,-3.929225241515856,-3.5782838484303436,TIME_LIMIT,254267,0,0,29,0
4,12,3.118369e6,-3.929225241515856,-3.5782838484303436,TIME_LIMIT,254296,0,0,30,0
4,12,3.118856e6,-3.929225241515856,-3.5782838484303436,TIME_LIMIT,254344,0,0,26,0
4,12,3.119345e6,-3.929225241515856,-3.5782838484303436,TIME_LIMIT,254374,0,0,31,0
4,12,3.119833e6,-3.929188758874333,-3.5782838484303436,TIME_LIMIT,254425,0,0,22,0
4,12,3.12032e6,-3.929188758874333,-3.5782838484303436,TIME_LIMIT,254456,0,0,22,0
4,12,3.120785e6,-3.92916959373585,-3.5782838484303436,TIME_LIMIT,254503,0,0,33,0
4,12,3.121272e6,-3.92916959373585,-3.5782838484303436,TIME_LIMIT,254533,0,0,43,0
4,12,3.12176e6,-3.9291560266319188,-3.5782838484303436,TIME_LIMIT,254587,0,0,30,0
4,12,3.122249e6,-3.9291560266319188,-3.5782838484303436,TIME_LIMIT,254612,0,0,48,0
4,12,3.122737e6,-3.9291560266319188,-3.5782838484303436,TIME_LIMIT,254661,0,0,31,0
4,12,3.123227e6,-3.9291560266319188,-3.5782838484303436,TIME_LIMIT,254686,0,0,28,0
4,12,3.123715e6,-3.929152958593741,-3.5782838484303436,TIME_LIMIT,254736,0,0,33,0
4,12,3.124203e6,-3.929152958593741,-3.5782838484303436,TIME_LIMIT,254758,0,0,13,0
4,12,3.124692e6,-3.929111220515847,-3.5782838484303436,TIME_LIMIT,254812,0,0,34,0
4,12,3.125181e6,-3.929111220515847,-3.5782838484303436,TIME_LIMIT,254850,0,0,34,0
4,12,3.125645e6,-3.929111220515847,-3.5782838484303436,TIME_LIMIT,254903,0,0,33,0
4,12,3.126133e6,-3.929111220515847,-3.5782838484303436,TIME_LIMIT,254926,0,0,30,0
4,12,3.126621e6,-3.929111220515847,-3.5782838484303436,TIME_LIMIT,254976,0,0,29,0
4,12,3.127111e6,-3.929111220515847,-3.5782838484303436,TIME_LIMIT,255010,0,0,40,0
4,12,3.127599e6,-3.929111220515847,-3.5782838484303436,TIME_LIMIT,255057,0,0,32,0
4,12,3.128086e6,-3.929111220515847,-3.5782838484303436,TIME_LIMIT,255085,0,0,37,0
4,12,3.128575e6,-3.9291031187829373,-3.5782838484303436,TIME_LIMIT,255134,0,0,29,0
4,12,3.129063e6,-3.9291031187829373,-3.5782838484303436,TIME_LIMIT,255163,0,0,46,0
4,12,3.12955e6,-3.9291031187829373,-3.5782838484303436,TIME_LIMIT,255211,0,0,30,0
4,12,3.130011e6,-3.9291031187829373,-3.5782838484303436,TIME_LIMIT,255243,0,0,31,0
4,12,3.130499e6,-3.9291031187829373,-3.5782838484303436,TIME_LIMIT,255290,0,0,30,0
4,12,3.130987e6,-3.9291031187829373,-3.5782838484303436,TIME_LIMIT,255325,0,0,16,0
4,12,3.131474e6,-3.9290733668350994,-3.5782838484303436,TIME_LIMIT,255375,0,0,26,0
4,12,3.131962e6,-3.9290733668350994,-3.5782838484303436,TIME_LIMIT,255407,0,0,30,0
4,12,3.132449e6,-3.9290733668350994,-3.5782838484303436,TIME_LIMIT,255461,0,0,32,0
4,12,3.132936e6,-3.9290733668350994,-3.5782838484303436,TIME_LIMIT,255496,0,0,29,0
4,12,3.133424e6,-3.929066469743494,-3.5782838484303436,TIME_LIMIT,255547,0,0,33,0
4,12,3.13392e6,-3.929066469743494,-3.5782838484303436,TIME_LIMIT,255584,0,0,17,0
4,12,3.134443e6,-3.929066469743494,-3.5782838484303436,TIME_LIMIT,255632,0,0,28,0
4,12,3.134907e6,-3.929066469743494,-3.5782838484303436,TIME_LIMIT,255669,0,0,33,0
4,12,3.135396e6,-3.929066469743494,-3.5782838484303436,TIME_LIMIT,255704,0,0,30,0
4,12,3.135885e6,-3.929066469743494,-3.5782838484303436,TIME_LIMIT,255730,0,0,26,0
4,12,3.136374e6,-3.929046619668073,-3.5782838484303436,TIME_LIMIT,255774,0,0,29,0
4,12,3.136863e6,-3.929046619668073,-3.5782838484303436,TIME_LIMIT,255804,0,0,41,0
4,12,3.137351e6,-3.929044030209968,-3.5782838484303436,TIME_LIMIT,255855,0,0,26,0
4,12,3.137841e6,-3.929044030209968,-3.5782838484303436,TIME_LIMIT,255885,0,0,27,0
4,12,3.138346e6,-3.929044030209968,-3.5782838484303436,TIME_LIMIT,255939,0,0,33,0
4,12,3.138835e6,-3.929044030209968,-3.5782838484303436,TIME_LIMIT,255976,0,0,40,0
4,12,3.139298e6,-3.9290420225598823,-3.5782838484303436,TIME_LIMIT,256013,0,0,27,0
4,12,3.139785e6,-3.9290420225598823,-3.5782838484303436,TIME_LIMIT,256045,0,0,45,0
4,12,3.140274e6,-3.9290420225598823,-3.5782838484303436,TIME_LIMIT,256087,0,0,24,0
4,12,3.14076e6,-3.9290420225598823,-3.5782838484303436,TIME_LIMIT,256121,0,0,37,0
4,12,3.141249e6,-3.929041382354708,-3.5782838484303436,TIME_LIMIT,256169,0,0,18,0
4,12,3.141737e6,-3.929041382354708,-3.5782838484303436,TIME_LIMIT,256203,0,0,37,0
4,12,3.142226e6,-3.9290186719165154,-3.5782838484303436,TIME_LIMIT,256255,0,0,31,0
4,12,3.142716e6,-3.9290186719165154,-3.5782838484303436,TIME_LIMIT,256286,0,0,35,0
4,12,3.143204e6,-3.928991874056508,-3.5782838484303436,TIME_LIMIT,256334,0,0,17,0
4,12,3.143694e6,-3.928991874056508,-3.5782838484303436,TIME_LIMIT,256365,0,0,23,0
4,12,3.144158e6,-3.9289371205832047,-3.5782838484303436,TIME_LIMIT,256414,0,0,28,0
4,12,3.144647e6,-3.9289371205832047,-3.5782838484303436,TIME_LIMIT,256454,0,0,26,0
4,12,3.145136e6,-3.928916958046598,-3.5782838484303436,TIME_LIMIT,256498,0,0,13,0
4,12,3.145626e6,-3.928916958046598,-3.5782838484303436,TIME_LIMIT,256528,0,0,32,0
4,12,3.146115e6,-3.928916958046598,-3.5782838484303436,TIME_LIMIT,256580,0,0,32,0
4,12,3.146602e6,-3.928916958046598,-3.5782838484303436,TIME_LIMIT,256611,0,0,32,0
4,12,3.147091e6,-3.928916958046598,-3.5782838484303436,TIME_LIMIT,256668,0,0,34,0
4,12,3.147579e6,-3.928916958046598,-3.5782838484303436,TIME_LIMIT,256697,0,0,34,0
4,12,3.148068e6,-3.928916958046598,-3.5782838484303436,TIME_LIMIT,256753,0,0,35,0
4,12,3.14853e6,-3.928916958046598,-3.5782838484303436,TIME_LIMIT,256780,0,0,32,0
4,12,3.149017e6,-3.928888111731968,-3.5782838484303436,TIME_LIMIT,256833,0,0,30,0
4,12,3.149505e6,-3.928888111731968,-3.5782838484303436,TIME_LIMIT,256863,0,0,37,0
4,12,3.149994e6,-3.928888111731968,-3.5782838484303436,TIME_LIMIT,256906,0,0,31,0
4,12,3.15051e6,-3.928888111731968,-3.5782838484303436,TIME_LIMIT,256938,0,0,42,0
4,12,3.151024e6,-3.9288709396706847,-3.5782838484303436,TIME_LIMIT,256991,0,0,35,0
4,12,3.151512e6,-3.9288709396706847,-3.5782838484303436,TIME_LIMIT,257028,0,0,35,0
4,12,3.152e6,-3.9288637899993515,-3.5782838484303436,TIME_LIMIT,257079,0,0,30,0
4,12,3.152489e6,-3.9288637899993515,-3.5782838484303436,TIME_LIMIT,257107,0,0,41,0
4,12,3.152953e6,-3.92882235620888,-3.5782838484303436,TIME_LIMIT,257156,0,0,35,0
4,12,3.153441e6,-3.92882235620888,-3.5782838484303436,TIME_LIMIT,257185,0,0,35,0
4,12,3.153929e6,-3.9288193847461597,-3.5782838484303436,TIME_LIMIT,257235,0,0,34,0
4,12,3.154417e6,-3.9288193847461597,-3.5782838484303436,TIME_LIMIT,257265,0,0,36,0
4,12,3.154904e6,-3.9288193847461597,-3.5782838484303436,TIME_LIMIT,257310,0,0,30,0
4,12,3.15539e6,-3.9288193847461597,-3.5782838484303436,TIME_LIMIT,257336,0,0,34,0
4,12,3.155877e6,-3.9288193847461597,-3.5782838484303436,TIME_LIMIT,257380,0,0,25,0
4,12,3.156366e6,-3.9288193847461597,-3.5782838484303436,TIME_LIMIT,257409,0,0,34,0
4,12,3.156855e6,-3.9288193847461597,-3.5782838484303436,TIME_LIMIT,257458,0,0,34,0
4,12,3.157316e6,-3.9288193847461597,-3.5782838484303436,TIME_LIMIT,257488,0,0,28,0
4,12,3.157803e6,-3.9288193847461597,-3.5782838484303436,TIME_LIMIT,257531,0,0,28,0
4,12,3.158291e6,-3.9288193847461597,-3.5782838484303436,TIME_LIMIT,257558,0,0,36,0
4,12,3.158777e6,-3.928817876456771,-3.5782838484303436,TIME_LIMIT,257606,0,0,28,0
4,12,3.159265e6,-3.928817876456771,-3.5782838484303436,TIME_LIMIT,257642,0,0,42,0
4,12,3.159753e6,-3.9288138187150654,-3.5782838484303436,TIME_LIMIT,257694,0,0,29,0
4,12,3.160241e6,-3.9288138187150654,-3.5782838484303436,TIME_LIMIT,257717,0,0,34,0
4,12,3.160731e6,-3.9288138187150654,-3.5782838484303436,TIME_LIMIT,257767,0,0,29,0
4,12,3.161218e6,-3.9288138187150654,-3.5782838484303436,TIME_LIMIT,257795,0,0,29,0
4,12,3.161706e6,-3.9288134094058234,-3.5782838484303436,TIME_LIMIT,257846,0,0,30,0
4,12,3.162172e6,-3.9288134094058234,-3.5782838484303436,TIME_LIMIT,257881,0,0,26,0
4,12,3.162661e6,-3.928803682885186,-3.5782838484303436,TIME_LIMIT,257934,0,0,32,0
4,12,3.16315e6,-3.928803682885186,-3.5782838484303436,TIME_LIMIT,257959,0,0,34,0
4,12,3.163638e6,-3.928803682885186,-3.5782838484303436,TIME_LIMIT,258011,0,0,29,0
4,12,3.164125e6,-3.928803682885186,-3.5782838484303436,TIME_LIMIT,258034,0,0,28,0
4,12,3.164614e6,-3.928803682885186,-3.5782838484303436,TIME_LIMIT,258088,0,0,31,0
4,12,3.165102e6,-3.928803682885186,-3.5782838484303436,TIME_LIMIT,258119,0,0,31,0
4,12,3.165588e6,-3.928802956922631,-3.5782838484303436,TIME_LIMIT,258162,0,0,30,0
4,12,3.166081e6,-3.928802956922631,-3.5782838484303436,TIME_LIMIT,258186,0,0,46,0
4,12,3.166545e6,-3.928802956922631,-3.5782838484303436,TIME_LIMIT,258237,0,0,34,0
4,12,3.167034e6,-3.928802956922631,-3.5782838484303436,TIME_LIMIT,258275,0,0,42,0
4,12,3.167521e6,-3.9287981766240927,-3.5782838484303436,TIME_LIMIT,258329,0,0,20,0
4,12,3.168009e6,-3.9287981766240927,-3.5782838484303436,TIME_LIMIT,258353,0,0,38,0
4,12,3.168497e6,-3.9287981766240927,-3.5782838484303436,TIME_LIMIT,258401,0,0,30,0
4,12,3.168986e6,-3.9287981766240927,-3.5782838484303436,TIME_LIMIT,258431,0,0,41,0
4,12,3.169474e6,-3.9287981766240927,-3.5782838484303436,TIME_LIMIT,258481,0,0,30,0
4,12,3.169964e6,-3.9287981766240927,-3.5782838484303436,TIME_LIMIT,258510,0,0,32,0
4,12,3.170453e6,-3.9287981766240927,-3.5782838484303436,TIME_LIMIT,258557,0,0,26,0
4,12,3.170915e6,-3.9287981766240927,-3.5782838484303436,TIME_LIMIT,258584,0,0,34,0
4,12,3.171404e6,-3.928789689838709,-3.5782838484303436,TIME_LIMIT,258632,0,0,24,0
4,12,3.171893e6,-3.928789689838709,-3.5782838484303436,TIME_LIMIT,258655,0,0,33,0
4,12,3.172381e6,-3.928765936952091,-3.5782838484303436,TIME_LIMIT,258703,0,0,24,0
4,12,3.172869e6,-3.928765936952091,-3.5782838484303436,TIME_LIMIT,258733,0,0,28,0
4,12,3.173357e6,-3.928760328905894,-3.5782838484303436,TIME_LIMIT,258778,0,0,29,0
4,12,3.173844e6,-3.928760328905894,-3.5782838484303436,TIME_LIMIT,258802,0,0,30,0
4,12,3.174333e6,-3.928760328905894,-3.5782838484303436,TIME_LIMIT,258854,0,0,29,0
4,12,3.174822e6,-3.928760328905894,-3.5782838484303436,TIME_LIMIT,258880,0,0,32,0
4,12,3.175286e6,-3.928739956031002,-3.5782838484303436,TIME_LIMIT,258926,0,0,29,0
4,12,3.175773e6,-3.928739956031002,-3.5782838484303436,TIME_LIMIT,258954,0,0,29,0
4,12,3.17626e6,-3.9287373981272866,-3.5782838484303436,TIME_LIMIT,259006,0,0,23,0
4,12,3.176748e6,-3.9287373981272866,-3.5782838484303436,TIME_LIMIT,259037,0,0,46,0
4,12,3.177236e6,-3.928708214350636,-3.5782838484303436,TIME_LIMIT,259087,0,0,17,0
4,12,3.177724e6,-3.928708214350636,-3.5782838484303436,TIME_LIMIT,259112,0,0,29,0
4,12,3.178212e6,-3.928704900939769,-3.5782838484303436,TIME_LIMIT,259153,0,0,27,0
4,12,3.178702e6,-3.928704900939769,-3.5782838484303436,TIME_LIMIT,259175,0,0,34,0
4,12,3.179191e6,-3.9286952316147006,-3.5782838484303436,TIME_LIMIT,259225,0,0,22,0
4,12,3.179656e6,-3.9286952316147006,-3.5782838484303436,TIME_LIMIT,259257,0,0,18,0
4,12,3.180145e6,-3.9286876996968054,-3.5782838484303436,TIME_LIMIT,259304,0,0,16,0
4,12,3.180633e6,-3.9286876996968054,-3.5782838484303436,TIME_LIMIT,259356,0,0,34,0
4,12,3.18112e6,-3.9286666396674375,-3.5782838484303436,TIME_LIMIT,259387,0,0,28,0
4,12,3.181608e6,-3.9286666396674375,-3.5782838484303436,TIME_LIMIT,259412,0,0,26,0
4,12,3.182095e6,-3.9286666396674375,-3.5782838484303436,TIME_LIMIT,259467,0,0,31,0
4,12,3.182584e6,-3.9286666396674375,-3.5782838484303436,TIME_LIMIT,259498,0,0,18,0
4,12,3.183073e6,-3.928616386588182,-3.5782838484303436,TIME_LIMIT,259551,0,0,28,0
4,12,3.183563e6,-3.928616386588182,-3.5782838484303436,TIME_LIMIT,259583,0,0,32,0
4,12,3.184027e6,-3.9286148110447168,-3.5782838484303436,TIME_LIMIT,259621,0,0,39,0
4,12,3.184517e6,-3.9286148110447168,-3.5782838484303436,TIME_LIMIT,259642,0,0,29,0
4,12,3.185006e6,-3.9286148110447168,-3.5782838484303436,TIME_LIMIT,259687,0,0,31,0
4,12,3.185494e6,-3.9286148110447168,-3.5782838484303436,TIME_LIMIT,259708,0,0,31,0
4,12,3.18599e6,-3.9286148110447168,-3.5782838484303436,TIME_LIMIT,259753,0,0,31,0
4,12,3.18651e6,-3.9286148110447168,-3.5782838484303436,TIME_LIMIT,259778,0,0,33,0
4,12,3.186998e6,-3.9285782525522523,-3.5782838484303436,TIME_LIMIT,259826,0,0,15,0
4,12,3.187486e6,-3.9285782525522523,-3.5782838484303436,TIME_LIMIT,259864,0,0,38,0
4,12,3.187974e6,-3.928566564687303,-3.5782838484303436,TIME_LIMIT,259898,0,0,39,0
4,12,3.188437e6,-3.928566564687303,-3.5782838484303436,TIME_LIMIT,259920,0,0,48,0
4,12,3.188926e6,-3.9285302588530744,-3.5782838484303436,TIME_LIMIT,259973,0,0,31,0
4,12,3.189414e6,-3.9285302588530744,-3.5782838484303436,TIME_LIMIT,260014,0,0,37,0
4,12,3.189903e6,-3.9284579365753447,-3.5782838484303436,TIME_LIMIT,260056,0,0,28,0
4,12,3.19041e6,-3.9284579365753447,-3.5782838484303436,TIME_LIMIT,260095,0,0,40,0
4,12,3.190898e6,-3.928423163799767,-3.5782838484303436,TIME_LIMIT,260145,0,0,21,0
4,12,3.191385e6,-3.928423163799767,-3.5782838484303436,TIME_LIMIT,260172,0,0,38,0
4,12,3.191874e6,-3.928413261610667,-3.5782838484303436,TIME_LIMIT,260223,0,0,30,0
4,12,3.192338e6,-3.928413261610667,-3.5782838484303436,TIME_LIMIT,260256,0,0,32,0
4,12,3.192828e6,-3.928413261610667,-3.5782838484303436,TIME_LIMIT,260304,0,0,29,0
4,12,3.193317e6,-3.928413261610667,-3.5782838484303436,TIME_LIMIT,260336,0,0,32,0
4,12,3.193807e6,-3.928413261610667,-3.5782838484303436,TIME_LIMIT,260391,0,0,32,0
4,12,3.194298e6,-3.928413261610667,-3.5782838484303436,TIME_LIMIT,260419,0,0,33,0
4,12,3.194785e6,-3.9283378777128672,-3.5782838484303436,TIME_LIMIT,260466,0,0,19,0
4,12,3.195274e6,-3.9283378777128672,-3.5782838484303436,TIME_LIMIT,260491,0,0,33,0
4,12,3.195763e6,-3.9283378777128672,-3.5782838484303436,TIME_LIMIT,260538,0,0,29,0
4,12,3.196252e6,-3.9283378777128672,-3.5782838484303436,TIME_LIMIT,260576,0,0,35,0
4,12,3.196716e6,-3.9283378777128672,-3.5782838484303436,TIME_LIMIT,260627,0,0,24,0
4,12,3.197206e6,-3.9283378777128672,-3.5782838484303436,TIME_LIMIT,260665,0,0,38,0
4,12,3.197696e6,-3.928315116881034,-3.5782838484303436,TIME_LIMIT,260716,0,0,33,0
4,12,3.198185e6,-3.928315116881034,-3.5782838484303436,TIME_LIMIT,260747,0,0,33,0
4,12,3.198674e6,-3.928315116881034,-3.5782838484303436,TIME_LIMIT,260790,0,0,30,0
4,12,3.199161e6,-3.928315116881034,-3.5782838484303436,TIME_LIMIT,260819,0,0,38,0
4,12,3.199649e6,-3.928315116881034,-3.5782838484303436,TIME_LIMIT,260871,0,0,34,0
4,12,3.200137e6,-3.928315116881034,-3.5782838484303436,TIME_LIMIT,260902,0,0,17,0
4,12,3.200627e6,-3.928315116881034,-3.5782838484303436,TIME_LIMIT,260948,0,0,31,0
4,12,3.201092e6,-3.928315116881034,-3.5782838484303436,TIME_LIMIT,260975,0,0,39,0
4,12,3.201582e6,-3.9283110477727106,-3.5782838484303436,TIME_LIMIT,261028,0,0,33,0
4,12,3.202073e6,-3.9283110477727106,-3.5782838484303436,TIME_LIMIT,261066,0,0,29,0
4,12,3.202562e6,-3.928309938037927,-3.5782838484303436,TIME_LIMIT,261120,0,0,22,0
4,12,3.203049e6,-3.928309938037927,-3.5782838484303436,TIME_LIMIT,261157,0,0,39,0
4,12,3.203535e6,-3.9282937614627547,-3.5782838484303436,TIME_LIMIT,261195,0,0,29,0
4,12,3.204023e6,-3.9282937614627547,-3.5782838484303436,TIME_LIMIT,261221,0,0,11,0
4,12,3.204513e6,-3.9282423693698743,-3.5782838484303436,TIME_LIMIT,261276,0,0,32,0
4,12,3.204999e6,-3.9282423693698743,-3.5782838484303436,TIME_LIMIT,261295,0,0,32,0
4,12,3.205462e6,-3.9282194636544316,-3.5782838484303436,TIME_LIMIT,261347,0,0,24,0
4,12,3.205952e6,-3.9282194636544316,-3.5782838484303436,TIME_LIMIT,261374,0,0,22,0
4,12,3.206442e6,-3.9282194636544316,-3.5782838484303436,TIME_LIMIT,261424,0,0,29,0
4,12,3.206931e6,-3.9282194636544316,-3.5782838484303436,TIME_LIMIT,261454,0,0,42,0
4,12,3.207419e6,-3.928213176260227,-3.5782838484303436,TIME_LIMIT,261499,0,0,27,0
4,12,3.207906e6,-3.928213176260227,-3.5782838484303436,TIME_LIMIT,261530,0,0,44,0
4,12,3.208397e6,-3.928213176260227,-3.5782838484303436,TIME_LIMIT,261581,0,0,25,0
4,12,3.208887e6,-3.928213176260227,-3.5782838484303436,TIME_LIMIT,261611,0,0,29,0
4,12,3.209351e6,-3.9281956316052273,-3.5782838484303436,TIME_LIMIT,261653,0,0,32,0
4,12,3.209839e6,-3.9281956316052273,-3.5782838484303436,TIME_LIMIT,261692,0,0,32,0
4,12,3.210328e6,-3.9281956316052273,-3.5782838484303436,TIME_LIMIT,261722,0,0,26,0
4,12,3.210816e6,-3.9281956316052273,-3.5782838484303436,TIME_LIMIT,261747,0,0,26,0
4,12,3.211303e6,-3.9281885172224476,-3.5782838484303436,TIME_LIMIT,261798,0,0,30,0
4,12,3.211792e6,-3.9281885172224476,-3.5782838484303436,TIME_LIMIT,261827,0,0,41,0
4,12,3.212281e6,-3.9281885172224476,-3.5782838484303436,TIME_LIMIT,261869,0,0,31,0
4,12,3.212771e6,-3.9281885172224476,-3.5782838484303436,TIME_LIMIT,261898,0,0,28,0
4,12,3.213261e6,-3.9281885172224476,-3.5782838484303436,TIME_LIMIT,261950,0,0,35,0
4,12,3.213726e6,-3.9281885172224476,-3.5782838484303436,TIME_LIMIT,261979,0,0,36,0
4,12,3.214219e6,-3.9281885172224476,-3.5782838484303436,TIME_LIMIT,262027,0,0,29,0
4,12,3.21471e6,-3.9281885172224476,-3.5782838484303436,TIME_LIMIT,262067,0,0,20,0
4,12,3.2152e6,-3.9281885172224476,-3.5782838484303436,TIME_LIMIT,262121,0,0,30,0
4,12,3.215689e6,-3.9281885172224476,-3.5782838484303436,TIME_LIMIT,262146,0,0,30,0
4,12,3.216177e6,-3.928178183744644,-3.5782838484303436,TIME_LIMIT,262193,0,0,32,0
4,12,3.216666e6,-3.928178183744644,-3.5782838484303436,TIME_LIMIT,262214,0,0,32,0
4,12,3.217155e6,-3.928153052527114,-3.5782838484303436,TIME_LIMIT,262265,0,0,28,0
4,12,3.217644e6,-3.928153052527114,-3.5782838484303436,TIME_LIMIT,262294,0,0,32,0
4,12,3.218108e6,-3.928151353319856,-3.5782838484303436,TIME_LIMIT,262345,0,0,25,0
4,12,3.218597e6,-3.928151353319856,-3.5782838484303436,TIME_LIMIT,262382,0,0,42,0
4,12,3.219086e6,-3.928151353319856,-3.5782838484303436,TIME_LIMIT,262425,0,0,45,0
4,12,3.219575e6,-3.928151353319856,-3.5782838484303436,TIME_LIMIT,262454,0,0,24,0
4,12,3.220063e6,-3.928151353319856,-3.5782838484303436,TIME_LIMIT,262502,0,0,24,0
4,12,3.220552e6,-3.928151353319856,-3.5782838484303436,TIME_LIMIT,262540,0,0,31,0
4,12,3.22104e6,-3.9281473383638237,-3.5782838484303436,TIME_LIMIT,262583,0,0,27,0
4,12,3.22153e6,-3.9281473383638237,-3.5782838484303436,TIME_LIMIT,262617,0,0,22,0
4,12,3.221994e6,-3.9281473383638237,-3.5782838484303436,TIME_LIMIT,262664,0,0,30,0
4,12,3.222486e6,-3.9281473383638237,-3.5782838484303436,TIME_LIMIT,262703,0,0,34,0
4,12,3.222975e6,-3.9281473383638237,-3.5782838484303436,TIME_LIMIT,262747,0,0,25,0
4,12,3.223463e6,-3.9281473383638237,-3.5782838484303436,TIME_LIMIT,262773,0,0,34,0
4,12,3.223953e6,-3.928140541909588,-3.5782838484303436,TIME_LIMIT,262819,0,0,22,0
4,12,3.224443e6,-3.928140541909588,-3.5782838484303436,TIME_LIMIT,262847,0,0,31,0
4,12,3.224932e6,-3.928135547344727,-3.5782838484303436,TIME_LIMIT,262901,0,0,36,0
4,12,3.225422e6,-3.928135547344727,-3.5782838484303436,TIME_LIMIT,262936,0,0,32,0
4,12,3.22591e6,-3.928135547344727,-3.5782838484303436,TIME_LIMIT,262988,0,0,28,0
4,12,3.226374e6,-3.928135547344727,-3.5782838484303436,TIME_LIMIT,263016,0,0,34,0
4,12,3.226863e6,-3.928127627117785,-3.5782838484303436,TIME_LIMIT,263065,0,0,18,0
4,12,3.227352e6,-3.928127627117785,-3.5782838484303436,TIME_LIMIT,263096,0,0,42,0
4,12,3.227839e6,-3.9280938865456276,-3.5782838484303436,TIME_LIMIT,263147,0,0,31,0
4,12,3.228328e6,-3.9280938865456276,-3.5782838484303436,TIME_LIMIT,263189,0,0,32,0
4,12,3.228817e6,-3.928074317761467,-3.5782838484303436,TIME_LIMIT,263215,0,0,33,0
4,12,3.229305e6,-3.928074317761467,-3.5782838484303436,TIME_LIMIT,263241,0,0,41,0
4,12,3.229794e6,-3.928074317761467,-3.5782838484303436,TIME_LIMIT,263287,0,0,23,0
4,12,3.230258e6,-3.928074317761467,-3.5782838484303436,TIME_LIMIT,263325,0,0,32,0
4,12,3.230747e6,-3.928074317761467,-3.5782838484303436,TIME_LIMIT,263365,0,0,27,0
4,12,3.231235e6,-3.928074317761467,-3.5782838484303436,TIME_LIMIT,263395,0,0,32,0
4,12,3.231724e6,-3.9280667072965927,-3.5782838484303436,TIME_LIMIT,263445,0,0,11,0
4,12,3.232213e6,-3.9280667072965927,-3.5782838484303436,TIME_LIMIT,263472,0,0,33,0
4,12,3.2327e6,-3.928066450848647,-3.5782838484303436,TIME_LIMIT,263523,0,0,28,0
4,12,3.233189e6,-3.928066450848647,-3.5782838484303436,TIME_LIMIT,263556,0,0,41,0
4,12,3.233676e6,-3.928066450848647,-3.5782838484303436,TIME_LIMIT,263599,0,0,28,0
4,12,3.234165e6,-3.928066450848647,-3.5782838484303436,TIME_LIMIT,263623,0,0,32,0
4,12,3.234629e6,-3.928064988816469,-3.5782838484303436,TIME_LIMIT,263669,0,0,30,0
4,12,3.235121e6,-3.928064988816469,-3.5782838484303436,TIME_LIMIT,263690,0,0,35,0
4,12,3.23561e6,-3.9280632886328637,-3.5782838484303436,TIME_LIMIT,263741,0,0,29,0
4,12,3.236098e6,-3.9280632886328637,-3.5782838484303436,TIME_LIMIT,263768,0,0,35,0
4,12,3.236587e6,-3.9280632886328637,-3.5782838484303436,TIME_LIMIT,263815,0,0,31,0
4,12,3.237076e6,-3.9280632886328637,-3.5782838484303436,TIME_LIMIT,263840,0,0,35,0
4,12,3.237566e6,-3.928038844338488,-3.5782838484303436,TIME_LIMIT,263886,0,0,21,0
4,12,3.23806e6,-3.928038844338488,-3.5782838484303436,TIME_LIMIT,263912,0,0,33,0
4,12,3.238559e6,-3.928038844338488,-3.5782838484303436,TIME_LIMIT,263963,0,0,25,0
4,12,3.239047e6,-3.928038844338488,-3.5782838484303436,TIME_LIMIT,263997,0,0,34,0
4,12,3.239537e6,-3.9280175067963228,-3.5782838484303436,TIME_LIMIT,264053,0,0,25,0
4,12,3.240027e6,-3.9280175067963228,-3.5782838484303436,TIME_LIMIT,264088,0,0,31,0
4,12,3.240514e6,-3.9280175067963228,-3.5782838484303436,TIME_LIMIT,264130,0,0,27,0
4,12,3.241001e6,-3.9280175067963228,-3.5782838484303436,TIME_LIMIT,264160,0,0,36,0
4,12,3.24149e6,-3.9280175067963228,-3.5782838484303436,TIME_LIMIT,264205,0,0,29,0
4,12,3.24198e6,-3.9280175067963228,-3.5782838484303436,TIME_LIMIT,264236,0,0,32,0
4,12,3.242459e6,-3.9279977480988344,-3.5782838484303436,TIME_LIMIT,264284,0,0,23,0
4,12,3.242948e6,-3.9279977480988344,-3.5782838484303436,TIME_LIMIT,264306,0,0,28,0
4,12,3.243438e6,-3.9279947909401085,-3.5782838484303436,TIME_LIMIT,264360,0,0,24,0
4,12,3.243927e6,-3.9279947909401085,-3.5782838484303436,TIME_LIMIT,264391,0,0,39,0
4,12,3.244417e6,-3.9279947909401085,-3.5782838484303436,TIME_LIMIT,264429,0,0,27,0
4,12,3.244906e6,-3.9279947909401085,-3.5782838484303436,TIME_LIMIT,264462,0,0,36,0
4,12,3.245395e6,-3.9279812735255017,-3.5782838484303436,TIME_LIMIT,264516,0,0,28,0
4,12,3.245885e6,-3.9279812735255017,-3.5782838484303436,TIME_LIMIT,264539,0,0,31,0
4,12,3.246374e6,-3.9279661728385595,-3.5782838484303436,TIME_LIMIT,264591,0,0,30,0
4,12,3.246837e6,-3.9279661728385595,-3.5782838484303436,TIME_LIMIT,264622,0,0,36,0
4,12,3.247325e6,-3.9279528723341355,-3.5782838484303436,TIME_LIMIT,264668,0,0,27,0
4,12,3.247814e6,-3.9279528723341355,-3.5782838484303436,TIME_LIMIT,264700,0,0,36,0
4,12,3.248303e6,-3.927909177158215,-3.5782838484303436,TIME_LIMIT,264752,0,0,5,0
4,12,3.248789e6,-3.927909177158215,-3.5782838484303436,TIME_LIMIT,264784,0,0,26,0
4,12,3.249279e6,-3.927909177158215,-3.5782838484303436,TIME_LIMIT,264828,0,0,13,0
4,12,3.249768e6,-3.927909177158215,-3.5782838484303436,TIME_LIMIT,264871,0,0,33,0
4,12,3.250257e6,-3.927898270156933,-3.5782838484303436,TIME_LIMIT,264908,0,0,31,0
4,12,3.250723e6,-3.927898270156933,-3.5782838484303436,TIME_LIMIT,264945,0,0,36,0
4,12,3.251213e6,-3.927846283380488,-3.5782838484303436,TIME_LIMIT,264991,0,0,25,0
4,12,3.251702e6,-3.927846283380488,-3.5782838484303436,TIME_LIMIT,265026,0,0,31,0
4,12,3.252191e6,-3.927846283380488,-3.5782838484303436,TIME_LIMIT,265075,0,0,31,0
4,12,3.252678e6,-3.927846283380488,-3.5782838484303436,TIME_LIMIT,265101,0,0,24,0
4,12,3.253167e6,-3.927846283380488,-3.5782838484303436,TIME_LIMIT,265145,0,0,30,0
4,12,3.253656e6,-3.927846283380488,-3.5782838484303436,TIME_LIMIT,265171,0,0,27,0
4,12,3.254144e6,-3.927846283380488,-3.5782838484303436,TIME_LIMIT,265217,0,0,29,0
4,12,3.254606e6,-3.927846283380488,-3.5782838484303436,TIME_LIMIT,265247,0,0,39,0
4,12,3.255094e6,-3.927846283380488,-3.5782838484303436,TIME_LIMIT,265301,0,0,34,0
4,12,3.255582e6,-3.927846283380488,-3.5782838484303436,TIME_LIMIT,265326,0,0,34,0
4,12,3.256071e6,-3.927824087247067,-3.5782838484303436,TIME_LIMIT,265377,0,0,32,0
4,12,3.256561e6,-3.927824087247067,-3.5782838484303436,TIME_LIMIT,265410,0,0,36,0
4,12,3.25705e6,-3.927818366033015,-3.5782838484303436,TIME_LIMIT,265461,0,0,22,0
4,12,3.257539e6,-3.927818366033015,-3.5782838484303436,TIME_LIMIT,265493,0,0,36,0
4,12,3.258028e6,-3.927815539953242,-3.5782838484303436,TIME_LIMIT,265549,0,0,36,0
4,12,3.258491e6,-3.927815539953242,-3.5782838484303436,TIME_LIMIT,265570,0,0,35,0
4,12,3.258979e6,-3.9277872672794145,-3.5782838484303436,TIME_LIMIT,265620,0,0,29,0
4,12,3.259468e6,-3.9277872672794145,-3.5782838484303436,TIME_LIMIT,265651,0,0,23,0
4,12,3.259957e6,-3.9277872672794145,-3.5782838484303436,TIME_LIMIT,265702,0,0,32,0
4,12,3.260447e6,-3.9277872672794145,-3.5782838484303436,TIME_LIMIT,265737,0,0,29,0
4,12,3.260937e6,-3.927746282718973,-3.5782838484303436,TIME_LIMIT,265782,0,0,31,0
4,12,3.261426e6,-3.927746282718973,-3.5782838484303436,TIME_LIMIT,265808,0,0,39,0
4,12,3.261916e6,-3.927745980438589,-3.5782838484303436,TIME_LIMIT,265855,0,0,8,0
4,12,3.26238e6,-3.927745980438589,-3.5782838484303436,TIME_LIMIT,265879,0,0,30,0
4,12,3.262868e6,-3.927741763227318,-3.5782838484303436,TIME_LIMIT,265924,0,0,27,0
4,12,3.263358e6,-3.927741763227318,-3.5782838484303436,TIME_LIMIT,265963,0,0,39,0
4,12,3.263847e6,-3.927670762006971,-3.5782838484303436,TIME_LIMIT,266010,0,0,26,0
4,12,3.264336e6,-3.927670762006971,-3.5782838484303436,TIME_LIMIT,266035,0,0,38,0
4,12,3.264823e6,-3.9276438178744213,-3.5782838484303436,TIME_LIMIT,266086,0,0,29,0
4,12,3.265311e6,-3.9276438178744213,-3.5782838484303436,TIME_LIMIT,266116,0,0,37,0
4,12,3.2658e6,-3.927632612646176,-3.5782838484303436,TIME_LIMIT,266155,0,0,28,0
4,12,3.266265e6,-3.927632612646176,-3.5782838484303436,TIME_LIMIT,266188,0,0,21,0
4,12,3.266756e6,-3.927632612646176,-3.5782838484303436,TIME_LIMIT,266230,0,0,34,0
4,12,3.267247e6,-3.927632612646176,-3.5782838484303436,TIME_LIMIT,266252,0,0,33,0
4,12,3.267736e6,-3.927632612646176,-3.5782838484303436,TIME_LIMIT,266305,0,0,12,0
4,12,3.268224e6,-3.927632612646176,-3.5782838484303436,TIME_LIMIT,266345,0,0,33,0
4,12,3.268712e6,-3.9276196214085264,-3.579018199383989,TIME_LIMIT,266381,0,0,35,0
4,12,3.269201e6,-3.9276196214085264,-3.579018199383989,TIME_LIMIT,266409,0,0,40,0
4,12,3.26969e6,-3.9276068894749177,-3.579018199383989,TIME_LIMIT,266466,0,0,13,0
4,12,3.27018e6,-3.9276068894749177,-3.579018199383989,TIME_LIMIT,266491,0,0,38,0
4,12,3.270643e6,-3.9276068894749177,-3.579018199383989,TIME_LIMIT,266536,0,0,33,0
4,12,3.271131e6,-3.9276068894749177,-3.579018199383989,TIME_LIMIT,266559,0,0,33,0
4,12,3.271619e6,-3.927604333288293,-3.579018199383989,TIME_LIMIT,266612,0,0,32,0
4,12,3.272109e6,-3.927604333288293,-3.579018199383989,TIME_LIMIT,266647,0,0,40,0
4,12,3.272598e6,-3.9275764895874046,-3.579018199383989,TIME_LIMIT,266698,0,0,14,0
4,12,3.273085e6,-3.9275764895874046,-3.579018199383989,TIME_LIMIT,266730,0,0,41,0
4,12,3.273573e6,-3.927573984816714,-3.579018199383989,TIME_LIMIT,266775,0,0,27,0
4,12,3.274062e6,-3.927573984816714,-3.579018199383989,TIME_LIMIT,266807,0,0,35,0
4,12,3.274527e6,-3.927573984816714,-3.579018199383989,TIME_LIMIT,266847,0,0,26,0
4,12,3.275016e6,-3.927573984816714,-3.579018199383989,TIME_LIMIT,266875,0,0,31,0
4,12,3.275504e6,-3.927573984816714,-3.579018199383989,TIME_LIMIT,266915,0,0,21,0
4,12,3.275991e6,-3.927573984816714,-3.579018199383989,TIME_LIMIT,266944,0,0,34,0
4,12,3.276479e6,-3.927573984816714,-3.579018199383989,TIME_LIMIT,266988,0,0,24,0
4,12,3.276967e6,-3.927573984816714,-3.579018199383989,TIME_LIMIT,267024,0,0,41,0
4,12,3.277455e6,-3.927573984816714,-3.579018199383989,TIME_LIMIT,267062,0,0,13,0
4,12,3.277941e6,-3.927573984816714,-3.579018199383989,TIME_LIMIT,267100,0,0,24,0
4,12,3.278404e6,-3.927558770827717,-3.579018199383989,TIME_LIMIT,267142,0,0,35,0
4,12,3.278892e6,-3.927558770827717,-3.579018199383989,TIME_LIMIT,267174,0,0,38,0
4,12,3.279381e6,-3.927558770827717,-3.579018199383989,TIME_LIMIT,267230,0,0,11,0
4,12,3.279869e6,-3.927558770827717,-3.579018199383989,TIME_LIMIT,267254,0,0,29,0
4,12,3.280358e6,-3.9275434300671117,-3.579018199383989,TIME_LIMIT,267312,0,0,33,0
4,12,3.280848e6,-3.9275434300671117,-3.579018199383989,TIME_LIMIT,267351,0,0,27,0
4,12,3.281338e6,-3.9275395088519365,-3.579018199383989,TIME_LIMIT,267387,0,0,39,0
4,12,3.281826e6,-3.9275395088519365,-3.579018199383989,TIME_LIMIT,267413,0,0,38,0
4,12,3.282291e6,-3.9275393210709826,-3.579018199383989,TIME_LIMIT,267469,0,0,35,0
4,12,3.282781e6,-3.9275393210709826,-3.579018199383989,TIME_LIMIT,267499,0,0,36,0
4,12,3.28327e6,-3.927529025367987,-3.579018199383989,TIME_LIMIT,267534,0,0,40,0
4,12,3.283758e6,-3.927529025367987,-3.579018199383989,TIME_LIMIT,267559,0,0,36,0
4,12,3.284247e6,-3.9275008968681324,-3.579018199383989,TIME_LIMIT,267616,0,0,35,0
4,12,3.284736e6,-3.9275008968681324,-3.579018199383989,TIME_LIMIT,267642,0,0,39,0
4,12,3.285226e6,-3.927482475352761,-3.579018199383989,TIME_LIMIT,267692,0,0,28,0
4,12,3.285693e6,-3.927482475352761,-3.579018199383989,TIME_LIMIT,267717,0,0,37,0
4,12,3.286182e6,-3.927482475352761,-3.579018199383989,TIME_LIMIT,267765,0,0,28,0
4,12,3.28667e6,-3.927482475352761,-3.579018199383989,TIME_LIMIT,267792,0,0,30,0
4,12,3.287158e6,-3.927482475352761,-3.579018199383989,TIME_LIMIT,267835,0,0,17,0
4,12,3.287646e6,-3.927482475352761,-3.579018199383989,TIME_LIMIT,267868,0,0,30,0
4,12,3.288133e6,-3.9274486446962396,-3.579018199383989,TIME_LIMIT,267905,0,0,29,0
4,12,3.288622e6,-3.9274486446962396,-3.579018199383989,TIME_LIMIT,267926,0,0,24,0
4,12,3.289113e6,-3.9274486446962396,-3.579018199383989,TIME_LIMIT,267975,0,0,29,0
4,12,3.289603e6,-3.9274486446962396,-3.579018199383989,TIME_LIMIT,268017,0,0,34,0
4,12,3.290092e6,-3.9274486446962396,-3.579018199383989,TIME_LIMIT,268057,0,0,27,0
4,12,3.290621e6,-3.9274486446962396,-3.579018199383989,TIME_LIMIT,268086,0,0,36,0
4,12,3.291135e6,-3.9274486446962396,-3.579018199383989,TIME_LIMIT,268130,0,0,28,0
4,12,3.291623e6,-3.9274486446962396,-3.579018199383989,TIME_LIMIT,268157,0,0,30,0
4,12,3.292111e6,-3.9274486446962396,-3.579018199383989,TIME_LIMIT,268202,0,0,18,0
4,12,3.2926e6,-3.9274486446962396,-3.579018199383989,TIME_LIMIT,268229,0,0,34,0
4,12,3.293088e6,-3.927439043606503,-3.579018199383989,TIME_LIMIT,268275,0,0,12,0
4,12,3.293553e6,-3.927439043606503,-3.579018199383989,TIME_LIMIT,268311,0,0,33,0
4,12,3.294044e6,-3.9274353323600173,-3.579018199383989,TIME_LIMIT,268354,0,0,32,0
4,12,3.294552e6,-3.9274353323600173,-3.579018199383989,TIME_LIMIT,268379,0,0,33,0
4,12,3.29504e6,-3.9274159976873357,-3.579018199383989,TIME_LIMIT,268427,0,0,25,0
4,12,3.295529e6,-3.9274159976873357,-3.579018199383989,TIME_LIMIT,268460,0,0,29,0
4,12,3.296018e6,-3.9274159976873357,-3.579018199383989,TIME_LIMIT,268497,0,0,30,0
4,12,3.296506e6,-3.9274159976873357,-3.579018199383989,TIME_LIMIT,268528,0,0,18,0
4,12,3.296992e6,-3.9273864892828274,-3.579018199383989,TIME_LIMIT,268575,0,0,19,0
4,12,3.297454e6,-3.9273864892828274,-3.579018199383989,TIME_LIMIT,268609,0,0,38,0
4,12,3.297944e6,-3.9273864892828274,-3.579018199383989,TIME_LIMIT,268651,0,0,30,0
4,12,3.298435e6,-3.9273864892828274,-3.579018199383989,TIME_LIMIT,268674,0,0,34,0
4,12,3.298923e6,-3.9273864892828274,-3.579018199383989,TIME_LIMIT,268722,0,0,30,0
4,12,3.299409e6,-3.9273864892828274,-3.579018199383989,TIME_LIMIT,268754,0,0,29,0
4,12,3.299894e6,-3.9273684483368974,-3.579018199383989,TIME_LIMIT,268801,0,0,25,0
4,12,3.300385e6,-3.9273684483368974,-3.579018199383989,TIME_LIMIT,268833,0,0,17,0
4,12,3.300875e6,-3.927352394082401,-3.579018199383989,TIME_LIMIT,268883,0,0,31,0
4,12,3.30134e6,-3.927352394082401,-3.579018199383989,TIME_LIMIT,268918,0,0,40,0
4,12,3.301829e6,-3.927352394082401,-3.579018199383989,TIME_LIMIT,268971,0,0,32,0
4,12,3.302319e6,-3.927352394082401,-3.579018199383989,TIME_LIMIT,268999,0,0,42,0
4,12,3.302808e6,-3.927352394082401,-3.579018199383989,TIME_LIMIT,269039,0,0,29,0
4,12,3.303297e6,-3.927352394082401,-3.579018199383989,TIME_LIMIT,269058,0,0,38,0
4,12,3.303786e6,-3.927352394082401,-3.579018199383989,TIME_LIMIT,269111,0,0,30,0
4,12,3.304276e6,-3.927352394082401,-3.579018199383989,TIME_LIMIT,269144,0,0,31,0
4,12,3.304764e6,-3.9273325677878326,-3.579018199383989,TIME_LIMIT,269192,0,0,14,0
4,12,3.305229e6,-3.9273325677878326,-3.579018199383989,TIME_LIMIT,269213,0,0,34,0
4,12,3.305718e6,-3.9272745000740494,-3.579018199383989,TIME_LIMIT,269259,0,0,31,0
4,12,3.306209e6,-3.9272745000740494,-3.579018199383989,TIME_LIMIT,269298,0,0,36,0
4,12,3.306698e6,-3.927266114670605,-3.579018199383989,TIME_LIMIT,269349,0,0,35,0
4,12,3.307188e6,-3.927266114670605,-3.579018199383989,TIME_LIMIT,269382,0,0,36,0
4,12,3.307676e6,-3.9272538772751853,-3.579018199383989,TIME_LIMIT,269427,0,0,35,0
4,12,3.308165e6,-3.9272538772751853,-3.579018199383989,TIME_LIMIT,269454,0,0,15,0
4,12,3.308654e6,-3.9272474263276855,-3.579018199383989,TIME_LIMIT,269509,0,0,29,0
4,12,3.309117e6,-3.9272474263276855,-3.579018199383989,TIME_LIMIT,269542,0,0,35,0
4,12,3.309607e6,-3.9272474263276855,-3.579018199383989,TIME_LIMIT,269591,0,0,34,0
4,12,3.310097e6,-3.9272474263276855,-3.579018199383989,TIME_LIMIT,269613,0,0,34,0
4,12,3.310585e6,-3.9272447968782007,-3.579018199383989,TIME_LIMIT,269663,0,0,29,0
4,12,3.311074e6,-3.9272447968782007,-3.579018199383989,TIME_LIMIT,269684,0,0,34,0
4,12,3.311564e6,-3.9272447968782007,-3.579018199383989,TIME_LIMIT,269733,0,0,32,0
4,12,3.312058e6,-3.9272447968782007,-3.579018199383989,TIME_LIMIT,269761,0,0,38,0
4,12,3.312533e6,-3.927204196818696,-3.579018199383989,TIME_LIMIT,269814,0,0,30,0
4,12,3.313022e6,-3.927204196818696,-3.579018199383989,TIME_LIMIT,269859,0,0,33,0
4,12,3.313512e6,-3.927201919362114,-3.579018199383989,TIME_LIMIT,269895,0,0,34,0
4,12,3.314002e6,-3.927201919362114,-3.579018199383989,TIME_LIMIT,269934,0,0,41,0
4,12,3.314491e6,-3.9271962286703475,-3.579018199383989,TIME_LIMIT,269975,0,0,34,0
4,12,3.314981e6,-3.9271962286703475,-3.579018199383989,TIME_LIMIT,269999,0,0,27,0
4,12,3.31547e6,-3.9271788079245984,-3.579018199383989,TIME_LIMIT,270047,0,0,12,0
4,12,3.315959e6,-3.9271788079245984,-3.579018199383989,TIME_LIMIT,270081,0,0,35,0
4,12,3.316422e6,-3.9271788079245984,-3.579018199383989,TIME_LIMIT,270122,0,0,29,0
4,12,3.316912e6,-3.9271788079245984,-3.579018199383989,TIME_LIMIT,270146,0,0,33,0
4,12,3.317401e6,-3.9271788079245984,-3.579018199383989,TIME_LIMIT,270195,0,0,26,0
4,12,3.317889e6,-3.9271788079245984,-3.579018199383989,TIME_LIMIT,270219,0,0,28,0
4,12,3.318379e6,-3.9271788079245984,-3.579018199383989,TIME_LIMIT,270267,0,0,29,0
4,12,3.318868e6,-3.9271788079245984,-3.579018199383989,TIME_LIMIT,270297,0,0,9,0
4,12,3.319355e6,-3.9271788079245984,-3.579018199383989,TIME_LIMIT,270343,0,0,25,0
4,12,3.31987e6,-3.9271788079245984,-3.579018199383989,TIME_LIMIT,270375,0,0,31,0
4,12,3.320358e6,-3.9271693613379166,-3.579018199383989,TIME_LIMIT,270426,0,0,29,0
4,12,3.320847e6,-3.9271693613379166,-3.579018199383989,TIME_LIMIT,270463,0,0,35,0
4,12,3.321336e6,-3.927149992912165,-3.579018199383989,TIME_LIMIT,270514,0,0,31,0
4,12,3.321826e6,-3.927149992912165,-3.579018199383989,TIME_LIMIT,270538,0,0,37,0
4,12,3.322317e6,-3.9271178709086305,-3.579018199383989,TIME_LIMIT,270589,0,0,23,0
4,12,3.322807e6,-3.9271178709086305,-3.579018199383989,TIME_LIMIT,270624,0,0,42,0
4,12,3.323297e6,-3.927114323738704,-3.579018199383989,TIME_LIMIT,270661,0,0,27,0
4,12,3.323763e6,-3.927114323738704,-3.579018199383989,TIME_LIMIT,270692,0,0,59,0
4,12,3.324253e6,-3.927080832098796,-3.579018199383989,TIME_LIMIT,270746,0,0,35,0
4,12,3.324742e6,-3.927080832098796,-3.579018199383989,TIME_LIMIT,270778,0,0,36,0
4,12,3.325232e6,-3.927080832098796,-3.579018199383989,TIME_LIMIT,270833,0,0,33,0
4,12,3.325721e6,-3.927080832098796,-3.579018199383989,TIME_LIMIT,270857,0,0,36,0
4,12,3.326209e6,-3.927080832098796,-3.579018199383989,TIME_LIMIT,270906,0,0,26,0
4,12,3.326703e6,-3.927080832098796,-3.579018199383989,TIME_LIMIT,270947,0,0,37,0
4,12,3.327193e6,-3.927080832098796,-3.579018199383989,TIME_LIMIT,270988,0,0,19,0
4,12,3.327656e6,-3.927080832098796,-3.579018199383989,TIME_LIMIT,271024,0,0,37,0
4,12,3.328145e6,-3.927061452531906,-3.579018199383989,TIME_LIMIT,271063,0,0,33,0
4,12,3.328634e6,-3.927061452531906,-3.579018199383989,TIME_LIMIT,271087,0,0,53,0
4,12,3.329123e6,-3.927061452531906,-3.579018199383989,TIME_LIMIT,271139,0,0,34,0
4,12,3.329611e6,-3.927061452531906,-3.579018199383989,TIME_LIMIT,271170,0,0,20,0
4,12,3.330099e6,-3.927061452531906,-3.579018199383989,TIME_LIMIT,271221,0,0,13,0
4,12,3.330588e6,-3.927061452531906,-3.579018199383989,TIME_LIMIT,271260,0,0,42,0
4,12,3.331053e6,-3.9270074923357816,-3.579018199383989,TIME_LIMIT,271290,0,0,37,0
4,12,3.331542e6,-3.9270074923357816,-3.579018199383989,TIME_LIMIT,271321,0,0,51,0
4,12,3.332031e6,-3.9270074923357816,-3.579018199383989,TIME_LIMIT,271368,0,0,17,0
4,12,3.332521e6,-3.9270074923357816,-3.579018199383989,TIME_LIMIT,271414,0,0,40,0
4,12,3.333011e6,-3.9270074923357816,-3.579018199383989,TIME_LIMIT,271450,0,0,29,0
4,12,3.333499e6,-3.9270074923357816,-3.579018199383989,TIME_LIMIT,271473,0,0,27,0
4,12,3.333988e6,-3.927006614452579,-3.579018199383989,TIME_LIMIT,271524,0,0,32,0
4,12,3.33448e6,-3.927006614452579,-3.579018199383989,TIME_LIMIT,271560,0,0,37,0
4,12,3.334944e6,-3.927006614452579,-3.579018199383989,TIME_LIMIT,271609,0,0,29,0
4,12,3.335434e6,-3.927006614452579,-3.579018199383989,TIME_LIMIT,271630,0,0,32,0
4,12,3.335924e6,-3.927006614452579,-3.579018199383989,TIME_LIMIT,271681,0,0,24,0
4,12,3.336416e6,-3.927006614452579,-3.579018199383989,TIME_LIMIT,271722,0,0,38,0
4,12,3.336906e6,-3.927006614452579,-3.579018199383989,TIME_LIMIT,271773,0,0,29,0
4,12,3.337399e6,-3.927006614452579,-3.579018199383989,TIME_LIMIT,271814,0,0,37,0
4,12,3.33789e6,-3.927006614452579,-3.579018199383989,TIME_LIMIT,271863,0,0,34,0
4,12,3.338381e6,-3.927006614452579,-3.579018199383989,TIME_LIMIT,271894,0,0,38,0
4,12,3.338846e6,-3.927006614452579,-3.579018199383989,TIME_LIMIT,271947,0,0,30,0
4,12,3.339336e6,-3.927006614452579,-3.579018199383989,TIME_LIMIT,271982,0,0,42,0
4,12,3.339827e6,-3.927006614452579,-3.579018199383989,TIME_LIMIT,272031,0,0,14,0
4,12,3.340316e6,-3.927006614452579,-3.579018199383989,TIME_LIMIT,272054,0,0,38,0
4,12,3.340805e6,-3.9269824717736723,-3.579018199383989,TIME_LIMIT,272102,0,0,25,0
4,12,3.341295e6,-3.9269824717736723,-3.579018199383989,TIME_LIMIT,272131,0,0,44,0
4,12,3.341786e6,-3.9269824717736723,-3.579018199383989,TIME_LIMIT,272178,0,0,32,0
4,12,3.342249e6,-3.9269824717736723,-3.579018199383989,TIME_LIMIT,272206,0,0,40,0
4,12,3.342778e6,-3.926969442324887,-3.579018199383989,TIME_LIMIT,272252,0,0,16,0
4,12,3.343269e6,-3.926969442324887,-3.579018199383989,TIME_LIMIT,272288,0,0,38,0
4,12,3.343759e6,-3.926969442324887,-3.579018199383989,TIME_LIMIT,272329,0,0,24,0
4,12,3.344246e6,-3.926969442324887,-3.579018199383989,TIME_LIMIT,272369,0,0,41,0
4,12,3.344736e6,-3.926968920106827,-3.579018199383989,TIME_LIMIT,272421,0,0,42,0
4,12,3.345226e6,-3.926968920106827,-3.579018199383989,TIME_LIMIT,272450,0,0,31,0
4,12,3.345715e6,-3.9269506258754414,-3.579018199383989,TIME_LIMIT,272498,0,0,29,0
4,12,3.346177e6,-3.9269506258754414,-3.579018199383989,TIME_LIMIT,272517,0,0,36,0
4,12,3.346686e6,-3.9269506258754414,-3.579018199383989,TIME_LIMIT,272560,0,0,20,0
4,12,3.347174e6,-3.9269506258754414,-3.579018199383989,TIME_LIMIT,272584,0,0,42,0
4,12,3.347663e6,-3.9269506258754414,-3.579018199383989,TIME_LIMIT,272634,0,0,30,0
4,12,3.348154e6,-3.9269506258754414,-3.579018199383989,TIME_LIMIT,272670,0,0,22,0
4,12,3.348643e6,-3.9269506258754414,-3.579018199383989,TIME_LIMIT,272713,0,0,24,0
4,12,3.349135e6,-3.9269506258754414,-3.579018199383989,TIME_LIMIT,272744,0,0,31,0
4,12,3.349598e6,-3.926922684569718,-3.579018199383989,TIME_LIMIT,272779,0,0,31,0
4,12,3.350089e6,-3.926922684569718,-3.579018199383989,TIME_LIMIT,272813,0,0,39,0
4,12,3.35058e6,-3.926922684569718,-3.579018199383989,TIME_LIMIT,272855,0,0,30,0
4,12,3.35107e6,-3.926922684569718,-3.579018199383989,TIME_LIMIT,272886,0,0,16,0
4,12,3.351559e6,-3.926922684569718,-3.579018199383989,TIME_LIMIT,272929,0,0,24,0
4,12,3.35205e6,-3.926922684569718,-3.579018199383989,TIME_LIMIT,272963,0,0,34,0
4,12,3.35254e6,-3.9269102084443004,-3.579018199383989,TIME_LIMIT,273009,0,0,26,0
4,12,3.353004e6,-3.9269102084443004,-3.579018199383989,TIME_LIMIT,273042,0,0,39,0
4,12,3.353494e6,-3.9269102084443004,-3.579018199383989,TIME_LIMIT,273088,0,0,31,0
4,12,3.353984e6,-3.9269102084443004,-3.579018199383989,TIME_LIMIT,273109,0,0,35,0
4,12,3.354475e6,-3.9269102084443004,-3.579018199383989,TIME_LIMIT,273163,0,0,27,0
4,12,3.354963e6,-3.9269102084443004,-3.579018199383989,TIME_LIMIT,273189,0,0,19,0
4,12,3.355453e6,-3.9268976433779788,-3.579018199383989,TIME_LIMIT,273240,0,0,31,0
4,12,3.355942e6,-3.9268976433779788,-3.579018199383989,TIME_LIMIT,273274,0,0,40,0
4,12,3.356431e6,-3.9268656979724343,-3.579018199383989,TIME_LIMIT,273321,0,0,31,0
4,12,3.356896e6,-3.9268656979724343,-3.579018199383989,TIME_LIMIT,273358,0,0,38,0
4,12,3.357386e6,-3.9268656979724343,-3.579018199383989,TIME_LIMIT,273410,0,0,33,0
4,12,3.357876e6,-3.9268656979724343,-3.579018199383989,TIME_LIMIT,273431,0,0,36,0
4,12,3.358365e6,-3.9268656979724343,-3.579018199383989,TIME_LIMIT,273474,0,0,30,0
4,12,3.358854e6,-3.9268656979724343,-3.579018199383989,TIME_LIMIT,273499,0,0,41,0
4,12,3.359344e6,-3.9268656979724343,-3.579018199383989,TIME_LIMIT,273546,0,0,27,0
4,12,3.359834e6,-3.9268656979724343,-3.579018199383989,TIME_LIMIT,273575,0,0,36,0
4,12,3.360298e6,-3.9268656979724343,-3.579018199383989,TIME_LIMIT,273621,0,0,29,0
4,12,3.360787e6,-3.9268656979724343,-3.579018199383989,TIME_LIMIT,273656,0,0,34,0
4,12,3.361277e6,-3.926844583843579,-3.579018199383989,TIME_LIMIT,273710,0,0,11,0
4,12,3.361766e6,-3.926844583843579,-3.579018199383989,TIME_LIMIT,273746,0,0,32,0
4,12,3.362256e6,-3.926844583843579,-3.579018199383989,TIME_LIMIT,273785,0,0,27,0
4,12,3.362746e6,-3.926844583843579,-3.579018199383989,TIME_LIMIT,273809,0,0,33,0
4,12,3.363235e6,-3.926827127718936,-3.579018199383989,TIME_LIMIT,273855,0,0,29,0
4,12,3.363725e6,-3.926827127718936,-3.579018199383989,TIME_LIMIT,273887,0,0,28,0
4,12,3.364191e6,-3.926827127718936,-3.579018199383989,TIME_LIMIT,273930,0,0,26,0
4,12,3.364681e6,-3.926827127718936,-3.579018199383989,TIME_LIMIT,273968,0,0,27,0
4,12,3.36517e6,-3.926827127718936,-3.579018199383989,TIME_LIMIT,274015,0,0,23,0
4,12,3.36566e6,-3.926827127718936,-3.579018199383989,TIME_LIMIT,274050,0,0,31,0
4,12,3.366148e6,-3.9268146763963627,-3.579018199383989,TIME_LIMIT,274091,0,0,24,0
4,12,3.366638e6,-3.9268146763963627,-3.579018199383989,TIME_LIMIT,274108,0,0,34,0
4,12,3.367129e6,-3.9268146763963627,-3.579018199383989,TIME_LIMIT,274162,0,0,31,0
4,12,3.367595e6,-3.9268146763963627,-3.579018199383989,TIME_LIMIT,274188,0,0,36,0
4,12,3.368084e6,-3.9267268899934598,-3.579018199383989,TIME_LIMIT,274239,0,0,27,0
4,12,3.368573e6,-3.9267268899934598,-3.579018199383989,TIME_LIMIT,274272,0,0,34,0
4,12,3.369063e6,-3.9267268899934598,-3.579018199383989,TIME_LIMIT,274323,0,0,28,0
4,12,3.369549e6,-3.9267268899934598,-3.579018199383989,TIME_LIMIT,274349,0,0,35,0
4,12,3.370039e6,-3.9267258194461663,-3.579018199383989,TIME_LIMIT,274401,0,0,22,0
4,12,3.370529e6,-3.9267258194461663,-3.579018199383989,TIME_LIMIT,274437,0,0,38,0
4,12,3.370995e6,-3.926720423290992,-3.579018199383989,TIME_LIMIT,274476,0,0,28,0
4,12,3.371485e6,-3.926720423290992,-3.579018199383989,TIME_LIMIT,274510,0,0,43,0
4,12,3.371975e6,-3.926709971601334,-3.579018199383989,TIME_LIMIT,274560,0,0,29,0
4,12,3.372464e6,-3.926709971601334,-3.579018199383989,TIME_LIMIT,274586,0,0,35,0
4,12,3.372954e6,-3.926709971601334,-3.579018199383989,TIME_LIMIT,274630,0,0,30,0
4,12,3.373443e6,-3.926709971601334,-3.579018199383989,TIME_LIMIT,274656,0,0,23,0
4,12,3.37393e6,-3.926682513477563,-3.579018199383989,TIME_LIMIT,274704,0,0,30,0
4,12,3.374423e6,-3.926682513477563,-3.579018199383989,TIME_LIMIT,274740,0,0,22,0
4,12,3.374889e6,-3.9266790368645226,-3.579018199383989,TIME_LIMIT,274792,0,0,21,0
4,12,3.375379e6,-3.9266790368645226,-3.579018199383989,TIME_LIMIT,274827,0,0,43,0
4,12,3.375869e6,-3.9266790368645226,-3.579018199383989,TIME_LIMIT,274874,0,0,27,0
4,12,3.376359e6,-3.9266790368645226,-3.579018199383989,TIME_LIMIT,274905,0,0,41,0
4,12,3.376848e6,-3.926655391091603,-3.579018199383989,TIME_LIMIT,274953,0,0,27,0
4,12,3.377337e6,-3.926655391091603,-3.579018199383989,TIME_LIMIT,274985,0,0,34,0
4,12,3.377825e6,-3.926642297557914,-3.579018199383989,TIME_LIMIT,275022,0,0,33,0
4,12,3.378289e6,-3.926642297557914,-3.579018199383989,TIME_LIMIT,275054,0,0,38,0
4,12,3.378782e6,-3.926642297557914,-3.579018199383989,TIME_LIMIT,275102,0,0,29,0
4,12,3.37927e6,-3.926642297557914,-3.579018199383989,TIME_LIMIT,275126,0,0,39,0
4,12,3.379759e6,-3.9265674692918044,-3.579018199383989,TIME_LIMIT,275173,0,0,28,0
4,12,3.380247e6,-3.9265674692918044,-3.579018199383989,TIME_LIMIT,275206,0,0,33,0
4,12,3.380737e6,-3.9265368634176254,-3.579018199383989,TIME_LIMIT,275254,0,0,31,0
4,12,3.381228e6,-3.9265368634176254,-3.579018199383989,TIME_LIMIT,275281,0,0,36,0
4,12,3.381692e6,-3.9265354677702176,-3.579018199383989,TIME_LIMIT,275332,0,0,33,0
4,12,3.382181e6,-3.9265354677702176,-3.579018199383989,TIME_LIMIT,275355,0,0,27,0
4,12,3.382672e6,-3.92653233252615,-3.579018199383989,TIME_LIMIT,275401,0,0,31,0
4,12,3.383162e6,-3.92653233252615,-3.579018199383989,TIME_LIMIT,275427,0,0,43,0
4,12,3.38365e6,-3.926528370443488,-3.579018199383989,TIME_LIMIT,275481,0,0,30,0
4,12,3.384139e6,-3.926528370443488,-3.579018199383989,TIME_LIMIT,275507,0,0,34,0
4,12,3.38463e6,-3.926528370443488,-3.579018199383989,TIME_LIMIT,275562,0,0,29,0
4,12,3.385095e6,-3.926528370443488,-3.579018199383989,TIME_LIMIT,275591,0,0,36,0
4,12,3.385584e6,-3.926528370443488,-3.579018199383989,TIME_LIMIT,275640,0,0,28,0
4,12,3.386074e6,-3.926528370443488,-3.579018199383989,TIME_LIMIT,275671,0,0,37,0
4,12,3.386561e6,-3.926519385096954,-3.579018199383989,TIME_LIMIT,275714,0,0,24,0
4,12,3.387049e6,-3.926519385096954,-3.579018199383989,TIME_LIMIT,275739,0,0,34,0
4,12,3.387538e6,-3.9265091335337154,-3.579018199383989,TIME_LIMIT,275791,0,0,31,0
4,12,3.388028e6,-3.9265091335337154,-3.579018199383989,TIME_LIMIT,275828,0,0,37,0
4,12,3.388517e6,-3.9265091335337154,-3.579018199383989,TIME_LIMIT,275876,0,0,27,0
4,12,3.388981e6,-3.9265091335337154,-3.579018199383989,TIME_LIMIT,275911,0,0,16,0
4,12,3.389471e6,-3.9265041974373696,-3.579018199383989,TIME_LIMIT,275956,0,0,29,0
4,12,3.389962e6,-3.9265041974373696,-3.579018199383989,TIME_LIMIT,275994,0,0,34,0
4,12,3.390452e6,-3.9265041974373696,-3.579018199383989,TIME_LIMIT,276036,0,0,31,0
4,12,3.390941e6,-3.9265041974373696,-3.579018199383989,TIME_LIMIT,276061,0,0,37,0
4,12,3.391431e6,-3.9265041974373696,-3.579018199383989,TIME_LIMIT,276111,0,0,27,0
4,12,3.391922e6,-3.9265041974373696,-3.579018199383989,TIME_LIMIT,276144,0,0,40,0
4,12,3.392386e6,-3.9265041974373696,-3.579018199383989,TIME_LIMIT,276195,0,0,26,0
4,12,3.392877e6,-3.9265041974373696,-3.579018199383989,TIME_LIMIT,276230,0,0,38,0
4,12,3.393367e6,-3.9265041974373696,-3.579018199383989,TIME_LIMIT,276277,0,0,27,0
4,12,3.393858e6,-3.9265041974373696,-3.579018199383989,TIME_LIMIT,276300,0,0,41,0
4,12,3.394346e6,-3.9265041974373696,-3.579018199383989,TIME_LIMIT,276348,0,0,32,0
4,12,3.394875e6,-3.9265041974373696,-3.579018199383989,TIME_LIMIT,276388,0,0,37,0
4,12,3.395364e6,-3.9265041974373696,-3.579018199383989,TIME_LIMIT,276430,0,0,29,0
4,12,3.395829e6,-3.9265041974373696,-3.579018199383989,TIME_LIMIT,276461,0,0,29,0
4,12,3.39632e6,-3.9265041974373696,-3.579018199383989,TIME_LIMIT,276513,0,0,27,0
4,12,3.39681e6,-3.9265041974373696,-3.579018199383989,TIME_LIMIT,276538,0,0,29,0
4,12,3.3973e6,-3.9265041974373696,-3.579018199383989,TIME_LIMIT,276590,0,0,31,0
4,12,3.397789e6,-3.9265041974373696,-3.579018199383989,TIME_LIMIT,276618,0,0,37,0
4,12,3.398279e6,-3.9265041974373696,-3.579018199383989,TIME_LIMIT,276667,0,0,32,0
4,12,3.398789e6,-3.9265041974373696,-3.579018199383989,TIME_LIMIT,276702,0,0,25,0
4,12,3.399254e6,-3.9265041974373696,-3.579018199383989,TIME_LIMIT,276751,0,0,26,0
4,12,3.399744e6,-3.9265041974373696,-3.579018199383989,TIME_LIMIT,276779,0,0,37,0
4,12,3.400232e6,-3.9264811567310467,-3.579018199383989,TIME_LIMIT,276827,0,0,28,0
4,12,3.400722e6,-3.9264811567310467,-3.579018199383989,TIME_LIMIT,276864,0,0,32,0
4,12,3.401211e6,-3.9264811567310467,-3.579018199383989,TIME_LIMIT,276907,0,0,31,0
4,12,3.4017e6,-3.9264811567310467,-3.579018199383989,TIME_LIMIT,276932,0,0,32,0
4,12,3.40219e6,-3.926467942145111,-3.579018199383989,TIME_LIMIT,276983,0,0,31,0
4,12,3.402658e6,-3.926467942145111,-3.579018199383989,TIME_LIMIT,277017,0,0,47,0
4,12,3.403149e6,-3.926462117591858,-3.579018199383989,TIME_LIMIT,277067,0,0,17,0
4,12,3.403641e6,-3.926462117591858,-3.579018199383989,TIME_LIMIT,277101,0,0,37,0
4,12,3.40413e6,-3.9264497324111307,-3.579018199383989,TIME_LIMIT,277151,0,0,30,0
4,12,3.404619e6,-3.9264497324111307,-3.579018199383989,TIME_LIMIT,277185,0,0,31,0
4,12,3.405108e6,-3.926448637435446,-3.579018199383989,TIME_LIMIT,277229,0,0,27,0
4,12,3.4056e6,-3.926448637435446,-3.579018199383989,TIME_LIMIT,277254,0,0,47,0
4,12,3.406066e6,-3.926448637435446,-3.579018199383989,TIME_LIMIT,277306,0,0,17,0
4,12,3.406556e6,-3.926448637435446,-3.579018199383989,TIME_LIMIT,277342,0,0,35,0
4,12,3.407046e6,-3.9264218990634356,-3.579018199383989,TIME_LIMIT,277380,0,0,40,0
4,12,3.407536e6,-3.9264218990634356,-3.579018199383989,TIME_LIMIT,277401,0,0,22,0
4,12,3.408025e6,-3.9264166822416193,-3.579018199383989,TIME_LIMIT,277455,0,0,34,0
4,12,3.408514e6,-3.9264166822416193,-3.579018199383989,TIME_LIMIT,277481,0,0,45,0
4,12,3.409004e6,-3.926397360408971,-3.579018199383989,TIME_LIMIT,277534,0,0,28,0
4,12,3.409471e6,-3.926397360408971,-3.579018199383989,TIME_LIMIT,277561,0,0,36,0
4,12,3.40996e6,-3.926395980811272,-3.579018199383989,TIME_LIMIT,277613,0,0,35,0
4,12,3.410451e6,-3.926395980811272,-3.579018199383989,TIME_LIMIT,277635,0,0,38,0
4,12,3.410941e6,-3.9263901313448932,-3.579018199383989,TIME_LIMIT,277691,0,0,31,0
4,12,3.411433e6,-3.9263901313448932,-3.579018199383989,TIME_LIMIT,277720,0,0,18,0
4,12,3.411923e6,-3.9263901313448932,-3.579018199383989,TIME_LIMIT,277767,0,0,17,0
4,12,3.412414e6,-3.9263901313448932,-3.579018199383989,TIME_LIMIT,277802,0,0,32,0
4,12,3.412878e6,-3.9263790296768732,-3.579018199383989,TIME_LIMIT,277839,0,0,37,0
4,12,3.41337e6,-3.9263790296768732,-3.579018199383989,TIME_LIMIT,277866,0,0,36,0
4,12,3.413859e6,-3.9263727460476914,-3.579018199383989,TIME_LIMIT,277916,0,0,30,0
4,12,3.414347e6,-3.9263727460476914,-3.579018199383989,TIME_LIMIT,277940,0,0,31,0
4,12,3.414836e6,-3.9263667984748767,-3.579018199383989,TIME_LIMIT,278000,0,0,36,0
4,12,3.415324e6,-3.9263667984748767,-3.579018199383989,TIME_LIMIT,278026,0,0,28,0
4,12,3.415814e6,-3.9263538453180087,-3.579018199383989,TIME_LIMIT,278069,0,0,32,0
4,12,3.416279e6,-3.9263538453180087,-3.579018199383989,TIME_LIMIT,278107,0,0,37,0
4,12,3.416767e6,-3.9263538453180087,-3.579018199383989,TIME_LIMIT,278149,0,0,29,0
4,12,3.417265e6,-3.9263538453180087,-3.579018199383989,TIME_LIMIT,278172,0,0,29,0
4,12,3.417754e6,-3.9263538453180087,-3.579018199383989,TIME_LIMIT,278220,0,0,19,0
4,12,3.418242e6,-3.9263538453180087,-3.579018199383989,TIME_LIMIT,278245,0,0,32,0
4,12,3.418731e6,-3.9263538453180087,-3.579018199383989,TIME_LIMIT,278292,0,0,29,0
4,12,3.419222e6,-3.9263538453180087,-3.579018199383989,TIME_LIMIT,278331,0,0,31,0
4,12,3.419684e6,-3.9263430865843616,-3.579018199383989,TIME_LIMIT,278369,0,0,30,0
4,12,3.420176e6,-3.9263430865843616,-3.579018199383989,TIME_LIMIT,278408,0,0,25,0
4,12,3.420664e6,-3.926336412025369,-3.579018199383989,TIME_LIMIT,278451,0,0,27,0
4,12,3.421154e6,-3.926336412025369,-3.579018199383989,TIME_LIMIT,278495,0,0,33,0
4,12,3.421644e6,-3.926287109659661,-3.579018199383989,TIME_LIMIT,278535,0,0,43,0
4,12,3.422134e6,-3.926287109659661,-3.579018199383989,TIME_LIMIT,278569,0,0,34,0
4,12,3.422626e6,-3.926275965448032,-3.579018199383989,TIME_LIMIT,278620,0,0,33,0
4,12,3.42309e6,-3.926275965448032,-3.579018199383989,TIME_LIMIT,278651,0,0,33,0
4,12,3.42358e6,-3.926275965448032,-3.579018199383989,TIME_LIMIT,278702,0,0,31,0
4,12,3.42407e6,-3.926275965448032,-3.579018199383989,TIME_LIMIT,278726,0,0,36,0
4,12,3.42456e6,-3.9262500969074394,-3.579018199383989,TIME_LIMIT,278777,0,0,32,0
4,12,3.425051e6,-3.9262500969074394,-3.579018199383989,TIME_LIMIT,278801,0,0,35,0
4,12,3.425541e6,-3.926219569021241,-3.579018199383989,TIME_LIMIT,278847,0,0,27,0
4,12,3.426032e6,-3.926219569021241,-3.579018199383989,TIME_LIMIT,278875,0,0,24,0
4,12,3.426497e6,-3.926204611206294,-3.579018199383989,TIME_LIMIT,278925,0,0,27,0
4,12,3.426985e6,-3.926204611206294,-3.579018199383989,TIME_LIMIT,278952,0,0,26,0
4,12,3.427475e6,-3.926204611206294,-3.579018199383989,TIME_LIMIT,279002,0,0,30,0
4,12,3.427965e6,-3.926204611206294,-3.579018199383989,TIME_LIMIT,279034,0,0,32,0
4,12,3.428454e6,-3.926196851657142,-3.579018199383989,TIME_LIMIT,279080,0,0,25,0
4,12,3.428942e6,-3.926196851657142,-3.579018199383989,TIME_LIMIT,279107,0,0,29,0
4,12,3.429432e6,-3.926196851657142,-3.579018199383989,TIME_LIMIT,279154,0,0,27,0
4,12,3.429897e6,-3.926196851657142,-3.579018199383989,TIME_LIMIT,279190,0,0,32,0
4,12,3.430387e6,-3.926191914394734,-3.579018199383989,TIME_LIMIT,279240,0,0,25,0
4,12,3.430882e6,-3.926191914394734,-3.579018199383989,TIME_LIMIT,279278,0,0,31,0
4,12,3.431371e6,-3.926183652803991,-3.579018199383989,TIME_LIMIT,279322,0,0,30,0
4,12,3.43186e6,-3.926183652803991,-3.579018199383989,TIME_LIMIT,279347,0,0,36,0
4,12,3.432349e6,-3.9261785725040363,-3.579018199383989,TIME_LIMIT,279393,0,0,28,0
4,12,3.43284e6,-3.9261785725040363,-3.579018199383989,TIME_LIMIT,279419,0,0,37,0
4,12,3.433306e6,-3.9261785725040363,-3.579018199383989,TIME_LIMIT,279472,0,0,17,0
4,12,3.433799e6,-3.9261785725040363,-3.579018199383989,TIME_LIMIT,279516,0,0,36,0
4,12,3.43429e6,-3.9261664129593843,-3.579018199383989,TIME_LIMIT,279551,0,0,32,0
4,12,3.434781e6,-3.9261664129593843,-3.579018199383989,TIME_LIMIT,279576,0,0,38,0
4,12,3.435272e6,-3.9261664129593843,-3.579018199383989,TIME_LIMIT,279623,0,0,26,0
4,12,3.435762e6,-3.9261664129593843,-3.579018199383989,TIME_LIMIT,279661,0,0,31,0
4,12,3.436251e6,-3.9261664129593843,-3.579018199383989,TIME_LIMIT,279710,0,0,13,0
4,12,3.436715e6,-3.9261664129593843,-3.579018199383989,TIME_LIMIT,279742,0,0,33,0
4,12,3.437205e6,-3.926163176373163,-3.579018199383989,TIME_LIMIT,279780,0,0,36,0
4,12,3.437698e6,-3.926163176373163,-3.579018199383989,TIME_LIMIT,279816,0,0,41,0
4,12,3.438189e6,-3.926163176373163,-3.579018199383989,TIME_LIMIT,279866,0,0,31,0
4,12,3.438679e6,-3.926163176373163,-3.579018199383989,TIME_LIMIT,279891,0,0,29,0
4,12,3.43917e6,-3.926163176373163,-3.579018199383989,TIME_LIMIT,279944,0,0,34,0
4,12,3.439661e6,-3.926163176373163,-3.579018199383989,TIME_LIMIT,279977,0,0,37,0
4,12,3.440127e6,-3.926159528679889,-3.579018199383989,TIME_LIMIT,280025,0,0,24,0
4,12,3.440616e6,-3.926159528679889,-3.579018199383989,TIME_LIMIT,280052,0,0,30,0
4,12,3.441106e6,-3.926159528679889,-3.579018199383989,TIME_LIMIT,280102,0,0,20,0
4,12,3.441596e6,-3.926159528679889,-3.579018199383989,TIME_LIMIT,280139,0,0,18,0
4,12,3.442085e6,-3.9261422132111483,-3.579018199383989,TIME_LIMIT,280176,0,0,24,0
4,12,3.442574e6,-3.9261422132111483,-3.579018199383989,TIME_LIMIT,280208,0,0,25,0
4,12,3.443066e6,-3.9261422132111483,-3.579018199383989,TIME_LIMIT,280247,0,0,22,0
4,12,3.44353e6,-3.9261422132111483,-3.579018199383989,TIME_LIMIT,280283,0,0,30,0
4,12,3.44402e6,-3.9261422132111483,-3.579018199383989,TIME_LIMIT,280328,0,0,24,0
4,12,3.444509e6,-3.9261422132111483,-3.579018199383989,TIME_LIMIT,280361,0,0,29,0
4,12,3.445e6,-3.9261422132111483,-3.579018199383989,TIME_LIMIT,280407,0,0,24,0
4,12,3.445488e6,-3.9261422132111483,-3.579018199383989,TIME_LIMIT,280436,0,0,9,0
4,12,3.445979e6,-3.9261133427529025,-3.579018199383989,TIME_LIMIT,280484,0,0,31,0
4,12,3.446468e6,-3.9261133427529025,-3.579018199383989,TIME_LIMIT,280513,0,0,35,0
4,12,3.446934e6,-3.9261133427529025,-3.579018199383989,TIME_LIMIT,280566,0,0,29,0
4,12,3.447425e6,-3.9261133427529025,-3.579018199383989,TIME_LIMIT,280599,0,0,34,0
4,12,3.447915e6,-3.926089417640494,-3.579018199383989,TIME_LIMIT,280647,0,0,26,0
4,12,3.448405e6,-3.926089417640494,-3.579018199383989,TIME_LIMIT,280674,0,0,47,0
4,12,3.448895e6,-3.926072721329726,-3.579018199383989,TIME_LIMIT,280729,0,0,31,0
4,12,3.449414e6,-3.926072721329726,-3.579018199383989,TIME_LIMIT,280761,0,0,32,0
4,12,3.44989e6,-3.9260698675142747,-3.579018199383989,TIME_LIMIT,280813,0,0,32,0
4,12,3.45038e6,-3.9260698675142747,-3.579018199383989,TIME_LIMIT,280846,0,0,40,0
4,12,3.450871e6,-3.9260698675142747,-3.579018199383989,TIME_LIMIT,280893,0,0,35,0
4,12,3.451361e6,-3.9260698675142747,-3.579018199383989,TIME_LIMIT,280919,0,0,35,0
4,12,3.451852e6,-3.9260698675142747,-3.579018199383989,TIME_LIMIT,280968,0,0,30,0
4,12,3.452343e6,-3.9260698675142747,-3.579018199383989,TIME_LIMIT,280999,0,0,37,0
4,12,3.452832e6,-3.9260698675142747,-3.579018199383989,TIME_LIMIT,281047,0,0,28,0
4,12,3.453314e6,-3.9260698675142747,-3.579018199383989,TIME_LIMIT,281082,0,0,32,0
4,12,3.453806e6,-3.9260698675142747,-3.579018199383989,TIME_LIMIT,281129,0,0,29,0
4,12,3.454297e6,-3.9260698675142747,-3.579018199383989,TIME_LIMIT,281154,0,0,37,0
4,12,3.454784e6,-3.926043118680077,-3.579018199383989,TIME_LIMIT,281203,0,0,20,0
4,12,3.455272e6,-3.926043118680077,-3.579018199383989,TIME_LIMIT,281232,0,0,41,0
4,12,3.455762e6,-3.92602357046901,-3.579018199383989,TIME_LIMIT,281274,0,0,29,0
4,12,3.456251e6,-3.92602357046901,-3.579018199383989,TIME_LIMIT,281304,0,0,35,0
4,12,3.456716e6,-3.926009075308886,-3.579018199383989,TIME_LIMIT,281351,0,0,31,0
4,12,3.457208e6,-3.926009075308886,-3.579018199383989,TIME_LIMIT,281389,0,0,15,0
4,12,3.457697e6,-3.9260015333595755,-3.579018199383989,TIME_LIMIT,281438,0,0,29,0
4,12,3.458188e6,-3.9260015333595755,-3.579018199383989,TIME_LIMIT,281475,0,0,32,0
4,12,3.458678e6,-3.925997349231841,-3.579018199383989,TIME_LIMIT,281512,0,0,35,0
4,12,3.459168e6,-3.925997349231841,-3.579018199383989,TIME_LIMIT,281536,0,0,39,0
4,12,3.459659e6,-3.925997349231841,-3.579018199383989,TIME_LIMIT,281582,0,0,29,0
4,12,3.460124e6,-3.925997349231841,-3.579018199383989,TIME_LIMIT,281623,0,0,36,0
4,12,3.460615e6,-3.925972196310846,-3.579018199383989,TIME_LIMIT,281675,0,0,34,0
4,12,3.461104e6,-3.925972196310846,-3.579018199383989,TIME_LIMIT,281705,0,0,39,0
4,12,3.461594e6,-3.9259713623706745,-3.579018199383989,TIME_LIMIT,281764,0,0,37,0
4,12,3.462085e6,-3.9259713623706745,-3.579018199383989,TIME_LIMIT,281794,0,0,34,0
4,12,3.462577e6,-3.9259713623706745,-3.579018199383989,TIME_LIMIT,281843,0,0,30,0
4,12,3.463042e6,-3.9259713623706745,-3.579018199383989,TIME_LIMIT,281882,0,0,39,0
4,12,3.463533e6,-3.9259713623706745,-3.579018199383989,TIME_LIMIT,281933,0,0,29,0
4,12,3.464024e6,-3.9259713623706745,-3.579018199383989,TIME_LIMIT,281964,0,0,40,0
4,12,3.464515e6,-3.925946665249981,-3.579018199383989,TIME_LIMIT,282017,0,0,31,0
4,12,3.465004e6,-3.925946665249981,-3.579018199383989,TIME_LIMIT,282037,0,0,34,0
4,12,3.465493e6,-3.9259411841589156,-3.579018199383989,TIME_LIMIT,282085,0,0,28,0
4,12,3.465984e6,-3.9259411841589156,-3.579018199383989,TIME_LIMIT,282114,0,0,33,0
4,12,3.466449e6,-3.9259299975212802,-3.579018199383989,TIME_LIMIT,282166,0,0,32,0
4,12,3.466941e6,-3.9259299975212802,-3.579018199383989,TIME_LIMIT,282204,0,0,43,0
4,12,3.46743e6,-3.9259299975212802,-3.579018199383989,TIME_LIMIT,282254,0,0,30,0
4,12,3.467931e6,-3.9259299975212802,-3.579018199383989,TIME_LIMIT,282289,0,0,29,0
4,12,3.46842e6,-3.9259234853769094,-3.579018199383989,TIME_LIMIT,282335,0,0,27,0
4,12,3.46891e6,-3.9259234853769094,-3.579018199383989,TIME_LIMIT,282361,0,0,36,0
4,12,3.4694e6,-3.925909149844623,-3.579018199383989,TIME_LIMIT,282415,0,0,34,0
4,12,3.469864e6,-3.925909149844623,-3.579018199383989,TIME_LIMIT,282446,0,0,33,0
4,12,3.470353e6,-3.9258955168120178,-3.579018199383989,TIME_LIMIT,282498,0,0,28,0
4,12,3.470844e6,-3.9258955168120178,-3.579018199383989,TIME_LIMIT,282521,0,0,34,0
4,12,3.471335e6,-3.9258955168120178,-3.579018199383989,TIME_LIMIT,282576,0,0,35,0
4,12,3.471827e6,-3.9258955168120178,-3.579018199383989,TIME_LIMIT,282612,0,0,41,0
4,12,3.472318e6,-3.9258955168120178,-3.579018199383989,TIME_LIMIT,282656,0,0,31,0
4,12,3.472807e6,-3.9258955168120178,-3.579018199383989,TIME_LIMIT,282680,0,0,15,0
4,12,3.473271e6,-3.925876661349311,-3.579018199383989,TIME_LIMIT,282727,0,0,32,0
4,12,3.473762e6,-3.925876661349311,-3.579018199383989,TIME_LIMIT,282763,0,0,38,0
4,12,3.474251e6,-3.925876661349311,-3.579018199383989,TIME_LIMIT,282803,0,0,29,0
4,12,3.474742e6,-3.925876661349311,-3.579018199383989,TIME_LIMIT,282839,0,0,37,0
4,12,3.475232e6,-3.9258753951877443,-3.579018199383989,TIME_LIMIT,282887,0,0,28,0
4,12,3.475726e6,-3.9258753951877443,-3.579018199383989,TIME_LIMIT,282912,0,0,31,0
4,12,3.476192e6,-3.9258432552042053,-3.579018199383989,TIME_LIMIT,282964,0,0,23,0
4,12,3.476682e6,-3.9258432552042053,-3.579018199383989,TIME_LIMIT,282995,0,0,32,0
4,12,3.477173e6,-3.9258432552042053,-3.579018199383989,TIME_LIMIT,283043,0,0,31,0
4,12,3.477662e6,-3.9258432552042053,-3.579018199383989,TIME_LIMIT,283072,0,0,33,0
4,12,3.478152e6,-3.9258432552042053,-3.579018199383989,TIME_LIMIT,283128,0,0,33,0
4,12,3.478641e6,-3.9258432552042053,-3.579018199383989,TIME_LIMIT,283156,0,0,42,0
4,12,3.479131e6,-3.9258432552042053,-3.579018199383989,TIME_LIMIT,283204,0,0,30,0
4,12,3.479596e6,-3.9258432552042053,-3.579018199383989,TIME_LIMIT,283229,0,0,38,0
4,12,3.480084e6,-3.9258432552042053,-3.579018199383989,TIME_LIMIT,283279,0,0,36,0
4,12,3.480571e6,-3.9258432552042053,-3.579018199383989,TIME_LIMIT,283306,0,0,42,0
4,12,3.481059e6,-3.9258432552042053,-3.579018199383989,TIME_LIMIT,283353,0,0,29,0
4,12,3.481548e6,-3.9258432552042053,-3.579018199383989,TIME_LIMIT,283379,0,0,32,0
4,12,3.48204e6,-3.9258432552042053,-3.579018199383989,TIME_LIMIT,283424,0,0,30,0
4,12,3.482531e6,-3.9258432552042053,-3.579018199383989,TIME_LIMIT,283451,0,0,41,0
4,12,3.482996e6,-3.9258432552042053,-3.579018199383989,TIME_LIMIT,283508,0,0,34,0
4,12,3.483491e6,-3.9258432552042053,-3.579018199383989,TIME_LIMIT,283537,0,0,38,0
4,12,3.483984e6,-3.9258398338246336,-3.579018199383989,TIME_LIMIT,283591,0,0,33,0
4,12,3.484475e6,-3.9258398338246336,-3.579018199383989,TIME_LIMIT,283626,0,0,33,0
4,12,3.484965e6,-3.9258378867659256,-3.579018199383989,TIME_LIMIT,283676,0,0,30,0
4,12,3.485455e6,-3.9258378867659256,-3.579018199383989,TIME_LIMIT,283698,0,0,35,0
4,12,3.48592e6,-3.925833776782166,-3.579018199383989,TIME_LIMIT,283748,0,0,27,0
4,12,3.486411e6,-3.925833776782166,-3.579018199383989,TIME_LIMIT,283786,0,0,43,0
4,12,3.486902e6,-3.925824732776723,-3.579018199383989,TIME_LIMIT,283838,0,0,31,0
4,12,3.487393e6,-3.925824732776723,-3.579018199383989,TIME_LIMIT,283867,0,0,27,0
4,12,3.487885e6,-3.925824732776723,-3.579018199383989,TIME_LIMIT,283922,0,0,30,0
4,12,3.488377e6,-3.925824732776723,-3.579018199383989,TIME_LIMIT,283963,0,0,38,0
4,12,3.488867e6,-3.925824732776723,-3.579018199383989,TIME_LIMIT,284012,0,0,33,0
4,12,3.489334e6,-3.925824732776723,-3.579018199383989,TIME_LIMIT,284040,0,0,39,0
4,12,3.489825e6,-3.925818546622565,-3.579018199383989,TIME_LIMIT,284092,0,0,30,0
4,12,3.490315e6,-3.925818546622565,-3.579018199383989,TIME_LIMIT,284115,0,0,23,0
4,12,3.490805e6,-3.9257677239643662,-3.579018199383989,TIME_LIMIT,284161,0,0,25,0
4,12,3.491294e6,-3.9257677239643662,-3.579018199383989,TIME_LIMIT,284198,0,0,37,0
4,12,3.491782e6,-3.9257331379179745,-3.579018199383989,TIME_LIMIT,284235,0,0,40,0
4,12,3.492246e6,-3.9257331379179745,-3.579018199383989,TIME_LIMIT,284273,0,0,39,0
4,12,3.492736e6,-3.9257331379179745,-3.579018199383989,TIME_LIMIT,284307,0,0,24,0
4,12,3.493229e6,-3.9257331379179745,-3.579018199383989,TIME_LIMIT,284335,0,0,43,0
4,12,3.493719e6,-3.9257331379179745,-3.579018199383989,TIME_LIMIT,284387,0,0,27,0
4,12,3.494209e6,-3.9257331379179745,-3.579018199383989,TIME_LIMIT,284421,0,0,22,0
4,12,3.494701e6,-3.925722767762799,-3.579018199383989,TIME_LIMIT,284477,0,0,35,0
4,12,3.495192e6,-3.925722767762799,-3.579018199383989,TIME_LIMIT,284502,0,0,33,0
4,12,3.495658e6,-3.9257180848338242,-3.579018199383989,TIME_LIMIT,284552,0,0,29,0
4,12,3.496149e6,-3.9257180848338242,-3.579018199383989,TIME_LIMIT,284584,0,0,40,0
4,12,3.496641e6,-3.9256849542103254,-3.579018199383989,TIME_LIMIT,284636,0,0,12,0
4,12,3.497131e6,-3.9256849542103254,-3.579018199383989,TIME_LIMIT,284664,0,0,31,0
4,12,3.497621e6,-3.9256632638486866,-3.579018199383989,TIME_LIMIT,284712,0,0,27,0
4,12,3.498116e6,-3.9256632638486866,-3.579018199383989,TIME_LIMIT,284746,0,0,43,0
4,12,3.498615e6,-3.925654208184949,-3.579018199383989,TIME_LIMIT,284799,0,0,29,0
4,12,3.499106e6,-3.925654208184949,-3.579018199383989,TIME_LIMIT,284833,0,0,35,0
4,12,3.499598e6,-3.925654208184949,-3.579018199383989,TIME_LIMIT,284878,0,0,16,0
4,12,3.500089e6,-3.925654208184949,-3.579018199383989,TIME_LIMIT,284924,0,0,28,0
4,12,3.500578e6,-3.9256098747000263,-3.579018199383989,TIME_LIMIT,284965,0,0,28,0
4,12,3.501072e6,-3.9256098747000263,-3.579018199383989,TIME_LIMIT,284989,0,0,18,0
4,12,3.501563e6,-3.9256098747000263,-3.579018199383989,TIME_LIMIT,285041,0,0,35,0
4,12,3.502038e6,-3.9256098747000263,-3.579018199383989,TIME_LIMIT,285074,0,0,32,0
4,12,3.50254e6,-3.9255642219077362,-3.579018199383989,TIME_LIMIT,285110,0,0,31,0
4,12,3.503032e6,-3.9255642219077362,-3.579018199383989,TIME_LIMIT,285140,0,0,43,0
4,12,3.503522e6,-3.9255373996266236,-3.579018199383989,TIME_LIMIT,285187,0,0,22,0
4,12,3.504014e6,-3.9255373996266236,-3.579018199383989,TIME_LIMIT,285223,0,0,33,0
4,12,3.504504e6,-3.9255349657528553,-3.579018199383989,TIME_LIMIT,285263,0,0,34,0
4,12,3.504968e6,-3.9255349657528553,-3.579018199383989,TIME_LIMIT,285297,0,0,30,0
4,12,3.505469e6,-3.9255266749490043,-3.579018199383989,TIME_LIMIT,285337,0,0,27,0
4,12,3.505961e6,-3.9255266749490043,-3.579018199383989,TIME_LIMIT,285360,0,0,35,0
4,12,3.506451e6,-3.9255075009291613,-3.579018199383989,TIME_LIMIT,285411,0,0,32,0
4,12,3.506939e6,-3.9255075009291613,-3.579018199383989,TIME_LIMIT,285437,0,0,31,0
4,12,3.507431e6,-3.925494089147186,-3.579018199383989,TIME_LIMIT,285481,0,0,27,0
4,12,3.507922e6,-3.925494089147186,-3.579018199383989,TIME_LIMIT,285512,0,0,32,0
4,12,3.508388e6,-3.925494089147186,-3.579018199383989,TIME_LIMIT,285561,0,0,28,0
4,12,3.508879e6,-3.925494089147186,-3.579018199383989,TIME_LIMIT,285589,0,0,34,0
4,12,3.509369e6,-3.9254656772263847,-3.579018199383989,TIME_LIMIT,285638,0,0,29,0
4,12,3.509859e6,-3.9254656772263847,-3.579018199383989,TIME_LIMIT,285666,0,0,41,0
4,12,3.510348e6,-3.9254656772263847,-3.579018199383989,TIME_LIMIT,285711,0,0,30,0
4,12,3.510838e6,-3.9254656772263847,-3.579018199383989,TIME_LIMIT,285742,0,0,36,0
4,12,3.511303e6,-3.9254466129196555,-3.579018199383989,TIME_LIMIT,285794,0,0,31,0
4,12,3.511793e6,-3.9254466129196555,-3.579018199383989,TIME_LIMIT,285817,0,0,39,0
4,12,3.512284e6,-3.9254466129196555,-3.579018199383989,TIME_LIMIT,285871,0,0,33,0
4,12,3.512775e6,-3.9254466129196555,-3.579018199383989,TIME_LIMIT,285898,0,0,40,0
4,12,3.513264e6,-3.9254451631949414,-3.579018199383989,TIME_LIMIT,285949,0,0,30,0
4,12,3.513754e6,-3.9254451631949414,-3.579018199383989,TIME_LIMIT,285971,0,0,36,0
4,12,3.514246e6,-3.9254001393029423,-3.579018199383989,TIME_LIMIT,286017,0,0,19,0
4,12,3.51471e6,-3.9254001393029423,-3.579018199383989,TIME_LIMIT,286054,0,0,39,0
4,12,3.515202e6,-3.925399878041578,-3.579018199383989,TIME_LIMIT,286090,0,0,38,0
4,12,3.51569e6,-3.925399878041578,-3.579018199383989,TIME_LIMIT,286114,0,0,11,0
4,12,3.51618e6,-3.925399878041578,-3.579018199383989,TIME_LIMIT,286160,0,0,21,0
4,12,3.516669e6,-3.925399878041578,-3.579018199383989,TIME_LIMIT,286193,0,0,27,0
4,12,3.517159e6,-3.925364536064034,-3.579018199383989,TIME_LIMIT,286241,0,0,19,0
4,12,3.517626e6,-3.925364536064034,-3.579018199383989,TIME_LIMIT,286269,0,0,35,0
4,12,3.518116e6,-3.925364536064034,-3.579018199383989,TIME_LIMIT,286311,0,0,32,0
4,12,3.518604e6,-3.925364536064034,-3.579018199383989,TIME_LIMIT,286338,0,0,34,0
4,12,3.519094e6,-3.9253337775763275,-3.579018199383989,TIME_LIMIT,286390,0,0,30,0
4,12,3.519585e6,-3.9253337775763275,-3.579018199383989,TIME_LIMIT,286432,0,0,37,0
4,12,3.520075e6,-3.9253337775763275,-3.579018199383989,TIME_LIMIT,286474,0,0,29,0
4,12,3.520565e6,-3.9253337775763275,-3.579018199383989,TIME_LIMIT,286509,0,0,35,0
4,12,3.52103e6,-3.9253320798664832,-3.579018199383989,TIME_LIMIT,286555,0,0,32,0
4,12,3.521521e6,-3.9253320798664832,-3.579018199383989,TIME_LIMIT,286592,0,0,42,0
4,12,3.52201e6,-3.9253178941329114,-3.579018199383989,TIME_LIMIT,286627,0,0,35,0
4,12,3.522501e6,-3.9253178941329114,-3.579018199383989,TIME_LIMIT,286658,0,0,45,0
4,12,3.522991e6,-3.9253178941329114,-3.579018199383989,TIME_LIMIT,286705,0,0,32,0
4,12,3.523482e6,-3.9253178941329114,-3.579018199383989,TIME_LIMIT,286736,0,0,44,0
4,12,3.523946e6,-3.9253178941329114,-3.579018199383989,TIME_LIMIT,286787,0,0,17,0
4,12,3.524437e6,-3.9253178941329114,-3.579018199383989,TIME_LIMIT,286817,0,0,23,0
4,12,3.524929e6,-3.9253039829217276,-3.579018199383989,TIME_LIMIT,286854,0,0,33,0
4,12,3.52542e6,-3.9253039829217276,-3.579018199383989,TIME_LIMIT,286882,0,0,30,0
4,12,3.525912e6,-3.9253039829217276,-3.579018199383989,TIME_LIMIT,286930,0,0,26,0
4,12,3.526403e6,-3.9253039829217276,-3.579018199383989,TIME_LIMIT,286964,0,0,32,0
4,12,3.526869e6,-3.9253039829217276,-3.579018199383989,TIME_LIMIT,287012,0,0,24,0
4,12,3.52736e6,-3.9253039829217276,-3.579018199383989,TIME_LIMIT,287043,0,0,38,0
4,12,3.52785e6,-3.9252995987318746,-3.579018199383989,TIME_LIMIT,287095,0,0,9,0
4,12,3.528342e6,-3.9252995987318746,-3.579018199383989,TIME_LIMIT,287120,0,0,37,0
4,12,3.528832e6,-3.9252988503540913,-3.579018199383989,TIME_LIMIT,287165,0,0,29,0
4,12,3.529324e6,-3.9252988503540913,-3.579018199383989,TIME_LIMIT,287188,0,0,33,0
4,12,3.529815e6,-3.9252910133240397,-3.579018199383989,TIME_LIMIT,287238,0,0,30,0
4,12,3.53028e6,-3.9252910133240397,-3.579018199383989,TIME_LIMIT,287266,0,0,18,0
4,12,3.53077e6,-3.925268999091795,-3.579018199383989,TIME_LIMIT,287312,0,0,25,0
4,12,3.53126e6,-3.925268999091795,-3.579018199383989,TIME_LIMIT,287336,0,0,38,0
4,12,3.531751e6,-3.925254379367298,-3.579018199383989,TIME_LIMIT,287392,0,0,20,0
4,12,3.532244e6,-3.925254379367298,-3.579018199383989,TIME_LIMIT,287411,0,0,37,0
4,12,3.532736e6,-3.925245196348217,-3.579018199383989,TIME_LIMIT,287470,0,0,32,0
4,12,3.533203e6,-3.925245196348217,-3.579018199383989,TIME_LIMIT,287500,0,0,38,0
4,12,3.533692e6,-3.9252216187182922,-3.579018199383989,TIME_LIMIT,287554,0,0,31,0
4,12,3.534182e6,-3.9252216187182922,-3.579018199383989,TIME_LIMIT,287586,0,0,32,0
4,12,3.534671e6,-3.9252216187182922,-3.579018199383989,TIME_LIMIT,287626,0,0,35,0
4,12,3.535161e6,-3.9252216187182922,-3.579018199383989,TIME_LIMIT,287660,0,0,46,0
4,12,3.535651e6,-3.9252216187182922,-3.579018199383989,TIME_LIMIT,287713,0,0,23,0
4,12,3.536117e6,-3.9252216187182922,-3.579018199383989,TIME_LIMIT,287739,0,0,42,0
4,12,3.536608e6,-3.9252160452463607,-3.579018199383989,TIME_LIMIT,287786,0,0,30,0
4,12,3.5371e6,-3.9252160452463607,-3.579018199383989,TIME_LIMIT,287811,0,0,41,0
4,12,3.537591e6,-3.9252160452463607,-3.579018199383989,TIME_LIMIT,287860,0,0,11,0
4,12,3.538082e6,-3.9252160452463607,-3.579018199383989,TIME_LIMIT,287905,0,0,38,0
4,12,3.538572e6,-3.9252146191395996,-3.579018199383989,TIME_LIMIT,287941,0,0,25,0
4,12,3.539062e6,-3.9252146191395996,-3.579018199383989,TIME_LIMIT,287977,0,0,45,0
4,12,3.539528e6,-3.9252146191395996,-3.579018199383989,TIME_LIMIT,288025,0,0,36,0
4,12,3.540019e6,-3.9252146191395996,-3.579018199383989,TIME_LIMIT,288051,0,0,29,0
4,12,3.540509e6,-3.9252146191395996,-3.579018199383989,TIME_LIMIT,288098,0,0,28,0
4,12,3.540999e6,-3.9252146191395996,-3.579018199383989,TIME_LIMIT,288139,0,0,44,0
4,12,3.54149e6,-3.9252146191395996,-3.579018199383989,TIME_LIMIT,288184,0,0,30,0
4,12,3.54198e6,-3.9252146191395996,-3.579018199383989,TIME_LIMIT,288209,0,0,30,0
4,12,3.542444e6,-3.9252116845132003,-3.579018199383989,TIME_LIMIT,288267,0,0,18,0
4,12,3.542934e6,-3.9252116845132003,-3.579018199383989,TIME_LIMIT,288294,0,0,37,0
4,12,3.543426e6,-3.9251989891884658,-3.579018199383989,TIME_LIMIT,288340,0,0,31,0
4,12,3.543915e6,-3.9251989891884658,-3.579018199383989,TIME_LIMIT,288362,0,0,37,0
4,12,3.544401e6,-3.925196157286035,-3.579018199383989,TIME_LIMIT,288416,0,0,33,0
4,12,3.544886e6,-3.925196157286035,-3.579018199383989,TIME_LIMIT,288438,0,0,36,0
4,12,3.545353e6,-3.9251814430300875,-3.579018199383989,TIME_LIMIT,288484,0,0,25,0
4,12,3.545845e6,-3.9251814430300875,-3.579018199383989,TIME_LIMIT,288516,0,0,44,0
4,12,3.546336e6,-3.9251814430300875,-3.579018199383989,TIME_LIMIT,288562,0,0,32,0
4,12,3.546827e6,-3.9251814430300875,-3.579018199383989,TIME_LIMIT,288591,0,0,37,0
4,12,3.547357e6,-3.925174943022544,-3.579018199383989,TIME_LIMIT,288643,0,0,30,0
4,12,3.547847e6,-3.925174943022544,-3.579018199383989,TIME_LIMIT,288672,0,0,27,0
4,12,3.548313e6,-3.925174943022544,-3.579018199383989,TIME_LIMIT,288718,0,0,29,0
4,12,3.548803e6,-3.925174943022544,-3.579018199383989,TIME_LIMIT,288747,0,0,26,0
4,12,3.549294e6,-3.9251669233336286,-3.579018199383989,TIME_LIMIT,288796,0,0,26,0
4,12,3.549784e6,-3.9251669233336286,-3.579018199383989,TIME_LIMIT,288830,0,0,27,0
4,12,3.550274e6,-3.925165531324939,-3.579018199383989,TIME_LIMIT,288880,0,0,35,0
4,12,3.550767e6,-3.925165531324939,-3.579018199383989,TIME_LIMIT,288905,0,0,38,0
4,12,3.551271e6,-3.9251572496709493,-3.579018199383989,TIME_LIMIT,288958,0,0,31,0
4,12,3.551731e6,-3.9251572496709493,-3.579018199383989,TIME_LIMIT,288994,0,0,32,0
4,12,3.552219e6,-3.9251505350806664,-3.579018199383989,TIME_LIMIT,289044,0,0,33,0
4,12,3.552705e6,-3.9251505350806664,-3.579018199383989,TIME_LIMIT,289065,0,0,36,0
4,12,3.55319e6,-3.9251316921226587,-3.579018199383989,TIME_LIMIT,289118,0,0,13,0
4,12,3.553681e6,-3.9251316921226587,-3.579018199383989,TIME_LIMIT,289154,0,0,37,0
4,12,3.554172e6,-3.9251129207464213,-3.579018199383989,TIME_LIMIT,289193,0,0,31,0
4,12,3.554637e6,-3.9251129207464213,-3.579018199383989,TIME_LIMIT,289216,0,0,17,0
4,12,3.555128e6,-3.9251129207464213,-3.579018199383989,TIME_LIMIT,289263,0,0,20,0
4,12,3.555617e6,-3.9251129207464213,-3.579018199383989,TIME_LIMIT,289294,0,0,30,0
4,12,3.556106e6,-3.9251129207464213,-3.579018199383989,TIME_LIMIT,289335,0,0,31,0
4,12,3.556596e6,-3.9251129207464213,-3.579018199383989,TIME_LIMIT,289358,0,0,39,0
4,12,3.557085e6,-3.925103204197698,-3.579018199383989,TIME_LIMIT,289407,0,0,30,0
4,12,3.557553e6,-3.925103204197698,-3.579018199383989,TIME_LIMIT,289442,0,0,32,0
4,12,3.558043e6,-3.925103204197698,-3.579018199383989,TIME_LIMIT,289491,0,0,7,0
4,12,3.558533e6,-3.925103204197698,-3.579018199383989,TIME_LIMIT,289522,0,0,38,0
4,12,3.559023e6,-3.925103204197698,-3.579018199383989,TIME_LIMIT,289567,0,0,24,0
4,12,3.559512e6,-3.925103204197698,-3.579018199383989,TIME_LIMIT,289615,0,0,35,0
4,12,3.560003e6,-3.925103204197698,-3.579018199383989,TIME_LIMIT,289645,0,0,40,0
4,12,3.560468e6,-3.925103204197698,-3.579018199383989,TIME_LIMIT,289684,0,0,29,0
4,12,3.56096e6,-3.9250597126650453,-3.579018199383989,TIME_LIMIT,289737,0,0,29,0
4,12,3.561451e6,-3.9250597126650453,-3.579018199383989,TIME_LIMIT,289771,0,0,33,0
4,12,3.56194e6,-3.9250436076551587,-3.579018199383989,TIME_LIMIT,289817,0,0,9,0
4,12,3.562431e6,-3.9250436076551587,-3.579018199383989,TIME_LIMIT,289841,0,0,27,0
4,12,3.562922e6,-3.9250436076551587,-3.579018199383989,TIME_LIMIT,289888,0,0,31,0
4,12,3.563388e6,-3.9250436076551587,-3.579018199383989,TIME_LIMIT,289915,0,0,36,0
4,12,3.563881e6,-3.925026265695834,-3.579018199383989,TIME_LIMIT,289966,0,0,17,0
4,12,3.564372e6,-3.925026265695834,-3.579018199383989,TIME_LIMIT,290002,0,0,38,0
4,12,3.564863e6,-3.925026265695834,-3.579018199383989,TIME_LIMIT,290043,0,0,25,0
4,12,3.565354e6,-3.925026265695834,-3.579018199383989,TIME_LIMIT,290067,0,0,30,0
4,12,3.565846e6,-3.925026265695834,-3.579018199383989,TIME_LIMIT,290120,0,0,27,0
4,12,3.566312e6,-3.925026265695834,-3.579018199383989,TIME_LIMIT,290153,0,0,32,0
4,12,3.566803e6,-3.925026265695834,-3.579018199383989,TIME_LIMIT,290196,0,0,27,0
4,12,3.567293e6,-3.925026265695834,-3.579018199383989,TIME_LIMIT,290222,0,0,23,0
4,12,3.567783e6,-3.925026265695834,-3.579018199383989,TIME_LIMIT,290269,0,0,29,0
4,12,3.568272e6,-3.925026265695834,-3.579018199383989,TIME_LIMIT,290295,0,0,34,0
4,12,3.568763e6,-3.925026265695834,-3.579018199383989,TIME_LIMIT,290344,0,0,33,0
4,12,3.569255e6,-3.925026265695834,-3.579018199383989,TIME_LIMIT,290386,0,0,34,0
4,12,3.56972e6,-3.925014545682422,-3.579018199383989,TIME_LIMIT,290433,0,0,13,0
4,12,3.570212e6,-3.925014545682422,-3.579018199383989,TIME_LIMIT,290462,0,0,38,0
4,12,3.570703e6,-3.925014545682422,-3.579018199383989,TIME_LIMIT,290513,0,0,26,0
4,12,3.571196e6,-3.925014545682422,-3.579018199383989,TIME_LIMIT,290545,0,0,31,0
4,12,3.571686e6,-3.925014545682422,-3.579018199383989,TIME_LIMIT,290587,0,0,31,0
4,12,3.572177e6,-3.925014545682422,-3.579018199383989,TIME_LIMIT,290615,0,0,34,0
4,12,3.572642e6,-3.925014545682422,-3.579018199383989,TIME_LIMIT,290668,0,0,31,0
4,12,3.573133e6,-3.925014545682422,-3.579018199383989,TIME_LIMIT,290694,0,0,38,0
4,12,3.573626e6,-3.9249709742825067,-3.579018199383989,TIME_LIMIT,290743,0,0,34,0
4,12,3.574115e6,-3.9249709742825067,-3.579018199383989,TIME_LIMIT,290765,0,0,31,0
4,12,3.574607e6,-3.924960107557496,-3.579018199383989,TIME_LIMIT,290820,0,0,26,0
4,12,3.575098e6,-3.924960107557496,-3.579018199383989,TIME_LIMIT,290857,0,0,34,0
4,12,3.575563e6,-3.924960107557496,-3.579018199383989,TIME_LIMIT,290898,0,0,26,0
4,12,3.576054e6,-3.924960107557496,-3.579018199383989,TIME_LIMIT,290922,0,0,25,0
4,12,3.576544e6,-3.924960107557496,-3.579018199383989,TIME_LIMIT,290974,0,0,35,0
4,12,3.577036e6,-3.924960107557496,-3.579018199383989,TIME_LIMIT,291008,0,0,40,0
4,12,3.577528e6,-3.9249509040334045,-3.579018199383989,TIME_LIMIT,291053,0,0,27,0
4,12,3.57802e6,-3.9249509040334045,-3.579018199383989,TIME_LIMIT,291082,0,0,45,0
4,12,3.578485e6,-3.9249509040334045,-3.579018199383989,TIME_LIMIT,291134,0,0,17,0
4,12,3.578976e6,-3.9249509040334045,-3.579018199383989,TIME_LIMIT,291168,0,0,23,0
4,12,3.579468e6,-3.9249486540327125,-3.579018199383989,TIME_LIMIT,291205,0,0,31,0
4,12,3.579959e6,-3.9249486540327125,-3.579018199383989,TIME_LIMIT,291234,0,0,32,0
4,12,3.58045e6,-3.9249486540327125,-3.579018199383989,TIME_LIMIT,291275,0,0,26,0
4,12,3.580941e6,-3.9249486540327125,-3.579018199383989,TIME_LIMIT,291304,0,0,29,0
4,12,3.581407e6,-3.9249335755513686,-3.579018199383989,TIME_LIMIT,291357,0,0,20,0
4,12,3.5819e6,-3.9249335755513686,-3.579018199383989,TIME_LIMIT,291390,0,0,50,0
4,12,3.582393e6,-3.9249335755513686,-3.579018199383989,TIME_LIMIT,291446,0,0,19,0
4,12,3.582884e6,-3.9249335755513686,-3.579018199383989,TIME_LIMIT,291479,0,0,35,0
4,12,3.583375e6,-3.9248724176800875,-3.579018199383989,TIME_LIMIT,291521,0,0,35,0
4,12,3.583865e6,-3.9248724176800875,-3.579018199383989,TIME_LIMIT,291554,0,0,37,0
4,12,3.58433e6,-3.9248724176800875,-3.579018199383989,TIME_LIMIT,291584,0,0,21,0
4,12,3.584823e6,-3.9248724176800875,-3.579018199383989,TIME_LIMIT,291619,0,0,39,0
4,12,3.585315e6,-3.9248724176800875,-3.579018199383989,TIME_LIMIT,291669,0,0,21,0
4,12,3.585804e6,-3.9248724176800875,-3.579018199383989,TIME_LIMIT,291702,0,0,31,0
4,12,3.586295e6,-3.9248724176800875,-3.579018199383989,TIME_LIMIT,291741,0,0,30,0
4,12,3.586787e6,-3.9248724176800875,-3.579018199383989,TIME_LIMIT,291771,0,0,39,0
4,12,3.587252e6,-3.9248547343723903,-3.579018199383989,TIME_LIMIT,291815,0,0,27,0
4,12,3.587743e6,-3.9248547343723903,-3.579018199383989,TIME_LIMIT,291835,0,0,40,0
4,12,3.588242e6,-3.9248547343723903,-3.579018199383989,TIME_LIMIT,291886,0,0,34,0
4,12,3.588733e6,-3.9248547343723903,-3.579018199383989,TIME_LIMIT,291913,0,0,32,0
4,12,3.589222e6,-3.924846245752355,-3.579018199383989,TIME_LIMIT,291963,0,0,31,0
4,12,3.589714e6,-3.924846245752355,-3.579018199383989,TIME_LIMIT,291991,0,0,36,0
4,12,3.59018e6,-3.9248447315680295,-3.579018199383989,TIME_LIMIT,292036,0,0,28,0
4,12,3.59067e6,-3.9248447315680295,-3.579018199383989,TIME_LIMIT,292080,0,0,32,0
4,12,3.591163e6,-3.9248210667068855,-3.579018199383989,TIME_LIMIT,292118,0,0,36,0
4,12,3.591655e6,-3.9248210667068855,-3.579018199383989,TIME_LIMIT,292144,0,0,20,0
4,12,3.592146e6,-3.9248054996935124,-3.579018199383989,TIME_LIMIT,292205,0,0,36,0
4,12,3.592638e6,-3.9248054996935124,-3.579018199383989,TIME_LIMIT,292242,0,0,36,0
4,12,3.593103e6,-3.9248054996935124,-3.579018199383989,TIME_LIMIT,292282,0,0,27,0
4,12,3.593595e6,-3.9248054996935124,-3.579018199383989,TIME_LIMIT,292305,0,0,21,0
4,12,3.594087e6,-3.9248054996935124,-3.579018199383989,TIME_LIMIT,292354,0,0,38,0
4,12,3.594577e6,-3.9248054996935124,-3.579018199383989,TIME_LIMIT,292383,0,0,29,0
4,12,3.595067e6,-3.9248054996935124,-3.579018199383989,TIME_LIMIT,292433,0,0,15,0
4,12,3.595557e6,-3.9248054996935124,-3.579018199383989,TIME_LIMIT,292463,0,0,29,0
4,12,3.59606e6,-3.9247727343827985,-3.579018199383989,TIME_LIMIT,292497,0,0,33,0
4,12,3.596552e6,-3.9247727343827985,-3.579018199383989,TIME_LIMIT,292536,0,0,36,0
4,12,3.597043e6,-3.92476869063696,-3.579018199383989,TIME_LIMIT,292579,0,0,28,0
4,12,3.597534e6,-3.92476869063696,-3.579018199383989,TIME_LIMIT,292600,0,0,10,0
4,12,3.598024e6,-3.9247190071304,-3.579018199383989,TIME_LIMIT,292650,0,0,33,0
4,12,3.598515e6,-3.9247190071304,-3.579018199383989,TIME_LIMIT,292681,0,0,33,0
4,12,3.598981e6,-3.9247020949038918,-3.579018199383989,TIME_LIMIT,292728,0,0,20,0
4,12,3.599472e6,-3.9247020949038918,-3.579018199383989,TIME_LIMIT,292760,0,0,46,0
4,12,3.599986e6,-3.9246733681955313,-3.579018199383989,TIME_LIMIT,292811,0,0,34,0
4,12,3.600003e6,-3.9246733681955313,-3.579018199383989,TIME_LIMIT,292819,0,0,32,0
